date,pair,mark_pnl,target_notional,fold_id
2015-01-05,BSX-CTSH,0.0,250000.0,0
2015-01-05,KDP-UNP,0.0,250000.0,0
2015-01-06,BSX-CTSH,-3573.8789863586426,250000.0,0
2015-01-06,EXPE-IQV,0.0,250000.0,0
2015-01-06,GPC-PNW,0.0,250000.0,0
2015-01-06,BR-ROP,0.0,250000.0,0
2015-01-07,BSX-CTSH,-4362.920333862305,250000.0,0
2015-01-07,EXPE-IQV,3066.0033416748047,250000.0,0
2015-01-07,GPC-PNW,-2142.2102127075195,250000.0,0
2015-01-07,BR-ROP,-509.3909378051758,250000.0,0
2015-01-07,CB-SYY,0.0,250000.0,0
2015-01-08,BSX-CTSH,-13362.92823600769,250000.0,0
2015-01-08,GPC-PNW,-2060.2001037597656,250000.0,0
2015-01-08,BR-ROP,-1663.6336975097656,250000.0,0
2015-01-08,CB-SYY,-1508.6891193389893,250000.0,0
2015-01-09,BSX-CTSH,-13810.354753494263,250000.0,0
2015-01-09,GPC-PNW,-2792.425319671631,250000.0,0
2015-01-09,BR-ROP,-3149.0304985046387,250000.0,0
2015-01-12,BSX-CTSH,-11807.654253005981,250000.0,0
2015-01-12,BR-ROP,-6698.372882843018,250000.0,0
2015-01-13,BSX-CTSH,-9682.696279525757,250000.0,0
2015-01-13,BR-ROP,-7680.188678741455,250000.0,0
2015-01-14,BSX-CTSH,-8440.921606063843,250000.0,0
2015-01-14,BR-ROP,-7384.4987869262695,250000.0,0
2015-01-15,BSX-CTSH,-6116.607929229736,250000.0,0
2015-01-16,BSX-CTSH,-4369.333923339844,250000.0,0
2015-01-20,BSX-CTSH,1758.3738346099854,250000.0,0
2015-01-22,STZ-ULTA,0.0,250000.0,0
2015-01-23,STZ-ULTA,-6153.5253829956055,250000.0,0
2015-01-26,STZ-ULTA,-6265.249893188477,250000.0,0
2015-01-27,STZ-ULTA,-6309.953720092773,250000.0,0
2015-01-28,STZ-ULTA,-3733.649513244629,250000.0,0
2015-01-29,STZ-ULTA,-3029.1124954223633,250000.0,0
2015-01-30,STZ-ULTA,70.4735107421875,250000.0,0
2015-02-02,STZ-ULTA,2900.357666015625,250000.0,0
2015-02-03,STZ-ULTA,-2524.155647277832,250000.0,0
2015-02-04,STZ-ULTA,1818.5736083984375,250000.0,0
2015-02-05,STZ-ULTA,570.5869903564453,250000.0,0
2015-02-06,STZ-ULTA,426.12877655029297,250000.0,0
2015-02-23,STZ-UNH,0.0,250000.0,0
2015-02-24,STZ-UNH,3254.9935302734375,250000.0,0
2015-02-25,STZ-UNH,3796.269500732422,250000.0,0
2015-02-26,STZ-UNH,7163.2388916015625,250000.0,0
2015-02-27,STZ-UNH,5592.651641845703,250000.0,0
2015-03-02,STZ-UNH,5882.927215576172,250000.0,0
2015-03-03,ARE-STE,0.0,250000.0,0
2015-03-04,ARE-STE,-99.48594665527344,250000.0,0
2015-03-05,ARE-STE,3013.189384460449,250000.0,0
2015-03-06,ARE-STE,2511.5922775268555,250000.0,0
2015-03-25,BSX-CTSH,0.0,250000.0,0
2015-02-24,AMT-CHRW,0.0,250000.0,1
2015-02-25,FIS-MTD,0.0,250000.0,1
2015-02-26,FIS-MTD,2321.954605102539,250000.0,1
2015-02-27,FIS-MTD,418.8775329589844,250000.0,1
2015-03-02,FIS-MTD,484.45086669921875,250000.0,1
2015-03-03,FIS-MTD,-301.56658935546875,250000.0,1
2015-03-04,FIS-MTD,-1057.277099609375,250000.0,1
2015-03-05,FIS-MTD,-594.1479034423828,250000.0,1
2015-03-06,FIS-MTD,-3260.8382263183594,250000.0,1
2015-03-09,FIS-MTD,-631.6143798828125,250000.0,1
2015-03-10,FIS-MTD,-3719.149444580078,250000.0,1
2015-03-16,AMT-CHRW,0.0,250000.0,1
2015-03-18,DIS-NDAQ,0.0,250000.0,1
2015-03-26,SNA-ZTS,0.0,250000.0,1
2015-03-26,CNP-TRGP,0.0,250000.0,1
2015-03-27,SNA-ZTS,-1926.4367294311523,250000.0,1
2015-03-27,CNP-TRGP,1453.990333557129,250000.0,1
2015-03-30,SNA-ZTS,-1264.7455444335938,250000.0,1
2015-03-30,CNP-TRGP,-4205.39933013916,250000.0,1
2015-03-31,CNP-TRGP,-3519.4286575317383,250000.0,1
2015-04-01,CNP-TRGP,3537.7316818237305,250000.0,1
2015-04-01,APD-FDS,0.0,250000.0,1
2015-04-02,CNP-TRGP,3106.927921295166,250000.0,1
2015-04-02,APD-FDS,2218.8684997558594,250000.0,1
2015-04-10,FIS-MTD,0.0,250000.0,1
2015-04-13,FIS-MTD,-13.586112976074219,250000.0,1
2015-04-14,FIS-MTD,1227.8044929504395,250000.0,1
2015-04-15,FIS-MTD,-891.0994644165039,250000.0,1
2015-04-16,FIS-MTD,-637.0688095092773,250000.0,1
2015-04-17,FIS-MTD,792.7524719238281,250000.0,1
2015-04-20,FIS-MTD,820.6849594116211,250000.0,1
2015-04-21,FIS-MTD,1100.1431350708008,250000.0,1
2015-04-22,FIS-MTD,1233.5773429870605,250000.0,1
2015-04-23,FIS-MTD,1831.5933799743652,250000.0,1
2015-04-24,FIS-MTD,2237.255054473877,250000.0,1
2015-04-27,FIS-MTD,3443.281448364258,250000.0,1
2015-04-28,FIS-MTD,2522.933910369873,250000.0,1
2015-04-29,FIS-MTD,3501.083106994629,250000.0,1
2015-04-30,FIS-MTD,664.4541816711426,250000.0,1
2015-03-06,GL-IEX,0.0,250000.0,2
2015-03-09,GL-IEX,-127.34490966796875,250000.0,2
2015-03-10,GL-IEX,-458.4390106201172,250000.0,2
2015-03-10,PPL-SYY,0.0,250000.0,2
2015-03-11,GL-IEX,1011.8848571777344,250000.0,2
2015-03-11,PPL-SYY,203.91738510131836,250000.0,2
2015-03-12,GL-IEX,467.04949951171875,250000.0,2
2015-03-12,PPL-SYY,1631.5891551971436,250000.0,2
2015-03-13,GL-IEX,-1095.4391784667969,250000.0,2
2015-03-13,PPL-SYY,389.3063430786133,250000.0,2
2015-03-16,GL-IEX,-2840.685791015625,250000.0,2
2015-03-16,PPL-SYY,149.583984375,250000.0,2
2015-03-17,GL-IEX,-3832.4555053710938,250000.0,2
2015-03-17,PPL-SYY,-932.6445636749268,250000.0,2
2015-03-18,GL-IEX,-1266.5282135009766,250000.0,2
2015-03-19,GL-IEX,-1768.2658996582031,250000.0,2
2015-03-20,GL-IEX,-5450.947311401367,250000.0,2
2015-03-25,PHM-PKG,0.0,250000.0,2
2015-03-26,PHM-PKG,2696.6829776763916,250000.0,2
2015-03-27,PHM-PKG,756.37815284729,250000.0,2
2015-03-30,PHM-PKG,1349.8512229919434,250000.0,2
2015-03-31,PHM-PKG,629.2779159545898,250000.0,2
2015-04-01,PHM-PKG,-4343.58896446228,250000.0,2
2015-04-02,PHM-PKG,-8930.46505355835,250000.0,2
2015-04-06,PHM-PKG,-5466.202854156494,250000.0,2
2015-04-07,PHM-PKG,-4373.427072525024,250000.0,2
2015-04-08,PHM-PKG,-517.1858406066895,250000.0,2
2015-04-09,PHM-PKG,377.49327278137207,250000.0,2
2015-04-09,AMT-GEN,0.0,250000.0,2
2015-04-10,PHM-PKG,1841.5440635681152,250000.0,2
2015-04-13,PHM-PKG,1639.8707885742188,250000.0,2
2015-04-28,ACN-AZO,0.0,250000.0,2
2015-04-29,ACN-AZO,-1050.5168075561523,250000.0,2
2015-04-30,ACN-AZO,-933.9429244995117,250000.0,2
2015-05-01,ACN-AZO,-1131.378059387207,250000.0,2
2015-05-04,ACN-AZO,-3063.997573852539,250000.0,2
2015-05-05,ACN-AZO,-4463.331748962402,250000.0,2
2015-05-06,ACN-AZO,-1347.4954528808594,250000.0,2
2015-05-14,BRO-META,0.0,250000.0,2
2015-05-15,BRO-META,2830.9180612564087,250000.0,2
2015-05-15,CPAY-MCO,0.0,250000.0,2
2015-05-18,BRO-META,4130.290985107422,250000.0,2
2015-05-18,CPAY-MCO,483.35255432128906,250000.0,2
2015-05-19,CPAY-MCO,-2520.922592163086,250000.0,2
2015-05-21,CVS-SHW,0.0,250000.0,2
2015-05-22,CVS-SHW,-1444.8370819091797,250000.0,2
2015-05-22,BNY-EXPE,0.0,250000.0,2
2015-05-26,CVS-SHW,1104.8735046386719,250000.0,2
2015-05-26,BNY-EXPE,4762.03946685791,250000.0,2
2015-05-27,CVS-SHW,2498.432144165039,250000.0,2
2015-05-27,BNY-EXPE,6932.353351593018,250000.0,2
2015-05-28,CVS-SHW,3345.9328842163086,250000.0,2
2015-05-29,CVS-SHW,3795.6443252563477,250000.0,2
2015-04-06,UAL-WELL,0.0,250000.0,3
2015-04-07,UAL-WELL,3119.4112243652344,250000.0,3
2015-04-08,UAL-WELL,4584.351631164551,250000.0,3
2015-04-30,UAL-WELL,0.0,250000.0,3
2015-05-01,UAL-WELL,-1293.3563270568848,250000.0,3
2015-05-04,UAL-WELL,-1129.805866241455,250000.0,3
2015-05-05,UAL-WELL,-2088.7812309265137,250000.0,3
2015-05-06,UAL-WELL,-3884.9702529907227,250000.0,3
2015-05-07,UAL-WELL,-5470.168926239014,250000.0,3
2015-05-08,UAL-WELL,-47.8140869140625,250000.0,3
2015-05-11,UAL-WELL,-5687.428604125977,250000.0,3
2015-05-12,UAL-WELL,-3623.9359970092773,250000.0,3
2015-05-13,UAL-WELL,-5766.634117126465,250000.0,3
2015-05-14,UAL-WELL,-2710.5210609436035,250000.0,3
2015-05-14,IBKR-UNH,0.0,250000.0,3
2015-05-15,UAL-WELL,1906.052333831787,250000.0,3
2015-05-15,IBKR-UNH,-1832.4616470336914,250000.0,3
2015-05-18,IBKR-UNH,1782.6098442077637,250000.0,3
2015-05-19,IBKR-UNH,-380.64827728271484,250000.0,3
2015-05-20,IBKR-UNH,-3144.722236633301,250000.0,3
2015-05-20,UAL-WELL,0.0,250000.0,3
2015-05-21,IBKR-UNH,-1015.1638412475586,250000.0,3
2015-05-21,UAL-WELL,258.11892318725586,250000.0,3
2015-05-22,IBKR-UNH,1837.5425491333008,250000.0,3
2015-05-22,UAL-WELL,625.2855453491211,250000.0,3
2015-05-26,UAL-WELL,-2258.731330871582,250000.0,3
2015-05-26,CL-PHM,0.0,250000.0,3
2015-05-27,UAL-WELL,-261.08724212646484,250000.0,3
2015-05-28,UAL-WELL,293.74177169799805,250000.0,3
2015-05-29,UAL-WELL,4684.907363891602,250000.0,3
2015-06-01,UAL-WELL,5364.169189453125,250000.0,3
2015-06-02,UAL-WELL,6709.449905395508,250000.0,3
2015-06-02,FISV-UNH,0.0,250000.0,3
2015-06-02,IBKR-UNH,0.0,250000.0,3
2015-06-03,FISV-UNH,-1662.4495811462402,250000.0,3
2015-06-03,IBKR-UNH,-145.98117542266846,250000.0,3
2015-06-03,PSX-SO,0.0,250000.0,3
2015-06-04,FISV-UNH,-1463.8610153198242,250000.0,3
2015-06-04,IBKR-UNH,-6675.117666244507,250000.0,3
2015-06-04,PSX-SO,-2109.737102508545,250000.0,3
2015-06-05,FISV-UNH,-1783.0689697265625,250000.0,3
2015-06-05,PSX-SO,-3334.745611190796,250000.0,3
2015-06-08,FISV-UNH,1056.2767333984375,250000.0,3
2015-06-12,TRV-ZBH,0.0,250000.0,3
2015-06-15,TRV-ZBH,-195.34124755859375,250000.0,3
2015-06-15,FISV-UNH,0.0,250000.0,3
2015-06-16,TRV-ZBH,750.8630828857422,250000.0,3
2015-06-16,FISV-UNH,-465.51668548583984,250000.0,3
2015-06-17,TRV-ZBH,219.15472412109375,250000.0,3
2015-06-18,TRV-ZBH,-447.99085998535156,250000.0,3
2015-06-18,PSX-SO,0.0,250000.0,3
2015-06-19,TRV-ZBH,1054.0169830322266,250000.0,3
2015-06-19,PSX-SO,3704.593418121338,250000.0,3
2015-06-19,FISV-UNH,0.0,250000.0,3
2015-06-22,TRV-ZBH,1847.578125,250000.0,3
2015-06-22,FISV-UNH,-2987.493118286133,250000.0,3
2015-06-22,PHM-PKG,0.0,250000.0,3
2015-06-23,TRV-ZBH,301.3255920410156,250000.0,3
2015-06-23,FISV-UNH,3431.419990539551,250000.0,3
2015-06-23,PHM-PKG,-1177.7218837738037,250000.0,3
2015-06-24,FISV-UNH,-1420.7096481323242,250000.0,3
2015-06-24,PHM-PKG,-7373.279428482056,250000.0,3
2015-06-25,FISV-UNH,5584.103584289551,250000.0,3
2015-06-25,PHM-PKG,-8604.054908752441,250000.0,3
2015-06-26,FISV-UNH,7019.093589782715,250000.0,3
2015-06-26,TT-WSM,0.0,250000.0,3
2015-06-30,EG-NVR,0.0,250000.0,3
2015-05-13,CMCSA-HBAN,0.0,250000.0,4
2015-05-14,CMCSA-HBAN,686.7355990409851,250000.0,4
2015-05-14,ABT-CMCSA,0.0,250000.0,4
2015-05-15,CMCSA-HBAN,4556.599144935608,250000.0,4
2015-05-15,ABT-CMCSA,281.69623947143555,250000.0,4
2015-05-18,CMCSA-HBAN,2260.4493288993835,250000.0,4
2015-05-18,ABT-CMCSA,1219.2292404174805,250000.0,4
2015-05-19,CMCSA-HBAN,-624.0234065055847,250000.0,4
2015-05-19,ABT-CMCSA,1686.7980613708496,250000.0,4
2015-05-19,STE-ZTS,0.0,250000.0,4
2015-05-20,CMCSA-HBAN,3381.782772064209,250000.0,4
2015-05-20,ABT-CMCSA,2668.612144470215,250000.0,4
2015-05-20,STE-ZTS,563.0881156921387,250000.0,4
2015-05-21,CMCSA-HBAN,3448.4782705307007,250000.0,4
2015-05-21,ABT-CMCSA,1733.506420135498,250000.0,4
2015-05-21,CVS-SHW,0.0,250000.0,4
2015-05-22,CMCSA-HBAN,6955.711665630341,250000.0,4
2015-05-22,ABT-CMCSA,4436.32661819458,250000.0,4
2015-05-22,CVS-SHW,-1444.8370819091797,250000.0,4
2015-05-22,EXPE-NTRS,0.0,250000.0,4
2015-05-26,CVS-SHW,1104.8735046386719,250000.0,4
2015-05-26,EXPE-NTRS,-41.41083526611328,250000.0,4
2015-05-27,CVS-SHW,2498.432144165039,250000.0,4
2015-05-27,EXPE-NTRS,2006.9598236083984,250000.0,4
2015-05-27,STE-ZTS,0.0,250000.0,4
2015-05-28,CVS-SHW,3345.9328842163086,250000.0,4
2015-05-28,EXPE-NTRS,4412.557621002197,250000.0,4
2015-05-28,STE-ZTS,1737.746971130371,250000.0,4
2015-05-29,CVS-SHW,3795.6443252563477,250000.0,4
2015-05-29,EXPE-NTRS,3049.7236251831055,250000.0,4
2015-05-29,STE-ZTS,-314.18285369873047,250000.0,4
2015-05-29,HUM-NXPI,0.0,250000.0,4
2015-05-29,JKHY-LII,0.0,250000.0,4
2015-06-01,CVS-SHW,3534.1593322753906,250000.0,4
2015-06-01,EXPE-NTRS,1838.949863433838,250000.0,4
2015-06-01,STE-ZTS,1265.8073539733887,250000.0,4
2015-06-01,HUM-NXPI,-1001.8493347167969,250000.0,4
2015-06-01,JKHY-LII,1796.0125274658203,250000.0,4
2015-06-01,DIS-EFX,0.0,250000.0,4
2015-06-02,CVS-SHW,3678.820960998535,250000.0,4
2015-06-02,EXPE-NTRS,2128.292770385742,250000.0,4
2015-06-02,STE-ZTS,1196.178108215332,250000.0,4
2015-06-02,HUM-NXPI,-3740.4980697631836,250000.0,4
2015-06-02,JKHY-LII,1796.0125274658203,250000.0,4
2015-06-03,CVS-SHW,4129.3782958984375,250000.0,4
2015-06-03,STE-ZTS,1120.35103225708,250000.0,4
2015-06-03,HUM-NXPI,-7407.030960083008,250000.0,4
2015-06-03,JKHY-LII,322.1430435180664,250000.0,4
2015-06-03,PSX-SO,0.0,250000.0,4
2015-06-04,CVS-SHW,2246.693374633789,250000.0,4
2015-06-04,STE-ZTS,64.9345703125,250000.0,4
2015-06-04,HUM-NXPI,-9819.203392028809,250000.0,4
2015-06-04,JKHY-LII,322.62652587890625,250000.0,4
2015-06-04,PSX-SO,-2109.737102508545,250000.0,4
2015-06-05,CVS-SHW,2874.8478469848633,250000.0,4
2015-06-05,STE-ZTS,-889.2602729797363,250000.0,4
2015-06-05,HUM-NXPI,-11332.864608764648,250000.0,4
2015-06-05,JKHY-LII,453.29176330566406,250000.0,4
2015-06-05,PSX-SO,-3334.745611190796,250000.0,4
2015-06-08,CVS-SHW,2368.544761657715,250000.0,4
2015-06-08,STE-ZTS,-320.5736083984375,250000.0,4
2015-06-08,HUM-NXPI,-15304.00577545166,250000.0,4
2015-06-08,JKHY-LII,293.36419677734375,250000.0,4
2015-06-09,CVS-SHW,880.2548294067383,250000.0,4
2015-06-09,HUM-NXPI,-15556.258834838867,250000.0,4
2015-06-09,JKHY-LII,2842.480728149414,250000.0,4
2015-06-10,HUM-NXPI,-15154.859107971191,250000.0,4
2015-06-10,NVR-SNA,0.0,250000.0,4
2015-06-11,HUM-NXPI,-16119.73558807373,250000.0,4
2015-06-11,NVR-SNA,2540.9016723632812,250000.0,4
2015-06-12,HUM-NXPI,-15556.258834838867,250000.0,4
2015-06-18,PSX-SO,0.0,250000.0,4
2015-06-19,PSX-SO,3704.593418121338,250000.0,4
2015-06-22,PHM-PKG,0.0,250000.0,4
2015-06-23,PHM-PKG,-1177.7218837738037,250000.0,4
2015-06-24,PHM-PKG,-7373.279428482056,250000.0,4
2015-06-25,PHM-PKG,-8604.054908752441,250000.0,4
2015-06-29,CVS-SHW,0.0,250000.0,4
2015-06-30,CVS-SHW,-1182.2488174438477,250000.0,4
2015-06-30,NVR-SNA,0.0,250000.0,4
2015-06-30,EG-NVR,0.0,250000.0,4
2015-07-01,NVR-SNA,2219.259162902832,250000.0,4
2015-07-01,EG-NVR,1252.4583129882812,250000.0,4
2015-07-01,ABT-CMCSA,0.0,250000.0,4
2015-07-02,ABT-CMCSA,-523.3471565246582,250000.0,4
2015-07-06,ABT-CMCSA,886.0320835113525,250000.0,4
2015-07-07,ABT-CMCSA,-28.73558235168457,250000.0,4
2015-07-08,ABT-CMCSA,1851.5758800506592,250000.0,4
2015-07-09,ABT-CMCSA,478.2066173553467,250000.0,4
2015-07-10,ABT-CMCSA,-3171.6496562957764,250000.0,4
2015-07-10,MAS-TDG,0.0,250000.0,4
2015-07-13,MAS-TDG,1630.3911838531494,250000.0,4
2015-06-03,PSX-SO,0.0,250000.0,5
2015-06-04,PSX-SO,-2109.737102508545,250000.0,5
2015-06-05,PSX-SO,-3334.745611190796,250000.0,5
2015-06-18,PSX-SO,0.0,250000.0,5
2015-06-19,PSX-SO,3704.593418121338,250000.0,5
2015-06-22,TAP-UAL,0.0,250000.0,5
2015-06-22,IP-MMM,0.0,250000.0,5
2015-06-22,PHM-PKG,0.0,250000.0,5
2015-06-23,TAP-UAL,-8048.826747894287,250000.0,5
2015-06-23,IP-MMM,-1294.6005020141602,250000.0,5
2015-06-23,PHM-PKG,-1177.7218837738037,250000.0,5
2015-06-24,TAP-UAL,-3258.557231903076,250000.0,5
2015-06-24,IP-MMM,1713.0421600341797,250000.0,5
2015-06-24,PHM-PKG,-7373.279428482056,250000.0,5
2015-06-25,TAP-UAL,-6951.421642303467,250000.0,5
2015-06-25,IP-MMM,2216.9891624450684,250000.0,5
2015-06-25,PHM-PKG,-8604.054908752441,250000.0,5
2015-06-26,TAP-UAL,-4402.016040802002,250000.0,5
2015-06-26,IP-MMM,47.05384826660156,250000.0,5
2015-06-29,TAP-UAL,-3171.3515586853027,250000.0,5
2015-06-29,TAP-VTR,0.0,250000.0,5
2015-06-30,TAP-UAL,-7014.578701019287,250000.0,5
2015-06-30,TAP-VTR,-3731.9196166992188,250000.0,5
2015-06-30,EG-NVR,0.0,250000.0,5
2015-07-01,TAP-UAL,660.5352058410645,250000.0,5
2015-07-01,TAP-VTR,-3054.9297065734863,250000.0,5
2015-07-01,EG-NVR,1252.4583129882812,250000.0,5
2015-07-01,HIG-WST,0.0,250000.0,5
2015-07-02,TAP-UAL,813.4224891662598,250000.0,5
2015-07-02,TAP-VTR,-5609.468421936035,250000.0,5
2015-07-02,HIG-WST,-2178.1026649475098,250000.0,5
2015-07-06,HIG-WST,-1543.0671920776367,250000.0,5
2015-07-10,MAS-TDG,0.0,250000.0,5
2015-07-13,MAS-TDG,1630.3911838531494,250000.0,5
2015-07-28,BLK-MDT,0.0,250000.0,5
2015-07-29,BLK-MDT,-448.6506652832031,250000.0,5
2015-07-30,BLK-MDT,-2057.154006958008,250000.0,5
2015-07-31,BLK-MDT,-3120.1804809570312,250000.0,5
2015-08-18,TAP-VTR,0.0,250000.0,5
2015-08-19,TAP-VTR,510.1878967285156,250000.0,5
2015-08-20,TAP-VTR,8402.043041229248,250000.0,5
2015-08-20,HIG-WST,0.0,250000.0,5
2015-08-20,DIS-IQV,0.0,250000.0,5
2015-08-21,TAP-VTR,12701.127937316895,250000.0,5
2015-08-21,HIG-WST,421.27503967285156,250000.0,5
2015-08-21,DIS-IQV,847.869140625,250000.0,5
2015-08-21,CTAS-CVS,0.0,250000.0,5
2015-08-24,TAP-VTR,15690.041595458984,250000.0,5
2015-08-24,HIG-WST,919.1806564331055,250000.0,5
2015-08-24,DIS-IQV,1511.6451416015625,250000.0,5
2015-08-24,PHM-PKG,0.0,250000.0,5
2015-08-25,TAP-VTR,13013.510780334473,250000.0,5
2015-08-25,HIG-WST,2995.251289367676,250000.0,5
2015-08-25,DIS-IQV,199.2664794921875,250000.0,5
2015-08-25,PHM-PKG,-7043.562908172607,250000.0,5
2015-08-25,IP-MMM,0.0,250000.0,5
2015-08-26,TAP-VTR,11648.295558929443,250000.0,5
2015-08-26,DIS-IQV,512.18115234375,250000.0,5
2015-08-26,PHM-PKG,-7952.706344604492,250000.0,5
2015-08-27,TAP-VTR,13766.098430633545,250000.0,5
2015-08-27,DIS-IQV,4681.35546875,250000.0,5
2015-08-28,TAP-VTR,12221.97501373291,250000.0,5
2015-08-28,DIS-IQV,1923.17822265625,250000.0,5
2015-08-28,TAP-UAL,0.0,250000.0,5
2015-08-31,TAP-VTR,1331.83198928833,250000.0,5
2015-08-31,DIS-IQV,2930.470947265625,250000.0,5
2015-08-31,TAP-UAL,4116.6105880737305,250000.0,5
2015-08-11,NOW-NVR,0.0,250000.0,6
2015-08-12,NOW-NVR,343.25139141082764,250000.0,6
2015-08-13,NOW-NVR,-3440.257164955139,250000.0,6
2015-08-14,NOW-NVR,-2061.403896331787,250000.0,6
2015-08-20,ICE-PAYX,0.0,250000.0,6
2015-08-20,GD-IT,0.0,250000.0,6
2015-08-21,BALL-SPGI,0.0,250000.0,6
2015-08-21,CSCO-HON,0.0,250000.0,6
2015-08-24,BALL-SPGI,-5767.784248352051,250000.0,6
2015-08-24,CSCO-HON,-6169.063369750977,250000.0,6
2015-08-24,ICE-PAYX,0.0,250000.0,6
2015-08-24,CMCSA-HBAN,0.0,250000.0,6
2015-08-24,GD-IT,0.0,250000.0,6
2015-08-25,BALL-SPGI,-2499.653196334839,250000.0,6
2015-08-25,ICE-PAYX,-5412.7558307647705,250000.0,6
2015-08-25,CMCSA-HBAN,-4503.9954471588135,250000.0,6
2015-08-25,GD-IT,168.72298431396484,250000.0,6
2015-08-25,APD-TXN,0.0,250000.0,6
2015-08-25,ITW-MAR,0.0,250000.0,6
2015-08-26,ICE-PAYX,2357.9313049316406,250000.0,6
2015-08-26,CMCSA-HBAN,1578.026746749878,250000.0,6
2015-08-26,GD-IT,1839.619369506836,250000.0,6
2015-08-26,APD-TXN,5367.894836425781,250000.0,6
2015-08-26,ITW-MAR,-259.1557922363281,250000.0,6
2015-08-27,ICE-PAYX,5209.158611297607,250000.0,6
2015-08-27,CMCSA-HBAN,5827.437244415283,250000.0,6
2015-08-27,GD-IT,5366.8983154296875,250000.0,6
2015-08-27,ITW-MAR,1354.059684753418,250000.0,6
2015-08-28,ICE-PAYX,3382.3977241516113,250000.0,6
2015-08-28,CMCSA-HBAN,7006.793153762817,250000.0,6
2015-08-28,ITW-MAR,524.6828689575195,250000.0,6
2015-08-31,ICE-PAYX,2843.0604152679443,250000.0,6
2015-08-31,CMCSA-HBAN,7813.370826721191,250000.0,6
2015-08-31,ITW-MAR,1913.2504081726074,250000.0,6
2015-09-01,ICE-PAYX,-2898.3825073242188,250000.0,6
2015-09-01,CMCSA-HBAN,-853.9384021759033,250000.0,6
2015-09-01,ITW-MAR,-2678.8874588012695,250000.0,6
2015-09-02,ICE-PAYX,2403.559673309326,250000.0,6
2015-09-02,CMCSA-HBAN,957.0733604431152,250000.0,6
2015-09-02,ITW-MAR,-6237.656509399414,250000.0,6
2015-09-03,ICE-PAYX,2931.7725467681885,250000.0,6
2015-09-03,CMCSA-HBAN,3239.197971343994,250000.0,6
2015-09-03,ITW-MAR,-4617.602958679199,250000.0,6
2015-09-04,ICE-PAYX,1303.0070133209229,250000.0,6
2015-09-04,CMCSA-HBAN,178.48407363891602,250000.0,6
2015-09-04,ITW-MAR,-6483.629390716553,250000.0,6
2015-09-08,ICE-PAYX,6380.564308166504,250000.0,6
2015-09-08,CMCSA-HBAN,4739.024770736694,250000.0,6
2015-09-08,ITW-MAR,-6139.702964782715,250000.0,6
2015-09-09,ICE-PAYX,5936.837535858154,250000.0,6
2015-09-09,CMCSA-HBAN,2414.7466411590576,250000.0,6
2015-09-10,ICE-PAYX,4614.644557952881,250000.0,6
2015-09-10,CMCSA-HBAN,5281.8137130737305,250000.0,6
2015-09-11,ICE-PAYX,6642.601696014404,250000.0,6
2015-09-11,CMCSA-HBAN,5275.344623565674,250000.0,6
2015-09-14,ICE-PAYX,4905.987518310547,250000.0,6
2015-09-14,CMCSA-HBAN,6759.448314666748,250000.0,6
2015-09-15,CMCSA-HBAN,8535.299936294556,250000.0,6
2015-09-16,DOV-WBD,0.0,250000.0,6
2015-09-17,ABT-HBAN,0.0,250000.0,6
2015-09-18,ABT-HBAN,-4748.679559707642,250000.0,6
2015-09-21,ABT-HBAN,-909.004560470581,250000.0,6
2015-09-22,ABT-HBAN,-2677.2459354400635,250000.0,6
2015-09-23,ABT-HBAN,-1062.22287940979,250000.0,6
2015-09-23,BALL-SPGI,0.0,250000.0,6
2015-09-24,ABT-HBAN,-1149.437427520752,250000.0,6
2015-09-24,BALL-SPGI,3131.7558250427246,250000.0,6
2015-09-28,BR-NOW,0.0,250000.0,6
2015-09-29,BR-NOW,-836.5735397338867,250000.0,6
2015-09-29,ALLE-CBRE,0.0,250000.0,6
2015-09-30,ALLE-CBRE,6298.174331665039,250000.0,6
2015-08-05,CMCSA-EBAY,0.0,250000.0,7
2015-08-06,CMCSA-EBAY,-1237.3177947998047,250000.0,7
2015-08-07,CMCSA-EBAY,-4380.329662322998,250000.0,7
2015-08-07,KEY-NTRS,0.0,250000.0,7
2015-08-10,CMCSA-EBAY,-2500.0823497772217,250000.0,7
2015-08-10,KEY-NTRS,2966.1506385803223,250000.0,7
2015-08-11,CMCSA-EBAY,-926.916332244873,250000.0,7
2015-08-11,KEY-NTRS,1409.3029556274414,250000.0,7
2015-08-12,CMCSA-EBAY,3009.1189727783203,250000.0,7
2015-08-12,KEY-NTRS,-913.2034902572632,250000.0,7
2015-08-13,CMCSA-EBAY,4222.146188735962,250000.0,7
2015-08-13,KEY-NTRS,1255.4780654907227,250000.0,7
2015-08-14,CMCSA-EBAY,-1571.12131690979,250000.0,7
2015-08-14,KEY-NTRS,2213.8345651626587,250000.0,7
2015-08-17,CMCSA-EBAY,5071.231142044067,250000.0,7
2015-08-17,KEY-NTRS,2078.669334411621,250000.0,7
2015-08-18,KEY-NTRS,3256.339868545532,250000.0,7
2015-08-18,TAP-VTR,0.0,250000.0,7
2015-08-19,KEY-NTRS,1029.933837890625,250000.0,7
2015-08-19,TAP-VTR,510.1878967285156,250000.0,7
2015-08-20,KEY-NTRS,896.5725955963135,250000.0,7
2015-08-20,TAP-VTR,8402.043041229248,250000.0,7
2015-08-21,KEY-NTRS,1226.6214818954468,250000.0,7
2015-08-21,TAP-VTR,12701.127937316895,250000.0,7
2015-08-24,TAP-VTR,15690.041595458984,250000.0,7
2015-08-24,TAP-TSLA,0.0,250000.0,7
2015-08-24,APH-MPWR,0.0,250000.0,7
2015-08-25,TAP-VTR,13013.510780334473,250000.0,7
2015-08-25,TAP-TSLA,-8671.84987449646,250000.0,7
2015-08-25,APH-MPWR,4962.433786392212,250000.0,7
2015-08-25,APD-TXN,0.0,250000.0,7
2015-08-25,ITW-MAR,0.0,250000.0,7
2015-08-26,TAP-VTR,11648.295558929443,250000.0,7
2015-08-26,TAP-TSLA,8368.686455726624,250000.0,7
2015-08-26,APH-MPWR,1662.2840452194214,250000.0,7
2015-08-26,APD-TXN,5367.894836425781,250000.0,7
2015-08-26,ITW-MAR,-259.1557922363281,250000.0,7
2015-08-26,BLK-MAR,0.0,250000.0,7
2015-08-27,TAP-VTR,13766.098430633545,250000.0,7
2015-08-27,TAP-TSLA,32354.43981742859,250000.0,7
2015-08-27,ITW-MAR,1354.059684753418,250000.0,7
2015-08-28,TAP-VTR,12221.97501373291,250000.0,7
2015-08-28,ITW-MAR,524.6828689575195,250000.0,7
2015-08-31,TAP-VTR,1331.83198928833,250000.0,7
2015-08-31,ITW-MAR,1913.2504081726074,250000.0,7
2015-09-01,TAP-VTR,5561.74259185791,250000.0,7
2015-09-01,ITW-MAR,-2678.8874588012695,250000.0,7
2015-09-02,TAP-VTR,4256.876628875732,250000.0,7
2015-09-02,ITW-MAR,-6237.656509399414,250000.0,7
2015-09-03,TAP-VTR,3598.5836296081543,250000.0,7
2015-09-03,ITW-MAR,-4617.602958679199,250000.0,7
2015-09-04,ITW-MAR,-6483.629390716553,250000.0,7
2015-09-08,ITW-MAR,-6139.702964782715,250000.0,7
2015-09-08,CMCSA-EBAY,0.0,250000.0,7
2015-09-09,CMCSA-EBAY,-340.8628387451172,250000.0,7
2015-09-10,CMCSA-EBAY,-467.6267795562744,250000.0,7
2015-09-11,CMCSA-EBAY,1492.142261505127,250000.0,7
2015-09-14,CMCSA-EBAY,-3485.786361694336,250000.0,7
2015-09-15,CMCSA-EBAY,-3684.0064182281494,250000.0,7
2015-09-15,BLK-MAR,0.0,250000.0,7
2015-09-15,TAP-WMT,0.0,250000.0,7
2015-09-15,TAP-UNP,0.0,250000.0,7
2015-09-15,TAP-TXN,0.0,250000.0,7
2015-09-16,CMCSA-EBAY,1919.5315914154053,250000.0,7
2015-09-16,BLK-MAR,-968.2113800048828,250000.0,7
2015-09-16,TAP-WELL,0.0,250000.0,7
2015-09-16,TAP-ZBH,0.0,250000.0,7
2015-09-17,CMCSA-EBAY,-4462.619663238525,250000.0,7
2015-09-17,BLK-MAR,-2186.043502807617,250000.0,7
2015-09-17,TAP-WELL,7564.387851715088,250000.0,7
2015-09-17,TAP-ZBH,1517.6747283935547,250000.0,7
2015-09-18,CMCSA-EBAY,-4053.1255989074707,250000.0,7
2015-09-18,TAP-WELL,7580.182510375977,250000.0,7
2015-09-18,TAP-ZBH,-8041.463104248047,250000.0,7
2015-09-21,CMCSA-EBAY,-6258.042039871216,250000.0,7
2015-09-21,TAP-WELL,10833.22590637207,250000.0,7
2015-09-21,TAP-ZBH,-8407.835651397705,250000.0,7
2015-09-22,TAP-WELL,12094.535865783691,250000.0,7
2015-09-23,TAP-WELL,14754.39836883545,250000.0,7
2015-09-28,ABT-DE,0.0,250000.0,7
2015-09-29,ABT-DE,3778.7960872650146,250000.0,7
2015-10-30,KEY-NTRS,0.0,250000.0,7
2015-09-08,APH-WTW,0.0,250000.0,8
2015-09-08,AME-SCHW,0.0,250000.0,8
2015-09-09,APH-WTW,-3760.7170639038086,250000.0,8
2015-09-09,AME-SCHW,669.075267791748,250000.0,8
2015-09-10,APH-WTW,640.9402008056641,250000.0,8
2015-09-10,AME-SCHW,174.12553024291992,250000.0,8
2015-09-11,AME-SCHW,2674.228958129883,250000.0,8
2015-09-11,GLW-MRVL,0.0,250000.0,8
2015-09-14,AME-SCHW,2252.2078399658203,250000.0,8
2015-09-14,GLW-MRVL,-5430.294500350952,250000.0,8
2015-09-15,AME-SCHW,1472.8401489257812,250000.0,8
2015-09-15,GLW-MRVL,-11353.814435958862,250000.0,8
2015-09-15,AME-EME,0.0,250000.0,8
2015-09-16,AME-SCHW,1263.0632820129395,250000.0,8
2015-09-16,GLW-MRVL,-4473.539420127869,250000.0,8
2015-09-16,AME-EME,303.3672790527344,250000.0,8
2015-09-17,GLW-MRVL,-6216.785368919373,250000.0,8
2015-09-17,AME-EME,130.38486099243164,250000.0,8
2015-09-17,BRO-SCHW,0.0,250000.0,8
2015-09-17,ICE-NVDA,0.0,250000.0,8
2015-09-18,GLW-MRVL,-4581.827835083008,250000.0,8
2015-09-18,AME-EME,-1182.8663330078125,250000.0,8
2015-09-18,BRO-SCHW,1178.6391773223877,250000.0,8
2015-09-18,ICE-NVDA,-2695.3108648061752,250000.0,8
2015-09-18,CMI-GEN,0.0,250000.0,8
2015-09-18,CLX-EXPD,0.0,250000.0,8
2015-09-21,GLW-MRVL,-2999.151756286621,250000.0,8
2015-09-21,AME-EME,-2062.849220275879,250000.0,8
2015-09-21,BRO-SCHW,1332.192050933838,250000.0,8
2015-09-21,ICE-NVDA,-184.80424177646637,250000.0,8
2015-09-21,CMI-GEN,-2258.849334716797,250000.0,8
2015-09-21,CLX-EXPD,2573.627716064453,250000.0,8
2015-09-22,GLW-MRVL,10920.775835037231,250000.0,8
2015-09-22,AME-EME,-562.1347236633301,250000.0,8
2015-09-22,BRO-SCHW,35.7873477935791,250000.0,8
2015-09-22,ICE-NVDA,-1104.8235008120537,250000.0,8
2015-09-22,CMI-GEN,-1397.0762825012207,250000.0,8
2015-09-22,CLX-EXPD,-2812.304412841797,250000.0,8
2015-09-23,GLW-MRVL,10851.068490028381,250000.0,8
2015-09-23,AME-EME,1055.9804725646973,250000.0,8
2015-09-23,BRO-SCHW,3736.4732780456543,250000.0,8
2015-09-23,ICE-NVDA,1929.7925280928612,250000.0,8
2015-09-23,CMI-GEN,-5495.269241333008,250000.0,8
2015-09-23,CLX-EXPD,-4349.163314819336,250000.0,8
2015-09-24,GLW-MRVL,21042.22877883911,250000.0,8
2015-09-24,AME-EME,1395.8344230651855,250000.0,8
2015-09-24,BRO-SCHW,-757.6042060852051,250000.0,8
2015-09-24,ICE-NVDA,-6658.584677994251,250000.0,8
2015-09-24,CMI-GEN,-7114.346790313721,250000.0,8
2015-09-24,CLX-EXPD,-4131.746883392334,250000.0,8
2015-09-25,AME-EME,1380.6382484436035,250000.0,8
2015-09-25,BRO-SCHW,2418.8875370025635,250000.0,8
2015-09-25,ICE-NVDA,3981.3855445981026,250000.0,8
2015-09-25,CMI-GEN,-9999.510335922241,250000.0,8
2015-09-25,CLX-EXPD,-1460.8232040405273,250000.0,8
2015-09-25,GILD-T,0.0,250000.0,8
2015-09-28,AME-EME,-1597.4037818908691,250000.0,8
2015-09-28,BRO-SCHW,173.84173011779785,250000.0,8
2015-09-28,ICE-NVDA,-3222.1772458553314,250000.0,8
2015-09-28,CLX-EXPD,-3924.817668914795,250000.0,8
2015-09-28,GILD-T,-2790.1812601089478,250000.0,8
2015-09-29,BRO-SCHW,2692.0853233337402,250000.0,8
2015-09-29,ICE-NVDA,-7904.567353665829,250000.0,8
2015-09-29,CLX-EXPD,-1774.391933441162,250000.0,8
2015-09-29,GILD-T,-2730.448857307434,250000.0,8
2015-09-29,EFX-TDG,0.0,250000.0,8
2015-09-30,ICE-NVDA,-7187.305529713631,250000.0,8
2015-09-30,CLX-EXPD,293.5675811767578,250000.0,8
2015-09-30,GILD-T,-4166.173034667969,250000.0,8
2015-09-30,EFX-TDG,-2149.044189453125,250000.0,8
2015-09-30,AME-EME,0.0,250000.0,8
2015-10-01,ICE-NVDA,-4214.095775127411,250000.0,8
2015-10-01,CLX-EXPD,4204.159755706787,250000.0,8
2015-10-01,GILD-T,-3688.101104736328,250000.0,8
2015-10-01,EFX-TDG,-432.815673828125,250000.0,8
2015-10-01,AME-EME,673.1933746337891,250000.0,8
2015-10-02,CLX-EXPD,4024.7688026428223,250000.0,8
2015-10-02,GILD-T,-4527.1589250564575,250000.0,8
2015-10-02,EFX-TDG,305.7860107421875,250000.0,8
2015-10-02,AME-EME,-4440.818542480469,250000.0,8
2015-10-05,EFX-TDG,-1095.6618041992188,250000.0,8
2015-10-05,AME-EME,-3853.8956298828125,250000.0,8
2015-10-05,AMCR-TROW,0.0,250000.0,8
2015-10-06,EFX-TDG,-7624.828552246094,250000.0,8
2015-10-06,AME-EME,-1552.7030639648438,250000.0,8
2015-10-06,AMCR-TROW,423.9088363647461,250000.0,8
2015-10-07,EFX-TDG,-7747.201354980469,250000.0,8
2015-10-07,AME-EME,-2562.6136322021484,250000.0,8
2015-10-07,AMCR-TROW,-4345.8304443359375,250000.0,8
2015-10-07,ADBE-SNPS,0.0,250000.0,8
2015-10-08,EFX-TDG,-6589.505859375,250000.0,8
2015-10-08,AME-EME,-2491.179000854492,250000.0,8
2015-10-08,AMCR-TROW,-4557.834854125977,250000.0,8
2015-10-08,ADBE-SNPS,1985.4865913391113,250000.0,8
2015-10-09,EFX-TDG,-7118.2364501953125,250000.0,8
2015-10-09,AME-EME,1596.9686737060547,250000.0,8
2015-10-09,AMCR-TROW,-2649.9151458740234,250000.0,8
2015-10-09,ADBE-SNPS,3260.5938262939453,250000.0,8
2015-10-12,EFX-TDG,-5973.90380859375,250000.0,8
2015-10-12,AME-EME,2989.653823852539,250000.0,8
2015-10-12,AMCR-TROW,1801.9574966430664,250000.0,8
2015-10-12,ADBE-SNPS,3108.4241485595703,250000.0,8
2015-10-13,EFX-TDG,-5582.377685546875,250000.0,8
2015-10-13,AME-EME,1802.2243957519531,250000.0,8
2015-10-13,ADBE-SNPS,5291.449600219727,250000.0,8
2015-10-14,AME-EME,2756.6570434570312,250000.0,8
2015-10-14,ADBE-SNPS,5744.75687789917,250000.0,8
2015-10-14,SRE-WMT,0.0,250000.0,8
2015-10-15,AME-EME,827.3983306884766,250000.0,8
2015-10-15,SRE-WMT,-6273.012813568115,250000.0,8
2015-10-16,SRE-WMT,-10394.96761894226,250000.0,8
2015-10-19,SRE-WMT,-11146.56676864624,250000.0,8
2015-10-19,CRH-SW,0.0,250000.0,8
2015-10-20,SRE-WMT,-10596.479907989502,250000.0,8
2015-10-20,CRH-SW,317.947021484375,250000.0,8
2015-10-21,SRE-WMT,-10240.306255340576,250000.0,8
2015-10-21,CRH-SW,-1763.0626220703125,250000.0,8
2015-10-22,SRE-WMT,-12642.71636390686,250000.0,8
2015-10-22,CRH-SW,-2225.4905700683594,250000.0,8
2015-10-22,ADBE-SNPS,0.0,250000.0,8
2015-10-23,SRE-WMT,-12495.692038536072,250000.0,8
2015-10-23,CRH-SW,-3757.306396484375,250000.0,8
2015-10-23,ADBE-SNPS,-1860.486831665039,250000.0,8
2015-10-26,SRE-WMT,-13610.85383605957,250000.0,8
2015-10-26,CRH-SW,-2398.8983154296875,250000.0,8
2015-10-26,ADBE-SNPS,-1660.9221954345703,250000.0,8
2015-10-27,CRH-SW,-375.72772216796875,250000.0,8
2015-10-27,ADBE-SNPS,112.9273681640625,250000.0,8
2015-10-28,CRH-SW,-1965.3825988769531,250000.0,8
2015-10-29,CRH-SW,-780.3822631835938,250000.0,8
2015-10-30,CRH-SW,-1734.1649780273438,250000.0,8
2015-11-02,CRH-SW,-3323.7979736328125,250000.0,8
2015-11-06,BRO-SCHW,0.0,250000.0,8
2015-11-06,ISRG-NEE,0.0,250000.0,8
2015-11-06,APH-WTW,0.0,250000.0,8
2015-11-09,BRO-SCHW,-4897.169689178467,250000.0,8
2015-11-09,ISRG-NEE,522.4988555908203,250000.0,8
2015-11-09,APH-WTW,719.237548828125,250000.0,8
2015-11-10,BRO-SCHW,-919.288745880127,250000.0,8
2015-11-10,ISRG-NEE,215.3583869934082,250000.0,8
2015-11-10,APH-WTW,2983.037910461426,250000.0,8
2015-11-11,BRO-SCHW,-323.3652935028076,250000.0,8
2015-11-11,ISRG-NEE,2503.8035316467285,250000.0,8
2015-11-11,APH-WTW,2908.6850357055664,250000.0,8
2015-11-12,BRO-SCHW,499.2007532119751,250000.0,8
2015-11-12,ISRG-NEE,4893.835884094238,250000.0,8
2015-11-12,AMCR-TROW,0.0,250000.0,8
2015-11-13,BRO-SCHW,-4446.592535018921,250000.0,8
2015-11-13,ISRG-NEE,4278.277244567871,250000.0,8
2015-11-13,AMCR-TROW,-2956.8660049438477,250000.0,8
2015-11-13,ITW-MAR,0.0,250000.0,8
2015-11-16,BRO-SCHW,-444.97101306915283,250000.0,8
2015-11-16,AMCR-TROW,298.90561294555664,250000.0,8
2015-11-16,ITW-MAR,-278.65052032470703,250000.0,8
2015-11-17,BRO-SCHW,-4348.564756393433,250000.0,8
2015-11-17,AMCR-TROW,-1694.3813552856445,250000.0,8
2015-11-17,ITW-MAR,-552.4780654907227,250000.0,8
2015-11-18,BRO-SCHW,1864.622883796692,250000.0,8
2015-11-18,AMCR-TROW,4119.583831787109,250000.0,8
2015-11-19,BRO-SCHW,5768.667845726013,250000.0,8
2015-11-19,AMCR-TROW,3754.1356658935547,250000.0,8
2015-11-20,BRO-SCHW,9446.964656829834,250000.0,8
2015-11-20,AMCR-TROW,3720.873790740967,250000.0,8
2015-11-20,CDNS-MDLZ,0.0,250000.0,8
2015-11-23,BRO-SCHW,7209.645669937134,250000.0,8
2015-11-23,AMCR-TROW,2989.939853668213,250000.0,8
2015-11-23,CDNS-MDLZ,849.1270732879639,250000.0,8
2015-11-24,BRO-SCHW,6861.133117675781,250000.0,8
2015-11-24,AMCR-TROW,1229.2603797912598,250000.0,8
2015-11-24,CDNS-MDLZ,1484.0605926513672,250000.0,8
2015-11-25,BRO-SCHW,3529.506893157959,250000.0,8
2015-11-25,AMCR-TROW,2524.818878173828,250000.0,8
2015-11-25,CDNS-MDLZ,4151.303470611572,250000.0,8
2015-11-25,CRH-SW,0.0,250000.0,8
2015-11-27,BRO-SCHW,3330.438896179199,250000.0,8
2015-11-27,AMCR-TROW,2325.5860748291016,250000.0,8
2015-11-27,CDNS-MDLZ,3283.75545501709,250000.0,8
2015-11-27,CRH-SW,-2406.835433959961,250000.0,8
2015-11-27,CMI-GEN,0.0,250000.0,8
2015-11-30,BRO-SCHW,4598.4554052352905,250000.0,8
2015-11-30,AMCR-TROW,2989.939853668213,250000.0,8
2015-11-30,CRH-SW,-1321.416893005371,250000.0,8
2015-11-30,CMI-GEN,478.75681018829346,250000.0,8
2015-10-01,BDX-PFE,0.0,250000.0,9
2015-10-01,EG-MPC,0.0,250000.0,9
2015-10-02,BDX-PFE,-4214.936428070068,250000.0,9
2015-10-02,EG-MPC,2653.989429473877,250000.0,9
2015-10-05,BDX-PFE,-4543.057544708252,250000.0,9
2015-10-05,EG-MPC,-3199.3968200683594,250000.0,9
2015-10-06,BDX-PFE,-3292.1494178771973,250000.0,9
2015-10-06,EG-MPC,-176.40953063964844,250000.0,9
2015-10-07,BDX-PFE,-2617.296829223633,250000.0,9
2015-10-07,EG-MPC,4260.53861618042,250000.0,9
2015-10-08,BDX-PFE,-1255.4495658874512,250000.0,9
2015-10-09,BDX-PFE,-1322.0124206542969,250000.0,9
2015-10-12,BDX-PFE,50.162994384765625,250000.0,9
2015-10-13,BDX-PFE,-756.3558311462402,250000.0,9
2015-10-14,BDX-PFE,-3223.8035621643066,250000.0,9
2015-10-14,SRE-WMT,0.0,250000.0,9
2015-10-15,SRE-WMT,-6273.012813568115,250000.0,9
2015-10-16,SRE-WMT,-10394.96761894226,250000.0,9
2015-10-19,SRE-WMT,-11146.56676864624,250000.0,9
2015-10-20,SRE-WMT,-10596.479907989502,250000.0,9
2015-10-21,SRE-WMT,-10240.306255340576,250000.0,9
2015-10-22,SRE-WMT,-12642.71636390686,250000.0,9
2015-10-23,SRE-WMT,-12495.692038536072,250000.0,9
2015-10-26,SRE-WMT,-13610.85383605957,250000.0,9
2015-11-06,APH-WTW,0.0,250000.0,9
2015-11-09,APH-WTW,719.237548828125,250000.0,9
2015-11-10,APH-WTW,2983.037910461426,250000.0,9
2015-11-11,APH-WTW,2908.6850357055664,250000.0,9
2015-11-12,EXC-FAST,0.0,250000.0,9
2015-11-13,EXC-FAST,427.2023620605469,250000.0,9
2015-11-13,ORCL-ZBH,0.0,250000.0,9
2015-11-16,EXC-FAST,3056.4580688476562,250000.0,9
2015-11-16,ORCL-ZBH,1750.7191467285156,250000.0,9
2015-11-17,EXC-FAST,4262.193176269531,250000.0,9
2015-11-17,ORCL-ZBH,3823.2956466674805,250000.0,9
2015-11-18,BALL-ON,0.0,250000.0,9
2015-11-19,BALL-ON,5124.2852573394775,250000.0,9
2015-11-20,BALL-ON,2849.1890621185303,250000.0,9
2015-11-23,BALL-ON,5026.053335189819,250000.0,9
2015-11-24,BALL-ON,8093.73553276062,250000.0,9
2015-11-25,BALL-ON,12788.627742767334,250000.0,9
2015-11-27,BALL-ON,18359.691785812378,250000.0,9
2015-12-01,AME-EME,0.0,250000.0,9
2015-12-02,AME-EME,-2333.4051971435547,250000.0,9
2015-12-03,AME-EME,-4402.373805999756,250000.0,9
2015-12-03,MAR-TXN,0.0,250000.0,9
2015-12-03,BMY-ZTS,0.0,250000.0,9
2015-12-04,AME-EME,-4527.293849945068,250000.0,9
2015-12-04,BMY-ZTS,2263.956474304199,250000.0,9
2015-12-04,GILD-T,0.0,250000.0,9
2015-12-07,AME-EME,-2518.727897644043,250000.0,9
2015-12-07,BMY-ZTS,-300.3872375488281,250000.0,9
2015-12-07,GILD-T,-1833.5522937774658,250000.0,9
2015-12-07,EG-MPC,0.0,250000.0,9
2015-12-08,AME-EME,-3796.891632080078,250000.0,9
2015-12-08,BMY-ZTS,-1124.8649291992188,250000.0,9
2015-12-08,GILD-T,1597.943193435669,250000.0,9
2015-12-08,EG-MPC,1290.6471099853516,250000.0,9
2015-12-09,AME-EME,1571.9999961853027,250000.0,9
2015-12-09,BMY-ZTS,-3676.518051147461,250000.0,9
2015-12-09,EG-MPC,4310.560207366943,250000.0,9
2015-12-10,AME-EME,3438.370372772217,250000.0,9
2015-12-10,BMY-ZTS,573.6539306640625,250000.0,9
2015-12-10,EG-MPC,9610.585731506348,250000.0,9
2015-12-11,BMY-ZTS,1414.9820709228516,250000.0,9
2015-12-11,EG-MPC,2016.7572288513184,250000.0,9
2015-12-11,APH-WTW,0.0,250000.0,9
2015-12-14,EG-MPC,-9936.502384185791,250000.0,9
2015-12-15,EG-MPC,-2772.362693786621,250000.0,9
2015-12-16,EG-MPC,6324.87296295166,250000.0,9
2015-12-16,BDX-PFE,0.0,250000.0,9
2015-12-16,APH-CAH,0.0,250000.0,9
2015-12-17,EG-MPC,13687.82500076294,250000.0,9
2015-12-17,BDX-PFE,1926.6063041687012,250000.0,9
2015-12-17,APH-CAH,119.87952613830566,250000.0,9
2015-12-18,EG-MPC,12034.100658416748,250000.0,9
2015-12-18,APH-CAH,-856.1091804504395,250000.0,9
2015-12-18,MAR-TXN,0.0,250000.0,9
2015-12-21,EG-MPC,12200.05830001831,250000.0,9
2015-12-21,APH-CAH,-2910.1849212646484,250000.0,9
2015-12-21,MAR-TXN,3809.9161376953125,250000.0,9
2015-12-22,EG-MPC,5081.476856231689,250000.0,9
2015-12-22,APH-CAH,-1137.0304279327393,250000.0,9
2015-12-22,MAR-TXN,-7881.641635894775,250000.0,9
2015-12-23,EG-MPC,10857.46450805664,250000.0,9
2015-12-23,APH-CAH,-1100.6889095306396,250000.0,9
2015-12-23,MAR-TXN,-4086.3760528564453,250000.0,9
2015-12-24,EG-MPC,8527.978744506836,250000.0,9
2015-12-24,APH-CAH,-1799.2965660095215,250000.0,9
2015-12-24,MAR-TXN,-3600.092010498047,250000.0,9
2015-12-28,EG-MPC,2934.7424812316895,250000.0,9
2015-12-28,MAR-TXN,-5360.321548461914,250000.0,9
2015-12-29,MAR-TXN,-2307.069511413574,250000.0,9
2015-12-30,MAR-TXN,-3859.3598670959473,250000.0,9
2015-12-31,MAR-TXN,-6832.699504852295,250000.0,9
2015-11-06,APH-WTW,0.0,250000.0,10
2015-11-09,APH-WTW,719.237548828125,250000.0,10
2015-11-10,APH-WTW,2983.037910461426,250000.0,10
2015-11-11,APH-WTW,2908.6850357055664,250000.0,10
2015-11-13,IBM-VTRS,0.0,250000.0,10
2015-11-16,IBM-VTRS,2629.486095428467,250000.0,10
2015-11-17,IBM-VTRS,-254.47678756713867,250000.0,10
2015-11-17,BLK-ITW,0.0,250000.0,10
2015-11-18,IBM-VTRS,1839.0505256652832,250000.0,10
2015-11-18,BLK-ITW,703.3459167480469,250000.0,10
2015-11-19,IBM-VTRS,10107.51575088501,250000.0,10
2015-11-20,IBM-VTRS,14751.894435882568,250000.0,10
2015-11-23,IBM-VTRS,19643.954475402832,250000.0,10
2015-11-30,HAS-SNA,0.0,250000.0,10
2015-11-30,EMR-PH,0.0,250000.0,10
2015-12-01,HAS-SNA,-1806.5221557617188,250000.0,10
2015-12-01,EMR-PH,1558.7582321166992,250000.0,10
2015-12-02,HAS-SNA,-1142.8694610595703,250000.0,10
2015-12-03,HAS-SNA,-4010.661045074463,250000.0,10
2015-12-07,EG-MPC,0.0,250000.0,10
2015-12-08,EG-MPC,1290.6471099853516,250000.0,10
2015-12-08,CAH-WTW,0.0,250000.0,10
2015-12-09,EG-MPC,4310.560207366943,250000.0,10
2015-12-09,CAH-WTW,-66.28121948242188,250000.0,10
2015-12-09,BLK-ITW,0.0,250000.0,10
2015-12-10,EG-MPC,9610.585731506348,250000.0,10
2015-12-10,CAH-WTW,1305.9795227050781,250000.0,10
2015-12-10,BLK-ITW,-2104.494873046875,250000.0,10
2015-12-11,EG-MPC,2016.7572288513184,250000.0,10
2015-12-11,APH-WTW,0.0,250000.0,10
2015-12-14,EG-MPC,-9936.502384185791,250000.0,10
2015-12-14,CRH-TDG,0.0,250000.0,10
2015-12-14,BLK-ITW,0.0,250000.0,10
2015-12-15,EG-MPC,-2772.362693786621,250000.0,10
2015-12-15,CRH-TDG,2244.789093017578,250000.0,10
2015-12-15,BLK-ITW,6990.393630981445,250000.0,10
2015-12-16,EG-MPC,6324.87296295166,250000.0,10
2015-12-16,CRH-TDG,4036.7645263671875,250000.0,10
2015-12-16,BLK-ITW,3104.2618560791016,250000.0,10
2015-12-16,F-TXN,0.0,250000.0,10
2015-12-17,EG-MPC,13687.82500076294,250000.0,10
2015-12-17,CRH-TDG,2795.0118103027344,250000.0,10
2015-12-17,BLK-ITW,6509.3549880981445,250000.0,10
2015-12-17,F-TXN,1274.1151962280273,250000.0,10
2015-12-18,EG-MPC,12034.100658416748,250000.0,10
2015-12-18,CRH-TDG,5149.66943359375,250000.0,10
2015-12-18,BLK-ITW,6287.594444274902,250000.0,10
2015-12-18,F-TXN,-1827.1575841903687,250000.0,10
2015-12-21,EG-MPC,12200.05830001831,250000.0,10
2015-12-21,BLK-ITW,5963.100196838379,250000.0,10
2015-12-21,F-TXN,3417.2568502426147,250000.0,10
2015-12-22,EG-MPC,5081.476856231689,250000.0,10
2015-12-22,BLK-ITW,5940.823013305664,250000.0,10
2015-12-23,EG-MPC,10857.46450805664,250000.0,10
2015-12-23,BLK-ITW,7014.184043884277,250000.0,10
2015-12-24,EG-MPC,8527.978744506836,250000.0,10
2015-12-24,BLK-ITW,6048.373878479004,250000.0,10
2015-12-28,EG-MPC,2934.7424812316895,250000.0,10
2016-01-04,NCLH-ORLY,0.0,250000.0,10
2016-01-04,CL-NWSA,0.0,250000.0,10
2016-01-13,EG-MPC,0.0,250000.0,10
2016-01-14,EG-MPC,2849.072597503662,250000.0,10
2016-01-15,EG-MPC,-6375.087059020996,250000.0,10
2016-01-19,EG-MPC,-1765.2995109558105,250000.0,10
2016-01-20,EG-MPC,-1343.758975982666,250000.0,10
2016-01-21,EG-MPC,-5495.91833114624,250000.0,10
2016-01-22,EG-MPC,4272.110889434814,250000.0,10
2016-01-25,EG-MPC,-1667.4428405761719,250000.0,10
2016-01-26,EG-MPC,-4947.172603607178,250000.0,10
2016-01-27,EG-MPC,-12808.953197479248,250000.0,10
2015-12-01,AME-EME,0.0,250000.0,11
2015-12-01,MS-STT,0.0,250000.0,11
2015-12-02,AME-EME,-2333.4051971435547,250000.0,11
2015-12-02,MS-STT,1576.0612182617188,250000.0,11
2015-12-03,AME-EME,-4402.373805999756,250000.0,11
2015-12-03,MS-STT,160.49153518676758,250000.0,11
2015-12-04,AME-EME,-4527.293849945068,250000.0,11
2015-12-04,AMP-PNR,0.0,250000.0,11
2015-12-07,AME-EME,-2518.727897644043,250000.0,11
2015-12-07,AMP-PNR,-136.66029357910156,250000.0,11
2015-12-07,BALL-VZ,0.0,250000.0,11
2015-12-08,AME-EME,-3796.891632080078,250000.0,11
2015-12-08,BALL-VZ,-1081.238452911377,250000.0,11
2015-12-09,AME-EME,1571.9999961853027,250000.0,11
2015-12-10,AME-EME,3438.370372772217,250000.0,11
2015-12-10,BALL-WTW,0.0,250000.0,11
2015-12-11,APH-WTW,0.0,250000.0,11
2015-12-11,HON-ZTS,0.0,250000.0,11
2015-12-11,HON-MTD,0.0,250000.0,11
2015-12-11,CPAY-ZTS,0.0,250000.0,11
2015-12-14,HON-ZTS,-2339.597686767578,250000.0,11
2015-12-14,HON-MTD,-172.9013671875,250000.0,11
2015-12-14,CPAY-ZTS,-5017.623443603516,250000.0,11
2015-12-15,HON-ZTS,-5640.0192947387695,250000.0,11
2015-12-15,HON-MTD,-3455.539016723633,250000.0,11
2015-12-15,CPAY-ZTS,-3286.151321411133,250000.0,11
2015-12-15,CL-OMC,0.0,250000.0,11
2015-12-15,KEY-ROK,0.0,250000.0,11
2015-12-16,CPAY-ZTS,875.5326843261719,250000.0,11
2015-12-16,CL-OMC,-2833.905792236328,250000.0,11
2015-12-16,KEY-ROK,1006.8107757568359,250000.0,11
2015-12-16,CRM-EFX,0.0,250000.0,11
2015-12-17,CPAY-ZTS,291.43162536621094,250000.0,11
2015-12-17,CL-OMC,-1926.3705596923828,250000.0,11
2015-12-17,KEY-ROK,-1833.735818862915,250000.0,11
2015-12-17,CRM-EFX,-1682.9829483032227,250000.0,11
2015-12-18,CPAY-ZTS,-3309.6490783691406,250000.0,11
2015-12-18,KEY-ROK,2025.8053359985352,250000.0,11
2015-12-18,CRM-EFX,2776.616912841797,250000.0,11
2015-12-21,CPAY-ZTS,-5496.114288330078,250000.0,11
2015-12-21,KEY-ROK,2312.279170036316,250000.0,11
2015-12-21,CRM-EFX,406.29359436035156,250000.0,11
2015-12-22,CPAY-ZTS,-6242.611312866211,250000.0,11
2015-12-22,KEY-ROK,3065.390462875366,250000.0,11
2015-12-22,CRM-EFX,368.33773040771484,250000.0,11
2015-12-23,CPAY-ZTS,-1954.4977416992188,250000.0,11
2015-12-23,KEY-ROK,3465.8242797851562,250000.0,11
2015-12-23,CRM-EFX,-1955.2923431396484,250000.0,11
2015-12-24,CPAY-ZTS,-2894.7821044921875,250000.0,11
2015-12-24,KEY-ROK,2677.2375659942627,250000.0,11
2015-12-24,CRM-EFX,-2161.374183654785,250000.0,11
2015-12-28,KEY-ROK,1665.1529722213745,250000.0,11
2015-12-28,CRM-EFX,-1960.5161361694336,250000.0,11
2015-12-28,MS-STT,0.0,250000.0,11
2015-12-29,KEY-ROK,4162.619312286377,250000.0,11
2015-12-29,CRM-EFX,-109.21861267089844,250000.0,11
2015-12-29,MS-STT,781.7236976623535,250000.0,11
2015-12-30,KEY-ROK,4245.445693969727,250000.0,11
2015-12-30,CRM-EFX,1012.3960647583008,250000.0,11
2015-12-30,MS-STT,1386.9670295715332,250000.0,11
2015-12-31,KEY-ROK,1753.5006017684937,250000.0,11
2015-12-31,CRM-EFX,2292.224624633789,250000.0,11
2015-12-31,MS-STT,-665.7597198486328,250000.0,11
2016-01-04,KEY-ROK,2446.2731409072876,250000.0,11
2016-01-04,CRM-EFX,2388.797378540039,250000.0,11
2016-01-04,MS-STT,1667.4152870178223,250000.0,11
2016-01-04,TFC-ZTS,0.0,250000.0,11
2016-01-04,PNR-PPG,0.0,250000.0,11
2016-01-04,CL-NWSA,0.0,250000.0,11
2016-01-04,AMP-PNR,0.0,250000.0,11
2016-01-05,KEY-ROK,1820.748025894165,250000.0,11
2016-01-05,CRM-EFX,1763.733283996582,250000.0,11
2016-01-05,MS-STT,-58.14885330200195,250000.0,11
2016-01-05,TFC-ZTS,-3842.952461242676,250000.0,11
2016-01-05,PNR-PPG,2205.4589881896973,250000.0,11
2016-01-05,AMP-PNR,931.4871063232422,250000.0,11
2016-01-06,CRM-EFX,1843.8545150756836,250000.0,11
2016-01-06,PNR-PPG,1009.8357200622559,250000.0,11
2016-01-06,AMP-PNR,-3711.6226348876953,250000.0,11
2016-01-06,HON-ZTS,0.0,250000.0,11
2016-01-06,AME-EME,0.0,250000.0,11
2016-01-07,PNR-PPG,1833.6567764282227,250000.0,11
2016-01-07,HON-ZTS,622.7873344421387,250000.0,11
2016-01-07,AME-EME,2159.3456268310547,250000.0,11
2016-01-08,AME-EME,1781.240810394287,250000.0,11
2016-01-11,AME-EME,-3165.308979034424,250000.0,11
2016-01-11,HON-ZTS,0.0,250000.0,11
2016-01-12,AME-EME,-4944.913158416748,250000.0,11
2016-01-12,HON-ZTS,373.9337158203125,250000.0,11
2016-01-13,AME-EME,-1152.880142211914,250000.0,11
2016-01-13,HON-ZTS,-4267.0111083984375,250000.0,11
2016-01-14,AME-EME,-600.0751991271973,250000.0,11
2016-01-14,HON-ZTS,-3296.710205078125,250000.0,11
2016-01-15,AME-EME,-1596.8127136230469,250000.0,11
2016-01-15,HON-ZTS,-3924.7610473632812,250000.0,11
2016-01-19,AME-EME,2010.4955520629883,250000.0,11
2016-01-19,HON-ZTS,-4627.716064453125,250000.0,11
2016-01-20,AME-EME,-2026.0762252807617,250000.0,11
2016-01-20,HON-ZTS,1378.5678100585938,250000.0,11
2016-01-21,HON-ZTS,-3433.1451416015625,250000.0,11
2016-01-22,HON-ZTS,-4632.066955566406,250000.0,11
2016-01-25,HON-ZTS,-2517.0144653320312,250000.0,11
2016-01-28,TFC-ZTS,0.0,250000.0,11
2016-01-29,TFC-ZTS,-1562.4039039611816,250000.0,11
2016-02-01,TFC-ZTS,-712.3202991485596,250000.0,11
2016-02-02,TFC-ZTS,-5309.208850860596,250000.0,11
2016-02-05,DOV-ORCL,0.0,250000.0,11
2016-02-08,DOV-ORCL,115.04862213134766,250000.0,11
2016-02-09,DOV-ORCL,654.8325004577637,250000.0,11
2016-02-10,AMP-PNR,0.0,250000.0,11
2016-02-22,ORCL-RTX,0.0,250000.0,11
2016-02-22,HON-MTD,0.0,250000.0,11
2016-02-23,ORCL-RTX,-1514.8164443969727,250000.0,11
2016-02-23,HON-MTD,3560.466468811035,250000.0,11
2016-02-24,ORCL-RTX,-6439.849838256836,250000.0,11
2016-02-24,HON-MTD,3525.601577758789,250000.0,11
2016-02-25,HON-MTD,3673.5311279296875,250000.0,11
2016-02-26,HON-MTD,1673.9366760253906,250000.0,11
2016-02-29,HON-MTD,-1232.491569519043,250000.0,11
2016-01-04,CTAS-NDAQ,0.0,250000.0,12
2016-01-05,CTAS-NDAQ,-3217.538471221924,250000.0,12
2016-01-05,CFG-ZTS,0.0,250000.0,12
2016-01-06,CTAS-NDAQ,-4137.427417755127,250000.0,12
2016-01-06,CFG-ZTS,-3012.7562370300293,250000.0,12
2016-01-06,CMS-XEL,0.0,250000.0,12
2016-01-06,HON-ZTS,0.0,250000.0,12
2016-01-07,CFG-ZTS,-518.2085227966309,250000.0,12
2016-01-07,CMS-XEL,394.32483100891113,250000.0,12
2016-01-07,HON-ZTS,622.7873344421387,250000.0,12
2016-01-08,CFG-ZTS,-2677.0322647094727,250000.0,12
2016-01-11,HON-ZTS,0.0,250000.0,12
2016-01-12,HON-ZTS,373.9337158203125,250000.0,12
2016-01-13,HON-ZTS,-4267.0111083984375,250000.0,12
2016-01-14,HON-ZTS,-3296.710205078125,250000.0,12
2016-01-15,HON-ZTS,-3924.7610473632812,250000.0,12
2016-01-19,HON-ZTS,-4627.716064453125,250000.0,12
2016-01-20,HON-ZTS,1378.5678100585938,250000.0,12
2016-01-21,HON-ZTS,-3433.1451416015625,250000.0,12
2016-01-22,HON-ZTS,-4632.066955566406,250000.0,12
2016-01-25,HON-ZTS,-2517.0144653320312,250000.0,12
2016-02-11,LITE-VTRS,0.0,250000.0,12
2016-02-12,LITE-VTRS,2008.1330337524414,250000.0,12
2016-02-16,LITE-VTRS,5892.91609954834,250000.0,12
2016-02-17,LITE-VTRS,21341.869621276855,250000.0,12
2016-02-17,AMCR-MCK,0.0,250000.0,12
2016-02-18,LITE-VTRS,11926.141914367676,250000.0,12
2016-02-18,AMCR-MCK,-626.6160278320312,250000.0,12
2016-02-19,LITE-VTRS,18761.271118164062,250000.0,12
2016-02-19,AMCR-MCK,2088.7466735839844,250000.0,12
2016-02-22,LITE-VTRS,25709.254150390625,250000.0,12
2016-02-22,AMCR-MCK,-1381.6971130371094,250000.0,12
2016-02-22,HON-RJF,0.0,250000.0,12
2016-02-23,LITE-VTRS,25805.454307556152,250000.0,12
2016-02-23,HON-RJF,1526.7049713134766,250000.0,12
2016-02-24,LITE-VTRS,24091.7611618042,250000.0,12
2016-02-24,HON-RJF,3376.4319820404053,250000.0,12
2016-02-25,LITE-VTRS,29099.38117980957,250000.0,12
2016-02-25,HON-RJF,-441.4116096496582,250000.0,12
2016-02-26,LITE-VTRS,28867.39503479004,250000.0,12
2016-02-26,HON-RJF,-9015.272260665894,250000.0,12
2016-02-29,LITE-VTRS,16198.481323242188,250000.0,12
2016-02-29,HON-RJF,-8065.979404449463,250000.0,12
2016-03-01,LITE-VTRS,20132.643684387207,250000.0,12
2016-03-01,HON-RJF,-4498.741624832153,250000.0,12
2016-03-02,LITE-VTRS,15187.636863708496,250000.0,12
2016-03-02,HON-RJF,-4491.303359985352,250000.0,12
2016-03-03,LITE-VTRS,17674.261199951172,250000.0,12
2016-03-03,HON-RJF,-850.4687404632568,250000.0,12
2016-03-04,LITE-VTRS,8849.378562927246,250000.0,12
2016-03-04,HON-RJF,32.886165618896484,250000.0,12
2016-03-04,GDDY-MPWR,0.0,250000.0,12
2016-03-07,HON-RJF,-3218.0729598999023,250000.0,12
2016-03-07,GDDY-MPWR,3335.8594665527344,250000.0,12
2016-03-08,HON-RJF,3067.3105087280273,250000.0,12
2016-03-09,HON-RJF,6881.114084243774,250000.0,12
2016-03-10,AMCR-MCK,0.0,250000.0,12
2016-03-11,AMCR-MCK,8191.171203613281,250000.0,12
2016-03-14,AMCR-MCK,6003.803329467773,250000.0,12
2016-03-15,AMCR-MCK,-5926.227462768555,250000.0,12
2016-03-16,AMCR-MCK,-7942.969421386719,250000.0,12
2016-03-17,AMCR-MCK,-14629.173934936523,250000.0,12
2016-03-18,AMCR-MCK,-4359.312805175781,250000.0,12
2016-03-21,AMCR-MCK,-6608.73112487793,250000.0,12
2016-03-22,AMCR-MCK,-6996.661697387695,250000.0,12
2016-03-23,AMCR-MCK,-9447.78239440918,250000.0,12
2016-03-24,AMCR-MCK,-5941.650405883789,250000.0,12
2016-02-11,LITE-VTRS,0.0,250000.0,13
2016-02-12,LITE-VTRS,2008.1330337524414,250000.0,13
2016-02-16,LITE-VTRS,5892.91609954834,250000.0,13
2016-02-17,LITE-VTRS,21341.869621276855,250000.0,13
2016-02-18,LITE-VTRS,11926.141914367676,250000.0,13
2016-02-19,LITE-VTRS,18761.271118164062,250000.0,13
2016-02-22,LITE-VTRS,25709.254150390625,250000.0,13
2016-02-23,LITE-VTRS,25805.454307556152,250000.0,13
2016-02-24,LITE-VTRS,24091.7611618042,250000.0,13
2016-02-25,LITE-VTRS,29099.38117980957,250000.0,13
2016-02-25,FAST-SHW,0.0,250000.0,13
2016-02-26,LITE-VTRS,28867.39503479004,250000.0,13
2016-02-26,FAST-SHW,-6884.962934494019,250000.0,13
2016-02-29,LITE-VTRS,16198.481323242188,250000.0,13
2016-02-29,FAST-SHW,-4389.200702667236,250000.0,13
2016-02-29,MRK-SPGI,0.0,250000.0,13
2016-03-01,LITE-VTRS,20132.643684387207,250000.0,13
2016-03-01,FAST-SHW,-12141.2110080719,250000.0,13
2016-03-02,LITE-VTRS,15187.636863708496,250000.0,13
2016-03-02,FAST-SHW,-5431.439750671387,250000.0,13
2016-03-03,LITE-VTRS,17674.261199951172,250000.0,13
2016-03-03,FAST-SHW,-3019.954761505127,250000.0,13
2016-03-04,LITE-VTRS,8849.378562927246,250000.0,13
2016-03-04,FAST-SHW,-8823.174198150635,250000.0,13
2016-03-04,GDDY-MPWR,0.0,250000.0,13
2016-03-07,FAST-SHW,-8162.0772914886475,250000.0,13
2016-03-07,GDDY-MPWR,3335.8594665527344,250000.0,13
2016-03-08,FAST-SHW,-7671.923357009888,250000.0,13
2016-03-08,A-WTW,0.0,250000.0,13
2016-03-09,FAST-SHW,-6068.273307800293,250000.0,13
2016-03-09,A-WTW,693.3939208984375,250000.0,13
2016-03-10,FAST-SHW,-10202.061424255371,250000.0,13
2016-03-10,A-WTW,-846.6752090454102,250000.0,13
2016-03-10,AMCR-SPGI,0.0,250000.0,13
2016-03-11,A-WTW,-2040.7695388793945,250000.0,13
2016-03-11,AMCR-SPGI,5971.740646362305,250000.0,13
2016-03-11,CDNS-EXPE,0.0,250000.0,13
2016-03-14,A-WTW,-3228.785255432129,250000.0,13
2016-03-14,AMCR-SPGI,2501.671257019043,250000.0,13
2016-03-14,CDNS-EXPE,-2278.607192993164,250000.0,13
2016-03-15,AMCR-SPGI,591.8546676635742,250000.0,13
2016-03-15,CDNS-EXPE,-1377.4563674926758,250000.0,13
2016-03-16,AMCR-SPGI,4546.027450561523,250000.0,13
2016-03-16,CDNS-EXPE,7515.891540527344,250000.0,13
2016-03-16,CHTR-T,0.0,250000.0,13
2016-03-17,AMCR-SPGI,8177.496528625488,250000.0,13
2016-03-17,CHTR-T,-3815.603977203369,250000.0,13
2016-03-18,AMCR-SPGI,13126.927528381348,250000.0,13
2016-03-18,CHTR-T,-193.78742218017578,250000.0,13
2016-03-21,AMCR-SPGI,8849.979286193848,250000.0,13
2016-03-21,CHTR-T,-3430.655303955078,250000.0,13
2016-03-21,FAST-SHW,0.0,250000.0,13
2016-03-22,AMCR-SPGI,11539.814643859863,250000.0,13
2016-03-23,AMCR-SPGI,11593.654403686523,250000.0,13
2016-03-24,AMCR-SPGI,9360.966682434082,250000.0,13
2016-03-28,AMCR-SPGI,12050.94554901123,250000.0,13
2016-03-29,AMCR-SPGI,17619.163055419922,250000.0,13
2016-03-29,NTRS-RF,0.0,250000.0,13
2016-03-30,AMCR-SPGI,16220.381698608398,250000.0,13
2016-03-30,NTRS-RF,-2220.216655731201,250000.0,13
2016-03-30,NUE-PH,0.0,250000.0,13
2016-03-31,AMCR-SPGI,16328.037300109863,250000.0,13
2016-03-31,NTRS-RF,-2452.863537788391,250000.0,13
2016-04-01,AMCR-SPGI,17188.803749084473,250000.0,13
2016-04-04,AMCR-SPGI,14202.909507751465,250000.0,13
2016-04-05,AMCR-SPGI,9334.154434204102,250000.0,13
2016-04-06,AMCR-SPGI,12911.664161682129,250000.0,13
2016-04-28,FAST-SHW,0.0,250000.0,13
2016-04-29,FAST-SHW,-340.5817451477051,250000.0,13
2016-03-04,GDDY-MPWR,0.0,250000.0,14
2016-03-07,GDDY-MPWR,3335.8594665527344,250000.0,14
2016-03-07,ACN-V,0.0,250000.0,14
2016-03-08,A-WTW,0.0,250000.0,14
2016-03-09,A-WTW,693.3939208984375,250000.0,14
2016-03-10,A-WTW,-846.6752090454102,250000.0,14
2016-03-10,AMCR-SPGI,0.0,250000.0,14
2016-03-11,A-WTW,-2040.7695388793945,250000.0,14
2016-03-11,AMCR-SPGI,5971.740646362305,250000.0,14
2016-03-14,A-WTW,-3228.785255432129,250000.0,14
2016-03-14,AMCR-SPGI,2501.671257019043,250000.0,14
2016-03-15,AMCR-SPGI,591.8546676635742,250000.0,14
2016-03-16,AMCR-SPGI,4546.027450561523,250000.0,14
2016-03-17,AMCR-SPGI,8177.496528625488,250000.0,14
2016-03-18,AMCR-SPGI,13126.927528381348,250000.0,14
2016-03-21,AMCR-SPGI,8849.979286193848,250000.0,14
2016-03-22,AMCR-SPGI,11539.814643859863,250000.0,14
2016-03-23,AMCR-SPGI,11593.654403686523,250000.0,14
2016-03-24,AMCR-SPGI,9360.966682434082,250000.0,14
2016-03-24,NTRS-PRU,0.0,250000.0,14
2016-03-28,AMCR-SPGI,12050.94554901123,250000.0,14
2016-03-29,AMCR-SPGI,17619.163055419922,250000.0,14
2016-03-29,NTRS-RF,0.0,250000.0,14
2016-03-29,GDDY-WST,0.0,250000.0,14
2016-03-30,AMCR-SPGI,16220.381698608398,250000.0,14
2016-03-30,NTRS-RF,-2220.216655731201,250000.0,14
2016-03-30,GDDY-WST,2698.6048316955566,250000.0,14
2016-03-30,NUE-PH,0.0,250000.0,14
2016-03-31,AMCR-SPGI,16328.037300109863,250000.0,14
2016-03-31,NTRS-RF,-2452.863537788391,250000.0,14
2016-03-31,GDDY-WST,787.9364814758301,250000.0,14
2016-04-01,AMCR-SPGI,17188.803749084473,250000.0,14
2016-04-01,GDDY-WST,-1246.6554260253906,250000.0,14
2016-04-04,AMCR-SPGI,14202.909507751465,250000.0,14
2016-04-04,GDDY-WST,-1046.343448638916,250000.0,14
2016-04-04,GDDY-ROP,0.0,250000.0,14
2016-04-04,DOV-ORCL,0.0,250000.0,14
2016-04-05,AMCR-SPGI,9334.154434204102,250000.0,14
2016-04-05,DOV-ORCL,1322.713508605957,250000.0,14
2016-04-06,AMCR-SPGI,12911.664161682129,250000.0,14
2016-04-06,DOV-ORCL,2259.4073028564453,250000.0,14
2016-04-14,CLX-MAA,0.0,250000.0,14
2016-04-15,CLX-MAA,4622.601974487305,250000.0,14
2016-04-18,CLX-MAA,5798.177635192871,250000.0,14
2016-04-19,CLX-MAA,6747.297096252441,250000.0,14
2016-04-20,CLX-MAA,3321.322052001953,250000.0,14
2016-04-21,CLX-MAA,3730.082778930664,250000.0,14
2016-04-22,CLX-MAA,4329.8431396484375,250000.0,14
2016-04-25,CLX-MAA,5237.328742980957,250000.0,14
2016-05-16,GDDY-KLAC,0.0,250000.0,14
2016-05-17,GDDY-ROP,0.0,250000.0,14
2016-05-18,GDDY-ROP,1233.7411346435547,250000.0,14
2016-05-18,NTRS-RF,0.0,250000.0,14
2016-05-19,GDDY-ROP,3027.043357849121,250000.0,14
2016-05-19,NTRS-RF,2618.764596939087,250000.0,14
2016-05-20,GDDY-ROP,2028.085132598877,250000.0,14
2016-05-23,GDDY-MPWR,0.0,250000.0,14
2016-05-24,GDDY-MPWR,-4470.485382080078,250000.0,14
2016-05-24,AMCR-SPGI,0.0,250000.0,14
2016-05-25,GDDY-MPWR,-4376.853239059448,250000.0,14
2016-05-25,AMCR-SPGI,917.71240234375,250000.0,14
2016-05-26,GDDY-MPWR,-6931.457670211792,250000.0,14
2016-05-26,AMCR-SPGI,2842.5796508789062,250000.0,14
2016-05-26,NTRS-PRU,0.0,250000.0,14
2016-05-27,GDDY-MPWR,-7988.56459236145,250000.0,14
2016-05-27,AMCR-SPGI,425.2532958984375,250000.0,14
2016-05-27,NTRS-PRU,1904.7984161376953,250000.0,14
2016-05-31,GDDY-MPWR,-7293.101583480835,250000.0,14
2016-05-31,AMCR-SPGI,-335.791015625,250000.0,14
2016-05-31,NTRS-PRU,1428.8759002685547,250000.0,14
2016-04-04,DOV-ORCL,0.0,250000.0,15
2016-04-05,DOV-ORCL,1322.713508605957,250000.0,15
2016-04-06,DOV-ORCL,2259.4073028564453,250000.0,15
2016-04-08,CME-PYPL,0.0,250000.0,15
2016-04-08,CB-CCI,0.0,250000.0,15
2016-04-11,CME-PYPL,4745.554641723633,250000.0,15
2016-04-11,CB-CCI,1219.2221755981445,250000.0,15
2016-04-12,CME-PYPL,7853.480903625488,250000.0,15
2016-04-12,CB-CCI,1860.5651931762695,250000.0,15
2016-04-13,CME-PYPL,2299.7195625305176,250000.0,15
2016-04-14,CME-PYPL,6107.666549682617,250000.0,15
2016-04-15,CME-PYPL,8399.142070770264,250000.0,15
2016-04-18,CME-PYPL,1661.68208694458,250000.0,15
2016-04-19,CME-PYPL,8876.335079193115,250000.0,15
2016-04-20,CME-PYPL,5350.663967132568,250000.0,15
2016-04-21,CME-PYPL,5018.28816986084,250000.0,15
2016-04-22,CME-PYPL,8303.04375076294,250000.0,15
2016-04-25,CME-PYPL,9469.7370262146,250000.0,15
2016-05-18,CME-PYPL,0.0,250000.0,15
2016-05-19,CME-PYPL,-4265.05676651001,250000.0,15
2016-05-20,CME-PYPL,-7863.933666229248,250000.0,15
2016-05-23,CME-PYPL,-5160.656806945801,250000.0,15
2016-05-24,CME-PYPL,-5283.129245758057,250000.0,15
2016-05-25,CME-PYPL,-5338.004207611084,250000.0,15
2016-05-26,CME-PYPL,-8707.614608764648,250000.0,15
2016-05-26,SBAC-SW,0.0,250000.0,15
2016-05-26,NTRS-PRU,0.0,250000.0,15
2016-05-27,CME-PYPL,-13392.933513641357,250000.0,15
2016-05-27,SBAC-SW,435.580810546875,250000.0,15
2016-05-27,NTRS-PRU,1904.7984161376953,250000.0,15
2016-05-31,CME-PYPL,-12276.881088256836,250000.0,15
2016-05-31,SBAC-SW,2032.4658508300781,250000.0,15
2016-05-31,NTRS-PRU,1428.8759002685547,250000.0,15
2016-06-01,CME-PYPL,-9448.621341705322,250000.0,15
2016-06-01,SBAC-SW,-987.1012573242188,250000.0,15
2016-06-01,NTRS-PRU,-841.1649971008301,250000.0,15
2016-06-02,NTRS-PRU,-2188.925495147705,250000.0,15
2016-06-02,BALL-WTW,0.0,250000.0,15
2016-06-02,HAL-HLT,0.0,250000.0,15
2016-06-03,HAL-HLT,984.9549674987793,250000.0,15
2016-06-03,CB-CCI,0.0,250000.0,15
2016-06-06,HAL-HLT,4026.2868995666504,250000.0,15
2016-06-06,CB-CCI,-1713.588794708252,250000.0,15
2016-06-15,MRK-XYZ,0.0,250000.0,15
2016-06-23,COO-PCAR,0.0,250000.0,15
2016-06-24,AZO-MSI,0.0,250000.0,15
2016-06-24,BALL-WTW,0.0,250000.0,15
2016-06-24,SBAC-SW,0.0,250000.0,15
2016-06-24,A-WTW,0.0,250000.0,15
2016-06-24,CSGP-RVTY,0.0,250000.0,15
2016-06-27,AZO-MSI,-5238.6001625061035,250000.0,15
2016-06-27,BALL-WTW,-3917.9211082458496,250000.0,15
2016-06-27,SBAC-SW,6454.958633422852,250000.0,15
2016-06-27,A-WTW,-1845.2846794128418,250000.0,15
2016-06-27,CSGP-RVTY,1744.6290664672852,250000.0,15
2016-06-27,COO-PCAR,0.0,250000.0,15
2016-06-27,CB-CCI,0.0,250000.0,15
2016-06-28,BALL-WTW,-1977.4862060546875,250000.0,15
2016-06-28,SBAC-SW,-637.299446105957,250000.0,15
2016-06-28,A-WTW,5428.666717529297,250000.0,15
2016-06-28,CSGP-RVTY,1613.7929153442383,250000.0,15
2016-06-28,COO-PCAR,1320.058506011963,250000.0,15
2016-06-28,CB-CCI,3854.7113723754883,250000.0,15
2016-06-29,BALL-WTW,2601.3625869750977,250000.0,15
2016-06-29,SBAC-SW,-11441.773704528809,250000.0,15
2016-06-29,CSGP-RVTY,-740.6230773925781,250000.0,15
2016-06-29,COO-PCAR,4595.7706871032715,250000.0,15
2016-06-29,CB-CCI,5747.962348937988,250000.0,15
2016-06-30,SBAC-SW,-12826.996223449707,250000.0,15
2016-06-30,CSGP-RVTY,-2206.198066711426,250000.0,15
2016-06-30,COO-PCAR,9781.842386245728,250000.0,15
2016-05-03,SBAC-SYF,0.0,250000.0,16
2016-05-04,JPM-RJF,0.0,250000.0,16
2016-05-05,JPM-RJF,-2016.5819129943848,250000.0,16
2016-05-06,JPM-RJF,1421.3555088043213,250000.0,16
2016-05-09,JPM-RJF,970.4367771148682,250000.0,16
2016-05-10,JPM-RJF,-2893.991199493408,250000.0,16
2016-05-11,JPM-RJF,692.0741519927979,250000.0,16
2016-05-12,JPM-RJF,86.90299034118652,250000.0,16
2016-05-13,JPM-RJF,660.0856170654297,250000.0,16
2016-05-16,JPM-RJF,1912.7068309783936,250000.0,16
2016-05-17,JPM-RJF,1765.7469215393066,250000.0,16
2016-05-18,CME-PYPL,0.0,250000.0,16
2016-05-18,GILD-MET,0.0,250000.0,16
2016-05-18,PNC-RJF,0.0,250000.0,16
2016-05-19,CME-PYPL,-4265.05676651001,250000.0,16
2016-05-19,GILD-MET,2682.0730628967285,250000.0,16
2016-05-19,PNC-RJF,-1466.2106380462646,250000.0,16
2016-05-20,CME-PYPL,-7863.933666229248,250000.0,16
2016-05-20,GILD-MET,1681.1917114257812,250000.0,16
2016-05-20,PNC-RJF,304.87110900878906,250000.0,16
2016-05-23,CME-PYPL,-5160.656806945801,250000.0,16
2016-05-23,GILD-MET,3546.363967895508,250000.0,16
2016-05-23,PNC-RJF,2509.809690475464,250000.0,16
2016-05-24,CME-PYPL,-5283.129245758057,250000.0,16
2016-05-24,GILD-MET,2786.4865913391113,250000.0,16
2016-05-24,PNC-RJF,104.54169464111328,250000.0,16
2016-05-25,CME-PYPL,-5338.004207611084,250000.0,16
2016-05-25,GILD-MET,338.04432678222656,250000.0,16
2016-05-25,PNC-RJF,-4608.746572494507,250000.0,16
2016-05-26,CME-PYPL,-8707.614608764648,250000.0,16
2016-05-26,GILD-MET,2602.4564361572266,250000.0,16
2016-05-26,PNC-RJF,1322.1089401245117,250000.0,16
2016-05-26,NTRS-PRU,0.0,250000.0,16
2016-05-26,SBAC-SW,0.0,250000.0,16
2016-05-27,CME-PYPL,-13392.933513641357,250000.0,16
2016-05-27,GILD-MET,-526.4797134399414,250000.0,16
2016-05-27,PNC-RJF,503.2585220336914,250000.0,16
2016-05-27,NTRS-PRU,1904.7984161376953,250000.0,16
2016-05-27,SBAC-SW,435.580810546875,250000.0,16
2016-05-31,CME-PYPL,-12276.881088256836,250000.0,16
2016-05-31,GILD-MET,2350.1106605529785,250000.0,16
2016-05-31,PNC-RJF,7163.575435638428,250000.0,16
2016-05-31,NTRS-PRU,1428.8759002685547,250000.0,16
2016-05-31,SBAC-SW,2032.4658508300781,250000.0,16
2016-06-01,CME-PYPL,-9448.621341705322,250000.0,16
2016-06-01,GILD-MET,431.42777252197266,250000.0,16
2016-06-01,NTRS-PRU,-841.1649971008301,250000.0,16
2016-06-01,SBAC-SW,-987.1012573242188,250000.0,16
2016-06-02,GILD-MET,1007.3757781982422,250000.0,16
2016-06-02,NTRS-PRU,-2188.925495147705,250000.0,16
2016-06-03,CB-CCI,0.0,250000.0,16
2016-06-06,CB-CCI,-1713.588794708252,250000.0,16
2016-06-06,HPE-KLAC,0.0,250000.0,16
2016-06-07,HPE-KLAC,-368.0919542312622,250000.0,16
2016-06-08,HPE-KLAC,-433.4343523979187,250000.0,16
2016-06-09,HPE-KLAC,-507.69549322128296,250000.0,16
2016-06-10,HPE-KLAC,-1191.763831615448,250000.0,16
2016-06-13,HPE-KLAC,506.5658211708069,250000.0,16
2016-06-14,SBAC-SYF,0.0,250000.0,16
2016-06-14,BKR-BX,0.0,250000.0,16
2016-06-14,PNC-RJF,0.0,250000.0,16
2016-06-14,PFE-SYF,0.0,250000.0,16
2016-06-15,SBAC-SYF,-112.6926498413086,250000.0,16
2016-06-15,BKR-BX,672.1270160675049,250000.0,16
2016-06-15,PNC-RJF,-4512.494232177734,250000.0,16
2016-06-15,PFE-SYF,1587.3652801513672,250000.0,16
2016-06-16,SBAC-SYF,-4866.035285949707,250000.0,16
2016-06-16,BKR-BX,-2035.4909687042236,250000.0,16
2016-06-16,PNC-RJF,-7031.212890625,250000.0,16
2016-06-16,PFE-SYF,-2915.097343444824,250000.0,16
2016-06-17,SBAC-SYF,-4921.999092102051,250000.0,16
2016-06-17,BKR-BX,-4001.989896774292,250000.0,16
2016-06-17,PNC-RJF,-8818.11068725586,250000.0,16
2016-06-17,PFE-SYF,-2134.6312713623047,250000.0,16
2016-06-20,SBAC-SYF,-13633.511215209961,250000.0,16
2016-06-20,BKR-BX,3826.756296157837,250000.0,16
2016-06-20,PNC-RJF,-9247.129348754883,250000.0,16
2016-06-20,PFE-SYF,-5774.4936809539795,250000.0,16
2016-06-21,SBAC-SYF,-12414.504020690918,250000.0,16
2016-06-21,BKR-BX,545.6909809112549,250000.0,16
2016-06-21,PNC-RJF,-4195.912002563477,250000.0,16
2016-06-21,PFE-SYF,-4332.806968688965,250000.0,16
2016-06-21,GNRC-GRMN,0.0,250000.0,16
2016-06-22,SBAC-SYF,-16391.229858398438,250000.0,16
2016-06-22,PNC-RJF,-3515.4835052490234,250000.0,16
2016-06-22,PFE-SYF,-6079.985960006714,250000.0,16
2016-06-22,GNRC-GRMN,-2327.501323699951,250000.0,16
2016-06-22,HPE-KLAC,0.0,250000.0,16
2016-06-23,PNC-RJF,4505.287490844727,250000.0,16
2016-06-23,PFE-SYF,-2023.2305221557617,250000.0,16
2016-06-23,GNRC-GRMN,-5374.129619598389,250000.0,16
2016-06-23,HPE-KLAC,-160.6569585800171,250000.0,16
2016-06-24,PFE-SYF,-11420.844289779663,250000.0,16
2016-06-24,GNRC-GRMN,1860.3779487609863,250000.0,16
2016-06-24,HPE-KLAC,1855.3430786132812,250000.0,16
2016-06-24,SBAC-SW,0.0,250000.0,16
2016-06-27,SBAC-SW,6454.958633422852,250000.0,16
2016-06-27,CB-CCI,0.0,250000.0,16
2016-06-27,CAT-ROK,0.0,250000.0,16
2016-06-28,SBAC-SW,-637.299446105957,250000.0,16
2016-06-28,CB-CCI,3854.7113723754883,250000.0,16
2016-06-28,CAT-ROK,1464.8549308776855,250000.0,16
2016-06-29,SBAC-SW,-11441.773704528809,250000.0,16
2016-06-29,CB-CCI,5747.962348937988,250000.0,16
2016-06-29,CAT-ROK,1661.9555702209473,250000.0,16
2016-06-30,SBAC-SW,-12826.996223449707,250000.0,16
2016-07-01,SBAC-SW,-18229.303367614746,250000.0,16
2016-07-05,SBAC-SW,-15597.441261291504,250000.0,16
2016-07-06,SBAC-SW,-17564.348014831543,250000.0,16
2016-07-08,IT-LH,0.0,250000.0,16
2016-07-11,IT-LH,-137.02491760253906,250000.0,16
2016-07-12,IT-LH,-506.9363708496094,250000.0,16
2016-07-13,IT-LH,-407.5052947998047,250000.0,16
2016-07-14,IT-LH,-687.5950012207031,250000.0,16
2016-07-15,IT-LH,-1319.491928100586,250000.0,16
2016-07-18,IT-LH,-3026.947769165039,250000.0,16
2016-07-19,IT-LH,-3523.8312377929688,250000.0,16
2016-07-20,IT-LH,-3996.2176666259766,250000.0,16
2016-07-21,IT-LH,-4459.114242553711,250000.0,16
2016-07-22,IT-LH,-4502.949554443359,250000.0,16
2016-06-03,CB-CCI,0.0,250000.0,17
2016-06-03,CFG-TXT,0.0,250000.0,17
2016-06-03,ALGN-XYL,0.0,250000.0,17
2016-06-06,CB-CCI,-1713.588794708252,250000.0,17
2016-06-06,CFG-TXT,1787.8110246658325,250000.0,17
2016-06-06,ALGN-XYL,-378.02301025390625,250000.0,17
2016-06-06,HPE-KLAC,0.0,250000.0,17
2016-06-07,CFG-TXT,3064.8122148513794,250000.0,17
2016-06-07,ALGN-XYL,-1609.7747764587402,250000.0,17
2016-06-07,HPE-KLAC,-368.0919542312622,250000.0,17
2016-06-08,CFG-TXT,3764.5360288619995,250000.0,17
2016-06-08,ALGN-XYL,-2876.548023223877,250000.0,17
2016-06-08,HPE-KLAC,-433.4343523979187,250000.0,17
2016-06-09,CFG-TXT,1271.8448705673218,250000.0,17
2016-06-09,ALGN-XYL,-1169.0231971740723,250000.0,17
2016-06-09,HPE-KLAC,-507.69549322128296,250000.0,17
2016-06-10,CFG-TXT,1443.8401937484741,250000.0,17
2016-06-10,ALGN-XYL,-1305.818992614746,250000.0,17
2016-06-10,HPE-KLAC,-1191.763831615448,250000.0,17
2016-06-10,CINF-META,0.0,250000.0,17
2016-06-13,CFG-TXT,2782.616554260254,250000.0,17
2016-06-13,ALGN-XYL,-1432.65873336792,250000.0,17
2016-06-13,HPE-KLAC,506.5658211708069,250000.0,17
2016-06-13,CINF-META,-3659.782928466797,250000.0,17
2016-06-14,CFG-TXT,-1325.2505865097046,250000.0,17
2016-06-14,ALGN-XYL,514.775276184082,250000.0,17
2016-06-14,CINF-META,-1243.4759140014648,250000.0,17
2016-06-14,BKR-BX,0.0,250000.0,17
2016-06-15,CFG-TXT,-4075.8858919143677,250000.0,17
2016-06-15,ALGN-XYL,1595.0716438293457,250000.0,17
2016-06-15,CINF-META,-233.72987365722656,250000.0,17
2016-06-15,BKR-BX,672.1270160675049,250000.0,17
2016-06-16,ALGN-XYL,3063.1975860595703,250000.0,17
2016-06-16,CINF-META,-2481.1700439453125,250000.0,17
2016-06-16,BKR-BX,-2035.4909687042236,250000.0,17
2016-06-16,ADM-QCOM,0.0,250000.0,17
2016-06-17,ALGN-XYL,1717.8484725952148,250000.0,17
2016-06-17,CINF-META,-3973.5409774780273,250000.0,17
2016-06-17,BKR-BX,-4001.989896774292,250000.0,17
2016-06-17,ADM-QCOM,242.44173049926758,250000.0,17
2016-06-20,CINF-META,-6160.753326416016,250000.0,17
2016-06-20,BKR-BX,3826.756296157837,250000.0,17
2016-06-20,ADM-QCOM,-890.3835296630859,250000.0,17
2016-06-21,CINF-META,-6043.350975036621,250000.0,17
2016-06-21,BKR-BX,545.6909809112549,250000.0,17
2016-06-21,ADM-QCOM,-2512.464179992676,250000.0,17
2016-06-21,GNRC-GRMN,0.0,250000.0,17
2016-06-22,GNRC-GRMN,-2327.501323699951,250000.0,17
2016-06-22,HPE-KLAC,0.0,250000.0,17
2016-06-23,GNRC-GRMN,-5374.129619598389,250000.0,17
2016-06-23,HPE-KLAC,-160.6569585800171,250000.0,17
2016-06-24,GNRC-GRMN,1860.3779487609863,250000.0,17
2016-06-24,HPE-KLAC,1855.3430786132812,250000.0,17
2016-06-24,AZO-MSI,0.0,250000.0,17
2016-06-24,WAT-WTW,0.0,250000.0,17
2016-06-24,ALLE-DHR,0.0,250000.0,17
2016-06-27,AZO-MSI,-5238.6001625061035,250000.0,17
2016-06-27,WAT-WTW,-2473.7977142333984,250000.0,17
2016-06-27,ALLE-DHR,-4237.451374053955,250000.0,17
2016-06-27,CB-CCI,0.0,250000.0,17
2016-06-27,CME-TRMB,0.0,250000.0,17
2016-06-28,WAT-WTW,4905.268737792969,250000.0,17
2016-06-28,ALLE-DHR,2868.650344848633,250000.0,17
2016-06-28,CB-CCI,3854.7113723754883,250000.0,17
2016-06-28,CME-TRMB,-3704.522808074951,250000.0,17
2016-06-29,ALLE-DHR,3923.2918128967285,250000.0,17
2016-06-29,CB-CCI,5747.962348937988,250000.0,17
2016-06-29,CME-TRMB,-3853.322292327881,250000.0,17
2016-07-05,ALLE-DHR,0.0,250000.0,17
2016-07-06,ALLE-DHR,255.61060333251953,250000.0,17
2016-07-06,CINF-META,0.0,250000.0,17
2016-07-07,ALLE-DHR,1435.169044494629,250000.0,17
2016-07-07,CINF-META,1750.8651580810547,250000.0,17
2016-07-08,CINF-META,-204.39723205566406,250000.0,17
2016-07-11,CINF-META,-909.6243705749512,250000.0,17
2016-07-12,CINF-META,-1136.236125946045,250000.0,17
2016-07-13,CINF-META,1481.3581619262695,250000.0,17
2016-07-14,CINF-META,1173.2301559448242,250000.0,17
2016-07-15,CINF-META,973.8438186645508,250000.0,17
2016-07-18,CINF-META,-5047.333545684814,250000.0,17
2016-08-10,HPE-KLAC,0.0,250000.0,17
2016-08-11,HPE-KLAC,-6210.856845855713,250000.0,17
2016-08-12,HPE-KLAC,-3892.425247192383,250000.0,17
2016-08-15,HPE-KLAC,-202.84061431884766,250000.0,17
2016-08-15,CFG-TXT,0.0,250000.0,17
2016-08-16,HPE-KLAC,-1346.0032005310059,250000.0,17
2016-08-16,CFG-TXT,49.563377380371094,250000.0,17
2016-08-16,CMS-XEL,0.0,250000.0,17
2016-08-17,HPE-KLAC,2114.5051918029785,250000.0,17
2016-08-17,CFG-TXT,-1041.98095703125,250000.0,17
2016-08-17,CMS-XEL,-227.4872531890869,250000.0,17
2016-08-17,CME-TRMB,0.0,250000.0,17
2016-08-18,HPE-KLAC,1494.0566329956055,250000.0,17
2016-08-18,CFG-TXT,-2059.1183700561523,250000.0,17
2016-08-18,CME-TRMB,1332.742088317871,250000.0,17
2016-08-19,HPE-KLAC,5831.484573364258,250000.0,17
2016-08-19,CFG-TXT,-2002.0457611083984,250000.0,17
2016-08-19,CME-TRMB,3142.454788208008,250000.0,17
2016-08-22,HPE-KLAC,4014.273727416992,250000.0,17
2016-08-22,CFG-TXT,-3083.6152267456055,250000.0,17
2016-08-22,CME-TRMB,665.7042236328125,250000.0,17
2016-08-23,HPE-KLAC,-4898.351085662842,250000.0,17
2016-08-23,CME-TRMB,2861.8188285827637,250000.0,17
2016-08-23,EQIX-NOC,0.0,250000.0,17
2016-08-24,HPE-KLAC,-7056.4088706970215,250000.0,17
2016-08-24,CME-TRMB,-1196.8659172058105,250000.0,17
2016-08-24,EQIX-NOC,373.0457458496094,250000.0,17
2016-08-25,CME-TRMB,-268.41291427612305,250000.0,17
2016-08-25,EQIX-NOC,994.9587707519531,250000.0,17
2016-08-26,CME-TRMB,-102.18190002441406,250000.0,17
2016-08-26,EQIX-NOC,-981.7186584472656,250000.0,17
2016-08-29,CME-TRMB,-2156.224712371826,250000.0,17
2016-08-29,EQIX-NOC,-639.2599182128906,250000.0,17
2016-08-30,CME-TRMB,-3235.053493499756,250000.0,17
2016-08-30,EQIX-NOC,-1124.3025512695312,250000.0,17
2016-08-31,CME-TRMB,-4524.908836364746,250000.0,17
2016-08-31,EQIX-NOC,-1932.3033447265625,250000.0,17
2016-07-01,AOS-DHR,0.0,250000.0,18
2016-07-05,ALLE-DHR,0.0,250000.0,18
2016-07-06,ALLE-DHR,255.61060333251953,250000.0,18
2016-07-07,ALLE-DHR,1435.169044494629,250000.0,18
2016-07-19,LIN-ORCL,0.0,250000.0,18
2016-07-20,LIN-ORCL,924.2211570739746,250000.0,18
2016-07-21,LIN-ORCL,551.0777893066406,250000.0,18
2016-07-22,LIN-ORCL,587.443359375,250000.0,18
2016-07-25,LIN-ORCL,1025.2979202270508,250000.0,18
2016-07-26,LIN-ORCL,-1109.0047798156738,250000.0,18
2016-07-27,LIN-ORCL,-1108.656665802002,250000.0,18
2016-08-10,HPE-KLAC,0.0,250000.0,18
2016-08-11,HPE-KLAC,-6210.856845855713,250000.0,18
2016-08-12,HPE-KLAC,-3892.425247192383,250000.0,18
2016-08-15,HPE-KLAC,-202.84061431884766,250000.0,18
2016-08-16,HPE-KLAC,-1346.0032005310059,250000.0,18
2016-08-16,CMS-XEL,0.0,250000.0,18
2016-08-16,LIN-ORCL,0.0,250000.0,18
2016-08-17,HPE-KLAC,2114.5051918029785,250000.0,18
2016-08-17,CMS-XEL,-227.4872531890869,250000.0,18
2016-08-17,LIN-ORCL,425.16888427734375,250000.0,18
2016-08-17,CME-TRMB,0.0,250000.0,18
2016-08-17,CME-GRMN,0.0,250000.0,18
2016-08-18,HPE-KLAC,1494.0566329956055,250000.0,18
2016-08-18,LIN-ORCL,-1903.7178955078125,250000.0,18
2016-08-18,CME-TRMB,1332.742088317871,250000.0,18
2016-08-18,CME-GRMN,-2140.4711837768555,250000.0,18
2016-08-19,HPE-KLAC,5831.484573364258,250000.0,18
2016-08-19,LIN-ORCL,-1695.205078125,250000.0,18
2016-08-19,CME-TRMB,3142.454788208008,250000.0,18
2016-08-19,CME-GRMN,-2115.3441467285156,250000.0,18
2016-08-22,HPE-KLAC,4014.273727416992,250000.0,18
2016-08-22,LIN-ORCL,-2129.4228515625,250000.0,18
2016-08-22,CME-TRMB,665.7042236328125,250000.0,18
2016-08-22,CME-GRMN,-7165.392311096191,250000.0,18
2016-08-23,HPE-KLAC,-4898.351085662842,250000.0,18
2016-08-23,LIN-ORCL,-461.7431640625,250000.0,18
2016-08-23,CME-TRMB,2861.8188285827637,250000.0,18
2016-08-23,CME-GRMN,-5972.103973388672,250000.0,18
2016-08-24,HPE-KLAC,-7056.4088706970215,250000.0,18
2016-08-24,LIN-ORCL,-2590.0474853515625,250000.0,18
2016-08-24,CME-TRMB,-1196.8659172058105,250000.0,18
2016-08-25,CME-TRMB,-268.41291427612305,250000.0,18
2016-08-25,FICO-ITW,0.0,250000.0,18
2016-08-25,CME-L,0.0,250000.0,18
2016-08-26,CME-TRMB,-102.18190002441406,250000.0,18
2016-08-29,CME-TRMB,-2156.224712371826,250000.0,18
2016-08-30,CME-TRMB,-3235.053493499756,250000.0,18
2016-08-31,CME-TRMB,-4524.908836364746,250000.0,18
2016-08-31,CME-DOV,0.0,250000.0,18
2016-09-01,CME-DOV,-577.0195922851562,250000.0,18
2016-09-01,COST-INTC,0.0,250000.0,18
2016-09-01,ALGN-XYL,0.0,250000.0,18
2016-09-01,CME-L,0.0,250000.0,18
2016-09-02,CME-DOV,535.1170883178711,250000.0,18
2016-09-02,COST-INTC,2623.3712043762207,250000.0,18
2016-09-02,ALGN-XYL,-1072.530387878418,250000.0,18
2016-09-06,CME-DOV,258.8257293701172,250000.0,18
2016-09-06,COST-INTC,-639.5913906097412,250000.0,18
2016-09-06,ALGN-XYL,102.56643676757812,250000.0,18
2016-09-07,CME-DOV,-766.0508422851562,250000.0,18
2016-09-07,COST-INTC,-4032.3825759887695,250000.0,18
2016-09-07,ALGN-XYL,-1882.644287109375,250000.0,18
2016-09-07,CMS-XEL,0.0,250000.0,18
2016-09-07,FICO-HON,0.0,250000.0,18
2016-09-08,CME-DOV,2739.2247924804688,250000.0,18
2016-09-08,COST-INTC,-7620.437591552734,250000.0,18
2016-09-08,ALGN-XYL,249.6988067626953,250000.0,18
2016-09-08,CMS-XEL,539.5150394439697,250000.0,18
2016-09-08,FICO-HON,-1014.7952728271484,250000.0,18
2016-09-09,COST-INTC,-5437.800127029419,250000.0,18
2016-09-09,CME-TRMB,0.0,250000.0,18
2016-09-12,COST-INTC,-8179.0817527771,250000.0,18
2016-09-12,CME-TRMB,1380.671485900879,250000.0,18
2016-09-13,COST-INTC,-6548.808103561401,250000.0,18
2016-09-13,CME-TRMB,-1719.3045845031738,250000.0,18
2016-09-14,COST-INTC,-6704.198322296143,250000.0,18
2016-09-14,CME-TRMB,-2196.590211868286,250000.0,18
2016-09-14,FITB-TXT,0.0,250000.0,18
2016-09-15,COST-INTC,-9827.224048614502,250000.0,18
2016-09-15,CME-TRMB,-1415.8934803009033,250000.0,18
2016-09-15,FITB-TXT,1224.5424098968506,250000.0,18
2016-09-16,CME-TRMB,-6040.942211151123,250000.0,18
2016-09-16,FITB-TXT,-1128.9344320297241,250000.0,18
2016-09-16,MO-NI,0.0,250000.0,18
2016-09-19,CME-TRMB,-1272.7111587524414,250000.0,18
2016-09-19,FITB-TXT,-1379.7407865524292,250000.0,18
2016-09-19,MO-NI,-3552.4664554595947,250000.0,18
2016-09-20,CME-TRMB,2184.4089126586914,250000.0,18
2016-09-20,FITB-TXT,-2617.0125494003296,250000.0,18
2016-09-20,MO-NI,-4253.748119354248,250000.0,18
2016-09-20,FICO-ITW,0.0,250000.0,18
2016-09-21,FITB-TXT,-1070.4555549621582,250000.0,18
2016-09-21,FICO-ITW,-2169.583999633789,250000.0,18
2016-09-22,FITB-TXT,1255.8938102722168,250000.0,18
2016-09-22,FICO-ITW,-1657.0487976074219,250000.0,18
2016-09-22,CME-NDSN,0.0,250000.0,18
2016-09-23,FITB-TXT,-1468.060341835022,250000.0,18
2016-09-23,FICO-ITW,636.3018951416016,250000.0,18
2016-09-23,CME-NDSN,878.6215133666992,250000.0,18
2016-09-26,FITB-TXT,731.1745843887329,250000.0,18
2016-09-26,FICO-ITW,-1.7231216430664062,250000.0,18
2016-09-26,CME-NDSN,-1358.877540588379,250000.0,18
2016-09-27,FITB-TXT,1083.3062353134155,250000.0,18
2016-09-27,FICO-ITW,-3367.5028762817383,250000.0,18
2016-09-27,CME-NDSN,-2862.1244735717773,250000.0,18
2016-09-28,FITB-TXT,5283.69539642334,250000.0,18
2016-09-28,CME-NDSN,-4181.55598449707,250000.0,18
2016-09-29,FITB-TXT,3417.8104705810547,250000.0,18
2016-09-29,CME-NDSN,-6503.422454833984,250000.0,18
2016-09-30,FITB-TXT,3191.117687225342,250000.0,18
2016-09-30,CME-NDSN,-7663.07373046875,250000.0,18
2016-08-03,FISV-MMM,0.0,250000.0,19
2016-08-04,FISV-MMM,2614.0553970336914,250000.0,19
2016-08-05,FISV-MMM,922.5550003051758,250000.0,19
2016-08-08,FISV-MMM,-1019.2306709289551,250000.0,19
2016-08-09,FISV-MMM,-431.6772766113281,250000.0,19
2016-08-10,FISV-MMM,-1034.1676483154297,250000.0,19
2016-08-10,HPE-KLAC,0.0,250000.0,19
2016-08-11,FISV-MMM,-5374.186180114746,250000.0,19
2016-08-11,HPE-KLAC,-6210.856845855713,250000.0,19
2016-08-12,FISV-MMM,-4399.507850646973,250000.0,19
2016-08-12,HPE-KLAC,-3892.425247192383,250000.0,19
2016-08-15,FISV-MMM,-5432.337844848633,250000.0,19
2016-08-15,HPE-KLAC,-202.84061431884766,250000.0,19
2016-08-15,EFX-LMT,0.0,250000.0,19
2016-08-16,FISV-MMM,-5894.045528411865,250000.0,19
2016-08-16,HPE-KLAC,-1346.0032005310059,250000.0,19
2016-08-16,CMS-XEL,0.0,250000.0,19
2016-08-16,LIN-ORCL,0.0,250000.0,19
2016-08-17,FISV-MMM,-6341.258674621582,250000.0,19
2016-08-17,HPE-KLAC,2114.5051918029785,250000.0,19
2016-08-17,CMS-XEL,-227.4872531890869,250000.0,19
2016-08-17,LIN-ORCL,425.16888427734375,250000.0,19
2016-08-18,HPE-KLAC,1494.0566329956055,250000.0,19
2016-08-18,LIN-ORCL,-1903.7178955078125,250000.0,19
2016-08-18,EXPD-SLB,0.0,250000.0,19
2016-08-19,HPE-KLAC,5831.484573364258,250000.0,19
2016-08-19,LIN-ORCL,-1695.205078125,250000.0,19
2016-08-19,EXPD-SLB,3938.224411010742,250000.0,19
2016-08-22,HPE-KLAC,4014.273727416992,250000.0,19
2016-08-22,LIN-ORCL,-2129.4228515625,250000.0,19
2016-08-23,HPE-KLAC,-4898.351085662842,250000.0,19
2016-08-23,LIN-ORCL,-461.7431640625,250000.0,19
2016-08-24,HPE-KLAC,-7056.4088706970215,250000.0,19
2016-08-24,LIN-ORCL,-2590.0474853515625,250000.0,19
2016-08-25,FICO-ITW,0.0,250000.0,19
2016-08-31,CME-DOV,0.0,250000.0,19
2016-09-01,CME-DOV,-577.0195922851562,250000.0,19
2016-09-01,COST-INTC,0.0,250000.0,19
2016-09-02,CME-DOV,535.1170883178711,250000.0,19
2016-09-02,COST-INTC,2623.3712043762207,250000.0,19
2016-09-02,AON-BRO,0.0,250000.0,19
2016-09-06,CME-DOV,258.8257293701172,250000.0,19
2016-09-06,COST-INTC,-639.5913906097412,250000.0,19
2016-09-06,AON-BRO,1066.135353088379,250000.0,19
2016-09-06,GOOG-MSFT,0.0,250000.0,19
2016-09-06,GOOGL-MSFT,0.0,250000.0,19
2016-09-07,CME-DOV,-766.0508422851562,250000.0,19
2016-09-07,COST-INTC,-4032.3825759887695,250000.0,19
2016-09-07,GOOG-MSFT,104.47185516357422,250000.0,19
2016-09-07,GOOGL-MSFT,227.73295211791992,250000.0,19
2016-09-07,CMS-XEL,0.0,250000.0,19
2016-09-08,CME-DOV,2739.2247924804688,250000.0,19
2016-09-08,COST-INTC,-7620.437591552734,250000.0,19
2016-09-08,GOOG-MSFT,1202.3441925048828,250000.0,19
2016-09-08,GOOGL-MSFT,1085.8629570007324,250000.0,19
2016-09-08,CMS-XEL,539.5150394439697,250000.0,19
2016-09-09,COST-INTC,-5437.800127029419,250000.0,19
2016-09-09,GOOG-MSFT,2433.2659225463867,250000.0,19
2016-09-09,GOOGL-MSFT,967.0406341552734,250000.0,19
2016-09-09,FISV-MMM,0.0,250000.0,19
2016-09-12,COST-INTC,-8179.0817527771,250000.0,19
2016-09-12,GOOG-MSFT,2178.3433837890625,250000.0,19
2016-09-12,GOOGL-MSFT,885.5100288391113,250000.0,19
2016-09-12,FISV-MMM,2724.818817138672,250000.0,19
2016-09-13,COST-INTC,-6548.808103561401,250000.0,19
2016-09-13,GOOGL-MSFT,2269.0714073181152,250000.0,19
2016-09-13,FISV-MMM,1450.444564819336,250000.0,19
2016-09-14,COST-INTC,-6704.198322296143,250000.0,19
2016-09-14,GOOGL-MSFT,470.3587303161621,250000.0,19
2016-09-14,FISV-MMM,1648.3872413635254,250000.0,19
2016-09-14,FITB-TXT,0.0,250000.0,19
2016-09-15,COST-INTC,-9827.224048614502,250000.0,19
2016-09-15,GOOGL-MSFT,624.4377250671387,250000.0,19
2016-09-15,FITB-TXT,1224.5424098968506,250000.0,19
2016-09-16,GOOGL-MSFT,2059.8203773498535,250000.0,19
2016-09-16,FITB-TXT,-1128.9344320297241,250000.0,19
2016-09-19,GOOGL-MSFT,1601.053768157959,250000.0,19
2016-09-19,FITB-TXT,-1379.7407865524292,250000.0,19
2016-09-19,EFX-LMT,0.0,250000.0,19
2016-09-20,GOOGL-MSFT,-501.83555603027344,250000.0,19
2016-09-20,FITB-TXT,-2617.0125494003296,250000.0,19
2016-09-20,EFX-LMT,764.5604629516602,250000.0,19
2016-09-20,FICO-ITW,0.0,250000.0,19
2016-09-21,GOOGL-MSFT,1728.599681854248,250000.0,19
2016-09-21,FITB-TXT,-1070.4555549621582,250000.0,19
2016-09-21,EFX-LMT,-1222.0271682739258,250000.0,19
2016-09-21,FICO-ITW,-2169.583999633789,250000.0,19
2016-09-22,FITB-TXT,1255.8938102722168,250000.0,19
2016-09-22,FICO-ITW,-1657.0487976074219,250000.0,19
2016-09-22,GOOG-MSFT,0.0,250000.0,19
2016-09-23,FITB-TXT,-1468.060341835022,250000.0,19
2016-09-23,FICO-ITW,636.3018951416016,250000.0,19
2016-09-23,GOOG-MSFT,-1562.3843231201172,250000.0,19
2016-09-26,FITB-TXT,731.1745843887329,250000.0,19
2016-09-26,FICO-ITW,-1.7231216430664062,250000.0,19
2016-09-26,GOOG-MSFT,1215.5420608520508,250000.0,19
2016-09-27,FITB-TXT,1083.3062353134155,250000.0,19
2016-09-27,FICO-ITW,-3367.5028762817383,250000.0,19
2016-09-28,FITB-TXT,5283.69539642334,250000.0,19
2016-09-29,FITB-TXT,3417.8104705810547,250000.0,19
2016-09-29,MPC-RL,0.0,250000.0,19
2016-09-30,FITB-TXT,3191.117687225342,250000.0,19
2016-09-30,MPC-RL,-1308.2048721313477,250000.0,19
2016-10-03,FITB-TXT,4940.011938095093,250000.0,19
2016-10-03,MPC-RL,275.86344146728516,250000.0,19
2016-10-04,MPC-RL,3081.181121826172,250000.0,19
2016-10-05,MPC-RL,6978.975158691406,250000.0,19
2016-10-06,MPC-RL,3072.519989013672,250000.0,19
2016-10-07,MPC-RL,-2626.5359802246094,250000.0,19
2016-10-10,MPC-RL,-2181.3073654174805,250000.0,19
2016-10-11,MPC-RL,-378.0017776489258,250000.0,19
2016-10-11,CCI-MDT,0.0,250000.0,19
2016-10-12,MPC-RL,319.75685119628906,250000.0,19
2016-10-12,CCI-MDT,-136.1790313720703,250000.0,19
2016-10-13,MPC-RL,5100.547348022461,250000.0,19
2016-10-13,CCI-MDT,-1485.9489059448242,250000.0,19
2016-10-14,CCI-MDT,-3423.645538330078,250000.0,19
2016-10-17,CCI-MDT,-3818.5638885498047,250000.0,19
2016-10-18,CCI-MDT,-765.0124130249023,250000.0,19
2016-10-19,CCI-MDT,-333.69165802001953,250000.0,19
2016-10-20,CCI-MDT,827.2571716308594,250000.0,19
2016-10-21,CCI-MDT,-1680.2955780029297,250000.0,19
2016-10-24,CCI-MDT,-3654.510398864746,250000.0,19
2016-10-25,CCI-MDT,-5374.932094573975,250000.0,19
2016-09-01,LULU-WMT,0.0,250000.0,20
2016-09-02,AON-BRO,0.0,250000.0,20
2016-09-02,ED-LULU,0.0,250000.0,20
2016-09-06,AON-BRO,1066.135353088379,250000.0,20
2016-09-06,ED-LULU,-7866.208213806152,250000.0,20
2016-09-06,ADI-HPQ,0.0,250000.0,20
2016-09-06,AES-TJX,0.0,250000.0,20
2016-09-07,ED-LULU,-4151.887996673584,250000.0,20
2016-09-07,AES-TJX,-823.6110401153564,250000.0,20
2016-09-07,CMS-XEL,0.0,250000.0,20
2016-09-08,ED-LULU,-11102.178649902344,250000.0,20
2016-09-08,AES-TJX,-4489.929010391235,250000.0,20
2016-09-08,CMS-XEL,539.5150394439697,250000.0,20
2016-09-09,ED-LULU,2720.694881439209,250000.0,20
2016-09-09,AES-TJX,-4306.391796112061,250000.0,20
2016-09-09,GNRC-WYNN,0.0,250000.0,20
2016-09-12,ED-LULU,-2402.878273010254,250000.0,20
2016-09-12,AES-TJX,-3776.5483169555664,250000.0,20
2016-09-12,GNRC-WYNN,-11192.729633331299,250000.0,20
2016-09-13,ED-LULU,5066.535984039307,250000.0,20
2016-09-13,AES-TJX,-6235.446895599365,250000.0,20
2016-09-13,GNRC-WYNN,-13852.167308807373,250000.0,20
2016-09-14,ED-LULU,169.97919082641602,250000.0,20
2016-09-14,AES-TJX,-6134.474607467651,250000.0,20
2016-09-14,GNRC-WYNN,-23493.76198577881,250000.0,20
2016-09-14,FITB-TXT,0.0,250000.0,20
2016-09-15,ED-LULU,-2917.0389556884766,250000.0,20
2016-09-15,AES-TJX,-5141.04275894165,250000.0,20
2016-09-15,FITB-TXT,1224.5424098968506,250000.0,20
2016-09-16,ED-LULU,-7921.296936035156,250000.0,20
2016-09-16,AES-TJX,-6257.9746017456055,250000.0,20
2016-09-16,FITB-TXT,-1128.9344320297241,250000.0,20
2016-09-19,FITB-TXT,-1379.7407865524292,250000.0,20
2016-09-20,FITB-TXT,-2617.0125494003296,250000.0,20
2016-09-20,FICO-ITW,0.0,250000.0,20
2016-09-21,FITB-TXT,-1070.4555549621582,250000.0,20
2016-09-21,FICO-ITW,-2169.583999633789,250000.0,20
2016-09-22,FITB-TXT,1255.8938102722168,250000.0,20
2016-09-22,FICO-ITW,-1657.0487976074219,250000.0,20
2016-09-23,FITB-TXT,-1468.060341835022,250000.0,20
2016-09-23,FICO-ITW,636.3018951416016,250000.0,20
2016-09-26,FITB-TXT,731.1745843887329,250000.0,20
2016-09-26,FICO-ITW,-1.7231216430664062,250000.0,20
2016-09-27,FITB-TXT,1083.3062353134155,250000.0,20
2016-09-27,FICO-ITW,-3367.5028762817383,250000.0,20
2016-09-28,FITB-TXT,5283.69539642334,250000.0,20
2016-09-28,FISV-XOM,0.0,250000.0,20
2016-09-29,FITB-TXT,3417.8104705810547,250000.0,20
2016-09-29,FISV-XOM,260.7317085266113,250000.0,20
2016-09-29,MPC-RL,0.0,250000.0,20
2016-09-30,FITB-TXT,3191.117687225342,250000.0,20
2016-09-30,FISV-XOM,-2590.679374694824,250000.0,20
2016-09-30,MPC-RL,-1308.2048721313477,250000.0,20
2016-10-03,FITB-TXT,4940.011938095093,250000.0,20
2016-10-03,FISV-XOM,-1377.3275451660156,250000.0,20
2016-10-03,MPC-RL,275.86344146728516,250000.0,20
2016-10-04,FISV-XOM,-770.6595077514648,250000.0,20
2016-10-04,MPC-RL,3081.181121826172,250000.0,20
2016-10-05,FISV-XOM,-1351.759563446045,250000.0,20
2016-10-05,MPC-RL,6978.975158691406,250000.0,20
2016-10-05,AJG-FLEX,0.0,250000.0,20
2016-10-06,FISV-XOM,740.1833229064941,250000.0,20
2016-10-06,MPC-RL,3072.519989013672,250000.0,20
2016-10-06,AJG-FLEX,40.90248489379883,250000.0,20
2016-10-06,HBAN-MET,0.0,250000.0,20
2016-10-07,FISV-XOM,-32.39219665527344,250000.0,20
2016-10-07,MPC-RL,-2626.5359802246094,250000.0,20
2016-10-07,AJG-FLEX,-500.43896865844727,250000.0,20
2016-10-07,HBAN-MET,-174.5512833595276,250000.0,20
2016-10-07,ALL-MMM,0.0,250000.0,20
2016-10-10,FISV-XOM,-3819.1863441467285,250000.0,20
2016-10-10,MPC-RL,-2181.3073654174805,250000.0,20
2016-10-10,AJG-FLEX,594.6182594299316,250000.0,20
2016-10-10,HBAN-MET,-2279.715156555176,250000.0,20
2016-10-10,ALL-MMM,-591.1986389160156,250000.0,20
2016-10-11,FISV-XOM,-4583.868759155273,250000.0,20
2016-10-11,MPC-RL,-378.0017776489258,250000.0,20
2016-10-11,AJG-FLEX,221.3954849243164,250000.0,20
2016-10-11,HBAN-MET,-3601.328920841217,250000.0,20
2016-10-11,ALL-MMM,-1203.3931884765625,250000.0,20
2016-10-12,FISV-XOM,-937.5149688720703,250000.0,20
2016-10-12,MPC-RL,319.75685119628906,250000.0,20
2016-10-12,AJG-FLEX,3928.565631866455,250000.0,20
2016-10-12,HBAN-MET,-5697.834367275238,250000.0,20
2016-10-13,MPC-RL,5100.547348022461,250000.0,20
2016-10-13,HBAN-MET,-6160.398280620575,250000.0,20
2016-10-14,HBAN-MET,-5307.470281600952,250000.0,20
2016-10-17,ED-LULU,0.0,250000.0,20
2016-10-18,ED-LULU,4681.444969177246,250000.0,20
2016-11-07,FITB-TXT,0.0,250000.0,20
2016-11-08,FITB-TXT,-575.5029220581055,250000.0,20
2016-11-11,AON-BRO,0.0,250000.0,20
2016-11-14,AON-BRO,-7301.846620559692,250000.0,20
2016-11-30,FISV-XOM,0.0,250000.0,20
2016-11-30,HPE-KLAC,0.0,250000.0,20
2016-10-07,ALL-MMM,0.0,250000.0,21
2016-10-10,ALL-MMM,-591.1986389160156,250000.0,21
2016-10-11,ALL-MMM,-1203.3931884765625,250000.0,21
2016-10-17,CPT-YUM,0.0,250000.0,21
2016-10-18,CPT-YUM,-1726.7517013549805,250000.0,21
2016-10-19,CPT-YUM,671.5365409851074,250000.0,21
2016-10-20,CPT-YUM,-2269.673053741455,250000.0,21
2016-10-21,CPT-YUM,-470.7344970703125,250000.0,21
2016-10-24,CPT-YUM,1249.102439880371,250000.0,21
2016-10-25,CPT-YUM,-4730.510459899902,250000.0,21
2016-11-09,GE-MLM,0.0,250000.0,21
2016-11-09,GE-VMC,0.0,250000.0,21
2016-11-10,GE-MLM,-2629.782272338867,250000.0,21
2016-11-10,GE-VMC,-1868.5906829833984,250000.0,21
2016-11-10,GE-IBM,0.0,250000.0,21
2016-11-10,GE-GIS,0.0,250000.0,21
2016-11-11,GE-MLM,4015.7779541015625,250000.0,21
2016-11-11,GE-VMC,4228.376708984375,250000.0,21
2016-11-11,GE-IBM,-741.4544677734375,250000.0,21
2016-11-11,GE-GIS,-3924.091239929199,250000.0,21
2016-11-11,AON-BRO,0.0,250000.0,21
2016-11-14,GE-MLM,427.98968505859375,250000.0,21
2016-11-14,GE-VMC,1341.7616424560547,250000.0,21
2016-11-14,GE-IBM,3433.8424682617188,250000.0,21
2016-11-14,GE-GIS,-734.9417457580566,250000.0,21
2016-11-14,AON-BRO,-7301.846620559692,250000.0,21
2016-11-15,GE-MLM,4963.958099365234,250000.0,21
2016-11-15,GE-VMC,3657.8747177124023,250000.0,21
2016-11-15,GE-IBM,3433.279052734375,250000.0,21
2016-11-15,GE-GIS,-3366.5685424804688,250000.0,21
2016-11-16,GE-MLM,14116.522445678711,250000.0,21
2016-11-16,GE-VMC,11875.989631652832,250000.0,21
2016-11-16,GE-IBM,2436.397705078125,250000.0,21
2016-11-16,GE-GIS,-3403.4043617248535,250000.0,21
2016-11-17,GE-MLM,14281.689056396484,250000.0,21
2016-11-17,GE-VMC,13081.939514160156,250000.0,21
2016-11-17,GE-IBM,1790.2591094970703,250000.0,21
2016-11-17,GE-GIS,-3627.4520225524902,250000.0,21
2016-11-18,GE-MLM,14851.837341308594,250000.0,21
2016-11-18,GE-IBM,511.575927734375,250000.0,21
2016-11-18,GE-GIS,-2516.5371437072754,250000.0,21
2016-11-18,CPT-YUM,0.0,250000.0,21
2016-11-21,GE-MLM,12996.453887939453,250000.0,21
2016-11-21,GE-IBM,-2603.2429809570312,250000.0,21
2016-11-21,GE-GIS,-3536.104019165039,250000.0,21
2016-11-21,CPT-YUM,1374.4483642578125,250000.0,21
2016-11-22,GE-IBM,-1521.1837768554688,250000.0,21
2016-11-22,GE-GIS,-3165.794631958008,250000.0,21
2016-11-22,CPT-YUM,813.6185188293457,250000.0,21
2016-11-23,GE-IBM,33.00782775878906,250000.0,21
2016-11-23,GE-GIS,-10105.387062072754,250000.0,21
2016-11-23,CPT-YUM,-870.1381759643555,250000.0,21
2016-11-25,CPT-YUM,-779.1115264892578,250000.0,21
2016-11-28,CPT-YUM,651.8655052185059,250000.0,21
2016-11-29,CPT-YUM,-315.53601837158203,250000.0,21
2016-11-30,CPT-YUM,-470.6026039123535,250000.0,21
2016-12-01,CPT-YUM,2019.2201919555664,250000.0,21
2016-12-01,ETR-FTV,0.0,250000.0,21
2016-12-01,GE-IBM,0.0,250000.0,21
2016-12-01,CDNS-ROK,0.0,250000.0,21
2016-12-02,CPT-YUM,3500.4639434814453,250000.0,21
2016-12-02,ETR-FTV,1755.212438583374,250000.0,21
2016-12-02,GE-IBM,597.2594604492188,250000.0,21
2016-12-02,CDNS-ROK,2174.686050415039,250000.0,21
2016-12-05,CPT-YUM,673.437385559082,250000.0,21
2016-12-05,ETR-FTV,-770.1014270782471,250000.0,21
2016-12-05,GE-IBM,1624.3042297363281,250000.0,21
2016-12-05,CDNS-ROK,5381.908470153809,250000.0,21
2016-12-06,ETR-FTV,-480.0038242340088,250000.0,21
2016-12-06,GE-IBM,2080.5824813842773,250000.0,21
2016-12-06,CDNS-ROK,5673.720024108887,250000.0,21
2016-12-07,ETR-FTV,1858.4659004211426,250000.0,21
2016-12-07,CDNS-ROK,4885.672630310059,250000.0,21
2016-12-07,ALL-GPC,0.0,250000.0,21
2016-12-08,ETR-FTV,-756.1235694885254,250000.0,21
2016-12-08,CDNS-ROK,9562.704399108887,250000.0,21
2016-12-08,ALL-GPC,2430.030776977539,250000.0,21
2016-12-09,ETR-FTV,1085.2684307098389,250000.0,21
2016-12-09,CDNS-ROK,3634.458267211914,250000.0,21
2016-12-09,ALL-GPC,4011.2699012756348,250000.0,21
2016-12-12,ETR-FTV,1873.933750152588,250000.0,21
2016-12-12,CDNS-ROK,6536.9885330200195,250000.0,21
2016-12-12,GE-MLM,0.0,250000.0,21
2016-12-12,GE-VMC,0.0,250000.0,21
2016-12-13,ETR-FTV,2449.034843444824,250000.0,21
2016-12-13,CDNS-ROK,6931.754753112793,250000.0,21
2016-12-13,GE-MLM,195.22682189941406,250000.0,21
2016-12-13,GE-VMC,2028.506980895996,250000.0,21
2016-12-13,CMS-XEL,0.0,250000.0,21
2016-12-13,GE-PWR,0.0,250000.0,21
2016-12-14,ETR-FTV,3188.1616611480713,250000.0,21
2016-12-14,CDNS-ROK,7908.898590087891,250000.0,21
2016-12-14,GE-MLM,3478.7860107421875,250000.0,21
2016-12-14,GE-VMC,3147.0881576538086,250000.0,21
2016-12-14,CMS-XEL,-249.75553512573242,250000.0,21
2016-12-14,GE-PWR,615.3876724243164,250000.0,21
2016-12-15,CDNS-ROK,5400.211578369141,250000.0,21
2016-12-15,GE-MLM,6751.358184814453,250000.0,21
2016-12-15,GE-VMC,4105.865570068359,250000.0,21
2016-12-15,CMS-XEL,-856.1627922058105,250000.0,21
2016-12-16,CDNS-ROK,7871.979202270508,250000.0,21
2016-12-16,GE-MLM,-1981.963119506836,250000.0,21
2016-12-16,GE-VMC,-2034.5626983642578,250000.0,21
2016-12-16,CMS-XEL,-2.6669349670410156,250000.0,21
2016-12-19,CDNS-ROK,9566.952964782715,250000.0,21
2016-12-19,GE-MLM,-2058.4075927734375,250000.0,21
2016-12-19,GE-VMC,-2373.3692169189453,250000.0,21
2016-12-20,GE-MLM,-3418.5585021972656,250000.0,21
2016-12-20,GE-VMC,-2325.068893432617,250000.0,21
2016-12-21,GE-MLM,-2217.8443908691406,250000.0,21
2016-12-21,GE-VMC,-576.439323425293,250000.0,21
2016-12-22,GE-MLM,-2577.476577758789,250000.0,21
2016-12-22,GE-VMC,-1589.628761291504,250000.0,21
2016-12-23,GE-MLM,-2441.6844177246094,250000.0,21
2016-12-23,GE-VMC,-1669.1878967285156,250000.0,21
2016-12-27,GE-MLM,1804.3373107910156,250000.0,21
2016-12-27,GE-VMC,2015.0402069091797,250000.0,21
2016-12-28,GE-MLM,1553.1232452392578,250000.0,21
2016-12-28,GE-VMC,2766.742301940918,250000.0,21
2016-12-29,GE-VMC,3459.8011322021484,250000.0,21
2016-12-30,GE-VMC,434.4531021118164,250000.0,21
2016-11-09,O-T,0.0,250000.0,22
2016-11-10,O-T,1259.7158546447754,250000.0,22
2016-11-10,BDX-EFX,0.0,250000.0,22
2016-11-10,ES-TPR,0.0,250000.0,22
2016-11-11,O-T,2033.7493438720703,250000.0,22
2016-11-11,BDX-EFX,974.0984802246094,250000.0,22
2016-11-11,ES-TPR,-4753.221736907959,250000.0,22
2016-11-11,AON-BRO,0.0,250000.0,22
2016-11-14,ES-TPR,-13436.32628440857,250000.0,22
2016-11-14,AON-BRO,-7301.846620559692,250000.0,22
2016-11-15,ES-TPR,-4228.8605308532715,250000.0,22
2016-11-16,ES-TPR,-8892.579000473022,250000.0,22
2016-11-17,ES-TPR,-9556.166543960571,250000.0,22
2016-11-18,ES-TPR,-12600.75768661499,250000.0,22
2016-11-21,ES-TPR,-10781.530275344849,250000.0,22
2016-11-22,ES-TPR,-11159.42491531372,250000.0,22
2016-11-23,ES-TPR,-15785.73462486267,250000.0,22
2016-11-28,ES-TPR,0.0,250000.0,22
2016-11-29,ES-TPR,-2354.624948501587,250000.0,22
2016-11-30,ES-TPR,2497.3898181915283,250000.0,22
2016-11-30,BKR-PFG,0.0,250000.0,22
2016-12-01,ES-TPR,4584.3393268585205,250000.0,22
2016-12-01,CDNS-ROK,0.0,250000.0,22
2016-12-01,GOOG-MSFT,0.0,250000.0,22
2016-12-02,ES-TPR,1115.3499908447266,250000.0,22
2016-12-02,CDNS-ROK,2174.686050415039,250000.0,22
2016-12-05,CDNS-ROK,5381.908470153809,250000.0,22
2016-12-06,CDNS-ROK,5673.720024108887,250000.0,22
2016-12-07,CDNS-ROK,4885.672630310059,250000.0,22
2016-12-08,CDNS-ROK,9562.704399108887,250000.0,22
2016-12-09,CDNS-ROK,3634.458267211914,250000.0,22
2016-12-12,CDNS-ROK,6536.9885330200195,250000.0,22
2016-12-13,CDNS-ROK,6931.754753112793,250000.0,22
2016-12-13,CMS-XEL,0.0,250000.0,22
2016-12-14,CDNS-ROK,7908.898590087891,250000.0,22
2016-12-14,CMS-XEL,-249.75553512573242,250000.0,22
2016-12-15,CDNS-ROK,5400.211578369141,250000.0,22
2016-12-15,CMS-XEL,-856.1627922058105,250000.0,22
2016-12-16,CDNS-ROK,7871.979202270508,250000.0,22
2016-12-16,CMS-XEL,-2.6669349670410156,250000.0,22
2016-12-19,CDNS-ROK,9566.952964782715,250000.0,22
2016-12-20,EXPD-LIN,0.0,250000.0,22
2016-12-21,EXPD-LIN,791.7635192871094,250000.0,22
2016-12-22,EXPD-LIN,-1664.576717376709,250000.0,22
2016-12-22,LNT-WMT,0.0,250000.0,22
2016-12-22,DUK-WMT,0.0,250000.0,22
2016-12-22,PNW-WMT,0.0,250000.0,22
2016-12-23,EXPD-LIN,-678.4518356323242,250000.0,22
2016-12-23,LNT-WMT,-306.2229061126709,250000.0,22
2016-12-23,DUK-WMT,-17.468496322631836,250000.0,22
2016-12-23,PNW-WMT,-295.67811393737793,250000.0,22
2016-12-27,EXPD-LIN,1241.6240615844727,250000.0,22
2016-12-27,LNT-WMT,-86.02847099304199,250000.0,22
2016-12-27,DUK-WMT,708.6037769317627,250000.0,22
2016-12-27,PNW-WMT,-88.38348197937012,250000.0,22
2016-12-28,EXPD-LIN,135.08843994140625,250000.0,22
2016-12-28,LNT-WMT,-322.17336654663086,250000.0,22
2016-12-28,DUK-WMT,-205.78733444213867,250000.0,22
2016-12-28,PNW-WMT,289.8001136779785,250000.0,22
2016-12-29,EXPD-LIN,40.45828628540039,250000.0,22
2016-12-29,LNT-WMT,-2147.5468254089355,250000.0,22
2016-12-29,DUK-WMT,-1455.6867790222168,250000.0,22
2016-12-29,PNW-WMT,-2442.4986610412598,250000.0,22
2016-12-30,EXPD-LIN,-211.22671508789062,250000.0,22
2016-12-30,LNT-WMT,-1890.8604526519775,250000.0,22
2016-12-30,DUK-WMT,-1526.172357559204,250000.0,22
2016-12-30,PNW-WMT,-2519.8880710601807,250000.0,22
2017-01-03,EXPD-LIN,-1071.4240379333496,250000.0,22
2017-01-03,LNT-WMT,-3644.579029083252,250000.0,22
2017-01-03,DUK-WMT,-3297.4856910705566,250000.0,22
2017-01-03,PNW-WMT,-2799.319248199463,250000.0,22
2017-01-03,CDNS-ROK,0.0,250000.0,22
2017-01-04,LNT-WMT,-2790.0330543518066,250000.0,22
2017-01-04,DUK-WMT,-1774.123737335205,250000.0,22
2017-01-04,PNW-WMT,-2193.970935821533,250000.0,22
2017-01-04,CDNS-ROK,4361.531726837158,250000.0,22
2017-01-05,LNT-WMT,-2124.7020721435547,250000.0,22
2017-01-05,DUK-WMT,-1343.472900390625,250000.0,22
2017-01-05,PNW-WMT,-2892.8583755493164,250000.0,22
2017-01-05,CMS-XEL,0.0,250000.0,22
2017-01-06,CMS-XEL,-302.1625461578369,250000.0,22
2017-01-09,CMS-XEL,-405.71158027648926,250000.0,22
2017-01-10,CMS-XEL,-13.177801132202148,250000.0,22
2017-01-10,EXPD-UPS,0.0,250000.0,22
2017-01-11,CMS-XEL,-414.77311515808105,250000.0,22
2017-01-12,CMS-XEL,889.6666526794434,250000.0,22
2017-01-13,CMS-XEL,-595.0255451202393,250000.0,22
2017-01-13,LNT-WMT,0.0,250000.0,22
2017-01-13,DUK-WMT,0.0,250000.0,22
2017-01-25,EXPD-LIN,0.0,250000.0,22
2017-01-26,EXPD-LIN,337.77586364746094,250000.0,22
2017-01-27,EXPD-LIN,-728.7491035461426,250000.0,22
2017-01-30,EXPD-LIN,796.848072052002,250000.0,22
2017-01-31,EXPD-LIN,1390.9887504577637,250000.0,22
2017-01-06,PCG-WMT,0.0,250000.0,24
2017-01-06,SBAC-WAT,0.0,250000.0,24
2017-01-09,SBAC-WAT,312.06859588623047,250000.0,24
2017-01-09,AFL-BDX,0.0,250000.0,24
2017-01-10,SBAC-WAT,2382.545585632324,250000.0,24
2017-01-10,AFL-BDX,-3300.6323738098145,250000.0,24
2017-01-11,SBAC-WAT,4022.934150695801,250000.0,24
2017-01-11,AON-CDNS,0.0,250000.0,24
2017-01-11,ABBV-LH,0.0,250000.0,24
2017-01-12,SBAC-WAT,6278.610305786133,250000.0,24
2017-01-12,AON-CDNS,1627.5807304382324,250000.0,24
2017-01-12,ABBV-LH,952.7744979858398,250000.0,24
2017-01-13,SBAC-WAT,1924.7226333618164,250000.0,24
2017-01-13,AON-CDNS,1309.0673141479492,250000.0,24
2017-01-13,ABBV-LH,3652.8506813049316,250000.0,24
2017-01-17,SBAC-WAT,1549.8878860473633,250000.0,24
2017-01-17,ABBV-LH,3896.8786811828613,250000.0,24
2017-01-18,SBAC-WAT,1884.8231506347656,250000.0,24
2017-01-18,ABBV-LH,2562.245761871338,250000.0,24
2017-01-19,SBAC-WAT,1575.0964736938477,250000.0,24
2017-01-19,ABBV-LH,4787.89733505249,250000.0,24
2017-01-20,SBAC-WAT,1626.3274383544922,250000.0,24
2017-01-20,ABBV-LH,4735.077152252197,250000.0,24
2017-01-23,ABBV-LH,3911.8463172912598,250000.0,24
2017-01-24,ABBV-LH,1857.7988777160645,250000.0,24
2017-01-25,ABBV-LH,434.5037956237793,250000.0,24
2017-01-26,ABBV-LH,2442.1708488464355,250000.0,24
2017-02-15,SBAC-WAT,0.0,250000.0,24
2017-02-16,SBAC-WAT,1571.0992050170898,250000.0,24
2017-02-17,SBAC-WAT,-1254.9685440063477,250000.0,24
2017-02-21,SBAC-WAT,1516.5931854248047,250000.0,24
2017-02-22,SBAC-WAT,2748.2678146362305,250000.0,24
2017-02-23,SBAC-WAT,1732.3604736328125,250000.0,24
2017-02-24,SBAC-WAT,-770.4641876220703,250000.0,24
2017-02-27,SBAC-WAT,1354.6128158569336,250000.0,24
2017-02-27,ED-MKC,0.0,250000.0,24
2017-02-28,ED-MKC,858.3509292602539,250000.0,24
2017-03-01,APD-IBM,0.0,250000.0,24
2017-03-14,AFL-BDX,0.0,250000.0,24
2017-03-15,AFL-BDX,593.771562576294,250000.0,24
2017-03-20,SBAC-WAT,0.0,250000.0,24
2017-03-21,SBAC-WAT,-629.0295104980469,250000.0,24
2017-03-22,SBAC-WAT,416.4020080566406,250000.0,24
2017-03-23,SBAC-WAT,-2272.1075439453125,250000.0,24
2017-03-24,SBAC-WAT,-3952.1678161621094,250000.0,24
2017-03-27,SBAC-WAT,-1236.0311279296875,250000.0,24
2017-03-28,SBAC-WAT,-3195.612335205078,250000.0,24
2017-03-28,TAP-WTW,0.0,250000.0,24
2017-03-29,TAP-WTW,1300.631736755371,250000.0,24
2017-03-30,TAP-WTW,-464.4252166748047,250000.0,24
2017-03-30,AFL-BDX,0.0,250000.0,24
2017-03-31,TAP-WTW,241.1966323852539,250000.0,24
2017-03-31,AFL-BDX,-843.0510883331299,250000.0,24
2017-02-10,DD-TER,0.0,250000.0,25
2017-02-13,DD-TER,-2498.9034118652344,250000.0,25
2017-02-14,DD-TER,-3147.0360794067383,250000.0,25
2017-02-15,DD-TER,1040.210838317871,250000.0,25
2017-02-16,DD-TER,-1226.4242687225342,250000.0,25
2017-02-17,DD-TER,1862.6353607177734,250000.0,25
2017-03-14,AFL-BDX,0.0,250000.0,25
2017-03-15,AFL-BDX,593.771562576294,250000.0,25
2017-03-17,ALLE-IFF,0.0,250000.0,25
2017-03-30,AFL-BDX,0.0,250000.0,25
2017-03-31,AFL-BDX,-843.0510883331299,250000.0,25
2017-03-31,CHRW-FIX,0.0,250000.0,25
2017-04-03,AFL-BDX,-842.3510437011719,250000.0,25
2017-04-04,AFL-BDX,-2250.4820461273193,250000.0,25
2017-04-05,AFL-BDX,74.42635345458984,250000.0,25
2017-04-10,A-FIS,0.0,250000.0,25
2017-04-11,A-FIS,1650.7979850769043,250000.0,25
2017-04-12,A-FIS,-282.74156188964844,250000.0,25
2017-04-13,A-FIS,388.2183303833008,250000.0,25
2017-04-17,A-FIS,1221.8845252990723,250000.0,25
2017-04-18,A-FIS,-22.84701919555664,250000.0,25
2017-04-19,A-FIS,368.5923614501953,250000.0,25
2017-04-20,A-FIS,-2364.921199798584,250000.0,25
2017-03-08,COP-NTRS,0.0,250000.0,26
2017-03-08,COP-DE,0.0,250000.0,26
2017-03-09,COP-NTRS,1712.2400207519531,250000.0,26
2017-03-09,COP-DE,5101.883651733398,250000.0,26
2017-03-10,COP-NTRS,-2356.9817962646484,250000.0,26
2017-03-10,COP-DE,-55.650821685791016,250000.0,26
2017-03-10,AON-MRK,0.0,250000.0,26
2017-03-13,COP-NTRS,-2877.6099548339844,250000.0,26
2017-03-13,COP-DE,955.7240982055664,250000.0,26
2017-03-14,COP-NTRS,-7458.149978637695,250000.0,26
2017-03-14,COP-DE,-2403.951473236084,250000.0,26
2017-03-15,COP-NTRS,-2090.5362243652344,250000.0,26
2017-03-15,COP-DE,-1103.3251647949219,250000.0,26
2017-03-15,ABBV-PNR,0.0,250000.0,26
2017-03-16,COP-NTRS,-3383.4830017089844,250000.0,26
2017-03-16,COP-DE,-967.6434173583984,250000.0,26
2017-03-16,ABBV-PNR,-747.291316986084,250000.0,26
2017-03-17,COP-NTRS,-506.9537048339844,250000.0,26
2017-03-17,COP-DE,-1146.5940399169922,250000.0,26
2017-03-17,ABBV-PNR,-1995.7040405273438,250000.0,26
2017-03-20,COP-NTRS,2261.257339477539,250000.0,26
2017-03-20,COP-DE,-1198.497127532959,250000.0,26
2017-03-20,ABBV-PNR,848.8102073669434,250000.0,26
2017-03-21,COP-NTRS,3359.4308471679688,250000.0,26
2017-03-21,COP-DE,-2008.7614974975586,250000.0,26
2017-03-22,COP-NTRS,-161.7156524658203,250000.0,26
2017-03-22,COP-DE,-5242.059093475342,250000.0,26
2017-03-29,NI-WAB,0.0,250000.0,26
2017-03-30,NI-WAB,-173.19988632202148,250000.0,26
2017-03-30,CPAY-HWM,0.0,250000.0,26
2017-03-31,CPAY-HWM,16999.02672958374,250000.0,26
2017-04-03,CPAY-HWM,12766.751388549805,250000.0,26
2017-04-05,GILD-HWM,0.0,250000.0,26
2017-04-06,GILD-HWM,2733.5022506713867,250000.0,26
2017-04-07,GILD-HWM,6412.360656738281,250000.0,26
2017-04-10,GILD-HWM,5547.173484802246,250000.0,26
2017-04-11,GILD-HWM,1067.1763763427734,250000.0,26
2017-04-12,GILD-HWM,-3548.555503845215,250000.0,26
2017-04-13,GILD-HWM,602.6418304443359,250000.0,26
2017-05-15,AMCR-EXC,0.0,250000.0,26
2017-05-15,AVY-FTNT,0.0,250000.0,26
2017-05-16,AMCR-EXC,1368.9700241088867,250000.0,26
2017-05-16,AVY-FTNT,-2608.133430480957,250000.0,26
2017-05-17,AMCR-EXC,-1080.7172584533691,250000.0,26
2017-05-17,AVY-FTNT,-1056.8809432983398,250000.0,26
2017-05-17,GILD-HWM,0.0,250000.0,26
2017-05-18,AMCR-EXC,-2215.7687644958496,250000.0,26
2017-05-18,AVY-FTNT,-2404.211528778076,250000.0,26
2017-05-18,GILD-HWM,134.80866813659668,250000.0,26
2017-05-19,AMCR-EXC,-2071.7346267700195,250000.0,26
2017-05-19,AVY-FTNT,-3566.0570735931396,250000.0,26
2017-05-19,GILD-HWM,4756.792869567871,250000.0,26
2017-05-22,AMCR-EXC,-5457.7360496521,250000.0,26
2017-05-22,GILD-HWM,6214.111742019653,250000.0,26
2017-05-23,AMCR-EXC,-4305.093967437744,250000.0,26
2017-05-23,GILD-HWM,10966.514263153076,250000.0,26
2017-05-24,AMCR-EXC,-7475.031005859375,250000.0,26
2017-05-24,GILD-HWM,10024.094959259033,250000.0,26
2017-05-24,BKNG-DPZ,0.0,250000.0,26
2017-05-25,GILD-HWM,3827.3826293945312,250000.0,26
2017-05-25,BKNG-DPZ,-1694.7315368652344,250000.0,26
2017-05-25,COP-SYF,0.0,250000.0,26
2017-05-26,GILD-HWM,5325.857032775879,250000.0,26
2017-05-26,BKNG-DPZ,-251.72267150878906,250000.0,26
2017-05-26,COP-SYF,136.54141235351562,250000.0,26
2017-05-30,GILD-HWM,3386.7645473480225,250000.0,26
2017-05-30,BKNG-DPZ,-2448.617660522461,250000.0,26
2017-05-30,COP-SYF,-38.68041229248047,250000.0,26
2017-05-31,GILD-HWM,8766.22800064087,250000.0,26
2017-05-31,BKNG-DPZ,-4995.47248840332,250000.0,26
2017-05-31,COP-SYF,1782.5232543945312,250000.0,26
2017-04-05,MDLZ-T,0.0,250000.0,27
2017-04-06,MDLZ-T,-2030.9676704406738,250000.0,27
2017-04-07,MDLZ-T,-2394.9898738861084,250000.0,27
2017-05-04,GPN-NVR,0.0,250000.0,27
2017-05-05,GPN-NVR,1787.7724151611328,250000.0,27
2017-05-08,GPN-NVR,-353.55438232421875,250000.0,27
2017-05-09,GPN-NVR,-1912.0904846191406,250000.0,27
2017-05-10,GPN-NVR,-1819.365982055664,250000.0,27
2017-05-11,GPN-NVR,-4404.279296875,250000.0,27
2017-05-12,GPN-NVR,-2162.777084350586,250000.0,27
2017-05-15,GPN-NVR,-4203.637237548828,250000.0,27
2017-05-16,GPN-NVR,-452.34251403808594,250000.0,27
2017-05-17,GPN-NVR,1185.7524719238281,250000.0,27
2017-05-18,GPN-NVR,1744.86328125,250000.0,27
2017-05-19,GPN-NVR,3773.9307708740234,250000.0,27
2017-05-22,GPN-NVR,229.39967346191406,250000.0,27
2017-06-07,SBUX-TAP,0.0,250000.0,27
2017-06-07,CBOE-HLT,0.0,250000.0,27
2017-06-08,SBUX-TAP,-8208.582191467285,250000.0,27
2017-06-08,CBOE-HLT,-4611.876800537109,250000.0,27
2017-06-09,SBUX-TAP,-7576.410499572754,250000.0,27
2017-06-09,CBOE-HLT,-8260.224418640137,250000.0,27
2017-06-09,NDSN-TTWO,0.0,250000.0,27
2017-06-12,SBUX-TAP,-5833.8765296936035,250000.0,27
2017-06-12,CBOE-HLT,-4137.377159118652,250000.0,27
2017-06-12,NDSN-TTWO,-5080.747482299805,250000.0,27
2017-06-13,SBUX-TAP,-4097.011280059814,250000.0,27
2017-06-13,CBOE-HLT,-2450.0047454833984,250000.0,27
2017-06-14,SBUX-TAP,-6962.697723388672,250000.0,27
2017-06-14,CBOE-HLT,-3444.8009338378906,250000.0,27
2017-06-15,SBUX-TAP,-8429.715145111084,250000.0,27
2017-06-15,CBOE-HLT,392.76090240478516,250000.0,27
2017-06-16,SBUX-TAP,-10593.226551055908,250000.0,27
2017-06-16,CBOE-HLT,2040.6324768066406,250000.0,27
2017-06-19,SBUX-TAP,-10794.478820800781,250000.0,27
2017-06-19,CBOE-HLT,82.00285339355469,250000.0,27
2017-06-20,SBUX-TAP,-11325.182872772217,250000.0,27
2017-06-20,CBOE-HLT,-1293.5488204956055,250000.0,27
2017-06-21,CBOE-HLT,-1873.8161087036133,250000.0,27
2017-06-27,CBOE-HLT,0.0,250000.0,27
2017-06-28,CBOE-HLT,-2276.0026245117188,250000.0,27
2017-06-29,CBOE-HLT,-8250.122482299805,250000.0,27
2017-05-04,ACGL-XYZ,0.0,250000.0,28
2017-05-04,MSFT-XYZ,0.0,250000.0,28
2017-05-04,GD-XYZ,0.0,250000.0,28
2017-05-04,GL-XYZ,0.0,250000.0,28
2017-05-05,ACGL-XYZ,1656.7708263397217,250000.0,28
2017-05-05,MSFT-XYZ,3430.8867568969727,250000.0,28
2017-05-05,GD-XYZ,5314.3230056762695,250000.0,28
2017-05-05,GL-XYZ,2704.3183059692383,250000.0,28
2017-05-08,ACGL-XYZ,-359.009069442749,250000.0,28
2017-05-08,MSFT-XYZ,5587.599197387695,250000.0,28
2017-05-08,GL-XYZ,3373.474739074707,250000.0,28
2017-05-09,ACGL-XYZ,-7804.811576843262,250000.0,28
2017-05-09,MSFT-XYZ,3585.0808334350586,250000.0,28
2017-05-09,GL-XYZ,-5426.228435516357,250000.0,28
2017-05-10,ACGL-XYZ,-9191.276653289795,250000.0,28
2017-05-10,MSFT-XYZ,4434.237674713135,250000.0,28
2017-05-10,GL-XYZ,-6512.42809677124,250000.0,28
2017-05-11,ACGL-XYZ,-6923.186664581299,250000.0,28
2017-05-11,MSFT-XYZ,-1156.8339614868164,250000.0,28
2017-05-11,GL-XYZ,-8883.170078277588,250000.0,28
2017-05-12,ACGL-XYZ,-12218.335542678833,250000.0,28
2017-05-12,MSFT-XYZ,-6614.456802368164,250000.0,28
2017-05-12,GL-XYZ,-16922.08106994629,250000.0,28
2017-05-15,ACGL-XYZ,-11914.367485046387,250000.0,28
2017-05-15,MSFT-XYZ,-8244.011619567871,250000.0,28
2017-05-15,GL-XYZ,-11278.35982131958,250000.0,28
2017-05-16,MSFT-XYZ,4575.474006652832,250000.0,28
2017-05-16,GL-XYZ,-16198.510097503662,250000.0,28
2017-05-17,MSFT-XYZ,-5278.198753356934,250000.0,28
2017-05-18,MSFT-XYZ,-4443.590045928955,250000.0,28
2017-05-22,ACGL-XYZ,0.0,250000.0,28
2017-05-23,ACGL-XYZ,-6306.44038772583,250000.0,28
2017-05-23,FIS-XYZ,0.0,250000.0,28
2017-05-24,ACGL-XYZ,-7789.215368270874,250000.0,28
2017-05-24,FIS-XYZ,-104.60726928710938,250000.0,28
2017-05-25,FIS-SWK,0.0,250000.0,28
2017-05-26,FIS-SWK,1145.1547012329102,250000.0,28
2017-05-30,FIS-SWK,1286.1516494750977,250000.0,28
2017-05-31,FIS-SWK,207.86474609375,250000.0,28
2017-06-01,FIS-SWK,-1435.353141784668,250000.0,28
2017-06-01,ITW-XYZ,0.0,250000.0,28
2017-06-01,ICE-MSI,0.0,250000.0,28
2017-06-02,FIS-SWK,-223.99668884277344,250000.0,28
2017-06-02,ITW-XYZ,-1977.037956237793,250000.0,28
2017-06-02,ICE-MSI,-2946.2171630859375,250000.0,28
2017-06-02,MSFT-XYZ,0.0,250000.0,28
2017-06-05,FIS-SWK,-195.23902130126953,250000.0,28
2017-06-05,ITW-XYZ,-2444.99564743042,250000.0,28
2017-06-05,ICE-MSI,948.5932159423828,250000.0,28
2017-06-05,MSFT-XYZ,-4292.744571685791,250000.0,28
2017-06-05,ICE-XYZ,0.0,250000.0,28
2017-06-06,FIS-SWK,-1798.2510681152344,250000.0,28
2017-06-06,ICE-MSI,-131.5026741027832,250000.0,28
2017-06-06,MSFT-XYZ,1616.536434173584,250000.0,28
2017-06-06,GL-XYZ,0.0,250000.0,28
2017-06-07,FIS-SWK,-1576.0130996704102,250000.0,28
2017-06-07,MSFT-XYZ,4063.885326385498,250000.0,28
2017-06-07,ICE-XYZ,0.0,250000.0,28
2017-06-08,ICE-XYZ,2556.0674362182617,250000.0,28
2017-06-08,FIS-XYZ,0.0,250000.0,28
2017-06-09,ICE-XYZ,-18088.48504638672,250000.0,28
2017-06-09,FIS-XYZ,8667.868545532227,250000.0,28
2017-06-09,FIS-SWK,0.0,250000.0,28
2017-06-12,ICE-XYZ,-18952.251823425293,250000.0,28
2017-06-12,FIS-XYZ,7146.4017333984375,250000.0,28
2017-06-12,FIS-SWK,3384.063835144043,250000.0,28
2017-06-13,ICE-XYZ,-20625.985092163086,250000.0,28
2017-06-13,FIS-SWK,791.1351699829102,250000.0,28
2017-06-14,FIS-SWK,1693.5939559936523,250000.0,28
2017-06-15,FIS-SWK,3767.25089263916,250000.0,28
2017-06-16,FIS-SWK,613.7916641235352,250000.0,28
2017-06-19,FIS-SWK,-1379.5727462768555,250000.0,28
2017-06-20,FIS-SWK,-2514.0730361938477,250000.0,28
2017-06-21,FIS-SWK,-3047.683433532715,250000.0,28
2017-06-22,FIS-SWK,-2110.008934020996,250000.0,28
2017-06-23,FIS-SWK,-3798.7633666992188,250000.0,28
2017-07-11,ICE-XYZ,0.0,250000.0,28
2017-07-12,ICE-XYZ,-2864.7233142852783,250000.0,28
2017-07-13,ICE-XYZ,9948.614938735962,250000.0,28
2017-07-14,ICE-XYZ,-7387.618515014648,250000.0,28
2017-07-17,ICE-XYZ,-3190.6577682495117,250000.0,28
2017-07-18,ICE-XYZ,-8166.329717636108,250000.0,28
2017-07-19,ICE-XYZ,-5906.124216079712,250000.0,28
2017-07-20,ICE-XYZ,-4946.981943130493,250000.0,28
2017-07-21,ICE-XYZ,-1735.3315238952637,250000.0,28
2017-07-24,ICE-XYZ,1023.5043926239014,250000.0,28
2017-07-25,ICE-XYZ,-4218.1978931427,250000.0,28
2017-07-27,ADI-XYZ,0.0,250000.0,28
2017-07-28,ADI-XYZ,4140.721559524536,250000.0,28
2017-06-05,CSX-DELL,0.0,250000.0,29
2017-06-06,CSX-DELL,2132.4979133605957,250000.0,29
2017-06-06,CDW-GD,0.0,250000.0,29
2017-06-07,CDW-GD,-785.1665954589844,250000.0,29
2017-06-07,BX-DOV,0.0,250000.0,29
2017-06-08,CDW-GD,-1121.0672340393066,250000.0,29
2017-06-08,BX-DOV,2327.7617797851562,250000.0,29
2017-06-08,CBOE-CMCSA,0.0,250000.0,29
2017-06-09,CDW-GD,2561.048652648926,250000.0,29
2017-06-09,CBOE-CMCSA,-3356.7855739593506,250000.0,29
2017-06-09,CSX-DELL,0.0,250000.0,29
2017-06-12,CDW-GD,813.1226768493652,250000.0,29
2017-06-12,CBOE-CMCSA,-1670.835931777954,250000.0,29
2017-06-12,CSX-DELL,-2237.882369995117,250000.0,29
2017-06-12,CPRT-FLEX,0.0,250000.0,29
2017-06-12,CDW-TEL,0.0,250000.0,29
2017-06-13,CDW-GD,2299.757266998291,250000.0,29
2017-06-13,CBOE-CMCSA,-548.2008991241455,250000.0,29
2017-06-13,CSX-DELL,-634.4246139526367,250000.0,29
2017-06-13,CPRT-FLEX,-854.9609212875366,250000.0,29
2017-06-13,CDW-TEL,178.95338439941406,250000.0,29
2017-06-14,CDW-GD,3008.725986480713,250000.0,29
2017-06-14,CBOE-CMCSA,-1508.4751586914062,250000.0,29
2017-06-14,CSX-DELL,-1823.6984882354736,250000.0,29
2017-06-14,CPRT-FLEX,-1073.1705570220947,250000.0,29
2017-06-14,CDW-TEL,-218.25741577148438,250000.0,29
2017-06-15,CDW-GD,3111.0050315856934,250000.0,29
2017-06-15,CBOE-CMCSA,1722.0470447540283,250000.0,29
2017-06-15,CSX-DELL,-3326.866744995117,250000.0,29
2017-06-15,CPRT-FLEX,-1250.392201423645,250000.0,29
2017-06-15,CDW-TEL,-626.3377227783203,250000.0,29
2017-06-16,CDW-GD,4169.969017028809,250000.0,29
2017-06-16,CBOE-CMCSA,3050.7791652679443,250000.0,29
2017-06-16,CSX-DELL,-1125.5268001556396,250000.0,29
2017-06-16,CPRT-FLEX,-2204.0706310272217,250000.0,29
2017-06-16,CDW-TEL,-794.25537109375,250000.0,29
2017-06-16,AEE-FISV,0.0,250000.0,29
2017-06-19,CBOE-CMCSA,3730.2726669311523,250000.0,29
2017-06-19,CSX-DELL,10.962005615234375,250000.0,29
2017-06-19,CPRT-FLEX,1034.520094871521,250000.0,29
2017-06-19,CDW-TEL,2203.906509399414,250000.0,29
2017-06-20,CBOE-CMCSA,-3310.905994415283,250000.0,29
2017-06-20,CSX-DELL,559.0452766418457,250000.0,29
2017-06-20,CPRT-FLEX,1261.3707666397095,250000.0,29
2017-06-20,CDW-TEL,-865.9168548583984,250000.0,29
2017-06-21,CBOE-CMCSA,-3649.7711753845215,250000.0,29
2017-06-21,CSX-DELL,4792.116464614868,250000.0,29
2017-06-21,CPRT-FLEX,5581.821279525757,250000.0,29
2017-06-21,CDW-TEL,-1671.9554748535156,250000.0,29
2017-06-21,BX-DOV,0.0,250000.0,29
2017-06-22,CBOE-CMCSA,-5131.587350845337,250000.0,29
2017-06-22,CSX-DELL,4914.329038619995,250000.0,29
2017-06-22,CPRT-FLEX,3165.2747011184692,250000.0,29
2017-06-22,CDW-TEL,-3005.4295043945312,250000.0,29
2017-06-22,BX-DOV,45.002079010009766,250000.0,29
2017-06-22,CDW-GD,0.0,250000.0,29
2017-06-23,CSX-DELL,5052.108064651489,250000.0,29
2017-06-23,CPRT-FLEX,4540.94948387146,250000.0,29
2017-06-23,BX-DOV,2328.039093017578,250000.0,29
2017-06-26,CSX-DELL,3413.5530586242676,250000.0,29
2017-06-26,CPRT-FLEX,3683.688877105713,250000.0,29
2017-06-26,BX-DOV,2915.2072143554688,250000.0,29
2017-06-26,ADM-WBD,0.0,250000.0,29
2017-06-27,BX-DOV,1601.7746543884277,250000.0,29
2017-06-27,ADM-WBD,-1416.0144500732422,250000.0,29
2017-06-27,AAPL-SWKS,0.0,250000.0,29
2017-06-28,BX-DOV,4381.771755218506,250000.0,29
2017-06-28,ADM-WBD,-538.8252201080322,250000.0,29
2017-06-28,AAPL-SWKS,-1738.1613159179688,250000.0,29
2017-06-29,BX-DOV,2879.141254425049,250000.0,29
2017-06-29,ADM-WBD,-2746.101755142212,250000.0,29
2017-06-29,AAPL-SWKS,-4346.544403076172,250000.0,29
2017-06-29,BKNG-SNPS,0.0,250000.0,29
2017-06-30,BX-DOV,7318.882236480713,250000.0,29
2017-06-30,AAPL-SWKS,-5294.56916809082,250000.0,29
2017-06-30,BKNG-SNPS,259.2667694091797,250000.0,29
2017-07-03,AAPL-SWKS,-6105.932075500488,250000.0,29
2017-07-03,BKNG-SNPS,-837.8784332275391,250000.0,29
2017-07-05,AAPL-SWKS,-1359.630729675293,250000.0,29
2017-07-05,BKNG-SNPS,-115.38749694824219,250000.0,29
2017-07-06,AAPL-SWKS,1257.141227722168,250000.0,29
2017-07-06,BKNG-SNPS,-1220.1526184082031,250000.0,29
2017-07-07,AAPL-SWKS,4053.4269104003906,250000.0,29
2017-07-07,BKNG-SNPS,-1926.1673126220703,250000.0,29
2017-07-10,AAPL-SWKS,3683.667060852051,250000.0,29
2017-07-10,BKNG-SNPS,-930.4717712402344,250000.0,29
2017-07-11,AAPL-SWKS,4745.677963256836,250000.0,29
2017-07-11,BKNG-SNPS,-1242.4557647705078,250000.0,29
2017-07-18,AEE-FISV,0.0,250000.0,29
2017-07-19,AEE-FISV,64.1519546508789,250000.0,29
2017-07-20,AEE-FISV,-1132.6022262573242,250000.0,29
2017-07-21,AEE-FISV,-1908.7358779907227,250000.0,29
2017-07-24,AEE-FISV,346.31571197509766,250000.0,29
2017-07-25,AEE-FISV,700.4255523681641,250000.0,29
2017-07-26,AEE-FISV,-463.46752166748047,250000.0,29
2017-07-27,AEE-FISV,-231.8729248046875,250000.0,29
2017-07-28,AEE-FISV,-1221.5337142944336,250000.0,29
2017-08-03,BX-DOV,0.0,250000.0,29
2017-08-04,BX-DOV,1013.6368007659912,250000.0,29
2017-08-07,BX-DOV,-893.9002799987793,250000.0,29
2017-08-08,BX-DOV,80.26273918151855,250000.0,29
2017-08-09,BX-DOV,-613.3230018615723,250000.0,29
2017-08-10,BX-DOV,920.6788578033447,250000.0,29
2017-08-11,BX-DOV,1524.444444656372,250000.0,29
2017-08-14,BX-DOV,988.0197372436523,250000.0,29
2017-08-15,BX-DOV,1936.3624420166016,250000.0,29
2017-08-16,BX-DOV,1084.6794033050537,250000.0,29
2017-08-17,BX-DOV,3718.314645767212,250000.0,29
2017-08-18,BX-DOV,4072.7531452178955,250000.0,29
2017-08-21,BX-DOV,4203.393203735352,250000.0,29
2017-08-22,BX-DOV,1881.8999633789062,250000.0,29
2017-08-23,BX-DOV,2832.2585048675537,250000.0,29
2017-08-24,BX-DOV,3297.2883338928223,250000.0,29
2017-08-25,BX-DOV,99.89858436584473,250000.0,29
2017-08-28,BX-DOV,3172.4641857147217,250000.0,29
2017-08-28,CMI-GD,0.0,250000.0,29
2017-08-29,BX-DOV,3616.89133644104,250000.0,29
2017-08-30,BX-DOV,2253.4619483947754,250000.0,29
2017-08-31,BX-DOV,2261.478132247925,250000.0,29
2017-08-31,COR-RMD,0.0,250000.0,29
2017-07-10,GRMN-IT,0.0,250000.0,30
2017-07-11,GRMN-IT,524.1703414916992,250000.0,30
2017-07-12,GRMN-IT,-1297.4260330200195,250000.0,30
2017-07-13,GRMN-IT,-4.5879364013671875,250000.0,30
2017-07-14,GRMN-IT,-960.8296585083008,250000.0,30
2017-07-17,GRMN-IT,852.1129608154297,250000.0,30
2017-07-18,GRMN-IT,-2150.1810455322266,250000.0,30
2017-07-19,GRMN-IT,3437.621307373047,250000.0,30
2017-07-20,GRMN-IT,4191.759262084961,250000.0,30
2017-07-21,GRMN-IT,4173.563385009766,250000.0,30
2017-09-05,DHR-KEY,0.0,250000.0,30
2017-09-06,DHR-KEY,532.3694868087769,250000.0,30
2017-09-07,DHR-KEY,-7430.015029907227,250000.0,30
2017-09-08,DHR-MRVL,0.0,250000.0,30
2017-09-11,DHR-MRVL,157.2197494506836,250000.0,30
2017-09-12,DHR-MRVL,2469.912887573242,250000.0,30
2017-09-13,DHR-MRVL,5811.1038818359375,250000.0,30
2017-09-14,DHR-MRVL,6303.502166748047,250000.0,30
2017-09-15,DHR-MRVL,8397.593894958496,250000.0,30
2017-09-18,DHR-MRVL,10212.040603637695,250000.0,30
2017-09-19,DHR-MRVL,12481.522651672363,250000.0,30
2017-09-20,DHR-MRVL,12834.404067993164,250000.0,30
2017-09-21,DHR-MRVL,13038.490447998047,250000.0,30
2017-09-22,DHR-MRVL,8883.042556762695,250000.0,30
2017-09-22,DHR-TSLA,0.0,250000.0,30
2017-09-25,DHR-MRVL,9094.860893249512,250000.0,30
2017-09-25,DHR-TSLA,-2571.2706966400146,250000.0,30
2017-09-26,DHR-MRVL,12429.874244689941,250000.0,30
2017-09-26,DHR-TSLA,-1159.1153011322021,250000.0,30
2017-09-27,DHR-TSLA,-4206.76383972168,250000.0,30
2017-09-27,DHR-URI,0.0,250000.0,30
2017-09-28,DHR-TSLA,-4544.990167617798,250000.0,30
2017-09-28,DHR-URI,-4722.185417175293,250000.0,30
2017-09-29,DHR-TSLA,-5161.128036499023,250000.0,30
2017-09-29,DHR-URI,-4757.052772521973,250000.0,30
2017-08-14,INVH-SMCI,0.0,250000.0,31
2017-08-14,INVH-USB,0.0,250000.0,31
2017-08-14,INVH-REG,0.0,250000.0,31
2017-08-15,INVH-USB,-552.6172313690186,250000.0,31
2017-08-16,INVH-USB,-2309.11470413208,250000.0,31
2017-09-05,INVH-RF,0.0,250000.0,31
2017-09-05,INVH-WFC,0.0,250000.0,31
2017-09-06,INVH-RF,-781.5177698135376,250000.0,31
2017-09-06,INVH-WFC,-2369.75887298584,250000.0,31
2017-09-07,INVH-RF,-7775.472141265869,250000.0,31
2017-09-07,INVH-WFC,-4446.912620544434,250000.0,31
2017-09-08,INVH-RF,-6102.368728637695,250000.0,31
2017-09-08,INVH-WFC,-4907.307723999023,250000.0,31
2017-09-11,INVH-RF,-576.2551517486572,250000.0,31
2017-09-11,INVH-WFC,2716.949993133545,250000.0,31
2017-09-12,INVH-RF,2292.047890663147,250000.0,31
2017-09-13,INVH-RF,2577.314380645752,250000.0,31
2017-09-14,INVH-RF,1642.291485786438,250000.0,31
2017-09-15,INVH-RF,3025.9401569366455,250000.0,31
2017-09-08,NXPI-ROP,0.0,250000.0,32
2017-09-11,NXPI-ROP,-2166.106460571289,250000.0,32
2017-09-12,NXPI-ROP,-2351.5623474121094,250000.0,32
2017-09-13,NXPI-ROP,-704.3606796264648,250000.0,32
2017-09-13,ABT-BDX,0.0,250000.0,32
2017-09-14,NXPI-ROP,-1990.4893188476562,250000.0,32
2017-09-14,ABT-BDX,2169.714385986328,250000.0,32
2017-09-15,NXPI-ROP,-2737.6346130371094,250000.0,32
2017-09-15,ABT-BDX,-912.2325897216797,250000.0,32
2017-09-18,NXPI-ROP,-2454.617805480957,250000.0,32
2017-09-18,ABT-BDX,-1522.452392578125,250000.0,32
2017-09-18,PSX-UPS,0.0,250000.0,32
2017-09-19,NXPI-ROP,-3419.2289962768555,250000.0,32
2017-09-19,ABT-BDX,-2844.538398742676,250000.0,32
2017-09-19,PSX-UPS,-3081.200252532959,250000.0,32
2017-09-20,ABT-BDX,-3003.396858215332,250000.0,32
2017-09-20,PSX-UPS,-1208.183650970459,250000.0,32
2017-09-21,ABT-BDX,-4734.982864379883,250000.0,32
2017-09-21,PSX-UPS,-2577.8812255859375,250000.0,32
2017-09-22,PSX-UPS,-3402.178077697754,250000.0,32
2017-09-25,NXPI-TTD,0.0,250000.0,32
2017-09-26,NXPI-TTD,-1368.151243686676,250000.0,32
2017-09-27,NXPI-TTD,5199.880868911743,250000.0,32
2017-09-28,NXPI-TTD,7034.700067996979,250000.0,32
2017-09-28,BDX-DHI,0.0,250000.0,32
2017-09-29,BDX-DHI,-2472.4276733398438,250000.0,32
2017-10-02,BDX-DHI,-2269.413619995117,250000.0,32
2017-10-03,BDX-DHI,-8072.920639038086,250000.0,32
2017-10-04,ADM-BALL,0.0,250000.0,32
2017-10-05,ADM-BALL,-2340.1750831604004,250000.0,32
2017-10-06,ADM-BALL,-1488.5880317687988,250000.0,32
2017-10-09,ADM-BALL,-845.7552642822266,250000.0,32
2017-11-03,NXPI-XEL,0.0,250000.0,32
2017-11-21,AOS-MMM,0.0,250000.0,32
2017-11-28,NXPI-YUM,0.0,250000.0,32
2017-11-28,EXR-FICO,0.0,250000.0,32
2017-11-28,ARE-HON,0.0,250000.0,32
2017-11-29,NXPI-YUM,-3443.0364990234375,250000.0,32
2017-11-29,EXR-FICO,1133.4843559265137,250000.0,32
2017-11-29,ARE-HON,1527.0494003295898,250000.0,32
2017-11-29,PSX-UPS,0.0,250000.0,32
2017-11-30,EXR-FICO,-925.7654304504395,250000.0,32
2017-11-30,ARE-HON,-2733.1212310791016,250000.0,32
2017-11-30,PSX-UPS,-2935.474220275879,250000.0,32
2017-10-11,CMI-SW,0.0,250000.0,33
2017-10-12,CMI-SW,616.1054077148438,250000.0,33
2017-10-12,AES-CASY,0.0,250000.0,33
2017-10-13,CMI-SW,-425.4034423828125,250000.0,33
2017-10-13,AES-CASY,-3522.17977142334,250000.0,33
2017-10-16,CMI-SW,-2640.0829467773438,250000.0,33
2017-10-16,AES-CASY,-1901.5625705718994,250000.0,33
2017-10-16,GDDY-WTW,0.0,250000.0,33
2017-10-17,CMI-SW,-3505.509567260742,250000.0,33
2017-10-17,AES-CASY,-1710.439465522766,250000.0,33
2017-10-17,GDDY-WTW,-37.47407531738281,250000.0,33
2017-10-18,CMI-SW,-3945.5888671875,250000.0,33
2017-10-18,AES-CASY,1476.0389833450317,250000.0,33
2017-10-18,GDDY-WTW,99.73068237304688,250000.0,33
2017-10-19,CMI-SW,-4370.823944091797,250000.0,33
2017-10-19,GDDY-WTW,-2613.3500366210938,250000.0,33
2017-10-20,CMI-SW,-6996.371337890625,250000.0,33
2017-10-20,GDDY-WTW,-3080.113998413086,250000.0,33
2017-10-23,CMI-SW,-7187.073303222656,250000.0,33
2017-10-24,CMI-SW,-8903.250686645508,250000.0,33
2017-10-25,CMI-SW,-6732.318145751953,250000.0,33
2017-11-13,AES-NKE,0.0,250000.0,33
2017-11-14,AES-NKE,-612.9011006355286,250000.0,33
2017-11-15,AES-NKE,-3968.737934112549,250000.0,33
2017-11-16,AES-NKE,-5151.52036523819,250000.0,33
2017-11-30,GDDY-WTW,0.0,250000.0,33
2017-12-01,GDDY-WTW,-3347.6244583129883,250000.0,33
2017-12-01,AES-BXP,0.0,250000.0,33
2017-12-04,GDDY-WTW,411.92987060546875,250000.0,33
2017-12-04,AES-BXP,-2007.8748245239258,250000.0,33
2017-12-05,GDDY-WTW,-738.6535224914551,250000.0,33
2017-12-06,GDDY-WTW,1259.827522277832,250000.0,33
2017-12-18,AES-BXP,0.0,250000.0,33
2017-12-19,LMT-PLD,0.0,250000.0,33
2017-12-20,LMT-PLD,243.9830322265625,250000.0,33
2017-12-21,LMT-PLD,450.3880615234375,250000.0,33
2017-12-22,LMT-PLD,3107.5571899414062,250000.0,33
2017-12-26,LMT-PLD,2738.428497314453,250000.0,33
2017-12-27,LMT-PLD,3913.884246826172,250000.0,33
2017-12-28,LMT-PLD,3979.6861877441406,250000.0,33
2017-12-29,LMT-PLD,3714.97021484375,250000.0,33
2017-11-02,HON-NEE,0.0,250000.0,34
2017-11-06,CCI-XEL,0.0,250000.0,34
2017-11-06,AEP-CCI,0.0,250000.0,34
2017-11-07,CCI-XEL,3282.371654510498,250000.0,34
2017-11-07,AEP-CCI,4599.478225708008,250000.0,34
2017-11-08,CCI-XEL,117.60690689086914,250000.0,34
2017-11-08,AEP-CCI,538.779182434082,250000.0,34
2017-11-08,RF-SBAC,0.0,250000.0,34
2017-11-09,CCI-XEL,2432.213611602783,250000.0,34
2017-11-09,AEP-CCI,3552.2452545166016,250000.0,34
2017-11-09,RF-SBAC,-247.28555488586426,250000.0,34
2017-11-10,CCI-XEL,1277.9971008300781,250000.0,34
2017-11-10,AEP-CCI,1843.5905838012695,250000.0,34
2017-11-10,RF-SBAC,258.62536811828613,250000.0,34
2017-11-13,CCI-XEL,4979.962776184082,250000.0,34
2017-11-13,AEP-CCI,6877.121429443359,250000.0,34
2017-11-13,RF-SBAC,6572.438409805298,250000.0,34
2017-11-14,RF-SBAC,6812.641841888428,250000.0,34
2017-11-15,RF-SBAC,7471.435251235962,250000.0,34
2017-11-15,TXT-VLO,0.0,250000.0,34
2017-11-16,RF-SBAC,8109.691473007202,250000.0,34
2017-11-16,TXT-VLO,960.4521675109863,250000.0,34
2017-11-17,RF-SBAC,7604.187204360962,250000.0,34
2017-11-17,TXT-VLO,-895.1570777893066,250000.0,34
2017-11-20,RF-SBAC,7085.586612701416,250000.0,34
2017-11-20,TXT-VLO,2851.1576385498047,250000.0,34
2017-11-21,RF-SBAC,3334.304468154907,250000.0,34
2017-11-21,TXT-VLO,-1011.5246124267578,250000.0,34
2017-11-22,RF-SBAC,4296.846963882446,250000.0,34
2017-11-22,TXT-VLO,2386.7606658935547,250000.0,34
2017-11-24,RF-SBAC,286.05553436279297,250000.0,34
2017-11-24,TXT-VLO,1132.3173484802246,250000.0,34
2017-11-27,TXT-VLO,2758.3401374816895,250000.0,34
2017-11-28,TXT-VLO,5004.722503662109,250000.0,34
2017-11-29,CI-PYPL,0.0,250000.0,34
2017-11-29,GD-TMO,0.0,250000.0,34
2017-11-29,CI-ISRG,0.0,250000.0,34
2017-11-29,KEY-SYK,0.0,250000.0,34
2017-11-30,CI-PYPL,-4204.065658569336,250000.0,34
2017-11-30,GD-TMO,-3044.5287322998047,250000.0,34
2017-11-30,CI-ISRG,-7528.600387573242,250000.0,34
2017-11-30,KEY-SYK,3293.165192604065,250000.0,34
2017-11-30,GDDY-WTW,0.0,250000.0,34
2017-12-01,CI-PYPL,1456.4824829101562,250000.0,34
2017-12-01,GD-TMO,1106.0166320800781,250000.0,34
2017-12-01,CI-ISRG,-3315.1493072509766,250000.0,34
2017-12-01,KEY-SYK,2028.1279973983765,250000.0,34
2017-12-01,GDDY-WTW,-3347.6244583129883,250000.0,34
2017-12-04,CI-PYPL,-4087.5802459716797,250000.0,34
2017-12-04,KEY-SYK,-7179.517219543457,250000.0,34
2017-12-04,GDDY-WTW,411.92987060546875,250000.0,34
2017-12-04,AEP-CCI,0.0,250000.0,34
2017-12-04,RF-SBAC,0.0,250000.0,34
2017-12-05,CI-PYPL,-3324.2264862060547,250000.0,34
2017-12-05,KEY-SYK,-5606.871674537659,250000.0,34
2017-12-05,GDDY-WTW,-738.6535224914551,250000.0,34
2017-12-05,AEP-CCI,2725.469585418701,250000.0,34
2017-12-05,RF-SBAC,3378.862515449524,250000.0,34
2017-12-06,CI-PYPL,3102.6696014404297,250000.0,34
2017-12-06,KEY-SYK,-6396.215640068054,250000.0,34
2017-12-06,GDDY-WTW,1259.827522277832,250000.0,34
2017-12-06,AEP-CCI,1681.7803001403809,250000.0,34
2017-12-06,RF-SBAC,8183.423875808716,250000.0,34
2017-12-07,CI-PYPL,1136.4940032958984,250000.0,34
2017-12-07,AEP-CCI,3382.4172401428223,250000.0,34
2017-12-07,RF-SBAC,5777.93936920166,250000.0,34
2017-12-08,CI-PYPL,-10048.51107788086,250000.0,34
2017-12-08,AEP-CCI,1590.8831748962402,250000.0,34
2017-12-08,RF-SBAC,2367.9739751815796,250000.0,34
2017-12-11,CI-PYPL,-7012.815353393555,250000.0,34
2017-12-11,AEP-CCI,4190.045036315918,250000.0,34
2017-12-11,RF-SBAC,5568.650181770325,250000.0,34
2017-12-12,CI-PYPL,-4426.685958862305,250000.0,34
2017-12-12,RF-SBAC,777.0073328018188,250000.0,34
2017-12-13,CI-PYPL,-1620.5477294921875,250000.0,34
2017-12-13,RF-SBAC,2737.679846763611,250000.0,34
2017-12-14,CI-PYPL,8169.824462890625,250000.0,34
2017-12-14,RF-SBAC,5030.055639266968,250000.0,34
2017-12-15,CI-PYPL,11818.295852661133,250000.0,34
2017-12-15,RF-SBAC,-363.5713834762573,250000.0,34
2017-12-18,CI-PYPL,5968.880752563477,250000.0,34
2017-12-18,RF-SBAC,-5402.830862045288,250000.0,34
2017-12-18,TXT-VLO,0.0,250000.0,34
2017-12-19,CI-PYPL,1195.620620727539,250000.0,34
2017-12-19,TXT-VLO,-3615.855270385742,250000.0,34
2017-12-20,CI-PYPL,2129.9791564941406,250000.0,34
2017-12-20,TXT-VLO,-2608.777084350586,250000.0,34
2017-12-20,RF-SBAC,0.0,250000.0,34
2017-12-21,CI-PYPL,5440.117919921875,250000.0,34
2017-12-21,TXT-VLO,-2382.8301696777344,250000.0,34
2017-12-21,RF-SBAC,-2188.5750579833984,250000.0,34
2017-12-22,CI-PYPL,7422.490539550781,250000.0,34
2017-12-22,TXT-VLO,1915.2967681884766,250000.0,34
2017-12-22,RF-SBAC,1740.9544830322266,250000.0,34
2017-12-26,CI-PYPL,7881.993850708008,250000.0,34
2017-12-26,TXT-VLO,3068.5948333740234,250000.0,34
2017-12-26,RF-SBAC,2091.575439453125,250000.0,34
2017-12-27,CI-PYPL,11271.162612915039,250000.0,34
2017-12-27,TXT-VLO,3181.8164825439453,250000.0,34
2017-12-27,RF-SBAC,4779.797306060791,250000.0,34
2017-12-28,CI-PYPL,4406.220245361328,250000.0,34
2017-12-28,TXT-VLO,3406.8043060302734,250000.0,34
2017-12-28,RF-SBAC,6877.0878257751465,250000.0,34
2017-12-29,CI-PYPL,7145.278305053711,250000.0,34
2017-12-29,RF-SBAC,8266.317119598389,250000.0,34
2018-01-02,CI-PYPL,9033.825408935547,250000.0,34
2018-01-02,RF-SBAC,3209.248748779297,250000.0,34
2018-01-02,GDDY-WTW,0.0,250000.0,34
2018-01-03,CI-PYPL,11664.587753295898,250000.0,34
2018-01-03,RF-SBAC,6143.531856536865,250000.0,34
2018-01-04,CI-PYPL,9277.617172241211,250000.0,34
2018-01-04,RF-SBAC,3587.8247566223145,250000.0,34
2018-01-05,CI-PYPL,8464.277221679688,250000.0,34
2018-01-05,RF-SBAC,5769.716888427734,250000.0,34
2018-01-05,TXT-VLO,0.0,250000.0,34
2018-01-08,CI-PYPL,14661.014404296875,250000.0,34
2018-01-08,RF-SBAC,5965.359146118164,250000.0,34
2018-01-08,TXT-VLO,1721.4140701293945,250000.0,34
2018-01-09,CI-PYPL,15890.2705078125,250000.0,34
2018-01-09,RF-SBAC,4468.564384460449,250000.0,34
2018-01-12,AFL-MNST,0.0,250000.0,34
2018-01-16,AFL-MNST,3736.453845024109,250000.0,34
2018-01-16,CCI-ED,0.0,250000.0,34
2018-01-17,AFL-MNST,635.8989763259888,250000.0,34
2018-01-17,CCI-ED,-270.11663818359375,250000.0,34
2018-01-18,AFL-MNST,-3515.5763330459595,250000.0,34
2018-01-18,CCI-ED,-3521.734474182129,250000.0,34
2018-01-19,AFL-MNST,-3253.6893129348755,250000.0,34
2018-01-22,AFL-MNST,-2721.002039909363,250000.0,34
2018-01-23,AFL-MNST,-3548.691418647766,250000.0,34
2018-01-24,AFL-MNST,-1232.8445520401,250000.0,34
2018-01-25,AFL-MNST,5314.5283308029175,250000.0,34
2018-01-26,AFL-MNST,8362.014788627625,250000.0,34
2018-01-29,AFL-MNST,4006.2641038894653,250000.0,34
2018-01-30,AFL-MNST,916.745228767395,250000.0,34
2017-12-04,AEP-CCI,0.0,250000.0,35
2017-12-04,CMCSA-DGX,0.0,250000.0,35
2017-12-05,AEP-CCI,2725.469585418701,250000.0,35
2017-12-05,CMCSA-DGX,-265.94651794433594,250000.0,35
2017-12-05,ES-SRE,0.0,250000.0,35
2017-12-06,AEP-CCI,1681.7803001403809,250000.0,35
2017-12-06,CMCSA-DGX,4815.4645919799805,250000.0,35
2017-12-06,ES-SRE,-550.3465843200684,250000.0,35
2017-12-07,AEP-CCI,3382.4172401428223,250000.0,35
2017-12-07,ES-SRE,354.6264114379883,250000.0,35
2017-12-08,AEP-CCI,1590.8831748962402,250000.0,35
2017-12-08,ES-SRE,-88.88436126708984,250000.0,35
2017-12-11,AEP-CCI,4190.045036315918,250000.0,35
2017-12-11,ES-SRE,1240.608299255371,250000.0,35
2017-12-12,ES-SRE,-1123.412940979004,250000.0,35
2017-12-13,ES-SRE,-2754.6906700134277,250000.0,35
2017-12-14,ES-SRE,-622.7916030883789,250000.0,35
2017-12-15,ES-SRE,-36.19086456298828,250000.0,35
2017-12-18,ES-SRE,-862.7262916564941,250000.0,35
2017-12-19,ES-SRE,-2755.7810821533203,250000.0,35
2017-12-21,ES-SRE,0.0,250000.0,35
2017-12-22,ES-SRE,2340.911952972412,250000.0,35
2017-12-26,ES-SRE,2456.2598724365234,250000.0,35
2017-12-27,ES-SRE,835.9671974182129,250000.0,35
2017-12-28,ES-SRE,3.4724655151367188,250000.0,35
2017-12-29,ES-SRE,-923.5833358764648,250000.0,35
2018-01-02,ES-SRE,-4551.253391265869,250000.0,35
2018-01-03,ES-SRE,3362.065357208252,250000.0,35
2018-01-03,IEX-TRMB,0.0,250000.0,35
2018-01-03,INVH-OMC,0.0,250000.0,35
2018-01-04,ES-SRE,3770.1404304504395,250000.0,35
2018-01-04,IEX-TRMB,-1896.4063529968262,250000.0,35
2018-01-04,INVH-OMC,802.2284622192383,250000.0,35
2018-01-04,DLR-WDAY,0.0,250000.0,35
2018-01-04,EXR-WM,0.0,250000.0,35
2018-01-05,ES-SRE,5934.053504943848,250000.0,35
2018-01-05,IEX-TRMB,-3031.022602081299,250000.0,35
2018-01-05,INVH-OMC,4745.469436645508,250000.0,35
2018-01-05,DLR-WDAY,935.1661987304688,250000.0,35
2018-01-05,EXR-WM,-614.4850387573242,250000.0,35
2018-01-08,ES-SRE,4976.364757537842,250000.0,35
2018-01-08,IEX-TRMB,-2872.767402648926,250000.0,35
2018-01-08,INVH-OMC,5833.245338439941,250000.0,35
2018-01-08,DLR-WDAY,1265.9922790527344,250000.0,35
2018-01-08,EXR-WM,2157.2132720947266,250000.0,35
2018-01-09,ES-SRE,4074.0245056152344,250000.0,35
2018-01-09,IEX-TRMB,-1237.0830879211426,250000.0,35
2018-01-09,INVH-OMC,3524.8842391967773,250000.0,35
2018-01-09,DLR-WDAY,-542.7437133789062,250000.0,35
2018-01-09,EXR-WM,-1593.2198638916016,250000.0,35
2018-01-10,ES-SRE,4160.989406585693,250000.0,35
2018-01-10,IEX-TRMB,-945.9554405212402,250000.0,35
2018-01-10,INVH-OMC,5962.455291748047,250000.0,35
2018-01-10,EXR-WM,-2138.906135559082,250000.0,35
2018-01-11,ES-SRE,2528.0107612609863,250000.0,35
2018-01-11,IEX-TRMB,-725.1652069091797,250000.0,35
2018-01-11,EXR-WM,-4975.722106933594,250000.0,35
2018-01-12,ES-SRE,3382.334083557129,250000.0,35
2018-01-12,IEX-TRMB,-3028.786121368408,250000.0,35
2018-01-12,EXR-WM,-5231.076690673828,250000.0,35
2018-01-16,ES-SRE,4739.480262756348,250000.0,35
2018-01-16,IEX-TRMB,-1410.031623840332,250000.0,35
2018-01-16,EXR-WM,-3853.388786315918,250000.0,35
2018-01-16,AXON-MLM,0.0,250000.0,35
2018-01-17,ES-SRE,1957.890266418457,250000.0,35
2018-01-17,IEX-TRMB,-6384.755844116211,250000.0,35
2018-01-17,EXR-WM,-3165.888496398926,250000.0,35
2018-01-17,AXON-MLM,-8.240097045898438,250000.0,35
2018-01-18,ES-SRE,2623.710304260254,250000.0,35
2018-01-18,EXR-WM,-3309.0909118652344,250000.0,35
2018-01-18,AXON-MLM,158.80060386657715,250000.0,35
2018-01-19,ES-SRE,2600.859329223633,250000.0,35
2018-01-19,AXON-MLM,444.19184494018555,250000.0,35
2018-01-22,ES-SRE,457.7102470397949,250000.0,35
2018-01-22,AXON-MLM,168.48737144470215,250000.0,35
2018-01-23,ES-SRE,2353.6339073181152,250000.0,35
2018-01-23,EXR-WM,0.0,250000.0,35
2018-01-24,ES-SRE,1057.310832977295,250000.0,35
2018-01-24,EXR-WM,2541.275634765625,250000.0,35
2018-01-25,EXR-WM,4002.710273742676,250000.0,35
2018-01-26,CFG-FDS,0.0,250000.0,35
2018-01-26,CPAY-FDS,0.0,250000.0,35
2018-01-29,CFG-FDS,6619.656929016113,250000.0,35
2018-01-29,CPAY-FDS,5943.074523925781,250000.0,35
2018-01-30,CFG-FDS,7621.39102935791,250000.0,35
2018-01-31,CFG-FDS,7533.547981262207,250000.0,35
2018-02-01,CFG-FDS,5463.68302154541,250000.0,35
2018-02-02,AXON-WAB,0.0,250000.0,35
2018-02-05,AXON-WAB,-1545.1168308258057,250000.0,35
2018-02-06,AXON-WAB,912.8311023712158,250000.0,35
2018-02-07,AXON-WAB,-2488.4440269470215,250000.0,35
2018-02-08,AXON-WAB,-5158.546875,250000.0,35
2018-02-09,AXON-WAB,-2909.1676120758057,250000.0,35
2018-02-12,AXON-WAB,-3479.46541595459,250000.0,35
2018-02-13,AXON-WAB,-8724.756145477295,250000.0,35
2018-02-14,AXON-WAB,-9108.59301185608,250000.0,35
2018-02-15,AXON-WAB,-6318.926710128784,250000.0,35
2018-02-16,AXON-WAB,1324.2821788787842,250000.0,35
2018-02-20,AXON-WAB,13457.29296875,250000.0,35
2018-02-22,ACN-DOV,0.0,250000.0,35
2018-02-23,ACN-DOV,1443.5048522949219,250000.0,35
2018-02-26,ACN-DOV,-523.1812286376953,250000.0,35
2018-02-27,ACN-DOV,1780.0740966796875,250000.0,35
2018-02-27,CMCSA-DGX,0.0,250000.0,35
2018-02-28,CMCSA-DGX,2049.191650390625,250000.0,35
2018-01-02,KKR-TROW,0.0,250000.0,36
2018-01-02,CRM-MNST,0.0,250000.0,36
2018-01-03,KKR-TROW,-5272.609516143799,250000.0,36
2018-01-03,CRM-MNST,-544.5421009063721,250000.0,36
2018-01-03,KKR-LDOS,0.0,250000.0,36
2018-01-04,KKR-TROW,-3662.1740951538086,250000.0,36
2018-01-04,CRM-MNST,-3029.6451301574707,250000.0,36
2018-01-04,KKR-LDOS,3220.4862098693848,250000.0,36
2018-01-04,EXR-WM,0.0,250000.0,36
2018-01-04,DVA-HCA,0.0,250000.0,36
2018-01-05,KKR-TROW,2316.026824951172,250000.0,36
2018-01-05,CRM-MNST,-6027.50644493103,250000.0,36
2018-01-05,KKR-LDOS,3720.737133026123,250000.0,36
2018-01-05,EXR-WM,-614.4850387573242,250000.0,36
2018-01-05,DVA-HCA,1589.7539901733398,250000.0,36
2018-01-05,MA-XYL,0.0,250000.0,36
2018-01-08,KKR-TROW,6663.070350646973,250000.0,36
2018-01-08,CRM-MNST,-5756.716556549072,250000.0,36
2018-01-08,EXR-WM,2157.2132720947266,250000.0,36
2018-01-08,DVA-HCA,831.0230331420898,250000.0,36
2018-01-08,MA-XYL,319.4496154785156,250000.0,36
2018-01-09,KKR-TROW,-895.0727615356445,250000.0,36
2018-01-09,CRM-MNST,-694.3897171020508,250000.0,36
2018-01-09,EXR-WM,-1593.2198638916016,250000.0,36
2018-01-09,DVA-HCA,-4625.910232543945,250000.0,36
2018-01-09,MA-XYL,112.09484100341797,250000.0,36
2018-01-10,KKR-TROW,-3035.250648498535,250000.0,36
2018-01-10,EXR-WM,-2138.906135559082,250000.0,36
2018-01-10,DVA-HCA,-8735.85806274414,250000.0,36
2018-01-10,MA-XYL,-2130.756462097168,250000.0,36
2018-01-11,KKR-TROW,-4520.60111618042,250000.0,36
2018-01-11,EXR-WM,-4975.722106933594,250000.0,36
2018-01-11,DVA-HCA,-6438.9752197265625,250000.0,36
2018-01-11,MA-XYL,83.44048309326172,250000.0,36
2018-01-12,KKR-TROW,87.4534912109375,250000.0,36
2018-01-12,EXR-WM,-5231.076690673828,250000.0,36
2018-01-12,DVA-HCA,511.15845489501953,250000.0,36
2018-01-12,MA-XYL,139.26570892333984,250000.0,36
2018-01-16,KKR-TROW,3432.906280517578,250000.0,36
2018-01-16,EXR-WM,-3853.388786315918,250000.0,36
2018-01-16,DVA-HCA,445.82913970947266,250000.0,36
2018-01-16,MA-XYL,476.80201721191406,250000.0,36
2018-01-17,KKR-TROW,6930.484596252441,250000.0,36
2018-01-17,EXR-WM,-3165.888496398926,250000.0,36
2018-01-17,DVA-HCA,2382.4466247558594,250000.0,36
2018-01-17,MA-XYL,-257.14447021484375,250000.0,36
2018-01-18,EXR-WM,-3309.0909118652344,250000.0,36
2018-01-18,DVA-HCA,6021.632835388184,250000.0,36
2018-01-18,MA-XYL,-1341.7110748291016,250000.0,36
2018-01-19,MA-XYL,-93.62950134277344,250000.0,36
2018-01-22,MA-XYL,816.2339324951172,250000.0,36
2018-01-23,MA-XYL,1996.4176025390625,250000.0,36
2018-01-23,EXR-WM,0.0,250000.0,36
2018-01-24,MA-XYL,2070.742660522461,250000.0,36
2018-01-24,EXR-WM,2541.275634765625,250000.0,36
2018-01-25,MA-XYL,2569.9181060791016,250000.0,36
2018-01-25,EXR-WM,4002.710273742676,250000.0,36
2018-01-30,MNST-UNH,0.0,250000.0,36
2018-01-31,MNST-UNH,-1013.358024597168,250000.0,36
2018-02-01,MNST-UNH,-1614.1073455810547,250000.0,36
2018-02-02,MNST-UNH,-607.4269790649414,250000.0,36
2018-02-05,MNST-UNH,-3434.9036178588867,250000.0,36
2018-02-05,EXR-HST,0.0,250000.0,36
2018-02-06,MNST-UNH,757.0538635253906,250000.0,36
2018-02-06,EXR-HST,1213.124930381775,250000.0,36
2018-02-06,CRM-MNST,0.0,250000.0,36
2018-02-07,MNST-UNH,247.22475814819336,250000.0,36
2018-02-07,EXR-HST,79.54605388641357,250000.0,36
2018-02-07,CRM-MNST,65.32341957092285,250000.0,36
2018-02-08,MNST-UNH,-708.0726413726807,250000.0,36
2018-02-08,EXR-HST,-2659.600425720215,250000.0,36
2018-02-09,MNST-UNH,904.5120964050293,250000.0,36
2018-02-09,EXR-HST,1050.0639295578003,250000.0,36
2018-02-12,MNST-UNH,1748.6349906921387,250000.0,36
2018-02-12,EXR-HST,-1145.7128686904907,250000.0,36
2018-02-13,EXR-HST,-3777.848759651184,250000.0,36
2018-02-14,EXR-HST,947.0748767852783,250000.0,36
2018-02-15,EXR-HST,-3106.6187419891357,250000.0,36
2018-02-16,EXR-HST,1711.1151809692383,250000.0,36
2018-02-20,EXR-HST,127.22773838043213,250000.0,36
2018-03-01,KKR-NOC,0.0,250000.0,36
2018-03-02,KKR-NOC,2572.3348236083984,250000.0,36
2018-03-05,KKR-NOC,1168.1671905517578,250000.0,36
2018-03-06,KKR-NOC,-2909.4559783935547,250000.0,36
2018-03-06,PKG-SW,0.0,250000.0,36
2018-03-07,KKR-NOC,1322.8543701171875,250000.0,36
2018-03-07,PKG-SW,-2312.903118133545,250000.0,36
2018-03-08,KKR-NOC,1431.3603973388672,250000.0,36
2018-03-08,PKG-SW,-3355.4199180603027,250000.0,36
2018-03-08,IR-OXY,0.0,250000.0,36
2018-03-09,KKR-NOC,75.98431396484375,250000.0,36
2018-03-09,PKG-SW,2619.2199745178223,250000.0,36
2018-03-09,IR-OXY,-249.68524169921875,250000.0,36
2018-03-12,KKR-NOC,-3429.7075805664062,250000.0,36
2018-03-12,PKG-SW,2995.0875205993652,250000.0,36
2018-03-12,IR-OXY,2377.097484588623,250000.0,36
2018-03-13,KKR-NOC,-1988.9789428710938,250000.0,36
2018-03-13,PKG-SW,3371.206932067871,250000.0,36
2018-03-13,IR-OXY,4143.5443687438965,250000.0,36
2018-03-14,KKR-NOC,-3192.2281036376953,250000.0,36
2018-03-14,PKG-SW,1331.4021759033203,250000.0,36
2018-03-14,IR-OXY,1414.0622940063477,250000.0,36
2018-03-15,KKR-NOC,-355.36297607421875,250000.0,36
2018-03-15,PKG-SW,-425.1050720214844,250000.0,36
2018-03-15,IR-OXY,2359.0894813537598,250000.0,36
2018-03-16,PKG-SW,688.241943359375,250000.0,36
2018-03-16,IR-OXY,3041.6999435424805,250000.0,36
2018-03-19,PKG-SW,-2806.0003814697266,250000.0,36
2018-03-19,IR-OXY,1083.4401588439941,250000.0,36
2018-03-20,PKG-SW,1223.6191310882568,250000.0,36
2018-03-20,IR-OXY,2894.8316192626953,250000.0,36
2018-03-21,PKG-SW,3376.7576427459717,250000.0,36
2018-03-22,IR-OXY,0.0,250000.0,36
2018-03-22,EXR-WM,0.0,250000.0,36
2018-03-22,MNST-UNH,0.0,250000.0,36
2018-03-23,IR-OXY,-6196.2083377838135,250000.0,36
2018-03-23,EXR-WM,-3103.428455352783,250000.0,36
2018-03-23,MNST-UNH,-1720.092113494873,250000.0,36
2018-03-26,IR-OXY,-10447.962816238403,250000.0,36
2018-03-26,EXR-WM,-359.37181854248047,250000.0,36
2018-03-26,MNST-UNH,4347.814661979675,250000.0,36
2018-03-26,DVA-HCA,0.0,250000.0,36
2018-03-26,PKG-SW,0.0,250000.0,36
2018-03-27,IR-OXY,-7011.776163101196,250000.0,36
2018-03-27,EXR-WM,-3633.4657592773438,250000.0,36
2018-03-27,MNST-UNH,3981.106819152832,250000.0,36
2018-03-27,DVA-HCA,-723.5835494995117,250000.0,36
2018-03-27,PKG-SW,2012.5665664672852,250000.0,36
2018-03-28,IR-OXY,1259.4288444519043,250000.0,36
2018-03-28,MNST-UNH,4622.956269264221,250000.0,36
2018-03-28,DVA-HCA,-2933.5488204956055,250000.0,36
2018-03-28,PKG-SW,-1344.3336868286133,250000.0,36
2018-03-29,MNST-UNH,-2044.3790531158447,250000.0,36
2018-03-29,DVA-HCA,-3180.3638610839844,250000.0,36
2018-03-01,MCO-XYL,0.0,250000.0,38
2018-03-02,MCO-XYL,270.47120666503906,250000.0,38
2018-03-05,MCO-XYL,733.4572677612305,250000.0,38
2018-03-14,BAX-TDG,0.0,250000.0,38
2018-03-14,IQV-NEE,0.0,250000.0,38
2018-03-15,BAX-TDG,402.8100128173828,250000.0,38
2018-03-15,IQV-NEE,-7.712465286254883,250000.0,38
2018-03-16,BAX-TDG,-1221.6371002197266,250000.0,38
2018-03-16,AES-PM,0.0,250000.0,38
2018-03-19,AES-PM,-3360.532370567322,250000.0,38
2018-03-20,AES-PM,-6230.759932518005,250000.0,38
2018-03-22,APO-APTV,0.0,250000.0,38
2018-03-22,ALL-ARE,0.0,250000.0,38
2018-03-23,APO-APTV,-5854.169975280762,250000.0,38
2018-03-23,ALL-ARE,-3958.3345794677734,250000.0,38
2018-03-23,DHI-EME,0.0,250000.0,38
2018-03-26,APO-APTV,3780.488983154297,250000.0,38
2018-03-26,ALL-ARE,-2006.7858276367188,250000.0,38
2018-03-26,DHI-EME,3445.923839569092,250000.0,38
2018-03-26,HD-UNP,0.0,250000.0,38
2018-03-27,APO-APTV,3095.7880096435547,250000.0,38
2018-03-27,ALL-ARE,1358.1198120117188,250000.0,38
2018-03-27,DHI-EME,-298.2231903076172,250000.0,38
2018-03-27,HD-UNP,-1300.3830642700195,250000.0,38
2018-03-28,APO-APTV,1713.8201446533203,250000.0,38
2018-03-28,DHI-EME,2031.7627449035645,250000.0,38
2018-03-28,HD-UNP,-2404.305923461914,250000.0,38
2018-03-28,SPG-TSCO,0.0,250000.0,38
2018-03-29,DHI-EME,7312.209098815918,250000.0,38
2018-03-29,HD-UNP,614.5095977783203,250000.0,38
2018-04-02,DHI-EME,3421.137382507324,250000.0,38
2018-04-02,APD-IR,0.0,250000.0,38
2018-04-03,APD-IR,-652.6393489837646,250000.0,38
2018-04-04,APD-IR,-6194.900524139404,250000.0,38
2018-04-05,APD-IR,-1649.289716720581,250000.0,38
2018-04-06,APD-IR,-1239.7657108306885,250000.0,38
2018-04-09,APD-IR,-5847.062759399414,250000.0,38
2018-04-09,BAX-TDG,0.0,250000.0,38
2018-04-10,APD-IR,992.6380615234375,250000.0,38
2018-04-10,BAX-TDG,-936.4589080810547,250000.0,38
2018-04-10,AES-TMUS,0.0,250000.0,38
2018-04-11,APD-IR,5294.558418273926,250000.0,38
2018-04-11,BAX-TDG,2550.3290634155273,250000.0,38
2018-04-11,AES-TMUS,778.2571907043457,250000.0,38
2018-04-12,BAX-TDG,1719.429702758789,250000.0,38
2018-04-12,AES-TMUS,-308.38608169555664,250000.0,38
2018-04-13,BAX-TDG,2690.069046020508,250000.0,38
2018-04-13,AES-TMUS,4193.586078643799,250000.0,38
2018-04-16,AES-TMUS,2248.340835571289,250000.0,38
2018-04-17,AES-TMUS,2082.600311279297,250000.0,38
2018-04-18,AES-TMUS,2610.8528480529785,250000.0,38
2018-04-19,AES-TMUS,1225.1454963684082,250000.0,38
2018-04-20,AES-TMUS,1167.9066123962402,250000.0,38
2018-04-23,AES-TMUS,5610.373020172119,250000.0,38
2018-04-24,AES-TMUS,5206.098575592041,250000.0,38
2018-04-25,AES-TMUS,20.616405487060547,250000.0,38
2018-04-26,AES-TMUS,91.4374008178711,250000.0,38
2018-05-14,SPG-TSCO,0.0,250000.0,38
2018-05-15,SPG-TSCO,-13145.60282421112,250000.0,38
2018-05-15,ALL-ARE,0.0,250000.0,38
2018-05-16,SPG-TSCO,-6717.343452453613,250000.0,38
2018-05-16,ALL-ARE,-2786.934257507324,250000.0,38
2018-05-17,SPG-TSCO,-11755.770629882812,250000.0,38
2018-05-17,ALL-ARE,-3924.121795654297,250000.0,38
2018-05-18,SPG-TSCO,-13633.278882026672,250000.0,38
2018-05-18,ALL-ARE,-4906.75244140625,250000.0,38
2018-05-21,SPG-TSCO,-4157.072804450989,250000.0,38
2018-05-21,ALL-ARE,-1185.6761779785156,250000.0,38
2018-05-21,FITB-JPM,0.0,250000.0,38
2018-05-22,SPG-TSCO,764.9196147918701,250000.0,38
2018-05-22,ALL-ARE,-725.869010925293,250000.0,38
2018-05-22,FITB-JPM,2515.9570503234863,250000.0,38
2018-05-23,SPG-TSCO,2975.8610105514526,250000.0,38
2018-05-23,ALL-ARE,3627.727035522461,250000.0,38
2018-05-23,FITB-JPM,585.3638458251953,250000.0,38
2018-05-24,SPG-TSCO,1358.5601930618286,250000.0,38
2018-05-24,ALL-ARE,-325.43096923828125,250000.0,38
2018-05-24,FITB-JPM,5901.41996383667,250000.0,38
2018-05-25,SPG-TSCO,6399.960784912109,250000.0,38
2018-05-25,ALL-ARE,-875.7263946533203,250000.0,38
2018-05-25,FITB-JPM,5380.739765167236,250000.0,38
2018-05-29,SPG-TSCO,6782.73955821991,250000.0,38
2018-05-29,ALL-ARE,2194.6862411499023,250000.0,38
2018-05-30,SPG-TSCO,8421.122099876404,250000.0,38
2018-05-30,ALL-ARE,3461.0903549194336,250000.0,38
2018-05-30,AVY-MNST,0.0,250000.0,38
2018-05-31,SPG-TSCO,6134.004341125488,250000.0,38
2018-05-31,ALL-ARE,3580.4627075195312,250000.0,38
2018-05-31,AVY-MNST,-2617.526535987854,250000.0,38
2018-04-02,APD-IR,0.0,250000.0,39
2018-04-03,APD-IR,-652.6393489837646,250000.0,39
2018-04-04,APD-IR,-6194.900524139404,250000.0,39
2018-04-05,APD-IR,-1649.289716720581,250000.0,39
2018-04-06,APD-IR,-1239.7657108306885,250000.0,39
2018-04-09,APD-IR,-5847.062759399414,250000.0,39
2018-04-10,APD-IR,992.6380615234375,250000.0,39
2018-04-11,APD-IR,5294.558418273926,250000.0,39
2018-05-08,DTE-XEL,0.0,250000.0,39
2018-05-09,DTE-XEL,-1895.0666427612305,250000.0,39
2018-05-10,DTE-XEL,-599.6877365112305,250000.0,39
2018-05-10,DLR-HCA,0.0,250000.0,39
2018-05-11,DLR-HCA,-1700.260025024414,250000.0,39
2018-05-14,DLR-HCA,-508.1355438232422,250000.0,39
2018-05-15,DLR-HCA,3394.233932495117,250000.0,39
2018-05-15,ALL-ARE,0.0,250000.0,39
2018-05-16,DLR-HCA,-484.8347473144531,250000.0,39
2018-05-16,ALL-ARE,-2786.934257507324,250000.0,39
2018-05-17,DLR-HCA,2052.099319458008,250000.0,39
2018-05-17,ALL-ARE,-3924.121795654297,250000.0,39
2018-05-18,DLR-HCA,3270.6263122558594,250000.0,39
2018-05-18,ALL-ARE,-4906.75244140625,250000.0,39
2018-05-21,DLR-HCA,-2140.4481201171875,250000.0,39
2018-05-21,ALL-ARE,-1185.6761779785156,250000.0,39
2018-05-21,FITB-JPM,0.0,250000.0,39
2018-05-21,FITB-MS,0.0,250000.0,39
2018-05-22,DLR-HCA,-499.8008117675781,250000.0,39
2018-05-22,ALL-ARE,-725.869010925293,250000.0,39
2018-05-22,FITB-JPM,2515.9570503234863,250000.0,39
2018-05-22,FITB-MS,2647.375913619995,250000.0,39
2018-05-23,ALL-ARE,3627.727035522461,250000.0,39
2018-05-23,FITB-JPM,585.3638458251953,250000.0,39
2018-05-23,FITB-MS,1572.9307708740234,250000.0,39
2018-05-24,ALL-ARE,-325.43096923828125,250000.0,39
2018-05-24,FITB-JPM,5901.41996383667,250000.0,39
2018-05-24,FITB-MS,6032.740056991577,250000.0,39
2018-05-25,ALL-ARE,-875.7263946533203,250000.0,39
2018-05-25,FITB-JPM,5380.739765167236,250000.0,39
2018-05-29,ALL-ARE,2194.6862411499023,250000.0,39
2018-05-29,FICO-RF,0.0,250000.0,39
2018-05-29,CDW-MS,0.0,250000.0,39
2018-05-30,ALL-ARE,3461.0903549194336,250000.0,39
2018-05-30,FICO-RF,2890.3475790023804,250000.0,39
2018-05-30,CDW-MS,4569.825366973877,250000.0,39
2018-05-31,ALL-ARE,3580.4627075195312,250000.0,39
2018-05-31,FICO-RF,564.7832460403442,250000.0,39
2018-06-01,ALL-ARE,4505.968399047852,250000.0,39
2018-06-01,FICO-RF,3557.1855812072754,250000.0,39
2018-06-01,KMB-VICI,0.0,250000.0,39
2018-06-04,TRMB-VICI,0.0,250000.0,39
2018-06-04,IEX-WYNN,0.0,250000.0,39
2018-06-04,INTU-WYNN,0.0,250000.0,39
2018-06-04,CVS-VICI,0.0,250000.0,39
2018-06-05,INTU-WYNN,-9315.108963012695,250000.0,39
2018-06-05,CVS-VICI,1752.130955696106,250000.0,39
2018-06-06,INTU-WYNN,-6937.833435058594,250000.0,39
2018-06-07,INTU-WYNN,-8286.293960571289,250000.0,39
2018-06-08,INTU-WYNN,-5729.606216430664,250000.0,39
2018-06-11,INTU-WYNN,-2133.9776153564453,250000.0,39
2018-06-11,HST-OXY,0.0,250000.0,39
2018-06-11,APD-IR,0.0,250000.0,39
2018-06-12,INTU-WYNN,-5173.326385498047,250000.0,39
2018-06-12,HST-OXY,1486.4707489013672,250000.0,39
2018-06-12,APD-IR,-2645.2536010742188,250000.0,39
2018-06-13,INTU-WYNN,-9521.95068359375,250000.0,39
2018-06-13,HST-OXY,-3866.4842042922974,250000.0,39
2018-06-13,APD-IR,-807.3976593017578,250000.0,39
2018-06-14,INTU-WYNN,-10991.939849853516,250000.0,39
2018-06-14,HST-OXY,742.4725170135498,250000.0,39
2018-06-14,APD-IR,5260.964950561523,250000.0,39
2018-06-15,INTU-WYNN,-14896.578247070312,250000.0,39
2018-06-15,HST-OXY,2955.2228050231934,250000.0,39
2018-06-15,APD-IR,3963.784414291382,250000.0,39
2018-06-18,INTU-WYNN,-12654.756607055664,250000.0,39
2018-06-18,HST-OXY,-432.84618759155273,250000.0,39
2018-06-18,APD-IR,7507.3409786224365,250000.0,39
2018-06-19,HST-OXY,1771.1231622695923,250000.0,39
2018-06-19,APD-IR,7878.207927703857,250000.0,39
2018-06-20,APD-IR,-15.349517822265625,250000.0,39
2018-06-21,APD-IR,-1336.836519241333,250000.0,39
2018-06-22,APD-IR,4316.359174728394,250000.0,39
2018-06-25,APD-IR,2717.971088409424,250000.0,39
2018-06-26,APD-IR,8713.110820770264,250000.0,39
2018-06-27,APD-IR,11498.456102371216,250000.0,39
2018-06-28,APD-IR,11354.197513580322,250000.0,39
2018-06-28,CVS-VICI,0.0,250000.0,39
2018-06-29,APD-IR,10534.291534423828,250000.0,39
2018-06-29,CVS-VICI,-5393.560676574707,250000.0,39
2018-05-15,ALL-ARE,0.0,250000.0,40
2018-05-16,ALL-ARE,-2786.934257507324,250000.0,40
2018-05-17,ALL-ARE,-3924.121795654297,250000.0,40
2018-05-18,ALL-ARE,-4906.75244140625,250000.0,40
2018-05-21,ALL-ARE,-1185.6761779785156,250000.0,40
2018-05-22,ALL-ARE,-725.869010925293,250000.0,40
2018-05-23,ALL-ARE,3627.727035522461,250000.0,40
2018-05-24,ALL-ARE,-325.43096923828125,250000.0,40
2018-05-25,ALL-ARE,-875.7263946533203,250000.0,40
2018-05-29,ALL-ARE,2194.6862411499023,250000.0,40
2018-05-29,USB-VICI,0.0,250000.0,40
2018-05-29,AKAM-NTRS,0.0,250000.0,40
2018-05-29,CB-VICI,0.0,250000.0,40
2018-05-30,ALL-ARE,3461.0903549194336,250000.0,40
2018-05-30,USB-VICI,4672.024244308472,250000.0,40
2018-05-30,AKAM-NTRS,3191.767738342285,250000.0,40
2018-05-30,CB-VICI,4110.197645187378,250000.0,40
2018-05-31,ALL-ARE,3580.4627075195312,250000.0,40
2018-05-31,AKAM-NTRS,1007.393684387207,250000.0,40
2018-06-01,ALL-ARE,4505.968399047852,250000.0,40
2018-06-04,INTU-WYNN,0.0,250000.0,40
2018-06-05,INTU-WYNN,-9315.108963012695,250000.0,40
2018-06-06,INTU-WYNN,-6937.833435058594,250000.0,40
2018-06-07,INTU-WYNN,-8286.293960571289,250000.0,40
2018-06-08,INTU-WYNN,-5729.606216430664,250000.0,40
2018-06-11,INTU-WYNN,-2133.9776153564453,250000.0,40
2018-06-12,INTU-WYNN,-5173.326385498047,250000.0,40
2018-06-13,INTU-WYNN,-9521.95068359375,250000.0,40
2018-06-14,INTU-WYNN,-10991.939849853516,250000.0,40
2018-06-15,INTU-WYNN,-14896.578247070312,250000.0,40
2018-06-18,INTU-WYNN,-12654.756607055664,250000.0,40
2018-06-18,CPAY-MAR,0.0,250000.0,40
2018-06-19,CPAY-MAR,-3630.362289428711,250000.0,40
2018-06-20,CPAY-MAR,-5318.726348876953,250000.0,40
2018-06-25,BAX-JBHT,0.0,250000.0,40
2018-06-26,BAX-JBHT,-982.6224594116211,250000.0,40
2018-06-27,BAX-JBHT,-2472.663261413574,250000.0,40
2018-06-28,AKAM-FISV,0.0,250000.0,40
2018-06-29,AKAM-FISV,402.5534133911133,250000.0,40
2018-07-02,AKAM-FISV,-272.9228973388672,250000.0,40
2018-07-03,AKAM-FISV,544.8172225952148,250000.0,40
2018-07-05,AKAM-FISV,-1379.2236709594727,250000.0,40
2018-07-06,AKAM-FISV,-1890.3382720947266,250000.0,40
2018-07-09,AKAM-FISV,-1672.5879364013672,250000.0,40
2018-07-09,ETN-VICI,0.0,250000.0,40
2018-07-09,TT-VICI,0.0,250000.0,40
2018-07-10,AKAM-FISV,-2649.1277923583984,250000.0,40
2018-07-10,ETN-VICI,-289.166690826416,250000.0,40
2018-07-10,TT-VICI,1334.7500801086426,250000.0,40
2018-07-11,ETN-VICI,800.8194370269775,250000.0,40
2018-07-12,ETN-VICI,-838.3474006652832,250000.0,40
2018-07-13,ETN-VICI,761.0510272979736,250000.0,40
2018-06-18,CPAY-MAR,0.0,250000.0,41
2018-06-19,CPAY-MAR,-3630.362289428711,250000.0,41
2018-06-19,COO-YUM,0.0,250000.0,41
2018-06-20,CPAY-MAR,-5318.726348876953,250000.0,41
2018-06-20,COO-YUM,-866.2934036254883,250000.0,41
2018-06-21,COO-YUM,-3845.0045776367188,250000.0,41
2018-06-21,NXPI-PCAR,0.0,250000.0,41
2018-06-21,BAC-MAR,0.0,250000.0,41
2018-06-22,COO-YUM,-1130.0232543945312,250000.0,41
2018-06-22,NXPI-PCAR,1061.0991592407227,250000.0,41
2018-06-22,BAC-MAR,-1102.8876647949219,250000.0,41
2018-06-25,BAC-MAR,-5979.556602478027,250000.0,41
2018-06-26,BAC-MAR,-5560.820762634277,250000.0,41
2018-07-09,SPG-UPS,0.0,250000.0,41
2018-07-10,SPG-UPS,564.7995452880859,250000.0,41
2018-07-11,SPG-UPS,2343.558334350586,250000.0,41
2018-07-12,SPG-UPS,-132.2080535888672,250000.0,41
2018-07-13,SPG-UPS,-1123.1291427612305,250000.0,41
2018-08-15,NUE-RTX,0.0,250000.0,41
2018-08-15,CPAY-FANG,0.0,250000.0,41
2018-08-16,NUE-RTX,-2167.9085807800293,250000.0,41
2018-08-16,CPAY-FANG,4350.578155517578,250000.0,41
2018-08-17,NUE-RTX,-2279.3977584838867,250000.0,41
2018-08-17,CPAY-FANG,3873.015838623047,250000.0,41
2018-08-20,NUE-RTX,-3054.119842529297,250000.0,41
2018-08-20,CPAY-FANG,4580.491897583008,250000.0,41
2018-08-21,NUE-RTX,-535.6736869812012,250000.0,41
2018-08-21,CPAY-FANG,7073.279319763184,250000.0,41
2018-08-22,CPAY-FANG,8911.243225097656,250000.0,41
2018-08-23,CPAY-FANG,4862.675247192383,250000.0,41
2018-08-24,CPAY-FANG,3088.841079711914,250000.0,41
2018-08-27,CPAY-FANG,3766.633125305176,250000.0,41
2018-08-28,CPAY-FANG,3324.199150085449,250000.0,41
2018-08-29,CPAY-FANG,5077.92440032959,250000.0,41
2018-08-30,CPAY-FANG,6595.227462768555,250000.0,41
2018-08-31,CPAY-FANG,6262.2155838012695,250000.0,41
2018-07-17,KIM-VTR,0.0,250000.0,42
2018-07-18,KIM-VTR,-2213.3730278015137,250000.0,42
2018-07-19,KIM-VTR,-1950.2278366088867,250000.0,42
2018-07-20,KIM-VTR,980.0713691711426,250000.0,42
2018-07-23,KIM-VTR,-1962.3163967132568,250000.0,42
2018-07-24,KIM-VTR,-1616.0408020019531,250000.0,42
2018-07-25,KIM-VTR,122.63308143615723,250000.0,42
2018-07-26,KIM-VTR,-3256.1824645996094,250000.0,42
2018-08-09,COST-UNH,0.0,250000.0,42
2018-08-10,COST-UNH,2916.911163330078,250000.0,42
2018-08-13,COST-UNH,1760.3358001708984,250000.0,42
2018-08-14,COST-UNH,1358.0894622802734,250000.0,42
2018-08-15,COST-UNH,3822.376205444336,250000.0,42
2018-08-15,NUE-RTX,0.0,250000.0,42
2018-08-16,COST-UNH,2722.4549865722656,250000.0,42
2018-08-16,NUE-RTX,-2167.9085807800293,250000.0,42
2018-08-17,COST-UNH,5553.152740478516,250000.0,42
2018-08-17,NUE-RTX,-2279.3977584838867,250000.0,42
2018-08-20,NUE-RTX,-3054.119842529297,250000.0,42
2018-08-21,NUE-RTX,-535.6736869812012,250000.0,42
2018-08-27,ORLY-UNH,0.0,250000.0,42
2018-08-28,ORLY-UNH,-792.657190322876,250000.0,42
2018-08-29,ORLY-UNH,-1044.1394176483154,250000.0,42
2018-08-30,ORLY-UNH,-1378.9233856201172,250000.0,42
2018-08-31,ORLY-UNH,201.2600269317627,250000.0,42
2018-09-04,LYB-ORLY,0.0,250000.0,42
2018-09-05,LYB-ORLY,3449.0942993164062,250000.0,42
2018-09-06,LYB-ORLY,1801.4483947753906,250000.0,42
2018-09-07,LYB-ORLY,-6482.027320861816,250000.0,42
2018-09-07,KIM-WELL,0.0,250000.0,42
2018-09-10,KIM-WELL,2762.4058141708374,250000.0,42
2018-09-10,ORLY-UNH,0.0,250000.0,42
2018-09-10,COST-UNH,0.0,250000.0,42
2018-09-11,ORLY-UNH,675.3660869598389,250000.0,42
2018-09-11,COST-UNH,610.1243438720703,250000.0,42
2018-09-12,ORLY-UNH,3445.524486541748,250000.0,42
2018-09-12,COST-UNH,3295.707305908203,250000.0,42
2018-09-13,COST-UNH,6747.414245605469,250000.0,42
2018-09-13,AME-CHRW,0.0,250000.0,42
2018-09-14,AME-CHRW,3222.2928314208984,250000.0,42
2018-09-17,AME-CHRW,-5141.170806884766,250000.0,42
2018-09-17,GOOGL-VICI,0.0,250000.0,42
2018-09-17,GOOG-VICI,0.0,250000.0,42
2018-09-18,AME-CHRW,-7649.789337158203,250000.0,42
2018-09-18,GOOGL-VICI,-433.5455017089844,250000.0,42
2018-09-18,GOOG-VICI,-575.6589431762695,250000.0,42
2018-09-19,AME-CHRW,-5652.785293579102,250000.0,42
2018-09-19,GOOGL-VICI,1331.8240756988525,250000.0,42
2018-09-19,GOOG-VICI,1377.2214603424072,250000.0,42
2018-09-20,AME-CHRW,-9125.2734375,250000.0,42
2018-09-20,GOOGL-VICI,3323.02641582489,250000.0,42
2018-09-20,GOOG-VICI,3269.6722745895386,250000.0,42
2018-09-21,AME-CHRW,-6843.166763305664,250000.0,42
2018-09-21,GOOGL-VICI,1882.3525876998901,250000.0,42
2018-09-21,GOOG-VICI,1732.1742658615112,250000.0,42
2018-09-24,AME-CHRW,-4717.231063842773,250000.0,42
2018-09-24,EBAY-UDR,0.0,250000.0,42
2018-09-25,AME-CHRW,-2524.2171936035156,250000.0,42
2018-09-25,EBAY-UDR,-2934.3069820404053,250000.0,42
2018-09-26,AME-CHRW,3524.8134155273438,250000.0,42
2018-09-26,EBAY-UDR,-2940.709083557129,250000.0,42
2018-09-27,AME-CHRW,6344.606643676758,250000.0,42
2018-09-27,EBAY-UDR,-2158.036890029907,250000.0,42
2018-09-28,EBAY-UDR,-9.855329513549805,250000.0,42
2018-09-04,NSC-ORLY,0.0,250000.0,43
2018-09-04,CBRE-VRSK,0.0,250000.0,43
2018-09-05,NSC-ORLY,3133.9465408325195,250000.0,43
2018-09-05,CBRE-VRSK,-533.5807113647461,250000.0,43
2018-09-05,CSX-WAB,0.0,250000.0,43
2018-09-06,NSC-ORLY,-261.49464416503906,250000.0,43
2018-09-06,CBRE-VRSK,-2195.7995376586914,250000.0,43
2018-09-06,CSX-WAB,-1715.329746246338,250000.0,43
2018-09-07,NSC-ORLY,2764.021553039551,250000.0,43
2018-09-07,CSX-WAB,-6430.660575866699,250000.0,43
2018-09-10,CSX-WAB,-25.391948699951172,250000.0,43
2018-09-11,CSX-WAB,-3155.4467849731445,250000.0,43
2018-09-12,CSX-WAB,-1173.1180229187012,250000.0,43
2018-09-13,CSX-WAB,-2550.9289741516113,250000.0,43
2018-09-24,ABT-ROP,0.0,250000.0,43
2018-09-25,ABT-ROP,-4031.2332763671875,250000.0,43
2018-09-26,ABT-ROP,-8031.169860839844,250000.0,43
2018-09-27,ABT-ROP,-10185.358520507812,250000.0,43
2018-09-28,ABT-ROP,-9796.683654785156,250000.0,43
2018-10-01,ABT-ROP,-10481.1142578125,250000.0,43
2018-10-02,ABT-ROP,-9995.087707519531,250000.0,43
2018-10-03,ABT-ROP,-3327.5394287109375,250000.0,43
2018-10-04,ABT-ROP,-4072.4491577148438,250000.0,43
2018-10-04,FTNT-GDDY,0.0,250000.0,43
2018-10-05,ABT-ROP,-4412.3868408203125,250000.0,43
2018-10-05,FTNT-GDDY,134.84355926513672,250000.0,43
2018-10-08,ABT-ROP,-5770.938720703125,250000.0,43
2018-10-08,FTNT-GDDY,-5976.499862670898,250000.0,43
2018-10-09,FTNT-GDDY,-5862.549858093262,250000.0,43
2018-10-10,MA-MSCI,0.0,250000.0,43
2018-10-08,AIG-MTD,0.0,250000.0,44
2018-10-09,AIG-MTD,452.9351806640625,250000.0,44
2018-10-10,AIG-MTD,-5786.476989746094,250000.0,44
2018-10-11,AIG-MTD,-5458.3388671875,250000.0,44
2018-10-12,AIG-MTD,-2944.2660522460938,250000.0,44
2018-10-15,AIG-MTD,-2006.283935546875,250000.0,44
2018-10-16,AIG-MTD,4781.502868652344,250000.0,44
2018-10-02,AES-STE,0.0,250000.0,45
2018-10-03,AES-STE,-4817.816860198975,250000.0,45
2018-10-03,MSCI-RMD,0.0,250000.0,45
2018-10-04,MSCI-RMD,1522.872299194336,250000.0,45
2018-10-05,HPQ-MKC,0.0,250000.0,45
2018-10-08,HPQ-MKC,-5480.700836181641,250000.0,45
2018-10-09,HPQ-MKC,-5613.335132598877,250000.0,45
2018-10-10,HPQ-MKC,-13338.623321533203,250000.0,45
2018-10-16,AES-STE,0.0,250000.0,45
2018-10-23,HPQ-TRGP,0.0,250000.0,45
2018-10-24,HPQ-TRGP,-704.2129211425781,250000.0,45
2018-10-24,HPQ-MKC,0.0,250000.0,45
2018-10-25,HPQ-TRGP,-5323.068313598633,250000.0,45
2018-10-26,HPQ-TRGP,-1846.5704193115234,250000.0,45
2018-10-29,HPQ-TRGP,-2432.2322692871094,250000.0,45
2018-10-30,HPQ-TRGP,-10743.893325805664,250000.0,45
2018-10-30,CSGP-DPZ,0.0,250000.0,45
2018-10-31,HPQ-TRGP,-8913.345741271973,250000.0,45
2018-10-31,CSGP-DPZ,1897.2111053466797,250000.0,45
2018-11-01,HPQ-TRGP,-8852.696800231934,250000.0,45
2018-11-01,CSGP-DPZ,5231.408477783203,250000.0,45
2018-11-02,CSGP-DPZ,5618.860107421875,250000.0,45
2018-11-05,ARE-INVH,0.0,250000.0,45
2018-11-06,ARE-INVH,1972.4607238769531,250000.0,45
2018-11-07,ARE-INVH,230.5345344543457,250000.0,45
2018-11-08,ARE-INVH,4957.396043777466,250000.0,45
2018-11-09,ARE-INVH,7084.912559509277,250000.0,45
2018-11-21,JNJ-TRMB,0.0,250000.0,45
2018-11-28,MSCI-RMD,0.0,250000.0,45
2018-11-29,MSCI-RMD,-4727.435089111328,250000.0,45
2018-12-03,BG-NI,0.0,250000.0,45
2018-12-04,BG-NI,285.15393447875977,250000.0,45
2018-12-04,AOS-STT,0.0,250000.0,45
2018-12-06,BG-NI,2064.3202743530273,250000.0,45
2018-12-06,AOS-STT,-4745.551563262939,250000.0,45
2018-12-06,HPQ-TRGP,0.0,250000.0,45
2018-12-06,HPQ-ROL,0.0,250000.0,45
2018-12-07,BG-NI,-2037.8154487609863,250000.0,45
2018-12-07,AOS-STT,-5137.002239227295,250000.0,45
2018-12-07,HPQ-ROL,-2961.0598526000977,250000.0,45
2018-12-10,BG-NI,-3372.3843154907227,250000.0,45
2018-12-10,AOS-STT,-5074.484039306641,250000.0,45
2018-12-10,HPQ-ROL,-2452.117733001709,250000.0,45
2018-12-11,BG-NI,-4078.3730907440186,250000.0,45
2018-12-11,AOS-STT,-7291.307518005371,250000.0,45
2018-12-11,HPQ-ROL,-1077.1759548187256,250000.0,45
2018-12-12,BG-NI,-2709.7752227783203,250000.0,45
2018-12-12,AOS-STT,-5675.359115600586,250000.0,45
2018-12-12,HPQ-ROL,-1387.2180213928223,250000.0,45
2018-12-13,BG-NI,-5984.906719207764,250000.0,45
2018-12-13,AOS-STT,-5231.03719329834,250000.0,45
2018-12-13,HPQ-ROL,-4883.009656906128,250000.0,45
2018-12-14,BG-NI,-4453.547950744629,250000.0,45
2018-12-14,AOS-STT,-634.6827659606934,250000.0,45
2018-12-14,HPQ-ROL,-9954.143293380737,250000.0,45
2018-12-17,BG-NI,4655.792781829834,250000.0,45
2018-12-17,AOS-STT,-3214.342529296875,250000.0,45
2018-12-17,HPQ-ROL,-12409.05456161499,250000.0,45
2018-12-17,SYK-TXT,0.0,250000.0,45
2018-12-18,HPQ-ROL,-13260.323629379272,250000.0,45
2018-12-18,SYK-TXT,4720.771469116211,250000.0,45
2018-12-19,HPQ-ROL,-12492.718822479248,250000.0,45
2018-12-20,HPQ-ROL,-11817.153198242188,250000.0,45
2018-12-21,AMT-ERIE,0.0,250000.0,45
2018-12-24,LII-WM,0.0,250000.0,45
2018-12-26,LII-WM,6280.6409912109375,250000.0,45
2018-11-15,ZBRA-ZTS,0.0,250000.0,46
2018-11-15,CPAY-KKR,0.0,250000.0,46
2018-11-16,ZBRA-ZTS,1089.8446044921875,250000.0,46
2018-11-16,CPAY-KKR,-5238.6600914001465,250000.0,46
2018-11-19,ZBRA-ZTS,-182.36192321777344,250000.0,46
2018-11-19,CPAY-KKR,-2853.975959777832,250000.0,46
2018-11-19,ANET-HBAN,0.0,250000.0,46
2018-11-20,ZBRA-ZTS,-2080.2653045654297,250000.0,46
2018-11-20,CPAY-KKR,-405.3874797821045,250000.0,46
2018-11-20,ANET-HBAN,2584.756996154785,250000.0,46
2018-11-21,ZBRA-ZTS,-2125.5714416503906,250000.0,46
2018-11-21,ANET-HBAN,4916.32793712616,250000.0,46
2018-11-23,ZBRA-ZTS,-847.6115264892578,250000.0,46
2018-11-23,ANET-HBAN,4193.420037269592,250000.0,46
2018-11-26,ZBRA-ZTS,-1625.8595123291016,250000.0,46
2018-11-26,ANET-HBAN,3344.153003692627,250000.0,46
2018-11-26,CNP-REGN,0.0,250000.0,46
2018-11-27,ZBRA-ZTS,407.89476013183594,250000.0,46
2018-11-27,ANET-HBAN,4481.491965293884,250000.0,46
2018-11-27,CNP-REGN,761.4664192199707,250000.0,46
2018-11-28,ZBRA-ZTS,3871.6963958740234,250000.0,46
2018-11-28,CNP-REGN,-5896.647205352783,250000.0,46
2018-11-29,ZBRA-ZTS,3862.1930084228516,250000.0,46
2018-11-29,CNP-REGN,-5045.473857879639,250000.0,46
2018-11-30,CNP-REGN,-7318.371814727783,250000.0,46
2018-12-07,NSC-TRGP,0.0,250000.0,46
2018-12-10,NSC-TRGP,7160.9001541137695,250000.0,46
2018-12-12,ARE-EXPE,0.0,250000.0,46
2018-12-18,ARE-FRT,0.0,250000.0,46
2018-12-19,ARE-FRT,-4287.603424072266,250000.0,46
2018-12-20,ARE-FRT,-2772.2251739501953,250000.0,46
2018-12-21,ARE-FRT,-2521.9131088256836,250000.0,46
2018-12-21,AMT-ERIE,0.0,250000.0,46
2018-12-21,CNP-REGN,0.0,250000.0,46
2018-12-24,ARE-FRT,-2206.2570419311523,250000.0,46
2018-12-24,MA-RMD,0.0,250000.0,46
2018-12-24,ARE-CDNS,0.0,250000.0,46
2018-12-26,ARE-FRT,186.63251495361328,250000.0,46
2018-12-26,MA-RMD,5366.649467468262,250000.0,46
2018-12-26,ARE-CDNS,-2506.722152709961,250000.0,46
2018-12-27,ARE-FRT,34.353538513183594,250000.0,46
2018-12-27,ARE-CDNS,-5952.4062423706055,250000.0,46
2018-12-28,ARE-FRT,-523.6081008911133,250000.0,46
2018-12-28,ARE-CDNS,-4183.003967285156,250000.0,46
2018-12-31,ARE-CDNS,-918.4006805419922,250000.0,46
2019-01-02,ARE-CDNS,-11671.251708984375,250000.0,46
2019-01-03,ARE-CDNS,1795.24263381958,250000.0,46
2019-01-04,ARE-CDNS,-5276.562240600586,250000.0,46
2019-01-07,ARE-CDNS,-4043.347743988037,250000.0,46
2019-01-08,ARE-CDNS,2831.143970489502,250000.0,46
2019-01-09,ARE-CDNS,3336.295955657959,250000.0,46
2019-01-10,ARE-CDNS,7638.416027069092,250000.0,46
2018-12-06,MDT-NSC,0.0,250000.0,47
2018-12-07,MDT-NSC,-3829.7984466552734,250000.0,47
2018-12-10,MDT-NSC,-8133.60652923584,250000.0,47
2018-12-12,ARE-EXPE,0.0,250000.0,47
2018-12-24,ARE-CDNS,0.0,250000.0,47
2018-12-24,IT-MDT,0.0,250000.0,47
2018-12-24,ISRG-MSFT,0.0,250000.0,47
2018-12-26,ARE-CDNS,-2506.722152709961,250000.0,47
2018-12-26,IT-MDT,3062.483184814453,250000.0,47
2018-12-26,ARE-NI,0.0,250000.0,47
2018-12-27,ARE-CDNS,-5952.4062423706055,250000.0,47
2018-12-27,ARE-NI,1888.6006469726562,250000.0,47
2018-12-28,ARE-CDNS,-4183.003967285156,250000.0,47
2018-12-28,ARE-NI,2729.1751403808594,250000.0,47
2018-12-31,ARE-CDNS,-918.4006805419922,250000.0,47
2018-12-31,ARE-NI,-596.9962997436523,250000.0,47
2019-01-02,ARE-CDNS,-11671.251708984375,250000.0,47
2019-01-02,ARE-NI,2651.1666717529297,250000.0,47
2019-01-03,ARE-CDNS,1795.24263381958,250000.0,47
2019-01-03,ARE-NI,1514.2917404174805,250000.0,47
2019-01-03,DG-ELV,0.0,250000.0,47
2019-01-04,ARE-CDNS,-5276.562240600586,250000.0,47
2019-01-04,ARE-NI,4108.349899291992,250000.0,47
2019-01-04,DG-ELV,613.1056213378906,250000.0,47
2019-01-07,ARE-CDNS,-4043.347743988037,250000.0,47
2019-01-07,ARE-NI,4412.186050415039,250000.0,47
2019-01-07,DG-ELV,-3203.3023071289062,250000.0,47
2019-01-07,MDT-NSC,0.0,250000.0,47
2019-01-07,IT-MDT,0.0,250000.0,47
2019-01-08,ARE-CDNS,2831.143970489502,250000.0,47
2019-01-08,ARE-NI,5063.613822937012,250000.0,47
2019-01-08,DG-ELV,-4614.224014282227,250000.0,47
2019-01-08,MDT-NSC,-5483.895919799805,250000.0,47
2019-01-08,IT-MDT,-107.36549377441406,250000.0,47
2019-01-09,ARE-CDNS,3336.295955657959,250000.0,47
2019-01-09,ARE-NI,4067.9408264160156,250000.0,47
2019-01-09,DG-ELV,-4642.0440673828125,250000.0,47
2019-01-09,MDT-NSC,-3095.5624084472656,250000.0,47
2019-01-09,IT-MDT,5071.416961669922,250000.0,47
2019-01-10,ARE-CDNS,7638.416027069092,250000.0,47
2019-01-10,ARE-NI,5811.418655395508,250000.0,47
2019-01-10,DG-ELV,-4690.583419799805,250000.0,47
2019-01-10,MDT-NSC,-4375.558517456055,250000.0,47
2019-01-10,IT-MDT,5573.257919311523,250000.0,47
2019-01-10,FICO-NKE,0.0,250000.0,47
2019-01-11,ARE-NI,1816.1684799194336,250000.0,47
2019-01-11,MDT-NSC,-7953.364486694336,250000.0,47
2019-01-11,IT-MDT,4807.662216186523,250000.0,47
2019-01-11,FICO-NKE,-2223.392837524414,250000.0,47
2019-01-14,MDT-NSC,-8630.4072265625,250000.0,47
2019-01-14,IT-MDT,6127.628173828125,250000.0,47
2019-01-14,FICO-NKE,-499.02015686035156,250000.0,47
2019-01-15,MDT-NSC,-256.9500045776367,250000.0,47
2019-01-15,IT-MDT,8511.846397399902,250000.0,47
2019-01-15,FICO-NKE,1973.8117980957031,250000.0,47
2019-01-16,MDT-NSC,3974.7402114868164,250000.0,47
2019-01-16,FICO-NKE,-67.59318542480469,250000.0,47
2019-01-17,MDT-NSC,3255.8231048583984,250000.0,47
2019-01-18,MDT-NSC,-4776.907501220703,250000.0,47
2019-01-25,CCI-CNP,0.0,250000.0,47
2019-01-28,CCI-CNP,11.221054077148438,250000.0,47
2019-01-29,CCI-CNP,870.1432952880859,250000.0,47
2019-01-31,ARE-KIM,0.0,250000.0,47
2019-02-01,ARE-KIM,4437.948534011841,250000.0,47
2019-02-04,ARE-KIM,5428.475330352783,250000.0,47
2019-02-27,ACN-WSM,0.0,250000.0,47
2019-02-28,ACN-WSM,4503.748826980591,250000.0,47
2019-02-28,ARE-EXPE,0.0,250000.0,47
2019-01-03,BNY-HLT,0.0,250000.0,48
2019-01-04,BNY-HLT,2810.678741455078,250000.0,48
2019-01-10,FICO-NKE,0.0,250000.0,48
2019-01-11,FICO-NKE,-2223.392837524414,250000.0,48
2019-01-14,FICO-NKE,-499.02015686035156,250000.0,48
2019-01-15,FICO-NKE,1973.8117980957031,250000.0,48
2019-01-16,FICO-NKE,-67.59318542480469,250000.0,48
2019-01-25,CCI-CNP,0.0,250000.0,48
2019-01-25,CPAY-DGX,0.0,250000.0,48
2019-01-28,CCI-CNP,11.221054077148438,250000.0,48
2019-01-28,CPAY-DGX,2012.1058654785156,250000.0,48
2019-01-29,CCI-CNP,870.1432952880859,250000.0,48
2019-02-20,CF-JKHY,0.0,250000.0,48
2019-02-21,CF-JKHY,-128.23394775390625,250000.0,48
2019-02-22,CF-JKHY,1332.6209564208984,250000.0,48
2019-02-25,CF-JKHY,3802.9059448242188,250000.0,48
2019-03-08,ARE-PSX,0.0,250000.0,48
2019-03-11,ARE-PSX,4395.552131652832,250000.0,48
2019-03-18,CF-JKHY,0.0,250000.0,48
2019-03-19,CF-JKHY,1111.0102157592773,250000.0,48
2019-03-19,ARE-SYK,0.0,250000.0,48
2019-03-20,ARE-SYK,-146.94317626953125,250000.0,48
2019-03-21,ARE-SYK,2907.8145751953125,250000.0,48
2019-03-21,BNY-HLT,0.0,250000.0,48
2019-03-22,BNY-HLT,-3038.0576705932617,250000.0,48
2019-03-25,BNY-HLT,-2478.873550415039,250000.0,48
2019-03-26,BNY-HLT,1692.482650756836,250000.0,48
2019-03-27,BNY-HLT,1242.0763397216797,250000.0,48
2019-03-28,BNY-HLT,403.06895446777344,250000.0,48
2019-03-29,BNY-HLT,884.1615753173828,250000.0,48
2019-02-19,FCX-WDC,0.0,250000.0,49
2019-02-20,FCX-WDC,-3885.0069847106934,250000.0,49
2019-02-20,CF-JKHY,0.0,250000.0,49
2019-02-21,FCX-WDC,-2527.5401649475098,250000.0,49
2019-02-21,CF-JKHY,-128.23394775390625,250000.0,49
2019-02-22,FCX-WDC,4619.605360984802,250000.0,49
2019-02-22,CF-JKHY,1332.6209564208984,250000.0,49
2019-02-25,CF-JKHY,3802.9059448242188,250000.0,49
2019-02-27,CB-PPG,0.0,250000.0,49
2019-02-28,CB-PPG,2087.4444274902344,250000.0,49
2019-03-01,CB-PPG,742.2245483398438,250000.0,49
2019-03-01,FISV-REG,0.0,250000.0,49
2019-03-01,FISV-NSC,0.0,250000.0,49
2019-03-04,CB-PPG,2823.9453735351562,250000.0,49
2019-03-04,FISV-REG,2934.6727752685547,250000.0,49
2019-03-04,FISV-NSC,3650.701629638672,250000.0,49
2019-03-05,FISV-NSC,743.8791809082031,250000.0,49
2019-03-06,FISV-NSC,2952.852684020996,250000.0,49
2019-03-07,FISV-NSC,3639.069465637207,250000.0,49
2019-03-08,FISV-NSC,1305.9177322387695,250000.0,49
2019-03-08,CMS-MRK,0.0,250000.0,49
2019-03-11,FISV-NSC,3760.5318450927734,250000.0,49
2019-03-11,CMS-MRK,2182.593406677246,250000.0,49
2019-03-12,FISV-NSC,1538.4603881835938,250000.0,49
2019-03-12,CMS-MRK,1914.540412902832,250000.0,49
2019-03-13,FISV-NSC,2153.3580932617188,250000.0,49
2019-03-13,CMS-MRK,3149.1053886413574,250000.0,49
2019-03-13,BX-SNA,0.0,250000.0,49
2019-03-14,FISV-NSC,2658.8707427978516,250000.0,49
2019-03-14,CB-PPG,0.0,250000.0,49
2019-03-15,FISV-NSC,1328.175193786621,250000.0,49
2019-03-15,CB-PPG,-1400.475845336914,250000.0,49
2019-03-18,CB-PPG,-1686.987289428711,250000.0,49
2019-03-18,CF-JKHY,0.0,250000.0,49
2019-03-19,CB-PPG,2086.4391021728516,250000.0,49
2019-03-19,CF-JKHY,1111.0102157592773,250000.0,49
2019-03-20,CB-PPG,4171.697532653809,250000.0,49
2019-03-21,CB-PPG,3248.1710205078125,250000.0,49
2019-03-21,ANET-KEY,0.0,250000.0,49
2019-03-22,ANET-KEY,-10771.624694824219,250000.0,49
2019-03-25,ANET-KEY,-10620.94603729248,250000.0,49
2019-03-26,ANET-KEY,-6752.145771026611,250000.0,49
2019-03-27,ANET-KEY,-7836.6843185424805,250000.0,49
2019-03-28,ANET-KEY,-2951.068256378174,250000.0,49
2019-03-29,ANET-KEY,-2812.446907043457,250000.0,49
2019-04-01,ANET-KEY,5432.017261505127,250000.0,49
2019-04-02,ANET-KEY,7293.108791351318,250000.0,49
2019-04-03,ANET-KEY,5673.517490386963,250000.0,49
2019-04-04,ANET-KEY,9027.994125366211,250000.0,49
2019-04-04,FE-UDR,0.0,250000.0,49
2019-04-04,FE-MRK,0.0,250000.0,49
2019-03-01,ISRG-NSC,0.0,250000.0,50
2019-03-01,FISV-REG,0.0,250000.0,50
2019-03-04,FISV-REG,2934.6727752685547,250000.0,50
2019-03-06,VRT-WTW,0.0,250000.0,50
2019-03-07,VRT-WTW,7386.932040214539,250000.0,50
2019-03-08,VRT-WTW,5953.307406425476,250000.0,50
2019-03-18,CF-JKHY,0.0,250000.0,50
2019-03-19,CF-JKHY,1111.0102157592773,250000.0,50
2019-04-02,ABBV-VTRS,0.0,250000.0,50
2019-04-03,ABBV-VTRS,-5717.472717285156,250000.0,50
2019-04-04,ABBV-VTRS,-1377.8827896118164,250000.0,50
2019-04-04,MA-NKE,0.0,250000.0,50
2019-04-05,ABBV-VTRS,-319.4799156188965,250000.0,50
2019-04-05,MA-NKE,127.40621948242188,250000.0,50
2019-04-08,ABBV-VTRS,249.92201232910156,250000.0,50
2019-04-08,MA-NKE,2066.294967651367,250000.0,50
2019-04-09,ABBV-VTRS,-3936.069290161133,250000.0,50
2019-04-09,MA-NKE,3082.4056396484375,250000.0,50
2019-04-10,ABBV-VTRS,-3373.153968811035,250000.0,50
2019-04-10,MA-NKE,2291.5216217041016,250000.0,50
2019-04-11,ABBV-VTRS,-3720.147041320801,250000.0,50
2019-04-11,MA-NKE,1081.1268310546875,250000.0,50
2019-04-12,ABBV-VTRS,-4189.127716064453,250000.0,50
2019-04-12,MA-NKE,-205.36329650878906,250000.0,50
2019-04-15,MA-NKE,-1665.51416015625,250000.0,50
2019-04-15,VRT-WTW,0.0,250000.0,50
2019-04-16,MA-NKE,-3717.8619537353516,250000.0,50
2019-04-16,VRT-WTW,650.0533447265625,250000.0,50
2019-04-16,CRL-MSI,0.0,250000.0,50
2019-04-17,VRT-WTW,-1927.2640142440796,250000.0,50
2019-04-17,CRL-MSI,-5371.142044067383,250000.0,50
2019-04-17,CRM-NKE,0.0,250000.0,50
2019-04-18,VRT-WTW,-1277.2339239120483,250000.0,50
2019-04-18,CRL-MSI,-2216.3944091796875,250000.0,50
2019-04-18,CRM-NKE,-398.29685974121094,250000.0,50
2019-04-22,VRT-WTW,5336.949082374573,250000.0,50
2019-04-22,CRL-MSI,-5871.017990112305,250000.0,50
2019-04-23,VRT-WTW,667.9094352722168,250000.0,50
2019-04-23,CRL-MSI,-5408.71826171875,250000.0,50
2019-04-24,VRT-WTW,-6706.878307342529,250000.0,50
2019-04-24,CRL-MSI,-5412.535781860352,250000.0,50
2019-04-25,VRT-WTW,-2480.284192085266,250000.0,50
2019-04-25,CRL-MSI,2040.0997619628906,250000.0,50
2019-04-26,VRT-WTW,-7337.923851013184,250000.0,50
2019-04-26,CRL-MSI,5301.8863525390625,250000.0,50
2019-04-29,VRT-WTW,-3996.299571990967,250000.0,50
2019-04-29,CRL-MSI,6681.358993530273,250000.0,50
2019-04-30,CRL-MSI,3902.9264221191406,250000.0,50
2019-05-01,CRL-MSI,2534.019088745117,250000.0,50
2019-05-02,CRL-MSI,7100.309860229492,250000.0,50
2019-05-13,AEP-PG,0.0,250000.0,50
2019-05-13,ISRG-NSC,0.0,250000.0,50
2019-05-14,AEP-PG,1118.1212310791016,250000.0,50
2019-05-14,ISRG-NSC,2606.802230834961,250000.0,50
2019-05-15,ISRG-NSC,2509.2813568115234,250000.0,50
2019-05-20,GNRC-WST,0.0,250000.0,50
2019-05-21,GNRC-WST,602.1935806274414,250000.0,50
2019-05-22,GNRC-WST,1663.561752319336,250000.0,50
2019-05-23,GNRC-WST,1809.5395774841309,250000.0,50
2019-05-29,MA-NKE,0.0,250000.0,50
2019-04-01,NOW-TDG,0.0,250000.0,51
2019-04-02,NOW-TDG,2523.4879722595215,250000.0,51
2019-04-03,NOW-TDG,539.2502784729004,250000.0,51
2019-04-05,VRT-WM,0.0,250000.0,51
2019-04-08,VRT-WM,-2968.715069770813,250000.0,51
2019-04-09,VRT-WM,-20.045564651489258,250000.0,51
2019-04-10,CPT-FISV,0.0,250000.0,51
2019-04-11,CPT-FISV,-3151.9682998657227,250000.0,51
2019-04-12,CPT-FISV,-1660.8771133422852,250000.0,51
2019-04-15,CPT-FISV,-728.0568008422852,250000.0,51
2019-04-15,VRT-WTW,0.0,250000.0,51
2019-04-16,CPT-FISV,2821.8598403930664,250000.0,51
2019-04-16,VRT-WTW,650.0533447265625,250000.0,51
2019-04-16,CRL-MSI,0.0,250000.0,51
2019-04-17,VRT-WTW,-1927.2640142440796,250000.0,51
2019-04-17,CRL-MSI,-5371.142044067383,250000.0,51
2019-04-17,CRM-NKE,0.0,250000.0,51
2019-04-18,VRT-WTW,-1277.2339239120483,250000.0,51
2019-04-18,CRL-MSI,-2216.3944091796875,250000.0,51
2019-04-18,CRM-NKE,-398.29685974121094,250000.0,51
2019-04-22,VRT-WTW,5336.949082374573,250000.0,51
2019-04-22,CRL-MSI,-5871.017990112305,250000.0,51
2019-04-23,VRT-WTW,667.9094352722168,250000.0,51
2019-04-23,CRL-MSI,-5408.71826171875,250000.0,51
2019-04-24,VRT-WTW,-6706.878307342529,250000.0,51
2019-04-24,CRL-MSI,-5412.535781860352,250000.0,51
2019-04-25,VRT-WTW,-2480.284192085266,250000.0,51
2019-04-25,CRL-MSI,2040.0997619628906,250000.0,51
2019-04-26,VRT-WTW,-7337.923851013184,250000.0,51
2019-04-26,CRL-MSI,5301.8863525390625,250000.0,51
2019-04-29,VRT-WTW,-3996.299571990967,250000.0,51
2019-04-29,CRL-MSI,6681.358993530273,250000.0,51
2019-04-30,CRL-MSI,3902.9264221191406,250000.0,51
2019-05-01,CRL-MSI,2534.019088745117,250000.0,51
2019-05-02,CRL-MSI,7100.309860229492,250000.0,51
2019-05-08,MMM-PPG,0.0,250000.0,51
2019-05-09,MMM-PPG,1107.2480239868164,250000.0,51
2019-05-10,MMM-PPG,-750.2115936279297,250000.0,51
2019-05-13,MMM-PPG,-1545.0694427490234,250000.0,51
2019-05-13,ISRG-NSC,0.0,250000.0,51
2019-05-13,CPT-FISV,0.0,250000.0,51
2019-05-13,CMCSA-DTE,0.0,250000.0,51
2019-05-13,CMCSA-PPL,0.0,250000.0,51
2019-05-14,MMM-PPG,-1744.4496383666992,250000.0,51
2019-05-14,ISRG-NSC,2606.802230834961,250000.0,51
2019-05-14,CPT-FISV,2262.7051315307617,250000.0,51
2019-05-14,CMCSA-DTE,4670.740325927734,250000.0,51
2019-05-14,CMCSA-PPL,3296.9815673828125,250000.0,51
2019-05-15,MMM-PPG,-64.88854217529297,250000.0,51
2019-05-15,CMCSA-DTE,4113.8405685424805,250000.0,51
2019-05-16,CMCSA-DTE,4394.64274597168,250000.0,51
2019-05-17,CMCSA-DTE,4240.808311462402,250000.0,51
2019-05-20,CMCSA-DTE,1772.861457824707,250000.0,51
2019-05-21,CMCSA-DTE,3854.642578125,250000.0,51
2019-05-22,CMCSA-DTE,1770.1797790527344,250000.0,51
2019-05-23,CMCSA-DTE,-2224.0293045043945,250000.0,51
2019-05-24,CMCSA-DTE,-1370.374153137207,250000.0,51
2019-05-28,CMCSA-DTE,3692.121078491211,250000.0,51
2019-05-29,CMCSA-DTE,4003.934715270996,250000.0,51
2019-05-30,CMCSA-DTE,4407.077377319336,250000.0,51
2019-06-03,NOW-TDG,0.0,250000.0,51
2019-06-04,NOW-TDG,-1354.806640625,250000.0,51
2019-06-05,NOW-TDG,-4647.774940490723,250000.0,51
2019-06-05,VRT-WTW,0.0,250000.0,51
2019-06-06,NOW-TDG,-1526.5321655273438,250000.0,51
2019-06-06,VRT-WTW,-1696.5747680664062,250000.0,51
2019-06-07,NOW-TDG,2480.8763885498047,250000.0,51
2019-06-07,VRT-WTW,-5507.553405761719,250000.0,51
2019-06-10,NOW-TDG,118.04470825195312,250000.0,51
2019-06-11,NOW-TDG,-2271.8058471679688,250000.0,51
2019-06-12,NOW-TDG,-2278.3348541259766,250000.0,51
2019-06-13,NOW-TDG,-413.7092590332031,250000.0,51
2019-06-14,NOW-TDG,-1369.1835021972656,250000.0,51
2019-06-17,NOW-TDG,981.4417572021484,250000.0,51
2019-06-18,NOW-TDG,1310.9746475219727,250000.0,51
2019-06-21,VRT-WM,0.0,250000.0,51
2019-06-21,VRT-WTW,0.0,250000.0,51
2019-06-26,VRT-WTW,0.0,250000.0,51
2019-06-26,CMCSA-DTE,0.0,250000.0,51
2019-06-27,CMCSA-DTE,408.2844486236572,250000.0,51
2019-06-28,CMCSA-DTE,445.6741523742676,250000.0,51
2019-05-08,ADBE-CPAY,0.0,250000.0,52
2019-05-09,ADBE-CPAY,-1496.43017578125,250000.0,52
2019-05-10,ADBE-CPAY,5015.041259765625,250000.0,52
2019-05-13,ADBE-CPAY,-5304.9488525390625,250000.0,52
2019-05-13,CPT-FISV,0.0,250000.0,52
2019-05-14,ADBE-CPAY,-6032.737884521484,250000.0,52
2019-05-14,CPT-FISV,2262.7051315307617,250000.0,52
2019-05-15,ADBE-CPAY,1963.7771301269531,250000.0,52
2019-05-16,ADBE-CPAY,5714.395843505859,250000.0,52
2019-05-16,ADBE-FTV,0.0,250000.0,52
2019-05-17,ADBE-CPAY,1820.44921875,250000.0,52
2019-05-17,ADBE-FTV,1656.2999725341797,250000.0,52
2019-05-20,ADBE-CPAY,-7546.2996826171875,250000.0,52
2019-05-20,ADBE-FTV,3033.150947570801,250000.0,52
2019-05-20,FIS-PPG,0.0,250000.0,52
2019-05-21,ADBE-CPAY,-4925.898284912109,250000.0,52
2019-05-21,ADBE-FTV,1775.0308227539062,250000.0,52
2019-05-21,FIS-PPG,-853.1797714233398,250000.0,52
2019-05-22,ADBE-CPAY,-551.8105773925781,250000.0,52
2019-05-22,ADBE-FTV,-3441.32137298584,250000.0,52
2019-05-22,FIS-PPG,-3125.6947631835938,250000.0,52
2019-05-22,CHTR-MSI,0.0,250000.0,52
2019-05-23,ADBE-FTV,1816.4103927612305,250000.0,52
2019-05-23,FIS-PPG,-5910.82649230957,250000.0,52
2019-05-23,CHTR-MSI,1894.2679138183594,250000.0,52
2019-05-24,ADBE-FTV,-188.46153259277344,250000.0,52
2019-05-24,FIS-PPG,-735.6994400024414,250000.0,52
2019-05-24,CHTR-MSI,1325.7774353027344,250000.0,52
2019-05-28,ADBE-FTV,-7955.50870513916,250000.0,52
2019-05-28,FIS-PPG,-2394.669937133789,250000.0,52
2019-05-28,CHTR-MSI,2952.046600341797,250000.0,52
2019-05-29,ADBE-FTV,-3032.932273864746,250000.0,52
2019-05-29,FIS-PPG,-2654.4255294799805,250000.0,52
2019-05-29,CHTR-MSI,3787.187713623047,250000.0,52
2019-05-29,ATO-LNT,0.0,250000.0,52
2019-05-30,ADBE-FTV,-3364.283546447754,250000.0,52
2019-05-30,FIS-PPG,-3382.5596237182617,250000.0,52
2019-05-30,CHTR-MSI,2916.17578125,250000.0,52
2019-05-30,ATO-LNT,298.046630859375,250000.0,52
2019-05-31,CHTR-MSI,3578.8263244628906,250000.0,52
2019-05-31,ATO-LNT,-120.69317626953125,250000.0,52
2019-06-03,CHTR-MSI,612.1865844726562,250000.0,52
2019-06-03,ATO-LNT,-431.1740417480469,250000.0,52
2019-06-03,ADP-VRSK,0.0,250000.0,52
2019-06-04,CHTR-MSI,-988.0090942382812,250000.0,52
2019-06-04,FIS-PPG,0.0,250000.0,52
2019-06-05,CHTR-MSI,-8746.51025390625,250000.0,52
2019-06-05,FIS-PPG,-391.7333755493164,250000.0,52
2019-06-06,FIS-PPG,-1971.6406631469727,250000.0,52
2019-06-07,FIS-PPG,-3558.310989379883,250000.0,52
2019-06-18,ADP-VRSK,0.0,250000.0,52
2019-06-19,ADP-VRSK,1456.6649475097656,250000.0,52
2019-06-20,ADP-VRSK,-421.0473327636719,250000.0,52
2019-06-21,ADP-VRSK,1098.4739379882812,250000.0,52
2019-06-21,COHR-HST,0.0,250000.0,52
2019-06-21,ATO-LNT,0.0,250000.0,52
2019-06-24,ADP-VRSK,2554.008758544922,250000.0,52
2019-06-24,COHR-HST,-4239.614458084106,250000.0,52
2019-06-24,ATO-LNT,455.84366607666016,250000.0,52
2019-06-25,ATO-LNT,-2189.2403411865234,250000.0,52
2019-06-25,ETR-EXC,0.0,250000.0,52
2019-06-25,ATO-DTE,0.0,250000.0,52
2019-07-08,CRM-NKE,0.0,250000.0,52
2019-07-09,CRM-NKE,2291.9793090820312,250000.0,52
2019-07-10,CHTR-MSI,0.0,250000.0,52
2019-07-11,CHTR-MSI,-1776.2665100097656,250000.0,52
2019-07-12,CHTR-MSI,-3042.2278900146484,250000.0,52
2019-07-15,CHTR-MSI,-2520.452102661133,250000.0,52
2019-07-15,CAH-CCL,0.0,250000.0,52
2019-07-16,CHTR-MSI,-4536.326705932617,250000.0,52
2019-07-16,CAH-CCL,1730.4274063110352,250000.0,52
2019-07-17,CAH-CCL,3786.248363494873,250000.0,52
2019-07-26,CPT-FISV,0.0,250000.0,52
2019-07-29,CPT-FISV,-4997.819129943848,250000.0,52
2019-07-30,CPT-FISV,-3515.877861022949,250000.0,52
2019-07-31,CPT-FISV,-12747.464752197266,250000.0,52
2019-07-31,ADBE-CPAY,0.0,250000.0,52
2019-06-05,CHTR-MSI,0.0,250000.0,53
2019-06-06,CHTR-MSI,933.6288452148438,250000.0,53
2019-06-07,CHTR-MSI,1121.7331237792969,250000.0,53
2019-06-10,CHTR-MSI,5203.982666015625,250000.0,53
2019-06-11,CHTR-MSI,4310.6708984375,250000.0,53
2019-06-12,CHTR-MSI,2841.8860778808594,250000.0,53
2019-06-13,CHTR-MSI,3169.5966796875,250000.0,53
2019-06-14,CHTR-MSI,4029.5027770996094,250000.0,53
2019-06-17,CHTR-MSI,-167.80752563476562,250000.0,53
2019-06-18,CHTR-MSI,-1402.4526062011719,250000.0,53
2019-06-19,CHTR-MSI,-2068.7838134765625,250000.0,53
2019-06-19,RJF-TYL,0.0,250000.0,53
2019-06-20,RJF-TYL,2194.866081237793,250000.0,53
2019-06-21,RJF-TYL,3895.6327323913574,250000.0,53
2019-06-21,TTD-VRT,0.0,250000.0,53
2019-06-21,EXR-VRT,0.0,250000.0,53
2019-06-21,ETR-VRT,0.0,250000.0,53
2019-06-21,TMUS-VRT,0.0,250000.0,53
2019-06-24,TTD-VRT,706.3402900695801,250000.0,53
2019-06-24,EXR-VRT,833.0785675048828,250000.0,53
2019-06-24,ETR-VRT,784.0045394897461,250000.0,53
2019-06-24,TMUS-VRT,904.6166763305664,250000.0,53
2019-06-24,CL-INVH,0.0,250000.0,53
2019-06-25,TTD-VRT,908.0067405700684,250000.0,53
2019-06-25,EXR-VRT,1079.6142578125,250000.0,53
2019-06-25,TMUS-VRT,935.232063293457,250000.0,53
2019-06-25,CL-INVH,1062.30912399292,250000.0,53
2019-06-25,MAA-STE,0.0,250000.0,53
2019-06-26,TTD-VRT,626.4316558837891,250000.0,53
2019-06-26,EXR-VRT,447.7913284301758,250000.0,53
2019-06-26,TMUS-VRT,-48.04649353027344,250000.0,53
2019-06-26,CL-INVH,1164.7075004577637,250000.0,53
2019-06-26,MAA-STE,-3921.609817504883,250000.0,53
2019-06-26,ES-SBUX,0.0,250000.0,53
2019-06-27,TTD-VRT,1331.6360359191895,250000.0,53
2019-06-27,EXR-VRT,1098.3367309570312,250000.0,53
2019-06-27,TMUS-VRT,562.4627990722656,250000.0,53
2019-06-27,CL-INVH,2798.0534286499023,250000.0,53
2019-06-27,MAA-STE,-3617.386978149414,250000.0,53
2019-06-27,ES-SBUX,-370.4546661376953,250000.0,53
2019-06-27,AJG-CMS,0.0,250000.0,53
2019-06-28,TTD-VRT,697.8018760681152,250000.0,53
2019-06-28,EXR-VRT,750.0353851318359,250000.0,53
2019-06-28,TMUS-VRT,479.0824737548828,250000.0,53
2019-06-28,MAA-STE,-4035.8179626464844,250000.0,53
2019-06-28,ES-SBUX,300.369384765625,250000.0,53
2019-06-28,AJG-CMS,-1315.58203125,250000.0,53
2019-07-01,EXR-VRT,1372.722267150879,250000.0,53
2019-07-01,TMUS-VRT,1219.9021453857422,250000.0,53
2019-07-01,MAA-STE,-3846.8355712890625,250000.0,53
2019-07-01,ES-SBUX,-2280.8714447021484,250000.0,53
2019-07-01,NI-WTW,0.0,250000.0,53
2019-07-02,EXR-VRT,1101.6756286621094,250000.0,53
2019-07-02,TMUS-VRT,1121.2179718017578,250000.0,53
2019-07-02,MAA-STE,-665.5993804931641,250000.0,53
2019-07-02,ES-SBUX,-929.9343338012695,250000.0,53
2019-07-02,NI-WTW,2626.4904041290283,250000.0,53
2019-07-03,EXR-VRT,1447.5038757324219,250000.0,53
2019-07-03,MAA-STE,-1684.8246307373047,250000.0,53
2019-07-05,MAA-STE,-1994.7588958740234,250000.0,53
2019-07-05,HPE-ROK,0.0,250000.0,53
2019-07-08,MAA-STE,1410.9303894042969,250000.0,53
2019-07-08,HPE-ROK,-418.043212890625,250000.0,53
2019-07-08,CRM-NKE,0.0,250000.0,53
2019-07-09,MAA-STE,1538.7001953125,250000.0,53
2019-07-09,HPE-ROK,-992.0593690872192,250000.0,53
2019-07-09,CRM-NKE,2291.9793090820312,250000.0,53
2019-07-10,HPE-ROK,-1584.1770696640015,250000.0,53
2019-07-10,CHTR-MSI,0.0,250000.0,53
2019-07-11,CHTR-MSI,-1776.2665100097656,250000.0,53
2019-07-12,CHTR-MSI,-3042.2278900146484,250000.0,53
2019-07-15,CHTR-MSI,-2520.452102661133,250000.0,53
2019-07-16,CHTR-MSI,-4536.326705932617,250000.0,53
2019-07-17,EXR-VRT,0.0,250000.0,53
2019-07-18,EXR-VRT,327.69331645965576,250000.0,53
2019-07-26,CPT-FISV,0.0,250000.0,53
2019-07-29,CPT-FISV,-4997.819129943848,250000.0,53
2019-07-30,CPT-FISV,-3515.877861022949,250000.0,53
2019-07-31,CPT-FISV,-12747.464752197266,250000.0,53
2019-08-01,CPT-FISV,-11144.636154174805,250000.0,53
2019-08-01,AJG-CMS,0.0,250000.0,53
2019-08-02,CPT-FISV,-9502.486763000488,250000.0,53
2019-08-02,AJG-CMS,1387.2060928344727,250000.0,53
2019-08-05,CPT-FISV,-5149.041389465332,250000.0,53
2019-08-05,AJG-CMS,-1798.5624885559082,250000.0,53
2019-08-06,CPT-FISV,-6813.540557861328,250000.0,53
2019-08-06,AJG-CMS,-1646.1362915039062,250000.0,53
2019-08-07,CPT-FISV,-11136.860549926758,250000.0,53
2019-08-07,AJG-CMS,-2866.89497756958,250000.0,53
2019-08-08,CPT-FISV,-9176.894912719727,250000.0,53
2019-08-08,AJG-CMS,-4246.296382904053,250000.0,53
2019-08-09,CPT-FISV,-7630.460762023926,250000.0,53
2019-08-09,AJG-CMS,-4989.403671264648,250000.0,53
2019-08-12,AJG-CMS,-5809.155174255371,250000.0,53
2019-08-13,AJG-CMS,-4589.885181427002,250000.0,53
2019-08-14,AJG-CMS,-6253.514453887939,250000.0,53
2019-08-20,ETR-VRT,0.0,250000.0,53
2019-08-20,TMUS-VRT,0.0,250000.0,53
2019-08-23,ADBE-HON,0.0,250000.0,53
2019-08-26,ADBE-HON,-1074.2077178955078,250000.0,53
2019-08-27,ADBE-HON,-360.6092224121094,250000.0,53
2019-08-28,ADBE-HON,4973.1846923828125,250000.0,53
2019-08-28,CL-INVH,0.0,250000.0,53
2019-08-29,CL-INVH,438.3258819580078,250000.0,53
2019-08-30,CL-INVH,-758.2518291473389,250000.0,53
2019-07-08,CRM-NKE,0.0,250000.0,54
2019-07-09,CRM-NKE,2291.9793090820312,250000.0,54
2019-07-25,ADBE-EQIX,0.0,250000.0,54
2019-07-26,ADBE-EQIX,-2447.9849853515625,250000.0,54
2019-07-26,CPT-FISV,0.0,250000.0,54
2019-07-29,ADBE-EQIX,-1036.047607421875,250000.0,54
2019-07-29,CPT-FISV,-4997.819129943848,250000.0,54
2019-07-30,CPT-FISV,-3515.877861022949,250000.0,54
2019-07-31,CPT-FISV,-12747.464752197266,250000.0,54
2019-08-01,CPT-FISV,-11144.636154174805,250000.0,54
2019-08-02,CPT-FISV,-9502.486763000488,250000.0,54
2019-08-05,CPT-FISV,-5149.041389465332,250000.0,54
2019-08-06,CPT-FISV,-6813.540557861328,250000.0,54
2019-08-07,CPT-FISV,-11136.860549926758,250000.0,54
2019-08-08,CPT-FISV,-9176.894912719727,250000.0,54
2019-08-09,CPT-FISV,-7630.460762023926,250000.0,54
2019-08-20,TMUS-VRT,0.0,250000.0,54
2019-08-20,FE-VRT,0.0,250000.0,54
2019-08-28,ADBE-CL,0.0,250000.0,54
2019-08-29,ADBE-CL,399.92481994628906,250000.0,54
2019-08-30,ADBE-CL,62.101768493652344,250000.0,54
2019-09-03,ADBE-CL,-970.743408203125,250000.0,54
2019-09-04,ADBE-CL,-2348.4597549438477,250000.0,54
2019-09-05,ADBE-CL,363.5416030883789,250000.0,54
2019-09-06,ADBE-CL,-1692.9085083007812,250000.0,54
2019-09-09,ADBE-CL,2059.591354370117,250000.0,54
2019-09-13,TTD-VRT,0.0,250000.0,54
2019-09-16,TTD-VRT,637.4565153121948,250000.0,54
2019-09-20,TTD-VRT,0.0,250000.0,54
2019-09-20,FE-VRT,0.0,250000.0,54
2019-09-23,TTD-VRT,583.7507572174072,250000.0,54
2019-09-23,FE-VRT,920.3365478515625,250000.0,54
2019-09-24,TTD-VRT,706.1908874511719,250000.0,54
2019-09-25,TTD-VRT,532.5521335601807,250000.0,54
2019-09-26,TTD-VRT,-203.36485290527344,250000.0,54
2019-09-27,TTD-VRT,-543.6571006774902,250000.0,54
2019-09-27,CPT-FISV,0.0,250000.0,54
2019-09-30,CPT-FISV,1722.6493835449219,250000.0,54
2019-08-02,CDNS-VRT,0.0,250000.0,55
2019-08-05,CDNS-VRT,568.7342557907104,250000.0,55
2019-08-06,CDNS-VRT,91.46670913696289,250000.0,55
2019-08-20,TMUS-VRT,0.0,250000.0,55
2019-08-20,FE-VRT,0.0,250000.0,55
2019-08-21,TMUS-WRB,0.0,250000.0,55
2019-09-03,CHRW-CTSH,0.0,250000.0,55
2019-09-04,CHRW-CTSH,-2275.2529525756836,250000.0,55
2019-09-10,TMUS-VRSK,0.0,250000.0,55
2019-09-10,TMUS-WM,0.0,250000.0,55
2019-09-10,TMUS-V,0.0,250000.0,55
2019-09-11,TMUS-VRSK,-4516.027526855469,250000.0,55
2019-09-11,TMUS-WM,-7201.08186340332,250000.0,55
2019-09-11,TMUS-V,-7205.784278869629,250000.0,55
2019-09-12,TMUS-VRSK,-204.38836669921875,250000.0,55
2019-09-12,TMUS-WM,-5185.203140258789,250000.0,55
2019-09-12,TMUS-V,-2760.6316299438477,250000.0,55
2019-09-13,TMUS-VRSK,-1938.9968872070312,250000.0,55
2019-09-13,TMUS-WM,-6797.188003540039,250000.0,55
2019-09-13,TMUS-V,-2644.212074279785,250000.0,55
2019-09-13,TTD-VRT,0.0,250000.0,55
2019-09-16,TMUS-VRSK,-1242.359375,250000.0,55
2019-09-16,TMUS-WM,-7376.6572265625,250000.0,55
2019-09-16,TMUS-V,-4907.5758056640625,250000.0,55
2019-09-16,TTD-VRT,637.4565153121948,250000.0,55
2019-09-17,TMUS-VRSK,43.3331298828125,250000.0,55
2019-09-17,TMUS-WM,-4973.689422607422,250000.0,55
2019-09-17,TMUS-V,-6941.749893188477,250000.0,55
2019-09-18,TMUS-VRSK,1438.2593994140625,250000.0,55
2019-09-18,TMUS-WM,-3676.021026611328,250000.0,55
2019-09-18,TMUS-V,-8237.354629516602,250000.0,55
2019-09-19,TMUS-VRSK,-2489.97900390625,250000.0,55
2019-09-19,TMUS-WM,-5378.536193847656,250000.0,55
2019-09-20,TMUS-VRSK,-1585.0870361328125,250000.0,55
2019-09-20,TMUS-WM,-2966.0006408691406,250000.0,55
2019-09-20,TTD-VRT,0.0,250000.0,55
2019-09-20,FE-VRT,0.0,250000.0,55
2019-09-23,TMUS-VRSK,-1275.2172241210938,250000.0,55
2019-09-23,TMUS-WM,-1843.1342315673828,250000.0,55
2019-09-23,TTD-VRT,583.7507572174072,250000.0,55
2019-09-23,FE-VRT,920.3365478515625,250000.0,55
2019-09-24,TMUS-VRSK,952.117919921875,250000.0,55
2019-09-24,TMUS-WM,291.19189453125,250000.0,55
2019-09-24,TTD-VRT,706.1908874511719,250000.0,55
2019-09-24,TMUS-WRB,0.0,250000.0,55
2019-09-25,TTD-VRT,532.5521335601807,250000.0,55
2019-09-25,TMUS-WRB,1102.8045043945312,250000.0,55
2019-09-26,TTD-VRT,-203.36485290527344,250000.0,55
2019-09-26,TMUS-WRB,-2277.2135467529297,250000.0,55
2019-09-26,TMUS-VRSK,0.0,250000.0,55
2019-09-27,TTD-VRT,-543.6571006774902,250000.0,55
2019-09-27,TMUS-WRB,-4549.261390686035,250000.0,55
2019-09-27,TMUS-VRSK,1504.716812133789,250000.0,55
2019-09-27,PLD-TMUS,0.0,250000.0,55
2019-09-30,TMUS-WRB,-1673.836139678955,250000.0,55
2019-09-30,TMUS-VRSK,1117.635025024414,250000.0,55
2019-10-01,TMUS-WRB,9.299663543701172,250000.0,55
2019-10-01,TMUS-VRSK,2066.9801635742188,250000.0,55
2019-10-02,TMUS-VRSK,1615.9121856689453,250000.0,55
2019-10-02,CHTR-TMUS,0.0,250000.0,55
2019-10-03,TMUS-VRSK,1945.8349914550781,250000.0,55
2019-10-03,CHTR-TMUS,702.3879623413086,250000.0,55
2019-10-04,TMUS-VRSK,-270.9559020996094,250000.0,55
2019-10-04,CHTR-TMUS,1368.0692977905273,250000.0,55
2019-10-07,TMUS-VRSK,1773.5153045654297,250000.0,55
2019-10-07,CHTR-TMUS,2451.5116271972656,250000.0,55
2019-10-08,CHTR-TMUS,46.41661071777344,250000.0,55
2019-10-09,CHTR-TMUS,364.28013610839844,250000.0,55
2019-10-10,CHTR-TMUS,2559.2273178100586,250000.0,55
2019-10-11,TMUS-VRSK,0.0,250000.0,55
2019-10-14,TMUS-VRSK,-541.1092681884766,250000.0,55
2019-10-15,TMUS-VRSK,-2153.8265838623047,250000.0,55
2019-10-16,TMUS-VRSK,-3596.311782836914,250000.0,55
2019-09-05,INVH-MA,0.0,250000.0,56
2019-09-06,INVH-MA,1814.7811336517334,250000.0,56
2019-09-09,INVH-MA,5669.611560821533,250000.0,56
2019-09-09,MAA-STE,0.0,250000.0,56
2019-09-10,MAA-STE,-5088.042831420898,250000.0,56
2019-09-10,BXP-DOW,0.0,250000.0,56
2019-09-10,AMD-EFX,0.0,250000.0,56
2019-09-10,TMUS-V,0.0,250000.0,56
2019-09-11,MAA-STE,-1481.613296508789,250000.0,56
2019-09-11,BXP-DOW,1547.2643413543701,250000.0,56
2019-09-11,TMUS-V,-7205.784278869629,250000.0,56
2019-09-12,MAA-STE,4173.851608276367,250000.0,56
2019-09-12,BXP-DOW,6865.918481826782,250000.0,56
2019-09-12,TMUS-V,-2760.6316299438477,250000.0,56
2019-09-13,MAA-STE,1408.391860961914,250000.0,56
2019-09-13,BXP-DOW,-8129.504529953003,250000.0,56
2019-09-13,TMUS-V,-2644.212074279785,250000.0,56
2019-09-16,MAA-STE,-693.8556976318359,250000.0,56
2019-09-16,BXP-DOW,-9907.59055519104,250000.0,56
2019-09-16,TMUS-V,-4907.5758056640625,250000.0,56
2019-09-17,MAA-STE,-2286.629837036133,250000.0,56
2019-09-17,BXP-DOW,-7873.290643692017,250000.0,56
2019-09-17,TMUS-V,-6941.749893188477,250000.0,56
2019-09-18,MAA-STE,-4110.522613525391,250000.0,56
2019-09-18,BXP-DOW,-8357.48236656189,250000.0,56
2019-09-18,TMUS-V,-8237.354629516602,250000.0,56
2019-09-19,MAA-STE,-2123.6643981933594,250000.0,56
2019-09-19,BXP-DOW,-10746.885259628296,250000.0,56
2019-09-19,CPRT-MSFT,0.0,250000.0,56
2019-09-20,MAA-STE,1097.909194946289,250000.0,56
2019-09-20,CPRT-MSFT,3469.3622341156006,250000.0,56
2019-09-23,MAA-STE,397.4222412109375,250000.0,56
2019-09-23,CPRT-MSFT,2704.3516216278076,250000.0,56
2019-09-24,MAA-STE,930.4146118164062,250000.0,56
2019-09-26,BXP-DOW,0.0,250000.0,56
2019-09-26,ADBE-META,0.0,250000.0,56
2019-09-27,BXP-DOW,4961.591400146484,250000.0,56
2019-09-27,ADBE-META,995.4063415527344,250000.0,56
2019-09-30,ADBE-META,3419.7372436523438,250000.0,56
2019-10-01,ADBE-META,3189.838409423828,250000.0,56
2019-10-02,AMD-EFX,0.0,250000.0,56
2019-10-02,AON-PLD,0.0,250000.0,56
2019-10-03,AMD-EFX,2831.7818775177,250000.0,56
2019-10-03,AON-PLD,-1720.3363800048828,250000.0,56
2019-10-04,AMD-EFX,4771.41735458374,250000.0,56
2019-10-04,AON-PLD,4008.257080078125,250000.0,56
2019-10-07,AMD-EFX,4474.655214309692,250000.0,56
2019-10-07,AON-PLD,2729.0386657714844,250000.0,56
2019-10-08,AMD-EFX,3290.9784297943115,250000.0,56
2019-10-08,AON-PLD,-3112.3001251220703,250000.0,56
2019-10-09,AON-PLD,-2637.360321044922,250000.0,56
2019-10-10,AON-PLD,74.62753295898438,250000.0,56
2019-10-11,AON-PLD,3582.0218505859375,250000.0,56
2019-10-14,AON-PLD,2628.859878540039,250000.0,56
2019-10-14,ATO-LNT,0.0,250000.0,56
2019-10-15,AON-PLD,-4182.796630859375,250000.0,56
2019-10-15,ATO-LNT,1882.8130798339844,250000.0,56
2019-10-16,AON-PLD,-2933.718246459961,250000.0,56
2019-10-16,ATO-LNT,253.73554229736328,250000.0,56
2019-10-17,ATO-LNT,406.39197540283203,250000.0,56
2019-10-18,ATO-LNT,2207.706413269043,250000.0,56
2019-10-21,ATO-LNT,2253.752311706543,250000.0,56
2019-10-22,ATO-LNT,2073.92041015625,250000.0,56
2019-10-23,ATO-LNT,1504.0900268554688,250000.0,56
2019-10-24,ATO-LNT,479.07621002197266,250000.0,56
2019-10-25,ATO-LNT,1249.1130828857422,250000.0,56
2019-11-20,IFF-UBER,0.0,250000.0,56
2019-11-21,IFF-UBER,-12202.99842262268,250000.0,56
2019-11-21,ATO-LNT,0.0,250000.0,56
2019-11-22,IFF-UBER,-9489.497436523438,250000.0,56
2019-11-22,ATO-LNT,-433.868953704834,250000.0,56
2019-11-25,IFF-UBER,-3879.9315814971924,250000.0,56
2019-11-25,ATO-LNT,1067.7025260925293,250000.0,56
2019-11-26,IFF-UBER,-7086.290191650391,250000.0,56
2019-11-26,ATO-LNT,1452.823226928711,250000.0,56
2019-11-27,IFF-UBER,-7257.713554382324,250000.0,56
2019-11-27,ATO-LNT,90.02482604980469,250000.0,56
2019-11-29,ATO-LNT,431.0565071105957,250000.0,56
2019-10-02,AON-PLD,0.0,250000.0,57
2019-10-03,AON-PLD,-1720.3363800048828,250000.0,57
2019-10-04,AON-PLD,4008.257080078125,250000.0,57
2019-10-07,AON-PLD,2729.0386657714844,250000.0,57
2019-10-08,AON-PLD,-3112.3001251220703,250000.0,57
2019-10-09,AON-PLD,-2637.360321044922,250000.0,57
2019-10-10,AON-PLD,74.62753295898438,250000.0,57
2019-10-11,AON-PLD,3582.0218505859375,250000.0,57
2019-10-14,AON-PLD,2628.859878540039,250000.0,57
2019-10-14,ATO-LNT,0.0,250000.0,57
2019-10-15,AON-PLD,-4182.796630859375,250000.0,57
2019-10-15,ATO-LNT,1882.8130798339844,250000.0,57
2019-10-16,ATO-LNT,253.73554229736328,250000.0,57
2019-10-17,ATO-LNT,406.39197540283203,250000.0,57
2019-10-18,ATO-LNT,2207.706413269043,250000.0,57
2019-10-21,ATO-LNT,2253.752311706543,250000.0,57
2019-10-22,ATO-LNT,2073.92041015625,250000.0,57
2019-10-23,ATO-LNT,1504.0900268554688,250000.0,57
2019-10-24,ATO-LNT,479.07621002197266,250000.0,57
2019-10-25,ATO-LNT,1249.1130828857422,250000.0,57
2019-11-21,ATO-LNT,0.0,250000.0,57
2019-11-22,ATO-LNT,-433.868953704834,250000.0,57
2019-11-25,ATO-LNT,1067.7025260925293,250000.0,57
2019-11-26,ATO-LNT,1452.823226928711,250000.0,57
2019-11-27,ATO-LNT,90.02482604980469,250000.0,57
2019-11-29,ATO-LNT,431.0565071105957,250000.0,57
2019-12-02,ATO-LNT,-104.15335845947266,250000.0,57
2019-12-02,TMUS-VRT,0.0,250000.0,57
2019-12-03,ATO-LNT,-2142.9209060668945,250000.0,57
2019-12-04,ATO-LNT,-284.8705596923828,250000.0,57
2019-12-05,ATO-LNT,-899.0767364501953,250000.0,57
2019-12-05,AKAM-ATO,0.0,250000.0,57
2019-12-06,AKAM-ATO,1922.663070678711,250000.0,57
2019-12-09,AKAM-ATO,728.3678894042969,250000.0,57
2019-12-10,AKAM-ATO,-331.5608367919922,250000.0,57
2019-12-11,AKAM-ATO,-1740.288459777832,250000.0,57
2019-12-12,AKAM-ATO,-878.8883209228516,250000.0,57
2019-12-12,BXP-DOW,0.0,250000.0,57
2019-12-13,AKAM-ATO,-146.66566467285156,250000.0,57
2019-12-13,BXP-DOW,5281.6176834106445,250000.0,57
2019-12-16,AKAM-ATO,-2180.2134857177734,250000.0,57
2019-12-16,BXP-DOW,3615.050952911377,250000.0,57
2019-12-17,BXP-DOW,-3920.9776153564453,250000.0,57
2019-12-18,BXP-DOW,2396.64981842041,250000.0,57
2019-12-19,BXP-DOW,2187.505355834961,250000.0,57
2019-12-20,BXP-DOW,2177.5171089172363,250000.0,57
2019-12-23,BXP-DOW,842.8318557739258,250000.0,57
2019-12-24,BXP-DOW,1562.9487533569336,250000.0,57
2019-12-26,BXP-DOW,5470.273246765137,250000.0,57
2019-12-27,BXP-DOW,9679.821014404297,250000.0,57
2019-12-30,BXP-DOW,11794.08067703247,250000.0,57
