date,pair,mark_pnl,target_notional,fold_id
2015-01-02,DGX-EL,0.0,250000.0,0
2015-01-05,DGX-EL,-1054.506031036377,250000.0,0
2015-01-05,ALL-TRV,0.0,250000.0,0
2015-01-05,ICE-MAR,0.0,250000.0,0
2015-01-05,ICE-MA,0.0,250000.0,0
2015-01-06,DGX-EL,-2168.0438804626465,250000.0,0
2015-01-06,ICE-MAR,-227.4022560119629,250000.0,0
2015-01-06,ICE-MA,2958.867198944092,250000.0,0
2015-01-06,PG-SPG,0.0,250000.0,0
2015-01-07,DGX-EL,-2015.292667388916,250000.0,0
2015-01-07,ICE-MAR,2586.7786560058594,250000.0,0
2015-01-07,ICE-MA,3428.527587890625,250000.0,0
2015-01-07,PG-SPG,-3265.8651123046875,250000.0,0
2015-01-07,ICE-MCK,0.0,250000.0,0
2015-01-08,DGX-EL,-524.1926383972168,250000.0,0
2015-01-08,ICE-MA,4293.685195922852,250000.0,0
2015-01-08,PG-SPG,24.238677978515625,250000.0,0
2015-01-08,ICE-MCK,-1369.7582702636719,250000.0,0
2015-01-09,DGX-EL,-1991.53511428833,250000.0,0
2015-01-09,ICE-MA,870.5806083679199,250000.0,0
2015-01-09,PG-SPG,-5068.13606262207,250000.0,0
2015-01-09,ICE-MCK,-682.9955062866211,250000.0,0
2015-01-12,DGX-EL,-3770.7044067382812,250000.0,0
2015-01-12,ICE-MA,4106.585464477539,250000.0,0
2015-01-12,PG-SPG,-6253.367767333984,250000.0,0
2015-01-12,ICE-MCK,-1468.0940246582031,250000.0,0
2015-01-12,CMCSA-GPC,0.0,250000.0,0
2015-01-13,DGX-EL,-2701.9228019714355,250000.0,0
2015-01-13,PG-SPG,-5344.510040283203,250000.0,0
2015-01-13,CMCSA-GPC,-4874.140842437744,250000.0,0
2015-01-14,DGX-EL,-4268.598579406738,250000.0,0
2015-01-14,PG-SPG,-8498.662734985352,250000.0,0
2015-01-14,CMCSA-GPC,-3783.8775177001953,250000.0,0
2015-01-15,DGX-EL,-4915.417015075684,250000.0,0
2015-01-15,PG-SPG,-10749.489028930664,250000.0,0
2015-01-15,CMCSA-GPC,-5302.906646728516,250000.0,0
2015-01-16,DGX-EL,-5808.827930450439,250000.0,0
2015-01-16,PG-SPG,-7757.453872680664,250000.0,0
2015-01-16,CMCSA-GPC,-4431.461452484131,250000.0,0
2015-01-20,PG-SPG,-6398.599670410156,250000.0,0
2015-01-20,CMCSA-GPC,1884.8183765411377,250000.0,0
2015-01-21,CMCSA-GPC,2851.709680557251,250000.0,0
2015-01-22,CMCSA-GPC,479.92184257507324,250000.0,0
2015-01-23,CMCSA-GPC,1472.544147491455,250000.0,0
2015-01-26,CMCSA-GPC,-11.633077621459961,250000.0,0
2015-01-27,ADSK-LYV,0.0,250000.0,0
2015-01-28,ADSK-LYV,1545.1999168395996,250000.0,0
2015-01-29,ADSK-LYV,3679.6614379882812,250000.0,0
2015-02-19,ICE-REGN,0.0,250000.0,0
2015-02-20,ICE-REGN,2483.7022552490234,250000.0,0
2015-02-23,ICE-REGN,1254.9099807739258,250000.0,0
2015-02-24,ICE-REGN,4704.548179626465,250000.0,0
2015-02-25,ICE-REGN,5789.785415649414,250000.0,0
2015-02-26,ICE-REGN,7180.664886474609,250000.0,0
2015-03-04,EFX-EL,0.0,250000.0,0
2015-03-04,APH-EL,0.0,250000.0,0
2015-03-05,APH-EL,1591.805534362793,250000.0,0
2015-03-06,APH-EL,1388.4314460754395,250000.0,0
2015-03-06,EL-MMM,0.0,250000.0,0
2015-03-09,APH-EL,3357.0936431884766,250000.0,0
2015-03-09,EL-MMM,2116.306671142578,250000.0,0
2015-03-10,APH-EL,-206.88654708862305,250000.0,0
2015-03-10,EL-MMM,-1804.73388671875,250000.0,0
2015-03-11,APH-EL,-2636.314510345459,250000.0,0
2015-03-11,EL-MMM,-1496.9940490722656,250000.0,0
2015-03-11,CHD-EL,0.0,250000.0,0
2015-03-11,ACGL-EL,0.0,250000.0,0
2015-03-12,APH-EL,-3404.736629486084,250000.0,0
2015-03-12,EL-MMM,1628.0508117675781,250000.0,0
2015-03-12,CHD-EL,503.6287841796875,250000.0,0
2015-03-12,ACGL-EL,-2296.1666259765625,250000.0,0
2015-03-12,DHR-EL,0.0,250000.0,0
2015-03-13,APH-EL,-4497.019798278809,250000.0,0
2015-03-13,EL-MMM,-4.575164794921875,250000.0,0
2015-03-13,CHD-EL,-536.7214965820312,250000.0,0
2015-03-13,ACGL-EL,-5029.638214111328,250000.0,0
2015-03-16,CHD-EL,-855.1432800292969,250000.0,0
2015-03-16,ACGL-EL,-6716.737335205078,250000.0,0
2015-03-17,CHD-EL,-915.4659118652344,250000.0,0
2015-03-17,ACGL-EL,-7741.356994628906,250000.0,0
2015-03-18,CHD-EL,1330.960464477539,250000.0,0
2015-03-18,ACGL-EL,-9022.39811706543,250000.0,0
2015-03-19,CHD-EL,1074.2871398925781,250000.0,0
2015-03-19,ACGL-EL,-4379.774688720703,250000.0,0
2015-03-20,ACGL-EL,-3267.6665649414062,250000.0,0
2015-03-23,ACGL-EL,-5088.838714599609,250000.0,0
2015-03-24,ACGL-EL,-3270.0640563964844,250000.0,0
2015-03-25,ACGL-EL,1394.3020324707031,250000.0,0
2015-03-25,ICE-LRCX,0.0,250000.0,0
2015-03-25,EL-MMM,0.0,250000.0,0
2015-03-25,ICE-MAR,0.0,250000.0,0
2015-03-25,APH-EL,0.0,250000.0,0
2015-03-26,ICE-LRCX,-5052.097686767578,250000.0,0
2015-03-26,EL-MMM,1251.0841903686523,250000.0,0
2015-03-26,ICE-MAR,3350.3888931274414,250000.0,0
2015-03-26,APH-EL,3550.8510036468506,250000.0,0
2015-03-27,ICE-LRCX,-2822.8128051757812,250000.0,0
2015-03-27,EL-MMM,2095.7204208374023,250000.0,0
2015-03-27,ICE-MAR,2475.6824951171875,250000.0,0
2015-03-27,APH-EL,2617.4233837127686,250000.0,0
2015-03-30,ICE-LRCX,-3422.6388325691223,250000.0,0
2015-03-30,ICE-MAR,2418.1467361450195,250000.0,0
2015-03-30,APH-EL,4332.016883850098,250000.0,0
2015-03-31,ICE-LRCX,-9487.793148517609,250000.0,0
2015-03-31,ICE-MAR,-31.653778076171875,250000.0,0
2015-03-31,ADSK-LYV,0.0,250000.0,0
2015-02-03,UAL-ZBRA,0.0,250000.0,1
2015-02-04,AVGO-AWK,0.0,250000.0,1
2015-02-05,AVGO-AWK,3538.543531894684,250000.0,1
2015-02-05,AVGO-KDP,0.0,250000.0,1
2015-02-06,AVGO-AWK,-2211.1038403511047,250000.0,1
2015-02-06,AVGO-KDP,3844.494725227356,250000.0,1
2015-02-06,AVGO-DLR,0.0,250000.0,1
2015-02-06,AVGO-KIM,0.0,250000.0,1
2015-02-09,AVGO-AWK,-4241.232404708862,250000.0,1
2015-02-09,AVGO-DLR,-4293.008093357086,250000.0,1
2015-02-09,AVGO-KIM,1314.2100834846497,250000.0,1
2015-02-10,AVGO-DLR,-3833.1604957580566,250000.0,1
2015-02-10,AVGO-KIM,-1613.3390378952026,250000.0,1
2015-02-11,AVGO-DLR,-3171.1473064422607,250000.0,1
2015-02-11,AVGO-KIM,-3728.8094186782837,250000.0,1
2015-02-12,AVGO-DLR,-274.10810947418213,250000.0,1
2015-02-12,AVGO-KIM,-3231.235361099243,250000.0,1
2015-02-13,AVGO-DLR,-8045.6796407699585,250000.0,1
2015-02-13,AVGO-KIM,-6159.3470287323,250000.0,1
2015-02-17,AVGO-KIM,-7758.238387107849,250000.0,1
2015-02-18,AVGO-KIM,-4933.832902908325,250000.0,1
2015-02-24,BIIB-SWKS,0.0,250000.0,1
2015-02-25,BIIB-SWKS,4770.9144287109375,250000.0,1
2015-02-26,BIIB-SWKS,3362.130401611328,250000.0,1
2015-02-27,BIIB-SWKS,5275.158660888672,250000.0,1
2015-03-02,BIIB-SWKS,1043.2749938964844,250000.0,1
2015-03-03,BIIB-SWKS,5230.080718994141,250000.0,1
2015-03-04,BIIB-SWKS,2360.7894287109375,250000.0,1
2015-03-06,NSC-SCHW,0.0,250000.0,1
2015-03-09,NSC-SCHW,1164.7114334106445,250000.0,1
2015-03-11,GS-RL,0.0,250000.0,1
2015-03-12,GS-RL,2162.960403442383,250000.0,1
2015-03-12,AVGO-UDR,0.0,250000.0,1
2015-03-13,GS-RL,1597.7368698120117,250000.0,1
2015-03-13,AVGO-UDR,-2396.1329383850098,250000.0,1
2015-03-16,GS-RL,-499.38523864746094,250000.0,1
2015-03-16,AVGO-UDR,-5541.477355957031,250000.0,1
2015-03-17,GS-RL,-900.026481628418,250000.0,1
2015-03-17,AVGO-UDR,-5571.662742614746,250000.0,1
2015-03-18,AVGO-UDR,-10086.927669525146,250000.0,1
2015-03-18,NSC-SCHW,0.0,250000.0,1
2015-03-19,AVGO-UDR,-8700.87410736084,250000.0,1
2015-03-19,NSC-SCHW,-2196.887565612793,250000.0,1
2015-03-20,NSC-SCHW,2648.7574348449707,250000.0,1
2015-03-20,BIIB-SWKS,0.0,250000.0,1
2015-03-23,NSC-SCHW,5311.513671875,250000.0,1
2015-03-23,BIIB-SWKS,6762.255989074707,250000.0,1
2015-03-23,AVGO-CRL,0.0,250000.0,1
2015-03-24,NSC-SCHW,4747.316394805908,250000.0,1
2015-03-24,AVGO-CRL,-2854.5337629318237,250000.0,1
2015-03-25,NSC-SCHW,1705.1173076629639,250000.0,1
2015-03-25,AVGO-CRL,-3468.7131786346436,250000.0,1
2015-03-25,AVGO-MSCI,0.0,250000.0,1
2015-03-26,AVGO-CRL,-991.368842124939,250000.0,1
2015-03-26,AVGO-MSCI,-1782.2737712860107,250000.0,1
2015-03-26,AVGO-KDP,0.0,250000.0,1
2015-03-27,AVGO-CRL,-3475.055093765259,250000.0,1
2015-03-27,AVGO-MSCI,3288.5469360351562,250000.0,1
2015-03-27,AVGO-KDP,2423.94647026062,250000.0,1
2015-03-30,AVGO-MSCI,355.6431369781494,250000.0,1
2015-03-30,AVGO-KDP,1293.8765125274658,250000.0,1
2015-03-31,AVGO-MSCI,-5428.449222564697,250000.0,1
2015-03-31,AVGO-KDP,3162.696357727051,250000.0,1
2015-04-01,AVGO-MSCI,-5856.45556640625,250000.0,1
2015-04-01,AVGO-KDP,2383.9214477539062,250000.0,1
2015-04-02,AVGO-KDP,3261.583568572998,250000.0,1
2015-04-02,CL-LIN,0.0,250000.0,1
2015-04-06,AVGO-KDP,1921.0747718811035,250000.0,1
2015-04-06,CL-LIN,1318.2146644592285,250000.0,1
2015-04-07,AVGO-KDP,-228.7796745300293,250000.0,1
2015-04-07,CL-LIN,-226.71474075317383,250000.0,1
2015-04-08,AVGO-KDP,1987.4016075134277,250000.0,1
2015-04-08,CL-LIN,1009.0571937561035,250000.0,1
2015-04-09,AVGO-KDP,1583.175968170166,250000.0,1
2015-04-09,CL-LIN,705.410327911377,250000.0,1
2015-04-09,AVGO-UDR,0.0,250000.0,1
2015-04-10,AVGO-KDP,2319.3346195220947,250000.0,1
2015-04-10,CL-LIN,402.03962326049805,250000.0,1
2015-04-10,AVGO-UDR,786.2315502166748,250000.0,1
2015-04-13,AVGO-KDP,3499.700319290161,250000.0,1
2015-04-13,AVGO-UDR,-380.9587163925171,250000.0,1
2015-04-14,AVGO-KDP,2615.5295009613037,250000.0,1
2015-04-14,AVGO-UDR,2130.2098417282104,250000.0,1
2015-04-15,AVGO-KDP,4044.1239337921143,250000.0,1
2015-04-15,AVGO-UDR,-1484.4454717636108,250000.0,1
2015-04-16,AVGO-KDP,2667.312322616577,250000.0,1
2015-04-16,AVGO-UDR,531.9758377075195,250000.0,1
2015-04-17,AVGO-KDP,5184.3111209869385,250000.0,1
2015-04-17,AVGO-UDR,2008.0060930252075,250000.0,1
2015-04-17,AVGO-MNST,0.0,250000.0,1
2015-04-20,AVGO-KDP,3249.8421592712402,250000.0,1
2015-04-20,AVGO-UDR,1328.3049278259277,250000.0,1
2015-04-20,AVGO-MNST,-2807.5148181915283,250000.0,1
2015-04-21,AVGO-UDR,2599.4369134902954,250000.0,1
2015-04-21,AVGO-MNST,-3177.8445587158203,250000.0,1
2015-04-22,AVGO-UDR,3981.9214181900024,250000.0,1
2015-03-03,LIN-ZBH,0.0,250000.0,2
2015-03-03,GS-ZBH,0.0,250000.0,2
2015-03-04,LIN-ZBH,-157.00689697265625,250000.0,2
2015-03-04,GS-ZBH,-246.33311462402344,250000.0,2
2015-03-04,IEX-NDAQ,0.0,250000.0,2
2015-03-05,LIN-ZBH,710.3164825439453,250000.0,2
2015-03-05,IEX-NDAQ,1060.659439086914,250000.0,2
2015-03-06,LIN-ZBH,-4166.977096557617,250000.0,2
2015-03-06,IEX-NDAQ,-585.7173843383789,250000.0,2
2015-03-06,ICE-TFC,0.0,250000.0,2
2015-03-09,LIN-ZBH,-2877.5794372558594,250000.0,2
2015-03-09,IEX-NDAQ,-1661.8058891296387,250000.0,2
2015-03-09,ICE-TFC,973.1915893554688,250000.0,2
2015-03-10,IEX-NDAQ,-966.9316253662109,250000.0,2
2015-03-11,IEX-NDAQ,1962.1617698669434,250000.0,2
2015-03-12,IEX-NDAQ,2305.093334197998,250000.0,2
2015-03-12,CINF-MDT,0.0,250000.0,2
2015-03-13,IEX-NDAQ,-4086.9316749572754,250000.0,2
2015-03-13,CINF-MDT,1189.8087844848633,250000.0,2
2015-03-16,CINF-MDT,-4355.7265625,250000.0,2
2015-03-17,CINF-MDT,-5670.762634277344,250000.0,2
2015-03-18,CINF-MDT,-8201.205375671387,250000.0,2
2015-03-18,IEX-NDAQ,0.0,250000.0,2
2015-03-19,CINF-MDT,-5511.284217834473,250000.0,2
2015-03-25,BKR-COST,0.0,250000.0,2
2015-03-26,BKR-COST,-875.1830215454102,250000.0,2
2015-03-27,BKR-COST,-106.77945709228516,250000.0,2
2015-03-30,BKR-COST,1793.3949966430664,250000.0,2
2015-03-31,BKR-COST,173.51324081420898,250000.0,2
2015-04-01,BKR-COST,-2361.665760040283,250000.0,2
2015-04-02,BKR-COST,64.33214569091797,250000.0,2
2015-04-06,BKR-COST,-1920.6758079528809,250000.0,2
2015-04-07,BKR-COST,-714.8506240844727,250000.0,2
2015-04-08,BKR-COST,-152.6136016845703,250000.0,2
2015-05-12,DHR-IEX,0.0,250000.0,2
2015-05-13,DHR-IEX,-115.93592834472656,250000.0,2
2015-05-13,PCAR-QCOM,0.0,250000.0,2
2015-05-14,DHR-IEX,2494.8879928588867,250000.0,2
2015-05-14,PCAR-QCOM,-2387.939800262451,250000.0,2
2015-05-14,MU-WDC,0.0,250000.0,2
2015-05-15,MU-WDC,-759.6979236602783,250000.0,2
2015-05-18,MU-WDC,1884.9977855682373,250000.0,2
2015-05-18,GPN-MSCI,0.0,250000.0,2
2015-05-19,MU-WDC,4377.580326080322,250000.0,2
2015-05-19,GPN-MSCI,48.69578552246094,250000.0,2
2015-05-20,GPN-MSCI,-562.4191131591797,250000.0,2
2015-05-26,CB-ZBH,0.0,250000.0,2
2015-05-27,CB-ZBH,-1242.5941009521484,250000.0,2
2015-05-28,CB-ZBH,1253.8138275146484,250000.0,2
2015-04-06,ETN-PH,0.0,250000.0,3
2015-04-07,ETN-PH,2714.8008575439453,250000.0,3
2015-04-08,ETN-PH,2741.9193725585938,250000.0,3
2015-04-09,COST-UDR,0.0,250000.0,3
2015-04-09,COST-ROL,0.0,250000.0,3
2015-04-10,COST-UDR,-73.73375701904297,250000.0,3
2015-04-13,COST-UDR,-1387.7197647094727,250000.0,3
2015-04-14,COST-UDR,101.68463134765625,250000.0,3
2015-04-15,COST-UDR,-2286.8152084350586,250000.0,3
2015-04-16,COST-UDR,1084.4600219726562,250000.0,3
2015-05-05,COST-ESS,0.0,250000.0,3
2015-05-06,COST-ESS,430.98636627197266,250000.0,3
2015-06-10,ADM-GD,0.0,250000.0,3
2015-06-11,ADM-GD,-1490.560546875,250000.0,3
2015-06-12,ADM-GD,-1374.0843505859375,250000.0,3
2015-06-15,ADM-GD,-2331.3001403808594,250000.0,3
2015-05-14,AFL-JBL,0.0,250000.0,4
2015-05-15,AFL-JBL,-1173.413703918457,250000.0,4
2015-05-18,AFL-JBL,-3583.7872676849365,250000.0,4
2015-05-19,AFL-JBL,963.5654811859131,250000.0,4
2015-05-20,AFL-JBL,1093.3894748687744,250000.0,4
2015-05-20,NVR-UAL,0.0,250000.0,4
2015-05-21,AFL-JBL,-4491.869009017944,250000.0,4
2015-05-21,NVR-UAL,-3788.4725379943848,250000.0,4
2015-05-22,AFL-JBL,-6443.802862167358,250000.0,4
2015-05-22,NVR-UAL,-5891.196964263916,250000.0,4
2015-05-26,AFL-JBL,-8374.466423034668,250000.0,4
2015-05-27,AFL-JBL,-8507.458892822266,250000.0,4
2015-05-28,AFL-JBL,-7537.630811691284,250000.0,4
2015-06-03,PNW-SRE,0.0,250000.0,4
2015-06-04,PNW-SRE,-749.1628112792969,250000.0,4
2015-06-05,PNW-SRE,-444.93426513671875,250000.0,4
2015-06-08,PNW-SRE,-1712.6228637695312,250000.0,4
2015-06-08,ETR-PPL,0.0,250000.0,4
2015-06-09,PNW-SRE,-1245.3716049194336,250000.0,4
2015-06-09,ETR-PPL,1683.3432388305664,250000.0,4
2015-06-10,PNW-SRE,-878.1269226074219,250000.0,4
2015-06-10,ETR-PPL,3004.7668781280518,250000.0,4
2015-06-11,PNW-SRE,-340.1377410888672,250000.0,4
2015-06-12,PNW-SRE,-1857.088523864746,250000.0,4
2015-06-15,PNW-SRE,-1946.9673690795898,250000.0,4
2015-06-16,PNW-SRE,-1936.875259399414,250000.0,4
2015-06-17,PNW-SRE,1270.9155960083008,250000.0,4
2015-06-18,PNW-SRE,806.9115982055664,250000.0,4
2015-06-18,NVR-PODD,0.0,250000.0,4
2015-06-19,NVR-PODD,233.31338500976562,250000.0,4
2015-06-22,NVR-PODD,-989.1398315429688,250000.0,4
2015-06-22,NVR-WMB,0.0,250000.0,4
2015-06-23,NVR-PODD,-536.5482482910156,250000.0,4
2015-06-23,NVR-WMB,7988.061492919922,250000.0,4
2015-06-24,NVR-PODD,-205.38113403320312,250000.0,4
2015-06-24,NVR-WMB,14735.60901260376,250000.0,4
2015-06-25,NVR-PODD,-3388.809112548828,250000.0,4
2015-06-25,NVR-WMB,23306.971282958984,250000.0,4
2015-06-26,NVR-PODD,-7491.6395263671875,250000.0,4
2015-06-26,NVR-WMB,15730.15754699707,250000.0,4
2015-06-29,NVR-PODD,3220.369415283203,250000.0,4
2015-06-29,NVR-WMB,16712.654418945312,250000.0,4
2015-06-29,CDNS-SNPS,0.0,250000.0,4
2015-06-30,NVR-WMB,10403.985145568848,250000.0,4
2015-06-30,CDNS-SNPS,-1795.1891193389893,250000.0,4
2015-07-01,NVR-WMB,12112.122020721436,250000.0,4
2015-07-01,CDNS-SNPS,-1703.400764465332,250000.0,4
2015-07-02,NVR-WMB,12392.208171844482,250000.0,4
2015-07-02,CDNS-SNPS,-1600.7634944915771,250000.0,4
2015-07-06,NVR-WMB,15394.06016921997,250000.0,4
2015-07-06,CDNS-SNPS,-117.42022705078125,250000.0,4
2015-07-07,NVR-WMB,17663.255661010742,250000.0,4
2015-07-07,CDNS-SNPS,-1637.6505451202393,250000.0,4
2015-07-08,NVR-WMB,20592.073600769043,250000.0,4
2015-07-08,CDNS-SNPS,-2064.500759124756,250000.0,4
2015-07-09,NVR-WMB,19738.283962249756,250000.0,4
2015-07-09,CDNS-SNPS,-2565.899377822876,250000.0,4
2015-07-10,NVR-WMB,14358.026153564453,250000.0,4
2015-07-10,CDNS-SNPS,-1365.9259452819824,250000.0,4
2015-07-13,NVR-WMB,13662.051166534424,250000.0,4
2015-07-13,CDNS-SNPS,-595.1745586395264,250000.0,4
2015-07-14,NVR-WMB,15814.156642913818,250000.0,4
2015-06-01,MSI-WYNN,0.0,250000.0,5
2015-06-04,MSI-WYNN,0.0,250000.0,5
2015-06-05,MSI-WYNN,-847.5727386474609,250000.0,5
2015-06-05,O-VTR,0.0,250000.0,5
2015-06-08,MSI-WYNN,10269.960247039795,250000.0,5
2015-06-08,O-VTR,-499.0123710632324,250000.0,5
2015-06-09,MSI-WYNN,9092.002758026123,250000.0,5
2015-06-09,O-VTR,20.410720825195312,250000.0,5
2015-06-09,MSI-PG,0.0,250000.0,5
2015-06-09,APD-ERIE,0.0,250000.0,5
2015-06-10,MSI-WYNN,11704.601123809814,250000.0,5
2015-06-10,O-VTR,1084.3594818115234,250000.0,5
2015-06-10,MSI-PG,-1060.8898010253906,250000.0,5
2015-06-10,APD-ERIE,-148.6501007080078,250000.0,5
2015-06-11,MSI-WYNN,12141.056564331055,250000.0,5
2015-06-11,O-VTR,137.88924407958984,250000.0,5
2015-06-11,MSI-PG,10.080989837646484,250000.0,5
2015-06-11,APD-ERIE,-2983.7703247070312,250000.0,5
2015-06-12,MSI-WYNN,8629.714778900146,250000.0,5
2015-06-12,O-VTR,1118.0071601867676,250000.0,5
2015-06-12,MSI-PG,237.7250747680664,250000.0,5
2015-06-12,APD-ERIE,-5077.160758972168,250000.0,5
2015-06-12,MSI-PHM,0.0,250000.0,5
2015-06-15,MSI-WYNN,11063.833374023438,250000.0,5
2015-06-15,O-VTR,988.97998046875,250000.0,5
2015-06-15,APD-ERIE,-6213.139442443848,250000.0,5
2015-06-15,MSI-PHM,-237.8380012512207,250000.0,5
2015-06-15,MSI-WM,0.0,250000.0,5
2015-06-16,MSI-WYNN,12861.419021606445,250000.0,5
2015-06-16,O-VTR,2108.8487663269043,250000.0,5
2015-06-16,APD-ERIE,-5077.479454040527,250000.0,5
2015-06-16,MSI-PHM,673.8189506530762,250000.0,5
2015-06-16,MSI-WM,-86.457763671875,250000.0,5
2015-06-17,MSI-WYNN,7868.910415649414,250000.0,5
2015-06-17,O-VTR,-377.30300521850586,250000.0,5
2015-06-17,APD-ERIE,-3083.821258544922,250000.0,5
2015-06-17,MSI-PHM,-1326.2036895751953,250000.0,5
2015-06-17,MSI-WM,842.2661819458008,250000.0,5
2015-06-18,MSI-WYNN,8992.983707427979,250000.0,5
2015-06-18,O-VTR,-1500.9776306152344,250000.0,5
2015-06-18,APD-ERIE,-3498.148826599121,250000.0,5
2015-06-18,MSI-PHM,-828.9798164367676,250000.0,5
2015-06-19,MSI-WYNN,11144.422966003418,250000.0,5
2015-06-19,O-VTR,1905.8535537719727,250000.0,5
2015-06-22,O-VTR,1198.5578880310059,250000.0,5
2015-06-23,O-VTR,847.7611999511719,250000.0,5
2015-06-24,O-VTR,182.89584350585938,250000.0,5
2015-07-07,MSI-WELL,0.0,250000.0,5
2015-07-07,MSI-PG,0.0,250000.0,5
2015-07-08,MSI-WELL,-3870.3489303588867,250000.0,5
2015-07-08,MSI-PG,1185.7130126953125,250000.0,5
2015-07-09,MSI-WELL,-2037.24125289917,250000.0,5
2015-07-09,MSI-PG,2419.559944152832,250000.0,5
2015-07-10,MSI-WELL,-1681.3243255615234,250000.0,5
2015-07-10,MSI-PG,2340.6415405273438,250000.0,5
2015-07-13,MSI-WELL,2646.2894973754883,250000.0,5
2015-07-13,MSI-PG,825.3602142333984,250000.0,5
2015-07-14,MSI-WELL,4438.3805809021,250000.0,5
2015-07-14,MSI-PG,682.0976181030273,250000.0,5
2015-07-15,MSI-PG,779.60205078125,250000.0,5
2015-07-16,MSI-PG,919.3311309814453,250000.0,5
2015-07-17,MSI-PG,444.4873352050781,250000.0,5
2015-07-20,MSI-PG,1420.3715591430664,250000.0,5
2015-07-21,MSI-PG,3387.707977294922,250000.0,5
2015-07-22,MSI-PG,3481.1025314331055,250000.0,5
2015-07-23,MSI-PG,3133.927047729492,250000.0,5
2015-07-24,AMCR-NWSA,0.0,250000.0,5
2015-07-27,AMCR-NWSA,504.71220684051514,250000.0,5
2015-07-28,AMCR-NWSA,-7226.832786560059,250000.0,5
2015-07-29,AMCR-NWSA,-7899.776280403137,250000.0,5
2015-07-30,AMCR-NWSA,-7395.1007652282715,250000.0,5
2015-07-31,AMCR-NWSA,-6217.500102043152,250000.0,5
2015-08-03,AMCR-NWSA,-13526.68921661377,250000.0,5
2015-08-04,AMCR-NWSA,-13863.170136451721,250000.0,5
2015-08-05,AMCR-NWSA,-14536.131976127625,250000.0,5
2015-08-06,AMCR-NWSA,-4778.570563316345,250000.0,5
2015-08-07,AMCR-NWSA,-6292.633800506592,250000.0,5
2015-08-18,MSI-VTR,0.0,250000.0,5
2015-08-18,O-VTR,0.0,250000.0,5
2015-08-19,MSI-VTR,2363.5025939941406,250000.0,5
2015-08-19,O-VTR,3735.020330429077,250000.0,5
2015-08-20,O-VTR,5497.122852325439,250000.0,5
2015-08-20,ED-TXN,0.0,250000.0,5
2015-08-21,O-VTR,4675.283758163452,250000.0,5
2015-08-21,ED-TXN,-8927.705642700195,250000.0,5
2015-08-21,AMCR-EXPD,0.0,250000.0,5
2015-08-24,O-VTR,5073.208169937134,250000.0,5
2015-08-25,O-VTR,5946.282669067383,250000.0,5
2015-08-25,MSI-PLD,0.0,250000.0,5
2015-08-26,O-VTR,4150.428077697754,250000.0,5
2015-08-26,MSI-PLD,307.8945941925049,250000.0,5
2015-08-27,O-VTR,2156.966432571411,250000.0,5
2015-08-27,MSI-PLD,5445.519540786743,250000.0,5
2015-08-28,O-VTR,2292.92893409729,250000.0,5
2015-08-28,MSI-PLD,5927.778314590454,250000.0,5
2015-08-31,O-VTR,3547.0752487182617,250000.0,5
2015-08-31,MSI-PLD,-885.7140769958496,250000.0,5
2015-07-08,AMCR-ROK,0.0,250000.0,6
2015-07-08,AMCR-APTV,0.0,250000.0,6
2015-07-09,AMCR-ROK,1594.0806503295898,250000.0,6
2015-07-09,AMCR-APTV,-926.6835250854492,250000.0,6
2015-07-10,AMCR-ROK,3001.962112426758,250000.0,6
2015-07-10,AMCR-APTV,3099.7190437316895,250000.0,6
2015-07-13,AMCR-APTV,5624.176242828369,250000.0,6
2015-07-14,AMCR-APTV,6359.172420501709,250000.0,6
2015-07-15,AMCR-APTV,7957.007572174072,250000.0,6
2015-08-05,AMCR-ROK,0.0,250000.0,6
2015-08-06,AMCR-ROK,-840.1049423217773,250000.0,6
2015-08-07,AMCR-ROK,280.0213851928711,250000.0,6
2015-08-10,AMCR-ROK,-6268.55534362793,250000.0,6
2015-08-11,AMCR-ROK,-1529.3397216796875,250000.0,6
2015-08-12,AMCR-ROK,409.19300079345703,250000.0,6
2015-08-13,AMCR-ROK,409.21339416503906,250000.0,6
2015-08-14,AMCR-ROK,-1713.634620666504,250000.0,6
2015-08-17,AMCR-ROK,-3511.697799682617,250000.0,6
2015-08-18,AMCR-ROK,-652.2615966796875,250000.0,6
2015-08-19,AMCR-ROK,2965.502128601074,250000.0,6
2015-08-20,AMCR-ROP,0.0,250000.0,6
2015-08-20,AMCR-CSGP,0.0,250000.0,6
2015-08-21,AMCR-RVTY,0.0,250000.0,6
2015-08-24,EL-KO,0.0,250000.0,6
2015-08-24,AMCR-ROP,0.0,250000.0,6
2015-08-24,AMCR-LRCX,0.0,250000.0,6
2015-08-24,AMCR-CSGP,0.0,250000.0,6
2015-08-24,EL-VRSN,0.0,250000.0,6
2015-08-25,EL-KO,-2019.513828277588,250000.0,6
2015-08-25,AMCR-ROP,-1241.2914276123047,250000.0,6
2015-08-25,AMCR-LRCX,297.00846672058105,250000.0,6
2015-08-25,AMCR-CSGP,1088.1612491607666,250000.0,6
2015-08-25,EL-VRSN,119.54351806640625,250000.0,6
2015-08-26,EL-KO,1125.2565689086914,250000.0,6
2015-08-26,AMCR-ROP,3917.336654663086,250000.0,6
2015-08-26,AMCR-CSGP,7705.422468185425,250000.0,6
2015-08-26,EL-VRSN,7680.081970214844,250000.0,6
2015-08-27,EL-KO,3440.4167671203613,250000.0,6
2015-08-27,AMCR-ROK,0.0,250000.0,6
2015-08-27,AMCR-RVTY,0.0,250000.0,6
2015-08-27,AMCR-LRCX,0.0,250000.0,6
2015-08-27,AMCR-APTV,0.0,250000.0,6
2015-08-28,EL-KO,4436.598670959473,250000.0,6
2015-08-28,AMCR-ROK,-1011.3562927246094,250000.0,6
2015-08-28,AMCR-RVTY,-202.2581329345703,250000.0,6
2015-08-28,AMCR-LRCX,649.7276744842529,250000.0,6
2015-08-28,AMCR-APTV,-1066.0123977661133,250000.0,6
2015-08-31,EL-KO,3954.8965072631836,250000.0,6
2015-08-31,AMCR-ROK,-1370.8866424560547,250000.0,6
2015-08-31,AMCR-RVTY,3842.844638824463,250000.0,6
2015-08-31,AMCR-LRCX,1162.5797395706177,250000.0,6
2015-08-31,AMCR-APTV,-1632.3524475097656,250000.0,6
2015-09-01,EL-KO,1840.707691192627,250000.0,6
2015-09-01,AMCR-ROK,8247.745544433594,250000.0,6
2015-09-01,AMCR-RVTY,15270.489036560059,250000.0,6
2015-09-01,AMCR-LRCX,12139.009809494019,250000.0,6
2015-09-01,AMCR-APTV,9994.181678771973,250000.0,6
2015-09-02,EL-KO,1867.5406875610352,250000.0,6
2015-09-02,AMCR-ROK,6449.924545288086,250000.0,6
2015-09-02,AMCR-RVTY,9506.112285614014,250000.0,6
2015-09-02,AMCR-LRCX,6873.006646156311,250000.0,6
2015-09-02,AMCR-APTV,7495.676189422607,250000.0,6
2015-09-03,EL-KO,3227.479202270508,250000.0,6
2015-09-03,AMCR-ROK,7258.899566650391,250000.0,6
2015-09-03,AMCR-RVTY,7534.095489501953,250000.0,6
2015-09-03,AMCR-LRCX,4650.451718330383,250000.0,6
2015-09-03,AMCR-APTV,5896.545787811279,250000.0,6
2015-09-04,EL-KO,267.2500305175781,250000.0,6
2015-09-04,AMCR-ROK,11146.73137664795,250000.0,6
2015-09-04,AMCR-RVTY,10567.907596588135,250000.0,6
2015-09-04,AMCR-LRCX,10487.929990768433,250000.0,6
2015-09-04,AMCR-APTV,10060.833408355713,250000.0,6
2015-09-08,EL-KO,2553.4343185424805,250000.0,6
2015-09-08,AMCR-ROK,16812.79554748535,250000.0,6
2015-09-08,AMCR-RVTY,13744.930854797363,250000.0,6
2015-09-08,AMCR-LRCX,18326.984622001648,250000.0,6
2015-09-08,AMCR-APTV,18203.245834350586,250000.0,6
2015-09-09,AMCR-ROK,24521.1397857666,250000.0,6
2015-09-09,AMCR-RVTY,18194.58981704712,250000.0,6
2015-09-09,AMCR-LRCX,25331.95475578308,250000.0,6
2015-09-09,AMCR-APTV,17803.479206085205,250000.0,6
2015-09-10,AMCR-ROK,26858.404403686523,250000.0,6
2015-09-10,AMCR-RVTY,17688.984409332275,250000.0,6
2015-09-10,AMCR-LRCX,20833.683983802795,250000.0,6
2015-09-10,AMCR-APTV,19236.00424194336,250000.0,6
2015-09-11,AMCR-ROK,25172.881103515625,250000.0,6
2015-09-11,AMCR-RVTY,15211.242431640625,250000.0,6
2015-09-11,AMCR-LRCX,21074.017601966858,250000.0,6
2015-09-11,AMCR-APTV,15371.561557769775,250000.0,6
2015-09-14,AMCR-ROK,27330.338233947754,250000.0,6
2015-09-14,AMCR-RVTY,16121.503841400146,250000.0,6
2015-09-14,AMCR-LRCX,18773.418731689453,250000.0,6
2015-09-14,AMCR-APTV,15604.786708831787,250000.0,6
2015-09-15,AMCR-ROK,23712.10129547119,250000.0,6
2015-09-15,AMCR-RVTY,12834.849105834961,250000.0,6
2015-09-15,AMCR-LRCX,13553.995379447937,250000.0,6
2015-09-15,AMCR-APTV,12739.784553527832,250000.0,6
2015-09-16,AMCR-ROK,21397.304679870605,250000.0,6
2015-09-16,AMCR-RVTY,11722.309600830078,250000.0,6
2015-09-16,AMCR-LRCX,11012.949096679688,250000.0,6
2015-09-16,AMCR-APTV,4577.846622467041,250000.0,6
2015-09-16,EL-KO,0.0,250000.0,6
2015-09-17,AMCR-ROK,25307.794898986816,250000.0,6
2015-09-17,AMCR-RVTY,9699.82808303833,250000.0,6
2015-09-17,AMCR-LRCX,18292.675632476807,250000.0,6
2015-09-17,AMCR-APTV,6010.371658325195,250000.0,6
2015-09-17,EL-KO,-531.22412109375,250000.0,6
2015-09-18,AMCR-ROK,29914.7085647583,250000.0,6
2015-09-18,AMCR-RVTY,18093.520637512207,250000.0,6
2015-09-18,AMCR-LRCX,23168.705637931824,250000.0,6
2015-09-18,AMCR-APTV,11207.353797912598,250000.0,6
2015-09-18,EL-KO,497.9322509765625,250000.0,6
2015-09-21,AMCR-ROK,29420.2855758667,250000.0,6
2015-09-21,AMCR-RVTY,20773.440898895264,250000.0,6
2015-09-21,AMCR-LRCX,33985.27364444733,250000.0,6
2015-09-21,AMCR-APTV,12606.497066497803,250000.0,6
2015-09-21,EL-KO,244.46173095703125,250000.0,6
2015-09-22,AMCR-ROK,31465.40269470215,250000.0,6
2015-09-22,AMCR-LRCX,42329.41334724426,250000.0,6
2015-09-22,AMCR-APTV,21901.1150970459,250000.0,6
2015-09-22,EL-KO,1348.6876831054688,250000.0,6
2015-09-23,AMCR-APTV,23033.7632522583,250000.0,6
2015-09-23,AMCR-PWR,0.0,250000.0,6
2015-09-24,AMCR-APTV,27098.08126449585,250000.0,6
2015-09-24,AMCR-PWR,3897.888641357422,250000.0,6
2015-09-25,AMCR-APTV,25832.129650115967,250000.0,6
2015-09-28,AMCR-APTV,35459.894523620605,250000.0,6
2015-09-29,AMCR-APTV,26898.173992156982,250000.0,6
2015-09-30,AMCR-APTV,16570.87741470337,250000.0,6
2015-08-10,IRM-TT,0.0,250000.0,7
2015-08-10,COO-GWW,0.0,250000.0,7
2015-08-11,IRM-TT,1802.241958618164,250000.0,7
2015-08-11,COO-GWW,1944.9838790893555,250000.0,7
2015-08-12,IRM-TT,1491.8416137695312,250000.0,7
2015-08-12,COO-GWW,-407.69224548339844,250000.0,7
2015-08-13,IRM-TT,1987.53515625,250000.0,7
2015-08-14,IRM-TT,2927.5414810180664,250000.0,7
2015-08-17,IRM-TT,857.5363273620605,250000.0,7
2015-08-18,IRM-TT,606.0592918395996,250000.0,7
2015-08-19,IRM-TT,5387.057907104492,250000.0,7
2015-08-19,IRM-TPL,0.0,250000.0,7
2015-08-20,IRM-TPL,-5790.475471496582,250000.0,7
2015-08-20,IRM-MCK,0.0,250000.0,7
2015-08-21,IRM-TPL,1142.11962890625,250000.0,7
2015-08-24,IRM-TPL,2302.9889907836914,250000.0,7
2015-08-25,IRM-TPL,3899.7078170776367,250000.0,7
2015-08-26,IRM-TPL,-5695.68132019043,250000.0,7
2015-08-27,IRM-TPL,833.1184921264648,250000.0,7
2015-08-28,IRM-TPL,5397.8198165893555,250000.0,7
2015-09-11,IRM-MRVL,0.0,250000.0,7
2015-09-14,IRM-MRVL,-7571.4671630859375,250000.0,7
2015-09-15,IRM-MRVL,-9958.681832313538,250000.0,7
2015-09-16,IRM-MRVL,-1177.8448333740234,250000.0,7
2015-09-16,EXPE-FIS,0.0,250000.0,7
2015-09-17,IRM-MRVL,-7583.6517162323,250000.0,7
2015-09-18,IRM-MRVL,-19040.892791748047,250000.0,7
2015-09-18,COO-FAST,0.0,250000.0,7
2015-09-18,COO-HUBB,0.0,250000.0,7
2015-09-21,IRM-MRVL,-17944.089752197266,250000.0,7
2015-09-21,COO-FAST,-1786.5252685546875,250000.0,7
2015-09-21,COO-HUBB,-7560.728130340576,250000.0,7
2015-09-22,IRM-MRVL,-9364.807891845703,250000.0,7
2015-09-22,COO-FAST,-5220.1306166648865,250000.0,7
2015-09-22,COO-HUBB,-13120.115531921387,250000.0,7
2015-09-23,IRM-MRVL,-15458.317997932434,250000.0,7
2015-09-23,COO-FAST,-6712.599501609802,250000.0,7
2015-09-23,COO-HUBB,-15619.274715423584,250000.0,7
2015-09-24,IRM-MRVL,-10909.810930252075,250000.0,7
2015-09-24,COO-FAST,-4236.359716892242,250000.0,7
2015-09-24,COO-HUBB,-16530.49814224243,250000.0,7
2015-09-24,IRM-PTC,0.0,250000.0,7
2015-09-25,IRM-MRVL,-4450.692358016968,250000.0,7
2015-09-25,COO-FAST,-195.55653285980225,250000.0,7
2015-09-25,IRM-PTC,-2595.3006477355957,250000.0,7
2015-09-25,PCAR-USB,0.0,250000.0,7
2015-09-25,PCAR-PNC,0.0,250000.0,7
2015-09-28,COO-FAST,751.0539336204529,250000.0,7
2015-09-28,IRM-PTC,-5713.140079498291,250000.0,7
2015-09-28,PCAR-USB,2052.870891571045,250000.0,7
2015-09-28,PCAR-PNC,1014.0943450927734,250000.0,7
2015-09-29,COO-FAST,2667.966917514801,250000.0,7
2015-09-29,PCAR-USB,1915.916160583496,250000.0,7
2015-09-29,PCAR-PNC,1012.5737953186035,250000.0,7
2015-09-30,COO-FAST,82.34203958511353,250000.0,7
2015-09-30,PCAR-USB,-370.8374481201172,250000.0,7
2015-09-30,PCAR-PNC,-2894.330177307129,250000.0,7
2015-10-01,COO-FAST,-5309.677102088928,250000.0,7
2015-10-01,PCAR-USB,-2545.569911956787,250000.0,7
2015-10-01,PCAR-PNC,-4123.176332473755,250000.0,7
2015-10-02,COO-FAST,-4163.167861938477,250000.0,7
2015-10-02,PCAR-USB,885.7254981994629,250000.0,7
2015-10-02,PCAR-PNC,-332.1354503631592,250000.0,7
2015-10-05,COO-FAST,2073.2889456748962,250000.0,7
2015-10-05,PCAR-USB,2224.67289352417,250000.0,7
2015-10-05,PCAR-PNC,-175.59546279907227,250000.0,7
2015-10-05,DG-KR,0.0,250000.0,7
2015-10-06,COO-FAST,7051.711804389954,250000.0,7
2015-10-06,PCAR-USB,2192.001979827881,250000.0,7
2015-10-06,PCAR-PNC,1107.9283962249756,250000.0,7
2015-10-06,DG-KR,1998.9687957763672,250000.0,7
2015-10-07,PCAR-USB,3111.478832244873,250000.0,7
2015-10-07,PCAR-PNC,2450.891019821167,250000.0,7
2015-10-07,DG-KR,-2677.3760108947754,250000.0,7
2015-10-08,PCAR-USB,4580.379543304443,250000.0,7
2015-10-08,PCAR-PNC,3686.468692779541,250000.0,7
2015-10-08,DG-KR,-8041.573875427246,250000.0,7
2015-10-09,PCAR-USB,5033.126972198486,250000.0,7
2015-10-09,PCAR-PNC,5253.679677963257,250000.0,7
2015-10-09,DG-KR,-6469.663185119629,250000.0,7
2015-10-09,IRM-PTC,0.0,250000.0,7
2015-10-12,PCAR-USB,3536.820789337158,250000.0,7
2015-10-12,PCAR-PNC,4226.878494262695,250000.0,7
2015-10-12,DG-KR,-5370.297039031982,250000.0,7
2015-10-12,IRM-PTC,3357.2561836242676,250000.0,7
2015-10-13,PCAR-USB,2042.4212379455566,250000.0,7
2015-10-13,PCAR-PNC,2812.7278175354004,250000.0,7
2015-10-13,DG-KR,-1324.6945304870605,250000.0,7
2015-10-13,IRM-PTC,3940.348907470703,250000.0,7
2015-10-14,DG-KR,1051.9700736999512,250000.0,7
2015-10-14,IRM-PTC,2256.9988918304443,250000.0,7
2015-10-15,DG-KR,-1608.7449264526367,250000.0,7
2015-10-15,IRM-PTC,59.46967315673828,250000.0,7
2015-10-16,DG-KR,-3192.5564460754395,250000.0,7
2015-10-16,IRM-PTC,-106.6356086730957,250000.0,7
2015-10-19,DG-KR,-5413.962650299072,250000.0,7
2015-10-19,IRM-PTC,1056.337905883789,250000.0,7
2015-10-20,IRM-PTC,150.37603378295898,250000.0,7
2015-10-27,IRM-TPL,0.0,250000.0,7
2015-10-28,IRM-TPL,4419.155332565308,250000.0,7
2015-09-24,CRL-STE,0.0,250000.0,8
2015-09-25,CRL-STE,-5391.298477172852,250000.0,8
2015-09-25,KEYS-TECH,0.0,250000.0,8
2015-09-25,SBUX-TECH,0.0,250000.0,8
2015-09-25,JNJ-MCO,0.0,250000.0,8
2015-09-25,CNC-INTU,0.0,250000.0,8
2015-09-28,CRL-STE,-2607.908290863037,250000.0,8
2015-09-28,KEYS-TECH,-9296.299987792969,250000.0,8
2015-09-28,SBUX-TECH,-1170.2746925354004,250000.0,8
2015-09-28,KEYS-PFE,0.0,250000.0,8
2015-09-28,KEYS-KMB,0.0,250000.0,8
2015-09-29,CRL-STE,781.511531829834,250000.0,8
2015-09-29,KEYS-TECH,-4379.760795593262,250000.0,8
2015-09-29,SBUX-TECH,4150.520080566406,250000.0,8
2015-09-29,KEYS-PFE,1446.3119735717773,250000.0,8
2015-09-29,KEYS-KMB,1903.101993560791,250000.0,8
2015-09-30,CRL-STE,873.5981407165527,250000.0,8
2015-09-30,KEYS-TECH,3599.7390880584717,250000.0,8
2015-09-30,KEYS-PFE,6573.515365600586,250000.0,8
2015-10-01,CRL-STE,-1311.775463104248,250000.0,8
2015-10-01,KEYS-TECH,-2336.1412143707275,250000.0,8
2015-10-01,KEYS-PFE,8859.641136169434,250000.0,8
2015-10-02,CRL-STE,1898.849021911621,250000.0,8
2015-10-05,CRL-STE,-2692.625629425049,250000.0,8
2015-10-05,KEYS-KMB,0.0,250000.0,8
2015-10-06,CRL-STE,-3937.129592895508,250000.0,8
2015-10-06,KEYS-KMB,1011.1404876708984,250000.0,8
2015-10-07,CRL-STE,-7065.816349029541,250000.0,8
2015-10-07,KEYS-KMB,-2613.1203994750977,250000.0,8
2015-10-08,CRL-STE,-10803.36046218872,250000.0,8
2015-10-08,KEYS-KMB,-8375.881233215332,250000.0,8
2015-10-09,KEYS-KMB,-8550.820449829102,250000.0,8
2015-10-12,KEYS-KMB,-8471.860389709473,250000.0,8
2015-10-13,KEYS-KMB,-6328.589859008789,250000.0,8
2015-10-14,KEYS-KMB,-7469.896903991699,250000.0,8
2015-10-15,KEYS-KMB,-12019.922050476074,250000.0,8
2015-10-22,ESS-FDS,0.0,250000.0,8
2015-10-23,ESS-FDS,-4623.182861328125,250000.0,8
2015-10-26,ESS-FDS,-4837.4779052734375,250000.0,8
2015-10-27,ESS-FDS,-2926.276092529297,250000.0,8
2015-10-28,ESS-FDS,-7200.0264892578125,250000.0,8
2015-10-29,ESS-FDS,-5414.573638916016,250000.0,8
2015-10-30,ESS-FDS,-7862.221130371094,250000.0,8
2015-11-02,ESS-FDS,-5405.197296142578,250000.0,8
2015-11-03,ESS-FDS,-3262.3980407714844,250000.0,8
2015-11-04,ESS-FDS,-5371.181549072266,250000.0,8
2015-11-05,ESS-FDS,-5506.236999511719,250000.0,8
2015-11-13,ESS-FDS,0.0,250000.0,8
2015-11-16,ESS-FDS,1237.9351196289062,250000.0,8
2015-11-16,CCL-MSFT,0.0,250000.0,8
2015-11-17,ESS-FDS,999.9578857421875,250000.0,8
2015-11-17,CCL-MSFT,-2278.561477661133,250000.0,8
2015-11-18,ESS-FDS,2879.5734252929688,250000.0,8
2015-11-18,CCL-MSFT,-3487.8765449523926,250000.0,8
2015-11-19,ESS-FDS,-2029.2374267578125,250000.0,8
2015-11-20,ESS-FDS,-2027.8757934570312,250000.0,8
2015-11-23,ESS-FDS,-3226.523681640625,250000.0,8
2015-11-24,ESS-FDS,-1064.656982421875,250000.0,8
2015-11-25,ESS-FDS,-3930.7559814453125,250000.0,8
2015-11-27,ESS-FDS,-3927.0997314453125,250000.0,8
2015-10-01,ALL-MPC,0.0,250000.0,9
2015-10-02,ALL-MPC,2342.0412254333496,250000.0,9
2015-10-05,ALL-MPC,-6066.944236755371,250000.0,9
2015-10-05,ALL-AMT,0.0,250000.0,9
2015-10-06,ALL-MPC,-3330.6930351257324,250000.0,9
2015-10-06,ALL-AMT,210.7461700439453,250000.0,9
2015-10-07,ALL-MPC,-3991.83198928833,250000.0,9
2015-10-07,ALL-AMT,-1876.567237854004,250000.0,9
2015-10-08,ALL-MPC,-3772.7950477600098,250000.0,9
2015-10-08,ALL-AMT,-3815.5768280029297,250000.0,9
2015-10-09,ALL-MPC,1005.7287979125977,250000.0,9
2015-10-09,ALL-AMT,-3149.463897705078,250000.0,9
2015-10-12,ALL-MPC,2216.0851097106934,250000.0,9
2015-10-12,ALL-AMT,-2070.6959075927734,250000.0,9
2015-10-13,ALL-MPC,6294.970607757568,250000.0,9
2015-10-13,ALL-AMT,466.9800262451172,250000.0,9
2015-10-14,ALL-MPC,4151.785945892334,250000.0,9
2015-10-14,ALL-AMT,1009.8554916381836,250000.0,9
2015-10-15,ALL-MPC,3227.3007583618164,250000.0,9
2015-10-15,ALL-AMT,-650.4058990478516,250000.0,9
2015-10-16,ALL-AMT,-5193.662811279297,250000.0,9
2015-10-19,ALL-AMT,-6374.584564208984,250000.0,9
2015-12-03,ALL-USB,0.0,250000.0,9
2015-12-03,ALL-AMT,0.0,250000.0,9
2015-12-03,ALL-GL,0.0,250000.0,9
2015-12-03,ALL-NTRS,0.0,250000.0,9
2015-12-03,ALL-PFG,0.0,250000.0,9
2015-12-03,ALL-PNC,0.0,250000.0,9
2015-12-03,ALL-CSCO,0.0,250000.0,9
2015-12-04,ALL-USB,1907.8476886749268,250000.0,9
2015-12-04,ALL-GL,293.8394317626953,250000.0,9
2015-12-04,ALL-NTRS,3491.9068336486816,250000.0,9
2015-12-04,ALL-PFG,-1031.3054962158203,250000.0,9
2015-12-04,ALL-CSCO,-398.3040943145752,250000.0,9
2015-12-04,ALL-RMD,0.0,250000.0,9
2015-12-07,ALL-USB,849.4356212615967,250000.0,9
2015-12-07,ALL-GL,-562.353443145752,250000.0,9
2015-12-07,ALL-NTRS,680.088306427002,250000.0,9
2015-12-07,ALL-PFG,-1154.6824378967285,250000.0,9
2015-12-07,ALL-CSCO,3.509450912475586,250000.0,9
2015-12-07,ALL-RMD,-5100.666217803955,250000.0,9
2015-12-08,ALL-USB,-946.1861190795898,250000.0,9
2015-12-08,ALL-GL,-1606.3950576782227,250000.0,9
2015-12-08,ALL-NTRS,1529.2433128356934,250000.0,9
2015-12-08,ALL-PFG,-3483.643486022949,250000.0,9
2015-12-08,ALL-CSCO,-1512.8142414093018,250000.0,9
2015-12-08,ALL-RMD,-3498.5499954223633,250000.0,9
2015-12-09,ALL-USB,-1453.9710750579834,250000.0,9
2015-12-09,ALL-GL,-2129.9898529052734,250000.0,9
2015-12-09,ALL-NTRS,-1448.5871238708496,250000.0,9
2015-12-09,ALL-PFG,-5476.99408531189,250000.0,9
2015-12-09,ALL-CSCO,-2442.5026531219482,250000.0,9
2015-12-09,ALL-RMD,-5616.7578201293945,250000.0,9
2015-12-10,ALL-USB,674.7128448486328,250000.0,9
2015-12-10,ALL-GL,-965.2521781921387,250000.0,9
2015-12-10,ALL-NTRS,-1188.7788276672363,250000.0,9
2015-12-10,ALL-PFG,-2997.528705596924,250000.0,9
2015-12-10,ALL-CSCO,-773.7633056640625,250000.0,9
2015-12-11,ALL-USB,-2127.1186237335205,250000.0,9
2015-12-11,ALL-GL,-3250.9124641418457,250000.0,9
2015-12-11,ALL-NTRS,-4610.838344573975,250000.0,9
2015-12-11,ALL-CSCO,-3311.506383895874,250000.0,9
2015-12-14,ALL-USB,-693.8487186431885,250000.0,9
2015-12-14,ALL-NTRS,-4606.987575531006,250000.0,9
2015-12-14,ALL-CSCO,-3.0359573364257812,250000.0,9
2015-12-15,ALL-NTRS,-65.4704360961914,250000.0,9
2015-12-15,ALL-CSCO,-711.3350067138672,250000.0,9
2015-12-15,ALL-AON,0.0,250000.0,9
2015-12-16,ALL-NTRS,2272.8861503601074,250000.0,9
2015-12-16,ALL-CSCO,805.1827850341797,250000.0,9
2015-12-16,ALL-AON,1265.6662216186523,250000.0,9
2015-12-17,ALL-NTRS,-1355.2279319763184,250000.0,9
2015-12-17,ALL-CSCO,-897.6488285064697,250000.0,9
2015-11-11,BSX-SWK,0.0,250000.0,10
2015-11-11,BSX-HON,0.0,250000.0,10
2015-11-12,BSX-SWK,1966.1474304199219,250000.0,10
2015-11-12,BSX-HON,777.3764533996582,250000.0,10
2015-11-13,BSX-SWK,1110.9011688232422,250000.0,10
2015-11-13,BSX-HON,934.0953140258789,250000.0,10
2015-11-16,BSX-SWK,495.2332763671875,250000.0,10
2015-11-16,BSX-HON,-1618.874080657959,250000.0,10
2015-11-17,BSX-SWK,224.08323669433594,250000.0,10
2015-11-17,BSX-HON,-2825.8462524414062,250000.0,10
2015-11-18,BSX-SWK,-2262.779365539551,250000.0,10
2015-11-18,BSX-HON,-5484.762353897095,250000.0,10
2015-11-19,BSX-SWK,-4558.45036315918,250000.0,10
2015-11-20,BSX-SWK,-2942.5424575805664,250000.0,10
2015-11-23,BSX-SWK,-1270.1348266601562,250000.0,10
2015-11-24,BSX-SWK,2123.168388366699,250000.0,10
2015-11-25,BSX-SWK,832.7212371826172,250000.0,10
2015-12-03,TSCO-WY,0.0,250000.0,10
2015-12-03,STT-VRTX,0.0,250000.0,10
2015-12-03,GL-RVTY,0.0,250000.0,10
2015-12-04,TSCO-WY,2837.7033824920654,250000.0,10
2015-12-04,STT-VRTX,-6176.648620605469,250000.0,10
2015-12-04,GL-RVTY,1965.2992095947266,250000.0,10
2015-12-04,ALL-NEM,0.0,250000.0,10
2015-12-07,STT-VRTX,-6852.670913696289,250000.0,10
2015-12-07,GL-RVTY,-947.0008239746094,250000.0,10
2015-12-07,ALL-NEM,8415.663484573364,250000.0,10
2015-12-08,STT-VRTX,4547.6302490234375,250000.0,10
2015-12-08,GL-RVTY,-1962.833236694336,250000.0,10
2015-12-08,ALL-NEM,11560.744334220886,250000.0,10
2015-12-08,BSX-HON,0.0,250000.0,10
2015-12-09,GL-RVTY,-1089.6847534179688,250000.0,10
2015-12-09,ALL-NEM,6071.623839378357,250000.0,10
2015-12-09,BSX-HON,121.96570587158203,250000.0,10
2015-12-09,AMCR-COHR,0.0,250000.0,10
2015-12-10,GL-RVTY,-684.6322326660156,250000.0,10
2015-12-10,ALL-NEM,7061.307634353638,250000.0,10
2015-12-10,BSX-HON,124.85665512084961,250000.0,10
2015-12-10,AMCR-COHR,2097.321334838867,250000.0,10
2015-12-11,ALL-NEM,8110.039763450623,250000.0,10
2015-12-11,AMCR-COHR,1258.3821334838867,250000.0,10
2015-12-14,AMCR-COHR,699.1160011291504,250000.0,10
2015-12-15,AMCR-COHR,4334.4392013549805,250000.0,10
2015-12-22,MAS-TT,0.0,250000.0,10
2015-12-24,CPRT-PSKY,0.0,250000.0,10
2015-12-28,CPRT-PSKY,3840.954818725586,250000.0,10
2015-12-29,CPRT-PSKY,4941.985874176025,250000.0,10
2015-12-30,CPRT-PSKY,2251.652557373047,250000.0,10
2015-12-31,CPRT-PSKY,-559.564151763916,250000.0,10
2015-12-31,AMCR-COHR,0.0,250000.0,10
2016-01-04,CPRT-PSKY,-693.5647239685059,250000.0,10
2016-01-04,ALL-NEM,0.0,250000.0,10
2016-01-05,CPRT-PSKY,2647.6960983276367,250000.0,10
2016-01-05,ALL-NEM,-519.528507232666,250000.0,10
2016-01-05,MSI-PG,0.0,250000.0,10
2016-01-05,GL-RVTY,0.0,250000.0,10
2016-01-06,CPRT-PSKY,-2809.7783203125,250000.0,10
2016-01-06,ALL-NEM,-6257.638236999512,250000.0,10
2016-01-06,MSI-PG,-991.2191925048828,250000.0,10
2016-01-06,EME-TROW,0.0,250000.0,10
2016-01-06,STT-VRTX,0.0,250000.0,10
2016-01-07,EME-TROW,-662.2256393432617,250000.0,10
2016-01-07,STT-VRTX,97.56925582885742,250000.0,10
2016-01-07,MSI-SRE,0.0,250000.0,10
2016-01-07,BSX-HON,0.0,250000.0,10
2016-01-07,TSCO-WY,0.0,250000.0,10
2016-01-07,GL-RVTY,0.0,250000.0,10
2016-01-08,EME-TROW,-3745.9757118225098,250000.0,10
2016-01-08,STT-VRTX,652.6855316162109,250000.0,10
2016-01-08,MSI-SRE,1952.071933746338,250000.0,10
2016-01-08,BSX-HON,-398.0406188964844,250000.0,10
2016-01-08,TSCO-WY,-415.1249580383301,250000.0,10
2016-01-08,GL-RVTY,-789.3816413879395,250000.0,10
2016-01-08,CPRT-PSKY,0.0,250000.0,10
2016-01-11,BSX-HON,1887.1294918060303,250000.0,10
2016-01-11,TSCO-WY,-5401.513199806213,250000.0,10
2016-01-11,CPRT-PSKY,-1380.147720336914,250000.0,10
2016-01-12,BSX-HON,-1306.3756256103516,250000.0,10
2016-01-12,CPRT-PSKY,-2329.869140625,250000.0,10
2016-01-13,CPRT-PSKY,3224.3688201904297,250000.0,10
2016-01-14,CPRT-PSKY,-4100.775978088379,250000.0,10
2016-01-15,CPRT-PSKY,-8667.161437988281,250000.0,10
2016-01-19,CPRT-PSKY,-9532.752151489258,250000.0,10
2016-01-20,CPRT-PSKY,-3442.3568801879883,250000.0,10
2016-01-21,CPRT-PSKY,-14054.587623596191,250000.0,10
2016-01-22,CPRT-PSKY,-11295.545936584473,250000.0,10
2015-12-03,ALL-BDX,0.0,250000.0,11
2015-12-07,ALL-BAC,0.0,250000.0,11
2015-12-08,ALL-BAC,-2779.0344409942627,250000.0,11
2015-12-09,ALL-BAC,-59.85677146911621,250000.0,11
2015-12-09,ALL-CME,0.0,250000.0,11
2015-12-10,ALL-BAC,3116.1708011627197,250000.0,11
2015-12-10,ALL-CME,3279.9489822387695,250000.0,11
2015-12-11,ALL-BAC,627.7374134063721,250000.0,11
2015-12-11,ALL-CME,-1755.7876892089844,250000.0,11
2015-12-14,ALL-BAC,1958.9666137695312,250000.0,11
2015-12-14,CLX-FIX,0.0,250000.0,11
2015-12-14,C-SPGI,0.0,250000.0,11
2015-12-15,CLX-FIX,-3836.2884998321533,250000.0,11
2015-12-16,CLX-FIX,-6504.782907485962,250000.0,11
2015-12-17,HSIC-LII,0.0,250000.0,11
2015-12-18,HSIC-LII,516.1580963134766,250000.0,11
2015-12-21,HSIC-LII,-3098.2145462036133,250000.0,11
2015-12-22,HSIC-LII,-1302.1951446533203,250000.0,11
2015-12-23,HSIC-LII,-5855.212020874023,250000.0,11
2015-12-24,HSIC-LII,-2782.5396728515625,250000.0,11
2015-12-28,HSIC-LII,-3620.987190246582,250000.0,11
2015-12-29,HSIC-LII,-4426.512104034424,250000.0,11
2015-12-29,AON-MAS,0.0,250000.0,11
2015-12-30,HSIC-LII,-6132.905746459961,250000.0,11
2015-12-30,AON-MAS,234.24961471557617,250000.0,11
2015-12-31,HSIC-LII,-6767.348682403564,250000.0,11
2015-12-31,JBHT-KO,0.0,250000.0,11
2016-01-04,JBHT-KO,-1604.3920269012451,250000.0,11
2016-01-06,AOS-GOOG,0.0,250000.0,11
2016-01-07,ALL-BDX,0.0,250000.0,11
2016-01-13,ALL-CME,0.0,250000.0,11
2016-01-14,ALL-CME,248.5180778503418,250000.0,11
2016-01-15,ALL-CME,1031.8783912658691,250000.0,11
2016-02-04,LVS-MNST,0.0,250000.0,11
2016-02-05,LVS-MNST,-9558.166746139526,250000.0,11
2016-02-24,HSIC-LII,0.0,250000.0,11
2016-02-25,HSIC-LII,-2250.3292388916016,250000.0,11
2016-02-25,C-SPGI,0.0,250000.0,11
2016-02-26,HSIC-LII,-10163.631607055664,250000.0,11
2016-02-29,HSIC-LII,-7706.18701171875,250000.0,11
2016-01-04,FIS-UPS,0.0,250000.0,12
2016-01-04,MO-OMC,0.0,250000.0,12
2016-01-04,BDX-PG,0.0,250000.0,12
2016-01-05,FIS-UPS,2237.0112380981445,250000.0,12
2016-01-05,BDX-PG,-204.76626586914062,250000.0,12
2016-01-06,FIS-UPS,-644.7948951721191,250000.0,12
2016-01-06,BDX-PG,353.1038131713867,250000.0,12
2016-01-06,FIS-HAS,0.0,250000.0,12
2016-01-06,MO-PM,0.0,250000.0,12
2016-01-06,MO-OMC,0.0,250000.0,12
2016-01-06,HII-WY,0.0,250000.0,12
2016-01-07,BDX-PG,-517.0076103210449,250000.0,12
2016-01-07,FIS-HAS,2784.1673126220703,250000.0,12
2016-01-07,MO-OMC,-486.7539176940918,250000.0,12
2016-01-07,FIS-JCI,0.0,250000.0,12
2016-01-07,FIS-PNR,0.0,250000.0,12
2016-01-07,FIS-WBD,0.0,250000.0,12
2016-01-07,FIS-HPQ,0.0,250000.0,12
2016-01-08,BDX-PG,606.054874420166,250000.0,12
2016-01-08,FIS-HAS,3460.024517059326,250000.0,12
2016-01-08,MO-OMC,-3041.906181335449,250000.0,12
2016-01-08,FIS-JCI,3035.47261428833,250000.0,12
2016-01-08,FIS-PNR,-2339.4364643096924,250000.0,12
2016-01-08,FIS-HPQ,-2783.974416255951,250000.0,12
2016-01-11,FIS-HAS,-1150.765769958496,250000.0,12
2016-01-11,MO-OMC,-9219.901447296143,250000.0,12
2016-01-11,FIS-JCI,483.2482147216797,250000.0,12
2016-01-11,FIS-PNR,-4757.029094696045,250000.0,12
2016-01-11,FIS-HPQ,-2401.918327331543,250000.0,12
2016-01-12,FIS-HAS,-926.6777954101562,250000.0,12
2016-01-12,MO-OMC,-4875.418113708496,250000.0,12
2016-01-12,FIS-JCI,-541.0763778686523,250000.0,12
2016-01-12,FIS-PNR,-3580.2694129943848,250000.0,12
2016-01-12,FIS-HPQ,-66.8060827255249,250000.0,12
2016-01-13,FIS-HAS,4862.89045715332,250000.0,12
2016-01-13,MO-OMC,-3298.5063285827637,250000.0,12
2016-01-13,FIS-JCI,-3977.3061027526855,250000.0,12
2016-01-13,FIS-PNR,-7439.648637771606,250000.0,12
2016-01-13,FIS-HPQ,-4302.921742916107,250000.0,12
2016-01-14,FIS-HAS,2258.6694374084473,250000.0,12
2016-01-14,MO-OMC,-0.9221382141113281,250000.0,12
2016-01-14,FIS-JCI,-4435.036666870117,250000.0,12
2016-01-14,FIS-PNR,-7498.152894973755,250000.0,12
2016-01-14,FIS-HPQ,-5184.860391616821,250000.0,12
2016-01-15,MO-OMC,684.9468612670898,250000.0,12
2016-01-15,FIS-JCI,2127.0835494995117,250000.0,12
2016-01-19,MO-OMC,-7247.907646179199,250000.0,12
2016-01-19,FIS-JCI,3210.138240814209,250000.0,12
2016-01-20,MO-OMC,-5413.799549102783,250000.0,12
2016-01-20,FIS-JCI,1768.5720405578613,250000.0,12
2016-01-21,FIS-JCI,2659.1361122131348,250000.0,12
2016-01-22,FIS-JCI,3085.9085960388184,250000.0,12
2016-01-22,FIS-WBD,0.0,250000.0,12
2016-01-25,FIS-WBD,4859.364511489868,250000.0,12
2016-01-26,FIS-WBD,-3671.0068893432617,250000.0,12
2016-01-27,FIS-WBD,-3118.3962898254395,250000.0,12
2016-01-28,FIS-WBD,-861.0422382354736,250000.0,12
2016-01-29,FIS-WBD,-5861.005815505981,250000.0,12
2016-02-01,FIS-WBD,-4475.332201004028,250000.0,12
2016-02-02,FIS-WBD,4784.308208465576,250000.0,12
2016-02-03,FIS-WBD,-3044.717752456665,250000.0,12
2016-02-04,FIS-WBD,-6056.501413345337,250000.0,12
2016-02-05,FIS-WBD,-4672.086099624634,250000.0,12
2016-02-05,MO-MSFT,0.0,250000.0,12
2016-02-08,FIS-WBD,1465.4888706207275,250000.0,12
2016-02-08,MO-MSFT,-5038.681190490723,250000.0,12
2016-02-08,MNST-NFLX,0.0,250000.0,12
2016-02-09,MO-MSFT,-7027.857978820801,250000.0,12
2016-02-09,MNST-NFLX,-5090.989601135254,250000.0,12
2016-02-10,MO-MSFT,-3258.879608154297,250000.0,12
2016-02-10,MNST-NFLX,-17918.242347717285,250000.0,12
2016-02-11,MO-MSFT,-3114.8012046813965,250000.0,12
2016-02-11,MNST-NFLX,-5779.193437576294,250000.0,12
2016-02-12,MNST-NFLX,810.1368045806885,250000.0,12
2016-02-16,MNST-NFLX,1304.7414684295654,250000.0,12
2016-02-17,MNST-NFLX,-12655.852964401245,250000.0,12
2016-02-17,MO-PM,0.0,250000.0,12
2016-02-18,MNST-NFLX,1924.153699874878,250000.0,12
2016-02-18,MO-PM,-463.70283126831055,250000.0,12
2016-02-19,MNST-NFLX,9942.99766921997,250000.0,12
2016-02-19,MO-PM,-1445.8049011230469,250000.0,12
2016-02-22,MNST-NFLX,8101.158889770508,250000.0,12
2016-02-22,MO-PM,-1059.7901420593262,250000.0,12
2016-02-23,MO-PM,1251.1280326843262,250000.0,12
2016-03-02,FIS-PNR,0.0,250000.0,12
2016-03-03,FIS-PNR,746.5627098083496,250000.0,12
2016-03-04,FIS-LIN,0.0,250000.0,12
2016-03-07,FIS-LIN,-1467.368766784668,250000.0,12
2016-03-07,FIS-UPS,0.0,250000.0,12
2016-03-08,FIS-LIN,-2751.091022491455,250000.0,12
2016-03-08,FIS-UPS,-457.2188148498535,250000.0,12
2016-03-09,FIS-LIN,-2677.3614654541016,250000.0,12
2016-03-10,FIS-LIN,-2343.242385864258,250000.0,12
2016-03-10,FIS-JCI,0.0,250000.0,12
2016-03-10,FIS-SNPS,0.0,250000.0,12
2016-03-10,FIS-NDSN,0.0,250000.0,12
2016-03-11,FIS-LIN,-122.23494338989258,250000.0,12
2016-03-11,FIS-JCI,2959.4790840148926,250000.0,12
2016-03-11,FIS-SNPS,-2309.9682579040527,250000.0,12
2016-03-11,FIS-NDSN,-4025.2270545959473,250000.0,12
2016-03-14,FIS-LIN,2631.7322425842285,250000.0,12
2016-03-14,FIS-JCI,4113.63317489624,250000.0,12
2016-03-14,FIS-SNPS,-2206.8255043029785,250000.0,12
2016-03-14,FIS-NDSN,-4524.847492218018,250000.0,12
2016-03-15,FIS-LIN,3400.9256629943848,250000.0,12
2016-03-15,FIS-JCI,1918.196849822998,250000.0,12
2016-03-15,FIS-SNPS,-574.2488746643066,250000.0,12
2016-03-15,FIS-NDSN,-4105.0608253479,250000.0,12
2016-03-16,FIS-LIN,2678.541805267334,250000.0,12
2016-03-16,FIS-JCI,2928.683261871338,250000.0,12
2016-03-16,FIS-SNPS,-89.66622543334961,250000.0,12
2016-03-16,FIS-NDSN,-1015.1655387878418,250000.0,12
2016-03-17,FIS-LIN,-3406.413303375244,250000.0,12
2016-03-17,FIS-JCI,4508.203601837158,250000.0,12
2016-03-17,FIS-SNPS,430.6638374328613,250000.0,12
2016-03-17,FIS-NDSN,4688.119007110596,250000.0,12
2016-03-18,FIS-LIN,-4214.693740844727,250000.0,12
2016-03-18,FIS-JCI,4960.581512451172,250000.0,12
2016-03-21,FIS-JCI,4083.0395317077637,250000.0,12
2016-03-22,FIS-JCI,2432.927703857422,250000.0,12
2016-03-23,FIS-JCI,-1842.6281356811523,250000.0,12
2016-03-24,FIS-JCI,878.7942886352539,250000.0,12
2016-03-28,FIS-JCI,2507.835750579834,250000.0,12
2016-03-29,FIS-JCI,1187.8797149658203,250000.0,12
2016-03-30,FIS-JCI,3784.9486351013184,250000.0,12
2016-03-31,FIS-JCI,4095.391426086426,250000.0,12
2016-03-31,FIS-HAS,0.0,250000.0,12
2016-02-04,INTU-MRSH,0.0,250000.0,13
2016-02-11,MA-PNC,0.0,250000.0,13
2016-02-12,MA-PNC,3035.865020751953,250000.0,13
2016-02-18,APO-FDX,0.0,250000.0,13
2016-02-19,APO-FDX,4315.266758918762,250000.0,13
2016-02-25,CHTR-J,0.0,250000.0,13
2016-02-26,CHTR-J,5143.6994552612305,250000.0,13
2016-02-29,ALGN-GOOG,0.0,250000.0,13
2016-02-29,MA-PNC,0.0,250000.0,13
2016-03-01,ALGN-GOOG,3284.413101196289,250000.0,13
2016-03-01,MA-PNC,2717.532440185547,250000.0,13
2016-03-02,ALGN-GOOG,1788.2300415039062,250000.0,13
2016-03-02,MRSH-MTB,0.0,250000.0,13
2016-03-03,ALGN-GOOG,-2676.618621826172,250000.0,13
2016-03-03,MRSH-MTB,-2511.0454864501953,250000.0,13
2016-03-04,ALGN-GOOG,-5432.527877807617,250000.0,13
2016-03-04,MRSH-MTB,-2563.481231689453,250000.0,13
2016-03-07,MRSH-MTB,-2378.7329025268555,250000.0,13
2016-03-08,MRSH-MTB,1172.2095565795898,250000.0,13
2016-03-09,MRSH-MTB,1610.3787155151367,250000.0,13
2016-03-10,MRSH-MTB,2155.6743698120117,250000.0,13
2016-03-11,PFE-PTC,0.0,250000.0,13
2016-03-15,PFE-TYL,0.0,250000.0,13
2016-03-16,PFE-TYL,-13262.605422973633,250000.0,13
2016-03-16,CHTR-J,0.0,250000.0,13
2016-03-16,MA-PNC,0.0,250000.0,13
2016-03-17,PFE-TYL,-3698.5422286987305,250000.0,13
2016-03-17,CHTR-J,4568.6928634643555,250000.0,13
2016-03-17,MA-PNC,-1858.701805114746,250000.0,13
2016-03-18,PFE-TYL,-10327.680488586426,250000.0,13
2016-03-18,CHTR-J,5895.53849029541,250000.0,13
2016-03-18,MA-PNC,-1187.805534362793,250000.0,13
2016-03-21,CHTR-J,3804.9757232666016,250000.0,13
2016-03-21,MA-PNC,-1165.8664283752441,250000.0,13
2016-03-22,CHTR-J,4393.296226501465,250000.0,13
2016-03-22,MA-PNC,-781.1473693847656,250000.0,13
2016-03-23,CHTR-J,1497.4899673461914,250000.0,13
2016-03-23,MA-PNC,-3145.9844398498535,250000.0,13
2016-03-24,CHTR-J,4987.940631866455,250000.0,13
2016-03-24,MA-PNC,-4240.57052230835,250000.0,13
2016-03-28,CHTR-J,3833.330451965332,250000.0,13
2016-03-28,MA-PNC,-2394.699478149414,250000.0,13
2016-03-29,CHTR-J,-302.3990020751953,250000.0,13
2016-03-30,CHTR-J,400.3641128540039,250000.0,13
2016-03-31,CHTR-J,688.5915756225586,250000.0,13
2016-04-01,CHTR-J,414.0091896057129,250000.0,13
2016-04-04,AME-PFE,0.0,250000.0,13
2016-04-05,AME-PFE,-6313.813533782959,250000.0,13
2016-04-05,AVGO-TAP,0.0,250000.0,13
2016-04-06,AVGO-TAP,-1731.7274589538574,250000.0,13
2016-04-07,AVGO-TAP,-4425.793354988098,250000.0,13
2016-04-08,AVGO-TAP,-3071.72723197937,250000.0,13
2016-04-11,AVGO-TAP,-3411.5586795806885,250000.0,13
2016-04-12,AVGO-TAP,-3232.177333831787,250000.0,13
2016-04-26,INTU-MRSH,0.0,250000.0,13
2016-04-27,INTU-MRSH,34.59577178955078,250000.0,13
2016-03-02,TXT-URI,0.0,250000.0,14
2016-03-04,AMP-RCL,0.0,250000.0,14
2016-03-07,AMP-RCL,423.9368438720703,250000.0,14
2016-03-08,AMP-RCL,-7348.36238861084,250000.0,14
2016-03-09,AMP-RCL,-8680.822315216064,250000.0,14
2016-03-10,AMP-RCL,-8699.607601165771,250000.0,14
2016-03-11,AMP-RCL,-9239.316177368164,250000.0,14
2016-03-14,AMP-RCL,-8340.604476928711,250000.0,14
2016-03-15,AMP-RCL,-3884.287109375,250000.0,14
2016-03-16,AMP-RCL,-296.2302017211914,250000.0,14
2016-03-17,AMP-RCL,-3846.2210083007812,250000.0,14
2016-03-17,MTD-SPG,0.0,250000.0,14
2016-03-17,BALL-COR,0.0,250000.0,14
2016-03-18,AMP-RCL,2680.174789428711,250000.0,14
2016-03-18,MTD-SPG,860.8639984130859,250000.0,14
2016-03-18,BALL-COR,11351.9189453125,250000.0,14
2016-03-21,AMP-RCL,5277.188911437988,250000.0,14
2016-03-21,MTD-SPG,3222.271308898926,250000.0,14
2016-03-28,CMS-FE,0.0,250000.0,14
2016-03-29,CMS-FE,1678.3332958221436,250000.0,14
2016-03-29,KLAC-PWR,0.0,250000.0,14
2016-03-30,CMS-FE,-2124.3618144989014,250000.0,14
2016-03-30,KLAC-PWR,-1052.9651012420654,250000.0,14
2016-03-30,FE-WEC,0.0,250000.0,14
2016-03-30,FE-PNW,0.0,250000.0,14
2016-03-30,FE-PCG,0.0,250000.0,14
2016-03-31,CMS-FE,-1837.376853942871,250000.0,14
2016-03-31,KLAC-PWR,-3586.923324584961,250000.0,14
2016-03-31,FE-WEC,-531.5987281799316,250000.0,14
2016-03-31,FE-PNW,24.58417320251465,250000.0,14
2016-03-31,FE-PCG,-219.44039726257324,250000.0,14
2016-03-31,AMP-RCL,0.0,250000.0,14
2016-04-01,FE-WEC,353.48634338378906,250000.0,14
2016-04-01,FE-PNW,-948.9360504150391,250000.0,14
2016-04-01,FE-PCG,-362.7044792175293,250000.0,14
2016-04-01,AMP-RCL,2583.9094009399414,250000.0,14
2016-04-04,FE-WEC,-2950.7079315185547,250000.0,14
2016-04-04,FE-PNW,-3068.3277015686035,250000.0,14
2016-04-04,FE-PCG,-921.8471603393555,250000.0,14
2016-04-04,AMP-RCL,-3311.810592651367,250000.0,14
2016-04-05,FE-WEC,-2947.713409423828,250000.0,14
2016-04-05,FE-PCG,1256.1044731140137,250000.0,14
2016-04-05,AMP-RCL,-99.78387451171875,250000.0,14
2016-04-06,FE-PCG,-3148.6852684020996,250000.0,14
2016-04-06,AMP-RCL,-260.72686767578125,250000.0,14
2016-04-06,AAPL-MRK,0.0,250000.0,14
2016-04-07,FE-PCG,-2580.301052093506,250000.0,14
2016-04-07,AMP-RCL,-2209.8500366210938,250000.0,14
2016-04-07,AAPL-MRK,-812.0096645355225,250000.0,14
2016-04-08,FE-PCG,-2977.1482677459717,250000.0,14
2016-04-08,AMP-RCL,-2519.848991394043,250000.0,14
2016-04-08,AAPL-MRK,-455.37542724609375,250000.0,14
2016-04-11,FE-PCG,-17.786151885986328,250000.0,14
2016-04-11,AMP-RCL,4073.995330810547,250000.0,14
2016-04-11,AAPL-MRK,1198.7837104797363,250000.0,14
2016-04-12,FE-PCG,754.2456035614014,250000.0,14
2016-04-12,AMP-RCL,4839.507781982422,250000.0,14
2016-04-12,AAPL-MRK,925.8752059936523,250000.0,14
2016-04-13,FE-PCG,1819.9321269989014,250000.0,14
2016-04-13,AMP-RCL,2758.7616653442383,250000.0,14
2016-04-13,AAPL-MRK,-699.3225231170654,250000.0,14
2016-04-14,FE-PCG,458.6215763092041,250000.0,14
2016-04-14,AMP-RCL,6075.594345092773,250000.0,14
2016-04-14,AAPL-MRK,-2857.632303237915,250000.0,14
2016-04-15,AAPL-MRK,-3096.8749465942383,250000.0,14
2016-04-28,ABT-TXT,0.0,250000.0,14
2016-04-29,ABT-TXT,-8462.159652709961,250000.0,14
2016-05-02,ABT-TXT,-10969.19129371643,250000.0,14
2016-05-03,ABT-TXT,-11254.974033355713,250000.0,14
2016-05-04,ABT-TXT,-10984.348466873169,250000.0,14
2016-05-05,ABT-TXT,-8609.975036621094,250000.0,14
2016-05-05,BALL-COR,0.0,250000.0,14
2016-05-06,ABT-TXT,-13190.125360488892,250000.0,14
2016-05-06,BALL-COR,-4016.138683319092,250000.0,14
2016-05-09,ABT-TXT,-11963.721586227417,250000.0,14
2016-05-09,BALL-COR,-2373.237216949463,250000.0,14
2016-05-10,ABT-TXT,-12701.68950843811,250000.0,14
2016-05-11,ABT-TXT,-12354.925653457642,250000.0,14
2016-05-12,ABT-TXT,-10591.884363174438,250000.0,14
2016-05-17,TXT-URI,0.0,250000.0,14
2016-05-18,TXT-URI,-2936.0337295532227,250000.0,14
2016-05-19,TXT-URI,-5591.577850341797,250000.0,14
2016-05-20,TXT-URI,-6826.0859375,250000.0,14
2016-05-20,KLAC-PWR,0.0,250000.0,14
2016-05-23,KLAC-PWR,-682.9205703735352,250000.0,14
2016-04-01,DD-MRVL,0.0,250000.0,15
2016-04-04,DD-MRVL,-7887.641036987305,250000.0,15
2016-04-05,TECH-TXN,0.0,250000.0,15
2016-04-06,TECH-TXN,4872.641868591309,250000.0,15
2016-04-07,DD-J,0.0,250000.0,15
2016-04-07,DD-ORCL,0.0,250000.0,15
2016-04-07,DD-PSKY,0.0,250000.0,15
2016-04-08,DD-J,6.2158203125,250000.0,15
2016-04-08,DD-ORCL,1493.4084701538086,250000.0,15
2016-04-08,DD-PSKY,1641.7459831237793,250000.0,15
2016-04-11,DD-J,1691.4108276367188,250000.0,15
2016-04-11,DD-ORCL,1709.5995292663574,250000.0,15
2016-04-11,DD-PSKY,-1130.838478088379,250000.0,15
2016-04-12,DD-J,382.43730545043945,250000.0,15
2016-04-12,DD-ORCL,374.8500862121582,250000.0,15
2016-04-12,DD-PSKY,-3137.9556427001953,250000.0,15
2016-04-12,DD-SWKS,0.0,250000.0,15
2016-04-12,DD-ON,0.0,250000.0,15
2016-04-13,DD-J,5117.118396759033,250000.0,15
2016-04-13,DD-PSKY,-1394.4761009216309,250000.0,15
2016-04-13,DD-SWKS,4568.106986999512,250000.0,15
2016-04-14,DD-J,1061.6549491882324,250000.0,15
2016-04-14,DD-PSKY,-4732.45051574707,250000.0,15
2016-04-14,DD-SWKS,2655.4427528381348,250000.0,15
2016-04-15,DD-J,-318.5577201843262,250000.0,15
2016-04-15,DD-PSKY,-3686.0849418640137,250000.0,15
2016-04-15,DD-SWKS,-3132.519054412842,250000.0,15
2016-04-18,DD-J,1708.0164909362793,250000.0,15
2016-04-18,DD-PSKY,-3018.4677543640137,250000.0,15
2016-04-18,DD-SWKS,-5233.224884033203,250000.0,15
2016-04-19,DD-J,1933.8898277282715,250000.0,15
2016-04-19,DD-PSKY,-502.52143478393555,250000.0,15
2016-05-12,DD-SWKS,0.0,250000.0,15
2016-05-13,DD-SWKS,12.889728546142578,250000.0,15
2016-05-16,DD-SWKS,2856.845317840576,250000.0,15
2016-05-17,DD-SWKS,2747.385917663574,250000.0,15
2016-05-17,DD-URI,0.0,250000.0,15
2016-05-18,DD-URI,-5575.790588378906,250000.0,15
2016-05-18,DD-SCHW,0.0,250000.0,15
2016-05-19,DD-URI,-2809.6688842773438,250000.0,15
2016-05-19,DD-SCHW,2695.03621673584,250000.0,15
2016-05-20,DD-URI,-4561.797454833984,250000.0,15
2016-05-20,DD-SCHW,390.8425521850586,250000.0,15
2016-05-23,DD-URI,912.40576171875,250000.0,15
2016-05-23,DD-SCHW,4490.985046386719,250000.0,15
2016-05-24,DD-URI,495.9029235839844,250000.0,15
2016-05-24,DD-SCHW,-1830.4431838989258,250000.0,15
2016-05-24,DD-TER,0.0,250000.0,15
2016-05-24,DD-LEN,0.0,250000.0,15
2016-05-25,DD-URI,-8415.13003540039,250000.0,15
2016-05-25,DD-SCHW,-5293.603530883789,250000.0,15
2016-05-25,DD-TER,-585.9412536621094,250000.0,15
2016-05-25,DD-LEN,351.42276763916016,250000.0,15
2016-05-26,DD-SCHW,-3754.726448059082,250000.0,15
2016-05-26,DD-TER,-2903.598808288574,250000.0,15
2016-05-26,DD-LEN,-1492.8827781677246,250000.0,15
2016-05-27,DD-SCHW,-7274.315277099609,250000.0,15
2016-05-27,DD-TER,-6375.175693511963,250000.0,15
2016-05-27,DD-LEN,-2395.131893157959,250000.0,15
2016-05-31,DD-SCHW,-9338.962677001953,250000.0,15
2016-05-31,DD-TER,-8492.754402160645,250000.0,15
2016-05-31,DD-LEN,-4183.09362411499,250000.0,15
2016-06-01,DD-SCHW,-10633.607040405273,250000.0,15
2016-06-01,DD-TER,-7908.842205047607,250000.0,15
2016-06-01,DD-LEN,-4766.865207672119,250000.0,15
2016-06-02,DD-TER,-6286.477825164795,250000.0,15
2016-06-02,DD-LEN,-2415.0244178771973,250000.0,15
2016-06-03,DD-TER,-4538.575660705566,250000.0,15
2016-06-03,DD-LEN,1017.5898628234863,250000.0,15
2016-06-03,DD-SCHW,0.0,250000.0,15
2016-06-06,DD-TER,-3973.4651374816895,250000.0,15
2016-06-06,DD-LEN,2028.493251800537,250000.0,15
2016-06-06,DD-SCHW,2650.4656524658203,250000.0,15
2016-06-07,DD-TER,-6587.283527374268,250000.0,15
2016-06-07,DD-LEN,-4031.4776725769043,250000.0,15
2016-06-07,DD-SCHW,-260.2934856414795,250000.0,15
2016-06-07,DD-FFIV,0.0,250000.0,15
2016-06-08,DD-SCHW,-589.6605033874512,250000.0,15
2016-06-08,DD-FFIV,7162.74666595459,250000.0,15
2016-06-09,DD-SCHW,-3226.927536010742,250000.0,15
2016-06-09,DD-FFIV,8161.937187194824,250000.0,15
2016-06-10,DD-SCHW,-7669.4297885894775,250000.0,15
2016-06-10,DD-FFIV,7884.765167236328,250000.0,15
2016-06-13,DD-SCHW,-6928.1295528411865,250000.0,15
2016-06-13,DD-FFIV,7060.373176574707,250000.0,15
2016-06-14,DD-SCHW,-5542.898366928101,250000.0,15
2016-06-14,DD-FFIV,5675.752105712891,250000.0,15
2016-06-15,DD-SCHW,-108.64158630371094,250000.0,15
2016-06-15,DD-FFIV,2461.017265319824,250000.0,15
2016-06-16,DD-SCHW,-1303.662504196167,250000.0,15
2016-06-16,DD-FFIV,3994.3565673828125,250000.0,15
2016-06-17,DD-SCHW,-6055.238151550293,250000.0,15
2016-06-17,DD-FFIV,7838.269500732422,250000.0,15
2016-06-17,DD-WY,0.0,250000.0,15
2016-06-20,DD-FFIV,6994.343475341797,250000.0,15
2016-06-20,DD-WY,1370.2381896972656,250000.0,15
2016-06-21,DD-FFIV,7696.302635192871,250000.0,15
2016-06-21,DD-WY,-4613.986610412598,250000.0,15
2016-06-22,DD-FFIV,8872.208236694336,250000.0,15
2016-06-22,DD-WY,-3727.940963745117,250000.0,15
2016-06-22,DD-TSLA,0.0,250000.0,15
2016-06-23,DD-FFIV,4964.20866394043,250000.0,15
2016-06-23,DD-WY,-832.0013809204102,250000.0,15
2016-06-23,DD-TSLA,-5507.983016967773,250000.0,15
2016-06-24,DD-TSLA,14109.459300994873,250000.0,15
2016-06-24,EL-LII,0.0,250000.0,15
2016-06-27,EL-LII,-2372.477958679199,250000.0,15
2016-06-27,DD-MRVL,0.0,250000.0,15
2016-06-28,EL-LII,-2328.3640060424805,250000.0,15
2016-06-28,DD-MRVL,5759.475547790527,250000.0,15
2016-06-28,DD-LEN,0.0,250000.0,15
2016-06-28,DD-DHI,0.0,250000.0,15
2016-06-28,DD-J,0.0,250000.0,15
2016-06-28,DD-WY,0.0,250000.0,15
2016-06-28,DD-PSKY,0.0,250000.0,15
2016-06-29,EL-LII,2687.906997680664,250000.0,15
2016-06-29,DD-MRVL,9070.445966720581,250000.0,15
2016-06-29,DD-LEN,-597.9789733886719,250000.0,15
2016-06-29,DD-DHI,93.41998481750488,250000.0,15
2016-06-29,DD-J,5131.027976989746,250000.0,15
2016-06-29,DD-WY,-3538.2876415252686,250000.0,15
2016-06-29,DD-PSKY,1512.2144165039062,250000.0,15
2016-06-30,EL-LII,-759.3883590698242,250000.0,15
2016-06-30,DD-LEN,-847.5474739074707,250000.0,15
2016-06-30,DD-DHI,-1900.7204475402832,250000.0,15
2016-06-30,DD-J,2962.89998626709,250000.0,15
2016-06-30,DD-WY,-5429.377964019775,250000.0,15
2016-06-30,DD-PSKY,-4891.203525543213,250000.0,15
2016-05-04,KIM-PPG,0.0,250000.0,16
2016-05-05,KIM-PPG,-3351.548803329468,250000.0,16
2016-05-06,KIM-PPG,-8800.551816940308,250000.0,16
2016-05-09,KIM-PPG,-11869.829513549805,250000.0,16
2016-05-10,KIM-PPG,-9948.247539520264,250000.0,16
2016-05-11,KIM-PPG,-6318.021579742432,250000.0,16
2016-05-12,KIM-PPG,-3584.202585220337,250000.0,16
2016-05-13,KIM-PPG,1247.6977214813232,250000.0,16
2016-05-16,KIM-PPG,-2036.0001621246338,250000.0,16
2016-06-03,ADSK-STT,0.0,250000.0,16
2016-06-06,MMM-PPG,0.0,250000.0,16
2016-06-07,MMM-PPG,-2750.7898178100586,250000.0,16
2016-06-16,DLTR-SYY,0.0,250000.0,16
2016-06-17,DLTR-SYY,-469.36362075805664,250000.0,16
2016-06-17,DLTR-HLT,0.0,250000.0,16
2016-06-20,DLTR-SYY,-294.2160873413086,250000.0,16
2016-06-20,DLTR-HLT,-6967.464275360107,250000.0,16
2016-06-21,DLTR-SYY,-742.2707405090332,250000.0,16
2016-06-21,DLTR-HLT,-3623.354221343994,250000.0,16
2016-06-21,DLTR-VRSK,0.0,250000.0,16
2016-06-22,DLTR-SYY,-972.553768157959,250000.0,16
2016-06-22,DLTR-HLT,-4182.123500823975,250000.0,16
2016-06-22,DLTR-VRSK,3111.6216430664062,250000.0,16
2016-06-23,DLTR-SYY,-2105.5301628112793,250000.0,16
2016-06-23,DLTR-HLT,-10049.801906585693,250000.0,16
2016-06-23,DLTR-VRSK,-128.458740234375,250000.0,16
2016-06-23,DLTR-INTU,0.0,250000.0,16
2016-06-23,DLTR-ROK,0.0,250000.0,16
2016-06-23,KIM-PPG,0.0,250000.0,16
2016-06-23,DLTR-FIX,0.0,250000.0,16
2016-06-23,DLTR-TXN,0.0,250000.0,16
2016-06-24,DLTR-SYY,-752.3194541931152,250000.0,16
2016-06-27,DLTR-SYY,994.1843948364258,250000.0,16
2016-06-27,DLTR-IT,0.0,250000.0,16
2016-06-27,KIM-PPG,0.0,250000.0,16
2016-06-27,LDOS-OMC,0.0,250000.0,16
2016-06-27,ADSK-STT,0.0,250000.0,16
2016-06-27,DLTR-TXN,0.0,250000.0,16
2016-06-28,DLTR-SYY,1740.9566116333008,250000.0,16
2016-06-28,DLTR-IT,4325.699264526367,250000.0,16
2016-06-28,KIM-PPG,-126.96891593933105,250000.0,16
2016-06-28,LDOS-OMC,2884.2127475738525,250000.0,16
2016-06-28,ADSK-STT,-623.6748847961426,250000.0,16
2016-06-28,DLTR-TXN,5463.400543212891,250000.0,16
2016-06-28,MO-O,0.0,250000.0,16
2016-06-29,DLTR-SYY,-1238.2685623168945,250000.0,16
2016-06-29,DLTR-IT,3536.9962768554688,250000.0,16
2016-06-29,KIM-PPG,1826.8355083465576,250000.0,16
2016-06-29,LDOS-OMC,5100.665727615356,250000.0,16
2016-06-29,ADSK-STT,-56.994529724121094,250000.0,16
2016-06-29,MO-O,-1972.32666015625,250000.0,16
2016-06-30,KIM-PPG,2174.484785079956,250000.0,16
2016-06-30,ADSK-STT,5741.1528396606445,250000.0,16
2016-06-30,MO-O,-1308.4162521362305,250000.0,16
2016-07-01,KIM-PPG,2223.938430786133,250000.0,16
2016-07-01,ADSK-STT,4709.321582794189,250000.0,16
2016-07-01,MO-O,-2126.7698287963867,250000.0,16
2016-07-05,ADSK-STT,3457.559429168701,250000.0,16
2016-07-06,ADSK-STT,570.8429946899414,250000.0,16
2016-07-07,ADSK-STT,-1636.424560546875,250000.0,16
2016-07-08,ADSK-STT,-854.9703826904297,250000.0,16
2016-07-11,ADSK-STT,-83.94100570678711,250000.0,16
2016-07-27,DLTR-SPG,0.0,250000.0,16
2016-06-30,NOC-RSG,0.0,250000.0,17
2016-06-30,LMT-RSG,0.0,250000.0,17
2016-07-01,NOC-RSG,-1431.6749725341797,250000.0,17
2016-07-01,LMT-RSG,-683.3051147460938,250000.0,17
2016-07-05,NOC-RSG,-2371.2545585632324,250000.0,17
2016-07-05,LMT-RSG,-1439.108242034912,250000.0,17
2016-08-17,LMT-RSG,0.0,250000.0,17
2016-08-18,LMT-RSG,390.59841537475586,250000.0,17
2016-08-19,LMT-RSG,-1249.8565216064453,250000.0,17
2016-08-22,LMT-RSG,-1618.154556274414,250000.0,17
2016-07-06,MRK-SNPS,0.0,250000.0,18
2016-07-07,MRK-SNPS,2246.7406616210938,250000.0,18
2016-07-08,MRK-SNPS,1435.190444946289,250000.0,18
2016-07-11,MRK-SNPS,3438.418128967285,250000.0,18
2016-07-12,MRK-SNPS,3272.2396087646484,250000.0,18
2016-07-12,EXPD-FIX,0.0,250000.0,18
2016-07-13,MRK-SNPS,3332.7879333496094,250000.0,18
2016-07-13,EXPD-FIX,14.12479019165039,250000.0,18
2016-07-14,MRK-SNPS,2467.3451919555664,250000.0,18
2016-07-14,EXPD-FIX,4495.134613037109,250000.0,18
2016-07-15,MRK-SNPS,844.8044128417969,250000.0,18
2016-07-15,EXPD-FIX,4083.0013675689697,250000.0,18
2016-07-18,MRK-SNPS,3342.2205352783203,250000.0,18
2016-07-18,EXPD-FIX,2366.8845233917236,250000.0,18
2016-07-19,EXPD-FIX,-2681.6194610595703,250000.0,18
2016-07-20,EXPD-FIX,1632.7247142791748,250000.0,18
2016-07-21,EXPD-FIX,1351.989601135254,250000.0,18
2016-07-22,EXPD-FIX,-2850.920757293701,250000.0,18
2016-07-25,EXPD-FIX,6.802333831787109,250000.0,18
2016-07-26,EXPD-FIX,-1487.0012168884277,250000.0,18
2016-07-27,EXPD-FIX,4041.3569011688232,250000.0,18
2016-07-28,EXPD-FIX,3173.2764644622803,250000.0,18
2016-08-05,FIS-TFC,0.0,250000.0,18
2016-08-08,FIS-TFC,629.4861450195312,250000.0,18
2016-08-09,FIS-TFC,1047.8402099609375,250000.0,18
2016-08-16,FIS-PKG,0.0,250000.0,18
2016-08-17,FIS-PKG,-606.8887405395508,250000.0,18
2016-08-17,PFE-WST,0.0,250000.0,18
2016-08-18,FIS-PKG,-1558.7864723205566,250000.0,18
2016-08-18,FIS-MTD,0.0,250000.0,18
2016-08-19,FIS-PKG,-1934.8573722839355,250000.0,18
2016-08-19,FIS-MTD,-1464.9739685058594,250000.0,18
2016-08-22,FIS-MTD,-1566.5658264160156,250000.0,18
2016-08-23,FIS-MTD,-1847.1727294921875,250000.0,18
2016-08-24,FIS-TMO,0.0,250000.0,18
2016-08-24,AMZN-MCK,0.0,250000.0,18
2016-08-24,FIS-WAT,0.0,250000.0,18
2016-08-25,FIS-TMO,81.07622528076172,250000.0,18
2016-08-25,FIS-WAT,46.146324157714844,250000.0,18
2016-08-26,FIS-TMO,1871.4979095458984,250000.0,18
2016-08-26,FIS-WAT,463.02232360839844,250000.0,18
2016-08-29,FIS-WAT,1956.9079818725586,250000.0,18
2016-08-29,FIS-SPGI,0.0,250000.0,18
2016-08-29,FIS-IT,0.0,250000.0,18
2016-08-30,FIS-SPGI,-373.84256744384766,250000.0,18
2016-08-31,FIS-SPGI,-2051.986541748047,250000.0,18
2016-09-01,FIS-SPGI,-2025.0730361938477,250000.0,18
2016-09-02,PFE-WST,0.0,250000.0,18
2016-09-06,PFE-WST,1576.4398956298828,250000.0,18
2016-09-06,FIS-TFC,0.0,250000.0,18
2016-09-06,MA-SW,0.0,250000.0,18
2016-09-07,PFE-WST,2258.6844635009766,250000.0,18
2016-09-07,FIS-TFC,832.0525360107422,250000.0,18
2016-09-07,MA-SW,2550.490264892578,250000.0,18
2016-09-07,TECH-WDC,0.0,250000.0,18
2016-09-08,MA-SW,3891.1017150878906,250000.0,18
2016-09-08,TECH-WDC,1595.8107681274414,250000.0,18
2016-09-09,MA-SW,-2092.7276000976562,250000.0,18
2016-09-09,TECH-WDC,-6571.121166229248,250000.0,18
2016-09-09,FIS-TMO,0.0,250000.0,18
2016-09-09,MRK-SNPS,0.0,250000.0,18
2016-09-12,MA-SW,4316.161376953125,250000.0,18
2016-09-12,TECH-WDC,-3154.2624015808105,250000.0,18
2016-09-12,FIS-TMO,3663.9947509765625,250000.0,18
2016-09-12,MRK-SNPS,396.52506256103516,250000.0,18
2016-09-13,MA-SW,1961.9155883789062,250000.0,18
2016-09-13,TECH-WDC,-12313.678634643555,250000.0,18
2016-09-13,FIS-TMO,3982.5074768066406,250000.0,18
2016-09-13,MRK-SNPS,-730.9460296630859,250000.0,18
2016-09-14,MA-SW,-261.7033996582031,250000.0,18
2016-09-14,TECH-WDC,-5011.5169105529785,250000.0,18
2016-09-14,MRK-SNPS,291.2209014892578,250000.0,18
2016-09-14,AMZN-MCK,0.0,250000.0,18
2016-09-15,MA-SW,2223.513153076172,250000.0,18
2016-09-15,TECH-WDC,-716.8303298950195,250000.0,18
2016-09-15,MRK-SNPS,-1098.2554168701172,250000.0,18
2016-09-15,AMZN-MCK,-259.1269226074219,250000.0,18
2016-09-16,MA-SW,1863.7272033691406,250000.0,18
2016-09-16,MRK-SNPS,-2394.776611328125,250000.0,18
2016-09-16,AMZN-MCK,-6656.086395263672,250000.0,18
2016-09-16,FIS-SPGI,0.0,250000.0,18
2016-09-19,MA-SW,2910.2232971191406,250000.0,18
2016-09-19,AMZN-MCK,-7529.0830078125,250000.0,18
2016-09-19,FIS-SPGI,999.1566390991211,250000.0,18
2016-09-20,MA-SW,5558.743194580078,250000.0,18
2016-09-20,AMZN-MCK,-9108.150009155273,250000.0,18
2016-09-20,FIS-SPGI,3987.6910552978516,250000.0,18
2016-09-21,MA-SW,8076.4775390625,250000.0,18
2016-09-21,AMZN-MCK,-9105.646774291992,250000.0,18
2016-09-21,FIS-SPGI,970.9822692871094,250000.0,18
2016-09-21,EXPD-WST,0.0,250000.0,18
2016-09-21,PFE-WST,0.0,250000.0,18
2016-09-22,MA-SW,10888.48599243164,250000.0,18
2016-09-22,AMZN-MCK,-10285.354476928711,250000.0,18
2016-09-22,FIS-SPGI,4356.048927307129,250000.0,18
2016-09-22,EXPD-WST,-2381.219455718994,250000.0,18
2016-09-22,PFE-WST,-483.0670223236084,250000.0,18
2016-09-23,MA-SW,9384.465362548828,250000.0,18
2016-09-23,EXPD-WST,-9040.133464813232,250000.0,18
2016-09-23,PFE-WST,-7963.6025466918945,250000.0,18
2016-09-26,MA-SW,7749.5533447265625,250000.0,18
2016-09-26,EXPD-WST,-10926.633769989014,250000.0,18
2016-09-26,PFE-WST,-7236.267444610596,250000.0,18
2016-09-26,FIS-TFC,0.0,250000.0,18
2016-09-27,MA-SW,8697.861053466797,250000.0,18
2016-09-27,EXPD-WST,-10210.110527038574,250000.0,18
2016-09-27,PFE-WST,-2500.779062271118,250000.0,18
2016-09-27,FIS-TFC,315.93223571777344,250000.0,18
2016-09-28,MA-SW,8893.94677734375,250000.0,18
2016-09-28,EXPD-WST,-6366.27645111084,250000.0,18
2016-09-28,PFE-WST,825.3131713867188,250000.0,18
2016-09-28,FIS-TFC,3282.7000045776367,250000.0,18
2016-09-29,MA-SW,3574.6489028930664,250000.0,18
2016-09-29,EXPD-WST,-8876.67126083374,250000.0,18
2016-09-29,PFE-WST,948.8525466918945,250000.0,18
2016-09-29,FIS-TFC,1762.7972793579102,250000.0,18
2016-09-30,MA-SW,7367.668067932129,250000.0,18
2016-09-30,EXPD-WST,-7799.608974456787,250000.0,18
2016-09-30,PFE-WST,589.6871604919434,250000.0,18
2016-09-30,FIS-ROK,0.0,250000.0,18
2016-08-15,AAPL-GOOG,0.0,250000.0,19
2016-08-15,AEP-MAA,0.0,250000.0,19
2016-08-16,AAPL-GOOG,-1561.0445823669434,250000.0,19
2016-08-16,AEP-MAA,-5470.671493530273,250000.0,19
2016-08-17,AAPL-GOOG,-464.53346252441406,250000.0,19
2016-08-17,AEP-MAA,-5418.7130126953125,250000.0,19
2016-08-18,AAPL-GOOG,-1049.3271369934082,250000.0,19
2016-08-18,SLB-WAT,0.0,250000.0,19
2016-08-18,SLB-TXN,0.0,250000.0,19
2016-08-19,AAPL-GOOG,-2084.087600708008,250000.0,19
2016-08-19,SLB-WAT,3967.170440673828,250000.0,19
2016-08-19,SLB-TXN,3102.1090087890625,250000.0,19
2016-08-22,AAPL-GOOG,-2004.8946952819824,250000.0,19
2016-08-23,AAPL-GOOG,-2476.8148193359375,250000.0,19
2016-08-24,AAPL-GOOG,-2172.1527061462402,250000.0,19
2016-08-25,AAPL-GOOG,-1637.3634567260742,250000.0,19
2016-08-26,AAPL-GOOG,-762.7962951660156,250000.0,19
2016-08-26,ATO-EIX,0.0,250000.0,19
2016-08-29,AAPL-GOOG,229.72355270385742,250000.0,19
2016-08-29,ATO-EIX,866.236328125,250000.0,19
2016-08-30,AAPL-GOOG,336.3279609680176,250000.0,19
2016-08-30,ATO-EIX,-119.58837890625,250000.0,19
2016-08-31,SLB-ZTS,0.0,250000.0,19
2016-09-01,SLB-ZTS,-163.16896057128906,250000.0,19
2016-09-01,BSX-ZBH,0.0,250000.0,19
2016-09-02,SLB-ZTS,-638.21630859375,250000.0,19
2016-09-02,BSX-ZBH,2758.463066101074,250000.0,19
2016-09-06,SLB-ZTS,-123.88054656982422,250000.0,19
2016-09-06,BSX-ZBH,3096.4615631103516,250000.0,19
2016-09-07,SLB-ZTS,-4281.369468688965,250000.0,19
2016-09-07,BSX-ZBH,2339.2704677581787,250000.0,19
2016-09-08,SLB-ZTS,1013.9292831420898,250000.0,19
2016-09-08,BSX-ZBH,1684.0483226776123,250000.0,19
2016-09-08,AES-UDR,0.0,250000.0,19
2016-09-09,SLB-ZTS,771.8052139282227,250000.0,19
2016-09-09,BSX-ZBH,2400.7392044067383,250000.0,19
2016-09-09,AES-UDR,-3919.145725250244,250000.0,19
2016-09-09,D-UDR,0.0,250000.0,19
2016-09-12,SLB-ZTS,618.5243453979492,250000.0,19
2016-09-12,BSX-ZBH,2407.714303970337,250000.0,19
2016-09-12,AES-UDR,-1730.3746089935303,250000.0,19
2016-09-12,D-UDR,1821.7572402954102,250000.0,19
2016-09-13,SLB-ZTS,-265.5465393066406,250000.0,19
2016-09-13,BSX-ZBH,1502.5124130249023,250000.0,19
2016-09-13,D-UDR,-3574.2550201416016,250000.0,19
2016-09-13,AAPL-GOOG,0.0,250000.0,19
2016-09-14,SLB-ZTS,-3431.579902648926,250000.0,19
2016-09-14,BSX-ZBH,2817.6009311676025,250000.0,19
2016-09-14,D-UDR,-557.2715454101562,250000.0,19
2016-09-14,AAPL-GOOG,-5319.48323059082,250000.0,19
2016-09-14,AAPL-GOOGL,0.0,250000.0,19
2016-09-15,BSX-ZBH,500.3196334838867,250000.0,19
2016-09-15,D-UDR,-60.278526306152344,250000.0,19
2016-09-15,AAPL-GOOGL,-3374.8421058654785,250000.0,19
2016-09-16,BSX-ZBH,574.7248477935791,250000.0,19
2016-09-16,D-UDR,-2245.356658935547,250000.0,19
2016-09-16,AAPL-GOOGL,-3245.910575866699,250000.0,19
2016-09-19,BSX-ZBH,1777.5087051391602,250000.0,19
2016-09-19,D-UDR,601.2596282958984,250000.0,19
2016-09-19,AAPL-GOOGL,-1670.7269840240479,250000.0,19
2016-09-20,BSX-ZBH,3466.0012550354004,250000.0,19
2016-09-20,D-UDR,2295.62020111084,250000.0,19
2016-09-20,AAPL-GOOGL,-264.495059967041,250000.0,19
2016-09-21,D-UDR,3795.8615951538086,250000.0,19
2016-09-21,AAPL-GOOGL,1431.4757251739502,250000.0,19
2016-09-21,FICO-WST,0.0,250000.0,19
2016-09-22,AAPL-GOOGL,2975.5383625030518,250000.0,19
2016-09-22,FICO-WST,-2622.1275329589844,250000.0,19
2016-09-23,AAPL-GOOGL,6070.732927322388,250000.0,19
2016-09-23,FICO-WST,-8201.10139465332,250000.0,19
2016-09-26,AAPL-GOOGL,1874.3643436431885,250000.0,19
2016-09-26,AEP-MAA,0.0,250000.0,19
2016-09-27,AAPL-GOOGL,4054.900863647461,250000.0,19
2016-09-27,AEP-MAA,17.296253204345703,250000.0,19
2016-09-28,AAPL-GOOGL,2308.446750640869,250000.0,19
2016-09-28,AEP-MAA,-4915.268795013428,250000.0,19
2016-09-28,SLB-VEEV,0.0,250000.0,19
2016-09-28,SLB-TXN,0.0,250000.0,19
2016-09-29,AAPL-GOOGL,3120.3132934570312,250000.0,19
2016-09-29,AEP-MAA,-4743.858554840088,250000.0,19
2016-09-29,SLB-VEEV,1192.727424621582,250000.0,19
2016-09-29,SLB-TXN,3140.170841217041,250000.0,19
2016-09-30,AAPL-GOOGL,2016.9113502502441,250000.0,19
2016-09-30,AEP-MAA,-431.4896926879883,250000.0,19
2016-09-30,SLB-VEEV,-5167.7439041137695,250000.0,19
2016-09-30,SLB-TXN,-1161.417407989502,250000.0,19
2016-10-03,AAPL-GOOGL,1798.9277687072754,250000.0,19
2016-10-03,AEP-MAA,1625.611427307129,250000.0,19
2016-10-03,SLB-VEEV,-6669.996322631836,250000.0,19
2016-10-03,SLB-TXN,-4155.390319824219,250000.0,19
2016-10-04,AAPL-GOOGL,1704.5585918426514,250000.0,19
2016-10-04,AEP-MAA,-199.54705810546875,250000.0,19
2016-10-04,SLB-VEEV,-10546.282371520996,250000.0,19
2016-10-04,SLB-TXN,-2841.4844856262207,250000.0,19
2016-10-05,AAPL-GOOGL,1121.9200172424316,250000.0,19
2016-10-05,SLB-TXN,-6219.146739959717,250000.0,19
2016-10-06,AAPL-GOOGL,208.02988243103027,250000.0,19
2016-10-31,GIS-UDR,0.0,250000.0,19
2016-09-06,HST-TRMB,0.0,250000.0,20
2016-09-07,HST-TRMB,1093.2001848220825,250000.0,20
2016-09-07,RCL-SYF,0.0,250000.0,20
2016-09-07,A-FFIV,0.0,250000.0,20
2016-09-08,HST-TRMB,2471.9377450942993,250000.0,20
2016-09-08,RCL-SYF,807.3067569732666,250000.0,20
2016-09-08,A-FFIV,-850.5644607543945,250000.0,20
2016-09-09,RCL-SYF,4254.568494796753,250000.0,20
2016-09-09,DXCM-ODFL,0.0,250000.0,20
2016-09-09,BG-BXP,0.0,250000.0,20
2016-09-12,RCL-SYF,6059.682266235352,250000.0,20
2016-09-12,DXCM-ODFL,4988.023181915283,250000.0,20
2016-09-12,BG-BXP,5421.952587127686,250000.0,20
2016-09-13,DXCM-ODFL,802.4413604736328,250000.0,20
2016-09-13,BG-BXP,288.3552703857422,250000.0,20
2016-09-14,DXCM-ODFL,2093.980327606201,250000.0,20
2016-09-14,BG-BXP,670.7794036865234,250000.0,20
2016-09-15,DXCM-ODFL,6094.208545684814,250000.0,20
2016-09-15,BG-BXP,624.9311065673828,250000.0,20
2016-09-16,DXCM-ODFL,4936.010047912598,250000.0,20
2016-09-16,BG-BXP,166.90160751342773,250000.0,20
2016-09-19,DXCM-ODFL,6272.126438140869,250000.0,20
2016-09-19,BG-BXP,2177.3618507385254,250000.0,20
2016-09-20,DXCM-ODFL,1232.3003196716309,250000.0,20
2016-09-20,BG-BXP,2730.2348670959473,250000.0,20
2016-09-21,DXCM-ODFL,2679.1916313171387,250000.0,20
2016-09-21,BG-BXP,5100.219879150391,250000.0,20
2016-09-22,DXCM-ODFL,511.40475845336914,250000.0,20
2016-09-23,DXCM-ODFL,-2042.058521270752,250000.0,20
2016-09-28,ADP-CSGP,0.0,250000.0,20
2016-09-29,PYPL-SPG,0.0,250000.0,20
2016-09-30,PYPL-SPG,-911.7248840332031,250000.0,20
2016-10-04,CSGP-HIG,0.0,250000.0,20
2016-10-05,CSGP-HIG,-731.1478843688965,250000.0,20
2016-10-06,CSGP-HIG,401.6197967529297,250000.0,20
2016-10-07,CSGP-HIG,-1366.0025329589844,250000.0,20
2016-10-10,CSGP-HIG,-808.6192588806152,250000.0,20
2016-10-10,A-FFIV,0.0,250000.0,20
2016-10-11,CSGP-HIG,-1226.7878532409668,250000.0,20
2016-10-12,CSGP-HIG,-2598.371307373047,250000.0,20
2016-10-12,FISV-HSIC,0.0,250000.0,20
2016-10-13,CSGP-HIG,-998.0693130493164,250000.0,20
2016-10-13,FISV-HSIC,-2732.8370933532715,250000.0,20
2016-10-14,CSGP-HIG,-2239.6820106506348,250000.0,20
2016-10-17,CSGP-HIG,-1855.2644233703613,250000.0,20
2016-10-18,CSGP-HIG,-879.6436500549316,250000.0,20
2016-11-09,PKG-USB,0.0,250000.0,20
2016-11-10,PKG-USB,-5246.879135131836,250000.0,20
2016-11-11,PKG-USB,-6122.638916015625,250000.0,20
2016-11-14,PKG-USB,-5810.874641418457,250000.0,20
2016-11-14,ADP-CSGP,0.0,250000.0,20
2016-11-15,PKG-USB,-5720.724586486816,250000.0,20
2016-11-15,ADP-CSGP,-1695.7224502563477,250000.0,20
2016-11-16,PKG-USB,-1557.1910247802734,250000.0,20
2016-11-16,ADP-CSGP,-2807.131546020508,250000.0,20
2016-11-17,PKG-USB,-4399.481842041016,250000.0,20
2016-11-17,ADP-CSGP,-3444.232204437256,250000.0,20
2016-11-17,FISV-HSIC,0.0,250000.0,20
2016-11-18,PKG-USB,-6314.893417358398,250000.0,20
2016-11-18,ADP-CSGP,2010.7959671020508,250000.0,20
2016-11-18,FISV-HSIC,-619.5134506225586,250000.0,20
2016-10-10,IDXX-MCHP,0.0,250000.0,21
2016-10-11,IDXX-MCHP,160.92010879516602,250000.0,21
2016-10-11,IDXX-WDAY,0.0,250000.0,21
2016-10-12,IDXX-MCHP,-864.2543830871582,250000.0,21
2016-10-12,IDXX-WDAY,-653.5726776123047,250000.0,21
2016-10-13,IDXX-MCHP,-1658.9037590026855,250000.0,21
2016-10-13,IDXX-WDAY,-864.1461334228516,250000.0,21
2016-10-14,IDXX-MCHP,150.6834831237793,250000.0,21
2016-10-14,IDXX-WDAY,-1674.8789367675781,250000.0,21
2016-10-17,IDXX-MCHP,-1346.4113540649414,250000.0,21
2016-10-17,IDXX-WDAY,-4498.107749938965,250000.0,21
2016-10-18,IDXX-MCHP,-2788.324359893799,250000.0,21
2016-10-18,IDXX-WDAY,-4651.853759765625,250000.0,21
2016-10-19,IDXX-MCHP,1562.322422027588,250000.0,21
2016-10-19,IDXX-WDAY,-2735.486686706543,250000.0,21
2016-10-20,IDXX-MCHP,1499.0541763305664,250000.0,21
2016-10-20,IDXX-WDAY,250.77517700195312,250000.0,21
2016-10-21,IDXX-MCHP,3188.1522331237793,250000.0,21
2016-10-21,IDXX-WDAY,3181.0890502929688,250000.0,21
2016-10-24,IDXX-MCHP,3164.3736000061035,250000.0,21
2016-10-24,IDXX-WDAY,102.948974609375,250000.0,21
2016-10-25,IDXX-WDAY,441.2069549560547,250000.0,21
2016-10-26,IDXX-WDAY,2352.4862213134766,250000.0,21
2016-10-27,IDXX-WDAY,1719.1652526855469,250000.0,21
2016-10-28,IDXX-WDAY,2807.9912490844727,250000.0,21
2016-10-31,IDXX-WDAY,1826.0848541259766,250000.0,21
2016-11-01,IDXX-WDAY,495.9569549560547,250000.0,21
2016-11-09,AIG-SYF,0.0,250000.0,21
2016-11-10,AIG-SYF,-10297.02749633789,250000.0,21
2016-11-14,IDXX-UAL,0.0,250000.0,21
2016-11-14,AIG-WBD,0.0,250000.0,21
2016-11-15,IDXX-UAL,-7734.7340087890625,250000.0,21
2016-11-15,AIG-WBD,4991.169185638428,250000.0,21
2016-11-16,IDXX-UAL,-5928.279205322266,250000.0,21
2016-11-16,AIG-WBD,6019.379989624023,250000.0,21
2016-11-17,AIG-WBD,2614.6039428710938,250000.0,21
2016-11-18,AIG-WBD,6986.79634475708,250000.0,21
2016-11-21,AIG-WBD,6555.313915252686,250000.0,21
2016-11-22,AIG-WBD,7424.267932891846,250000.0,21
2016-11-23,AIG-WBD,8705.01936340332,250000.0,21
2016-11-25,AIG-WBD,7133.169040679932,250000.0,21
2016-11-28,AIG-WBD,8890.83358001709,250000.0,21
2016-11-30,IDXX-QCOM,0.0,250000.0,21
2016-12-01,IDXX-MPWR,0.0,250000.0,21
2016-12-01,IDXX-LDOS,0.0,250000.0,21
2016-12-01,IDXX-MCHP,0.0,250000.0,21
2016-12-02,IDXX-MPWR,67.39085388183594,250000.0,21
2016-12-02,IDXX-LDOS,-930.6716918945312,250000.0,21
2016-12-02,IDXX-MCHP,2799.292387008667,250000.0,21
2016-12-05,IDXX-MPWR,4908.397605895996,250000.0,21
2016-12-05,IDXX-LDOS,-3469.5407104492188,250000.0,21
2016-12-06,IDXX-MPWR,4218.411018371582,250000.0,21
2016-12-06,IDXX-LDOS,-2450.4031982421875,250000.0,21
2016-12-07,IDXX-MPWR,5343.503059387207,250000.0,21
2016-12-07,IDXX-LDOS,3731.9063720703125,250000.0,21
2016-12-07,IDXX-WDC,0.0,250000.0,21
2016-12-08,IDXX-MPWR,9320.47151184082,250000.0,21
2016-12-08,IDXX-WDC,5262.512908935547,250000.0,21
2016-12-08,AIG-HUBB,0.0,250000.0,21
2016-12-09,IDXX-MPWR,8318.95777130127,250000.0,21
2016-12-09,IDXX-WDC,5779.685642242432,250000.0,21
2016-12-12,IDXX-MPWR,5388.536590576172,250000.0,21
2016-12-12,AIG-XOM,0.0,250000.0,21
2016-12-13,AIG-XOM,-3926.9234466552734,250000.0,21
2016-12-14,AIG-XOM,1364.1985893249512,250000.0,21
2016-12-15,AIG-XOM,634.9942588806152,250000.0,21
2016-12-16,AIG-XOM,-87.2172737121582,250000.0,21
2016-12-19,AIG-XOM,2164.26851272583,250000.0,21
2016-12-20,AIG-XOM,2177.5510025024414,250000.0,21
2016-12-21,AIG-XOM,2630.4462242126465,250000.0,21
2016-12-22,AIG-XOM,716.9708824157715,250000.0,21
2016-12-23,AIG-XOM,1279.0555953979492,250000.0,21
2016-12-27,AIG-XOM,1366.3171195983887,250000.0,21
2016-12-27,IDXX-NXPI,0.0,250000.0,21
2016-12-28,AIG-XOM,2045.152816772461,250000.0,21
2016-12-28,IDXX-NXPI,-117.66056823730469,250000.0,21
2016-12-29,AIG-XOM,1649.3798828125,250000.0,21
2016-12-29,IDXX-NXPI,888.2636871337891,250000.0,21
2016-12-30,AIG-XOM,1767.5265502929688,250000.0,21
2016-12-30,IDXX-NXPI,443.97737884521484,250000.0,21
2016-11-10,AMCR-PWR,0.0,250000.0,22
2016-11-11,AMCR-PWR,-398.5853576660156,250000.0,22
2016-11-14,AMCR-PWR,-3427.8743934631348,250000.0,22
2016-11-15,AMCR-PWR,-13392.694416046143,250000.0,22
2016-11-16,AMCR-PWR,-6935.499973297119,250000.0,22
2016-11-17,AMCR-PWR,-7094.87829208374,250000.0,22
2016-11-18,AMCR-PWR,-4464.236640930176,250000.0,22
2016-11-21,AMCR-PWR,-7334.0388107299805,250000.0,22
2016-11-22,AMCR-PWR,-6855.764293670654,250000.0,22
2016-11-22,AMCR-FRT,0.0,250000.0,22
2016-11-23,AMCR-PWR,-11320.00093460083,250000.0,22
2016-11-23,AMCR-FRT,1048.0336303710938,250000.0,22
2016-11-23,AMCR-ON,0.0,250000.0,22
2016-11-25,AMCR-FRT,-426.23121643066406,250000.0,22
2016-11-25,AMCR-ON,200.9454345703125,250000.0,22
2016-11-28,AMCR-FRT,-763.7607421875,250000.0,22
2016-11-28,AMCR-ON,6430.7138671875,250000.0,22
2016-11-29,AMCR-FRT,-1882.7636413574219,250000.0,22
2016-11-29,AMCR-ON,10650.874633789062,250000.0,22
2016-11-29,AMCR-BKR,0.0,250000.0,22
2016-11-30,AMCR-FRT,568.4270324707031,250000.0,22
2016-12-01,AMCR-CCI,0.0,250000.0,22
2016-12-02,AMCR-CCI,1073.003734588623,250000.0,22
2016-12-07,AMCR-IFF,0.0,250000.0,22
2016-12-07,AMCR-PSKY,0.0,250000.0,22
2016-12-08,AMCR-IFF,-2205.277633666992,250000.0,22
2016-12-08,AMCR-PSKY,-551.6287536621094,250000.0,22
2016-12-09,AMCR-MTD,0.0,250000.0,22
2016-12-09,AMCR-BKR,0.0,250000.0,22
2016-12-09,AMCR-CCI,0.0,250000.0,22
2016-12-09,AMCR-KEYS,0.0,250000.0,22
2016-12-09,AMCR-PWR,0.0,250000.0,22
2016-12-09,AMCR-ON,0.0,250000.0,22
2016-12-09,AMCR-DLR,0.0,250000.0,22
2016-12-09,AMCR-FRT,0.0,250000.0,22
2016-12-12,AMCR-MTD,-793.27783203125,250000.0,22
2016-12-12,AMCR-BKR,-75.42449951171875,250000.0,22
2016-12-12,AMCR-CCI,3739.0090408325195,250000.0,22
2016-12-12,AMCR-KEYS,0.0,250000.0,22
2016-12-12,AMCR-PWR,-632.2782325744629,250000.0,22
2016-12-12,AMCR-ON,5319.0846824646,250000.0,22
2016-12-12,AMCR-DLR,6541.5390625,250000.0,22
2016-12-12,AMCR-FRT,-247.32742309570312,250000.0,22
2016-12-13,AMCR-MTD,-4712.626953125,250000.0,22
2016-12-13,AMCR-BKR,-10674.056259155273,250000.0,22
2016-12-13,AMCR-CCI,1397.5652656555176,250000.0,22
2016-12-13,AMCR-KEYS,-11065.600929260254,250000.0,22
2016-12-13,AMCR-PWR,-9885.750255584717,250000.0,22
2016-12-13,AMCR-ON,-15507.499391555786,250000.0,22
2016-12-13,AMCR-DLR,2319.879638671875,250000.0,22
2016-12-13,AMCR-FRT,-7667.203521728516,250000.0,22
2016-12-14,AMCR-CCI,-964.8264770507812,250000.0,22
2016-12-14,AMCR-KEYS,-5678.3803787231445,250000.0,22
2016-12-14,AMCR-ON,-16939.553148269653,250000.0,22
2016-12-14,AMCR-DLR,-3449.874267578125,250000.0,22
2016-12-14,AMCR-FRT,-13815.115661621094,250000.0,22
2016-12-15,AMCR-CCI,-1909.7563247680664,250000.0,22
2016-12-15,AMCR-DLR,-3986.714111328125,250000.0,22
2016-12-15,AMCR-FRT,-14751.475830078125,250000.0,22
2016-12-16,AMCR-DLR,-3288.958251953125,250000.0,22
2016-12-19,AMCR-DLR,2105.183349609375,250000.0,22
2016-12-20,AMCR-DLR,-175.932861328125,250000.0,22
2016-12-21,AMCR-DLR,-1329.872314453125,250000.0,22
2016-12-22,AMCR-DLR,1004.825927734375,250000.0,22
2017-01-24,AMCR-SNPS,0.0,250000.0,22
2017-01-24,AMCR-NTAP,0.0,250000.0,22
2017-01-25,AMCR-SNPS,-1081.3518333435059,250000.0,22
2017-01-25,AMCR-NTAP,-2865.017686843872,250000.0,22
2017-01-26,AMCR-SNPS,841.0463333129883,250000.0,22
2017-01-26,AMCR-NTAP,-533.0299129486084,250000.0,22
2017-01-27,AMCR-SNPS,-360.45061111450195,250000.0,22
2017-01-27,AMCR-NTAP,-1599.0254001617432,250000.0,22
2017-01-30,AMCR-SNPS,-841.0463333129883,250000.0,22
2017-01-30,AMCR-NTAP,-3664.474090576172,250000.0,22
2017-01-31,AMCR-SNPS,-1922.3981666564941,250000.0,22
2017-01-31,AMCR-NTAP,-5330.18653678894,250000.0,22
2016-12-01,SW-TYL,0.0,250000.0,23
2016-12-01,NCLH-TROW,0.0,250000.0,23
2016-12-01,CRM-INTC,0.0,250000.0,23
2016-12-02,SW-TYL,-1272.382553100586,250000.0,23
2016-12-02,NCLH-TROW,1242.4809951782227,250000.0,23
2016-12-02,CRM-INTC,2877.726863861084,250000.0,23
2016-12-05,SW-TYL,2544.791702270508,250000.0,23
2016-12-05,NCLH-TROW,3899.570640563965,250000.0,23
2016-12-05,CRM-INTC,8602.891334533691,250000.0,23
2016-12-05,NCLH-TGT,0.0,250000.0,23
2016-12-06,SW-TYL,2609.914093017578,250000.0,23
2016-12-06,NCLH-TROW,3552.6856231689453,250000.0,23
2016-12-06,CRM-INTC,10743.449020385742,250000.0,23
2016-12-06,NCLH-TGT,-2794.370391845703,250000.0,23
2016-12-07,SW-TYL,5294.12239074707,250000.0,23
2016-12-07,NCLH-TROW,2482.3428688049316,250000.0,23
2016-12-07,EME-HIG,0.0,250000.0,23
2016-12-08,SW-TYL,-5003.698331832886,250000.0,23
2016-12-08,NCLH-TROW,1302.0791282653809,250000.0,23
2016-12-08,EME-HIG,1102.491024017334,250000.0,23
2016-12-09,SW-TYL,-8175.944501876831,250000.0,23
2016-12-12,SW-TYL,-5474.289182662964,250000.0,23
2016-12-13,SW-TYL,678.4986896514893,250000.0,23
2016-12-14,SW-TYL,4984.901906967163,250000.0,23
2016-12-14,DOC-ZBH,0.0,250000.0,23
2016-12-15,SW-TYL,-5385.94277381897,250000.0,23
2016-12-15,DOC-ZBH,-1088.6755828857422,250000.0,23
2016-12-16,DOC-ZBH,4648.485374450684,250000.0,23
2017-01-03,SW-WAT,0.0,250000.0,23
2017-01-03,CB-V,0.0,250000.0,23
2017-01-03,BAX-V,0.0,250000.0,23
2017-01-04,SW-WAT,1722.0565185546875,250000.0,23
2017-01-04,CB-V,-1805.6783142089844,250000.0,23
2017-01-04,BAX-V,-874.5489349365234,250000.0,23
2017-01-04,NCLH-TROW,0.0,250000.0,23
2017-01-04,NCLH-ZBRA,0.0,250000.0,23
2017-01-05,BAX-V,-2698.806297302246,250000.0,23
2017-01-05,NCLH-TROW,-1034.2616653442383,250000.0,23
2017-01-05,NCLH-ZBRA,-5107.368499755859,250000.0,23
2017-01-05,EME-HIG,0.0,250000.0,23
2017-01-06,NCLH-TROW,-2223.300079345703,250000.0,23
2017-01-06,NCLH-ZBRA,332.44387435913086,250000.0,23
2017-01-06,HON-PSX,0.0,250000.0,23
2017-01-06,NCLH-TGT,0.0,250000.0,23
2017-01-09,NCLH-ZBRA,-555.6859931945801,250000.0,23
2017-01-09,HON-PSX,-2361.271469116211,250000.0,23
2017-01-09,NCLH-TGT,-482.2508850097656,250000.0,23
2017-01-09,EME-HIG,0.0,250000.0,23
2017-01-10,NCLH-ZBRA,-7513.5244789123535,250000.0,23
2017-01-10,HON-PSX,-3635.938446044922,250000.0,23
2017-01-10,NCLH-TGT,-3133.2767333984375,250000.0,23
2017-01-10,EME-HIG,-449.8500289916992,250000.0,23
2017-01-10,SW-ZBH,0.0,250000.0,23
2017-01-11,HON-PSX,-602.4193572998047,250000.0,23
2017-01-11,NCLH-TGT,-4196.226486206055,250000.0,23
2017-01-11,EME-HIG,-970.4387016296387,250000.0,23
2017-01-11,SW-ZBH,-2374.916404724121,250000.0,23
2017-01-12,HON-PSX,-1561.558090209961,250000.0,23
2017-01-12,NCLH-TGT,-4178.211364746094,250000.0,23
2017-01-12,EME-HIG,1050.9981842041016,250000.0,23
2017-01-12,SW-ZBH,-1671.2810668945312,250000.0,23
2017-01-13,HON-PSX,-5388.261032104492,250000.0,23
2017-01-13,EME-HIG,2143.2942276000977,250000.0,23
2017-01-13,SW-ZBH,6911.089639663696,250000.0,23
2017-01-17,HON-PSX,-3159.7466583251953,250000.0,23
2017-01-17,EME-HIG,-2843.423667907715,250000.0,23
2017-01-17,SW-ZBH,6361.338914871216,250000.0,23
2017-01-18,HON-PSX,-2912.5256958007812,250000.0,23
2017-01-18,EME-HIG,-6624.558837890625,250000.0,23
2017-01-18,SW-ZBH,6317.355867385864,250000.0,23
2017-01-18,NCLH-TGT,0.0,250000.0,23
2017-01-19,HON-PSX,-5992.506576538086,250000.0,23
2017-01-19,EME-HIG,14.863880157470703,250000.0,23
2017-01-19,SW-ZBH,8274.564111709595,250000.0,23
2017-01-19,NCLH-TGT,-5326.419055938721,250000.0,23
2017-01-20,HON-PSX,-5692.078201293945,250000.0,23
2017-01-20,EME-HIG,530.2438774108887,250000.0,23
2017-01-20,NCLH-TGT,-10176.892612457275,250000.0,23
2017-01-23,EME-HIG,2194.7051544189453,250000.0,23
2017-01-24,LEN-MU,0.0,250000.0,23
2017-01-25,LEN-MU,582.3143672943115,250000.0,23
2017-01-25,NCLH-ZBRA,0.0,250000.0,23
2017-01-26,LEN-MU,2898.933650970459,250000.0,23
2017-01-26,NCLH-ZBRA,-9314.949264526367,250000.0,23
2017-01-27,NCLH-ZBRA,-7625.228286743164,250000.0,23
2017-01-30,NCLH-ZBRA,-1338.1201934814453,250000.0,23
2017-01-31,NCLH-ZBRA,3067.716522216797,250000.0,23
2017-01-31,SW-WELL,0.0,250000.0,23
2017-02-01,NCLH-ZBRA,-7161.608367919922,250000.0,23
2017-02-01,SW-WELL,3548.2062797546387,250000.0,23
2017-02-01,SW-WAT,0.0,250000.0,23
2017-02-02,NCLH-ZBRA,-3924.5669555664062,250000.0,23
2017-02-02,SW-WELL,-485.9567413330078,250000.0,23
2017-02-03,NCLH-ZBRA,-2336.2554321289062,250000.0,23
2017-02-03,SW-WELL,-333.1771583557129,250000.0,23
2017-02-06,NCLH-ZBRA,-2120.842010498047,250000.0,23
2017-02-06,SW-WELL,-3160.21736907959,250000.0,23
2017-02-07,NCLH-ZBRA,-1808.2977447509766,250000.0,23
2017-02-07,SW-WELL,-399.3821830749512,250000.0,23
2017-02-08,NCLH-ZBRA,-3009.2857055664062,250000.0,23
2017-02-08,SW-WELL,-1010.6220741271973,250000.0,23
2017-02-10,LEN-MU,0.0,250000.0,23
2017-02-13,LEN-MU,228.57538223266602,250000.0,23
2017-02-14,LEN-MU,85.97738265991211,250000.0,23
2017-02-15,LEN-MU,-12169.657573699951,250000.0,23
2017-02-16,LEN-MU,-881.6399955749512,250000.0,23
2017-02-17,LEN-MU,-1587.3517608642578,250000.0,23
2017-02-21,LEN-MU,-6324.392070770264,250000.0,23
2017-02-22,LEN-MU,-11246.332740783691,250000.0,23
2017-02-23,LEN-MU,-11452.075519561768,250000.0,23
2017-02-24,LEN-MU,-18498.5369682312,250000.0,23
2017-01-05,DOC-SW,0.0,250000.0,24
2017-01-05,DOC-RMD,0.0,250000.0,24
2017-01-06,DOC-SW,338.1892776489258,250000.0,24
2017-01-06,DOC-RMD,818.6479873657227,250000.0,24
2017-01-09,DOC-SW,-1642.7942733764648,250000.0,24
2017-01-10,DOC-SW,-5314.847442626953,250000.0,24
2017-01-11,DOC-SW,-3623.762420654297,250000.0,24
2017-01-12,DOC-SW,-3575.4254608154297,250000.0,24
2017-02-01,CNP-PAYX,0.0,250000.0,24
2017-02-02,CNP-PAYX,-1786.7299175262451,250000.0,24
2017-02-03,CNP-PAYX,-5074.3606605529785,250000.0,24
2017-02-06,CNP-PAYX,-5022.878782272339,250000.0,24
2017-02-07,CNP-PAYX,-5825.72749710083,250000.0,24
2017-02-08,CNP-PAYX,-7325.13703918457,250000.0,24
2017-02-09,CNP-PAYX,-4105.026817321777,250000.0,24
2017-02-10,CNP-PAYX,-4380.525560379028,250000.0,24
2017-02-13,CNP-PAYX,-3228.4665088653564,250000.0,24
2017-02-14,CNP-PAYX,372.6709384918213,250000.0,24
2017-02-15,CNP-PAYX,693.8223133087158,250000.0,24
2017-02-28,CHD-PYPL,0.0,250000.0,24
2017-03-01,CHD-PYPL,1656.5403442382812,250000.0,24
2017-03-21,DOC-F,0.0,250000.0,24
2017-03-22,DOC-F,-805.7282991409302,250000.0,24
2017-03-22,DOC-FICO,0.0,250000.0,24
2017-03-23,DOC-F,-3250.888999938965,250000.0,24
2017-03-23,DOC-FICO,-1027.5751838684082,250000.0,24
2017-03-24,DOC-F,-4473.4146094322205,250000.0,24
2017-03-24,DOC-FICO,-1620.0386009216309,250000.0,24
2017-03-27,DOC-F,-8588.657519817352,250000.0,24
2017-03-27,DOC-FICO,-3018.080156326294,250000.0,24
2017-03-28,DOC-F,-5354.714887619019,250000.0,24
2017-03-28,DOC-FICO,-4157.389144897461,250000.0,24
2017-03-29,DOC-F,-4792.821971893311,250000.0,24
2017-03-29,DOC-FICO,-2379.622880935669,250000.0,24
2017-03-30,DOC-F,-4675.755990982056,250000.0,24
2017-03-30,DOC-FICO,-1772.9958152770996,250000.0,24
2017-03-31,DOC-F,-6660.2252016067505,250000.0,24
2017-03-31,DOC-FICO,-3133.945415496826,250000.0,24
2017-02-22,AFL-HUBB,0.0,250000.0,25
2017-02-23,AFL-HUBB,-2395.689079284668,250000.0,25
2017-02-24,AFL-HUBB,-1330.4258728027344,250000.0,25
2017-02-27,AFL-HUBB,-956.5269546508789,250000.0,25
2017-02-27,AFL-WRB,0.0,250000.0,25
2017-02-28,AFL-HUBB,-5447.253387451172,250000.0,25
2017-02-28,AFL-WRB,447.43105697631836,250000.0,25
2017-03-01,AFL-HUBB,300.2898941040039,250000.0,25
2017-03-01,AFL-WRB,2901.918794631958,250000.0,25
2017-03-02,AFL-HUBB,-805.1611862182617,250000.0,25
2017-03-02,AFL-WRB,782.9729957580566,250000.0,25
2017-03-03,AFL-HUBB,-879.8119201660156,250000.0,25
2017-03-03,AFL-WRB,1056.1341648101807,250000.0,25
2017-03-03,ALLE-NKE,0.0,250000.0,25
2017-03-03,AFL-COST,0.0,250000.0,25
2017-03-06,AFL-HUBB,830.4506149291992,250000.0,25
2017-03-06,AFL-WRB,571.5340156555176,250000.0,25
2017-03-06,ALLE-NKE,1912.6670761108398,250000.0,25
2017-03-06,AFL-COST,-4913.4263916015625,250000.0,25
2017-03-07,AFL-HUBB,-995.3522644042969,250000.0,25
2017-03-07,AFL-WRB,1797.8544654846191,250000.0,25
2017-03-07,ALLE-NKE,1863.0859909057617,250000.0,25
2017-03-07,AFL-COST,-3709.1988525390625,250000.0,25
2017-03-08,AFL-HUBB,-1808.9703979492188,250000.0,25
2017-03-08,AFL-WRB,1866.3126888275146,250000.0,25
2017-03-08,ALLE-NKE,1029.3940467834473,250000.0,25
2017-03-08,AFL-COST,-4622.973388671875,250000.0,25
2017-03-08,AFL-ATO,0.0,250000.0,25
2017-03-08,AFL-XEL,0.0,250000.0,25
2017-03-09,AFL-WRB,3307.288637161255,250000.0,25
2017-03-09,ALLE-NKE,-552.2600555419922,250000.0,25
2017-03-09,AFL-COST,-5986.17431640625,250000.0,25
2017-03-09,AFL-ATO,-1587.4995803833008,250000.0,25
2017-03-09,AFL-XEL,-155.28419494628906,250000.0,25
2017-03-10,ALLE-NKE,-2899.6413192749023,250000.0,25
2017-03-10,AFL-COST,-6338.0423583984375,250000.0,25
2017-03-10,AFL-ATO,3687.787181854248,250000.0,25
2017-03-10,AFL-XEL,2436.80419921875,250000.0,25
2017-03-13,ALLE-NKE,-3027.4365882873535,250000.0,25
2017-03-13,AFL-COST,-7642.8839111328125,250000.0,25
2017-03-13,AFL-XEL,2923.0882835388184,250000.0,25
2017-03-14,ALLE-NKE,689.7868194580078,250000.0,25
2017-03-14,AFL-COST,-5922.949951171875,250000.0,25
2017-03-14,AFL-XEL,3325.1669120788574,250000.0,25
2017-03-15,ALLE-NKE,915.662281036377,250000.0,25
2017-03-15,AFL-COST,-5731.0919189453125,250000.0,25
2017-03-16,ALLE-NKE,45.14223098754883,250000.0,25
2017-03-16,AFL-COST,-5135.9375,250000.0,25
2017-03-17,ALLE-NKE,57.25956726074219,250000.0,25
2017-03-17,AFL-COST,-4472.2738037109375,250000.0,25
2017-03-21,AFL-DUK,0.0,250000.0,25
2017-03-21,AFL-XEL,0.0,250000.0,25
2017-03-21,AFL-PNC,0.0,250000.0,25
2017-03-22,AFL-DUK,418.56736755371094,250000.0,25
2017-03-22,AFL-XEL,-178.92938041687012,250000.0,25
2017-03-22,AFL-PNC,-787.5290870666504,250000.0,25
2017-03-22,AFL-WRB,0.0,250000.0,25
2017-03-23,AFL-DUK,1694.5939254760742,250000.0,25
2017-03-23,AFL-XEL,469.7659225463867,250000.0,25
2017-03-23,AFL-PNC,-529.0945053100586,250000.0,25
2017-03-23,AFL-WRB,-297.20952224731445,250000.0,25
2017-03-23,AFL-ALL,0.0,250000.0,25
2017-03-24,AFL-DUK,728.6444244384766,250000.0,25
2017-03-24,AFL-XEL,-629.9692974090576,250000.0,25
2017-03-24,AFL-PNC,-246.71472549438477,250000.0,25
2017-03-24,AFL-WRB,-2113.4706268310547,250000.0,25
2017-03-24,AFL-ALL,-785.640474319458,250000.0,25
2017-03-27,AFL-DUK,902.4290466308594,250000.0,25
2017-03-27,AFL-XEL,-1064.5684566497803,250000.0,25
2017-03-27,AFL-PNC,-2328.7058448791504,250000.0,25
2017-03-27,AFL-WRB,-698.5123291015625,250000.0,25
2017-03-27,AFL-ALL,195.97951316833496,250000.0,25
2017-03-28,AFL-DUK,1829.146572113037,250000.0,25
2017-03-28,AFL-XEL,-604.4338607788086,250000.0,25
2017-03-28,AFL-PNC,635.8868026733398,250000.0,25
2017-03-28,AFL-WRB,-957.9994087219238,250000.0,25
2017-03-28,AFL-ALL,544.8067169189453,250000.0,25
2017-03-29,AFL-DUK,1274.469150543213,250000.0,25
2017-03-29,AFL-XEL,-127.32478904724121,250000.0,25
2017-03-29,AFL-PNC,843.3256340026855,250000.0,25
2017-03-29,AFL-WRB,-2462.290237426758,250000.0,25
2017-03-29,AFL-ALL,2287.2244396209717,250000.0,25
2017-03-30,AFL-PNC,3259.478416442871,250000.0,25
2017-03-30,AFL-WRB,-1647.7768287658691,250000.0,25
2017-03-30,AFL-ALL,-269.2029342651367,250000.0,25
2017-03-30,AFL-ATO,0.0,250000.0,25
2017-03-31,AFL-PNC,246.2735939025879,250000.0,25
2017-03-31,AFL-WRB,-2190.958106994629,250000.0,25
2017-03-31,AFL-ALL,-1180.065450668335,250000.0,25
2017-03-31,AFL-ATO,-419.51416969299316,250000.0,25
2017-04-03,AFL-PNC,-1308.1616592407227,250000.0,25
2017-04-03,AFL-ALL,-2781.608352661133,250000.0,25
2017-04-03,AFL-ATO,-1635.5459213256836,250000.0,25
2017-04-03,AFL-MSFT,0.0,250000.0,25
2017-04-04,AFL-PNC,-2612.6836585998535,250000.0,25
2017-04-04,AFL-ALL,-1603.1292667388916,250000.0,25
2017-04-04,AFL-ATO,931.8575839996338,250000.0,25
2017-04-04,AFL-MSFT,817.9752674102783,250000.0,25
2017-04-05,AFL-ALL,-361.6514472961426,250000.0,25
2017-04-05,AFL-ATO,3763.71586227417,250000.0,25
2017-04-05,AFL-MSFT,1273.7332038879395,250000.0,25
2017-04-06,AFL-ALL,-3715.5409622192383,250000.0,25
2017-04-06,AFL-ATO,1827.5793228149414,250000.0,25
2017-04-06,AFL-MSFT,-75.76126098632812,250000.0,25
2017-04-06,CIEN-KDP,0.0,250000.0,25
2017-04-07,AFL-ATO,1293.9256019592285,250000.0,25
2017-04-07,AFL-MSFT,-135.04630661010742,250000.0,25
2017-04-07,CIEN-KDP,1075.6036834716797,250000.0,25
2017-04-10,AFL-ATO,-848.181734085083,250000.0,25
2017-04-10,AFL-MSFT,-2415.5763874053955,250000.0,25
2017-04-11,AFL-ATO,-833.0080680847168,250000.0,25
2017-04-11,AFL-MSFT,-3131.995288848877,250000.0,25
2017-04-12,AFL-ATO,718.7471160888672,250000.0,25
2017-04-12,AFL-MSFT,-3033.8796768188477,250000.0,25
2017-04-13,AFL-ATO,1000.882495880127,250000.0,25
2017-04-17,AFL-ATO,1634.3427047729492,250000.0,25
2017-03-01,BXP-TRV,0.0,250000.0,26
2017-03-01,GDDY-ITW,0.0,250000.0,26
2017-03-02,BXP-TRV,-2036.1777725219727,250000.0,26
2017-03-02,GDDY-ITW,-5.1531982421875,250000.0,26
2017-03-03,BXP-TRV,-1360.5210342407227,250000.0,26
2017-03-03,GDDY-ITW,423.36822509765625,250000.0,26
2017-03-06,BXP-TRV,2194.147430419922,250000.0,26
2017-03-06,GDDY-ITW,1544.0066528320312,250000.0,26
2017-03-07,BXP-TRV,2854.4639434814453,250000.0,26
2017-03-07,GDDY-ITW,1170.169677734375,250000.0,26
2017-03-08,BXP-TRV,1267.6116943359375,250000.0,26
2017-03-08,GDDY-ITW,2050.4165649414062,250000.0,26
2017-03-08,HD-XEL,0.0,250000.0,26
2017-03-09,BXP-TRV,-2748.669364929199,250000.0,26
2017-03-09,HD-XEL,355.0584030151367,250000.0,26
2017-03-10,HD-XEL,2668.9165115356445,250000.0,26
2017-03-10,CHTR-LRCX,0.0,250000.0,26
2017-03-13,HD-XEL,2733.982563018799,250000.0,26
2017-03-13,CHTR-LRCX,-3229.9332599639893,250000.0,26
2017-03-13,GDDY-MTB,0.0,250000.0,26
2017-03-13,CMG-IT,0.0,250000.0,26
2017-03-14,HD-XEL,3066.171360015869,250000.0,26
2017-03-14,CHTR-LRCX,-2951.3186626434326,250000.0,26
2017-03-14,GDDY-MTB,2660.817226409912,250000.0,26
2017-03-14,CMG-IT,-333.6192903518677,250000.0,26
2017-03-14,RJF-WFC,0.0,250000.0,26
2017-03-15,GDDY-MTB,-1282.5027770996094,250000.0,26
2017-03-15,CMG-IT,-7332.427755355835,250000.0,26
2017-03-16,GDDY-MTB,1287.1751823425293,250000.0,26
2017-03-16,CMG-IT,-6327.378437042236,250000.0,26
2017-03-17,GDDY-MTB,1170.4692420959473,250000.0,26
2017-03-20,GDDY-MTB,-203.8396873474121,250000.0,26
2017-03-21,GDDY-MTB,-1599.981128692627,250000.0,26
2017-03-21,F-L,0.0,250000.0,26
2017-03-22,GDDY-MTB,-3852.947971343994,250000.0,26
2017-03-22,F-L,2170.535966873169,250000.0,26
2017-03-23,GDDY-MTB,-3172.6862297058105,250000.0,26
2017-03-23,F-L,-180.24831008911133,250000.0,26
2017-03-24,GDDY-MTB,-26.92038345336914,250000.0,26
2017-03-24,F-L,554.1046342849731,250000.0,26
2017-03-24,CRM-ELV,0.0,250000.0,26
2017-03-27,GDDY-MTB,-2082.4185676574707,250000.0,26
2017-03-27,F-L,-1614.8317594528198,250000.0,26
2017-03-27,CRM-ELV,-859.9639892578125,250000.0,26
2017-03-28,GDDY-MTB,2708.5250091552734,250000.0,26
2017-03-28,F-L,-1338.9880599975586,250000.0,26
2017-03-28,CRM-ELV,1399.0344848632812,250000.0,26
2017-03-29,F-L,-58.12757110595703,250000.0,26
2017-03-29,CRM-ELV,1329.588623046875,250000.0,26
2017-03-29,GDDY-USB,0.0,250000.0,26
2017-03-30,F-L,-2801.638557434082,250000.0,26
2017-03-30,GDDY-USB,1525.6721992492676,250000.0,26
2017-03-31,F-L,-3021.121374130249,250000.0,26
2017-03-31,GDDY-PGR,0.0,250000.0,26
2017-03-31,GDDY-ITW,0.0,250000.0,26
2017-04-03,GDDY-PGR,4281.053533554077,250000.0,26
2017-04-03,GDDY-ITW,443.00402069091797,250000.0,26
2017-04-04,GDDY-ITW,4081.462417602539,250000.0,26
2017-04-05,GDDY-ITW,2778.1821212768555,250000.0,26
2017-04-05,CRM-ELV,0.0,250000.0,26
2017-04-06,GDDY-ITW,3370.7596435546875,250000.0,26
2017-04-06,CRM-ELV,2641.7666549682617,250000.0,26
2017-04-07,GDDY-ITW,2450.6700897216797,250000.0,26
2017-04-07,CRM-ELV,4737.877578735352,250000.0,26
2017-05-15,CSX-SWKS,0.0,250000.0,26
2017-05-16,CSX-SWKS,-5149.629269599915,250000.0,26
2017-05-16,RJF-WFC,0.0,250000.0,26
2017-05-16,GDDY-PGR,0.0,250000.0,26
2017-05-16,GDDY-ITW,0.0,250000.0,26
2017-05-17,CSX-SWKS,-405.31684494018555,250000.0,26
2017-05-18,CSX-SWKS,-3481.935908317566,250000.0,26
2017-05-19,CSX-SWKS,-4443.390607833862,250000.0,26
2017-05-22,CSX-SWKS,-2368.869861602783,250000.0,26
2017-05-23,CSX-SWKS,-1394.9232387542725,250000.0,26
2017-05-24,CSX-SWKS,309.56129264831543,250000.0,26
2017-04-04,FANG-KO,0.0,250000.0,27
2017-04-06,CDNS-ORCL,0.0,250000.0,27
2017-04-07,CDNS-ORCL,581.2247676849365,250000.0,27
2017-04-10,CDNS-ORCL,-686.5718994140625,250000.0,27
2017-04-11,CDNS-ORCL,-255.61899375915527,250000.0,27
2017-04-12,CDNS-ORCL,665.4165210723877,250000.0,27
2017-04-13,CDNS-ORCL,301.0271587371826,250000.0,27
2017-04-17,CDNS-ORCL,837.8329010009766,250000.0,27
2017-04-18,CDNS-ORCL,-1064.9082851409912,250000.0,27
2017-05-08,CDNS-SBAC,0.0,250000.0,27
2017-05-10,CDNS-MU,0.0,250000.0,27
2017-05-11,CDNS-MU,2841.4441146850586,250000.0,27
2017-05-12,CDNS-MU,3079.5521697998047,250000.0,27
2017-05-17,IDXX-MU,0.0,250000.0,27
2017-05-17,CDNS-SBAC,0.0,250000.0,27
2017-05-18,IDXX-MU,3818.394298553467,250000.0,27
2017-05-18,CDNS-SBAC,3455.726921081543,250000.0,27
2017-05-19,IDXX-MU,6920.90128326416,250000.0,27
2017-05-19,CDNS-SBAC,4731.61083984375,250000.0,27
2017-05-22,IDXX-MU,7618.0981159210205,250000.0,27
2017-05-30,FANG-KR,0.0,250000.0,27
2017-05-31,FANG-KR,-4712.011791229248,250000.0,27
2017-06-01,FANG-KR,-5042.693109512329,250000.0,27
2017-06-01,IDXX-WYNN,0.0,250000.0,27
2017-06-02,FANG-KR,-10402.407194137573,250000.0,27
2017-06-02,IDXX-WYNN,340.67962646484375,250000.0,27
2017-06-05,FANG-KR,-13623.898096084595,250000.0,27
2017-06-05,IDXX-WYNN,3151.5645904541016,250000.0,27
2017-06-06,FANG-KR,-4963.969203948975,250000.0,27
2017-06-06,MSCI-SWK,0.0,250000.0,27
2017-06-07,FANG-KR,-16560.414457321167,250000.0,27
2017-06-07,MSCI-SWK,1872.2737426757812,250000.0,27
2017-06-08,FANG-KR,-23008.229442596436,250000.0,27
2017-06-09,FANG-KR,-20914.702617645264,250000.0,27
2017-06-12,FANG-KR,-13090.026384353638,250000.0,27
2017-06-12,IDXX-MU,0.0,250000.0,27
2017-06-13,FANG-KR,-10204.648262023926,250000.0,27
2017-06-13,IDXX-MU,3096.8992137908936,250000.0,27
2017-06-14,IDXX-MU,5676.710603713989,250000.0,27
2017-06-20,MSCI-SWK,0.0,250000.0,27
2017-06-21,MSCI-SWK,-3879.413398742676,250000.0,27
2017-06-22,MSCI-SWK,760.2874526977539,250000.0,27
2017-06-23,MSCI-SWK,2236.0896224975586,250000.0,27
2017-06-26,MSCI-SWK,2129.732032775879,250000.0,27
2017-06-27,MSCI-SWK,2234.188278198242,250000.0,27
2017-06-27,CDNS-SBAC,0.0,250000.0,27
2017-06-28,CDNS-SBAC,6584.45760345459,250000.0,27
2017-06-29,CDNS-SBAC,-269.4798126220703,250000.0,27
2017-06-30,CDNS-SBAC,-465.9804229736328,250000.0,27
2017-05-15,ARES-JNJ,0.0,250000.0,28
2017-05-16,ARES-JNJ,-1416.8417310714722,250000.0,28
2017-05-16,ARES-DVA,0.0,250000.0,28
2017-05-17,ARES-JNJ,1262.3052368164062,250000.0,28
2017-05-17,ARES-DVA,8940.731185913086,250000.0,28
2017-05-18,ARES-JNJ,289.5827922821045,250000.0,28
2017-05-18,ARES-DVA,8464.369316101074,250000.0,28
2017-05-19,ARES-JNJ,349.9061508178711,250000.0,28
2017-05-22,ARES-JNJ,-440.4617385864258,250000.0,28
2017-05-23,ARES-JNJ,-800.9912176132202,250000.0,28
2017-05-24,ARES-JNJ,-733.5759592056274,250000.0,28
2017-05-25,ARES-JNJ,-2421.6751585006714,250000.0,28
2017-05-26,ARES-JNJ,-1333.1346607208252,250000.0,28
2017-06-16,ARES-JNJ,0.0,250000.0,28
2017-07-19,MNST-WBD,0.0,250000.0,28
2017-07-20,MNST-WBD,4824.976518630981,250000.0,28
2017-07-21,MNST-WBD,4520.898997306824,250000.0,28
2017-07-24,MNST-WBD,4527.059911727905,250000.0,28
2017-06-07,CPAY-TAP,0.0,250000.0,29
2017-06-08,CPAY-TAP,-7251.692153930664,250000.0,29
2017-06-08,CPT-SRE,0.0,250000.0,29
2017-06-08,ALGN-WST,0.0,250000.0,29
2017-06-09,CPAY-TAP,-5907.402671813965,250000.0,29
2017-06-09,CPT-SRE,-1860.1534461975098,250000.0,29
2017-06-09,ALGN-WST,-214.22792053222656,250000.0,29
2017-06-12,CPAY-TAP,-3007.745292663574,250000.0,29
2017-06-12,CPT-SRE,-2526.21475982666,250000.0,29
2017-06-12,ALGN-WST,-1255.4511184692383,250000.0,29
2017-06-13,CPAY-TAP,-2956.4388885498047,250000.0,29
2017-06-13,CPT-SRE,-4457.862461090088,250000.0,29
2017-06-13,ALGN-WST,1991.898910522461,250000.0,29
2017-06-14,CPAY-TAP,-5052.554290771484,250000.0,29
2017-06-14,CPT-SRE,-5257.828025817871,250000.0,29
2017-06-14,ALGN-WST,324.9195022583008,250000.0,29
2017-06-15,CPAY-TAP,-5489.314521789551,250000.0,29
2017-06-15,CPT-SRE,-5239.487007141113,250000.0,29
2017-06-15,ALGN-WST,-1284.0787963867188,250000.0,29
2017-06-16,CPAY-TAP,-7645.182571411133,250000.0,29
2017-06-16,CPT-SRE,-3326.3446350097656,250000.0,29
2017-06-16,ALGN-WST,-2796.621353149414,250000.0,29
2017-06-19,CPAY-TAP,-8015.088310241699,250000.0,29
2017-06-19,CPT-SRE,-4367.771987915039,250000.0,29
2017-06-19,ALGN-WST,-3211.6802825927734,250000.0,29
2017-06-19,LYV-RVTY,0.0,250000.0,29
2017-06-20,CPAY-TAP,-6602.593955993652,250000.0,29
2017-06-20,CPT-SRE,-5478.672439575195,250000.0,29
2017-06-20,ALGN-WST,-3701.0501098632812,250000.0,29
2017-06-20,LYV-RVTY,-5689.457008361816,250000.0,29
2017-06-21,CPAY-TAP,-8707.825088500977,250000.0,29
2017-06-21,CPT-SRE,-6288.8848304748535,250000.0,29
2017-06-21,ALGN-WST,-4087.01212310791,250000.0,29
2017-06-21,LYV-RVTY,-6545.747268676758,250000.0,29
2017-06-22,CPT-SRE,-6543.820148468018,250000.0,29
2017-06-22,ALGN-WST,-4520.613494873047,250000.0,29
2017-06-22,LYV-RVTY,-6619.8905029296875,250000.0,29
2017-06-22,ISRG-WTW,0.0,250000.0,29
2017-06-22,DAL-WTW,0.0,250000.0,29
2017-06-23,LYV-RVTY,-6782.539482116699,250000.0,29
2017-06-23,ISRG-WTW,1393.922592163086,250000.0,29
2017-06-23,DAL-WTW,171.83501434326172,250000.0,29
2017-06-26,LYV-RVTY,-5391.250183105469,250000.0,29
2017-06-26,ISRG-WTW,2310.91357421875,250000.0,29
2017-06-26,DAL-WTW,-146.05667114257812,250000.0,29
2017-06-27,LYV-RVTY,-4355.170539855957,250000.0,29
2017-06-27,ISRG-WTW,2747.394729614258,250000.0,29
2017-06-27,DAL-WTW,-340.1849136352539,250000.0,29
2017-06-28,LYV-RVTY,-6353.833778381348,250000.0,29
2017-06-28,ISRG-WTW,5306.704635620117,250000.0,29
2017-06-28,DAL-WTW,619.3311386108398,250000.0,29
2017-06-29,LYV-RVTY,-5168.785591125488,250000.0,29
2017-06-29,DAL-WTW,295.4598617553711,250000.0,29
2017-06-30,LYV-RVTY,-5588.571212768555,250000.0,29
2017-06-30,DAL-WTW,-1438.342658996582,250000.0,29
2017-07-03,LYV-RVTY,-5715.488624572754,250000.0,29
2017-07-03,DAL-WTW,-884.2242584228516,250000.0,29
2017-07-05,DAL-WTW,-3331.04647064209,250000.0,29
2017-07-06,DAL-WTW,-4258.498718261719,250000.0,29
2017-07-10,ALGN-CSGP,0.0,250000.0,29
2017-07-11,ALGN-CSGP,-1419.8795013427734,250000.0,29
2017-07-12,ALGN-CSGP,1539.8059387207031,250000.0,29
2017-07-13,ALGN-CSGP,1609.6962280273438,250000.0,29
2017-07-14,CPAY-TAP,0.0,250000.0,29
2017-07-17,CPAY-TAP,304.5977783203125,250000.0,29
2017-07-18,CPAY-TAP,831.1750030517578,250000.0,29
2017-07-19,CPAY-TAP,-1503.9363098144531,250000.0,29
2017-07-20,CPAY-TAP,978.2303619384766,250000.0,29
2017-07-21,CPAY-TAP,-704.3901824951172,250000.0,29
2017-07-24,CPAY-TAP,-584.3000793457031,250000.0,29
2017-07-25,CPAY-TAP,-1117.3167419433594,250000.0,29
2017-07-26,CPAY-TAP,-556.8890380859375,250000.0,29
2017-08-10,CIEN-SW,0.0,250000.0,29
2017-08-11,CIEN-SW,1546.3826217651367,250000.0,29
2017-08-14,ALGN-WST,0.0,250000.0,29
2017-08-15,ALGN-WST,622.0505142211914,250000.0,29
2017-08-15,ISRG-WTW,0.0,250000.0,29
2017-08-16,ALGN-WST,-851.2365188598633,250000.0,29
2017-08-16,ISRG-WTW,-2058.8081588745117,250000.0,29
2017-08-17,ISRG-WTW,-2466.5942001342773,250000.0,29
2017-08-17,ALGN-PYPL,0.0,250000.0,29
2017-08-18,ISRG-WTW,-3834.6615142822266,250000.0,29
2017-08-18,ALGN-PYPL,-1552.7228088378906,250000.0,29
2017-08-21,ISRG-WTW,-2733.815803527832,250000.0,29
2017-08-21,ALGN-PYPL,-2157.0750579833984,250000.0,29
2017-08-22,ISRG-WTW,-4303.547790527344,250000.0,29
2017-08-22,ALGN-PYPL,-2621.4247703552246,250000.0,29
2017-08-23,ISRG-WTW,-4341.58740234375,250000.0,29
2017-08-23,ALGN-PYPL,1077.7067604064941,250000.0,29
2017-08-24,ISRG-WTW,-5093.814788818359,250000.0,29
2017-08-25,ISRG-WTW,-2085.2519760131836,250000.0,29
2017-08-28,ISRG-WTW,-4867.1796798706055,250000.0,29
2017-08-29,ISRG-WTW,-5334.033874511719,250000.0,29
2017-07-05,ADM-SJM,0.0,250000.0,30
2017-07-06,ADM-SJM,614.292064666748,250000.0,30
2017-07-07,ADM-SJM,581.5766429901123,250000.0,30
2017-07-07,ADM-HUBB,0.0,250000.0,30
2017-07-10,ADM-SJM,423.78861808776855,250000.0,30
2017-07-10,ADM-HUBB,-706.7999954223633,250000.0,30
2017-07-11,ADM-SJM,2865.711950302124,250000.0,30
2017-07-12,ADM-SJM,1627.766508102417,250000.0,30
2017-07-13,ADM-SJM,1988.773199081421,250000.0,30
2017-07-14,ADM-SJM,2416.8905334472656,250000.0,30
2017-08-08,ADM-MKC,0.0,250000.0,30
2017-08-15,ADM-INTC,0.0,250000.0,30
2017-08-16,ADM-INTC,-1576.302495956421,250000.0,30
2017-08-16,ADM-COST,0.0,250000.0,30
2017-08-17,ADM-COST,707.9368877410889,250000.0,30
2017-08-18,ADM-COST,2077.551103591919,250000.0,30
2017-08-22,ADM-HWM,0.0,250000.0,30
2017-08-22,ADM-SBUX,0.0,250000.0,30
2017-08-23,ADM-HWM,1414.2387428283691,250000.0,30
2017-08-23,ADM-SBUX,1746.4011039733887,250000.0,30
2017-08-24,ADM-HWM,-1015.7783241271973,250000.0,30
2017-08-24,ADM-SBUX,1729.0622253417969,250000.0,30
2017-08-24,ADM-GIS,0.0,250000.0,30
2017-08-24,ADM-COST,0.0,250000.0,30
2017-08-24,ADM-MDLZ,0.0,250000.0,30
2017-08-25,ADM-HWM,4429.670959472656,250000.0,30
2017-08-25,ADM-SBUX,441.9200859069824,250000.0,30
2017-08-25,ADM-COST,-402.0760154724121,250000.0,30
2017-08-25,ADM-MDLZ,-3219.821765899658,250000.0,30
2017-08-25,ADM-SYY,0.0,250000.0,30
2017-08-28,ADM-HWM,5306.796230316162,250000.0,30
2017-08-28,ADM-SBUX,277.38918685913086,250000.0,30
2017-08-28,ADM-COST,-304.10768127441406,250000.0,30
2017-08-28,ADM-MDLZ,-4319.18856048584,250000.0,30
2017-08-28,ADM-SYY,905.9144554138184,250000.0,30
2017-08-29,ADM-HWM,3407.1503143310547,250000.0,30
2017-08-29,ADM-SBUX,1625.9480094909668,250000.0,30
2017-08-29,ADM-COST,1464.8603706359863,250000.0,30
2017-08-29,ADM-MDLZ,-760.1001129150391,250000.0,30
2017-08-29,ADM-SYY,120.32537841796875,250000.0,30
2017-08-30,ADM-HWM,3512.4662742614746,250000.0,30
2017-08-30,ADM-SBUX,-187.35787963867188,250000.0,30
2017-08-30,ADM-COST,2514.8765716552734,250000.0,30
2017-08-30,ADM-MDLZ,-2461.157402038574,250000.0,30
2017-08-30,ADM-SYY,-1610.8891639709473,250000.0,30
2017-08-31,ADM-HWM,167.90577697753906,250000.0,30
2017-08-31,ADM-SBUX,-2264.914005279541,250000.0,30
2017-08-31,ADM-SYY,-2658.9582138061523,250000.0,30
2017-08-31,ADM-LDOS,0.0,250000.0,30
2017-09-01,ADM-HWM,4118.930797576904,250000.0,30
2017-09-01,ADM-SBUX,-1744.3482513427734,250000.0,30
2017-09-01,ADM-SYY,-2072.994243621826,250000.0,30
2017-09-01,ADM-LDOS,-634.1445960998535,250000.0,30
2017-09-05,ADM-SBUX,-2911.2619667053223,250000.0,30
2017-09-05,ADM-SYY,-2908.5743827819824,250000.0,30
2017-09-05,ADM-LDOS,3050.064037322998,250000.0,30
2017-09-05,ADM-HAL,0.0,250000.0,30
2017-09-06,ADM-SYY,-1327.3808822631836,250000.0,30
2017-09-06,ADM-LDOS,2973.8713989257812,250000.0,30
2017-09-06,ADM-HAL,-6181.379535675049,250000.0,30
2017-09-07,ADM-SYY,-1846.993637084961,250000.0,30
2017-09-07,ADM-LDOS,4339.920600891113,250000.0,30
2017-09-08,ADM-SYY,-1444.0681953430176,250000.0,30
2017-09-19,ADM-HWM,0.0,250000.0,30
2017-09-20,ADM-HWM,-5291.527719497681,250000.0,30
2017-08-10,COO-KKR,0.0,250000.0,31
2017-08-11,COO-KKR,-2467.6962127685547,250000.0,31
2017-08-14,COO-KKR,810.7819976806641,250000.0,31
2017-08-15,COO-KKR,-1503.4285774230957,250000.0,31
2017-08-16,COO-KKR,-3126.6825637817383,250000.0,31
2017-09-18,COO-TDG,0.0,250000.0,31
2017-09-19,COO-JKHY,0.0,250000.0,31
2017-09-19,COO-MSFT,0.0,250000.0,31
2017-09-19,COO-PYPL,0.0,250000.0,31
2017-09-19,COO-FIS,0.0,250000.0,31
2017-09-19,COO-LMT,0.0,250000.0,31
2017-09-20,COO-JKHY,1618.511962890625,250000.0,31
2017-09-20,COO-MSFT,1711.5575866699219,250000.0,31
2017-09-20,COO-PYPL,-3428.4831619262695,250000.0,31
2017-09-20,COO-FIS,-17.313751220703125,250000.0,31
2017-09-20,COO-LMT,-1775.348159790039,250000.0,31
2017-09-21,COO-JKHY,-386.2830619812012,250000.0,31
2017-09-21,COO-MSFT,2441.565414428711,250000.0,31
2017-09-21,COO-PYPL,-7164.754486083984,250000.0,31
2017-09-21,COO-FIS,-1764.2463302612305,250000.0,31
2017-09-21,COO-LMT,-3841.6895790100098,250000.0,31
2017-09-22,COO-JKHY,850.6941375732422,250000.0,31
2017-09-22,COO-PYPL,-637.9477310180664,250000.0,31
2017-09-22,COO-FIS,1250.4479293823242,250000.0,31
2017-09-22,COO-LMT,-343.5321960449219,250000.0,31
2017-09-25,COO-PYPL,5639.612884521484,250000.0,31
2017-09-25,COO-FIS,1885.645263671875,250000.0,31
2017-09-25,COO-LMT,1080.8413543701172,250000.0,31
2017-09-26,COO-PYPL,3327.6712799072266,250000.0,31
2017-09-26,COO-FIS,248.93441772460938,250000.0,31
2017-09-26,COO-LMT,-3287.6932067871094,250000.0,31
2017-09-27,COO-PYPL,1316.0726928710938,250000.0,31
2017-09-27,COO-FIS,-921.9739379882812,250000.0,31
2017-09-27,COO-LMT,-3967.087013244629,250000.0,31
2017-09-28,COO-PYPL,-5335.803260803223,250000.0,31
2017-09-28,COO-FIS,-3864.216781616211,250000.0,31
2017-09-28,COO-LMT,-5189.965663909912,250000.0,31
2017-09-29,COO-PYPL,478.1785583496094,250000.0,31
2017-09-29,COO-FIS,-1076.416374206543,250000.0,31
2017-09-29,COO-LMT,-3195.062831878662,250000.0,31
2017-10-02,COO-PYPL,3776.265068054199,250000.0,31
2017-10-02,COO-FIS,915.1312713623047,250000.0,31
2017-10-02,COO-LMT,-2202.3995628356934,250000.0,31
2017-10-03,COO-PYPL,3124.067497253418,250000.0,31
2017-10-03,COO-FIS,493.11939239501953,250000.0,31
2017-10-03,COO-LMT,-3688.3218383789062,250000.0,31
2017-10-04,COO-PYPL,4971.313133239746,250000.0,31
2017-10-04,COO-FIS,140.6590805053711,250000.0,31
2017-10-05,COO-FIS,183.7840576171875,250000.0,31
2017-10-09,AVGO-GEN,0.0,250000.0,31
2017-10-27,ADSK-AVGO,0.0,250000.0,31
2017-09-05,FFIV-MO,0.0,250000.0,32
2017-09-06,FFIV-MO,-1200.742275238037,250000.0,32
2017-09-07,FFIV-MO,-1811.721607208252,250000.0,32
2017-09-08,FFIV-MO,-123.4115219116211,250000.0,32
2017-09-08,AJG-UNP,0.0,250000.0,32
2017-09-11,AJG-UNP,-2936.770118713379,250000.0,32
2017-09-11,DHI-ROK,0.0,250000.0,32
2017-09-12,AJG-UNP,-4512.244010925293,250000.0,32
2017-09-12,DHI-ROK,1870.569107055664,250000.0,32
2017-09-13,AJG-UNP,-4045.31400680542,250000.0,32
2017-09-13,DHI-ROK,-905.5564880371094,250000.0,32
2017-09-14,DHI-ROK,-3771.7183685302734,250000.0,32
2017-09-27,ECL-VMC,0.0,250000.0,32
2017-09-28,ECL-VMC,441.24076080322266,250000.0,32
2017-09-29,ECL-VMC,-2881.064598083496,250000.0,32
2017-10-02,ECL-VMC,5676.20662689209,250000.0,32
2017-10-02,FFIV-MO,0.0,250000.0,32
2017-10-03,ECL-VMC,3720.129440307617,250000.0,32
2017-10-04,ECL-VMC,6777.004776000977,250000.0,32
2017-10-05,ECL-VMC,5393.634262084961,250000.0,32
2017-10-06,ECL-VMC,7524.734184265137,250000.0,32
2017-10-09,ECL-VMC,7966.316032409668,250000.0,32
2017-11-07,AZO-TFC,0.0,250000.0,32
2017-11-08,AZO-TFC,-1802.819564819336,250000.0,32
2017-11-09,AZO-TFC,-6204.2456703186035,250000.0,32
2017-11-15,FFIV-WST,0.0,250000.0,32
2017-11-16,FFIV-WST,-1903.5013122558594,250000.0,32
2017-11-16,ORLY-UHS,0.0,250000.0,32
2017-11-17,FFIV-WST,-3078.993522644043,250000.0,32
2017-11-17,ORLY-UHS,2101.1225452423096,250000.0,32
2017-11-20,FFIV-WST,-1161.9595642089844,250000.0,32
2017-11-20,ORLY-UHS,3076.9818954467773,250000.0,32
2017-11-21,FFIV-WST,395.23805236816406,250000.0,32
2017-11-21,ORLY-UHS,3054.893424987793,250000.0,32
2017-11-22,FFIV-WST,-2160.1092529296875,250000.0,32
2017-11-22,ORLY-UHS,-4559.954460144043,250000.0,32
2017-11-24,ORLY-UHS,-1870.2841300964355,250000.0,32
2017-11-27,ORLY-UHS,-2612.3340015411377,250000.0,32
2017-11-27,ECL-VMC,0.0,250000.0,32
2017-11-28,ECL-VMC,874.2522125244141,250000.0,32
2017-11-29,ORLY-UHS,0.0,250000.0,32
2017-11-30,ORLY-UHS,-2195.6949672698975,250000.0,32
2017-10-09,DVA-FLEX,0.0,250000.0,33
2017-10-10,DVA-FLEX,-1674.3032855987549,250000.0,33
2017-10-10,CAH-CVNA,0.0,250000.0,33
2017-10-11,DVA-FLEX,-3501.3867893218994,250000.0,33
2017-10-11,CAH-CVNA,6087.165071487427,250000.0,33
2017-10-12,DVA-FLEX,-4783.241512298584,250000.0,33
2017-10-12,CAH-CVNA,-878.9036502838135,250000.0,33
2017-10-13,DVA-FLEX,-6321.254570007324,250000.0,33
2017-10-13,CAH-CVNA,6418.268846511841,250000.0,33
2017-10-16,DVA-FLEX,-4173.140779495239,250000.0,33
2017-10-16,CAH-CVNA,7772.921718597412,250000.0,33
2017-10-17,DVA-FLEX,-4720.383777618408,250000.0,33
2017-10-17,CAH-CVNA,5255.351737976074,250000.0,33
2017-10-18,CAH-CVNA,7229.448135375977,250000.0,33
2017-10-19,CAH-CVNA,-9835.79308128357,250000.0,33
2017-11-15,TDY-WST,0.0,250000.0,33
2017-11-16,TDY-WST,-731.3042907714844,250000.0,33
2017-11-17,TDY-WST,864.286506652832,250000.0,33
2017-11-20,TDY-WST,1348.5975646972656,250000.0,33
2017-11-21,TDY-WST,-260.52781677246094,250000.0,33
2017-11-22,TDY-WST,-2635.5940551757812,250000.0,33
2017-11-22,ANET-JBHT,0.0,250000.0,33
2017-11-24,TDY-WST,-6263.805824279785,250000.0,33
2017-11-24,ANET-JBHT,886.3922662734985,250000.0,33
2017-11-27,TDY-WST,-6111.2033767700195,250000.0,33
2017-11-27,ANET-JBHT,737.9137954711914,250000.0,33
2017-11-28,ANET-JBHT,-2998.3199100494385,250000.0,33
2017-11-28,CPAY-MET,0.0,250000.0,33
2017-11-29,CPAY-MET,-4725.602630615234,250000.0,33
2017-11-29,CAH-CVNA,0.0,250000.0,33
2017-11-29,GRMN-MET,0.0,250000.0,33
2017-11-29,COHR-DOV,0.0,250000.0,33
2017-11-30,CPAY-MET,-3599.1369018554688,250000.0,33
2017-11-30,CAH-CVNA,9597.437292575836,250000.0,33
2017-11-30,GRMN-MET,-1394.2126579284668,250000.0,33
2017-11-30,COHR-DOV,-5566.825210571289,250000.0,33
2017-12-01,CPAY-MET,-4031.02587890625,250000.0,33
2017-12-01,GRMN-MET,-3158.762683868408,250000.0,33
2017-12-01,COHR-DOV,-7119.748001098633,250000.0,33
2017-12-04,CPAY-MET,-2030.5626831054688,250000.0,33
2017-12-04,GRMN-MET,-4140.3736572265625,250000.0,33
2017-12-05,CPAY-MET,923.4390258789062,250000.0,33
2017-12-05,GRMN-MET,215.62117385864258,250000.0,33
2017-12-06,CPAY-MET,1566.0374450683594,250000.0,33
2017-12-06,GRMN-MET,254.80284881591797,250000.0,33
2017-12-06,DVA-IBM,0.0,250000.0,33
2017-12-07,CPAY-MET,-457.52630615234375,250000.0,33
2017-12-07,GRMN-MET,-3107.007682800293,250000.0,33
2017-12-07,DVA-IBM,654.327507019043,250000.0,33
2017-12-08,CPAY-MET,-595.3798217773438,250000.0,33
2017-12-08,GRMN-MET,-1300.1317100524902,250000.0,33
2017-12-08,DVA-IBM,2246.9411087036133,250000.0,33
2017-12-11,CPAY-MET,1977.768310546875,250000.0,33
2017-12-11,GRMN-MET,-1502.6662673950195,250000.0,33
2017-12-11,DVA-IBM,1897.2330856323242,250000.0,33
2017-12-12,CPAY-MET,1954.0388488769531,250000.0,33
2017-12-12,GRMN-MET,-3684.868938446045,250000.0,33
2017-12-12,DVA-IBM,3400.648536682129,250000.0,33
2017-12-13,GRMN-MET,-548.3887329101562,250000.0,33
2017-12-13,DVA-IBM,-1851.709327697754,250000.0,33
2017-12-14,DVA-IBM,-37.292022705078125,250000.0,33
2017-12-15,DVA-IBM,-3565.7696533203125,250000.0,33
2017-12-15,CPAY-MET,0.0,250000.0,33
2017-12-18,DVA-IBM,-2623.4917068481445,250000.0,33
2017-12-18,CPAY-MET,-2683.286376953125,250000.0,33
2017-12-19,DVA-IBM,-3322.3597717285156,250000.0,33
2017-12-19,CPAY-MET,-2248.3569946289062,250000.0,33
2017-12-20,DVA-IBM,-3739.8514556884766,250000.0,33
2017-12-20,CPAY-MET,-1981.6878509521484,250000.0,33
2017-12-21,CPAY-MET,-2503.596450805664,250000.0,33
2017-12-22,CPAY-MET,-3375.037666320801,250000.0,33
2017-12-26,CPAY-MET,-4352.027275085449,250000.0,33
2017-12-27,CPAY-MET,-4018.273017883301,250000.0,33
2017-12-28,CPAY-MET,-4630.172660827637,250000.0,33
2017-12-29,CPAY-MET,-5555.118675231934,250000.0,33
2017-11-07,CHRW-SYF,0.0,250000.0,34
2017-11-08,CHRW-SYF,-2392.440574645996,250000.0,34
2017-11-09,CHRW-SYF,-2296.5092544555664,250000.0,34
2017-11-10,CHRW-SYF,-2041.4267501831055,250000.0,34
2017-11-13,CHRW-SYF,1940.7032852172852,250000.0,34
2017-11-14,CHRW-SYF,1697.2581176757812,250000.0,34
2017-11-14,AJG-FANG,0.0,250000.0,34
2017-11-15,CHRW-SYF,1956.7770195007324,250000.0,34
2017-11-15,AJG-FANG,-5307.158668518066,250000.0,34
2017-11-15,CDW-F,0.0,250000.0,34
2017-11-16,AJG-FANG,-8769.703945159912,250000.0,34
2017-11-16,CDW-F,1280.4559445381165,250000.0,34
2017-11-17,AJG-FANG,-7348.797332763672,250000.0,34
2017-11-17,CDW-F,912.6078128814697,250000.0,34
2017-11-20,AJG-FANG,-6616.266975402832,250000.0,34
2017-11-20,CDW-F,462.46002435684204,250000.0,34
2017-11-21,AJG-FANG,-10075.294841766357,250000.0,34
2017-11-21,CDW-F,-418.23145389556885,250000.0,34
2017-11-22,AJG-FANG,-7631.222301483154,250000.0,34
2017-11-22,CDW-F,944.8362612724304,250000.0,34
2017-11-24,AJG-FANG,2799.5889320373535,250000.0,34
2017-11-24,CDW-F,544.7977900505066,250000.0,34
2017-11-27,AJG-FANG,-6302.698497772217,250000.0,34
2017-11-27,CDW-F,593.3735513687134,250000.0,34
2017-11-28,AJG-FANG,-10051.488258361816,250000.0,34
2017-11-28,NSC-WAB,0.0,250000.0,34
2017-11-29,NSC-WAB,-4428.533462524414,250000.0,34
2017-11-29,PLD-STE,0.0,250000.0,34
2017-11-29,ACGL-CHRW,0.0,250000.0,34
2017-11-30,NSC-WAB,-3130.892921447754,250000.0,34
2017-11-30,PLD-STE,-1208.1896591186523,250000.0,34
2017-11-30,ACGL-CHRW,-8795.25942993164,250000.0,34
2017-11-30,NOC-RTX,0.0,250000.0,34
2017-11-30,FTV-RTX,0.0,250000.0,34
2017-12-01,NSC-WAB,-1617.9455947875977,250000.0,34
2017-12-01,PLD-STE,-439.87741470336914,250000.0,34
2017-12-01,ACGL-CHRW,-8204.410890579224,250000.0,34
2017-12-01,NOC-RTX,1451.9353942871094,250000.0,34
2017-12-01,FTV-RTX,2696.2750244140625,250000.0,34
2017-12-04,NSC-WAB,-4921.403709411621,250000.0,34
2017-12-04,PLD-STE,-548.9688301086426,250000.0,34
2017-12-04,ACGL-CHRW,-10775.508951187134,250000.0,34
2017-12-04,NOC-RTX,1793.2846221923828,250000.0,34
2017-12-04,FTV-RTX,2654.632125854492,250000.0,34
2017-12-04,CHRW-SYF,0.0,250000.0,34
2017-12-05,NSC-WAB,-3139.8957748413086,250000.0,34
2017-12-05,PLD-STE,-3132.2390937805176,250000.0,34
2017-12-05,NOC-RTX,745.1314239501953,250000.0,34
2017-12-05,FTV-RTX,1385.332046508789,250000.0,34
2017-12-05,CHRW-SYF,-382.4274158477783,250000.0,34
2017-12-05,APO-LEN,0.0,250000.0,34
2017-12-06,PLD-STE,-2222.9813957214355,250000.0,34
2017-12-06,NOC-RTX,-662.716064453125,250000.0,34
2017-12-06,FTV-RTX,-287.2715759277344,250000.0,34
2017-12-06,CHRW-SYF,1012.0009994506836,250000.0,34
2017-12-06,APO-LEN,347.3345031738281,250000.0,34
2017-12-07,PLD-STE,1197.1099472045898,250000.0,34
2017-12-07,NOC-RTX,-2661.912551879883,250000.0,34
2017-12-07,FTV-RTX,-2574.646011352539,250000.0,34
2017-12-07,CHRW-SYF,1769.0586280822754,250000.0,34
2017-12-07,APO-LEN,355.7687454223633,250000.0,34
2017-12-08,PLD-STE,2840.142192840576,250000.0,34
2017-12-08,NOC-RTX,-2938.035202026367,250000.0,34
2017-12-08,FTV-RTX,-3365.502243041992,250000.0,34
2017-12-08,CHRW-SYF,2206.2801265716553,250000.0,34
2017-12-11,NOC-RTX,-4157.396621704102,250000.0,34
2017-12-11,FTV-RTX,-4775.020645141602,250000.0,34
2017-12-11,CHRW-SYF,962.6435470581055,250000.0,34
2017-12-11,APO-LEN,0.0,250000.0,34
2017-12-12,NOC-RTX,-4011.344924926758,250000.0,34
2017-12-12,CHRW-SYF,2544.9796199798584,250000.0,34
2017-12-12,APO-LEN,-3161.8350524902344,250000.0,34
2017-12-13,APO-LEN,-430.03385162353516,250000.0,34
2017-12-13,HD-SYF,0.0,250000.0,34
2017-12-14,APO-LEN,407.65102767944336,250000.0,34
2017-12-14,HD-SYF,3662.9196395874023,250000.0,34
2017-12-15,APO-LEN,-508.03971099853516,250000.0,34
2017-12-15,HD-SYF,4390.014925003052,250000.0,34
2017-12-18,APO-LEN,517.7887496948242,250000.0,34
2017-12-19,APO-LEN,-263.63892364501953,250000.0,34
2017-12-19,PLD-STE,0.0,250000.0,34
2017-12-20,APO-LEN,1507.5229187011719,250000.0,34
2017-12-20,PLD-STE,1391.209774017334,250000.0,34
2017-12-21,APO-LEN,-3069.9236183166504,250000.0,34
2017-12-21,AJG-FANG,0.0,250000.0,34
2017-12-22,APO-LEN,-5190.039627075195,250000.0,34
2017-12-22,AJG-FANG,-5134.6469650268555,250000.0,34
2017-12-26,AJG-FANG,-6298.980587005615,250000.0,34
2017-12-27,AJG-FANG,1431.3533668518066,250000.0,34
2017-12-28,AJG-FANG,-543.0287780761719,250000.0,34
2017-12-29,AJG-FANG,-4379.306858062744,250000.0,34
2018-01-02,AJG-FANG,-15154.475368499756,250000.0,34
2018-01-02,DG-WRB,0.0,250000.0,34
2018-01-02,ALL-CSCO,0.0,250000.0,34
2018-01-03,AJG-FANG,-14613.37060546875,250000.0,34
2018-01-03,DG-WRB,-1994.9093379974365,250000.0,34
2018-01-03,ALL-CSCO,-1830.2548904418945,250000.0,34
2018-01-03,NOC-RTX,0.0,250000.0,34
2018-01-03,FTV-RTX,0.0,250000.0,34
2018-01-04,AJG-FANG,-12662.21057510376,250000.0,34
2018-01-04,DG-WRB,-2177.671398162842,250000.0,34
2018-01-04,ALL-CSCO,-5769.096603393555,250000.0,34
2018-01-04,NOC-RTX,235.07022094726562,250000.0,34
2018-01-04,F-RTX,0.0,250000.0,34
2018-01-05,DG-WRB,-3889.963539123535,250000.0,34
2018-01-05,NOC-RTX,-2095.4989624023438,250000.0,34
2018-01-05,F-RTX,-844.0205230712891,250000.0,34
2018-01-08,DG-WRB,-3727.4033794403076,250000.0,34
2017-12-01,NOC-SWK,0.0,250000.0,35
2017-12-04,NOC-SWK,-633.1060791015625,250000.0,35
2017-12-04,PAYX-PEG,0.0,250000.0,35
2017-12-04,PWR-STE,0.0,250000.0,35
2017-12-05,NOC-SWK,-1376.7924499511719,250000.0,35
2017-12-05,PWR-STE,694.1992797851562,250000.0,35
2017-12-05,IT-PLD,0.0,250000.0,35
2017-12-05,EXR-PLD,0.0,250000.0,35
2017-12-06,NOC-SWK,977.8805847167969,250000.0,35
2017-12-06,PWR-STE,1080.9391326904297,250000.0,35
2017-12-06,IT-PLD,-298.7623825073242,250000.0,35
2017-12-06,EXR-PLD,30.361164093017578,250000.0,35
2017-12-07,PWR-STE,-396.4270324707031,250000.0,35
2017-12-08,PWR-STE,-5665.753852844238,250000.0,35
2017-12-13,FTV-PRU,0.0,250000.0,35
2017-12-15,MCK-SMCI,0.0,250000.0,35
2017-12-18,MCK-SMCI,4199.872741699219,250000.0,35
2017-12-19,IT-PLD,0.0,250000.0,35
2017-12-19,EXR-PLD,0.0,250000.0,35
2017-12-20,IT-PLD,-1250.6002960205078,250000.0,35
2017-12-20,EXR-PLD,-519.2085189819336,250000.0,35
2017-12-21,IT-PLD,-1563.8406600952148,250000.0,35
2017-12-21,EXR-PLD,33.133811950683594,250000.0,35
2017-12-22,IT-PLD,1808.9603424072266,250000.0,35
2017-12-22,EXR-PLD,1890.8207168579102,250000.0,35
2017-12-26,IT-PLD,1648.0354461669922,250000.0,35
2017-12-26,EXR-PLD,866.0413665771484,250000.0,35
2017-12-27,IT-PLD,3676.2992401123047,250000.0,35
2017-12-27,EXR-PLD,1796.529426574707,250000.0,35
2017-12-28,EXR-PLD,3182.5423698425293,250000.0,35
2017-12-29,EXR-PLD,2645.7319259643555,250000.0,35
2018-01-02,EXR-PLD,3238.3890991210938,250000.0,35
2018-01-03,EXR-PLD,2504.2587280273438,250000.0,35
2018-01-03,CASY-MAR,0.0,250000.0,35
2018-01-03,PAYX-PGR,0.0,250000.0,35
2018-01-04,CASY-MAR,-7494.016708374023,250000.0,35
2018-01-04,PAYX-PGR,-2098.551986694336,250000.0,35
2018-01-04,PAYX-PEG,0.0,250000.0,35
2018-01-04,DOV-FTV,0.0,250000.0,35
2018-01-04,FTV-PRU,0.0,250000.0,35
2018-01-05,CASY-MAR,-6777.661849975586,250000.0,35
2018-01-05,PAYX-PGR,-475.9369430541992,250000.0,35
2018-01-05,PAYX-PEG,2616.519313812256,250000.0,35
2018-01-05,DOV-FTV,1672.0499992370605,250000.0,35
2018-01-08,CASY-MAR,-7034.575614929199,250000.0,35
2018-01-08,PAYX-PGR,1671.7340087890625,250000.0,35
2018-01-08,PAYX-PEG,4474.466770172119,250000.0,35
2018-01-08,DOV-FTV,2276.234966278076,250000.0,35
2018-01-08,NOC-SWK,0.0,250000.0,35
2018-01-08,PWR-STE,0.0,250000.0,35
2018-01-09,CASY-MAR,-3149.2287826538086,250000.0,35
2018-01-09,PAYX-PEG,4734.094371795654,250000.0,35
2018-01-09,NOC-SWK,608.3116455078125,250000.0,35
2018-01-09,PWR-STE,-3828.3664894104004,250000.0,35
2018-01-10,CASY-MAR,2608.680061340332,250000.0,35
2018-01-10,PAYX-PEG,4280.773323059082,250000.0,35
2018-01-10,NOC-SWK,1740.3479919433594,250000.0,35
2018-01-10,PWR-STE,-4752.6283531188965,250000.0,35
2018-01-10,FTV-PRU,0.0,250000.0,35
2018-01-11,CASY-MAR,541.4469528198242,250000.0,35
2018-01-11,NOC-SWK,1389.6729125976562,250000.0,35
2018-01-11,PWR-STE,-4598.600566864014,250000.0,35
2018-01-11,FTV-PRU,-1503.1391296386719,250000.0,35
2018-01-12,CASY-MAR,-3831.828498840332,250000.0,35
2018-01-12,FTV-PRU,1024.9212951660156,250000.0,35
2018-01-16,CASY-MAR,-2115.51261138916,250000.0,35
2018-01-16,FTV-PRU,3083.9075927734375,250000.0,35
2018-01-17,CASY-MAR,3453.7956466674805,250000.0,35
2018-01-17,FTV-PRU,3613.974678039551,250000.0,35
2018-01-18,CASY-MAR,361.14764404296875,250000.0,35
2018-01-18,FTV-PRU,2646.843437194824,250000.0,35
2018-01-19,CASY-MAR,9260.143867492676,250000.0,35
2018-01-19,FTV-PRU,1401.1561813354492,250000.0,35
2018-01-22,CASY-MAR,8759.323783874512,250000.0,35
2018-01-22,FTV-PRU,-597.4808578491211,250000.0,35
2018-01-23,CASY-MAR,7709.122131347656,250000.0,35
2018-01-23,FTV-PRU,3461.7737045288086,250000.0,35
2018-01-23,PAYX-PGR,0.0,250000.0,35
2018-01-23,EXR-PLD,0.0,250000.0,35
2018-01-24,CASY-MAR,3111.2768020629883,250000.0,35
2018-01-24,FTV-PRU,3488.568603515625,250000.0,35
2018-01-24,PAYX-PGR,129.51075744628906,250000.0,35
2018-01-24,EXR-PLD,1022.9083595275879,250000.0,35
2018-01-25,CASY-MAR,6373.093864440918,250000.0,35
2018-01-25,FTV-PRU,1948.0132369995117,250000.0,35
2018-01-25,PAYX-PGR,-360.0706100463867,250000.0,35
2018-01-25,EXR-PLD,1628.651523590088,250000.0,35
2018-01-26,CASY-MAR,1093.1490020751953,250000.0,35
2018-01-26,EXR-PLD,397.3852882385254,250000.0,35
2018-01-29,CASY-MAR,11203.608848571777,250000.0,35
2018-01-29,EXR-PLD,3207.021312713623,250000.0,35
2018-01-30,CASY-MAR,12957.465072631836,250000.0,35
2018-01-04,MSCI-TYL,0.0,250000.0,36
2018-01-05,MSCI-TYL,389.045654296875,250000.0,36
2018-01-05,CPAY-NSC,0.0,250000.0,36
2018-01-08,MSCI-TYL,-568.4264373779297,250000.0,36
2018-01-09,MSCI-TYL,-2196.7923889160156,250000.0,36
2018-01-10,MSCI-TYL,-1429.7313537597656,250000.0,36
2018-01-10,CPAY-VLO,0.0,250000.0,36
2018-01-10,BKNG-NI,0.0,250000.0,36
2018-01-11,MSCI-TYL,-3121.083984375,250000.0,36
2018-01-11,CPAY-VLO,-771.7439575195312,250000.0,36
2018-01-11,BKNG-NI,574.1222534179688,250000.0,36
2018-01-12,MSCI-TYL,-2388.4991455078125,250000.0,36
2018-01-12,BKNG-NI,700.3750152587891,250000.0,36
2018-01-16,BKNG-NI,287.9351806640625,250000.0,36
2018-01-17,BKNG-NI,2396.594997406006,250000.0,36
2018-01-18,BKNG-NI,-24.182090759277344,250000.0,36
2018-01-19,BKNG-NI,-907.7989158630371,250000.0,36
2018-01-31,CPAY-STLD,0.0,250000.0,36
2018-02-01,CPAY-STLD,2383.537700653076,250000.0,36
2018-02-02,CPAY-STLD,-885.2342071533203,250000.0,36
2018-02-05,CPAY-STLD,2667.2427940368652,250000.0,36
2018-02-05,CPAY-WFC,0.0,250000.0,36
2018-02-06,CPAY-STLD,4765.825134277344,250000.0,36
2018-02-06,CPAY-WFC,-6354.0297775268555,250000.0,36
2018-02-07,CPAY-STLD,5307.5188636779785,250000.0,36
2018-02-07,CPAY-WFC,-5129.117279052734,250000.0,36
2018-02-08,CPAY-WFC,-7123.113563537598,250000.0,36
2018-02-09,CPAY-WFC,-107.18202209472656,250000.0,36
2018-02-12,CPAY-WFC,-807.7889556884766,250000.0,36
2018-02-13,CPAY-WFC,4390.132354736328,250000.0,36
2018-02-14,CPAY-WFC,10580.253288269043,250000.0,36
2018-02-15,CPAY-WFC,11285.33895111084,250000.0,36
2018-02-16,CPAY-WFC,9131.938926696777,250000.0,36
2018-02-20,CPAY-WFC,8428.99649810791,250000.0,36
2018-02-21,CPAY-WFC,4018.354835510254,250000.0,36
2018-03-08,MSCI-TYL,0.0,250000.0,36
2018-03-09,MSCI-TYL,-2673.0765075683594,250000.0,36
2018-03-13,CPAY-KEY,0.0,250000.0,36
2018-03-14,CPAY-KEY,-5274.223329544067,250000.0,36
2018-03-14,CPAY-NSC,0.0,250000.0,36
2018-03-15,CPAY-KEY,-3995.7592735290527,250000.0,36
2018-03-15,CPAY-NSC,2852.4854736328125,250000.0,36
2018-03-16,CPAY-KEY,-6189.232647895813,250000.0,36
2018-03-16,CPAY-NSC,2534.4491271972656,250000.0,36
2018-03-19,CPAY-KEY,-1822.8170185089111,250000.0,36
2018-03-20,CPAY-KEY,-5643.194930076599,250000.0,36
2018-03-21,CPAY-KEY,-5611.185316085815,250000.0,36
2018-03-23,CPAY-HUBB,0.0,250000.0,36
2018-03-26,CPAY-HUBB,663.8192138671875,250000.0,36
2018-03-27,CPAY-HUBB,2302.117706298828,250000.0,36
2018-03-27,MSCI-TYL,0.0,250000.0,36
2018-03-28,MSCI-TYL,-1588.3854064941406,250000.0,36
2018-03-28,MSCI-TECH,0.0,250000.0,36
2018-02-05,COR-RVTY,0.0,250000.0,37
2018-02-05,DLTR-HPQ,0.0,250000.0,37
2018-02-06,COR-RVTY,4459.041389465332,250000.0,37
2018-02-06,DLTR-HPQ,-470.20103931427,250000.0,37
2018-02-07,COR-RVTY,853.7596893310547,250000.0,37
2018-02-07,DLTR-HPQ,-1619.8729419708252,250000.0,37
2018-02-08,COR-RVTY,-8721.540092468262,250000.0,37
2018-02-08,DLTR-HPQ,-13122.310452461243,250000.0,37
2018-02-09,COR-RVTY,-3649.834785461426,250000.0,37
2018-02-12,COR-RVTY,1657.2708206176758,250000.0,37
2018-02-13,COR-RVTY,-8084.759101867676,250000.0,37
2018-02-14,COR-RVTY,-2489.856513977051,250000.0,37
2018-02-15,COR-RVTY,-517.5712738037109,250000.0,37
2018-02-16,COR-RVTY,-2967.618621826172,250000.0,37
2018-02-16,ALGN-JKHY,0.0,250000.0,37
2018-02-26,A-CSCO,0.0,250000.0,37
2018-02-26,BAC-HLT,0.0,250000.0,37
2018-02-27,A-CSCO,-8096.836280822754,250000.0,37
2018-02-27,BAC-HLT,-6397.818241119385,250000.0,37
2018-02-28,BAC-HLT,-1972.8773460388184,250000.0,37
2018-03-01,BAC-HLT,-2557.1368293762207,250000.0,37
2018-03-01,ALGN-NTAP,0.0,250000.0,37
2018-03-02,BAC-HLT,-4933.32071685791,250000.0,37
2018-03-02,ALGN-NTAP,6161.776840209961,250000.0,37
2018-03-05,ALGN-NTAP,1751.3414688110352,250000.0,37
2018-03-06,ALGN-NTAP,-4488.273342132568,250000.0,37
2018-03-07,ALGN-NTAP,3161.4068908691406,250000.0,37
2018-03-08,ALGN-NTAP,5389.286403656006,250000.0,37
2018-03-09,ALGN-NTAP,2673.209945678711,250000.0,37
2018-03-12,ALGN-NTAP,8919.708106994629,250000.0,37
2018-03-13,ALGN-NTAP,2749.829261779785,250000.0,37
2018-03-14,ALGN-NTAP,6220.5610427856445,250000.0,37
2018-03-15,ALGN-NTAP,10176.375034332275,250000.0,37
2018-03-16,ALGN-NTAP,7047.334785461426,250000.0,37
2018-03-19,ALGN-NTAP,7346.677383422852,250000.0,37
2018-03-20,ALGN-NTAP,9596.383880615234,250000.0,37
2018-03-20,COR-RVTY,0.0,250000.0,37
2018-03-21,ALGN-NTAP,6079.149253845215,250000.0,37
2018-03-21,COR-RVTY,1848.8764953613281,250000.0,37
2018-03-22,ALGN-NTAP,5754.113700866699,250000.0,37
2018-03-22,COR-RVTY,3275.4199600219727,250000.0,37
2018-03-23,ALGN-NTAP,2220.5692596435547,250000.0,37
2018-03-23,BAC-BR,0.0,250000.0,37
2018-03-23,A-BAC,0.0,250000.0,37
2018-03-26,ALGN-NTAP,2213.8657836914062,250000.0,37
2018-03-26,BAC-BR,646.0420608520508,250000.0,37
2018-03-26,A-BAC,2260.059295654297,250000.0,37
2018-03-27,BAC-BR,-3970.5162048339844,250000.0,37
2018-03-27,A-BAC,-788.677433013916,250000.0,37
2018-03-28,BAC-BR,-4368.141021728516,250000.0,37
2018-03-28,A-BAC,515.1509208679199,250000.0,37
2018-03-28,A-CSCO,0.0,250000.0,37
2018-03-28,ALGN-NTAP,0.0,250000.0,37
2018-03-29,BAC-BR,-6417.256393432617,250000.0,37
2018-03-29,A-BAC,3642.47469329834,250000.0,37
2018-04-02,BAC-BR,-5789.820175170898,250000.0,37
2018-04-03,BAC-BR,-5051.069602966309,250000.0,37
2018-04-03,BSX-PODD,0.0,250000.0,37
2018-04-04,BAC-BR,-4507.803649902344,250000.0,37
2018-04-04,BSX-PODD,-4597.941068649292,250000.0,37
2018-04-05,BAC-BR,-2572.8392791748047,250000.0,37
2018-04-05,BSX-PODD,-2978.340030670166,250000.0,37
2018-04-06,BAC-BR,-1344.233741760254,250000.0,37
2018-04-06,BSX-PODD,-2815.7974224090576,250000.0,37
2018-04-09,BSX-PODD,-645.8559894561768,250000.0,37
2018-04-10,BSX-PODD,-988.3859119415283,250000.0,37
2018-04-11,BSX-PODD,-3091.6904296875,250000.0,37
2018-04-12,BSX-PODD,-5468.278781890869,250000.0,37
2018-04-13,BSX-PODD,-8393.671789169312,250000.0,37
2018-03-01,D-ESS,0.0,250000.0,38
2018-03-02,D-ESS,2436.38631439209,250000.0,38
2018-03-05,D-ESS,2412.129425048828,250000.0,38
2018-03-06,D-ESS,-4945.642784118652,250000.0,38
2018-03-15,D-ED,0.0,250000.0,38
2018-03-15,D-WEC,0.0,250000.0,38
2018-03-16,D-ED,-5566.803691864014,250000.0,38
2018-03-16,D-WEC,-4101.289810180664,250000.0,38
2018-03-19,D-WEC,-6375.505149841309,250000.0,38
2018-03-20,D-WEC,-7853.208435058594,250000.0,38
2018-03-21,D-GM,0.0,250000.0,38
2018-03-22,CASY-J,0.0,250000.0,38
2018-03-23,CASY-J,-5736.708831787109,250000.0,38
2018-03-23,A-RJF,0.0,250000.0,38
2018-03-26,CASY-J,2910.203887939453,250000.0,38
2018-03-26,A-RJF,-1138.1907348632812,250000.0,38
2018-03-26,FIX-PCAR,0.0,250000.0,38
2018-03-27,CASY-J,-2741.5744018554688,250000.0,38
2018-03-27,A-RJF,-2102.1519737243652,250000.0,38
2018-03-27,FIX-PCAR,1299.3027439117432,250000.0,38
2018-03-27,NVDA-TYL,0.0,250000.0,38
2018-03-27,CASY-ES,0.0,250000.0,38
2018-03-28,CASY-J,-367.3977813720703,250000.0,38
2018-03-28,A-RJF,470.4991798400879,250000.0,38
2018-03-28,FIX-PCAR,1999.3148174285889,250000.0,38
2018-03-28,NVDA-TYL,584.863452911377,250000.0,38
2018-03-28,CASY-ES,768.4808387756348,250000.0,38
2018-03-29,A-RJF,4054.612350463867,250000.0,38
2018-03-29,FIX-PCAR,-104.17500686645508,250000.0,38
2018-03-29,NVDA-TYL,1790.1077008247375,250000.0,38
2018-03-29,CASY-ES,1051.3030586242676,250000.0,38
2018-04-02,A-RJF,3946.261028289795,250000.0,38
2018-04-02,FIX-PCAR,1420.088222503662,250000.0,38
2018-04-02,NVDA-TYL,2703.5965490341187,250000.0,38
2018-04-02,CASY-ES,1576.7470664978027,250000.0,38
2018-04-03,A-RJF,3578.982509613037,250000.0,38
2018-04-03,FIX-PCAR,1972.5815696716309,250000.0,38
2018-04-03,NVDA-TYL,3292.727620601654,250000.0,38
2018-04-03,CASY-ES,-1168.4038848876953,250000.0,38
2018-04-04,A-RJF,5249.244483947754,250000.0,38
2018-04-04,NVDA-TYL,526.6366076469421,250000.0,38
2018-04-04,CASY-ES,-1731.9222145080566,250000.0,38
2018-04-04,PODD-TJX,0.0,250000.0,38
2018-04-05,A-RJF,5101.144691467285,250000.0,38
2018-04-05,NVDA-TYL,-2418.592276573181,250000.0,38
2018-04-05,CASY-ES,-5622.199535369873,250000.0,38
2018-04-05,PODD-TJX,-772.8600769042969,250000.0,38
2018-04-06,A-RJF,2543.7247352600098,250000.0,38
2018-04-06,NVDA-TYL,-4602.8666162490845,250000.0,38
2018-04-06,CASY-ES,-4522.825160980225,250000.0,38
2018-04-06,PODD-TJX,744.4157409667969,250000.0,38
2018-04-09,NVDA-TYL,-6735.264623165131,250000.0,38
2018-04-09,CASY-ES,-4551.052169799805,250000.0,38
2018-04-09,PODD-TJX,4842.693832397461,250000.0,38
2018-04-10,NVDA-TYL,-2808.1427526474,250000.0,38
2018-04-10,CASY-ES,-2749.3119773864746,250000.0,38
2018-04-11,EMR-MRVL,0.0,250000.0,38
2018-04-12,EMR-MRVL,-516.9708347320557,250000.0,38
2018-04-13,EMR-MRVL,4804.449987411499,250000.0,38
2018-04-16,EMR-MRVL,8836.799821853638,250000.0,38
2018-04-17,EMR-MRVL,5071.928358078003,250000.0,38
2018-05-22,CASY-IVZ,0.0,250000.0,38
2018-05-29,A-RJF,0.0,250000.0,38
2018-05-30,A-RJF,4098.970409393311,250000.0,38
2018-05-31,A-RJF,2073.6372604370117,250000.0,38
2018-05-31,D-GM,0.0,250000.0,38
2018-04-02,EL-TECH,0.0,250000.0,39
2018-04-03,EL-TECH,436.9320831298828,250000.0,39
2018-04-04,EL-TECH,242.95518493652344,250000.0,39
2018-04-05,EL-TECH,649.0966186523438,250000.0,39
2018-04-06,EL-TECH,-2685.497543334961,250000.0,39
2018-04-09,EL-TECH,-1066.6457977294922,250000.0,39
2018-04-10,EL-TECH,767.3832550048828,250000.0,39
2018-04-11,EL-TECH,1435.9541931152344,250000.0,39
2018-04-11,MA-MSI,0.0,250000.0,39
2018-04-12,EL-TECH,2309.2014770507812,250000.0,39
2018-04-12,MA-MSI,1695.2872467041016,250000.0,39
2018-04-13,MA-MSI,2460.482063293457,250000.0,39
2018-04-16,MA-MSI,-940.8922882080078,250000.0,39
2018-04-17,MA-MSI,1125.2880554199219,250000.0,39
2018-04-18,MA-MSI,861.3599090576172,250000.0,39
2018-04-19,MA-MSI,1897.8228454589844,250000.0,39
2018-04-20,MA-MSI,-403.9297180175781,250000.0,39
2018-04-23,MA-MSI,-907.780158996582,250000.0,39
2018-04-24,MA-MSI,-3470.6566009521484,250000.0,39
2018-04-25,MA-MSI,-4007.7526321411133,250000.0,39
2018-05-21,TYL-ZTS,0.0,250000.0,39
2018-05-22,TYL-ZTS,1687.7447357177734,250000.0,39
2018-05-22,ETN-ORLY,0.0,250000.0,39
2018-05-23,TYL-ZTS,1983.0992279052734,250000.0,39
2018-05-23,ETN-ORLY,3782.6441917419434,250000.0,39
2018-05-24,TYL-ZTS,3774.2118530273438,250000.0,39
2018-05-24,ETN-ORLY,1487.2991275787354,250000.0,39
2018-05-25,ETN-ORLY,2120.1165466308594,250000.0,39
2018-05-25,IQV-ON,0.0,250000.0,39
2018-05-29,IQV-ON,411.9510841369629,250000.0,39
2018-05-30,IQV-ON,2561.7427253723145,250000.0,39
2018-05-31,IQV-ON,3082.092559814453,250000.0,39
2018-06-01,IQV-ON,942.3784084320068,250000.0,39
2018-06-04,IQV-ON,-1555.5789699554443,250000.0,39
2018-06-05,IQV-ON,-166.9064598083496,250000.0,39
2018-06-05,MSI-STE,0.0,250000.0,39
2018-06-06,IQV-ON,4887.681200027466,250000.0,39
2018-06-06,MSI-STE,-1445.115493774414,250000.0,39
2018-06-07,IQV-ON,7857.475803375244,250000.0,39
2018-06-07,MSI-STE,-1156.712287902832,250000.0,39
2018-06-07,TYL-ZTS,0.0,250000.0,39
2018-06-08,MSI-STE,3083.9228515625,250000.0,39
2018-06-08,TYL-ZTS,-792.9562301635742,250000.0,39
2018-06-11,MSI-STE,3159.9536743164062,250000.0,39
2018-06-11,TYL-ZTS,-1282.8174591064453,250000.0,39
2018-06-12,MSI-STE,-540.1390838623047,250000.0,39
2018-06-12,TYL-ZTS,1243.9523010253906,250000.0,39
2018-06-13,MSI-STE,-3039.586685180664,250000.0,39
2018-06-13,TYL-ZTS,269.52537536621094,250000.0,39
2018-06-14,MSI-STE,-2004.2502136230469,250000.0,39
2018-06-14,TYL-ZTS,-1176.6902542114258,250000.0,39
2018-06-15,MSI-STE,-4867.3442459106445,250000.0,39
2018-06-15,TYL-ZTS,-4466.15811920166,250000.0,39
2018-06-18,MSI-STE,-3803.591583251953,250000.0,39
2018-06-18,TYL-ZTS,-2852.9350357055664,250000.0,39
2018-06-18,CPAY-NTAP,0.0,250000.0,39
2018-06-19,TYL-ZTS,2241.0699157714844,250000.0,39
2018-06-19,CPAY-NTAP,-237.86109924316406,250000.0,39
2018-06-19,IQV-MCHP,0.0,250000.0,39
2018-06-20,CPAY-NTAP,-2659.64412689209,250000.0,39
2018-06-20,IQV-MCHP,3415.8716583251953,250000.0,39
2018-06-21,CPAY-NTAP,1838.402488708496,250000.0,39
2018-06-21,IQV-MCHP,609.6529731750488,250000.0,39
2018-06-21,SYY-VRSK,0.0,250000.0,39
2018-06-22,CPAY-NTAP,4340.703010559082,250000.0,39
2018-06-22,IQV-MCHP,-289.5313415527344,250000.0,39
2018-06-22,SYY-VRSK,1351.6977577209473,250000.0,39
2018-06-22,CVX-MCHP,0.0,250000.0,39
2018-06-25,CPAY-NTAP,14952.750061035156,250000.0,39
2018-06-25,IQV-MCHP,2574.4974517822266,250000.0,39
2018-06-25,SYY-VRSK,-2522.0995025634766,250000.0,39
2018-06-25,CVX-MCHP,-7383.339332580566,250000.0,39
2018-06-26,IQV-MCHP,2762.0668907165527,250000.0,39
2018-06-26,SYY-VRSK,-3316.675594329834,250000.0,39
2018-06-26,CVX-MCHP,-8954.116985321045,250000.0,39
2018-06-26,ISRG-TROW,0.0,250000.0,39
2018-06-27,IQV-MCHP,3629.4190368652344,250000.0,39
2018-06-27,SYY-VRSK,-3466.726303100586,250000.0,39
2018-06-27,ISRG-TROW,-3758.2706909179688,250000.0,39
2018-06-27,EL-TECH,0.0,250000.0,39
2018-06-28,IQV-MCHP,2033.0815963745117,250000.0,39
2018-06-28,SYY-VRSK,-3192.0553283691406,250000.0,39
2018-06-28,EL-TECH,4775.720703125,250000.0,39
2018-06-29,IQV-MCHP,802.3440780639648,250000.0,39
2018-06-29,SYY-VRSK,-277.78607177734375,250000.0,39
2018-06-29,EL-TECH,6002.669921875,250000.0,39
2018-05-10,FIX-V,0.0,250000.0,40
2018-05-11,FIX-V,2298.88973236084,250000.0,40
2018-05-14,FIX-V,2223.48575592041,250000.0,40
2018-05-15,FIX-V,2013.6503219604492,250000.0,40
2018-05-16,FIX-V,-971.5250015258789,250000.0,40
2018-05-17,FIX-V,-3492.8552627563477,250000.0,40
2018-05-18,FIX-V,-3356.8479537963867,250000.0,40
2018-05-21,FIX-V,-3458.3118438720703,250000.0,40
2018-05-22,FIX-V,-1730.4542541503906,250000.0,40
2018-05-23,FIX-V,1185.2588653564453,250000.0,40
2018-05-24,FIX-V,-155.87425231933594,250000.0,40
2018-05-24,NRG-OXY,0.0,250000.0,40
2018-05-25,NRG-OXY,-2879.3872108459473,250000.0,40
2018-05-29,NRG-OXY,-3727.5821647644043,250000.0,40
2018-05-29,EFX-MS,0.0,250000.0,40
2018-05-30,NRG-OXY,691.4085350036621,250000.0,40
2018-05-30,EFX-MS,4176.389762878418,250000.0,40
2018-05-31,NRG-OXY,1667.8682899475098,250000.0,40
2018-05-31,EFX-MS,828.6435928344727,250000.0,40
2018-06-01,NRG-OXY,5397.73352432251,250000.0,40
2018-06-01,EFX-MS,5708.025924682617,250000.0,40
2018-06-01,HCA-VRTX,0.0,250000.0,40
2018-06-04,EFX-MS,3814.4489936828613,250000.0,40
2018-06-04,HCA-VRTX,-3936.758087158203,250000.0,40
2018-06-04,CTAS-LVS,0.0,250000.0,40
2018-06-05,EFX-MS,-1087.9787635803223,250000.0,40
2018-06-06,EFX-MS,-5786.82995223999,250000.0,40
2018-06-06,L-V,0.0,250000.0,40
2018-06-07,EFX-MS,-7181.187355041504,250000.0,40
2018-06-07,LOW-PG,0.0,250000.0,40
2018-06-08,EFX-MS,-10244.345272064209,250000.0,40
2018-06-08,LOW-PG,-3703.6754722595215,250000.0,40
2018-06-11,EFX-MS,-6034.65043258667,250000.0,40
2018-06-11,LOW-PG,-4569.194477081299,250000.0,40
2018-06-12,EFX-MS,-8638.255531311035,250000.0,40
2018-06-12,LOW-PG,-3612.41609954834,250000.0,40
2018-06-13,LOW-PG,-2146.0873794555664,250000.0,40
2018-06-14,LOW-PG,-872.3808746337891,250000.0,40
2018-06-15,LOW-PG,-5437.582332611084,250000.0,40
2018-06-18,KEYS-TMO,0.0,250000.0,40
2018-06-19,KEYS-TMO,-3214.0875091552734,250000.0,40
2018-06-20,KEYS-TMO,-4361.241226196289,250000.0,40
2018-06-21,FIX-V,0.0,250000.0,40
2018-06-22,FIX-V,-1856.4943389892578,250000.0,40
2018-06-25,DGX-SNPS,0.0,250000.0,40
2018-06-25,KEYS-WST,0.0,250000.0,40
2018-06-25,CTAS-LVS,0.0,250000.0,40
2018-06-26,DGX-SNPS,1250.6916427612305,250000.0,40
2018-06-26,KEYS-WST,468.3719787597656,250000.0,40
2018-06-26,CTAS-LVS,3265.7862243652344,250000.0,40
2018-06-27,DGX-SNPS,-1633.2034149169922,250000.0,40
2018-06-27,KEYS-WST,-1110.5659790039062,250000.0,40
2018-06-27,CTAS-LVS,1750.5577239990234,250000.0,40
2018-06-27,NRG-TECH,0.0,250000.0,40
2018-06-28,DGX-SNPS,-218.3979949951172,250000.0,40
2018-06-28,KEYS-WST,-566.5915222167969,250000.0,40
2018-06-28,CTAS-LVS,-765.9804611206055,250000.0,40
2018-06-28,NRG-TECH,2332.604934692383,250000.0,40
2018-06-29,DGX-SNPS,1860.153450012207,250000.0,40
2018-06-29,KEYS-WST,1060.3023376464844,250000.0,40
2018-06-29,CTAS-LVS,2277.57710647583,250000.0,40
2018-06-29,NRG-TECH,3763.6573181152344,250000.0,40
2018-07-02,DGX-SNPS,3869.473846435547,250000.0,40
2018-07-02,KEYS-WST,-1775.9214782714844,250000.0,40
2018-07-02,NRG-TECH,3462.2587890625,250000.0,40
2018-07-03,DGX-SNPS,3709.7693939208984,250000.0,40
2018-07-03,KEYS-WST,-727.4693603515625,250000.0,40
2018-07-03,NRG-TECH,3230.393081665039,250000.0,40
2018-07-05,DGX-SNPS,5230.656791687012,250000.0,40
2018-07-05,KEYS-WST,413.0924377441406,250000.0,40
2018-07-05,NRG-TECH,4294.67936706543,250000.0,40
2018-07-06,KEYS-WST,2659.437225341797,250000.0,40
2018-07-06,NRG-TECH,6756.244293212891,250000.0,40
2018-07-09,KEYS-WST,3223.080352783203,250000.0,40
2018-07-09,NRG-TECH,12051.449768066406,250000.0,40
2018-07-09,NRG-ULTA,0.0,250000.0,40
2018-07-10,KEYS-WST,2073.548797607422,250000.0,40
2018-07-10,NRG-TECH,11297.017364501953,250000.0,40
2018-07-10,NRG-ULTA,105.74963188171387,250000.0,40
2018-07-11,KEYS-WST,1422.4797973632812,250000.0,40
2018-07-11,NRG-TECH,10981.885330200195,250000.0,40
2018-07-11,NRG-ULTA,-494.51160430908203,250000.0,40
2018-07-12,KEYS-WST,2204.158966064453,250000.0,40
2018-07-12,NRG-TECH,10744.97250366211,250000.0,40
2018-07-12,NRG-ULTA,6945.682800292969,250000.0,40
2018-07-13,KEYS-WST,1033.0334167480469,250000.0,40
2018-07-13,NRG-TECH,10131.158508300781,250000.0,40
2018-07-13,NRG-ULTA,867.6513500213623,250000.0,40
2018-07-16,NRG-TECH,5822.969177246094,250000.0,40
2018-07-17,NRG-TECH,7057.602249145508,250000.0,40
2018-07-18,NRG-TECH,5996.134750366211,250000.0,40
2018-07-19,NRG-TECH,9401.835235595703,250000.0,40
2018-06-04,CDNS-NSC,0.0,250000.0,41
2018-06-05,CDNS-NSC,-2524.819362640381,250000.0,41
2018-06-06,CDNS-NSC,-2508.239459991455,250000.0,41
2018-06-06,PHM-TEL,0.0,250000.0,41
2018-06-06,AKAM-SPGI,0.0,250000.0,41
2018-06-06,EFX-GD,0.0,250000.0,41
2018-06-07,CDNS-NSC,-2106.1505126953125,250000.0,41
2018-06-07,PHM-TEL,-539.6471481323242,250000.0,41
2018-06-07,AKAM-SPGI,1584.4560012817383,250000.0,41
2018-06-07,EFX-GD,-1749.9991989135742,250000.0,41
2018-06-08,CDNS-NSC,1279.5690536499023,250000.0,41
2018-06-08,PHM-TEL,-2362.125663757324,250000.0,41
2018-06-08,AKAM-SPGI,561.5959625244141,250000.0,41
2018-06-08,EFX-GD,-4648.219100952148,250000.0,41
2018-06-11,CDNS-NSC,3619.886032104492,250000.0,41
2018-06-11,PHM-TEL,-1616.7816543579102,250000.0,41
2018-06-11,AKAM-SPGI,905.0743103027344,250000.0,41
2018-06-11,EFX-GD,775.227294921875,250000.0,41
2018-06-12,CDNS-NSC,2768.1867637634277,250000.0,41
2018-06-12,PHM-TEL,-3841.5320434570312,250000.0,41
2018-06-12,EFX-GD,-3597.4280319213867,250000.0,41
2018-06-13,CDNS-NSC,-1006.6547241210938,250000.0,41
2018-06-13,PHM-TEL,1581.6808242797852,250000.0,41
2018-06-13,EFX-GD,-2789.4616088867188,250000.0,41
2018-06-14,CDNS-NSC,-3703.328624725342,250000.0,41
2018-06-14,PHM-TEL,-4024.162353515625,250000.0,41
2018-06-14,EFX-GD,-8250.407196044922,250000.0,41
2018-06-14,DOV-RTX,0.0,250000.0,41
2018-06-15,CDNS-NSC,-2086.9139976501465,250000.0,41
2018-06-15,PHM-TEL,-2344.6693267822266,250000.0,41
2018-06-15,DOV-RTX,2152.6331787109375,250000.0,41
2018-06-18,CDNS-NSC,-4222.2155685424805,250000.0,41
2018-06-18,PHM-TEL,1044.6157608032227,250000.0,41
2018-06-18,DOV-RTX,101.57814025878906,250000.0,41
2018-06-19,PHM-TEL,5410.312255859375,250000.0,41
2018-06-19,DOV-RTX,-767.9897842407227,250000.0,41
2018-06-20,PHM-TEL,5743.943405151367,250000.0,41
2018-06-20,DOV-RTX,-3775.051170349121,250000.0,41
2018-06-20,AMT-WM,0.0,250000.0,41
2018-06-20,APD-PLD,0.0,250000.0,41
2018-06-21,DOV-RTX,-3075.253547668457,250000.0,41
2018-06-21,AMT-WM,-3181.2840270996094,250000.0,41
2018-06-21,APD-PLD,-992.7336730957031,250000.0,41
2018-06-22,DOV-RTX,-4517.838684082031,250000.0,41
2018-06-22,AMT-WM,-2517.742416381836,250000.0,41
2018-06-22,APD-PLD,-51.5800895690918,250000.0,41
2018-06-25,DOV-RTX,-3620.1381759643555,250000.0,41
2018-06-25,AMT-WM,-2363.026351928711,250000.0,41
2018-06-25,APD-PLD,-2767.6651725769043,250000.0,41
2018-06-26,AMT-WM,-3770.453269958496,250000.0,41
2018-06-26,APD-PLD,-2154.0828437805176,250000.0,41
2018-06-27,APD-PLD,-4694.165187835693,250000.0,41
2018-06-27,AKAM-SPGI,0.0,250000.0,41
2018-06-28,APD-PLD,-6312.219463348389,250000.0,41
2018-06-28,AKAM-SPGI,-2263.095230102539,250000.0,41
2018-06-29,APD-PLD,-7244.2416915893555,250000.0,41
2018-06-29,AKAM-SPGI,-1038.4871063232422,250000.0,41
2018-07-02,APD-PLD,-3034.5673599243164,250000.0,41
2018-07-02,AKAM-SPGI,804.4923477172852,250000.0,41
2018-07-03,APD-PLD,-5819.71951675415,250000.0,41
2018-07-03,AKAM-SPGI,2360.3981170654297,250000.0,41
2018-07-05,AKAM-SPGI,1.5940017700195312,250000.0,41
2018-07-06,AKAM-SPGI,-300.3242874145508,250000.0,41
2018-07-09,AKAM-SPGI,-1574.1450653076172,250000.0,41
2018-07-09,PHM-ROL,0.0,250000.0,41
2018-07-10,AKAM-SPGI,-3201.0043411254883,250000.0,41
2018-07-10,PHM-ROL,32.320823669433594,250000.0,41
2018-07-11,AKAM-SPGI,-1509.3939208984375,250000.0,41
2018-07-11,PHM-ROL,-280.1356506347656,250000.0,41
2018-07-12,PHM-ROL,-3901.313919067383,250000.0,41
2018-07-13,PHM-ROL,-1190.9620819091797,250000.0,41
2018-07-16,PHM-ROL,-658.6154174804688,250000.0,41
2018-07-17,PHM-ROL,-899.1283645629883,250000.0,41
2018-07-18,PHM-ROL,-3534.769729614258,250000.0,41
2018-07-19,PHM-ROL,-3816.385940551758,250000.0,41
2018-08-13,PHM-VRTX,0.0,250000.0,41
2018-08-14,PHM-VRTX,2501.6487579345703,250000.0,41
2018-08-15,PHM-VRTX,-2367.130796432495,250000.0,41
2018-08-16,PHM-VRTX,2361.687812805176,250000.0,41
2018-08-16,FLEX-LMT,0.0,250000.0,41
2018-08-17,PHM-VRTX,4209.993743896484,250000.0,41
2018-08-17,FLEX-LMT,2308.1643962860107,250000.0,41
2018-08-20,PHM-VRTX,3930.7361011505127,250000.0,41
2018-08-20,FLEX-LMT,3558.5218238830566,250000.0,41
2018-08-21,FLEX-LMT,4777.107782363892,250000.0,41
2018-08-21,PHM-ROL,0.0,250000.0,41
2018-08-22,PHM-ROL,880.9205455780029,250000.0,41
2018-08-23,PHM-ROL,2855.8205947875977,250000.0,41
2018-08-24,PHM-ROL,1975.3897342681885,250000.0,41
2018-08-27,PHM-ROL,-4207.863147735596,250000.0,41
2018-08-28,PHM-ROL,-1792.7522048950195,250000.0,41
2018-08-28,AMT-WM,0.0,250000.0,41
2018-08-29,PHM-ROL,-2008.3961067199707,250000.0,41
2018-08-29,AMT-WM,-22.517723083496094,250000.0,41
2018-08-30,PHM-ROL,-1067.1931819915771,250000.0,41
2018-08-31,PHM-ROL,-1489.0544528961182,250000.0,41
2018-07-03,CDW-NDAQ,0.0,250000.0,42
2018-07-05,CDW-NDAQ,1299.4688034057617,250000.0,42
2018-07-06,CDW-NDAQ,-1444.4882183074951,250000.0,42
2018-07-09,CDW-NDAQ,271.9896583557129,250000.0,42
2018-07-09,AME-EMR,0.0,250000.0,42
2018-07-10,CDW-NDAQ,-2217.1817207336426,250000.0,42
2018-07-10,AME-EMR,24.449554443359375,250000.0,42
2018-07-11,CDW-NDAQ,54.05147171020508,250000.0,42
2018-08-15,ALL-NEM,0.0,250000.0,42
2018-08-24,CMI-PH,0.0,250000.0,42
2018-08-24,CDW-NDAQ,0.0,250000.0,42
2018-08-27,CDW-NDAQ,258.4525394439697,250000.0,42
2018-08-28,CDW-NDAQ,625.3897819519043,250000.0,42
2018-08-29,CDW-NDAQ,1562.1349868774414,250000.0,42
2018-08-30,CDW-NDAQ,1618.6507472991943,250000.0,42
2018-08-30,AAPL-VRSK,0.0,250000.0,42
2018-08-31,CDW-NDAQ,-946.3026866912842,250000.0,42
2018-08-31,AAPL-VRSK,-987.9985389709473,250000.0,42
2018-09-04,AAPL-VRSK,1496.402172088623,250000.0,42
2018-09-05,AAPL-VRSK,1462.6753616333008,250000.0,42
2018-09-06,AME-EMR,0.0,250000.0,42
2018-09-07,AME-EMR,-624.9483642578125,250000.0,42
2018-09-07,ADI-VRSK,0.0,250000.0,42
2018-09-10,AME-EMR,-3904.510814666748,250000.0,42
2018-09-10,ADI-VRSK,70.35870361328125,250000.0,42
2018-09-11,AME-EMR,-4482.378791809082,250000.0,42
2018-09-11,ADI-VRSK,-1694.771583557129,250000.0,42
2018-09-12,AME-EMR,-2503.8606491088867,250000.0,42
2018-09-12,ADI-VRSK,-7004.154754638672,250000.0,42
2018-09-12,CMI-PH,0.0,250000.0,42
2018-09-13,AME-EMR,-4513.475715637207,250000.0,42
2018-09-13,ADI-VRSK,-7041.8417892456055,250000.0,42
2018-09-13,CMI-PH,-1396.3911590576172,250000.0,42
2018-09-14,AME-EMR,-5729.961112976074,250000.0,42
2018-09-14,ADI-VRSK,-4817.142112731934,250000.0,42
2018-09-14,CMI-PH,-2702.0072021484375,250000.0,42
2018-09-14,CMS-NI,0.0,250000.0,42
2018-09-14,ED-NI,0.0,250000.0,42
2018-09-14,SPGI-VRSK,0.0,250000.0,42
2018-09-17,AME-EMR,-4824.693153381348,250000.0,42
2018-09-17,CMI-PH,-280.9226837158203,250000.0,42
2018-09-17,CMS-NI,9879.535228729248,250000.0,42
2018-09-17,ED-NI,9210.106113433838,250000.0,42
2018-09-17,SPGI-VRSK,245.63018035888672,250000.0,42
2018-09-18,AME-EMR,-5401.923156738281,250000.0,42
2018-09-18,CMI-PH,146.94862365722656,250000.0,42
2018-09-18,CMS-NI,11995.619384765625,250000.0,42
2018-09-18,ED-NI,12336.850967407227,250000.0,42
2018-09-18,SPGI-VRSK,1550.297264099121,250000.0,42
2018-09-19,CMS-NI,14620.627258300781,250000.0,42
2018-09-19,SPGI-VRSK,-2748.716552734375,250000.0,42
2018-09-20,CMS-NI,10793.705093383789,250000.0,42
2018-09-20,SPGI-VRSK,-920.0601196289062,250000.0,42
2018-09-21,CMS-NI,12919.445762634277,250000.0,42
2018-09-21,SPGI-VRSK,-926.9954681396484,250000.0,42
2018-09-24,CMS-NI,12299.85013961792,250000.0,42
2018-09-24,SPGI-VRSK,234.2149658203125,250000.0,42
2018-09-25,CMS-NI,11119.264316558838,250000.0,42
2018-09-26,CMS-NI,10844.719055175781,250000.0,42
2018-09-27,CMS-NI,10210.316299438477,250000.0,42
2018-09-28,CMS-NI,8218.295162200928,250000.0,42
2018-09-28,SPGI-VRSK,0.0,250000.0,42
2018-08-01,BBY-VICI,0.0,250000.0,43
2018-08-20,EXPE-LUV,0.0,250000.0,43
2018-08-21,EXPE-LUV,1878.438720703125,250000.0,43
2018-08-22,EXPE-LUV,1935.838710784912,250000.0,43
2018-08-23,EXPE-LUV,335.50765228271484,250000.0,43
2018-08-24,EXPE-LUV,1277.210376739502,250000.0,43
2018-08-27,EXPE-LUV,2714.33455657959,250000.0,43
2018-08-28,EXPE-LUV,781.2313919067383,250000.0,43
2018-08-29,EXPE-LUV,2035.9722213745117,250000.0,43
2018-08-30,EXPE-LUV,2782.6242485046387,250000.0,43
2018-08-31,EXPE-LUV,201.7447624206543,250000.0,43
2018-09-04,TGT-TMO,0.0,250000.0,43
2018-09-05,TGT-TMO,942.6417541503906,250000.0,43
2018-09-06,TGT-TMO,-218.10986328125,250000.0,43
2018-09-07,TGT-TMO,267.0609893798828,250000.0,43
2018-09-10,TGT-TMO,672.2705993652344,250000.0,43
2018-09-10,TXT-WRB,0.0,250000.0,43
2018-09-11,TGT-TMO,661.1186065673828,250000.0,43
2018-09-11,TXT-WRB,971.5316162109375,250000.0,43
2018-09-12,TXT-WRB,1270.2881240844727,250000.0,43
2018-09-17,DG-ETR,0.0,250000.0,43
2018-09-17,BBY-VICI,0.0,250000.0,43
2018-09-18,BBY-VICI,-437.9054899215698,250000.0,43
2018-09-19,BBY-VICI,869.7195978164673,250000.0,43
2018-09-19,DG-ETR,0.0,250000.0,43
2018-09-19,DG-EVRG,0.0,250000.0,43
2018-09-20,DG-ETR,1495.879135131836,250000.0,43
2018-09-20,DG-EVRG,-891.8462791442871,250000.0,43
2018-09-21,DG-EVRG,1057.8569068908691,250000.0,43
2018-09-24,DG-EVRG,1195.3671264648438,250000.0,43
2018-09-25,DG-EVRG,-2812.0980834960938,250000.0,43
2018-10-02,TGT-TMO,0.0,250000.0,43
2018-10-03,TGT-TMO,-1100.7600402832031,250000.0,43
2018-10-04,TGT-TMO,288.8722229003906,250000.0,43
2018-10-04,EXPE-LUV,0.0,250000.0,43
2018-10-05,TGT-TMO,2261.708221435547,250000.0,43
2018-10-10,MAS-ROP,0.0,250000.0,43
2018-10-11,MAS-ROP,-5072.105735778809,250000.0,43
2018-10-12,MAS-ROP,845.7620887756348,250000.0,43
2018-10-15,MAS-ROP,1642.2536277770996,250000.0,43
2018-09-06,BX-TJX,0.0,250000.0,44
2018-09-07,BX-TJX,38.461429595947266,250000.0,44
2018-09-10,BX-TJX,2772.1108741760254,250000.0,44
2018-09-11,BX-TJX,1802.8775024414062,250000.0,44
2018-09-12,BX-TJX,3209.449031829834,250000.0,44
2018-09-27,BMY-RF,0.0,250000.0,44
2018-09-28,BMY-RF,-2711.9199028015137,250000.0,44
2018-10-01,BMY-RF,-5566.6998081207275,250000.0,44
2018-10-02,BMY-RF,-6778.338040351868,250000.0,44
2018-10-02,BMY-UHS,0.0,250000.0,44
2018-10-03,BMY-RF,-1751.054617881775,250000.0,44
2018-10-03,BMY-UHS,-631.0030517578125,250000.0,44
2018-10-03,HPE-HUM,0.0,250000.0,44
2018-10-04,BMY-RF,818.124135017395,250000.0,44
2018-10-04,BMY-UHS,-665.6354064941406,250000.0,44
2018-10-04,HPE-HUM,-2514.918312072754,250000.0,44
2018-10-05,BMY-RF,-992.7569274902344,250000.0,44
2018-10-05,BMY-UHS,-429.5870666503906,250000.0,44
2018-10-08,BMY-RF,461.1970682144165,250000.0,44
2018-10-08,BMY-UHS,225.81649780273438,250000.0,44
2018-10-09,BMY-RF,-1270.1767845153809,250000.0,44
2018-10-09,BMY-UHS,1755.4120635986328,250000.0,44
2018-10-10,BMY-RF,-2730.4991397857666,250000.0,44
2018-10-11,BMY-RF,-6082.555858612061,250000.0,44
2018-10-11,ATO-DVN,0.0,250000.0,44
2018-10-12,ATO-DVN,3071.0982971191406,250000.0,44
2018-10-15,ATO-DVN,651.1978607177734,250000.0,44
2018-10-16,ATO-DVN,9395.08585357666,250000.0,44
2018-10-17,ATO-DVN,1489.437484741211,250000.0,44
2018-10-18,ATO-DVN,-3704.419235229492,250000.0,44
2018-10-19,ATO-DVN,-2495.3014602661133,250000.0,44
2018-10-22,ATO-DVN,-3753.8545455932617,250000.0,44
2018-10-23,ATO-DVN,-12807.272087097168,250000.0,44
2018-11-09,BEN-CL,0.0,250000.0,44
2018-11-14,BX-PGR,0.0,250000.0,44
2018-11-15,BX-PGR,7041.953628540039,250000.0,44
2018-11-16,BX-PGR,7315.73575592041,250000.0,44
2018-11-19,BX-PGR,4158.750720977783,250000.0,44
2018-10-03,ECL-ETN,0.0,250000.0,45
2018-10-04,ECL-ETN,57.0230712890625,250000.0,45
2018-10-04,CF-PTC,0.0,250000.0,45
2018-10-04,GPN-TT,0.0,250000.0,45
2018-10-05,CF-PTC,294.79285430908203,250000.0,45
2018-10-05,GPN-TT,2013.1310119628906,250000.0,45
2018-10-05,CTSH-MTD,0.0,250000.0,45
2018-10-08,CF-PTC,-4777.100250244141,250000.0,45
2018-10-08,GPN-TT,-7497.17520904541,250000.0,45
2018-10-09,CF-PTC,-2043.3578491210938,250000.0,45
2018-10-09,GPN-TT,-5349.875747680664,250000.0,45
2018-10-10,GPN-TT,-4574.555236816406,250000.0,45
2018-10-10,PH-ROK,0.0,250000.0,45
2018-10-10,CTSH-MTD,0.0,250000.0,45
2018-10-11,GPN-TT,-924.1419296264648,250000.0,45
2018-10-11,PH-ROK,-843.9643249511719,250000.0,45
2018-10-11,CTSH-MTD,-5088.55712890625,250000.0,45
2018-10-11,DXCM-XYZ,0.0,250000.0,45
2018-10-12,PH-ROK,478.142822265625,250000.0,45
2018-10-12,CTSH-MTD,-4456.853790283203,250000.0,45
2018-10-12,DXCM-XYZ,10338.696800231934,250000.0,45
2018-10-15,PH-ROK,-910.9483642578125,250000.0,45
2018-10-15,CTSH-MTD,-5326.902160644531,250000.0,45
2018-10-15,DXCM-XYZ,12685.832691192627,250000.0,45
2018-10-16,CTSH-MTD,1631.8896484375,250000.0,45
2018-10-16,DXCM-XYZ,17629.306240081787,250000.0,45
2018-10-17,CTSH-MTD,3616.217041015625,250000.0,45
2018-10-17,DXCM-XYZ,16108.478923797607,250000.0,45
2018-10-18,CTSH-MTD,-1601.4181518554688,250000.0,45
2018-10-18,DXCM-XYZ,4580.098705291748,250000.0,45
2018-10-19,CTSH-MTD,-5178.8092041015625,250000.0,45
2018-10-19,DXCM-XYZ,7580.945781707764,250000.0,45
2018-10-22,CTSH-MTD,-5227.013854980469,250000.0,45
2018-10-22,DXCM-XYZ,9611.33736038208,250000.0,45
2018-10-23,CTSH-MTD,-12127.613525390625,250000.0,45
2018-10-23,DXCM-XYZ,4395.167278289795,250000.0,45
2018-10-24,DXCM-XYZ,-2821.7504539489746,250000.0,45
2018-10-25,DXCM-XYZ,10879.863231658936,250000.0,45
2018-10-26,DXCM-XYZ,2766.897392272949,250000.0,45
2018-11-15,CF-PTC,0.0,250000.0,45
2018-11-16,CF-PTC,7259.848388671875,250000.0,45
2018-11-20,ETN-PH,0.0,250000.0,45
2018-11-20,GPN-TT,0.0,250000.0,45
2018-11-21,ETN-PH,-2282.3085708618164,250000.0,45
2018-11-21,GPN-TT,3420.16845703125,250000.0,45
2018-11-23,ETN-PH,-3732.0275344848633,250000.0,45
2018-11-26,ETN-PH,-2581.369728088379,250000.0,45
2018-11-27,ETN-PH,-6379.96231842041,250000.0,45
2018-11-28,ETN-PH,-3075.7575912475586,250000.0,45
2018-11-28,CF-TKO,0.0,250000.0,45
2018-11-29,ETN-PH,-1400.4538650512695,250000.0,45
2018-11-29,CF-TKO,1740.3755722045898,250000.0,45
2018-11-30,ETN-PH,558.8004531860352,250000.0,45
2018-11-30,CF-TKO,-12635.984092712402,250000.0,45
2018-11-30,CTSH-VMC,0.0,250000.0,45
2018-11-30,CTSH-MAR,0.0,250000.0,45
2018-12-03,ETN-PH,2091.7028884887695,250000.0,45
2018-12-03,CF-TKO,-1443.665626525879,250000.0,45
2018-12-03,CTSH-VMC,-1417.5658912658691,250000.0,45
2018-12-04,ETN-PH,-2001.9003829956055,250000.0,45
2018-12-04,CF-TKO,-2054.8045654296875,250000.0,45
2018-12-04,CTSH-PNR,0.0,250000.0,45
2018-12-06,CF-TKO,-25555.348320007324,250000.0,45
2018-12-06,CTSH-PNR,-797.5447196960449,250000.0,45
2018-12-07,CF-TKO,-23342.72866821289,250000.0,45
2018-12-07,CTSH-PNR,-1875.0967979431152,250000.0,45
2018-12-10,CF-TKO,-24910.73519897461,250000.0,45
2018-12-10,CTSH-PNR,-579.5196647644043,250000.0,45
2018-12-11,CF-TKO,-22820.7564163208,250000.0,45
2018-12-11,CTSH-PNR,-436.46571350097656,250000.0,45
2018-12-12,CF-TKO,-14021.996070861816,250000.0,45
2018-12-12,CTSH-PNR,-2726.7257232666016,250000.0,45
2018-12-13,CTSH-PNR,-3890.002658843994,250000.0,45
2018-12-14,CTSH-PNR,-5243.228801727295,250000.0,45
2018-12-17,CTSH-PNR,-4856.941307067871,250000.0,45
2018-12-18,CTSH-PNR,-3232.185832977295,250000.0,45
2018-12-19,GPN-HON,0.0,250000.0,45
2018-12-20,GPN-HON,-1440.6258697509766,250000.0,45
2018-12-21,GPN-HON,-178.39581298828125,250000.0,45
2018-12-21,PH-ROK,0.0,250000.0,45
2018-12-24,PH-ROK,1361.0698776245117,250000.0,45
2018-12-26,PH-ROK,2760.9225006103516,250000.0,45
2018-12-27,PH-ROK,2223.967041015625,250000.0,45
2018-12-28,PH-ROK,3230.705123901367,250000.0,45
2018-11-12,GS-IRM,0.0,250000.0,46
2018-11-13,GS-IRM,-2692.8634910583496,250000.0,46
2018-11-14,GS-IRM,-5362.894268035889,250000.0,46
2018-11-15,GS-IRM,-5516.656074523926,250000.0,46
2018-11-16,GS-IRM,-13674.526229858398,250000.0,46
2018-11-19,GS-IRM,-15147.70450592041,250000.0,46
2018-11-20,GS-IRM,-20467.83737564087,250000.0,46
2018-11-21,GS-IRM,-14871.146751403809,250000.0,46
2018-11-23,GS-IRM,-17792.178546905518,250000.0,46
2018-11-26,GS-IRM,-18204.63649749756,250000.0,46
2018-11-30,FSLR-LUV,0.0,250000.0,46
2018-12-03,ALL-NKE,0.0,250000.0,46
2018-12-03,ALL-ROK,0.0,250000.0,46
2018-12-04,ALL-NKE,545.5848541259766,250000.0,46
2018-12-06,ALL-NKE,-2176.9533615112305,250000.0,46
2018-12-07,ALL-NKE,1434.3860168457031,250000.0,46
2018-12-10,ALL-NKE,2670.067581176758,250000.0,46
2018-12-11,ALL-NKE,-2854.2375259399414,250000.0,46
2018-12-12,ALL-NKE,-5501.453033447266,250000.0,46
2018-12-13,ALL-NKE,-5913.383842468262,250000.0,46
2018-12-13,FSLR-LUV,0.0,250000.0,46
2018-12-13,ALL-LOW,0.0,250000.0,46
2018-12-14,ALL-NKE,-8100.9472732543945,250000.0,46
2018-12-14,FSLR-LUV,5958.004299163818,250000.0,46
2018-12-14,ALL-LOW,-2300.884651184082,250000.0,46
2018-12-17,ALL-NKE,2646.2188110351562,250000.0,46
2018-12-17,ALL-LOW,8589.618019104004,250000.0,46
2018-12-18,ALL-NKE,2269.612991333008,250000.0,46
2018-12-18,ALL-LOW,10900.186637878418,250000.0,46
2018-12-18,ALL-TRMB,0.0,250000.0,46
2018-12-18,HUM-NTAP,0.0,250000.0,46
2018-12-19,ALL-TRMB,-2889.9201164245605,250000.0,46
2018-12-19,HUM-NTAP,-8480.763137817383,250000.0,46
2018-12-20,ALL-TRMB,-5758.977006912231,250000.0,46
2018-12-20,HUM-NTAP,-13832.176879882812,250000.0,46
2018-12-21,ALL-TRMB,-14346.997619628906,250000.0,46
2018-12-21,HUM-NTAP,-16946.821060180664,250000.0,46
2018-12-24,ALL-TRMB,-8911.907718658447,250000.0,46
2018-12-24,HUM-NTAP,-11984.122573852539,250000.0,46
2018-12-24,VRT-WM,0.0,250000.0,46
2018-12-26,ALL-TRMB,-9888.461406707764,250000.0,46
2018-12-26,HUM-NTAP,-3931.15714263916,250000.0,46
2018-12-27,ALL-TRMB,-8501.268241882324,250000.0,46
2018-12-27,HUM-NTAP,-6094.4731521606445,250000.0,46
2018-12-28,ALL-TRMB,-10197.298913955688,250000.0,46
2018-12-28,HUM-NTAP,-8480.44474029541,250000.0,46
2018-12-31,ALL-TRMB,-4759.546604156494,250000.0,46
2018-12-31,HUM-NTAP,-1564.1997985839844,250000.0,46
2019-01-03,FSLR-LUV,0.0,250000.0,46
2019-01-04,FSLR-LUV,-6701.638126373291,250000.0,46
2019-01-07,FSLR-LUV,-3144.092182159424,250000.0,46
2019-01-08,FSLR-LUV,-7860.726596832275,250000.0,46
2019-01-08,ALL-TRMB,0.0,250000.0,46
2019-01-08,ALL-LOW,0.0,250000.0,46
2019-01-09,FSLR-LUV,-4244.5465965271,250000.0,46
2019-01-09,ALL-TRMB,-3002.6071701049805,250000.0,46
2019-01-09,ALL-LOW,3482.543296813965,250000.0,46
2019-01-10,FSLR-LUV,-9892.917938232422,250000.0,46
2019-01-10,ALL-TRMB,-8722.910270690918,250000.0,46
2019-01-11,FSLR-LUV,-10882.777290344238,250000.0,46
2019-01-11,ALL-TRMB,-8389.606315612793,250000.0,46
2019-01-14,FSLR-LUV,-4478.471797943115,250000.0,46
2019-01-14,ALL-TRMB,-8124.313995361328,250000.0,46
2019-01-15,FSLR-LUV,-678.7367706298828,250000.0,46
2019-01-15,ALL-TRMB,-3991.2969360351562,250000.0,46
2019-01-16,FSLR-LUV,-2654.8496589660645,250000.0,46
2019-01-16,ALL-TRMB,-4024.1053161621094,250000.0,46
2019-01-17,FSLR-LUV,-5353.014289855957,250000.0,46
2019-01-17,ALL-TRMB,-7555.80143737793,250000.0,46
2019-01-18,FSLR-LUV,2926.3673515319824,250000.0,46
2019-01-18,ALL-TRMB,-10253.954368591309,250000.0,46
2019-01-22,ALL-TRMB,-1997.6466598510742,250000.0,46
2018-12-04,GL-VMC,0.0,250000.0,47
2018-12-04,ARE-FIX,0.0,250000.0,47
2018-12-06,GL-VMC,-17175.388664245605,250000.0,47
2018-12-06,ARE-FIX,-10328.981651306152,250000.0,47
2018-12-06,HD-PRU,0.0,250000.0,47
2018-12-07,ARE-FIX,-15770.948299407959,250000.0,47
2018-12-07,HD-PRU,-2070.4685668945312,250000.0,47
2018-12-10,ARE-FIX,-16249.356239318848,250000.0,47
2018-12-10,HD-PRU,-8684.883625030518,250000.0,47
2018-12-11,ARE-FIX,-10481.38521194458,250000.0,47
2018-12-11,HD-PRU,-12355.68964767456,250000.0,47
2018-12-12,ARE-FIX,-1841.558578491211,250000.0,47
2018-12-12,HD-PRU,-11671.708683013916,250000.0,47
2018-12-13,ARE-FIX,-9159.50061416626,250000.0,47
2018-12-13,HD-PRU,-11757.329326629639,250000.0,47
2018-12-14,ARE-FIX,-14071.193302154541,250000.0,47
2018-12-14,HD-PRU,-11751.25855255127,250000.0,47
2018-12-17,ARE-FIX,-8859.871467590332,250000.0,47
2018-12-17,HD-PRU,-10957.160549163818,250000.0,47
2018-12-17,HUBB-WST,0.0,250000.0,47
2018-12-18,ARE-FIX,-13093.169540405273,250000.0,47
2018-12-18,HD-PRU,-11637.082229614258,250000.0,47
2018-12-18,HUBB-WST,-786.0629348754883,250000.0,47
2018-12-19,HUBB-WST,-1017.1882400512695,250000.0,47
2018-12-19,HSY-MKC,0.0,250000.0,47
2018-12-20,HUBB-WST,-4110.090469360352,250000.0,47
2018-12-20,HSY-MKC,-625.5085220336914,250000.0,47
2018-12-21,HSY-MKC,361.2534408569336,250000.0,47
2018-12-21,DVA-LHX,0.0,250000.0,47
2018-12-24,HSY-MKC,5807.26628112793,250000.0,47
2018-12-24,DVA-LHX,577.483829498291,250000.0,47
2018-12-24,VRT-WM,0.0,250000.0,47
2018-12-24,ARE-FIX,0.0,250000.0,47
2018-12-26,HSY-MKC,2107.8321113586426,250000.0,47
2018-12-26,DVA-LHX,-3675.5937423706055,250000.0,47
2018-12-26,ARE-FIX,6798.822021484375,250000.0,47
2018-12-27,HSY-MKC,2612.033061981201,250000.0,47
2018-12-27,DVA-LHX,3363.300247192383,250000.0,47
2018-12-27,ARE-FIX,12835.048320770264,250000.0,47
2018-12-28,HSY-MKC,951.7608032226562,250000.0,47
2018-12-28,DVA-LHX,3379.7474098205566,250000.0,47
2018-12-31,HSY-MKC,-3023.6008834838867,250000.0,47
2019-01-02,HSY-MKC,-760.077465057373,250000.0,47
2019-01-02,ALGN-FLEX,0.0,250000.0,47
2019-01-03,ALGN-FLEX,-7784.048127174377,250000.0,47
2019-01-04,HD-PRU,0.0,250000.0,47
2019-01-07,HD-PRU,4074.7152214050293,250000.0,47
2019-01-08,HD-PRU,3588.281810760498,250000.0,47
2019-01-08,NXPI-VRSN,0.0,250000.0,47
2019-01-08,HUBB-WST,0.0,250000.0,47
2019-01-09,HD-PRU,1660.4492568969727,250000.0,47
2019-01-09,HUBB-WST,-3272.645179748535,250000.0,47
2019-01-10,HD-PRU,-378.92635345458984,250000.0,47
2019-01-10,HUBB-WST,-1355.9444580078125,250000.0,47
2019-01-11,HD-PRU,-1238.0192756652832,250000.0,47
2019-01-11,HUBB-WST,1636.0376434326172,250000.0,47
2019-01-14,HD-PRU,-4254.736988067627,250000.0,47
2019-01-14,HUBB-WST,3313.929473876953,250000.0,47
2019-01-15,HUBB-WST,-357.5499801635742,250000.0,47
2019-01-16,HUBB-WST,-864.8062438964844,250000.0,47
2019-01-17,HUBB-WST,2068.860420227051,250000.0,47
2019-01-18,HUBB-WST,1232.858787536621,250000.0,47
2019-01-18,CASY-MRSH,0.0,250000.0,47
2019-01-22,HUBB-WST,-2005.2322463989258,250000.0,47
2019-01-22,CASY-MRSH,1977.568603515625,250000.0,47
2019-01-23,CASY-MRSH,1932.8842163085938,250000.0,47
2019-01-24,CASY-MRSH,3114.8609924316406,250000.0,47
2019-01-24,CASY-KR,0.0,250000.0,47
2019-01-25,CASY-MRSH,1433.9320983886719,250000.0,47
2019-01-28,CASY-MRSH,1705.2128601074219,250000.0,47
2019-01-29,CASY-MRSH,1189.9329833984375,250000.0,47
2019-01-30,CASY-MRSH,-2495.788360595703,250000.0,47
2019-02-11,CASY-KR,0.0,250000.0,47
2019-02-22,HSY-MKC,0.0,250000.0,47
2019-02-25,HSY-MKC,2716.1286811828613,250000.0,47
2019-02-26,HSY-MKC,3987.929756164551,250000.0,47
2019-02-27,HSY-MKC,510.9184036254883,250000.0,47
2019-02-28,HSY-MKC,501.13935470581055,250000.0,47
2019-01-04,FTNT-SNPS,0.0,250000.0,48
2019-01-07,FTNT-SNPS,1587.3425903320312,250000.0,48
2019-01-07,KHC-TXT,0.0,250000.0,48
2019-01-08,FTNT-SNPS,3847.238136291504,250000.0,48
2019-01-08,KHC-TXT,5689.116588592529,250000.0,48
2019-01-09,FTNT-SNPS,4714.941581726074,250000.0,48
2019-01-09,KHC-TXT,6280.184734344482,250000.0,48
2019-01-10,FTNT-SNPS,2444.4080200195312,250000.0,48
2019-01-10,KHC-TXT,5721.4063358306885,250000.0,48
2019-01-11,FTNT-SNPS,2906.596778869629,250000.0,48
2019-01-11,KHC-TXT,6120.815483093262,250000.0,48
2019-01-14,FTNT-SNPS,1536.2602157592773,250000.0,48
2019-01-14,KHC-TXT,721.4549198150635,250000.0,48
2019-01-15,FTNT-SNPS,3691.1192321777344,250000.0,48
2019-01-15,KHC-TXT,-4202.005422592163,250000.0,48
2019-01-16,FTNT-SNPS,-2872.0434036254883,250000.0,48
2019-01-16,KHC-TXT,-4251.679605484009,250000.0,48
2019-01-17,FTNT-SNPS,-2743.1722869873047,250000.0,48
2019-01-17,KHC-TXT,-3120.043493270874,250000.0,48
2019-01-18,KHC-TXT,-2754.9503955841064,250000.0,48
2019-02-13,HST-USB,0.0,250000.0,48
2019-02-14,HST-USB,-1960.009271621704,250000.0,48
2019-02-15,HST-USB,-1528.800838470459,250000.0,48
2019-02-19,HST-USB,-31.885334014892578,250000.0,48
2019-02-21,HST-MTB,0.0,250000.0,48
2019-02-22,HST-MTB,-5174.111887931824,250000.0,48
2019-02-25,HST-MTB,-1003.4969253540039,250000.0,48
2019-02-26,HST-MTB,-2607.373641014099,250000.0,48
2019-02-27,HST-MTB,2762.9547910690308,250000.0,48
2019-02-27,SYY-VTRS,0.0,250000.0,48
2019-02-28,HST-MTB,2178.953073501587,250000.0,48
2019-02-28,SYY-VTRS,1987.3395462036133,250000.0,48
2019-03-01,HST-MTB,3684.7858686447144,250000.0,48
2019-03-01,SYY-VTRS,12061.417251586914,250000.0,48
2019-03-04,HST-MTB,981.4198226928711,250000.0,48
2019-03-04,SYY-VTRS,19894.79468345642,250000.0,48
2019-03-05,HST-MTB,243.8794174194336,250000.0,48
2019-03-05,SYY-VTRS,15268.615783691406,250000.0,48
2019-03-05,WTW-XYL,0.0,250000.0,48
2019-03-06,HST-MTB,-2430.259271621704,250000.0,48
2019-03-06,SYY-VTRS,13232.102645874023,250000.0,48
2019-03-07,HST-MTB,-1419.6609392166138,250000.0,48
2019-03-07,SYY-VTRS,12476.79499053955,250000.0,48
2019-03-07,SYY-TXT,0.0,250000.0,48
2019-03-08,SYY-VTRS,10799.031589508057,250000.0,48
2019-03-08,SYY-TXT,-3491.7700424194336,250000.0,48
2019-03-11,SYY-VTRS,13512.115756988525,250000.0,48
2019-03-11,SYY-TXT,-1860.1573181152344,250000.0,48
2019-03-12,SYY-VTRS,16589.92009162903,250000.0,48
2019-03-12,SYY-TXT,-1311.1007995605469,250000.0,48
2019-03-12,BR-FFIV,0.0,250000.0,48
2019-03-13,SYY-VTRS,16529.349756240845,250000.0,48
2019-03-13,SYY-TXT,-466.39598083496094,250000.0,48
2019-03-13,BR-FFIV,-1462.4865341186523,250000.0,48
2019-03-14,SYY-VTRS,22871.896856307983,250000.0,48
2019-03-14,SYY-TXT,-1665.6500854492188,250000.0,48
2019-03-14,BR-FFIV,-84.49722290039062,250000.0,48
2019-03-15,SYY-VTRS,23169.257362365723,250000.0,48
2019-03-15,SYY-TXT,-2346.7814865112305,250000.0,48
2019-03-15,BR-FFIV,865.7956314086914,250000.0,48
2019-03-18,SYY-VTRS,23315.344593048096,250000.0,48
2019-03-18,SYY-TXT,403.3812942504883,250000.0,48
2019-03-18,BR-FFIV,2345.996856689453,250000.0,48
2019-03-18,SYY-VRSK,0.0,250000.0,48
2019-03-19,SYY-TXT,-733.860710144043,250000.0,48
2019-03-19,BR-FFIV,2770.2742767333984,250000.0,48
2019-03-19,KHC-STZ,0.0,250000.0,48
2019-03-20,SYY-TXT,-224.6497039794922,250000.0,48
2019-03-20,BR-FFIV,3471.702079772949,250000.0,48
2019-03-20,KHC-STZ,-3866.1842041015625,250000.0,48
2019-03-21,SYY-TXT,-326.9435501098633,250000.0,48
2019-03-21,BR-FFIV,5704.23828125,250000.0,48
2019-03-21,KHC-STZ,1890.7479972839355,250000.0,48
2019-03-21,BR-DXCM,0.0,250000.0,48
2019-03-21,SYY-USB,0.0,250000.0,48
2019-03-22,BR-FFIV,3667.0981216430664,250000.0,48
2019-03-22,BR-DXCM,-11672.742736816406,250000.0,48
2019-03-22,SYY-USB,-5301.593528747559,250000.0,48
2019-03-25,BR-FFIV,1862.9896926879883,250000.0,48
2019-03-25,SYY-TXT,0.0,250000.0,48
2019-03-26,BR-FFIV,4061.99275970459,250000.0,48
2019-03-26,SYY-TXT,-15.628005981445312,250000.0,48
2019-03-27,BR-FFIV,2216.8686294555664,250000.0,48
2019-03-27,SYY-TXT,3014.4117279052734,250000.0,48
2019-03-27,SYY-VRSK,0.0,250000.0,48
2019-03-27,FTNT-SNPS,0.0,250000.0,48
2019-03-28,BR-FFIV,2295.253219604492,250000.0,48
2019-03-28,SYY-TXT,614.3599472045898,250000.0,48
2019-03-28,SYY-VRSK,1963.100112915039,250000.0,48
2019-03-28,FTNT-SNPS,-1555.027976989746,250000.0,48
2019-03-29,BR-FFIV,6046.6389083862305,250000.0,48
2019-03-29,SYY-TXT,191.28362274169922,250000.0,48
2019-03-29,FTNT-SNPS,857.8860626220703,250000.0,48
2019-02-01,CTAS-TJX,0.0,250000.0,49
2019-02-04,CTAS-TJX,-1787.3441848754883,250000.0,49
2019-02-05,CTAS-TJX,-2460.852378845215,250000.0,49
2019-02-06,CTAS-TJX,-4491.252777099609,250000.0,49
2019-02-19,ODFL-PAYX,0.0,250000.0,49
2019-02-20,ODFL-PAYX,-3025.570198059082,250000.0,49
2019-02-21,ODFL-PAYX,-2309.952537536621,250000.0,49
2019-02-22,ODFL-PAYX,-340.81614685058594,250000.0,49
2019-02-22,MMM-TSCO,0.0,250000.0,49
2019-02-25,ODFL-PAYX,-642.6352958679199,250000.0,49
2019-02-25,MMM-TSCO,-4644.85050201416,250000.0,49
2019-02-26,ODFL-PAYX,1350.411735534668,250000.0,49
2019-02-26,MMM-TSCO,-3262.3992233276367,250000.0,49
2019-02-27,ODFL-PAYX,3479.3226432800293,250000.0,49
2019-02-27,MMM-TSCO,-1401.4293403625488,250000.0,49
2019-02-28,ODFL-PAYX,4761.210865020752,250000.0,49
2019-02-28,MMM-TSCO,462.14204025268555,250000.0,49
2019-02-28,JPM-WM,0.0,250000.0,49
2019-03-01,ODFL-PAYX,3859.188591003418,250000.0,49
2019-03-01,MMM-TSCO,-668.270149230957,250000.0,49
2019-03-01,JPM-WM,648.8228530883789,250000.0,49
2019-03-01,A-KIM,0.0,250000.0,49
2019-03-04,ODFL-PAYX,5666.602165222168,250000.0,49
2019-03-04,MMM-TSCO,-2753.774829864502,250000.0,49
2019-03-04,A-KIM,1390.47993850708,250000.0,49
2019-03-05,MMM-TSCO,-237.5152244567871,250000.0,49
2019-03-06,MMM-TSCO,-2475.3521575927734,250000.0,49
2019-03-07,MMM-TSCO,1016.0653495788574,250000.0,49
2019-03-08,MMM-TSCO,-4960.205104827881,250000.0,49
2019-03-19,AMD-JCI,0.0,250000.0,49
2019-03-20,AMD-JCI,1487.5463676452637,250000.0,49
2019-03-20,EG-IT,0.0,250000.0,49
2019-03-21,AMD-JCI,-4882.227279663086,250000.0,49
2019-03-21,EG-IT,3429.5967559814453,250000.0,49
2019-03-22,AMD-JCI,-3399.366003036499,250000.0,49
2019-03-22,EG-IT,6727.137802124023,250000.0,49
2019-03-22,AME-VST,0.0,250000.0,49
2019-03-22,A-KIM,0.0,250000.0,49
2019-03-22,CAT-DXCM,0.0,250000.0,49
2019-03-22,JPM-WM,0.0,250000.0,49
2019-03-25,AMD-JCI,-1301.4977626800537,250000.0,49
2019-03-25,EG-IT,6040.086990356445,250000.0,49
2019-03-25,AME-VST,-548.0650978088379,250000.0,49
2019-03-25,A-KIM,1083.8515644073486,250000.0,49
2019-03-25,CAT-DXCM,-14780.379737854004,250000.0,49
2019-03-25,JPM-WM,-1670.7765426635742,250000.0,49
2019-03-26,AMD-JCI,2771.97784614563,250000.0,49
2019-03-26,EG-IT,4027.057174682617,250000.0,49
2019-03-26,AME-VST,3206.3769149780273,250000.0,49
2019-03-26,A-KIM,-1808.6708354949951,250000.0,49
2019-03-26,JPM-WM,-3710.916404724121,250000.0,49
2019-03-26,AME-TTD,0.0,250000.0,49
2019-03-27,AMD-JCI,5936.673881530762,250000.0,49
2019-03-27,EG-IT,1673.8275146484375,250000.0,49
2019-03-27,AME-VST,3856.562713623047,250000.0,49
2019-03-27,A-KIM,-3973.1177883148193,250000.0,49
2019-03-27,JPM-WM,-2789.1808166503906,250000.0,49
2019-03-27,AME-TTD,-9037.623765945435,250000.0,49
2019-03-28,EG-IT,402.9506530761719,250000.0,49
2019-03-28,A-KIM,-5210.9668617248535,250000.0,49
2019-03-28,JPM-WM,-2627.238815307617,250000.0,49
2019-03-28,AME-TTD,-14535.644159317017,250000.0,49
2019-03-29,EG-IT,-1269.7416076660156,250000.0,49
2019-03-29,A-KIM,-1536.1767807006836,250000.0,49
2019-03-29,JPM-WM,-3188.4246215820312,250000.0,49
2019-03-29,AME-TTD,-5775.538991928101,250000.0,49
2019-04-01,EG-IT,-4286.658721923828,250000.0,49
2019-04-01,A-KIM,2478.574733734131,250000.0,49
2019-04-01,JPM-WM,583.7302093505859,250000.0,49
2019-04-01,AME-TTD,-3937.312131881714,250000.0,49
2019-04-01,MS-PSX,0.0,250000.0,49
2019-04-02,EG-IT,-5737.03547668457,250000.0,49
2019-04-02,A-KIM,-561.0934810638428,250000.0,49
2019-04-02,JPM-WM,1225.4491806030273,250000.0,49
2019-04-02,AME-TTD,-513.7565441131592,250000.0,49
2019-04-02,MS-PSX,-2359.2289695739746,250000.0,49
2019-04-03,EG-IT,-3589.0303649902344,250000.0,49
2019-04-03,A-KIM,3455.3342247009277,250000.0,49
2019-04-03,JPM-WM,1425.3239364624023,250000.0,49
2019-04-03,AME-TTD,-5408.7184982299805,250000.0,49
2019-04-03,MS-PSX,-4644.702003479004,250000.0,49
2019-04-03,AMD-JCI,0.0,250000.0,49
2019-04-04,A-KIM,742.0845603942871,250000.0,49
2019-04-04,AME-TTD,-14897.98857498169,250000.0,49
2019-04-04,MS-PSX,-2813.2060203552246,250000.0,49
2019-04-04,AMD-JCI,596.3979187011719,250000.0,49
2019-04-05,A-KIM,-1533.013282775879,250000.0,49
2019-04-05,AME-TTD,-19351.11922454834,250000.0,49
2019-04-05,MS-PSX,-206.5118179321289,250000.0,49
2019-04-05,AMD-JCI,1424.4622745513916,250000.0,49
2019-04-08,A-KIM,1132.638542175293,250000.0,49
2019-04-08,AME-TTD,-20956.11720275879,250000.0,49
2019-04-08,MS-PSX,704.7363243103027,250000.0,49
2019-04-08,AMD-JCI,4850.073766708374,250000.0,49
2019-04-09,A-KIM,2398.668170928955,250000.0,49
2019-04-09,AME-TTD,-15085.909944534302,250000.0,49
2019-04-09,MS-PSX,2126.818428039551,250000.0,49
2019-04-09,AMD-JCI,6812.134502410889,250000.0,49
2019-04-10,MS-PSX,4366.8697509765625,250000.0,49
2019-04-10,AMD-JCI,3884.955368041992,250000.0,49
2019-04-11,MS-PSX,2223.9922981262207,250000.0,49
2019-04-11,AMD-JCI,3990.400197982788,250000.0,49
2019-04-12,MS-PSX,-11451.963943481445,250000.0,49
2019-04-12,AMD-JCI,5602.399042129517,250000.0,49
2019-04-12,EG-IT,0.0,250000.0,49
2019-04-15,MS-PSX,-10620.89051437378,250000.0,49
2019-04-15,EG-IT,1116.1456909179688,250000.0,49
2019-04-15,CCL-FRT,0.0,250000.0,49
2019-04-16,EG-IT,-6749.102966308594,250000.0,49
2019-04-16,BR-KIM,0.0,250000.0,49
2019-04-17,EG-IT,-8992.492614746094,250000.0,49
2019-04-17,BR-KIM,-4413.462040901184,250000.0,49
2019-04-18,EG-IT,-8687.788391113281,250000.0,49
2019-04-18,BR-KIM,3918.439108848572,250000.0,49
2019-04-22,EG-IT,-6242.2401123046875,250000.0,49
2019-04-22,BR-KIM,-4479.863635063171,250000.0,49
2019-04-23,EG-IT,-6537.5076904296875,250000.0,49
2019-04-23,BR-KIM,-3945.246555328369,250000.0,49
2019-04-24,EG-IT,-9468.811462402344,250000.0,49
2019-04-24,BR-KIM,-6210.107702255249,250000.0,49
2019-04-25,EG-IT,-6316.787780761719,250000.0,49
2019-04-25,BR-KIM,-6705.808933258057,250000.0,49
2019-04-26,EG-IT,-9312.957153320312,250000.0,49
2019-04-26,BR-KIM,-8478.53028678894,250000.0,49
2019-04-29,BR-KIM,-15023.489588737488,250000.0,49
2019-04-30,BR-KIM,-15166.162176132202,250000.0,49
2019-03-08,BMY-COP,0.0,250000.0,50
2019-03-11,BMY-COP,2362.5441131591797,250000.0,50
2019-03-12,BMY-COP,2168.8485984802246,250000.0,50
2019-03-20,AAPL-MRSH,0.0,250000.0,50
2019-03-21,AAPL-MRSH,-1857.170352935791,250000.0,50
2019-03-22,AAPL-MRSH,-2090.7127952575684,250000.0,50
2019-03-25,AAPL-MRSH,-169.8939323425293,250000.0,50
2019-03-25,TSN-UHS,0.0,250000.0,50
2019-03-25,INCY-NCLH,0.0,250000.0,50
2019-03-26,AAPL-MRSH,2259.83304977417,250000.0,50
2019-03-26,TSN-UHS,-1367.319751739502,250000.0,50
2019-03-27,AAPL-MRSH,-653.2924461364746,250000.0,50
2019-03-27,TSN-UHS,-4276.5620765686035,250000.0,50
2019-03-28,AAPL-MRSH,1686.614112854004,250000.0,50
2019-03-29,AAPL-MRSH,3554.459762573242,250000.0,50
2019-04-01,AAPL-O,0.0,250000.0,50
2019-04-02,AAPL-O,-2383.900791168213,250000.0,50
2019-04-03,AAPL-O,-5290.430885314941,250000.0,50
2019-04-04,AAPL-O,-6056.158805847168,250000.0,50
2019-04-05,AAPL-O,-5203.883411407471,250000.0,50
2019-04-08,AAPL-O,-8134.663578033447,250000.0,50
2019-04-12,INCY-NCLH,0.0,250000.0,50
2019-04-15,INCY-NCLH,-3174.868698120117,250000.0,50
2019-04-16,INCY-NCLH,-9663.78815460205,250000.0,50
2019-04-16,ARE-MTD,0.0,250000.0,50
2019-04-16,AVGO-UDR,0.0,250000.0,50
2019-04-16,AVGO-ESS,0.0,250000.0,50
2019-04-16,AVGO-REG,0.0,250000.0,50
2019-04-17,INCY-NCLH,-8446.931373596191,250000.0,50
2019-04-17,ARE-MTD,-416.35491943359375,250000.0,50
2019-04-17,AVGO-UDR,-5232.181175231934,250000.0,50
2019-04-17,AVGO-ESS,-4486.317985534668,250000.0,50
2019-04-17,AVGO-REG,-3759.1619987487793,250000.0,50
2019-04-18,INCY-NCLH,-5350.564315795898,250000.0,50
2019-04-18,ARE-MTD,-57.43646240234375,250000.0,50
2019-04-18,AVGO-UDR,-1455.084285736084,250000.0,50
2019-04-18,AVGO-ESS,-248.4194450378418,250000.0,50
2019-04-18,AVGO-REG,-351.8554916381836,250000.0,50
2019-04-22,INCY-NCLH,-4675.735084533691,250000.0,50
2019-04-22,ARE-MTD,-4446.242431640625,250000.0,50
2019-04-22,AVGO-UDR,-3987.5499591827393,250000.0,50
2019-04-22,AVGO-ESS,-1238.08371925354,250000.0,50
2019-04-22,AVGO-REG,-5356.678894042969,250000.0,50
2019-04-23,INCY-NCLH,-3635.1883392333984,250000.0,50
2019-04-23,AVGO-UDR,-939.5306091308594,250000.0,50
2019-04-23,AVGO-ESS,-5.99212646484375,250000.0,50
2019-04-23,AVGO-REG,-626.6409873962402,250000.0,50
2019-04-24,INCY-NCLH,-6618.975791931152,250000.0,50
2019-04-24,AVGO-UDR,1631.4578857421875,250000.0,50
2019-04-24,AVGO-ESS,2227.6331787109375,250000.0,50
2019-04-24,AVGO-REG,3578.533832550049,250000.0,50
2019-04-25,INCY-NCLH,-4884.661148071289,250000.0,50
2019-04-25,AVGO-UDR,3973.54185295105,250000.0,50
2019-04-25,AVGO-ESS,3195.022497177124,250000.0,50
2019-04-25,AVGO-REG,6451.219806671143,250000.0,50
2019-04-26,INCY-NCLH,-4381.604782104492,250000.0,50
2019-04-26,AVGO-ESS,6671.665557861328,250000.0,50
2019-04-29,AVGO-ESS,2126.2042808532715,250000.0,50
2019-04-30,AVGO-ESS,3638.3029174804688,250000.0,50
2019-05-01,AVGO-ESS,4447.021684646606,250000.0,50
2019-05-02,AVGO-ESS,5430.097469329834,250000.0,50
2019-05-03,AVGO-ESS,6633.3674030303955,250000.0,50
2019-05-07,AAPL-O,0.0,250000.0,50
2019-05-08,AAPL-O,694.0141983032227,250000.0,50
2019-05-09,AAPL-O,3750.664878845215,250000.0,50
2019-05-10,AVGO-UDR,0.0,250000.0,50
2019-05-10,AVGO-REG,0.0,250000.0,50
2019-05-13,AVGO-UDR,-3552.9020614624023,250000.0,50
2019-05-14,AVGO-UDR,-453.85457611083984,250000.0,50
2019-05-15,AVGO-UDR,-1096.6408920288086,250000.0,50
2019-05-23,BMY-COP,0.0,250000.0,50
2019-05-24,BMY-COP,3021.7286796569824,250000.0,50
2019-05-28,BMY-COP,6499.109218597412,250000.0,50
2019-05-31,CNP-DAL,0.0,250000.0,50
2019-04-04,EL-TGT,0.0,250000.0,51
2019-04-04,CLX-WM,0.0,250000.0,51
2019-04-05,EL-TGT,1734.25341796875,250000.0,51
2019-04-05,CLX-WM,1523.3985748291016,250000.0,51
2019-04-08,EL-TGT,-131.85345458984375,250000.0,51
2019-05-23,EL-GIS,0.0,250000.0,51
2019-05-24,EL-GIS,2521.9077529907227,250000.0,51
2019-05-28,CRL-IQV,0.0,250000.0,51
2019-05-29,CRL-IQV,-435.51810455322266,250000.0,51
2019-05-29,CLX-EXC,0.0,250000.0,51
2019-05-29,EL-GIS,0.0,250000.0,51
2019-05-30,CRL-IQV,-1676.3205337524414,250000.0,51
2019-05-30,CLX-EXC,-2493.958854675293,250000.0,51
2019-05-30,EL-GIS,814.6608505249023,250000.0,51
2019-05-30,CLX-D,0.0,250000.0,51
2019-05-31,CRL-IQV,-1494.385482788086,250000.0,51
2019-05-31,CLX-EXC,-1765.7148895263672,250000.0,51
2019-05-31,EL-GIS,8948.060764312744,250000.0,51
2019-05-31,CLX-D,3633.518154144287,250000.0,51
2019-05-31,SYY-UNP,0.0,250000.0,51
2019-06-03,CRL-IQV,1207.0870895385742,250000.0,51
2019-06-03,CLX-EXC,-1852.599552154541,250000.0,51
2019-06-03,CLX-D,3044.8812675476074,250000.0,51
2019-06-03,SYY-UNP,933.5772514343262,250000.0,51
2019-06-04,CRL-IQV,377.98189544677734,250000.0,51
2019-06-04,CLX-EXC,-1006.3031711578369,250000.0,51
2019-06-04,CLX-D,2891.014171600342,250000.0,51
2019-06-04,SYY-UNP,-4303.729190826416,250000.0,51
2019-06-05,CRL-IQV,-3020.03173828125,250000.0,51
2019-06-05,CLX-EXC,2594.4728031158447,250000.0,51
2019-06-05,SYY-UNP,-4585.74768447876,250000.0,51
2019-06-06,CRL-IQV,-1680.073257446289,250000.0,51
2019-06-06,CLX-EXC,3002.229597091675,250000.0,51
2019-06-06,SYY-UNP,-1658.0236358642578,250000.0,51
2019-06-07,CRL-IQV,-3186.1520385742188,250000.0,51
2019-06-07,CLX-EXC,3013.993022918701,250000.0,51
2019-06-07,SYY-UNP,-2528.984230041504,250000.0,51
2019-06-10,CRL-IQV,-2043.5373229980469,250000.0,51
2019-06-10,SYY-UNP,-2727.570831298828,250000.0,51
2019-06-11,CRL-IQV,-584.9777221679688,250000.0,51
2019-06-11,SYY-UNP,1377.143669128418,250000.0,51
2019-06-12,CRL-IQV,512.2515106201172,250000.0,51
2019-06-12,SYY-UNP,1478.299072265625,250000.0,51
2019-06-18,CRL-IQV,0.0,250000.0,51
2019-05-07,LEN-LVS,0.0,250000.0,52
2019-05-20,AON-PAYX,0.0,250000.0,52
2019-05-21,AON-PAYX,171.12217712402344,250000.0,52
2019-05-21,D-DTE,0.0,250000.0,52
2019-05-22,AON-PAYX,1036.210464477539,250000.0,52
2019-05-22,D-DTE,456.14320373535156,250000.0,52
2019-05-22,COHR-GM,0.0,250000.0,52
2019-05-23,AON-PAYX,-160.24937438964844,250000.0,52
2019-05-23,D-DTE,500.27857971191406,250000.0,52
2019-05-23,COHR-GM,-1073.4800987243652,250000.0,52
2019-05-24,AON-PAYX,-1219.3611145019531,250000.0,52
2019-05-24,D-DTE,355.545654296875,250000.0,52
2019-05-24,COHR-GM,-2731.608543395996,250000.0,52
2019-05-28,AON-PAYX,1225.4889678955078,250000.0,52
2019-05-28,D-DTE,-1319.8822021484375,250000.0,52
2019-05-28,COHR-GM,-3845.327220916748,250000.0,52
2019-05-29,D-DTE,-660.4869384765625,250000.0,52
2019-05-29,COHR-GM,-3902.1852684020996,250000.0,52
2019-05-29,AON-CPAY,0.0,250000.0,52
2019-05-30,D-DTE,844.8474884033203,250000.0,52
2019-05-30,COHR-GM,-4019.821731567383,250000.0,52
2019-05-30,AON-CPAY,-5807.652770996094,250000.0,52
2019-05-30,AON-PAYX,0.0,250000.0,52
2019-05-30,AON-V,0.0,250000.0,52
2019-05-31,D-DTE,885.1643676757812,250000.0,52
2019-05-31,AON-CPAY,-4048.790008544922,250000.0,52
2019-05-31,AON-PAYX,1597.5627136230469,250000.0,52
2019-05-31,AON-V,322.39599609375,250000.0,52
2019-05-31,ATO-WEC,0.0,250000.0,52
2019-06-03,D-DTE,1411.3155517578125,250000.0,52
2019-06-03,ATO-WEC,-444.9675483703613,250000.0,52
2019-06-03,LEN-LVS,0.0,250000.0,52
2019-06-04,D-DTE,499.23504638671875,250000.0,52
2019-06-04,CINF-LDOS,0.0,250000.0,52
2019-06-04,IEX-SMCI,0.0,250000.0,52
2019-06-05,D-DTE,1329.2001342773438,250000.0,52
2019-06-05,IEX-SMCI,-4399.930019617081,250000.0,52
2019-06-06,IEX-SMCI,-12335.924238681793,250000.0,52
2019-06-11,MMM-ROL,0.0,250000.0,52
2019-06-12,MMM-ROL,1601.5008583068848,250000.0,52
2019-06-13,MMM-ROL,1436.5543098449707,250000.0,52
2019-06-14,MMM-ROL,2139.979480743408,250000.0,52
2019-06-17,MMM-ROL,950.8364334106445,250000.0,52
2019-06-18,MMM-ROL,-871.1039848327637,250000.0,52
2019-06-19,MMM-ROL,898.0884552001953,250000.0,52
2019-06-20,MMM-ROL,-325.0649223327637,250000.0,52
2019-06-21,MMM-ROL,-2548.2160568237305,250000.0,52
2019-06-21,ATO-WEC,0.0,250000.0,52
2019-06-21,VRT-WRB,0.0,250000.0,52
2019-06-24,ATO-WEC,1027.1183776855469,250000.0,52
2019-06-25,ATO-WEC,-3002.0384826660156,250000.0,52
2019-06-25,COHR-GM,0.0,250000.0,52
2019-06-26,COHR-GM,-1889.1115608215332,250000.0,52
2019-06-26,CPAY-WTW,0.0,250000.0,52
2019-06-27,COHR-GM,-1247.0236206054688,250000.0,52
2019-06-27,CPAY-WTW,2863.6140747070312,250000.0,52
2019-06-28,COHR-GM,488.01548767089844,250000.0,52
2019-07-01,COHR-GM,1769.6062240600586,250000.0,52
2019-07-02,COHR-GM,2006.5899543762207,250000.0,52
2019-06-03,DAL-PPG,0.0,250000.0,53
2019-06-04,DAL-PPG,-4187.229560852051,250000.0,53
2019-06-05,DAL-PPG,-4266.953178405762,250000.0,53
2019-06-10,KMB-NOC,0.0,250000.0,53
2019-06-20,DAL-ETN,0.0,250000.0,53
2019-06-21,DAL-ETN,-1728.5052947998047,250000.0,53
2019-06-24,DAL-ETN,1248.3543701171875,250000.0,53
2019-06-25,DAL-ETN,1629.2920455932617,250000.0,53
2019-06-26,DAL-ETN,559.7831649780273,250000.0,53
2019-06-27,DAL-ETN,855.8563995361328,250000.0,53
2019-06-28,DAL-ETN,-928.4914245605469,250000.0,53
2019-07-01,DAL-ETN,717.2852020263672,250000.0,53
2019-08-01,DAL-GS,0.0,250000.0,53
2019-08-02,DAL-GS,-2054.4099197387695,250000.0,53
2019-08-02,DAL-PPG,0.0,250000.0,53
2019-08-05,DAL-GS,-4101.76443862915,250000.0,53
2019-08-05,DAL-PPG,-3108.364101409912,250000.0,53
2019-08-06,DAL-GS,-1942.4169464111328,250000.0,53
2019-08-07,DAL-GS,-3630.9980278015137,250000.0,53
2019-08-08,DAL-GS,-4548.152118682861,250000.0,53
2019-08-09,DAL-GS,-3144.226188659668,250000.0,53
2019-08-14,ADM-DAL,0.0,250000.0,53
2019-08-15,ADM-DAL,-510.175724029541,250000.0,53
2019-08-16,ADM-DAL,2055.534267425537,250000.0,53
2019-08-19,ADM-DAL,2447.47615814209,250000.0,53
2019-08-20,ADM-DAL,981.9392967224121,250000.0,53
2019-08-21,ADM-DAL,1640.141544342041,250000.0,53
2019-08-22,ADM-DAL,1086.1211013793945,250000.0,53
2019-08-23,ADM-DAL,-5901.729984283447,250000.0,53
2019-08-23,DAL-PPG,0.0,250000.0,53
2019-08-26,ADM-DAL,-6083.725891113281,250000.0,53
2019-08-26,DAL-PPG,1327.3767395019531,250000.0,53
2019-08-27,ADM-DAL,-6149.786510467529,250000.0,53
2019-08-27,DAL-PPG,2153.795852661133,250000.0,53
2019-08-28,ADM-DAL,-4001.034278869629,250000.0,53
2019-08-29,ADM-DAL,1016.4471817016602,250000.0,53
2019-08-30,ADM-DAL,481.57711029052734,250000.0,53
2019-07-10,MET-STE,0.0,250000.0,54
2019-07-11,MET-STE,283.66758728027344,250000.0,54
2019-08-28,MET-TMO,0.0,250000.0,54
2019-08-29,MET-TMO,-6798.795936584473,250000.0,54
2019-09-03,MET-MGM,0.0,250000.0,54
2019-09-04,MET-MGM,1853.1425971984863,250000.0,54
2019-09-05,MET-MGM,1916.0437507629395,250000.0,54
2019-09-05,CTSH-NCLH,0.0,250000.0,54
2019-09-06,MET-MGM,3996.154754638672,250000.0,54
2019-09-06,CTSH-NCLH,635.7408561706543,250000.0,54
2019-09-09,CTSH-NCLH,-2896.083034515381,250000.0,54
2019-09-09,CTSH-EQT,0.0,250000.0,54
2019-09-09,HII-LMT,0.0,250000.0,54
2019-09-09,IDXX-WMT,0.0,250000.0,54
2019-09-10,CTSH-EQT,-3443.4860496520996,250000.0,54
2019-09-10,HII-LMT,151.23410034179688,250000.0,54
2019-09-10,IDXX-WMT,923.8229217529297,250000.0,54
2019-09-10,MET-VRSN,0.0,250000.0,54
2019-09-11,CTSH-EQT,-16906.060565948486,250000.0,54
2019-09-11,HII-LMT,-292.3693542480469,250000.0,54
2019-09-11,IDXX-WMT,3504.948287963867,250000.0,54
2019-09-11,MET-VRSN,-9436.4400100708,250000.0,54
2019-09-12,CTSH-EQT,-14042.853244781494,250000.0,54
2019-09-12,IDXX-WMT,1615.8079376220703,250000.0,54
2019-09-12,MET-VRSN,-8550.7991065979,250000.0,54
2019-09-13,CTSH-EQT,-9303.596046447754,250000.0,54
2019-09-13,IDXX-WMT,-3659.6609954833984,250000.0,54
2019-09-13,MET-VRSN,-13347.231010437012,250000.0,54
2019-09-16,CTSH-EQT,-7987.896858215332,250000.0,54
2019-09-16,IDXX-WMT,464.96405029296875,250000.0,54
2019-09-16,MET-VRSN,-9534.265846252441,250000.0,54
2019-09-17,CTSH-EQT,-13983.796787261963,250000.0,54
2019-09-17,IDXX-WMT,3103.4500732421875,250000.0,54
2019-09-17,MET-VRSN,-7031.391265869141,250000.0,54
2019-09-18,CTSH-EQT,-8045.341716766357,250000.0,54
2019-09-18,IDXX-WMT,2358.363983154297,250000.0,54
2019-09-18,MET-VRSN,-10108.44542312622,250000.0,54
2019-09-19,CTSH-EQT,7853.65270614624,250000.0,54
2019-09-19,IDXX-WMT,3259.6517639160156,250000.0,54
2019-09-19,MET-VRSN,-8631.14119720459,250000.0,54
2019-09-20,CTSH-EQT,15379.491245269775,250000.0,54
2019-09-20,IDXX-WMT,3823.7144622802734,250000.0,54
2019-09-20,MET-VRSN,-7713.010276794434,250000.0,54
2019-09-23,CTSH-EQT,18494.65281677246,250000.0,54
2019-09-23,IDXX-WMT,3661.6739349365234,250000.0,54
2019-09-23,MET-VRSN,-9802.558639526367,250000.0,54
2019-09-24,MET-VRSN,-12305.06925201416,250000.0,54
2019-09-24,MET-TMO,0.0,250000.0,54
2019-09-25,MET-TMO,-2603.346782684326,250000.0,54
2019-09-26,MET-TMO,2258.3075103759766,250000.0,54
2019-09-27,MET-TMO,1868.9948692321777,250000.0,54
2019-08-08,C-ECHO,0.0,250000.0,55
2019-08-09,C-ECHO,-1733.815170288086,250000.0,55
2019-08-12,C-ECHO,9093.635837554932,250000.0,55
2019-08-13,C-ECHO,10673.094635009766,250000.0,55
2019-08-14,C-ECHO,9051.088855743408,250000.0,55
2019-08-14,NKE-PSKY,0.0,250000.0,55
2019-08-15,C-ECHO,7054.2626304626465,250000.0,55
2019-08-15,NKE-PSKY,-3190.66837310791,250000.0,55
2019-08-16,C-ECHO,1364.8966217041016,250000.0,55
2019-08-16,NKE-PSKY,-2741.955352783203,250000.0,55
2019-08-19,C-ECHO,3327.177745819092,250000.0,55
2019-08-19,NKE-PSKY,-2676.3191680908203,250000.0,55
2019-08-20,C-ECHO,7540.939113616943,250000.0,55
2019-08-20,NKE-PSKY,-1510.6311111450195,250000.0,55
2019-08-21,C-ECHO,10275.36315536499,250000.0,55
2019-08-21,NKE-PSKY,-7789.929168701172,250000.0,55
2019-08-22,C-ECHO,9028.772037506104,250000.0,55
2019-08-22,NKE-PSKY,-12738.14437866211,250000.0,55
2019-08-23,C-ECHO,12399.086799621582,250000.0,55
2019-08-23,NKE-PSKY,-16553.432472229004,250000.0,55
2019-08-26,NKE-PSKY,-19461.476402282715,250000.0,55
2019-09-03,EVRG-SO,0.0,250000.0,55
2019-09-04,EVRG-SO,-582.9231224060059,250000.0,55
2019-09-05,EVRG-SO,-1455.6185035705566,250000.0,55
2019-09-05,GPN-RSG,0.0,250000.0,55
2019-09-06,GPN-RSG,530.6875228881836,250000.0,55
2019-09-09,GPN-RSG,-480.6558074951172,250000.0,55
2019-09-10,GPN-RSG,-1528.7563705444336,250000.0,55
2019-09-11,GPN-RSG,-3944.54532623291,250000.0,55
2019-09-12,GPN-RSG,-3305.6825103759766,250000.0,55
2019-09-12,C-ECHO,0.0,250000.0,55
2019-09-13,GPN-RSG,-5138.845634460449,250000.0,55
2019-09-13,C-ECHO,7251.093452453613,250000.0,55
2019-09-16,GPN-RSG,-4819.867340087891,250000.0,55
2019-09-16,C-ECHO,3140.3604125976562,250000.0,55
2019-09-17,GPN-RSG,-1188.293960571289,250000.0,55
2019-09-17,C-ECHO,2499.119659423828,250000.0,55
2019-09-18,GPN-RSG,-73.57603454589844,250000.0,55
2019-09-18,C-ECHO,807.6919555664062,250000.0,55
2019-09-19,GPN-RSG,830.8268051147461,250000.0,55
2019-09-19,C-ECHO,-52.477020263671875,250000.0,55
2019-09-20,C-ECHO,-410.09163665771484,250000.0,55
2019-09-23,C-ECHO,-858.7476654052734,250000.0,55
2019-09-24,C-ECHO,-4320.420639038086,250000.0,55
2019-09-25,C-ECHO,-2511.963638305664,250000.0,55
2019-09-26,C-ECHO,-2780.8750076293945,250000.0,55
2019-09-26,GOOG-GOOGL,0.0,250000.0,55
2019-09-27,C-ECHO,2249.280715942383,250000.0,55
2019-09-27,GOOG-GOOGL,45.07652282714844,250000.0,55
2019-09-30,C-ECHO,888.5868072509766,250000.0,55
2019-09-30,GOOG-GOOGL,-198.67616271972656,250000.0,55
2019-10-01,C-ECHO,2595.7020950317383,250000.0,55
2019-10-01,GOOG-GOOGL,82.39694213867188,250000.0,55
2019-10-02,GOOG-GOOGL,68.51993560791016,250000.0,55
2019-10-02,CIEN-MPWR,0.0,250000.0,55
2019-10-03,GOOG-GOOGL,-19.290916442871094,250000.0,55
2019-10-03,CIEN-MPWR,1789.5933532714844,250000.0,55
2019-10-04,GOOG-GOOGL,-139.760009765625,250000.0,55
2019-10-09,EVRG-SO,0.0,250000.0,55
2019-10-10,EVRG-SO,-964.6300163269043,250000.0,55
2019-10-11,EVRG-SO,2156.5664405822754,250000.0,55
2019-10-14,EVRG-SO,3999.319595336914,250000.0,55
2019-09-03,EFX-GNRC,0.0,250000.0,56
2019-09-04,EFX-GNRC,4499.715469360352,250000.0,56
2019-09-04,HWM-MDLZ,0.0,250000.0,56
2019-09-05,HWM-MDLZ,383.3357448577881,250000.0,56
2019-09-06,HWM-MDLZ,-1873.6688690185547,250000.0,56
2019-09-09,HWM-MDLZ,-2.842611312866211,250000.0,56
2019-09-16,CAT-COP,0.0,250000.0,56
2019-09-17,CAT-COP,3801.5261192321777,250000.0,56
2019-09-18,CAT-COP,7027.388214111328,250000.0,56
2019-09-19,CAT-COP,5795.4533042907715,250000.0,56
2019-09-20,CAT-COP,-474.235897064209,250000.0,56
2019-09-23,CAT-COP,2465.300811767578,250000.0,56
2019-09-24,CAT-COP,2423.350513458252,250000.0,56
2019-09-25,CAT-COP,2612.0168495178223,250000.0,56
2019-09-26,CAT-COP,9485.95133972168,250000.0,56
2019-09-26,GOOG-GOOGL,0.0,250000.0,56
2019-09-27,CAT-COP,8899.445182800293,250000.0,56
2019-09-27,GOOG-GOOGL,45.07652282714844,250000.0,56
2019-09-30,CAT-COP,12167.254302978516,250000.0,56
2019-09-30,GOOG-GOOGL,-198.67616271972656,250000.0,56
2019-10-01,GOOG-GOOGL,82.39694213867188,250000.0,56
2019-10-01,EFX-KO,0.0,250000.0,56
2019-10-01,IT-RJF,0.0,250000.0,56
2019-10-02,GOOG-GOOGL,68.51993560791016,250000.0,56
2019-10-02,EFX-KO,2536.528030395508,250000.0,56
2019-10-02,IT-RJF,-2597.1756286621094,250000.0,56
2019-10-02,EFX-GNRC,0.0,250000.0,56
2019-10-03,GOOG-GOOGL,-19.290916442871094,250000.0,56
2019-10-03,EFX-KO,1569.6982650756836,250000.0,56
2019-10-03,IT-RJF,-5442.664108276367,250000.0,56
2019-10-03,EFX-GNRC,4629.7183837890625,250000.0,56
2019-10-04,GOOG-GOOGL,-139.760009765625,250000.0,56
2019-10-04,EFX-KO,225.66669464111328,250000.0,56
2019-10-04,IT-RJF,-3806.0230560302734,250000.0,56
2019-10-07,IT-RJF,-4964.598983764648,250000.0,56
2019-10-08,IT-RJF,-9166.708084106445,250000.0,56
2019-10-09,IT-RJF,-6309.649383544922,250000.0,56
2019-10-10,IT-RJF,-4577.035583496094,250000.0,56
2019-10-10,DRI-LULU,0.0,250000.0,56
2019-10-11,IT-RJF,1291.3679656982422,250000.0,56
2019-10-11,DRI-LULU,-3095.1448974609375,250000.0,56
2019-10-14,IT-RJF,2839.530807495117,250000.0,56
2019-11-18,CPAY-SYY,0.0,250000.0,56
2019-11-19,CPAY-SYY,-3519.953842163086,250000.0,56
2019-11-20,CPAY-SYY,-4372.080001831055,250000.0,56
2019-11-20,CAT-COP,0.0,250000.0,56
2019-11-21,CPAY-SYY,-2471.4678955078125,250000.0,56
2019-11-21,CAT-COP,-1968.5142669677734,250000.0,56
2019-11-22,CPAY-SYY,-2907.9911041259766,250000.0,56
2019-11-22,CAT-COP,-207.72116088867188,250000.0,56
2019-11-25,CPAY-SYY,-3401.1927947998047,250000.0,56
2019-11-25,CAT-COP,-2826.5374755859375,250000.0,56
2019-11-26,CAT-COP,843.1448669433594,250000.0,56
2019-11-27,CAT-COP,-475.70489501953125,250000.0,56
2019-11-29,CAT-COP,368.1970520019531,250000.0,56
2019-10-02,GDDY-XOM,0.0,250000.0,57
2019-10-03,GDDY-XOM,1524.8740844726562,250000.0,57
2019-10-04,GDDY-XOM,3555.4200553894043,250000.0,57
2019-10-07,GDDY-XOM,252.53568649291992,250000.0,57
2019-10-08,GDDY-XOM,285.5871391296387,250000.0,57
2019-10-09,GDDY-XOM,2950.6380348205566,250000.0,57
2019-10-15,GDDY-SW,0.0,250000.0,57
2019-10-16,GDDY-SW,915.4194259643555,250000.0,57
2019-10-17,GDDY-SW,10642.023044586182,250000.0,57
2019-10-18,GDDY-SW,9300.248210906982,250000.0,57
2019-10-21,GDDY-SW,-626.6899814605713,250000.0,57
2019-10-22,GDDY-SW,-288.10940742492676,250000.0,57
2019-10-23,GDDY-SW,200.94982719421387,250000.0,57
2019-10-24,GDDY-SW,2232.433271408081,250000.0,57
2019-10-25,GDDY-SW,-473.3189334869385,250000.0,57
2019-10-28,GDDY-SW,-2810.3282051086426,250000.0,57
2019-10-29,GDDY-SW,-4076.8708839416504,250000.0,57
2019-11-26,GDDY-YUM,0.0,250000.0,57
2019-11-27,GDDY-RVTY,0.0,250000.0,57
2019-11-29,GDDY-RVTY,1166.1633529663086,250000.0,57
2019-12-02,GDDY-RVTY,1255.9661254882812,250000.0,57
2019-12-03,GDDY-RVTY,3744.1522827148438,250000.0,57
2019-12-04,GDDY-RVTY,3823.4284744262695,250000.0,57
2019-12-05,GDDY-RVTY,4638.654640197754,250000.0,57
2019-12-06,GDDY-RVTY,337.72188568115234,250000.0,57
2019-12-09,GDDY-RVTY,221.748291015625,250000.0,57
2019-12-10,GDDY-RVTY,-3693.548698425293,250000.0,57
2019-12-11,GDDY-RVTY,-3196.7799911499023,250000.0,57
2019-12-11,MSFT-O,0.0,250000.0,57
2019-12-12,CINF-O,0.0,250000.0,57
2019-12-13,CINF-O,-1519.1539306640625,250000.0,57
2019-12-16,CINF-O,97.59398651123047,250000.0,57
2019-12-17,CINF-O,-4269.802444458008,250000.0,57
2019-12-17,BLDR-LEN,0.0,250000.0,57
2019-12-18,CINF-O,-1994.5430068969727,250000.0,57
2019-12-18,BLDR-LEN,-2766.8564472198486,250000.0,57
2019-12-19,CINF-O,-559.164436340332,250000.0,57
2019-12-20,CINF-O,-819.2652587890625,250000.0,57
2019-12-23,CINF-O,-1650.1620330810547,250000.0,57
2019-12-24,CINF-O,-506.5354232788086,250000.0,57
2019-12-26,CINF-O,876.442512512207,250000.0,57
2019-12-27,CINF-O,1955.4751434326172,250000.0,57
2019-12-30,CINF-O,1458.6484832763672,250000.0,57
2019-12-31,CINF-O,2889.779670715332,250000.0,57
