date,pair,mark_pnl,target_notional,fold_id
2015-01-05,CVX-SLB,0.0,250000.0,0
2015-01-05,MRK-UPS,0.0,250000.0,0
2015-01-05,MO-UNP,0.0,250000.0,0
2015-01-06,MRK-UPS,-4908.299858093262,250000.0,0
2015-01-06,BA-GOOGL,0.0,250000.0,0
2015-01-06,LLY-UNP,0.0,250000.0,0
2015-01-06,HD-MS,0.0,250000.0,0
2015-01-07,MRK-UPS,-4445.989356994629,250000.0,0
2015-01-07,BA-GOOGL,-279.7705383300781,250000.0,0
2015-01-07,LLY-UNP,3181.9364700317383,250000.0,0
2015-01-07,HD-MS,-3426.5231437683105,250000.0,0
2015-01-07,GE-MCD,0.0,250000.0,0
2015-01-08,MRK-UPS,-1716.742332458496,250000.0,0
2015-01-08,BA-GOOGL,1115.4286575317383,250000.0,0
2015-01-08,LLY-UNP,6574.912109375,250000.0,0
2015-01-08,HD-MS,-4321.886512756348,250000.0,0
2015-01-08,GE-MCD,845.1010894775391,250000.0,0
2015-01-09,MRK-UPS,-3173.1091346740723,250000.0,0
2015-01-09,BA-GOOGL,-1998.688331604004,250000.0,0
2015-01-09,LLY-UNP,5352.895797729492,250000.0,0
2015-01-09,HD-MS,-4808.72899055481,250000.0,0
2015-01-09,GE-MCD,1821.2879333496094,250000.0,0
2015-01-12,MRK-UPS,-2707.9649047851562,250000.0,0
2015-01-12,BA-GOOGL,-3958.7343826293945,250000.0,0
2015-01-12,LLY-UNP,4978.0814208984375,250000.0,0
2015-01-12,HD-MS,-7359.021730422974,250000.0,0
2015-01-12,GE-MCD,2046.9793853759766,250000.0,0
2015-01-13,MRK-UPS,-1464.1245460510254,250000.0,0
2015-01-13,BA-GOOGL,-1550.8682250976562,250000.0,0
2015-01-13,LLY-UNP,358.87757110595703,250000.0,0
2015-01-13,HD-MS,-8297.482206344604,250000.0,0
2015-01-13,GE-MCD,1790.7608032226562,250000.0,0
2015-01-14,MRK-UPS,-3819.2237434387207,250000.0,0
2015-01-14,BA-GOOGL,305.2522659301758,250000.0,0
2015-01-14,LLY-UNP,-2084.6745529174805,250000.0,0
2015-01-15,MRK-UPS,-2914.9949226379395,250000.0,0
2015-01-15,BA-GOOGL,-697.3556823730469,250000.0,0
2015-01-15,LLY-UNP,-3258.3737258911133,250000.0,0
2015-01-16,MRK-UPS,-2228.977638244629,250000.0,0
2015-01-16,BA-GOOGL,2632.4492416381836,250000.0,0
2015-01-16,LLY-UNP,-4263.461807250977,250000.0,0
2015-01-20,MRK-UPS,707.0378150939941,250000.0,0
2015-01-20,LLY-UNP,-4659.947326660156,250000.0,0
2015-01-21,MRK-UPS,2206.9842567443848,250000.0,0
2015-01-21,GOOGL-NFLX,0.0,250000.0,0
2015-01-22,GOOGL-NFLX,6235.338878631592,250000.0,0
2015-01-23,GOOGL-NFLX,5658.60414981842,250000.0,0
2015-01-23,HON-SBUX,0.0,250000.0,0
2015-01-23,MRK-UPS,0.0,250000.0,0
2015-01-26,GOOGL-NFLX,-5448.118825912476,250000.0,0
2015-01-26,HON-SBUX,-992.7675399780273,250000.0,0
2015-01-26,MRK-UPS,-2319.981674194336,250000.0,0
2015-01-27,HON-SBUX,-3687.196273803711,250000.0,0
2015-01-27,MRK-UPS,-5245.030906677246,250000.0,0
2015-01-27,HD-LMT,0.0,250000.0,0
2015-01-28,HON-SBUX,-3764.931022644043,250000.0,0
2015-01-28,MRK-UPS,-5943.80802154541,250000.0,0
2015-01-28,HD-LMT,-940.5330200195312,250000.0,0
2015-01-28,HD-MS,0.0,250000.0,0
2015-01-29,HON-SBUX,-7226.31233215332,250000.0,0
2015-01-29,MRK-UPS,-4991.287078857422,250000.0,0
2015-01-29,HD-LMT,-1919.5358581542969,250000.0,0
2015-01-29,HD-MS,-127.22986221313477,250000.0,0
2015-01-30,HON-SBUX,-7960.951484680176,250000.0,0
2015-01-30,MRK-UPS,-3829.6309661865234,250000.0,0
2015-01-30,HD-LMT,-1512.303367614746,250000.0,0
2015-01-30,HD-MS,803.6968460083008,250000.0,0
2015-01-30,COST-NKE,0.0,250000.0,0
2015-01-30,LLY-MO,0.0,250000.0,0
2015-02-02,HON-SBUX,-5059.5823974609375,250000.0,0
2015-02-02,MRK-UPS,-2353.53662109375,250000.0,0
2015-02-02,HD-LMT,-271.4739990234375,250000.0,0
2015-02-02,COST-NKE,-5529.480091094971,250000.0,0
2015-02-03,HON-SBUX,-4253.426795959473,250000.0,0
2015-02-03,MRK-UPS,-1671.6692962646484,250000.0,0
2015-02-03,HD-LMT,-1883.6813888549805,250000.0,0
2015-02-04,HON-SBUX,-5938.452705383301,250000.0,0
2015-02-04,MRK-UPS,3672.377151489258,250000.0,0
2015-02-04,HD-LMT,-3645.8640365600586,250000.0,0
2015-02-05,HON-SBUX,-5285.493957519531,250000.0,0
2015-02-05,MRK-UPS,5599.651611328125,250000.0,0
2015-02-05,HD-LMT,-2366.927276611328,250000.0,0
2015-02-05,MO-UNP,0.0,250000.0,0
2015-02-06,HON-SBUX,-4699.697128295898,250000.0,0
2015-02-06,MRK-UPS,4730.414840698242,250000.0,0
2015-02-06,HD-LMT,-910.3701095581055,250000.0,0
2015-02-06,MO-UNP,1080.3002548217773,250000.0,0
2015-02-09,MRK-UPS,5490.93399810791,250000.0,0
2015-02-09,HD-LMT,-2547.9592056274414,250000.0,0
2015-02-10,MRK-UPS,5560.508583068848,250000.0,0
2015-02-10,HD-LMT,-3312.916358947754,250000.0,0
2015-02-11,MRK-UPS,5451.538330078125,250000.0,0
2015-02-12,MRK-UPS,6279.186309814453,250000.0,0
2015-02-13,MRK-UPS,7395.4572830200195,250000.0,0
2015-02-17,MRK-UPS,9199.313186645508,250000.0,0
2015-02-18,MRK-UPS,9438.876091003418,250000.0,0
2015-02-19,MRK-UPS,10355.009010314941,250000.0,0
2015-02-19,HD-LMT,0.0,250000.0,0
2015-02-20,MRK-UPS,10852.969276428223,250000.0,0
2015-02-20,HD-LMT,-1128.9065704345703,250000.0,0
2015-02-23,MRK-UPS,10526.271766662598,250000.0,0
2015-02-23,HD-LMT,-3059.4900817871094,250000.0,0
2015-02-23,LLY-UNH,0.0,250000.0,0
2015-02-24,MRK-UPS,11706.015998840332,250000.0,0
2015-02-24,HD-LMT,1497.6664276123047,250000.0,0
2015-02-24,LLY-UNH,1054.6547737121582,250000.0,0
2015-02-25,MRK-UPS,10466.289894104004,250000.0,0
2015-02-25,HD-LMT,3104.502883911133,250000.0,0
2015-02-25,LLY-UNH,1095.4217948913574,250000.0,0
2015-02-26,MRK-UPS,8923.567863464355,250000.0,0
2015-02-26,HD-LMT,4424.9654541015625,250000.0,0
2015-02-26,LLY-UNH,146.90634155273438,250000.0,0
2015-02-27,MRK-UPS,9765.557579040527,250000.0,0
2015-02-27,LLY-UNH,968.9339485168457,250000.0,0
2015-03-02,MRK-UPS,10144.374160766602,250000.0,0
2015-03-02,LLY-UNH,4456.653457641602,250000.0,0
2015-03-03,MRK-UPS,9755.315643310547,250000.0,0
2015-03-03,LLY-UNH,3704.488109588623,250000.0,0
2015-03-04,MRK-UPS,8384.117500305176,250000.0,0
2015-03-04,LLY-UNH,3158.641143798828,250000.0,0
2015-03-05,MRK-UPS,8841.851531982422,250000.0,0
2015-03-05,LLY-UNH,751.0891342163086,250000.0,0
2015-03-06,MRK-UPS,11745.751121520996,250000.0,0
2015-03-06,LLY-UNH,-6944.769687652588,250000.0,0
2015-03-09,MRK-UPS,10414.526321411133,250000.0,0
2015-03-09,LLY-UNH,-4950.637660980225,250000.0,0
2015-03-10,MRK-UPS,9650.848022460938,250000.0,0
2015-03-11,MRK-UPS,9252.499488830566,250000.0,0
2015-03-12,MRK-UPS,10017.05687713623,250000.0,0
2015-03-13,MRK-UPS,7144.933479309082,250000.0,0
2015-03-16,MRK-UPS,8815.211883544922,250000.0,0
2015-03-16,HD-LMT,0.0,250000.0,0
2015-03-17,MRK-UPS,9010.443649291992,250000.0,0
2015-03-17,HD-LMT,925.5594711303711,250000.0,0
2015-03-18,MRK-UPS,7339.506477355957,250000.0,0
2015-03-18,HD-LMT,-996.3955688476562,250000.0,0
2015-03-18,LLY-UNH,0.0,250000.0,0
2015-03-19,MRK-UPS,4924.199935913086,250000.0,0
2015-03-19,HD-LMT,-1344.3917770385742,250000.0,0
2015-03-19,LLY-UNH,-2214.2373275756836,250000.0,0
2015-03-20,MRK-UPS,4725.387634277344,250000.0,0
2015-03-20,HD-LMT,-1132.6321563720703,250000.0,0
2015-03-23,MRK-UPS,3402.819122314453,250000.0,0
2015-03-23,HD-LMT,-1401.3193359375,250000.0,0
2015-03-24,MRK-UPS,2164.69278717041,250000.0,0
2015-03-24,HD-LMT,-1796.9709243774414,250000.0,0
2015-03-25,HD-LMT,1200.0561828613281,250000.0,0
2015-03-26,HD-LMT,-1921.9916534423828,250000.0,0
2015-03-26,MRK-UPS,0.0,250000.0,0
2015-03-27,HD-LMT,-2602.2578353881836,250000.0,0
2015-03-27,MRK-UPS,-352.89413833618164,250000.0,0
2015-03-30,MRK-UPS,526.7611503601074,250000.0,0
2015-03-31,MRK-UPS,955.0069961547852,250000.0,0
2015-02-04,DIS-LLY,0.0,250000.0,1
2015-02-04,DIS-UNP,0.0,250000.0,1
2015-02-05,DIS-LLY,787.5488586425781,250000.0,1
2015-02-05,DIS-UNP,1821.4572219848633,250000.0,1
2015-02-06,DIS-LLY,-1378.0760650634766,250000.0,1
2015-02-06,DIS-UNP,1112.743766784668,250000.0,1
2015-02-09,DIS-LLY,-3312.523239135742,250000.0,1
2015-02-09,DIS-UNP,-3107.3119354248047,250000.0,1
2015-02-10,DIS-LLY,-626.1455535888672,250000.0,1
2015-02-10,DIS-UNP,-604.317138671875,250000.0,1
2015-02-10,JNJ-KO,0.0,250000.0,1
2015-02-11,DIS-LLY,-678.6702728271484,250000.0,1
2015-02-11,DIS-UNP,2148.542678833008,250000.0,1
2015-02-11,JNJ-KO,190.95848083496094,250000.0,1
2015-02-11,KO-PEP,0.0,250000.0,1
2015-02-12,DIS-LLY,-2935.130157470703,250000.0,1
2015-02-12,DIS-UNP,1657.228012084961,250000.0,1
2015-02-12,JNJ-KO,453.72085189819336,250000.0,1
2015-02-12,KO-PEP,-94.33930206298828,250000.0,1
2015-02-12,NVDA-V,0.0,250000.0,1
2015-02-12,NVDA-WMT,0.0,250000.0,1
2015-02-13,DIS-LLY,-4323.655136108398,250000.0,1
2015-02-13,DIS-UNP,-2275.4252395629883,250000.0,1
2015-02-13,JNJ-KO,2072.3549880981445,250000.0,1
2015-02-13,KO-PEP,2367.584800720215,250000.0,1
2015-02-13,NVDA-V,-1343.2516242265701,250000.0,1
2015-02-13,NVDA-WMT,-316.05650210380554,250000.0,1
2015-02-17,DIS-LLY,-611.7484588623047,250000.0,1
2015-02-17,DIS-UNP,-2283.0249404907227,250000.0,1
2015-02-17,KO-PEP,3908.2829208374023,250000.0,1
2015-02-17,NVDA-V,-1332.5438030958176,250000.0,1
2015-02-17,NVDA-WMT,-460.9051945209503,250000.0,1
2015-02-18,DIS-LLY,-1924.2196960449219,250000.0,1
2015-02-18,DIS-UNP,6.116600036621094,250000.0,1
2015-02-18,KO-PEP,1326.3642349243164,250000.0,1
2015-02-18,NVDA-V,1263.1842585206032,250000.0,1
2015-02-18,NVDA-WMT,2659.6217044591904,250000.0,1
2015-02-19,KO-PEP,3638.8710403442383,250000.0,1
2015-02-19,NVDA-V,272.89054548740387,250000.0,1
2015-02-19,NVDA-WMT,-5901.1236345767975,250000.0,1
2015-02-19,AMGN-LMT,0.0,250000.0,1
2015-02-20,KO-PEP,2499.9625244140625,250000.0,1
2015-02-20,NVDA-V,1280.6425511837006,250000.0,1
2015-02-20,NVDA-WMT,-4960.00052022934,250000.0,1
2015-02-20,AMGN-LMT,-1821.6557998657227,250000.0,1
2015-02-23,KO-PEP,1278.414566040039,250000.0,1
2015-02-23,NVDA-V,4204.328571677208,250000.0,1
2015-02-23,NVDA-WMT,-2591.4673326015472,250000.0,1
2015-02-23,AMGN-LMT,-3330.6956787109375,250000.0,1
2015-02-24,KO-PEP,1539.8238143920898,250000.0,1
2015-02-24,NVDA-V,-113.81164938211441,250000.0,1
2015-02-24,NVDA-WMT,-4638.688791632652,250000.0,1
2015-02-25,KO-PEP,1571.834342956543,250000.0,1
2015-02-25,NVDA-V,3147.7688801288605,250000.0,1
2015-02-25,NVDA-WMT,-6131.42125749588,250000.0,1
2015-02-26,KO-PEP,3499.003349304199,250000.0,1
2015-02-26,NVDA-V,2855.245675802231,250000.0,1
2015-02-26,NVDA-WMT,-5962.362424373627,250000.0,1
2015-02-27,NVDA-V,2879.6833107471466,250000.0,1
2015-02-27,JNJ-KO,0.0,250000.0,1
2015-03-02,NVDA-V,541.9146453738213,250000.0,1
2015-03-02,JNJ-KO,1186.5673866271973,250000.0,1
2015-03-03,NVDA-V,4610.344094276428,250000.0,1
2015-03-03,JNJ-KO,1874.7454948425293,250000.0,1
2015-03-04,JNJ-KO,3880.728271484375,250000.0,1
2015-03-10,JPM-TMUS,0.0,250000.0,1
2015-03-11,JPM-TMUS,-1425.3957328796387,250000.0,1
2015-03-12,JPM-TMUS,925.3704299926758,250000.0,1
2015-03-13,JPM-TMUS,-592.9593448638916,250000.0,1
2015-03-16,JPM-TMUS,4264.712585449219,250000.0,1
2015-03-17,HON-V,0.0,250000.0,1
2015-03-18,HON-V,-895.4015350341797,250000.0,1
2015-03-19,HON-V,655.6692504882812,250000.0,1
2015-03-27,HON-MA,0.0,250000.0,1
2015-03-30,HON-MA,-2916.8747177124023,250000.0,1
2015-03-30,HON-V,0.0,250000.0,1
2015-03-31,HON-V,259.3214797973633,250000.0,1
2015-04-01,HON-V,1543.3466758728027,250000.0,1
2015-04-02,HON-V,1417.1860466003418,250000.0,1
2015-04-06,HON-V,-903.4783592224121,250000.0,1
2015-04-07,HON-V,2107.3046379089355,250000.0,1
2015-04-08,TMO-V,0.0,250000.0,1
2015-04-09,TMO-V,833.7524147033691,250000.0,1
2015-04-09,CVX-SLB,0.0,250000.0,1
2015-04-10,TMO-V,1339.4374732971191,250000.0,1
2015-04-10,CVX-SLB,-1943.655860900879,250000.0,1
2015-04-13,CVX-SLB,329.8248977661133,250000.0,1
2015-04-14,CVX-SLB,2729.0246658325195,250000.0,1
2015-04-15,CVX-SLB,-3224.8738174438477,250000.0,1
2015-04-16,CVX-SLB,-3405.8107986450195,250000.0,1
2015-04-22,HON-V,0.0,250000.0,1
2015-04-22,HON-MA,0.0,250000.0,1
2015-04-22,JNJ-KO,0.0,250000.0,1
2015-04-22,NVDA-V,0.0,250000.0,1
2015-04-23,HON-V,2365.518581390381,250000.0,1
2015-04-23,HON-MA,2845.031204223633,250000.0,1
2015-04-23,JNJ-KO,2218.854839324951,250000.0,1
2015-04-23,NVDA-V,781.3196766376495,250000.0,1
2015-04-23,NVDA-TXN,0.0,250000.0,1
2015-04-24,HON-V,2439.5289154052734,250000.0,1
2015-04-24,HON-MA,2059.626853942871,250000.0,1
2015-04-24,NVDA-V,1062.6401965618134,250000.0,1
2015-04-24,NVDA-TXN,1421.741226553917,250000.0,1
2015-04-27,HON-V,3899.6522941589355,250000.0,1
2015-04-27,HON-MA,4814.2908935546875,250000.0,1
2015-04-27,NVDA-V,2997.1041328907013,250000.0,1
2015-04-27,NVDA-TXN,3982.193682193756,250000.0,1
2015-04-28,HON-V,5730.906620025635,250000.0,1
2015-04-28,HON-MA,4434.6650390625,250000.0,1
2015-04-28,NVDA-V,4558.151012420654,250000.0,1
2015-04-28,NVDA-TXN,2587.9127113223076,250000.0,1
2015-04-29,HON-V,1749.7337913513184,250000.0,1
2015-04-29,HON-MA,1523.8371276855469,250000.0,1
2015-04-29,NVDA-V,1925.2115681171417,250000.0,1
2015-04-29,NVDA-TXN,3497.4371433258057,250000.0,1
2015-04-30,HON-V,5192.024730682373,250000.0,1
2015-04-30,HON-MA,-334.40013885498047,250000.0,1
2015-04-30,NVDA-TXN,-660.1785864830017,250000.0,1
2015-04-30,COST-LMT,0.0,250000.0,1
2015-04-30,AMGN-LMT,0.0,250000.0,1
2015-03-03,COST-UNP,0.0,250000.0,2
2015-03-04,COST-UNP,-369.4150924682617,250000.0,2
2015-03-05,COST-UNP,-3274.189765930176,250000.0,2
2015-03-11,T-TJX,0.0,250000.0,2
2015-03-18,CMCSA-LLY,0.0,250000.0,2
2015-03-19,CMCSA-LLY,-2607.3027572631836,250000.0,2
2015-03-20,CMCSA-LLY,-8203.611343383789,250000.0,2
2015-03-23,CMCSA-LLY,-9425.902603149414,250000.0,2
2015-03-24,CMCSA-LLY,-8615.933807373047,250000.0,2
2015-03-25,CMCSA-LLY,-5817.891906738281,250000.0,2
2015-03-26,CMCSA-LLY,-3454.2641830444336,250000.0,2
2015-03-27,CMCSA-LLY,-3893.265350341797,250000.0,2
2015-03-27,HON-MA,0.0,250000.0,2
2015-03-30,HON-MA,-2916.8747177124023,250000.0,2
2015-04-09,CVX-SLB,0.0,250000.0,2
2015-04-10,CVX-SLB,-1943.655860900879,250000.0,2
2015-04-13,CVX-SLB,329.8248977661133,250000.0,2
2015-04-14,CVX-SLB,2729.0246658325195,250000.0,2
2015-04-15,CVX-SLB,-3224.8738174438477,250000.0,2
2015-04-15,JPM-META,0.0,250000.0,2
2015-04-16,CVX-SLB,-3405.8107986450195,250000.0,2
2015-04-16,JPM-META,-340.76147842407227,250000.0,2
2015-04-17,JPM-META,-2859.678695678711,250000.0,2
2015-04-17,T-WMT,0.0,250000.0,2
2015-04-20,JPM-META,3253.9717903137207,250000.0,2
2015-04-20,T-WMT,-26.15353488922119,250000.0,2
2015-04-21,T-WMT,78.01063251495361,250000.0,2
2015-04-22,T-WMT,824.0021343231201,250000.0,2
2015-04-22,JNJ-KO,0.0,250000.0,2
2015-04-22,HON-MA,0.0,250000.0,2
2015-04-23,T-WMT,-453.63075160980225,250000.0,2
2015-04-23,JNJ-KO,2218.854839324951,250000.0,2
2015-04-23,HON-MA,2845.031204223633,250000.0,2
2015-04-23,T-VZ,0.0,250000.0,2
2015-04-24,T-WMT,2256.614010810852,250000.0,2
2015-04-24,HON-MA,2059.626853942871,250000.0,2
2015-04-24,T-VZ,1119.9595108032227,250000.0,2
2015-04-24,CL-DHR,0.0,250000.0,2
2015-04-27,T-WMT,532.7723054885864,250000.0,2
2015-04-27,HON-MA,4814.2908935546875,250000.0,2
2015-04-27,T-VZ,926.0606155395508,250000.0,2
2015-04-27,CL-DHR,-161.7047882080078,250000.0,2
2015-04-28,T-WMT,-2404.9508056640625,250000.0,2
2015-04-28,HON-MA,4434.6650390625,250000.0,2
2015-04-28,T-VZ,-995.526481628418,250000.0,2
2015-04-28,CL-DHR,866.5473480224609,250000.0,2
2015-04-29,T-WMT,-6051.9890813827515,250000.0,2
2015-04-29,HON-MA,1523.8371276855469,250000.0,2
2015-04-29,T-VZ,-840.6307601928711,250000.0,2
2015-04-29,CL-DHR,127.208251953125,250000.0,2
2015-04-30,HON-MA,-334.40013885498047,250000.0,2
2015-04-30,T-VZ,-325.10394287109375,250000.0,2
2015-04-30,CL-DHR,399.816650390625,250000.0,2
2015-04-30,COST-LMT,0.0,250000.0,2
2015-05-01,HON-MA,606.9505386352539,250000.0,2
2015-05-01,T-VZ,744.7073287963867,250000.0,2
2015-05-01,CL-DHR,1333.9596710205078,250000.0,2
2015-05-01,COST-LMT,1553.5855407714844,250000.0,2
2015-05-04,HON-MA,990.8395156860352,250000.0,2
2015-05-04,T-VZ,684.2717590332031,250000.0,2
2015-05-04,CL-DHR,1400.257583618164,250000.0,2
2015-05-04,COST-LMT,2222.2359619140625,250000.0,2
2015-05-05,HON-MA,-408.793701171875,250000.0,2
2015-05-05,CL-DHR,1713.7230987548828,250000.0,2
2015-05-05,COST-LMT,-24.904571533203125,250000.0,2
2015-05-06,HON-MA,-1153.220344543457,250000.0,2
2015-05-06,CL-DHR,522.4034729003906,250000.0,2
2015-05-06,COST-LMT,-913.0246887207031,250000.0,2
2015-05-07,CL-DHR,2851.4754638671875,250000.0,2
2015-05-07,COST-LMT,1084.6608581542969,250000.0,2
2015-05-08,COST-LMT,3188.1906127929688,250000.0,2
2015-05-11,COST-LMT,4317.928619384766,250000.0,2
2015-05-12,CL-DHR,0.0,250000.0,2
2015-05-13,CL-DHR,-4637.245246887207,250000.0,2
2015-05-14,CL-DHR,-3437.4037857055664,250000.0,2
2015-05-14,JPM-META,0.0,250000.0,2
2015-05-15,CL-DHR,602.8379135131836,250000.0,2
2015-05-15,JPM-META,2647.2005157470703,250000.0,2
2015-05-15,MS-NKE,0.0,250000.0,2
2015-05-18,CL-DHR,-1802.5754470825195,250000.0,2
2015-05-18,JPM-META,2095.6450119018555,250000.0,2
2015-05-19,CL-DHR,1785.9353256225586,250000.0,2
2015-05-19,JPM-META,3804.9715118408203,250000.0,2
2015-05-20,CL-DHR,-391.42469024658203,250000.0,2
2015-05-20,JPM-META,3205.1453170776367,250000.0,2
2015-05-21,CL-DHR,-221.07402801513672,250000.0,2
2015-05-21,JPM-META,3691.376968383789,250000.0,2
2015-05-22,CL-DHR,-193.36668395996094,250000.0,2
2015-05-22,JPM-META,3219.977035522461,250000.0,2
2015-05-26,CL-DHR,-2383.128158569336,250000.0,2
2015-05-27,MS-NKE,0.0,250000.0,2
2015-05-28,MS-NKE,-1249.1277694702148,250000.0,2
2015-05-29,MS-NKE,180.16138076782227,250000.0,2
2015-04-01,CMCSA-TMO,0.0,250000.0,3
2015-04-02,CMCSA-TMO,611.6412258148193,250000.0,3
2015-04-06,CMCSA-TMO,892.8380222320557,250000.0,3
2015-04-07,CMCSA-TMO,-202.2339687347412,250000.0,3
2015-04-08,CMCSA-TMO,-2036.9573287963867,250000.0,3
2015-04-08,ADBE-CMCSA,0.0,250000.0,3
2015-04-09,CMCSA-TMO,-1311.2859630584717,250000.0,3
2015-04-09,ADBE-CMCSA,243.8573226928711,250000.0,3
2015-04-09,CVX-SLB,0.0,250000.0,3
2015-04-10,CMCSA-TMO,-1380.818187713623,250000.0,3
2015-04-10,ADBE-CMCSA,-241.46214294433594,250000.0,3
2015-04-10,CVX-SLB,-1943.655860900879,250000.0,3
2015-04-13,CMCSA-TMO,-1548.95703125,250000.0,3
2015-04-13,ADBE-CMCSA,2977.1636962890625,250000.0,3
2015-04-13,CVX-SLB,329.8248977661133,250000.0,3
2015-04-14,CMCSA-TMO,-1963.362154006958,250000.0,3
2015-04-14,ADBE-CMCSA,1976.998878479004,250000.0,3
2015-04-14,CVX-SLB,2729.0246658325195,250000.0,3
2015-04-15,CMCSA-TMO,-1758.2509384155273,250000.0,3
2015-04-15,ADBE-CMCSA,-1773.83349609375,250000.0,3
2015-04-15,CVX-SLB,-3224.8738174438477,250000.0,3
2015-04-15,HON-TXN,0.0,250000.0,3
2015-04-16,ADBE-CMCSA,-2713.6814575195312,250000.0,3
2015-04-16,CVX-SLB,-3405.8107986450195,250000.0,3
2015-04-16,HON-TXN,820.2699127197266,250000.0,3
2015-04-17,ADBE-CMCSA,-1873.4926071166992,250000.0,3
2015-04-17,HON-TXN,-2002.4111938476562,250000.0,3
2015-04-20,ADBE-CMCSA,-375.26294708251953,250000.0,3
2015-04-20,HON-TXN,-2643.6740951538086,250000.0,3
2015-04-21,ADBE-CMCSA,-384.1908721923828,250000.0,3
2015-04-22,ADBE-CMCSA,1907.3411331176758,250000.0,3
2015-04-22,ABT-CMCSA,0.0,250000.0,3
2015-04-22,BAC-TMUS,0.0,250000.0,3
2015-04-22,JNJ-KO,0.0,250000.0,3
2015-04-23,ADBE-CMCSA,2186.3330841064453,250000.0,3
2015-04-23,ABT-CMCSA,1509.2650413513184,250000.0,3
2015-04-23,BAC-TMUS,-1553.0523195266724,250000.0,3
2015-04-23,JNJ-KO,2218.854839324951,250000.0,3
2015-04-24,ADBE-CMCSA,498.93798065185547,250000.0,3
2015-04-24,ABT-CMCSA,3877.675262451172,250000.0,3
2015-04-24,BAC-TMUS,413.5879154205322,250000.0,3
2015-04-24,KO-MSFT,0.0,250000.0,3
2015-04-27,ABT-CMCSA,4344.733528137207,250000.0,3
2015-04-27,BAC-TMUS,3868.328712463379,250000.0,3
2015-04-27,KO-MSFT,-1416.432502746582,250000.0,3
2015-04-28,ABT-CMCSA,4409.477821350098,250000.0,3
2015-04-28,BAC-TMUS,2703.994348526001,250000.0,3
2015-04-28,KO-MSFT,-7898.836715698242,250000.0,3
2015-04-29,ABT-CMCSA,3473.995674133301,250000.0,3
2015-04-29,BAC-TMUS,-8750.799173355103,250000.0,3
2015-04-29,KO-MSFT,-10087.666915893555,250000.0,3
2015-04-30,ABT-CMCSA,4350.187385559082,250000.0,3
2015-04-30,BAC-TMUS,-3484.5497102737427,250000.0,3
2015-04-30,KO-MSFT,-7216.361030578613,250000.0,3
2015-05-01,BAC-TMUS,-5739.779009819031,250000.0,3
2015-05-01,KO-MSFT,-3932.144775390625,250000.0,3
2015-05-04,KO-MSFT,-1254.5442428588867,250000.0,3
2015-05-05,KO-MSFT,54.55461120605469,250000.0,3
2015-05-06,KO-MSFT,6076.782081604004,250000.0,3
2015-05-06,KO-PG,0.0,250000.0,3
2015-05-07,KO-MSFT,4270.559158325195,250000.0,3
2015-05-07,KO-PG,988.379228591919,250000.0,3
2015-05-08,KO-MSFT,1498.0125045776367,250000.0,3
2015-05-08,KO-PG,1190.3227233886719,250000.0,3
2015-05-08,CMCSA-TMO,0.0,250000.0,3
2015-05-08,HON-NVDA,0.0,250000.0,3
2015-05-08,NVDA-TMO,0.0,250000.0,3
2015-05-11,KO-MSFT,3095.238456726074,250000.0,3
2015-05-11,CMCSA-TMO,-886.1680030822754,250000.0,3
2015-05-11,HON-NVDA,-5438.022969484329,250000.0,3
2015-05-11,NVDA-TMO,-402.83527183532715,250000.0,3
2015-05-12,KO-MSFT,779.2538909912109,250000.0,3
2015-05-12,CMCSA-TMO,-1140.7881488800049,250000.0,3
2015-05-12,HON-NVDA,-1012.4205627441406,250000.0,3
2015-05-12,NVDA-TMO,711.4517211914062,250000.0,3
2015-05-13,KO-MSFT,2802.4101638793945,250000.0,3
2015-05-13,CMCSA-TMO,-3403.137632369995,250000.0,3
2015-05-13,HON-NVDA,-10923.857426524162,250000.0,3
2015-05-13,NVDA-TMO,618.4638814926147,250000.0,3
2015-05-13,PEP-UNP,0.0,250000.0,3
2015-05-13,HON-TXN,0.0,250000.0,3
2015-05-13,KO-UNP,0.0,250000.0,3
2015-05-13,HON-PFE,0.0,250000.0,3
2015-05-13,ADBE-CMCSA,0.0,250000.0,3
2015-05-14,KO-MSFT,1466.9398727416992,250000.0,3
2015-05-14,NVDA-TMO,-741.1802802085876,250000.0,3
2015-05-14,PEP-UNP,-6634.4547119140625,250000.0,3
2015-05-14,HON-TXN,-3358.4320068359375,250000.0,3
2015-05-14,KO-UNP,-3894.376678466797,250000.0,3
2015-05-14,HON-PFE,-4049.940299987793,250000.0,3
2015-05-14,ADBE-CMCSA,-4240.726867675781,250000.0,3
2015-05-14,ABT-CMCSA,0.0,250000.0,3
2015-05-14,COST-UNH,0.0,250000.0,3
2015-05-15,KO-MSFT,3854.024772644043,250000.0,3
2015-05-15,NVDA-TMO,1097.2899150848389,250000.0,3
2015-05-15,PEP-UNP,-3203.0645294189453,250000.0,3
2015-05-15,HON-TXN,-4908.8154220581055,250000.0,3
2015-05-15,KO-UNP,212.96824645996094,250000.0,3
2015-05-15,HON-PFE,-5133.914535522461,250000.0,3
2015-05-15,ADBE-CMCSA,-2625.542625427246,250000.0,3
2015-05-15,ABT-CMCSA,281.6391792297363,250000.0,3
2015-05-15,COST-UNH,2068.5704498291016,250000.0,3
2015-05-15,T-WMT,0.0,250000.0,3
2015-05-18,KO-MSFT,3432.064094543457,250000.0,3
2015-05-18,NVDA-TMO,1370.5471057891846,250000.0,3
2015-05-18,PEP-UNP,-2279.2320861816406,250000.0,3
2015-05-18,HON-TXN,-3783.545425415039,250000.0,3
2015-05-18,KO-UNP,1911.2281799316406,250000.0,3
2015-05-18,HON-PFE,-4924.2085609436035,250000.0,3
2015-05-18,ADBE-CMCSA,-2284.8176040649414,250000.0,3
2015-05-18,ABT-CMCSA,1219.1196403503418,250000.0,3
2015-05-18,COST-UNH,1464.7911224365234,250000.0,3
2015-05-18,T-WMT,-3188.588616371155,250000.0,3
2015-05-19,KO-MSFT,3966.048454284668,250000.0,3
2015-05-19,NVDA-TMO,-152.151846408844,250000.0,3
2015-05-19,PEP-UNP,-1737.1301574707031,250000.0,3
2015-05-19,HON-TXN,-2149.8210983276367,250000.0,3
2015-05-19,KO-UNP,2152.3729095458984,250000.0,3
2015-05-19,HON-PFE,-1631.3256225585938,250000.0,3
2015-05-19,ADBE-CMCSA,-1612.0100173950195,250000.0,3
2015-05-19,ABT-CMCSA,1686.7313346862793,250000.0,3
2015-05-19,COST-UNH,-655.5204925537109,250000.0,3
2015-05-20,KO-MSFT,4353.283958435059,250000.0,3
2015-05-20,NVDA-TMO,-2979.269079685211,250000.0,3
2015-05-20,PEP-UNP,-2578.5430603027344,250000.0,3
2015-05-20,HON-TXN,-4431.543739318848,250000.0,3
2015-05-20,KO-UNP,64.82415771484375,250000.0,3
2015-05-20,HON-PFE,-2460.0524520874023,250000.0,3
2015-05-20,ADBE-CMCSA,-78.81439208984375,250000.0,3
2015-05-20,ABT-CMCSA,2668.478691101074,250000.0,3
2015-05-20,COST-UNH,-4215.715538024902,250000.0,3
2015-05-21,KO-MSFT,4032.5572814941406,250000.0,3
2015-05-21,NVDA-TMO,-5019.090464115143,250000.0,3
2015-05-21,PEP-UNP,3341.779266357422,250000.0,3
2015-05-21,HON-TXN,-5519.500846862793,250000.0,3
2015-05-21,KO-UNP,5009.322052001953,250000.0,3
2015-05-21,HON-PFE,-2476.775417327881,250000.0,3
2015-05-21,ADBE-CMCSA,-2393.2947540283203,250000.0,3
2015-05-21,ABT-CMCSA,1733.482566833496,250000.0,3
2015-05-21,COST-UNH,-1813.0031509399414,250000.0,3
2015-05-22,KO-MSFT,6572.116653442383,250000.0,3
2015-05-22,NVDA-TMO,-3784.812813282013,250000.0,3
2015-05-22,PEP-UNP,4975.688140869141,250000.0,3
2015-05-22,HON-TXN,-4441.633720397949,250000.0,3
2015-05-22,KO-UNP,3294.517532348633,250000.0,3
2015-05-22,HON-PFE,-1502.0673904418945,250000.0,3
2015-05-22,ADBE-CMCSA,266.4191360473633,250000.0,3
2015-05-22,ABT-CMCSA,4436.145458221436,250000.0,3
2015-05-22,COST-UNH,-416.4054870605469,250000.0,3
2015-05-26,KO-MSFT,6071.601295471191,250000.0,3
2015-05-26,NVDA-TMO,333.7188677787781,250000.0,3
2015-05-26,PEP-UNP,3546.538589477539,250000.0,3
2015-05-26,HON-TXN,-4039.7986602783203,250000.0,3
2015-05-26,KO-UNP,1666.6544036865234,250000.0,3
2015-05-26,HON-PFE,1086.739833831787,250000.0,3
2015-05-26,ADBE-CMCSA,5025.877769470215,250000.0,3
2015-05-26,COST-UNH,1706.0622482299805,250000.0,3
2015-05-27,KO-MSFT,1968.6915588378906,250000.0,3
2015-05-27,NVDA-TMO,1470.1256284713745,250000.0,3
2015-05-27,PEP-UNP,2019.2911834716797,250000.0,3
2015-05-27,HON-TXN,352.8824157714844,250000.0,3
2015-05-27,KO-UNP,1415.9700622558594,250000.0,3
2015-05-27,HON-PFE,575.1542587280273,250000.0,3
2015-05-27,COST-UNH,2809.1836318969727,250000.0,3
2015-05-27,HON-NVDA,0.0,250000.0,3
2015-05-28,KO-MSFT,3003.4992294311523,250000.0,3
2015-05-28,NVDA-TMO,4049.8214020729065,250000.0,3
2015-05-28,HON-PFE,512.0426902770996,250000.0,3
2015-05-28,COST-UNH,497.0077438354492,250000.0,3
2015-05-28,HON-NVDA,-2610.7337104082108,250000.0,3
2015-05-29,KO-MSFT,4361.874176025391,250000.0,3
2015-05-29,NVDA-TMO,4980.599969387054,250000.0,3
2015-05-29,HON-NVDA,-6453.759207129478,250000.0,3
2015-06-01,KO-MSFT,2223.2859649658203,250000.0,3
2015-06-01,HON-NVDA,-9687.216415047646,250000.0,3
2015-06-02,KO-MSFT,4336.9443283081055,250000.0,3
2015-06-02,HON-NVDA,-3322.6401546001434,250000.0,3
2015-06-03,KO-MSFT,3543.2405700683594,250000.0,3
2015-06-03,HON-NVDA,540.1917201280594,250000.0,3
2015-06-04,KO-MSFT,3407.7181701660156,250000.0,3
2015-06-04,HON-NVDA,-7270.732192993164,250000.0,3
2015-06-05,HON-NVDA,-9163.496530771255,250000.0,3
2015-06-05,KO-UNP,0.0,250000.0,3
2015-06-05,JNJ-KO,0.0,250000.0,3
2015-06-08,HON-NVDA,-4600.59292948246,250000.0,3
2015-06-08,KO-UNP,4515.653121948242,250000.0,3
2015-06-08,JNJ-KO,1058.3971099853516,250000.0,3
2015-06-09,HON-NVDA,-5062.930639266968,250000.0,3
2015-06-09,JNJ-KO,1036.183084487915,250000.0,3
2015-06-09,KO-PG,0.0,250000.0,3
2015-06-10,HON-NVDA,2615.180189728737,250000.0,3
2015-06-10,JNJ-KO,1118.806137084961,250000.0,3
2015-06-10,KO-PG,-1315.5962543487549,250000.0,3
2015-06-11,JNJ-KO,1356.2684879302979,250000.0,3
2015-06-11,KO-PG,-351.5623588562012,250000.0,3
2015-06-12,JNJ-KO,1443.1002025604248,250000.0,3
2015-06-12,KO-PG,585.9757995605469,250000.0,3
2015-06-15,JNJ-KO,51.722002029418945,250000.0,3
2015-06-15,KO-PG,919.079475402832,250000.0,3
2015-06-16,KO-PG,519.9769287109375,250000.0,3
2015-06-17,KO-PG,-1535.485466003418,250000.0,3
2015-06-17,ADBE-CMCSA,0.0,250000.0,3
2015-06-18,KO-PG,-1781.6154823303223,250000.0,3
2015-06-18,ADBE-CMCSA,-2466.351089477539,250000.0,3
2015-06-19,KO-PG,-2274.9264278411865,250000.0,3
2015-06-19,ADBE-CMCSA,-2353.517074584961,250000.0,3
2015-06-22,KO-PG,-1548.0226936340332,250000.0,3
2015-06-22,ADBE-CMCSA,-2295.663185119629,250000.0,3
2015-06-23,KO-PG,-9.635366439819336,250000.0,3
2015-06-23,ADBE-CMCSA,-437.20882415771484,250000.0,3
2015-06-24,ADBE-CMCSA,1124.467658996582,250000.0,3
2015-06-25,ADBE-CMCSA,-640.1621246337891,250000.0,3
2015-06-26,ADBE-CMCSA,-3199.2679595947266,250000.0,3
2015-06-29,ADBE-CMCSA,55.06084442138672,250000.0,3
2015-06-30,ADBE-CMCSA,-826.4719390869141,250000.0,3
2015-05-06,KO-PG,0.0,250000.0,4
2015-05-07,KO-PG,988.379228591919,250000.0,4
2015-05-08,KO-PG,1190.3227233886719,250000.0,4
2015-05-08,CMCSA-TMO,0.0,250000.0,4
2015-05-08,HON-NVDA,0.0,250000.0,4
2015-05-08,NVDA-PFE,0.0,250000.0,4
2015-05-11,CMCSA-TMO,-886.1680030822754,250000.0,4
2015-05-11,HON-NVDA,-5438.022969484329,250000.0,4
2015-05-11,NVDA-PFE,-926.0936532020569,250000.0,4
2015-05-12,CMCSA-TMO,-1140.7881488800049,250000.0,4
2015-05-12,HON-NVDA,-1012.4205627441406,250000.0,4
2015-05-12,NVDA-PFE,1763.550048828125,250000.0,4
2015-05-12,CL-DHR,0.0,250000.0,4
2015-05-13,CMCSA-TMO,-3403.137632369995,250000.0,4
2015-05-13,HON-NVDA,-10923.857426524162,250000.0,4
2015-05-13,NVDA-PFE,4420.864897012711,250000.0,4
2015-05-13,CL-DHR,-4637.245246887207,250000.0,4
2015-05-13,HON-PFE,0.0,250000.0,4
2015-05-13,CMCSA-HON,0.0,250000.0,4
2015-05-14,NVDA-PFE,3731.8695644140244,250000.0,4
2015-05-14,CL-DHR,-3437.4037857055664,250000.0,4
2015-05-14,HON-PFE,-4049.940299987793,250000.0,4
2015-05-14,CMCSA-HON,-4188.692199707031,250000.0,4
2015-05-14,ABT-CMCSA,0.0,250000.0,4
2015-05-15,NVDA-PFE,3432.721939563751,250000.0,4
2015-05-15,CL-DHR,602.8379135131836,250000.0,4
2015-05-15,HON-PFE,-5133.914535522461,250000.0,4
2015-05-15,CMCSA-HON,-4939.91600227356,250000.0,4
2015-05-15,ABT-CMCSA,281.6391792297363,250000.0,4
2015-05-18,NVDA-PFE,3301.241401195526,250000.0,4
2015-05-18,CL-DHR,-1802.5754470825195,250000.0,4
2015-05-18,HON-PFE,-4924.2085609436035,250000.0,4
2015-05-18,CMCSA-HON,-3989.7924938201904,250000.0,4
2015-05-18,ABT-CMCSA,1219.1196403503418,250000.0,4
2015-05-18,T-WMT,0.0,250000.0,4
2015-05-19,NVDA-PFE,704.7719427347183,250000.0,4
2015-05-19,CL-DHR,1785.9353256225586,250000.0,4
2015-05-19,HON-PFE,-1631.3256225585938,250000.0,4
2015-05-19,CMCSA-HON,-2329.1151332855225,250000.0,4
2015-05-19,ABT-CMCSA,1686.7313346862793,250000.0,4
2015-05-19,LMT-TJX,0.0,250000.0,4
2015-05-20,NVDA-PFE,43.39816343784332,250000.0,4
2015-05-20,CL-DHR,-391.42469024658203,250000.0,4
2015-05-20,HON-PFE,-2460.0524520874023,250000.0,4
2015-05-20,CMCSA-HON,-2557.5282592773438,250000.0,4
2015-05-20,ABT-CMCSA,2668.478691101074,250000.0,4
2015-05-20,LMT-TJX,2536.0816402435303,250000.0,4
2015-05-21,NVDA-PFE,-1427.4926627874374,250000.0,4
2015-05-21,CL-DHR,-221.07402801513672,250000.0,4
2015-05-21,HON-PFE,-2476.775417327881,250000.0,4
2015-05-21,CMCSA-HON,-2939.0802268981934,250000.0,4
2015-05-21,ABT-CMCSA,1733.482566833496,250000.0,4
2015-05-21,LMT-TJX,4558.291120529175,250000.0,4
2015-05-22,NVDA-PFE,-1045.6305721998215,250000.0,4
2015-05-22,CL-DHR,-193.36668395996094,250000.0,4
2015-05-22,HON-PFE,-1502.0673904418945,250000.0,4
2015-05-22,CMCSA-HON,-1122.2310886383057,250000.0,4
2015-05-22,ABT-CMCSA,4436.145458221436,250000.0,4
2015-05-26,CL-DHR,-2383.128158569336,250000.0,4
2015-05-26,HON-PFE,1086.739833831787,250000.0,4
2015-05-26,CMCSA-HON,3130.356248855591,250000.0,4
2015-05-27,HON-PFE,575.1542587280273,250000.0,4
2015-05-27,CMCSA-HON,3556.1050758361816,250000.0,4
2015-05-27,HON-NVDA,0.0,250000.0,4
2015-05-28,HON-PFE,512.0426902770996,250000.0,4
2015-05-28,CMCSA-HON,2097.8609409332275,250000.0,4
2015-05-28,HON-NVDA,-2610.7337104082108,250000.0,4
2015-05-29,CMCSA-HON,4370.707509994507,250000.0,4
2015-05-29,HON-NVDA,-6453.759207129478,250000.0,4
2015-05-29,ABT-LLY,0.0,250000.0,4
2015-06-01,CMCSA-HON,5443.044284820557,250000.0,4
2015-06-01,HON-NVDA,-9687.216415047646,250000.0,4
2015-06-01,ABT-LLY,413.09788513183594,250000.0,4
2015-06-02,CMCSA-HON,4332.574535369873,250000.0,4
2015-06-02,HON-NVDA,-3322.6401546001434,250000.0,4
2015-06-02,ABT-LLY,3739.363998413086,250000.0,4
2015-06-03,CMCSA-HON,4472.085823059082,250000.0,4
2015-06-03,HON-NVDA,540.1917201280594,250000.0,4
2015-06-03,ABT-LLY,3947.632049560547,250000.0,4
2015-06-04,HON-NVDA,-7270.732192993164,250000.0,4
2015-06-04,ABT-LLY,4036.3948516845703,250000.0,4
2015-06-05,HON-NVDA,-9163.496530771255,250000.0,4
2015-06-05,ABT-LLY,2148.8900299072266,250000.0,4
2015-06-08,HON-NVDA,-4600.59292948246,250000.0,4
2015-06-08,ABT-LLY,860.2060546875,250000.0,4
2015-06-08,COP-CVX,0.0,250000.0,4
2015-06-09,HON-NVDA,-5062.930639266968,250000.0,4
2015-06-09,COP-CVX,981.8117752075195,250000.0,4
2015-06-09,KO-PG,0.0,250000.0,4
2015-06-10,HON-NVDA,2615.180189728737,250000.0,4
2015-06-10,COP-CVX,1944.2801055908203,250000.0,4
2015-06-10,KO-PG,-1315.5962543487549,250000.0,4
2015-06-11,COP-CVX,150.3394660949707,250000.0,4
2015-06-11,KO-PG,-351.5623588562012,250000.0,4
2015-06-12,COP-CVX,-1581.5228805541992,250000.0,4
2015-06-12,KO-PG,585.9757995605469,250000.0,4
2015-06-15,COP-CVX,-2388.3464698791504,250000.0,4
2015-06-15,KO-PG,919.079475402832,250000.0,4
2015-06-16,COP-CVX,-945.9906234741211,250000.0,4
2015-06-16,KO-PG,519.9769287109375,250000.0,4
2015-06-17,COP-CVX,-740.731876373291,250000.0,4
2015-06-17,KO-PG,-1535.485466003418,250000.0,4
2015-06-18,COP-CVX,903.4996948242188,250000.0,4
2015-06-18,KO-PG,-1781.6154823303223,250000.0,4
2015-06-18,LMT-TJX,0.0,250000.0,4
2015-06-19,COP-CVX,500.8267478942871,250000.0,4
2015-06-19,KO-PG,-2274.9264278411865,250000.0,4
2015-06-19,LMT-TJX,425.4168395996094,250000.0,4
2015-06-22,COP-CVX,1931.771255493164,250000.0,4
2015-06-22,KO-PG,-1548.0226936340332,250000.0,4
2015-06-22,LMT-TJX,1663.8995513916016,250000.0,4
2015-06-23,KO-PG,-9.635366439819336,250000.0,4
2015-06-23,LMT-TJX,-2369.6129455566406,250000.0,4
2015-06-29,JNJ-TMUS,0.0,250000.0,4
2015-06-30,JNJ-TMUS,101.89783096313477,250000.0,4
2015-07-01,JNJ-TMUS,1399.7784843444824,250000.0,4
2015-07-01,ABT-CMCSA,0.0,250000.0,4
2015-07-01,KO-PG,0.0,250000.0,4
2015-07-02,JNJ-TMUS,3531.624481201172,250000.0,4
2015-07-02,ABT-CMCSA,-523.2900466918945,250000.0,4
2015-07-02,KO-PG,-708.1898612976074,250000.0,4
2015-07-06,JNJ-TMUS,293.8746566772461,250000.0,4
2015-07-06,ABT-CMCSA,886.1317024230957,250000.0,4
2015-07-06,KO-PG,-1433.0508003234863,250000.0,4
2015-07-07,JNJ-TMUS,2704.259147644043,250000.0,4
2015-07-07,ABT-CMCSA,-28.67149543762207,250000.0,4
2015-07-07,KO-PG,-2537.1822967529297,250000.0,4
2015-07-08,JNJ-TMUS,-1160.8464279174805,250000.0,4
2015-07-08,ABT-CMCSA,1851.647590637207,250000.0,4
2015-07-08,KO-PG,-2189.898880004883,250000.0,4
2015-07-09,JNJ-TMUS,2151.8061714172363,250000.0,4
2015-07-09,ABT-CMCSA,478.299259185791,250000.0,4
2015-07-09,KO-PG,-856.4250411987305,250000.0,4
2015-07-10,ABT-CMCSA,-3171.6363487243652,250000.0,4
2015-07-10,KO-PG,574.280403137207,250000.0,4
2015-07-13,KO-PG,-1091.8271217346191,250000.0,4
2015-07-14,KO-PG,1039.828945159912,250000.0,4
2015-07-15,KO-PG,495.67437744140625,250000.0,4
2015-07-16,KO-PG,1768.0031242370605,250000.0,4
2015-07-17,KO-PG,811.0703735351562,250000.0,4
2015-07-20,KO-PG,1614.94624710083,250000.0,4
2015-07-23,ABT-CMCSA,0.0,250000.0,4
2015-07-24,ABT-CMCSA,-551.7696914672852,250000.0,4
2015-07-24,HON-PFE,0.0,250000.0,4
2015-07-27,ABT-CMCSA,-3236.5023288726807,250000.0,4
2015-07-27,HON-PFE,1498.4208526611328,250000.0,4
2015-07-28,ABT-CMCSA,884.5120525360107,250000.0,4
2015-07-29,ABT-CMCSA,645.7049789428711,250000.0,4
2015-07-30,ABT-CMCSA,1419.7201614379883,250000.0,4
2015-07-30,KO-PG,0.0,250000.0,4
2015-07-31,ABT-CMCSA,1965.9245586395264,250000.0,4
2015-07-31,KO-PG,-4013.8998527526855,250000.0,4
2015-07-31,KO-TMUS,0.0,250000.0,4
2015-06-05,KO-UNP,0.0,250000.0,5
2015-06-08,KO-UNP,4515.653121948242,250000.0,5
2015-06-08,COP-CVX,0.0,250000.0,5
2015-06-09,COP-CVX,981.8117752075195,250000.0,5
2015-06-09,KO-PG,0.0,250000.0,5
2015-06-10,COP-CVX,1944.2801055908203,250000.0,5
2015-06-10,KO-PG,-1315.5962543487549,250000.0,5
2015-06-10,CMCSA-MA,0.0,250000.0,5
2015-06-11,COP-CVX,150.3394660949707,250000.0,5
2015-06-11,KO-PG,-351.5623588562012,250000.0,5
2015-06-11,CMCSA-MA,610.715160369873,250000.0,5
2015-06-12,COP-CVX,-1581.5228805541992,250000.0,5
2015-06-12,KO-PG,585.9757995605469,250000.0,5
2015-06-12,CMCSA-MA,1145.645679473877,250000.0,5
2015-06-15,COP-CVX,-2388.3464698791504,250000.0,5
2015-06-15,KO-PG,919.079475402832,250000.0,5
2015-06-15,CMCSA-MA,2617.5311012268066,250000.0,5
2015-06-15,ABT-DIS,0.0,250000.0,5
2015-06-16,COP-CVX,-945.9906234741211,250000.0,5
2015-06-16,KO-PG,519.9769287109375,250000.0,5
2015-06-16,CMCSA-MA,1876.2048950195312,250000.0,5
2015-06-16,ABT-DIS,-216.8769073486328,250000.0,5
2015-06-17,COP-CVX,-740.731876373291,250000.0,5
2015-06-17,KO-PG,-1535.485466003418,250000.0,5
2015-06-17,ABT-DIS,-801.5869178771973,250000.0,5
2015-06-18,COP-CVX,903.4996948242188,250000.0,5
2015-06-18,KO-PG,-1781.6154823303223,250000.0,5
2015-06-18,ABT-DIS,1219.249282836914,250000.0,5
2015-06-18,LMT-TJX,0.0,250000.0,5
2015-06-19,COP-CVX,500.8267478942871,250000.0,5
2015-06-19,KO-PG,-2274.9264278411865,250000.0,5
2015-06-19,ABT-DIS,2363.208843231201,250000.0,5
2015-06-19,LMT-TJX,425.4168395996094,250000.0,5
2015-06-22,COP-CVX,1931.771255493164,250000.0,5
2015-06-22,KO-PG,-1548.0226936340332,250000.0,5
2015-06-22,ABT-DIS,906.759090423584,250000.0,5
2015-06-22,LMT-TJX,1663.8995513916016,250000.0,5
2015-06-23,KO-PG,-9.635366439819336,250000.0,5
2015-06-23,ABT-DIS,-1740.1578483581543,250000.0,5
2015-06-23,LMT-TJX,-2369.6129455566406,250000.0,5
2015-06-24,ABT-DIS,-1937.4927787780762,250000.0,5
2015-06-24,KO-UPS,0.0,250000.0,5
2015-06-25,KO-UPS,-523.5161457061768,250000.0,5
2015-06-25,CMCSA-MA,0.0,250000.0,5
2015-06-26,KO-UPS,579.3050994873047,250000.0,5
2015-06-26,CMCSA-MA,-569.4647598266602,250000.0,5
2015-06-29,KO-UPS,-2404.428174972534,250000.0,5
2015-06-30,KO-UPS,-2802.138547897339,250000.0,5
2015-07-01,KO-PG,0.0,250000.0,5
2015-07-02,KO-PG,-708.1898612976074,250000.0,5
2015-07-06,KO-PG,-1433.0508003234863,250000.0,5
2015-07-15,ABT-DIS,0.0,250000.0,5
2015-07-16,ABT-DIS,704.3006820678711,250000.0,5
2015-07-17,ABT-DIS,1807.0620040893555,250000.0,5
2015-07-20,ABT-DIS,1096.5086059570312,250000.0,5
2015-07-21,ABT-DIS,146.4098663330078,250000.0,5
2015-07-24,HON-PFE,0.0,250000.0,5
2015-07-24,PSX-WMT,0.0,250000.0,5
2015-07-27,HON-PFE,1498.4208526611328,250000.0,5
2015-07-27,PSX-WMT,-6221.666122436523,250000.0,5
2015-07-28,PSX-WMT,907.3690185546875,250000.0,5
2015-07-28,KO-UPS,0.0,250000.0,5
2015-07-29,PSX-WMT,4661.075630187988,250000.0,5
2015-07-29,KO-UPS,-2287.064624786377,250000.0,5
2015-07-30,PSX-WMT,2240.8782348632812,250000.0,5
2015-07-30,KO-UPS,-3629.7260665893555,250000.0,5
2015-07-30,KO-PG,0.0,250000.0,5
2015-07-30,CMCSA-MA,0.0,250000.0,5
2015-07-31,PSX-WMT,2520.781410217285,250000.0,5
2015-07-31,KO-UPS,-4871.641935348511,250000.0,5
2015-07-31,KO-PG,-4013.8998527526855,250000.0,5
2015-07-31,CMCSA-MA,2676.057081222534,250000.0,5
2015-08-03,PSX-WMT,1258.625602722168,250000.0,5
2015-08-03,KO-UPS,-4821.470582962036,250000.0,5
2015-08-03,COP-CVX,0.0,250000.0,5
2015-08-04,PSX-WMT,498.932373046875,250000.0,5
2015-08-04,KO-UPS,-3854.9485416412354,250000.0,5
2015-08-04,COP-CVX,-1774.0847511291504,250000.0,5
2015-08-05,PSX-WMT,6700.314262390137,250000.0,5
2015-08-05,KO-UPS,-4003.419891357422,250000.0,5
2015-08-05,COP-CVX,-2241.278636932373,250000.0,5
2015-08-05,CMCSA-MA,0.0,250000.0,5
2015-08-05,ABT-DIS,0.0,250000.0,5
2015-08-06,KO-UPS,-3173.6097354888916,250000.0,5
2015-08-06,COP-CVX,-3460.547878265381,250000.0,5
2015-08-06,CMCSA-MA,313.6977939605713,250000.0,5
2015-08-06,ABT-DIS,-3560.8575134277344,250000.0,5
2015-08-07,KO-UPS,-2782.671356201172,250000.0,5
2015-08-07,COP-CVX,-1946.7921447753906,250000.0,5
2015-08-07,CMCSA-MA,-1094.473196029663,250000.0,5
2015-08-07,ABT-DIS,-548.9528427124023,250000.0,5
2015-08-10,KO-UPS,-6210.215320587158,250000.0,5
2015-08-10,COP-CVX,-1098.946361541748,250000.0,5
2015-08-10,CMCSA-MA,-377.1503791809082,250000.0,5
2015-08-10,ABT-DIS,31.824447631835938,250000.0,5
2015-08-11,KO-UPS,-5555.529369354248,250000.0,5
2015-08-11,COP-CVX,-2214.401824951172,250000.0,5
2015-08-11,CMCSA-MA,283.64970779418945,250000.0,5
2015-08-11,ABT-DIS,-5205.62321472168,250000.0,5
2015-08-12,COP-CVX,-3792.428234100342,250000.0,5
2015-08-12,CMCSA-MA,2172.498472213745,250000.0,5
2015-08-12,ABT-DIS,-5771.158359527588,250000.0,5
2015-08-13,COP-CVX,-818.6922721862793,250000.0,5
2015-08-13,CMCSA-MA,2238.9926013946533,250000.0,5
2015-08-13,ABT-DIS,-3140.595645904541,250000.0,5
2015-08-14,COP-CVX,900.6563415527344,250000.0,5
2015-08-14,CMCSA-MA,-1256.2679233551025,250000.0,5
2015-08-14,ABT-DIS,-6188.539173126221,250000.0,5
2015-08-17,COP-CVX,-3262.313289642334,250000.0,5
2015-08-17,CMCSA-MA,2476.994089126587,250000.0,5
2015-08-17,ABT-DIS,-2773.886562347412,250000.0,5
2015-08-18,CMCSA-MA,1417.4455471038818,250000.0,5
2015-08-18,ABT-DIS,-7889.130386352539,250000.0,5
2015-08-18,LMT-TJX,0.0,250000.0,5
2015-08-19,CMCSA-MA,4510.691598892212,250000.0,5
2015-08-19,ABT-DIS,-5560.241703033447,250000.0,5
2015-08-19,LMT-TJX,5296.09765625,250000.0,5
2015-08-20,LMT-TJX,5626.8541259765625,250000.0,5
2015-08-21,CSCO-HON,0.0,250000.0,5
2015-08-21,COP-CVX,0.0,250000.0,5
2015-08-21,CMCSA-MA,0.0,250000.0,5
2015-08-24,CSCO-HON,-6168.927528381348,250000.0,5
2015-08-24,COP-CVX,-1091.216781616211,250000.0,5
2015-08-24,CMCSA-MA,-3508.8944778442383,250000.0,5
2015-08-24,CMCSA-TMO,0.0,250000.0,5
2015-08-24,HON-PFE,0.0,250000.0,5
2015-08-24,KO-UPS,0.0,250000.0,5
2015-08-25,COP-CVX,-4735.668779373169,250000.0,5
2015-08-25,CMCSA-MA,-5265.9018478393555,250000.0,5
2015-08-25,CMCSA-TMO,-2127.310718536377,250000.0,5
2015-08-25,HON-PFE,-3754.7767028808594,250000.0,5
2015-08-25,KO-UPS,-822.1624755859375,250000.0,5
2015-08-26,COP-CVX,-21.166259765625,250000.0,5
2015-08-26,CMCSA-MA,5371.244842529297,250000.0,5
2015-08-26,CMCSA-TMO,5252.176013946533,250000.0,5
2015-08-26,HON-PFE,-2183.398262023926,250000.0,5
2015-08-26,KO-UPS,1202.9261684417725,250000.0,5
2015-08-27,HON-PFE,624.7575836181641,250000.0,5
2015-08-28,HON-PFE,-4273.7373123168945,250000.0,5
2015-07-01,ABT-CMCSA,0.0,250000.0,6
2015-07-01,KO-PG,0.0,250000.0,6
2015-07-01,ADBE-CMCSA,0.0,250000.0,6
2015-07-02,ABT-CMCSA,-523.2900466918945,250000.0,6
2015-07-02,KO-PG,-708.1898612976074,250000.0,6
2015-07-02,ADBE-CMCSA,-565.3013572692871,250000.0,6
2015-07-06,ABT-CMCSA,886.1317024230957,250000.0,6
2015-07-06,KO-PG,-1433.0508003234863,250000.0,6
2015-07-06,ADBE-CMCSA,90.19576263427734,250000.0,6
2015-07-07,ABT-CMCSA,-28.67149543762207,250000.0,6
2015-07-07,KO-PG,-2537.1822967529297,250000.0,6
2015-07-07,ADBE-CMCSA,-1419.6864109039307,250000.0,6
2015-07-08,ABT-CMCSA,1851.647590637207,250000.0,6
2015-07-08,KO-PG,-2189.898880004883,250000.0,6
2015-07-08,ADBE-CMCSA,1229.616527557373,250000.0,6
2015-07-09,ABT-CMCSA,478.299259185791,250000.0,6
2015-07-09,KO-PG,-856.4250411987305,250000.0,6
2015-07-09,ADBE-CMCSA,459.6137390136719,250000.0,6
2015-07-10,ABT-CMCSA,-3171.6363487243652,250000.0,6
2015-07-10,KO-PG,574.280403137207,250000.0,6
2015-07-10,ADBE-CMCSA,-4150.598796844482,250000.0,6
2015-07-13,KO-PG,-1091.8271217346191,250000.0,6
2015-07-13,ADBE-CMCSA,-5367.00147819519,250000.0,6
2015-07-14,KO-PG,1039.828945159912,250000.0,6
2015-07-14,ADBE-CMCSA,-2956.4341220855713,250000.0,6
2015-07-15,KO-PG,495.67437744140625,250000.0,6
2015-07-15,ADBE-CMCSA,-4757.894937515259,250000.0,6
2015-07-16,KO-PG,1768.0031242370605,250000.0,6
2015-07-17,KO-PG,811.0703735351562,250000.0,6
2015-07-20,KO-PG,1614.94624710083,250000.0,6
2015-07-21,ORCL-RTX,0.0,250000.0,6
2015-07-22,ORCL-RTX,-2252.2456970214844,250000.0,6
2015-07-23,ORCL-RTX,-1651.467529296875,250000.0,6
2015-07-23,ABT-CMCSA,0.0,250000.0,6
2015-07-23,ADBE-CMCSA,0.0,250000.0,6
2015-07-24,ORCL-RTX,-6105.189376831055,250000.0,6
2015-07-24,ABT-CMCSA,-551.7696914672852,250000.0,6
2015-07-24,ADBE-CMCSA,-1924.4284973144531,250000.0,6
2015-07-24,HON-PFE,0.0,250000.0,6
2015-07-27,ORCL-RTX,-5311.07682800293,250000.0,6
2015-07-27,ABT-CMCSA,-3236.5023288726807,250000.0,6
2015-07-27,ADBE-CMCSA,-3930.90354347229,250000.0,6
2015-07-27,HON-PFE,1498.4208526611328,250000.0,6
2015-07-28,ORCL-RTX,-7998.491653442383,250000.0,6
2015-07-28,ABT-CMCSA,884.5120525360107,250000.0,6
2015-07-28,ADBE-CMCSA,-133.60820960998535,250000.0,6
2015-07-28,KO-UPS,0.0,250000.0,6
2015-07-29,ORCL-RTX,-8990.429214477539,250000.0,6
2015-07-29,ABT-CMCSA,645.7049789428711,250000.0,6
2015-07-29,ADBE-CMCSA,870.3875732421875,250000.0,6
2015-07-29,KO-UPS,-2287.064624786377,250000.0,6
2015-07-30,ORCL-RTX,-5123.366516113281,250000.0,6
2015-07-30,ABT-CMCSA,1419.7201614379883,250000.0,6
2015-07-30,ADBE-CMCSA,-1824.0327987670898,250000.0,6
2015-07-30,KO-UPS,-3629.7260665893555,250000.0,6
2015-07-30,KO-PG,0.0,250000.0,6
2015-07-31,ORCL-RTX,-7249.276062011719,250000.0,6
2015-07-31,ABT-CMCSA,1965.9245586395264,250000.0,6
2015-07-31,ADBE-CMCSA,-3114.2114582061768,250000.0,6
2015-07-31,KO-UPS,-4871.641935348511,250000.0,6
2015-07-31,KO-PG,-4013.8998527526855,250000.0,6
2015-08-03,ORCL-RTX,-8539.87109375,250000.0,6
2015-08-03,ABT-CMCSA,5989.210161209106,250000.0,6
2015-08-03,ADBE-CMCSA,1343.3412113189697,250000.0,6
2015-08-03,KO-UPS,-4821.470582962036,250000.0,6
2015-08-04,ORCL-RTX,-9298.796615600586,250000.0,6
2015-08-04,ABT-CMCSA,4065.15887260437,250000.0,6
2015-08-04,ADBE-CMCSA,-1942.6161518096924,250000.0,6
2015-08-04,KO-UPS,-3854.9485416412354,250000.0,6
2015-08-05,ABT-CMCSA,-7530.558208465576,250000.0,6
2015-08-05,KO-UPS,-4003.419891357422,250000.0,6
2015-08-06,KO-UPS,-3173.6097354888916,250000.0,6
2015-08-07,KO-UPS,-2782.671356201172,250000.0,6
2015-08-10,KO-UPS,-6210.215320587158,250000.0,6
2015-08-10,ORCL-TXN,0.0,250000.0,6
2015-08-11,KO-UPS,-5555.529369354248,250000.0,6
2015-08-11,ORCL-TXN,2677.218738555908,250000.0,6
2015-08-11,META-MS,0.0,250000.0,6
2015-08-12,ORCL-TXN,1068.1686630249023,250000.0,6
2015-08-12,META-MS,-2689.458833694458,250000.0,6
2015-08-13,ORCL-TXN,3548.664089202881,250000.0,6
2015-08-13,META-MS,-993.4844512939453,250000.0,6
2015-08-14,META-MS,320.9390678405762,250000.0,6
2015-08-17,META-MS,1242.636043548584,250000.0,6
2015-08-18,META-MS,-1697.9315700531006,250000.0,6
2015-08-18,LMT-TJX,0.0,250000.0,6
2015-08-19,META-MS,-4297.0150718688965,250000.0,6
2015-08-19,LMT-TJX,5296.09765625,250000.0,6
2015-08-20,LMT-TJX,5626.8541259765625,250000.0,6
2015-08-21,CSCO-HON,0.0,250000.0,6
2015-08-21,ADBE-HON,0.0,250000.0,6
2015-08-24,CSCO-HON,-6168.927528381348,250000.0,6
2015-08-24,ADBE-HON,-4762.197021484375,250000.0,6
2015-08-24,HON-PFE,0.0,250000.0,6
2015-08-24,ORCL-RTX,0.0,250000.0,6
2015-08-24,CMCSA-TMO,0.0,250000.0,6
2015-08-24,KO-UPS,0.0,250000.0,6
2015-08-25,HON-PFE,-3754.7767028808594,250000.0,6
2015-08-25,ORCL-RTX,59.507625579833984,250000.0,6
2015-08-25,CMCSA-TMO,-2127.310718536377,250000.0,6
2015-08-25,KO-UPS,-822.1624755859375,250000.0,6
2015-08-26,HON-PFE,-2183.398262023926,250000.0,6
2015-08-26,ORCL-RTX,5525.504829406738,250000.0,6
2015-08-26,CMCSA-TMO,5252.176013946533,250000.0,6
2015-08-26,KO-UPS,1202.9261684417725,250000.0,6
2015-08-27,HON-PFE,624.7575836181641,250000.0,6
2015-08-27,ORCL-RTX,16.817981719970703,250000.0,6
2015-08-28,HON-PFE,-4273.7373123168945,250000.0,6
2015-08-28,ORCL-RTX,5823.546897888184,250000.0,6
2015-09-10,ORCL-TXN,0.0,250000.0,6
2015-09-11,ORCL-TXN,-913.8462448120117,250000.0,6
2015-09-11,HON-PFE,0.0,250000.0,6
2015-09-14,ORCL-TXN,2497.9738998413086,250000.0,6
2015-09-14,HON-PFE,974.0634155273438,250000.0,6
2015-09-15,ORCL-TXN,2538.691604614258,250000.0,6
2015-09-15,HON-PFE,228.6505126953125,250000.0,6
2015-09-15,LMT-TJX,0.0,250000.0,6
2015-09-16,HON-PFE,1748.5284423828125,250000.0,6
2015-09-16,COST-LMT,0.0,250000.0,6
2015-09-17,HON-PFE,-1598.3734130859375,250000.0,6
2015-09-17,COST-LMT,450.4200134277344,250000.0,6
2015-09-17,ADBE-CMCSA,0.0,250000.0,6
2015-09-18,HON-PFE,-3029.5486450195312,250000.0,6
2015-09-18,COST-LMT,-2331.7652587890625,250000.0,6
2015-09-18,ADBE-HON,0.0,250000.0,6
2015-09-21,HON-PFE,-517.1099853515625,250000.0,6
2015-09-21,ADBE-HON,-4561.337135314941,250000.0,6
2015-09-22,HON-PFE,-3542.41455078125,250000.0,6
2015-09-24,KO-UNP,0.0,250000.0,6
2015-09-25,KO-UNP,441.2384147644043,250000.0,6
2015-09-28,KO-UNP,-3424.1072311401367,250000.0,6
2015-09-28,CMCSA-TMO,0.0,250000.0,6
2015-09-28,ORCL-TMO,0.0,250000.0,6
2015-09-29,KO-UNP,-80.41586303710938,250000.0,6
2015-09-29,CMCSA-TMO,2523.1771087646484,250000.0,6
2015-09-29,ORCL-TMO,3501.1412658691406,250000.0,6
2015-09-30,KO-UNP,756.3472709655762,250000.0,6
2015-09-30,CMCSA-TMO,1913.1712245941162,250000.0,6
2015-09-30,ORCL-TXN,0.0,250000.0,6
2015-08-05,DIS-SBUX,0.0,250000.0,7
2015-08-05,ADBE-CMCSA,0.0,250000.0,7
2015-08-06,DIS-SBUX,1237.5541534423828,250000.0,7
2015-08-06,ADBE-CMCSA,-1730.279727935791,250000.0,7
2015-08-07,DIS-SBUX,3910.996971130371,250000.0,7
2015-08-07,ADBE-CMCSA,-2596.4785804748535,250000.0,7
2015-08-07,NVDA-TXN,0.0,250000.0,7
2015-08-10,DIS-SBUX,13102.220344543457,250000.0,7
2015-08-10,ADBE-CMCSA,-2040.8444137573242,250000.0,7
2015-08-10,NVDA-TXN,691.2840843200684,250000.0,7
2015-08-10,ORCL-TXN,0.0,250000.0,7
2015-08-11,DIS-SBUX,3214.5238723754883,250000.0,7
2015-08-11,ADBE-CMCSA,-5424.994651794434,250000.0,7
2015-08-11,NVDA-TXN,-5255.123891830444,250000.0,7
2015-08-11,ORCL-TXN,2677.218738555908,250000.0,7
2015-08-12,DIS-SBUX,-127.46023559570312,250000.0,7
2015-08-12,ADBE-CMCSA,-2654.785961151123,250000.0,7
2015-08-12,NVDA-TXN,-3524.019250869751,250000.0,7
2015-08-12,ORCL-TXN,1068.1686630249023,250000.0,7
2015-08-13,DIS-SBUX,-431.35485076904297,250000.0,7
2015-08-13,ADBE-CMCSA,-2788.231418609619,250000.0,7
2015-08-13,NVDA-TXN,-3895.4904079437256,250000.0,7
2015-08-13,ORCL-TXN,3548.664089202881,250000.0,7
2015-08-14,DIS-SBUX,-2636.1278762817383,250000.0,7
2015-08-14,ADBE-CMCSA,-10008.343029022217,250000.0,7
2015-08-14,NVDA-TXN,-4047.3052406311035,250000.0,7
2015-08-17,DIS-SBUX,668.6924743652344,250000.0,7
2015-08-17,ADBE-CMCSA,-5065.494190216064,250000.0,7
2015-08-17,NVDA-TXN,-1245.4237937927246,250000.0,7
2015-08-18,DIS-SBUX,-6428.534828186035,250000.0,7
2015-08-18,ADBE-CMCSA,-7359.9142417907715,250000.0,7
2015-08-18,NVDA-TXN,-4021.0797786712646,250000.0,7
2015-08-18,LMT-TJX,0.0,250000.0,7
2015-08-19,DIS-SBUX,-6971.641250610352,250000.0,7
2015-08-19,ADBE-CMCSA,-4231.648960113525,250000.0,7
2015-08-19,NVDA-TXN,-6638.750047683716,250000.0,7
2015-08-19,LMT-TJX,5296.09765625,250000.0,7
2015-08-20,NVDA-TXN,-7042.633504867554,250000.0,7
2015-08-20,LMT-TJX,5626.8541259765625,250000.0,7
2015-08-21,NVDA-TXN,-7371.2267780303955,250000.0,7
2015-08-21,CSCO-HON,0.0,250000.0,7
2015-08-21,ADBE-HON,0.0,250000.0,7
2015-08-21,GILD-TMUS,0.0,250000.0,7
2015-08-24,CSCO-HON,-6168.927528381348,250000.0,7
2015-08-24,ADBE-HON,-4762.197021484375,250000.0,7
2015-08-24,GILD-TMUS,-4299.510314941406,250000.0,7
2015-08-24,DIS-SBUX,0.0,250000.0,7
2015-08-24,ORCL-RTX,0.0,250000.0,7
2015-08-24,CMCSA-TMO,0.0,250000.0,7
2015-08-24,KO-UPS,0.0,250000.0,7
2015-08-25,GILD-TMUS,4735.939453125,250000.0,7
2015-08-25,DIS-SBUX,2727.3485260009766,250000.0,7
2015-08-25,ORCL-RTX,59.507625579833984,250000.0,7
2015-08-25,CMCSA-TMO,-2127.310718536377,250000.0,7
2015-08-25,KO-UPS,-822.1624755859375,250000.0,7
2015-08-25,MRK-ORCL,0.0,250000.0,7
2015-08-26,ORCL-RTX,5525.504829406738,250000.0,7
2015-08-26,CMCSA-TMO,5252.176013946533,250000.0,7
2015-08-26,KO-UPS,1202.9261684417725,250000.0,7
2015-08-26,MRK-ORCL,9603.25295639038,250000.0,7
2015-08-27,ORCL-RTX,16.817981719970703,250000.0,7
2015-08-28,ORCL-RTX,5823.546897888184,250000.0,7
2015-09-10,ORCL-TXN,0.0,250000.0,7
2015-09-10,GILD-TMUS,0.0,250000.0,7
2015-09-11,ORCL-TXN,-913.8462448120117,250000.0,7
2015-09-11,GILD-TMUS,-1888.8455390930176,250000.0,7
2015-09-14,ORCL-TXN,2497.9738998413086,250000.0,7
2015-09-14,GILD-TMUS,-1256.5889205932617,250000.0,7
2015-09-15,ORCL-TXN,2538.691604614258,250000.0,7
2015-09-15,LMT-TJX,0.0,250000.0,7
2015-09-17,ADBE-CMCSA,0.0,250000.0,7
2015-09-17,MRK-ORCL,0.0,250000.0,7
2015-09-18,MRK-ORCL,7329.65291595459,250000.0,7
2015-09-18,ADBE-HON,0.0,250000.0,7
2015-09-21,ADBE-HON,-4561.337135314941,250000.0,7
2015-09-24,KO-UNP,0.0,250000.0,7
2015-09-25,KO-UNP,441.2384147644043,250000.0,7
2015-09-28,KO-UNP,-3424.1072311401367,250000.0,7
2015-09-28,CMCSA-TMO,0.0,250000.0,7
2015-09-29,KO-UNP,-80.41586303710938,250000.0,7
2015-09-29,CMCSA-TMO,2523.1771087646484,250000.0,7
2015-09-30,KO-UNP,756.3472709655762,250000.0,7
2015-09-30,CMCSA-TMO,1913.1712245941162,250000.0,7
2015-09-30,ORCL-TXN,0.0,250000.0,7
2015-10-01,CMCSA-TMO,-225.8466911315918,250000.0,7
2015-10-02,CMCSA-TMO,485.0723705291748,250000.0,7
2015-10-05,CMCSA-TMO,1011.92848777771,250000.0,7
2015-10-06,CMCSA-TMO,-2027.1859703063965,250000.0,7
2015-10-07,CMCSA-TMO,-2110.6931018829346,250000.0,7
2015-10-14,ORCL-TXN,0.0,250000.0,7
2015-10-15,ORCL-TXN,2336.8219985961914,250000.0,7
2015-10-16,ORCL-TXN,869.9661064147949,250000.0,7
2015-10-19,ORCL-TXN,-1690.5780220031738,250000.0,7
2015-10-20,ORCL-TXN,-738.1210556030273,250000.0,7
2015-10-20,ORCL-RTX,0.0,250000.0,7
2015-10-21,ORCL-TXN,708.8136138916016,250000.0,7
2015-10-23,LMT-TJX,0.0,250000.0,7
2015-10-23,KO-PG,0.0,250000.0,7
2015-10-26,LMT-TJX,1134.2770881652832,250000.0,7
2015-10-26,KO-PG,-2496.874370574951,250000.0,7
2015-10-27,LMT-TJX,-2556.457550048828,250000.0,7
2015-10-27,KO-PG,-1747.6246948242188,250000.0,7
2015-10-27,KO-UPS,0.0,250000.0,7
2015-10-28,LMT-TJX,3810.0150184631348,250000.0,7
2015-10-28,KO-PG,1385.9937210083008,250000.0,7
2015-10-28,KO-UPS,-1665.3093795776367,250000.0,7
2015-10-29,KO-PG,32.40133285522461,250000.0,7
2015-10-29,KO-UPS,108.5950813293457,250000.0,7
2015-10-29,ADBE-CMCSA,0.0,250000.0,7
2015-10-30,KO-PG,-100.59844207763672,250000.0,7
2015-10-30,KO-UPS,945.2634429931641,250000.0,7
2015-10-30,ADBE-CMCSA,2597.118232727051,250000.0,7
2015-09-11,HON-PFE,0.0,250000.0,8
2015-09-11,CMCSA-DIS,0.0,250000.0,8
2015-09-14,HON-PFE,974.0634155273438,250000.0,8
2015-09-14,CMCSA-DIS,771.4934616088867,250000.0,8
2015-09-15,HON-PFE,228.6505126953125,250000.0,8
2015-09-15,LMT-TJX,0.0,250000.0,8
2015-09-16,HON-PFE,1748.5284423828125,250000.0,8
2015-09-17,HON-PFE,-1598.3734130859375,250000.0,8
2015-09-18,HON-PFE,-3029.5486450195312,250000.0,8
2015-09-21,HON-PFE,-517.1099853515625,250000.0,8
2015-09-21,ABT-ADBE,0.0,250000.0,8
2015-09-22,HON-PFE,-3542.41455078125,250000.0,8
2015-09-22,ABT-ADBE,-5691.33419418335,250000.0,8
2015-09-25,GILD-T,0.0,250000.0,8
2015-09-28,GILD-T,-2790.050968170166,250000.0,8
2015-09-28,ABT-DIS,0.0,250000.0,8
2015-09-28,CMCSA-TMO,0.0,250000.0,8
2015-09-28,CMCSA-DIS,0.0,250000.0,8
2015-09-29,GILD-T,-2730.3397274017334,250000.0,8
2015-09-29,ABT-DIS,-77.26600074768066,250000.0,8
2015-09-29,CMCSA-TMO,2523.1771087646484,250000.0,8
2015-09-29,CMCSA-DIS,-412.17767333984375,250000.0,8
2015-09-30,GILD-T,-4166.122497558594,250000.0,8
2015-09-30,ABT-DIS,-3396.517890930176,250000.0,8
2015-09-30,CMCSA-TMO,1913.1712245941162,250000.0,8
2015-09-30,CMCSA-DIS,2804.2013626098633,250000.0,8
2015-10-01,GILD-T,-3687.874002456665,250000.0,8
2015-10-01,ABT-DIS,-1787.5612754821777,250000.0,8
2015-10-01,CMCSA-TMO,-225.8466911315918,250000.0,8
2015-10-02,GILD-T,-4527.037003517151,250000.0,8
2015-10-02,ABT-DIS,591.6520919799805,250000.0,8
2015-10-02,CMCSA-TMO,485.0723705291748,250000.0,8
2015-10-05,ABT-DIS,-1513.5352058410645,250000.0,8
2015-10-05,CMCSA-TMO,1011.92848777771,250000.0,8
2015-10-06,CMCSA-TMO,-2027.1859703063965,250000.0,8
2015-10-07,CMCSA-TMO,-2110.6931018829346,250000.0,8
2015-10-15,KO-MRK,0.0,250000.0,8
2015-10-16,KO-MRK,-3368.029680252075,250000.0,8
2015-10-19,KO-MRK,-3087.033290863037,250000.0,8
2015-10-20,KO-MRK,3025.598958969116,250000.0,8
2015-10-20,CMCSA-MPC,0.0,250000.0,8
2015-10-20,ORCL-RTX,0.0,250000.0,8
2015-10-21,KO-MRK,1661.6807956695557,250000.0,8
2015-10-21,CMCSA-MPC,-419.124755859375,250000.0,8
2015-10-22,KO-MRK,-1367.2883930206299,250000.0,8
2015-10-22,CMCSA-MPC,771.6551971435547,250000.0,8
2015-10-22,CRM-MCD,0.0,250000.0,8
2015-10-22,CMCSA-DIS,0.0,250000.0,8
2015-10-23,CMCSA-MPC,4120.068197250366,250000.0,8
2015-10-23,CMCSA-DIS,1820.7586994171143,250000.0,8
2015-10-23,LMT-TJX,0.0,250000.0,8
2015-10-23,KO-PG,0.0,250000.0,8
2015-10-26,CMCSA-MPC,3652.883949279785,250000.0,8
2015-10-26,CMCSA-DIS,1920.2365264892578,250000.0,8
2015-10-26,LMT-TJX,1134.2770881652832,250000.0,8
2015-10-26,KO-PG,-2496.874370574951,250000.0,8
2015-10-27,CMCSA-DIS,-1986.2396183013916,250000.0,8
2015-10-27,LMT-TJX,-2556.457550048828,250000.0,8
2015-10-27,KO-PG,-1747.6246948242188,250000.0,8
2015-10-27,GILD-T,0.0,250000.0,8
2015-10-27,KO-UPS,0.0,250000.0,8
2015-10-28,CMCSA-DIS,-1147.4141120910645,250000.0,8
2015-10-28,LMT-TJX,3810.0150184631348,250000.0,8
2015-10-28,KO-PG,1385.9937210083008,250000.0,8
2015-10-28,GILD-T,3555.518738746643,250000.0,8
2015-10-28,KO-UPS,-1665.3093795776367,250000.0,8
2015-10-29,CMCSA-DIS,3178.637029647827,250000.0,8
2015-10-29,KO-PG,32.40133285522461,250000.0,8
2015-10-29,GILD-T,3780.439136505127,250000.0,8
2015-10-29,KO-UPS,108.5950813293457,250000.0,8
2015-10-30,CMCSA-DIS,3740.951650619507,250000.0,8
2015-10-30,KO-PG,-100.59844207763672,250000.0,8
2015-10-30,GILD-T,4232.955719947815,250000.0,8
2015-10-30,KO-UPS,945.2634429931641,250000.0,8
2015-11-02,CMCSA-DIS,1501.2563934326172,250000.0,8
2015-11-02,KO-PG,-1366.897933959961,250000.0,8
2015-11-02,GILD-T,3960.0598182678223,250000.0,8
2015-11-02,PSX-WMT,0.0,250000.0,8
2015-11-03,CMCSA-DIS,-545.742265701294,250000.0,8
2015-11-03,KO-PG,-3228.835792541504,250000.0,8
2015-11-03,GILD-T,4459.432815551758,250000.0,8
2015-11-03,PSX-WMT,-3117.2171306610107,250000.0,8
2015-11-04,CMCSA-DIS,-1257.986400604248,250000.0,8
2015-11-04,KO-PG,-4215.32918548584,250000.0,8
2015-11-04,GILD-T,3414.043779373169,250000.0,8
2015-11-04,PSX-WMT,-4547.537441253662,250000.0,8
2015-11-04,ABT-CMCSA,0.0,250000.0,8
2015-11-05,CMCSA-DIS,1128.1916542053223,250000.0,8
2015-11-05,KO-PG,-233.5133285522461,250000.0,8
2015-11-05,GILD-T,3162.524736404419,250000.0,8
2015-11-05,ABT-CMCSA,1423.513687133789,250000.0,8
2015-11-06,KO-PG,569.1670112609863,250000.0,8
2015-11-06,GILD-T,1451.7029914855957,250000.0,8
2015-11-06,ABT-CMCSA,-133.90525817871094,250000.0,8
2015-11-09,GILD-T,-796.6699075698853,250000.0,8
2015-11-09,ABT-CMCSA,-232.5108871459961,250000.0,8
2015-11-10,GILD-T,-1689.3970556259155,250000.0,8
2015-11-10,ABT-CMCSA,-511.5091018676758,250000.0,8
2015-11-11,GILD-T,447.3764476776123,250000.0,8
2015-11-11,ABT-CMCSA,547.8290481567383,250000.0,8
2015-11-11,LMT-TJX,0.0,250000.0,8
2015-11-12,GILD-T,781.3562984466553,250000.0,8
2015-11-12,ABT-CMCSA,1758.667531967163,250000.0,8
2015-11-12,LMT-TJX,-1948.533317565918,250000.0,8
2015-11-13,ABT-CMCSA,-2986.039737701416,250000.0,8
2015-11-13,CSCO-HON,0.0,250000.0,8
2015-11-16,ABT-CMCSA,48.50166702270508,250000.0,8
2015-11-16,CSCO-HON,-1558.3745880126953,250000.0,8
2015-11-17,ABT-CMCSA,-664.5852241516113,250000.0,8
2015-11-17,CSCO-HON,-1265.13134765625,250000.0,8
2015-11-17,PSX-WMT,0.0,250000.0,8
2015-11-18,CSCO-HON,-4015.70711517334,250000.0,8
2015-11-18,PSX-WMT,-6616.498466491699,250000.0,8
2015-11-19,PSX-WMT,-5386.097255706787,250000.0,8
2015-11-19,HON-PFE,0.0,250000.0,8
2015-11-20,PSX-WMT,-1556.358974456787,250000.0,8
2015-11-20,HON-PFE,-2137.407455444336,250000.0,8
2015-11-23,PSX-WMT,-3195.161108016968,250000.0,8
2015-11-23,HON-PFE,-6452.042556762695,250000.0,8
2015-11-23,CMCSA-MPC,0.0,250000.0,8
2015-11-24,PSX-WMT,-3401.28751373291,250000.0,8
2015-11-24,HON-PFE,1597.5535888671875,250000.0,8
2015-11-25,PSX-WMT,-4126.964834213257,250000.0,8
2015-11-25,HON-PFE,7563.137382507324,250000.0,8
2015-11-27,PSX-WMT,-2649.911745071411,250000.0,8
2015-11-27,HON-PFE,6006.748100280762,250000.0,8
2015-11-30,PSX-WMT,3812.1484565734863,250000.0,8
2015-11-30,HON-PFE,6091.538536071777,250000.0,8
2015-10-05,ADBE-MA,0.0,250000.0,9
2015-10-05,PEP-T,0.0,250000.0,9
2015-10-05,PEP-UPS,0.0,250000.0,9
2015-10-06,ADBE-MA,-56.09187316894531,250000.0,9
2015-10-06,PEP-UPS,1981.1322784423828,250000.0,9
2015-10-07,PEP-UPS,1983.3867874145508,250000.0,9
2015-10-08,PEP-UPS,-203.7725601196289,250000.0,9
2015-10-09,PEP-UPS,-253.9207305908203,250000.0,9
2015-10-12,PEP-UPS,-2505.6604385375977,250000.0,9
2015-10-13,PEP-UPS,-1452.5509414672852,250000.0,9
2015-10-14,PEP-UPS,-961.272102355957,250000.0,9
2015-10-14,PEP-TXN,0.0,250000.0,9
2015-10-15,PEP-UPS,-2187.982955932617,250000.0,9
2015-10-15,PEP-TXN,2474.242401123047,250000.0,9
2015-10-16,PEP-UPS,-602.0425643920898,250000.0,9
2015-10-16,PEP-TXN,4379.779739379883,250000.0,9
2015-10-19,PEP-UPS,-704.3830490112305,250000.0,9
2015-10-19,PEP-TXN,4916.284698486328,250000.0,9
2015-10-19,PEP-PSX,0.0,250000.0,9
2015-10-20,PEP-PSX,-260.76253509521484,250000.0,9
2015-10-20,ORCL-RTX,0.0,250000.0,9
2015-10-20,CMCSA-MPC,0.0,250000.0,9
2015-10-21,PEP-PSX,-3585.178665161133,250000.0,9
2015-10-21,CMCSA-MPC,-419.124755859375,250000.0,9
2015-10-22,PEP-PSX,-3399.8628120422363,250000.0,9
2015-10-22,CMCSA-MPC,771.6551971435547,250000.0,9
2015-10-22,AVGO-UNH,0.0,250000.0,9
2015-10-22,AMGN-PEP,0.0,250000.0,9
2015-10-22,PEP-TXN,0.0,250000.0,9
2015-10-23,PEP-PSX,307.9659729003906,250000.0,9
2015-10-23,CMCSA-MPC,4120.068197250366,250000.0,9
2015-10-23,AVGO-UNH,2842.012794494629,250000.0,9
2015-10-23,AMGN-PEP,2704.7035751342773,250000.0,9
2015-10-23,PEP-TXN,-5323.87109375,250000.0,9
2015-10-23,KO-PG,0.0,250000.0,9
2015-10-23,LMT-TJX,0.0,250000.0,9
2015-10-26,PEP-PSX,-1007.8226852416992,250000.0,9
2015-10-26,CMCSA-MPC,3652.883949279785,250000.0,9
2015-10-26,AVGO-UNH,6704.8180294036865,250000.0,9
2015-10-26,AMGN-PEP,3366.5832748413086,250000.0,9
2015-10-26,PEP-TXN,-4339.501419067383,250000.0,9
2015-10-26,KO-PG,-2496.874370574951,250000.0,9
2015-10-26,LMT-TJX,1134.2770881652832,250000.0,9
2015-10-27,PEP-PSX,-179.98531341552734,250000.0,9
2015-10-27,AMGN-PEP,3512.259735107422,250000.0,9
2015-10-27,PEP-TXN,-1741.8204536437988,250000.0,9
2015-10-27,KO-PG,-1747.6246948242188,250000.0,9
2015-10-27,LMT-TJX,-2556.457550048828,250000.0,9
2015-10-27,GILD-T,0.0,250000.0,9
2015-10-27,PEP-T,0.0,250000.0,9
2015-10-27,PEP-UPS,0.0,250000.0,9
2015-10-28,PEP-PSX,4336.682186126709,250000.0,9
2015-10-28,PEP-TXN,-4930.257511138916,250000.0,9
2015-10-28,KO-PG,1385.9937210083008,250000.0,9
2015-10-28,LMT-TJX,3810.0150184631348,250000.0,9
2015-10-28,GILD-T,3555.518738746643,250000.0,9
2015-10-28,PEP-T,1834.1111307144165,250000.0,9
2015-10-28,PEP-UPS,-751.7734451293945,250000.0,9
2015-10-29,PEP-TXN,4303.138408660889,250000.0,9
2015-10-29,KO-PG,32.40133285522461,250000.0,9
2015-10-29,GILD-T,3780.439136505127,250000.0,9
2015-10-29,PEP-UPS,1168.642204284668,250000.0,9
2015-10-30,PEP-TXN,2251.464984893799,250000.0,9
2015-10-30,KO-PG,-100.59844207763672,250000.0,9
2015-10-30,GILD-T,4232.955719947815,250000.0,9
2015-10-30,PEP-UPS,1260.3128814697266,250000.0,9
2015-10-30,PEP-PSX,0.0,250000.0,9
2015-11-02,PEP-TXN,-733.9567184448242,250000.0,9
2015-11-02,KO-PG,-1366.897933959961,250000.0,9
2015-11-02,GILD-T,3960.0598182678223,250000.0,9
2015-11-02,PEP-PSX,-5849.42272567749,250000.0,9
2015-11-03,PEP-TXN,-2530.037368774414,250000.0,9
2015-11-03,KO-PG,-3228.835792541504,250000.0,9
2015-11-03,GILD-T,4459.432815551758,250000.0,9
2015-11-03,PEP-PSX,-12570.604732513428,250000.0,9
2015-11-04,PEP-TXN,-2353.390754699707,250000.0,9
2015-11-04,KO-PG,-4215.32918548584,250000.0,9
2015-11-04,GILD-T,3414.043779373169,250000.0,9
2015-11-04,PEP-PSX,-14992.260471343994,250000.0,9
2015-11-05,PEP-TXN,-4325.392524719238,250000.0,9
2015-11-05,KO-PG,-233.5133285522461,250000.0,9
2015-11-05,GILD-T,3162.524736404419,250000.0,9
2015-11-06,KO-PG,569.1670112609863,250000.0,9
2015-11-06,GILD-T,1451.7029914855957,250000.0,9
2015-11-09,GILD-T,-796.6699075698853,250000.0,9
2015-11-10,GILD-T,-1689.3970556259155,250000.0,9
2015-11-11,GILD-T,447.3764476776123,250000.0,9
2015-11-11,LMT-TJX,0.0,250000.0,9
2015-11-12,GILD-T,781.3562984466553,250000.0,9
2015-11-12,LMT-TJX,-1948.533317565918,250000.0,9
2015-11-12,ADBE-MA,0.0,250000.0,9
2015-11-13,ADBE-MA,-482.8055191040039,250000.0,9
2015-11-16,ADBE-MA,1890.1631393432617,250000.0,9
2015-11-17,ADBE-MA,411.34700775146484,250000.0,9
2015-11-18,ADBE-MA,1498.7737655639648,250000.0,9
2015-11-19,ADBE-MA,71.48412322998047,250000.0,9
2015-11-19,HON-PFE,0.0,250000.0,9
2015-11-19,PEP-PFE,0.0,250000.0,9
2015-11-20,ADBE-MA,1435.202133178711,250000.0,9
2015-11-20,HON-PFE,-2137.407455444336,250000.0,9
2015-11-20,PEP-PFE,537.0900726318359,250000.0,9
2015-11-23,ADBE-MA,846.7132797241211,250000.0,9
2015-11-23,HON-PFE,-6452.042556762695,250000.0,9
2015-11-23,PEP-PFE,-7298.748153686523,250000.0,9
2015-11-23,CMCSA-MPC,0.0,250000.0,9
2015-11-24,ADBE-MA,-1434.668930053711,250000.0,9
2015-11-24,HON-PFE,1597.5535888671875,250000.0,9
2015-11-24,PEP-PFE,-1975.5859680175781,250000.0,9
2015-11-24,JNJ-PG,0.0,250000.0,9
2015-11-25,ADBE-MA,-1903.8795700073242,250000.0,9
2015-11-25,HON-PFE,7563.137382507324,250000.0,9
2015-11-25,PEP-PFE,5209.937591552734,250000.0,9
2015-11-25,JNJ-PG,1588.6454696655273,250000.0,9
2015-11-27,HON-PFE,6006.748100280762,250000.0,9
2015-11-27,PEP-PFE,4189.097763061523,250000.0,9
2015-11-30,HON-PFE,6091.538536071777,250000.0,9
2015-11-30,PEP-PFE,5004.536834716797,250000.0,9
2015-12-03,PEP-TMO,0.0,250000.0,9
2015-12-04,PEP-TMO,4648.27205657959,250000.0,9
2015-12-04,GILD-T,0.0,250000.0,9
2015-12-07,PEP-TMO,2504.277702331543,250000.0,9
2015-12-07,GILD-T,-1833.6751251220703,250000.0,9
2015-12-08,PEP-TMO,4457.855537414551,250000.0,9
2015-12-08,GILD-T,1597.9899082183838,250000.0,9
2015-12-09,PEP-TMO,3353.1217498779297,250000.0,9
2015-12-21,PEP-PFE,0.0,250000.0,9
2015-12-22,PEP-PFE,918.9072303771973,250000.0,9
2015-12-23,PEP-PFE,1594.028507232666,250000.0,9
2015-12-24,PEP-PFE,1014.8639106750488,250000.0,9
2015-11-02,ADBE-V,0.0,250000.0,10
2015-11-02,GOOGL-V,0.0,250000.0,10
2015-11-05,META-NKE,0.0,250000.0,10
2015-11-06,META-NKE,3453.7544708251953,250000.0,10
2015-11-09,META-NKE,2314.187141418457,250000.0,10
2015-11-10,META-NKE,-1679.8691940307617,250000.0,10
2015-11-11,META-NKE,-8959.718368530273,250000.0,10
2015-11-11,LMT-TJX,0.0,250000.0,10
2015-11-12,LMT-TJX,-1948.533317565918,250000.0,10
2015-11-12,ADBE-MA,0.0,250000.0,10
2015-11-13,ADBE-MA,-482.8055191040039,250000.0,10
2015-11-16,ADBE-MA,1890.1631393432617,250000.0,10
2015-11-16,DHR-LMT,0.0,250000.0,10
2015-11-16,DHR-MCD,0.0,250000.0,10
2015-11-17,ADBE-MA,411.34700775146484,250000.0,10
2015-11-17,DHR-LMT,-1603.6351051330566,250000.0,10
2015-11-17,DHR-MCD,-966.3742065429688,250000.0,10
2015-11-18,ADBE-MA,1498.7737655639648,250000.0,10
2015-11-18,DHR-LMT,347.2770767211914,250000.0,10
2015-11-18,DHR-MCD,-3237.0565032958984,250000.0,10
2015-11-19,ADBE-MA,71.48412322998047,250000.0,10
2015-11-19,DHR-LMT,-673.6452407836914,250000.0,10
2015-11-19,DHR-MCD,-1225.7491302490234,250000.0,10
2015-11-19,MPC-PFE,0.0,250000.0,10
2015-11-20,ADBE-MA,1435.202133178711,250000.0,10
2015-11-20,DHR-LMT,-2318.1082801818848,250000.0,10
2015-11-20,DHR-MCD,-1245.6219482421875,250000.0,10
2015-11-20,MPC-PFE,-1057.6082611083984,250000.0,10
2015-11-20,META-NKE,0.0,250000.0,10
2015-11-23,ADBE-MA,846.7132797241211,250000.0,10
2015-11-23,DHR-LMT,-2525.074001312256,250000.0,10
2015-11-23,DHR-MCD,502.0948028564453,250000.0,10
2015-11-23,MPC-PFE,-8462.552352905273,250000.0,10
2015-11-23,META-NKE,-318.6944122314453,250000.0,10
2015-11-24,ADBE-MA,-1434.668930053711,250000.0,10
2015-11-24,DHR-LMT,-4182.467227935791,250000.0,10
2015-11-24,DHR-MCD,2511.40625,250000.0,10
2015-11-24,MPC-PFE,-4846.333511352539,250000.0,10
2015-11-24,META-NKE,-2625.9770278930664,250000.0,10
2015-11-24,JNJ-PG,0.0,250000.0,10
2015-11-25,ADBE-MA,-1903.8795700073242,250000.0,10
2015-11-25,DHR-LMT,-2918.4365272521973,250000.0,10
2015-11-25,DHR-MCD,1667.542495727539,250000.0,10
2015-11-25,MPC-PFE,645.3840484619141,250000.0,10
2015-11-25,META-NKE,-6282.481781005859,250000.0,10
2015-11-25,JNJ-PG,1588.6454696655273,250000.0,10
2015-11-27,MPC-PFE,-866.5444030761719,250000.0,10
2015-11-27,META-NKE,-6586.239776611328,250000.0,10
2015-11-30,MPC-PFE,-746.8034057617188,250000.0,10
2015-11-30,META-NKE,-4935.861221313477,250000.0,10
2015-11-30,DHR-LMT,0.0,250000.0,10
2015-12-01,MPC-PFE,4237.793701171875,250000.0,10
2015-12-01,META-NKE,-1609.659065246582,250000.0,10
2015-12-01,DHR-LMT,702.9846458435059,250000.0,10
2015-12-02,MPC-PFE,946.3965911865234,250000.0,10
2015-12-02,META-NKE,-2286.177291870117,250000.0,10
2015-12-02,DHR-LMT,510.38658142089844,250000.0,10
2015-12-03,MPC-PFE,3125.959762573242,250000.0,10
2015-12-03,META-NKE,1275.3547134399414,250000.0,10
2015-12-03,DHR-LMT,-802.2698097229004,250000.0,10
2015-12-03,ADBE-MCD,0.0,250000.0,10
2015-12-04,MPC-PFE,4257.628936767578,250000.0,10
2015-12-04,META-NKE,-1481.9473876953125,250000.0,10
2015-12-04,DHR-LMT,-1137.7491264343262,250000.0,10
2015-12-04,ADBE-MCD,2109.826385498047,250000.0,10
2015-12-04,GILD-T,0.0,250000.0,10
2015-12-07,DHR-LMT,132.77500534057617,250000.0,10
2015-12-07,GILD-T,-1833.6751251220703,250000.0,10
2015-12-07,ADBE-V,0.0,250000.0,10
2015-12-08,DHR-LMT,751.8928337097168,250000.0,10
2015-12-08,GILD-T,1597.9899082183838,250000.0,10
2015-12-09,DHR-LMT,1717.4574966430664,250000.0,10
2015-12-11,ADBE-V,0.0,250000.0,10
2015-12-11,HON-TMO,0.0,250000.0,10
2015-12-11,ADBE-CRM,0.0,250000.0,10
2015-12-14,ADBE-V,-1618.0747375488281,250000.0,10
2015-12-14,HON-TMO,-194.42630004882812,250000.0,10
2015-12-14,ADBE-CRM,-4441.594650268555,250000.0,10
2015-12-15,ADBE-V,2430.3565368652344,250000.0,10
2015-12-15,HON-TMO,-5467.376541137695,250000.0,10
2015-12-15,ADBE-CRM,-5201.711166381836,250000.0,10
2015-12-16,ADBE-V,3059.7078857421875,250000.0,10
2015-12-16,HON-TMO,4420.116180419922,250000.0,10
2015-12-16,ADBE-CRM,-4303.111145019531,250000.0,10
2015-12-16,HON-MPC,0.0,250000.0,10
2015-12-17,ADBE-V,2257.8118896484375,250000.0,10
2015-12-17,HON-TMO,3825.648666381836,250000.0,10
2015-12-17,ADBE-CRM,-2227.5322875976562,250000.0,10
2015-12-18,ADBE-V,935.6883544921875,250000.0,10
2015-12-18,ADBE-CRM,809.1689758300781,250000.0,10
2015-12-21,ADBE-V,3034.3306579589844,250000.0,10
2015-12-21,ADBE-CRM,840.5191192626953,250000.0,10
2015-12-22,ADBE-V,-1195.1355285644531,250000.0,10
2015-12-22,ADBE-CRM,-3083.1661834716797,250000.0,10
2015-12-22,META-NKE,0.0,250000.0,10
2015-12-23,ADBE-V,712.8457641601562,250000.0,10
2015-12-23,ADBE-CRM,-4808.693176269531,250000.0,10
2015-12-24,ADBE-V,621.8653564453125,250000.0,10
2015-12-24,ADBE-CRM,-4441.225250244141,250000.0,10
2015-12-24,META-NKE,0.0,250000.0,10
2015-12-28,ADBE-V,1732.236083984375,250000.0,10
2015-12-28,META-NKE,761.5556182861328,250000.0,10
2015-12-29,ADBE-V,1439.2017822265625,250000.0,10
2015-12-29,META-NKE,12.007743835449219,250000.0,10
2015-12-30,META-NKE,-2005.7783737182617,250000.0,10
2015-12-31,META-NKE,-2005.6318740844727,250000.0,10
2016-01-04,META-NKE,-1241.4629592895508,250000.0,10
2016-01-05,META-NKE,1190.9976806640625,250000.0,10
2016-01-06,META-NKE,-2786.9109420776367,250000.0,10
2016-01-06,GILD-JPM,0.0,250000.0,10
2016-01-07,META-NKE,330.8628158569336,250000.0,10
2016-01-07,GILD-JPM,-5701.6455726623535,250000.0,10
2016-01-07,KO-UPS,0.0,250000.0,10
2016-01-08,KO-UPS,-3039.417953491211,250000.0,10
2016-01-11,KO-UPS,-2454.8583755493164,250000.0,10
2016-01-11,ADBE-CRM,0.0,250000.0,10
2016-01-12,KO-UPS,49.189414978027344,250000.0,10
2016-01-13,HON-MPC,0.0,250000.0,10
2016-01-14,HON-MPC,1320.5018882751465,250000.0,10
2016-01-14,JNJ-XOM,0.0,250000.0,10
2016-01-14,CRM-PSX,0.0,250000.0,10
2016-01-14,META-NKE,0.0,250000.0,10
2016-01-15,HON-MPC,-5752.202735900879,250000.0,10
2016-01-15,JNJ-XOM,1325.897720336914,250000.0,10
2016-01-15,CRM-PSX,-5531.643608093262,250000.0,10
2016-01-15,META-NKE,1307.1339721679688,250000.0,10
2016-01-15,ADBE-V,0.0,250000.0,10
2016-01-19,HON-MPC,-7344.803318023682,250000.0,10
2016-01-19,CRM-PSX,-6381.801544189453,250000.0,10
2016-01-19,ADBE-V,-1553.075813293457,250000.0,10
2016-01-19,ADBE-MA,0.0,250000.0,10
2016-01-20,HON-MPC,-6938.150550842285,250000.0,10
2016-01-20,CRM-PSX,-2614.9211349487305,250000.0,10
2016-01-20,ADBE-V,-1304.568374633789,250000.0,10
2016-01-20,ADBE-MA,-1451.6815032958984,250000.0,10
2016-01-21,HON-MPC,-13618.549686431885,250000.0,10
2016-01-21,CRM-PSX,-2808.687080383301,250000.0,10
2016-01-21,ADBE-V,1626.196533203125,250000.0,10
2016-01-21,ADBE-MA,1336.1163482666016,250000.0,10
2016-01-21,META-NKE,0.0,250000.0,10
2016-01-22,HON-MPC,249.52442932128906,250000.0,10
2016-01-22,ADBE-V,2018.8970260620117,250000.0,10
2016-01-22,ADBE-MA,4541.005035400391,250000.0,10
2016-01-22,META-NKE,4295.870338439941,250000.0,10
2016-01-25,HON-MPC,-6342.5794677734375,250000.0,10
2016-01-25,ADBE-MA,4915.638122558594,250000.0,10
2016-01-25,META-NKE,3656.9647827148438,250000.0,10
2016-01-26,HON-MPC,-10137.172264099121,250000.0,10
2016-01-26,ADBE-MA,5417.175094604492,250000.0,10
2016-01-26,META-NKE,2454.842086791992,250000.0,10
2016-01-27,HON-MPC,-13724.963417053223,250000.0,10
2016-01-27,ADBE-MA,1878.5680847167969,250000.0,10
2016-01-27,META-NKE,4476.445068359375,250000.0,10
2016-01-27,GILD-JPM,0.0,250000.0,10
2016-01-28,ADBE-MA,-1667.8818969726562,250000.0,10
2016-01-28,GILD-JPM,-5772.770919799805,250000.0,10
2016-01-28,HON-TMO,0.0,250000.0,10
2016-01-28,CRM-PSX,0.0,250000.0,10
2016-01-28,GOOGL-V,0.0,250000.0,10
2016-01-29,HON-TMO,-4956.018775939941,250000.0,10
2016-01-29,CRM-PSX,5657.118911743164,250000.0,10
2016-01-29,HON-MPC,0.0,250000.0,10
2015-12-03,ADBE-MCD,0.0,250000.0,11
2015-12-03,CVX-ORCL,0.0,250000.0,11
2015-12-04,ADBE-MCD,2109.826385498047,250000.0,11
2015-12-04,GILD-T,0.0,250000.0,11
2015-12-04,SLB-VZ,0.0,250000.0,11
2015-12-07,GILD-T,-1833.6751251220703,250000.0,11
2015-12-07,ADBE-V,0.0,250000.0,11
2015-12-08,GILD-T,1597.9899082183838,250000.0,11
2015-12-08,GOOGL-META,0.0,250000.0,11
2015-12-09,GOOGL-META,515.5094757080078,250000.0,11
2015-12-11,ADBE-V,0.0,250000.0,11
2015-12-11,HON-TMO,0.0,250000.0,11
2015-12-11,CL-TSLA,0.0,250000.0,11
2015-12-14,ADBE-V,-1618.0747375488281,250000.0,11
2015-12-14,HON-TMO,-194.42630004882812,250000.0,11
2015-12-14,CL-TSLA,4160.7409410476685,250000.0,11
2015-12-15,ADBE-V,2430.3565368652344,250000.0,11
2015-12-15,HON-TMO,-5467.376541137695,250000.0,11
2015-12-15,DHR-V,0.0,250000.0,11
2015-12-16,ADBE-V,3059.7078857421875,250000.0,11
2015-12-16,HON-TMO,4420.116180419922,250000.0,11
2015-12-16,DHR-V,606.8184280395508,250000.0,11
2015-12-16,CL-TSLA,0.0,250000.0,11
2015-12-17,ADBE-V,2257.8118896484375,250000.0,11
2015-12-17,HON-TMO,3825.648666381836,250000.0,11
2015-12-17,DHR-V,-1781.7169494628906,250000.0,11
2015-12-17,CL-TSLA,5389.914745330811,250000.0,11
2015-12-18,ADBE-V,935.6883544921875,250000.0,11
2015-12-18,DHR-V,3838.7826919555664,250000.0,11
2015-12-21,ADBE-V,3034.3306579589844,250000.0,11
2015-12-22,ADBE-V,-1195.1355285644531,250000.0,11
2015-12-23,ADBE-V,712.8457641601562,250000.0,11
2015-12-24,ADBE-V,621.8653564453125,250000.0,11
2015-12-28,ADBE-V,1732.236083984375,250000.0,11
2015-12-29,ADBE-V,1439.2017822265625,250000.0,11
2015-12-31,SLB-VZ,0.0,250000.0,11
2016-01-04,SLB-VZ,-1541.0787658691406,250000.0,11
2016-01-04,DHR-V,0.0,250000.0,11
2016-01-05,SLB-VZ,1668.8631896972656,250000.0,11
2016-01-05,DHR-V,1373.2505722045898,250000.0,11
2016-01-06,SLB-VZ,507.9378967285156,250000.0,11
2016-01-06,DHR-V,1275.4050216674805,250000.0,11
2016-01-06,HON-T,0.0,250000.0,11
2016-01-07,SLB-VZ,71.29972839355469,250000.0,11
2016-01-07,HON-T,-492.08277797698975,250000.0,11
2016-01-07,GOOGL-META,0.0,250000.0,11
2016-01-08,SLB-VZ,-1652.5020446777344,250000.0,11
2016-01-08,HON-T,-1915.7965850830078,250000.0,11
2016-01-08,GOOGL-META,1450.8673477172852,250000.0,11
2016-01-11,SLB-VZ,-74.54669189453125,250000.0,11
2016-01-11,GOOGL-META,1277.3402709960938,250000.0,11
2016-01-12,GOOGL-META,2429.4334716796875,250000.0,11
2016-01-13,GOOGL-META,-50.34967803955078,250000.0,11
2016-01-14,CRM-PSX,0.0,250000.0,11
2016-01-14,JNJ-XOM,0.0,250000.0,11
2016-01-15,CRM-PSX,-5531.643608093262,250000.0,11
2016-01-15,JNJ-XOM,1325.897720336914,250000.0,11
2016-01-15,ADBE-V,0.0,250000.0,11
2016-01-15,CVX-RTX,0.0,250000.0,11
2016-01-19,CRM-PSX,-6381.801544189453,250000.0,11
2016-01-19,ADBE-V,-1553.075813293457,250000.0,11
2016-01-19,CVX-RTX,1706.744556427002,250000.0,11
2016-01-20,CRM-PSX,-2614.9211349487305,250000.0,11
2016-01-20,ADBE-V,-1304.568374633789,250000.0,11
2016-01-20,CVX-RTX,3842.573554992676,250000.0,11
2016-01-21,CRM-PSX,-2808.687080383301,250000.0,11
2016-01-21,ADBE-V,1626.196533203125,250000.0,11
2016-01-21,CVX-RTX,3276.0577239990234,250000.0,11
2016-01-21,CSCO-VZ,0.0,250000.0,11
2016-01-22,CRM-PSX,-7925.993545532227,250000.0,11
2016-01-22,ADBE-V,2018.8970260620117,250000.0,11
2016-01-22,CVX-RTX,2273.1436920166016,250000.0,11
2016-01-22,CSCO-VZ,-5392.65248298645,250000.0,11
2016-01-25,CRM-PSX,-1907.8214874267578,250000.0,11
2016-01-25,CVX-RTX,1530.914306640625,250000.0,11
2016-01-25,CSCO-VZ,-5756.77518081665,250000.0,11
2016-01-25,ADBE-MCD,0.0,250000.0,11
2016-01-26,CRM-PSX,-6915.077529907227,250000.0,11
2016-01-26,CVX-RTX,-534.3590202331543,250000.0,11
2016-01-26,ADBE-MCD,-2107.4534454345703,250000.0,11
2016-01-27,CVX-RTX,1026.0105934143066,250000.0,11
2016-01-28,CVX-RTX,-570.0220603942871,250000.0,11
2016-01-28,DHR-V,0.0,250000.0,11
2016-01-28,HON-TMO,0.0,250000.0,11
2016-01-28,HON-PFE,0.0,250000.0,11
2016-01-28,CRM-PSX,0.0,250000.0,11
2016-01-28,GOOGL-META,0.0,250000.0,11
2016-01-29,CVX-RTX,2325.435520172119,250000.0,11
2016-01-29,HON-TMO,-4956.018775939941,250000.0,11
2016-01-29,CRM-PSX,5657.118911743164,250000.0,11
2016-01-29,GOOGL-META,-3510.867607116699,250000.0,11
2016-02-01,CVX-RTX,3500.2086219787598,250000.0,11
2016-02-01,HON-TMO,-6860.704086303711,250000.0,11
2016-02-01,CRM-PSX,9430.455726623535,250000.0,11
2016-02-01,GOOGL-META,-7516.665374755859,250000.0,11
2016-02-02,CVX-RTX,2587.9204025268555,250000.0,11
2016-02-02,HON-TMO,-8947.644439697266,250000.0,11
2016-02-02,CRM-PSX,-4431.001239776611,250000.0,11
2016-02-02,GOOGL-META,-3626.8779067993164,250000.0,11
2016-02-03,CRM-PSX,-2786.0690841674805,250000.0,11
2016-02-03,GOOGL-META,-7904.218811035156,250000.0,11
2016-02-03,DIS-MPC,0.0,250000.0,11
2016-02-03,DHR-MCD,0.0,250000.0,11
2016-02-04,CRM-PSX,2790.7583084106445,250000.0,11
2016-02-04,GOOGL-META,-8188.664604187012,250000.0,11
2016-02-04,DIS-MPC,-16159.466028213501,250000.0,11
2016-02-04,DHR-MCD,-3244.4787368774414,250000.0,11
2016-02-05,GOOGL-META,-709.5793228149414,250000.0,11
2016-02-05,ADBE-V,0.0,250000.0,11
2016-02-08,GOOGL-META,9297.060096740723,250000.0,11
2016-02-08,ADBE-V,2083.339096069336,250000.0,11
2016-02-09,GOOGL-META,8914.13452911377,250000.0,11
2016-02-09,ADBE-V,-2710.6181716918945,250000.0,11
2016-02-10,GOOGL-META,7173.623313903809,250000.0,11
2016-02-10,ADBE-V,-4696.518569946289,250000.0,11
2016-02-11,GOOGL-META,4954.086692810059,250000.0,11
2016-02-11,ADBE-V,-362.43517303466797,250000.0,11
2016-02-12,GOOGL-META,4870.850715637207,250000.0,11
2016-02-12,ADBE-V,-2672.3479919433594,250000.0,11
2016-02-16,GOOGL-META,8745.171859741211,250000.0,11
2016-02-16,ADBE-V,704.2695693969727,250000.0,11
2016-02-17,GOOGL-META,4463.942939758301,250000.0,11
2016-02-17,ADBE-V,4689.458564758301,250000.0,11
2016-02-18,GOOGL-META,4448.33171081543,250000.0,11
2016-02-18,ADBE-V,4019.1593017578125,250000.0,11
2016-02-19,GOOGL-META,3194.116470336914,250000.0,11
2016-02-19,ADBE-V,3888.9197006225586,250000.0,11
2016-02-22,ADBE-V,6159.469879150391,250000.0,11
2016-02-22,ORCL-RTX,0.0,250000.0,11
2016-02-23,ADBE-V,7445.040794372559,250000.0,11
2016-02-23,ORCL-RTX,-1514.7656288146973,250000.0,11
2016-02-24,ORCL-RTX,-6439.851119995117,250000.0,11
2016-01-04,DHR-V,0.0,250000.0,12
2016-01-04,AXP-UNP,0.0,250000.0,12
2016-01-05,DHR-V,1373.2505722045898,250000.0,12
2016-01-05,AXP-UNP,-3593.322784423828,250000.0,12
2016-01-05,HON-PYPL,0.0,250000.0,12
2016-01-05,AXP-WMT,0.0,250000.0,12
2016-01-05,PYPL-VZ,0.0,250000.0,12
2016-01-06,DHR-V,1275.4050216674805,250000.0,12
2016-01-06,AXP-UNP,-3554.405616760254,250000.0,12
2016-01-06,HON-PYPL,301.6211814880371,250000.0,12
2016-01-06,AXP-WMT,-6439.076267242432,250000.0,12
2016-01-06,PYPL-VZ,1214.7601509094238,250000.0,12
2016-01-07,AXP-UNP,-1375.1920623779297,250000.0,12
2016-01-07,HON-PYPL,1070.5082168579102,250000.0,12
2016-01-07,PYPL-VZ,-112.88465881347656,250000.0,12
2016-01-07,DIS-JPM,0.0,250000.0,12
2016-01-08,AXP-UNP,-5060.9091796875,250000.0,12
2016-01-08,HON-PYPL,-285.1550598144531,250000.0,12
2016-01-08,PYPL-VZ,890.0418281555176,250000.0,12
2016-01-08,DIS-JPM,-5233.135635375977,250000.0,12
2016-01-11,AXP-UNP,-5634.765312194824,250000.0,12
2016-01-11,HON-PYPL,2288.169876098633,250000.0,12
2016-01-11,PYPL-VZ,581.9977188110352,250000.0,12
2016-01-11,DIS-JPM,-6586.8717041015625,250000.0,12
2016-01-11,CAT-SLB,0.0,250000.0,12
2016-01-12,AXP-UNP,-8228.560775756836,250000.0,12
2016-01-12,HON-PYPL,844.90380859375,250000.0,12
2016-01-12,PYPL-VZ,1579.3022499084473,250000.0,12
2016-01-12,DIS-JPM,-8301.69692993164,250000.0,12
2016-01-12,CAT-SLB,810.3348655700684,250000.0,12
2016-01-13,AXP-UNP,-9548.360618591309,250000.0,12
2016-01-13,HON-PYPL,-1361.9206562042236,250000.0,12
2016-01-13,PYPL-VZ,2787.99849319458,250000.0,12
2016-01-13,CAT-SLB,1325.8579864501953,250000.0,12
2016-01-14,HON-PYPL,309.37660217285156,250000.0,12
2016-01-14,PYPL-VZ,1241.6892280578613,250000.0,12
2016-01-15,HON-PYPL,-347.5954818725586,250000.0,12
2016-01-15,PYPL-VZ,1865.1593742370605,250000.0,12
2016-01-19,HON-PYPL,-1310.8979358673096,250000.0,12
2016-01-19,PYPL-VZ,-877.2360000610352,250000.0,12
2016-01-20,AMGN-PYPL,0.0,250000.0,12
2016-01-20,AMGN-HON,0.0,250000.0,12
2016-01-21,AMGN-PYPL,2881.4588928222656,250000.0,12
2016-01-21,AMGN-HON,3099.3368377685547,250000.0,12
2016-01-21,AXP-UNP,0.0,250000.0,12
2016-01-21,PYPL-VZ,0.0,250000.0,12
2016-01-22,AMGN-PYPL,2562.7321014404297,250000.0,12
2016-01-22,AMGN-HON,3055.696319580078,250000.0,12
2016-01-22,PYPL-VZ,-5023.718521118164,250000.0,12
2016-01-25,AMGN-PYPL,4208.743927001953,250000.0,12
2016-01-25,AMGN-HON,2196.4779739379883,250000.0,12
2016-01-25,PYPL-VZ,-5576.570728302002,250000.0,12
2016-01-25,CAT-SLB,0.0,250000.0,12
2016-01-25,ADBE-MCD,0.0,250000.0,12
2016-01-26,AMGN-PYPL,7764.747287750244,250000.0,12
2016-01-26,CAT-SLB,-2277.734176635742,250000.0,12
2016-01-26,ADBE-MCD,-2107.4534454345703,250000.0,12
2016-01-26,HON-JNJ,0.0,250000.0,12
2016-01-27,CAT-SLB,-7003.412403106689,250000.0,12
2016-01-28,CAT-SLB,-9970.3363571167,250000.0,12
2016-01-28,DHR-V,0.0,250000.0,12
2016-01-28,HON-TMO,0.0,250000.0,12
2016-01-28,AMGN-PYPL,0.0,250000.0,12
2016-01-28,HON-PYPL,0.0,250000.0,12
2016-01-28,HON-PFE,0.0,250000.0,12
2016-01-28,JPM-PYPL,0.0,250000.0,12
2016-01-28,MRK-PYPL,0.0,250000.0,12
2016-01-29,HON-TMO,-4956.018775939941,250000.0,12
2016-01-29,AMGN-PYPL,-7963.1888427734375,250000.0,12
2016-01-29,HON-PYPL,1559.131118774414,250000.0,12
2016-01-29,JPM-PYPL,-5705.014102935791,250000.0,12
2016-01-29,MRK-PYPL,-3793.6566467285156,250000.0,12
2016-01-29,AMGN-HON,0.0,250000.0,12
2016-02-01,HON-TMO,-6860.704086303711,250000.0,12
2016-02-01,AMGN-PYPL,-14798.993675231934,250000.0,12
2016-02-01,HON-PYPL,-6247.68083190918,250000.0,12
2016-02-01,MRK-PYPL,-10107.995422363281,250000.0,12
2016-02-01,AMGN-HON,795.2265472412109,250000.0,12
2016-02-02,HON-TMO,-8947.644439697266,250000.0,12
2016-02-02,AMGN-PYPL,-16534.944747924805,250000.0,12
2016-02-02,HON-PYPL,-10972.420639038086,250000.0,12
2016-02-02,MRK-PYPL,-10613.76303100586,250000.0,12
2016-02-02,AMGN-HON,3515.1288986206055,250000.0,12
2016-02-03,AMGN-PYPL,-17066.634773254395,250000.0,12
2016-02-03,HON-PYPL,-7860.878128051758,250000.0,12
2016-02-03,MRK-PYPL,-14395.947898864746,250000.0,12
2016-02-03,AMGN-HON,465.4353332519531,250000.0,12
2016-02-04,AMGN-PYPL,-19286.912773132324,250000.0,12
2016-02-04,HON-PYPL,-7878.380264282227,250000.0,12
2016-02-04,AMGN-HON,-1264.5593948364258,250000.0,12
2016-02-05,AMGN-PYPL,-10524.505012512207,250000.0,12
2016-02-05,HON-PYPL,6214.087539672852,250000.0,12
2016-02-05,AMGN-HON,-5150.138832092285,250000.0,12
2016-02-08,AMGN-PYPL,-2617.1992416381836,250000.0,12
2016-02-08,AMGN-HON,-5750.5169677734375,250000.0,12
2016-02-08,CL-PG,0.0,250000.0,12
2016-02-09,AMGN-PYPL,4242.342056274414,250000.0,12
2016-02-09,AMGN-HON,-8472.013778686523,250000.0,12
2016-02-09,CL-PG,-419.30125427246094,250000.0,12
2016-02-10,AMGN-PYPL,5007.835968017578,250000.0,12
2016-02-10,AMGN-HON,-6520.252899169922,250000.0,12
2016-02-10,CL-PG,2534.678062438965,250000.0,12
2016-02-11,AMGN-PYPL,-2710.547050476074,250000.0,12
2016-02-11,AMGN-HON,-6334.807502746582,250000.0,12
2016-02-11,DIS-JPM,0.0,250000.0,12
2016-02-12,AMGN-HON,-7729.393707275391,250000.0,12
2016-02-22,ORCL-RTX,0.0,250000.0,12
2016-02-23,ORCL-RTX,-1514.7656288146973,250000.0,12
2016-02-24,ORCL-RTX,-6439.851119995117,250000.0,12
2016-02-29,AMGN-PYPL,0.0,250000.0,12
2016-02-29,CAT-SLB,0.0,250000.0,12
2016-03-01,AMGN-PYPL,-1331.9129791259766,250000.0,12
2016-03-01,CAT-SLB,2742.360912322998,250000.0,12
2016-03-01,HON-TMO,0.0,250000.0,12
2016-03-02,AMGN-PYPL,-1617.436092376709,250000.0,12
2016-03-02,CAT-SLB,3043.4342880249023,250000.0,12
2016-03-03,AMGN-PYPL,-2304.8901557922363,250000.0,12
2016-03-03,CAT-SLB,-4355.662078857422,250000.0,12
2016-03-04,AMGN-PYPL,-2299.7976264953613,250000.0,12
2016-03-04,CAT-SLB,-8533.562725067139,250000.0,12
2016-03-07,AMGN-PYPL,-612.7962799072266,250000.0,12
2016-03-07,DHR-V,0.0,250000.0,12
2016-03-08,AMGN-PYPL,2154.7603340148926,250000.0,12
2016-03-08,DHR-V,-1359.685157775879,250000.0,12
2016-03-09,AMGN-PYPL,-4160.688606262207,250000.0,12
2016-03-09,DHR-V,49.618839263916016,250000.0,12
2016-03-10,DHR-V,-3399.960720062256,250000.0,12
2016-03-10,CL-PG,0.0,250000.0,12
2016-03-11,DHR-V,-2002.6110343933105,250000.0,12
2016-03-11,CL-PG,-2054.5743713378906,250000.0,12
2016-03-14,DHR-V,-4665.363018035889,250000.0,12
2016-03-14,CL-PG,-3403.6942749023438,250000.0,12
2016-03-15,DHR-V,-3781.283920288086,250000.0,12
2016-03-15,CL-PG,-4089.891803741455,250000.0,12
2016-03-16,DHR-V,-1132.3034896850586,250000.0,12
2016-03-16,CL-PG,-4284.3756675720215,250000.0,12
2016-03-16,ORCL-RTX,0.0,250000.0,12
2016-03-17,DHR-V,-4110.154426574707,250000.0,12
2016-03-17,CL-PG,-3748.219623565674,250000.0,12
2016-03-17,ORCL-RTX,1150.1082153320312,250000.0,12
2016-03-17,HON-JNJ,0.0,250000.0,12
2016-03-18,CL-PG,-4501.797344207764,250000.0,12
2016-03-18,ORCL-RTX,-3467.539993286133,250000.0,12
2016-03-18,HON-JNJ,-99.94175720214844,250000.0,12
2016-03-21,CL-PG,-3826.5273246765137,250000.0,12
2016-03-21,ORCL-RTX,-3930.404228210449,250000.0,12
2016-03-21,HON-JNJ,-1624.5458755493164,250000.0,12
2016-03-22,CL-PG,-2825.9145584106445,250000.0,12
2016-03-22,ORCL-RTX,-3874.913284301758,250000.0,12
2016-03-22,HON-JNJ,-1912.5109024047852,250000.0,12
2016-03-23,CL-PG,-3344.9921226501465,250000.0,12
2016-03-23,ORCL-RTX,1012.6249771118164,250000.0,12
2016-03-23,HON-JNJ,2050.239456176758,250000.0,12
2016-03-24,CL-PG,-3481.592052459717,250000.0,12
2016-03-24,ORCL-RTX,-419.43746185302734,250000.0,12
2016-03-24,HON-JNJ,3154.2269592285156,250000.0,12
2016-03-28,ORCL-RTX,1270.3198776245117,250000.0,12
2016-03-28,HON-JNJ,2479.6288146972656,250000.0,12
2016-03-29,ORCL-RTX,3898.7517318725586,250000.0,12
2016-03-30,ORCL-RTX,2631.795555114746,250000.0,12
2016-03-30,DHR-V,0.0,250000.0,12
2016-03-31,ORCL-RTX,2602.8126068115234,250000.0,12
2016-03-31,DHR-V,617.7327423095703,250000.0,12
2016-02-22,ORCL-RTX,0.0,250000.0,13
2016-02-23,ORCL-RTX,-1514.7656288146973,250000.0,13
2016-02-24,ORCL-RTX,-6439.851119995117,250000.0,13
2016-02-29,AMGN-PYPL,0.0,250000.0,13
2016-03-01,AMGN-PYPL,-1331.9129791259766,250000.0,13
2016-03-01,HON-TMO,0.0,250000.0,13
2016-03-01,UNH-V,0.0,250000.0,13
2016-03-02,AMGN-PYPL,-1617.436092376709,250000.0,13
2016-03-02,HON-TMO,-4954.844284057617,250000.0,13
2016-03-02,UNH-V,769.6709289550781,250000.0,13
2016-03-03,AMGN-PYPL,-2304.8901557922363,250000.0,13
2016-03-03,UNH-V,2582.7104568481445,250000.0,13
2016-03-04,AMGN-PYPL,-2299.7976264953613,250000.0,13
2016-03-04,UNH-V,2597.735038757324,250000.0,13
2016-03-07,AMGN-PYPL,-612.7962799072266,250000.0,13
2016-03-08,AMGN-PYPL,2154.7603340148926,250000.0,13
2016-03-08,MRK-SLB,0.0,250000.0,13
2016-03-09,AMGN-PYPL,-4160.688606262207,250000.0,13
2016-03-09,MRK-SLB,721.0102386474609,250000.0,13
2016-03-10,MRK-SLB,-1948.3962707519531,250000.0,13
2016-03-11,MRK-SLB,494.41392517089844,250000.0,13
2016-03-11,HON-PG,0.0,250000.0,13
2016-03-14,MRK-SLB,-4131.0209312438965,250000.0,13
2016-03-14,HON-PG,-1065.3994140625,250000.0,13
2016-03-15,MRK-SLB,-791.9481582641602,250000.0,13
2016-03-15,HON-PG,-868.8829803466797,250000.0,13
2016-03-16,MRK-SLB,2573.9637336730957,250000.0,13
2016-03-16,HON-PG,-1526.182518005371,250000.0,13
2016-03-16,ORCL-RTX,0.0,250000.0,13
2016-03-17,HON-PG,347.4107360839844,250000.0,13
2016-03-17,ORCL-RTX,1150.1082153320312,250000.0,13
2016-03-17,HON-JNJ,0.0,250000.0,13
2016-03-18,HON-PG,99.57844543457031,250000.0,13
2016-03-18,ORCL-RTX,-3467.539993286133,250000.0,13
2016-03-18,HON-JNJ,-99.94175720214844,250000.0,13
2016-03-21,HON-PG,-170.43831634521484,250000.0,13
2016-03-21,ORCL-RTX,-3930.404228210449,250000.0,13
2016-03-21,HON-JNJ,-1624.5458755493164,250000.0,13
2016-03-22,HON-PG,-2352.7885971069336,250000.0,13
2016-03-22,ORCL-RTX,-3874.913284301758,250000.0,13
2016-03-22,HON-JNJ,-1912.5109024047852,250000.0,13
2016-03-23,HON-PG,-1059.2899932861328,250000.0,13
2016-03-23,ORCL-RTX,1012.6249771118164,250000.0,13
2016-03-23,HON-JNJ,2050.239456176758,250000.0,13
2016-03-24,HON-PG,367.0035095214844,250000.0,13
2016-03-24,ORCL-RTX,-419.43746185302734,250000.0,13
2016-03-24,HON-JNJ,3154.2269592285156,250000.0,13
2016-03-24,HON-TXN,0.0,250000.0,13
2016-03-28,ORCL-RTX,1270.3198776245117,250000.0,13
2016-03-28,HON-JNJ,2479.6288146972656,250000.0,13
2016-03-28,HON-TXN,1300.4124450683594,250000.0,13
2016-03-29,ORCL-RTX,3898.7517318725586,250000.0,13
2016-03-29,HON-TXN,-2080.5103759765625,250000.0,13
2016-03-30,ORCL-RTX,2631.795555114746,250000.0,13
2016-03-30,LOW-TXN,0.0,250000.0,13
2016-03-31,ORCL-RTX,2602.8126068115234,250000.0,13
2016-04-01,ORCL-RTX,787.7746047973633,250000.0,13
2016-04-04,ORCL-RTX,2090.554039001465,250000.0,13
2016-04-05,ORCL-RTX,4239.580627441406,250000.0,13
2016-04-06,ORCL-RTX,4243.329498291016,250000.0,13
2016-04-07,BAC-MPC,0.0,250000.0,13
2016-04-08,BAC-MPC,-7465.484937667847,250000.0,13
2016-04-11,BAC-MPC,-297.575870513916,250000.0,13
2016-04-12,BAC-MPC,1127.5148105621338,250000.0,13
2016-04-12,HON-PYPL,0.0,250000.0,13
2016-04-13,BAC-MPC,10694.178302764893,250000.0,13
2016-04-13,HON-PYPL,1563.1547622680664,250000.0,13
2016-04-13,HON-PG,0.0,250000.0,13
2016-04-14,HON-PYPL,1212.459732055664,250000.0,13
2016-04-14,HON-PG,933.702808380127,250000.0,13
2016-04-15,HON-PYPL,495.04277420043945,250000.0,13
2016-04-15,HON-PG,1689.4898109436035,250000.0,13
2016-04-18,HON-PG,2324.0376205444336,250000.0,13
2016-04-18,UNH-V,0.0,250000.0,13
2016-04-19,HON-TXN,0.0,250000.0,13
2016-04-21,CRM-VZ,0.0,250000.0,13
2016-04-22,CRM-VZ,2187.279121398926,250000.0,13
2016-04-22,ORCL-RTX,0.0,250000.0,13
2016-04-25,CRM-VZ,3254.9905166625977,250000.0,13
2016-04-25,UNH-V,0.0,250000.0,13
2016-04-26,CRM-VZ,1472.1184463500977,250000.0,13
2016-04-26,UNH-V,874.0523300170898,250000.0,13
2016-04-27,UNH-V,2779.142364501953,250000.0,13
2016-04-28,UNH-V,-83.05223846435547,250000.0,13
2016-04-29,UNH-V,-1173.9539947509766,250000.0,13
2016-04-29,CRM-PSX,0.0,250000.0,13
2016-04-29,LOW-TXN,0.0,250000.0,13
2016-04-29,HON-TXN,0.0,250000.0,13
2016-03-01,HON-TMO,0.0,250000.0,14
2016-03-01,HON-XOM,0.0,250000.0,14
2016-03-02,HON-TMO,-4954.844284057617,250000.0,14
2016-03-02,HON-XOM,3029.15860748291,250000.0,14
2016-03-03,HON-TMO,-5269.270324707031,250000.0,14
2016-03-03,HON-XOM,-1109.2055969238281,250000.0,14
2016-03-04,HON-TMO,-8200.601959228516,250000.0,14
2016-03-04,HON-XOM,-1814.304542541504,250000.0,14
2016-03-07,DHR-V,0.0,250000.0,14
2016-03-08,DHR-V,-1359.685157775879,250000.0,14
2016-03-08,ORCL-SLB,0.0,250000.0,14
2016-03-09,DHR-V,49.618839263916016,250000.0,14
2016-03-09,ORCL-SLB,-2734.564064025879,250000.0,14
2016-03-10,DHR-V,-3399.960720062256,250000.0,14
2016-03-10,ORCL-SLB,2531.084930419922,250000.0,14
2016-03-11,DHR-V,-2002.6110343933105,250000.0,14
2016-03-11,ORCL-SLB,861.8520126342773,250000.0,14
2016-03-14,DHR-V,-4665.363018035889,250000.0,14
2016-03-14,ORCL-SLB,-2299.9875869750977,250000.0,14
2016-03-15,DHR-V,-3781.283920288086,250000.0,14
2016-03-15,ORCL-SLB,-3374.3902130126953,250000.0,14
2016-03-16,DHR-V,-1132.3034896850586,250000.0,14
2016-03-16,ORCL-RTX,0.0,250000.0,14
2016-03-16,CSCO-ORCL,0.0,250000.0,14
2016-03-17,DHR-V,-4110.154426574707,250000.0,14
2016-03-17,ORCL-RTX,1150.1082153320312,250000.0,14
2016-03-17,CSCO-ORCL,-808.8810729980469,250000.0,14
2016-03-17,UNH-UPS,0.0,250000.0,14
2016-03-17,HON-JNJ,0.0,250000.0,14
2016-03-18,ORCL-RTX,-3467.539993286133,250000.0,14
2016-03-18,UNH-UPS,-959.3759613037109,250000.0,14
2016-03-18,HON-JNJ,-99.94175720214844,250000.0,14
2016-03-18,HD-LMT,0.0,250000.0,14
2016-03-21,ORCL-RTX,-3930.404228210449,250000.0,14
2016-03-21,HON-JNJ,-1624.5458755493164,250000.0,14
2016-03-21,HD-LMT,-571.8246536254883,250000.0,14
2016-03-21,NKE-SBUX,0.0,250000.0,14
2016-03-22,ORCL-RTX,-3874.913284301758,250000.0,14
2016-03-22,HON-JNJ,-1912.5109024047852,250000.0,14
2016-03-22,HD-LMT,-189.5310821533203,250000.0,14
2016-03-22,NKE-SBUX,753.0554656982422,250000.0,14
2016-03-23,ORCL-RTX,1012.6249771118164,250000.0,14
2016-03-23,HON-JNJ,2050.239456176758,250000.0,14
2016-03-23,HD-LMT,-980.4812316894531,250000.0,14
2016-03-24,ORCL-RTX,-419.43746185302734,250000.0,14
2016-03-24,HON-JNJ,3154.2269592285156,250000.0,14
2016-03-28,ORCL-RTX,1270.3198776245117,250000.0,14
2016-03-28,HON-JNJ,2479.6288146972656,250000.0,14
2016-03-29,ORCL-RTX,3898.7517318725586,250000.0,14
2016-03-30,ORCL-RTX,2631.795555114746,250000.0,14
2016-03-30,DHR-V,0.0,250000.0,14
2016-03-31,ORCL-RTX,2602.8126068115234,250000.0,14
2016-03-31,DHR-V,617.7327423095703,250000.0,14
2016-04-01,ORCL-RTX,787.7746047973633,250000.0,14
2016-04-01,DHR-V,-1370.472885131836,250000.0,14
2016-04-04,ORCL-RTX,2090.554039001465,250000.0,14
2016-04-04,DHR-V,-6120.507431030273,250000.0,14
2016-04-05,ORCL-RTX,4239.580627441406,250000.0,14
2016-04-05,DHR-V,-4333.969970703125,250000.0,14
2016-04-06,ORCL-RTX,4243.329498291016,250000.0,14
2016-04-06,DHR-V,-7167.712493896484,250000.0,14
2016-04-07,DHR-V,-6298.844200134277,250000.0,14
2016-04-08,DHR-V,-7953.941879272461,250000.0,14
2016-04-11,DHR-V,-8346.730171203613,250000.0,14
2016-04-12,DHR-V,-8936.906135559082,250000.0,14
2016-04-12,HON-PYPL,0.0,250000.0,14
2016-04-13,HON-PYPL,1563.1547622680664,250000.0,14
2016-04-13,HON-PG,0.0,250000.0,14
2016-04-14,HON-PYPL,1212.459732055664,250000.0,14
2016-04-14,HON-PG,933.702808380127,250000.0,14
2016-04-15,HON-PYPL,495.04277420043945,250000.0,14
2016-04-15,HON-PG,1689.4898109436035,250000.0,14
2016-04-18,HON-PG,2324.0376205444336,250000.0,14
2016-04-22,ORCL-RTX,0.0,250000.0,14
2016-04-22,NKE-SBUX,0.0,250000.0,14
2016-04-25,NKE-SBUX,808.0192565917969,250000.0,14
2016-04-26,NKE-SBUX,-35.68663787841797,250000.0,14
2016-04-26,HD-LMT,0.0,250000.0,14
2016-04-27,NKE-SBUX,-3076.5052185058594,250000.0,14
2016-04-27,HD-LMT,-1278.8375549316406,250000.0,14
2016-04-28,NKE-SBUX,-3769.792655944824,250000.0,14
2016-04-28,HD-LMT,-2673.679443359375,250000.0,14
2016-04-29,NKE-SBUX,-5353.172119140625,250000.0,14
2016-04-29,HD-LMT,-1387.333999633789,250000.0,14
2016-05-02,NKE-SBUX,-1690.9239654541016,250000.0,14
2016-05-02,HD-LMT,-599.4541854858398,250000.0,14
2016-05-03,NKE-SBUX,-5515.5363845825195,250000.0,14
2016-05-03,HD-LMT,-3369.3703231811523,250000.0,14
2016-05-03,CAT-SLB,0.0,250000.0,14
2016-05-04,NKE-SBUX,-4127.670310974121,250000.0,14
2016-05-04,CAT-SLB,-505.1880340576172,250000.0,14
2016-05-05,NKE-SBUX,-2988.5587310791016,250000.0,14
2016-05-05,CAT-SLB,1402.0304145812988,250000.0,14
2016-05-06,NKE-SBUX,-3183.6232681274414,250000.0,14
2016-05-06,CAT-SLB,-673.9031524658203,250000.0,14
2016-05-09,CAT-SLB,-2986.616340637207,250000.0,14
2016-05-09,HON-JNJ,0.0,250000.0,14
2016-05-10,CAT-SLB,-1713.5563659667969,250000.0,14
2016-05-10,HON-JNJ,1022.9981002807617,250000.0,14
2016-05-11,CAT-SLB,-3005.9725227355957,250000.0,14
2016-05-11,HON-JNJ,231.72466278076172,250000.0,14
2016-05-12,CAT-SLB,-601.7255058288574,250000.0,14
2016-05-12,HON-JNJ,679.2894744873047,250000.0,14
2016-05-13,CAT-SLB,-2630.311580657959,250000.0,14
2016-05-13,HON-JNJ,421.49796295166016,250000.0,14
2016-05-16,CAT-SLB,1158.971694946289,250000.0,14
2016-05-16,HON-JNJ,1353.8408203125,250000.0,14
2016-05-17,HON-JNJ,1614.1460037231445,250000.0,14
2016-05-17,CL-XOM,0.0,250000.0,14
2016-05-18,HON-JNJ,490.0990676879883,250000.0,14
2016-05-18,CL-XOM,-2389.181350708008,250000.0,14
2016-05-19,HON-JNJ,1466.5653762817383,250000.0,14
2016-05-19,CL-XOM,-3306.054786682129,250000.0,14
2016-05-19,CRM-MA,0.0,250000.0,14
2016-05-19,HON-XOM,0.0,250000.0,14
2016-05-19,HON-PYPL,0.0,250000.0,14
2016-05-19,CSCO-ORCL,0.0,250000.0,14
2016-05-20,HON-JNJ,1741.6800384521484,250000.0,14
2016-05-20,CL-XOM,-3919.6620025634766,250000.0,14
2016-05-20,CRM-MA,2156.438491821289,250000.0,14
2016-05-20,HON-PYPL,-3121.034210205078,250000.0,14
2016-05-20,CSCO-ORCL,826.38108253479,250000.0,14
2016-05-23,CL-XOM,-3287.763999938965,250000.0,14
2016-05-23,CRM-MA,-134.62356567382812,250000.0,14
2016-05-23,HON-PYPL,1548.8990325927734,250000.0,14
2016-05-23,CSCO-ORCL,-440.7589912414551,250000.0,14
2016-05-24,CL-XOM,-310.41779708862305,250000.0,14
2016-05-24,CRM-MA,1747.2433242797852,250000.0,14
2016-05-24,HON-PYPL,3137.999668121338,250000.0,14
2016-05-24,CSCO-ORCL,427.42419052124023,250000.0,14
2016-05-24,DHR-V,0.0,250000.0,14
2016-05-25,CL-XOM,-2760.8348350524902,250000.0,14
2016-05-25,CRM-MA,210.67473602294922,250000.0,14
2016-05-25,HON-PYPL,1171.7607612609863,250000.0,14
2016-05-25,CSCO-ORCL,-1289.7476902008057,250000.0,14
2016-05-25,DHR-V,469.2644386291504,250000.0,14
2016-05-26,CL-XOM,-2199.6089401245117,250000.0,14
2016-05-26,CRM-MA,416.9981994628906,250000.0,14
2016-05-26,HON-PYPL,-2040.6571807861328,250000.0,14
2016-05-26,CSCO-ORCL,-2306.1173610687256,250000.0,14
2016-05-26,DHR-V,-140.6526641845703,250000.0,14
2016-05-27,CL-XOM,-2384.303337097168,250000.0,14
2016-05-27,CRM-MA,1781.8218078613281,250000.0,14
2016-05-27,HON-PYPL,-2269.5386924743652,250000.0,14
2016-05-27,CSCO-ORCL,-1675.985788345337,250000.0,14
2016-05-27,DHR-V,-2722.569091796875,250000.0,14
2016-05-31,CL-XOM,-343.2090721130371,250000.0,14
2016-05-31,CRM-MA,-1489.5832824707031,250000.0,14
2016-05-31,HON-PYPL,-2970.0978622436523,250000.0,14
2016-05-31,CSCO-ORCL,-1762.9563236236572,250000.0,14
2016-05-31,DHR-V,-1410.6581344604492,250000.0,14
2016-04-04,CAT-MRK,0.0,250000.0,15
2016-04-05,CAT-MRK,353.6892623901367,250000.0,15
2016-04-05,GS-PFE,0.0,250000.0,15
2016-04-06,AMGN-DIS,0.0,250000.0,15
2016-04-06,GILD-PFE,0.0,250000.0,15
2016-04-07,AMGN-DIS,1266.730125427246,250000.0,15
2016-04-07,GILD-PFE,-1072.717617034912,250000.0,15
2016-04-07,ORCL-RTX,0.0,250000.0,15
2016-04-07,TMUS-VZ,0.0,250000.0,15
2016-04-08,AMGN-DIS,3810.1205444335938,250000.0,15
2016-04-08,GILD-PFE,1558.2460556030273,250000.0,15
2016-04-08,ORCL-RTX,986.5377960205078,250000.0,15
2016-04-08,TMUS-VZ,805.0424995422363,250000.0,15
2016-04-11,AMGN-DIS,3568.403434753418,250000.0,15
2016-04-11,GILD-PFE,5860.503299713135,250000.0,15
2016-04-11,ORCL-RTX,-887.5520172119141,250000.0,15
2016-04-11,TMUS-VZ,-1965.4253997802734,250000.0,15
2016-04-12,AMGN-DIS,1829.0614929199219,250000.0,15
2016-04-12,GILD-PFE,7111.093639373779,250000.0,15
2016-04-12,ORCL-RTX,-2266.2170639038086,250000.0,15
2016-04-12,TMUS-VZ,-205.27308464050293,250000.0,15
2016-04-12,HON-PYPL,0.0,250000.0,15
2016-04-13,AMGN-DIS,4311.838066101074,250000.0,15
2016-04-13,GILD-PFE,2644.808395385742,250000.0,15
2016-04-13,ORCL-RTX,-1357.278549194336,250000.0,15
2016-04-13,TMUS-VZ,-3398.3889865875244,250000.0,15
2016-04-13,HON-PYPL,1563.1547622680664,250000.0,15
2016-04-13,DIS-JPM,0.0,250000.0,15
2016-04-13,CL-PYPL,0.0,250000.0,15
2016-04-14,AMGN-DIS,2010.236801147461,250000.0,15
2016-04-14,GILD-PFE,3073.6108436584473,250000.0,15
2016-04-14,ORCL-RTX,-1900.4505081176758,250000.0,15
2016-04-14,TMUS-VZ,-3082.001012802124,250000.0,15
2016-04-14,HON-PYPL,1212.459732055664,250000.0,15
2016-04-14,DIS-JPM,-5132.615180969238,250000.0,15
2016-04-14,CL-PYPL,788.0643463134766,250000.0,15
2016-04-15,AMGN-DIS,1887.1841049194336,250000.0,15
2016-04-15,GILD-PFE,4338.648910522461,250000.0,15
2016-04-15,ORCL-RTX,-2789.675605773926,250000.0,15
2016-04-15,TMUS-VZ,-2889.0474739074707,250000.0,15
2016-04-15,HON-PYPL,495.04277420043945,250000.0,15
2016-04-15,DIS-JPM,-2309.1631469726562,250000.0,15
2016-04-18,AMGN-DIS,6094.299446105957,250000.0,15
2016-04-18,GILD-PFE,4653.642101287842,250000.0,15
2016-04-18,ORCL-RTX,-3015.532112121582,250000.0,15
2016-04-18,TMUS-VZ,-1082.1863231658936,250000.0,15
2016-04-18,DIS-JPM,2520.2815475463867,250000.0,15
2016-04-19,AMGN-DIS,8252.60383605957,250000.0,15
2016-04-19,GILD-PFE,2831.3357887268066,250000.0,15
2016-04-19,ORCL-RTX,-3643.9484481811523,250000.0,15
2016-04-19,TMUS-VZ,901.6303958892822,250000.0,15
2016-04-19,DIS-JPM,860.656623840332,250000.0,15
2016-04-20,AMGN-DIS,8521.383499145508,250000.0,15
2016-04-20,GILD-PFE,1096.994644165039,250000.0,15
2016-04-20,ORCL-RTX,-4745.985488891602,250000.0,15
2016-04-20,TMUS-VZ,-534.2909832000732,250000.0,15
2016-04-20,DIS-JPM,-1455.4766540527344,250000.0,15
2016-04-20,UNH-VZ,0.0,250000.0,15
2016-04-21,AMGN-DIS,4354.8847579956055,250000.0,15
2016-04-21,GILD-PFE,3081.0550231933594,250000.0,15
2016-04-21,ORCL-RTX,-5079.2260665893555,250000.0,15
2016-04-21,DIS-JPM,330.36473846435547,250000.0,15
2016-04-21,UNH-VZ,-6625.641962051392,250000.0,15
2016-04-22,AMGN-DIS,8926.15811920166,250000.0,15
2016-04-22,GILD-PFE,3093.3178176879883,250000.0,15
2016-04-22,DIS-JPM,752.2382736206055,250000.0,15
2016-04-22,UNH-VZ,-6144.03955078125,250000.0,15
2016-04-22,NKE-SBUX,0.0,250000.0,15
2016-04-22,GE-MSFT,0.0,250000.0,15
2016-04-25,GILD-PFE,4003.8761405944824,250000.0,15
2016-04-25,DIS-JPM,4033.7846755981445,250000.0,15
2016-04-25,UNH-VZ,-4522.068031311035,250000.0,15
2016-04-25,NKE-SBUX,808.0192565917969,250000.0,15
2016-04-25,GE-MSFT,2070.1359786987305,250000.0,15
2016-04-26,GILD-PFE,4005.2741661071777,250000.0,15
2016-04-26,DIS-JPM,3412.833511352539,250000.0,15
2016-04-26,UNH-VZ,-6866.162666320801,250000.0,15
2016-04-26,NKE-SBUX,-35.68663787841797,250000.0,15
2016-04-26,GE-MSFT,-2475.7364768981934,250000.0,15
2016-04-26,HD-LMT,0.0,250000.0,15
2016-04-26,AMGN-BA,0.0,250000.0,15
2016-04-26,GS-PFE,0.0,250000.0,15
2016-04-26,CAT-MRK,0.0,250000.0,15
2016-04-27,GILD-PFE,3613.8831634521484,250000.0,15
2016-04-27,DIS-JPM,3554.8120651245117,250000.0,15
2016-04-27,UNH-VZ,1671.173578262329,250000.0,15
2016-04-27,NKE-SBUX,-3076.5052185058594,250000.0,15
2016-04-27,GE-MSFT,-5068.510585784912,250000.0,15
2016-04-27,HD-LMT,-1278.8375549316406,250000.0,15
2016-04-27,GS-PFE,-1043.7623767852783,250000.0,15
2016-04-27,CAT-MRK,-9.667945861816406,250000.0,15
2016-04-28,DIS-JPM,2829.059501647949,250000.0,15
2016-04-28,UNH-VZ,-298.73948669433594,250000.0,15
2016-04-28,NKE-SBUX,-3769.792655944824,250000.0,15
2016-04-28,GE-MSFT,-9910.377265930176,250000.0,15
2016-04-28,HD-LMT,-2673.679443359375,250000.0,15
2016-04-28,GS-PFE,-103.67137908935547,250000.0,15
2016-04-28,CAT-MRK,-1456.0683860778809,250000.0,15
2016-04-29,DIS-JPM,2729.377883911133,250000.0,15
2016-04-29,UNH-VZ,-8.281641006469727,250000.0,15
2016-04-29,NKE-SBUX,-5353.172119140625,250000.0,15
2016-04-29,GE-MSFT,-9161.28575515747,250000.0,15
2016-04-29,HD-LMT,-1387.333999633789,250000.0,15
2016-04-29,GILD-JPM,0.0,250000.0,15
2016-04-29,GILD-PFE,0.0,250000.0,15
2016-05-02,DIS-JPM,2796.6953048706055,250000.0,15
2016-05-02,UNH-VZ,1098.5315952301025,250000.0,15
2016-05-02,NKE-SBUX,-1690.9239654541016,250000.0,15
2016-05-02,GE-MSFT,-6423.245384216309,250000.0,15
2016-05-02,HD-LMT,-599.4541854858398,250000.0,15
2016-05-02,GILD-JPM,-772.9562568664551,250000.0,15
2016-05-02,GILD-PFE,682.6929626464844,250000.0,15
2016-05-03,UNH-VZ,-2617.893632888794,250000.0,15
2016-05-03,NKE-SBUX,-5515.5363845825195,250000.0,15
2016-05-03,GE-MSFT,-8880.628463745117,250000.0,15
2016-05-03,HD-LMT,-3369.3703231811523,250000.0,15
2016-05-03,GILD-JPM,476.7704887390137,250000.0,15
2016-05-03,GILD-PFE,-9370.277740478516,250000.0,15
2016-05-04,UNH-VZ,-1098.7925338745117,250000.0,15
2016-05-04,NKE-SBUX,-4127.670310974121,250000.0,15
2016-05-04,GE-MSFT,-5108.429309844971,250000.0,15
2016-05-04,GILD-JPM,1290.7526054382324,250000.0,15
2016-05-05,NKE-SBUX,-2988.5587310791016,250000.0,15
2016-05-05,GE-MSFT,-3697.6477546691895,250000.0,15
2016-05-05,GILD-JPM,3109.681327819824,250000.0,15
2016-05-06,NKE-SBUX,-3183.6232681274414,250000.0,15
2016-05-06,GE-MSFT,-2896.0242805480957,250000.0,15
2016-05-06,GILD-JPM,-645.4203224182129,250000.0,15
2016-05-09,GILD-JPM,2852.9570503234863,250000.0,15
2016-05-09,HON-JNJ,0.0,250000.0,15
2016-05-10,GILD-JPM,577.6471672058105,250000.0,15
2016-05-10,HON-JNJ,1022.9981002807617,250000.0,15
2016-05-11,GILD-JPM,-3017.0963249206543,250000.0,15
2016-05-11,HON-JNJ,231.72466278076172,250000.0,15
2016-05-12,GILD-JPM,-5111.046756744385,250000.0,15
2016-05-12,HON-JNJ,679.2894744873047,250000.0,15
2016-05-13,GILD-JPM,-2975.1092491149902,250000.0,15
2016-05-13,HON-JNJ,421.49796295166016,250000.0,15
2016-05-16,HON-JNJ,1353.8408203125,250000.0,15
2016-05-17,HON-JNJ,1614.1460037231445,250000.0,15
2016-05-17,GILD-PFE,0.0,250000.0,15
2016-05-18,HON-JNJ,490.0990676879883,250000.0,15
2016-05-18,GILD-PFE,953.932746887207,250000.0,15
2016-05-18,GILD-JPM,0.0,250000.0,15
2016-05-18,AMGN-JPM,0.0,250000.0,15
2016-05-18,AMGN-BAC,0.0,250000.0,15
2016-05-19,HON-JNJ,1466.5653762817383,250000.0,15
2016-05-19,GILD-JPM,1914.8772773742676,250000.0,15
2016-05-19,AMGN-JPM,-143.5819091796875,250000.0,15
2016-05-19,AMGN-BAC,-636.7686100006104,250000.0,15
2016-05-19,HON-PYPL,0.0,250000.0,15
2016-05-19,CRM-MA,0.0,250000.0,15
2016-05-20,HON-JNJ,1741.6800384521484,250000.0,15
2016-05-20,GILD-JPM,1866.9993286132812,250000.0,15
2016-05-20,AMGN-JPM,1262.0563354492188,250000.0,15
2016-05-20,AMGN-BAC,1881.8866233825684,250000.0,15
2016-05-20,HON-PYPL,-3121.034210205078,250000.0,15
2016-05-20,CRM-MA,2156.438491821289,250000.0,15
2016-05-23,GILD-JPM,2642.3399543762207,250000.0,15
2016-05-23,AMGN-JPM,365.14508056640625,250000.0,15
2016-05-23,AMGN-BAC,1364.2315664291382,250000.0,15
2016-05-23,HON-PYPL,1548.8990325927734,250000.0,15
2016-05-23,CRM-MA,-134.62356567382812,250000.0,15
2016-05-24,GILD-JPM,856.8565406799316,250000.0,15
2016-05-24,AMGN-JPM,393.80113220214844,250000.0,15
2016-05-24,AMGN-BAC,3109.8146238327026,250000.0,15
2016-05-24,HON-PYPL,3137.999668121338,250000.0,15
2016-05-24,CRM-MA,1747.2433242797852,250000.0,15
2016-05-24,DHR-V,0.0,250000.0,15
2016-05-25,GILD-JPM,-2724.560001373291,250000.0,15
2016-05-25,AMGN-JPM,105.58456420898438,250000.0,15
2016-05-25,AMGN-BAC,3458.484215736389,250000.0,15
2016-05-25,HON-PYPL,1171.7607612609863,250000.0,15
2016-05-25,CRM-MA,210.67473602294922,250000.0,15
2016-05-25,DHR-V,469.2644386291504,250000.0,15
2016-05-26,GILD-JPM,-1837.9326133728027,250000.0,15
2016-05-26,AMGN-JPM,1993.2820434570312,250000.0,15
2016-05-26,AMGN-BAC,7171.184284210205,250000.0,15
2016-05-26,HON-PYPL,-2040.6571807861328,250000.0,15
2016-05-26,CRM-MA,416.9981994628906,250000.0,15
2016-05-26,DHR-V,-140.6526641845703,250000.0,15
2016-05-27,GILD-JPM,-2953.4839210510254,250000.0,15
2016-05-27,AMGN-JPM,1908.9315185546875,250000.0,15
2016-05-27,AMGN-BAC,5958.91215133667,250000.0,15
2016-05-27,HON-PYPL,-2269.5386924743652,250000.0,15
2016-05-27,CRM-MA,1781.8218078613281,250000.0,15
2016-05-27,DHR-V,-2722.569091796875,250000.0,15
2016-05-31,GILD-JPM,-1286.2854270935059,250000.0,15
2016-05-31,AMGN-JPM,4035.0347442626953,250000.0,15
2016-05-31,HON-PYPL,-2970.0978622436523,250000.0,15
2016-05-31,CRM-MA,-1489.5832824707031,250000.0,15
2016-05-31,DHR-V,-1410.6581344604492,250000.0,15
2016-06-01,GILD-JPM,-3329.3737144470215,250000.0,15
2016-06-01,AMGN-JPM,2519.8071899414062,250000.0,15
2016-06-01,HON-PYPL,198.39447784423828,250000.0,15
2016-06-01,CRM-MA,318.37449645996094,250000.0,15
2016-06-01,DHR-V,-1526.9059143066406,250000.0,15
2016-06-02,AMGN-JPM,4310.110015869141,250000.0,15
2016-06-02,HON-PYPL,334.5656394958496,250000.0,15
2016-06-02,CRM-MA,1931.9950408935547,250000.0,15
2016-06-02,ORCL-RTX,0.0,250000.0,15
2016-06-03,CRM-MA,915.1380310058594,250000.0,15
2016-06-03,ORCL-RTX,4195.565017700195,250000.0,15
2016-06-06,CRM-MA,2027.3076477050781,250000.0,15
2016-06-06,ORCL-RTX,4441.26203918457,250000.0,15
2016-06-07,CRM-MA,1581.916893005371,250000.0,15
2016-06-07,ORCL-RTX,1891.2121658325195,250000.0,15
2016-06-08,CRM-MA,4665.886672973633,250000.0,15
2016-06-08,ORCL-RTX,1479.754062652588,250000.0,15
2016-06-09,CRM-MA,3207.803596496582,250000.0,15
2016-06-09,ORCL-RTX,-866.9350242614746,250000.0,15
2016-06-10,CRM-MA,30.811485290527344,250000.0,15
2016-06-10,ORCL-RTX,-2400.2267837524414,250000.0,15
2016-06-10,UNH-VZ,0.0,250000.0,15
2016-06-13,ORCL-RTX,-1341.8966255187988,250000.0,15
2016-06-13,UNH-VZ,221.19372367858887,250000.0,15
2016-06-14,ORCL-RTX,284.173641204834,250000.0,15
2016-06-14,UNH-VZ,-1820.785062789917,250000.0,15
2016-06-14,DIS-JPM,0.0,250000.0,15
2016-06-14,AMGN-DIS,0.0,250000.0,15
2016-06-14,GE-MSFT,0.0,250000.0,15
2016-06-15,ORCL-RTX,-1031.3207778930664,250000.0,15
2016-06-15,UNH-VZ,-1105.4390316009521,250000.0,15
2016-06-15,DIS-JPM,-119.8258056640625,250000.0,15
2016-06-15,AMGN-DIS,-588.2734375,250000.0,15
2016-06-15,GE-MSFT,-1674.2801361083984,250000.0,15
2016-06-16,ORCL-RTX,-968.5676116943359,250000.0,15
2016-06-16,UNH-VZ,-3738.385585784912,250000.0,15
2016-06-16,DIS-JPM,613.4387512207031,250000.0,15
2016-06-16,AMGN-DIS,-530.5198059082031,250000.0,15
2016-06-16,GE-MSFT,9.558937072753906,250000.0,15
2016-06-16,CAT-MRK,0.0,250000.0,15
2016-06-17,UNH-VZ,-5471.795408248901,250000.0,15
2016-06-17,DIS-JPM,-686.3962249755859,250000.0,15
2016-06-17,GE-MSFT,-1033.7393989562988,250000.0,15
2016-06-20,UNH-VZ,-5193.217082977295,250000.0,15
2016-06-20,DIS-JPM,-1741.1108856201172,250000.0,15
2016-06-20,GE-MSFT,-2836.265308380127,250000.0,15
2016-06-20,AMGN-BA,0.0,250000.0,15
2016-06-21,UNH-VZ,-6879.993061065674,250000.0,15
2016-06-21,DIS-JPM,2459.2357177734375,250000.0,15
2016-06-21,GE-MSFT,2064.2838745117188,250000.0,15
2016-06-21,AMGN-BA,760.8641052246094,250000.0,15
2016-06-22,UNH-VZ,-6611.973237991333,250000.0,15
2016-06-22,DIS-JPM,1567.3754119873047,250000.0,15
2016-06-22,GE-MSFT,2105.4926948547363,250000.0,15
2016-06-22,AMGN-BA,783.1395111083984,250000.0,15
2016-06-23,UNH-VZ,-9364.099594116211,250000.0,15
2016-06-23,DIS-JPM,6391.726745605469,250000.0,15
2016-06-23,GE-MSFT,4044.2857513427734,250000.0,15
2016-06-23,AMGN-BA,541.5603179931641,250000.0,15
2016-06-24,UNH-VZ,-8645.520956039429,250000.0,15
2016-06-24,DIS-JPM,-3323.8578491210938,250000.0,15
2016-06-24,GE-MSFT,2553.6278381347656,250000.0,15
2016-06-27,DIS-JPM,-8006.146751403809,250000.0,15
2016-06-27,GE-MSFT,-1205.6876945495605,250000.0,15
2016-06-27,HON-JNJ,0.0,250000.0,15
2016-06-28,DIS-JPM,-4466.611595153809,250000.0,15
2016-06-28,GE-MSFT,-186.4137725830078,250000.0,15
2016-06-28,HON-JNJ,1731.142578125,250000.0,15
2016-06-29,GE-MSFT,1349.5349388122559,250000.0,15
2016-06-29,HON-JNJ,192.31470489501953,250000.0,15
2016-06-30,HON-JNJ,-216.88034057617188,250000.0,15
2016-06-30,HD-LMT,0.0,250000.0,15
2016-06-30,CRM-MA,0.0,250000.0,15
2016-05-05,PYPL-RTX,0.0,250000.0,16
2016-05-06,PYPL-RTX,-590.1382331848145,250000.0,16
2016-05-09,PYPL-RTX,-3859.491054534912,250000.0,16
2016-05-10,PYPL-RTX,-1158.6922073364258,250000.0,16
2016-05-11,PYPL-RTX,-547.7305793762207,250000.0,16
2016-05-12,PYPL-RTX,106.64953231811523,250000.0,16
2016-05-13,PYPL-RTX,-2708.5704193115234,250000.0,16
2016-05-16,PYPL-RTX,2057.3804626464844,250000.0,16
2016-05-17,PYPL-RTX,-1150.0623817443848,250000.0,16
2016-05-17,CL-HON,0.0,250000.0,16
2016-05-18,PYPL-RTX,-999.6334114074707,250000.0,16
2016-05-18,CL-HON,-1194.8353576660156,250000.0,16
2016-05-18,BA-JPM,0.0,250000.0,16
2016-05-19,PYPL-RTX,3715.470470428467,250000.0,16
2016-05-19,CL-HON,978.6486587524414,250000.0,16
2016-05-19,BA-JPM,-742.3130645751953,250000.0,16
2016-05-19,CSCO-ORCL,0.0,250000.0,16
2016-05-20,CL-HON,-2859.217483520508,250000.0,16
2016-05-20,BA-JPM,-1988.2326431274414,250000.0,16
2016-05-20,CSCO-ORCL,826.38108253479,250000.0,16
2016-05-23,CL-HON,-1663.2948989868164,250000.0,16
2016-05-23,BA-JPM,-1578.9805221557617,250000.0,16
2016-05-23,CSCO-ORCL,-440.7589912414551,250000.0,16
2016-05-24,CL-HON,-1537.360740661621,250000.0,16
2016-05-24,BA-JPM,-5884.86043548584,250000.0,16
2016-05-24,CSCO-ORCL,427.42419052124023,250000.0,16
2016-05-24,DHR-V,0.0,250000.0,16
2016-05-25,CL-HON,-3213.618850708008,250000.0,16
2016-05-25,CSCO-ORCL,-1289.7476902008057,250000.0,16
2016-05-25,DHR-V,469.2644386291504,250000.0,16
2016-05-26,CL-HON,-2863.39835357666,250000.0,16
2016-05-26,CSCO-ORCL,-2306.1173610687256,250000.0,16
2016-05-26,DHR-V,-140.6526641845703,250000.0,16
2016-05-27,CL-HON,-2718.2966690063477,250000.0,16
2016-05-27,CSCO-ORCL,-1675.985788345337,250000.0,16
2016-05-27,DHR-V,-2722.569091796875,250000.0,16
2016-05-31,CL-HON,-2433.9289016723633,250000.0,16
2016-05-31,CSCO-ORCL,-1762.9563236236572,250000.0,16
2016-05-31,DHR-V,-1410.6581344604492,250000.0,16
2016-06-01,CL-HON,903.984489440918,250000.0,16
2016-06-01,CSCO-ORCL,-310.9830074310303,250000.0,16
2016-06-01,DHR-V,-1526.9059143066406,250000.0,16
2016-06-02,CL-HON,602.902458190918,250000.0,16
2016-06-02,ORCL-RTX,0.0,250000.0,16
2016-06-03,CL-HON,846.5671157836914,250000.0,16
2016-06-03,ORCL-RTX,4195.565017700195,250000.0,16
2016-06-06,CL-HON,284.03589630126953,250000.0,16
2016-06-06,ORCL-RTX,4441.26203918457,250000.0,16
2016-06-06,ADBE-HD,0.0,250000.0,16
2016-06-06,BA-DIS,0.0,250000.0,16
2016-06-07,ORCL-RTX,1891.2121658325195,250000.0,16
2016-06-07,ADBE-HD,2376.6956481933594,250000.0,16
2016-06-07,BA-DIS,-1118.9440307617188,250000.0,16
2016-06-07,TMUS-TSLA,0.0,250000.0,16
2016-06-08,ORCL-RTX,1479.754062652588,250000.0,16
2016-06-08,ADBE-HD,1481.0425415039062,250000.0,16
2016-06-08,BA-DIS,-3006.584426879883,250000.0,16
2016-06-08,TMUS-TSLA,-1939.9578323364258,250000.0,16
2016-06-09,ORCL-RTX,-866.9350242614746,250000.0,16
2016-06-09,ADBE-HD,1900.2162475585938,250000.0,16
2016-06-09,BA-DIS,-3615.7168731689453,250000.0,16
2016-06-09,TMUS-TSLA,-2546.081184387207,250000.0,16
2016-06-10,ORCL-RTX,-2400.2267837524414,250000.0,16
2016-06-10,BA-DIS,-2859.739456176758,250000.0,16
2016-06-10,TMUS-TSLA,-1196.3084869384766,250000.0,16
2016-06-13,ORCL-RTX,-1341.8966255187988,250000.0,16
2016-06-13,BA-DIS,-1019.7643432617188,250000.0,16
2016-06-13,TMUS-TSLA,1013.9763984680176,250000.0,16
2016-06-14,ORCL-RTX,284.173641204834,250000.0,16
2016-06-14,BA-DIS,482.12725830078125,250000.0,16
2016-06-14,DIS-JPM,0.0,250000.0,16
2016-06-14,ADBE-HD,0.0,250000.0,16
2016-06-15,ORCL-RTX,-1031.3207778930664,250000.0,16
2016-06-15,BA-DIS,503.7904968261719,250000.0,16
2016-06-15,DIS-JPM,-119.8258056640625,250000.0,16
2016-06-15,ADBE-HD,2513.863296508789,250000.0,16
2016-06-16,ORCL-RTX,-968.5676116943359,250000.0,16
2016-06-16,BA-DIS,1596.6634674072266,250000.0,16
2016-06-16,DIS-JPM,613.4387512207031,250000.0,16
2016-06-16,CAT-MRK,0.0,250000.0,16
2016-06-17,BA-DIS,2701.3407135009766,250000.0,16
2016-06-17,DIS-JPM,-686.3962249755859,250000.0,16
2016-06-17,CSCO-ORCL,0.0,250000.0,16
2016-06-20,BA-DIS,1122.3154907226562,250000.0,16
2016-06-20,DIS-JPM,-1741.1108856201172,250000.0,16
2016-06-20,CSCO-ORCL,-1149.8859329223633,250000.0,16
2016-06-21,BA-DIS,493.0015869140625,250000.0,16
2016-06-21,DIS-JPM,2459.2357177734375,250000.0,16
2016-06-21,CSCO-ORCL,-2954.771438598633,250000.0,16
2016-06-22,BA-DIS,159.28173828125,250000.0,16
2016-06-22,DIS-JPM,1567.3754119873047,250000.0,16
2016-06-22,CSCO-ORCL,-3358.957504272461,250000.0,16
2016-06-22,TMUS-TSLA,0.0,250000.0,16
2016-06-23,DIS-JPM,6391.726745605469,250000.0,16
2016-06-23,TMUS-TSLA,-4997.2193603515625,250000.0,16
2016-06-24,DIS-JPM,-3323.8578491210938,250000.0,16
2016-06-24,TMUS-TSLA,3235.849193572998,250000.0,16
2016-06-24,PYPL-RTX,0.0,250000.0,16
2016-06-27,DIS-JPM,-8006.146751403809,250000.0,16
2016-06-27,TMUS-TSLA,9619.191818237305,250000.0,16
2016-06-27,PYPL-RTX,-1657.1615600585938,250000.0,16
2016-06-27,CL-JNJ,0.0,250000.0,16
2016-06-28,DIS-JPM,-4466.611595153809,250000.0,16
2016-06-28,TMUS-TSLA,7435.454906463623,250000.0,16
2016-06-28,PYPL-RTX,-116.94102096557617,250000.0,16
2016-06-28,CL-JNJ,978.4458618164062,250000.0,16
2016-06-29,PYPL-RTX,1963.530948638916,250000.0,16
2016-06-29,CL-JNJ,1552.9487609863281,250000.0,16
2016-06-30,CL-JNJ,2713.110610961914,250000.0,16
2016-06-30,HD-LMT,0.0,250000.0,16
2016-07-01,CL-JNJ,1729.6572265625,250000.0,16
2016-07-01,HD-LMT,602.2520446777344,250000.0,16
2016-07-05,CL-JNJ,954.0232238769531,250000.0,16
2016-07-05,HD-LMT,190.6977081298828,250000.0,16
2016-07-05,DHR-V,0.0,250000.0,16
2016-07-06,CL-JNJ,160.33370971679688,250000.0,16
2016-07-06,HD-LMT,1676.1851501464844,250000.0,16
2016-07-07,CL-JNJ,921.5914154052734,250000.0,16
2016-07-07,HD-LMT,1607.9869079589844,250000.0,16
2016-07-08,CL-JNJ,3608.4833221435547,250000.0,16
2016-07-08,HD-LMT,2413.199005126953,250000.0,16
2016-07-11,HD-LMT,657.2350311279297,250000.0,16
2016-07-12,HD-LMT,57.53303527832031,250000.0,16
2016-07-12,BA-JPM,0.0,250000.0,16
2016-07-13,HD-LMT,-2338.2949829101562,250000.0,16
2016-07-13,BA-JPM,-727.6661834716797,250000.0,16
2016-07-14,HD-LMT,-1529.8209381103516,250000.0,16
2016-07-14,BA-JPM,-2702.261978149414,250000.0,16
2016-07-15,BA-JPM,-1876.4413528442383,250000.0,16
2016-07-18,BA-JPM,310.0321502685547,250000.0,16
2016-07-19,BA-JPM,2262.337074279785,250000.0,16
2016-07-19,BA-DIS,0.0,250000.0,16
2016-07-20,BA-JPM,2061.3955459594727,250000.0,16
2016-07-20,BA-DIS,-3206.2562255859375,250000.0,16
2016-07-21,BA-JPM,1504.6149215698242,250000.0,16
2016-07-21,BA-DIS,-2435.1328201293945,250000.0,16
2016-07-22,BA-JPM,44.259765625,250000.0,16
2016-07-22,BA-DIS,-3123.4225997924805,250000.0,16
2016-07-22,CL-HON,0.0,250000.0,16
2016-07-25,BA-JPM,45.813804626464844,250000.0,16
2016-07-25,BA-DIS,-3349.0391006469727,250000.0,16
2016-07-25,CL-HON,817.9357376098633,250000.0,16
2016-07-26,BA-JPM,1434.9425048828125,250000.0,16
2016-07-26,CL-HON,2521.0550079345703,250000.0,16
2016-07-26,ORCL-RTX,0.0,250000.0,16
2016-07-27,BA-JPM,2048.6586685180664,250000.0,16
2016-07-27,CL-HON,2365.652000427246,250000.0,16
2016-07-27,ORCL-RTX,431.51548767089844,250000.0,16
2016-07-28,CL-HON,4179.994094848633,250000.0,16
2016-07-28,ORCL-RTX,1516.016845703125,250000.0,16
2016-07-29,CL-HON,2066.734443664551,250000.0,16
2016-07-29,ORCL-RTX,875.1787452697754,250000.0,16
2016-06-02,ORCL-RTX,0.0,250000.0,17
2016-06-03,ORCL-RTX,4195.565017700195,250000.0,17
2016-06-06,ORCL-RTX,4441.26203918457,250000.0,17
2016-06-06,ADBE-LOW,0.0,250000.0,17
2016-06-06,ADBE-HD,0.0,250000.0,17
2016-06-06,BA-DIS,0.0,250000.0,17
2016-06-07,ORCL-RTX,1891.2121658325195,250000.0,17
2016-06-07,ADBE-HD,2376.6956481933594,250000.0,17
2016-06-07,BA-DIS,-1118.9440307617188,250000.0,17
2016-06-08,ORCL-RTX,1479.754062652588,250000.0,17
2016-06-08,ADBE-HD,1481.0425415039062,250000.0,17
2016-06-08,BA-DIS,-3006.584426879883,250000.0,17
2016-06-09,ORCL-RTX,-866.9350242614746,250000.0,17
2016-06-09,ADBE-HD,1900.2162475585938,250000.0,17
2016-06-09,BA-DIS,-3615.7168731689453,250000.0,17
2016-06-10,ORCL-RTX,-2400.2267837524414,250000.0,17
2016-06-10,BA-DIS,-2859.739456176758,250000.0,17
2016-06-10,JPM-PFE,0.0,250000.0,17
2016-06-13,ORCL-RTX,-1341.8966255187988,250000.0,17
2016-06-13,BA-DIS,-1019.7643432617188,250000.0,17
2016-06-13,JPM-PFE,1394.025463104248,250000.0,17
2016-06-14,ORCL-RTX,284.173641204834,250000.0,17
2016-06-14,BA-DIS,482.12725830078125,250000.0,17
2016-06-14,JPM-PFE,-5600.289901733398,250000.0,17
2016-06-14,ADBE-HD,0.0,250000.0,17
2016-06-15,ORCL-RTX,-1031.3207778930664,250000.0,17
2016-06-15,BA-DIS,503.7904968261719,250000.0,17
2016-06-15,JPM-PFE,-4666.415859222412,250000.0,17
2016-06-15,ADBE-HD,2513.863296508789,250000.0,17
2016-06-15,COST-INTC,0.0,250000.0,17
2016-06-16,ORCL-RTX,-968.5676116943359,250000.0,17
2016-06-16,BA-DIS,1596.6634674072266,250000.0,17
2016-06-16,JPM-PFE,-3285.7229194641113,250000.0,17
2016-06-16,COST-INTC,-1672.5524501800537,250000.0,17
2016-06-17,BA-DIS,2701.3407135009766,250000.0,17
2016-06-17,JPM-PFE,731.9473114013672,250000.0,17
2016-06-17,COST-INTC,-335.7778072357178,250000.0,17
2016-06-20,BA-DIS,1122.3154907226562,250000.0,17
2016-06-20,JPM-PFE,-856.3866577148438,250000.0,17
2016-06-20,COST-INTC,2035.1470775604248,250000.0,17
2016-06-20,ADBE-LMT,0.0,250000.0,17
2016-06-21,BA-DIS,493.0015869140625,250000.0,17
2016-06-21,JPM-PFE,-81.39426803588867,250000.0,17
2016-06-21,COST-INTC,2157.3106269836426,250000.0,17
2016-06-21,ADBE-LMT,-2850.171775817871,250000.0,17
2016-06-22,BA-DIS,159.28173828125,250000.0,17
2016-06-22,JPM-PFE,848.470630645752,250000.0,17
2016-06-22,COST-INTC,560.6408233642578,250000.0,17
2016-06-24,PYPL-RTX,0.0,250000.0,17
2016-06-24,CMCSA-CSCO,0.0,250000.0,17
2016-06-27,PYPL-RTX,-1657.1615600585938,250000.0,17
2016-06-27,SBUX-WMT,0.0,250000.0,17
2016-06-27,CL-JNJ,0.0,250000.0,17
2016-06-28,PYPL-RTX,-116.94102096557617,250000.0,17
2016-06-28,SBUX-WMT,1914.3483066558838,250000.0,17
2016-06-28,CL-JNJ,978.4458618164062,250000.0,17
2016-06-29,PYPL-RTX,1963.530948638916,250000.0,17
2016-06-29,CL-JNJ,1552.9487609863281,250000.0,17
2016-06-29,COST-SBUX,0.0,250000.0,17
2016-06-29,PSX-SBUX,0.0,250000.0,17
2016-06-30,CL-JNJ,2713.110610961914,250000.0,17
2016-06-30,COST-SBUX,-1698.6967315673828,250000.0,17
2016-06-30,PSX-SBUX,-2307.980899810791,250000.0,17
2016-07-01,CL-JNJ,1729.6572265625,250000.0,17
2016-07-01,COST-SBUX,-1700.3526153564453,250000.0,17
2016-07-01,PSX-SBUX,-960.411693572998,250000.0,17
2016-07-05,CL-JNJ,954.0232238769531,250000.0,17
2016-07-05,COST-SBUX,-1262.2614288330078,250000.0,17
2016-07-05,PSX-SBUX,-3249.207378387451,250000.0,17
2016-07-06,CL-JNJ,160.33370971679688,250000.0,17
2016-07-06,COST-SBUX,-704.806884765625,250000.0,17
2016-07-07,CL-JNJ,921.5914154052734,250000.0,17
2016-07-07,COST-SBUX,3339.3738708496094,250000.0,17
2016-07-08,CL-JNJ,3608.4833221435547,250000.0,17
2016-07-19,BA-DIS,0.0,250000.0,17
2016-07-20,BA-DIS,-3206.2562255859375,250000.0,17
2016-07-20,ADBE-LMT,0.0,250000.0,17
2016-07-21,BA-DIS,-2435.1328201293945,250000.0,17
2016-07-21,COST-INTC,0.0,250000.0,17
2016-07-22,BA-DIS,-3123.4225997924805,250000.0,17
2016-07-22,COST-INTC,2248.664358139038,250000.0,17
2016-07-22,CL-HON,0.0,250000.0,17
2016-07-22,AVGO-HON,0.0,250000.0,17
2016-07-25,BA-DIS,-3349.0391006469727,250000.0,17
2016-07-25,COST-INTC,1757.5088005065918,250000.0,17
2016-07-25,CL-HON,817.9357376098633,250000.0,17
2016-07-25,AVGO-HON,-305.27113151550293,250000.0,17
2016-07-26,CL-HON,2521.0550079345703,250000.0,17
2016-07-26,AVGO-HON,-836.3373146057129,250000.0,17
2016-07-26,ORCL-RTX,0.0,250000.0,17
2016-07-27,CL-HON,2365.652000427246,250000.0,17
2016-07-27,AVGO-HON,-3901.6780109405518,250000.0,17
2016-07-27,ORCL-RTX,431.51548767089844,250000.0,17
2016-07-28,CL-HON,4179.994094848633,250000.0,17
2016-07-28,AVGO-HON,-1576.3159790039062,250000.0,17
2016-07-28,ORCL-RTX,1516.016845703125,250000.0,17
2016-07-29,CL-HON,2066.734443664551,250000.0,17
2016-07-29,AVGO-HON,593.6846284866333,250000.0,17
2016-07-29,ORCL-RTX,875.1787452697754,250000.0,17
2016-07-29,CL-XOM,0.0,250000.0,17
2016-08-01,CL-HON,-833.8780212402344,250000.0,17
2016-08-01,AVGO-HON,-1016.7333793640137,250000.0,17
2016-08-01,ORCL-RTX,2871.3161392211914,250000.0,17
2016-08-02,CL-HON,-1083.0156478881836,250000.0,17
2016-08-02,AVGO-HON,-1687.8704328536987,250000.0,17
2016-08-02,ORCL-RTX,3019.656337738037,250000.0,17
2016-08-02,PSX-SBUX,0.0,250000.0,17
2016-08-03,CL-HON,2367.2490234375,250000.0,17
2016-08-03,AVGO-HON,-985.8278856277466,250000.0,17
2016-08-03,ORCL-RTX,2973.3393516540527,250000.0,17
2016-08-03,JPM-PFE,0.0,250000.0,17
2016-08-04,CL-HON,252.90093994140625,250000.0,17
2016-08-04,AVGO-HON,-2315.934118270874,250000.0,17
2016-08-04,ORCL-RTX,3417.526782989502,250000.0,17
2016-08-04,JPM-PFE,-606.7149066925049,250000.0,17
2016-08-05,CL-HON,1728.0369033813477,250000.0,17
2016-08-05,AVGO-HON,-2712.450390815735,250000.0,17
2016-08-05,ORCL-RTX,953.8090209960938,250000.0,17
2016-08-05,JPM-PFE,-5251.269571304321,250000.0,17
2016-08-08,CL-HON,1439.8288116455078,250000.0,17
2016-08-08,ORCL-RTX,933.7283020019531,250000.0,17
2016-08-09,CL-HON,923.0690002441406,250000.0,17
2016-08-09,ORCL-RTX,-532.1431884765625,250000.0,17
2016-08-10,CL-HON,255.83219146728516,250000.0,17
2016-08-10,BA-DIS,0.0,250000.0,17
2016-08-11,CL-HON,849.1206970214844,250000.0,17
2016-08-11,BA-DIS,806.8903274536133,250000.0,17
2016-08-12,CL-HON,38.52153778076172,250000.0,17
2016-08-15,CL-HON,2375.527030944824,250000.0,17
2016-08-16,CL-HON,2162.514923095703,250000.0,17
2016-08-17,CL-HON,1740.4130249023438,250000.0,17
2016-08-17,ADBE-LOW,0.0,250000.0,17
2016-08-18,CL-HON,1885.9195251464844,250000.0,17
2016-08-18,ADBE-LOW,-3646.785987854004,250000.0,17
2016-08-19,CL-HON,2712.632942199707,250000.0,17
2016-08-19,ADBE-LOW,1661.016716003418,250000.0,17
2016-08-19,NKE-SBUX,0.0,250000.0,17
2016-08-22,CL-HON,3705.514205932617,250000.0,17
2016-08-22,ADBE-LOW,117.60511016845703,250000.0,17
2016-08-23,CL-HON,4526.513732910156,250000.0,17
2016-08-23,ADBE-LOW,-1875.7044296264648,250000.0,17
2016-08-23,ORCL-RTX,0.0,250000.0,17
2016-08-24,CL-HON,4493.62516784668,250000.0,17
2016-08-24,ADBE-LOW,-2981.367763519287,250000.0,17
2016-08-24,GOOGL-PYPL,0.0,250000.0,17
2016-08-25,CL-HON,3749.7868118286133,250000.0,17
2016-08-25,ADBE-LOW,-2561.0119400024414,250000.0,17
2016-08-25,GOOGL-PYPL,65.35093688964844,250000.0,17
2016-08-26,CL-HON,4159.947425842285,250000.0,17
2016-08-26,ADBE-LOW,-5247.353164672852,250000.0,17
2016-08-26,GOOGL-PYPL,887.9005737304688,250000.0,17
2016-08-29,CL-HON,4108.623107910156,250000.0,17
2016-08-29,ADBE-LOW,-4877.071578979492,250000.0,17
2016-08-29,GOOGL-PYPL,-1659.7465438842773,250000.0,17
2016-08-30,CL-HON,4661.564193725586,250000.0,17
2016-08-30,ADBE-LOW,-6217.887168884277,250000.0,17
2016-08-31,CL-HON,4441.698928833008,250000.0,17
2016-08-31,ADBE-LOW,-6915.691673278809,250000.0,17
2016-07-21,COST-INTC,0.0,250000.0,18
2016-07-22,COST-INTC,2248.664358139038,250000.0,18
2016-07-22,CL-HON,0.0,250000.0,18
2016-07-25,COST-INTC,1757.5088005065918,250000.0,18
2016-07-25,CL-HON,817.9357376098633,250000.0,18
2016-07-25,ADBE-TXN,0.0,250000.0,18
2016-07-25,PEP-XOM,0.0,250000.0,18
2016-07-25,TJX-UNH,0.0,250000.0,18
2016-07-25,CL-CVX,0.0,250000.0,18
2016-07-26,CL-HON,2521.0550079345703,250000.0,18
2016-07-26,PEP-XOM,233.58746337890625,250000.0,18
2016-07-26,TJX-UNH,-1049.9606666564941,250000.0,18
2016-07-26,CL-CVX,145.16242218017578,250000.0,18
2016-07-26,ORCL-RTX,0.0,250000.0,18
2016-07-26,META-TXN,0.0,250000.0,18
2016-07-26,PEP-TXN,0.0,250000.0,18
2016-07-27,CL-HON,2365.652000427246,250000.0,18
2016-07-27,PEP-XOM,352.72760009765625,250000.0,18
2016-07-27,TJX-UNH,-1039.8745346069336,250000.0,18
2016-07-27,CL-CVX,2182.002281188965,250000.0,18
2016-07-27,ORCL-RTX,431.51548767089844,250000.0,18
2016-07-27,META-TXN,3006.946937561035,250000.0,18
2016-07-27,PEP-TXN,-1497.805061340332,250000.0,18
2016-07-27,MDLZ-PFE,0.0,250000.0,18
2016-07-28,CL-HON,4179.994094848633,250000.0,18
2016-07-28,PEP-XOM,-3197.5074462890625,250000.0,18
2016-07-28,TJX-UNH,728.871753692627,250000.0,18
2016-07-28,CL-CVX,1172.948356628418,250000.0,18
2016-07-28,ORCL-RTX,1516.016845703125,250000.0,18
2016-07-28,META-TXN,7272.919486999512,250000.0,18
2016-07-28,PEP-TXN,2650.8605728149414,250000.0,18
2016-07-28,MDLZ-PFE,3060.785545349121,250000.0,18
2016-07-29,CL-HON,2066.734443664551,250000.0,18
2016-07-29,TJX-UNH,417.11237716674805,250000.0,18
2016-07-29,CL-CVX,-2304.0794525146484,250000.0,18
2016-07-29,ORCL-RTX,875.1787452697754,250000.0,18
2016-07-29,META-TXN,7721.138927459717,250000.0,18
2016-07-29,PEP-TXN,6559.475734710693,250000.0,18
2016-07-29,MDLZ-PFE,35.42888641357422,250000.0,18
2016-07-29,CL-XOM,0.0,250000.0,18
2016-08-01,CL-HON,-833.8780212402344,250000.0,18
2016-08-01,TJX-UNH,646.6062507629395,250000.0,18
2016-08-01,ORCL-RTX,2871.3161392211914,250000.0,18
2016-08-01,META-TXN,7696.853378295898,250000.0,18
2016-08-01,PEP-TXN,6130.228454589844,250000.0,18
2016-08-01,MDLZ-PFE,-6646.4472732543945,250000.0,18
2016-08-01,PEP-XOM,0.0,250000.0,18
2016-08-01,CVX-PEP,0.0,250000.0,18
2016-08-02,CL-HON,-1083.0156478881836,250000.0,18
2016-08-02,TJX-UNH,3491.3715591430664,250000.0,18
2016-08-02,ORCL-RTX,3019.656337738037,250000.0,18
2016-08-02,META-TXN,9893.182334899902,250000.0,18
2016-08-02,PEP-TXN,9164.816841125488,250000.0,18
2016-08-02,MDLZ-PFE,-3854.7047576904297,250000.0,18
2016-08-02,PEP-XOM,3881.7144355773926,250000.0,18
2016-08-02,CVX-PEP,1004.7040863037109,250000.0,18
2016-08-03,CL-HON,2367.2490234375,250000.0,18
2016-08-03,TJX-UNH,2141.5182495117188,250000.0,18
2016-08-03,ORCL-RTX,2973.3393516540527,250000.0,18
2016-08-03,META-TXN,9108.554153442383,250000.0,18
2016-08-03,PEP-TXN,7148.702209472656,250000.0,18
2016-08-03,MDLZ-PFE,2154.025848388672,250000.0,18
2016-08-03,PEP-XOM,6636.228656768799,250000.0,18
2016-08-04,CL-HON,252.90093994140625,250000.0,18
2016-08-04,TJX-UNH,527.4711074829102,250000.0,18
2016-08-04,ORCL-RTX,3417.526782989502,250000.0,18
2016-08-04,META-TXN,8705.467590332031,250000.0,18
2016-08-04,PEP-TXN,5647.322914123535,250000.0,18
2016-08-04,MDLZ-PFE,-1487.3497619628906,250000.0,18
2016-08-04,PEP-XOM,5800.011981964111,250000.0,18
2016-08-05,CL-HON,1728.0369033813477,250000.0,18
2016-08-05,TJX-UNH,-542.3061752319336,250000.0,18
2016-08-05,ORCL-RTX,953.8090209960938,250000.0,18
2016-08-05,META-TXN,7730.12141418457,250000.0,18
2016-08-05,PEP-TXN,4421.378852844238,250000.0,18
2016-08-05,MDLZ-PFE,2431.235481262207,250000.0,18
2016-08-05,PEP-XOM,5523.238117218018,250000.0,18
2016-08-08,CL-HON,1439.8288116455078,250000.0,18
2016-08-08,TJX-UNH,-1152.6215591430664,250000.0,18
2016-08-08,ORCL-RTX,933.7283020019531,250000.0,18
2016-08-08,META-TXN,7894.042018890381,250000.0,18
2016-08-08,PEP-TXN,2995.6644020080566,250000.0,18
2016-08-09,CL-HON,923.0690002441406,250000.0,18
2016-08-09,ORCL-RTX,-532.1431884765625,250000.0,18
2016-08-09,META-TXN,7272.821739196777,250000.0,18
2016-08-09,PEP-TXN,3001.951316833496,250000.0,18
2016-08-10,CL-HON,255.83219146728516,250000.0,18
2016-08-10,META-TXN,8328.836444854736,250000.0,18
2016-08-10,PEP-TXN,5785.817798614502,250000.0,18
2016-08-10,ADBE-TXN,0.0,250000.0,18
2016-08-11,CL-HON,849.1206970214844,250000.0,18
2016-08-11,META-TXN,7965.299896240234,250000.0,18
2016-08-11,PEP-TXN,4443.573425292969,250000.0,18
2016-08-11,ADBE-TXN,-3746.8098335266113,250000.0,18
2016-08-12,CL-HON,38.52153778076172,250000.0,18
2016-08-12,META-TXN,8504.913333892822,250000.0,18
2016-08-12,PEP-TXN,5315.6272315979,250000.0,18
2016-08-12,ADBE-TXN,-1835.0230407714844,250000.0,18
2016-08-15,CL-HON,2375.527030944824,250000.0,18
2016-08-15,META-TXN,5633.302417755127,250000.0,18
2016-08-15,PEP-TXN,3956.6283073425293,250000.0,18
2016-08-15,ADBE-TXN,351.3626174926758,250000.0,18
2016-08-16,CL-HON,2162.514923095703,250000.0,18
2016-08-16,META-TXN,6725.519309997559,250000.0,18
2016-08-16,PEP-TXN,3728.4937591552734,250000.0,18
2016-08-16,ADBE-TXN,-171.59185409545898,250000.0,18
2016-08-17,CL-HON,1740.4130249023438,250000.0,18
2016-08-17,META-TXN,7978.1783447265625,250000.0,18
2016-08-17,PEP-TXN,5048.803207397461,250000.0,18
2016-08-17,ADBE-TXN,3377.1141624450684,250000.0,18
2016-08-17,ADBE-LOW,0.0,250000.0,18
2016-08-18,CL-HON,1885.9195251464844,250000.0,18
2016-08-18,META-TXN,6348.811359405518,250000.0,18
2016-08-18,PEP-TXN,3424.2712059020996,250000.0,18
2016-08-18,ADBE-TXN,661.172119140625,250000.0,18
2016-08-18,ADBE-LOW,-3646.785987854004,250000.0,18
2016-08-19,CL-HON,2712.632942199707,250000.0,18
2016-08-19,META-TXN,5446.369194030762,250000.0,18
2016-08-19,PEP-TXN,2622.519355773926,250000.0,18
2016-08-19,ADBE-TXN,2541.9921073913574,250000.0,18
2016-08-19,ADBE-LOW,1661.016716003418,250000.0,18
2016-08-19,NKE-SBUX,0.0,250000.0,18
2016-08-22,CL-HON,3705.514205932617,250000.0,18
2016-08-22,META-TXN,7087.244705200195,250000.0,18
2016-08-22,PEP-TXN,2982.6153564453125,250000.0,18
2016-08-22,ADBE-TXN,1891.6813697814941,250000.0,18
2016-08-22,ADBE-LOW,117.60511016845703,250000.0,18
2016-08-23,CL-HON,4526.513732910156,250000.0,18
2016-08-23,META-TXN,7415.155731201172,250000.0,18
2016-08-23,PEP-TXN,2828.2754669189453,250000.0,18
2016-08-23,ADBE-LOW,-1875.7044296264648,250000.0,18
2016-08-23,ORCL-RTX,0.0,250000.0,18
2016-08-24,CL-HON,4493.62516784668,250000.0,18
2016-08-24,META-TXN,6654.749881744385,250000.0,18
2016-08-24,PEP-TXN,3755.984531402588,250000.0,18
2016-08-24,ADBE-LOW,-2981.367763519287,250000.0,18
2016-08-24,GOOGL-PYPL,0.0,250000.0,18
2016-08-25,CL-HON,3749.7868118286133,250000.0,18
2016-08-25,META-TXN,7416.250053405762,250000.0,18
2016-08-25,PEP-TXN,3391.298080444336,250000.0,18
2016-08-25,ADBE-LOW,-2561.0119400024414,250000.0,18
2016-08-25,GOOGL-PYPL,65.35093688964844,250000.0,18
2016-08-26,CL-HON,4159.947425842285,250000.0,18
2016-08-26,META-TXN,8915.248935699463,250000.0,18
2016-08-26,PEP-TXN,2429.5128440856934,250000.0,18
2016-08-26,ADBE-LOW,-5247.353164672852,250000.0,18
2016-08-26,GOOGL-PYPL,887.9005737304688,250000.0,18
2016-08-29,CL-HON,4108.623107910156,250000.0,18
2016-08-29,META-TXN,9955.623039245605,250000.0,18
2016-08-29,PEP-TXN,3137.3472442626953,250000.0,18
2016-08-29,ADBE-LOW,-4877.071578979492,250000.0,18
2016-08-29,GOOGL-PYPL,-1659.7465438842773,250000.0,18
2016-08-30,CL-HON,4661.564193725586,250000.0,18
2016-08-30,PEP-TXN,3303.6612854003906,250000.0,18
2016-08-30,ADBE-LOW,-6217.887168884277,250000.0,18
2016-08-30,MDLZ-PFE,0.0,250000.0,18
2016-08-31,CL-HON,4441.698928833008,250000.0,18
2016-08-31,PEP-TXN,3323.3573303222656,250000.0,18
2016-08-31,ADBE-LOW,-6915.691673278809,250000.0,18
2016-08-31,MDLZ-PFE,-1655.9429874420166,250000.0,18
2016-09-01,CL-HON,3379.741371154785,250000.0,18
2016-09-01,PEP-TXN,4288.072727203369,250000.0,18
2016-09-01,MDLZ-PFE,1621.0641117095947,250000.0,18
2016-09-01,COST-INTC,0.0,250000.0,18
2016-09-02,CL-HON,2187.0161514282227,250000.0,18
2016-09-02,PEP-TXN,5999.489631652832,250000.0,18
2016-09-02,MDLZ-PFE,1338.1663131713867,250000.0,18
2016-09-02,COST-INTC,2623.408832550049,250000.0,18
2016-09-06,PEP-TXN,5753.871868133545,250000.0,18
2016-09-06,MDLZ-PFE,448.8375473022461,250000.0,18
2016-09-06,COST-INTC,-639.7121715545654,250000.0,18
2016-09-07,PEP-TXN,4800.806499481201,250000.0,18
2016-09-07,MDLZ-PFE,4121.239906311035,250000.0,18
2016-09-07,COST-INTC,-4032.519693374634,250000.0,18
2016-09-07,GOOGL-PYPL,0.0,250000.0,18
2016-09-08,PEP-TXN,5626.661792755127,250000.0,18
2016-09-08,MDLZ-PFE,3106.387762069702,250000.0,18
2016-09-08,COST-INTC,-7620.46365737915,250000.0,18
2016-09-08,GOOGL-PYPL,-4777.923843383789,250000.0,18
2016-09-08,ADBE-LOW,0.0,250000.0,18
2016-09-08,CSCO-ORCL,0.0,250000.0,18
2016-09-09,PEP-TXN,5783.59517288208,250000.0,18
2016-09-09,COST-INTC,-5437.794345855713,250000.0,18
2016-09-09,GOOGL-PYPL,2902.2444801330566,250000.0,18
2016-09-09,NKE-SBUX,0.0,250000.0,18
2016-09-12,PEP-TXN,6888.324974060059,250000.0,18
2016-09-12,COST-INTC,-8178.982082366943,250000.0,18
2016-09-12,GOOGL-PYPL,-1673.1804275512695,250000.0,18
2016-09-12,NKE-SBUX,772.1032447814941,250000.0,18
2016-09-13,PEP-TXN,4566.545013427734,250000.0,18
2016-09-13,COST-INTC,-6548.772953033447,250000.0,18
2016-09-13,NKE-SBUX,-1753.8991355895996,250000.0,18
2016-09-14,PEP-TXN,4671.728897094727,250000.0,18
2016-09-14,COST-INTC,-6704.146835327148,250000.0,18
2016-09-14,NKE-SBUX,-1809.9352111816406,250000.0,18
2016-09-15,PEP-TXN,856.0708389282227,250000.0,18
2016-09-15,COST-INTC,-9827.00029373169,250000.0,18
2016-09-15,NKE-SBUX,-1285.8474311828613,250000.0,18
2016-09-16,NKE-SBUX,-2610.8998832702637,250000.0,18
2016-09-16,CSCO-ORCL,0.0,250000.0,18
2016-09-19,CSCO-ORCL,1507.1031875610352,250000.0,18
2016-09-20,CSCO-ORCL,264.3436698913574,250000.0,18
2016-09-21,CSCO-ORCL,2391.252956390381,250000.0,18
2016-09-21,ADBE-TXN,0.0,250000.0,18
2016-09-22,CSCO-ORCL,1584.7165336608887,250000.0,18
2016-09-22,ADBE-TXN,178.52319717407227,250000.0,18
2016-09-23,CSCO-ORCL,646.7475242614746,250000.0,18
2016-09-23,ADBE-TXN,-888.0487365722656,250000.0,18
2016-09-26,CSCO-ORCL,88.00332260131836,250000.0,18
2016-09-26,ADBE-TXN,-2089.94234085083,250000.0,18
2016-09-27,CSCO-ORCL,719.8862380981445,250000.0,18
2016-09-27,ADBE-TXN,-7804.507808685303,250000.0,18
2016-09-28,CSCO-ORCL,1565.2427139282227,250000.0,18
2016-09-28,ADBE-TXN,-5952.0107345581055,250000.0,18
2016-09-29,CSCO-ORCL,-194.1988639831543,250000.0,18
2016-09-29,ADBE-TXN,929.0426406860352,250000.0,18
2016-09-30,CSCO-ORCL,-53.71422576904297,250000.0,18
2016-09-30,ADBE-TXN,-704.7987937927246,250000.0,18
2016-08-01,CL-XOM,0.0,250000.0,19
2016-08-02,CL-XOM,4543.632480621338,250000.0,19
2016-08-03,CL-XOM,9500.969661712646,250000.0,19
2016-08-04,CL-XOM,6240.091648101807,250000.0,19
2016-08-05,CL-XOM,7396.560810089111,250000.0,19
2016-08-08,CL-XOM,11087.842552185059,250000.0,19
2016-08-09,CL-XOM,9792.250568389893,250000.0,19
2016-08-10,CL-XOM,4993.212379455566,250000.0,19
2016-08-10,COP-DIS,0.0,250000.0,19
2016-08-11,CL-XOM,5672.697154998779,250000.0,19
2016-08-11,COP-DIS,1673.7889251708984,250000.0,19
2016-08-12,CL-XOM,8621.40591430664,250000.0,19
2016-08-15,CL-XOM,9704.411598205566,250000.0,19
2016-08-16,TJX-VZ,0.0,250000.0,19
2016-08-17,TJX-VZ,-1354.6525783538818,250000.0,19
2016-08-17,ADBE-LOW,0.0,250000.0,19
2016-08-18,TJX-VZ,-948.7235260009766,250000.0,19
2016-08-18,ADBE-LOW,-3646.785987854004,250000.0,19
2016-08-19,ADBE-LOW,1661.016716003418,250000.0,19
2016-08-19,CMCSA-UPS,0.0,250000.0,19
2016-08-19,NKE-SBUX,0.0,250000.0,19
2016-08-22,ADBE-LOW,117.60511016845703,250000.0,19
2016-08-22,CMCSA-UPS,2045.9970932006836,250000.0,19
2016-08-22,GS-MPC,0.0,250000.0,19
2016-08-23,ADBE-LOW,-1875.7044296264648,250000.0,19
2016-08-23,CMCSA-UPS,986.8567123413086,250000.0,19
2016-08-23,ORCL-RTX,0.0,250000.0,19
2016-08-24,ADBE-LOW,-2981.367763519287,250000.0,19
2016-08-24,CMCSA-UPS,609.4637832641602,250000.0,19
2016-08-25,ADBE-LOW,-2561.0119400024414,250000.0,19
2016-08-25,CMCSA-UPS,986.7267456054688,250000.0,19
2016-08-26,ADBE-LOW,-5247.353164672852,250000.0,19
2016-08-26,CMCSA-UPS,1721.282585144043,250000.0,19
2016-08-29,ADBE-LOW,-4877.071578979492,250000.0,19
2016-08-29,CMCSA-UPS,1710.256965637207,250000.0,19
2016-08-30,ADBE-LOW,-6217.887168884277,250000.0,19
2016-08-30,CMCSA-UPS,848.7535552978516,250000.0,19
2016-08-30,MDLZ-PFE,0.0,250000.0,19
2016-08-31,ADBE-LOW,-6915.691673278809,250000.0,19
2016-08-31,CMCSA-UPS,488.92393493652344,250000.0,19
2016-08-31,MDLZ-PFE,-1655.9429874420166,250000.0,19
2016-08-31,SLB-UPS,0.0,250000.0,19
2016-09-01,CMCSA-UPS,1423.5052642822266,250000.0,19
2016-09-01,MDLZ-PFE,1621.0641117095947,250000.0,19
2016-09-01,SLB-UPS,-740.2887992858887,250000.0,19
2016-09-01,COST-INTC,0.0,250000.0,19
2016-09-02,CMCSA-UPS,1891.7983169555664,250000.0,19
2016-09-02,MDLZ-PFE,1338.1663131713867,250000.0,19
2016-09-02,SLB-UPS,-720.8404006958008,250000.0,19
2016-09-02,COST-INTC,2623.408832550049,250000.0,19
2016-09-06,MDLZ-PFE,448.8375473022461,250000.0,19
2016-09-06,SLB-UPS,61.40220260620117,250000.0,19
2016-09-06,COST-INTC,-639.7121715545654,250000.0,19
2016-09-06,GOOGL-MSFT,0.0,250000.0,19
2016-09-06,TJX-VZ,0.0,250000.0,19
2016-09-07,MDLZ-PFE,4121.239906311035,250000.0,19
2016-09-07,SLB-UPS,-318.72615814208984,250000.0,19
2016-09-07,COST-INTC,-4032.519693374634,250000.0,19
2016-09-07,GOOGL-MSFT,227.7238540649414,250000.0,19
2016-09-07,TJX-VZ,-419.9524688720703,250000.0,19
2016-09-08,MDLZ-PFE,3106.387762069702,250000.0,19
2016-09-08,COST-INTC,-7620.46365737915,250000.0,19
2016-09-08,GOOGL-MSFT,1085.8352165222168,250000.0,19
2016-09-08,TJX-VZ,-3163.132709503174,250000.0,19
2016-09-08,ADBE-LOW,0.0,250000.0,19
2016-09-08,CL-PEP,0.0,250000.0,19
2016-09-09,COST-INTC,-5437.794345855713,250000.0,19
2016-09-09,GOOGL-MSFT,967.0870170593262,250000.0,19
2016-09-09,TJX-VZ,1576.9918479919434,250000.0,19
2016-09-09,CL-PEP,-2021.2842254638672,250000.0,19
2016-09-09,COP-DIS,0.0,250000.0,19
2016-09-09,NKE-SBUX,0.0,250000.0,19
2016-09-09,LMT-TMO,0.0,250000.0,19
2016-09-12,COST-INTC,-8178.982082366943,250000.0,19
2016-09-12,GOOGL-MSFT,885.5564117431641,250000.0,19
2016-09-12,TJX-VZ,32.458993911743164,250000.0,19
2016-09-12,CL-PEP,1159.5225982666016,250000.0,19
2016-09-12,COP-DIS,2820.7283096313477,250000.0,19
2016-09-12,NKE-SBUX,772.1032447814941,250000.0,19
2016-09-12,LMT-TMO,4185.433532714844,250000.0,19
2016-09-13,COST-INTC,-6548.772953033447,250000.0,19
2016-09-13,GOOGL-MSFT,2269.173271179199,250000.0,19
2016-09-13,TJX-VZ,2203.500534057617,250000.0,19
2016-09-13,CL-PEP,690.8689880371094,250000.0,19
2016-09-13,COP-DIS,2169.848976135254,250000.0,19
2016-09-13,NKE-SBUX,-1753.8991355895996,250000.0,19
2016-09-13,LMT-TMO,3152.7936248779297,250000.0,19
2016-09-13,CSCO-UPS,0.0,250000.0,19
2016-09-14,COST-INTC,-6704.146835327148,250000.0,19
2016-09-14,GOOGL-MSFT,470.41421127319336,250000.0,19
2016-09-14,TJX-VZ,1673.7462635040283,250000.0,19
2016-09-14,CL-PEP,-344.2860870361328,250000.0,19
2016-09-14,COP-DIS,2142.0137329101562,250000.0,19
2016-09-14,NKE-SBUX,-1809.9352111816406,250000.0,19
2016-09-14,CSCO-UPS,244.84366989135742,250000.0,19
2016-09-15,COST-INTC,-9827.00029373169,250000.0,19
2016-09-15,GOOGL-MSFT,624.577320098877,250000.0,19
2016-09-15,TJX-VZ,1515.3275451660156,250000.0,19
2016-09-15,CL-PEP,-335.8321533203125,250000.0,19
2016-09-15,COP-DIS,2745.4543838500977,250000.0,19
2016-09-15,NKE-SBUX,-1285.8474311828613,250000.0,19
2016-09-15,CSCO-UPS,-505.47974014282227,250000.0,19
2016-09-15,CMCSA-UPS,0.0,250000.0,19
2016-09-16,GOOGL-MSFT,2059.829475402832,250000.0,19
2016-09-16,TJX-VZ,1076.3677730560303,250000.0,19
2016-09-16,CL-PEP,-436.12017822265625,250000.0,19
2016-09-16,NKE-SBUX,-2610.8998832702637,250000.0,19
2016-09-16,CSCO-UPS,897.6833190917969,250000.0,19
2016-09-16,CMCSA-UPS,460.16246032714844,250000.0,19
2016-09-19,GOOGL-MSFT,1601.1001510620117,250000.0,19
2016-09-19,CL-PEP,-415.0552520751953,250000.0,19
2016-09-19,CSCO-UPS,771.4364604949951,250000.0,19
2016-09-19,CMCSA-UPS,1280.1150970458984,250000.0,19
2016-09-20,GOOGL-MSFT,-501.83555603027344,250000.0,19
2016-09-20,CL-PEP,-712.0241546630859,250000.0,19
2016-09-20,SLB-UPS,0.0,250000.0,19
2016-09-21,GOOGL-MSFT,1728.5255584716797,250000.0,19
2016-09-21,CL-PEP,-543.8719635009766,250000.0,19
2016-09-21,SLB-UPS,120.50777435302734,250000.0,19
2016-09-22,CL-PEP,-7.7823638916015625,250000.0,19
2016-09-22,SLB-UPS,1286.1434135437012,250000.0,19
2016-09-23,SLB-UPS,-531.4131851196289,250000.0,19
2016-09-26,SLB-UPS,-575.7908897399902,250000.0,19
2016-09-27,SLB-UPS,-3935.661033630371,250000.0,19
2016-09-28,CL-PEP,0.0,250000.0,19
2016-09-29,COP-DIS,0.0,250000.0,19
2016-09-29,BAC-MPC,0.0,250000.0,19
2016-09-30,COP-DIS,3233.499216079712,250000.0,19
2016-09-30,BAC-MPC,-2925.5801544189453,250000.0,19
2016-10-03,COP-DIS,2299.1984100341797,250000.0,19
2016-10-03,BAC-MPC,-260.3093719482422,250000.0,19
2016-10-04,COP-DIS,3595.3611011505127,250000.0,19
2016-10-04,BAC-MPC,-488.34224700927734,250000.0,19
2016-10-05,COP-DIS,1312.6771049499512,250000.0,19
2016-10-05,BAC-MPC,-123.17299938201904,250000.0,19
2016-10-05,CL-PEP,0.0,250000.0,19
2016-10-06,COP-DIS,1231.8772811889648,250000.0,19
2016-10-06,BAC-MPC,-1414.2669258117676,250000.0,19
2016-10-06,CL-PEP,-247.35506439208984,250000.0,19
2016-10-07,COP-DIS,854.7274284362793,250000.0,19
2016-10-07,BAC-MPC,-3606.4236335754395,250000.0,19
2016-10-07,CL-PEP,-348.3603820800781,250000.0,19
2016-10-07,GS-MPC,0.0,250000.0,19
2016-10-10,COP-DIS,543.8845634460449,250000.0,19
2016-10-10,BAC-MPC,-2072.750732421875,250000.0,19
2016-10-10,GS-MPC,1737.3139724731445,250000.0,19
2016-10-11,COP-DIS,766.8237075805664,250000.0,19
2016-10-11,BAC-MPC,-2073.391200065613,250000.0,19
2016-10-11,GS-MPC,2738.115015029907,250000.0,19
2016-10-12,COP-DIS,-714.3990001678467,250000.0,19
2016-10-12,BAC-MPC,-2610.031484603882,250000.0,19
2016-10-12,GS-MPC,415.7754135131836,250000.0,19
2016-10-12,CSCO-UPS,0.0,250000.0,19
2016-10-12,CMCSA-CSCO,0.0,250000.0,19
2016-10-13,COP-DIS,463.8297176361084,250000.0,19
2016-10-13,BAC-MPC,137.55116653442383,250000.0,19
2016-10-13,GS-MPC,3627.0139083862305,250000.0,19
2016-10-13,CSCO-UPS,505.198034286499,250000.0,19
2016-10-13,CMCSA-CSCO,-904.8072376251221,250000.0,19
2016-10-14,COP-DIS,1836.6292819976807,250000.0,19
2016-10-14,GS-MPC,-2116.2601623535156,250000.0,19
2016-10-14,CSCO-UPS,259.2465190887451,250000.0,19
2016-10-14,CMCSA-CSCO,-1153.0526676177979,250000.0,19
2016-10-17,COP-DIS,1605.2497291564941,250000.0,19
2016-10-17,GS-MPC,2160.838447570801,250000.0,19
2016-10-17,CSCO-UPS,1274.6954956054688,250000.0,19
2016-10-17,CMCSA-CSCO,-79.42395401000977,250000.0,19
2016-10-18,COP-DIS,3358.5470180511475,250000.0,19
2016-10-18,GS-MPC,71.28631210327148,250000.0,19
2016-10-18,CMCSA-CSCO,2311.804916381836,250000.0,19
2016-10-18,TJX-UNH,0.0,250000.0,19
2016-10-19,COP-DIS,3459.9373054504395,250000.0,19
2016-10-19,GS-MPC,-4217.212024688721,250000.0,19
2016-10-19,CMCSA-CSCO,1446.2041473388672,250000.0,19
2016-10-19,TJX-UNH,-1291.8544616699219,250000.0,19
2016-10-19,SLB-UPS,0.0,250000.0,19
2016-10-20,GS-MPC,-1823.4446201324463,250000.0,19
2016-10-20,CMCSA-CSCO,2195.0901374816895,250000.0,19
2016-10-20,TJX-UNH,-2747.5564460754395,250000.0,19
2016-10-20,SLB-UPS,-969.0503959655762,250000.0,19
2016-10-21,GS-MPC,4076.1511974334717,250000.0,19
2016-10-21,CMCSA-CSCO,3311.3645191192627,250000.0,19
2016-10-21,TJX-UNH,-2993.0679244995117,250000.0,19
2016-10-21,SLB-UPS,1469.6396713256836,250000.0,19
2016-10-21,COP-DIS,0.0,250000.0,19
2016-10-21,BAC-MPC,0.0,250000.0,19
2016-10-21,MDLZ-PFE,0.0,250000.0,19
2016-10-21,TJX-VZ,0.0,250000.0,19
2016-10-24,GS-MPC,1309.1991939544678,250000.0,19
2016-10-24,CMCSA-CSCO,2145.9707050323486,250000.0,19
2016-10-24,COP-DIS,-218.93582153320312,250000.0,19
2016-10-24,MDLZ-PFE,-2449.3689250946045,250000.0,19
2016-10-24,TJX-VZ,-1307.1078720092773,250000.0,19
2016-10-25,CMCSA-CSCO,2975.6775970458984,250000.0,19
2016-10-25,COP-DIS,1020.1693725585938,250000.0,19
2016-10-25,MDLZ-PFE,-2057.0077743530273,250000.0,19
2016-10-25,TJX-VZ,-2123.230583190918,250000.0,19
2016-10-25,ORCL-RTX,0.0,250000.0,19
2016-10-25,LMT-TMO,0.0,250000.0,19
2016-10-26,COP-DIS,-977.8927917480469,250000.0,19
2016-10-26,TJX-VZ,-4137.819259643555,250000.0,19
2016-10-26,ORCL-RTX,552.4109764099121,250000.0,19
2016-10-26,LMT-TMO,-163.65756225585938,250000.0,19
2016-10-26,CMCSA-UPS,0.0,250000.0,19
2016-10-27,COP-DIS,-218.97555541992188,250000.0,19
2016-10-27,TJX-VZ,2373.5854148864746,250000.0,19
2016-10-27,LMT-TMO,2358.8043518066406,250000.0,19
2016-10-27,CMCSA-UPS,-901.7183094024658,250000.0,19
2016-10-28,COP-DIS,1200.2515869140625,250000.0,19
2016-10-28,TJX-VZ,71.46756744384766,250000.0,19
2016-10-28,LMT-TMO,-855.8475952148438,250000.0,19
2016-10-28,CMCSA-UPS,758.3910427093506,250000.0,19
2016-10-28,CL-XOM,0.0,250000.0,19
2016-10-31,TJX-VZ,-1030.7722702026367,250000.0,19
2016-10-31,LMT-TMO,-609.9536743164062,250000.0,19
2016-10-31,CMCSA-UPS,502.5008602142334,250000.0,19
2016-09-06,CAT-RTX,0.0,250000.0,20
2016-09-07,CL-JNJ,0.0,250000.0,20
2016-09-07,KO-PYPL,0.0,250000.0,20
2016-09-08,CL-JNJ,-3300.3167572021484,250000.0,20
2016-09-08,KO-PYPL,-4628.210174560547,250000.0,20
2016-09-08,CAT-TJX,0.0,250000.0,20
2016-09-08,CAT-ORCL,0.0,250000.0,20
2016-09-08,CL-PEP,0.0,250000.0,20
2016-09-09,KO-PYPL,88.47538375854492,250000.0,20
2016-09-09,CAT-TJX,-1639.3336334228516,250000.0,20
2016-09-09,CAT-ORCL,-1698.9489669799805,250000.0,20
2016-09-09,CL-PEP,-2021.2842254638672,250000.0,20
2016-09-09,NKE-SBUX,0.0,250000.0,20
2016-09-09,CVX-TMO,0.0,250000.0,20
2016-09-09,ORCL-UPS,0.0,250000.0,20
2016-09-09,MO-T,0.0,250000.0,20
2016-09-12,KO-PYPL,-2503.51505279541,250000.0,20
2016-09-12,CAT-TJX,-309.4696044921875,250000.0,20
2016-09-12,CAT-ORCL,1249.1122741699219,250000.0,20
2016-09-12,CL-PEP,1159.5225982666016,250000.0,20
2016-09-12,NKE-SBUX,772.1032447814941,250000.0,20
2016-09-12,CVX-TMO,3581.680694580078,250000.0,20
2016-09-12,MO-T,-660.4096603393555,250000.0,20
2016-09-13,CAT-TJX,-2473.8992462158203,250000.0,20
2016-09-13,CAT-ORCL,-261.26126861572266,250000.0,20
2016-09-13,CL-PEP,690.8689880371094,250000.0,20
2016-09-13,NKE-SBUX,-1753.8991355895996,250000.0,20
2016-09-13,CVX-TMO,4975.10026550293,250000.0,20
2016-09-13,MO-T,1384.5834121704102,250000.0,20
2016-09-14,CAT-TJX,-3837.7645721435547,250000.0,20
2016-09-14,CAT-ORCL,-560.3483047485352,250000.0,20
2016-09-14,CL-PEP,-344.2860870361328,250000.0,20
2016-09-14,NKE-SBUX,-1809.9352111816406,250000.0,20
2016-09-14,MO-T,-315.5828552246094,250000.0,20
2016-09-15,CAT-TJX,-2140.8502197265625,250000.0,20
2016-09-15,CAT-ORCL,2252.720718383789,250000.0,20
2016-09-15,CL-PEP,-335.8321533203125,250000.0,20
2016-09-15,NKE-SBUX,-1285.8474311828613,250000.0,20
2016-09-15,MO-T,-3174.8041763305664,250000.0,20
2016-09-15,CMCSA-UPS,0.0,250000.0,20
2016-09-16,CAT-TJX,-3377.30517578125,250000.0,20
2016-09-16,CL-PEP,-436.12017822265625,250000.0,20
2016-09-16,NKE-SBUX,-2610.8998832702637,250000.0,20
2016-09-16,MO-T,-3907.1583709716797,250000.0,20
2016-09-16,CMCSA-UPS,460.16246032714844,250000.0,20
2016-09-16,ORCL-UPS,0.0,250000.0,20
2016-09-19,CAT-TJX,-3117.0418701171875,250000.0,20
2016-09-19,CL-PEP,-415.0552520751953,250000.0,20
2016-09-19,MO-T,-3435.8755416870117,250000.0,20
2016-09-19,CMCSA-UPS,1280.1150970458984,250000.0,20
2016-09-19,ORCL-UPS,1650.0929718017578,250000.0,20
2016-09-20,CAT-TJX,-1697.5018463134766,250000.0,20
2016-09-20,CL-PEP,-712.0241546630859,250000.0,20
2016-09-20,MO-T,-1525.0636901855469,250000.0,20
2016-09-20,ORCL-UPS,-2392.647804260254,250000.0,20
2016-09-21,CAT-TJX,-313.4234313964844,250000.0,20
2016-09-21,CL-PEP,-543.8719635009766,250000.0,20
2016-09-21,MO-T,-2649.055976867676,250000.0,20
2016-09-21,ORCL-UPS,-2251.5796813964844,250000.0,20
2016-09-22,CAT-TJX,964.0466003417969,250000.0,20
2016-09-22,CL-PEP,-7.7823638916015625,250000.0,20
2016-09-22,MO-T,-2871.108299255371,250000.0,20
2016-09-22,ORCL-UPS,-2274.8680419921875,250000.0,20
2016-09-23,CAT-TJX,603.5618896484375,250000.0,20
2016-09-23,MO-T,-5222.550048828125,250000.0,20
2016-09-23,ORCL-UPS,-3238.565963745117,250000.0,20
2016-09-26,ORCL-UPS,-3830.262275695801,250000.0,20
2016-09-27,ORCL-UPS,-4600.027717590332,250000.0,20
2016-09-28,ORCL-UPS,-1802.4651184082031,250000.0,20
2016-09-28,CL-PEP,0.0,250000.0,20
2016-09-29,ORCL-UPS,-1700.9782028198242,250000.0,20
2016-09-30,ORCL-UPS,-3225.2238845825195,250000.0,20
2016-10-05,CL-PEP,0.0,250000.0,20
2016-10-06,CL-PEP,-247.35506439208984,250000.0,20
2016-10-07,CL-PEP,-348.3603820800781,250000.0,20
2016-10-07,GS-MPC,0.0,250000.0,20
2016-10-10,GS-MPC,1737.3139724731445,250000.0,20
2016-10-11,GS-MPC,2738.115015029907,250000.0,20
2016-10-11,CVX-TMO,0.0,250000.0,20
2016-10-12,GS-MPC,415.7754135131836,250000.0,20
2016-10-12,CVX-TMO,-1290.1616134643555,250000.0,20
2016-10-12,CMCSA-CSCO,0.0,250000.0,20
2016-10-13,GS-MPC,3627.0139083862305,250000.0,20
2016-10-13,CVX-TMO,-3405.5003814697266,250000.0,20
2016-10-13,CMCSA-CSCO,-904.8072376251221,250000.0,20
2016-10-14,GS-MPC,-2116.2601623535156,250000.0,20
2016-10-14,CVX-TMO,-4079.931655883789,250000.0,20
2016-10-14,CMCSA-CSCO,-1153.0526676177979,250000.0,20
2016-10-17,GS-MPC,2160.838447570801,250000.0,20
2016-10-17,CMCSA-CSCO,-79.42395401000977,250000.0,20
2016-10-18,GS-MPC,71.28631210327148,250000.0,20
2016-10-18,CMCSA-CSCO,2311.804916381836,250000.0,20
2016-10-18,TJX-UNH,0.0,250000.0,20
2016-10-18,CL-JNJ,0.0,250000.0,20
2016-10-19,GS-MPC,-4217.212024688721,250000.0,20
2016-10-19,CMCSA-CSCO,1446.2041473388672,250000.0,20
2016-10-19,TJX-UNH,-1291.8544616699219,250000.0,20
2016-10-19,CL-JNJ,-1057.4506454467773,250000.0,20
2016-10-20,GS-MPC,-1823.4446201324463,250000.0,20
2016-10-20,CMCSA-CSCO,2195.0901374816895,250000.0,20
2016-10-20,TJX-UNH,-2747.5564460754395,250000.0,20
2016-10-20,CL-JNJ,774.5732727050781,250000.0,20
2016-10-20,MO-T,0.0,250000.0,20
2016-10-21,GS-MPC,4076.1511974334717,250000.0,20
2016-10-21,CMCSA-CSCO,3311.3645191192627,250000.0,20
2016-10-21,TJX-UNH,-2993.0679244995117,250000.0,20
2016-10-21,CL-JNJ,-2323.049964904785,250000.0,20
2016-10-21,MDLZ-PFE,0.0,250000.0,20
2016-10-24,GS-MPC,1309.1991939544678,250000.0,20
2016-10-24,CMCSA-CSCO,2145.9707050323486,250000.0,20
2016-10-24,CL-JNJ,-2300.5061073303223,250000.0,20
2016-10-24,MDLZ-PFE,-2449.3689250946045,250000.0,20
2016-10-24,MO-T,0.0,250000.0,20
2016-10-25,CMCSA-CSCO,2975.6775970458984,250000.0,20
2016-10-25,CL-JNJ,-2422.1605682373047,250000.0,20
2016-10-25,MDLZ-PFE,-2057.0077743530273,250000.0,20
2016-10-25,MO-T,-405.7814245223999,250000.0,20
2016-10-25,CVX-TMO,0.0,250000.0,20
2016-10-25,ORCL-RTX,0.0,250000.0,20
2016-10-26,CL-JNJ,-965.4259223937988,250000.0,20
2016-10-26,MO-T,-1699.1404857635498,250000.0,20
2016-10-26,CVX-TMO,-60.693870544433594,250000.0,20
2016-10-26,ORCL-RTX,552.4109764099121,250000.0,20
2016-10-26,CMCSA-UPS,0.0,250000.0,20
2016-10-27,MO-T,-833.9603328704834,250000.0,20
2016-10-27,CVX-TMO,2472.806167602539,250000.0,20
2016-10-27,CMCSA-UPS,-901.7183094024658,250000.0,20
2016-10-28,MO-T,-5006.096777915955,250000.0,20
2016-10-28,CVX-TMO,-2581.8870544433594,250000.0,20
2016-10-28,CMCSA-UPS,758.3910427093506,250000.0,20
2016-10-31,MO-T,-3786.5413398742676,250000.0,20
2016-10-31,CVX-TMO,-3281.822883605957,250000.0,20
2016-10-31,CMCSA-UPS,502.5008602142334,250000.0,20
2016-11-01,MO-T,-3534.779704093933,250000.0,20
2016-11-01,CMCSA-UPS,1892.9144191741943,250000.0,20
2016-11-02,MO-T,-3804.359920501709,250000.0,20
2016-11-02,CMCSA-UPS,1794.0135173797607,250000.0,20
2016-11-03,MO-T,-1899.5171270370483,250000.0,20
2016-11-03,CMCSA-UPS,-561.9759349822998,250000.0,20
2016-11-04,MO-T,-828.1337633132935,250000.0,20
2016-11-04,CMCSA-UPS,110.9703254699707,250000.0,20
2016-11-07,MO-T,-1244.9316959381104,250000.0,20
2016-11-09,CL-JNJ,0.0,250000.0,20
2016-11-09,MO-T,0.0,250000.0,20
2016-11-10,MO-T,-1074.234188079834,250000.0,20
2016-11-10,ORCL-RTX,0.0,250000.0,20
2016-11-10,MDLZ-PFE,0.0,250000.0,20
2016-11-10,CL-PEP,0.0,250000.0,20
2016-11-11,MO-T,-554.8610153198242,250000.0,20
2016-11-11,ORCL-RTX,-1722.3456192016602,250000.0,20
2016-11-11,MDLZ-PFE,4213.377582550049,250000.0,20
2016-11-11,CL-PEP,-409.7159194946289,250000.0,20
2016-11-14,MO-T,291.23946380615234,250000.0,20
2016-11-14,ORCL-RTX,-206.8512191772461,250000.0,20
2016-11-14,MDLZ-PFE,6570.12158203125,250000.0,20
2016-11-14,CL-PEP,-3757.345146179199,250000.0,20
2016-11-15,MO-T,-2142.6390991210938,250000.0,20
2016-11-15,ORCL-RTX,-476.75733947753906,250000.0,20
2016-11-15,MDLZ-PFE,10949.267715454102,250000.0,20
2016-11-15,CL-PEP,-2655.769287109375,250000.0,20
2016-11-16,MO-T,-2157.9391899108887,250000.0,20
2016-11-16,ORCL-RTX,2454.21821975708,250000.0,20
2016-11-16,MDLZ-PFE,13582.159080505371,250000.0,20
2016-11-16,CL-PEP,-3174.977264404297,250000.0,20
2016-11-17,MO-T,-3448.9162216186523,250000.0,20
2016-11-17,MDLZ-PFE,16808.67353439331,250000.0,20
2016-11-17,CL-PEP,-2491.203094482422,250000.0,20
2016-11-18,MO-T,-4569.130401611328,250000.0,20
2016-11-18,CL-PEP,-3085.437728881836,250000.0,20
2016-11-21,MO-T,-3041.4519691467285,250000.0,20
2016-11-21,CL-PEP,-1218.362075805664,250000.0,20
2016-11-21,GS-MPC,0.0,250000.0,20
2016-11-22,MO-T,-6906.998126983643,250000.0,20
2016-11-22,CL-PEP,174.54119873046875,250000.0,20
2016-11-22,GS-MPC,-3694.873104095459,250000.0,20
2016-11-23,CL-PEP,-2709.1155395507812,250000.0,20
2016-11-23,GS-MPC,-2253.6107635498047,250000.0,20
2016-11-25,GS-MPC,-5310.063751220703,250000.0,20
2016-11-28,GS-MPC,274.9778137207031,250000.0,20
2016-11-29,GS-MPC,6962.037147521973,250000.0,20
2016-11-30,GS-MPC,5190.036525726318,250000.0,20
2016-10-06,GE-WMT,0.0,250000.0,21
2016-10-07,GE-WMT,-1816.9762535095215,250000.0,21
2016-10-07,GE-HON,0.0,250000.0,21
2016-10-07,GS-MPC,0.0,250000.0,21
2016-10-10,GE-WMT,-3761.5159301757812,250000.0,21
2016-10-10,GE-HON,219.6559066772461,250000.0,21
2016-10-10,GS-MPC,1737.3139724731445,250000.0,21
2016-10-11,GE-WMT,-6065.381336212158,250000.0,21
2016-10-11,GE-HON,-2313.510009765625,250000.0,21
2016-10-11,GS-MPC,2738.115015029907,250000.0,21
2016-10-11,GE-RTX,0.0,250000.0,21
2016-10-12,GE-WMT,-5753.910430908203,250000.0,21
2016-10-12,GE-HON,1592.7138214111328,250000.0,21
2016-10-12,GS-MPC,415.7754135131836,250000.0,21
2016-10-12,GE-RTX,505.1867141723633,250000.0,21
2016-10-13,GE-WMT,-2594.3372840881348,250000.0,21
2016-10-13,GE-HON,3855.7746200561523,250000.0,21
2016-10-13,GS-MPC,3627.0139083862305,250000.0,21
2016-10-14,GE-WMT,-2156.2964057922363,250000.0,21
2016-10-14,GE-HON,5287.020530700684,250000.0,21
2016-10-14,GS-MPC,-2116.2601623535156,250000.0,21
2016-10-17,GE-WMT,-2866.955867767334,250000.0,21
2016-10-17,GE-HON,3142.6963119506836,250000.0,21
2016-10-17,GS-MPC,2160.838447570801,250000.0,21
2016-10-18,GE-WMT,-908.5758781433105,250000.0,21
2016-10-18,GE-HON,2422.1935806274414,250000.0,21
2016-10-18,GS-MPC,71.28631210327148,250000.0,21
2016-10-18,CL-UNH,0.0,250000.0,21
2016-10-18,GE-UNH,0.0,250000.0,21
2016-10-18,GE-JNJ,0.0,250000.0,21
2016-10-18,PEP-UNH,0.0,250000.0,21
2016-10-19,GE-WMT,-1073.081600189209,250000.0,21
2016-10-19,GE-HON,3158.2550506591797,250000.0,21
2016-10-19,GS-MPC,-4217.212024688721,250000.0,21
2016-10-19,CL-UNH,-2168.9125213623047,250000.0,21
2016-10-19,GE-UNH,-1464.7881393432617,250000.0,21
2016-10-19,GE-JNJ,-2090.5646362304688,250000.0,21
2016-10-19,PEP-UNH,-2451.781280517578,250000.0,21
2016-10-20,GE-WMT,-1679.3231506347656,250000.0,21
2016-10-20,GE-HON,2829.4822845458984,250000.0,21
2016-10-20,GS-MPC,-1823.4446201324463,250000.0,21
2016-10-20,CL-UNH,-4174.859893798828,250000.0,21
2016-10-20,GE-UNH,-2654.3414916992188,250000.0,21
2016-10-20,GE-JNJ,-1523.2947998046875,250000.0,21
2016-10-20,PEP-UNH,-4092.1704711914062,250000.0,21
2016-10-20,SLB-UNP,0.0,250000.0,21
2016-10-21,GE-HON,4969.847137451172,250000.0,21
2016-10-21,GS-MPC,4076.1511974334717,250000.0,21
2016-10-21,CL-UNH,-4697.7550048828125,250000.0,21
2016-10-21,GE-JNJ,-4267.254676818848,250000.0,21
2016-10-21,PEP-UNH,-4884.595596313477,250000.0,21
2016-10-21,SLB-UNP,5321.155666351318,250000.0,21
2016-10-24,GE-HON,5820.156425476074,250000.0,21
2016-10-24,GS-MPC,1309.1991939544678,250000.0,21
2016-10-24,CL-UNH,-3290.845390319824,250000.0,21
2016-10-24,GE-JNJ,-3663.215400695801,250000.0,21
2016-10-24,PEP-UNH,-1877.466552734375,250000.0,21
2016-10-24,SLB-UNP,4355.199237823486,250000.0,21
2016-10-25,GE-HON,6047.172676086426,250000.0,21
2016-10-25,CL-UNH,-1140.5820922851562,250000.0,21
2016-10-25,GE-JNJ,-1844.0610580444336,250000.0,21
2016-10-25,PEP-UNH,-377.7503967285156,250000.0,21
2016-10-25,SLB-UNP,4875.087566375732,250000.0,21
2016-10-25,GE-RTX,0.0,250000.0,21
2016-10-25,GE-LMT,0.0,250000.0,21
2016-10-26,GE-HON,6341.671012878418,250000.0,21
2016-10-26,CL-UNH,1459.910545349121,250000.0,21
2016-10-26,GE-JNJ,-1408.9842376708984,250000.0,21
2016-10-26,PEP-UNH,2150.9902954101562,250000.0,21
2016-10-26,SLB-UNP,2764.2654151916504,250000.0,21
2016-10-26,GE-RTX,2017.7062797546387,250000.0,21
2016-10-26,GE-LMT,763.1718063354492,250000.0,21
2016-10-26,CMCSA-UPS,0.0,250000.0,21
2016-10-27,GE-HON,5536.007049560547,250000.0,21
2016-10-27,GE-JNJ,2003.5208358764648,250000.0,21
2016-10-27,PEP-UNH,2182.075454711914,250000.0,21
2016-10-27,SLB-UNP,3140.9281616210938,250000.0,21
2016-10-27,GE-RTX,3076.202949523926,250000.0,21
2016-10-27,GE-LMT,586.8080291748047,250000.0,21
2016-10-27,CMCSA-UPS,-901.7183094024658,250000.0,21
2016-10-28,GE-HON,6406.615463256836,250000.0,21
2016-10-28,GE-JNJ,-1116.348777770996,250000.0,21
2016-10-28,PEP-UNH,5427.412536621094,250000.0,21
2016-10-28,SLB-UNP,2862.834705352783,250000.0,21
2016-10-28,GE-RTX,1807.754795074463,250000.0,21
2016-10-28,GE-LMT,5395.219207763672,250000.0,21
2016-10-28,CMCSA-UPS,758.3910427093506,250000.0,21
2016-10-31,GE-HON,6354.3063888549805,250000.0,21
2016-10-31,GE-JNJ,784.7752685546875,250000.0,21
2016-10-31,PEP-UNH,3859.6480712890625,250000.0,21
2016-10-31,SLB-UNP,4673.743236541748,250000.0,21
2016-10-31,GE-RTX,290.2823257446289,250000.0,21
2016-10-31,GE-LMT,6149.097129821777,250000.0,21
2016-10-31,CMCSA-UPS,502.5008602142334,250000.0,21
2016-11-01,GE-HON,5662.44686126709,250000.0,21
2016-11-01,GE-JNJ,241.30562591552734,250000.0,21
2016-11-01,PEP-UNH,6642.704833984375,250000.0,21
2016-11-01,SLB-UNP,2742.739101409912,250000.0,21
2016-11-01,GE-RTX,-395.82374572753906,250000.0,21
2016-11-01,GE-LMT,5957.352081298828,250000.0,21
2016-11-01,CMCSA-UPS,1892.9144191741943,250000.0,21
2016-11-02,GE-HON,5019.2604904174805,250000.0,21
2016-11-02,GE-JNJ,734.1152954101562,250000.0,21
2016-11-02,SLB-UNP,7211.475204467773,250000.0,21
2016-11-02,GE-RTX,-1283.5026893615723,250000.0,21
2016-11-02,GE-LMT,2999.7087020874023,250000.0,21
2016-11-02,CMCSA-UPS,1794.0135173797607,250000.0,21
2016-11-03,GE-HON,5284.013648986816,250000.0,21
2016-11-03,GE-JNJ,1927.5200729370117,250000.0,21
2016-11-03,SLB-UNP,5747.11100769043,250000.0,21
2016-11-03,GE-RTX,-1177.265007019043,250000.0,21
2016-11-03,GE-LMT,7902.049713134766,250000.0,21
2016-11-03,CMCSA-UPS,-561.9759349822998,250000.0,21
2016-11-04,GE-HON,4652.649604797363,250000.0,21
2016-11-04,GE-JNJ,1472.143653869629,250000.0,21
2016-11-04,SLB-UNP,7211.899745941162,250000.0,21
2016-11-04,GE-RTX,-1028.096019744873,250000.0,21
2016-11-04,CMCSA-UPS,110.9703254699707,250000.0,21
2016-11-07,GE-HON,9501.810066223145,250000.0,21
2016-11-07,GE-JNJ,1410.9113311767578,250000.0,21
2016-11-07,SLB-UNP,8102.207935333252,250000.0,21
2016-11-07,GE-RTX,-703.698917388916,250000.0,21
2016-11-08,GE-HON,7755.955581665039,250000.0,21
2016-11-08,GE-JNJ,1823.4764785766602,250000.0,21
2016-11-08,SLB-UNP,7471.913425445557,250000.0,21
2016-11-08,GE-RTX,-915.4506683349609,250000.0,21
2016-11-09,GE-HON,11300.775405883789,250000.0,21
2016-11-10,GE-HON,11301.766220092773,250000.0,21
2016-11-10,GE-RTX,0.0,250000.0,21
2016-11-10,PEP-UNH,0.0,250000.0,21
2016-11-10,SLB-UNP,0.0,250000.0,21
2016-11-11,GE-HON,10696.342933654785,250000.0,21
2016-11-11,GE-RTX,298.27791595458984,250000.0,21
2016-11-11,PEP-UNH,-648.0311660766602,250000.0,21
2016-11-11,SLB-UNP,433.5726013183594,250000.0,21
2016-11-14,GE-HON,10702.639778137207,250000.0,21
2016-11-14,GE-RTX,1713.3716201782227,250000.0,21
2016-11-14,SLB-UNP,-6058.732906341553,250000.0,21
2016-11-15,GE-HON,10293.043441772461,250000.0,21
2016-11-15,GE-RTX,3197.03955078125,250000.0,21
2016-11-15,GE-HD,0.0,250000.0,21
2016-11-16,GE-HON,9882.919486999512,250000.0,21
2016-11-16,GE-RTX,3291.6640663146973,250000.0,21
2016-11-16,GE-HD,1942.7498474121094,250000.0,21
2016-11-17,GE-WMT,0.0,250000.0,21
2016-11-18,GE-WMT,-1823.0830078125,250000.0,21
2016-11-21,GE-WMT,300.1135902404785,250000.0,21
2016-11-21,GS-MPC,0.0,250000.0,21
2016-11-22,GE-WMT,1652.4038887023926,250000.0,21
2016-11-22,GS-MPC,-3694.873104095459,250000.0,21
2016-11-23,GE-WMT,3517.0947227478027,250000.0,21
2016-11-23,GS-MPC,-2253.6107635498047,250000.0,21
2016-11-25,GE-WMT,4524.455947875977,250000.0,21
2016-11-25,GS-MPC,-5310.063751220703,250000.0,21
2016-11-28,GS-MPC,274.9778137207031,250000.0,21
2016-11-29,GS-MPC,6962.037147521973,250000.0,21
2016-11-29,GE-UNH,0.0,250000.0,21
2016-11-30,GS-MPC,5190.036525726318,250000.0,21
2016-11-30,GE-UNH,-2979.9793701171875,250000.0,21
2016-12-01,GS-MPC,5014.652961730957,250000.0,21
2016-12-01,GE-UNH,-5365.431457519531,250000.0,21
2016-12-01,GE-RTX,0.0,250000.0,21
2016-12-02,GS-MPC,3074.9518966674805,250000.0,21
2016-12-02,GE-UNH,-5172.8321533203125,250000.0,21
2016-12-02,GE-RTX,2113.6962089538574,250000.0,21
2016-12-05,GS-MPC,4536.107227325439,250000.0,21
2016-12-05,GE-UNH,-888.7726135253906,250000.0,21
2016-12-05,GE-RTX,2058.5948028564453,250000.0,21
2016-12-06,GS-MPC,10072.970268249512,250000.0,21
2016-12-06,GE-UNH,-224.91201782226562,250000.0,21
2016-12-06,GE-RTX,1610.7964477539062,250000.0,21
2016-12-07,GE-UNH,-2317.5186767578125,250000.0,21
2016-12-08,GE-UNH,-2388.7772216796875,250000.0,21
2016-12-08,GE-LMT,0.0,250000.0,21
2016-12-09,GE-UNH,-2953.5762939453125,250000.0,21
2016-12-09,GE-LMT,-1914.3772430419922,250000.0,21
2016-12-12,GE-UNH,-1723.5556030273438,250000.0,21
2016-12-13,GE-UNH,-3735.8306579589844,250000.0,21
2016-12-14,GE-UPS,0.0,250000.0,21
2016-12-14,CMCSA-UPS,0.0,250000.0,21
2016-12-15,GE-UPS,1384.152587890625,250000.0,21
2016-12-15,CMCSA-UPS,417.8995819091797,250000.0,21
2016-12-16,CMCSA-UPS,-2662.2195930480957,250000.0,21
2016-12-16,GE-RTX,0.0,250000.0,21
2016-12-19,CMCSA-UPS,-945.2361469268799,250000.0,21
2016-12-20,CMCSA-UPS,-2099.1125679016113,250000.0,21
2016-12-20,GE-UNH,0.0,250000.0,21
2016-12-21,CMCSA-UPS,-4643.72932434082,250000.0,21
2016-12-21,GE-UNH,591.5548400878906,250000.0,21
2016-12-22,CMCSA-UPS,-4726.536045074463,250000.0,21
2016-12-22,GE-UNH,1562.6912384033203,250000.0,21
2016-12-23,CMCSA-UPS,-4438.426189422607,250000.0,21
2016-12-23,GE-UNH,3305.1080780029297,250000.0,21
2016-12-27,CMCSA-UPS,-4687.031883239746,250000.0,21
2016-12-27,GE-UNH,2534.7081146240234,250000.0,21
2016-12-28,CMCSA-UPS,-5543.847990036011,250000.0,21
2016-12-28,GE-UNH,2347.335662841797,250000.0,21
2016-12-29,GE-UNH,1645.0307006835938,250000.0,21
2016-12-30,GE-UNH,1015.8762817382812,250000.0,21
2016-11-01,HON-TJX,0.0,250000.0,22
2016-11-03,META-TXN,0.0,250000.0,22
2016-11-03,CAT-META,0.0,250000.0,22
2016-11-04,META-TXN,2548.955379486084,250000.0,22
2016-11-04,CAT-META,-687.5243530273438,250000.0,22
2016-11-04,CL-HON,0.0,250000.0,22
2016-11-07,META-TXN,54.970947265625,250000.0,22
2016-11-07,CAT-META,-886.5138778686523,250000.0,22
2016-11-07,CL-HON,-2511.232131958008,250000.0,22
2016-11-08,META-TXN,1023.2935028076172,250000.0,22
2016-11-08,CAT-META,1413.1336135864258,250000.0,22
2016-11-08,CL-HON,3722.527603149414,250000.0,22
2016-11-09,META-TXN,-832.5636253356934,250000.0,22
2016-11-09,CL-JNJ,0.0,250000.0,22
2016-11-09,CMCSA-UNP,0.0,250000.0,22
2016-11-10,META-TXN,-3023.8508110046387,250000.0,22
2016-11-10,MDLZ-PFE,0.0,250000.0,22
2016-11-10,CL-HON,0.0,250000.0,22
2016-11-10,MRK-UNP,0.0,250000.0,22
2016-11-11,META-TXN,-9065.87643814087,250000.0,22
2016-11-11,MDLZ-PFE,4213.377582550049,250000.0,22
2016-11-11,CL-HON,874.1348114013672,250000.0,22
2016-11-11,MRK-UNP,-662.4468841552734,250000.0,22
2016-11-14,MDLZ-PFE,6570.12158203125,250000.0,22
2016-11-14,CL-HON,-2505.4676666259766,250000.0,22
2016-11-14,EOG-V,0.0,250000.0,22
2016-11-15,MDLZ-PFE,10949.267715454102,250000.0,22
2016-11-15,CL-HON,-2636.3743438720703,250000.0,22
2016-11-15,EOG-V,-1127.1030883789062,250000.0,22
2016-11-16,MDLZ-PFE,13582.159080505371,250000.0,22
2016-11-16,CL-HON,-1539.0555419921875,250000.0,22
2016-11-16,EOG-V,3629.3997650146484,250000.0,22
2016-11-17,MDLZ-PFE,16808.67353439331,250000.0,22
2016-11-17,CL-HON,-6814.524353027344,250000.0,22
2016-11-18,CL-HON,-5165.687202453613,250000.0,22
2016-11-21,CL-HON,-3785.028434753418,250000.0,22
2016-11-22,CL-HON,-3970.388526916504,250000.0,22
2016-11-23,CL-HON,-8436.146759033203,250000.0,22
2016-11-30,EOG-V,0.0,250000.0,22
2016-12-01,EOG-V,-7441.390327453613,250000.0,22
2016-12-02,EOG-V,-5900.805084228516,250000.0,22
2016-12-05,EOG-V,-1190.4782257080078,250000.0,22
2016-12-12,CL-JNJ,0.0,250000.0,22
2016-12-13,CL-JNJ,-919.8454055786133,250000.0,22
2016-12-14,CL-JNJ,-568.4441452026367,250000.0,22
2016-12-14,SLB-UPS,0.0,250000.0,22
2016-12-15,CL-JNJ,-1996.2945404052734,250000.0,22
2016-12-15,SLB-UPS,-198.56224060058594,250000.0,22
2016-12-16,CL-JNJ,-1974.706039428711,250000.0,22
2016-12-16,SLB-UPS,-3774.4892196655273,250000.0,22
2016-12-19,CL-JNJ,-2555.2364044189453,250000.0,22
2016-12-19,SLB-UPS,-516.4874649047852,250000.0,22
2016-12-20,CL-JNJ,-1237.107162475586,250000.0,22
2016-12-20,SLB-UPS,313.0125045776367,250000.0,22
2016-12-21,CL-JNJ,-1033.336669921875,250000.0,22
2016-12-21,SLB-UPS,-4483.041229248047,250000.0,22
2016-12-22,CL-JNJ,-793.1335754394531,250000.0,22
2016-12-22,SLB-UPS,-4498.898330688477,250000.0,22
2016-12-22,T-WMT,0.0,250000.0,22
2016-12-23,CL-JNJ,-2082.758331298828,250000.0,22
2016-12-23,SLB-UPS,-3453.446357727051,250000.0,22
2016-12-23,T-WMT,-196.30915641784668,250000.0,22
2016-12-27,SLB-UPS,-2971.6660232543945,250000.0,22
2016-12-27,T-WMT,512.0873279571533,250000.0,22
2016-12-28,SLB-UPS,-3325.870475769043,250000.0,22
2016-12-28,T-WMT,-671.6925182342529,250000.0,22
2016-12-29,T-WMT,-1085.1562328338623,250000.0,22
2016-12-30,T-WMT,-1370.8133220672607,250000.0,22
2017-01-03,T-WMT,-3842.0059394836426,250000.0,22
2017-01-04,HON-XOM,0.0,250000.0,22
2017-01-05,CMCSA-UNP,0.0,250000.0,22
2017-01-06,CMCSA-UNP,2049.4096145629883,250000.0,22
2017-01-09,CMCSA-UNP,-2380.411766052246,250000.0,22
2017-01-09,CSCO-PEP,0.0,250000.0,22
2017-01-10,CMCSA-UNP,-341.61328887939453,250000.0,22
2017-01-11,CMCSA-UNP,-1851.2581100463867,250000.0,22
2017-01-12,CMCSA-UNP,519.3200988769531,250000.0,22
2017-01-13,CMCSA-UNP,-4269.553787231445,250000.0,22
2017-01-27,GOOGL-MSFT,0.0,250000.0,22
2017-01-27,CVX-UNH,0.0,250000.0,22
2017-01-27,NKE-SBUX,0.0,250000.0,22
2017-01-30,GOOGL-MSFT,-1076.9094543457031,250000.0,22
2017-01-30,CVX-UNH,-2818.2108612060547,250000.0,22
2017-01-30,NKE-SBUX,-857.7692413330078,250000.0,22
2017-01-31,GOOGL-MSFT,138.13578033447266,250000.0,22
2017-01-31,CVX-UNH,-3835.217559814453,250000.0,22
2017-01-31,NKE-SBUX,-3686.5743255615234,250000.0,22
2016-12-01,AVGO-EOG,0.0,250000.0,23
2016-12-01,TXN-UNP,0.0,250000.0,23
2016-12-01,SBUX-V,0.0,250000.0,23
2016-12-02,AVGO-EOG,4510.876848220825,250000.0,23
2016-12-02,TXN-UNP,2639.016357421875,250000.0,23
2016-12-02,SBUX-V,-1307.5799980163574,250000.0,23
2016-12-05,AVGO-EOG,5598.001502990723,250000.0,23
2016-12-05,TXN-UNP,1604.035629272461,250000.0,23
2016-12-05,SBUX-V,4467.888710021973,250000.0,23
2016-12-06,AVGO-EOG,4755.126510620117,250000.0,23
2016-12-06,TXN-UNP,3211.5613861083984,250000.0,23
2016-12-06,SBUX-V,3700.3438682556152,250000.0,23
2016-12-07,TXN-UNP,-2202.8350524902344,250000.0,23
2016-12-08,TXN-UNP,-73.32302856445312,250000.0,23
2016-12-09,TXN-UNP,461.74461364746094,250000.0,23
2016-12-12,TXN-UNP,1369.1721496582031,250000.0,23
2016-12-14,SLB-UPS,0.0,250000.0,23
2016-12-15,SLB-UPS,-198.56224060058594,250000.0,23
2016-12-16,SLB-UPS,-3774.4892196655273,250000.0,23
2016-12-19,SLB-UPS,-516.4874649047852,250000.0,23
2016-12-19,RTX-SLB,0.0,250000.0,23
2016-12-20,SLB-UPS,313.0125045776367,250000.0,23
2016-12-20,RTX-SLB,656.5740966796875,250000.0,23
2016-12-21,SLB-UPS,-4483.041229248047,250000.0,23
2016-12-22,SLB-UPS,-4498.898330688477,250000.0,23
2016-12-22,MO-WMT,0.0,250000.0,23
2016-12-22,T-WMT,0.0,250000.0,23
2016-12-23,SLB-UPS,-3453.446357727051,250000.0,23
2016-12-23,MO-WMT,-229.50728607177734,250000.0,23
2016-12-23,T-WMT,-196.30915641784668,250000.0,23
2016-12-27,SLB-UPS,-2971.6660232543945,250000.0,23
2016-12-27,MO-WMT,220.3560276031494,250000.0,23
2016-12-27,T-WMT,512.0873279571533,250000.0,23
2016-12-28,SLB-UPS,-3325.870475769043,250000.0,23
2016-12-28,MO-WMT,-793.5689735412598,250000.0,23
2016-12-28,T-WMT,-671.6925182342529,250000.0,23
2016-12-29,T-WMT,-1085.1562328338623,250000.0,23
2016-12-30,T-WMT,-1370.8133220672607,250000.0,23
2016-12-30,AAPL-GOOGL,0.0,250000.0,23
2016-12-30,SBUX-V,0.0,250000.0,23
2017-01-03,T-WMT,-3842.0059394836426,250000.0,23
2017-01-03,TXN-UNP,0.0,250000.0,23
2017-01-03,EOG-UNP,0.0,250000.0,23
2017-01-04,TXN-UNP,1894.5758781433105,250000.0,23
2017-01-04,EOG-UNP,1351.7646789550781,250000.0,23
2017-01-04,HON-XOM,0.0,250000.0,23
2017-01-05,TXN-UNP,1857.1481857299805,250000.0,23
2017-01-05,EOG-UNP,-2229.3969955444336,250000.0,23
2017-01-05,MO-XOM,0.0,250000.0,23
2017-01-05,SBUX-V,0.0,250000.0,23
2017-01-05,CMCSA-UNP,0.0,250000.0,23
2017-01-06,TXN-UNP,-791.3601150512695,250000.0,23
2017-01-06,EOG-UNP,-1702.4959411621094,250000.0,23
2017-01-06,MO-XOM,-738.6168823242188,250000.0,23
2017-01-06,SBUX-V,-4828.7892990112305,250000.0,23
2017-01-06,CMCSA-UNP,2049.4096145629883,250000.0,23
2017-01-09,TXN-UNP,-3477.1369400024414,250000.0,23
2017-01-09,EOG-UNP,795.0395050048828,250000.0,23
2017-01-09,MO-XOM,-4302.348251342773,250000.0,23
2017-01-09,SBUX-V,-5609.234275817871,250000.0,23
2017-01-09,CMCSA-UNP,-2380.411766052246,250000.0,23
2017-01-09,META-PG,0.0,250000.0,23
2017-01-09,JNJ-PEP,0.0,250000.0,23
2017-01-10,TXN-UNP,-2145.0405769348145,250000.0,23
2017-01-10,EOG-UNP,2474.049560546875,250000.0,23
2017-01-10,SBUX-V,-3595.5087509155273,250000.0,23
2017-01-10,CMCSA-UNP,-341.61328887939453,250000.0,23
2017-01-10,META-PG,-2232.2371139526367,250000.0,23
2017-01-11,TXN-UNP,-2625.370429992676,250000.0,23
2017-01-11,EOG-UNP,1509.9778747558594,250000.0,23
2017-01-11,SBUX-V,-5558.022773742676,250000.0,23
2017-01-11,CMCSA-UNP,-1851.2581100463867,250000.0,23
2017-01-11,META-PG,-2926.5571517944336,250000.0,23
2017-01-12,TXN-UNP,-87.93903732299805,250000.0,23
2017-01-12,EOG-UNP,1321.817283630371,250000.0,23
2017-01-12,SBUX-V,-4088.5834197998047,250000.0,23
2017-01-12,CMCSA-UNP,519.3200988769531,250000.0,23
2017-01-12,META-PG,-3105.9885482788086,250000.0,23
2017-01-13,TXN-UNP,614.8916473388672,250000.0,23
2017-01-13,EOG-UNP,2622.7632217407227,250000.0,23
2017-01-13,SBUX-V,-3102.252227783203,250000.0,23
2017-01-13,CMCSA-UNP,-4269.553787231445,250000.0,23
2017-01-13,META-PG,-4050.2104721069336,250000.0,23
2017-01-17,TXN-UNP,-1799.1521186828613,250000.0,23
2017-01-17,EOG-UNP,-2141.04158782959,250000.0,23
2017-01-17,SBUX-V,-3687.907470703125,250000.0,23
2017-01-17,META-PG,-100.7994155883789,250000.0,23
2017-01-18,SBUX-V,-5629.608409881592,250000.0,23
2017-01-18,META-PG,1021.3585891723633,250000.0,23
2017-01-19,SBUX-V,-4910.761940002441,250000.0,23
2017-01-19,META-PG,646.1279907226562,250000.0,23
2017-01-19,TXN-UNP,0.0,250000.0,23
2017-01-20,TXN-UNP,-1810.5309295654297,250000.0,23
2017-01-20,EOG-UNP,0.0,250000.0,23
2017-01-23,TXN-UNP,3839.0900382995605,250000.0,23
2017-01-23,EOG-UNP,-2752.030258178711,250000.0,23
2017-01-24,EOG-UNP,-3977.344207763672,250000.0,23
2017-01-24,JNJ-PEP,0.0,250000.0,23
2017-01-24,SBUX-V,0.0,250000.0,23
2017-01-25,EOG-UNP,-7435.2437744140625,250000.0,23
2017-01-25,JNJ-PEP,1645.4676132202148,250000.0,23
2017-01-25,SBUX-V,-2402.4705963134766,250000.0,23
2017-01-26,EOG-UNP,-5800.709564208984,250000.0,23
2017-01-26,JNJ-PEP,1468.9314651489258,250000.0,23
2017-01-26,SBUX-V,-59.98491668701172,250000.0,23
2017-01-27,EOG-UNP,-6694.962738037109,250000.0,23
2017-01-27,SBUX-V,1861.6520690917969,250000.0,23
2017-01-30,EOG-UNP,-7448.097229003906,250000.0,23
2017-01-30,SBUX-V,2402.1369094848633,250000.0,23
2017-01-31,EOG-UNP,-3393.9877014160156,250000.0,23
2017-02-01,EOG-UNP,-7171.109161376953,250000.0,23
2017-02-01,AAPL-GOOGL,0.0,250000.0,23
2017-02-02,AAPL-GOOGL,1213.271396636963,250000.0,23
2017-02-03,AAPL-GOOGL,1068.393840789795,250000.0,23
2017-02-06,AAPL-GOOGL,-55.03636169433594,250000.0,23
2017-02-07,AAPL-GOOGL,658.8248558044434,250000.0,23
2017-02-07,EOG-UNP,0.0,250000.0,23
2017-02-08,AAPL-GOOGL,192.12170791625977,250000.0,23
2017-02-08,EOG-UNP,3233.5361251831055,250000.0,23
2017-02-09,AAPL-GOOGL,-998.8108139038086,250000.0,23
2017-02-10,AAPL-GOOGL,863.5038566589355,250000.0,23
2017-02-13,AAPL-GOOGL,589.0053558349609,250000.0,23
2017-02-14,AAPL-GOOGL,-1352.252326965332,250000.0,23
2017-02-15,AAPL-GOOGL,-2825.878219604492,250000.0,23
2017-02-15,META-PG,0.0,250000.0,23
2017-02-16,META-PG,1204.100814819336,250000.0,23
2017-02-17,META-PG,149.5682373046875,250000.0,23
2017-02-17,CMCSA-UNP,0.0,250000.0,23
2017-02-21,META-PG,-1299.3401794433594,250000.0,23
2017-02-21,CMCSA-UNP,1853.9909973144531,250000.0,23
2017-02-22,META-PG,1125.3074188232422,250000.0,23
2017-02-23,META-PG,1407.6249084472656,250000.0,23
2017-02-24,META-PG,1686.7384338378906,250000.0,23
2017-02-27,META-PG,2850.798126220703,250000.0,23
2017-02-28,META-PG,1706.6957702636719,250000.0,23
2017-01-03,TXN-UNP,0.0,250000.0,24
2017-01-04,TXN-UNP,1894.5758781433105,250000.0,24
2017-01-04,HON-XOM,0.0,250000.0,24
2017-01-05,TXN-UNP,1857.1481857299805,250000.0,24
2017-01-05,CMCSA-UNP,0.0,250000.0,24
2017-01-06,TXN-UNP,-791.3601150512695,250000.0,24
2017-01-06,CMCSA-UNP,2049.4096145629883,250000.0,24
2017-01-09,TXN-UNP,-3477.1369400024414,250000.0,24
2017-01-09,CMCSA-UNP,-2380.411766052246,250000.0,24
2017-01-09,META-PG,0.0,250000.0,24
2017-01-09,JNJ-PEP,0.0,250000.0,24
2017-01-10,TXN-UNP,-2145.0405769348145,250000.0,24
2017-01-10,CMCSA-UNP,-341.61328887939453,250000.0,24
2017-01-10,META-PG,-2232.2371139526367,250000.0,24
2017-01-11,TXN-UNP,-2625.370429992676,250000.0,24
2017-01-11,CMCSA-UNP,-1851.2581100463867,250000.0,24
2017-01-11,META-PG,-2926.5571517944336,250000.0,24
2017-01-12,TXN-UNP,-87.93903732299805,250000.0,24
2017-01-12,CMCSA-UNP,519.3200988769531,250000.0,24
2017-01-12,META-PG,-3105.9885482788086,250000.0,24
2017-01-13,TXN-UNP,614.8916473388672,250000.0,24
2017-01-13,CMCSA-UNP,-4269.553787231445,250000.0,24
2017-01-13,META-PG,-4050.2104721069336,250000.0,24
2017-01-17,TXN-UNP,-1799.1521186828613,250000.0,24
2017-01-17,META-PG,-100.7994155883789,250000.0,24
2017-01-18,META-PG,1021.3585891723633,250000.0,24
2017-01-19,META-PG,646.1279907226562,250000.0,24
2017-01-19,TXN-UNP,0.0,250000.0,24
2017-01-20,TXN-UNP,-1810.5309295654297,250000.0,24
2017-01-23,TXN-UNP,3839.0900382995605,250000.0,24
2017-01-24,JNJ-PEP,0.0,250000.0,24
2017-01-25,JNJ-PEP,1645.4676132202148,250000.0,24
2017-01-25,AXP-BA,0.0,250000.0,24
2017-01-26,JNJ-PEP,1468.9314651489258,250000.0,24
2017-01-26,AXP-BA,-2510.460205078125,250000.0,24
2017-01-27,AXP-BA,-626.4505920410156,250000.0,24
2017-01-27,CVX-UNH,0.0,250000.0,24
2017-01-30,AXP-BA,3828.8071899414062,250000.0,24
2017-01-30,CVX-UNH,-2818.2108612060547,250000.0,24
2017-01-31,AXP-BA,4373.944580078125,250000.0,24
2017-01-31,CVX-UNH,-3835.217559814453,250000.0,24
2017-02-01,AXP-BA,4678.147979736328,250000.0,24
2017-02-01,CVX-UNH,-5516.430557250977,250000.0,24
2017-02-01,AAPL-GOOGL,0.0,250000.0,24
2017-02-02,AXP-BA,6491.707870483398,250000.0,24
2017-02-02,CVX-UNH,52.3616943359375,250000.0,24
2017-02-02,AAPL-GOOGL,1213.271396636963,250000.0,24
2017-02-03,CVX-UNH,1248.5721130371094,250000.0,24
2017-02-03,AAPL-GOOGL,1068.393840789795,250000.0,24
2017-02-03,META-V,0.0,250000.0,24
2017-02-06,CVX-UNH,2076.6818923950195,250000.0,24
2017-02-06,AAPL-GOOGL,-55.03636169433594,250000.0,24
2017-02-06,META-V,1672.4105529785156,250000.0,24
2017-02-07,CVX-UNH,-1342.4965515136719,250000.0,24
2017-02-07,AAPL-GOOGL,658.8248558044434,250000.0,24
2017-02-07,META-V,1624.806884765625,250000.0,24
2017-02-08,CVX-UNH,-600.1822662353516,250000.0,24
2017-02-08,AAPL-GOOGL,192.12170791625977,250000.0,24
2017-02-09,CVX-UNH,649.6089019775391,250000.0,24
2017-02-09,AAPL-GOOGL,-998.8108139038086,250000.0,24
2017-02-09,JNJ-WMT,0.0,250000.0,24
2017-02-10,CVX-UNH,1857.8556671142578,250000.0,24
2017-02-10,AAPL-GOOGL,863.5038566589355,250000.0,24
2017-02-10,JNJ-WMT,4537.254772186279,250000.0,24
2017-02-13,CVX-UNH,1789.2458038330078,250000.0,24
2017-02-13,AAPL-GOOGL,589.0053558349609,250000.0,24
2017-02-14,AAPL-GOOGL,-1352.252326965332,250000.0,24
2017-02-15,AAPL-GOOGL,-2825.878219604492,250000.0,24
2017-02-15,META-PG,0.0,250000.0,24
2017-02-15,AVGO-CSCO,0.0,250000.0,24
2017-02-16,META-PG,1204.100814819336,250000.0,24
2017-02-16,AVGO-CSCO,-5482.720553398132,250000.0,24
2017-02-17,META-PG,149.5682373046875,250000.0,24
2017-02-17,AVGO-CSCO,-6082.104592323303,250000.0,24
2017-02-17,CMCSA-UNP,0.0,250000.0,24
2017-02-21,META-PG,-1299.3401794433594,250000.0,24
2017-02-21,CMCSA-UNP,1853.9909973144531,250000.0,24
2017-02-21,JNJ-WMT,0.0,250000.0,24
2017-02-22,META-PG,1125.3074188232422,250000.0,24
2017-02-22,JNJ-WMT,-966.1382369995117,250000.0,24
2017-02-23,META-PG,1407.6249084472656,250000.0,24
2017-02-23,JNJ-WMT,1313.000747680664,250000.0,24
2017-02-24,META-PG,1686.7384338378906,250000.0,24
2017-02-24,JNJ-WMT,-1722.2184524536133,250000.0,24
2017-02-27,META-PG,2850.798126220703,250000.0,24
2017-02-27,JNJ-WMT,417.84085845947266,250000.0,24
2017-02-28,META-PG,1706.6957702636719,250000.0,24
2017-02-28,JNJ-WMT,3174.6360473632812,250000.0,24
2017-03-01,META-PG,1493.5371704101562,250000.0,24
2017-03-02,META-PG,3057.405303955078,250000.0,24
2017-03-03,META-PG,4488.510757446289,250000.0,24
2017-03-08,CVX-UNH,0.0,250000.0,24
2017-03-08,SLB-UPS,0.0,250000.0,24
2017-03-08,EOG-TXN,0.0,250000.0,24
2017-03-09,CVX-UNH,901.6008377075195,250000.0,24
2017-03-09,SLB-UPS,1089.5356903076172,250000.0,24
2017-03-09,EOG-TXN,1441.726707458496,250000.0,24
2017-03-09,JNJ-PEP,0.0,250000.0,24
2017-03-10,CVX-UNH,-638.0497589111328,250000.0,24
2017-03-10,SLB-UPS,-897.495246887207,250000.0,24
2017-03-10,EOG-TXN,-3155.079936981201,250000.0,24
2017-03-10,JNJ-PEP,931.8015975952148,250000.0,24
2017-03-10,AXP-BA,0.0,250000.0,24
2017-03-13,CVX-UNH,-4058.6884536743164,250000.0,24
2017-03-13,SLB-UPS,-2942.60782623291,250000.0,24
2017-03-13,JNJ-PEP,-159.28173828125,250000.0,24
2017-03-13,AXP-BA,1151.0260620117188,250000.0,24
2017-03-13,ADBE-MRK,0.0,250000.0,24
2017-03-14,SLB-UPS,-1904.4160842895508,250000.0,24
2017-03-14,JNJ-PEP,-853.8679656982422,250000.0,24
2017-03-14,AXP-BA,-1163.776870727539,250000.0,24
2017-03-14,ADBE-MRK,590.0636749267578,250000.0,24
2017-03-15,SLB-UPS,592.9402084350586,250000.0,24
2017-03-15,JNJ-PEP,448.01051330566406,250000.0,24
2017-03-15,AXP-BA,597.5341796875,250000.0,24
2017-03-15,ADBE-MRK,1802.6705627441406,250000.0,24
2017-03-16,SLB-UPS,-1040.4141845703125,250000.0,24
2017-03-16,JNJ-PEP,1238.4329147338867,250000.0,24
2017-03-16,AXP-BA,-2230.353729248047,250000.0,24
2017-03-16,ADBE-MRK,-487.02931213378906,250000.0,24
2017-03-16,ORCL-TJX,0.0,250000.0,24
2017-03-17,SLB-UPS,-2116.3153915405273,250000.0,24
2017-03-17,JNJ-PEP,2389.077102661133,250000.0,24
2017-03-17,ADBE-MRK,-6694.783905029297,250000.0,24
2017-03-17,ORCL-TJX,147.73659133911133,250000.0,24
2017-03-20,SLB-UPS,-1247.5861282348633,250000.0,24
2017-03-20,JNJ-PEP,1824.285171508789,250000.0,24
2017-03-20,ADBE-MRK,-5107.8914794921875,250000.0,24
2017-03-20,ORCL-TJX,-2226.69287109375,250000.0,24
2017-03-21,SLB-UPS,-377.3108139038086,250000.0,24
2017-03-21,ADBE-MRK,-4525.692199707031,250000.0,24
2017-03-21,ORCL-TJX,-1687.8242454528809,250000.0,24
2017-03-21,AAPL-GOOGL,0.0,250000.0,24
2017-03-22,SLB-UPS,-1171.5505752563477,250000.0,24
2017-03-22,ORCL-TJX,153.32340621948242,250000.0,24
2017-03-22,AAPL-GOOGL,-1075.362678527832,250000.0,24
2017-03-23,ORCL-TJX,-847.0610694885254,250000.0,24
2017-03-23,AAPL-GOOGL,-3751.2314834594727,250000.0,24
2017-03-24,ORCL-TJX,-214.00360870361328,250000.0,24
2017-03-27,ORCL-TJX,-867.3885154724121,250000.0,24
2017-03-28,ORCL-TJX,585.1745986938477,250000.0,24
2017-03-28,CMCSA-UNP,0.0,250000.0,24
2017-03-29,CMCSA-UNP,358.87398529052734,250000.0,24
2017-03-29,AVGO-CSCO,0.0,250000.0,24
2017-03-30,CMCSA-UNP,-1639.7004680633545,250000.0,24
2017-03-30,AVGO-CSCO,750.1924514770508,250000.0,24
2017-03-30,JNJ-WMT,0.0,250000.0,24
2017-03-30,SLB-UPS,0.0,250000.0,24
2017-03-30,PEP-WMT,0.0,250000.0,24
2017-03-31,CMCSA-UNP,1114.552562713623,250000.0,24
2017-03-31,AVGO-CSCO,1832.6222972869873,250000.0,24
2017-03-31,JNJ-WMT,-1766.0138778686523,250000.0,24
2017-03-31,SLB-UPS,-707.6521186828613,250000.0,24
2017-03-31,PEP-WMT,-1909.6593780517578,250000.0,24
2017-02-01,MPC-UPS,0.0,250000.0,25
2017-02-02,MPC-UPS,-985.3898162841797,250000.0,25
2017-02-03,MPC-UPS,2867.119155883789,250000.0,25
2017-02-06,MPC-UPS,321.8893737792969,250000.0,25
2017-02-07,MPC-UPS,352.4783477783203,250000.0,25
2017-02-07,EOG-UNP,0.0,250000.0,25
2017-02-08,MPC-UPS,-989.0909118652344,250000.0,25
2017-02-08,EOG-UNP,3233.5361251831055,250000.0,25
2017-02-09,MPC-UPS,-1949.5203094482422,250000.0,25
2017-02-09,JNJ-WMT,0.0,250000.0,25
2017-02-10,MPC-UPS,-295.0978240966797,250000.0,25
2017-02-10,JNJ-WMT,4537.254772186279,250000.0,25
2017-02-13,MPC-UPS,2167.9000244140625,250000.0,25
2017-02-13,CAT-TMUS,0.0,250000.0,25
2017-02-14,MPC-UPS,1168.0917510986328,250000.0,25
2017-02-14,CAT-TMUS,4469.468349456787,250000.0,25
2017-02-15,MPC-UPS,1904.6324005126953,250000.0,25
2017-02-15,CAT-TMUS,-382.6257667541504,250000.0,25
2017-02-15,CSCO-MRK,0.0,250000.0,25
2017-02-16,MPC-UPS,999.5105438232422,250000.0,25
2017-02-16,CAT-TMUS,-256.0132484436035,250000.0,25
2017-02-16,CSCO-MRK,-4524.567819595337,250000.0,25
2017-02-17,MPC-UPS,109.70452880859375,250000.0,25
2017-02-17,CAT-TMUS,11033.53762435913,250000.0,25
2017-02-17,CSCO-MRK,-4906.792854309082,250000.0,25
2017-02-21,MPC-UPS,1321.5795135498047,250000.0,25
2017-02-21,CAT-TMUS,10997.896789550781,250000.0,25
2017-02-21,CSCO-MRK,-7015.472410202026,250000.0,25
2017-02-21,JNJ-WMT,0.0,250000.0,25
2017-02-22,CAT-TMUS,10116.029277801514,250000.0,25
2017-02-22,JNJ-WMT,-966.1382369995117,250000.0,25
2017-02-23,JNJ-WMT,1313.000747680664,250000.0,25
2017-02-24,JNJ-WMT,-1722.2184524536133,250000.0,25
2017-02-27,JNJ-WMT,417.84085845947266,250000.0,25
2017-02-27,MPC-MSFT,0.0,250000.0,25
2017-02-28,JNJ-WMT,3174.6360473632812,250000.0,25
2017-03-08,SLB-UPS,0.0,250000.0,25
2017-03-08,MPC-SLB,0.0,250000.0,25
2017-03-08,RTX-SLB,0.0,250000.0,25
2017-03-09,SLB-UPS,1089.5356903076172,250000.0,25
2017-03-09,RTX-SLB,1700.698818206787,250000.0,25
2017-03-10,SLB-UPS,-897.495246887207,250000.0,25
2017-03-10,RTX-SLB,1412.5668601989746,250000.0,25
2017-03-10,MPC-UPS,0.0,250000.0,25
2017-03-10,AXP-BA,0.0,250000.0,25
2017-03-13,SLB-UPS,-2942.60782623291,250000.0,25
2017-03-13,RTX-SLB,885.3181648254395,250000.0,25
2017-03-13,AXP-BA,1151.0260620117188,250000.0,25
2017-03-13,CSCO-MRK,0.0,250000.0,25
2017-03-14,SLB-UPS,-1904.4160842895508,250000.0,25
2017-03-14,RTX-SLB,798.5242729187012,250000.0,25
2017-03-14,AXP-BA,-1163.776870727539,250000.0,25
2017-03-14,CSCO-MRK,99.62632751464844,250000.0,25
2017-03-15,SLB-UPS,592.9402084350586,250000.0,25
2017-03-15,AXP-BA,597.5341796875,250000.0,25
2017-03-15,CSCO-MRK,1476.9391326904297,250000.0,25
2017-03-16,SLB-UPS,-1040.4141845703125,250000.0,25
2017-03-16,AXP-BA,-2230.353729248047,250000.0,25
2017-03-16,CSCO-MRK,-501.62872314453125,250000.0,25
2017-03-16,ORCL-TJX,0.0,250000.0,25
2017-03-17,SLB-UPS,-2116.3153915405273,250000.0,25
2017-03-17,CSCO-MRK,-1592.6992950439453,250000.0,25
2017-03-17,ORCL-TJX,147.73659133911133,250000.0,25
2017-03-20,SLB-UPS,-1247.5861282348633,250000.0,25
2017-03-20,CSCO-MRK,-1012.3155975341797,250000.0,25
2017-03-20,ORCL-TJX,-2226.69287109375,250000.0,25
2017-03-21,SLB-UPS,-377.3108139038086,250000.0,25
2017-03-21,CSCO-MRK,111.4515380859375,250000.0,25
2017-03-21,ORCL-TJX,-1687.8242454528809,250000.0,25
2017-03-22,SLB-UPS,-1171.5505752563477,250000.0,25
2017-03-22,CSCO-MRK,-2532.7174224853516,250000.0,25
2017-03-22,ORCL-TJX,153.32340621948242,250000.0,25
2017-03-23,CSCO-MRK,-2723.8858032226562,250000.0,25
2017-03-23,ORCL-TJX,-847.0610694885254,250000.0,25
2017-03-24,CSCO-MRK,-3684.576156616211,250000.0,25
2017-03-24,ORCL-TJX,-214.00360870361328,250000.0,25
2017-03-27,CSCO-MRK,-3217.303939819336,250000.0,25
2017-03-27,ORCL-TJX,-867.3885154724121,250000.0,25
2017-03-28,ORCL-TJX,585.1745986938477,250000.0,25
2017-03-30,JNJ-WMT,0.0,250000.0,25
2017-03-30,SLB-UPS,0.0,250000.0,25
2017-03-31,JNJ-WMT,-1766.0138778686523,250000.0,25
2017-03-31,SLB-UPS,-707.6521186828613,250000.0,25
2017-04-03,JNJ-WMT,-822.9552726745605,250000.0,25
2017-04-03,SLB-UPS,182.75436782836914,250000.0,25
2017-04-04,JNJ-WMT,-1456.5042991638184,250000.0,25
2017-04-04,SLB-UPS,1197.2935409545898,250000.0,25
2017-04-05,JNJ-WMT,-139.3968276977539,250000.0,25
2017-04-05,SLB-UPS,1213.6305198669434,250000.0,25
2017-04-06,JNJ-WMT,754.1109313964844,250000.0,25
2017-04-07,JNJ-WMT,-4443.955944061279,250000.0,25
2017-04-10,JNJ-WMT,-5293.3699378967285,250000.0,25
2017-04-17,LLY-PEP,0.0,250000.0,25
2017-04-18,LLY-PEP,-3628.790672302246,250000.0,25
2017-04-18,MPC-RTX,0.0,250000.0,25
2017-04-19,LLY-PEP,-2570.045852661133,250000.0,25
2017-04-19,MPC-RTX,-244.35555267333984,250000.0,25
2017-04-20,LLY-PEP,-1159.1393356323242,250000.0,25
2017-04-20,MPC-RTX,-1718.1693115234375,250000.0,25
2017-04-21,LLY-PEP,-870.2244873046875,250000.0,25
2017-04-21,MPC-MSFT,0.0,250000.0,25
2017-04-24,LLY-PEP,-873.8979263305664,250000.0,25
2017-04-24,MPC-MSFT,-1959.1279640197754,250000.0,25
2017-04-25,LLY-PEP,-3364.2048568725586,250000.0,25
2017-04-26,LLY-PEP,-1840.7416534423828,250000.0,25
2017-04-27,LLY-PEP,155.19357299804688,250000.0,25
2017-04-28,LLY-PEP,-321.6813201904297,250000.0,25
2017-03-08,COP-UNH,0.0,250000.0,26
2017-03-08,SLB-UPS,0.0,250000.0,26
2017-03-08,EOG-TXN,0.0,250000.0,26
2017-03-09,COP-UNH,2143.216049194336,250000.0,26
2017-03-09,SLB-UPS,1089.5356903076172,250000.0,26
2017-03-09,EOG-TXN,1441.726707458496,250000.0,26
2017-03-10,COP-UNH,-4046.3115005493164,250000.0,26
2017-03-10,SLB-UPS,-897.495246887207,250000.0,26
2017-03-10,EOG-TXN,-3155.079936981201,250000.0,26
2017-03-13,COP-UNH,-3704.9420471191406,250000.0,26
2017-03-13,SLB-UPS,-2942.60782623291,250000.0,26
2017-03-13,CSCO-MRK,0.0,250000.0,26
2017-03-14,COP-UNH,-5612.366752624512,250000.0,26
2017-03-14,SLB-UPS,-1904.4160842895508,250000.0,26
2017-03-14,CSCO-MRK,99.62632751464844,250000.0,26
2017-03-15,COP-UNH,-6041.777984619141,250000.0,26
2017-03-15,SLB-UPS,592.9402084350586,250000.0,26
2017-03-15,CSCO-MRK,1476.9391326904297,250000.0,26
2017-03-16,COP-UNH,-5327.3126220703125,250000.0,26
2017-03-16,SLB-UPS,-1040.4141845703125,250000.0,26
2017-03-16,CSCO-MRK,-501.62872314453125,250000.0,26
2017-03-16,ORCL-TJX,0.0,250000.0,26
2017-03-17,COP-UNH,-3549.072784423828,250000.0,26
2017-03-17,SLB-UPS,-2116.3153915405273,250000.0,26
2017-03-17,CSCO-MRK,-1592.6992950439453,250000.0,26
2017-03-17,ORCL-TJX,147.73659133911133,250000.0,26
2017-03-17,HON-MO,0.0,250000.0,26
2017-03-20,COP-UNH,-335.0191955566406,250000.0,26
2017-03-20,SLB-UPS,-1247.5861282348633,250000.0,26
2017-03-20,CSCO-MRK,-1012.3155975341797,250000.0,26
2017-03-20,ORCL-TJX,-2226.69287109375,250000.0,26
2017-03-21,COP-UNH,-2623.0000534057617,250000.0,26
2017-03-21,SLB-UPS,-377.3108139038086,250000.0,26
2017-03-21,CSCO-MRK,111.4515380859375,250000.0,26
2017-03-21,ORCL-TJX,-1687.8242454528809,250000.0,26
2017-03-22,COP-UNH,-3757.213623046875,250000.0,26
2017-03-22,SLB-UPS,-1171.5505752563477,250000.0,26
2017-03-22,CSCO-MRK,-2532.7174224853516,250000.0,26
2017-03-22,ORCL-TJX,153.32340621948242,250000.0,26
2017-03-23,CSCO-MRK,-2723.8858032226562,250000.0,26
2017-03-23,ORCL-TJX,-847.0610694885254,250000.0,26
2017-03-24,CSCO-MRK,-3684.576156616211,250000.0,26
2017-03-24,ORCL-TJX,-214.00360870361328,250000.0,26
2017-03-27,CSCO-MRK,-3217.303939819336,250000.0,26
2017-03-27,ORCL-TJX,-867.3885154724121,250000.0,26
2017-03-28,ORCL-TJX,585.1745986938477,250000.0,26
2017-03-30,SLB-UPS,0.0,250000.0,26
2017-03-30,JNJ-WMT,0.0,250000.0,26
2017-03-31,SLB-UPS,-707.6521186828613,250000.0,26
2017-03-31,JNJ-WMT,-1766.0138778686523,250000.0,26
2017-04-03,SLB-UPS,182.75436782836914,250000.0,26
2017-04-03,JNJ-WMT,-822.9552726745605,250000.0,26
2017-04-04,SLB-UPS,1197.2935409545898,250000.0,26
2017-04-04,JNJ-WMT,-1456.5042991638184,250000.0,26
2017-04-04,LLY-TMO,0.0,250000.0,26
2017-04-04,MDLZ-TMO,0.0,250000.0,26
2017-04-05,SLB-UPS,1213.6305198669434,250000.0,26
2017-04-05,JNJ-WMT,-139.3968276977539,250000.0,26
2017-04-05,LLY-TMO,745.8255004882812,250000.0,26
2017-04-05,MDLZ-TMO,-1191.981948852539,250000.0,26
2017-04-06,JNJ-WMT,754.1109313964844,250000.0,26
2017-04-06,LLY-TMO,1456.1964111328125,250000.0,26
2017-04-06,MDLZ-TMO,-1109.7232208251953,250000.0,26
2017-04-07,JNJ-WMT,-4443.955944061279,250000.0,26
2017-04-07,LLY-TMO,1777.243782043457,250000.0,26
2017-04-07,MDLZ-TMO,-1007.8215637207031,250000.0,26
2017-04-10,JNJ-WMT,-5293.3699378967285,250000.0,26
2017-04-10,LLY-TMO,2111.679084777832,250000.0,26
2017-04-10,MDLZ-TMO,-954.4901885986328,250000.0,26
2017-04-11,LLY-TMO,482.1859817504883,250000.0,26
2017-04-11,MDLZ-TMO,-1126.308853149414,250000.0,26
2017-04-11,META-PG,0.0,250000.0,26
2017-04-12,LLY-TMO,-662.1243743896484,250000.0,26
2017-04-12,MDLZ-TMO,-2551.6831817626953,250000.0,26
2017-04-12,META-PG,-1726.173698425293,250000.0,26
2017-04-13,LLY-TMO,-573.1881713867188,250000.0,26
2017-04-13,MDLZ-TMO,-2209.84912109375,250000.0,26
2017-04-13,META-PG,-1117.8773498535156,250000.0,26
2017-04-17,META-PG,-290.92162322998047,250000.0,26
2017-04-17,LLY-PEP,0.0,250000.0,26
2017-04-18,META-PG,-1846.7056884765625,250000.0,26
2017-04-18,LLY-PEP,-3628.790672302246,250000.0,26
2017-04-19,META-PG,764.3890151977539,250000.0,26
2017-04-19,LLY-PEP,-2570.045852661133,250000.0,26
2017-04-20,LLY-PEP,-1159.1393356323242,250000.0,26
2017-04-21,LLY-PEP,-870.2244873046875,250000.0,26
2017-04-21,HON-MO,0.0,250000.0,26
2017-04-24,LLY-PEP,-873.8979263305664,250000.0,26
2017-04-24,HON-MO,-2625.7050704956055,250000.0,26
2017-04-25,LLY-PEP,-3364.2048568725586,250000.0,26
2017-04-25,HON-MO,-1887.5153503417969,250000.0,26
2017-04-26,LLY-PEP,-1840.7416534423828,250000.0,26
2017-04-26,HON-MO,-6995.921691894531,250000.0,26
2017-04-26,LLY-TMO,0.0,250000.0,26
2017-04-27,LLY-PEP,155.19357299804688,250000.0,26
2017-04-27,HON-MO,-6406.238700866699,250000.0,26
2017-04-27,LLY-TMO,2612.4011840820312,250000.0,26
2017-04-28,LLY-PEP,-321.6813201904297,250000.0,26
2017-04-28,HON-MO,-8508.937995910645,250000.0,26
2017-04-28,LLY-TMO,5959.533599853516,250000.0,26
2017-05-01,LLY-PEP,1576.8098907470703,250000.0,26
2017-05-01,LLY-TMO,3610.2905883789062,250000.0,26
2017-05-01,MDLZ-XOM,0.0,250000.0,26
2017-05-02,LLY-PEP,1401.0061798095703,250000.0,26
2017-05-02,LLY-TMO,2457.88623046875,250000.0,26
2017-05-02,MDLZ-XOM,-976.1419982910156,250000.0,26
2017-05-03,LLY-PEP,1927.6070175170898,250000.0,26
2017-05-03,LLY-TMO,59.07447814941406,250000.0,26
2017-05-03,MDLZ-XOM,1101.713954925537,250000.0,26
2017-05-04,LLY-PEP,1639.3488082885742,250000.0,26
2017-05-04,LLY-TMO,592.3828582763672,250000.0,26
2017-05-05,LLY-PEP,386.96302795410156,250000.0,26
2017-05-05,LLY-TMO,-1756.4483642578125,250000.0,26
2017-05-08,LLY-TMO,-4060.2349243164062,250000.0,26
2017-05-09,LLY-TMO,-6418.388641357422,250000.0,26
2017-05-10,LLY-TMO,-4241.384826660156,250000.0,26
2017-05-10,ORCL-TJX,0.0,250000.0,26
2017-05-16,ORCL-TJX,0.0,250000.0,26
2017-05-16,JNJ-WMT,0.0,250000.0,26
2017-05-17,ORCL-TJX,5116.181449890137,250000.0,26
2017-05-17,JNJ-WMT,1610.779546737671,250000.0,26
2017-05-18,ORCL-TJX,4229.080554962158,250000.0,26
2017-05-18,CSCO-MRK,0.0,250000.0,26
2017-05-19,ORCL-TJX,3293.7597122192383,250000.0,26
2017-05-19,CSCO-MRK,-33.04866027832031,250000.0,26
2017-05-22,ORCL-TJX,6239.783332824707,250000.0,26
2017-05-22,CSCO-MRK,-14.389411926269531,250000.0,26
2017-05-23,ORCL-TJX,3335.1313972473145,250000.0,26
2017-05-23,CSCO-MRK,-1546.2596588134766,250000.0,26
2017-05-24,ORCL-TJX,1514.2229957580566,250000.0,26
2017-05-24,CSCO-MRK,-3768.889503479004,250000.0,26
2017-05-25,ORCL-TJX,5600.592712402344,250000.0,26
2017-05-25,CSCO-MRK,-4335.535377502441,250000.0,26
2017-05-25,CAT-MPC,0.0,250000.0,26
2017-05-26,ORCL-TJX,6047.020008087158,250000.0,26
2017-05-26,CSCO-MRK,-3702.5142517089844,250000.0,26
2017-05-26,CAT-MPC,1067.1218338012695,250000.0,26
2017-05-30,ORCL-TJX,3486.7852058410645,250000.0,26
2017-05-30,CSCO-MRK,-3055.3887939453125,250000.0,26
2017-05-30,CAT-MPC,-632.6055030822754,250000.0,26
2017-05-31,ORCL-TJX,4754.874557495117,250000.0,26
2017-05-31,CSCO-MRK,-4364.1187744140625,250000.0,26
2017-05-31,CAT-MPC,-2400.141242980957,250000.0,26
2017-04-04,MDLZ-TMO,0.0,250000.0,27
2017-04-05,MDLZ-TMO,-1191.981948852539,250000.0,27
2017-04-05,MDLZ-T,0.0,250000.0,27
2017-04-05,MDLZ-PG,0.0,250000.0,27
2017-04-06,MDLZ-TMO,-1109.7232208251953,250000.0,27
2017-04-06,MDLZ-T,-2031.0296058654785,250000.0,27
2017-04-06,MDLZ-PG,-1848.4422569274902,250000.0,27
2017-04-07,MDLZ-TMO,-1007.8215637207031,250000.0,27
2017-04-07,MDLZ-T,-2395.040126800537,250000.0,27
2017-04-07,MDLZ-PG,-2506.0569038391113,250000.0,27
2017-04-10,MDLZ-TMO,-954.4901885986328,250000.0,27
2017-04-10,MDLZ-PG,-2365.9268074035645,250000.0,27
2017-04-11,MDLZ-TMO,-1126.308853149414,250000.0,27
2017-04-11,MDLZ-PG,-604.7392425537109,250000.0,27
2017-04-12,MDLZ-TMO,-2551.6831817626953,250000.0,27
2017-04-12,MDLZ-PG,-61.08695983886719,250000.0,27
2017-04-12,ABT-PEP,0.0,250000.0,27
2017-04-13,MDLZ-TMO,-2209.84912109375,250000.0,27
2017-04-13,MDLZ-PG,87.32513809204102,250000.0,27
2017-04-13,ABT-PEP,-17.778671264648438,250000.0,27
2017-04-17,MDLZ-TMO,49.21844482421875,250000.0,27
2017-04-17,MDLZ-PG,822.9053344726562,250000.0,27
2017-04-17,ABT-PEP,204.88162994384766,250000.0,27
2017-04-17,LLY-PEP,0.0,250000.0,27
2017-04-18,MDLZ-PG,373.93190002441406,250000.0,27
2017-04-18,ABT-PEP,-1601.1359024047852,250000.0,27
2017-04-18,LLY-PEP,-3628.790672302246,250000.0,27
2017-04-19,ABT-PEP,258.3069076538086,250000.0,27
2017-04-19,LLY-PEP,-2570.045852661133,250000.0,27
2017-04-20,ABT-PEP,1317.8705749511719,250000.0,27
2017-04-20,LLY-PEP,-1159.1393356323242,250000.0,27
2017-04-21,ABT-PEP,523.3856964111328,250000.0,27
2017-04-21,LLY-PEP,-870.2244873046875,250000.0,27
2017-04-24,ABT-PEP,94.24633026123047,250000.0,27
2017-04-24,LLY-PEP,-873.8979263305664,250000.0,27
2017-04-25,ABT-PEP,-496.51819610595703,250000.0,27
2017-04-25,LLY-PEP,-3364.2048568725586,250000.0,27
2017-04-26,ABT-PEP,1431.2407836914062,250000.0,27
2017-04-26,LLY-PEP,-1840.7416534423828,250000.0,27
2017-04-27,LLY-PEP,155.19357299804688,250000.0,27
2017-04-28,LLY-PEP,-321.6813201904297,250000.0,27
2017-05-01,LLY-PEP,1576.8098907470703,250000.0,27
2017-05-01,MDLZ-XOM,0.0,250000.0,27
2017-05-01,CSCO-META,0.0,250000.0,27
2017-05-02,LLY-PEP,1401.0061798095703,250000.0,27
2017-05-02,MDLZ-XOM,-976.1419982910156,250000.0,27
2017-05-02,CSCO-META,1508.1676940917969,250000.0,27
2017-05-03,LLY-PEP,1927.6070175170898,250000.0,27
2017-05-03,MDLZ-XOM,1101.713954925537,250000.0,27
2017-05-04,LLY-PEP,1639.3488082885742,250000.0,27
2017-05-05,LLY-PEP,386.96302795410156,250000.0,27
2017-05-17,MPC-UNP,0.0,250000.0,27
2017-05-17,CSCO-META,0.0,250000.0,27
2017-05-18,MPC-UNP,1596.3224334716797,250000.0,27
2017-05-18,MDLZ-ORCL,0.0,250000.0,27
2017-05-19,MPC-UNP,-415.4319381713867,250000.0,27
2017-05-19,MDLZ-ORCL,178.91427612304688,250000.0,27
2017-05-22,MPC-UNP,985.4682998657227,250000.0,27
2017-05-22,MDLZ-ORCL,1670.7281913757324,250000.0,27
2017-05-23,MPC-UNP,1169.768653869629,250000.0,27
2017-05-23,MDLZ-ORCL,1325.028060913086,250000.0,27
2017-05-24,MPC-UNP,1179.821060180664,250000.0,27
2017-05-24,MDLZ-ORCL,2802.712245941162,250000.0,27
2017-05-25,MPC-UNP,6507.832664489746,250000.0,27
2017-05-25,MDLZ-ORCL,4543.790660858154,250000.0,27
2017-05-30,MDLZ-UPS,0.0,250000.0,27
2017-05-31,MDLZ-UPS,2059.8958892822266,250000.0,27
2017-06-01,MDLZ-UPS,-1748.464126586914,250000.0,27
2017-06-02,MDLZ-UPS,-1673.7769813537598,250000.0,27
2017-06-05,MDLZ-UPS,-2406.7473678588867,250000.0,27
2017-06-06,MDLZ-UPS,-1267.2758827209473,250000.0,27
2017-06-07,MDLZ-UPS,467.63271713256836,250000.0,27
2017-06-08,MDLZ-UPS,152.7112808227539,250000.0,27
2017-06-09,MDLZ-UPS,-817.2137985229492,250000.0,27
2017-06-12,MDLZ-UPS,-5389.737995147705,250000.0,27
2017-06-13,MDLZ-UPS,-7409.150787353516,250000.0,27
2017-05-01,CSCO-META,0.0,250000.0,28
2017-05-02,CSCO-META,1508.1676940917969,250000.0,28
2017-05-11,MPC-MSFT,0.0,250000.0,28
2017-05-11,CAT-MSFT,0.0,250000.0,28
2017-05-12,MPC-MSFT,-752.8346939086914,250000.0,28
2017-05-12,CAT-MSFT,123.2205810546875,250000.0,28
2017-05-15,MPC-MSFT,-2541.695556640625,250000.0,28
2017-05-15,CAT-MSFT,-2230.6249237060547,250000.0,28
2017-05-16,MPC-MSFT,3968.2496490478516,250000.0,28
2017-05-17,MPC-MSFT,-1872.9738693237305,250000.0,28
2017-05-17,CSCO-META,0.0,250000.0,28
2017-05-17,MPC-UNP,0.0,250000.0,28
2017-05-18,MPC-MSFT,-709.3619766235352,250000.0,28
2017-05-18,MPC-UNP,1596.3224334716797,250000.0,28
2017-05-18,MDLZ-ORCL,0.0,250000.0,28
2017-05-19,MPC-MSFT,-3218.0767517089844,250000.0,28
2017-05-19,MPC-UNP,-415.4319381713867,250000.0,28
2017-05-19,MDLZ-ORCL,178.91427612304688,250000.0,28
2017-05-22,MPC-MSFT,-1006.9722595214844,250000.0,28
2017-05-22,MPC-UNP,985.4682998657227,250000.0,28
2017-05-22,MDLZ-ORCL,1670.7281913757324,250000.0,28
2017-05-23,MPC-MSFT,-452.28367614746094,250000.0,28
2017-05-23,MPC-UNP,1169.768653869629,250000.0,28
2017-05-23,MDLZ-ORCL,1325.028060913086,250000.0,28
2017-05-24,MPC-MSFT,-266.71248626708984,250000.0,28
2017-05-24,MPC-UNP,1179.821060180664,250000.0,28
2017-05-24,MDLZ-ORCL,2802.712245941162,250000.0,28
2017-05-25,MPC-UNP,6507.832664489746,250000.0,28
2017-05-25,MDLZ-ORCL,4543.790660858154,250000.0,28
2017-05-26,MDLZ-ORCL,4959.048503875732,250000.0,28
2017-05-31,MDLZ-PEP,0.0,250000.0,28
2017-06-01,MDLZ-PEP,-561.5484313964844,250000.0,28
2017-06-02,MDLZ-PEP,-508.14881134033203,250000.0,28
2017-06-02,CAT-MSFT,0.0,250000.0,28
2017-06-05,MDLZ-PEP,643.4860076904297,250000.0,28
2017-06-05,CAT-MSFT,-2865.152877807617,250000.0,28
2017-06-06,MDLZ-PEP,961.2841110229492,250000.0,28
2017-06-06,CAT-MSFT,-4614.48210144043,250000.0,28
2017-06-09,MPC-MSFT,0.0,250000.0,28
2017-06-09,MDLZ-PSX,0.0,250000.0,28
2017-06-12,MPC-MSFT,-880.7460021972656,250000.0,28
2017-06-12,MDLZ-PSX,-1917.3417587280273,250000.0,28
2017-06-13,MPC-MSFT,-211.89250946044922,250000.0,28
2017-06-13,MDLZ-PSX,-3337.210250854492,250000.0,28
2017-06-14,MPC-MSFT,5708.821815490723,250000.0,28
2017-06-15,MPC-MSFT,5951.627746582031,250000.0,28
2017-06-16,MPC-MSFT,2931.0633544921875,250000.0,28
2017-06-19,MPC-MSFT,3773.080307006836,250000.0,28
2017-06-20,MPC-MSFT,6593.207405090332,250000.0,28
2017-06-20,MDLZ-ORCL,0.0,250000.0,28
2017-06-21,MDLZ-ORCL,-2845.0835609436035,250000.0,28
2017-06-23,MDLZ-ORCL,0.0,250000.0,28
2017-06-26,MDLZ-ORCL,441.5338439941406,250000.0,28
2017-06-27,MDLZ-ORCL,-2350.1112937927246,250000.0,28
2017-06-28,MDLZ-ORCL,-2003.4640655517578,250000.0,28
2017-06-29,MDLZ-ORCL,-2026.1254539489746,250000.0,28
2017-06-30,MDLZ-ORCL,-1479.908405303955,250000.0,28
2017-07-03,MDLZ-ORCL,2383.0681495666504,250000.0,28
2017-07-05,MDLZ-ORCL,1604.6456031799316,250000.0,28
2017-07-06,MDLZ-ORCL,4381.607528686523,250000.0,28
2017-07-07,MDLZ-ORCL,2504.046443939209,250000.0,28
2017-07-20,MPC-UNP,0.0,250000.0,28
2017-07-21,MPC-UNP,-2943.4098358154297,250000.0,28
2017-07-24,MPC-UNP,-6089.785675048828,250000.0,28
2017-07-25,MPC-UNP,-3749.0418548583984,250000.0,28
2017-07-26,MPC-UNP,-4456.883033752441,250000.0,28
2017-06-02,MDLZ-ORCL,0.0,250000.0,29
2017-06-05,MDLZ-ORCL,2158.625087738037,250000.0,29
2017-06-05,MRK-V,0.0,250000.0,29
2017-06-06,MDLZ-ORCL,1196.8114929199219,250000.0,29
2017-06-06,MRK-V,1143.6089973449707,250000.0,29
2017-06-07,MDLZ-ORCL,240.73025512695312,250000.0,29
2017-06-07,MRK-V,-889.3075485229492,250000.0,29
2017-06-08,MDLZ-ORCL,1781.9017295837402,250000.0,29
2017-06-08,MRK-V,-2660.4890937805176,250000.0,29
2017-06-09,MDLZ-PSX,0.0,250000.0,29
2017-06-09,COP-CVX,0.0,250000.0,29
2017-06-12,MDLZ-PSX,-1917.3417587280273,250000.0,29
2017-06-12,COP-CVX,-2274.592586517334,250000.0,29
2017-06-13,MDLZ-PSX,-3337.210250854492,250000.0,29
2017-06-13,COP-CVX,-1241.2546119689941,250000.0,29
2017-06-14,COP-CVX,582.0728645324707,250000.0,29
2017-06-15,COP-CVX,1163.7526245117188,250000.0,29
2017-06-15,MRK-PG,0.0,250000.0,29
2017-06-16,COP-CVX,-1582.6209182739258,250000.0,29
2017-06-16,MRK-PG,-961.6661224365234,250000.0,29
2017-06-19,COP-CVX,209.93433380126953,250000.0,29
2017-06-19,MRK-PG,-944.8274230957031,250000.0,29
2017-06-20,COP-CVX,1565.2992553710938,250000.0,29
2017-06-20,MRK-PG,388.06835174560547,250000.0,29
2017-06-22,MDLZ-ORCL,0.0,250000.0,29
2017-06-23,MDLZ-ORCL,-3054.867160797119,250000.0,29
2017-06-26,MDLZ-ORCL,-2607.606243133545,250000.0,29
2017-06-27,MDLZ-ORCL,-5326.826679229736,250000.0,29
2017-06-28,MDLZ-ORCL,-5006.18643951416,250000.0,29
2017-06-28,AXP-JPM,0.0,250000.0,29
2017-06-29,MDLZ-ORCL,-4921.209365844727,250000.0,29
2017-06-29,AXP-JPM,-4224.400764465332,250000.0,29
2017-06-30,MDLZ-ORCL,-4376.118103027344,250000.0,29
2017-06-30,AXP-JPM,-3981.768196105957,250000.0,29
2017-06-30,NKE-PFE,0.0,250000.0,29
2017-07-03,MDLZ-ORCL,-464.2093315124512,250000.0,29
2017-07-03,NKE-PFE,2304.508617401123,250000.0,29
2017-07-05,MDLZ-ORCL,-1243.3440856933594,250000.0,29
2017-07-05,NKE-PFE,2810.809711456299,250000.0,29
2017-07-06,MDLZ-ORCL,1576.6769905090332,250000.0,29
2017-07-06,NKE-PFE,362.59477615356445,250000.0,29
2017-07-07,NKE-PFE,-58.74658966064453,250000.0,29
2017-07-10,NKE-PFE,-882.3677215576172,250000.0,29
2017-07-11,NKE-PFE,-1737.0480461120605,250000.0,29
2017-07-12,NKE-PFE,-1432.5912246704102,250000.0,29
2017-07-13,NKE-PFE,-511.9412612915039,250000.0,29
2017-07-14,NKE-PFE,502.7968292236328,250000.0,29
2017-07-18,MDLZ-TMO,0.0,250000.0,29
2017-07-18,NFLX-TMUS,0.0,250000.0,29
2017-07-19,MDLZ-TMO,-597.3140068054199,250000.0,29
2017-07-19,NFLX-TMUS,2244.2815475463867,250000.0,29
2017-07-19,TXN-UNP,0.0,250000.0,29
2017-07-20,NFLX-TMUS,-1099.4728164672852,250000.0,29
2017-07-20,HD-HON,0.0,250000.0,29
2017-07-20,MDLZ-VZ,0.0,250000.0,29
2017-07-21,HD-HON,-3308.6992111206055,250000.0,29
2017-07-21,MDLZ-VZ,-231.3088550567627,250000.0,29
2017-07-24,MDLZ-VZ,2930.97198677063,250000.0,29
2017-07-24,HON-MCD,0.0,250000.0,29
2017-07-25,MDLZ-VZ,1015.1157379150391,250000.0,29
2017-07-26,MDLZ-VZ,-1343.3737201690674,250000.0,29
2017-07-26,MDLZ-TMO,0.0,250000.0,29
2017-07-27,MDLZ-TMO,221.48858261108398,250000.0,29
2017-07-27,MDLZ-UPS,0.0,250000.0,29
2017-07-28,MDLZ-TMO,2435.305477142334,250000.0,29
2017-07-28,MDLZ-UPS,4000.686363220215,250000.0,29
2017-07-28,COP-CVX,0.0,250000.0,29
2017-07-28,MDLZ-VZ,0.0,250000.0,29
2017-07-31,MDLZ-TMO,1454.7143630981445,250000.0,29
2017-07-31,MDLZ-UPS,5559.1202392578125,250000.0,29
2017-07-31,COP-CVX,-2365.2141723632812,250000.0,29
2017-07-31,MDLZ-VZ,-2419.097183227539,250000.0,29
2017-08-01,MDLZ-TMO,2936.540725708008,250000.0,29
2017-08-01,MDLZ-UPS,4847.365516662598,250000.0,29
2017-08-02,MDLZ-TMO,2440.120071411133,250000.0,29
2017-08-03,MDLZ-TMO,4144.855785369873,250000.0,29
2017-08-03,NKE-PFE,0.0,250000.0,29
2017-08-04,MDLZ-TMO,4712.688564300537,250000.0,29
2017-08-04,NKE-PFE,-1832.3076076507568,250000.0,29
2017-08-07,MDLZ-TMO,4170.009460449219,250000.0,29
2017-08-07,NKE-PFE,656.1857089996338,250000.0,29
2017-08-08,MDLZ-TMO,745.6917343139648,250000.0,29
2017-08-08,NKE-PFE,653.0642433166504,250000.0,29
2017-08-09,MDLZ-TMO,370.1043281555176,250000.0,29
2017-08-09,NKE-PFE,-314.9976692199707,250000.0,29
2017-08-10,NKE-PFE,-662.6380786895752,250000.0,29
2017-08-11,NKE-PFE,539.7136993408203,250000.0,29
2017-08-14,NKE-PFE,649.2902660369873,250000.0,29
2017-08-15,NKE-PFE,-714.9960823059082,250000.0,29
2017-08-16,NKE-PFE,-579.200361251831,250000.0,29
2017-08-16,META-V,0.0,250000.0,29
2017-08-17,NKE-PFE,1742.4282188415527,250000.0,29
2017-08-17,META-V,-57.75263214111328,250000.0,29
2017-08-18,NKE-PFE,2106.5470275878906,250000.0,29
2017-08-18,META-V,-441.01212310791016,250000.0,29
2017-08-21,NKE-PFE,510.14999771118164,250000.0,29
2017-08-21,META-V,-1815.7308349609375,250000.0,29
2017-08-22,META-V,-2148.027603149414,250000.0,29
2017-08-23,META-V,-856.969108581543,250000.0,29
2017-08-24,META-V,-1852.7964172363281,250000.0,29
2017-08-25,META-V,-3483.3814239501953,250000.0,29
2017-08-28,META-V,-3670.98233795166,250000.0,29
2017-08-29,META-V,-2895.9072799682617,250000.0,29
2017-08-30,META-V,-1065.9956283569336,250000.0,29
2017-08-31,META-V,1342.0644912719727,250000.0,29
2017-08-31,AMZN-PYPL,0.0,250000.0,29
2017-07-17,MDLZ-SBUX,0.0,250000.0,30
2017-07-18,MDLZ-SBUX,-1375.781307220459,250000.0,30
2017-07-19,TXN-UNP,0.0,250000.0,30
2017-07-20,HD-HON,0.0,250000.0,30
2017-07-21,HD-HON,-3308.6992111206055,250000.0,30
2017-07-25,CMCSA-RTX,0.0,250000.0,30
2017-07-26,CMCSA-RTX,122.9451789855957,250000.0,30
2017-07-26,INTC-KO,0.0,250000.0,30
2017-07-27,CMCSA-RTX,-2031.228904724121,250000.0,30
2017-07-27,INTC-KO,-2582.0049724578857,250000.0,30
2017-07-28,CMCSA-RTX,-2096.258232116699,250000.0,30
2017-07-28,INTC-KO,-2761.85009765625,250000.0,30
2017-07-28,MDLZ-SBUX,0.0,250000.0,30
2017-07-28,COP-CVX,0.0,250000.0,30
2017-07-31,MDLZ-SBUX,-729.6471328735352,250000.0,30
2017-07-31,COP-CVX,-2365.2141723632812,250000.0,30
2017-08-01,MDLZ-SBUX,5573.349090576172,250000.0,30
2017-08-02,MDLZ-SBUX,5416.201541900635,250000.0,30
2017-08-03,NKE-PFE,0.0,250000.0,30
2017-08-04,NKE-PFE,-1832.3076076507568,250000.0,30
2017-08-07,NKE-PFE,656.1857089996338,250000.0,30
2017-08-08,NKE-PFE,653.0642433166504,250000.0,30
2017-08-09,NKE-PFE,-314.9976692199707,250000.0,30
2017-08-10,NKE-PFE,-662.6380786895752,250000.0,30
2017-08-10,GOOGL-MCD,0.0,250000.0,30
2017-08-11,NKE-PFE,539.7136993408203,250000.0,30
2017-08-11,GOOGL-MCD,728.2978057861328,250000.0,30
2017-08-14,NKE-PFE,649.2902660369873,250000.0,30
2017-08-14,GOOGL-MCD,3258.3989448547363,250000.0,30
2017-08-14,CAT-MSFT,0.0,250000.0,30
2017-08-14,MSFT-UNH,0.0,250000.0,30
2017-08-15,NKE-PFE,-714.9960823059082,250000.0,30
2017-08-15,GOOGL-MCD,2446.8795623779297,250000.0,30
2017-08-15,CAT-MSFT,-142.97593688964844,250000.0,30
2017-08-15,MSFT-UNH,940.350471496582,250000.0,30
2017-08-15,AMZN-V,0.0,250000.0,30
2017-08-15,AXP-UNH,0.0,250000.0,30
2017-08-16,NKE-PFE,-579.200361251831,250000.0,30
2017-08-16,GOOGL-MCD,2131.5466232299805,250000.0,30
2017-08-16,CAT-MSFT,-1027.518814086914,250000.0,30
2017-08-16,MSFT-UNH,-1694.1216430664062,250000.0,30
2017-08-16,AXP-UNH,-2797.5537109375,250000.0,30
2017-08-16,META-V,0.0,250000.0,30
2017-08-17,NKE-PFE,1742.4282188415527,250000.0,30
2017-08-17,GOOGL-MCD,-890.8561096191406,250000.0,30
2017-08-17,CAT-MSFT,2023.7649536132812,250000.0,30
2017-08-17,MSFT-UNH,1846.0168075561523,250000.0,30
2017-08-17,AXP-UNH,-143.59092712402344,250000.0,30
2017-08-17,META-V,-57.75263214111328,250000.0,30
2017-08-18,NKE-PFE,2106.5470275878906,250000.0,30
2017-08-18,GOOGL-MCD,-1096.367660522461,250000.0,30
2017-08-18,MSFT-UNH,-934.0581893920898,250000.0,30
2017-08-18,AXP-UNH,-359.3111267089844,250000.0,30
2017-08-18,META-V,-441.01212310791016,250000.0,30
2017-08-18,AMGN-NKE,0.0,250000.0,30
2017-08-18,INTC-KO,0.0,250000.0,30
2017-08-21,NKE-PFE,510.14999771118164,250000.0,30
2017-08-21,GOOGL-MCD,-3535.052989959717,250000.0,30
2017-08-21,MSFT-UNH,1965.5895767211914,250000.0,30
2017-08-21,AXP-UNH,1443.732162475586,250000.0,30
2017-08-21,META-V,-1815.7308349609375,250000.0,30
2017-08-21,AMGN-NKE,-7167.9005126953125,250000.0,30
2017-08-21,INTC-KO,-25.393768310546875,250000.0,30
2017-08-22,GOOGL-MCD,-128.78473663330078,250000.0,30
2017-08-22,MSFT-UNH,1550.7889022827148,250000.0,30
2017-08-22,META-V,-2148.027603149414,250000.0,30
2017-08-22,AMGN-NKE,-7157.084869384766,250000.0,30
2017-08-22,INTC-KO,-703.7884635925293,250000.0,30
2017-08-23,GOOGL-MCD,1803.6797332763672,250000.0,30
2017-08-23,MSFT-UNH,2573.390625,250000.0,30
2017-08-23,META-V,-856.969108581543,250000.0,30
2017-08-23,AMGN-NKE,-8203.421752929688,250000.0,30
2017-08-23,INTC-KO,-1023.2260150909424,250000.0,30
2017-08-24,GOOGL-MCD,854.4516639709473,250000.0,30
2017-08-24,META-V,-1852.7964172363281,250000.0,30
2017-08-24,AMGN-NKE,-8328.39453125,250000.0,30
2017-08-24,INTC-KO,-1690.3740558624268,250000.0,30
2017-08-24,MDLZ-SBUX,0.0,250000.0,30
2017-08-24,INTC-MDLZ,0.0,250000.0,30
2017-08-25,META-V,-3483.3814239501953,250000.0,30
2017-08-25,AMGN-NKE,-7796.595855712891,250000.0,30
2017-08-25,INTC-KO,-850.1219997406006,250000.0,30
2017-08-25,MDLZ-SBUX,-6003.886444091797,250000.0,30
2017-08-28,META-V,-3670.98233795166,250000.0,30
2017-08-28,INTC-KO,-1689.005485534668,250000.0,30
2017-08-28,MDLZ-SBUX,-8015.003341674805,250000.0,30
2017-08-29,META-V,-2895.9072799682617,250000.0,30
2017-08-29,INTC-KO,-1453.598798751831,250000.0,30
2017-08-29,MDLZ-SBUX,-640.1047973632812,250000.0,30
2017-08-30,META-V,-1065.9956283569336,250000.0,30
2017-08-30,INTC-KO,-1639.5783786773682,250000.0,30
2017-08-30,MDLZ-SBUX,-5223.794570922852,250000.0,30
2017-08-30,CAT-MSFT,0.0,250000.0,30
2017-08-31,META-V,1342.0644912719727,250000.0,30
2017-08-31,INTC-KO,-603.3940238952637,250000.0,30
2017-08-31,MDLZ-SBUX,-16638.696746826172,250000.0,30
2017-08-31,AMZN-V,0.0,250000.0,30
2017-09-01,META-V,469.12545013427734,250000.0,30
2017-09-01,INTC-KO,673.4014873504639,250000.0,30
2017-09-01,MDLZ-SBUX,-14731.613059997559,250000.0,30
2017-09-01,AMZN-V,1174.966178894043,250000.0,30
2017-09-05,META-V,1417.2704162597656,250000.0,30
2017-09-05,INTC-KO,1377.395107269287,250000.0,30
2017-09-05,MDLZ-SBUX,-17179.939392089844,250000.0,30
2017-09-05,AMZN-V,448.00861740112305,250000.0,30
2017-09-06,META-V,2275.7716751098633,250000.0,30
2017-09-06,INTC-KO,2255.3876762390137,250000.0,30
2017-09-06,MDLZ-SBUX,-14799.886878967285,250000.0,30
2017-09-06,AMZN-V,581.3383331298828,250000.0,30
2017-09-06,COP-CVX,0.0,250000.0,30
2017-09-07,MDLZ-SBUX,-7154.035171508789,250000.0,30
2017-09-07,COP-CVX,16.185588836669922,250000.0,30
2017-09-08,COP-CVX,1802.5522155761719,250000.0,30
2017-09-11,COP-CVX,-1732.9682884216309,250000.0,30
2017-09-12,COP-CVX,-1665.8891944885254,250000.0,30
2017-09-13,COP-CVX,-4958.143367767334,250000.0,30
2017-09-14,COP-CVX,-5353.295349121094,250000.0,30
2017-09-15,COP-CVX,-5230.380039215088,250000.0,30
2017-09-22,DHR-TSLA,0.0,250000.0,30
2017-09-25,DHR-TSLA,-2571.311590194702,250000.0,30
2017-09-26,DHR-TSLA,-1159.135747909546,250000.0,30
2017-09-27,DHR-TSLA,-4206.784286499023,250000.0,30
2017-09-28,DHR-TSLA,-4544.990167617798,250000.0,30
2017-09-29,DHR-TSLA,-5161.128036499023,250000.0,30
2017-08-02,MDLZ-PEP,0.0,250000.0,31
2017-08-16,META-V,0.0,250000.0,31
2017-08-17,META-V,-57.75263214111328,250000.0,31
2017-08-18,META-V,-441.01212310791016,250000.0,31
2017-08-18,AMGN-NKE,0.0,250000.0,31
2017-08-21,META-V,-1815.7308349609375,250000.0,31
2017-08-21,AMGN-NKE,-7167.9005126953125,250000.0,31
2017-08-22,META-V,-2148.027603149414,250000.0,31
2017-08-22,AMGN-NKE,-7157.084869384766,250000.0,31
2017-08-22,DHR-MO,0.0,250000.0,31
2017-08-23,META-V,-856.969108581543,250000.0,31
2017-08-23,AMGN-NKE,-8203.421752929688,250000.0,31
2017-08-23,DHR-MO,2897.2597579956055,250000.0,31
2017-08-24,META-V,-1852.7964172363281,250000.0,31
2017-08-24,AMGN-NKE,-8328.39453125,250000.0,31
2017-08-24,DHR-MO,2528.866714477539,250000.0,31
2017-08-24,MRK-TMO,0.0,250000.0,31
2017-08-24,MDLZ-SBUX,0.0,250000.0,31
2017-08-24,MDLZ-MO,0.0,250000.0,31
2017-08-25,META-V,-3483.3814239501953,250000.0,31
2017-08-25,AMGN-NKE,-7796.595855712891,250000.0,31
2017-08-25,DHR-MO,2270.469383239746,250000.0,31
2017-08-25,MDLZ-SBUX,-6003.886444091797,250000.0,31
2017-08-25,MDLZ-MO,-4296.730529785156,250000.0,31
2017-08-28,META-V,-3670.98233795166,250000.0,31
2017-08-28,DHR-MO,406.2115249633789,250000.0,31
2017-08-28,MDLZ-SBUX,-8015.003341674805,250000.0,31
2017-08-28,MDLZ-MO,-4791.4794845581055,250000.0,31
2017-08-29,META-V,-2895.9072799682617,250000.0,31
2017-08-29,DHR-MO,2252.1626739501953,250000.0,31
2017-08-29,MDLZ-SBUX,-640.1047973632812,250000.0,31
2017-08-29,MDLZ-MO,-765.2647552490234,250000.0,31
2017-08-30,META-V,-1065.9956283569336,250000.0,31
2017-08-30,DHR-MO,2275.3671798706055,250000.0,31
2017-08-30,MDLZ-SBUX,-5223.794570922852,250000.0,31
2017-08-30,MDLZ-MO,-3275.084053039551,250000.0,31
2017-08-31,META-V,1342.0644912719727,250000.0,31
2017-08-31,DHR-MO,-8056.846473693848,250000.0,31
2017-08-31,MDLZ-SBUX,-16638.696746826172,250000.0,31
2017-09-01,META-V,469.12545013427734,250000.0,31
2017-09-01,DHR-MO,-6353.360542297363,250000.0,31
2017-09-01,MDLZ-SBUX,-14731.613059997559,250000.0,31
2017-09-05,META-V,1417.2704162597656,250000.0,31
2017-09-05,DHR-MO,-7932.659538269043,250000.0,31
2017-09-05,MDLZ-SBUX,-17179.939392089844,250000.0,31
2017-09-05,MRK-RTX,0.0,250000.0,31
2017-09-06,META-V,2275.7716751098633,250000.0,31
2017-09-06,MDLZ-SBUX,-14799.886878967285,250000.0,31
2017-09-06,MRK-RTX,-4354.240158081055,250000.0,31
2017-09-06,COP-CVX,0.0,250000.0,31
2017-09-07,MDLZ-SBUX,-7154.035171508789,250000.0,31
2017-09-07,MRK-RTX,-4160.745624542236,250000.0,31
2017-09-07,COP-CVX,16.185588836669922,250000.0,31
2017-09-07,EOG-V,0.0,250000.0,31
2017-09-08,MRK-RTX,-5027.565254211426,250000.0,31
2017-09-08,COP-CVX,1802.5522155761719,250000.0,31
2017-09-08,EOG-V,3176.9996337890625,250000.0,31
2017-09-08,MRK-UNP,0.0,250000.0,31
2017-09-11,MRK-RTX,-6540.430988311768,250000.0,31
2017-09-11,COP-CVX,-1732.9682884216309,250000.0,31
2017-09-11,EOG-V,-2745.161819458008,250000.0,31
2017-09-11,MRK-UNP,-245.33060455322266,250000.0,31
2017-09-12,COP-CVX,-1665.8891944885254,250000.0,31
2017-09-12,EOG-V,-3739.0131225585938,250000.0,31
2017-09-12,MRK-UNP,-429.17452239990234,250000.0,31
2017-09-13,COP-CVX,-4958.143367767334,250000.0,31
2017-09-13,MRK-UNP,-870.1388320922852,250000.0,31
2017-09-14,COP-CVX,-5353.295349121094,250000.0,31
2017-09-14,MRK-UNP,-3556.1999435424805,250000.0,31
2017-09-14,EOG-V,0.0,250000.0,31
2017-09-15,COP-CVX,-5230.380039215088,250000.0,31
2017-09-15,EOG-V,-380.66259002685547,250000.0,31
2017-09-18,EOG-V,988.7461166381836,250000.0,31
2017-09-19,EOG-V,-501.14449310302734,250000.0,31
2017-09-20,EOG-V,-1082.041259765625,250000.0,31
2017-09-21,EOG-V,-1436.4487915039062,250000.0,31
2017-09-22,EOG-V,-3042.293258666992,250000.0,31
2017-09-25,EOG-V,261.95623779296875,250000.0,31
2017-09-26,EOG-V,-443.1214599609375,250000.0,31
2017-09-27,EOG-V,-3374.889579772949,250000.0,31
2017-09-28,EOG-V,-4230.374267578125,250000.0,31
2017-10-11,MRK-TXN,0.0,250000.0,31
2017-10-12,MRK-TXN,839.1509552001953,250000.0,31
2017-10-13,MRK-TXN,-3236.0814666748047,250000.0,31
2017-10-17,META-V,0.0,250000.0,31
2017-10-18,META-V,697.5420532226562,250000.0,31
2017-10-18,COP-CVX,0.0,250000.0,31
2017-10-19,META-V,598.1661071777344,250000.0,31
2017-10-19,COP-CVX,105.74417114257812,250000.0,31
2017-10-20,META-V,1340.566650390625,250000.0,31
2017-10-20,COP-CVX,-1392.289077758789,250000.0,31
2017-10-20,MRK-PG,0.0,250000.0,31
2017-10-23,COP-CVX,-823.9686050415039,250000.0,31
2017-10-23,MRK-PG,-2073.2687644958496,250000.0,31
2017-10-24,MRK-PG,-2606.418846130371,250000.0,31
2017-10-25,MRK-PG,-2096.858184814453,250000.0,31
2017-10-25,MRK-TMO,0.0,250000.0,31
2017-10-26,MRK-PG,307.9918098449707,250000.0,31
2017-10-26,MRK-TMO,-2857.708122253418,250000.0,31
2017-10-26,MRK-UNP,0.0,250000.0,31
2017-10-27,MRK-PG,3831.2708702087402,250000.0,31
2017-10-27,MRK-TXN,0.0,250000.0,31
2017-10-27,COP-CVX,0.0,250000.0,31
2017-10-30,MRK-TXN,-8839.987335205078,250000.0,31
2017-10-30,COP-CVX,1114.7515716552734,250000.0,31
2017-10-30,MDLZ-MO,0.0,250000.0,31
2017-10-30,MDLZ-XOM,0.0,250000.0,31
2017-10-31,COP-CVX,5425.313621520996,250000.0,31
2017-09-01,JNJ-KO,0.0,250000.0,32
2017-09-05,JNJ-KO,-1936.6630783081055,250000.0,32
2017-09-06,JNJ-KO,-1356.3534507751465,250000.0,32
2017-09-06,INTC-T,0.0,250000.0,32
2017-09-06,INTC-VZ,0.0,250000.0,32
2017-09-07,JNJ-KO,-1526.8940963745117,250000.0,32
2017-09-07,INTC-T,-5982.022985458374,250000.0,32
2017-09-07,INTC-VZ,-2593.7471466064453,250000.0,32
2017-09-08,INTC-T,-5018.145956039429,250000.0,32
2017-09-08,INTC-VZ,-1180.3689441680908,250000.0,32
2017-09-08,DHR-MRK,0.0,250000.0,32
2017-09-11,INTC-T,-5703.419869422913,250000.0,32
2017-09-11,INTC-VZ,-3304.798469543457,250000.0,32
2017-09-12,INTC-T,-3092.442626953125,250000.0,32
2017-09-12,INTC-VZ,-2424.366409301758,250000.0,32
2017-09-12,PFE-PG,0.0,250000.0,32
2017-09-12,CAT-UNH,0.0,250000.0,32
2017-09-12,AMGN-PG,0.0,250000.0,32
2017-09-13,INTC-T,-1817.956953048706,250000.0,32
2017-09-13,INTC-VZ,-1271.1248931884766,250000.0,32
2017-09-13,PFE-PG,2103.1056690216064,250000.0,32
2017-09-13,AMGN-PG,717.7546539306641,250000.0,32
2017-09-14,INTC-T,-3832.5585708618164,250000.0,32
2017-09-14,INTC-VZ,-2455.5222759246826,250000.0,32
2017-09-14,PFE-PG,-2211.137720108032,250000.0,32
2017-09-14,AMGN-PG,839.9752349853516,250000.0,32
2017-09-15,INTC-T,-34.2846622467041,250000.0,32
2017-09-15,INTC-VZ,-1644.3213195800781,250000.0,32
2017-09-15,PFE-PG,-577.3116722106934,250000.0,32
2017-09-15,AMGN-PG,1017.066535949707,250000.0,32
2017-09-15,MPC-TXN,0.0,250000.0,32
2017-09-18,INTC-T,2153.1134061813354,250000.0,32
2017-09-18,INTC-VZ,-418.6713619232178,250000.0,32
2017-09-18,PFE-PG,-2121.406692504883,250000.0,32
2017-09-18,AMGN-PG,1166.2763366699219,250000.0,32
2017-09-18,MPC-TXN,-3200.0068283081055,250000.0,32
2017-09-18,PSX-UPS,0.0,250000.0,32
2017-09-19,INTC-VZ,4998.634107589722,250000.0,32
2017-09-19,PFE-PG,1249.1878070831299,250000.0,32
2017-09-19,MPC-TXN,-4543.940147399902,250000.0,32
2017-09-19,PSX-UPS,-3081.354835510254,250000.0,32
2017-09-20,PFE-PG,-1613.0232791900635,250000.0,32
2017-09-20,MPC-TXN,-1423.205322265625,250000.0,32
2017-09-20,PSX-UPS,-1208.2099494934082,250000.0,32
2017-09-21,MPC-TXN,-2132.27738571167,250000.0,32
2017-09-21,PSX-UPS,-2578.009510040283,250000.0,32
2017-09-22,PSX-UPS,-3402.412437438965,250000.0,32
2017-09-27,JNJ-KO,0.0,250000.0,32
2017-09-28,JNJ-KO,1693.7351608276367,250000.0,32
2017-09-29,JNJ-KO,1903.087490081787,250000.0,32
2017-10-02,JNJ-KO,-58.60445785522461,250000.0,32
2017-10-02,INTC-VZ,0.0,250000.0,32
2017-10-03,JNJ-KO,1554.0493202209473,250000.0,32
2017-10-03,INTC-VZ,331.97478675842285,250000.0,32
2017-10-04,INTC-VZ,838.2552967071533,250000.0,32
2017-10-05,INTC-VZ,-1021.5284996032715,250000.0,32
2017-10-06,INTC-VZ,-3550.115976333618,250000.0,32
2017-10-09,INTC-VZ,-3774.270170211792,250000.0,32
2017-10-09,INTC-T,0.0,250000.0,32
2017-10-10,INTC-VZ,-1985.2556457519531,250000.0,32
2017-10-10,INTC-T,1805.3400650024414,250000.0,32
2017-10-11,INTC-VZ,-1207.481533050537,250000.0,32
2017-10-11,INTC-T,614.9151763916016,250000.0,32
2017-10-12,INTC-VZ,-3125.9422302246094,250000.0,32
2017-10-13,INTC-VZ,-8672.212434768677,250000.0,32
2017-10-13,AMGN-PG,0.0,250000.0,32
2017-10-16,INTC-VZ,-8062.326560974121,250000.0,32
2017-10-16,AMGN-PG,-741.9596862792969,250000.0,32
2017-10-16,PSX-UPS,0.0,250000.0,32
2017-10-16,MPC-TXN,0.0,250000.0,32
2017-10-17,AMGN-PG,2000.783203125,250000.0,32
2017-10-17,PSX-UPS,1023.8527526855469,250000.0,32
2017-10-17,META-V,0.0,250000.0,32
2017-10-18,PSX-UPS,-570.5793991088867,250000.0,32
2017-10-18,META-V,697.5420532226562,250000.0,32
2017-10-19,PSX-UPS,-3021.5894317626953,250000.0,32
2017-10-19,META-V,598.1661071777344,250000.0,32
2017-10-19,DHR-MRK,0.0,250000.0,32
2017-10-20,PSX-UPS,-3107.3182983398438,250000.0,32
2017-10-20,META-V,1340.566650390625,250000.0,32
2017-10-20,DHR-MRK,-547.3522644042969,250000.0,32
2017-10-20,PFE-PG,0.0,250000.0,32
2017-10-20,AMGN-PG,0.0,250000.0,32
2017-10-20,MRK-PG,0.0,250000.0,32
2017-10-23,PSX-UPS,-2259.5259170532227,250000.0,32
2017-10-23,DHR-MRK,-1939.3477783203125,250000.0,32
2017-10-23,PFE-PG,-2636.824001312256,250000.0,32
2017-10-23,AMGN-PG,-1682.5764770507812,250000.0,32
2017-10-23,MRK-PG,-2073.2687644958496,250000.0,32
2017-10-24,PSX-UPS,-1391.6587753295898,250000.0,32
2017-10-24,DHR-MRK,-3811.9968872070312,250000.0,32
2017-10-24,PFE-PG,-3190.9040660858154,250000.0,32
2017-10-24,AMGN-PG,-2522.5607147216797,250000.0,32
2017-10-24,MRK-PG,-2606.418846130371,250000.0,32
2017-10-25,PSX-UPS,852.3077621459961,250000.0,32
2017-10-25,PFE-PG,-3232.670015335083,250000.0,32
2017-10-25,AMGN-PG,-1671.36865234375,250000.0,32
2017-10-25,MRK-PG,-2096.858184814453,250000.0,32
2017-10-26,PSX-UPS,-1612.8454284667969,250000.0,32
2017-10-26,PFE-PG,-281.71397590637207,250000.0,32
2017-10-26,AMGN-PG,548.1388092041016,250000.0,32
2017-10-26,MRK-PG,307.9918098449707,250000.0,32
2017-10-27,PSX-UPS,-3362.7018814086914,250000.0,32
2017-10-27,PFE-PG,-1205.3420276641846,250000.0,32
2017-10-27,AMGN-PG,-240.25862884521484,250000.0,32
2017-10-27,MRK-PG,3831.2708702087402,250000.0,32
2017-10-27,LMT-MSFT,0.0,250000.0,32
2017-10-27,DHR-MRK,0.0,250000.0,32
2017-10-27,INTC-VZ,0.0,250000.0,32
2017-10-30,PSX-UPS,759.3987731933594,250000.0,32
2017-10-30,PFE-PG,-2167.025249481201,250000.0,32
2017-10-30,AMGN-PG,-2135.015235900879,250000.0,32
2017-10-30,LMT-MSFT,129.92401123046875,250000.0,32
2017-10-30,DHR-MRK,-14735.961181640625,250000.0,32
2017-10-30,INTC-VZ,-5214.910791397095,250000.0,32
2017-10-30,MDLZ-MO,0.0,250000.0,32
2017-10-31,PSX-UPS,2034.8546142578125,250000.0,32
2017-10-31,PFE-PG,-1724.9073314666748,250000.0,32
2017-10-31,AMGN-PG,-2198.2701721191406,250000.0,32
2017-10-31,LMT-MSFT,1972.5894470214844,250000.0,32
2017-10-31,DHR-MRK,-13539.296443939209,250000.0,32
2017-11-01,PFE-PG,-708.9068641662598,250000.0,32
2017-11-01,AMGN-PG,-723.2748870849609,250000.0,32
2017-11-01,LMT-MSFT,1060.0911254882812,250000.0,32
2017-11-02,PFE-PG,-2327.2113151550293,250000.0,32
2017-11-02,AMGN-PG,-550.4996871948242,250000.0,32
2017-11-02,LMT-MSFT,957.1024475097656,250000.0,32
2017-11-03,PFE-PG,-2372.870933532715,250000.0,32
2017-11-03,AMGN-PG,-779.7097396850586,250000.0,32
2017-11-03,LMT-MSFT,179.88369750976562,250000.0,32
2017-11-06,LMT-MSFT,-751.9448547363281,250000.0,32
2017-11-06,JNJ-KO,0.0,250000.0,32
2017-11-07,LMT-MSFT,1722.3330688476562,250000.0,32
2017-11-08,LMT-MSFT,2232.100128173828,250000.0,32
2017-11-09,LMT-MSFT,966.535888671875,250000.0,32
2017-11-10,LMT-MSFT,1675.2531127929688,250000.0,32
2017-11-13,LMT-MSFT,2537.5421752929688,250000.0,32
2017-11-14,LMT-MSFT,2641.739990234375,250000.0,32
2017-11-15,LMT-MSFT,2776.8446350097656,250000.0,32
2017-11-15,META-V,0.0,250000.0,32
2017-11-16,LMT-MSFT,3293.1139526367188,250000.0,32
2017-11-16,META-V,-500.6411361694336,250000.0,32
2017-11-17,LMT-MSFT,3965.698272705078,250000.0,32
2017-11-17,META-V,-2257.3742294311523,250000.0,32
2017-11-20,LMT-MSFT,6471.523193359375,250000.0,32
2017-11-20,META-V,-1535.364761352539,250000.0,32
2017-11-21,LMT-MSFT,4243.871643066406,250000.0,32
2017-11-22,LMT-MSFT,4861.5106201171875,250000.0,32
2017-11-22,AMZN-CRM,0.0,250000.0,32
2017-11-24,LMT-MSFT,4967.593109130859,250000.0,32
2017-11-24,AMZN-CRM,-3379.7129554748535,250000.0,32
2017-11-27,LMT-MSFT,3653.8375244140625,250000.0,32
2017-11-28,LMT-MSFT,1977.3692626953125,250000.0,32
2017-11-29,LMT-MSFT,7617.4947509765625,250000.0,32
2017-11-29,PSX-UPS,0.0,250000.0,32
2017-11-29,META-V,0.0,250000.0,32
2017-11-29,CAT-UNH,0.0,250000.0,32
2017-11-30,LMT-MSFT,5341.35009765625,250000.0,32
2017-11-30,PSX-UPS,-2935.3945083618164,250000.0,32
2017-11-30,META-V,-2891.955192565918,250000.0,32
2017-11-30,CAT-UNH,-4283.947021484375,250000.0,32
2017-10-11,LMT-V,0.0,250000.0,33
2017-10-11,MCD-MSFT,0.0,250000.0,33
2017-10-12,MCD-MSFT,1050.3376235961914,250000.0,33
2017-10-13,MCD-MSFT,-120.34636688232422,250000.0,33
2017-10-13,AMGN-PG,0.0,250000.0,33
2017-10-16,MCD-MSFT,990.1025695800781,250000.0,33
2017-10-16,AMGN-PG,-741.9596862792969,250000.0,33
2017-10-16,PSX-UPS,0.0,250000.0,33
2017-10-16,MPC-TXN,0.0,250000.0,33
2017-10-17,MCD-MSFT,157.73474884033203,250000.0,33
2017-10-17,AMGN-PG,2000.783203125,250000.0,33
2017-10-17,PSX-UPS,1023.8527526855469,250000.0,33
2017-10-17,META-V,0.0,250000.0,33
2017-10-18,MCD-MSFT,-380.31089782714844,250000.0,33
2017-10-18,PSX-UPS,-570.5793991088867,250000.0,33
2017-10-18,META-V,697.5420532226562,250000.0,33
2017-10-19,PSX-UPS,-3021.5894317626953,250000.0,33
2017-10-19,META-V,598.1661071777344,250000.0,33
2017-10-19,DHR-MRK,0.0,250000.0,33
2017-10-19,ADBE-CRM,0.0,250000.0,33
2017-10-20,PSX-UPS,-3107.3182983398438,250000.0,33
2017-10-20,META-V,1340.566650390625,250000.0,33
2017-10-20,DHR-MRK,-547.3522644042969,250000.0,33
2017-10-20,ADBE-CRM,-1291.7795104980469,250000.0,33
2017-10-20,PFE-PG,0.0,250000.0,33
2017-10-20,AMGN-PG,0.0,250000.0,33
2017-10-20,MRK-PG,0.0,250000.0,33
2017-10-23,PSX-UPS,-2259.5259170532227,250000.0,33
2017-10-23,DHR-MRK,-1939.3477783203125,250000.0,33
2017-10-23,ADBE-CRM,2588.6941680908203,250000.0,33
2017-10-23,PFE-PG,-2636.824001312256,250000.0,33
2017-10-23,AMGN-PG,-1682.5764770507812,250000.0,33
2017-10-23,MRK-PG,-2073.2687644958496,250000.0,33
2017-10-24,PSX-UPS,-1391.6587753295898,250000.0,33
2017-10-24,DHR-MRK,-3811.9968872070312,250000.0,33
2017-10-24,ADBE-CRM,3998.3802795410156,250000.0,33
2017-10-24,PFE-PG,-3190.9040660858154,250000.0,33
2017-10-24,AMGN-PG,-2522.5607147216797,250000.0,33
2017-10-24,MRK-PG,-2606.418846130371,250000.0,33
2017-10-24,LMT-V,0.0,250000.0,33
2017-10-24,CAT-MA,0.0,250000.0,33
2017-10-25,PSX-UPS,852.3077621459961,250000.0,33
2017-10-25,ADBE-CRM,6026.117156982422,250000.0,33
2017-10-25,PFE-PG,-3232.670015335083,250000.0,33
2017-10-25,AMGN-PG,-1671.36865234375,250000.0,33
2017-10-25,MRK-PG,-2096.858184814453,250000.0,33
2017-10-25,LMT-V,-3054.7979125976562,250000.0,33
2017-10-25,CAT-MA,2795.2319259643555,250000.0,33
2017-10-26,PSX-UPS,-1612.8454284667969,250000.0,33
2017-10-26,ADBE-CRM,4415.419967651367,250000.0,33
2017-10-26,PFE-PG,-281.71397590637207,250000.0,33
2017-10-26,AMGN-PG,548.1388092041016,250000.0,33
2017-10-26,MRK-PG,307.9918098449707,250000.0,33
2017-10-26,CAT-MA,3249.3428497314453,250000.0,33
2017-10-27,PSX-UPS,-3362.7018814086914,250000.0,33
2017-10-27,ADBE-CRM,878.0014343261719,250000.0,33
2017-10-27,PFE-PG,-1205.3420276641846,250000.0,33
2017-10-27,AMGN-PG,-240.25862884521484,250000.0,33
2017-10-27,MRK-PG,3831.2708702087402,250000.0,33
2017-10-27,CAT-MA,5288.8828048706055,250000.0,33
2017-10-27,LMT-META,0.0,250000.0,33
2017-10-27,HON-MSFT,0.0,250000.0,33
2017-10-27,DHR-MRK,0.0,250000.0,33
2017-10-27,MPC-MSFT,0.0,250000.0,33
2017-10-30,PSX-UPS,759.3987731933594,250000.0,33
2017-10-30,ADBE-CRM,2769.505874633789,250000.0,33
2017-10-30,PFE-PG,-2167.025249481201,250000.0,33
2017-10-30,AMGN-PG,-2135.015235900879,250000.0,33
2017-10-30,LMT-META,-2353.732711791992,250000.0,33
2017-10-30,HON-MSFT,-3429.0014266967773,250000.0,33
2017-10-30,DHR-MRK,-14735.961181640625,250000.0,33
2017-10-30,MPC-MSFT,1205.482681274414,250000.0,33
2017-10-31,PSX-UPS,2034.8546142578125,250000.0,33
2017-10-31,ADBE-CRM,8252.578994750977,250000.0,33
2017-10-31,PFE-PG,-1724.9073314666748,250000.0,33
2017-10-31,AMGN-PG,-2198.2701721191406,250000.0,33
2017-10-31,LMT-META,-2950.0912322998047,250000.0,33
2017-10-31,HON-MSFT,-2293.0330657958984,250000.0,33
2017-10-31,MPC-MSFT,4987.530570983887,250000.0,33
2017-11-01,ADBE-CRM,5663.779769897461,250000.0,33
2017-11-01,PFE-PG,-708.9068641662598,250000.0,33
2017-11-01,AMGN-PG,-723.2748870849609,250000.0,33
2017-11-01,LMT-META,-7695.554428100586,250000.0,33
2017-11-01,HON-MSFT,-718.258171081543,250000.0,33
2017-11-02,ADBE-CRM,511.3103485107422,250000.0,33
2017-11-02,PFE-PG,-2327.2113151550293,250000.0,33
2017-11-02,AMGN-PG,-550.4996871948242,250000.0,33
2017-11-02,LMT-META,543.5656585693359,250000.0,33
2017-11-02,HON-MSFT,-2331.492156982422,250000.0,33
2017-11-03,PFE-PG,-2372.870933532715,250000.0,33
2017-11-03,AMGN-PG,-779.7097396850586,250000.0,33
2017-11-03,LMT-META,-66.10255432128906,250000.0,33
2017-11-03,HON-MSFT,-3499.7055435180664,250000.0,33
2017-11-06,LMT-META,-1759.010498046875,250000.0,33
2017-11-06,HON-MSFT,-3195.658531188965,250000.0,33
2017-11-07,LMT-META,378.3953399658203,250000.0,33
2017-11-07,HON-MSFT,202.72586822509766,250000.0,33
2017-11-08,LMT-META,2994.6607818603516,250000.0,33
2017-11-08,HON-MSFT,-887.239990234375,250000.0,33
2017-11-09,LMT-META,163.93597412109375,250000.0,33
2017-11-09,HON-MSFT,-2389.339027404785,250000.0,33
2017-11-10,LMT-META,1406.8340301513672,250000.0,33
2017-11-10,HON-MSFT,-1099.3424224853516,250000.0,33
2017-11-13,LMT-META,2218.989532470703,250000.0,33
2017-11-13,HON-MSFT,705.5694961547852,250000.0,33
2017-11-14,LMT-META,3755.924270629883,250000.0,33
2017-11-14,HON-MSFT,1574.7280502319336,250000.0,33
2017-11-15,LMT-META,1751.914566040039,250000.0,33
2017-11-15,HON-MSFT,1580.3144836425781,250000.0,33
2017-11-15,META-V,0.0,250000.0,33
2017-11-16,LMT-META,856.8669891357422,250000.0,33
2017-11-16,HON-MSFT,3500.7056427001953,250000.0,33
2017-11-16,META-V,-500.6411361694336,250000.0,33
2017-11-17,HON-MSFT,5097.054595947266,250000.0,33
2017-11-17,META-V,-2257.3742294311523,250000.0,33
2017-11-20,HON-MSFT,7688.124084472656,250000.0,33
2017-11-20,META-V,-1535.364761352539,250000.0,33
2017-11-21,HON-MSFT,7019.327507019043,250000.0,33
2017-11-21,CAT-MA,0.0,250000.0,33
2017-11-29,LMT-META,0.0,250000.0,33
2017-11-29,PSX-UPS,0.0,250000.0,33
2017-11-29,LMT-MA,0.0,250000.0,33
2017-11-29,LMT-V,0.0,250000.0,33
2017-11-29,META-V,0.0,250000.0,33
2017-11-30,LMT-META,2775.7821044921875,250000.0,33
2017-11-30,PSX-UPS,-2935.3945083618164,250000.0,33
2017-11-30,LMT-MA,3094.4412536621094,250000.0,33
2017-11-30,META-V,-2891.955192565918,250000.0,33
2017-12-01,LMT-META,2126.957229614258,250000.0,33
2017-12-01,PSX-UPS,-533.5740509033203,250000.0,33
2017-12-01,META-V,-2027.7143478393555,250000.0,33
2017-12-04,LMT-META,-2306.4514923095703,250000.0,33
2017-12-04,META-V,-396.8607864379883,250000.0,33
2017-12-04,CAT-MA,0.0,250000.0,33
2017-12-04,MRK-PG,0.0,250000.0,33
2017-12-04,MPC-MSFT,0.0,250000.0,33
2017-12-05,LMT-META,320.5609588623047,250000.0,33
2017-12-05,META-V,-811.321907043457,250000.0,33
2017-12-05,CAT-MA,4642.029098510742,250000.0,33
2017-12-05,MRK-PG,-466.27561950683594,250000.0,33
2017-12-05,MPC-MSFT,-2142.4469146728516,250000.0,33
2017-12-06,LMT-META,4166.248229980469,250000.0,33
2017-12-06,META-V,1778.4470901489258,250000.0,33
2017-12-06,CAT-MA,8385.302917480469,250000.0,33
2017-12-06,MRK-PG,-1613.6576843261719,250000.0,33
2017-12-06,MPC-MSFT,4761.230392456055,250000.0,33
2017-12-07,MPC-MSFT,2249.632987976074,250000.0,33
2017-12-08,MPC-MSFT,5150.902252197266,250000.0,33
2017-12-19,MPC-TXN,0.0,250000.0,33
2017-12-20,MPC-TXN,1486.8183097839355,250000.0,33
2017-12-21,MPC-TXN,5572.216148376465,250000.0,33
2017-12-22,MPC-TXN,5532.628845214844,250000.0,33
2017-12-26,LMT-META,0.0,250000.0,33
2017-12-27,LMT-META,1807.1627807617188,250000.0,33
2017-12-28,LMT-META,779.3492736816406,250000.0,33
2017-12-29,LMT-META,-720.6521759033203,250000.0,33
2017-11-07,JPM-MA,0.0,250000.0,34
2017-11-08,JPM-MA,-3205.9942932128906,250000.0,34
2017-11-09,JPM-MA,-2101.6193084716797,250000.0,34
2017-11-10,JPM-MA,-2864.995849609375,250000.0,34
2017-11-10,HON-TMO,0.0,250000.0,34
2017-11-13,JPM-MA,-2103.9156341552734,250000.0,34
2017-11-13,HON-TMO,731.5853881835938,250000.0,34
2017-11-14,JPM-MA,-4241.207946777344,250000.0,34
2017-11-14,HON-TMO,666.2997131347656,250000.0,34
2017-11-15,JPM-MA,1115.4297637939453,250000.0,34
2017-11-15,HON-TMO,1853.6632537841797,250000.0,34
2017-11-15,UNP-V,0.0,250000.0,34
2017-11-15,META-V,0.0,250000.0,34
2017-11-16,JPM-MA,-1408.4847259521484,250000.0,34
2017-11-16,HON-TMO,2080.1624450683594,250000.0,34
2017-11-16,UNP-V,1057.3821487426758,250000.0,34
2017-11-16,META-V,-500.6411361694336,250000.0,34
2017-11-16,UNP-WMT,0.0,250000.0,34
2017-11-17,JPM-MA,-178.78224182128906,250000.0,34
2017-11-17,HON-TMO,2295.254409790039,250000.0,34
2017-11-17,UNP-V,-442.43502044677734,250000.0,34
2017-11-17,META-V,-2257.3742294311523,250000.0,34
2017-11-17,UNP-WMT,4125.650238037109,250000.0,34
2017-11-20,JPM-MA,1434.1211242675781,250000.0,34
2017-11-20,HON-TMO,413.8644256591797,250000.0,34
2017-11-20,UNP-V,-642.5556564331055,250000.0,34
2017-11-20,META-V,-1535.364761352539,250000.0,34
2017-11-20,UNP-WMT,4613.706939697266,250000.0,34
2017-11-21,JPM-MA,-3712.687530517578,250000.0,34
2017-11-21,HON-TMO,91.94306945800781,250000.0,34
2017-11-21,UNP-V,1317.0202331542969,250000.0,34
2017-11-21,UNP-WMT,8521.701751708984,250000.0,34
2017-11-22,HON-TMO,594.0937805175781,250000.0,34
2017-11-22,UNP-V,-1078.532455444336,250000.0,34
2017-11-22,UNP-WMT,9797.070220947266,250000.0,34
2017-11-24,HON-TMO,230.1409912109375,250000.0,34
2017-11-24,UNP-V,1024.9052124023438,250000.0,34
2017-11-24,UNP-WMT,9796.743682861328,250000.0,34
2017-11-27,UNP-WMT,8324.754608154297,250000.0,34
2017-11-28,UNP-WMT,10163.203247070312,250000.0,34
2017-11-29,UNP-WMT,14706.313018798828,250000.0,34
2017-11-29,HON-META,0.0,250000.0,34
2017-11-29,BAC-NFLX,0.0,250000.0,34
2017-11-29,BAC-PYPL,0.0,250000.0,34
2017-11-29,HON-TMO,0.0,250000.0,34
2017-11-29,DIS-UPS,0.0,250000.0,34
2017-11-29,JPM-MA,0.0,250000.0,34
2017-11-29,PSX-UPS,0.0,250000.0,34
2017-11-29,JPM-MSFT,0.0,250000.0,34
2017-11-29,MS-NFLX,0.0,250000.0,34
2017-11-29,UNP-V,0.0,250000.0,34
2017-11-29,META-V,0.0,250000.0,34
2017-11-29,HD-META,0.0,250000.0,34
2017-11-29,TMUS-UPS,0.0,250000.0,34
2017-11-29,HON-V,0.0,250000.0,34
2017-11-30,HON-META,-154.9048614501953,250000.0,34
2017-11-30,BAC-NFLX,-833.5735359191895,250000.0,34
2017-11-30,BAC-PYPL,8338.028676986694,250000.0,34
2017-11-30,DIS-UPS,-4382.014984130859,250000.0,34
2017-11-30,JPM-MA,1390.687255859375,250000.0,34
2017-11-30,PSX-UPS,-2935.3945083618164,250000.0,34
2017-11-30,JPM-MSFT,307.3510055541992,250000.0,34
2017-11-30,MS-NFLX,-2511.7420864105225,250000.0,34
2017-11-30,UNP-V,1825.566307067871,250000.0,34
2017-11-30,META-V,-2891.955192565918,250000.0,34
2017-11-30,HD-META,1503.3607177734375,250000.0,34
2017-11-30,TMUS-UPS,-4852.356628417969,250000.0,34
2017-11-30,HON-V,1478.7833633422852,250000.0,34
2017-12-01,HON-META,-1356.8510437011719,250000.0,34
2017-12-01,BAC-NFLX,-1310.1497497558594,250000.0,34
2017-12-01,BAC-PYPL,7744.183683395386,250000.0,34
2017-12-01,DIS-UPS,-2682.8176345825195,250000.0,34
2017-12-01,JPM-MA,-668.312255859375,250000.0,34
2017-12-01,PSX-UPS,-533.5740509033203,250000.0,34
2017-12-01,JPM-MSFT,-168.53253936767578,250000.0,34
2017-12-01,MS-NFLX,-5578.396333694458,250000.0,34
2017-12-01,UNP-V,-90.14265441894531,250000.0,34
2017-12-01,META-V,-2027.7143478393555,250000.0,34
2017-12-01,HD-META,-1797.884536743164,250000.0,34
2017-12-01,TMUS-UPS,-2411.984344482422,250000.0,34
2017-12-01,HON-V,-38.753440856933594,250000.0,34
2017-12-04,HON-META,-5824.894790649414,250000.0,34
2017-12-04,BAC-NFLX,-12317.01720046997,250000.0,34
2017-12-04,META-V,-396.8607864379883,250000.0,34
2017-12-04,HON-TMO,0.0,250000.0,34
2017-12-04,MPC-MSFT,0.0,250000.0,34
2017-12-05,HON-META,-3079.2786407470703,250000.0,34
2017-12-05,BAC-NFLX,-11100.82260131836,250000.0,34
2017-12-05,META-V,-811.321907043457,250000.0,34
2017-12-05,HON-TMO,1524.7716064453125,250000.0,34
2017-12-05,MPC-MSFT,-2142.4469146728516,250000.0,34
2017-12-05,BAC-PYPL,0.0,250000.0,34
2017-12-06,HON-META,1599.4001770019531,250000.0,34
2017-12-06,BAC-NFLX,-7443.316783905029,250000.0,34
2017-12-06,META-V,1778.4470901489258,250000.0,34
2017-12-06,HON-TMO,3554.236618041992,250000.0,34
2017-12-06,MPC-MSFT,4761.230392456055,250000.0,34
2017-12-06,BAC-PYPL,10098.801727294922,250000.0,34
2017-12-07,HON-META,7106.273956298828,250000.0,34
2017-12-07,BAC-NFLX,-8642.70252418518,250000.0,34
2017-12-07,HON-TMO,5596.347915649414,250000.0,34
2017-12-07,MPC-MSFT,2249.632987976074,250000.0,34
2017-12-07,BAC-PYPL,10442.208030700684,250000.0,34
2017-12-08,HON-META,5048.501510620117,250000.0,34
2017-12-08,BAC-NFLX,-6261.639602661133,250000.0,34
2017-12-08,MPC-MSFT,5150.902252197266,250000.0,34
2017-12-08,BAC-PYPL,4642.559440612793,250000.0,34
2017-12-11,HON-META,5615.303421020508,250000.0,34
2017-12-11,BAC-NFLX,-8506.35022354126,250000.0,34
2017-12-11,BAC-PYPL,7223.718635559082,250000.0,34
2017-12-12,HON-META,2045.8140563964844,250000.0,34
2017-12-12,BAC-NFLX,-12052.167264938354,250000.0,34
2017-12-12,BAC-PYPL,4073.55606842041,250000.0,34
2017-12-13,HON-META,1625.1290130615234,250000.0,34
2017-12-13,BAC-NFLX,-5565.450271606445,250000.0,34
2017-12-13,BAC-PYPL,11166.10521697998,250000.0,34
2017-12-14,HON-META,4664.836502075195,250000.0,34
2017-12-14,BAC-PYPL,13010.113136291504,250000.0,34
2017-12-15,HON-META,6064.489059448242,250000.0,34
2017-12-15,BAC-PYPL,14374.91512298584,250000.0,34
2017-12-18,HON-META,6593.0206298828125,250000.0,34
2017-12-18,BAC-PYPL,8227.45384979248,250000.0,34
2017-12-19,HON-META,5266.71760559082,250000.0,34
2017-12-19,BAC-PYPL,5688.972686767578,250000.0,34
2017-12-20,HON-META,2251.948471069336,250000.0,34
2017-12-20,BAC-PYPL,3593.507255554199,250000.0,34
2017-12-21,HON-META,2768.0062866210938,250000.0,34
2017-12-22,HON-META,2671.625289916992,250000.0,34
2017-12-26,HON-META,638.5140991210938,250000.0,34
2017-12-27,HON-META,2750.0203704833984,250000.0,34
2017-12-28,HON-META,2974.4790649414062,250000.0,34
2017-12-28,BAC-NFLX,0.0,250000.0,34
2017-12-28,MS-NFLX,0.0,250000.0,34
2017-12-29,HON-META,1762.5862121582031,250000.0,34
2017-12-29,BAC-NFLX,79.1187744140625,250000.0,34
2017-12-29,MS-NFLX,521.9827575683594,250000.0,34
2018-01-02,PSX-UPS,0.0,250000.0,34
2018-01-03,PSX-UPS,-5196.460357666016,250000.0,34
2018-01-03,HON-META,0.0,250000.0,34
2018-01-03,MS-TXN,0.0,250000.0,34
2018-01-04,HON-META,1845.4816360473633,250000.0,34
2018-01-05,HON-META,-838.0140380859375,250000.0,34
2018-01-05,BAC-PYPL,0.0,250000.0,34
2018-01-05,JPM-MA,0.0,250000.0,34
2018-01-05,JPM-MSFT,0.0,250000.0,34
2018-01-05,UNP-V,0.0,250000.0,34
2018-01-08,HON-META,-3337.9196548461914,250000.0,34
2018-01-08,BAC-PYPL,-2610.1702575683594,250000.0,34
2018-01-08,JPM-MA,-544.9071502685547,250000.0,34
2018-01-08,JPM-MSFT,78.64776611328125,250000.0,34
2018-01-08,UNP-V,170.84872436523438,250000.0,34
2018-01-09,HON-META,-1929.0292282104492,250000.0,34
2018-01-09,BAC-PYPL,-1984.5467224121094,250000.0,34
2018-01-09,JPM-MA,-183.35072326660156,250000.0,34
2018-01-09,JPM-MSFT,1395.7382431030273,250000.0,34
2018-01-09,UNP-V,1618.3855590820312,250000.0,34
2018-01-09,UNP-WMT,0.0,250000.0,34
2018-01-10,HON-META,-1162.116096496582,250000.0,34
2018-01-10,BAC-PYPL,-558.4900207519531,250000.0,34
2018-01-10,JPM-MA,828.7717895507812,250000.0,34
2018-01-10,UNP-V,1088.5195007324219,250000.0,34
2018-01-10,UNP-WMT,395.6153869628906,250000.0,34
2018-01-11,HON-META,-509.20447540283203,250000.0,34
2018-01-11,BAC-PYPL,-980.7166748046875,250000.0,34
2018-01-11,JPM-MA,-63.181610107421875,250000.0,34
2018-01-11,UNP-V,-318.210693359375,250000.0,34
2018-01-11,UNP-WMT,172.9139232635498,250000.0,34
2018-01-12,BAC-PYPL,291.40533447265625,250000.0,34
2018-01-12,JPM-MA,125.239990234375,250000.0,34
2018-01-12,UNP-V,-337.3362731933594,250000.0,34
2018-01-12,UNP-WMT,909.1422023773193,250000.0,34
2018-01-12,META-V,0.0,250000.0,34
2018-01-16,BAC-PYPL,1029.2708435058594,250000.0,34
2018-01-16,JPM-MA,-337.9359588623047,250000.0,34
2018-01-16,UNP-V,-1499.4923400878906,250000.0,34
2018-01-16,UNP-WMT,1908.7242832183838,250000.0,34
2018-01-16,META-V,-2146.6394119262695,250000.0,34
2018-01-17,BAC-PYPL,-5910.641937255859,250000.0,34
2018-01-17,JPM-MA,-2585.3688049316406,250000.0,34
2018-01-17,UNP-V,-4750.271331787109,250000.0,34
2018-01-17,META-V,-6682.850883483887,250000.0,34
2018-01-18,BAC-PYPL,-5263.055603027344,250000.0,34
2018-01-18,JPM-MA,-4055.638656616211,250000.0,34
2018-01-18,UNP-V,-7144.9266357421875,250000.0,34
2018-01-18,META-V,-5617.130432128906,250000.0,34
2018-01-18,UNP-WMT,0.0,250000.0,34
2018-01-19,BAC-PYPL,-6409.513366699219,250000.0,34
2018-01-19,JPM-MA,-6508.95930480957,250000.0,34
2018-01-19,UNP-V,-5776.116668701172,250000.0,34
2018-01-19,META-V,-2449.380546569824,250000.0,34
2018-01-19,UNP-WMT,618.3668670654297,250000.0,34
2018-01-22,META-V,496.01546478271484,250000.0,34
2018-01-22,UNP-WMT,-289.53116607666016,250000.0,34
2018-01-23,META-V,6012.391532897949,250000.0,34
2018-01-23,UNP-WMT,-2345.1153106689453,250000.0,34
2018-01-23,BAC-NFLX,0.0,250000.0,34
2018-01-23,MS-NFLX,0.0,250000.0,34
2018-01-24,META-V,1871.1229858398438,250000.0,34
2018-01-24,UNP-WMT,-2353.719413757324,250000.0,34
2018-01-24,BAC-NFLX,-10416.258457183838,250000.0,34
2018-01-24,MS-NFLX,-10082.243705749512,250000.0,34
2018-01-25,META-V,1921.2808151245117,250000.0,34
2018-01-25,UNP-V,0.0,250000.0,34
2018-01-26,META-V,3546.4798278808594,250000.0,34
2018-01-26,UNP-V,-1661.1577453613281,250000.0,34
2018-01-26,UNP-WMT,0.0,250000.0,34
2018-01-29,META-V,382.1960906982422,250000.0,34
2018-01-29,UNP-V,2834.940673828125,250000.0,34
2018-01-29,UNP-WMT,339.23160552978516,250000.0,34
2018-01-30,META-V,4837.642852783203,250000.0,34
2018-01-30,UNP-V,4824.352752685547,250000.0,34
2018-01-30,UNP-WMT,3393.7660217285156,250000.0,34
2018-01-30,HON-TMO,0.0,250000.0,34
2018-01-31,META-V,3065.242073059082,250000.0,34
2018-01-31,UNP-V,1890.9509582519531,250000.0,34
2018-01-31,UNP-WMT,2919.301155090332,250000.0,34
2017-12-01,LLY-LMT,0.0,250000.0,35
2017-12-04,LLY-LMT,-1911.1272583007812,250000.0,35
2017-12-04,CAT-MA,0.0,250000.0,35
2017-12-04,CAT-MSFT,0.0,250000.0,35
2017-12-05,CAT-MA,4642.029098510742,250000.0,35
2017-12-05,CAT-MSFT,3289.3698806762695,250000.0,35
2017-12-06,CAT-MA,8385.302917480469,250000.0,35
2017-12-06,CAT-MSFT,6705.1489181518555,250000.0,35
2017-12-07,CAT-MSFT,2591.5326385498047,250000.0,35
2017-12-08,CAT-MSFT,6514.9136962890625,250000.0,35
2017-12-21,CMCSA-COP,0.0,250000.0,35
2017-12-22,CMCSA-COP,2196.233102798462,250000.0,35
2017-12-26,CMCSA-COP,-1312.768653869629,250000.0,35
2017-12-27,CMCSA-COP,4085.2393226623535,250000.0,35
2017-12-28,CMCSA-COP,6660.183156967163,250000.0,35
2017-12-29,CMCSA-COP,9441.996768951416,250000.0,35
2018-01-02,CMCSA-COP,197.59029006958008,250000.0,35
2018-01-03,CMCSA-COP,-256.6530876159668,250000.0,35
2018-01-03,CAT-MA,0.0,250000.0,35
2018-01-03,BAC-TXN,0.0,250000.0,35
2018-01-03,HON-UNH,0.0,250000.0,35
2018-01-04,CAT-MA,-1783.434310913086,250000.0,35
2018-01-04,BAC-TXN,3555.1730728149414,250000.0,35
2018-01-04,HON-UNH,2768.23055267334,250000.0,35
2018-01-05,CAT-MA,-5339.741729736328,250000.0,35
2018-01-05,BAC-TXN,2801.9576683044434,250000.0,35
2018-01-05,HON-UNH,2.4365997314453125,250000.0,35
2018-01-08,CAT-MA,-3390.0169830322266,250000.0,35
2018-01-08,BAC-TXN,-137.62000274658203,250000.0,35
2018-01-08,MA-UNH,0.0,250000.0,35
2018-01-09,CAT-MA,-3495.855972290039,250000.0,35
2018-01-09,BAC-TXN,-623.4526882171631,250000.0,35
2018-01-09,MA-UNH,869.4512481689453,250000.0,35
2018-01-09,BAC-DHR,0.0,250000.0,35
2018-01-10,CAT-MA,-4457.2635498046875,250000.0,35
2018-01-10,BAC-TXN,3288.230625152588,250000.0,35
2018-01-10,MA-UNH,-1587.2295989990234,250000.0,35
2018-01-10,BAC-DHR,1996.1989002227783,250000.0,35
2018-01-11,CAT-MA,-3947.7518920898438,250000.0,35
2018-01-11,BAC-TXN,1963.3576049804688,250000.0,35
2018-01-11,MA-UNH,-1996.6671142578125,250000.0,35
2018-01-11,BAC-DHR,1524.8206005096436,250000.0,35
2018-01-12,CAT-MA,-5503.927551269531,250000.0,35
2018-01-12,BAC-TXN,1629.837984085083,250000.0,35
2018-01-12,MA-UNH,-687.3698577880859,250000.0,35
2018-01-12,BAC-DHR,1500.5625839233398,250000.0,35
2018-01-16,BAC-TXN,1583.076177597046,250000.0,35
2018-01-16,MA-UNH,4115.481216430664,250000.0,35
2018-01-16,BAC-DHR,1486.6803398132324,250000.0,35
2018-01-16,MSFT-UNH,0.0,250000.0,35
2018-01-17,BAC-DHR,955.7691078186035,250000.0,35
2018-01-17,MSFT-UNH,-1717.9287643432617,250000.0,35
2018-01-17,GILD-MDLZ,0.0,250000.0,35
2018-01-18,BAC-DHR,1709.4806098937988,250000.0,35
2018-01-18,GILD-MDLZ,1554.5894317626953,250000.0,35
2018-01-19,BAC-DHR,538.3666534423828,250000.0,35
2018-01-19,GILD-MDLZ,-891.2495956420898,250000.0,35
2018-01-22,BAC-DHR,2865.3333988189697,250000.0,35
2018-01-22,GILD-MDLZ,-2087.947597503662,250000.0,35
2018-01-23,BAC-DHR,2840.455047607422,250000.0,35
2018-01-23,GILD-MDLZ,-2915.4030838012695,250000.0,35
2018-01-24,GILD-MDLZ,-3752.8770065307617,250000.0,35
2018-01-24,BAC-TXN,0.0,250000.0,35
2018-01-25,GILD-MDLZ,-2966.952880859375,250000.0,35
2018-01-25,BAC-TXN,1025.6156921386719,250000.0,35
2018-01-26,GILD-MDLZ,-6641.343296051025,250000.0,35
2018-01-26,BAC-TXN,8188.253868103027,250000.0,35
2018-01-26,LLY-LMT,0.0,250000.0,35
2018-01-26,DIS-GILD,0.0,250000.0,35
2018-01-29,BAC-TXN,5160.424427032471,250000.0,35
2018-01-29,LLY-LMT,-3443.684326171875,250000.0,35
2018-01-30,BAC-TXN,3545.755527496338,250000.0,35
2018-01-30,MSFT-UNH,0.0,250000.0,35
2018-01-30,MA-UNH,0.0,250000.0,35
2018-01-31,BAC-TXN,2054.848133087158,250000.0,35
2018-01-31,MSFT-UNH,-5856.418327331543,250000.0,35
2018-01-31,MA-UNH,-3232.1124114990234,250000.0,35
2018-01-31,MSFT-WMT,0.0,250000.0,35
2018-01-31,LLY-LMT,0.0,250000.0,35
2018-01-31,LLY-WMT,0.0,250000.0,35
2018-02-01,BAC-TXN,-1116.9151630401611,250000.0,35
2018-02-01,MSFT-UNH,-5522.840888977051,250000.0,35
2018-02-01,MSFT-WMT,79.63717079162598,250000.0,35
2018-02-01,LLY-LMT,1247.4237442016602,250000.0,35
2018-02-01,LLY-WMT,6605.193433761597,250000.0,35
2018-02-01,CAT-MA,0.0,250000.0,35
2018-02-02,BAC-TXN,-2139.8674449920654,250000.0,35
2018-02-02,MSFT-UNH,-2500.6192016601562,250000.0,35
2018-02-02,LLY-LMT,690.8018188476562,250000.0,35
2018-02-02,LLY-WMT,3826.2131481170654,250000.0,35
2018-02-02,CAT-MA,129.7810516357422,250000.0,35
2018-02-05,BAC-TXN,3851.153196334839,250000.0,35
2018-02-05,MSFT-UNH,-5040.067100524902,250000.0,35
2018-02-05,LLY-LMT,458.32786560058594,250000.0,35
2018-02-05,LLY-WMT,-1532.0956020355225,250000.0,35
2018-02-06,BAC-TXN,-74.44764518737793,250000.0,35
2018-02-06,MSFT-UNH,-8385.379119873047,250000.0,35
2018-02-06,LLY-LMT,1240.1027069091797,250000.0,35
2018-02-07,BAC-TXN,-9399.577766418457,250000.0,35
2018-02-07,MSFT-UNH,-3168.3280181884766,250000.0,35
2018-02-08,MSFT-UNH,-903.5646209716797,250000.0,35
2018-02-09,MSFT-UNH,-4523.095077514648,250000.0,35
2018-02-12,MSFT-UNH,-2038.285774230957,250000.0,35
2018-02-13,MSFT-UNH,-2883.551109313965,250000.0,35
2018-02-20,MSFT-WMT,0.0,250000.0,35
2018-02-20,MPC-WMT,0.0,250000.0,35
2018-02-21,MSFT-WMT,-3126.934886932373,250000.0,35
2018-02-21,MPC-WMT,-6943.464450836182,250000.0,35
2018-02-22,MSFT-WMT,-538.8240795135498,250000.0,35
2018-02-22,MPC-WMT,-4227.219400405884,250000.0,35
2018-02-23,MSFT-WMT,-7329.4618129730225,250000.0,35
2018-02-23,MPC-WMT,-5021.28529548645,250000.0,35
2018-02-26,MSFT-WMT,-10868.033246994019,250000.0,35
2018-02-26,MPC-WMT,-2756.9306087493896,250000.0,35
2018-02-27,MSFT-WMT,-11395.797710418701,250000.0,35
2018-02-27,MPC-WMT,-4813.153228759766,250000.0,35
2018-02-28,MSFT-WMT,-14094.78925704956,250000.0,35
2018-02-28,MPC-WMT,-3927.776985168457,250000.0,35
2018-01-02,CRM-UNH,0.0,250000.0,36
2018-01-03,CRM-UNH,594.611328125,250000.0,36
2018-01-03,HON-UNH,0.0,250000.0,36
2018-01-03,HON-MPC,0.0,250000.0,36
2018-01-04,CRM-UNH,-1511.749755859375,250000.0,36
2018-01-04,HON-UNH,2768.23055267334,250000.0,36
2018-01-04,HON-MPC,5864.409072875977,250000.0,36
2018-01-05,CRM-UNH,54.093109130859375,250000.0,36
2018-01-05,HON-UNH,2.4365997314453125,250000.0,36
2018-01-11,AXP-MS,0.0,250000.0,36
2018-01-12,AXP-MS,-3676.0859909057617,250000.0,36
2018-01-12,META-NFLX,0.0,250000.0,36
2018-01-16,AXP-MS,-2766.0925369262695,250000.0,36
2018-01-16,META-NFLX,-1821.5348281860352,250000.0,36
2018-01-16,MSFT-UNH,0.0,250000.0,36
2018-01-17,META-NFLX,1537.3588180541992,250000.0,36
2018-01-17,MSFT-UNH,-1717.9287643432617,250000.0,36
2018-01-17,GILD-MDLZ,0.0,250000.0,36
2018-01-18,META-NFLX,1667.4209060668945,250000.0,36
2018-01-18,GILD-MDLZ,1554.5894317626953,250000.0,36
2018-01-19,META-NFLX,3774.4698638916016,250000.0,36
2018-01-19,GILD-MDLZ,-891.2495956420898,250000.0,36
2018-01-19,MS-PSX,0.0,250000.0,36
2018-01-19,AXP-MS,0.0,250000.0,36
2018-01-19,AXP-MPC,0.0,250000.0,36
2018-01-22,META-NFLX,1900.7465896606445,250000.0,36
2018-01-22,GILD-MDLZ,-2087.947597503662,250000.0,36
2018-01-22,MS-PSX,2898.635566711426,250000.0,36
2018-01-22,AXP-MS,1148.1736297607422,250000.0,36
2018-01-23,GILD-MDLZ,-2915.4030838012695,250000.0,36
2018-01-23,AXP-MS,2269.8687744140625,250000.0,36
2018-01-24,GILD-MDLZ,-3752.8770065307617,250000.0,36
2018-01-24,AXP-MS,4079.6014251708984,250000.0,36
2018-01-25,GILD-MDLZ,-2966.952880859375,250000.0,36
2018-01-25,AXP-MS,6909.1530685424805,250000.0,36
2018-01-26,GILD-MDLZ,-6641.343296051025,250000.0,36
2018-01-26,AXP-MS,3324.8869247436523,250000.0,36
2018-01-26,LLY-PFE,0.0,250000.0,36
2018-01-29,AXP-MS,3436.589553833008,250000.0,36
2018-01-29,LLY-PFE,922.0868453979492,250000.0,36
2018-01-30,AXP-MS,4337.100067138672,250000.0,36
2018-01-30,CRM-UNH,0.0,250000.0,36
2018-01-30,MSFT-UNH,0.0,250000.0,36
2018-01-31,AXP-MS,6251.945220947266,250000.0,36
2018-01-31,CRM-UNH,-4012.8272094726562,250000.0,36
2018-01-31,MSFT-UNH,-5856.418327331543,250000.0,36
2018-01-31,MSFT-WMT,0.0,250000.0,36
2018-02-01,AXP-MS,3794.7676315307617,250000.0,36
2018-02-01,CRM-UNH,-2769.3328552246094,250000.0,36
2018-02-01,MSFT-UNH,-5522.840888977051,250000.0,36
2018-02-01,MSFT-WMT,79.63717079162598,250000.0,36
2018-02-01,UNH-V,0.0,250000.0,36
2018-02-02,AXP-MS,4239.624176025391,250000.0,36
2018-02-02,CRM-UNH,-1453.4756546020508,250000.0,36
2018-02-02,MSFT-UNH,-2500.6192016601562,250000.0,36
2018-02-05,AXP-MS,5559.746482849121,250000.0,36
2018-02-05,MSFT-UNH,-5040.067100524902,250000.0,36
2018-02-06,AXP-MS,3117.725051879883,250000.0,36
2018-02-06,MSFT-UNH,-8385.379119873047,250000.0,36
2018-02-07,AXP-MS,754.9658660888672,250000.0,36
2018-02-07,MSFT-UNH,-3168.3280181884766,250000.0,36
2018-02-08,MSFT-UNH,-903.5646209716797,250000.0,36
2018-02-08,CRM-WMT,0.0,250000.0,36
2018-02-09,MSFT-UNH,-4523.095077514648,250000.0,36
2018-02-12,MSFT-UNH,-2038.285774230957,250000.0,36
2018-02-13,MSFT-UNH,-2883.551109313965,250000.0,36
2018-02-15,CRM-UNH,0.0,250000.0,36
2018-02-16,CRM-UNH,4342.715614318848,250000.0,36
2018-02-20,CRM-UNH,-2308.708984375,250000.0,36
2018-02-20,AMZN-WMT,0.0,250000.0,36
2018-02-20,CRM-WMT,0.0,250000.0,36
2018-02-20,MSFT-WMT,0.0,250000.0,36
2018-02-21,CRM-UNH,-4319.756317138672,250000.0,36
2018-02-21,AMZN-WMT,-8237.812244415283,250000.0,36
2018-02-21,CRM-WMT,-7256.280994415283,250000.0,36
2018-02-21,MSFT-WMT,-3126.934886932373,250000.0,36
2018-02-22,CRM-UNH,1477.7743072509766,250000.0,36
2018-02-22,AMZN-WMT,-5142.979688644409,250000.0,36
2018-02-22,CRM-WMT,348.61645698547363,250000.0,36
2018-02-22,MSFT-WMT,-538.8240795135498,250000.0,36
2018-02-23,CRM-UNH,66.09935760498047,250000.0,36
2018-02-23,AMZN-WMT,-6190.51466178894,250000.0,36
2018-02-23,CRM-WMT,-5006.657934188843,250000.0,36
2018-02-23,MSFT-WMT,-7329.4618129730225,250000.0,36
2018-02-26,CRM-UNH,234.60677337646484,250000.0,36
2018-02-26,AMZN-WMT,-7625.266080856323,250000.0,36
2018-02-26,CRM-WMT,-9288.058156967163,250000.0,36
2018-02-26,MSFT-WMT,-10868.033246994019,250000.0,36
2018-02-26,AXP-MPC,0.0,250000.0,36
2018-02-27,CRM-UNH,-1027.1152725219727,250000.0,36
2018-02-27,AMZN-WMT,-10946.195484161377,250000.0,36
2018-02-27,CRM-WMT,-13017.109203338623,250000.0,36
2018-02-27,MSFT-WMT,-11395.797710418701,250000.0,36
2018-02-27,AXP-MPC,6265.439502716064,250000.0,36
2018-02-28,CRM-UNH,-7521.618637084961,250000.0,36
2018-02-28,AMZN-WMT,-15001.105800628662,250000.0,36
2018-02-28,CRM-WMT,-16391.34672164917,250000.0,36
2018-02-28,MSFT-WMT,-14094.78925704956,250000.0,36
2018-02-28,AXP-MPC,9368.31489944458,250000.0,36
2018-03-01,AMZN-WMT,-15700.684280395508,250000.0,36
2018-03-01,MSFT-WMT,-13758.034271240234,250000.0,36
2018-03-01,CRM-MSFT,0.0,250000.0,36
2018-03-01,CRM-MA,0.0,250000.0,36
2018-03-01,HON-UNH,0.0,250000.0,36
2018-03-01,CRM-V,0.0,250000.0,36
2018-03-02,MSFT-WMT,-15191.679653167725,250000.0,36
2018-03-02,CRM-MSFT,-5049.564643859863,250000.0,36
2018-03-02,CRM-MA,-4544.580924987793,250000.0,36
2018-03-02,HON-UNH,1224.2498779296875,250000.0,36
2018-03-02,CRM-V,-4342.467681884766,250000.0,36
2018-03-02,AVGO-MCD,0.0,250000.0,36
2018-03-05,MSFT-WMT,-13777.816535949707,250000.0,36
2018-03-05,CRM-MSFT,-4762.692718505859,250000.0,36
2018-03-05,CRM-MA,-1061.2757263183594,250000.0,36
2018-03-05,HON-UNH,-1513.9828643798828,250000.0,36
2018-03-05,CRM-V,-3228.291717529297,250000.0,36
2018-03-05,AVGO-MCD,5895.491952896118,250000.0,36
2018-03-06,MSFT-WMT,-15245.243160247803,250000.0,36
2018-03-06,CRM-MA,-7867.559898376465,250000.0,36
2018-03-06,HON-UNH,2742.5250549316406,250000.0,36
2018-03-06,CRM-V,-8994.79232788086,250000.0,36
2018-03-06,AVGO-MCD,4911.416179656982,250000.0,36
2018-03-07,CRM-MA,-7751.490661621094,250000.0,36
2018-03-07,HON-UNH,3907.1923446655273,250000.0,36
2018-03-07,CRM-V,-9099.065948486328,250000.0,36
2018-03-07,AVGO-MCD,8149.452959060669,250000.0,36
2018-03-08,CRM-MA,-10485.375862121582,250000.0,36
2018-03-09,CRM-MA,-7584.5061111450195,250000.0,36
2018-03-12,CRM-MA,-6885.195556640625,250000.0,36
2018-03-13,CRM-MA,-8953.294105529785,250000.0,36
2018-03-14,CRM-MA,-13649.834815979004,250000.0,36
2018-03-15,CRM-MA,-10367.683860778809,250000.0,36
2018-03-20,HON-MPC,0.0,250000.0,36
2018-03-20,GOOGL-MPC,0.0,250000.0,36
2018-03-21,HON-MPC,-4244.585113525391,250000.0,36
2018-03-21,GOOGL-MPC,-6522.421859741211,250000.0,36
2018-03-22,GOOGL-MPC,-14785.307479858398,250000.0,36
2018-03-23,AXP-MS,0.0,250000.0,36
2018-03-26,AXP-MS,6438.34801864624,250000.0,36
2018-03-26,CRM-MSFT,0.0,250000.0,36
2018-03-27,AXP-MS,3277.3299522399902,250000.0,36
2018-03-27,CRM-MSFT,4504.1589279174805,250000.0,36
2018-03-28,AXP-MS,571.4529838562012,250000.0,36
2018-03-28,CRM-MSFT,3458.590003967285,250000.0,36
2018-03-29,AXP-MS,3508.0492362976074,250000.0,36
2018-03-29,CRM-MSFT,3076.529342651367,250000.0,36
2018-02-01,UNH-V,0.0,250000.0,37
2018-02-28,CL-SBUX,0.0,250000.0,37
2018-03-01,HON-UNH,0.0,250000.0,37
2018-03-01,CRM-MSFT,0.0,250000.0,37
2018-03-02,HON-UNH,1224.2498779296875,250000.0,37
2018-03-02,CRM-MSFT,-5049.564643859863,250000.0,37
2018-03-05,HON-UNH,-1513.9828643798828,250000.0,37
2018-03-05,CRM-MSFT,-4762.692718505859,250000.0,37
2018-03-05,AMGN-GILD,0.0,250000.0,37
2018-03-06,HON-UNH,2742.5250549316406,250000.0,37
2018-03-06,AMGN-GILD,4151.7128257751465,250000.0,37
2018-03-07,HON-UNH,3907.1923446655273,250000.0,37
2018-03-07,CL-COST,0.0,250000.0,37
2018-03-09,CL-DHR,0.0,250000.0,37
2018-03-12,CL-DHR,688.6463165283203,250000.0,37
2018-03-22,CVX-PFE,0.0,250000.0,37
2018-03-23,CL-UNP,0.0,250000.0,37
2018-03-23,CL-SBUX,0.0,250000.0,37
2018-03-26,CL-UNP,2349.1256675720215,250000.0,37
2018-03-26,CRM-MSFT,0.0,250000.0,37
2018-03-27,CL-UNP,-2828.959011077881,250000.0,37
2018-03-27,CRM-MSFT,4504.1589279174805,250000.0,37
2018-03-28,CL-UNP,-6582.232135772705,250000.0,37
2018-03-28,CRM-MSFT,3458.590003967285,250000.0,37
2018-03-29,CL-UNP,-1210.8886795043945,250000.0,37
2018-03-29,CRM-MSFT,3076.529342651367,250000.0,37
2018-04-02,CL-UNP,-981.9840049743652,250000.0,37
2018-04-03,CL-UNP,5.683021545410156,250000.0,37
2018-04-04,CL-UNP,-4055.1865310668945,250000.0,37
2018-04-05,CL-UNP,-3963.7502670288086,250000.0,37
2018-04-11,AXP-PSX,0.0,250000.0,37
2018-04-12,AXP-PSX,3450.8035888671875,250000.0,37
2018-04-13,AXP-PSX,78.30392456054688,250000.0,37
2018-04-16,AXP-PSX,-6242.556823730469,250000.0,37
2018-04-16,CL-COST,0.0,250000.0,37
2018-04-17,AXP-PSX,-8236.156341552734,250000.0,37
2018-04-17,CL-COST,-2045.5712203979492,250000.0,37
2018-04-18,AXP-PSX,-8059.485198974609,250000.0,37
2018-04-18,CL-COST,-2859.0831756591797,250000.0,37
2018-04-19,AXP-PSX,2716.0281677246094,250000.0,37
2018-04-19,CL-COST,-3017.2103424072266,250000.0,37
2018-04-20,AXP-PSX,-1428.8029479980469,250000.0,37
2018-04-20,CL-COST,-3467.645149230957,250000.0,37
2018-04-20,CL-EOG,0.0,250000.0,37
2018-04-23,AXP-PSX,-2925.182891845703,250000.0,37
2018-04-23,CL-COST,-4419.57160949707,250000.0,37
2018-04-23,CL-EOG,-5826.4330406188965,250000.0,37
2018-04-23,CL-CVX,0.0,250000.0,37
2018-04-24,AXP-PSX,2132.4149169921875,250000.0,37
2018-04-24,CL-COST,-3064.4888229370117,250000.0,37
2018-04-24,CL-EOG,-4392.274002075195,250000.0,37
2018-04-24,CL-CVX,3419.0184593200684,250000.0,37
2018-04-25,AXP-PSX,-2691.0970153808594,250000.0,37
2018-04-25,CL-EOG,-6918.265701293945,250000.0,37
2018-04-25,CL-CVX,1941.9543647766113,250000.0,37
2018-04-25,CL-VZ,0.0,250000.0,37
2018-04-25,CL-GS,0.0,250000.0,37
2018-04-26,CL-EOG,-11173.11735534668,250000.0,37
2018-04-26,CL-CVX,-181.64473342895508,250000.0,37
2018-04-26,CL-VZ,2358.732650756836,250000.0,37
2018-04-26,CL-GS,851.0132751464844,250000.0,37
2018-04-26,CL-SBUX,0.0,250000.0,37
2018-04-27,CL-EOG,-9387.211235046387,250000.0,37
2018-04-27,CL-CVX,-5087.3335609436035,250000.0,37
2018-04-27,CL-VZ,-6709.420372009277,250000.0,37
2018-04-27,CL-GS,550.7095642089844,250000.0,37
2018-04-30,CL-EOG,-17013.43366241455,250000.0,37
2018-04-30,CL-CVX,-8862.40043258667,250000.0,37
2018-04-30,CL-VZ,-598.0313720703125,250000.0,37
2018-04-30,CL-GS,-629.9974212646484,250000.0,37
2018-03-01,CRM-MSFT,0.0,250000.0,38
2018-03-01,AAPL-HON,0.0,250000.0,38
2018-03-02,CRM-MSFT,-5049.564643859863,250000.0,38
2018-03-02,AAPL-HON,839.6464004516602,250000.0,38
2018-03-02,AVGO-MCD,0.0,250000.0,38
2018-03-05,CRM-MSFT,-4762.692718505859,250000.0,38
2018-03-05,AAPL-HON,1094.9570007324219,250000.0,38
2018-03-05,AVGO-MCD,5895.491952896118,250000.0,38
2018-03-05,AMGN-GILD,0.0,250000.0,38
2018-03-06,AAPL-HON,2578.896728515625,250000.0,38
2018-03-06,AVGO-MCD,4911.416179656982,250000.0,38
2018-03-06,AMGN-GILD,4151.7128257751465,250000.0,38
2018-03-07,AAPL-HON,5414.882568359375,250000.0,38
2018-03-07,AVGO-MCD,8149.452959060669,250000.0,38
2018-03-07,CL-XOM,0.0,250000.0,38
2018-03-07,GOOGL-WMT,0.0,250000.0,38
2018-03-07,COP-DHR,0.0,250000.0,38
2018-03-08,GOOGL-WMT,-686.5104961395264,250000.0,38
2018-03-08,COP-DHR,-3050.4963760375977,250000.0,38
2018-03-08,AVGO-JNJ,0.0,250000.0,38
2018-03-09,GOOGL-WMT,-4301.20987701416,250000.0,38
2018-03-09,COP-DHR,-5077.6746826171875,250000.0,38
2018-03-09,AVGO-JNJ,-202.22525215148926,250000.0,38
2018-03-12,GOOGL-WMT,-7120.111513137817,250000.0,38
2018-03-12,COP-DHR,-4933.416492462158,250000.0,38
2018-03-13,GOOGL-WMT,-1574.6964740753174,250000.0,38
2018-03-13,COP-DHR,-5149.16170501709,250000.0,38
2018-03-14,GOOGL-WMT,-5066.810497283936,250000.0,38
2018-03-14,COP-DHR,-3612.1103515625,250000.0,38
2018-03-15,GOOGL-WMT,-5848.365285873413,250000.0,38
2018-03-15,COP-DHR,-3558.363468170166,250000.0,38
2018-03-16,GOOGL-WMT,1949.8014335632324,250000.0,38
2018-03-16,COP-DHR,-874.0712814331055,250000.0,38
2018-03-19,GOOGL-WMT,3470.315580368042,250000.0,38
2018-03-19,COP-DHR,172.54550170898438,250000.0,38
2018-03-19,CL-MO,0.0,250000.0,38
2018-03-20,COP-DHR,2020.340934753418,250000.0,38
2018-03-20,CL-MO,-2186.7423820495605,250000.0,38
2018-03-21,CL-MO,-3797.1568870544434,250000.0,38
2018-03-22,CL-MO,-2817.963653564453,250000.0,38
2018-03-22,INTC-TXN,0.0,250000.0,38
2018-03-23,CL-MO,-5331.9124755859375,250000.0,38
2018-03-23,INTC-TXN,-2738.1864738464355,250000.0,38
2018-03-23,AAPL-V,0.0,250000.0,38
2018-03-26,CL-MO,-3161.8895378112793,250000.0,38
2018-03-26,INTC-TXN,2710.0942039489746,250000.0,38
2018-03-26,AAPL-V,2779.0674591064453,250000.0,38
2018-03-26,HD-UNP,0.0,250000.0,38
2018-03-26,CRM-MSFT,0.0,250000.0,38
2018-03-27,CL-MO,-3554.446128845215,250000.0,38
2018-03-27,INTC-TXN,-4050.158271789551,250000.0,38
2018-03-27,AAPL-V,-1315.6904067993164,250000.0,38
2018-03-27,HD-UNP,-1300.2436294555664,250000.0,38
2018-03-27,CRM-MSFT,4504.1589279174805,250000.0,38
2018-03-28,CL-MO,-3428.940086364746,250000.0,38
2018-03-28,INTC-TXN,-1965.5320358276367,250000.0,38
2018-03-28,AAPL-V,-1004.4065246582031,250000.0,38
2018-03-28,HD-UNP,-2404.2984924316406,250000.0,38
2018-03-28,CRM-MSFT,3458.590003967285,250000.0,38
2018-03-29,INTC-TXN,-2892.3863983154297,250000.0,38
2018-03-29,AAPL-V,3785.012306213379,250000.0,38
2018-03-29,HD-UNP,614.7292404174805,250000.0,38
2018-03-29,CRM-MSFT,3076.529342651367,250000.0,38
2018-04-02,INTC-TXN,-3436.815776824951,250000.0,38
2018-04-02,AAPL-V,1859.1462020874023,250000.0,38
2018-04-03,INTC-TXN,-1660.118579864502,250000.0,38
2018-04-03,AAPL-V,2498.265838623047,250000.0,38
2018-04-04,INTC-TXN,2673.471508026123,250000.0,38
2018-04-04,AAPL-V,1746.1662292480469,250000.0,38
2018-04-05,INTC-TXN,-2961.475296020508,250000.0,38
2018-04-18,CL-MO,0.0,250000.0,38
2018-04-19,CL-MO,-5711.700263977051,250000.0,38
2018-04-19,CMCSA-PEP,0.0,250000.0,38
2018-04-19,AAPL-AXP,0.0,250000.0,38
2018-04-20,CL-MO,3254.392810821533,250000.0,38
2018-04-20,CMCSA-PEP,-6534.46199798584,250000.0,38
2018-04-20,AAPL-AXP,-413.8313446044922,250000.0,38
2018-04-23,AAPL-AXP,-263.8996696472168,250000.0,38
2018-04-24,AAPL-AXP,-1236.5726623535156,250000.0,38
2018-04-24,GOOGL-WMT,0.0,250000.0,38
2018-04-25,AAPL-AXP,3245.390636444092,250000.0,38
2018-04-25,GOOGL-WMT,-1780.1707515716553,250000.0,38
2018-04-26,AAPL-AXP,48.512176513671875,250000.0,38
2018-04-26,GOOGL-WMT,-5.6979827880859375,250000.0,38
2018-04-27,AAPL-AXP,416.0979309082031,250000.0,38
2018-04-27,GOOGL-WMT,-461.89628410339355,250000.0,38
2018-04-30,AAPL-AXP,4290.098888397217,250000.0,38
2018-04-30,AVGO-MCD,0.0,250000.0,38
2018-05-01,AAPL-AXP,7022.207492828369,250000.0,38
2018-05-01,AVGO-MCD,6525.322845458984,250000.0,38
2018-05-02,AAPL-AXP,13849.373523712158,250000.0,38
2018-05-02,AMGN-GILD,0.0,250000.0,38
2018-05-02,AAPL-ABT,0.0,250000.0,38
2018-05-03,AMGN-GILD,-2314.6414947509766,250000.0,38
2018-05-03,AAPL-ABT,210.5109405517578,250000.0,38
2018-05-04,AMGN-GILD,-3548.0516204833984,250000.0,38
2018-05-04,AAPL-ABT,779.2163963317871,250000.0,38
2018-05-07,AMGN-GILD,-5671.744285583496,250000.0,38
2018-05-07,AAPL-ABT,2723.482276916504,250000.0,38
2018-05-07,GOOGL-WMT,0.0,250000.0,38
2018-05-08,AMGN-GILD,-4966.908500671387,250000.0,38
2018-05-08,AAPL-ABT,-287.9893455505371,250000.0,38
2018-05-08,GOOGL-WMT,979.3146114349365,250000.0,38
2018-05-09,AMGN-GILD,-4724.15327835083,250000.0,38
2018-05-10,AMGN-GILD,-7407.54524230957,250000.0,38
2018-05-11,AMGN-GILD,-8561.97783279419,250000.0,38
2018-05-14,AMGN-GILD,-7960.442142486572,250000.0,38
2018-05-15,AMGN-GILD,-3419.5686264038086,250000.0,38
2018-05-16,AMGN-GILD,-5014.176231384277,250000.0,38
2018-05-21,CMCSA-PEP,0.0,250000.0,38
2018-05-22,CMCSA-PEP,-344.5828170776367,250000.0,38
2018-05-23,CMCSA-PEP,-4282.540714263916,250000.0,38
2018-05-24,CMCSA-PEP,-4648.952659606934,250000.0,38
2018-05-24,AVGO-JNJ,0.0,250000.0,38
2018-05-25,CMCSA-PEP,-4474.100608825684,250000.0,38
2018-05-25,AVGO-JNJ,-4573.894393920898,250000.0,38
2018-05-25,CL-MO,0.0,250000.0,38
2018-05-29,CL-MO,1375.6969108581543,250000.0,38
2018-05-29,AAPL-AXP,0.0,250000.0,38
2018-05-29,AAPL-V,0.0,250000.0,38
2018-05-30,CL-MO,1193.9788665771484,250000.0,38
2018-05-30,AAPL-AXP,3456.546661376953,250000.0,38
2018-05-30,AAPL-V,2116.121612548828,250000.0,38
2018-05-31,CL-MO,3711.915199279785,250000.0,38
2018-05-31,AAPL-AXP,2020.4504508972168,250000.0,38
2018-04-09,LMT-TMO,0.0,250000.0,39
2018-04-13,GOOGL-JPM,0.0,250000.0,39
2018-04-16,GOOGL-JPM,-1526.1827697753906,250000.0,39
2018-04-17,GOOGL-GS,0.0,250000.0,39
2018-04-18,GOOGL-GS,780.0512619018555,250000.0,39
2018-04-18,CL-MO,0.0,250000.0,39
2018-04-19,GOOGL-GS,-523.4089622497559,250000.0,39
2018-04-19,CL-MO,-5711.700263977051,250000.0,39
2018-04-20,GOOGL-GS,-1432.5687255859375,250000.0,39
2018-04-20,CL-MO,3254.392810821533,250000.0,39
2018-04-20,CL-XOM,0.0,250000.0,39
2018-04-23,CL-XOM,-8716.725650787354,250000.0,39
2018-04-24,CL-XOM,-3293.3630409240723,250000.0,39
2018-04-24,GOOGL-WMT,0.0,250000.0,39
2018-04-25,CL-XOM,-8254.834980010986,250000.0,39
2018-04-25,GOOGL-WMT,-1780.1707515716553,250000.0,39
2018-04-26,CL-XOM,-11476.12680053711,250000.0,39
2018-04-26,GOOGL-WMT,-5.6979827880859375,250000.0,39
2018-04-26,LMT-V,0.0,250000.0,39
2018-04-27,CL-XOM,-1822.0141067504883,250000.0,39
2018-04-27,GOOGL-WMT,-461.89628410339355,250000.0,39
2018-04-27,LMT-V,-1667.9465942382812,250000.0,39
2018-04-30,CL-XOM,-9810.57272720337,250000.0,39
2018-04-30,LMT-V,-3915.6405334472656,250000.0,39
2018-05-01,CL-XOM,-8661.778137207031,250000.0,39
2018-05-02,CL-XOM,-19368.15408706665,250000.0,39
2018-05-02,AMGN-GILD,0.0,250000.0,39
2018-05-03,CL-XOM,-17463.391799926758,250000.0,39
2018-05-03,AMGN-GILD,-2314.6414947509766,250000.0,39
2018-05-04,CL-XOM,-16258.170379638672,250000.0,39
2018-05-04,AMGN-GILD,-3548.0516204833984,250000.0,39
2018-05-07,AMGN-GILD,-5671.744285583496,250000.0,39
2018-05-07,GOOGL-WMT,0.0,250000.0,39
2018-05-08,AMGN-GILD,-4966.908500671387,250000.0,39
2018-05-08,GOOGL-WMT,979.3146114349365,250000.0,39
2018-05-09,AMGN-GILD,-4724.15327835083,250000.0,39
2018-05-10,AMGN-GILD,-7407.54524230957,250000.0,39
2018-05-11,AMGN-GILD,-8561.97783279419,250000.0,39
2018-05-14,AMGN-GILD,-7960.442142486572,250000.0,39
2018-05-15,AMGN-GILD,-3419.5686264038086,250000.0,39
2018-05-16,AMGN-GILD,-5014.176231384277,250000.0,39
2018-05-24,AVGO-JNJ,0.0,250000.0,39
2018-05-25,AVGO-JNJ,-4573.894393920898,250000.0,39
2018-05-25,CL-MO,0.0,250000.0,39
2018-05-29,CL-MO,1375.6969108581543,250000.0,39
2018-05-29,LMT-MS,0.0,250000.0,39
2018-05-29,GOOGL-JPM,0.0,250000.0,39
2018-05-29,GOOGL-GS,0.0,250000.0,39
2018-05-30,CL-MO,1193.9788665771484,250000.0,39
2018-05-30,LMT-MS,4266.334716796875,250000.0,39
2018-05-30,GOOGL-JPM,4737.530715942383,250000.0,39
2018-05-30,GOOGL-GS,1877.8495788574219,250000.0,39
2018-05-31,CL-MO,3711.915199279785,250000.0,39
2018-05-31,LMT-MS,1041.7540664672852,250000.0,39
2018-05-31,GOOGL-JPM,-754.4453620910645,250000.0,39
2018-05-31,GOOGL-GS,-5002.72318649292,250000.0,39
2018-06-01,LMT-MS,5964.32889175415,250000.0,39
2018-06-01,GOOGL-JPM,-1095.010555267334,250000.0,39
2018-06-01,GOOGL-GS,-7333.953449249268,250000.0,39
2018-06-04,LMT-MS,7347.866092681885,250000.0,39
2018-06-04,GOOGL-JPM,-2842.9212951660156,250000.0,39
2018-06-05,LMT-MS,3113.447498321533,250000.0,39
2018-06-05,GOOGL-JPM,-4073.236343383789,250000.0,39
2018-06-05,AMGN-GILD,0.0,250000.0,39
2018-06-05,ORCL-SBUX,0.0,250000.0,39
2018-06-06,LMT-MS,8790.216285705566,250000.0,39
2018-06-06,GOOGL-JPM,2293.399600982666,250000.0,39
2018-06-06,AMGN-GILD,-4156.757274627686,250000.0,39
2018-06-07,LMT-MS,9520.112705230713,250000.0,39
2018-06-07,GOOGL-JPM,4627.628791809082,250000.0,39
2018-06-07,AMGN-GILD,-4272.225620269775,250000.0,39
2018-06-08,LMT-MS,8295.055213928223,250000.0,39
2018-06-08,GOOGL-JPM,5535.94900894165,250000.0,39
2018-06-08,AMGN-GILD,-2847.1788215637207,250000.0,39
2018-06-11,LMT-MS,8265.574123382568,250000.0,39
2018-06-11,GOOGL-JPM,4028.143241882324,250000.0,39
2018-06-11,AMGN-GILD,-2108.9327392578125,250000.0,39
2018-06-12,LMT-MS,6818.044147491455,250000.0,39
2018-06-12,GOOGL-JPM,1764.1512985229492,250000.0,39
2018-06-12,AMGN-GILD,-901.7604789733887,250000.0,39
2018-06-13,LMT-MS,8386.139575958252,250000.0,39
2018-06-13,GOOGL-JPM,1654.572624206543,250000.0,39
2018-06-13,AMGN-GILD,-1540.594913482666,250000.0,39
2018-06-14,LMT-MS,7710.837757110596,250000.0,39
2018-06-14,AMGN-GILD,-5.170162200927734,250000.0,39
2018-06-15,LMT-MS,7053.058246612549,250000.0,39
2018-06-15,AMGN-GILD,2164.6399269104004,250000.0,39
2018-06-15,COP-UNP,0.0,250000.0,39
2018-06-18,LMT-MS,5229.612789154053,250000.0,39
2018-06-18,COP-UNP,2188.3359603881836,250000.0,39
2018-06-18,COP-DHR,0.0,250000.0,39
2018-06-19,LMT-MS,2420.7684631347656,250000.0,39
2018-06-19,GOOGL-UNP,0.0,250000.0,39
2018-06-20,LMT-MS,2200.5473670959473,250000.0,39
2018-06-20,GOOGL-UNP,321.1402587890625,250000.0,39
2018-06-21,LMT-MS,2211.764621734619,250000.0,39
2018-06-21,GOOGL-UNP,1610.60595703125,250000.0,39
2018-06-22,GOOGL-UNP,3116.2971725463867,250000.0,39
2018-06-25,GOOGL-UNP,1933.8700561523438,250000.0,39
2018-06-25,LMT-MS,0.0,250000.0,39
2018-06-26,GOOGL-UNP,2780.550682067871,250000.0,39
2018-06-26,LMT-MS,-867.9942169189453,250000.0,39
2018-06-27,GOOGL-UNP,2112.255844116211,250000.0,39
2018-06-27,LMT-MS,-2084.8103942871094,250000.0,39
2018-06-28,GOOGL-UNP,2514.204299926758,250000.0,39
2018-06-28,LMT-MS,3447.448928833008,250000.0,39
2018-06-29,GOOGL-UNP,3924.696990966797,250000.0,39
2018-06-29,LMT-MS,-1278.608901977539,250000.0,39
2018-05-02,AMGN-GILD,0.0,250000.0,40
2018-05-02,DIS-MDLZ,0.0,250000.0,40
2018-05-02,AAPL-PFE,0.0,250000.0,40
2018-05-03,AMGN-GILD,-2314.6414947509766,250000.0,40
2018-05-03,DIS-MDLZ,-968.7282562255859,250000.0,40
2018-05-03,AAPL-PFE,-1053.3903198242188,250000.0,40
2018-05-04,AMGN-GILD,-3548.0516204833984,250000.0,40
2018-05-04,DIS-MDLZ,4631.295127868652,250000.0,40
2018-05-04,AAPL-PFE,-3124.8254890441895,250000.0,40
2018-05-07,AMGN-GILD,-5671.744285583496,250000.0,40
2018-05-07,DIS-MDLZ,1478.7567596435547,250000.0,40
2018-05-07,AAPL-PFE,-2986.8315238952637,250000.0,40
2018-05-08,AMGN-GILD,-4966.908500671387,250000.0,40
2018-05-08,DIS-MDLZ,1669.6040802001953,250000.0,40
2018-05-08,AAPL-PFE,-2967.77042388916,250000.0,40
2018-05-09,AMGN-GILD,-4724.15327835083,250000.0,40
2018-05-09,AAPL-PFE,-2105.6035766601562,250000.0,40
2018-05-09,ABT-JPM,0.0,250000.0,40
2018-05-09,HON-WMT,0.0,250000.0,40
2018-05-10,AMGN-GILD,-7407.54524230957,250000.0,40
2018-05-10,AAPL-PFE,-1607.5381813049316,250000.0,40
2018-05-10,ABT-JPM,1233.1837463378906,250000.0,40
2018-05-10,HON-WMT,-4434.838432312012,250000.0,40
2018-05-11,AMGN-GILD,-8561.97783279419,250000.0,40
2018-05-11,HON-WMT,-2527.3268241882324,250000.0,40
2018-05-11,KO-LLY,0.0,250000.0,40
2018-05-14,AMGN-GILD,-7960.442142486572,250000.0,40
2018-05-14,HON-WMT,713.7283363342285,250000.0,40
2018-05-14,KO-LLY,-2402.2053298950195,250000.0,40
2018-05-15,AMGN-GILD,-3419.5686264038086,250000.0,40
2018-05-15,HON-WMT,955.6126251220703,250000.0,40
2018-05-15,KO-LLY,-1468.006935119629,250000.0,40
2018-05-16,AMGN-GILD,-5014.176231384277,250000.0,40
2018-05-16,HON-WMT,5224.227153778076,250000.0,40
2018-05-16,KO-LLY,-931.3826751708984,250000.0,40
2018-05-17,HON-WMT,-704.023738861084,250000.0,40
2018-05-17,KO-LLY,1524.3026809692383,250000.0,40
2018-05-18,HON-WMT,-7001.991901397705,250000.0,40
2018-05-18,KO-LLY,-354.38753509521484,250000.0,40
2018-05-21,HON-WMT,-10929.182746887207,250000.0,40
2018-05-21,KO-LLY,1580.5377349853516,250000.0,40
2018-05-22,KO-LLY,-446.32032012939453,250000.0,40
2018-05-23,KO-LLY,-1066.2172927856445,250000.0,40
2018-05-23,GOOGL-LOW,0.0,250000.0,40
2018-05-24,KO-LLY,-1575.9603805541992,250000.0,40
2018-05-24,GOOGL-LOW,-4878.282341003418,250000.0,40
2018-05-24,AVGO-JNJ,0.0,250000.0,40
2018-05-25,KO-LLY,-1340.9149856567383,250000.0,40
2018-05-25,GOOGL-LOW,-5746.982070922852,250000.0,40
2018-05-25,AVGO-JNJ,-4573.894393920898,250000.0,40
2018-05-25,AVGO-META,0.0,250000.0,40
2018-05-29,KO-LLY,1129.983055114746,250000.0,40
2018-05-29,GOOGL-LOW,-7326.341201782227,250000.0,40
2018-05-29,AVGO-META,1292.5903778076172,250000.0,40
2018-05-29,ABT-JPM,0.0,250000.0,40
2018-05-30,GOOGL-LOW,-9317.713302612305,250000.0,40
2018-05-30,ABT-JPM,4132.847885131836,250000.0,40
2018-05-31,GOOGL-LOW,2647.0222549438477,250000.0,40
2018-05-31,ABT-JPM,2077.1304779052734,250000.0,40
2018-05-31,KO-LLY,0.0,250000.0,40
2018-06-01,GOOGL-LOW,9186.758750915527,250000.0,40
2018-06-01,ABT-JPM,3554.5034561157227,250000.0,40
2018-06-01,KO-LLY,809.1647338867188,250000.0,40
2018-06-04,GOOGL-LOW,9027.351974487305,250000.0,40
2018-06-04,ABT-JPM,2423.2732849121094,250000.0,40
2018-06-04,KO-LLY,935.3077011108398,250000.0,40
2018-06-05,GOOGL-LOW,8762.579055786133,250000.0,40
2018-06-05,ABT-JPM,963.5213317871094,250000.0,40
2018-06-05,KO-LLY,876.5299682617188,250000.0,40
2018-06-05,AMGN-GILD,0.0,250000.0,40
2018-06-06,GOOGL-LOW,5137.095237731934,250000.0,40
2018-06-06,ABT-JPM,5864.7387771606445,250000.0,40
2018-06-06,KO-LLY,-1655.3305435180664,250000.0,40
2018-06-06,AMGN-GILD,-4156.757274627686,250000.0,40
2018-06-07,AMGN-GILD,-4272.225620269775,250000.0,40
2018-06-08,AMGN-GILD,-2847.1788215637207,250000.0,40
2018-06-11,AMGN-GILD,-2108.9327392578125,250000.0,40
2018-06-12,AMGN-GILD,-901.7604789733887,250000.0,40
2018-06-13,AMGN-GILD,-1540.594913482666,250000.0,40
2018-06-14,AMGN-GILD,-5.170162200927734,250000.0,40
2018-06-15,AMGN-GILD,2164.6399269104004,250000.0,40
2018-06-25,UNH-V,0.0,250000.0,40
2018-06-28,AVGO-LLY,0.0,250000.0,40
2018-06-29,AVGO-LLY,-919.9394950866699,250000.0,40
2018-07-02,AVGO-LLY,-2832.1381759643555,250000.0,40
2018-07-12,AVGO-KO,0.0,250000.0,40
2018-07-12,AVGO-META,0.0,250000.0,40
2018-07-13,AVGO-KO,-2233.7193031311035,250000.0,40
2018-07-13,AVGO-META,-11185.682723999023,250000.0,40
2018-07-13,JPM-LMT,0.0,250000.0,40
2018-07-16,AVGO-KO,-1984.2442817687988,250000.0,40
2018-07-16,AVGO-META,-9952.55046081543,250000.0,40
2018-07-17,AVGO-KO,-3654.9384441375732,250000.0,40
2018-07-17,AVGO-META,-6083.6183433532715,250000.0,40
2018-07-18,AVGO-META,-4653.93009185791,250000.0,40
2018-07-19,AVGO-META,-857.6369895935059,250000.0,40
2018-07-20,AVGO-META,-3148.2706451416016,250000.0,40
2018-07-20,KO-LLY,0.0,250000.0,40
2018-07-23,KO-LLY,3154.86079788208,250000.0,40
2018-07-24,GOOGL-LOW,0.0,250000.0,40
2018-07-25,GOOGL-LOW,-6406.8612060546875,250000.0,40
2018-07-26,GOOGL-LOW,-9783.20637512207,250000.0,40
2018-07-27,GOOGL-LOW,-3829.7874069213867,250000.0,40
2018-07-30,GOOGL-LOW,4452.55143737793,250000.0,40
2018-07-30,UNH-V,0.0,250000.0,40
2018-07-31,GOOGL-LOW,5229.7551193237305,250000.0,40
2018-07-31,UNH-V,1062.4774627685547,250000.0,40
2018-07-31,AAPL-PFE,0.0,250000.0,40
2018-06-06,TMUS-TSLA,0.0,250000.0,41
2018-06-06,EOG-UNH,0.0,250000.0,41
2018-06-07,TMUS-TSLA,3380.684638977051,250000.0,41
2018-06-07,EOG-UNH,1419.1972122192383,250000.0,41
2018-06-08,TMUS-TSLA,2087.404884338379,250000.0,41
2018-06-08,EOG-UNH,-543.8533401489258,250000.0,41
2018-06-11,TMUS-TSLA,-8596.071964263916,250000.0,41
2018-06-11,EOG-UNH,-3327.16934967041,250000.0,41
2018-06-12,TMUS-TSLA,-16621.16778945923,250000.0,41
2018-06-12,EOG-UNH,-2676.216033935547,250000.0,41
2018-06-13,TMUS-TSLA,-16283.247673034668,250000.0,41
2018-06-13,EOG-UNH,-2177.77693939209,250000.0,41
2018-06-13,T-TMUS,0.0,250000.0,41
2018-06-14,TMUS-TSLA,-23655.665172576904,250000.0,41
2018-06-14,EOG-UNH,-5354.628120422363,250000.0,41
2018-06-14,T-TMUS,-1856.4898881912231,250000.0,41
2018-06-15,TMUS-TSLA,-22453.35657310486,250000.0,41
2018-06-15,T-TMUS,-196.20531272888184,250000.0,41
2018-06-18,T-TMUS,-7332.668011665344,250000.0,41
2018-06-19,T-TMUS,-6923.224081993103,250000.0,41
2018-06-20,T-TMUS,-8364.756168365479,250000.0,41
2018-06-20,ORCL-WMT,0.0,250000.0,41
2018-06-21,ORCL-WMT,-1121.0027122497559,250000.0,41
2018-06-22,ORCL-WMT,-541.3813724517822,250000.0,41
2018-06-22,ORCL-VZ,0.0,250000.0,41
2018-06-25,ORCL-WMT,-5042.058465957642,250000.0,41
2018-06-25,ORCL-VZ,850.0158882141113,250000.0,41
2018-06-25,UNH-V,0.0,250000.0,41
2018-06-25,LMT-MS,0.0,250000.0,41
2018-06-26,ORCL-WMT,-3264.4880752563477,250000.0,41
2018-06-26,ORCL-VZ,2390.390956878662,250000.0,41
2018-06-26,LMT-MS,-867.9942169189453,250000.0,41
2018-06-27,LMT-MS,-2084.8103942871094,250000.0,41
2018-06-28,LMT-MS,3447.448928833008,250000.0,41
2018-06-29,LMT-MS,-1278.608901977539,250000.0,41
2018-07-02,LMT-MS,-1250.882308959961,250000.0,41
2018-07-03,LMT-MS,-5052.787567138672,250000.0,41
2018-07-05,LMT-MS,-6601.554656982422,250000.0,41
2018-07-06,LMT-MS,-4567.537307739258,250000.0,41
2018-07-09,LMT-MS,-925.4405517578125,250000.0,41
2018-07-12,AVGO-MCD,0.0,250000.0,41
2018-07-13,AVGO-MCD,-682.5476760864258,250000.0,41
2018-07-16,AVGO-MCD,-934.2721939086914,250000.0,41
2018-07-17,AVGO-MCD,-1354.0381107330322,250000.0,41
2018-07-18,AVGO-MCD,1607.4026985168457,250000.0,41
2018-07-18,ABT-TXN,0.0,250000.0,41
2018-07-18,AAPL-AXP,0.0,250000.0,41
2018-07-19,AVGO-MCD,2771.1207332611084,250000.0,41
2018-07-19,ABT-TXN,3607.0029678344727,250000.0,41
2018-07-20,AVGO-MCD,1882.7466201782227,250000.0,41
2018-07-23,AVGO-MCD,2051.714750289917,250000.0,41
2018-07-24,AVGO-MCD,3459.2821140289307,250000.0,41
2018-07-24,GOOGL-LOW,0.0,250000.0,41
2018-07-25,AVGO-MCD,3849.9315490722656,250000.0,41
2018-07-25,GOOGL-LOW,-6406.8612060546875,250000.0,41
2018-07-26,GOOGL-LOW,-9783.20637512207,250000.0,41
2018-07-27,GOOGL-LOW,-3829.7874069213867,250000.0,41
2018-07-30,GOOGL-LOW,4452.55143737793,250000.0,41
2018-07-30,UNH-V,0.0,250000.0,41
2018-07-31,GOOGL-LOW,5229.7551193237305,250000.0,41
2018-07-31,UNH-V,1062.4774627685547,250000.0,41
2018-08-01,GOOGL-LOW,496.55126190185547,250000.0,41
2018-08-01,UNH-V,3686.2747192382812,250000.0,41
2018-08-02,GOOGL-LOW,-2613.9136123657227,250000.0,41
2018-08-02,UNH-V,2350.35546875,250000.0,41
2018-08-03,GOOGL-LOW,-1478.3406524658203,250000.0,41
2018-08-03,UNH-V,2920.5667724609375,250000.0,41
2018-08-06,GOOGL-LOW,-1069.3781280517578,250000.0,41
2018-08-06,UNH-V,3154.1651000976562,250000.0,41
2018-08-06,T-TMUS,0.0,250000.0,41
2018-08-07,GOOGL-LOW,-2536.042953491211,250000.0,41
2018-08-07,UNH-V,3356.2711334228516,250000.0,41
2018-08-07,T-TMUS,4850.640298843384,250000.0,41
2018-08-08,UNH-V,2991.929733276367,250000.0,41
2018-08-08,T-TMUS,4045.1883544921875,250000.0,41
2018-08-09,UNH-V,-864.4364166259766,250000.0,41
2018-08-09,T-TMUS,6578.390554428101,250000.0,41
2018-08-10,UNH-V,-213.87939453125,250000.0,41
2018-08-10,T-TMUS,5593.8385219573975,250000.0,41
2018-08-13,UNH-V,144.93875122070312,250000.0,41
2018-08-13,T-TMUS,2673.682155609131,250000.0,41
2018-08-13,ABT-JPM,0.0,250000.0,41
2018-08-13,LMT-MS,0.0,250000.0,41
2018-08-14,T-TMUS,1816.9873676300049,250000.0,41
2018-08-14,ABT-JPM,1358.1429557800293,250000.0,41
2018-08-14,LMT-MS,-128.994873046875,250000.0,41
2018-08-15,T-TMUS,4837.268316268921,250000.0,41
2018-08-15,ABT-JPM,-478.8443717956543,250000.0,41
2018-08-15,LMT-MS,-1786.0960311889648,250000.0,41
2018-08-15,EOG-UNP,0.0,250000.0,41
2018-08-16,T-TMUS,5240.644117355347,250000.0,41
2018-08-16,ABT-JPM,801.2545013427734,250000.0,41
2018-08-16,LMT-MS,-1949.6993713378906,250000.0,41
2018-08-16,EOG-UNP,136.47219848632812,250000.0,41
2018-08-16,ORCL-WMT,0.0,250000.0,41
2018-08-16,GOOGL-LOW,0.0,250000.0,41
2018-08-17,T-TMUS,5295.229696273804,250000.0,41
2018-08-17,ABT-JPM,-65.44251251220703,250000.0,41
2018-08-17,LMT-MS,-1221.104248046875,250000.0,41
2018-08-17,EOG-UNP,-1645.4901275634766,250000.0,41
2018-08-17,ORCL-WMT,2491.4054222106934,250000.0,41
2018-08-17,GOOGL-LOW,-2313.442024230957,250000.0,41
2018-08-20,T-TMUS,5850.804193496704,250000.0,41
2018-08-20,ABT-JPM,-270.73920822143555,250000.0,41
2018-08-20,LMT-MS,-1067.7738723754883,250000.0,41
2018-08-20,EOG-UNP,-3977.4962005615234,250000.0,41
2018-08-20,ORCL-WMT,7292.854803085327,250000.0,41
2018-08-20,GOOGL-LOW,-3698.634510040283,250000.0,41
2018-08-21,T-TMUS,4518.788772583008,250000.0,41
2018-08-21,ABT-JPM,1095.083782196045,250000.0,41
2018-08-21,LMT-MS,155.08333587646484,250000.0,41
2018-08-21,EOG-UNP,-4265.734024047852,250000.0,41
2018-08-21,ORCL-WMT,7071.252334594727,250000.0,41
2018-08-22,T-TMUS,4193.807865142822,250000.0,41
2018-08-22,ABT-JPM,-1096.781379699707,250000.0,41
2018-08-22,LMT-MS,1879.559066772461,250000.0,41
2018-08-22,EOG-UNP,109.38558197021484,250000.0,41
2018-08-22,ORCL-WMT,8844.386199951172,250000.0,41
2018-08-22,GOOGL-LOW,0.0,250000.0,41
2018-08-23,T-TMUS,5673.59662437439,250000.0,41
2018-08-23,ABT-JPM,-1871.0746459960938,250000.0,41
2018-08-23,LMT-MS,487.0991744995117,250000.0,41
2018-08-23,EOG-UNP,-910.1867523193359,250000.0,41
2018-08-23,ORCL-WMT,10387.30178451538,250000.0,41
2018-08-23,GOOGL-LOW,-3973.2135467529297,250000.0,41
2018-08-24,T-TMUS,5537.082565307617,250000.0,41
2018-08-24,ABT-JPM,-2398.6869773864746,250000.0,41
2018-08-24,LMT-MS,-189.69236755371094,250000.0,41
2018-08-24,EOG-UNP,603.7234725952148,250000.0,41
2018-08-24,ORCL-WMT,11534.844051361084,250000.0,41
2018-08-24,GOOGL-LOW,-189.57198333740234,250000.0,41
2018-08-27,T-TMUS,4848.999132156372,250000.0,41
2018-08-27,ABT-JPM,910.7168579101562,250000.0,41
2018-08-27,EOG-UNP,-2349.949691772461,250000.0,41
2018-08-27,ORCL-WMT,12705.666791915894,250000.0,41
2018-08-27,GOOGL-LOW,3107.181510925293,250000.0,41
2018-08-28,T-TMUS,4981.946279525757,250000.0,41
2018-08-28,EOG-UNP,-619.0239486694336,250000.0,41
2018-08-28,ORCL-WMT,7529.466543197632,250000.0,41
2018-08-28,GOOGL-LOW,-1945.3728561401367,250000.0,41
2018-08-29,T-TMUS,1700.4046516418457,250000.0,41
2018-08-29,EOG-UNP,1101.302131652832,250000.0,41
2018-08-29,ORCL-WMT,9089.8189868927,250000.0,41
2018-08-29,GOOGL-LOW,644.4270401000977,250000.0,41
2018-08-30,T-TMUS,475.82242012023926,250000.0,41
2018-08-30,EOG-UNP,1770.3880767822266,250000.0,41
2018-08-30,GOOGL-LOW,604.5341186523438,250000.0,41
2018-08-31,T-TMUS,280.3852005004883,250000.0,41
2018-08-31,GOOGL-LOW,-5747.129302978516,250000.0,41
2018-07-11,AAPL-UNP,0.0,250000.0,42
2018-07-11,ABT-UNP,0.0,250000.0,42
2018-07-11,ABT-DHR,0.0,250000.0,42
2018-07-12,AAPL-UNP,-3395.5411071777344,250000.0,42
2018-07-12,ABT-UNP,-2639.317123413086,250000.0,42
2018-07-12,AVGO-XOM,0.0,250000.0,42
2018-07-12,AVGO-LLY,0.0,250000.0,42
2018-07-12,AVGO-KO,0.0,250000.0,42
2018-07-12,AVGO-MCD,0.0,250000.0,42
2018-07-12,AVGO-HON,0.0,250000.0,42
2018-07-13,ABT-UNP,-4559.223014831543,250000.0,42
2018-07-13,AVGO-XOM,-5344.672477722168,250000.0,42
2018-07-13,AVGO-LLY,-7902.8456954956055,250000.0,42
2018-07-13,AVGO-KO,-2233.7193031311035,250000.0,42
2018-07-13,AVGO-MCD,-682.5476760864258,250000.0,42
2018-07-13,AVGO-HON,-1612.175163269043,250000.0,42
2018-07-16,ABT-UNP,-1089.251808166504,250000.0,42
2018-07-16,AVGO-XOM,-2501.2784385681152,250000.0,42
2018-07-16,AVGO-LLY,-5509.609748840332,250000.0,42
2018-07-16,AVGO-KO,-1984.2442817687988,250000.0,42
2018-07-16,AVGO-MCD,-934.2721939086914,250000.0,42
2018-07-16,AVGO-HON,485.0696792602539,250000.0,42
2018-07-17,ABT-UNP,-6459.559005737305,250000.0,42
2018-07-17,AVGO-XOM,377.96248626708984,250000.0,42
2018-07-17,AVGO-LLY,-3111.1809825897217,250000.0,42
2018-07-17,AVGO-KO,-3654.9384441375732,250000.0,42
2018-07-17,AVGO-MCD,-1354.0381107330322,250000.0,42
2018-07-17,AVGO-HON,-1518.229742050171,250000.0,42
2018-07-17,COST-UNH,0.0,250000.0,42
2018-07-17,AAPL-UNH,0.0,250000.0,42
2018-07-18,AVGO-XOM,866.9021072387695,250000.0,42
2018-07-18,AVGO-LLY,-4050.9793739318848,250000.0,42
2018-07-18,AVGO-MCD,1607.4026985168457,250000.0,42
2018-07-18,AVGO-HON,-2491.467456817627,250000.0,42
2018-07-19,AVGO-XOM,2235.47762298584,250000.0,42
2018-07-19,AVGO-LLY,-1168.6690349578857,250000.0,42
2018-07-19,AVGO-MCD,2771.1207332611084,250000.0,42
2018-07-19,AVGO-HON,709.1993656158447,250000.0,42
2018-07-19,ABT-DHR,0.0,250000.0,42
2018-07-20,AVGO-XOM,4061.036819458008,250000.0,42
2018-07-20,AVGO-LLY,1500.0951461791992,250000.0,42
2018-07-20,AVGO-MCD,1882.7466201782227,250000.0,42
2018-07-20,AVGO-HON,-8748.185340881348,250000.0,42
2018-07-20,ABT-DHR,4093.0800704956055,250000.0,42
2018-07-23,AVGO-MCD,2051.714750289917,250000.0,42
2018-07-23,ABT-DHR,-526.1213150024414,250000.0,42
2018-07-24,AVGO-MCD,3459.2821140289307,250000.0,42
2018-07-24,ABT-DHR,-130.0147476196289,250000.0,42
2018-07-24,PYPL-TXN,0.0,250000.0,42
2018-07-25,AVGO-MCD,3849.9315490722656,250000.0,42
2018-07-25,ABT-DHR,854.9853286743164,250000.0,42
2018-07-25,PYPL-TXN,-1185.052505493164,250000.0,42
2018-07-26,ABT-DHR,747.2152862548828,250000.0,42
2018-07-26,PYPL-TXN,3938.4634323120117,250000.0,42
2018-07-26,AAPL-PSX,0.0,250000.0,42
2018-07-27,ABT-DHR,2802.85018157959,250000.0,42
2018-07-30,ABT-DHR,4975.072334289551,250000.0,42
2018-07-30,UNH-V,0.0,250000.0,42
2018-07-31,ABT-DHR,3538.7135009765625,250000.0,42
2018-07-31,UNH-V,1062.4774627685547,250000.0,42
2018-08-01,ABT-DHR,4063.564224243164,250000.0,42
2018-08-01,UNH-V,3686.2747192382812,250000.0,42
2018-08-01,AAPL-UNH,0.0,250000.0,42
2018-08-01,AAPL-COST,0.0,250000.0,42
2018-08-02,UNH-V,2350.35546875,250000.0,42
2018-08-02,AAPL-UNH,-2649.8028717041016,250000.0,42
2018-08-02,AAPL-COST,-740.853759765625,250000.0,42
2018-08-03,UNH-V,2920.5667724609375,250000.0,42
2018-08-03,AAPL-UNH,-2067.901237487793,250000.0,42
2018-08-03,AAPL-COST,-236.79633331298828,250000.0,42
2018-08-06,UNH-V,3154.1651000976562,250000.0,42
2018-08-06,AAPL-UNH,-3497.247604370117,250000.0,42
2018-08-06,AAPL-COST,-420.52259826660156,250000.0,42
2018-08-06,T-TMUS,0.0,250000.0,42
2018-08-07,UNH-V,3356.2711334228516,250000.0,42
2018-08-07,AAPL-UNH,-848.9319915771484,250000.0,42
2018-08-07,AAPL-COST,2666.075469970703,250000.0,42
2018-08-07,T-TMUS,4850.640298843384,250000.0,42
2018-08-08,UNH-V,2991.929733276367,250000.0,42
2018-08-08,AAPL-UNH,168.30054473876953,250000.0,42
2018-08-08,AAPL-COST,3367.9079513549805,250000.0,42
2018-08-08,T-TMUS,4045.1883544921875,250000.0,42
2018-08-09,UNH-V,-864.4364166259766,250000.0,42
2018-08-09,AAPL-UNH,1436.6056823730469,250000.0,42
2018-08-09,AAPL-COST,-5404.429336547852,250000.0,42
2018-08-09,T-TMUS,6578.390554428101,250000.0,42
2018-08-09,COST-UNH,0.0,250000.0,42
2018-08-09,UNH-UNP,0.0,250000.0,42
2018-08-10,UNH-V,-213.87939453125,250000.0,42
2018-08-10,AAPL-UNH,785.9785461425781,250000.0,42
2018-08-10,AAPL-COST,-2458.8394622802734,250000.0,42
2018-08-10,T-TMUS,5593.8385219573975,250000.0,42
2018-08-10,COST-UNH,2916.8062438964844,250000.0,42
2018-08-10,UNH-UNP,1026.779800415039,250000.0,42
2018-08-10,PYPL-TXN,0.0,250000.0,42
2018-08-13,UNH-V,144.93875122070312,250000.0,42
2018-08-13,AAPL-UNH,113.34821319580078,250000.0,42
2018-08-13,AAPL-COST,-4539.412254333496,250000.0,42
2018-08-13,T-TMUS,2673.682155609131,250000.0,42
2018-08-13,COST-UNH,1760.3191223144531,250000.0,42
2018-08-13,UNH-UNP,274.94409942626953,250000.0,42
2018-08-13,PYPL-TXN,-340.50445556640625,250000.0,42
2018-08-14,AAPL-UNH,1849.3156661987305,250000.0,42
2018-08-14,AAPL-COST,-2530.841453552246,250000.0,42
2018-08-14,T-TMUS,1816.9873676300049,250000.0,42
2018-08-14,COST-UNH,1358.084732055664,250000.0,42
2018-08-14,UNH-UNP,1031.5905990600586,250000.0,42
2018-08-14,PYPL-TXN,-959.3710174560547,250000.0,42
2018-08-15,AAPL-UNH,-1424.5914001464844,250000.0,42
2018-08-15,AAPL-COST,-3355.817611694336,250000.0,42
2018-08-15,T-TMUS,4837.268316268921,250000.0,42
2018-08-15,COST-UNH,3822.2785034179688,250000.0,42
2018-08-15,UNH-UNP,1080.6326522827148,250000.0,42
2018-08-15,PYPL-TXN,2747.2410430908203,250000.0,42
2018-08-15,AAPL-PSX,0.0,250000.0,42
2018-08-16,T-TMUS,5240.644117355347,250000.0,42
2018-08-16,COST-UNH,2722.378692626953,250000.0,42
2018-08-16,UNH-UNP,-272.1693115234375,250000.0,42
2018-08-16,PYPL-TXN,2017.5554656982422,250000.0,42
2018-08-16,AAPL-PSX,-2991.3876914978027,250000.0,42
2018-08-17,T-TMUS,5295.229696273804,250000.0,42
2018-08-17,COST-UNH,5553.126480102539,250000.0,42
2018-08-17,UNH-UNP,639.367561340332,250000.0,42
2018-08-17,PYPL-TXN,2286.6594161987305,250000.0,42
2018-08-17,AAPL-PSX,-4726.871490478516,250000.0,42
2018-08-20,T-TMUS,5850.804193496704,250000.0,42
2018-08-20,UNH-UNP,2924.017753601074,250000.0,42
2018-08-20,PYPL-TXN,265.7001266479492,250000.0,42
2018-08-20,AAPL-PSX,-182.20864486694336,250000.0,42
2018-08-21,T-TMUS,4518.788772583008,250000.0,42
2018-08-21,PYPL-TXN,4898.861862182617,250000.0,42
2018-08-21,AAPL-PSX,1033.9736061096191,250000.0,42
2018-08-22,T-TMUS,4193.807865142822,250000.0,42
2018-08-22,PYPL-TXN,4894.493423461914,250000.0,42
2018-08-22,AAPL-PSX,2140.13081741333,250000.0,42
2018-08-23,T-TMUS,5673.59662437439,250000.0,42
2018-08-23,PYPL-TXN,4459.267883300781,250000.0,42
2018-08-23,AAPL-PSX,4794.452606201172,250000.0,42
2018-08-23,ABT-DHR,0.0,250000.0,42
2018-08-24,T-TMUS,5537.082565307617,250000.0,42
2018-08-24,PYPL-TXN,1506.063949584961,250000.0,42
2018-08-24,AAPL-PSX,6271.1618728637695,250000.0,42
2018-08-27,T-TMUS,4848.999132156372,250000.0,42
2018-08-27,PYPL-TXN,5436.599746704102,250000.0,42
2018-08-27,AAPL-PSX,6795.192123413086,250000.0,42
2018-08-28,T-TMUS,4981.946279525757,250000.0,42
2018-08-28,PYPL-TXN,3557.19930267334,250000.0,42
2018-08-28,AAPL-PSX,5019.642196655273,250000.0,42
2018-08-29,T-TMUS,1700.4046516418457,250000.0,42
2018-08-29,PYPL-TXN,316.2809829711914,250000.0,42
2018-08-29,AAPL-PSX,4354.847709655762,250000.0,42
2018-08-30,AAPL-PSX,1056.4622421264648,250000.0,42
2018-09-05,BAC-JPM,0.0,250000.0,42
2018-09-05,UNH-V,0.0,250000.0,42
2018-09-05,ABT-UNP,0.0,250000.0,42
2018-09-06,BAC-JPM,507.9060974121094,250000.0,42
2018-09-06,UNH-V,669.3257141113281,250000.0,42
2018-09-06,ABT-UNP,-1328.3369178771973,250000.0,42
2018-09-07,BAC-JPM,900.1892318725586,250000.0,42
2018-09-07,UNH-V,-413.99822998046875,250000.0,42
2018-09-07,ABT-UNP,-828.1057090759277,250000.0,42
2018-09-10,BAC-JPM,-80.09175109863281,250000.0,42
2018-09-10,ABT-UNP,-1122.071662902832,250000.0,42
2018-09-10,COST-UNH,0.0,250000.0,42
2018-09-11,BAC-JPM,1227.8086395263672,250000.0,42
2018-09-11,ABT-UNP,-1511.442455291748,250000.0,42
2018-09-11,COST-UNH,610.086181640625,250000.0,42
2018-09-12,ABT-UNP,-1432.7891693115234,250000.0,42
2018-09-12,COST-UNH,3295.718017578125,250000.0,42
2018-09-13,ABT-UNP,4102.549610137939,250000.0,42
2018-09-13,COST-UNH,6747.365371704102,250000.0,42
2018-09-13,BAC-JPM,0.0,250000.0,42
2018-09-14,ABT-UNP,2579.0035400390625,250000.0,42
2018-09-14,BAC-JPM,2096.467088699341,250000.0,42
2018-09-14,AVGO-MCD,0.0,250000.0,42
2018-09-17,ABT-UNP,1286.7348747253418,250000.0,42
2018-09-17,BAC-JPM,544.7962188720703,250000.0,42
2018-09-17,AVGO-MCD,-4023.5150260925293,250000.0,42
2018-09-18,BAC-JPM,-1092.6478443145752,250000.0,42
2018-09-18,COST-UNP,0.0,250000.0,42
2018-09-18,AAPL-UNP,0.0,250000.0,42
2018-09-19,BAC-JPM,-1352.5223350524902,250000.0,42
2018-09-19,COST-UNP,1133.6559448242188,250000.0,42
2018-09-19,AAPL-UNP,1437.3156776428223,250000.0,42
2018-09-19,AAPL-MPC,0.0,250000.0,42
2018-09-20,BAC-JPM,-1880.7289295196533,250000.0,42
2018-09-20,COST-UNP,-679.5554656982422,250000.0,42
2018-09-20,AAPL-UNP,402.62114334106445,250000.0,42
2018-09-20,AAPL-MPC,3104.6982498168945,250000.0,42
2018-09-21,BAC-JPM,-1591.2102184295654,250000.0,42
2018-09-21,COST-UNP,-1772.1431121826172,250000.0,42
2018-09-21,AAPL-UNP,-2252.827911376953,250000.0,42
2018-09-24,BAC-JPM,-1691.1952285766602,250000.0,42
2018-09-24,COST-UNP,308.76995849609375,250000.0,42
2018-09-24,AAPL-UNP,2041.316764831543,250000.0,42
2018-09-24,ABT-DHR,0.0,250000.0,42
2018-09-25,BAC-JPM,-1589.2919025421143,250000.0,42
2018-09-25,COST-UNP,50.855133056640625,250000.0,42
2018-09-25,AAPL-UNP,2665.2205810546875,250000.0,42
2018-09-25,ABT-DHR,-931.5737724304199,250000.0,42
2018-09-26,BAC-JPM,-3391.7457218170166,250000.0,42
2018-09-26,COST-UNP,1129.7555236816406,250000.0,42
2018-09-26,AAPL-UNP,2455.6115646362305,250000.0,42
2018-09-26,ABT-DHR,-46.80363082885742,250000.0,42
2018-09-27,COST-UNP,-320.72119140625,250000.0,42
2018-09-27,AAPL-UNP,3130.1767578125,250000.0,42
2018-09-27,ABT-DHR,-1672.0867042541504,250000.0,42
2018-09-28,COST-UNP,1582.562026977539,250000.0,42
2018-09-28,AAPL-UNP,4997.389122009277,250000.0,42
2018-09-28,ABT-DHR,-1171.4265747070312,250000.0,42
2018-08-01,AAPL-COST,0.0,250000.0,43
2018-08-01,AAPL-UNH,0.0,250000.0,43
2018-08-01,AAPL-NKE,0.0,250000.0,43
2018-08-02,AAPL-COST,-740.853759765625,250000.0,43
2018-08-02,AAPL-UNH,-2649.8028717041016,250000.0,43
2018-08-02,AAPL-NKE,-2751.298484802246,250000.0,43
2018-08-02,ORCL-PG,0.0,250000.0,43
2018-08-03,AAPL-COST,-236.79633331298828,250000.0,43
2018-08-03,AAPL-UNH,-2067.901237487793,250000.0,43
2018-08-03,AAPL-NKE,-3105.8460807800293,250000.0,43
2018-08-03,ORCL-PG,-142.38512420654297,250000.0,43
2018-08-06,AAPL-COST,-420.52259826660156,250000.0,43
2018-08-06,AAPL-UNH,-3497.247604370117,250000.0,43
2018-08-06,AAPL-NKE,-1784.2338562011719,250000.0,43
2018-08-06,ORCL-PG,-418.3860168457031,250000.0,43
2018-08-06,T-TMUS,0.0,250000.0,43
2018-08-07,AAPL-COST,2666.075469970703,250000.0,43
2018-08-07,AAPL-UNH,-848.9319915771484,250000.0,43
2018-08-07,AAPL-NKE,3610.5223083496094,250000.0,43
2018-08-07,ORCL-PG,-1072.0843048095703,250000.0,43
2018-08-07,T-TMUS,4850.640298843384,250000.0,43
2018-08-08,AAPL-COST,3367.9079513549805,250000.0,43
2018-08-08,AAPL-UNH,168.30054473876953,250000.0,43
2018-08-08,AAPL-NKE,3363.3339500427246,250000.0,43
2018-08-08,ORCL-PG,-324.4848175048828,250000.0,43
2018-08-08,T-TMUS,4045.1883544921875,250000.0,43
2018-08-09,AAPL-COST,-5404.429336547852,250000.0,43
2018-08-09,AAPL-UNH,1436.6056823730469,250000.0,43
2018-08-09,AAPL-NKE,4061.854934692383,250000.0,43
2018-08-09,ORCL-PG,2798.4465408325195,250000.0,43
2018-08-09,T-TMUS,6578.390554428101,250000.0,43
2018-08-09,COST-UNH,0.0,250000.0,43
2018-08-09,COST-NKE,0.0,250000.0,43
2018-08-10,AAPL-COST,-2458.8394622802734,250000.0,43
2018-08-10,AAPL-UNH,785.9785461425781,250000.0,43
2018-08-10,AAPL-NKE,3021.795234680176,250000.0,43
2018-08-10,ORCL-PG,2373.6194458007812,250000.0,43
2018-08-10,T-TMUS,5593.8385219573975,250000.0,43
2018-08-10,COST-UNH,2916.8062438964844,250000.0,43
2018-08-10,COST-NKE,3936.536849975586,250000.0,43
2018-08-10,PYPL-TXN,0.0,250000.0,43
2018-08-13,AAPL-COST,-4539.412254333496,250000.0,43
2018-08-13,AAPL-UNH,113.34821319580078,250000.0,43
2018-08-13,AAPL-NKE,-293.10258865356445,250000.0,43
2018-08-13,ORCL-PG,1629.7834396362305,250000.0,43
2018-08-13,T-TMUS,2673.682155609131,250000.0,43
2018-08-13,COST-UNH,1760.3191223144531,250000.0,43
2018-08-13,COST-NKE,4885.177032470703,250000.0,43
2018-08-13,PYPL-TXN,-340.50445556640625,250000.0,43
2018-08-13,LMT-MS,0.0,250000.0,43
2018-08-14,AAPL-COST,-2530.841453552246,250000.0,43
2018-08-14,AAPL-UNH,1849.3156661987305,250000.0,43
2018-08-14,AAPL-NKE,-1274.491901397705,250000.0,43
2018-08-14,ORCL-PG,2603.185935974121,250000.0,43
2018-08-14,T-TMUS,1816.9873676300049,250000.0,43
2018-08-14,COST-UNH,1358.084732055664,250000.0,43
2018-08-14,PYPL-TXN,-959.3710174560547,250000.0,43
2018-08-14,LMT-MS,-128.994873046875,250000.0,43
2018-08-15,AAPL-COST,-3355.817611694336,250000.0,43
2018-08-15,AAPL-UNH,-1424.5914001464844,250000.0,43
2018-08-15,AAPL-NKE,-3640.6201171875,250000.0,43
2018-08-15,ORCL-PG,-1005.2628936767578,250000.0,43
2018-08-15,T-TMUS,4837.268316268921,250000.0,43
2018-08-15,COST-UNH,3822.2785034179688,250000.0,43
2018-08-15,PYPL-TXN,2747.2410430908203,250000.0,43
2018-08-15,LMT-MS,-1786.0960311889648,250000.0,43
2018-08-16,ORCL-PG,-4848.232154846191,250000.0,43
2018-08-16,T-TMUS,5240.644117355347,250000.0,43
2018-08-16,COST-UNH,2722.378692626953,250000.0,43
2018-08-16,PYPL-TXN,2017.5554656982422,250000.0,43
2018-08-16,LMT-MS,-1949.6993713378906,250000.0,43
2018-08-17,T-TMUS,5295.229696273804,250000.0,43
2018-08-17,COST-UNH,5553.126480102539,250000.0,43
2018-08-17,PYPL-TXN,2286.6594161987305,250000.0,43
2018-08-17,LMT-MS,-1221.104248046875,250000.0,43
2018-08-20,T-TMUS,5850.804193496704,250000.0,43
2018-08-20,PYPL-TXN,265.7001266479492,250000.0,43
2018-08-20,LMT-MS,-1067.7738723754883,250000.0,43
2018-08-21,T-TMUS,4518.788772583008,250000.0,43
2018-08-21,PYPL-TXN,4898.861862182617,250000.0,43
2018-08-21,LMT-MS,155.08333587646484,250000.0,43
2018-08-22,T-TMUS,4193.807865142822,250000.0,43
2018-08-22,PYPL-TXN,4894.493423461914,250000.0,43
2018-08-22,LMT-MS,1879.559066772461,250000.0,43
2018-08-23,T-TMUS,5673.59662437439,250000.0,43
2018-08-23,PYPL-TXN,4459.267883300781,250000.0,43
2018-08-23,LMT-MS,487.0991744995117,250000.0,43
2018-08-24,T-TMUS,5537.082565307617,250000.0,43
2018-08-24,PYPL-TXN,1506.063949584961,250000.0,43
2018-08-24,LMT-MS,-189.69236755371094,250000.0,43
2018-08-27,T-TMUS,4848.999132156372,250000.0,43
2018-08-27,PYPL-TXN,5436.599746704102,250000.0,43
2018-08-28,PYPL-TXN,3557.19930267334,250000.0,43
2018-08-29,PYPL-TXN,316.2809829711914,250000.0,43
2018-09-04,DIS-VZ,0.0,250000.0,43
2018-09-04,COST-NKE,0.0,250000.0,43
2018-09-05,COST-NKE,12.241348266601562,250000.0,43
2018-09-05,UNH-V,0.0,250000.0,43
2018-09-06,COST-NKE,377.5290069580078,250000.0,43
2018-09-06,UNH-V,669.3257141113281,250000.0,43
2018-09-07,COST-NKE,-5038.728897094727,250000.0,43
2018-09-07,UNH-V,-413.99822998046875,250000.0,43
2018-09-10,COST-NKE,-1221.7710266113281,250000.0,43
2018-09-10,COST-UNH,0.0,250000.0,43
2018-09-10,NKE-UNH,0.0,250000.0,43
2018-09-11,COST-NKE,-656.8510284423828,250000.0,43
2018-09-11,COST-UNH,610.086181640625,250000.0,43
2018-09-11,NKE-UNH,262.7198791503906,250000.0,43
2018-09-12,COST-NKE,2394.5960235595703,250000.0,43
2018-09-12,COST-UNH,3295.718017578125,250000.0,43
2018-09-12,NKE-UNH,1134.4409637451172,250000.0,43
2018-09-12,ORCL-T,0.0,250000.0,43
2018-09-13,COST-NKE,5119.480728149414,250000.0,43
2018-09-13,COST-UNH,6747.365371704102,250000.0,43
2018-09-13,NKE-UNH,2962.805938720703,250000.0,43
2018-09-13,ORCL-T,-2447.2772254943848,250000.0,43
2018-09-14,NKE-UNH,2752.000343322754,250000.0,43
2018-09-14,ORCL-T,-1465.4587125778198,250000.0,43
2018-09-17,NKE-UNH,1799.6242141723633,250000.0,43
2018-09-17,ORCL-T,-1707.5702714920044,250000.0,43
2018-09-18,NKE-UNH,-2523.183433532715,250000.0,43
2018-09-18,ORCL-T,-2653.9182844161987,250000.0,43
2018-09-19,NKE-UNH,1001.9511337280273,250000.0,43
2018-09-19,ORCL-T,492.9647731781006,250000.0,43
2018-09-19,LMT-MS,0.0,250000.0,43
2018-09-20,NKE-UNH,252.3196029663086,250000.0,43
2018-09-20,ORCL-T,1291.448431968689,250000.0,43
2018-09-20,LMT-MS,-5232.163612365723,250000.0,43
2018-09-21,NKE-UNH,182.81958770751953,250000.0,43
2018-09-21,ORCL-T,-366.12928009033203,250000.0,43
2018-09-21,LMT-MS,-1913.4036827087402,250000.0,43
2018-09-24,NKE-UNH,3256.0489807128906,250000.0,43
2018-09-24,ORCL-T,-1153.50554561615,250000.0,43
2018-09-24,LMT-MS,2397.775001525879,250000.0,43
2018-09-24,ORCL-PG,0.0,250000.0,43
2018-09-25,ORCL-T,603.0945568084717,250000.0,43
2018-09-25,ORCL-PG,-5348.316558837891,250000.0,43
2018-09-25,GOOGL-UNH,0.0,250000.0,43
2018-09-26,ORCL-T,3551.1012477874756,250000.0,43
2018-09-26,ORCL-PG,-4569.848587036133,250000.0,43
2018-09-26,GOOGL-UNH,-585.5162811279297,250000.0,43
2018-09-27,ORCL-T,3106.820529937744,250000.0,43
2018-09-27,ORCL-PG,-5998.528656005859,250000.0,43
2018-09-27,GOOGL-UNH,-239.77840423583984,250000.0,43
2018-09-28,ORCL-T,1737.948473930359,250000.0,43
2018-09-28,ORCL-PG,-4376.196197509766,250000.0,43
2018-09-28,GOOGL-UNH,1105.4796142578125,250000.0,43
2018-10-01,ORCL-T,2728.557286262512,250000.0,43
2018-10-01,ORCL-PG,-4039.9450073242188,250000.0,43
2018-10-02,ORCL-PG,4343.651077270508,250000.0,43
2018-10-02,COST-NKE,0.0,250000.0,43
2018-10-02,NKE-UNH,0.0,250000.0,43
2018-10-02,GILD-ORCL,0.0,250000.0,43
2018-10-03,ORCL-PG,2336.3134765625,250000.0,43
2018-10-03,COST-NKE,1785.0651245117188,250000.0,43
2018-10-03,NKE-UNH,-675.6550445556641,250000.0,43
2018-10-03,GILD-ORCL,-2945.205493927002,250000.0,43
2018-10-04,ORCL-PG,174.09669494628906,250000.0,43
2018-10-04,COST-NKE,-3966.3842010498047,250000.0,43
2018-10-04,NKE-UNH,-1956.6117782592773,250000.0,43
2018-10-04,GILD-ORCL,-225.8694190979004,250000.0,43
2018-10-05,ORCL-PG,1340.6323699951172,250000.0,43
2018-10-05,NKE-UNH,-2864.0228271484375,250000.0,43
2018-10-05,GILD-ORCL,-283.7336769104004,250000.0,43
2018-10-05,COST-UNH,0.0,250000.0,43
2018-10-05,AAPL-COST,0.0,250000.0,43
2018-10-08,ORCL-PG,2041.8904266357422,250000.0,43
2018-10-08,NKE-UNH,-2514.8276443481445,250000.0,43
2018-10-08,GILD-ORCL,-503.6733627319336,250000.0,43
2018-10-08,COST-UNH,2947.2117767333984,250000.0,43
2018-10-08,AAPL-COST,6218.406219482422,250000.0,43
2018-10-09,ORCL-PG,3426.428955078125,250000.0,43
2018-10-09,NKE-UNH,-3230.687255859375,250000.0,43
2018-10-09,GILD-ORCL,-3178.395366668701,250000.0,43
2018-10-09,COST-UNH,2056.6689453125,250000.0,43
2018-10-09,AAPL-COST,4212.02889251709,250000.0,43
2018-10-10,NKE-UNH,-5391.909782409668,250000.0,43
2018-10-10,COST-NKE,0.0,250000.0,43
2018-10-11,NKE-UNH,-566.9042205810547,250000.0,43
2018-10-11,COST-NKE,-2090.707534790039,250000.0,43
2018-10-11,AAPL-UNH,0.0,250000.0,43
2018-10-12,NKE-UNH,-655.6157913208008,250000.0,43
2018-10-12,COST-NKE,-1794.188232421875,250000.0,43
2018-10-12,AAPL-UNH,-615.1032524108887,250000.0,43
2018-10-15,NKE-UNH,-2699.547019958496,250000.0,43
2018-10-15,COST-NKE,-2782.89697265625,250000.0,43
2018-10-15,AAPL-UNH,1888.73779296875,250000.0,43
2018-10-16,COST-NKE,2820.3682708740234,250000.0,43
2018-10-17,COST-NKE,-1205.7117462158203,250000.0,43
2018-10-18,COST-NKE,-4217.723968505859,250000.0,43
2018-10-19,COST-NKE,-9783.448333740234,250000.0,43
2018-10-19,ORCL-PG,0.0,250000.0,43
2018-10-22,COST-NKE,-6961.852432250977,250000.0,43
2018-10-22,ORCL-PG,3162.03706741333,250000.0,43
2018-10-23,COST-NKE,-11867.708953857422,250000.0,43
2018-10-23,ORCL-PG,1723.8379096984863,250000.0,43
2018-10-23,MCD-WMT,0.0,250000.0,43
2018-10-24,COST-NKE,-11716.506591796875,250000.0,43
2018-10-24,MCD-WMT,-952.2485504150391,250000.0,43
2018-10-24,PYPL-TXN,0.0,250000.0,43
2018-10-24,DIS-VZ,0.0,250000.0,43
2018-10-24,ORCL-T,0.0,250000.0,43
2018-10-25,MCD-WMT,6646.063186645508,250000.0,43
2018-10-25,PYPL-TXN,-4757.974044799805,250000.0,43
2018-10-25,DIS-VZ,9128.489837646484,250000.0,43
2018-10-25,ORCL-T,-5838.037200927734,250000.0,43
2018-10-26,MCD-WMT,9371.684921264648,250000.0,43
2018-10-26,PYPL-TXN,-4340.114456176758,250000.0,43
2018-10-26,AAPL-COST,0.0,250000.0,43
2018-10-29,PYPL-TXN,-2196.533981323242,250000.0,43
2018-10-30,PYPL-TXN,7971.371841430664,250000.0,43
2018-10-31,PYPL-TXN,2826.189193725586,250000.0,43
2018-09-04,COST-NKE,0.0,250000.0,44
2018-09-04,DIS-VZ,0.0,250000.0,44
2018-09-04,NKE-UNP,0.0,250000.0,44
2018-09-05,COST-NKE,12.241348266601562,250000.0,44
2018-09-05,NKE-UNP,-4303.192153930664,250000.0,44
2018-09-05,UNH-V,0.0,250000.0,44
2018-09-05,TXN-UNP,0.0,250000.0,44
2018-09-05,EOG-V,0.0,250000.0,44
2018-09-06,COST-NKE,377.5290069580078,250000.0,44
2018-09-06,NKE-UNP,-4363.8933181762695,250000.0,44
2018-09-06,UNH-V,669.3257141113281,250000.0,44
2018-09-06,TXN-UNP,-1140.6292343139648,250000.0,44
2018-09-06,ORCL-PEP,0.0,250000.0,44
2018-09-07,COST-NKE,-5038.728897094727,250000.0,44
2018-09-07,UNH-V,-413.99822998046875,250000.0,44
2018-09-07,TXN-UNP,-5539.186012268066,250000.0,44
2018-09-07,ORCL-PEP,2137.992328643799,250000.0,44
2018-09-10,COST-NKE,-1221.7710266113281,250000.0,44
2018-09-10,ORCL-PEP,5183.919509887695,250000.0,44
2018-09-11,COST-NKE,-656.8510284423828,250000.0,44
2018-09-11,ORCL-PG,0.0,250000.0,44
2018-09-12,COST-NKE,2394.5960235595703,250000.0,44
2018-09-12,ORCL-PG,1521.7939910888672,250000.0,44
2018-09-12,ORCL-T,0.0,250000.0,44
2018-09-13,COST-NKE,5119.480728149414,250000.0,44
2018-09-13,ORCL-T,-2447.2772254943848,250000.0,44
2018-09-14,ORCL-T,-1465.4587125778198,250000.0,44
2018-09-17,ORCL-T,-1707.5702714920044,250000.0,44
2018-09-18,ORCL-T,-2653.9182844161987,250000.0,44
2018-09-18,NKE-UNP,0.0,250000.0,44
2018-09-19,ORCL-T,492.9647731781006,250000.0,44
2018-09-19,NKE-UNP,217.59423828125,250000.0,44
2018-09-20,ORCL-T,1291.448431968689,250000.0,44
2018-09-20,NKE-UNP,-319.8943176269531,250000.0,44
2018-09-21,ORCL-T,-366.12928009033203,250000.0,44
2018-09-21,NKE-UNP,-1565.0750427246094,250000.0,44
2018-09-24,ORCL-T,-1153.50554561615,250000.0,44
2018-09-24,NKE-UNP,-585.2412338256836,250000.0,44
2018-09-24,ORCL-PG,0.0,250000.0,44
2018-09-24,ABT-V,0.0,250000.0,44
2018-09-24,DIS-HON,0.0,250000.0,44
2018-09-24,ORCL-PEP,0.0,250000.0,44
2018-09-25,ORCL-T,603.0945568084717,250000.0,44
2018-09-25,NKE-UNP,78.0447006225586,250000.0,44
2018-09-25,ORCL-PG,-5348.316558837891,250000.0,44
2018-09-25,ABT-V,-1975.4924125671387,250000.0,44
2018-09-25,DIS-HON,-962.2272796630859,250000.0,44
2018-09-25,ORCL-PEP,-2415.0519409179688,250000.0,44
2018-09-25,GOOGL-UNH,0.0,250000.0,44
2018-09-26,ORCL-T,3551.1012477874756,250000.0,44
2018-09-26,NKE-UNP,-783.8861541748047,250000.0,44
2018-09-26,ORCL-PG,-4569.848587036133,250000.0,44
2018-09-26,ABT-V,-4822.047100067139,250000.0,44
2018-09-26,DIS-HON,-2705.4898681640625,250000.0,44
2018-09-26,ORCL-PEP,-3134.021110534668,250000.0,44
2018-09-26,GOOGL-UNH,-585.5162811279297,250000.0,44
2018-09-27,ORCL-T,3106.820529937744,250000.0,44
2018-09-27,NKE-UNP,-1155.602554321289,250000.0,44
2018-09-27,ORCL-PG,-5998.528656005859,250000.0,44
2018-09-27,ABT-V,-4219.334300994873,250000.0,44
2018-09-27,DIS-HON,-4384.289413452148,250000.0,44
2018-09-27,ORCL-PEP,-4354.413162231445,250000.0,44
2018-09-27,GOOGL-UNH,-239.77840423583984,250000.0,44
2018-09-28,ORCL-T,1737.948473930359,250000.0,44
2018-09-28,NKE-UNP,575.8252563476562,250000.0,44
2018-09-28,ORCL-PG,-4376.196197509766,250000.0,44
2018-09-28,ABT-V,-5338.2496337890625,250000.0,44
2018-09-28,DIS-HON,-3978.2969970703125,250000.0,44
2018-09-28,ORCL-PEP,-2211.138214111328,250000.0,44
2018-09-28,GOOGL-UNH,1105.4796142578125,250000.0,44
2018-10-01,ORCL-T,2728.557286262512,250000.0,44
2018-10-01,NKE-UNP,-2030.0868682861328,250000.0,44
2018-10-01,ORCL-PG,-4039.9450073242188,250000.0,44
2018-10-01,ABT-V,-6928.013526916504,250000.0,44
2018-10-01,DIS-HON,-245.9819793701172,250000.0,44
2018-10-01,ORCL-PEP,-5511.770523071289,250000.0,44
2018-10-02,NKE-UNP,-2628.8096466064453,250000.0,44
2018-10-02,ORCL-PG,4343.651077270508,250000.0,44
2018-10-02,DIS-HON,-2710.4629516601562,250000.0,44
2018-10-02,ORCL-PEP,-4228.163391113281,250000.0,44
2018-10-02,COST-NKE,0.0,250000.0,44
2018-10-02,KO-PEP,0.0,250000.0,44
2018-10-03,ORCL-PG,2336.3134765625,250000.0,44
2018-10-03,DIS-HON,-2732.1649475097656,250000.0,44
2018-10-03,ORCL-PEP,-5153.002494812012,250000.0,44
2018-10-03,COST-NKE,1785.0651245117188,250000.0,44
2018-10-03,KO-PEP,1832.5995635986328,250000.0,44
2018-10-04,ORCL-PG,174.09669494628906,250000.0,44
2018-10-04,DIS-HON,-2745.7418212890625,250000.0,44
2018-10-04,ORCL-PEP,-6160.220069885254,250000.0,44
2018-10-04,COST-NKE,-3966.3842010498047,250000.0,44
2018-10-04,KO-PEP,-116.10102081298828,250000.0,44
2018-10-04,NKE-UNP,0.0,250000.0,44
2018-10-04,HON-VZ,0.0,250000.0,44
2018-10-05,ORCL-PG,1340.6323699951172,250000.0,44
2018-10-05,DIS-HON,-1975.3232879638672,250000.0,44
2018-10-05,ORCL-PEP,-5990.520317077637,250000.0,44
2018-10-05,KO-PEP,-607.089973449707,250000.0,44
2018-10-05,NKE-UNP,866.9155197143555,250000.0,44
2018-10-05,HON-VZ,-365.6839141845703,250000.0,44
2018-10-05,CMCSA-MO,0.0,250000.0,44
2018-10-08,ORCL-PG,2041.8904266357422,250000.0,44
2018-10-08,DIS-HON,-2374.170913696289,250000.0,44
2018-10-08,ORCL-PEP,-2241.6589431762695,250000.0,44
2018-10-08,KO-PEP,-1003.362663269043,250000.0,44
2018-10-08,NKE-UNP,-56.207244873046875,250000.0,44
2018-10-08,HON-VZ,170.99282836914062,250000.0,44
2018-10-08,CMCSA-MO,-1757.774257659912,250000.0,44
2018-10-09,ORCL-PG,3426.428955078125,250000.0,44
2018-10-09,KO-PEP,-518.6743011474609,250000.0,44
2018-10-09,NKE-UNP,3720.2751541137695,250000.0,44
2018-10-09,CMCSA-MO,-355.1517143249512,250000.0,44
2018-10-10,KO-PEP,2781.846122741699,250000.0,44
2018-10-10,NKE-UNP,1957.5870666503906,250000.0,44
2018-10-10,CMCSA-MO,-4590.111669540405,250000.0,44
2018-10-10,COST-NKE,0.0,250000.0,44
2018-10-11,KO-PEP,5001.578033447266,250000.0,44
2018-10-11,CMCSA-MO,-10.224992752075195,250000.0,44
2018-10-11,COST-NKE,-2090.707534790039,250000.0,44
2018-10-12,COST-NKE,-1794.188232421875,250000.0,44
2018-10-15,COST-NKE,-2782.89697265625,250000.0,44
2018-10-16,COST-NKE,2820.3682708740234,250000.0,44
2018-10-16,UNH-UNP,0.0,250000.0,44
2018-10-17,COST-NKE,-1205.7117462158203,250000.0,44
2018-10-17,UNH-UNP,2485.718978881836,250000.0,44
2018-10-18,COST-NKE,-4217.723968505859,250000.0,44
2018-10-18,UNH-UNP,975.5087280273438,250000.0,44
2018-10-19,COST-NKE,-9783.448333740234,250000.0,44
2018-10-19,UNH-UNP,3505.9774475097656,250000.0,44
2018-10-19,ORCL-PG,0.0,250000.0,44
2018-10-19,AXP-TMO,0.0,250000.0,44
2018-10-22,COST-NKE,-6961.852432250977,250000.0,44
2018-10-22,UNH-UNP,5044.498374938965,250000.0,44
2018-10-22,ORCL-PG,3162.03706741333,250000.0,44
2018-10-22,AXP-TMO,5267.328567504883,250000.0,44
2018-10-23,COST-NKE,-11867.708953857422,250000.0,44
2018-10-23,UNH-UNP,-3643.6670150756836,250000.0,44
2018-10-23,ORCL-PG,1723.8379096984863,250000.0,44
2018-10-23,AXP-TMO,2981.1559295654297,250000.0,44
2018-10-23,HON-VZ,0.0,250000.0,44
2018-10-24,COST-NKE,-11716.506591796875,250000.0,44
2018-10-24,UNH-UNP,3343.069808959961,250000.0,44
2018-10-24,AXP-TMO,7697.673309326172,250000.0,44
2018-10-24,HON-VZ,-6595.304737091064,250000.0,44
2018-10-24,DIS-VZ,0.0,250000.0,44
2018-10-24,ORCL-T,0.0,250000.0,44
2018-10-24,ORCL-PEP,0.0,250000.0,44
2018-10-24,KO-PEP,0.0,250000.0,44
2018-10-25,UNH-UNP,-2349.8700103759766,250000.0,44
2018-10-25,HON-VZ,40.7419548034668,250000.0,44
2018-10-25,DIS-VZ,9128.489837646484,250000.0,44
2018-10-25,ORCL-T,-5838.037200927734,250000.0,44
2018-10-25,ORCL-PEP,2476.79545211792,250000.0,44
2018-10-25,KO-PEP,-517.4698181152344,250000.0,44
2018-10-26,UNH-UNP,4325.390914916992,250000.0,44
2018-10-26,HON-VZ,2506.7052154541016,250000.0,44
2018-10-26,KO-PEP,2751.910385131836,250000.0,44
2018-10-29,UNH-UNP,4499.422256469727,250000.0,44
2018-10-29,HON-VZ,-2235.075382232666,250000.0,44
2018-10-29,KO-PEP,-778.8659934997559,250000.0,44
2018-10-30,UNH-UNP,9955.061958312988,250000.0,44
2018-10-30,HON-VZ,-7547.418422698975,250000.0,44
2018-10-30,KO-PEP,1320.7796592712402,250000.0,44
2018-10-31,UNH-UNP,5309.456901550293,250000.0,44
2018-10-31,HON-VZ,-712.4703979492188,250000.0,44
2018-11-01,UNH-UNP,7498.4892501831055,250000.0,44
2018-11-01,HON-VZ,3420.152744293213,250000.0,44
2018-11-02,UNH-UNP,9632.370895385742,250000.0,44
2018-11-02,HON-VZ,2032.91410446167,250000.0,44
2018-11-05,UNH-UNP,9648.708824157715,250000.0,44
2018-11-05,HON-VZ,1392.0838623046875,250000.0,44
2018-11-06,UNH-UNP,8512.4462890625,250000.0,44
2018-11-06,HON-VZ,2806.7921142578125,250000.0,44
2018-11-07,HON-VZ,2833.460880279541,250000.0,44
2018-11-08,HON-VZ,513.9784049987793,250000.0,44
2018-11-13,AXP-TMO,0.0,250000.0,44
2018-11-14,AXP-TMO,281.5660400390625,250000.0,44
2018-11-15,AXP-TMO,-1369.0123672485352,250000.0,44
2018-11-15,ORCL-T,0.0,250000.0,44
2018-11-15,NKE-UNP,0.0,250000.0,44
2018-11-16,AXP-TMO,2553.816719055176,250000.0,44
2018-11-16,ORCL-T,183.78672409057617,250000.0,44
2018-11-16,NKE-UNP,1054.2623443603516,250000.0,44
2018-11-16,DIS-VZ,0.0,250000.0,44
2018-11-19,AXP-TMO,-3219.4389038085938,250000.0,44
2018-11-19,NKE-UNP,-3278.0076599121094,250000.0,44
2018-11-19,DIS-VZ,-3227.5550384521484,250000.0,44
2018-11-19,ABT-V,0.0,250000.0,44
2018-11-20,AXP-TMO,2558.4343643188477,250000.0,44
2018-11-20,DIS-VZ,-5443.202339172363,250000.0,44
2018-11-20,ABT-V,-1082.8050422668457,250000.0,44
2018-11-21,AXP-TMO,1162.534812927246,250000.0,44
2018-11-21,DIS-VZ,-1899.8914184570312,250000.0,44
2018-11-21,ABT-V,1399.9253463745117,250000.0,44
2018-11-23,DIS-VZ,-1622.5861282348633,250000.0,44
2018-11-26,DIS-VZ,-2892.1769523620605,250000.0,44
2018-11-27,DIS-VZ,-6362.868770599365,250000.0,44
2018-11-28,DIS-VZ,444.45477294921875,250000.0,44
2018-11-30,ORCL-PEP,0.0,250000.0,44
2018-10-01,NVDA-TJX,0.0,250000.0,45
2018-10-02,NVDA-TJX,-1190.8973817825317,250000.0,45
2018-10-03,NVDA-TJX,-1615.7574758529663,250000.0,45
2018-10-03,CL-MO,0.0,250000.0,45
2018-10-04,NVDA-TJX,5588.644966602325,250000.0,45
2018-10-04,PYPL-UNP,0.0,250000.0,45
2018-10-04,HON-VZ,0.0,250000.0,45
2018-10-05,PYPL-UNP,-1629.2288665771484,250000.0,45
2018-10-05,HON-VZ,-365.6839141845703,250000.0,45
2018-10-05,COST-UNH,0.0,250000.0,45
2018-10-08,HON-VZ,170.99282836914062,250000.0,45
2018-10-08,COST-UNH,2947.2117767333984,250000.0,45
2018-10-09,COST-UNH,2056.6689453125,250000.0,45
2018-10-10,NKE-TJX,0.0,250000.0,45
2018-10-11,NKE-TJX,278.3666305541992,250000.0,45
2018-10-12,NKE-TJX,2099.067970275879,250000.0,45
2018-10-15,NKE-TJX,-4099.880210876465,250000.0,45
2018-10-16,NKE-TJX,2010.2587394714355,250000.0,45
2018-10-16,UNH-UNP,0.0,250000.0,45
2018-10-17,NKE-TJX,1284.92573928833,250000.0,45
2018-10-17,UNH-UNP,2485.718978881836,250000.0,45
2018-10-18,NKE-TJX,379.7782173156738,250000.0,45
2018-10-18,UNH-UNP,975.5087280273438,250000.0,45
2018-10-19,NKE-TJX,210.2457160949707,250000.0,45
2018-10-19,UNH-UNP,3505.9774475097656,250000.0,45
2018-10-22,NKE-TJX,-185.46595001220703,250000.0,45
2018-10-22,UNH-UNP,5044.498374938965,250000.0,45
2018-10-23,NKE-TJX,-2477.390110015869,250000.0,45
2018-10-23,UNH-UNP,-3643.6670150756836,250000.0,45
2018-10-23,MCD-UPS,0.0,250000.0,45
2018-10-23,MCD-XOM,0.0,250000.0,45
2018-10-23,HON-VZ,0.0,250000.0,45
2018-10-23,MCD-MO,0.0,250000.0,45
2018-10-24,NKE-TJX,-5908.622478485107,250000.0,45
2018-10-24,UNH-UNP,3343.069808959961,250000.0,45
2018-10-24,MCD-XOM,-7115.951061248779,250000.0,45
2018-10-24,HON-VZ,-6595.304737091064,250000.0,45
2018-10-24,MCD-MO,1589.3120727539062,250000.0,45
2018-10-24,DIS-VZ,0.0,250000.0,45
2018-10-25,UNH-UNP,-2349.8700103759766,250000.0,45
2018-10-25,MCD-XOM,-3274.016498565674,250000.0,45
2018-10-25,HON-VZ,40.7419548034668,250000.0,45
2018-10-25,MCD-MO,7779.638488769531,250000.0,45
2018-10-25,DIS-VZ,9128.489837646484,250000.0,45
2018-10-26,UNH-UNP,4325.390914916992,250000.0,45
2018-10-26,MCD-XOM,-4092.5673332214355,250000.0,45
2018-10-26,HON-VZ,2506.7052154541016,250000.0,45
2018-10-29,UNH-UNP,4499.422256469727,250000.0,45
2018-10-29,MCD-XOM,-5504.779598236084,250000.0,45
2018-10-29,HON-VZ,-2235.075382232666,250000.0,45
2018-10-30,UNH-UNP,9955.061958312988,250000.0,45
2018-10-30,MCD-XOM,-4423.560634613037,250000.0,45
2018-10-30,HON-VZ,-7547.418422698975,250000.0,45
2018-10-31,UNH-UNP,5309.456901550293,250000.0,45
2018-10-31,HON-VZ,-712.4703979492188,250000.0,45
2018-11-01,UNH-UNP,7498.4892501831055,250000.0,45
2018-11-01,HON-VZ,3420.152744293213,250000.0,45
2018-11-01,NKE-TJX,0.0,250000.0,45
2018-11-02,UNH-UNP,9632.370895385742,250000.0,45
2018-11-02,HON-VZ,2032.91410446167,250000.0,45
2018-11-02,NKE-TJX,-1077.122470855713,250000.0,45
2018-11-05,UNH-UNP,9648.708824157715,250000.0,45
2018-11-05,HON-VZ,1392.0838623046875,250000.0,45
2018-11-05,NKE-TJX,-1085.06441116333,250000.0,45
2018-11-06,UNH-UNP,8512.4462890625,250000.0,45
2018-11-06,HON-VZ,2806.7921142578125,250000.0,45
2018-11-06,NKE-TJX,-922.0020751953125,250000.0,45
2018-11-07,HON-VZ,2833.460880279541,250000.0,45
2018-11-07,NKE-TJX,-648.2386894226074,250000.0,45
2018-11-08,NKE-TJX,256.7239189147949,250000.0,45
2018-11-09,NKE-TJX,3402.440273284912,250000.0,45
2018-11-12,NKE-TJX,934.0592155456543,250000.0,45
2018-11-13,NKE-TJX,-2977.6175270080566,250000.0,45
2018-11-16,DIS-VZ,0.0,250000.0,45
2018-11-19,DIS-VZ,-3227.5550384521484,250000.0,45
2018-11-20,DIS-VZ,-5443.202339172363,250000.0,45
2018-11-21,DIS-VZ,-1899.8914184570312,250000.0,45
2018-11-23,DIS-VZ,-1622.5861282348633,250000.0,45
2018-11-26,DIS-VZ,-2892.1769523620605,250000.0,45
2018-11-27,DIS-VZ,-6362.868770599365,250000.0,45
2018-11-28,DIS-VZ,444.45477294921875,250000.0,45
2018-12-14,COST-PYPL,0.0,250000.0,45
2018-12-17,COST-PYPL,-836.0369110107422,250000.0,45
2018-12-18,COST-PYPL,-3972.8792419433594,250000.0,45
2018-12-19,COST-PYPL,-1673.10693359375,250000.0,45
2018-12-20,COST-PYPL,-2480.149627685547,250000.0,45
2018-12-20,GS-T,0.0,250000.0,45
2018-12-21,COST-PYPL,6715.2781982421875,250000.0,45
2018-12-21,GS-T,400.3019046783447,250000.0,45
2018-12-21,MSFT-TJX,0.0,250000.0,45
2018-12-21,MSFT-NKE,0.0,250000.0,45
2018-12-21,NKE-TJX,0.0,250000.0,45
2018-12-24,COST-PYPL,4107.523025512695,250000.0,45
2018-12-24,GS-T,-6398.770637512207,250000.0,45
2018-12-24,MSFT-NKE,-331.7418518066406,250000.0,45
2018-12-24,AXP-MRK,0.0,250000.0,45
2018-12-26,COST-PYPL,-1623.5736846923828,250000.0,45
2018-12-26,GS-T,-2766.503812789917,250000.0,45
2018-12-26,MSFT-NKE,6359.4951171875,250000.0,45
2018-12-27,COST-PYPL,-2906.4109802246094,250000.0,45
2018-12-27,GS-T,-3154.5656747817993,250000.0,45
2018-12-27,MSFT-NKE,6360.162841796875,250000.0,45
2018-12-28,COST-PYPL,1366.1537780761719,250000.0,45
2018-12-28,GS-T,509.05060482025146,250000.0,45
2018-12-28,MSFT-NKE,4594.429901123047,250000.0,45
2018-12-31,COST-PYPL,1071.4205474853516,250000.0,45
2018-12-31,GS-T,-412.1021909713745,250000.0,45
2018-12-31,MSFT-NKE,6171.407745361328,250000.0,45
2018-11-02,GOOGL-SBUX,0.0,250000.0,46
2018-11-05,GOOGL-SBUX,1386.2442169189453,250000.0,46
2018-11-05,AAPL-PFE,0.0,250000.0,46
2018-11-06,GOOGL-SBUX,-6324.069618225098,250000.0,46
2018-11-06,AAPL-PFE,5447.347423553467,250000.0,46
2018-11-07,AAPL-PFE,4600.78307723999,250000.0,46
2018-11-07,MSFT-UNH,0.0,250000.0,46
2018-11-08,AAPL-PFE,4970.255796432495,250000.0,46
2018-11-08,MSFT-UNH,-2082.615966796875,250000.0,46
2018-11-09,AAPL-PFE,-2177.9921836853027,250000.0,46
2018-11-09,MSFT-UNH,-4540.57405090332,250000.0,46
2018-11-12,AAPL-PFE,-13131.553161621094,250000.0,46
2018-11-12,MSFT-UNH,-3904.8817596435547,250000.0,46
2018-11-12,INTC-MO,0.0,250000.0,46
2018-11-12,MDLZ-ORCL,0.0,250000.0,46
2018-11-12,CAT-GS,0.0,250000.0,46
2018-11-13,AAPL-PFE,-11964.84824180603,250000.0,46
2018-11-13,MSFT-UNH,-949.1376876831055,250000.0,46
2018-11-13,INTC-MO,-2783.2901496887207,250000.0,46
2018-11-13,MDLZ-ORCL,3017.724494934082,250000.0,46
2018-11-13,CAT-GS,-1563.0762329101562,250000.0,46
2018-11-14,MSFT-UNH,1151.9915161132812,250000.0,46
2018-11-14,INTC-MO,-7318.158214569092,250000.0,46
2018-11-14,MDLZ-ORCL,950.7899475097656,250000.0,46
2018-11-14,CAT-GS,-4353.2469482421875,250000.0,46
2018-11-15,INTC-MO,-11832.42776107788,250000.0,46
2018-11-15,CAT-GS,-4415.051727294922,250000.0,46
2018-11-15,COST-MRK,0.0,250000.0,46
2018-11-16,INTC-MO,-11813.819763183594,250000.0,46
2018-11-16,CAT-GS,-6576.582733154297,250000.0,46
2018-11-16,COST-MRK,-2772.5541458129883,250000.0,46
2018-11-16,DIS-VZ,0.0,250000.0,46
2018-11-19,CAT-GS,-9852.42367553711,250000.0,46
2018-11-19,COST-MRK,-6490.9397621154785,250000.0,46
2018-11-19,DIS-VZ,-3227.5550384521484,250000.0,46
2018-11-20,DIS-VZ,-5443.202339172363,250000.0,46
2018-11-20,AAPL-COST,0.0,250000.0,46
2018-11-21,DIS-VZ,-1899.8914184570312,250000.0,46
2018-11-21,AAPL-COST,-766.8452453613281,250000.0,46
2018-11-23,DIS-VZ,-1622.5861282348633,250000.0,46
2018-11-23,AAPL-COST,2642.3406982421875,250000.0,46
2018-11-26,DIS-VZ,-2892.1769523620605,250000.0,46
2018-11-26,AAPL-COST,1059.1523742675781,250000.0,46
2018-11-27,DIS-VZ,-6362.868770599365,250000.0,46
2018-11-27,AAPL-COST,5260.127014160156,250000.0,46
2018-11-28,DIS-VZ,444.45477294921875,250000.0,46
2018-11-28,MSFT-UNH,0.0,250000.0,46
2018-11-29,MSFT-UNH,-2203.6243743896484,250000.0,46
2018-11-30,MSFT-UNH,-1357.2456893920898,250000.0,46
2018-12-03,MSFT-UNH,-4783.732383728027,250000.0,46
2018-12-04,MSFT-UNH,-840.0858764648438,250000.0,46
2018-12-06,MSFT-UNH,1239.0434188842773,250000.0,46
2018-12-17,CAT-GS,0.0,250000.0,46
2018-12-21,MSFT-NKE,0.0,250000.0,46
2018-12-21,HD-PYPL,0.0,250000.0,46
2018-12-24,MSFT-NKE,-331.7418518066406,250000.0,46
2018-12-24,HD-PYPL,-2057.158363342285,250000.0,46
2018-12-26,MSFT-NKE,6359.4951171875,250000.0,46
2018-12-27,MSFT-NKE,6360.162841796875,250000.0,46
2018-12-28,MSFT-NKE,4594.429901123047,250000.0,46
2018-12-31,MSFT-NKE,6171.407745361328,250000.0,46
2019-01-02,MSFT-NKE,4792.616149902344,250000.0,46
2019-01-02,CAT-GS,0.0,250000.0,46
2019-01-03,MSFT-NKE,-4365.2022705078125,250000.0,46
2019-01-03,CAT-GS,-4445.300109863281,250000.0,46
2019-01-04,MSFT-NKE,5733.9180908203125,250000.0,46
2019-01-04,CAT-GS,-1441.3281860351562,250000.0,46
2019-01-07,MSFT-NKE,2516.345947265625,250000.0,46
2019-01-07,CAT-GS,-2717.3751068115234,250000.0,46
2019-01-08,MSFT-NKE,1749.7727355957031,250000.0,46
2019-01-08,CAT-GS,790.4284210205078,250000.0,46
2019-01-08,DIS-VZ,0.0,250000.0,46
2019-01-09,MSFT-NKE,7639.951110839844,250000.0,46
2019-01-09,CAT-GS,24.53466033935547,250000.0,46
2019-01-09,ORCL-PEP,0.0,250000.0,46
2019-01-10,MSFT-NKE,5762.889190673828,250000.0,46
2019-01-10,CAT-GS,5185.085380554199,250000.0,46
2019-01-10,ORCL-PEP,1488.3858032226562,250000.0,46
2019-01-11,MSFT-NKE,4132.942413330078,250000.0,46
2019-01-11,CAT-GS,2402.4380798339844,250000.0,46
2019-01-11,ORCL-PEP,969.293025970459,250000.0,46
2019-01-14,MSFT-NKE,1201.6497192382812,250000.0,46
2019-01-14,CAT-GS,-697.3373260498047,250000.0,46
2019-01-14,ORCL-PEP,-856.9169998168945,250000.0,46
2019-01-15,MSFT-NKE,5906.080871582031,250000.0,46
2019-01-15,CAT-GS,-4273.887222290039,250000.0,46
2019-01-15,ORCL-PEP,2574.245349884033,250000.0,46
2019-01-16,MSFT-NKE,7957.775939941406,250000.0,46
2019-01-16,ORCL-PEP,1433.6426010131836,250000.0,46
2019-01-17,MSFT-NKE,5671.4388427734375,250000.0,46
2019-01-17,ORCL-PEP,2877.307674407959,250000.0,46
2019-01-18,MSFT-NKE,6960.273132324219,250000.0,46
2019-01-22,INTC-MO,0.0,250000.0,46
2019-01-23,INTC-MO,-3038.5702056884766,250000.0,46
2019-01-23,CMCSA-MO,0.0,250000.0,46
2019-01-24,INTC-MO,-2174.6743087768555,250000.0,46
2019-01-24,CMCSA-MO,-5010.498481750488,250000.0,46
2019-01-25,INTC-MO,-9789.352172851562,250000.0,46
2019-01-25,CMCSA-MO,1954.7334213256836,250000.0,46
2019-01-25,AAPL-COST,0.0,250000.0,46
2019-01-25,MDLZ-ORCL,0.0,250000.0,46
2019-01-25,HD-PYPL,0.0,250000.0,46
2019-01-28,INTC-MO,-5434.162349700928,250000.0,46
2019-01-28,MDLZ-ORCL,3092.6384468078613,250000.0,46
2019-01-28,DIS-VZ,0.0,250000.0,46
2019-01-29,INTC-MO,-2835.10343170166,250000.0,46
2019-01-29,DIS-VZ,-8180.909881591797,250000.0,46
2019-01-30,DIS-VZ,-4437.638381958008,250000.0,46
2019-01-31,DIS-VZ,-483.3599090576172,250000.0,46
2019-01-31,MDLZ-ORCL,0.0,250000.0,46
2019-01-31,MDLZ-PEP,0.0,250000.0,46
2019-01-31,ORCL-PEP,0.0,250000.0,46
2018-12-14,AXP-COST,0.0,250000.0,47
2018-12-17,AXP-COST,-218.09830474853516,250000.0,47
2018-12-18,AXP-COST,897.8411483764648,250000.0,47
2018-12-19,AXP-COST,1784.181396484375,250000.0,47
2018-12-19,CRM-MA,0.0,250000.0,47
2018-12-20,AXP-COST,342.84432220458984,250000.0,47
2018-12-20,CRM-MA,-1709.5979614257812,250000.0,47
2018-12-20,ORCL-WMT,0.0,250000.0,47
2018-12-20,CMCSA-WMT,0.0,250000.0,47
2018-12-20,BAC-MCD,0.0,250000.0,47
2018-12-21,AXP-COST,2704.975540161133,250000.0,47
2018-12-21,ORCL-WMT,4077.3328704833984,250000.0,47
2018-12-21,CMCSA-WMT,2585.0103034973145,250000.0,47
2018-12-21,BAC-MCD,-4417.329500198364,250000.0,47
2018-12-21,NKE-V,0.0,250000.0,47
2018-12-21,MA-NKE,0.0,250000.0,47
2018-12-21,HON-RTX,0.0,250000.0,47
2018-12-24,AXP-COST,-490.6399154663086,250000.0,47
2018-12-24,ORCL-WMT,2961.0877990722656,250000.0,47
2018-12-24,CMCSA-WMT,1189.253517150879,250000.0,47
2018-12-24,NKE-V,3131.3831329345703,250000.0,47
2018-12-24,MA-NKE,13940.810409545898,250000.0,47
2018-12-24,HON-RTX,-126.0728645324707,250000.0,47
2018-12-26,AXP-COST,4549.417869567871,250000.0,47
2018-12-26,NKE-V,10777.799263000488,250000.0,47
2018-12-26,MA-NKE,14599.041458129883,250000.0,47
2018-12-26,HON-RTX,-670.2094039916992,250000.0,47
2018-12-27,AXP-COST,6463.608108520508,250000.0,47
2018-12-27,MA-NKE,15699.315399169922,250000.0,47
2018-12-27,HON-RTX,-5412.102672576904,250000.0,47
2018-12-28,AXP-COST,7944.987396240234,250000.0,47
2018-12-28,MA-NKE,13055.434829711914,250000.0,47
2018-12-28,HON-RTX,-4718.790435791016,250000.0,47
2018-12-31,AXP-COST,8843.365905761719,250000.0,47
2018-12-31,MA-NKE,14016.062561035156,250000.0,47
2018-12-31,HON-RTX,-4859.221248626709,250000.0,47
2019-01-02,AXP-COST,9663.696548461914,250000.0,47
2019-01-02,MA-NKE,15922.581832885742,250000.0,47
2019-01-02,HON-RTX,27.702404022216797,250000.0,47
2019-01-03,AXP-COST,6744.200012207031,250000.0,47
2019-01-03,MA-NKE,7645.644058227539,250000.0,47
2019-01-04,AXP-COST,8520.57568359375,250000.0,47
2019-01-04,MA-NKE,13914.627731323242,250000.0,47
2019-01-07,AXP-COST,8777.161666870117,250000.0,47
2019-01-07,MA-NKE,12402.393615722656,250000.0,47
2019-01-08,AXP-COST,10049.580368041992,250000.0,47
2019-01-08,MA-NKE,10996.292922973633,250000.0,47
2019-01-09,MA-NKE,16708.027099609375,250000.0,47
2019-01-10,MA-NKE,19063.05125427246,250000.0,47
2019-01-10,BA-TJX,0.0,250000.0,47
2019-01-11,MA-NKE,18802.5975189209,250000.0,47
2019-01-11,BA-TJX,1701.8822326660156,250000.0,47
2019-01-14,MA-NKE,17925.862045288086,250000.0,47
2019-01-14,BA-TJX,390.0005187988281,250000.0,47
2019-01-15,MA-NKE,13376.011901855469,250000.0,47
2019-01-15,BA-TJX,1555.7760314941406,250000.0,47
2019-01-15,COST-UNH,0.0,250000.0,47
2019-01-15,DHR-UNH,0.0,250000.0,47
2019-01-15,AXP-UNH,0.0,250000.0,47
2019-01-16,MA-NKE,15939.59310913086,250000.0,47
2019-01-16,BA-TJX,2833.3572692871094,250000.0,47
2019-01-16,COST-UNH,-5036.528015136719,250000.0,47
2019-01-16,DHR-UNH,-5314.811340332031,250000.0,47
2019-01-16,AXP-UNH,-1694.723648071289,250000.0,47
2019-01-17,MA-NKE,13238.347854614258,250000.0,47
2019-01-17,BA-TJX,-1031.3652954101562,250000.0,47
2019-01-17,COST-UNH,-2533.5291137695312,250000.0,47
2019-01-17,DHR-UNH,-2004.5292358398438,250000.0,47
2019-01-17,AXP-UNH,105.9766845703125,250000.0,47
2019-01-18,MA-NKE,12709.131118774414,250000.0,47
2019-01-18,BA-TJX,24.271697998046875,250000.0,47
2019-01-18,COST-UNH,-6680.9541015625,250000.0,47
2019-01-18,DHR-UNH,-4680.607513427734,250000.0,47
2019-01-18,AXP-UNH,-3537.511650085449,250000.0,47
2019-01-22,MA-NKE,7867.67643737793,250000.0,47
2019-01-22,BA-TJX,3973.4434814453125,250000.0,47
2019-01-22,COST-UNH,-7663.911071777344,250000.0,47
2019-01-22,DHR-UNH,-6469.592239379883,250000.0,47
2019-01-22,AXP-UNH,-4991.075408935547,250000.0,47
2019-01-23,MA-NKE,7068.317459106445,250000.0,47
2019-01-23,BA-TJX,2800.3514709472656,250000.0,47
2019-01-23,COST-UNH,-9165.88394165039,250000.0,47
2019-01-23,AXP-UNH,-6519.463485717773,250000.0,47
2019-01-23,HON-RTX,0.0,250000.0,47
2019-01-24,MA-NKE,9432.771835327148,250000.0,47
2019-01-24,BA-TJX,3320.2272033691406,250000.0,47
2019-01-24,COST-UNH,-9493.67349243164,250000.0,47
2019-01-24,AXP-UNH,-5634.029510498047,250000.0,47
2019-01-24,HON-RTX,4221.75719833374,250000.0,47
2019-01-24,CRM-MA,0.0,250000.0,47
2019-01-25,MA-NKE,13564.789443969727,250000.0,47
2019-01-25,AXP-UNH,-5452.812294006348,250000.0,47
2019-01-25,CRM-MA,-670.3442535400391,250000.0,47
2019-01-25,AXP-COST,0.0,250000.0,47
2019-01-28,MA-NKE,10401.475021362305,250000.0,47
2019-01-28,AXP-UNH,-4968.530700683594,250000.0,47
2019-01-28,CRM-MA,61.28611755371094,250000.0,47
2019-01-28,TJX-V,0.0,250000.0,47
2019-01-29,MA-NKE,9368.652282714844,250000.0,47
2019-01-29,AXP-UNH,-4391.0822677612305,250000.0,47
2019-01-29,CRM-MA,-1237.4873657226562,250000.0,47
2019-01-29,TJX-V,-1420.465232849121,250000.0,47
2019-01-30,MA-NKE,12868.417007446289,250000.0,47
2019-01-30,CRM-MA,-2682.016357421875,250000.0,47
2019-01-30,ORCL-WMT,0.0,250000.0,47
2019-01-30,BA-TJX,0.0,250000.0,47
2019-01-31,ORCL-WMT,3071.845823287964,250000.0,47
2019-01-31,BA-TJX,5826.436416625977,250000.0,47
2019-01-31,ORCL-PEP,0.0,250000.0,47
2019-01-31,MDLZ-PEP,0.0,250000.0,47
2019-02-01,ORCL-WMT,-3709.9955978393555,250000.0,47
2019-02-01,BA-TJX,218.67626953125,250000.0,47
2019-02-01,ORCL-PEP,1552.186882019043,250000.0,47
2019-02-01,MDLZ-PEP,1552.9850769042969,250000.0,47
2019-02-04,ORCL-WMT,-1912.202407836914,250000.0,47
2019-02-04,BA-TJX,-6537.418930053711,250000.0,47
2019-02-04,ORCL-PEP,-259.1601867675781,250000.0,47
2019-02-04,MDLZ-PEP,1500.7276611328125,250000.0,47
2019-02-05,ORCL-WMT,-298.0508499145508,250000.0,47
2019-02-05,ORCL-PEP,338.82889556884766,250000.0,47
2019-02-05,MDLZ-PEP,1572.3833923339844,250000.0,47
2019-02-06,ORCL-WMT,-247.3052101135254,250000.0,47
2019-02-06,ORCL-PEP,22.92017364501953,250000.0,47
2019-02-06,MDLZ-PEP,1070.5166015625,250000.0,47
2019-02-07,ORCL-PEP,-940.0388946533203,250000.0,47
2019-02-07,MDLZ-PEP,21.2298583984375,250000.0,47
2019-02-08,ORCL-PEP,-103.80078125,250000.0,47
2019-02-08,MDLZ-PEP,-1651.6672973632812,250000.0,47
2019-02-08,COST-UNH,0.0,250000.0,47
2019-02-11,ORCL-PEP,175.18158721923828,250000.0,47
2019-02-11,MDLZ-PEP,-3849.0624084472656,250000.0,47
2019-02-12,ORCL-PEP,-1652.1103286743164,250000.0,47
2019-02-12,MDLZ-PEP,-2409.5188598632812,250000.0,47
2019-02-13,ORCL-PEP,-2215.989532470703,250000.0,47
2019-02-13,MDLZ-PEP,-1905.1658020019531,250000.0,47
2019-02-14,ORCL-PEP,1228.2079162597656,250000.0,47
2019-02-15,MDLZ-PEP,0.0,250000.0,47
2019-02-19,MDLZ-PEP,-175.1273193359375,250000.0,47
2019-02-20,MDLZ-PEP,-201.39280700683594,250000.0,47
2019-02-21,MDLZ-PEP,140.07894897460938,250000.0,47
2019-02-22,MDLZ-PEP,-2800.510528564453,250000.0,47
2019-02-25,MDLZ-PEP,-2412.6258239746094,250000.0,47
2019-02-26,MDLZ-PEP,-1734.7691955566406,250000.0,47
2019-02-27,MDLZ-PEP,-1100.723403930664,250000.0,47
2019-02-27,COST-UNH,0.0,250000.0,47
2019-02-27,AXP-UNH,0.0,250000.0,47
2019-02-28,MDLZ-PEP,-3638.906707763672,250000.0,47
2019-02-28,COST-UNH,-8306.23291015625,250000.0,47
2019-02-28,AXP-UNH,-8426.654319763184,250000.0,47
2019-01-02,CL-T,0.0,250000.0,48
2019-01-03,CL-T,-1326.1260795593262,250000.0,48
2019-01-04,CL-T,-5818.1389808654785,250000.0,48
2019-01-07,CL-T,-9203.065059661865,250000.0,48
2019-01-08,CL-T,-10140.469226837158,250000.0,48
2019-01-08,DHR-UNP,0.0,250000.0,48
2019-01-08,PYPL-UNP,0.0,250000.0,48
2019-01-09,CL-T,-3129.0790939331055,250000.0,48
2019-01-09,DHR-UNP,3892.512519836426,250000.0,48
2019-01-09,PYPL-UNP,1811.7704772949219,250000.0,48
2019-01-10,CL-T,-3890.0082969665527,250000.0,48
2019-01-10,DHR-UNP,255.4239273071289,250000.0,48
2019-01-10,PYPL-UNP,-3739.1645736694336,250000.0,48
2019-01-10,BA-LOW,0.0,250000.0,48
2019-01-11,CL-T,-6967.698871612549,250000.0,48
2019-01-11,DHR-UNP,2309.8476181030273,250000.0,48
2019-01-11,PYPL-UNP,-1404.167839050293,250000.0,48
2019-01-11,BA-LOW,3215.667190551758,250000.0,48
2019-01-14,CL-T,-6533.575798034668,250000.0,48
2019-01-14,DHR-UNP,-2901.2031631469727,250000.0,48
2019-01-14,PYPL-UNP,-2832.9938049316406,250000.0,48
2019-01-14,BA-LOW,4149.686813354492,250000.0,48
2019-01-15,CL-T,-4209.033420562744,250000.0,48
2019-01-15,DHR-UNP,2752.0295791625977,250000.0,48
2019-01-15,PYPL-UNP,1108.5033416748047,250000.0,48
2019-01-15,BA-LOW,-2502.916946411133,250000.0,48
2019-01-15,COST-UNH,0.0,250000.0,48
2019-01-16,CL-T,-4180.549156188965,250000.0,48
2019-01-16,DHR-UNP,1677.578727722168,250000.0,48
2019-01-16,PYPL-UNP,514.1463317871094,250000.0,48
2019-01-16,BA-LOW,-4839.287338256836,250000.0,48
2019-01-16,COST-UNH,-5036.528015136719,250000.0,48
2019-01-17,DHR-UNP,1021.382438659668,250000.0,48
2019-01-17,PYPL-UNP,-4117.330078125,250000.0,48
2019-01-17,COST-UNH,-2533.5291137695312,250000.0,48
2019-01-18,DHR-UNP,1450.4201889038086,250000.0,48
2019-01-18,PYPL-UNP,-9263.424087524414,250000.0,48
2019-01-18,COST-UNH,-6680.9541015625,250000.0,48
2019-01-22,DHR-UNP,3323.6100997924805,250000.0,48
2019-01-22,PYPL-UNP,-5377.966941833496,250000.0,48
2019-01-22,COST-UNH,-7663.911071777344,250000.0,48
2019-01-23,DHR-UNP,3490.051383972168,250000.0,48
2019-01-23,COST-UNH,-9165.88394165039,250000.0,48
2019-01-24,COST-UNH,-9493.67349243164,250000.0,48
2019-01-29,CL-T,0.0,250000.0,48
2019-01-30,ORCL-WMT,0.0,250000.0,48
2019-01-30,BA-TJX,0.0,250000.0,48
2019-01-30,LMT-T,0.0,250000.0,48
2019-01-31,ORCL-WMT,3071.845823287964,250000.0,48
2019-01-31,BA-TJX,5826.436416625977,250000.0,48
2019-01-31,LMT-T,6615.7943687438965,250000.0,48
2019-01-31,DHR-MSFT,0.0,250000.0,48
2019-01-31,DHR-V,0.0,250000.0,48
2019-01-31,MA-TJX,0.0,250000.0,48
2019-02-01,ORCL-WMT,-3709.9955978393555,250000.0,48
2019-02-01,BA-TJX,218.67626953125,250000.0,48
2019-02-01,LMT-T,5771.298655509949,250000.0,48
2019-02-01,DHR-MSFT,-1061.7812805175781,250000.0,48
2019-02-01,MA-TJX,-7934.525444030762,250000.0,48
2019-02-04,ORCL-WMT,-1912.202407836914,250000.0,48
2019-02-04,BA-TJX,-6537.418930053711,250000.0,48
2019-02-04,LMT-T,-620.3940143585205,250000.0,48
2019-02-05,ORCL-WMT,-298.0508499145508,250000.0,48
2019-02-05,LMT-T,-709.0039024353027,250000.0,48
2019-02-06,ORCL-WMT,-247.3052101135254,250000.0,48
2019-02-06,LMT-T,-1443.6574811935425,250000.0,48
2019-02-07,LMT-T,-2492.522605895996,250000.0,48
2019-02-08,LMT-T,-2155.2018632888794,250000.0,48
2019-02-08,COST-UNH,0.0,250000.0,48
2019-02-11,LMT-T,-245.64960098266602,250000.0,48
2019-02-12,LMT-T,-921.2500066757202,250000.0,48
2019-02-13,LMT-T,-782.1650428771973,250000.0,48
2019-02-14,LMT-T,75.086350440979,250000.0,48
2019-02-15,LMT-T,3526.162754058838,250000.0,48
2019-02-15,CL-T,0.0,250000.0,48
2019-02-19,LMT-T,5657.008048057556,250000.0,48
2019-02-19,CL-T,-917.3233509063721,250000.0,48
2019-02-20,LMT-T,6771.870737075806,250000.0,48
2019-02-20,CL-T,-3068.339756011963,250000.0,48
2019-02-21,LMT-T,7610.627717018127,250000.0,48
2019-02-21,CL-T,-2591.1131114959717,250000.0,48
2019-02-21,BA-TSLA,0.0,250000.0,48
2019-02-22,CL-T,-4887.124809265137,250000.0,48
2019-02-22,BA-TSLA,4434.168769836426,250000.0,48
2019-02-25,CL-T,-5349.109468460083,250000.0,48
2019-02-25,BA-TSLA,8549.924270629883,250000.0,48
2019-02-25,DHR-UNP,0.0,250000.0,48
2019-02-25,DHR-NKE,0.0,250000.0,48
2019-02-26,CL-T,-6136.972961425781,250000.0,48
2019-02-26,BA-TSLA,7746.412208557129,250000.0,48
2019-02-26,DHR-UNP,715.4699325561523,250000.0,48
2019-02-26,DHR-NKE,1707.6615600585938,250000.0,48
2019-02-27,CL-T,-5845.870325088501,250000.0,48
2019-02-27,DHR-UNP,-8537.143035888672,250000.0,48
2019-02-27,DHR-NKE,-4686.238128662109,250000.0,48
2019-02-27,COST-UNH,0.0,250000.0,48
2019-02-28,CL-T,-6338.172105789185,250000.0,48
2019-02-28,DHR-UNP,-12323.123802185059,250000.0,48
2019-02-28,DHR-NKE,-7459.392517089844,250000.0,48
2019-02-28,COST-UNH,-8306.23291015625,250000.0,48
2019-03-01,CL-T,-3662.5860328674316,250000.0,48
2019-03-01,DHR-UNP,-14817.159629821777,250000.0,48
2019-03-01,DHR-NKE,-4368.823333740234,250000.0,48
2019-03-01,COST-UNH,-4835.063171386719,250000.0,48
2019-03-04,CL-T,3278.7938289642334,250000.0,48
2019-03-04,DHR-UNP,-9634.708923339844,250000.0,48
2019-03-04,DHR-NKE,-4418.992584228516,250000.0,48
2019-03-04,LMT-T,0.0,250000.0,48
2019-03-05,CL-T,3014.0965633392334,250000.0,48
2019-03-05,DHR-UNP,-8990.353462219238,250000.0,48
2019-03-05,DHR-NKE,-3737.2300415039062,250000.0,48
2019-03-05,LMT-T,-567.6259155273438,250000.0,48
2019-03-06,CL-T,3981.455171585083,250000.0,48
2019-03-06,DHR-UNP,-8282.811256408691,250000.0,48
2019-03-06,DHR-NKE,-2979.3001098632812,250000.0,48
2019-03-06,LMT-T,-1011.0638122558594,250000.0,48
2019-03-07,CL-T,2634.0567684173584,250000.0,48
2019-03-07,DHR-UNP,-9213.570739746094,250000.0,48
2019-03-07,DHR-NKE,-2173.4364624023438,250000.0,48
2019-03-07,LMT-T,-1.875213623046875,250000.0,48
2019-03-08,CL-T,2322.3498516082764,250000.0,48
2019-03-08,DHR-UNP,-11792.578414916992,250000.0,48
2019-03-08,DHR-NKE,-4891.114929199219,250000.0,48
2019-03-08,LMT-T,942.8359680175781,250000.0,48
2019-03-11,CL-T,1013.0320358276367,250000.0,48
2019-03-11,DHR-UNP,-13493.996612548828,250000.0,48
2019-03-11,DHR-NKE,-4924.339050292969,250000.0,48
2019-03-11,LMT-T,2087.3416595458984,250000.0,48
2019-03-11,NKE-V,0.0,250000.0,48
2019-03-12,NKE-V,-2305.837921142578,250000.0,48
2019-03-13,NKE-V,-2831.10147857666,250000.0,48
2019-03-18,DHR-UNP,0.0,250000.0,48
2019-03-18,DHR-NKE,0.0,250000.0,48
2019-03-19,DHR-NKE,3003.737503051758,250000.0,48
2019-03-19,PYPL-UNP,0.0,250000.0,48
2019-03-20,PYPL-UNP,-1514.3209075927734,250000.0,48
2019-03-21,PYPL-UNP,-3558.3043212890625,250000.0,48
2019-03-22,PYPL-UNP,465.14967346191406,250000.0,48
2019-03-22,MA-NKE,0.0,250000.0,48
2019-03-22,NKE-V,0.0,250000.0,48
2019-03-22,DHR-NKE,0.0,250000.0,48
2019-03-25,PYPL-UNP,1141.5888671875,250000.0,48
2019-03-25,MA-NKE,761.319953918457,250000.0,48
2019-03-25,NKE-V,314.6901397705078,250000.0,48
2019-03-25,DHR-NKE,752.9331893920898,250000.0,48
2019-03-26,PYPL-UNP,-2330.8331451416016,250000.0,48
2019-03-26,MA-NKE,1121.1412048339844,250000.0,48
2019-03-26,NKE-V,-1521.9062805175781,250000.0,48
2019-03-26,DHR-NKE,1641.4749755859375,250000.0,48
2019-03-27,PYPL-UNP,-266.92704010009766,250000.0,48
2019-03-27,MA-NKE,999.406982421875,250000.0,48
2019-03-27,NKE-V,-274.8321533203125,250000.0,48
2019-03-27,DHR-NKE,2665.8848419189453,250000.0,48
2019-03-28,PYPL-UNP,1186.3026123046875,250000.0,48
2019-03-28,MA-NKE,1578.385154724121,250000.0,48
2019-03-28,NKE-V,682.5818939208984,250000.0,48
2019-03-28,DHR-NKE,5170.352165222168,250000.0,48
2019-03-29,PYPL-UNP,4346.114280700684,250000.0,48
2019-03-29,MA-NKE,1512.8672485351562,250000.0,48
2019-03-29,NKE-V,-1496.7815551757812,250000.0,48
2019-03-29,DHR-NKE,2582.0738525390625,250000.0,48
2019-02-01,CVX-PSX,0.0,250000.0,49
2019-02-04,CVX-PSX,-3565.234603881836,250000.0,49
2019-02-05,CVX-PSX,-1523.9205932617188,250000.0,49
2019-02-06,CVX-PSX,-1313.3802337646484,250000.0,49
2019-02-07,CVX-PSX,-6040.242599487305,250000.0,49
2019-02-08,CVX-PSX,1066.5062561035156,250000.0,49
2019-02-08,ADBE-COP,0.0,250000.0,49
2019-02-08,COST-UNH,0.0,250000.0,49
2019-02-11,CVX-PSX,5261.097328186035,250000.0,49
2019-02-11,ADBE-COP,479.21661376953125,250000.0,49
2019-02-12,CVX-PSX,-1840.8989791870117,250000.0,49
2019-02-12,ADBE-COP,303.0508804321289,250000.0,49
2019-02-13,CVX-PSX,666.8222045898438,250000.0,49
2019-02-13,ADBE-COP,2640.0595703125,250000.0,49
2019-02-14,CVX-PSX,234.6698455810547,250000.0,49
2019-02-14,ORCL-PEP,0.0,250000.0,49
2019-02-15,CVX-PSX,-1123.3438339233398,250000.0,49
2019-02-15,CL-T,0.0,250000.0,49
2019-02-19,CVX-PSX,1058.3072814941406,250000.0,49
2019-02-19,CL-T,-917.3233509063721,250000.0,49
2019-02-20,CL-T,-3068.339756011963,250000.0,49
2019-02-21,CL-T,-2591.1131114959717,250000.0,49
2019-02-21,COST-MSFT,0.0,250000.0,49
2019-02-22,CL-T,-4887.124809265137,250000.0,49
2019-02-22,COST-MSFT,-3017.2427291870117,250000.0,49
2019-02-25,CL-T,-5349.109468460083,250000.0,49
2019-02-25,CSCO-DHR,0.0,250000.0,49
2019-02-26,CL-T,-6136.972961425781,250000.0,49
2019-02-26,CSCO-DHR,1183.3364868164062,250000.0,49
2019-02-27,CL-T,-5845.870325088501,250000.0,49
2019-02-27,CSCO-DHR,-3898.113739013672,250000.0,49
2019-02-27,META-TXN,0.0,250000.0,49
2019-02-27,COST-UNH,0.0,250000.0,49
2019-02-28,CL-T,-6338.172105789185,250000.0,49
2019-02-28,CSCO-DHR,-4574.317497253418,250000.0,49
2019-02-28,META-TXN,1331.6699447631836,250000.0,49
2019-02-28,COST-UNH,-8306.23291015625,250000.0,49
2019-03-01,CL-T,-3662.5860328674316,250000.0,49
2019-03-01,CSCO-DHR,-7301.109245300293,250000.0,49
2019-03-01,META-TXN,2937.6032791137695,250000.0,49
2019-03-01,COST-UNH,-4835.063171386719,250000.0,49
2019-03-04,CL-T,3278.7938289642334,250000.0,49
2019-03-04,META-TXN,86.55184173583984,250000.0,49
2019-03-05,CL-T,3014.0965633392334,250000.0,49
2019-03-06,CL-T,3981.455171585083,250000.0,49
2019-03-07,CL-T,2634.0567684173584,250000.0,49
2019-03-08,CL-T,2322.3498516082764,250000.0,49
2019-03-08,AXP-COST,0.0,250000.0,49
2019-03-08,COST-MSFT,0.0,250000.0,49
2019-03-08,CVX-PSX,0.0,250000.0,49
2019-03-08,COST-V,0.0,250000.0,49
2019-03-11,CL-T,1013.0320358276367,250000.0,49
2019-03-11,AXP-COST,860.2347106933594,250000.0,49
2019-03-11,COST-MSFT,4310.217514038086,250000.0,49
2019-03-11,CVX-PSX,2993.3535919189453,250000.0,49
2019-03-12,AXP-COST,-1124.2301635742188,250000.0,49
2019-03-12,COST-MSFT,4459.430969238281,250000.0,49
2019-03-13,AXP-COST,-1725.0398178100586,250000.0,49
2019-03-13,COST-MSFT,4737.114273071289,250000.0,49
2019-03-14,AXP-COST,1448.9440307617188,250000.0,49
2019-03-15,AXP-COST,3868.8002395629883,250000.0,49
2019-03-15,META-TXN,0.0,250000.0,49
2019-03-15,JPM-RTX,0.0,250000.0,49
2019-03-18,AXP-COST,643.369255065918,250000.0,49
2019-03-18,META-TXN,-2718.6576232910156,250000.0,49
2019-03-18,JPM-RTX,-1.6854934692382812,250000.0,49
2019-03-19,AXP-COST,-1483.3875732421875,250000.0,49
2019-03-19,META-TXN,-2230.8467559814453,250000.0,49
2019-03-19,JPM-RTX,410.6756286621094,250000.0,49
2019-03-19,PYPL-UNP,0.0,250000.0,49
2019-03-20,AXP-COST,-4908.544883728027,250000.0,49
2019-03-20,META-TXN,2032.9288330078125,250000.0,49
2019-03-20,PYPL-UNP,-1514.3209075927734,250000.0,49
2019-03-21,AXP-COST,-5782.121353149414,250000.0,49
2019-03-21,META-TXN,-3252.602096557617,250000.0,49
2019-03-21,PYPL-UNP,-3558.3043212890625,250000.0,49
2019-03-22,META-TXN,958.3648681640625,250000.0,49
2019-03-22,PYPL-UNP,465.14967346191406,250000.0,49
2019-03-22,MA-NKE,0.0,250000.0,49
2019-03-22,NKE-PYPL,0.0,250000.0,49
2019-03-25,PYPL-UNP,1141.5888671875,250000.0,49
2019-03-25,MA-NKE,761.319953918457,250000.0,49
2019-03-25,NKE-PYPL,-306.1952590942383,250000.0,49
2019-03-26,PYPL-UNP,-2330.8331451416016,250000.0,49
2019-03-26,MA-NKE,1121.1412048339844,250000.0,49
2019-03-26,NKE-PYPL,-1368.0030822753906,250000.0,49
2019-03-27,PYPL-UNP,-266.92704010009766,250000.0,49
2019-03-27,MA-NKE,999.406982421875,250000.0,49
2019-03-27,NKE-PYPL,-1968.100357055664,250000.0,49
2019-03-28,PYPL-UNP,1186.3026123046875,250000.0,49
2019-03-28,MA-NKE,1578.385154724121,250000.0,49
2019-03-28,NKE-PYPL,-1305.3612899780273,250000.0,49
2019-03-29,PYPL-UNP,4346.114280700684,250000.0,49
2019-03-29,MA-NKE,1512.8672485351562,250000.0,49
2019-03-29,NKE-PYPL,-788.3843231201172,250000.0,49
2019-04-01,PYPL-UNP,5904.754585266113,250000.0,49
2019-04-01,MA-NKE,1060.8286590576172,250000.0,49
2019-04-01,NKE-PYPL,-2204.2250061035156,250000.0,49
2019-04-02,PYPL-UNP,4922.879013061523,250000.0,49
2019-04-02,MA-NKE,-1761.8190307617188,250000.0,49
2019-04-02,NKE-PYPL,-3779.616241455078,250000.0,49
2019-04-03,PYPL-UNP,5993.091400146484,250000.0,49
2019-04-03,MA-NKE,-1132.0929946899414,250000.0,49
2019-04-03,NKE-PYPL,-2171.651268005371,250000.0,49
2019-04-04,PYPL-UNP,5286.407447814941,250000.0,49
2019-04-04,MA-NKE,4164.607482910156,250000.0,49
2019-04-04,NKE-PYPL,624.0204620361328,250000.0,49
2019-04-05,PYPL-UNP,2038.6152877807617,250000.0,49
2019-04-05,MA-NKE,3966.8816299438477,250000.0,49
2019-04-05,NKE-PYPL,-2181.0131454467773,250000.0,49
2019-04-08,MA-NKE,1958.9379196166992,250000.0,49
2019-04-09,MA-NKE,946.3537139892578,250000.0,49
2019-04-10,MA-NKE,1634.206787109375,250000.0,49
2019-04-11,MA-NKE,3007.4142684936523,250000.0,49
2019-04-12,MA-NKE,4020.2519912719727,250000.0,49
2019-04-12,JPM-RTX,0.0,250000.0,49
2019-04-12,DIS-VZ,0.0,250000.0,49
2019-04-15,MA-NKE,5498.312149047852,250000.0,49
2019-04-15,JPM-RTX,2827.563934326172,250000.0,49
2019-04-15,DIS-VZ,-2342.932346343994,250000.0,49
2019-04-16,MA-NKE,7518.770919799805,250000.0,49
2019-04-16,JPM-RTX,438.81080627441406,250000.0,49
2019-04-16,DIS-VZ,391.73244857788086,250000.0,49
2019-04-16,AXP-MSFT,0.0,250000.0,49
2019-04-17,JPM-RTX,-9345.338439941406,250000.0,49
2019-04-17,DIS-VZ,-5976.269104003906,250000.0,49
2019-04-17,AXP-MSFT,2331.322723388672,250000.0,49
2019-04-17,ORCL-PEP,0.0,250000.0,49
2019-04-18,JPM-RTX,-4323.296813964844,250000.0,49
2019-04-18,DIS-VZ,-5652.893356323242,250000.0,49
2019-04-18,AXP-MSFT,1467.9159698486328,250000.0,49
2019-04-18,ORCL-PEP,-62.36073684692383,250000.0,49
2019-04-18,PYPL-UNP,0.0,250000.0,49
2019-04-22,JPM-RTX,-4954.041519165039,250000.0,49
2019-04-22,DIS-VZ,-3387.010009765625,250000.0,49
2019-04-22,ORCL-PEP,1454.7652587890625,250000.0,49
2019-04-22,PYPL-UNP,-2528.287124633789,250000.0,49
2019-04-23,JPM-RTX,327.1046447753906,250000.0,49
2019-04-23,ORCL-PEP,936.1344032287598,250000.0,49
2019-04-23,PYPL-UNP,-959.669563293457,250000.0,49
2019-04-24,JPM-RTX,162.9035186767578,250000.0,49
2019-04-24,ORCL-PEP,1841.2773513793945,250000.0,49
2019-04-24,PYPL-UNP,-516.536979675293,250000.0,49
2019-04-24,CL-T,0.0,250000.0,49
2019-04-25,JPM-RTX,222.54722595214844,250000.0,49
2019-04-25,ORCL-PEP,2992.03751373291,250000.0,49
2019-04-25,PYPL-UNP,7005.319770812988,250000.0,49
2019-04-25,CL-T,-3227.969036102295,250000.0,49
2019-04-25,COST-MSFT,0.0,250000.0,49
2019-04-25,META-TXN,0.0,250000.0,49
2019-04-26,JPM-RTX,-690.5377960205078,250000.0,49
2019-04-26,ORCL-PEP,3411.5838165283203,250000.0,49
2019-04-26,PYPL-UNP,5194.405426025391,250000.0,49
2019-04-26,CL-T,-7004.977024078369,250000.0,49
2019-04-26,COST-MSFT,-3094.253517150879,250000.0,49
2019-04-26,META-TXN,1759.1952362060547,250000.0,49
2019-04-26,ORCL-WMT,0.0,250000.0,49
2019-04-29,ORCL-PEP,2056.2936363220215,250000.0,49
2019-04-29,CL-T,-5581.466728210449,250000.0,49
2019-04-29,COST-MSFT,-2432.5545806884766,250000.0,49
2019-04-29,META-TXN,-2440.129837036133,250000.0,49
2019-04-29,ORCL-WMT,860.471492767334,250000.0,49
2019-04-30,ORCL-PEP,-26.16645050048828,250000.0,49
2019-04-30,CL-T,-8463.651237487793,250000.0,49
2019-04-30,COST-MSFT,-2872.0742950439453,250000.0,49
2019-04-30,META-TXN,1275.6191864013672,250000.0,49
2019-04-30,CVX-PSX,0.0,250000.0,49
2019-03-04,LMT-T,0.0,250000.0,50
2019-03-05,LMT-T,-567.6259155273438,250000.0,50
2019-03-06,LMT-T,-1011.0638122558594,250000.0,50
2019-03-07,LMT-T,-1.875213623046875,250000.0,50
2019-03-08,LMT-T,942.8359680175781,250000.0,50
2019-03-08,AXP-COST,0.0,250000.0,50
2019-03-11,LMT-T,2087.3416595458984,250000.0,50
2019-03-11,AXP-COST,860.2347106933594,250000.0,50
2019-03-11,ADBE-NKE,0.0,250000.0,50
2019-03-11,NKE-V,0.0,250000.0,50
2019-03-12,AXP-COST,-1124.2301635742188,250000.0,50
2019-03-12,NKE-V,-2305.837921142578,250000.0,50
2019-03-13,AXP-COST,-1725.0398178100586,250000.0,50
2019-03-13,NKE-V,-2831.10147857666,250000.0,50
2019-03-14,AXP-COST,1448.9440307617188,250000.0,50
2019-03-14,CMCSA-PEP,0.0,250000.0,50
2019-03-15,AXP-COST,3868.8002395629883,250000.0,50
2019-03-15,CMCSA-PEP,-1939.1993236541748,250000.0,50
2019-03-18,AXP-COST,643.369255065918,250000.0,50
2019-03-19,AXP-COST,-1483.3875732421875,250000.0,50
2019-03-19,PYPL-UNP,0.0,250000.0,50
2019-03-20,AXP-COST,-4908.544883728027,250000.0,50
2019-03-20,PYPL-UNP,-1514.3209075927734,250000.0,50
2019-03-21,AXP-COST,-5782.121353149414,250000.0,50
2019-03-21,PYPL-UNP,-3558.3043212890625,250000.0,50
2019-03-22,PYPL-UNP,465.14967346191406,250000.0,50
2019-03-22,CRM-NKE,0.0,250000.0,50
2019-03-22,MA-NKE,0.0,250000.0,50
2019-03-22,NKE-PYPL,0.0,250000.0,50
2019-03-22,NKE-V,0.0,250000.0,50
2019-03-25,PYPL-UNP,1141.5888671875,250000.0,50
2019-03-25,CRM-NKE,1156.4748001098633,250000.0,50
2019-03-25,MA-NKE,761.319953918457,250000.0,50
2019-03-25,NKE-PYPL,-306.1952590942383,250000.0,50
2019-03-25,NKE-V,314.6901397705078,250000.0,50
2019-03-26,PYPL-UNP,-2330.8331451416016,250000.0,50
2019-03-26,CRM-NKE,6093.956680297852,250000.0,50
2019-03-26,MA-NKE,1121.1412048339844,250000.0,50
2019-03-26,NKE-PYPL,-1368.0030822753906,250000.0,50
2019-03-26,NKE-V,-1521.9062805175781,250000.0,50
2019-03-27,PYPL-UNP,-266.92704010009766,250000.0,50
2019-03-27,MA-NKE,999.406982421875,250000.0,50
2019-03-27,NKE-PYPL,-1968.100357055664,250000.0,50
2019-03-27,NKE-V,-274.8321533203125,250000.0,50
2019-03-28,PYPL-UNP,1186.3026123046875,250000.0,50
2019-03-28,MA-NKE,1578.385154724121,250000.0,50
2019-03-28,NKE-PYPL,-1305.3612899780273,250000.0,50
2019-03-28,NKE-V,682.5818939208984,250000.0,50
2019-03-28,CMCSA-TMUS,0.0,250000.0,50
2019-03-29,PYPL-UNP,4346.114280700684,250000.0,50
2019-03-29,MA-NKE,1512.8672485351562,250000.0,50
2019-03-29,NKE-PYPL,-788.3843231201172,250000.0,50
2019-03-29,NKE-V,-1496.7815551757812,250000.0,50
2019-03-29,CMCSA-TMUS,1974.595645904541,250000.0,50
2019-04-01,PYPL-UNP,5904.754585266113,250000.0,50
2019-04-01,MA-NKE,1060.8286590576172,250000.0,50
2019-04-01,NKE-PYPL,-2204.2250061035156,250000.0,50
2019-04-01,NKE-V,-1427.1654968261719,250000.0,50
2019-04-01,CMCSA-TMUS,3503.191318511963,250000.0,50
2019-04-02,PYPL-UNP,4922.879013061523,250000.0,50
2019-04-02,MA-NKE,-1761.8190307617188,250000.0,50
2019-04-02,NKE-PYPL,-3779.616241455078,250000.0,50
2019-04-02,NKE-V,-3808.2857666015625,250000.0,50
2019-04-02,CMCSA-TMUS,3029.54044342041,250000.0,50
2019-04-03,PYPL-UNP,5993.091400146484,250000.0,50
2019-04-03,MA-NKE,-1132.0929946899414,250000.0,50
2019-04-03,NKE-PYPL,-2171.651268005371,250000.0,50
2019-04-03,NKE-V,-4740.739517211914,250000.0,50
2019-04-03,CMCSA-TMUS,-840.4233741760254,250000.0,50
2019-04-04,PYPL-UNP,5286.407447814941,250000.0,50
2019-04-04,MA-NKE,4164.607482910156,250000.0,50
2019-04-04,NKE-PYPL,624.0204620361328,250000.0,50
2019-04-04,NKE-V,-1958.7254333496094,250000.0,50
2019-04-04,CMCSA-TMUS,2265.790512084961,250000.0,50
2019-04-05,PYPL-UNP,2038.6152877807617,250000.0,50
2019-04-05,MA-NKE,3966.8816299438477,250000.0,50
2019-04-05,NKE-PYPL,-2181.0131454467773,250000.0,50
2019-04-05,NKE-V,-1761.2216033935547,250000.0,50
2019-04-05,CMCSA-TMUS,3301.1175689697266,250000.0,50
2019-04-08,MA-NKE,1958.9379196166992,250000.0,50
2019-04-08,CMCSA-TMUS,5054.25838470459,250000.0,50
2019-04-09,MA-NKE,946.3537139892578,250000.0,50
2019-04-09,CMCSA-TMUS,4116.090099334717,250000.0,50
2019-04-10,MA-NKE,1634.206787109375,250000.0,50
2019-04-10,CMCSA-TMUS,6594.16162109375,250000.0,50
2019-04-11,MA-NKE,3007.4142684936523,250000.0,50
2019-04-12,MA-NKE,4020.2519912719727,250000.0,50
2019-04-12,CVX-TXN,0.0,250000.0,50
2019-04-15,MA-NKE,5498.312149047852,250000.0,50
2019-04-15,CVX-TXN,4503.435317993164,250000.0,50
2019-04-16,MA-NKE,7518.770919799805,250000.0,50
2019-04-16,CVX-TXN,4280.276077270508,250000.0,50
2019-04-17,CVX-TXN,3729.3128662109375,250000.0,50
2019-04-17,CRM-NKE,0.0,250000.0,50
2019-04-17,TMUS-WMT,0.0,250000.0,50
2019-04-17,ORCL-PEP,0.0,250000.0,50
2019-04-18,CVX-TXN,2920.1319427490234,250000.0,50
2019-04-18,CRM-NKE,-398.3189697265625,250000.0,50
2019-04-18,TMUS-WMT,3011.7843685150146,250000.0,50
2019-04-18,ORCL-PEP,-62.36073684692383,250000.0,50
2019-04-18,PYPL-UNP,0.0,250000.0,50
2019-04-22,CVX-TXN,9103.954238891602,250000.0,50
2019-04-22,ORCL-PEP,1454.7652587890625,250000.0,50
2019-04-22,PYPL-UNP,-2528.287124633789,250000.0,50
2019-04-23,CVX-TXN,6335.984893798828,250000.0,50
2019-04-23,ORCL-PEP,936.1344032287598,250000.0,50
2019-04-23,PYPL-UNP,-959.669563293457,250000.0,50
2019-04-23,LMT-T,0.0,250000.0,50
2019-04-24,CVX-TXN,-7191.422454833984,250000.0,50
2019-04-24,ORCL-PEP,1841.2773513793945,250000.0,50
2019-04-24,PYPL-UNP,-516.536979675293,250000.0,50
2019-04-25,CVX-TXN,-5422.858383178711,250000.0,50
2019-04-25,ORCL-PEP,2992.03751373291,250000.0,50
2019-04-25,PYPL-UNP,7005.319770812988,250000.0,50
2019-04-26,CVX-TXN,-7463.33650970459,250000.0,50
2019-04-26,ORCL-PEP,3411.5838165283203,250000.0,50
2019-04-26,PYPL-UNP,5194.405426025391,250000.0,50
2019-04-26,CMCSA-WMT,0.0,250000.0,50
2019-04-26,ORCL-WMT,0.0,250000.0,50
2019-04-29,ORCL-PEP,2056.2936363220215,250000.0,50
2019-04-29,CMCSA-WMT,-1008.0830955505371,250000.0,50
2019-04-29,ORCL-WMT,860.471492767334,250000.0,50
2019-04-30,ORCL-PEP,-26.16645050048828,250000.0,50
2019-04-30,CMCSA-WMT,1909.6431694030762,250000.0,50
2019-05-01,ORCL-PEP,498.3141174316406,250000.0,50
2019-05-01,CMCSA-WMT,-1412.8355159759521,250000.0,50
2019-05-02,ORCL-PEP,639.5184707641602,250000.0,50
2019-05-02,CMCSA-WMT,321.6759281158447,250000.0,50
2019-05-03,CMCSA-WMT,740.1861114501953,250000.0,50
2019-05-06,CMCSA-WMT,1646.5107135772705,250000.0,50
2019-05-06,NKE-V,0.0,250000.0,50
2019-05-07,CMCSA-WMT,369.2789306640625,250000.0,50
2019-05-07,NKE-V,-135.33399200439453,250000.0,50
2019-05-08,CMCSA-WMT,-1478.8811874389648,250000.0,50
2019-05-08,NKE-V,-240.2068862915039,250000.0,50
2019-05-09,CMCSA-WMT,-3130.113676071167,250000.0,50
2019-05-09,NKE-V,1900.5213623046875,250000.0,50
2019-05-09,CVX-TXN,0.0,250000.0,50
2019-05-10,CMCSA-WMT,2063.9499835968018,250000.0,50
2019-05-10,NKE-V,3644.1185455322266,250000.0,50
2019-05-10,CVX-TXN,-874.0105972290039,250000.0,50
2019-05-13,NKE-V,4268.005561828613,250000.0,50
2019-05-13,CVX-TXN,-9471.277519226074,250000.0,50
2019-05-14,NKE-V,3510.752182006836,250000.0,50
2019-05-14,CVX-TXN,-7985.866157531738,250000.0,50
2019-05-14,LMT-T,0.0,250000.0,50
2019-05-15,NKE-V,634.3050384521484,250000.0,50
2019-05-15,CVX-TXN,-6373.4348220825195,250000.0,50
2019-05-15,LMT-T,-1604.4096298217773,250000.0,50
2019-05-15,CMCSA-PEP,0.0,250000.0,50
2019-05-15,PYPL-UNP,0.0,250000.0,50
2019-05-16,NKE-V,-2088.573356628418,250000.0,50
2019-05-16,CVX-TXN,-8424.73323059082,250000.0,50
2019-05-16,LMT-T,-3755.0120725631714,250000.0,50
2019-05-16,CMCSA-PEP,1673.562858581543,250000.0,50
2019-05-16,PYPL-UNP,-297.3923797607422,250000.0,50
2019-05-17,NKE-V,50.309722900390625,250000.0,50
2019-05-17,CVX-TXN,-13153.857986450195,250000.0,50
2019-05-17,LMT-T,-5422.573498725891,250000.0,50
2019-05-17,PYPL-UNP,-408.0457992553711,250000.0,50
2019-05-20,NKE-V,-4542.995620727539,250000.0,50
2019-05-20,PYPL-UNP,579.8314056396484,250000.0,50
2019-05-20,CMCSA-TMUS,0.0,250000.0,50
2019-05-21,PYPL-UNP,659.9709243774414,250000.0,50
2019-05-21,CMCSA-TMUS,4929.634304046631,250000.0,50
2019-05-22,PYPL-UNP,-224.16956329345703,250000.0,50
2019-05-22,ADBE-LOW,0.0,250000.0,50
2019-05-23,PYPL-UNP,395.7837677001953,250000.0,50
2019-05-23,ADBE-LOW,282.8523254394531,250000.0,50
2019-05-24,PYPL-UNP,-231.74502563476562,250000.0,50
2019-05-24,ADBE-LOW,1167.6800079345703,250000.0,50
2019-05-28,ADBE-LOW,-11579.075180053711,250000.0,50
2019-05-29,ADBE-LOW,-2770.6377563476562,250000.0,50
2019-05-29,MA-NKE,0.0,250000.0,50
2019-05-29,ADBE-NKE,0.0,250000.0,50
2019-05-29,NKE-V,0.0,250000.0,50
2019-05-30,ADBE-LOW,-2350.138168334961,250000.0,50
2019-05-30,ADBE-NKE,894.7649841308594,250000.0,50
2019-05-30,NKE-V,1442.0093383789062,250000.0,50
2019-05-31,ADBE-LOW,75.10452270507812,250000.0,50
2019-05-31,ADBE-NKE,-4053.8071823120117,250000.0,50
2019-05-31,NKE-V,-3632.020278930664,250000.0,50
2019-05-31,LMT-T,0.0,250000.0,50
2019-04-03,CVX-INTC,0.0,250000.0,51
2019-04-04,CVX-INTC,13.858451843261719,250000.0,51
2019-04-04,MA-NKE,0.0,250000.0,51
2019-04-05,MA-NKE,127.29417419433594,250000.0,51
2019-04-08,MA-NKE,2066.1695404052734,250000.0,51
2019-04-09,MA-NKE,3082.27685546875,250000.0,51
2019-04-10,MA-NKE,2291.3460235595703,250000.0,51
2019-04-11,MA-NKE,1081.07666015625,250000.0,51
2019-04-12,MA-NKE,-205.4887237548828,250000.0,51
2019-04-12,RTX-XOM,0.0,250000.0,51
2019-04-12,CVX-TXN,0.0,250000.0,51
2019-04-12,CVX-INTC,0.0,250000.0,51
2019-04-15,MA-NKE,-1665.8302459716797,250000.0,51
2019-04-15,RTX-XOM,333.2251777648926,250000.0,51
2019-04-15,CVX-TXN,4503.435317993164,250000.0,51
2019-04-15,CVX-INTC,1519.2220153808594,250000.0,51
2019-04-16,MA-NKE,-3717.9739990234375,250000.0,51
2019-04-16,RTX-XOM,802.6798057556152,250000.0,51
2019-04-16,CVX-TXN,4280.276077270508,250000.0,51
2019-04-16,CVX-INTC,2050.500534057617,250000.0,51
2019-04-17,RTX-XOM,812.7965240478516,250000.0,51
2019-04-17,CVX-TXN,3729.3128662109375,250000.0,51
2019-04-17,CVX-INTC,-8275.60173034668,250000.0,51
2019-04-17,CRM-NKE,0.0,250000.0,51
2019-04-17,TMUS-WMT,0.0,250000.0,51
2019-04-18,RTX-XOM,-1997.4694519042969,250000.0,51
2019-04-18,CVX-TXN,2920.1319427490234,250000.0,51
2019-04-18,CVX-INTC,-8935.254669189453,250000.0,51
2019-04-18,CRM-NKE,-398.3189697265625,250000.0,51
2019-04-18,TMUS-WMT,3011.7843685150146,250000.0,51
2019-04-18,ADBE-HON,0.0,250000.0,51
2019-04-18,ORCL-UNP,0.0,250000.0,51
2019-04-22,RTX-XOM,3610.6270446777344,250000.0,51
2019-04-22,CVX-TXN,9103.954238891602,250000.0,51
2019-04-22,CVX-INTC,-5571.589401245117,250000.0,51
2019-04-22,ADBE-HON,2797.980514526367,250000.0,51
2019-04-22,ORCL-UNP,-983.2114677429199,250000.0,51
2019-04-23,RTX-XOM,252.7066307067871,250000.0,51
2019-04-23,CVX-TXN,6335.984893798828,250000.0,51
2019-04-23,CVX-INTC,-5110.5628662109375,250000.0,51
2019-04-23,ADBE-HON,3594.132369995117,250000.0,51
2019-04-23,ORCL-UNP,2068.393180847168,250000.0,51
2019-04-23,CVX-KO,0.0,250000.0,51
2019-04-24,RTX-XOM,-4082.588249206543,250000.0,51
2019-04-24,CVX-TXN,-7191.422454833984,250000.0,51
2019-04-24,ADBE-HON,1423.0734252929688,250000.0,51
2019-04-24,ORCL-UNP,3151.4279594421387,250000.0,51
2019-04-24,CVX-KO,2470.6496353149414,250000.0,51
2019-04-25,RTX-XOM,-2879.333438873291,250000.0,51
2019-04-25,CVX-TXN,-5422.858383178711,250000.0,51
2019-04-25,ADBE-HON,4846.055114746094,250000.0,51
2019-04-25,ORCL-UNP,4183.652080535889,250000.0,51
2019-04-25,CVX-KO,3326.4587326049805,250000.0,51
2019-04-25,META-TXN,0.0,250000.0,51
2019-04-26,CVX-TXN,-7463.33650970459,250000.0,51
2019-04-26,ORCL-UNP,3800.955722808838,250000.0,51
2019-04-26,CVX-KO,1422.1643447875977,250000.0,51
2019-04-26,META-TXN,1759.1952362060547,250000.0,51
2019-04-26,CMCSA-WMT,0.0,250000.0,51
2019-04-26,AMGN-INTC,0.0,250000.0,51
2019-04-26,CVX-INTC,0.0,250000.0,51
2019-04-29,ORCL-UNP,3243.6245040893555,250000.0,51
2019-04-29,CVX-KO,380.6884078979492,250000.0,51
2019-04-29,META-TXN,-2440.129837036133,250000.0,51
2019-04-29,CMCSA-WMT,-1008.0830955505371,250000.0,51
2019-04-29,AMGN-INTC,-6491.386882781982,250000.0,51
2019-04-29,CVX-INTC,-7877.998683929443,250000.0,51
2019-04-30,ORCL-UNP,3642.744152069092,250000.0,51
2019-04-30,CVX-KO,-3737.440849304199,250000.0,51
2019-04-30,META-TXN,1275.6191864013672,250000.0,51
2019-04-30,CMCSA-WMT,1909.6431694030762,250000.0,51
2019-04-30,AMGN-INTC,-8045.554985046387,250000.0,51
2019-04-30,CVX-INTC,-14191.783470153809,250000.0,51
2019-05-01,ORCL-UNP,3696.615749359131,250000.0,51
2019-05-01,CVX-KO,-531.5466918945312,250000.0,51
2019-05-01,META-TXN,-1659.8309936523438,250000.0,51
2019-05-01,CMCSA-WMT,-1412.8355159759521,250000.0,51
2019-05-01,AMGN-INTC,-11478.424015045166,250000.0,51
2019-05-01,CVX-INTC,-9776.687999725342,250000.0,51
2019-05-02,ORCL-UNP,1501.8337440490723,250000.0,51
2019-05-02,CVX-KO,994.1689529418945,250000.0,51
2019-05-02,META-TXN,1309.0254974365234,250000.0,51
2019-05-02,CMCSA-WMT,321.6759281158447,250000.0,51
2019-05-02,AMGN-INTC,-12242.124870300293,250000.0,51
2019-05-02,CVX-INTC,-7123.380226135254,250000.0,51
2019-05-03,CVX-KO,-1021.0277938842773,250000.0,51
2019-05-03,META-TXN,203.63265991210938,250000.0,51
2019-05-03,CMCSA-WMT,740.1861114501953,250000.0,51
2019-05-03,AMGN-INTC,-5986.463150024414,250000.0,51
2019-05-03,CVX-INTC,-3676.5950775146484,250000.0,51
2019-05-06,CVX-KO,-110.94866180419922,250000.0,51
2019-05-06,META-TXN,-1749.9828796386719,250000.0,51
2019-05-06,CMCSA-WMT,1646.5107135772705,250000.0,51
2019-05-06,AMGN-INTC,-7182.700778961182,250000.0,51
2019-05-06,CVX-INTC,-7595.724369049072,250000.0,51
2019-05-07,CVX-KO,2370.447105407715,250000.0,51
2019-05-07,META-TXN,-2007.5748596191406,250000.0,51
2019-05-07,CMCSA-WMT,369.2789306640625,250000.0,51
2019-05-07,AMGN-INTC,-12836.99178314209,250000.0,51
2019-05-07,CVX-INTC,-10813.244499206543,250000.0,51
2019-05-08,META-TXN,-4732.100143432617,250000.0,51
2019-05-08,CMCSA-WMT,-1478.8811874389648,250000.0,51
2019-05-08,CVX-INTC,-14793.72509765625,250000.0,51
2019-05-09,META-TXN,-4770.80436706543,250000.0,51
2019-05-09,CMCSA-WMT,-3130.113676071167,250000.0,51
2019-05-09,CVX-TXN,0.0,250000.0,51
2019-05-10,CMCSA-WMT,2063.9499835968018,250000.0,51
2019-05-10,CVX-TXN,-874.0105972290039,250000.0,51
2019-05-13,CVX-TXN,-9471.277519226074,250000.0,51
2019-05-14,CVX-TXN,-7985.866157531738,250000.0,51
2019-05-15,CVX-TXN,-6373.4348220825195,250000.0,51
2019-05-15,CMCSA-PEP,0.0,250000.0,51
2019-05-16,CVX-TXN,-8424.73323059082,250000.0,51
2019-05-16,CMCSA-PEP,1673.562858581543,250000.0,51
2019-05-17,CVX-TXN,-13153.857986450195,250000.0,51
2019-05-22,ADBE-LOW,0.0,250000.0,51
2019-05-23,ADBE-LOW,282.8523254394531,250000.0,51
2019-05-24,ADBE-LOW,1167.6800079345703,250000.0,51
2019-05-28,ADBE-LOW,-11579.075180053711,250000.0,51
2019-05-29,ADBE-LOW,-2770.6377563476562,250000.0,51
2019-05-29,ADBE-NKE,0.0,250000.0,51
2019-05-29,MA-NKE,0.0,250000.0,51
2019-05-30,ADBE-LOW,-2350.138168334961,250000.0,51
2019-05-30,ADBE-NKE,894.7649841308594,250000.0,51
2019-05-31,ADBE-LOW,75.10452270507812,250000.0,51
2019-05-31,ADBE-NKE,-4053.8071823120117,250000.0,51
2019-06-03,ADBE-LOW,14513.762344360352,250000.0,51
2019-06-03,ADBE-NKE,2137.1321334838867,250000.0,51
2019-06-03,META-TXN,0.0,250000.0,51
2019-06-04,ADBE-LOW,11535.615997314453,250000.0,51
2019-06-04,META-TXN,-7022.179580688477,250000.0,51
2019-06-04,COP-UPS,0.0,250000.0,51
2019-06-05,ADBE-LOW,5506.939163208008,250000.0,51
2019-06-05,META-TXN,-7404.737686157227,250000.0,51
2019-06-05,COP-UPS,-8662.130039215088,250000.0,51
2019-06-05,CMCSA-WMT,0.0,250000.0,51
2019-06-05,AXP-CMCSA,0.0,250000.0,51
2019-06-06,ADBE-LOW,3355.1263122558594,250000.0,51
2019-06-06,META-TXN,-8979.040557861328,250000.0,51
2019-06-06,COP-UPS,-4102.465579986572,250000.0,51
2019-06-06,CMCSA-WMT,-1991.6274337768555,250000.0,51
2019-06-06,AXP-CMCSA,-4136.710035324097,250000.0,51
2019-06-07,ADBE-LOW,999.7680816650391,250000.0,51
2019-06-07,META-TXN,-7764.690231323242,250000.0,51
2019-06-07,COP-UPS,-1961.7924766540527,250000.0,51
2019-06-07,CMCSA-WMT,-3518.2023544311523,250000.0,51
2019-06-10,META-TXN,-10196.652267456055,250000.0,51
2019-06-10,COP-UPS,-5644.904975891113,250000.0,51
2019-06-11,META-TXN,-8594.54019165039,250000.0,51
2019-06-11,COP-UPS,-7343.494953155518,250000.0,51
2019-06-12,META-TXN,-4599.525482177734,250000.0,51
2019-06-12,COP-UPS,-8988.216556549072,250000.0,51
2019-06-13,META-TXN,-4880.57421875,250000.0,51
2019-06-14,META-TXN,7040.340255737305,250000.0,51
2019-06-20,CVX-KO,0.0,250000.0,51
2019-06-21,CVX-KO,-70.09480285644531,250000.0,51
2019-06-21,RTX-XOM,0.0,250000.0,51
2019-06-24,CVX-KO,-1841.9294967651367,250000.0,51
2019-06-24,COP-UPS,0.0,250000.0,51
2019-06-25,CVX-KO,109.12478637695312,250000.0,51
2019-06-25,COP-UPS,-4031.1173210144043,250000.0,51
2019-06-26,COP-UPS,-6693.348770141602,250000.0,51
2019-06-26,CVX-INTC,0.0,250000.0,51
2019-06-27,COP-UPS,2501.732177734375,250000.0,51
2019-06-27,CVX-INTC,2231.072986602783,250000.0,51
2019-06-28,CVX-INTC,2627.3430976867676,250000.0,51
2019-05-14,T-XOM,0.0,250000.0,52
2019-05-15,T-XOM,452.7586669921875,250000.0,52
2019-05-16,T-XOM,-2804.022846221924,250000.0,52
2019-05-16,ADBE-RTX,0.0,250000.0,52
2019-05-17,ADBE-RTX,1741.9635162353516,250000.0,52
2019-05-22,ADBE-LOW,0.0,250000.0,52
2019-05-23,ADBE-LOW,282.8523254394531,250000.0,52
2019-05-23,JPM-LMT,0.0,250000.0,52
2019-05-24,ADBE-LOW,1167.6800079345703,250000.0,52
2019-05-28,ADBE-LOW,-11579.075180053711,250000.0,52
2019-05-29,ADBE-LOW,-2770.6377563476562,250000.0,52
2019-05-29,ADBE-NKE,0.0,250000.0,52
2019-05-30,ADBE-LOW,-2350.138168334961,250000.0,52
2019-05-30,ADBE-NKE,894.7649841308594,250000.0,52
2019-05-31,ADBE-LOW,75.10452270507812,250000.0,52
2019-05-31,ADBE-NKE,-4053.8071823120117,250000.0,52
2019-06-03,ADBE-LOW,14513.762344360352,250000.0,52
2019-06-03,ADBE-NKE,2137.1321334838867,250000.0,52
2019-06-03,ADBE-HON,0.0,250000.0,52
2019-06-03,GOOGL-HD,0.0,250000.0,52
2019-06-03,META-TXN,0.0,250000.0,52
2019-06-04,ADBE-LOW,11535.615997314453,250000.0,52
2019-06-04,ADBE-HON,10042.321685791016,250000.0,52
2019-06-04,GOOGL-HD,-4680.1038818359375,250000.0,52
2019-06-04,META-TXN,-7022.179580688477,250000.0,52
2019-06-05,ADBE-LOW,5506.939163208008,250000.0,52
2019-06-05,GOOGL-HD,-10153.982521057129,250000.0,52
2019-06-05,META-TXN,-7404.737686157227,250000.0,52
2019-06-05,CMCSA-TMO,0.0,250000.0,52
2019-06-06,ADBE-LOW,3355.1263122558594,250000.0,52
2019-06-06,GOOGL-HD,-10234.802291870117,250000.0,52
2019-06-06,META-TXN,-8979.040557861328,250000.0,52
2019-06-06,CMCSA-TMO,-1881.4789772033691,250000.0,52
2019-06-07,ADBE-LOW,999.7680816650391,250000.0,52
2019-06-07,GOOGL-HD,-6732.277046203613,250000.0,52
2019-06-07,META-TXN,-7764.690231323242,250000.0,52
2019-06-07,CMCSA-TMO,-5619.292888641357,250000.0,52
2019-06-10,GOOGL-HD,-5162.111053466797,250000.0,52
2019-06-10,META-TXN,-10196.652267456055,250000.0,52
2019-06-11,GOOGL-HD,-5415.604995727539,250000.0,52
2019-06-11,META-TXN,-8594.54019165039,250000.0,52
2019-06-12,GOOGL-HD,-6996.284355163574,250000.0,52
2019-06-12,META-TXN,-4599.525482177734,250000.0,52
2019-06-13,GOOGL-HD,-9399.804542541504,250000.0,52
2019-06-13,META-TXN,-4880.57421875,250000.0,52
2019-06-14,META-TXN,7040.340255737305,250000.0,52
2019-06-18,ORCL-TMO,0.0,250000.0,52
2019-06-19,ORCL-TMO,-4163.499671936035,250000.0,52
2019-06-19,ADBE-HON,0.0,250000.0,52
2019-06-20,CSCO-ORCL,0.0,250000.0,52
2019-06-21,CSCO-ORCL,3207.7345848083496,250000.0,52
2019-06-24,CSCO-ORCL,728.234733581543,250000.0,52
2019-06-25,CSCO-ORCL,1905.6404914855957,250000.0,52
2019-06-26,CSCO-ORCL,150.2503776550293,250000.0,52
2019-06-27,CSCO-ORCL,-1725.6188354492188,250000.0,52
2019-06-28,CSCO-ORCL,-4204.443790435791,250000.0,52
2019-07-01,CSCO-ORCL,-8750.484394073486,250000.0,52
2019-07-02,CSCO-ORCL,-9010.870613098145,250000.0,52
2019-07-03,CSCO-ORCL,-9121.571502685547,250000.0,52
2019-07-08,CRM-NKE,0.0,250000.0,52
2019-07-09,CRM-NKE,2292.0516357421875,250000.0,52
2019-07-09,AMZN-HD,0.0,250000.0,52
2019-07-10,TMUS-WMT,0.0,250000.0,52
2019-07-11,TMUS-WMT,3372.177780151367,250000.0,52
2019-07-12,TMUS-WMT,720.9568405151367,250000.0,52
2019-07-12,ADBE-RTX,0.0,250000.0,52
2019-07-15,TMUS-WMT,2050.645248413086,250000.0,52
2019-07-15,ADBE-RTX,754.2503662109375,250000.0,52
2019-07-16,TMUS-WMT,2506.7700805664062,250000.0,52
2019-07-16,ADBE-RTX,79.36175537109375,250000.0,52
2019-07-17,TMUS-WMT,2536.972198486328,250000.0,52
2019-07-17,ADBE-HON,0.0,250000.0,52
2019-07-18,TMUS-WMT,6155.038345336914,250000.0,52
2019-07-24,TMUS-WMT,0.0,250000.0,52
2019-07-24,META-TXN,0.0,250000.0,52
2019-07-25,TMUS-WMT,3165.8796157836914,250000.0,52
2019-07-25,META-TXN,1281.6661758422852,250000.0,52
2019-07-26,META-TXN,-752.7930450439453,250000.0,52
2019-07-29,META-TXN,-6106.033973693848,250000.0,52
2019-07-30,META-TXN,-4286.704612731934,250000.0,52
2019-07-31,META-TXN,1230.333610534668,250000.0,52
2019-06-03,ADBE-HON,0.0,250000.0,53
2019-06-03,ADBE-CL,0.0,250000.0,53
2019-06-03,GOOGL-TXN,0.0,250000.0,53
2019-06-03,MDLZ-PYPL,0.0,250000.0,53
2019-06-04,ADBE-HON,10042.321685791016,250000.0,53
2019-06-04,GOOGL-TXN,-6098.033767700195,250000.0,53
2019-06-04,MDLZ-PYPL,4021.9720916748047,250000.0,53
2019-06-05,GOOGL-TXN,-9010.14326095581,250000.0,53
2019-06-05,MDLZ-PYPL,3914.6494483947754,250000.0,53
2019-06-05,CMCSA-TMO,0.0,250000.0,53
2019-06-06,GOOGL-TXN,-10045.897010803223,250000.0,53
2019-06-06,MDLZ-PYPL,3096.342887878418,250000.0,53
2019-06-06,CMCSA-TMO,-1881.4789772033691,250000.0,53
2019-06-07,GOOGL-TXN,-8071.369747161865,250000.0,53
2019-06-07,MDLZ-PYPL,4944.415752410889,250000.0,53
2019-06-07,CMCSA-TMO,-5619.292888641357,250000.0,53
2019-06-10,GOOGL-TXN,-8536.254852294922,250000.0,53
2019-06-11,GOOGL-TXN,-9608.293724060059,250000.0,53
2019-06-12,GOOGL-TXN,-3858.5752143859863,250000.0,53
2019-06-13,GOOGL-TXN,-3367.9413108825684,250000.0,53
2019-06-14,GOOGL-TXN,4845.123565673828,250000.0,53
2019-06-17,GOOGL-TXN,7831.923042297363,250000.0,53
2019-06-19,ADBE-HON,0.0,250000.0,53
2019-06-19,ADBE-T,0.0,250000.0,53
2019-06-19,ADBE-CL,0.0,250000.0,53
2019-06-20,ADBE-T,-5319.291072845459,250000.0,53
2019-06-21,ADBE-T,-4401.092147827148,250000.0,53
2019-06-24,ADBE-T,-3711.479591369629,250000.0,53
2019-06-24,PG-SBUX,0.0,250000.0,53
2019-06-25,ADBE-T,2959.0580139160156,250000.0,53
2019-06-26,ADBE-T,2369.7574501037598,250000.0,53
2019-06-27,ADBE-T,3224.969638824463,250000.0,53
2019-06-27,AMZN-T,0.0,250000.0,53
2019-06-28,CAT-GS,0.0,250000.0,53
2019-07-01,CAT-GS,-2515.069046020508,250000.0,53
2019-07-01,CSCO-TMO,0.0,250000.0,53
2019-07-02,CAT-GS,-2032.687515258789,250000.0,53
2019-07-02,CSCO-TMO,2403.141143798828,250000.0,53
2019-07-03,CAT-GS,-2311.1976470947266,250000.0,53
2019-07-03,CSCO-TMO,2465.0520629882812,250000.0,53
2019-07-08,CRM-NKE,0.0,250000.0,53
2019-07-09,CRM-NKE,2292.0516357421875,250000.0,53
2019-07-09,AMZN-HD,0.0,250000.0,53
2019-07-10,TMUS-WMT,0.0,250000.0,53
2019-07-11,TMUS-WMT,3372.177780151367,250000.0,53
2019-07-11,MDLZ-PYPL,0.0,250000.0,53
2019-07-12,TMUS-WMT,720.9568405151367,250000.0,53
2019-07-12,MDLZ-PYPL,673.8271675109863,250000.0,53
2019-07-12,ORCL-UNP,0.0,250000.0,53
2019-07-12,ADBE-RTX,0.0,250000.0,53
2019-07-12,CMCSA-PEP,0.0,250000.0,53
2019-07-15,TMUS-WMT,2050.645248413086,250000.0,53
2019-07-15,MDLZ-PYPL,-187.91887664794922,250000.0,53
2019-07-15,ORCL-UNP,1676.072006225586,250000.0,53
2019-07-15,ADBE-RTX,754.2503662109375,250000.0,53
2019-07-15,CMCSA-PEP,1179.1390838623047,250000.0,53
2019-07-16,TMUS-WMT,2506.7700805664062,250000.0,53
2019-07-16,MDLZ-PYPL,2607.834030151367,250000.0,53
2019-07-16,ORCL-UNP,-2533.3016967773438,250000.0,53
2019-07-16,ADBE-RTX,79.36175537109375,250000.0,53
2019-07-16,CMCSA-PEP,-1569.7006607055664,250000.0,53
2019-07-17,TMUS-WMT,2536.972198486328,250000.0,53
2019-07-17,MDLZ-PYPL,5038.512393951416,250000.0,53
2019-07-17,CMCSA-PEP,249.911376953125,250000.0,53
2019-07-17,ADBE-HON,0.0,250000.0,53
2019-07-18,TMUS-WMT,6155.038345336914,250000.0,53
2019-07-18,MDLZ-PYPL,4445.389644622803,250000.0,53
2019-07-18,CMCSA-PEP,-297.7129440307617,250000.0,53
2019-07-19,MDLZ-PYPL,5411.492053985596,250000.0,53
2019-07-19,CMCSA-PEP,-2702.660270690918,250000.0,53
2019-07-22,MDLZ-PYPL,4108.433155059814,250000.0,53
2019-07-22,CMCSA-PEP,-1158.6238632202148,250000.0,53
2019-07-22,AMZN-T,0.0,250000.0,53
2019-07-23,MDLZ-PYPL,1645.4558029174805,250000.0,53
2019-07-23,CMCSA-PEP,-2953.947463989258,250000.0,53
2019-07-23,AMZN-T,-989.9061584472656,250000.0,53
2019-07-24,MDLZ-PYPL,-2337.0846633911133,250000.0,53
2019-07-24,PG-SBUX,0.0,250000.0,53
2019-07-24,TMUS-WMT,0.0,250000.0,53
2019-07-24,CVX-TXN,0.0,250000.0,53
2019-07-24,CAT-GS,0.0,250000.0,53
2019-07-25,PG-SBUX,-260.10064697265625,250000.0,53
2019-07-25,TMUS-WMT,3165.8796157836914,250000.0,53
2019-07-25,CVX-TXN,2438.139030456543,250000.0,53
2019-07-25,CAT-GS,5542.19319152832,250000.0,53
2019-07-26,CVX-TXN,-722.4413909912109,250000.0,53
2019-07-26,CAT-GS,1042.7619018554688,250000.0,53
2019-07-29,CVX-TXN,-3803.86580657959,250000.0,53
2019-07-29,CAT-GS,4870.5410232543945,250000.0,53
2019-07-29,ADBE-CL,0.0,250000.0,53
2019-07-29,MDLZ-PYPL,0.0,250000.0,53
2019-07-30,CVX-TXN,-2426.112678527832,250000.0,53
2019-07-30,CAT-GS,1910.4709167480469,250000.0,53
2019-07-30,ADBE-CL,1263.090648651123,250000.0,53
2019-07-30,MDLZ-PYPL,1546.3050689697266,250000.0,53
2019-07-31,CVX-TXN,3428.145637512207,250000.0,53
2019-07-31,CAT-GS,1861.6080169677734,250000.0,53
2019-07-31,MDLZ-PYPL,3759.3596954345703,250000.0,53
2019-08-01,CVX-TXN,4493.469459533691,250000.0,53
2019-08-01,CAT-GS,5826.866500854492,250000.0,53
2019-08-01,MDLZ-PYPL,4031.660858154297,250000.0,53
2019-08-02,CVX-TXN,7661.706039428711,250000.0,53
2019-08-02,CAT-GS,5738.220230102539,250000.0,53
2019-08-02,MDLZ-PYPL,-4868.554641723633,250000.0,53
2019-08-05,MDLZ-PYPL,-5822.372283935547,250000.0,53
2019-08-06,MDLZ-PYPL,-5337.86051940918,250000.0,53
2019-08-07,MDLZ-PYPL,-4382.736541748047,250000.0,53
2019-08-08,MDLZ-PYPL,-10852.057037353516,250000.0,53
2019-08-09,MDLZ-PYPL,-14109.598922729492,250000.0,53
2019-08-14,AMZN-T,0.0,250000.0,53
2019-08-14,CAT-GS,0.0,250000.0,53
2019-08-15,AMZN-T,1451.052059173584,250000.0,53
2019-08-15,CAT-GS,751.7040023803711,250000.0,53
2019-08-15,TMUS-WMT,0.0,250000.0,53
2019-08-15,CSCO-TMO,0.0,250000.0,53
2019-08-16,CAT-GS,3694.9291458129883,250000.0,53
2019-08-16,TMUS-WMT,871.6106605529785,250000.0,53
2019-08-16,CSCO-TMO,-16.41979217529297,250000.0,53
2019-08-19,CAT-GS,6303.950553894043,250000.0,53
2019-08-19,TMUS-WMT,589.6778869628906,250000.0,53
2019-08-19,CSCO-TMO,2499.592960357666,250000.0,53
2019-08-20,CAT-GS,4167.008659362793,250000.0,53
2019-08-20,TMUS-WMT,2732.9703826904297,250000.0,53
2019-08-20,CSCO-TMO,3473.271812438965,250000.0,53
2019-08-21,CAT-GS,4037.1747817993164,250000.0,53
2019-08-21,TMUS-WMT,4400.542938232422,250000.0,53
2019-08-21,CSCO-TMO,4624.521171569824,250000.0,53
2019-08-22,CAT-GS,6047.420333862305,250000.0,53
2019-08-22,TMUS-WMT,3395.6773109436035,250000.0,53
2019-08-22,CSCO-TMO,2571.090576171875,250000.0,53
2019-08-23,CAT-GS,1984.074691772461,250000.0,53
2019-08-23,TMUS-WMT,1596.5237998962402,250000.0,53
2019-08-23,CSCO-TMO,4921.786056518555,250000.0,53
2019-08-23,ADBE-HON,0.0,250000.0,53
2019-08-23,CRM-UNP,0.0,250000.0,53
2019-08-26,CAT-GS,6027.210060119629,250000.0,53
2019-08-26,TMUS-WMT,4082.7830696105957,250000.0,53
2019-08-26,CSCO-TMO,5276.2041664123535,250000.0,53
2019-08-26,ADBE-HON,-1074.264633178711,250000.0,53
2019-08-26,CRM-UNP,-3671.8687438964844,250000.0,53
2019-08-27,CAT-GS,5063.1677169799805,250000.0,53
2019-08-27,TMUS-WMT,118.76025772094727,250000.0,53
2019-08-27,CSCO-TMO,2310.762275695801,250000.0,53
2019-08-27,ADBE-HON,-360.55230712890625,250000.0,53
2019-08-27,CRM-UNP,-5217.274230957031,250000.0,53
2019-08-28,CAT-GS,6564.8729248046875,250000.0,53
2019-08-28,TMUS-WMT,-738.930778503418,250000.0,53
2019-08-28,CSCO-TMO,-261.302188873291,250000.0,53
2019-08-28,ADBE-HON,4973.1846923828125,250000.0,53
2019-08-28,CRM-UNP,-2637.1280059814453,250000.0,53
2019-08-28,ADBE-CL,0.0,250000.0,53
2019-08-29,TMUS-WMT,-713.8621215820312,250000.0,53
2019-08-29,CSCO-TMO,-7688.696502685547,250000.0,53
2019-08-29,CRM-UNP,1466.7626495361328,250000.0,53
2019-08-29,ADBE-CL,399.94002532958984,250000.0,53
2019-08-29,CMCSA-TMO,0.0,250000.0,53
2019-08-30,CRM-UNP,1737.7155456542969,250000.0,53
2019-08-30,ADBE-CL,62.14738464355469,250000.0,53
2019-08-30,CMCSA-TMO,-797.7725601196289,250000.0,53
2019-07-01,CAT-GS,0.0,250000.0,54
2019-07-02,CAT-GS,459.5714874267578,250000.0,54
2019-07-03,CAT-GS,177.7783203125,250000.0,54
2019-07-05,CAT-GS,-2150.478256225586,250000.0,54
2019-07-08,CAT-GS,-75.63151550292969,250000.0,54
2019-07-08,CRM-NKE,0.0,250000.0,54
2019-07-09,CAT-GS,-2959.611602783203,250000.0,54
2019-07-09,CRM-NKE,2292.0516357421875,250000.0,54
2019-07-09,AMZN-HD,0.0,250000.0,54
2019-07-10,CAT-GS,-2112.7189025878906,250000.0,54
2019-07-10,BAC-META,0.0,250000.0,54
2019-07-11,BAC-META,3891.049861907959,250000.0,54
2019-07-11,MDLZ-PYPL,0.0,250000.0,54
2019-07-12,BAC-META,-53.415924072265625,250000.0,54
2019-07-12,MDLZ-PYPL,673.8271675109863,250000.0,54
2019-07-12,ORCL-UNP,0.0,250000.0,54
2019-07-15,BAC-META,-252.39225387573242,250000.0,54
2019-07-15,MDLZ-PYPL,-187.91887664794922,250000.0,54
2019-07-15,ORCL-UNP,1676.072006225586,250000.0,54
2019-07-16,BAC-META,-1548.002498626709,250000.0,54
2019-07-16,MDLZ-PYPL,2607.834030151367,250000.0,54
2019-07-16,ORCL-UNP,-2533.3016967773438,250000.0,54
2019-07-17,BAC-META,2167.3280181884766,250000.0,54
2019-07-17,MDLZ-PYPL,5038.512393951416,250000.0,54
2019-07-17,ADBE-HON,0.0,250000.0,54
2019-07-17,TMUS-UNP,0.0,250000.0,54
2019-07-17,ADBE-LMT,0.0,250000.0,54
2019-07-18,MDLZ-PYPL,4445.389644622803,250000.0,54
2019-07-18,ADBE-LMT,-2307.332275390625,250000.0,54
2019-07-19,MDLZ-PYPL,5411.492053985596,250000.0,54
2019-07-19,ADBE-LMT,1621.2556762695312,250000.0,54
2019-07-19,CAT-LOW,0.0,250000.0,54
2019-07-22,MDLZ-PYPL,4108.433155059814,250000.0,54
2019-07-22,ADBE-LMT,305.8182067871094,250000.0,54
2019-07-22,CAT-LOW,1945.4732360839844,250000.0,54
2019-07-23,MDLZ-PYPL,1645.4558029174805,250000.0,54
2019-07-23,ADBE-LMT,1135.1887512207031,250000.0,54
2019-07-23,CAT-LOW,-1851.5223388671875,250000.0,54
2019-07-24,MDLZ-PYPL,-2337.0846633911133,250000.0,54
2019-07-24,META-TXN,0.0,250000.0,54
2019-07-24,CVX-TXN,0.0,250000.0,54
2019-07-24,CAT-GS,0.0,250000.0,54
2019-07-25,META-TXN,1281.6661758422852,250000.0,54
2019-07-25,CVX-TXN,2438.139030456543,250000.0,54
2019-07-25,CAT-GS,5542.19319152832,250000.0,54
2019-07-26,META-TXN,-752.7930450439453,250000.0,54
2019-07-26,CVX-TXN,-722.4413909912109,250000.0,54
2019-07-26,CAT-GS,1042.7619018554688,250000.0,54
2019-07-26,BAC-GOOGL,0.0,250000.0,54
2019-07-29,META-TXN,-6106.033973693848,250000.0,54
2019-07-29,CVX-TXN,-3803.86580657959,250000.0,54
2019-07-29,CAT-GS,4870.5410232543945,250000.0,54
2019-07-29,BAC-GOOGL,-644.0550937652588,250000.0,54
2019-07-29,ADBE-CL,0.0,250000.0,54
2019-07-29,MDLZ-PYPL,0.0,250000.0,54
2019-07-30,META-TXN,-4286.704612731934,250000.0,54
2019-07-30,CVX-TXN,-2426.112678527832,250000.0,54
2019-07-30,CAT-GS,1910.4709167480469,250000.0,54
2019-07-30,BAC-GOOGL,4091.287384033203,250000.0,54
2019-07-30,ADBE-CL,1263.090648651123,250000.0,54
2019-07-30,MDLZ-PYPL,1546.3050689697266,250000.0,54
2019-07-31,META-TXN,1230.333610534668,250000.0,54
2019-07-31,CVX-TXN,3428.145637512207,250000.0,54
2019-07-31,CAT-GS,1861.6080169677734,250000.0,54
2019-07-31,BAC-GOOGL,4947.383148193359,250000.0,54
2019-07-31,MDLZ-PYPL,3759.3596954345703,250000.0,54
2019-08-01,META-TXN,3543.3383255004883,250000.0,54
2019-08-01,CVX-TXN,4493.469459533691,250000.0,54
2019-08-01,CAT-GS,5826.866500854492,250000.0,54
2019-08-01,BAC-GOOGL,-59.367483139038086,250000.0,54
2019-08-01,MDLZ-PYPL,4031.660858154297,250000.0,54
2019-08-02,META-TXN,4921.499664306641,250000.0,54
2019-08-02,CVX-TXN,7661.706039428711,250000.0,54
2019-08-02,CAT-GS,5738.220230102539,250000.0,54
2019-08-02,BAC-GOOGL,2461.824375152588,250000.0,54
2019-08-02,MDLZ-PYPL,-4868.554641723633,250000.0,54
2019-08-02,CMCSA-CSCO,0.0,250000.0,54
2019-08-05,BAC-GOOGL,3928.418783187866,250000.0,54
2019-08-05,MDLZ-PYPL,-5822.372283935547,250000.0,54
2019-08-05,CMCSA-CSCO,-5618.697235107422,250000.0,54
2019-08-05,MSFT-V,0.0,250000.0,54
2019-08-06,BAC-GOOGL,2449.383312225342,250000.0,54
2019-08-06,MDLZ-PYPL,-5337.86051940918,250000.0,54
2019-08-06,CMCSA-CSCO,-1262.8238830566406,250000.0,54
2019-08-06,MSFT-V,1222.1303405761719,250000.0,54
2019-08-07,BAC-GOOGL,-1323.9665184020996,250000.0,54
2019-08-07,MDLZ-PYPL,-4382.736541748047,250000.0,54
2019-08-07,CMCSA-CSCO,-1434.968822479248,250000.0,54
2019-08-08,BAC-GOOGL,-4809.54270362854,250000.0,54
2019-08-08,MDLZ-PYPL,-10852.057037353516,250000.0,54
2019-08-08,CMCSA-CSCO,-453.34868240356445,250000.0,54
2019-08-09,BAC-GOOGL,-1603.5869407653809,250000.0,54
2019-08-09,MDLZ-PYPL,-14109.598922729492,250000.0,54
2019-08-09,CMCSA-CSCO,-4713.021125793457,250000.0,54
2019-08-12,CMCSA-CSCO,-7441.8739585876465,250000.0,54
2019-08-13,CMCSA-CSCO,-4986.094821929932,250000.0,54
2019-08-15,CMCSA-CSCO,0.0,250000.0,54
2019-08-16,CMCSA-CSCO,852.3140335083008,250000.0,54
2019-08-19,CMCSA-CSCO,6227.008712768555,250000.0,54
2019-08-20,CMCSA-CSCO,3361.780445098877,250000.0,54
2019-08-21,CMCSA-CSCO,7290.715892791748,250000.0,54
2019-08-21,CAT-LOW,0.0,250000.0,54
2019-08-22,CMCSA-CSCO,5324.54105758667,250000.0,54
2019-08-22,CAT-LOW,-4.028289794921875,250000.0,54
2019-08-23,CMCSA-CSCO,1658.1980323791504,250000.0,54
2019-08-23,CAT-LOW,-2588.3255310058594,250000.0,54
2019-08-23,ADBE-HON,0.0,250000.0,54
2019-08-26,CMCSA-CSCO,997.4961776733398,250000.0,54
2019-08-26,CAT-LOW,-1983.4546508789062,250000.0,54
2019-08-26,ADBE-HON,-1074.264633178711,250000.0,54
2019-08-27,CMCSA-CSCO,-1577.424057006836,250000.0,54
2019-08-27,CAT-LOW,-2964.3818359375,250000.0,54
2019-08-27,ADBE-HON,-360.55230712890625,250000.0,54
2019-08-28,CMCSA-CSCO,-1756.4912910461426,250000.0,54
2019-08-28,CAT-LOW,-5336.164031982422,250000.0,54
2019-08-28,ADBE-HON,4973.1846923828125,250000.0,54
2019-08-28,ADBE-CL,0.0,250000.0,54
2019-08-29,CMCSA-CSCO,-1033.1128540039062,250000.0,54
2019-08-29,CAT-LOW,-10468.047424316406,250000.0,54
2019-08-29,ADBE-CL,399.94002532958984,250000.0,54
2019-08-30,CAT-LOW,-7419.452545166016,250000.0,54
2019-08-30,ADBE-CL,62.14738464355469,250000.0,54
2019-09-03,CAT-LOW,-8495.041076660156,250000.0,54
2019-09-03,ADBE-CL,-970.606559753418,250000.0,54
2019-09-04,CAT-LOW,-6596.9122314453125,250000.0,54
2019-09-04,ADBE-CL,-2348.3381118774414,250000.0,54
2019-09-05,ADBE-CL,363.58721923828125,250000.0,54
2019-09-06,ADBE-CL,-1692.862892150879,250000.0,54
2019-09-06,META-TXN,0.0,250000.0,54
2019-09-06,MSFT-V,0.0,250000.0,54
2019-09-09,ADBE-CL,2059.5761489868164,250000.0,54
2019-09-09,META-TXN,860.3901901245117,250000.0,54
2019-09-09,BAC-META,0.0,250000.0,54
2019-09-10,META-TXN,-816.2494125366211,250000.0,54
2019-09-10,MSFT-V,0.0,250000.0,54
2019-09-11,META-TXN,-2237.7033462524414,250000.0,54
2019-09-11,MSFT-V,-2020.1895446777344,250000.0,54
2019-09-12,MSFT-V,-514.3883056640625,250000.0,54
2019-09-13,MSFT-V,-1128.3585205078125,250000.0,54
2019-09-16,MSFT-V,-830.4403686523438,250000.0,54
2019-09-16,COP-MPC,0.0,250000.0,54
2019-09-17,MSFT-V,-2427.6932678222656,250000.0,54
2019-09-17,COP-MPC,8167.452560424805,250000.0,54
2019-09-18,COP-MPC,12975.061241149902,250000.0,54
2019-09-24,MDLZ-TMO,0.0,250000.0,54
2019-09-24,CAT-GS,0.0,250000.0,54
2019-09-25,MDLZ-TMO,-3268.0081634521484,250000.0,54
2019-09-25,CAT-GS,2120.695114135742,250000.0,54
2019-09-25,CRM-NKE,0.0,250000.0,54
2019-09-25,COP-MPC,0.0,250000.0,54
2019-09-26,MDLZ-TMO,-2126.388984680176,250000.0,54
2019-09-26,CAT-GS,163.74989318847656,250000.0,54
2019-09-26,CRM-NKE,-4371.794456481934,250000.0,54
2019-09-26,COP-MPC,-8279.844581604004,250000.0,54
2019-09-27,MDLZ-TMO,-1559.614486694336,250000.0,54
2019-09-27,CAT-GS,865.2932891845703,250000.0,54
2019-09-27,COP-MPC,-14184.789794921875,250000.0,54
2019-09-30,MDLZ-TMO,2226.780303955078,250000.0,54
2019-09-30,CAT-GS,-947.2508544921875,250000.0,54
2019-09-30,COP-MPC,-10010.51581954956,250000.0,54
2019-08-15,TMUS-WMT,0.0,250000.0,55
2019-08-15,CSCO-DHR,0.0,250000.0,55
2019-08-16,TMUS-WMT,871.6106605529785,250000.0,55
2019-08-16,CSCO-DHR,-4177.271301269531,250000.0,55
2019-08-19,TMUS-WMT,589.6778869628906,250000.0,55
2019-08-20,TMUS-WMT,2732.9703826904297,250000.0,55
2019-08-20,ADBE-HD,0.0,250000.0,55
2019-08-21,TMUS-WMT,4400.542938232422,250000.0,55
2019-08-21,ADBE-HD,24.786941528320312,250000.0,55
2019-08-22,TMUS-WMT,3395.6773109436035,250000.0,55
2019-08-22,ADBE-HD,-3219.5473022460938,250000.0,55
2019-08-23,TMUS-WMT,1596.5237998962402,250000.0,55
2019-08-23,ADBE-HD,-2592.379119873047,250000.0,55
2019-08-23,ADBE-HON,0.0,250000.0,55
2019-08-23,CL-HON,0.0,250000.0,55
2019-08-26,TMUS-WMT,4082.7830696105957,250000.0,55
2019-08-26,ADBE-HD,200.8448486328125,250000.0,55
2019-08-26,ADBE-HON,-1074.264633178711,250000.0,55
2019-08-26,CL-HON,-641.6294250488281,250000.0,55
2019-08-26,DHR-TMUS,0.0,250000.0,55
2019-08-27,TMUS-WMT,118.76025772094727,250000.0,55
2019-08-27,ADBE-HD,1175.3330383300781,250000.0,55
2019-08-27,ADBE-HON,-360.55230712890625,250000.0,55
2019-08-27,CL-HON,-1359.5999145507812,250000.0,55
2019-08-28,TMUS-WMT,-738.930778503418,250000.0,55
2019-08-28,ADBE-HD,-7954.282196044922,250000.0,55
2019-08-28,ADBE-HON,4973.1846923828125,250000.0,55
2019-08-28,CL-HON,585.4904174804688,250000.0,55
2019-08-28,ADBE-CL,0.0,250000.0,55
2019-08-29,TMUS-WMT,-713.8621215820312,250000.0,55
2019-08-29,ADBE-CL,399.94002532958984,250000.0,55
2019-08-30,ADBE-CL,62.14738464355469,250000.0,55
2019-09-03,ADBE-CL,-970.606559753418,250000.0,55
2019-09-04,ADBE-CL,-2348.3381118774414,250000.0,55
2019-09-05,ADBE-CL,363.58721923828125,250000.0,55
2019-09-06,ADBE-CL,-1692.862892150879,250000.0,55
2019-09-06,META-TXN,0.0,250000.0,55
2019-09-09,ADBE-CL,2059.5761489868164,250000.0,55
2019-09-09,META-TXN,860.3901901245117,250000.0,55
2019-09-10,META-TXN,-816.2494125366211,250000.0,55
2019-09-10,TMUS-V,0.0,250000.0,55
2019-09-11,META-TXN,-2237.7033462524414,250000.0,55
2019-09-11,TMUS-V,-7205.931251525879,250000.0,55
2019-09-12,TMUS-V,-2760.6088943481445,250000.0,55
2019-09-13,TMUS-V,-2644.3673706054688,250000.0,55
2019-09-16,TMUS-V,-4907.584129333496,250000.0,55
2019-09-17,TMUS-V,-6941.698333740234,250000.0,55
2019-09-18,TMUS-V,-8237.425071716309,250000.0,55
2019-09-24,MDLZ-TMO,0.0,250000.0,55
2019-09-24,CL-HON,0.0,250000.0,55
2019-09-25,MDLZ-TMO,-3268.0081634521484,250000.0,55
2019-09-25,CL-HON,2215.839500427246,250000.0,55
2019-09-25,CRM-NKE,0.0,250000.0,55
2019-09-26,MDLZ-TMO,-2126.388984680176,250000.0,55
2019-09-26,CL-HON,1500.1667404174805,250000.0,55
2019-09-26,CRM-NKE,-4371.794456481934,250000.0,55
2019-09-26,CMCSA-PEP,0.0,250000.0,55
2019-09-26,MSFT-TMUS,0.0,250000.0,55
2019-09-26,ADBE-META,0.0,250000.0,55
2019-09-27,MDLZ-TMO,-1559.614486694336,250000.0,55
2019-09-27,CL-HON,2048.638572692871,250000.0,55
2019-09-27,CMCSA-PEP,-1.1921730041503906,250000.0,55
2019-09-27,MSFT-TMUS,-3120.0924072265625,250000.0,55
2019-09-27,ADBE-META,995.4063415527344,250000.0,55
2019-09-27,MDLZ-TMUS,0.0,250000.0,55
2019-09-27,DHR-TMUS,0.0,250000.0,55
2019-09-27,ABT-TMUS,0.0,250000.0,55
2019-09-30,MDLZ-TMO,2226.780303955078,250000.0,55
2019-09-30,CMCSA-PEP,-2096.853443145752,250000.0,55
2019-09-30,MSFT-TMUS,-323.01568603515625,250000.0,55
2019-09-30,ADBE-META,3419.7372436523438,250000.0,55
2019-09-30,MDLZ-TMUS,4022.476577758789,250000.0,55
2019-09-30,DHR-TMUS,2107.5368728637695,250000.0,55
2019-09-30,ABT-TMUS,2174.677459716797,250000.0,55
2019-10-01,MDLZ-TMO,2688.8009033203125,250000.0,55
2019-10-01,MSFT-TMUS,-571.2341918945312,250000.0,55
2019-10-01,ADBE-META,3189.881134033203,250000.0,55
2019-10-01,MDLZ-TMUS,3374.3897705078125,250000.0,55
2019-10-01,DHR-TMUS,1837.9767227172852,250000.0,55
2019-10-01,ABT-TMUS,2062.806930541992,250000.0,55
2019-10-02,MDLZ-TMO,-466.71651458740234,250000.0,55
2019-10-02,MDLZ-TMUS,-1240.9893264770508,250000.0,55
2019-10-02,DHR-TMUS,-927.3659515380859,250000.0,55
2019-10-02,ABT-TMUS,-1528.7777252197266,250000.0,55
2019-10-03,MDLZ-TMO,-564.6966171264648,250000.0,55
2019-10-03,MDLZ-TMUS,-186.89539337158203,250000.0,55
2019-10-03,DHR-TMUS,9.280952453613281,250000.0,55
2019-10-03,ABT-TMUS,-982.3201446533203,250000.0,55
2019-10-04,MDLZ-TMO,-609.3861236572266,250000.0,55
2019-10-04,MDLZ-TMUS,354.17698669433594,250000.0,55
2019-10-04,DHR-TMUS,1329.746337890625,250000.0,55
2019-10-04,ABT-TMUS,1244.5371856689453,250000.0,55
2019-10-07,MDLZ-TMO,1794.7167205810547,250000.0,55
2019-10-07,MDLZ-TMUS,3525.005599975586,250000.0,55
2019-10-08,MDLZ-TMUS,1612.5839920043945,250000.0,55
2019-10-08,META-TXN,0.0,250000.0,55
2019-10-09,MDLZ-TMUS,1510.764549255371,250000.0,55
2019-10-09,META-TXN,4340.693359375,250000.0,55
2019-10-10,MDLZ-TMUS,2350.126335144043,250000.0,55
2019-10-15,ADBE-META,0.0,250000.0,55
2019-10-17,MA-TMUS,0.0,250000.0,55
2019-10-17,ADBE-HON,0.0,250000.0,55
2019-10-18,MA-TMUS,-4864.520660400391,250000.0,55
2019-10-18,ADBE-HON,1391.3231506347656,250000.0,55
2019-10-21,MA-TMUS,-4398.491790771484,250000.0,55
2019-10-21,ADBE-HON,-3097.6615295410156,250000.0,55
2019-10-22,ADBE-HON,-5443.661529541016,250000.0,55
2019-10-22,TMUS-V,0.0,250000.0,55
2019-10-23,ADBE-HON,-6707.3787841796875,250000.0,55
2019-10-23,TMUS-V,1066.5257186889648,250000.0,55
2019-10-23,MDLZ-TMO,0.0,250000.0,55
2019-10-24,ADBE-HON,-5690.152252197266,250000.0,55
2019-10-24,MDLZ-TMO,4938.867389678955,250000.0,55
2019-10-25,ADBE-HON,-5421.467102050781,250000.0,55
2019-10-25,MDLZ-TMO,826.3205108642578,250000.0,55
2019-10-28,ADBE-HON,-6836.996002197266,250000.0,55
2019-10-28,MDLZ-TMO,-3731.4512252807617,250000.0,55
2019-10-29,ADBE-HON,-7512.253967285156,250000.0,55
2019-10-29,MDLZ-TMO,65.44725799560547,250000.0,55
2019-10-30,ADBE-HON,-6820.811981201172,250000.0,55
2019-10-30,MDLZ-TMO,-7331.180477142334,250000.0,55
2019-10-31,ADBE-HON,-4227.000396728516,250000.0,55
2019-10-31,MDLZ-TMO,-5276.629524230957,250000.0,55
2019-09-05,CL-META,0.0,250000.0,56
2019-09-05,BAC-NFLX,0.0,250000.0,56
2019-09-06,BAC-NFLX,768.5062294006348,250000.0,56
2019-09-09,BAC-NFLX,-3509.307903289795,250000.0,56
2019-09-10,TMUS-V,0.0,250000.0,56
2019-09-10,META-ORCL,0.0,250000.0,56
2019-09-11,TMUS-V,-7205.931251525879,250000.0,56
2019-09-11,META-ORCL,-1179.2943115234375,250000.0,56
2019-09-12,TMUS-V,-2760.6088943481445,250000.0,56
2019-09-13,TMUS-V,-2644.3673706054688,250000.0,56
2019-09-16,TMUS-V,-4907.584129333496,250000.0,56
2019-09-16,CVX-ORCL,0.0,250000.0,56
2019-09-17,TMUS-V,-6941.698333740234,250000.0,56
2019-09-17,CVX-ORCL,-541.5113372802734,250000.0,56
2019-09-18,TMUS-V,-8237.425071716309,250000.0,56
2019-09-18,CVX-ORCL,-2918.698516845703,250000.0,56
2019-09-19,CVX-ORCL,2539.3947563171387,250000.0,56
2019-09-19,TMUS-TXN,0.0,250000.0,56
2019-09-20,CVX-ORCL,918.838623046875,250000.0,56
2019-09-20,TMUS-TXN,-1890.5267486572266,250000.0,56
2019-09-23,CVX-ORCL,1668.6330871582031,250000.0,56
2019-09-23,TMUS-TXN,3776.0597534179688,250000.0,56
2019-09-24,CVX-ORCL,2191.9224243164062,250000.0,56
2019-09-24,TMUS-TXN,3338.938430786133,250000.0,56
2019-09-24,CL-META,0.0,250000.0,56
2019-09-25,CVX-ORCL,5225.830551147461,250000.0,56
2019-09-25,TMUS-TXN,4559.021530151367,250000.0,56
2019-09-25,CL-META,2789.7300605773926,250000.0,56
2019-09-25,CRM-NKE,0.0,250000.0,56
2019-09-26,CL-META,-2251.6508140563965,250000.0,56
2019-09-26,CRM-NKE,-4371.794456481934,250000.0,56
2019-09-26,ADBE-META,0.0,250000.0,56
2019-09-26,MSFT-TMUS,0.0,250000.0,56
2019-09-26,CMCSA-PEP,0.0,250000.0,56
2019-09-27,CL-META,-7900.782428741455,250000.0,56
2019-09-27,ADBE-META,995.4063415527344,250000.0,56
2019-09-27,MSFT-TMUS,-3120.0924072265625,250000.0,56
2019-09-27,CMCSA-PEP,-1.1921730041503906,250000.0,56
2019-09-30,CL-META,-7243.283065795898,250000.0,56
2019-09-30,ADBE-META,3419.7372436523438,250000.0,56
2019-09-30,MSFT-TMUS,-323.01568603515625,250000.0,56
2019-09-30,CMCSA-PEP,-2096.853443145752,250000.0,56
2019-10-01,CL-META,-5433.396503448486,250000.0,56
2019-10-01,ADBE-META,3189.881134033203,250000.0,56
2019-10-01,MSFT-TMUS,-571.2341918945312,250000.0,56
2019-10-01,META-UNP,0.0,250000.0,56
2019-10-02,CL-META,-3743.6238899230957,250000.0,56
2019-10-02,META-UNP,-5901.359451293945,250000.0,56
2019-10-03,CL-META,1876.0740661621094,250000.0,56
2019-10-03,META-UNP,-4829.648620605469,250000.0,56
2019-10-04,CL-META,21.10373306274414,250000.0,56
2019-10-04,META-UNP,-933.9959106445312,250000.0,56
2019-10-07,CL-META,208.26288986206055,250000.0,56
2019-10-07,META-UNP,-1337.7577514648438,250000.0,56
2019-10-08,CL-META,155.77418899536133,250000.0,56
2019-10-09,CL-META,3190.3088150024414,250000.0,56
2019-10-10,CL-META,3049.856056213379,250000.0,56
2019-10-15,ADBE-META,0.0,250000.0,56
2019-10-15,CL-META,0.0,250000.0,56
2019-10-16,CL-META,-2117.8478622436523,250000.0,56
2019-10-17,CL-META,-2709.101142883301,250000.0,56
2019-10-17,CVX-ORCL,0.0,250000.0,56
2019-10-18,CL-META,3185.892677307129,250000.0,56
2019-10-18,CVX-ORCL,-1399.5820541381836,250000.0,56
2019-10-21,CL-META,-1377.5946807861328,250000.0,56
2019-10-21,CVX-ORCL,-1574.1619148254395,250000.0,56
2019-10-22,CL-META,6597.520866394043,250000.0,56
2019-10-22,TMUS-V,0.0,250000.0,56
2019-10-22,META-UNP,0.0,250000.0,56
2019-10-22,HON-META,0.0,250000.0,56
2019-10-23,CL-META,2648.4072875976562,250000.0,56
2019-10-23,TMUS-V,1066.5257186889648,250000.0,56
2019-10-23,META-UNP,4651.749420166016,250000.0,56
2019-10-23,HON-META,3900.856216430664,250000.0,56
2019-10-23,TMUS-TXN,0.0,250000.0,56
2019-10-24,CL-META,4165.580520629883,250000.0,56
2019-10-24,META-UNP,4340.5372314453125,250000.0,56
2019-10-24,HON-META,1876.4049682617188,250000.0,56
2019-10-24,TMUS-TXN,-1649.5994415283203,250000.0,56
2019-10-25,CL-META,2326.665687561035,250000.0,56
2019-10-25,META-UNP,2916.581069946289,250000.0,56
2019-10-25,HON-META,3699.574432373047,250000.0,56
2019-10-25,TMUS-TXN,2161.299201965332,250000.0,56
2019-10-28,CL-META,-2085.2143478393555,250000.0,56
2019-10-28,META-UNP,6642.837478637695,250000.0,56
2019-10-28,HON-META,4243.706405639648,250000.0,56
2019-10-28,TMUS-TXN,-2215.6404724121094,250000.0,56
2019-10-29,CL-META,-668.2537078857422,250000.0,56
2019-10-29,META-UNP,7377.890838623047,250000.0,56
2019-10-29,HON-META,3422.712600708008,250000.0,56
2019-10-29,TMUS-TXN,1055.152328491211,250000.0,56
2019-10-30,CL-META,2237.3411178588867,250000.0,56
2019-10-30,META-UNP,9662.371795654297,250000.0,56
2019-10-30,HON-META,-123.25839233398438,250000.0,56
2019-10-30,TMUS-TXN,-8770.988174438477,250000.0,56
2019-10-31,TMUS-TXN,-5729.0808181762695,250000.0,56
2019-11-01,TMUS-TXN,-4807.498512268066,250000.0,56
2019-11-01,ADBE-CL,0.0,250000.0,56
2019-11-04,TMUS-TXN,8048.657623291016,250000.0,56
2019-11-05,TMUS-TXN,3337.9744415283203,250000.0,56
2019-11-06,TMUS-TXN,2722.0842666625977,250000.0,56
2019-11-07,TMUS-TXN,1790.698112487793,250000.0,56
2019-11-08,TMUS-TXN,6142.420478820801,250000.0,56
2019-11-11,TMUS-TXN,7511.916122436523,250000.0,56
2019-11-12,MSFT-TMUS,0.0,250000.0,56
2019-11-13,MSFT-TMUS,1406.9445419311523,250000.0,56
2019-11-14,MSFT-TMUS,-3291.592597961426,250000.0,56
2019-11-15,MSFT-TMUS,-1997.1834182739258,250000.0,56
2019-11-18,MSFT-TMUS,-2128.1222915649414,250000.0,56
2019-11-19,MSFT-TMUS,-5523.025436401367,250000.0,56
2019-11-20,MSFT-TMUS,-3608.014450073242,250000.0,56
2019-11-20,GOOGL-LOW,0.0,250000.0,56
2019-11-21,MSFT-TMUS,-3217.6705932617188,250000.0,56
2019-11-21,GOOGL-LOW,1397.385025024414,250000.0,56
2019-11-22,MSFT-TMUS,-499.3624496459961,250000.0,56
2019-11-22,GOOGL-LOW,-2313.5192260742188,250000.0,56
2019-11-25,MSFT-TMUS,-4709.327201843262,250000.0,56
2019-11-25,GOOGL-LOW,2466.384246826172,250000.0,56
2019-11-26,MSFT-TMUS,-4381.507225036621,250000.0,56
2019-11-26,GOOGL-LOW,2185.2450103759766,250000.0,56
2019-11-27,GOOGL-LOW,580.3332824707031,250000.0,56
2019-11-29,GOOGL-LOW,1519.3577575683594,250000.0,56
2019-10-01,CRM-UNP,0.0,250000.0,57
2019-10-02,CRM-UNP,-4600.885116577148,250000.0,57
2019-10-03,CRM-UNP,-3316.947784423828,250000.0,57
2019-10-04,CRM-UNP,426.62860107421875,250000.0,57
2019-10-07,CRM-UNP,-607.4828796386719,250000.0,57
2019-10-08,CRM-UNP,-6309.839218139648,250000.0,57
2019-10-08,CL-TMO,0.0,250000.0,57
2019-10-09,CRM-UNP,-4046.7324829101562,250000.0,57
2019-10-09,CL-TMO,4309.9860191345215,250000.0,57
2019-10-10,CRM-UNP,338.05902099609375,250000.0,57
2019-10-11,ADBE-ORCL,0.0,250000.0,57
2019-10-14,ADBE-ORCL,1534.9496459960938,250000.0,57
2019-10-15,ADBE-ORCL,3137.257080078125,250000.0,57
2019-10-15,ADBE-META,0.0,250000.0,57
2019-10-16,ADBE-ORCL,552.9547119140625,250000.0,57
2019-10-17,ADBE-ORCL,1751.3755798339844,250000.0,57
2019-10-17,MA-TMUS,0.0,250000.0,57
2019-10-18,ADBE-ORCL,1406.9561767578125,250000.0,57
2019-10-18,MA-TMUS,-4864.520660400391,250000.0,57
2019-10-21,ADBE-ORCL,-224.19754028320312,250000.0,57
2019-10-21,MA-TMUS,-4398.491790771484,250000.0,57
2019-10-22,ADBE-ORCL,261.4599609375,250000.0,57
2019-10-22,TMUS-V,0.0,250000.0,57
2019-10-23,ADBE-ORCL,333.41461181640625,250000.0,57
2019-10-23,TMUS-V,1066.5257186889648,250000.0,57
2019-10-23,CL-TMO,0.0,250000.0,57
2019-10-23,HD-TXN,0.0,250000.0,57
2019-10-24,CL-TMO,3994.681900024414,250000.0,57
2019-10-24,HD-TXN,-453.4541320800781,250000.0,57
2019-10-24,HD-T,0.0,250000.0,57
2019-10-25,CL-TMO,1360.4260482788086,250000.0,57
2019-10-25,HD-TXN,3530.6407012939453,250000.0,57
2019-10-25,HD-T,30.305816650390625,250000.0,57
2019-10-28,CL-TMO,-2750.772285461426,250000.0,57
2019-10-28,HD-TXN,346.23780822753906,250000.0,57
2019-10-29,HD-TXN,3277.9671173095703,250000.0,57
2019-10-30,HD-TXN,-1942.4002227783203,250000.0,57
2019-10-31,HD-TXN,-69.70539855957031,250000.0,57
2019-11-01,HD-TXN,-2373.6678314208984,250000.0,57
2019-11-04,HD-TXN,5941.534317016602,250000.0,57
2019-11-05,HD-TXN,5966.756942749023,250000.0,57
2019-11-06,HD-TXN,5444.803283691406,250000.0,57
2019-11-07,HD-TXN,5447.642471313477,250000.0,57
2019-11-08,HD-TXN,5937.192138671875,250000.0,57
2019-11-11,HD-TXN,2548.09619140625,250000.0,57
2019-11-12,HD-TXN,3385.357925415039,250000.0,57
2019-11-12,MA-TMUS,0.0,250000.0,57
2019-11-13,HD-TXN,648.4518432617188,250000.0,57
2019-11-13,MA-TMUS,1629.4765853881836,250000.0,57
2019-11-14,MA-TMUS,-2208.849220275879,250000.0,57
2019-11-15,CMCSA-MSFT,0.0,250000.0,57
2019-11-18,CMCSA-MSFT,-518.8438377380371,250000.0,57
2019-11-19,CMCSA-MSFT,-211.99569702148438,250000.0,57
2019-11-20,CMCSA-MSFT,-928.3563957214355,250000.0,57
2019-11-20,GOOGL-LOW,0.0,250000.0,57
2019-11-21,CMCSA-MSFT,-421.22332763671875,250000.0,57
2019-11-21,GOOGL-LOW,1397.385025024414,250000.0,57
2019-11-22,CMCSA-MSFT,253.28195571899414,250000.0,57
2019-11-22,GOOGL-LOW,-2313.5192260742188,250000.0,57
2019-11-22,AMZN-TSLA,0.0,250000.0,57
2019-11-25,GOOGL-LOW,2466.384246826172,250000.0,57
2019-11-25,AMZN-TSLA,5298.810716629028,250000.0,57
2019-11-25,CRM-UNP,0.0,250000.0,57
2019-11-26,GOOGL-LOW,2185.2450103759766,250000.0,57
2019-11-26,AMZN-TSLA,2047.4369144439697,250000.0,57
2019-11-26,CRM-UNP,3233.5838317871094,250000.0,57
2019-11-27,GOOGL-LOW,580.3332824707031,250000.0,57
2019-11-27,AMZN-TSLA,5990.916738510132,250000.0,57
2019-11-27,CRM-UNP,2243.7734375,250000.0,57
2019-11-29,GOOGL-LOW,1519.3577575683594,250000.0,57
2019-11-29,AMZN-TSLA,3200.4104404449463,250000.0,57
2019-11-29,ADBE-ORCL,0.0,250000.0,57
2019-12-02,GOOGL-LOW,1455.9149322509766,250000.0,57
2019-12-02,AMZN-TSLA,4974.150506973267,250000.0,57
2019-12-02,ADBE-ORCL,-1317.434513092041,250000.0,57
2019-12-03,AMZN-TSLA,4804.375843048096,250000.0,57
2019-12-04,AMZN-TSLA,1494.7173042297363,250000.0,57
2019-12-05,AMZN-TSLA,-2529.9324131011963,250000.0,57
2019-12-06,AMZN-TSLA,2729.2714405059814,250000.0,57
2019-12-09,AMZN-TSLA,5251.698080062866,250000.0,57
2019-12-10,AMZN-TSLA,11206.199947357178,250000.0,57
2019-12-11,ADBE-META,0.0,250000.0,57
2019-12-13,ADBE-META,0.0,250000.0,57
2019-12-16,ADBE-META,1958.5229797363281,250000.0,57
2019-12-16,AMZN-TSLA,0.0,250000.0,57
2019-12-16,GILD-PFE,0.0,250000.0,57
2019-12-17,ADBE-META,3041.6427459716797,250000.0,57
2019-12-17,AMZN-TSLA,-4355.90353012085,250000.0,57
2019-12-17,GILD-PFE,1853.3438835144043,250000.0,57
2019-12-18,ADBE-META,7564.423873901367,250000.0,57
2019-12-18,AMZN-TSLA,-11779.736391067505,250000.0,57
2019-12-18,GILD-PFE,-165.9245147705078,250000.0,57
2019-12-19,AMZN-TSLA,-21223.53645133972,250000.0,57
2019-12-19,GILD-PFE,-2239.296085357666,250000.0,57
2019-12-20,AMZN-TSLA,-20622.228590011597,250000.0,57
2019-12-20,GILD-PFE,2349.460105895996,250000.0,57
2019-12-23,GILD-PFE,1374.0222091674805,250000.0,57
2019-12-24,GILD-PFE,1445.3750076293945,250000.0,57
2019-12-26,GILD-PFE,-451.37967681884766,250000.0,57
2019-12-27,GILD-PFE,-1830.7699279785156,250000.0,57
2019-12-30,GILD-PFE,-3298.1158714294434,250000.0,57
