date,pair,mark_pnl,target_notional,fold_id
2015-01-02,ABT-TMO,0.0,250000.0,0
2015-01-05,AXP-GS,0.0,250000.0,0
2015-01-05,MPC-PSX,0.0,250000.0,0
2015-01-06,AXP-GS,-997.097900390625,250000.0,0
2015-01-06,MPC-PSX,-6245.825736999512,250000.0,0
2015-01-06,AXP-BAC,0.0,250000.0,0
2015-01-07,AXP-GS,-1418.779037475586,250000.0,0
2015-01-07,MPC-PSX,-5797.976272583008,250000.0,0
2015-01-07,AXP-BAC,-2446.8228244781494,250000.0,0
2015-01-07,COST-WMT,0.0,250000.0,0
2015-01-07,AXP-JPM,0.0,250000.0,0
2015-01-08,AXP-GS,-150.93959045410156,250000.0,0
2015-01-08,MPC-PSX,1923.855068206787,250000.0,0
2015-01-08,AXP-BAC,333.26565742492676,250000.0,0
2015-01-08,AXP-JPM,3244.309539794922,250000.0,0
2015-01-08,GOOGL-VZ,0.0,250000.0,0
2015-01-09,AXP-GS,-1578.965835571289,250000.0,0
2015-01-09,MPC-PSX,-1735.9048233032227,250000.0,0
2015-01-09,AXP-BAC,-2079.643316268921,250000.0,0
2015-01-09,AXP-JPM,923.0797119140625,250000.0,0
2015-01-09,GOOGL-VZ,1300.7776908874512,250000.0,0
2015-01-12,AXP-BAC,-4796.210031509399,250000.0,0
2015-01-12,AXP-JPM,448.0421562194824,250000.0,0
2015-01-12,GOOGL-VZ,-941.4569606781006,250000.0,0
2015-01-12,ABT-DHR,0.0,250000.0,0
2015-01-13,AXP-JPM,984.3952255249023,250000.0,0
2015-01-13,GOOGL-VZ,-763.3246116638184,250000.0,0
2015-01-14,AXP-JPM,-3654.473373413086,250000.0,0
2015-01-14,GOOGL-VZ,966.2742595672607,250000.0,0
2015-01-15,GOOGL-VZ,-9.325040817260742,250000.0,0
2015-01-16,GOOGL-VZ,-3761.5423583984375,250000.0,0
2015-01-20,GOOGL-VZ,-4845.843936920166,250000.0,0
2015-01-20,AXP-GS,0.0,250000.0,0
2015-01-21,GOOGL-VZ,-3655.8047370910645,250000.0,0
2015-01-21,AXP-GS,1265.2854919433594,250000.0,0
2015-01-21,GOOGL-NFLX,0.0,250000.0,0
2015-01-22,GOOGL-VZ,1254.4339866638184,250000.0,0
2015-01-22,GOOGL-NFLX,6235.4205322265625,250000.0,0
2015-01-22,MDLZ-PEP,0.0,250000.0,0
2015-01-23,GOOGL-NFLX,5658.685803413391,250000.0,0
2015-01-23,MDLZ-PEP,-832.1034622192383,250000.0,0
2015-01-23,HON-LMT,0.0,250000.0,0
2015-01-26,GOOGL-NFLX,-5448.07799911499,250000.0,0
2015-01-26,MDLZ-PEP,-2215.3828048706055,250000.0,0
2015-01-26,HON-LMT,-947.6117248535156,250000.0,0
2015-01-30,COST-WMT,0.0,250000.0,0
2015-02-02,COST-WMT,-3651.744888305664,250000.0,0
2015-02-04,CMCSA-DIS,0.0,250000.0,0
2015-02-05,CMCSA-DIS,-3040.7755813598633,250000.0,0
2015-02-06,CMCSA-DIS,-1736.2144088745117,250000.0,0
2015-02-06,AXP-BAC,0.0,250000.0,0
2015-02-09,CMCSA-DIS,-253.91130828857422,250000.0,0
2015-02-09,AXP-BAC,2046.818675994873,250000.0,0
2015-02-10,CMCSA-DIS,720.2525405883789,250000.0,0
2015-02-10,AXP-BAC,3155.5546283721924,250000.0,0
2015-02-11,CMCSA-DIS,2512.193992614746,250000.0,0
2015-02-11,AXP-BAC,4494.124574661255,250000.0,0
2015-02-11,KO-PEP,0.0,250000.0,0
2015-02-12,CMCSA-DIS,997.7231140136719,250000.0,0
2015-02-12,KO-PEP,-94.24542236328125,250000.0,0
2015-02-12,AXP-GS,0.0,250000.0,0
2015-02-12,AXP-JPM,0.0,250000.0,0
2015-02-12,ADBE-CSCO,0.0,250000.0,0
2015-02-13,CMCSA-DIS,4456.858978271484,250000.0,0
2015-02-13,KO-PEP,2367.6656188964844,250000.0,0
2015-02-13,AXP-GS,-4457.799949645996,250000.0,0
2015-02-13,AXP-JPM,-6053.397750854492,250000.0,0
2015-02-17,CMCSA-DIS,1558.944969177246,250000.0,0
2015-02-17,KO-PEP,3908.332717895508,250000.0,0
2015-02-17,AXP-GS,-3515.6578979492188,250000.0,0
2015-02-17,AXP-JPM,-5510.302200317383,250000.0,0
2015-02-18,CMCSA-DIS,-414.83133697509766,250000.0,0
2015-02-18,KO-PEP,1326.4679107666016,250000.0,0
2015-02-18,AXP-GS,-138.25209045410156,250000.0,0
2015-02-18,AXP-JPM,-803.9231262207031,250000.0,0
2015-02-19,KO-PEP,3639.0114517211914,250000.0,0
2015-02-19,AXP-GS,-3871.464553833008,250000.0,0
2015-02-19,AXP-JPM,-3456.014694213867,250000.0,0
2015-02-19,HON-LMT,0.0,250000.0,0
2015-02-20,KO-PEP,2500.091506958008,250000.0,0
2015-02-20,AXP-GS,-3763.497627258301,250000.0,0
2015-02-20,AXP-JPM,-2490.9847869873047,250000.0,0
2015-02-20,HON-LMT,-1617.5564804077148,250000.0,0
2015-02-23,KO-PEP,1278.5010986328125,250000.0,0
2015-02-23,AXP-GS,-1109.306396484375,250000.0,0
2015-02-23,AXP-JPM,500.61602783203125,250000.0,0
2015-02-24,KO-PEP,1539.8140182495117,250000.0,0
2015-02-24,AXP-GS,-2344.5984954833984,250000.0,0
2015-02-24,AXP-JPM,-4353.08186340332,250000.0,0
2015-02-25,KO-PEP,1571.7306671142578,250000.0,0
2015-02-25,AXP-GS,1307.5620422363281,250000.0,0
2015-02-25,AXP-JPM,-2620.8217010498047,250000.0,0
2015-02-26,KO-PEP,3499.014778137207,250000.0,0
2015-02-26,AXP-GS,2349.2291946411133,250000.0,0
2015-02-26,AXP-JPM,-1931.9224700927734,250000.0,0
2015-02-27,AXP-GS,1738.9183883666992,250000.0,0
2015-02-27,KO-MDLZ,0.0,250000.0,0
2015-03-02,AXP-GS,102.7240219116211,250000.0,0
2015-03-02,KO-MDLZ,291.0981903076172,250000.0,0
2015-03-03,AXP-GS,515.2115859985352,250000.0,0
2015-03-03,KO-MDLZ,172.74803161621094,250000.0,0
2015-03-03,INTC-TXN,0.0,250000.0,0
2015-03-04,KO-MDLZ,1651.789499282837,250000.0,0
2015-03-04,INTC-TXN,-1132.080509185791,250000.0,0
2015-03-05,KO-MDLZ,2754.8948879241943,250000.0,0
2015-03-05,INTC-TXN,220.82096099853516,250000.0,0
2015-03-06,KO-MDLZ,-436.12032890319824,250000.0,0
2015-03-06,INTC-TXN,-1011.8614616394043,250000.0,0
2015-03-09,KO-MDLZ,1735.6971817016602,250000.0,0
2015-03-10,KO-MDLZ,-84.37155151367188,250000.0,0
2015-03-10,AXP-JPM,0.0,250000.0,0
2015-03-11,KO-MDLZ,2546.554058074951,250000.0,0
2015-03-11,AXP-JPM,890.4836769104004,250000.0,0
2015-03-12,KO-MDLZ,1935.752254486084,250000.0,0
2015-03-12,AXP-JPM,3883.229579925537,250000.0,0
2015-03-13,KO-MDLZ,2808.5327644348145,250000.0,0
2015-03-13,AXP-JPM,3122.4151496887207,250000.0,0
2015-03-16,KO-MDLZ,1750.330244064331,250000.0,0
2015-03-16,ABT-TMO,0.0,250000.0,0
2015-03-17,ABT-TMO,-1771.5621871948242,250000.0,0
2015-03-18,ABT-TMO,-3475.6166610717773,250000.0,0
2015-03-19,AXP-BAC,0.0,250000.0,0
2015-03-20,AXP-BAC,1476.245831489563,250000.0,0
2015-03-23,AXP-BAC,505.8865089416504,250000.0,0
2015-03-24,AXP-BAC,323.4858932495117,250000.0,0
2015-03-25,AXP-BAC,-481.8862066268921,250000.0,0
2015-03-25,KO-MDLZ,0.0,250000.0,0
2015-03-26,AXP-BAC,2779.9396142959595,250000.0,0
2015-03-27,AXP-BAC,1988.7598485946655,250000.0,0
2015-02-04,ADBE-ORCL,0.0,250000.0,1
2015-02-04,DHR-GILD,0.0,250000.0,1
2015-02-05,ADBE-ORCL,1601.5929985046387,250000.0,1
2015-02-05,DHR-GILD,4720.685428619385,250000.0,1
2015-02-06,ADBE-ORCL,2425.257583618164,250000.0,1
2015-02-06,DHR-GILD,-2022.5041580200195,250000.0,1
2015-02-06,AXP-BAC,0.0,250000.0,1
2015-02-09,DHR-GILD,-3789.995906829834,250000.0,1
2015-02-09,AXP-BAC,2046.818675994873,250000.0,1
2015-02-10,DHR-GILD,691.2569770812988,250000.0,1
2015-02-10,AXP-BAC,3155.5546283721924,250000.0,1
2015-02-11,DHR-GILD,5079.86572265625,250000.0,1
2015-02-11,AXP-BAC,4494.124574661255,250000.0,1
2015-02-12,DHR-GILD,7976.840034484863,250000.0,1
2015-02-12,AXP-JPM,0.0,250000.0,1
2015-02-13,AXP-JPM,-6053.397750854492,250000.0,1
2015-02-17,AXP-JPM,-5510.302200317383,250000.0,1
2015-02-18,AXP-JPM,-803.9231262207031,250000.0,1
2015-02-19,AXP-JPM,-3456.014694213867,250000.0,1
2015-02-20,AXP-JPM,-2490.9847869873047,250000.0,1
2015-02-23,AXP-JPM,500.61602783203125,250000.0,1
2015-02-24,AXP-JPM,-4353.08186340332,250000.0,1
2015-02-25,AXP-JPM,-2620.8217010498047,250000.0,1
2015-02-25,AAPL-TXN,0.0,250000.0,1
2015-02-26,AXP-JPM,-1931.9224700927734,250000.0,1
2015-02-26,AAPL-TXN,1429.336971282959,250000.0,1
2015-02-26,ADBE-CRM,0.0,250000.0,1
2015-02-27,AAPL-TXN,705.6788139343262,250000.0,1
2015-02-27,ADBE-CRM,3241.0816955566406,250000.0,1
2015-03-02,AAPL-TXN,-3041.1030502319336,250000.0,1
2015-03-02,ADBE-CRM,7406.340484619141,250000.0,1
2015-03-03,AAPL-TXN,3214.985149383545,250000.0,1
2015-03-03,ADBE-CRM,11745.953094482422,250000.0,1
2015-03-04,AAPL-TXN,2872.662628173828,250000.0,1
2015-03-05,AAPL-TXN,-848.5061302185059,250000.0,1
2015-03-06,AAPL-TXN,2436.9061241149902,250000.0,1
2015-03-06,DHR-GILD,0.0,250000.0,1
2015-03-09,AAPL-TXN,59.364173889160156,250000.0,1
2015-03-09,DHR-GILD,1217.0727043151855,250000.0,1
2015-03-10,AAPL-TXN,1152.8337364196777,250000.0,1
2015-03-10,AXP-JPM,0.0,250000.0,1
2015-03-11,AAPL-TXN,-3019.0080795288086,250000.0,1
2015-03-11,AXP-JPM,890.4836769104004,250000.0,1
2015-03-12,AAPL-TXN,542.7725791931152,250000.0,1
2015-03-12,AXP-JPM,3883.229579925537,250000.0,1
2015-03-13,AXP-JPM,3122.4151496887207,250000.0,1
2015-03-18,ADBE-CRM,0.0,250000.0,1
2015-03-18,ADBE-ORCL,0.0,250000.0,1
2015-03-19,ADBE-CRM,-330.4459686279297,250000.0,1
2015-03-19,ADBE-ORCL,144.9931640625,250000.0,1
2015-03-19,AXP-BAC,0.0,250000.0,1
2015-03-20,ADBE-CRM,4777.614044189453,250000.0,1
2015-03-20,ADBE-ORCL,-993.9129638671875,250000.0,1
2015-03-20,AXP-BAC,1476.245831489563,250000.0,1
2015-03-23,ADBE-CRM,1360.0573120117188,250000.0,1
2015-03-23,ADBE-ORCL,-1360.2488403320312,250000.0,1
2015-03-23,AXP-BAC,505.8865089416504,250000.0,1
2015-03-24,ADBE-CRM,-725.1579895019531,250000.0,1
2015-03-24,ADBE-ORCL,564.871337890625,250000.0,1
2015-03-24,AXP-BAC,323.4858932495117,250000.0,1
2015-03-25,ADBE-CRM,-3027.995315551758,250000.0,1
2015-03-25,ADBE-ORCL,2060.2582092285156,250000.0,1
2015-03-25,AXP-BAC,-481.8862066268921,250000.0,1
2015-03-26,ADBE-CRM,-4352.522994995117,250000.0,1
2015-03-26,ADBE-ORCL,1518.7265319824219,250000.0,1
2015-03-26,AXP-BAC,2779.9396142959595,250000.0,1
2015-03-27,ADBE-CRM,-5207.550323486328,250000.0,1
2015-03-27,ADBE-ORCL,3929.7907104492188,250000.0,1
2015-03-27,AXP-BAC,1988.7598485946655,250000.0,1
2015-03-27,INTC-MSFT,0.0,250000.0,1
2015-03-30,ADBE-ORCL,-236.57852172851562,250000.0,1
2015-03-30,INTC-MSFT,3149.1617164611816,250000.0,1
2015-03-31,ADBE-ORCL,1834.5072631835938,250000.0,1
2015-03-31,INTC-MSFT,2448.0371952056885,250000.0,1
2015-04-01,ADBE-ORCL,4447.941009521484,250000.0,1
2015-04-01,INTC-MSFT,5548.757535934448,250000.0,1
2015-04-02,ADBE-ORCL,6182.891021728516,250000.0,1
2015-04-02,INTC-MSFT,2924.8575687408447,250000.0,1
2015-04-06,ADBE-ORCL,4943.093719482422,250000.0,1
2015-04-07,ADBE-ORCL,4212.291412353516,250000.0,1
2015-04-08,ADBE-ORCL,3095.066192626953,250000.0,1
2015-04-09,ADBE-ORCL,3704.904998779297,250000.0,1
2015-04-10,ADBE-ORCL,2194.568817138672,250000.0,1
2015-04-13,ADBE-ORCL,3996.3533630371094,250000.0,1
2015-04-14,ADBE-ORCL,5897.957489013672,250000.0,1
2015-04-15,AAPL-TXN,0.0,250000.0,1
2015-04-16,AAPL-TXN,-280.0701713562012,250000.0,1
2015-04-23,AAPL-TXN,0.0,250000.0,1
2015-04-24,AAPL-TXN,-620.6657600402832,250000.0,1
2015-04-24,INTC-MSFT,0.0,250000.0,1
2015-04-27,AAPL-TXN,581.7042350769043,250000.0,1
2015-04-27,INTC-MSFT,1522.607753753662,250000.0,1
2015-04-28,AAPL-TXN,2267.53071975708,250000.0,1
2015-04-28,INTC-MSFT,-1459.170711517334,250000.0,1
2015-04-29,AAPL-TXN,4043.405601501465,250000.0,1
2015-04-29,INTC-MSFT,-1666.7837600708008,250000.0,1
2015-04-29,AXP-BAC,0.0,250000.0,1
2015-04-30,AAPL-TXN,4133.044532775879,250000.0,1
2015-04-30,INTC-MSFT,-1382.5531578063965,250000.0,1
2015-04-30,AXP-BAC,1365.5585289001465,250000.0,1
2015-04-30,HD-LOW,0.0,250000.0,1
2015-03-24,GOOGL-TMUS,0.0,250000.0,2
2015-03-25,GOOGL-TMUS,690.736930847168,250000.0,2
2015-03-26,GOOGL-TMUS,3366.9296951293945,250000.0,2
2015-04-02,GOOGL-TMUS,0.0,250000.0,2
2015-04-02,GOOGL-NFLX,0.0,250000.0,2
2015-04-06,GOOGL-TMUS,795.8807544708252,250000.0,2
2015-04-06,GOOGL-NFLX,-2182.9197063446045,250000.0,2
2015-04-07,GOOGL-TMUS,2142.488592147827,250000.0,2
2015-04-07,GOOGL-NFLX,-1916.8601474761963,250000.0,2
2015-04-08,GOOGL-TMUS,6307.397615432739,250000.0,2
2015-04-08,GOOGL-NFLX,-8517.785603523254,250000.0,2
2015-04-09,GOOGL-NFLX,-8266.11958694458,250000.0,2
2015-04-15,CAT-UPS,0.0,250000.0,2
2015-04-16,CAT-UPS,-975.9670333862305,250000.0,2
2015-04-16,GOOGL-NFLX,0.0,250000.0,2
2015-04-17,CAT-UPS,-593.562328338623,250000.0,2
2015-04-17,GOOGL-NFLX,-16374.775825500488,250000.0,2
2015-04-20,CAT-UPS,1863.1426239013672,250000.0,2
2015-04-20,GOOGL-NFLX,-1236.9075012207031,250000.0,2
2015-04-21,GOOGL-NFLX,39.920204162597656,250000.0,2
2015-04-22,GOOGL-NFLX,8322.642280578613,250000.0,2
2015-04-23,GOOGL-NFLX,17040.425003051758,250000.0,2
2015-04-30,HD-LOW,0.0,250000.0,2
2015-05-08,CAT-RTX,0.0,250000.0,2
2015-05-11,CAT-RTX,587.2530822753906,250000.0,2
2015-05-12,CAT-RTX,1703.3568725585938,250000.0,2
2015-05-12,GOOGL-TMUS,0.0,250000.0,2
2015-05-13,CAT-RTX,140.9130630493164,250000.0,2
2015-05-14,CAT-RTX,-3811.9541931152344,250000.0,2
2015-05-14,CAT-UPS,0.0,250000.0,2
2015-05-15,CAT-RTX,-2229.71875,250000.0,2
2015-05-15,CAT-UPS,-4033.7793579101562,250000.0,2
2015-05-18,CAT-RTX,-2180.702865600586,250000.0,2
2015-05-18,CAT-UPS,-3671.949661254883,250000.0,2
2015-05-19,CAT-RTX,-2683.35587310791,250000.0,2
2015-05-20,CAT-RTX,-2709.769874572754,250000.0,2
2015-05-20,HD-LOW,0.0,250000.0,2
2015-05-21,CAT-RTX,-4154.952133178711,250000.0,2
2015-05-21,HD-LOW,974.7627182006836,250000.0,2
2015-05-22,CAT-RTX,-2636.4053268432617,250000.0,2
2015-05-22,HD-LOW,3680.3492393493652,250000.0,2
2015-05-22,GS-JPM,0.0,250000.0,2
2015-05-26,HD-LOW,6177.246536254883,250000.0,2
2015-05-26,GS-JPM,-759.5460357666016,250000.0,2
2015-05-26,GOOGL-TMUS,0.0,250000.0,2
2015-05-27,HD-LOW,7986.10302734375,250000.0,2
2015-05-27,GS-JPM,-1795.5546875,250000.0,2
2015-05-27,GOOGL-TMUS,2482.0601692199707,250000.0,2
2015-05-28,HD-LOW,6943.6584815979,250000.0,2
2015-05-28,GS-JPM,-2911.0699920654297,250000.0,2
2015-05-28,GOOGL-TMUS,4590.923301696777,250000.0,2
2015-05-28,GILD-LLY,0.0,250000.0,2
2015-05-29,HD-LOW,6700.279365539551,250000.0,2
2015-05-29,GS-JPM,-1217.155014038086,250000.0,2
2015-05-29,GOOGL-TMUS,-2969.147180557251,250000.0,2
2015-04-15,AAPL-TXN,0.0,250000.0,3
2015-04-16,AAPL-TXN,-280.0701713562012,250000.0,3
2015-04-17,COST-MDLZ,0.0,250000.0,3
2015-04-17,COST-PG,0.0,250000.0,3
2015-04-17,DIS-META,0.0,250000.0,3
2015-04-17,COST-WMT,0.0,250000.0,3
2015-04-20,COST-MDLZ,716.4846572875977,250000.0,3
2015-04-20,COST-PG,3106.297607421875,250000.0,3
2015-04-20,COST-WMT,1950.9485702514648,250000.0,3
2015-04-20,CL-MO,0.0,250000.0,3
2015-04-21,COST-MDLZ,-2049.786277770996,250000.0,3
2015-04-21,COST-WMT,2258.5856895446777,250000.0,3
2015-04-22,COST-MDLZ,-141.54100227355957,250000.0,3
2015-04-22,COST-WMT,3311.5686683654785,250000.0,3
2015-04-23,COST-MDLZ,-169.86034965515137,250000.0,3
2015-04-23,AAPL-TXN,0.0,250000.0,3
2015-04-24,COST-MDLZ,171.686674118042,250000.0,3
2015-04-24,AAPL-TXN,-620.6657600402832,250000.0,3
2015-04-24,DIS-GOOGL,0.0,250000.0,3
2015-04-27,COST-MDLZ,-351.0510845184326,250000.0,3
2015-04-27,AAPL-TXN,581.7042350769043,250000.0,3
2015-04-27,DIS-GOOGL,4005.4190979003906,250000.0,3
2015-04-28,COST-MDLZ,-467.9841594696045,250000.0,3
2015-04-28,AAPL-TXN,2267.53071975708,250000.0,3
2015-04-28,DIS-GOOGL,4493.926361083984,250000.0,3
2015-04-29,AAPL-TXN,4043.405601501465,250000.0,3
2015-04-29,DIS-GOOGL,5666.917068481445,250000.0,3
2015-04-30,AAPL-TXN,4133.044532775879,250000.0,3
2015-04-30,HD-LOW,0.0,250000.0,3
2015-05-01,AAPL-TXN,5037.66597366333,250000.0,3
2015-05-04,AAPL-TXN,5264.913082122803,250000.0,3
2015-05-04,AXP-JPM,0.0,250000.0,3
2015-05-05,AAPL-TXN,2503.6967239379883,250000.0,3
2015-05-05,AXP-JPM,1456.9813041687012,250000.0,3
2015-05-06,AAPL-TXN,1941.851718902588,250000.0,3
2015-05-07,AAPL-TXN,2751.9024772644043,250000.0,3
2015-05-08,AAPL-TXN,3104.5228538513184,250000.0,3
2015-05-11,AAPL-TXN,3335.6436920166016,250000.0,3
2015-05-12,AAPL-TXN,2588.190586090088,250000.0,3
2015-05-13,AAPL-TXN,4824.864551544189,250000.0,3
2015-05-14,AAPL-TXN,5828.098541259766,250000.0,3
2015-05-14,DIS-META,0.0,250000.0,3
2015-05-15,AAPL-TXN,6025.546325683594,250000.0,3
2015-05-15,DIS-META,3242.047592163086,250000.0,3
2015-05-18,AAPL-TXN,5295.12707901001,250000.0,3
2015-05-18,DIS-META,1855.1689682006836,250000.0,3
2015-05-19,AAPL-TXN,5380.864284515381,250000.0,3
2015-05-19,DIS-META,2824.332733154297,250000.0,3
2015-05-20,AAPL-TXN,4702.31587600708,250000.0,3
2015-05-20,DIS-META,2755.183364868164,250000.0,3
2015-05-20,HD-LOW,0.0,250000.0,3
2015-05-21,AAPL-TXN,2645.6874656677246,250000.0,3
2015-05-21,DIS-META,3136.433464050293,250000.0,3
2015-05-21,HD-LOW,974.7627182006836,250000.0,3
2015-05-21,DIS-TMUS,0.0,250000.0,3
2015-05-22,AAPL-TXN,786.5125465393066,250000.0,3
2015-05-22,DIS-META,2838.421676635742,250000.0,3
2015-05-22,HD-LOW,3680.3492393493652,250000.0,3
2015-05-22,DIS-TMUS,-3192.8500022888184,250000.0,3
2015-05-26,AAPL-TXN,266.96745681762695,250000.0,3
2015-05-26,HD-LOW,6177.246536254883,250000.0,3
2015-05-27,AAPL-TXN,4092.952953338623,250000.0,3
2015-05-27,HD-LOW,7986.10302734375,250000.0,3
2015-05-28,AAPL-TXN,4102.349296569824,250000.0,3
2015-05-28,HD-LOW,6943.6584815979,250000.0,3
2015-05-29,AAPL-TXN,5793.939559936523,250000.0,3
2015-05-29,HD-LOW,6700.279365539551,250000.0,3
2015-06-01,AAPL-TXN,4543.451873779297,250000.0,3
2015-06-01,HD-LOW,6806.324493408203,250000.0,3
2015-06-02,AAPL-TXN,3065.4228019714355,250000.0,3
2015-06-02,HD-LOW,5862.922058105469,250000.0,3
2015-06-03,AAPL-TXN,1235.2108612060547,250000.0,3
2015-06-03,HD-LOW,4670.511383056641,250000.0,3
2015-06-03,DIS-META,0.0,250000.0,3
2015-06-04,HD-LOW,6076.1279220581055,250000.0,3
2015-06-04,DIS-META,451.42272186279297,250000.0,3
2015-06-05,HD-LOW,6893.448402404785,250000.0,3
2015-06-05,DIS-META,178.50443267822266,250000.0,3
2015-06-05,COST-KO,0.0,250000.0,3
2015-06-05,COST-MDLZ,0.0,250000.0,3
2015-06-08,HD-LOW,3688.579376220703,250000.0,3
2015-06-08,COST-MDLZ,-943.3879203796387,250000.0,3
2015-06-09,HD-LOW,3909.8310508728027,250000.0,3
2015-06-10,HD-LOW,3458.8721351623535,250000.0,3
2015-06-10,DHR-GILD,0.0,250000.0,3
2015-06-11,HD-LOW,2388.944408416748,250000.0,3
2015-06-11,DHR-GILD,-3331.59871673584,250000.0,3
2015-06-12,HD-LOW,3678.2496643066406,250000.0,3
2015-06-12,DHR-GILD,-3366.228843688965,250000.0,3
2015-06-15,HD-LOW,5103.8388023376465,250000.0,3
2015-06-15,DHR-GILD,-5941.797080993652,250000.0,3
2015-06-16,HD-LOW,5739.428913116455,250000.0,3
2015-06-17,HD-LOW,6263.3430252075195,250000.0,3
2015-06-18,HD-LOW,5363.345184326172,250000.0,3
2015-06-19,HD-LOW,3664.836410522461,250000.0,3
2015-06-22,HD-LOW,3529.85591506958,250000.0,3
2015-06-22,DIS-META,0.0,250000.0,3
2015-06-23,HD-LOW,4449.658500671387,250000.0,3
2015-06-24,HD-LOW,4147.008037567139,250000.0,3
2015-06-25,HD-LOW,2825.83740234375,250000.0,3
2015-06-29,DHR-GILD,0.0,250000.0,3
2015-06-30,DHR-GILD,1095.7252197265625,250000.0,3
2015-05-08,RTX-UNP,0.0,250000.0,4
2015-05-08,ADBE-NVDA,0.0,250000.0,4
2015-05-11,RTX-UNP,106.05857467651367,250000.0,4
2015-05-11,ADBE-NVDA,-4741.384682953358,250000.0,4
2015-05-12,RTX-UNP,-1376.688819885254,250000.0,4
2015-05-12,ADBE-NVDA,-1268.030418395996,250000.0,4
2015-05-12,PG-WMT,0.0,250000.0,4
2015-05-13,ADBE-NVDA,-2315.0658500790596,250000.0,4
2015-05-13,PG-WMT,1778.1294021606445,250000.0,4
2015-05-14,ADBE-NVDA,-9695.358882784843,250000.0,4
2015-05-14,PG-WMT,2631.0656394958496,250000.0,4
2015-05-15,ADBE-NVDA,-7088.154689610004,250000.0,4
2015-05-15,PG-WMT,2433.5184440612793,250000.0,4
2015-05-18,ADBE-NVDA,-9837.890953481197,250000.0,4
2015-05-18,PG-WMT,-654.8672389984131,250000.0,4
2015-05-19,ADBE-NVDA,-12453.56659847498,250000.0,4
2015-05-19,MCD-TJX,0.0,250000.0,4
2015-05-20,ADBE-NVDA,-12404.786180078983,250000.0,4
2015-05-20,MCD-TJX,2412.8235511779785,250000.0,4
2015-05-20,HD-LOW,0.0,250000.0,4
2015-05-21,MCD-TJX,4217.221385955811,250000.0,4
2015-05-21,HD-LOW,974.7627182006836,250000.0,4
2015-05-22,HD-LOW,3680.3492393493652,250000.0,4
2015-05-26,HD-LOW,6177.246536254883,250000.0,4
2015-05-27,HD-LOW,7986.10302734375,250000.0,4
2015-05-27,ADBE-NVDA,0.0,250000.0,4
2015-05-28,HD-LOW,6943.6584815979,250000.0,4
2015-05-28,ADBE-NVDA,-3839.983030319214,250000.0,4
2015-05-28,JNJ-LLY,0.0,250000.0,4
2015-05-29,HD-LOW,6700.279365539551,250000.0,4
2015-05-29,ADBE-NVDA,-6421.723092794418,250000.0,4
2015-06-01,HD-LOW,6806.324493408203,250000.0,4
2015-06-01,ADBE-NVDA,-7022.1144198179245,250000.0,4
2015-06-02,HD-LOW,5862.922058105469,250000.0,4
2015-06-02,ADBE-NVDA,-2130.4194449186325,250000.0,4
2015-06-02,CVX-EOG,0.0,250000.0,4
2015-06-03,HD-LOW,4670.511383056641,250000.0,4
2015-06-03,ADBE-NVDA,1515.5061013698578,250000.0,4
2015-06-03,CVX-EOG,727.834285736084,250000.0,4
2015-06-04,HD-LOW,6076.1279220581055,250000.0,4
2015-06-04,ADBE-NVDA,-6949.343441605568,250000.0,4
2015-06-05,HD-LOW,6893.448402404785,250000.0,4
2015-06-05,ADBE-NVDA,-8576.418726205826,250000.0,4
2015-06-05,CL-KO,0.0,250000.0,4
2015-06-08,HD-LOW,3688.579376220703,250000.0,4
2015-06-08,ADBE-NVDA,-4767.836946964264,250000.0,4
2015-06-08,CL-KO,557.1349868774414,250000.0,4
2015-06-09,HD-LOW,3909.8310508728027,250000.0,4
2015-06-09,ADBE-NVDA,-6780.690135717392,250000.0,4
2015-06-09,CL-KO,-96.19035530090332,250000.0,4
2015-06-10,HD-LOW,3458.8721351623535,250000.0,4
2015-06-10,ADBE-NVDA,2495.932328104973,250000.0,4
2015-06-10,CL-KO,-646.5863971710205,250000.0,4
2015-06-10,ABT-GILD,0.0,250000.0,4
2015-06-11,HD-LOW,2388.944408416748,250000.0,4
2015-06-11,ADBE-NVDA,123.9984872341156,250000.0,4
2015-06-11,CL-KO,662.4133758544922,250000.0,4
2015-06-11,ABT-GILD,859.6959838867188,250000.0,4
2015-06-12,HD-LOW,3678.2496643066406,250000.0,4
2015-06-12,CL-KO,122.55546569824219,250000.0,4
2015-06-12,ABT-GILD,318.38111114501953,250000.0,4
2015-06-15,HD-LOW,5103.8388023376465,250000.0,4
2015-06-15,CL-KO,-960.0439682006836,250000.0,4
2015-06-15,RTX-UNP,0.0,250000.0,4
2015-06-16,HD-LOW,5739.428913116455,250000.0,4
2015-06-16,RTX-UNP,1562.0785102844238,250000.0,4
2015-06-17,HD-LOW,6263.3430252075195,250000.0,4
2015-06-17,RTX-UNP,535.8631362915039,250000.0,4
2015-06-18,HD-LOW,5363.345184326172,250000.0,4
2015-06-18,RTX-UNP,1654.1034202575684,250000.0,4
2015-06-18,MCD-TJX,0.0,250000.0,4
2015-06-19,HD-LOW,3664.836410522461,250000.0,4
2015-06-19,RTX-UNP,-266.4354133605957,250000.0,4
2015-06-19,MCD-TJX,1926.4580307006836,250000.0,4
2015-06-22,HD-LOW,3529.85591506958,250000.0,4
2015-06-22,RTX-UNP,883.3323097229004,250000.0,4
2015-06-22,MCD-TJX,2668.301643371582,250000.0,4
2015-06-23,HD-LOW,4449.658500671387,250000.0,4
2015-06-23,RTX-UNP,1367.8310813903809,250000.0,4
2015-06-23,MCD-TJX,-782.7022857666016,250000.0,4
2015-06-24,HD-LOW,4147.008037567139,250000.0,4
2015-06-24,RTX-UNP,2616.4666442871094,250000.0,4
2015-06-24,MCD-TJX,-1321.3467712402344,250000.0,4
2015-06-25,HD-LOW,2825.83740234375,250000.0,4
2015-06-25,RTX-UNP,2628.7062911987305,250000.0,4
2015-06-25,MCD-TJX,-679.582763671875,250000.0,4
2015-06-26,RTX-UNP,4167.3062744140625,250000.0,4
2015-06-26,MCD-TJX,-2624.3621215820312,250000.0,4
2015-06-29,RTX-UNP,-2167.746852874756,250000.0,4
2015-06-29,MCD-TJX,3644.1546630859375,250000.0,4
2015-06-30,MCD-TJX,3118.6066131591797,250000.0,4
2015-07-01,MCD-TJX,-1178.9451370239258,250000.0,4
2015-07-02,MCD-TJX,1340.0240631103516,250000.0,4
2015-07-02,MCD-TSLA,0.0,250000.0,4
2015-07-06,MCD-TJX,662.7768478393555,250000.0,4
2015-07-08,JNJ-TMO,0.0,250000.0,4
2015-07-09,JNJ-TMO,-1557.6249771118164,250000.0,4
2015-07-13,AMZN-LOW,0.0,250000.0,4
2015-07-14,AMZN-LOW,-2554.7986450195312,250000.0,4
2015-07-15,AMZN-LOW,-1140.9424877166748,250000.0,4
2015-07-16,AMZN-LOW,-4174.901479721069,250000.0,4
2015-07-17,AMZN-LOW,-3288.7641010284424,250000.0,4
2015-07-20,AMZN-LOW,-2400.4503650665283,250000.0,4
2015-07-21,AMZN-LOW,-1239.0296611785889,250000.0,4
2015-07-21,RTX-UNP,0.0,250000.0,4
2015-07-22,AMZN-LOW,-5157.717134475708,250000.0,4
2015-07-22,RTX-UNP,-1317.5940132141113,250000.0,4
2015-07-23,AMZN-LOW,-4757.842512130737,250000.0,4
2015-07-23,RTX-UNP,11263.123390197754,250000.0,4
2015-07-24,RTX-UNP,3395.329563140869,250000.0,4
2015-07-24,CL-PEP,0.0,250000.0,4
2015-07-24,AMZN-TSLA,0.0,250000.0,4
2015-07-27,RTX-UNP,2357.973331451416,250000.0,4
2015-07-27,CL-PEP,-1658.7881164550781,250000.0,4
2015-07-27,AMZN-TSLA,-13025.311725616455,250000.0,4
2015-07-28,RTX-UNP,-7980.85258102417,250000.0,4
2015-07-28,CL-PEP,-1605.2008209228516,250000.0,4
2015-07-28,AMZN-TSLA,1736.073434829712,250000.0,4
2015-07-29,RTX-UNP,-11400.183540344238,250000.0,4
2015-07-29,CL-PEP,-1066.5624618530273,250000.0,4
2015-07-29,AMZN-TSLA,-1213.7469577789307,250000.0,4
2015-07-30,RTX-UNP,-4338.362041473389,250000.0,4
2015-07-30,CL-PEP,125.04888153076172,250000.0,4
2015-07-30,AMZN-TSLA,-3662.3344173431396,250000.0,4
2015-07-30,PG-WMT,0.0,250000.0,4
2015-07-31,RTX-UNP,-5581.153820037842,250000.0,4
2015-07-31,CL-PEP,-602.4669494628906,250000.0,4
2015-07-31,AMZN-TSLA,-3852.784725189209,250000.0,4
2015-07-31,PG-WMT,-2449.106325149536,250000.0,4
2015-07-31,CVX-EOG,0.0,250000.0,4
2015-06-05,COP-EOG,0.0,250000.0,5
2015-06-08,COP-CVX,0.0,250000.0,5
2015-06-09,COP-CVX,981.8262176513672,250000.0,5
2015-06-10,COP-CVX,1944.524745941162,250000.0,5
2015-06-10,MCD-NKE,0.0,250000.0,5
2015-06-10,ABT-GILD,0.0,250000.0,5
2015-06-11,COP-CVX,150.47396850585938,250000.0,5
2015-06-11,MCD-NKE,-266.54773712158203,250000.0,5
2015-06-11,ABT-GILD,859.6959838867188,250000.0,5
2015-06-12,COP-CVX,-1581.2349128723145,250000.0,5
2015-06-12,MCD-NKE,-1924.749397277832,250000.0,5
2015-06-12,ABT-GILD,318.38111114501953,250000.0,5
2015-06-15,COP-CVX,-2388.330219268799,250000.0,5
2015-06-15,MCD-NKE,-3609.309501647949,250000.0,5
2015-06-16,COP-CVX,-945.8678512573242,250000.0,5
2015-06-17,COP-CVX,-740.775203704834,250000.0,5
2015-06-18,COP-CVX,903.6044082641602,250000.0,5
2015-06-18,CRM-TXN,0.0,250000.0,5
2015-06-18,HON-UNP,0.0,250000.0,5
2015-06-19,COP-CVX,501.05513763427734,250000.0,5
2015-06-19,CRM-TXN,-701.8202209472656,250000.0,5
2015-06-19,HON-UNP,3458.0285568237305,250000.0,5
2015-06-22,COP-CVX,1931.970760345459,250000.0,5
2015-06-22,CRM-TXN,-5069.31884765625,250000.0,5
2015-06-22,HON-UNP,2671.502586364746,250000.0,5
2015-06-23,CRM-TXN,-1461.6155242919922,250000.0,5
2015-06-24,CRM-TXN,3037.345504760742,250000.0,5
2015-06-25,CRM-TXN,3814.9769592285156,250000.0,5
2015-06-29,GE-LMT,0.0,250000.0,5
2015-06-29,GS-V,0.0,250000.0,5
2015-06-29,JPM-V,0.0,250000.0,5
2015-06-30,GE-LMT,194.93756103515625,250000.0,5
2015-06-30,GS-V,1180.683609008789,250000.0,5
2015-06-30,JPM-V,965.4750900268555,250000.0,5
2015-06-30,COP-EOG,0.0,250000.0,5
2015-07-01,GE-LMT,3660.5642852783203,250000.0,5
2015-07-01,JPM-V,2717.7397537231445,250000.0,5
2015-07-01,COP-EOG,-1085.199619293213,250000.0,5
2015-07-01,DIS-T,0.0,250000.0,5
2015-07-02,GE-LMT,3032.0460815429688,250000.0,5
2015-07-02,COP-EOG,1390.4169387817383,250000.0,5
2015-07-02,DIS-T,1502.198893547058,250000.0,5
2015-07-06,GE-LMT,1833.1446533203125,250000.0,5
2015-07-06,DIS-T,-1064.8934383392334,250000.0,5
2015-07-06,CRM-MSFT,0.0,250000.0,5
2015-07-07,DIS-T,-3246.1456031799316,250000.0,5
2015-07-08,DIS-T,-1294.766269683838,250000.0,5
2015-07-09,DIS-T,-5123.900917053223,250000.0,5
2015-07-09,CSCO-ORCL,0.0,250000.0,5
2015-07-10,DIS-T,-5247.70009803772,250000.0,5
2015-07-10,CSCO-ORCL,896.409761428833,250000.0,5
2015-07-13,CSCO-ORCL,938.2939052581787,250000.0,5
2015-07-13,MSFT-ORCL,0.0,250000.0,5
2015-07-14,MSFT-ORCL,187.745361328125,250000.0,5
2015-07-15,MSFT-ORCL,240.53683471679688,250000.0,5
2015-07-16,MSFT-ORCL,-67.78683471679688,250000.0,5
2015-07-22,CRM-MSFT,0.0,250000.0,5
2015-07-24,GS-V,0.0,250000.0,5
2015-07-24,JPM-V,0.0,250000.0,5
2015-07-24,AMZN-TSLA,0.0,250000.0,5
2015-07-27,GS-V,1706.0785217285156,250000.0,5
2015-07-27,JPM-V,1640.5285034179688,250000.0,5
2015-07-27,AMZN-TSLA,-13025.311725616455,250000.0,5
2015-07-28,GS-V,-483.0716552734375,250000.0,5
2015-07-28,JPM-V,-1233.2227478027344,250000.0,5
2015-07-28,AMZN-TSLA,1736.073434829712,250000.0,5
2015-07-28,GE-UPS,0.0,250000.0,5
2015-07-29,GS-V,-4357.370178222656,250000.0,5
2015-07-29,JPM-V,-3993.304229736328,250000.0,5
2015-07-29,AMZN-TSLA,-1213.7469577789307,250000.0,5
2015-07-29,GE-UPS,-1864.6246185302734,250000.0,5
2015-07-30,GS-V,-5372.0631103515625,250000.0,5
2015-07-30,JPM-V,-5062.992462158203,250000.0,5
2015-07-30,AMZN-TSLA,-3662.3344173431396,250000.0,5
2015-07-30,GE-UPS,-3588.183692932129,250000.0,5
2015-07-30,MCD-NKE,0.0,250000.0,5
2015-07-30,KO-MDLZ,0.0,250000.0,5
2015-07-30,MO-PG,0.0,250000.0,5
2015-07-31,GS-V,-3208.513412475586,250000.0,5
2015-07-31,JPM-V,-2437.9341888427734,250000.0,5
2015-07-31,AMZN-TSLA,-3852.784725189209,250000.0,5
2015-07-31,GE-UPS,-6053.571578979492,250000.0,5
2015-07-31,MCD-NKE,-2015.8740615844727,250000.0,5
2015-07-31,KO-MDLZ,2853.289737701416,250000.0,5
2015-07-31,MO-PG,-2498.647922515869,250000.0,5
2015-08-03,GS-V,-4879.577835083008,250000.0,5
2015-08-03,JPM-V,-3874.898941040039,250000.0,5
2015-08-03,AMZN-TSLA,-8897.906206130981,250000.0,5
2015-08-03,MCD-NKE,-1286.969596862793,250000.0,5
2015-08-03,KO-MDLZ,2705.62459564209,250000.0,5
2015-08-03,MO-PG,-3887.553508758545,250000.0,5
2015-08-03,COP-CVX,0.0,250000.0,5
2015-08-04,GS-V,-2913.244125366211,250000.0,5
2015-08-04,JPM-V,-2320.9061737060547,250000.0,5
2015-08-04,AMZN-TSLA,-857.0956611633301,250000.0,5
2015-08-04,KO-MDLZ,3338.3471145629883,250000.0,5
2015-08-04,MO-PG,-5860.325283050537,250000.0,5
2015-08-04,COP-CVX,-1774.2500915527344,250000.0,5
2015-08-05,GS-V,-1617.7742919921875,250000.0,5
2015-08-05,JPM-V,-901.7369384765625,250000.0,5
2015-08-05,AMZN-TSLA,-685.2853832244873,250000.0,5
2015-08-05,KO-MDLZ,608.4626312255859,250000.0,5
2015-08-05,COP-CVX,-2241.3999519348145,250000.0,5
2015-08-05,DIS-T,0.0,250000.0,5
2015-08-06,GS-V,2684.899917602539,250000.0,5
2015-08-06,JPM-V,2976.3565521240234,250000.0,5
2015-08-06,AMZN-TSLA,-18187.506052017212,250000.0,5
2015-08-06,KO-MDLZ,-3063.1168899536133,250000.0,5
2015-08-06,COP-CVX,-3460.806552886963,250000.0,5
2015-08-06,DIS-T,-305.88236808776855,250000.0,5
2015-08-07,GS-V,-436.5794982910156,250000.0,5
2015-08-07,JPM-V,537.6296997070312,250000.0,5
2015-08-07,AMZN-TSLA,-16973.130910873413,250000.0,5
2015-08-07,KO-MDLZ,202.25338745117188,250000.0,5
2015-08-07,COP-CVX,-1947.0034675598145,250000.0,5
2015-08-07,DIS-T,998.8539123535156,250000.0,5
2015-08-10,GS-V,553.4285736083984,250000.0,5
2015-08-10,JPM-V,1369.974105834961,250000.0,5
2015-08-10,KO-MDLZ,-1814.4218482971191,250000.0,5
2015-08-10,COP-CVX,-1099.107006072998,250000.0,5
2015-08-10,DIS-T,-879.5331287384033,250000.0,5
2015-08-10,CRM-TXN,0.0,250000.0,5
2015-08-10,MSFT-TXN,0.0,250000.0,5
2015-08-11,GS-V,1332.2088165283203,250000.0,5
2015-08-11,JPM-V,3678.047836303711,250000.0,5
2015-08-11,KO-MDLZ,-902.6919822692871,250000.0,5
2015-08-11,COP-CVX,-2214.5704917907715,250000.0,5
2015-08-11,DIS-T,-4018.6849250793457,250000.0,5
2015-08-12,JPM-V,1023.5361785888672,250000.0,5
2015-08-12,KO-MDLZ,-4157.116748809814,250000.0,5
2015-08-12,COP-CVX,-3792.59024810791,250000.0,5
2015-08-12,DIS-T,-836.017692565918,250000.0,5
2015-08-13,JPM-V,234.97146606445312,250000.0,5
2015-08-13,KO-MDLZ,-1925.8253059387207,250000.0,5
2015-08-13,COP-CVX,-818.7496032714844,250000.0,5
2015-08-13,DIS-T,1403.1670150756836,250000.0,5
2015-08-14,COP-CVX,900.2796783447266,250000.0,5
2015-08-14,DIS-T,-821.8045196533203,250000.0,5
2015-08-17,COP-CVX,-3262.4146461486816,250000.0,5
2015-08-17,DIS-T,446.251256942749,250000.0,5
2015-08-18,DIS-T,-3290.4219875335693,250000.0,5
2015-08-19,DIS-T,-4029.057081222534,250000.0,5
2015-08-20,JPM-V,0.0,250000.0,5
2015-08-20,CRM-TXN,0.0,250000.0,5
2015-08-20,MSFT-TXN,0.0,250000.0,5
2015-08-20,HON-UNP,0.0,250000.0,5
2015-08-21,JPM-V,1044.942626953125,250000.0,5
2015-08-21,CRM-TXN,-5926.854553222656,250000.0,5
2015-08-21,MSFT-TXN,-9894.730121612549,250000.0,5
2015-08-21,COP-CVX,0.0,250000.0,5
2015-08-21,GS-V,0.0,250000.0,5
2015-08-21,CRM-MSFT,0.0,250000.0,5
2015-08-24,JPM-V,-1249.3515243530273,250000.0,5
2015-08-24,COP-CVX,-1091.192943572998,250000.0,5
2015-08-24,CRM-MSFT,1121.926010131836,250000.0,5
2015-08-24,ABT-GILD,0.0,250000.0,5
2015-08-25,JPM-V,2245.5741806030273,250000.0,5
2015-08-25,COP-CVX,-4735.612934112549,250000.0,5
2015-08-25,CRM-MSFT,-5924.35262298584,250000.0,5
2015-08-25,MCD-SBUX,0.0,250000.0,5
2015-08-25,DIS-T,0.0,250000.0,5
2015-08-26,JPM-V,292.1030731201172,250000.0,5
2015-08-26,COP-CVX,-21.30687713623047,250000.0,5
2015-08-26,CRM-MSFT,-634.7816009521484,250000.0,5
2015-08-26,MCD-SBUX,7879.999664306641,250000.0,5
2015-08-26,DIS-T,4255.482215881348,250000.0,5
2015-08-27,JPM-V,70.35260009765625,250000.0,5
2015-08-27,CRM-MSFT,2993.639320373535,250000.0,5
2015-08-28,JPM-V,-1371.6951599121094,250000.0,5
2015-08-28,CRM-MSFT,2451.872085571289,250000.0,5
2015-08-31,JPM-V,2443.329803466797,250000.0,5
2015-08-31,CRM-MSFT,2127.1105880737305,250000.0,5
2015-07-15,BAC-MS,0.0,250000.0,6
2015-07-16,BAC-MS,-1776.7964172363281,250000.0,6
2015-07-17,BAC-MS,-1672.29638671875,250000.0,6
2015-07-17,GOOGL-META,0.0,250000.0,6
2015-07-20,BAC-MS,-2909.598997116089,250000.0,6
2015-07-20,GOOGL-META,9608.693504333496,250000.0,6
2015-07-20,AAPL-CSCO,0.0,250000.0,6
2015-07-21,BAC-MS,-2198.356979370117,250000.0,6
2015-07-21,GOOGL-META,10179.338790893555,250000.0,6
2015-07-21,AAPL-CSCO,750.8875617980957,250000.0,6
2015-07-22,BAC-MS,-3548.9780445098877,250000.0,6
2015-07-22,GOOGL-META,6695.295684814453,250000.0,6
2015-07-23,GOOGL-META,8105.410079956055,250000.0,6
2015-07-24,AMZN-TSLA,0.0,250000.0,6
2015-07-24,AMZN-NKE,0.0,250000.0,6
2015-07-24,AXP-V,0.0,250000.0,6
2015-07-27,AMZN-TSLA,-13025.311725616455,250000.0,6
2015-07-27,AMZN-NKE,-3225.259246826172,250000.0,6
2015-07-27,AXP-V,1211.7082214355469,250000.0,6
2015-07-28,AMZN-TSLA,1736.073434829712,250000.0,6
2015-07-28,AMZN-NKE,1807.1354064941406,250000.0,6
2015-07-28,AXP-V,-1354.6825256347656,250000.0,6
2015-07-28,GE-UPS,0.0,250000.0,6
2015-07-29,AMZN-TSLA,-1213.7469577789307,250000.0,6
2015-07-29,AMZN-NKE,4362.48046875,250000.0,6
2015-07-29,GE-UPS,-1864.6246185302734,250000.0,6
2015-07-29,BAC-MS,0.0,250000.0,6
2015-07-30,AMZN-TSLA,-3662.3344173431396,250000.0,6
2015-07-30,AMZN-NKE,2855.994369506836,250000.0,6
2015-07-30,GE-UPS,-3588.183692932129,250000.0,6
2015-07-30,BAC-MS,349.3824825286865,250000.0,6
2015-07-31,AMZN-TSLA,-3852.784725189209,250000.0,6
2015-07-31,AMZN-NKE,3454.709587097168,250000.0,6
2015-07-31,GE-UPS,-6053.571578979492,250000.0,6
2015-07-31,BAC-MS,-196.5949878692627,250000.0,6
2015-08-03,AMZN-TSLA,-8897.906206130981,250000.0,6
2015-08-03,AMZN-NKE,2838.0366973876953,250000.0,6
2015-08-03,BAC-MS,341.82476234436035,250000.0,6
2015-08-04,AMZN-TSLA,-857.0956611633301,250000.0,6
2015-08-04,AMZN-NKE,5605.858337402344,250000.0,6
2015-08-04,BAC-MS,1074.29172706604,250000.0,6
2015-08-05,AMZN-TSLA,-685.2853832244873,250000.0,6
2015-08-05,AMZN-NKE,6650.87606048584,250000.0,6
2015-08-05,BAC-MS,916.615514755249,250000.0,6
2015-08-06,AMZN-TSLA,-18187.506052017212,250000.0,6
2015-08-06,AMZN-NKE,4703.904075622559,250000.0,6
2015-08-06,BAC-MS,1042.639669418335,250000.0,6
2015-08-07,AMZN-TSLA,-16973.130910873413,250000.0,6
2015-08-07,AMZN-NKE,4857.73429107666,250000.0,6
2015-08-07,BAC-MS,-612.8350849151611,250000.0,6
2015-08-10,AMZN-NKE,6435.1017990112305,250000.0,6
2015-08-10,BAC-MS,-193.2984676361084,250000.0,6
2015-08-11,AMZN-NKE,3683.241912841797,250000.0,6
2015-08-11,GOOGL-VZ,0.0,250000.0,6
2015-08-12,AMZN-NKE,926.3435211181641,250000.0,6
2015-08-12,GOOGL-VZ,-1371.7035160064697,250000.0,6
2015-08-13,AMZN-NKE,1296.889015197754,250000.0,6
2015-08-13,GOOGL-VZ,-124.69588851928711,250000.0,6
2015-08-14,AMZN-NKE,2569.6159057617188,250000.0,6
2015-08-14,GOOGL-VZ,624.4332237243652,250000.0,6
2015-08-17,AMZN-NKE,3128.1722106933594,250000.0,6
2015-08-17,GOOGL-VZ,228.60534477233887,250000.0,6
2015-08-18,AMZN-NKE,2818.05672454834,250000.0,6
2015-08-18,GOOGL-VZ,814.1931648254395,250000.0,6
2015-08-18,TMO-UNH,0.0,250000.0,6
2015-08-19,AMZN-NKE,3589.3972396850586,250000.0,6
2015-08-19,GOOGL-VZ,652.3352031707764,250000.0,6
2015-08-19,TMO-UNH,2904.307373046875,250000.0,6
2015-08-20,AMZN-NKE,1471.3618927001953,250000.0,6
2015-08-20,EOG-XOM,0.0,250000.0,6
2015-08-21,EOG-XOM,-5718.852180480957,250000.0,6
2015-08-21,T-VZ,0.0,250000.0,6
2015-08-21,MPC-SLB,0.0,250000.0,6
2015-08-21,GOOGL-VZ,0.0,250000.0,6
2015-08-21,BAC-MS,0.0,250000.0,6
2015-08-24,MPC-SLB,-20668.037914276123,250000.0,6
2015-08-24,BAC-MS,-8487.836745262146,250000.0,6
2015-08-24,LMT-UPS,0.0,250000.0,6
2015-08-25,LMT-UPS,-3150.195556640625,250000.0,6
2015-08-26,LMT-UPS,1698.6814270019531,250000.0,6
2015-08-27,LMT-UPS,7418.660720825195,250000.0,6
2015-08-28,LMT-UPS,6091.831985473633,250000.0,6
2015-08-31,LMT-UPS,4225.552917480469,250000.0,6
2015-09-01,LMT-UPS,-1238.1327667236328,250000.0,6
2015-09-15,GE-UPS,0.0,250000.0,6
2015-09-16,GE-UPS,2334.8485717773438,250000.0,6
2015-09-16,SBUX-TSLA,0.0,250000.0,6
2015-09-17,GE-UPS,296.6767120361328,250000.0,6
2015-09-17,SBUX-TSLA,208.9392318725586,250000.0,6
2015-09-18,SBUX-TSLA,770.1910915374756,250000.0,6
2015-09-21,SBUX-TSLA,-1336.4169445037842,250000.0,6
2015-09-22,SBUX-TSLA,987.5727005004883,250000.0,6
2015-09-23,SBUX-TSLA,2123.3138847351074,250000.0,6
2015-09-24,SBUX-TSLA,1241.7284774780273,250000.0,6
2015-09-25,AMZN-NKE,0.0,250000.0,6
2015-09-25,TMO-UNH,0.0,250000.0,6
2015-09-28,AMZN-NKE,1851.535436630249,250000.0,6
2015-09-28,TMO-UNH,-4081.1426544189453,250000.0,6
2015-09-29,AMZN-NKE,5260.043750762939,250000.0,6
2015-09-29,TMO-UNH,-2254.621551513672,250000.0,6
2015-09-30,AMZN-NKE,1691.643886566162,250000.0,6
2015-09-30,TMO-UNH,-462.0524139404297,250000.0,6
2015-08-06,BAC-V,0.0,250000.0,7
2015-08-07,BAC-V,2680.7205505371094,250000.0,7
2015-08-07,ADBE-NVDA,0.0,250000.0,7
2015-08-10,BAC-V,645.8303203582764,250000.0,7
2015-08-10,ADBE-NVDA,-11085.917981743813,250000.0,7
2015-08-11,BAC-V,-567.0075187683105,250000.0,7
2015-08-11,ADBE-NVDA,-10497.73127412796,250000.0,7
2015-08-12,BAC-V,2885.913562774658,250000.0,7
2015-08-12,ADBE-NVDA,-10945.605446457863,250000.0,7
2015-08-13,BAC-V,3312.058605194092,250000.0,7
2015-08-13,ADBE-NVDA,-10025.118722081184,250000.0,7
2015-08-14,BAC-V,3578.127450942993,250000.0,7
2015-08-14,ADBE-NVDA,-14879.964968204498,250000.0,7
2015-08-17,BAC-V,3594.0713081359863,250000.0,7
2015-08-17,ADBE-NVDA,-14913.407051205635,250000.0,7
2015-08-18,ADBE-NVDA,-11777.496336340904,250000.0,7
2015-08-19,ADBE-NVDA,-8309.15712928772,250000.0,7
2015-08-20,BAC-V,0.0,250000.0,7
2015-08-21,BAC-V,2539.607618331909,250000.0,7
2015-08-21,JNJ-TMO,0.0,250000.0,7
2015-08-21,ADBE-ORCL,0.0,250000.0,7
2015-08-21,JPM-MA,0.0,250000.0,7
2015-08-21,DHR-TMO,0.0,250000.0,7
2015-08-21,MRK-UNH,0.0,250000.0,7
2015-08-24,BAC-V,3234.894513130188,250000.0,7
2015-08-24,JPM-MA,2362.0735092163086,250000.0,7
2015-08-24,MRK-UNH,-15101.193237304688,250000.0,7
2015-08-25,JPM-MA,614.9844436645508,250000.0,7
2015-08-25,MCD-SBUX,0.0,250000.0,7
2015-08-25,MRK-PFE,0.0,250000.0,7
2015-08-26,MCD-SBUX,7879.999664306641,250000.0,7
2015-08-26,MRK-PFE,5075.412162780762,250000.0,7
2015-08-27,MRK-PFE,11105.969631195068,250000.0,7
2015-08-28,MRK-PFE,5852.157604217529,250000.0,7
2015-08-31,MRK-PFE,4035.1204566955566,250000.0,7
2015-09-01,MRK-PFE,-1354.9806594848633,250000.0,7
2015-09-02,MRK-PFE,3009.775707244873,250000.0,7
2015-09-03,MRK-PFE,2739.0786170959473,250000.0,7
2015-09-04,MRK-PFE,-228.3238754272461,250000.0,7
2015-09-08,MRK-PFE,7799.738586425781,250000.0,7
2015-09-09,MRK-PFE,4099.4224281311035,250000.0,7
2015-09-10,MRK-PFE,8484.264812469482,250000.0,7
2015-09-11,MRK-PFE,11478.397407531738,250000.0,7
2015-09-14,MRK-PFE,9123.575649261475,250000.0,7
2015-09-15,MRK-PFE,11433.78197479248,250000.0,7
2015-09-16,MRK-PFE,11154.165786743164,250000.0,7
2015-09-17,JNJ-TMO,0.0,250000.0,7
2015-09-17,DHR-TMO,0.0,250000.0,7
2015-09-18,JNJ-TMO,675.1480102539062,250000.0,7
2015-09-18,DHR-TMO,-749.0703430175781,250000.0,7
2015-09-21,JNJ-TMO,-1132.104263305664,250000.0,7
2015-09-21,DHR-TMO,-1216.8429794311523,250000.0,7
2015-09-22,JNJ-TMO,1283.989273071289,250000.0,7
2015-09-22,DHR-TMO,-1557.566764831543,250000.0,7
2015-09-23,JNJ-TMO,1805.021255493164,250000.0,7
2015-09-23,DHR-TMO,-41.962623596191406,250000.0,7
2015-09-24,JNJ-TMO,1571.3278503417969,250000.0,7
2015-09-24,DHR-TMO,-703.7852935791016,250000.0,7
2015-09-24,CAT-RTX,0.0,250000.0,7
2015-09-25,JNJ-TMO,17.522674560546875,250000.0,7
2015-09-25,DHR-TMO,2704.3771476745605,250000.0,7
2015-09-25,CAT-RTX,-5856.814239501953,250000.0,7
2015-09-28,DHR-TMO,3198.7598762512207,250000.0,7
2015-09-28,CAT-RTX,-10997.316184997559,250000.0,7
2015-09-28,BAC-V,0.0,250000.0,7
2015-09-28,CRM-CSCO,0.0,250000.0,7
2015-09-29,DHR-TMO,2196.4599609375,250000.0,7
2015-09-29,CAT-RTX,-11470.716289520264,250000.0,7
2015-09-29,BAC-V,5587.498073577881,250000.0,7
2015-09-29,CRM-CSCO,-2453.5063705444336,250000.0,7
2015-09-29,MCD-SBUX,0.0,250000.0,7
2015-09-30,DHR-TMO,3593.769748687744,250000.0,7
2015-09-30,CAT-RTX,-8648.617275238037,250000.0,7
2015-09-30,CRM-CSCO,-4182.980537414551,250000.0,7
2015-09-30,MCD-SBUX,635.2320289611816,250000.0,7
2015-09-30,AAPL-TXN,0.0,250000.0,7
2015-10-01,DHR-TMO,4290.543106079102,250000.0,7
2015-10-01,CAT-RTX,-12128.039260864258,250000.0,7
2015-10-01,MCD-SBUX,2461.6033096313477,250000.0,7
2015-10-01,AAPL-TXN,4235.595603942871,250000.0,7
2015-10-02,DHR-TMO,3465.173526763916,250000.0,7
2015-10-02,CAT-RTX,-9038.931312561035,250000.0,7
2015-10-02,MCD-SBUX,931.2704200744629,250000.0,7
2015-10-02,AAPL-TXN,3921.2350425720215,250000.0,7
2015-10-05,DHR-TMO,3398.367515563965,250000.0,7
2015-10-05,CAT-RTX,2782.1172790527344,250000.0,7
2015-10-05,MCD-SBUX,-530.8295402526855,250000.0,7
2015-10-05,AAPL-TXN,-2268.574188232422,250000.0,7
2015-10-06,CAT-RTX,10896.59296798706,250000.0,7
2015-10-06,MCD-SBUX,-5152.989627838135,250000.0,7
2015-10-06,AAPL-TXN,-3039.0326766967773,250000.0,7
2015-10-07,CAT-RTX,5731.519603729248,250000.0,7
2015-10-07,MCD-SBUX,-4205.631210327148,250000.0,7
2015-10-07,AAPL-TXN,-6862.566589355469,250000.0,7
2015-10-08,CAT-RTX,11337.793365478516,250000.0,7
2015-10-08,MCD-SBUX,-6087.620449066162,250000.0,7
2015-10-08,AAPL-TXN,-11448.286418914795,250000.0,7
2015-10-08,GOOGL-NFLX,0.0,250000.0,7
2015-10-09,CAT-RTX,5397.016647338867,250000.0,7
2015-10-09,MCD-SBUX,-2556.8786659240723,250000.0,7
2015-10-09,AAPL-TXN,-3740.3135108947754,250000.0,7
2015-10-09,GOOGL-NFLX,4874.36164855957,250000.0,7
2015-10-12,CAT-RTX,858.5173072814941,250000.0,7
2015-10-12,MCD-SBUX,-2454.677158355713,250000.0,7
2015-10-12,AAPL-TXN,-6991.618259429932,250000.0,7
2015-10-12,GOOGL-NFLX,6319.741409301758,250000.0,7
2015-10-13,CAT-RTX,2368.6402854919434,250000.0,7
2015-10-13,MCD-SBUX,-4744.84663772583,250000.0,7
2015-10-13,AAPL-TXN,-4499.717826843262,250000.0,7
2015-10-14,CAT-RTX,11390.3071975708,250000.0,7
2015-10-14,AAPL-TXN,-15953.310028076172,250000.0,7
2015-10-15,CAT-RTX,9137.370128631592,250000.0,7
2015-10-15,JNJ-TMO,0.0,250000.0,7
2015-10-15,GOOGL-NFLX,0.0,250000.0,7
2015-10-15,CVX-XOM,0.0,250000.0,7
2015-10-16,CAT-RTX,3380.0437660217285,250000.0,7
2015-10-16,JNJ-TMO,-2168.841552734375,250000.0,7
2015-10-16,GOOGL-NFLX,-5888.667993545532,250000.0,7
2015-10-16,CVX-XOM,-2177.5348777770996,250000.0,7
2015-10-19,CAT-RTX,3877.964683532715,250000.0,7
2015-10-19,JNJ-TMO,4176.101371765137,250000.0,7
2015-10-19,GOOGL-NFLX,-611.3197135925293,250000.0,7
2015-10-19,CVX-XOM,425.54958724975586,250000.0,7
2015-10-19,DHR-TMO,0.0,250000.0,7
2015-10-20,GOOGL-NFLX,-1257.0994663238525,250000.0,7
2015-10-20,CVX-XOM,854.0069046020508,250000.0,7
2015-10-20,DHR-TMO,1666.0258255004883,250000.0,7
2015-10-21,GOOGL-NFLX,-1325.3193378448486,250000.0,7
2015-10-22,GOOGL-NFLX,-5731.651773452759,250000.0,7
2015-10-22,JNJ-TMO,0.0,250000.0,7
2015-10-22,MCD-SBUX,0.0,250000.0,7
2015-10-22,DHR-TMO,0.0,250000.0,7
2015-10-22,AAPL-TXN,0.0,250000.0,7
2015-10-23,GOOGL-NFLX,-10550.695161819458,250000.0,7
2015-10-23,JNJ-TMO,2200.1373901367188,250000.0,7
2015-10-23,MCD-SBUX,-294.68780517578125,250000.0,7
2015-10-23,DHR-TMO,8488.856643676758,250000.0,7
2015-10-23,AAPL-TXN,-621.961109161377,250000.0,7
2015-10-26,GOOGL-NFLX,-6696.019592285156,250000.0,7
2015-10-26,JNJ-TMO,4647.537063598633,250000.0,7
2015-10-26,MCD-SBUX,4194.935653686523,250000.0,7
2015-10-26,AAPL-TXN,-3295.3418731689453,250000.0,7
2015-10-27,GOOGL-NFLX,-7135.780010223389,250000.0,7
2015-10-27,JNJ-TMO,3272.7883224487305,250000.0,7
2015-10-27,MCD-SBUX,2789.607322692871,250000.0,7
2015-10-27,AAPL-TXN,-2271.2125968933105,250000.0,7
2015-10-28,GOOGL-NFLX,-1624.000482559204,250000.0,7
2015-10-28,JNJ-TMO,7198.75244140625,250000.0,7
2015-10-28,MCD-SBUX,2377.994514465332,250000.0,7
2015-10-28,AAPL-TXN,-770.6042709350586,250000.0,7
2015-10-29,GOOGL-NFLX,-5703.015823364258,250000.0,7
2015-10-29,MCD-SBUX,-826.4981307983398,250000.0,7
2015-10-29,AAPL-TXN,9453.982807159424,250000.0,7
2015-10-30,GOOGL-NFLX,4614.264259338379,250000.0,7
2015-10-30,MCD-SBUX,501.0072784423828,250000.0,7
2015-10-30,AAPL-TXN,7881.317543029785,250000.0,7
2015-09-10,ABT-GILD,0.0,250000.0,8
2015-09-11,ABT-GILD,-3933.2856788635254,250000.0,8
2015-09-14,ABT-GILD,-5620.339015960693,250000.0,8
2015-09-15,ABT-GILD,-6035.853721618652,250000.0,8
2015-09-16,ABT-GILD,-5710.725185394287,250000.0,8
2015-09-17,ABT-GILD,-4952.703495025635,250000.0,8
2015-09-18,ABT-GILD,-2600.2618560791016,250000.0,8
2015-09-21,ABT-GILD,3551.001766204834,250000.0,8
2015-09-22,ABT-GILD,-2815.307418823242,250000.0,8
2015-09-23,ABT-GILD,-1987.1457138061523,250000.0,8
2015-09-24,ABT-GILD,3539.1025772094727,250000.0,8
2015-09-24,CAT-RTX,0.0,250000.0,8
2015-09-25,ABT-GILD,3073.2966499328613,250000.0,8
2015-09-25,CAT-RTX,-5856.814239501953,250000.0,8
2015-09-25,NKE-SBUX,0.0,250000.0,8
2015-09-28,CAT-RTX,-10997.316184997559,250000.0,8
2015-09-28,NKE-SBUX,-4346.171836853027,250000.0,8
2015-09-28,GILD-JNJ,0.0,250000.0,8
2015-09-28,HD-TSLA,0.0,250000.0,8
2015-09-28,JNJ-UNH,0.0,250000.0,8
2015-09-28,TJX-TSLA,0.0,250000.0,8
2015-09-28,CRM-CSCO,0.0,250000.0,8
2015-09-29,CAT-RTX,-11470.716289520264,250000.0,8
2015-09-29,NKE-SBUX,-50.5517578125,250000.0,8
2015-09-29,GILD-JNJ,-3158.220703125,250000.0,8
2015-09-29,HD-TSLA,-2079.0215759277344,250000.0,8
2015-09-29,JNJ-UNH,1186.9613189697266,250000.0,8
2015-09-29,TJX-TSLA,-1522.4514179229736,250000.0,8
2015-09-29,CRM-CSCO,-2453.5063705444336,250000.0,8
2015-09-30,CAT-RTX,-8648.617275238037,250000.0,8
2015-09-30,NKE-SBUX,-1249.7502136230469,250000.0,8
2015-09-30,GILD-JNJ,-1431.9436798095703,250000.0,8
2015-09-30,HD-TSLA,306.03979873657227,250000.0,8
2015-09-30,JNJ-UNH,4751.616989135742,250000.0,8
2015-09-30,TJX-TSLA,1575.3355197906494,250000.0,8
2015-09-30,CRM-CSCO,-4182.980537414551,250000.0,8
2015-10-01,CAT-RTX,-12128.039260864258,250000.0,8
2015-10-01,NKE-SBUX,-61.594696044921875,250000.0,8
2015-10-01,GILD-JNJ,-845.5067901611328,250000.0,8
2015-10-01,HD-TSLA,-7894.832578659058,250000.0,8
2015-10-01,JNJ-UNH,6317.794998168945,250000.0,8
2015-10-01,TJX-TSLA,-7425.276084899902,250000.0,8
2015-10-02,CAT-RTX,-9038.931312561035,250000.0,8
2015-10-02,NKE-SBUX,4.418601989746094,250000.0,8
2015-10-02,GILD-JNJ,-2912.990509033203,250000.0,8
2015-10-02,HD-TSLA,32.04569625854492,250000.0,8
2015-10-02,TJX-TSLA,712.5723342895508,250000.0,8
2015-10-05,CAT-RTX,2782.1172790527344,250000.0,8
2015-10-05,NKE-SBUX,5859.412879943848,250000.0,8
2015-10-05,GILD-JNJ,-4031.6228637695312,250000.0,8
2015-10-05,HD-TSLA,-1060.6245574951172,250000.0,8
2015-10-05,TJX-TSLA,-612.9641304016113,250000.0,8
2015-10-06,CAT-RTX,10896.59296798706,250000.0,8
2015-10-06,NKE-SBUX,6323.081817626953,250000.0,8
2015-10-06,GILD-JNJ,-2387.5035400390625,250000.0,8
2015-10-06,HD-TSLA,-5905.7836265563965,250000.0,8
2015-10-06,TJX-TSLA,-5856.033355712891,250000.0,8
2015-10-07,CAT-RTX,5731.519603729248,250000.0,8
2015-10-07,GILD-JNJ,-3446.3013610839844,250000.0,8
2015-10-08,CAT-RTX,11337.793365478516,250000.0,8
2015-10-08,GILD-JNJ,-3085.0887908935547,250000.0,8
2015-10-09,CAT-RTX,5397.016647338867,250000.0,8
2015-10-09,GILD-JNJ,-4066.5691986083984,250000.0,8
2015-10-12,CAT-RTX,858.5173072814941,250000.0,8
2015-10-12,GILD-JNJ,-7102.897247314453,250000.0,8
2015-10-13,CAT-RTX,2368.6402854919434,250000.0,8
2015-10-14,CAT-RTX,11390.3071975708,250000.0,8
2015-10-14,JPM-MS,0.0,250000.0,8
2015-10-15,CAT-RTX,9137.370128631592,250000.0,8
2015-10-15,JPM-MS,5428.018993377686,250000.0,8
2015-10-15,CVX-XOM,0.0,250000.0,8
2015-10-16,CAT-RTX,3380.0437660217285,250000.0,8
2015-10-16,JPM-MS,6694.902526855469,250000.0,8
2015-10-16,CVX-XOM,-2177.5348777770996,250000.0,8
2015-10-19,CAT-RTX,3877.964683532715,250000.0,8
2015-10-19,CVX-XOM,425.54958724975586,250000.0,8
2015-10-20,CVX-XOM,854.0069046020508,250000.0,8
2015-10-22,JNJ-UNH,0.0,250000.0,8
2015-10-23,JNJ-UNH,3346.306655883789,250000.0,8
2015-10-23,LOW-TJX,0.0,250000.0,8
2015-10-26,JNJ-UNH,5296.852355957031,250000.0,8
2015-10-26,LOW-TJX,812.7484474182129,250000.0,8
2015-10-27,LOW-TJX,278.711368560791,250000.0,8
2015-10-28,GILD-MRK,0.0,250000.0,8
2015-10-29,GILD-MRK,3200.3851013183594,250000.0,8
2015-10-30,GILD-MRK,1996.182357788086,250000.0,8
2015-11-02,GILD-MRK,2890.3658142089844,250000.0,8
2015-11-03,GILD-MRK,1891.8429870605469,250000.0,8
2015-11-04,GILD-MRK,-253.3826446533203,250000.0,8
2015-11-05,GILD-MRK,-372.271728515625,250000.0,8
2015-11-06,GILD-MRK,2642.348663330078,250000.0,8
2015-11-09,GILD-MRK,3861.6993103027344,250000.0,8
2015-11-09,CVX-XOM,0.0,250000.0,8
2015-11-10,GILD-MRK,4477.466156005859,250000.0,8
2015-11-10,CVX-XOM,-358.6045722961426,250000.0,8
2015-11-11,GILD-MRK,4383.507385253906,250000.0,8
2015-11-11,CVX-XOM,-780.9927825927734,250000.0,8
2015-11-11,LOW-TJX,0.0,250000.0,8
2015-11-12,GILD-MRK,1602.379379272461,250000.0,8
2015-11-12,LOW-TJX,-4318.068256378174,250000.0,8
2015-11-12,CAT-RTX,0.0,250000.0,8
2015-11-12,ABT-GILD,0.0,250000.0,8
2015-11-13,ABT-GILD,-3069.7122802734375,250000.0,8
2015-11-13,CRM-CSCO,0.0,250000.0,8
2015-11-16,ABT-GILD,-3740.9505615234375,250000.0,8
2015-11-16,CRM-CSCO,3892.7588863372803,250000.0,8
2015-11-17,ABT-GILD,-1578.3743591308594,250000.0,8
2015-11-17,CRM-CSCO,1649.1998615264893,250000.0,8
2015-11-18,CRM-CSCO,4332.840829849243,250000.0,8
2015-11-19,CRM-CSCO,-1455.0037670135498,250000.0,8
2015-11-20,CRM-CSCO,-416.8141574859619,250000.0,8
2015-11-23,CRM-CSCO,-1230.4951248168945,250000.0,8
2015-11-24,CRM-CSCO,-1787.8763332366943,250000.0,8
2015-11-25,CRM-CSCO,-2123.650228500366,250000.0,8
2015-11-27,CRM-CSCO,-267.640811920166,250000.0,8
2015-11-30,JPM-MS,0.0,250000.0,8
2015-10-01,DIS-VZ,0.0,250000.0,9
2015-10-02,DIS-VZ,-897.1879043579102,250000.0,9
2015-10-05,ABT-MRK,0.0,250000.0,9
2015-10-06,ABT-MRK,161.07857513427734,250000.0,9
2015-10-07,ABT-MRK,-2087.728446960449,250000.0,9
2015-10-08,ABT-MRK,-20.49795913696289,250000.0,9
2015-10-15,CVX-XOM,0.0,250000.0,9
2015-10-15,JNJ-TMO,0.0,250000.0,9
2015-10-16,CVX-XOM,-2177.5348777770996,250000.0,9
2015-10-16,JNJ-TMO,-2168.841552734375,250000.0,9
2015-10-19,CVX-XOM,425.54958724975586,250000.0,9
2015-10-19,JNJ-TMO,4176.101371765137,250000.0,9
2015-10-19,GS-MS,0.0,250000.0,9
2015-10-20,CVX-XOM,854.0069046020508,250000.0,9
2015-10-20,GS-MS,-163.57049560546875,250000.0,9
2015-10-21,GS-MS,3423.982921600342,250000.0,9
2015-10-22,GS-MS,3812.907091140747,250000.0,9
2015-10-22,JNJ-TMO,0.0,250000.0,9
2015-10-22,AXP-GS,0.0,250000.0,9
2015-10-23,GS-MS,2714.74298286438,250000.0,9
2015-10-23,JNJ-TMO,2200.1373901367188,250000.0,9
2015-10-23,AXP-GS,9057.103858947754,250000.0,9
2015-10-26,GS-MS,-307.00142097473145,250000.0,9
2015-10-26,JNJ-TMO,4647.537063598633,250000.0,9
2015-10-26,AXP-GS,4762.152744293213,250000.0,9
2015-10-27,GS-MS,-1632.2468719482422,250000.0,9
2015-10-27,JNJ-TMO,3272.7883224487305,250000.0,9
2015-10-27,AXP-GS,4707.750114440918,250000.0,9
2015-10-28,GS-MS,706.8782043457031,250000.0,9
2015-10-28,JNJ-TMO,7198.75244140625,250000.0,9
2015-10-28,AXP-GS,349.1099853515625,250000.0,9
2015-10-29,GS-MS,3832.8931102752686,250000.0,9
2015-10-29,AXP-GS,1008.7700462341309,250000.0,9
2015-10-30,GS-MS,3329.197826385498,250000.0,9
2015-10-30,AXP-GS,-1110.6324462890625,250000.0,9
2015-11-02,GS-MS,3711.5779552459717,250000.0,9
2015-11-02,AXP-GS,-272.6971244812012,250000.0,9
2015-11-02,MA-V,0.0,250000.0,9
2015-11-03,GS-MS,576.0924053192139,250000.0,9
2015-11-03,AXP-GS,-1144.0416412353516,250000.0,9
2015-11-04,AXP-GS,-2227.39949798584,250000.0,9
2015-11-05,AXP-GS,-3514.7690658569336,250000.0,9
2015-11-09,CVX-XOM,0.0,250000.0,9
2015-11-10,CVX-XOM,-358.6045722961426,250000.0,9
2015-11-11,CVX-XOM,-780.9927825927734,250000.0,9
2015-11-13,AAPL-CRM,0.0,250000.0,9
2015-11-13,CMCSA-GOOGL,0.0,250000.0,9
2015-11-13,DIS-NFLX,0.0,250000.0,9
2015-11-16,AAPL-CRM,720.7425212860107,250000.0,9
2015-11-16,CMCSA-GOOGL,1322.8802375793457,250000.0,9
2015-11-17,CMCSA-GOOGL,249.89373207092285,250000.0,9
2015-11-18,CMCSA-GOOGL,2214.4066619873047,250000.0,9
2015-11-19,CMCSA-GOOGL,2074.387788772583,250000.0,9
2015-12-02,CMCSA-GOOGL,0.0,250000.0,9
2015-12-02,CMCSA-NFLX,0.0,250000.0,9
2015-12-03,CMCSA-GOOGL,-1044.457691192627,250000.0,9
2015-12-03,CMCSA-NFLX,1405.8645210266113,250000.0,9
2015-12-03,MDLZ-PG,0.0,250000.0,9
2015-12-03,GS-MS,0.0,250000.0,9
2015-12-04,CMCSA-GOOGL,864.5006980895996,250000.0,9
2015-12-04,CMCSA-NFLX,-3028.7747955322266,250000.0,9
2015-12-04,MDLZ-PG,2258.282299041748,250000.0,9
2015-12-04,GS-MS,2170.3424282073975,250000.0,9
2015-12-07,CMCSA-GOOGL,1031.5068321228027,250000.0,9
2015-12-07,MDLZ-PG,-1800.9706954956055,250000.0,9
2015-12-07,GS-MS,-1155.2885837554932,250000.0,9
2015-12-08,MDLZ-PG,99.99204635620117,250000.0,9
2015-12-08,GS-MS,-1207.922435760498,250000.0,9
2015-12-08,JPM-PYPL,0.0,250000.0,9
2015-12-09,MDLZ-PG,-1430.6228065490723,250000.0,9
2015-12-09,GS-MS,-114.94467353820801,250000.0,9
2015-12-09,JPM-PYPL,1631.4124374389648,250000.0,9
2015-12-09,MA-V,0.0,250000.0,9
2015-12-10,MDLZ-PG,-129.01980590820312,250000.0,9
2015-12-10,GS-MS,2001.6317100524902,250000.0,9
2015-12-10,JPM-PYPL,-690.9044761657715,250000.0,9
2015-12-10,MA-V,1421.6265716552734,250000.0,9
2015-12-11,GS-MS,1895.8913612365723,250000.0,9
2015-12-11,JPM-PYPL,-1511.37837600708,250000.0,9
2015-12-14,GS-MS,3063.843870162964,250000.0,9
2015-12-14,JPM-PYPL,-2922.316307067871,250000.0,9
2015-12-14,CMCSA-META,0.0,250000.0,9
2015-12-15,JPM-PYPL,-4470.770519256592,250000.0,9
2015-12-15,CMCSA-META,2683.0932540893555,250000.0,9
2015-12-16,JPM-PYPL,3895.202304840088,250000.0,9
2015-12-16,CMCSA-META,3384.8979301452637,250000.0,9
2015-12-17,JPM-PYPL,1759.1650848388672,250000.0,9
2015-12-17,CMCSA-META,-3470.611557006836,250000.0,9
2015-12-18,JPM-PYPL,-2168.0579528808594,250000.0,9
2015-12-18,CMCSA-META,-4697.700267791748,250000.0,9
2015-12-21,JPM-PYPL,-5126.641635894775,250000.0,9
2015-12-21,CMCSA-META,-6058.74324798584,250000.0,9
2015-12-21,JNJ-TMO,0.0,250000.0,9
2015-12-22,CMCSA-META,-5087.160797119141,250000.0,9
2015-12-22,JNJ-TMO,-855.1487426757812,250000.0,9
2015-12-23,CMCSA-META,-1202.1575469970703,250000.0,9
2015-12-23,JNJ-TMO,-1669.5216522216797,250000.0,9
2015-12-24,CMCSA-META,-1305.5286560058594,250000.0,9
2015-12-24,JNJ-TMO,-1656.3258514404297,250000.0,9
2015-12-28,CMCSA-META,-4179.214160919189,250000.0,9
2015-12-28,JNJ-TMO,-1743.4679260253906,250000.0,9
2015-12-29,JNJ-TMO,-4011.4940643310547,250000.0,9
2015-12-30,JNJ-TMO,-4309.501266479492,250000.0,9
2015-12-31,JNJ-TMO,-5047.380172729492,250000.0,9
2015-11-02,MA-V,0.0,250000.0,10
2015-11-04,TJX-TSLA,0.0,250000.0,10
2015-11-04,LOW-TSLA,0.0,250000.0,10
2015-11-04,SBUX-TSLA,0.0,250000.0,10
2015-11-05,TJX-TSLA,-3789.676248550415,250000.0,10
2015-11-05,LOW-TSLA,-3023.4705600738525,250000.0,10
2015-11-05,SBUX-TSLA,-1372.6928272247314,250000.0,10
2015-11-06,TJX-TSLA,3476.0360918045044,250000.0,10
2015-11-06,LOW-TSLA,-1027.302020072937,250000.0,10
2015-11-06,SBUX-TSLA,-826.0284986495972,250000.0,10
2015-11-09,SBUX-TSLA,8408.10926246643,250000.0,10
2015-11-19,CRM-NVDA,0.0,250000.0,10
2015-11-20,CRM-NVDA,-114.65864157676697,250000.0,10
2015-11-23,CRM-NVDA,-2520.032894849777,250000.0,10
2015-11-24,CRM-NVDA,2032.9495251178741,250000.0,10
2015-11-25,CRM-NVDA,1581.1782932281494,250000.0,10
2015-11-27,CRM-NVDA,6540.965442895889,250000.0,10
2015-12-03,CL-MDLZ,0.0,250000.0,10
2015-12-03,CSCO-INTC,0.0,250000.0,10
2015-12-03,ADBE-NVDA,0.0,250000.0,10
2015-12-04,CSCO-INTC,1327.4731311798096,250000.0,10
2015-12-04,ADBE-NVDA,6252.794902801514,250000.0,10
2015-12-07,ADBE-NVDA,-7149.476308345795,250000.0,10
2015-12-08,ADBE-NVDA,2425.830065011978,250000.0,10
2015-12-09,ADBE-NVDA,-4311.9941737651825,250000.0,10
2015-12-09,MA-V,0.0,250000.0,10
2015-12-10,ADBE-NVDA,-10085.298769235611,250000.0,10
2015-12-10,MA-V,1421.6265716552734,250000.0,10
2015-12-11,ADBE-NVDA,8828.452206373215,250000.0,10
2015-12-11,CRM-NVDA,0.0,250000.0,10
2015-12-11,SBUX-TSLA,0.0,250000.0,10
2015-12-14,CRM-NVDA,273.34686493873596,250000.0,10
2015-12-14,SBUX-TSLA,2106.1360635757446,250000.0,10
2015-12-15,CRM-NVDA,11.05028486251831,250000.0,10
2015-12-15,SBUX-TSLA,5183.066012382507,250000.0,10
2015-12-15,DHR-JNJ,0.0,250000.0,10
2015-12-16,CRM-NVDA,9733.268877267838,250000.0,10
2015-12-16,DHR-JNJ,912.176155090332,250000.0,10
2015-12-17,CRM-NVDA,10172.768948316574,250000.0,10
2015-12-17,DHR-JNJ,-57.625762939453125,250000.0,10
2015-12-18,CRM-NVDA,3878.56445145607,250000.0,10
2015-12-18,DHR-JNJ,2482.9560470581055,250000.0,10
2015-12-21,CRM-NVDA,-43.19155931472778,250000.0,10
2015-12-21,CL-MDLZ,0.0,250000.0,10
2015-12-22,CRM-NVDA,3948.9169092178345,250000.0,10
2015-12-22,CL-MDLZ,546.1947631835938,250000.0,10
2015-12-23,CRM-NVDA,4282.316041231155,250000.0,10
2015-12-23,CL-MDLZ,-2351.0443115234375,250000.0,10
2015-12-24,CRM-NVDA,1880.0037710666656,250000.0,10
2015-12-24,CL-MDLZ,-1642.4412231445312,250000.0,10
2015-12-28,CRM-NVDA,4852.166919708252,250000.0,10
2015-12-28,CL-MDLZ,-411.7578125,250000.0,10
2015-12-29,CRM-NVDA,9884.088626146317,250000.0,10
2015-12-29,CL-MDLZ,-2595.0980224609375,250000.0,10
2015-12-30,CRM-NVDA,9892.81571817398,250000.0,10
2015-12-30,CL-MDLZ,-1653.2047119140625,250000.0,10
2015-12-31,CRM-NVDA,7719.026098489761,250000.0,10
2015-12-31,CL-MDLZ,-1002.196044921875,250000.0,10
2016-01-04,CL-MDLZ,-1647.6962890625,250000.0,10
2016-01-04,CL-PEP,0.0,250000.0,10
2016-01-05,CL-PEP,-443.0379943847656,250000.0,10
2016-01-06,LMT-RTX,0.0,250000.0,10
2016-01-07,LMT-RTX,1280.911117553711,250000.0,10
2016-01-07,CL-MDLZ,0.0,250000.0,10
2016-01-08,LMT-RTX,-2347.14070892334,250000.0,10
2016-01-08,CL-MDLZ,-1966.8726654052734,250000.0,10
2016-01-11,LMT-RTX,-4639.990493774414,250000.0,10
2016-01-11,CL-MDLZ,1253.7652053833008,250000.0,10
2016-01-12,CL-MDLZ,1866.810073852539,250000.0,10
2016-01-14,ADBE-NVDA,0.0,250000.0,10
2016-01-15,ADBE-NVDA,-9606.998616337776,250000.0,10
2016-01-19,ADBE-NVDA,-7752.0417457818985,250000.0,10
2016-01-20,ADBE-NVDA,1421.2688697576523,250000.0,10
2016-01-21,ADBE-NVDA,3831.0719974040985,250000.0,10
2016-01-22,ADBE-NVDA,-840.0749753713608,250000.0,10
2016-01-26,DHR-JNJ,0.0,250000.0,10
2016-01-27,DHR-JNJ,-3358.6656761169434,250000.0,10
2016-01-28,DHR-JNJ,-3150.7201194763184,250000.0,10
2016-01-29,DHR-JNJ,-3757.343776702881,250000.0,10
2015-12-02,CMCSA-NFLX,0.0,250000.0,11
2015-12-03,CMCSA-NFLX,1405.8645210266113,250000.0,11
2015-12-03,AVGO-INTC,0.0,250000.0,11
2015-12-03,AVGO-CRM,0.0,250000.0,11
2015-12-03,ADBE-NVDA,0.0,250000.0,11
2015-12-04,CMCSA-NFLX,-3028.7747955322266,250000.0,11
2015-12-04,AVGO-INTC,4507.612289428711,250000.0,11
2015-12-04,AVGO-CRM,5303.423666000366,250000.0,11
2015-12-04,ADBE-NVDA,6252.794902801514,250000.0,11
2015-12-04,PG-WMT,0.0,250000.0,11
2015-12-07,AVGO-INTC,3914.777976989746,250000.0,11
2015-12-07,AVGO-CRM,4.076272964477539,250000.0,11
2015-12-07,ADBE-NVDA,-7149.476308345795,250000.0,11
2015-12-07,PG-WMT,-4097.804330825806,250000.0,11
2015-12-08,AVGO-INTC,2946.0614433288574,250000.0,11
2015-12-08,AVGO-CRM,1861.80331325531,250000.0,11
2015-12-08,ADBE-NVDA,2425.830065011978,250000.0,11
2015-12-08,PG-WMT,295.0761127471924,250000.0,11
2015-12-09,AVGO-INTC,4996.850074768066,250000.0,11
2015-12-09,AVGO-CRM,-1190.8352737426758,250000.0,11
2015-12-09,ADBE-NVDA,-4311.9941737651825,250000.0,11
2015-12-09,PG-WMT,2359.880739212036,250000.0,11
2015-12-10,AVGO-INTC,3433.1021728515625,250000.0,11
2015-12-10,AVGO-CRM,-3193.864305496216,250000.0,11
2015-12-10,ADBE-NVDA,-10085.298769235611,250000.0,11
2015-12-10,PG-WMT,461.81439781188965,250000.0,11
2015-12-11,AVGO-INTC,1961.1385231018066,250000.0,11
2015-12-11,AVGO-CRM,-9360.21482181549,250000.0,11
2015-12-11,ADBE-NVDA,8828.452206373215,250000.0,11
2015-12-11,PG-WMT,1310.6417427062988,250000.0,11
2015-12-11,COP-PSX,0.0,250000.0,11
2015-12-14,AVGO-INTC,4873.81555557251,250000.0,11
2015-12-14,AVGO-CRM,-7880.927676200867,250000.0,11
2015-12-14,PG-WMT,-3551.1933555603027,250000.0,11
2015-12-14,EOG-PSX,0.0,250000.0,11
2015-12-15,AVGO-INTC,9513.150379180908,250000.0,11
2015-12-15,AVGO-CRM,-7131.976176261902,250000.0,11
2015-12-15,PG-WMT,-1895.620677947998,250000.0,11
2015-12-15,EOG-PSX,-73.48382568359375,250000.0,11
2015-12-15,COP-PSX,0.0,250000.0,11
2015-12-15,DIS-META,0.0,250000.0,11
2015-12-15,DIS-GOOGL,0.0,250000.0,11
2015-12-16,AVGO-INTC,9598.228080749512,250000.0,11
2015-12-16,AVGO-CRM,-2987.9534664154053,250000.0,11
2015-12-16,PG-WMT,-6062.859327316284,250000.0,11
2015-12-16,EOG-PSX,8086.4647216796875,250000.0,11
2015-12-16,COP-PSX,8592.263786315918,250000.0,11
2015-12-16,DIS-META,1061.7703857421875,250000.0,11
2015-12-16,DIS-GOOGL,1263.6886901855469,250000.0,11
2015-12-17,AVGO-INTC,9312.405944824219,250000.0,11
2015-12-17,AVGO-CRM,-2454.8229656219482,250000.0,11
2015-12-17,PG-WMT,217.33287811279297,250000.0,11
2015-12-17,EOG-PSX,11203.364929199219,250000.0,11
2015-12-17,DIS-GOOGL,3586.4253997802734,250000.0,11
2015-12-18,AVGO-INTC,1887.356590270996,250000.0,11
2015-12-18,PG-WMT,3073.1281032562256,250000.0,11
2015-12-21,AVGO-INTC,358.03771209716797,250000.0,11
2015-12-22,AVGO-INTC,4487.203521728516,250000.0,11
2015-12-23,AVGO-INTC,5400.819313049316,250000.0,11
2015-12-24,AVGO-INTC,5398.076370239258,250000.0,11
2015-12-28,AVGO-INTC,5008.1223068237305,250000.0,11
2015-12-29,AVGO-INTC,7547.6612548828125,250000.0,11
2015-12-30,AVGO-INTC,4675.243511199951,250000.0,11
2015-12-31,AVGO-INTC,2393.040988922119,250000.0,11
2016-01-04,AVGO-INTC,1191.4005279541016,250000.0,11
2016-01-04,CL-MO,0.0,250000.0,11
2016-01-04,CMCSA-NFLX,0.0,250000.0,11
2016-01-04,CL-PEP,0.0,250000.0,11
2016-01-05,AVGO-INTC,3625.9753456115723,250000.0,11
2016-01-05,CMCSA-NFLX,-5254.3152532577515,250000.0,11
2016-01-05,CL-PEP,-443.0379943847656,250000.0,11
2016-01-05,DIS-META,0.0,250000.0,11
2016-01-06,AVGO-INTC,1325.7731971740723,250000.0,11
2016-01-06,DIS-META,-2076.001304626465,250000.0,11
2016-01-06,CL-MO,0.0,250000.0,11
2016-01-06,CAT-RTX,0.0,250000.0,11
2016-01-07,CL-MO,-1072.626667022705,250000.0,11
2016-01-07,CAT-RTX,-405.1504821777344,250000.0,11
2016-01-07,GE-UNP,0.0,250000.0,11
2016-01-08,CL-MO,-3703.0188217163086,250000.0,11
2016-01-08,CAT-RTX,-3613.8726348876953,250000.0,11
2016-01-08,GE-UNP,1389.8462677001953,250000.0,11
2016-01-08,EOG-PSX,0.0,250000.0,11
2016-01-11,CL-MO,-7609.1525955200195,250000.0,11
2016-01-11,CAT-RTX,-1054.555549621582,250000.0,11
2016-01-11,GE-UNP,4959.075531005859,250000.0,11
2016-01-11,EOG-PSX,7059.972061157227,250000.0,11
2016-01-12,CL-MO,-4535.192493438721,250000.0,11
2016-01-12,CAT-RTX,-1218.1738739013672,250000.0,11
2016-01-13,CL-MO,-31.6478271484375,250000.0,11
2016-01-13,CAT-RTX,-4807.685646057129,250000.0,11
2016-01-13,CMCSA-TMUS,0.0,250000.0,11
2016-01-14,CL-MO,1085.506923675537,250000.0,11
2016-01-14,ADBE-NVDA,0.0,250000.0,11
2016-01-15,CL-MO,4530.634166717529,250000.0,11
2016-01-15,ADBE-NVDA,-9606.998616337776,250000.0,11
2016-01-15,CMCSA-DIS,0.0,250000.0,11
2016-01-15,AVGO-INTC,0.0,250000.0,11
2016-01-19,CL-MO,3973.0842475891113,250000.0,11
2016-01-19,ADBE-NVDA,-7752.0417457818985,250000.0,11
2016-01-19,CMCSA-DIS,-1600.488166809082,250000.0,11
2016-01-19,AVGO-INTC,253.94034099578857,250000.0,11
2016-01-19,COP-PSX,0.0,250000.0,11
2016-01-20,CL-MO,126.11758041381836,250000.0,11
2016-01-20,ADBE-NVDA,1421.2688697576523,250000.0,11
2016-01-20,CMCSA-DIS,-2230.440559387207,250000.0,11
2016-01-20,AVGO-INTC,-4596.519543647766,250000.0,11
2016-01-20,COP-PSX,-498.2732849121094,250000.0,11
2016-01-21,CL-MO,6785.016510009766,250000.0,11
2016-01-21,ADBE-NVDA,3831.0719974040985,250000.0,11
2016-01-21,CMCSA-DIS,-1814.8543167114258,250000.0,11
2016-01-21,AVGO-INTC,-4583.0218114852905,250000.0,11
2016-01-22,ADBE-NVDA,-840.0749753713608,250000.0,11
2016-01-22,CMCSA-DIS,838.4119033813477,250000.0,11
2016-01-22,AVGO-INTC,-2298.5124826431274,250000.0,11
2016-01-25,CMCSA-DIS,2111.7535400390625,250000.0,11
2016-01-25,AVGO-INTC,-5054.166659355164,250000.0,11
2016-01-26,CMCSA-DIS,1593.4684753417969,250000.0,11
2016-01-26,AVGO-INTC,-2116.0794610977173,250000.0,11
2016-01-27,CMCSA-DIS,-23.629417419433594,250000.0,11
2016-01-27,AVGO-INTC,-1533.6345615386963,250000.0,11
2016-01-28,CMCSA-DIS,-2076.8639373779297,250000.0,11
2016-01-28,AVGO-INTC,-3489.26380443573,250000.0,11
2016-01-28,DIS-META,0.0,250000.0,11
2016-01-29,CMCSA-DIS,-3922.3365783691406,250000.0,11
2016-01-29,AVGO-INTC,-693.9068069458008,250000.0,11
2016-01-29,DIS-META,-3100.776870727539,250000.0,11
2016-02-01,DIS-META,-10869.075973510742,250000.0,11
2016-02-02,DIS-META,-13316.155860900879,250000.0,11
2016-02-02,AVGO-INTC,0.0,250000.0,11
2016-02-03,DIS-META,-5388.487045288086,250000.0,11
2016-02-03,AVGO-INTC,-164.68403244018555,250000.0,11
2016-02-03,CMCSA-DIS,0.0,250000.0,11
2016-02-04,DIS-META,158.18014526367188,250000.0,11
2016-02-04,AVGO-INTC,-394.33542251586914,250000.0,11
2016-02-04,CMCSA-DIS,-1243.9233493804932,250000.0,11
2016-02-05,DIS-META,12192.492614746094,250000.0,11
2016-02-05,AVGO-INTC,-265.25858783721924,250000.0,11
2016-02-05,AVGO-CRM,0.0,250000.0,11
2016-02-05,CMCSA-NFLX,0.0,250000.0,11
2016-02-08,AVGO-INTC,3155.7189264297485,250000.0,11
2016-02-08,AVGO-CRM,-16765.806062698364,250000.0,11
2016-02-08,CMCSA-NFLX,1623.2173709869385,250000.0,11
2016-02-08,MSFT-TXN,0.0,250000.0,11
2016-02-09,AVGO-CRM,-1996.6099767684937,250000.0,11
2016-02-09,CMCSA-NFLX,12827.483612060547,250000.0,11
2016-02-09,MSFT-TXN,632.881233215332,250000.0,11
2016-02-10,AVGO-CRM,4291.917969703674,250000.0,11
2016-02-10,MSFT-TXN,1769.6191062927246,250000.0,11
2016-02-11,AVGO-CRM,7359.7228746414185,250000.0,11
2016-02-11,MSFT-TXN,3517.9685096740723,250000.0,11
2016-02-11,EOG-PSX,0.0,250000.0,11
2016-02-12,AVGO-CRM,7356.458951950073,250000.0,11
2016-02-12,MSFT-TXN,2574.072452545166,250000.0,11
2016-02-12,EOG-PSX,4267.378150939941,250000.0,11
2016-02-16,AVGO-CRM,5915.393196105957,250000.0,11
2016-02-16,MSFT-TXN,-1007.5195083618164,250000.0,11
2016-02-17,MSFT-TXN,-2043.7824783325195,250000.0,11
2016-02-18,MSFT-TXN,252.9679298400879,250000.0,11
2016-02-19,MSFT-TXN,443.24024963378906,250000.0,11
2016-02-22,MSFT-TXN,669.2206764221191,250000.0,11
2016-02-23,MSFT-TXN,777.8663520812988,250000.0,11
2016-02-24,MSFT-TXN,321.55831146240234,250000.0,11
2016-02-25,AVGO-CRM,0.0,250000.0,11
2016-02-26,AVGO-CRM,-577.652437210083,250000.0,11
2016-02-26,MSFT-TXN,0.0,250000.0,11
2016-02-29,AVGO-CRM,7191.010688781738,250000.0,11
2016-02-29,MSFT-TXN,-384.21108627319336,250000.0,11
2016-01-04,CL-MO,0.0,250000.0,12
2016-01-04,ABT-MRK,0.0,250000.0,12
2016-01-05,ABT-MRK,-3232.4457473754883,250000.0,12
2016-01-05,META-NFLX,0.0,250000.0,12
2016-01-06,ABT-MRK,-1240.6099700927734,250000.0,12
2016-01-06,CL-MO,0.0,250000.0,12
2016-01-06,KO-MO,0.0,250000.0,12
2016-01-07,ABT-MRK,-3257.310836791992,250000.0,12
2016-01-07,CL-MO,-1072.626667022705,250000.0,12
2016-01-07,KO-MO,852.021562576294,250000.0,12
2016-01-08,ABT-MRK,-2655.035877227783,250000.0,12
2016-01-08,CL-MO,-3703.0188217163086,250000.0,12
2016-01-08,KO-MO,-120.36116218566895,250000.0,12
2016-01-11,ABT-MRK,-3217.1201515197754,250000.0,12
2016-01-11,CL-MO,-7609.1525955200195,250000.0,12
2016-01-11,KO-MO,-4924.45841217041,250000.0,12
2016-01-12,ABT-MRK,-2634.800064086914,250000.0,12
2016-01-12,CL-MO,-4535.192493438721,250000.0,12
2016-01-12,KO-MO,-1886.9687843322754,250000.0,12
2016-01-13,ABT-MRK,-1214.6849479675293,250000.0,12
2016-01-13,CL-MO,-31.6478271484375,250000.0,12
2016-01-13,KO-MO,3522.800401687622,250000.0,12
2016-01-13,ABT-GILD,0.0,250000.0,12
2016-01-14,ABT-MRK,-3240.497043609619,250000.0,12
2016-01-14,CL-MO,1085.506923675537,250000.0,12
2016-01-14,KO-MO,1813.9399242401123,250000.0,12
2016-01-14,ABT-GILD,-1707.1445693969727,250000.0,12
2016-01-15,ABT-MRK,-2421.6303634643555,250000.0,12
2016-01-15,CL-MO,4530.634166717529,250000.0,12
2016-01-15,ABT-GILD,-2842.9781494140625,250000.0,12
2016-01-19,CL-MO,3973.0842475891113,250000.0,12
2016-01-20,CL-MO,126.11758041381836,250000.0,12
2016-01-21,CL-MO,6785.016510009766,250000.0,12
2016-01-22,AXP-GS,0.0,250000.0,12
2016-01-25,AXP-GS,9029.652320861816,250000.0,12
2016-01-26,AXP-GS,3928.4894638061523,250000.0,12
2016-01-27,AXP-GS,3419.0145301818848,250000.0,12
2016-01-27,BA-UPS,0.0,250000.0,12
2016-01-27,ABT-MRK,0.0,250000.0,12
2016-01-28,AXP-GS,-6716.555065155029,250000.0,12
2016-01-28,BA-UPS,1596.9305114746094,250000.0,12
2016-01-28,ABT-DHR,0.0,250000.0,12
2016-01-28,LLY-PFE,0.0,250000.0,12
2016-01-28,ABT-PFE,0.0,250000.0,12
2016-01-29,AXP-GS,-12068.028118133545,250000.0,12
2016-01-29,BA-UPS,-1557.522964477539,250000.0,12
2016-01-29,ABT-DHR,347.37762451171875,250000.0,12
2016-01-29,ABT-PFE,715.3317184448242,250000.0,12
2016-01-29,KO-MO,0.0,250000.0,12
2016-02-01,AXP-GS,-5502.507518768311,250000.0,12
2016-02-01,BA-UPS,-2023.786148071289,250000.0,12
2016-02-01,ABT-DHR,5967.794342041016,250000.0,12
2016-02-01,KO-MO,1041.3181343078613,250000.0,12
2016-02-02,AXP-GS,4114.114337921143,250000.0,12
2016-02-02,BA-UPS,-9223.691955566406,250000.0,12
2016-02-02,ABT-DHR,7273.768356323242,250000.0,12
2016-02-02,KO-MO,462.24195861816406,250000.0,12
2016-02-03,AXP-GS,3872.920124053955,250000.0,12
2016-02-03,BA-UPS,-5038.759552001953,250000.0,12
2016-02-03,ABT-DHR,6125.976043701172,250000.0,12
2016-02-04,AXP-GS,-1406.1043701171875,250000.0,12
2016-02-04,BA-UPS,-5191.313316345215,250000.0,12
2016-02-04,ABT-DHR,1893.5488739013672,250000.0,12
2016-02-05,AXP-GS,-2548.0296745300293,250000.0,12
2016-02-05,BA-UPS,-4205.741432189941,250000.0,12
2016-02-05,ABT-DHR,2487.8699645996094,250000.0,12
2016-02-08,AXP-GS,4320.589626312256,250000.0,12
2016-02-08,ABT-DHR,5449.597503662109,250000.0,12
2016-02-09,AXP-GS,6589.064552307129,250000.0,12
2016-02-09,ABT-DHR,-401.25941467285156,250000.0,12
2016-02-10,AXP-GS,7216.702934265137,250000.0,12
2016-02-10,ABT-DHR,792.0082092285156,250000.0,12
2016-02-11,ABT-DHR,397.5799560546875,250000.0,12
2016-02-12,ABT-DHR,1173.1246490478516,250000.0,12
2016-02-16,ABT-DHR,1655.8596801757812,250000.0,12
2016-02-17,ABT-DHR,2682.8766174316406,250000.0,12
2016-02-18,ABT-DHR,3031.7105712890625,250000.0,12
2016-02-19,ABT-DHR,4402.881729125977,250000.0,12
2016-02-22,ABT-DHR,4904.843719482422,250000.0,12
2016-02-23,ABT-DHR,1585.1219940185547,250000.0,12
2016-02-24,ABT-DHR,6771.176605224609,250000.0,12
2016-02-25,ABT-DHR,6198.625213623047,250000.0,12
2016-02-26,ABT-DHR,3145.4808654785156,250000.0,12
2016-03-18,CL-MO,0.0,250000.0,12
2016-03-21,CL-MO,878.9314880371094,250000.0,12
2016-03-22,CL-MO,525.0127716064453,250000.0,12
2016-03-23,CL-MO,1481.290786743164,250000.0,12
2016-03-24,CL-MO,-996.8024139404297,250000.0,12
2016-03-28,CL-MO,2049.967300415039,250000.0,12
2016-03-29,CL-MO,1901.9347686767578,250000.0,12
2016-03-30,CL-MO,3515.5235748291016,250000.0,12
2016-03-31,CL-MO,4047.4334259033203,250000.0,12
2016-02-03,COP-MPC,0.0,250000.0,13
2016-02-04,COP-MPC,-2110.0319118499756,250000.0,13
2016-02-05,COP-MPC,-10289.713090896606,250000.0,13
2016-02-08,MSFT-TXN,0.0,250000.0,13
2016-02-08,EOG-PSX,0.0,250000.0,13
2016-02-09,MSFT-TXN,632.881233215332,250000.0,13
2016-02-09,EOG-PSX,1818.620346069336,250000.0,13
2016-02-10,MSFT-TXN,1769.6191062927246,250000.0,13
2016-02-10,EOG-PSX,1005.1015625,250000.0,13
2016-02-11,MSFT-TXN,3517.9685096740723,250000.0,13
2016-02-11,EOG-PSX,-4666.312065124512,250000.0,13
2016-02-12,MSFT-TXN,2574.072452545166,250000.0,13
2016-02-12,EOG-PSX,-517.4419937133789,250000.0,13
2016-02-16,MSFT-TXN,-1007.5195083618164,250000.0,13
2016-02-17,MSFT-TXN,-2043.7824783325195,250000.0,13
2016-02-18,MSFT-TXN,252.9679298400879,250000.0,13
2016-02-18,AVGO-NVDA,0.0,250000.0,13
2016-02-19,MSFT-TXN,443.24024963378906,250000.0,13
2016-02-19,AVGO-NVDA,-524.8305201530457,250000.0,13
2016-02-22,MSFT-TXN,669.2206764221191,250000.0,13
2016-02-22,AVGO-NVDA,-6060.242077410221,250000.0,13
2016-02-23,MSFT-TXN,777.8663520812988,250000.0,13
2016-02-23,AVGO-NVDA,-11072.387512922287,250000.0,13
2016-02-24,MSFT-TXN,321.55831146240234,250000.0,13
2016-02-24,AVGO-NVDA,-9082.711570858955,250000.0,13
2016-02-24,COP-MPC,0.0,250000.0,13
2016-02-25,AVGO-NVDA,-5932.301365435123,250000.0,13
2016-02-25,COP-MPC,-1140.762565612793,250000.0,13
2016-02-26,AVGO-NVDA,-3062.9783445596695,250000.0,13
2016-02-26,COP-MPC,6268.050392150879,250000.0,13
2016-02-26,MSFT-TXN,0.0,250000.0,13
2016-02-29,AVGO-NVDA,156.47403627634048,250000.0,13
2016-02-29,COP-MPC,4020.3387203216553,250000.0,13
2016-02-29,MSFT-TXN,-384.21108627319336,250000.0,13
2016-02-29,EOG-PSX,0.0,250000.0,13
2016-03-01,AVGO-NVDA,-3637.2546923160553,250000.0,13
2016-03-01,COP-MPC,5627.353439331055,250000.0,13
2016-03-01,MSFT-TXN,858.1972465515137,250000.0,13
2016-03-02,AVGO-NVDA,-7782.945966124535,250000.0,13
2016-03-02,MSFT-TXN,1415.613353729248,250000.0,13
2016-03-03,AVGO-NVDA,-4729.763885736465,250000.0,13
2016-03-03,MSFT-TXN,-3119.995090484619,250000.0,13
2016-03-04,AVGO-NVDA,11405.230993330479,250000.0,13
2016-03-04,MSFT-TXN,-4507.227996826172,250000.0,13
2016-03-07,AVGO-NVDA,8690.220348536968,250000.0,13
2016-03-07,GS-V,0.0,250000.0,13
2016-03-07,LMT-UNP,0.0,250000.0,13
2016-03-08,AVGO-NVDA,6818.42876046896,250000.0,13
2016-03-08,GS-V,-2100.0306091308594,250000.0,13
2016-03-09,AVGO-NVDA,11068.88143748045,250000.0,13
2016-03-09,GS-V,-770.9854888916016,250000.0,13
2016-03-09,AMGN-LLY,0.0,250000.0,13
2016-03-10,AVGO-NVDA,15797.86578387022,250000.0,13
2016-03-10,GS-V,-3105.3157501220703,250000.0,13
2016-03-10,AMGN-LLY,2047.1086502075195,250000.0,13
2016-03-11,GS-V,-142.08151245117188,250000.0,13
2016-03-11,AMGN-LLY,4120.014598846436,250000.0,13
2016-03-11,LLY-PFE,0.0,250000.0,13
2016-03-14,GS-V,-330.24427795410156,250000.0,13
2016-03-14,LLY-PFE,1883.8724327087402,250000.0,13
2016-03-15,GS-V,2097.3982696533203,250000.0,13
2016-03-15,LLY-PFE,1441.5378952026367,250000.0,13
2016-03-16,ABT-PFE,0.0,250000.0,13
2016-03-17,ABT-PFE,2196.4622764587402,250000.0,13
2016-03-17,MDLZ-WMT,0.0,250000.0,13
2016-03-18,ABT-PFE,1388.6051063537598,250000.0,13
2016-03-18,MDLZ-WMT,-2026.9027690887451,250000.0,13
2016-03-21,MDLZ-WMT,1536.2162036895752,250000.0,13
2016-03-22,MDLZ-WMT,-2223.3797931671143,250000.0,13
2016-03-23,MDLZ-WMT,-3612.672492980957,250000.0,13
2016-03-23,CAT-RTX,0.0,250000.0,13
2016-03-24,MDLZ-WMT,-3479.5439853668213,250000.0,13
2016-03-28,MDLZ-WMT,-3338.929340362549,250000.0,13
2016-03-29,MDLZ-WMT,-50.53892135620117,250000.0,13
2016-04-04,MRK-PFE,0.0,250000.0,13
2016-04-06,MRK-PFE,0.0,250000.0,13
2016-04-06,ABT-PFE,0.0,250000.0,13
2016-04-06,ABT-MRK,0.0,250000.0,13
2016-04-06,AMGN-LLY,0.0,250000.0,13
2016-04-06,LLY-PFE,0.0,250000.0,13
2016-04-07,MRK-PFE,608.9337882995605,250000.0,13
2016-04-07,ABT-PFE,-43.91093063354492,250000.0,13
2016-04-07,ABT-MRK,119.48236465454102,250000.0,13
2016-04-07,AMGN-LLY,4381.869823455811,250000.0,13
2016-04-07,LLY-PFE,1030.7895240783691,250000.0,13
2016-04-07,CAT-RTX,0.0,250000.0,13
2016-04-08,MRK-PFE,2388.055835723877,250000.0,13
2016-04-08,ABT-PFE,1202.1340827941895,250000.0,13
2016-04-08,ABT-MRK,-60.43707275390625,250000.0,13
2016-04-08,LLY-PFE,2699.058261871338,250000.0,13
2016-04-08,CAT-RTX,-679.2973480224609,250000.0,13
2016-04-11,MRK-PFE,6012.8303298950195,250000.0,13
2016-04-11,ABT-PFE,6166.559242248535,250000.0,13
2016-04-11,ABT-MRK,1538.5715255737305,250000.0,13
2016-04-11,LLY-PFE,6657.7449951171875,250000.0,13
2016-04-11,CAT-RTX,-2110.409149169922,250000.0,13
2016-04-12,MRK-PFE,6422.637157440186,250000.0,13
2016-04-12,ABT-PFE,6666.312488555908,250000.0,13
2016-04-12,ABT-MRK,872.3091926574707,250000.0,13
2016-04-12,LLY-PFE,7073.547878265381,250000.0,13
2016-04-12,CAT-RTX,-1285.6114807128906,250000.0,13
2016-04-13,MRK-PFE,4031.664249420166,250000.0,13
2016-04-13,ABT-PFE,4673.647602081299,250000.0,13
2016-04-13,ABT-MRK,-424.7907409667969,250000.0,13
2016-04-13,LLY-PFE,3571.8114585876465,250000.0,13
2016-04-13,CAT-RTX,1424.4840545654297,250000.0,13
2016-04-13,BAC-JPM,0.0,250000.0,13
2016-04-14,MRK-PFE,4786.866897583008,250000.0,13
2016-04-14,ABT-PFE,4326.820709228516,250000.0,13
2016-04-14,ABT-MRK,-2325.0626907348633,250000.0,13
2016-04-14,LLY-PFE,3454.7487869262695,250000.0,13
2016-04-14,CAT-RTX,1079.4050903320312,250000.0,13
2016-04-14,BAC-JPM,-591.8508749008179,250000.0,13
2016-04-15,MRK-PFE,4919.48123550415,250000.0,13
2016-04-15,ABT-PFE,5160.427768707275,250000.0,13
2016-04-15,ABT-MRK,-1120.4920272827148,250000.0,13
2016-04-15,LLY-PFE,4440.716510772705,250000.0,13
2016-04-15,CAT-RTX,1609.3960571289062,250000.0,13
2016-04-15,BAC-JPM,1263.0446491241455,250000.0,13
2016-04-15,AVGO-NVDA,0.0,250000.0,13
2016-04-18,MRK-PFE,5285.196586608887,250000.0,13
2016-04-18,ABT-PFE,5973.033004760742,250000.0,13
2016-04-18,ABT-MRK,-1765.3422355651855,250000.0,13
2016-04-18,LLY-PFE,6187.606979370117,250000.0,13
2016-04-18,CAT-RTX,393.4067687988281,250000.0,13
2016-04-18,BAC-JPM,929.2832870483398,250000.0,13
2016-04-18,AVGO-NVDA,1760.2065825462341,250000.0,13
2016-04-18,AVGO-MSFT,0.0,250000.0,13
2016-04-18,MSFT-TXN,0.0,250000.0,13
2016-04-19,MRK-PFE,4295.487773895264,250000.0,13
2016-04-19,ABT-PFE,3542.24995803833,250000.0,13
2016-04-19,ABT-MRK,-3526.5689964294434,250000.0,13
2016-04-19,LLY-PFE,4107.85071182251,250000.0,13
2016-04-19,CAT-RTX,3161.576614379883,250000.0,13
2016-04-19,BAC-JPM,-1202.7326316833496,250000.0,13
2016-04-19,AVGO-NVDA,-1840.6934173107147,250000.0,13
2016-04-19,AVGO-MSFT,-2313.5566749572754,250000.0,13
2016-04-19,MSFT-TXN,-1848.6940536499023,250000.0,13
2016-04-19,NFLX-T,0.0,250000.0,13
2016-04-20,MRK-PFE,805.6514930725098,250000.0,13
2016-04-20,ABT-PFE,1327.324047088623,250000.0,13
2016-04-20,ABT-MRK,-2042.2413291931152,250000.0,13
2016-04-20,LLY-PFE,1266.9756889343262,250000.0,13
2016-04-20,CAT-RTX,453.5619354248047,250000.0,13
2016-04-20,BAC-JPM,-1297.8296794891357,250000.0,13
2016-04-20,AVGO-NVDA,814.1886413097382,250000.0,13
2016-04-20,AVGO-MSFT,2401.4176483154297,250000.0,13
2016-04-20,NFLX-T,695.7950859069824,250000.0,13
2016-04-21,MRK-PFE,794.6775093078613,250000.0,13
2016-04-21,ABT-PFE,976.7678413391113,250000.0,13
2016-04-21,LLY-PFE,1634.0772666931152,250000.0,13
2016-04-21,CAT-RTX,29.743255615234375,250000.0,13
2016-04-21,BAC-JPM,1064.500901222229,250000.0,13
2016-04-21,AVGO-NVDA,-2047.7992696762085,250000.0,13
2016-04-21,AVGO-MSFT,539.0929145812988,250000.0,13
2016-04-21,NFLX-T,-6286.985324859619,250000.0,13
2016-04-22,MRK-PFE,1021.2678451538086,250000.0,13
2016-04-22,ABT-PFE,1359.2723388671875,250000.0,13
2016-04-22,LLY-PFE,2109.151565551758,250000.0,13
2016-04-22,BAC-JPM,1154.393238067627,250000.0,13
2016-04-22,AVGO-NVDA,-2803.9909143447876,250000.0,13
2016-04-22,NFLX-T,-4188.391590118408,250000.0,13
2016-04-22,GS-V,0.0,250000.0,13
2016-04-22,MSFT-TXN,0.0,250000.0,13
2016-04-25,ABT-PFE,1601.1207122802734,250000.0,13
2016-04-25,LLY-PFE,2732.615852355957,250000.0,13
2016-04-25,BAC-JPM,1517.852957725525,250000.0,13
2016-04-25,NFLX-T,-5196.23134803772,250000.0,13
2016-04-25,GS-V,-1997.898292541504,250000.0,13
2016-04-25,MSFT-TXN,625.6918869018555,250000.0,13
2016-04-25,ABT-MRK,0.0,250000.0,13
2016-04-26,ABT-PFE,2419.1107788085938,250000.0,13
2016-04-26,LLY-PFE,1395.9091110229492,250000.0,13
2016-04-26,BAC-JPM,1165.0336112976074,250000.0,13
2016-04-26,GS-V,-1247.7160568237305,250000.0,13
2016-04-26,MSFT-TXN,-5204.19246673584,250000.0,13
2016-04-26,ABT-MRK,-414.4364547729492,250000.0,13
2016-04-27,ABT-PFE,2646.1336517333984,250000.0,13
2016-04-27,LLY-PFE,2142.2189331054688,250000.0,13
2016-04-27,BAC-JPM,-92.01022052764893,250000.0,13
2016-04-27,GS-V,-1215.2975769042969,250000.0,13
2016-04-27,MSFT-TXN,-10562.06287765503,250000.0,13
2016-04-27,ABT-MRK,934.6348762512207,250000.0,13
2016-04-28,LLY-PFE,2749.0097732543945,250000.0,13
2016-04-28,BAC-JPM,233.38557815551758,250000.0,13
2016-04-28,GS-V,-2937.2228088378906,250000.0,13
2016-04-28,MSFT-TXN,-13454.360481262207,250000.0,13
2016-04-29,LLY-PFE,2846.477207183838,250000.0,13
2016-04-29,BAC-JPM,113.7389268875122,250000.0,13
2016-04-29,GS-V,-4211.8317947387695,250000.0,13
2016-04-29,MSFT-TXN,-6568.680606842041,250000.0,13
2016-04-29,AMZN-LOW,0.0,250000.0,13
2016-04-29,EOG-PSX,0.0,250000.0,13
2016-03-02,MRK-TMO,0.0,250000.0,14
2016-03-02,AMGN-TMO,0.0,250000.0,14
2016-03-03,MRK-TMO,-1613.9758987426758,250000.0,14
2016-03-03,AMGN-TMO,-2948.7032775878906,250000.0,14
2016-03-04,MRK-TMO,-4636.439426422119,250000.0,14
2016-03-04,AMGN-TMO,-5732.739654541016,250000.0,14
2016-03-07,MRK-TMO,-4860.670932769775,250000.0,14
2016-03-07,AMGN-TMO,-6420.359153747559,250000.0,14
2016-03-07,AAPL-TXN,0.0,250000.0,14
2016-03-08,MRK-TMO,-1082.1841735839844,250000.0,14
2016-03-08,AMGN-TMO,-5123.152130126953,250000.0,14
2016-03-09,MRK-TMO,273.26970291137695,250000.0,14
2016-03-09,AMGN-TMO,-7855.8227462768555,250000.0,14
2016-03-10,MRK-TMO,3091.6816062927246,250000.0,14
2016-03-10,AMGN-TMO,-7358.068000793457,250000.0,14
2016-03-10,CL-PG,0.0,250000.0,14
2016-03-11,MRK-TMO,1001.6609344482422,250000.0,14
2016-03-11,AMGN-TMO,-7533.339584350586,250000.0,14
2016-03-11,CL-PG,-2054.4970664978027,250000.0,14
2016-03-14,MRK-TMO,1376.1809005737305,250000.0,14
2016-03-14,AMGN-TMO,-6659.008888244629,250000.0,14
2016-03-14,CL-PG,-3403.678981781006,250000.0,14
2016-03-15,MRK-TMO,1689.0719718933105,250000.0,14
2016-03-15,AMGN-TMO,-5592.559417724609,250000.0,14
2016-03-15,CL-PG,-4089.768241882324,250000.0,14
2016-03-16,MRK-TMO,-1558.5619354248047,250000.0,14
2016-03-16,AMGN-TMO,-6166.528877258301,250000.0,14
2016-03-16,CL-PG,-4284.329284667969,250000.0,14
2016-03-16,ABT-PFE,0.0,250000.0,14
2016-03-17,CL-PG,-3748.0496368408203,250000.0,14
2016-03-17,ABT-PFE,2196.4622764587402,250000.0,14
2016-03-17,AAPL-ADBE,0.0,250000.0,14
2016-03-18,CL-PG,-4501.813056945801,250000.0,14
2016-03-18,ABT-PFE,1388.6051063537598,250000.0,14
2016-03-21,CL-PG,-3826.713191986084,250000.0,14
2016-03-22,CL-PG,-2825.8683853149414,250000.0,14
2016-03-23,CL-PG,-3344.961368560791,250000.0,14
2016-03-24,CL-PG,-3481.5920944213867,250000.0,14
2016-04-04,MRK-PFE,0.0,250000.0,14
2016-04-04,AAPL-INTC,0.0,250000.0,14
2016-04-05,AAPL-INTC,1627.1928749084473,250000.0,14
2016-04-05,AAPL-CSCO,0.0,250000.0,14
2016-04-06,AAPL-INTC,919.2420978546143,250000.0,14
2016-04-06,AAPL-CSCO,2179.508445739746,250000.0,14
2016-04-06,MRK-PFE,0.0,250000.0,14
2016-04-06,ABT-MRK,0.0,250000.0,14
2016-04-06,ABT-PFE,0.0,250000.0,14
2016-04-07,AAPL-INTC,1227.584638595581,250000.0,14
2016-04-07,AAPL-CSCO,1978.6922721862793,250000.0,14
2016-04-07,MRK-PFE,608.9337882995605,250000.0,14
2016-04-07,ABT-MRK,119.48236465454102,250000.0,14
2016-04-07,ABT-PFE,-43.91093063354492,250000.0,14
2016-04-08,AAPL-INTC,1632.0281009674072,250000.0,14
2016-04-08,AAPL-CSCO,2624.679615020752,250000.0,14
2016-04-08,MRK-PFE,2388.055835723877,250000.0,14
2016-04-08,ABT-MRK,-60.43707275390625,250000.0,14
2016-04-08,ABT-PFE,1202.1340827941895,250000.0,14
2016-04-11,AAPL-INTC,1282.6569709777832,250000.0,14
2016-04-11,AAPL-CSCO,1480.636432647705,250000.0,14
2016-04-11,MRK-PFE,6012.8303298950195,250000.0,14
2016-04-11,ABT-MRK,1538.5715255737305,250000.0,14
2016-04-11,ABT-PFE,6166.559242248535,250000.0,14
2016-04-11,AAPL-ADBE,0.0,250000.0,14
2016-04-12,AAPL-INTC,156.4993190765381,250000.0,14
2016-04-12,AAPL-CSCO,-347.7386589050293,250000.0,14
2016-04-12,MRK-PFE,6422.637157440186,250000.0,14
2016-04-12,ABT-MRK,872.3091926574707,250000.0,14
2016-04-12,ABT-PFE,6666.312488555908,250000.0,14
2016-04-12,AAPL-ADBE,-758.9505882263184,250000.0,14
2016-04-13,AAPL-INTC,-675.6691284179688,250000.0,14
2016-04-13,AAPL-CSCO,2735.863214492798,250000.0,14
2016-04-13,MRK-PFE,4031.664249420166,250000.0,14
2016-04-13,ABT-MRK,-424.7907409667969,250000.0,14
2016-04-13,ABT-PFE,4673.647602081299,250000.0,14
2016-04-13,AAPL-ADBE,-53.36321258544922,250000.0,14
2016-04-14,AAPL-INTC,-3364.081563949585,250000.0,14
2016-04-14,AAPL-CSCO,2832.216516494751,250000.0,14
2016-04-14,MRK-PFE,4786.866897583008,250000.0,14
2016-04-14,ABT-MRK,-2325.0626907348633,250000.0,14
2016-04-14,ABT-PFE,4326.820709228516,250000.0,14
2016-04-14,AAPL-ADBE,-380.81279373168945,250000.0,14
2016-04-15,AAPL-INTC,-1883.8399105072021,250000.0,14
2016-04-15,AAPL-CSCO,2843.9734497070312,250000.0,14
2016-04-15,MRK-PFE,4919.48123550415,250000.0,14
2016-04-15,ABT-MRK,-1120.4920272827148,250000.0,14
2016-04-15,ABT-PFE,5160.427768707275,250000.0,14
2016-04-18,AAPL-INTC,3957.680450439453,250000.0,14
2016-04-18,MRK-PFE,5285.196586608887,250000.0,14
2016-04-18,ABT-MRK,-1765.3422355651855,250000.0,14
2016-04-18,ABT-PFE,5973.033004760742,250000.0,14
2016-04-18,AAPL-CRM,0.0,250000.0,14
2016-04-19,AAPL-INTC,4614.944179534912,250000.0,14
2016-04-19,MRK-PFE,4295.487773895264,250000.0,14
2016-04-19,ABT-MRK,-3526.5689964294434,250000.0,14
2016-04-19,ABT-PFE,3542.24995803833,250000.0,14
2016-04-19,AAPL-CRM,2036.3951568603516,250000.0,14
2016-04-20,MRK-PFE,805.6514930725098,250000.0,14
2016-04-20,ABT-MRK,-2042.2413291931152,250000.0,14
2016-04-20,ABT-PFE,1327.324047088623,250000.0,14
2016-04-20,AAPL-CRM,2760.729274749756,250000.0,14
2016-04-20,CL-KO,0.0,250000.0,14
2016-04-21,MRK-PFE,794.6775093078613,250000.0,14
2016-04-21,ABT-PFE,976.7678413391113,250000.0,14
2016-04-21,AAPL-CRM,-3472.712070465088,250000.0,14
2016-04-21,CL-KO,716.3575210571289,250000.0,14
2016-04-22,MRK-PFE,1021.2678451538086,250000.0,14
2016-04-22,ABT-PFE,1359.2723388671875,250000.0,14
2016-04-22,AAPL-CRM,-2046.8374099731445,250000.0,14
2016-04-22,GE-RTX,0.0,250000.0,14
2016-04-25,ABT-PFE,1601.1207122802734,250000.0,14
2016-04-25,AAPL-CRM,-3678.032169342041,250000.0,14
2016-04-25,GE-RTX,238.99917602539062,250000.0,14
2016-04-25,ABT-MRK,0.0,250000.0,14
2016-04-26,ABT-PFE,2419.1107788085938,250000.0,14
2016-04-26,AAPL-CRM,-4574.064720153809,250000.0,14
2016-04-26,ABT-MRK,-414.4364547729492,250000.0,14
2016-04-26,LMT-RTX,0.0,250000.0,14
2016-04-26,GE-LMT,0.0,250000.0,14
2016-04-26,CL-PG,0.0,250000.0,14
2016-04-27,ABT-PFE,2646.1336517333984,250000.0,14
2016-04-27,ABT-MRK,934.6348762512207,250000.0,14
2016-04-27,LMT-RTX,-1091.4709510803223,250000.0,14
2016-04-27,GE-LMT,-1472.9464111328125,250000.0,14
2016-04-27,CL-PG,200.76332092285156,250000.0,14
2016-04-27,AAPL-ADBE,0.0,250000.0,14
2016-04-27,AAPL-NVDA,0.0,250000.0,14
2016-04-27,AAPL-INTC,0.0,250000.0,14
2016-04-27,AAPL-CSCO,0.0,250000.0,14
2016-04-28,LMT-RTX,-2747.2015342712402,250000.0,14
2016-04-28,GE-LMT,-602.9102478027344,250000.0,14
2016-04-28,AAPL-ADBE,-1917.016119003296,250000.0,14
2016-04-28,AAPL-NVDA,-5528.196474015713,250000.0,14
2016-04-28,AAPL-INTC,-956.6020088195801,250000.0,14
2016-04-28,AAPL-CSCO,-2395.9707469940186,250000.0,14
2016-04-29,LMT-RTX,-1570.8290061950684,250000.0,14
2016-04-29,GE-LMT,-893.3325042724609,250000.0,14
2016-04-29,AAPL-ADBE,-6036.540521621704,250000.0,14
2016-04-29,AAPL-NVDA,-5765.4875076413155,250000.0,14
2016-04-29,AAPL-INTC,3392.865131378174,250000.0,14
2016-04-29,AAPL-CSCO,-1330.799840927124,250000.0,14
2016-04-29,AMZN-LOW,0.0,250000.0,14
2016-05-02,LMT-RTX,-3701.548152923584,250000.0,14
2016-05-02,GE-LMT,-1206.5853576660156,250000.0,14
2016-05-02,AAPL-ADBE,-8052.257822036743,250000.0,14
2016-05-02,AAPL-NVDA,-9348.321570158005,250000.0,14
2016-05-02,AAPL-INTC,593.9784889221191,250000.0,14
2016-05-02,AAPL-CSCO,-561.9979801177979,250000.0,14
2016-05-02,AMZN-LOW,-4479.305335998535,250000.0,14
2016-05-03,AAPL-ADBE,-1133.1993675231934,250000.0,14
2016-05-03,AAPL-NVDA,210.86399829387665,250000.0,14
2016-05-03,AAPL-INTC,5650.58780670166,250000.0,14
2016-05-03,AAPL-CSCO,8180.499994277954,250000.0,14
2016-05-03,AMZN-LOW,-3375.863494873047,250000.0,14
2016-05-03,MRK-PFE,0.0,250000.0,14
2016-05-04,AAPL-ADBE,-1616.8385181427002,250000.0,14
2016-05-04,AAPL-NVDA,1345.391015946865,250000.0,14
2016-05-04,AAPL-INTC,5650.846218109131,250000.0,14
2016-05-04,AAPL-CSCO,9088.143327713013,250000.0,14
2016-05-04,AMZN-LOW,-2896.8304595947266,250000.0,14
2016-05-04,MRK-PFE,1294.853536605835,250000.0,14
2016-05-05,AAPL-ADBE,-3993.4741439819336,250000.0,14
2016-05-05,AAPL-NVDA,-1719.5474717020988,250000.0,14
2016-05-05,AAPL-INTC,4487.043838500977,250000.0,14
2016-05-05,AAPL-CSCO,10030.355754852295,250000.0,14
2016-05-05,AMZN-LOW,-2793.029037475586,250000.0,14
2016-05-05,MRK-PFE,-2447.918144226074,250000.0,14
2016-05-06,AAPL-ADBE,-7333.7109088897705,250000.0,14
2016-05-06,AAPL-NVDA,-6400.478367626667,250000.0,14
2016-05-06,AAPL-INTC,2326.059139251709,250000.0,14
2016-05-06,AAPL-CSCO,5779.402605056763,250000.0,14
2016-05-06,AMZN-LOW,-4463.143943786621,250000.0,14
2016-05-06,MRK-PFE,-4210.871299743652,250000.0,14
2016-05-06,MRK-TMO,0.0,250000.0,14
2016-05-09,AAPL-ADBE,-7975.480981826782,250000.0,14
2016-05-09,AAPL-NVDA,-5760.029944241047,250000.0,14
2016-05-09,AAPL-INTC,4373.367961883545,250000.0,14
2016-05-09,AAPL-CSCO,6150.22544670105,250000.0,14
2016-05-09,AMZN-LOW,-4642.033393859863,250000.0,14
2016-05-09,MRK-PFE,-4267.889574050903,250000.0,14
2016-05-09,MRK-TMO,1518.3628234863281,250000.0,14
2016-05-10,AAPL-ADBE,-11452.11946105957,250000.0,14
2016-05-10,AAPL-NVDA,-7567.968638062477,250000.0,14
2016-05-10,AAPL-INTC,2944.156379699707,250000.0,14
2016-05-10,AAPL-CSCO,3377.505941390991,250000.0,14
2016-05-10,AMZN-LOW,-5545.57852935791,250000.0,14
2016-05-10,MRK-PFE,-2120.4214248657227,250000.0,14
2016-05-10,MRK-TMO,1916.2651824951172,250000.0,14
2016-05-11,AAPL-ADBE,-12541.778970718384,250000.0,14
2016-05-11,AAPL-NVDA,-12208.017538309097,250000.0,14
2016-05-11,AAPL-INTC,1743.632152557373,250000.0,14
2016-05-11,AAPL-CSCO,3706.942527770996,250000.0,14
2016-05-11,MRK-PFE,-850.936674118042,250000.0,14
2016-05-11,MRK-TMO,1638.7528762817383,250000.0,14
2016-05-12,MRK-PFE,-1730.5370349884033,250000.0,14
2016-05-12,MRK-TMO,-870.9939880371094,250000.0,14
2016-05-13,MRK-PFE,-2557.6421337127686,250000.0,14
2016-05-13,MRK-TMO,-247.84117889404297,250000.0,14
2016-05-13,AAPL-NVDA,0.0,250000.0,14
2016-05-16,MRK-PFE,-1325.68896484375,250000.0,14
2016-05-16,MRK-TMO,-623.2593994140625,250000.0,14
2016-05-16,AAPL-NVDA,3086.8883209228516,250000.0,14
2016-05-17,MRK-PFE,156.39511489868164,250000.0,14
2016-05-17,MRK-TMO,239.9239044189453,250000.0,14
2016-05-17,AAPL-NVDA,1322.7203652858734,250000.0,14
2016-05-18,MRK-PFE,314.95497131347656,250000.0,14
2016-05-18,MRK-TMO,-308.0813980102539,250000.0,14
2016-05-18,AAPL-NVDA,-1932.052226781845,250000.0,14
2016-05-18,MA-MS,0.0,250000.0,14
2016-05-19,MRK-TMO,2143.303268432617,250000.0,14
2016-05-19,AAPL-NVDA,-4212.843199014664,250000.0,14
2016-05-19,MA-MS,4196.336145401001,250000.0,14
2016-05-19,AAPL-CRM,0.0,250000.0,14
2016-05-20,MRK-TMO,3904.8204193115234,250000.0,14
2016-05-20,AAPL-NVDA,-5793.217247009277,250000.0,14
2016-05-20,MA-MS,4040.758472442627,250000.0,14
2016-05-20,AAPL-CRM,1772.0833587646484,250000.0,14
2016-05-23,MRK-TMO,3028.211051940918,250000.0,14
2016-05-23,AAPL-NVDA,-2450.3332970142365,250000.0,14
2016-05-23,MA-MS,2825.159917831421,250000.0,14
2016-05-23,AAPL-CRM,1429.5456237792969,250000.0,14
2016-05-24,MRK-TMO,3097.0062408447266,250000.0,14
2016-05-24,AAPL-NVDA,-4445.370619535446,250000.0,14
2016-05-24,MA-MS,-110.99812316894531,250000.0,14
2016-05-24,AAPL-CRM,528.006462097168,250000.0,14
2016-05-25,AAPL-NVDA,2075.5488913059235,250000.0,14
2016-05-25,MA-MS,-3557.8411560058594,250000.0,14
2016-05-25,AAPL-CRM,624.6127014160156,250000.0,14
2016-05-25,CL-PG,0.0,250000.0,14
2016-05-26,AAPL-NVDA,1601.1535813808441,250000.0,14
2016-05-26,MA-MS,-373.3278121948242,250000.0,14
2016-05-26,AAPL-CRM,2508.1471786499023,250000.0,14
2016-05-26,CL-PG,546.9691314697266,250000.0,14
2016-05-27,AAPL-NVDA,-114.98083734512329,250000.0,14
2016-05-27,MA-MS,-18.935211181640625,250000.0,14
2016-05-27,AAPL-CRM,1121.8427963256836,250000.0,14
2016-05-27,CL-PG,41.939666748046875,250000.0,14
2016-05-31,MA-MS,-732.7141170501709,250000.0,14
2016-05-31,AAPL-CRM,559.2562789916992,250000.0,14
2016-05-31,CL-PG,987.6582946777344,250000.0,14
2016-05-31,ABT-MRK,0.0,250000.0,14
2016-04-04,ABT-DHR,0.0,250000.0,15
2016-04-04,AAPL-INTC,0.0,250000.0,15
2016-04-05,ABT-DHR,-363.98540115356445,250000.0,15
2016-04-05,AAPL-INTC,1627.1928749084473,250000.0,15
2016-04-05,LLY-UNH,0.0,250000.0,15
2016-04-06,ABT-DHR,-2147.7121086120605,250000.0,15
2016-04-06,AAPL-INTC,919.2420978546143,250000.0,15
2016-04-07,ABT-DHR,-2201.6692390441895,250000.0,15
2016-04-07,AAPL-INTC,1227.584638595581,250000.0,15
2016-04-08,ABT-DHR,-1656.7275390625,250000.0,15
2016-04-08,AAPL-INTC,1632.0281009674072,250000.0,15
2016-04-11,ABT-DHR,-3376.462677001953,250000.0,15
2016-04-11,AAPL-INTC,1282.6569709777832,250000.0,15
2016-04-12,ABT-DHR,-2355.3515625,250000.0,15
2016-04-12,AAPL-INTC,156.4993190765381,250000.0,15
2016-04-13,ABT-DHR,-2901.9587745666504,250000.0,15
2016-04-13,AAPL-INTC,-675.6691284179688,250000.0,15
2016-04-14,ABT-DHR,-3961.8126373291016,250000.0,15
2016-04-14,AAPL-INTC,-3364.081563949585,250000.0,15
2016-04-15,ABT-DHR,-3446.108108520508,250000.0,15
2016-04-15,AAPL-INTC,-1883.8399105072021,250000.0,15
2016-04-18,ABT-DHR,-4583.171741485596,250000.0,15
2016-04-18,AAPL-INTC,3957.680450439453,250000.0,15
2016-04-19,AAPL-INTC,4614.944179534912,250000.0,15
2016-04-19,AVGO-INTC,0.0,250000.0,15
2016-04-20,AVGO-INTC,-1581.4479494094849,250000.0,15
2016-04-20,CL-KO,0.0,250000.0,15
2016-04-20,LLY-UNH,0.0,250000.0,15
2016-04-20,ABT-UNH,0.0,250000.0,15
2016-04-21,AVGO-INTC,-2722.011932373047,250000.0,15
2016-04-21,CL-KO,716.3575210571289,250000.0,15
2016-04-21,LLY-UNH,1429.273536682129,250000.0,15
2016-04-21,ABT-UNH,1659.3820037841797,250000.0,15
2016-04-21,ABT-DHR,0.0,250000.0,15
2016-04-22,AVGO-INTC,-858.8335399627686,250000.0,15
2016-04-22,LLY-UNH,-1358.3499298095703,250000.0,15
2016-04-22,ABT-UNH,-189.1010284423828,250000.0,15
2016-04-22,ABT-DHR,-511.5044403076172,250000.0,15
2016-04-25,AVGO-INTC,217.50049781799316,250000.0,15
2016-04-25,LLY-UNH,-849.5929107666016,250000.0,15
2016-04-25,ABT-UNH,346.9016647338867,250000.0,15
2016-04-25,ABT-DHR,-802.4205703735352,250000.0,15
2016-04-26,AVGO-INTC,1355.0531702041626,250000.0,15
2016-04-26,LLY-UNH,485.2959976196289,250000.0,15
2016-04-26,ABT-UNH,-729.2779998779297,250000.0,15
2016-04-26,ABT-DHR,-963.4291152954102,250000.0,15
2016-04-26,LMT-RTX,0.0,250000.0,15
2016-04-27,AVGO-INTC,-849.6167573928833,250000.0,15
2016-04-27,LLY-UNH,2857.3372955322266,250000.0,15
2016-04-27,ABT-UNH,1874.2627716064453,250000.0,15
2016-04-27,LMT-RTX,-1091.4709510803223,250000.0,15
2016-04-27,AAPL-INTC,0.0,250000.0,15
2016-04-28,AVGO-INTC,1619.1289310455322,250000.0,15
2016-04-28,LLY-UNH,4285.393196105957,250000.0,15
2016-04-28,ABT-UNH,-2473.9898986816406,250000.0,15
2016-04-28,LMT-RTX,-2747.2015342712402,250000.0,15
2016-04-28,AAPL-INTC,-956.6020088195801,250000.0,15
2016-04-28,ABT-DHR,0.0,250000.0,15
2016-04-29,LLY-UNH,6234.6533279418945,250000.0,15
2016-04-29,ABT-UNH,-4291.63387298584,250000.0,15
2016-04-29,LMT-RTX,-1570.8290061950684,250000.0,15
2016-04-29,AAPL-INTC,3392.865131378174,250000.0,15
2016-04-29,ABT-DHR,-6624.327484130859,250000.0,15
2016-05-02,LLY-UNH,3848.526336669922,250000.0,15
2016-05-02,ABT-UNH,-5159.161354064941,250000.0,15
2016-05-02,LMT-RTX,-3701.548152923584,250000.0,15
2016-05-02,AAPL-INTC,593.9784889221191,250000.0,15
2016-05-02,ABT-DHR,-8468.60442352295,250000.0,15
2016-05-03,LLY-UNH,3833.3233947753906,250000.0,15
2016-05-03,AAPL-INTC,5650.58780670166,250000.0,15
2016-05-03,ABT-DHR,-8248.019142150879,250000.0,15
2016-05-04,LLY-UNH,6448.3090744018555,250000.0,15
2016-05-04,AAPL-INTC,5650.846218109131,250000.0,15
2016-05-04,ABT-DHR,-7385.030136108398,250000.0,15
2016-05-05,LLY-UNH,5400.4174728393555,250000.0,15
2016-05-05,AAPL-INTC,4487.043838500977,250000.0,15
2016-05-05,ABT-DHR,-6433.784729003906,250000.0,15
2016-05-06,AAPL-INTC,2326.059139251709,250000.0,15
2016-05-09,AAPL-INTC,4373.367961883545,250000.0,15
2016-05-10,AAPL-INTC,2944.156379699707,250000.0,15
2016-05-11,AAPL-INTC,1743.632152557373,250000.0,15
2016-05-16,META-VZ,0.0,250000.0,15
2016-05-16,AVGO-INTC,0.0,250000.0,15
2016-05-16,ADBE-INTC,0.0,250000.0,15
2016-05-17,META-VZ,-135.24550247192383,250000.0,15
2016-05-17,AVGO-INTC,2494.4935941696167,250000.0,15
2016-05-17,ADBE-INTC,1945.063735961914,250000.0,15
2016-05-17,CMCSA-VZ,0.0,250000.0,15
2016-05-18,CMCSA-VZ,2319.9958782196045,250000.0,15
2016-05-18,MS-PYPL,0.0,250000.0,15
2016-05-18,GOOGL-VZ,0.0,250000.0,15
2016-05-19,MS-PYPL,-6079.303964614868,250000.0,15
2016-05-19,GOOGL-VZ,-2353.1636276245117,250000.0,15
2016-05-20,MS-PYPL,-7471.286716461182,250000.0,15
2016-05-23,MS-PYPL,-4241.414991378784,250000.0,15
2016-05-24,MS-PYPL,-1045.9823760986328,250000.0,15
2016-05-24,MPC-PSX,0.0,250000.0,15
2016-05-25,MS-PYPL,-3511.378143310547,250000.0,15
2016-05-25,MPC-PSX,-1589.772060394287,250000.0,15
2016-05-25,ABT-DHR,0.0,250000.0,15
2016-05-26,MS-PYPL,-6536.35546875,250000.0,15
2016-05-26,MPC-PSX,-3403.4477310180664,250000.0,15
2016-05-26,ABT-DHR,-1634.825351715088,250000.0,15
2016-05-26,ABT-UNH,0.0,250000.0,15
2016-05-27,MS-PYPL,-6835.895854949951,250000.0,15
2016-05-27,MPC-PSX,-4215.214904785156,250000.0,15
2016-05-27,ABT-UNH,462.7897758483887,250000.0,15
2016-05-31,MS-PYPL,-8137.605703353882,250000.0,15
2016-05-31,MPC-PSX,-3887.7054138183594,250000.0,15
2016-05-31,ABT-UNH,-1328.3018379211426,250000.0,15
2016-06-01,MS-PYPL,-5269.417768478394,250000.0,15
2016-06-01,MPC-PSX,-2438.3416862487793,250000.0,15
2016-06-01,ABT-UNH,749.5451965332031,250000.0,15
2016-06-02,MPC-PSX,-1930.4160461425781,250000.0,15
2016-06-03,MPC-PSX,-1997.8326301574707,250000.0,15
2016-06-06,MPC-PSX,-4289.007801055908,250000.0,15
2016-06-07,MPC-PSX,-3522.8139877319336,250000.0,15
2016-06-07,GOOGL-VZ,0.0,250000.0,15
2016-06-08,GOOGL-VZ,2716.5619945526123,250000.0,15
2016-06-09,GOOGL-VZ,583.7221393585205,250000.0,15
2016-06-10,GOOGL-VZ,-4159.5147705078125,250000.0,15
2016-06-13,GOOGL-VZ,-3854.0200233459473,250000.0,15
2016-06-13,AAPL-INTC,0.0,250000.0,15
2016-06-14,AAPL-INTC,386.21044921875,250000.0,15
2016-06-21,ADBE-TXN,0.0,250000.0,15
2016-06-24,PG-WMT,0.0,250000.0,15
2016-06-27,PG-WMT,-1869.319969177246,250000.0,15
2016-06-28,PG-WMT,2236.617212295532,250000.0,15
2016-05-06,MRK-TMO,0.0,250000.0,16
2016-05-09,MRK-TMO,1518.3628234863281,250000.0,16
2016-05-09,CAT-RTX,0.0,250000.0,16
2016-05-10,MRK-TMO,1916.2651824951172,250000.0,16
2016-05-10,CAT-RTX,-807.1544494628906,250000.0,16
2016-05-11,MRK-TMO,1638.7528762817383,250000.0,16
2016-05-11,CAT-RTX,389.78993225097656,250000.0,16
2016-05-12,MRK-TMO,-870.9939880371094,250000.0,16
2016-05-12,CAT-RTX,-1101.7207145690918,250000.0,16
2016-05-13,MRK-TMO,-247.84117889404297,250000.0,16
2016-05-13,CAT-RTX,-2240.419635772705,250000.0,16
2016-05-16,MRK-TMO,-623.2593994140625,250000.0,16
2016-05-16,CAT-RTX,-4522.875144958496,250000.0,16
2016-05-16,LOW-MCD,0.0,250000.0,16
2016-05-17,MRK-TMO,239.9239044189453,250000.0,16
2016-05-17,CAT-RTX,755.8053970336914,250000.0,16
2016-05-17,LOW-MCD,-1675.9467697143555,250000.0,16
2016-05-18,MRK-TMO,-308.0813980102539,250000.0,16
2016-05-18,CAT-RTX,-127.75690078735352,250000.0,16
2016-05-18,MCD-TSLA,0.0,250000.0,16
2016-05-19,MRK-TMO,2143.303268432617,250000.0,16
2016-05-19,CAT-RTX,-1092.210277557373,250000.0,16
2016-05-19,MCD-TSLA,-9377.442016601562,250000.0,16
2016-05-19,CRM-TXN,0.0,250000.0,16
2016-05-20,MRK-TMO,3904.8204193115234,250000.0,16
2016-05-20,CAT-RTX,-1465.9610786437988,250000.0,16
2016-05-20,CRM-TXN,5793.230449676514,250000.0,16
2016-05-20,HD-MCD,0.0,250000.0,16
2016-05-23,MRK-TMO,3028.211051940918,250000.0,16
2016-05-23,CAT-RTX,373.64521408081055,250000.0,16
2016-05-23,CRM-TXN,5495.689014434814,250000.0,16
2016-05-23,HD-MCD,1076.206771850586,250000.0,16
2016-05-24,MRK-TMO,3097.0062408447266,250000.0,16
2016-05-24,HD-MCD,846.5648803710938,250000.0,16
2016-05-24,ABT-GILD,0.0,250000.0,16
2016-05-25,HD-MCD,-349.9923324584961,250000.0,16
2016-05-25,ABT-GILD,3754.249912261963,250000.0,16
2016-05-25,EOG-SLB,0.0,250000.0,16
2016-05-25,DHR-MRK,0.0,250000.0,16
2016-05-26,HD-MCD,-388.4113540649414,250000.0,16
2016-05-26,EOG-SLB,-1336.4614486694336,250000.0,16
2016-05-26,DHR-MRK,-85.03072357177734,250000.0,16
2016-05-27,HD-MCD,-1344.9531860351562,250000.0,16
2016-05-27,EOG-SLB,-1999.4778594970703,250000.0,16
2016-05-27,DHR-MRK,-1037.8014221191406,250000.0,16
2016-05-31,HD-MCD,-2276.3927612304688,250000.0,16
2016-05-31,EOG-SLB,424.2773857116699,250000.0,16
2016-05-31,DHR-MRK,-1118.1895179748535,250000.0,16
2016-06-01,HD-MCD,-2076.1002502441406,250000.0,16
2016-06-01,EOG-SLB,724.6786346435547,250000.0,16
2016-06-01,DHR-MRK,-584.0655975341797,250000.0,16
2016-06-02,HD-MCD,-2658.948097229004,250000.0,16
2016-06-02,EOG-SLB,1571.0054550170898,250000.0,16
2016-06-02,DHR-MRK,-2749.329765319824,250000.0,16
2016-06-03,HD-MCD,-1402.1197967529297,250000.0,16
2016-06-03,EOG-SLB,-443.1315231323242,250000.0,16
2016-06-03,DHR-MRK,-2624.971446990967,250000.0,16
2016-06-03,CAT-RTX,0.0,250000.0,16
2016-06-03,JNJ-TMO,0.0,250000.0,16
2016-06-06,HD-MCD,3308.9106826782227,250000.0,16
2016-06-06,DHR-MRK,-3548.372371673584,250000.0,16
2016-06-06,CAT-RTX,-1317.226921081543,250000.0,16
2016-06-06,JNJ-TMO,-2570.526885986328,250000.0,16
2016-06-06,LOW-MCD,0.0,250000.0,16
2016-06-07,HD-MCD,2137.1106567382812,250000.0,16
2016-06-07,DHR-MRK,-1991.9761505126953,250000.0,16
2016-06-07,CAT-RTX,-2119.603801727295,250000.0,16
2016-06-07,JNJ-TMO,-3265.445098876953,250000.0,16
2016-06-07,LOW-MCD,1810.7341003417969,250000.0,16
2016-06-07,EOG-XOM,0.0,250000.0,16
2016-06-08,HD-MCD,3005.3848571777344,250000.0,16
2016-06-08,DHR-MRK,-3370.7029457092285,250000.0,16
2016-06-08,CAT-RTX,-3997.981864929199,250000.0,16
2016-06-08,JNJ-TMO,-1109.2934112548828,250000.0,16
2016-06-08,LOW-MCD,408.2456588745117,250000.0,16
2016-06-08,EOG-XOM,321.44164276123047,250000.0,16
2016-06-09,HD-MCD,4786.398719787598,250000.0,16
2016-06-09,CAT-RTX,-875.4023704528809,250000.0,16
2016-06-09,JNJ-TMO,-4768.464469909668,250000.0,16
2016-06-09,LOW-MCD,-1294.0485763549805,250000.0,16
2016-06-09,EOG-XOM,1305.271556854248,250000.0,16
2016-06-10,HD-MCD,4525.15739440918,250000.0,16
2016-06-10,CAT-RTX,1302.0930786132812,250000.0,16
2016-06-10,LOW-MCD,-943.7118530273438,250000.0,16
2016-06-13,CAT-RTX,1441.287956237793,250000.0,16
2016-06-13,LOW-MCD,-3427.420234680176,250000.0,16
2016-06-13,AAPL-INTC,0.0,250000.0,16
2016-06-14,CAT-RTX,2365.261127471924,250000.0,16
2016-06-14,AAPL-INTC,386.21044921875,250000.0,16
2016-06-14,EOG-MPC,0.0,250000.0,16
2016-06-15,CAT-RTX,194.88252639770508,250000.0,16
2016-06-15,EOG-MPC,3883.1890411376953,250000.0,16
2016-06-16,CAT-RTX,1848.9934043884277,250000.0,16
2016-06-16,EOG-MPC,9146.015914916992,250000.0,16
2016-06-16,DHR-MRK,0.0,250000.0,16
2016-06-17,CAT-RTX,-425.7387924194336,250000.0,16
2016-06-17,EOG-MPC,8785.609268188477,250000.0,16
2016-06-22,MCD-TSLA,0.0,250000.0,16
2016-06-22,ABT-GILD,0.0,250000.0,16
2016-06-23,MCD-TSLA,-3411.442138671875,250000.0,16
2016-06-23,ABT-GILD,-3574.113006591797,250000.0,16
2016-06-24,MCD-TSLA,1700.1748008728027,250000.0,16
2016-06-24,ABT-GILD,-68.2485122680664,250000.0,16
2016-06-27,ABT-GILD,65.15849304199219,250000.0,16
2016-06-27,LOW-MCD,0.0,250000.0,16
2016-06-28,LOW-MCD,2502.2452125549316,250000.0,16
2016-07-05,DHR-MRK,0.0,250000.0,16
2016-07-06,DHR-MRK,4431.972038269043,250000.0,16
2016-07-07,DHR-MRK,2587.9550552368164,250000.0,16
2016-07-08,DHR-MRK,4631.958061218262,250000.0,16
2016-07-11,DHR-MRK,6600.108489990234,250000.0,16
2016-07-12,DHR-MRK,7050.227027893066,250000.0,16
2016-07-13,DHR-MRK,5029.814414978027,250000.0,16
2016-07-19,COP-SLB,0.0,250000.0,16
2016-07-20,COP-SLB,-2106.151969909668,250000.0,16
2016-07-21,COP-SLB,-2573.291805267334,250000.0,16
2016-07-25,COP-XOM,0.0,250000.0,16
2016-07-26,COP-XOM,-2711.6480026245117,250000.0,16
2016-07-26,ABT-GILD,0.0,250000.0,16
2016-07-26,CRM-TXN,0.0,250000.0,16
2016-07-27,COP-XOM,-3220.994945526123,250000.0,16
2016-07-27,ABT-GILD,1900.2974166870117,250000.0,16
2016-07-27,CRM-TXN,-113.64985275268555,250000.0,16
2016-07-28,ABT-GILD,-4052.9232444763184,250000.0,16
2016-07-28,CRM-TXN,4247.681613922119,250000.0,16
2016-07-29,ABT-GILD,-11149.468963623047,250000.0,16
2016-07-29,CRM-TXN,4634.907985687256,250000.0,16
2016-06-06,HD-MCD,0.0,250000.0,17
2016-06-07,HD-MCD,1114.8356094360352,250000.0,17
2016-06-08,HD-MCD,273.3406219482422,250000.0,17
2016-06-09,HD-MCD,-1481.0454483032227,250000.0,17
2016-06-10,HD-MCD,-1186.2151336669922,250000.0,17
2016-06-10,PFE-TMO,0.0,250000.0,17
2016-06-13,HD-MCD,-3723.176628112793,250000.0,17
2016-06-13,PFE-TMO,1322.1372566223145,250000.0,17
2016-06-13,CSCO-MSFT,0.0,250000.0,17
2016-06-14,CSCO-MSFT,-1885.088752746582,250000.0,17
2016-06-15,CSCO-MSFT,-1706.3134441375732,250000.0,17
2016-06-16,CSCO-MSFT,1161.6115169525146,250000.0,17
2016-06-17,CSCO-MSFT,-360.9927558898926,250000.0,17
2016-06-20,CSCO-MSFT,-235.87057876586914,250000.0,17
2016-06-20,ADBE-CRM,0.0,250000.0,17
2016-06-21,ADBE-NVDA,0.0,250000.0,17
2016-06-22,TJX-TSLA,0.0,250000.0,17
2016-06-22,ABT-GILD,0.0,250000.0,17
2016-06-23,TJX-TSLA,1697.9088134765625,250000.0,17
2016-06-23,ABT-GILD,-3574.113006591797,250000.0,17
2016-06-24,ABT-GILD,-68.2485122680664,250000.0,17
2016-06-27,ABT-GILD,65.15849304199219,250000.0,17
2016-06-30,GS-MA,0.0,250000.0,17
2016-07-01,GS-MA,2595.3521041870117,250000.0,17
2016-07-05,GS-MA,4926.817276000977,250000.0,17
2016-07-05,DHR-PFE,0.0,250000.0,17
2016-07-06,GS-MA,248.18395233154297,250000.0,17
2016-07-06,DHR-PFE,-707.535888671875,250000.0,17
2016-07-07,GS-MA,1517.6591033935547,250000.0,17
2016-07-07,DHR-PFE,-1720.0825309753418,250000.0,17
2016-07-08,GS-MA,37.207916259765625,250000.0,17
2016-07-08,DHR-PFE,-45.07548904418945,250000.0,17
2016-07-11,GS-MA,-1357.620704650879,250000.0,17
2016-07-11,DHR-PFE,3910.2685775756836,250000.0,17
2016-07-12,GS-MA,-2859.1253509521484,250000.0,17
2016-07-12,DHR-PFE,3289.920322418213,250000.0,17
2016-07-13,GS-MA,-2961.1437606811523,250000.0,17
2016-07-13,DHR-PFE,416.93291091918945,250000.0,17
2016-07-14,GS-MA,-4743.407791137695,250000.0,17
2016-07-14,DHR-PFE,5443.555530548096,250000.0,17
2016-07-15,DHR-PFE,4204.32954788208,250000.0,17
2016-07-18,DHR-PFE,3200.874557495117,250000.0,17
2016-07-19,DHR-PFE,3488.986618041992,250000.0,17
2016-07-20,DHR-PFE,1318.9898109436035,250000.0,17
2016-07-21,DHR-PFE,2008.7604751586914,250000.0,17
2016-07-21,LOW-NKE,0.0,250000.0,17
2016-07-22,LOW-NKE,205.9231719970703,250000.0,17
2016-07-25,LOW-NKE,2919.9309272766113,250000.0,17
2016-07-26,LOW-NKE,-268.91424560546875,250000.0,17
2016-07-26,GE-RTX,0.0,250000.0,17
2016-07-26,CAT-UPS,0.0,250000.0,17
2016-07-26,ABT-GILD,0.0,250000.0,17
2016-07-27,LOW-NKE,-3620.7726860046387,250000.0,17
2016-07-27,GE-RTX,-198.41859436035156,250000.0,17
2016-07-27,CAT-UPS,-5690.184410095215,250000.0,17
2016-07-27,ABT-GILD,1900.2974166870117,250000.0,17
2016-07-28,LOW-NKE,-1045.4902038574219,250000.0,17
2016-07-28,GE-RTX,-48.00148010253906,250000.0,17
2016-07-28,CAT-UPS,-3982.994941711426,250000.0,17
2016-07-28,ABT-GILD,-4052.9232444763184,250000.0,17
2016-07-29,LOW-NKE,-799.3254699707031,250000.0,17
2016-07-29,GE-RTX,-593.3308258056641,250000.0,17
2016-07-29,CAT-UPS,-5156.839218139648,250000.0,17
2016-07-29,ABT-GILD,-11149.468963623047,250000.0,17
2016-08-01,LOW-NKE,-1113.255458831787,250000.0,17
2016-08-01,GE-RTX,1086.6415100097656,250000.0,17
2016-08-01,CAT-UPS,-4079.8434524536133,250000.0,17
2016-08-01,ABT-GILD,-11042.947677612305,250000.0,17
2016-08-02,LOW-NKE,-4178.20059967041,250000.0,17
2016-08-02,GE-RTX,2290.7211303710938,250000.0,17
2016-08-02,CAT-UPS,-4202.873748779297,250000.0,17
2016-08-03,LOW-NKE,-4789.239414215088,250000.0,17
2016-08-03,GE-RTX,2523.0723876953125,250000.0,17
2016-08-03,CAT-UPS,-3572.2378997802734,250000.0,17
2016-08-04,LOW-NKE,-7522.223747253418,250000.0,17
2016-08-04,GE-RTX,2500.1570892333984,250000.0,17
2016-08-04,CAT-UPS,-4180.316444396973,250000.0,17
2016-08-05,GE-RTX,-314.2110595703125,250000.0,17
2016-08-05,CAT-UPS,-3277.8653411865234,250000.0,17
2016-08-05,CVX-EOG,0.0,250000.0,17
2016-08-08,GE-RTX,-464.8978271484375,250000.0,17
2016-08-08,CAT-UPS,-4284.259468078613,250000.0,17
2016-08-08,CVX-EOG,667.3844757080078,250000.0,17
2016-08-09,GE-RTX,-1634.8387603759766,250000.0,17
2016-08-09,CAT-UPS,-1756.9991912841797,250000.0,17
2016-08-09,CVX-EOG,1801.008689880371,250000.0,17
2016-08-10,CVX-EOG,950.2898483276367,250000.0,17
2016-08-10,ADBE-CRM,0.0,250000.0,17
2016-08-11,CVX-EOG,2316.347236633301,250000.0,17
2016-08-11,ADBE-CRM,-4.358306884765625,250000.0,17
2016-08-12,CVX-EOG,2027.729377746582,250000.0,17
2016-08-12,ADBE-CRM,2783.1527557373047,250000.0,17
2016-08-15,CVX-EOG,5645.605667114258,250000.0,17
2016-08-15,ADBE-CRM,-5253.597152709961,250000.0,17
2016-08-16,CVX-EOG,6003.05330657959,250000.0,17
2016-08-16,ADBE-CRM,-7028.721725463867,250000.0,17
2016-08-17,CVX-EOG,8129.347679138184,250000.0,17
2016-08-17,ADBE-CRM,-8822.781044006348,250000.0,17
2016-08-17,LOW-MCD,0.0,250000.0,17
2016-08-18,CVX-EOG,7943.162582397461,250000.0,17
2016-08-18,ADBE-CRM,-10557.390625,250000.0,17
2016-08-18,LOW-MCD,-799.44091796875,250000.0,17
2016-08-19,CVX-EOG,4160.447944641113,250000.0,17
2016-08-19,ADBE-CRM,-7492.746879577637,250000.0,17
2016-08-19,LOW-MCD,-2656.804141998291,250000.0,17
2016-08-22,CVX-EOG,4653.056846618652,250000.0,17
2016-08-22,ADBE-CRM,-7914.577690124512,250000.0,17
2016-08-22,LOW-MCD,-2798.805637359619,250000.0,17
2016-08-23,CVX-EOG,3760.1444549560547,250000.0,17
2016-08-23,ADBE-CRM,-8830.652626037598,250000.0,17
2016-08-23,LOW-MCD,-3270.4648399353027,250000.0,17
2016-08-24,CVX-EOG,6655.155464172363,250000.0,17
2016-08-24,ADBE-CRM,-9453.683944702148,250000.0,17
2016-08-24,LOW-MCD,-4605.7929611206055,250000.0,17
2016-08-25,CVX-EOG,7053.458213806152,250000.0,17
2016-08-25,LOW-MCD,-2432.1373558044434,250000.0,17
2016-08-25,ADBE-NVDA,0.0,250000.0,17
2016-08-26,CVX-EOG,5533.123077392578,250000.0,17
2016-08-26,LOW-MCD,-5638.636646270752,250000.0,17
2016-08-26,ADBE-NVDA,-2457.1990127563477,250000.0,17
2016-08-29,CVX-EOG,5067.339042663574,250000.0,17
2016-08-29,LOW-MCD,-3031.174907684326,250000.0,17
2016-08-29,ADBE-NVDA,-5531.52583694458,250000.0,17
2016-08-29,TJX-TSLA,0.0,250000.0,17
2016-08-30,CVX-EOG,6981.095901489258,250000.0,17
2016-08-30,LOW-MCD,-2414.182586669922,250000.0,17
2016-08-30,ADBE-NVDA,-3354.5188121795654,250000.0,17
2016-08-30,TJX-TSLA,-2053.1663846969604,250000.0,17
2016-08-31,CVX-EOG,7992.807228088379,250000.0,17
2016-08-31,LOW-MCD,-1768.9310836791992,250000.0,17
2016-08-31,ADBE-NVDA,-8293.799969673157,250000.0,17
2016-08-31,TJX-TSLA,-1185.6227779388428,250000.0,17
2016-07-01,INTC-TXN,0.0,250000.0,18
2016-07-05,INTC-TXN,-2930.373275756836,250000.0,18
2016-07-05,RTX-UPS,0.0,250000.0,18
2016-07-21,CAT-UNP,0.0,250000.0,18
2016-07-21,RTX-UNP,0.0,250000.0,18
2016-07-21,INTC-TXN,0.0,250000.0,18
2016-07-22,INTC-TXN,-21.55667495727539,250000.0,18
2016-07-22,HON-RTX,0.0,250000.0,18
2016-07-22,CAT-HON,0.0,250000.0,18
2016-07-25,INTC-TXN,-2662.9479789733887,250000.0,18
2016-07-25,HON-RTX,934.0743789672852,250000.0,18
2016-07-25,CAT-HON,475.3693161010742,250000.0,18
2016-07-26,CAT-HON,-2853.354652404785,250000.0,18
2016-07-26,KO-PG,0.0,250000.0,18
2016-07-26,CL-KO,0.0,250000.0,18
2016-07-27,COST-PG,0.0,250000.0,18
2016-07-28,COST-PG,905.7718811035156,250000.0,18
2016-07-29,EOG-XOM,0.0,250000.0,18
2016-08-01,EOG-XOM,-1741.6688919067383,250000.0,18
2016-08-02,EOG-XOM,-1179.2201690673828,250000.0,18
2016-08-03,EOG-XOM,-5653.678924560547,250000.0,18
2016-08-03,COP-PSX,0.0,250000.0,18
2016-08-04,EOG-XOM,-10009.463745117188,250000.0,18
2016-08-04,COP-PSX,3231.396324157715,250000.0,18
2016-08-05,COP-PSX,1660.409185409546,250000.0,18
2016-08-05,MRK-PFE,0.0,250000.0,18
2016-08-08,COP-PSX,2205.8098907470703,250000.0,18
2016-08-08,MRK-PFE,1813.8460674285889,250000.0,18
2016-08-09,MRK-PFE,4873.997989654541,250000.0,18
2016-08-10,MRK-PFE,4415.085723876953,250000.0,18
2016-08-11,MRK-PFE,-801.0269451141357,250000.0,18
2016-08-12,MRK-PFE,-485.0571765899658,250000.0,18
2016-08-15,MRK-PFE,594.3763275146484,250000.0,18
2016-08-16,MRK-PFE,-147.84389114379883,250000.0,18
2016-08-16,INTC-TXN,0.0,250000.0,18
2016-08-17,MRK-PFE,968.2839775085449,250000.0,18
2016-08-17,INTC-TXN,1528.6830139160156,250000.0,18
2016-08-18,MRK-PFE,-518.8217945098877,250000.0,18
2016-08-18,INTC-TXN,3040.759983062744,250000.0,18
2016-08-19,MRK-PFE,-539.1235408782959,250000.0,18
2016-08-19,INTC-TXN,1369.655990600586,250000.0,18
2016-08-19,MCD-NKE,0.0,250000.0,18
2016-08-22,INTC-TXN,-562.4805068969727,250000.0,18
2016-08-22,MCD-NKE,1694.1737594604492,250000.0,18
2016-08-22,HON-RTX,0.0,250000.0,18
2016-08-22,CAT-HON,0.0,250000.0,18
2016-08-23,INTC-TXN,-955.9764671325684,250000.0,18
2016-08-23,MCD-NKE,-2758.9375076293945,250000.0,18
2016-08-23,HON-RTX,-2118.0798950195312,250000.0,18
2016-08-23,CAT-HON,-711.4051895141602,250000.0,18
2016-08-24,INTC-TXN,769.1954803466797,250000.0,18
2016-08-24,MCD-NKE,-5832.739616394043,250000.0,18
2016-08-24,HON-RTX,-1648.6744689941406,250000.0,18
2016-08-24,CAT-HON,-606.3859176635742,250000.0,18
2016-08-25,INTC-TXN,965.4840087890625,250000.0,18
2016-08-25,MCD-NKE,-750.8439788818359,250000.0,18
2016-08-25,HON-RTX,-2224.0300903320312,250000.0,18
2016-08-25,CAT-HON,-783.1729431152344,250000.0,18
2016-08-25,COST-PG,0.0,250000.0,18
2016-08-26,INTC-TXN,-652.8232383728027,250000.0,18
2016-08-26,MCD-NKE,-1363.7968673706055,250000.0,18
2016-08-26,CAT-HON,-830.4892044067383,250000.0,18
2016-08-26,COST-PG,195.0315399169922,250000.0,18
2016-08-29,INTC-TXN,-2162.907238006592,250000.0,18
2016-08-29,MCD-NKE,1805.0444107055664,250000.0,18
2016-08-29,CAT-HON,-1510.3580703735352,250000.0,18
2016-08-29,COST-PG,-1814.0607147216797,250000.0,18
2016-08-29,RTX-UPS,0.0,250000.0,18
2016-08-30,MCD-NKE,5873.906715393066,250000.0,18
2016-08-30,CAT-HON,-1499.4572296142578,250000.0,18
2016-08-30,COST-PG,-1205.6078796386719,250000.0,18
2016-08-31,CAT-HON,-1100.4675750732422,250000.0,18
2016-08-31,COST-PG,-451.64207458496094,250000.0,18
2016-08-31,RTX-UPS,0.0,250000.0,18
2016-09-01,CAT-HON,-107.6817855834961,250000.0,18
2016-09-01,RTX-UPS,-75.02412414550781,250000.0,18
2016-09-02,CAT-HON,-544.823616027832,250000.0,18
2016-09-02,RTX-UPS,128.5176239013672,250000.0,18
2016-09-06,RTX-UPS,-1459.7704772949219,250000.0,18
2016-09-06,EOG-SLB,0.0,250000.0,18
2016-09-07,EOG-SLB,191.0582160949707,250000.0,18
2016-09-07,CAT-HON,0.0,250000.0,18
2016-09-08,EOG-SLB,1044.3865356445312,250000.0,18
2016-09-08,CAT-HON,-824.5889129638672,250000.0,18
2016-09-09,EOG-SLB,-748.6360893249512,250000.0,18
2016-09-09,CAT-HON,-3341.0100631713867,250000.0,18
2016-09-09,MRK-PFE,0.0,250000.0,18
2016-09-12,EOG-SLB,2713.20613861084,250000.0,18
2016-09-12,CAT-HON,-695.9547271728516,250000.0,18
2016-09-13,EOG-SLB,951.0631828308105,250000.0,18
2016-09-13,CAT-HON,-3944.173812866211,250000.0,18
2016-09-14,EOG-SLB,1491.1522178649902,250000.0,18
2016-09-14,CAT-HON,958.3591613769531,250000.0,18
2016-09-14,HON-RTX,0.0,250000.0,18
2016-09-15,EOG-SLB,-725.1080741882324,250000.0,18
2016-09-15,CAT-HON,3163.192970275879,250000.0,18
2016-09-15,HON-RTX,-856.6496467590332,250000.0,18
2016-09-16,EOG-SLB,-2245.0547485351562,250000.0,18
2016-09-16,CAT-HON,920.771484375,250000.0,18
2016-09-16,HON-RTX,-4468.64924621582,250000.0,18
2016-09-16,INTC-TXN,0.0,250000.0,18
2016-09-19,EOG-SLB,-2101.3412170410156,250000.0,18
2016-09-19,CAT-HON,1622.7393798828125,250000.0,18
2016-09-19,HON-RTX,-4402.777671813965,250000.0,18
2016-09-20,EOG-SLB,-4474.592803955078,250000.0,18
2016-09-20,CAT-HON,2439.4579162597656,250000.0,18
2016-09-20,HON-RTX,-5802.554088592529,250000.0,18
2016-09-21,HON-RTX,-4488.851577758789,250000.0,18
2016-09-22,HON-RTX,-4407.28674697876,250000.0,18
2016-09-23,HON-RTX,-3151.0560455322266,250000.0,18
2016-09-26,HON-RTX,-3852.5546913146973,250000.0,18
2016-09-27,HON-RTX,-4300.129047393799,250000.0,18
2016-09-28,HON-RTX,-6913.480609893799,250000.0,18
2016-09-29,COP-PSX,0.0,250000.0,18
2016-09-30,COP-PSX,4263.13586807251,250000.0,18
2016-08-01,PEP-PG,0.0,250000.0,19
2016-08-02,PEP-PG,-1367.832633972168,250000.0,19
2016-08-03,PEP-PG,-233.822265625,250000.0,19
2016-08-03,AXP-JPM,0.0,250000.0,19
2016-08-04,PEP-PG,178.043701171875,250000.0,19
2016-08-04,AXP-JPM,753.0690574645996,250000.0,19
2016-08-05,AXP-JPM,-710.0724601745605,250000.0,19
2016-08-08,AXP-JPM,1095.961757659912,250000.0,19
2016-08-09,AXP-JPM,519.2235260009766,250000.0,19
2016-08-10,AXP-JPM,634.7472953796387,250000.0,19
2016-08-10,ADBE-CRM,0.0,250000.0,19
2016-08-11,ADBE-CRM,-4.358306884765625,250000.0,19
2016-08-12,ADBE-CRM,2783.1527557373047,250000.0,19
2016-08-15,ADBE-CRM,-5253.597152709961,250000.0,19
2016-08-15,AVGO-CRM,0.0,250000.0,19
2016-08-16,ADBE-CRM,-7028.721725463867,250000.0,19
2016-08-16,AVGO-CRM,-1062.8843688964844,250000.0,19
2016-08-16,JNJ-UNH,0.0,250000.0,19
2016-08-17,ADBE-CRM,-8822.781044006348,250000.0,19
2016-08-17,AVGO-CRM,-6653.843658447266,250000.0,19
2016-08-17,JNJ-UNH,568.6812057495117,250000.0,19
2016-08-17,AMZN-LOW,0.0,250000.0,19
2016-08-18,ADBE-CRM,-10557.390625,250000.0,19
2016-08-18,AVGO-CRM,-5352.059661865234,250000.0,19
2016-08-18,JNJ-UNH,-1260.2374801635742,250000.0,19
2016-08-18,AMZN-LOW,-1442.7959365844727,250000.0,19
2016-08-19,ADBE-CRM,-7492.746879577637,250000.0,19
2016-08-19,AVGO-CRM,-4176.580589294434,250000.0,19
2016-08-19,JNJ-UNH,-1030.015884399414,250000.0,19
2016-08-19,AMZN-LOW,3937.6133995056152,250000.0,19
2016-08-19,NKE-SBUX,0.0,250000.0,19
2016-08-22,ADBE-CRM,-7914.577690124512,250000.0,19
2016-08-22,AVGO-CRM,-5534.888565063477,250000.0,19
2016-08-22,AMZN-LOW,1952.9938316345215,250000.0,19
2016-08-23,ADBE-CRM,-8830.652626037598,250000.0,19
2016-08-23,AVGO-CRM,-3984.1734924316406,250000.0,19
2016-08-23,AMZN-LOW,1628.0527801513672,250000.0,19
2016-08-24,ADBE-CRM,-9453.683944702148,250000.0,19
2016-08-24,AVGO-CRM,-3332.7620849609375,250000.0,19
2016-08-24,AMZN-LOW,1148.3343086242676,250000.0,19
2016-08-25,AVGO-CRM,3612.415557861328,250000.0,19
2016-08-25,AMZN-LOW,2569.5394706726074,250000.0,19
2016-08-25,COST-PG,0.0,250000.0,19
2016-08-26,AVGO-CRM,2495.288833618164,250000.0,19
2016-08-26,AMZN-LOW,-460.7915267944336,250000.0,19
2016-08-26,COST-PG,195.0315399169922,250000.0,19
2016-08-26,META-TMUS,0.0,250000.0,19
2016-08-29,AVGO-CRM,1995.7045440673828,250000.0,19
2016-08-29,AMZN-LOW,174.02568435668945,250000.0,19
2016-08-29,COST-PG,-1814.0607147216797,250000.0,19
2016-08-29,META-TMUS,525.9075927734375,250000.0,19
2016-08-30,AVGO-CRM,1962.6252899169922,250000.0,19
2016-08-30,AMZN-LOW,-1395.5898475646973,250000.0,19
2016-08-30,COST-PG,-1205.6078796386719,250000.0,19
2016-08-30,META-TMUS,-1278.0162658691406,250000.0,19
2016-08-31,AVGO-CRM,1029.3058242797852,250000.0,19
2016-08-31,AMZN-LOW,-1585.7393951416016,250000.0,19
2016-08-31,COST-PG,-451.64207458496094,250000.0,19
2016-08-31,META-TMUS,-621.7442474365234,250000.0,19
2016-09-01,META-TMUS,-1227.062759399414,250000.0,19
2016-09-02,AAPL-AVGO,0.0,250000.0,19
2016-09-06,AAPL-AVGO,-2825.757423400879,250000.0,19
2016-09-06,AMZN-LOW,0.0,250000.0,19
2016-09-06,CAT-RTX,0.0,250000.0,19
2016-09-07,AMZN-LOW,-1380.1879653930664,250000.0,19
2016-09-07,AMZN-HD,0.0,250000.0,19
2016-09-08,AMZN-HD,-2836.4836387634277,250000.0,19
2016-09-08,CL-PEP,0.0,250000.0,19
2016-09-09,CL-PEP,-2021.4890899658203,250000.0,19
2016-09-09,NKE-SBUX,0.0,250000.0,19
2016-09-12,CL-PEP,1159.4156951904297,250000.0,19
2016-09-12,NKE-SBUX,772.1742782592773,250000.0,19
2016-09-13,CL-PEP,690.7273712158203,250000.0,19
2016-09-13,NKE-SBUX,-1753.8395690917969,250000.0,19
2016-09-14,CL-PEP,-344.4668884277344,250000.0,19
2016-09-14,NKE-SBUX,-1809.9421119689941,250000.0,19
2016-09-15,CL-PEP,-335.89710998535156,250000.0,19
2016-09-15,NKE-SBUX,-1285.869197845459,250000.0,19
2016-09-16,CL-PEP,-436.08717346191406,250000.0,19
2016-09-16,NKE-SBUX,-2610.7681159973145,250000.0,19
2016-09-16,CSCO-MSFT,0.0,250000.0,19
2016-09-16,JNJ-UNH,0.0,250000.0,19
2016-09-19,CL-PEP,-415.1336212158203,250000.0,19
2016-09-19,JNJ-UNH,467.66258239746094,250000.0,19
2016-09-19,SBUX-TJX,0.0,250000.0,19
2016-09-20,CL-PEP,-712.0918731689453,250000.0,19
2016-09-20,JNJ-UNH,1317.685562133789,250000.0,19
2016-09-20,SBUX-TJX,0.6342506408691406,250000.0,19
2016-09-21,CL-PEP,-544.0135803222656,250000.0,19
2016-09-21,JNJ-UNH,-1526.921272277832,250000.0,19
2016-09-21,SBUX-TJX,-575.1011428833008,250000.0,19
2016-09-21,ADBE-AVGO,0.0,250000.0,19
2016-09-21,PEP-PG,0.0,250000.0,19
2016-09-22,CL-PEP,-7.843902587890625,250000.0,19
2016-09-22,JNJ-UNH,-2673.253044128418,250000.0,19
2016-09-22,SBUX-TJX,-162.41197204589844,250000.0,19
2016-09-22,ADBE-AVGO,-2024.4803953170776,250000.0,19
2016-09-22,PEP-PG,1837.9007568359375,250000.0,19
2016-09-23,JNJ-UNH,-2772.3584060668945,250000.0,19
2016-09-23,SBUX-TJX,1615.169792175293,250000.0,19
2016-09-23,ADBE-AVGO,-3425.3197803497314,250000.0,19
2016-09-23,PEP-PG,-585.5155563354492,250000.0,19
2016-09-26,JNJ-UNH,-3019.710006713867,250000.0,19
2016-09-26,ADBE-AVGO,-2515.621584892273,250000.0,19
2016-09-26,PEP-PG,366.86258697509766,250000.0,19
2016-09-27,JNJ-UNH,-2611.82022857666,250000.0,19
2016-09-27,ADBE-AVGO,-6261.705616950989,250000.0,19
2016-09-27,PEP-PG,785.6873016357422,250000.0,19
2016-09-27,AAPL-AVGO,0.0,250000.0,19
2016-09-28,JNJ-UNH,-1649.6731414794922,250000.0,19
2016-09-28,ADBE-AVGO,-5646.565264701843,250000.0,19
2016-09-28,AAPL-AVGO,1639.139295578003,250000.0,19
2016-09-28,CL-PEP,0.0,250000.0,19
2016-09-29,JNJ-UNH,-1321.0833435058594,250000.0,19
2016-09-29,ADBE-AVGO,3790.463885307312,250000.0,19
2016-09-29,AAPL-AVGO,-3827.726188659668,250000.0,19
2016-09-30,JNJ-UNH,-2956.458885192871,250000.0,19
2016-09-30,ADBE-AVGO,881.083459854126,250000.0,19
2016-09-30,AAPL-AVGO,-2494.176188468933,250000.0,19
2016-09-30,CSCO-MSFT,0.0,250000.0,19
2016-10-03,JNJ-UNH,873.6175155639648,250000.0,19
2016-10-03,ADBE-AVGO,-2360.8501901626587,250000.0,19
2016-10-03,AAPL-AVGO,224.64098739624023,250000.0,19
2016-10-03,CSCO-MSFT,-1201.037790298462,250000.0,19
2016-10-04,JNJ-UNH,1485.4153366088867,250000.0,19
2016-10-04,ADBE-AVGO,-3619.2545051574707,250000.0,19
2016-10-04,AAPL-AVGO,2501.12553691864,250000.0,19
2016-10-04,CSCO-MSFT,-407.9256534576416,250000.0,19
2016-10-05,JNJ-UNH,3081.0439376831055,250000.0,19
2016-10-05,ADBE-AVGO,1240.9548263549805,250000.0,19
2016-10-05,AAPL-AVGO,-3898.753960609436,250000.0,19
2016-10-05,CSCO-MSFT,-1190.6742095947266,250000.0,19
2016-10-05,CL-PEP,0.0,250000.0,19
2016-10-06,ADBE-AVGO,3258.4017152786255,250000.0,19
2016-10-06,AAPL-AVGO,-3565.280527114868,250000.0,19
2016-10-06,CSCO-MSFT,397.6180000305176,250000.0,19
2016-10-06,CL-PEP,-247.3187026977539,250000.0,19
2016-10-06,AXP-JPM,0.0,250000.0,19
2016-10-07,ADBE-AVGO,2963.655055999756,250000.0,19
2016-10-07,AAPL-AVGO,-3316.729992866516,250000.0,19
2016-10-07,CSCO-MSFT,762.9486865997314,250000.0,19
2016-10-07,CL-PEP,-348.25123596191406,250000.0,19
2016-10-07,AXP-JPM,-1599.4070091247559,250000.0,19
2016-10-10,ADBE-AVGO,1357.4142169952393,250000.0,19
2016-10-10,AAPL-AVGO,-884.955569267273,250000.0,19
2016-10-10,CSCO-MSFT,1804.4264316558838,250000.0,19
2016-10-10,AXP-JPM,-2994.6399536132812,250000.0,19
2016-10-11,ADBE-AVGO,3633.498489379883,250000.0,19
2016-10-11,AXP-JPM,-5913.785751342773,250000.0,19
2016-10-12,AXP-JPM,-5926.734958648682,250000.0,19
2016-10-12,CSCO-MSFT,0.0,250000.0,19
2016-10-13,AXP-JPM,-5603.6051902771,250000.0,19
2016-10-13,CSCO-MSFT,-1020.9980278015137,250000.0,19
2016-10-14,AXP-JPM,-5826.952308654785,250000.0,19
2016-10-14,CSCO-MSFT,-3100.3423347473145,250000.0,19
2016-10-17,AXP-JPM,-5531.882286071777,250000.0,19
2016-10-17,CSCO-MSFT,-1789.2951965332031,250000.0,19
2016-10-18,AXP-JPM,-6768.180015563965,250000.0,19
2016-10-18,CSCO-MSFT,-1317.6643753051758,250000.0,19
2016-10-18,JNJ-UNH,0.0,250000.0,19
2016-10-19,AXP-JPM,-4510.787899017334,250000.0,19
2016-10-19,CSCO-MSFT,-1729.3213920593262,250000.0,19
2016-10-19,JNJ-UNH,-2795.0907440185547,250000.0,19
2016-10-20,CSCO-MSFT,-2574.3341789245605,250000.0,19
2016-10-20,JNJ-UNH,-3643.872756958008,250000.0,19
2016-10-21,JNJ-UNH,-6062.531433105469,250000.0,19
2016-10-24,JNJ-UNH,-4651.958450317383,250000.0,19
2016-10-24,META-TMUS,0.0,250000.0,19
2016-10-25,JNJ-UNH,-2602.127426147461,250000.0,19
2016-10-25,META-TMUS,6481.77294921875,250000.0,19
2016-10-26,JNJ-UNH,894.7099456787109,250000.0,19
2016-10-26,META-TMUS,5350.659255981445,250000.0,19
2016-10-27,JNJ-UNH,2911.410919189453,250000.0,19
2016-10-27,META-TMUS,3601.537628173828,250000.0,19
2016-10-28,JNJ-UNH,5191.948791503906,250000.0,19
2016-10-28,META-TMUS,6407.073379516602,250000.0,19
2016-10-31,JNJ-UNH,4359.007415771484,250000.0,19
2016-10-31,META-TMUS,4162.716339111328,250000.0,19
2016-09-01,HD-TSLA,0.0,250000.0,20
2016-09-02,HD-TSLA,-5273.166967391968,250000.0,20
2016-09-02,AVGO-NVDA,0.0,250000.0,20
2016-09-06,HD-TSLA,2784.0048904418945,250000.0,20
2016-09-06,AVGO-NVDA,-9038.902033567429,250000.0,20
2016-09-07,HD-TSLA,3596.3926124572754,250000.0,20
2016-09-07,JPM-V,0.0,250000.0,20
2016-09-08,HD-TSLA,757.33909034729,250000.0,20
2016-09-08,JPM-V,1029.1923828125,250000.0,20
2016-09-09,HD-TSLA,3088.7903633117676,250000.0,20
2016-09-09,DHR-TMO,0.0,250000.0,20
2016-09-09,KO-MO,0.0,250000.0,20
2016-09-09,GOOGL-TMUS,0.0,250000.0,20
2016-09-12,HD-TSLA,6425.93274307251,250000.0,20
2016-09-12,DHR-TMO,4449.976409912109,250000.0,20
2016-09-12,KO-MO,2095.1787452697754,250000.0,20
2016-09-12,GOOGL-TMUS,4129.602649688721,250000.0,20
2016-09-13,HD-TSLA,8459.327188491821,250000.0,20
2016-09-13,DHR-TMO,2854.0042572021484,250000.0,20
2016-09-13,KO-MO,1463.5644302368164,250000.0,20
2016-09-13,GOOGL-TMUS,3848.39701461792,250000.0,20
2016-09-14,HD-TSLA,7997.9465618133545,250000.0,20
2016-09-14,KO-MO,179.2052459716797,250000.0,20
2016-09-15,KO-MO,73.33139038085938,250000.0,20
2016-09-16,KO-MO,-1166.023551940918,250000.0,20
2016-09-16,ORCL-TXN,0.0,250000.0,20
2016-09-19,KO-MO,-1384.0656051635742,250000.0,20
2016-09-19,ORCL-TXN,3823.8952407836914,250000.0,20
2016-09-20,KO-MO,-988.5576934814453,250000.0,20
2016-09-20,ORCL-TXN,2813.086006164551,250000.0,20
2016-09-21,KO-MO,643.003978729248,250000.0,20
2016-09-21,ORCL-TXN,7791.552673339844,250000.0,20
2016-09-22,KO-MO,2034.8352241516113,250000.0,20
2016-09-22,ORCL-TXN,7070.695419311523,250000.0,20
2016-09-23,KO-MO,1589.541519165039,250000.0,20
2016-09-23,ORCL-TXN,5842.28470993042,250000.0,20
2016-09-26,ORCL-TXN,4975.35192489624,250000.0,20
2016-09-27,ORCL-TXN,5157.995029449463,250000.0,20
2016-09-27,AXP-V,0.0,250000.0,20
2016-09-28,ORCL-TXN,6132.983997344971,250000.0,20
2016-09-29,ORCL-TXN,1155.6530113220215,250000.0,20
2016-09-30,ORCL-TXN,2238.717987060547,250000.0,20
2016-10-04,KO-MO,0.0,250000.0,20
2016-10-05,KO-MO,-2127.166208267212,250000.0,20
2016-10-06,KO-MO,601.829719543457,250000.0,20
2016-10-06,GOOGL-TMUS,0.0,250000.0,20
2016-10-06,AXP-V,0.0,250000.0,20
2016-10-07,KO-MO,1075.7371292114258,250000.0,20
2016-10-07,GOOGL-TMUS,-719.8393592834473,250000.0,20
2016-10-07,AXP-V,878.2464027404785,250000.0,20
2016-10-10,KO-MO,387.8160171508789,250000.0,20
2016-10-10,GOOGL-TMUS,1026.742504119873,250000.0,20
2016-10-10,AXP-V,595.0316276550293,250000.0,20
2016-10-10,ORCL-TXN,0.0,250000.0,20
2016-10-11,GOOGL-TMUS,-884.6397514343262,250000.0,20
2016-10-11,AXP-V,591.7283592224121,250000.0,20
2016-10-11,ORCL-TXN,-754.9640579223633,250000.0,20
2016-10-11,DHR-TMO,0.0,250000.0,20
2016-10-12,GOOGL-TMUS,918.048282623291,250000.0,20
2016-10-12,AXP-V,-567.8238983154297,250000.0,20
2016-10-12,ORCL-TXN,-2052.167060852051,250000.0,20
2016-10-12,DHR-TMO,-1884.4747467041016,250000.0,20
2016-10-13,GOOGL-TMUS,2572.3887634277344,250000.0,20
2016-10-13,AXP-V,-301.2332572937012,250000.0,20
2016-10-13,DHR-TMO,-4599.641510009766,250000.0,20
2016-10-14,AXP-V,-2850.870532989502,250000.0,20
2016-10-17,AXP-V,-2730.422016143799,250000.0,20
2016-10-17,AMZN-MCD,0.0,250000.0,20
2016-10-18,AXP-V,-460.22511291503906,250000.0,20
2016-10-18,AMZN-MCD,-2061.3576049804688,250000.0,20
2016-10-19,AXP-V,-501.52864837646484,250000.0,20
2016-10-19,AMZN-MCD,-2034.7679748535156,250000.0,20
2016-10-20,AMZN-MCD,-4382.179992675781,250000.0,20
2016-10-21,DIS-VZ,0.0,250000.0,20
2016-10-24,DIS-VZ,-827.1949272155762,250000.0,20
2016-10-24,GOOGL-TMUS,0.0,250000.0,20
2016-10-25,DIS-VZ,-1143.0734977722168,250000.0,20
2016-10-25,GOOGL-TMUS,6364.0468826293945,250000.0,20
2016-10-25,DHR-TMO,0.0,250000.0,20
2016-10-25,HD-TSLA,0.0,250000.0,20
2016-10-26,DIS-VZ,-4145.394462585449,250000.0,20
2016-10-26,GOOGL-TMUS,5596.1142654418945,250000.0,20
2016-10-26,DHR-TMO,448.4072265625,250000.0,20
2016-10-26,HD-TSLA,-1688.5693531036377,250000.0,20
2016-10-26,BA-CAT,0.0,250000.0,20
2016-10-26,BA-GE,0.0,250000.0,20
2016-10-27,DIS-VZ,-796.2879257202148,250000.0,20
2016-10-27,GOOGL-TMUS,4670.957748413086,250000.0,20
2016-10-27,DHR-TMO,2252.1056213378906,250000.0,20
2016-10-27,HD-TSLA,-5170.026922225952,250000.0,20
2016-10-27,BA-CAT,3268.5126037597656,250000.0,20
2016-10-28,DIS-VZ,-2068.135753631592,250000.0,20
2016-10-28,GOOGL-TMUS,5833.937118530273,250000.0,20
2016-10-28,DHR-TMO,-1097.5548400878906,250000.0,20
2016-10-28,HD-TSLA,3618.682936668396,250000.0,20
2016-10-28,BA-CAT,6741.144989013672,250000.0,20
2016-10-28,DHR-MRK,0.0,250000.0,20
2016-10-28,MRK-PFE,0.0,250000.0,20
2016-10-28,BA-GE,0.0,250000.0,20
2016-10-31,DIS-VZ,360.35375595092773,250000.0,20
2016-10-31,GOOGL-TMUS,2096.7429428100586,250000.0,20
2016-10-31,DHR-TMO,-1516.9499206542969,250000.0,20
2016-10-31,HD-TSLA,1870.0888805389404,250000.0,20
2016-10-31,BA-CAT,7208.785629272461,250000.0,20
2016-10-31,DHR-MRK,-684.1087989807129,250000.0,20
2016-10-31,MRK-PFE,-1908.974380493164,250000.0,20
2016-11-01,DIS-VZ,-1145.908290863037,250000.0,20
2016-11-01,GOOGL-TMUS,3384.5074310302734,250000.0,20
2016-11-01,DHR-TMO,-2735.3189392089844,250000.0,20
2016-11-01,HD-TSLA,4346.490406036377,250000.0,20
2016-11-01,BA-CAT,3642.582778930664,250000.0,20
2016-11-01,DHR-MRK,2516.141269683838,250000.0,20
2016-11-02,DIS-VZ,-3638.9262313842773,250000.0,20
2016-11-02,GOOGL-TMUS,598.8308029174805,250000.0,20
2016-11-02,DHR-TMO,-3013.9309692382812,250000.0,20
2016-11-02,BA-CAT,5195.293304443359,250000.0,20
2016-11-02,DHR-MRK,702.2469940185547,250000.0,20
2016-11-02,MPC-PSX,0.0,250000.0,20
2016-11-03,DIS-VZ,-7776.590950012207,250000.0,20
2016-11-03,GOOGL-TMUS,-2274.911293029785,250000.0,20
2016-11-03,DHR-TMO,-2476.879913330078,250000.0,20
2016-11-03,BA-CAT,7830.059356689453,250000.0,20
2016-11-03,DHR-MRK,-942.7683715820312,250000.0,20
2016-11-04,DIS-VZ,-4309.044437408447,250000.0,20
2016-11-04,GOOGL-TMUS,-1657.0407028198242,250000.0,20
2016-11-04,DHR-TMO,-1777.6118774414062,250000.0,20
2016-11-04,BA-CAT,12340.362823486328,250000.0,20
2016-11-04,DHR-MRK,520.4266052246094,250000.0,20
2016-11-07,GOOGL-TMUS,-2463.744186401367,250000.0,20
2016-11-07,BA-CAT,6295.633499145508,250000.0,20
2016-11-07,DHR-MRK,5135.996730804443,250000.0,20
2016-11-08,BA-CAT,8284.10513305664,250000.0,20
2016-11-09,BA-CAT,19043.747482299805,250000.0,20
2016-11-09,GOOGL-TMUS,0.0,250000.0,20
2016-11-10,BA-CAT,17979.44985961914,250000.0,20
2016-11-10,GOOGL-TMUS,-1678.0438232421875,250000.0,20
2016-11-10,JPM-V,0.0,250000.0,20
2016-11-10,HD-TSLA,0.0,250000.0,20
2016-11-11,BA-CAT,14198.000381469727,250000.0,20
2016-11-11,GOOGL-TMUS,-5263.410720825195,250000.0,20
2016-11-11,JPM-V,-51.97629165649414,250000.0,20
2016-11-11,HD-TSLA,2119.648265838623,250000.0,20
2016-11-11,DIS-VZ,0.0,250000.0,20
2016-11-11,AVGO-NVDA,0.0,250000.0,20
2016-11-14,BA-CAT,13263.164199829102,250000.0,20
2016-11-14,HD-TSLA,-1595.2455167770386,250000.0,20
2016-11-14,DIS-VZ,-3500.1278800964355,250000.0,20
2016-11-14,AVGO-NVDA,552.7360696792603,250000.0,20
2016-11-15,BA-CAT,19669.132110595703,250000.0,20
2016-11-15,HD-TSLA,10345.582818984985,250000.0,20
2016-11-15,DIS-VZ,3576.8159008026123,250000.0,20
2016-11-15,AVGO-NVDA,1651.5280013084412,250000.0,20
2016-11-16,HD-TSLA,8055.231446266174,250000.0,20
2016-11-16,DIS-VZ,2023.453411102295,250000.0,20
2016-11-16,AVGO-NVDA,-9494.51467370987,250000.0,20
2016-11-17,HD-TSLA,4733.823232650757,250000.0,20
2016-11-17,DIS-VZ,740.2603759765625,250000.0,20
2016-11-17,AVGO-NVDA,-14123.853890419006,250000.0,20
2016-11-18,HD-TSLA,1441.2489128112793,250000.0,20
2016-11-18,DIS-VZ,5593.994596481323,250000.0,20
2016-11-18,AVGO-NVDA,-13379.783972263336,250000.0,20
2016-11-21,HD-TSLA,1063.2519044876099,250000.0,20
2016-11-21,AVGO-NVDA,1515.8351964950562,250000.0,20
2016-11-22,HD-TSLA,2594.9512481689453,250000.0,20
2016-11-22,AVGO-NVDA,13490.068089008331,250000.0,20
2016-11-23,HD-TSLA,4632.069388389587,250000.0,20
2016-11-23,AVGO-NVDA,12368.449038028717,250000.0,20
2016-11-25,HD-TSLA,8396.003388404846,250000.0,20
2016-11-25,AVGO-NVDA,10795.954909324646,250000.0,20
2016-11-28,HD-TSLA,10187.261590957642,250000.0,20
2016-11-28,AVGO-NVDA,4374.29944562912,250000.0,20
2016-11-29,HD-TSLA,2247.1111993789673,250000.0,20
2016-11-29,AVGO-NVDA,9322.617058753967,250000.0,20
2016-11-30,HD-TSLA,2613.8539237976074,250000.0,20
2016-10-04,KO-MO,0.0,250000.0,21
2016-10-05,KO-MO,-2127.166208267212,250000.0,21
2016-10-05,MDLZ-PEP,0.0,250000.0,21
2016-10-06,KO-MO,601.829719543457,250000.0,21
2016-10-06,MDLZ-PEP,927.5458717346191,250000.0,21
2016-10-06,MDLZ-WMT,0.0,250000.0,21
2016-10-07,KO-MO,1075.7371292114258,250000.0,21
2016-10-07,MDLZ-PEP,89.48135375976562,250000.0,21
2016-10-10,KO-MO,387.8160171508789,250000.0,21
2016-10-10,MDLZ-PEP,491.0606918334961,250000.0,21
2016-10-11,MDLZ-PEP,-756.0856132507324,250000.0,21
2016-10-11,MSFT-ORCL,0.0,250000.0,21
2016-10-12,MDLZ-PEP,414.23418045043945,250000.0,21
2016-10-12,MSFT-ORCL,319.75305557250977,250000.0,21
2016-10-13,MDLZ-PEP,253.93683242797852,250000.0,21
2016-10-13,MSFT-ORCL,322.5839080810547,250000.0,21
2016-10-14,MDLZ-PEP,2327.1930084228516,250000.0,21
2016-10-17,MDLZ-PEP,2398.463333129883,250000.0,21
2016-10-18,MDLZ-PEP,2581.9976119995117,250000.0,21
2016-10-18,NFLX-T,0.0,250000.0,21
2016-10-18,MRK-UNH,0.0,250000.0,21
2016-10-18,AMGN-JNJ,0.0,250000.0,21
2016-10-19,MDLZ-PEP,951.1293411254883,250000.0,21
2016-10-19,NFLX-T,-2108.0967864990234,250000.0,21
2016-10-19,MRK-UNH,-1653.2345733642578,250000.0,21
2016-10-19,AMGN-JNJ,-1324.3362045288086,250000.0,21
2016-10-20,MDLZ-PEP,47.66909408569336,250000.0,21
2016-10-20,NFLX-T,1576.4998931884766,250000.0,21
2016-10-20,MRK-UNH,-2885.6729888916016,250000.0,21
2016-10-20,AMGN-JNJ,-828.16064453125,250000.0,21
2016-10-21,MRK-UNH,-3229.269073486328,250000.0,21
2016-10-21,AMGN-JNJ,-3140.2111740112305,250000.0,21
2016-10-24,MRK-UNH,-1932.0379791259766,250000.0,21
2016-10-24,AMGN-JNJ,-2837.6465759277344,250000.0,21
2016-10-25,MRK-UNH,-644.9560699462891,250000.0,21
2016-10-25,AMGN-JNJ,-1853.5645217895508,250000.0,21
2016-10-26,MRK-UNH,2325.303421020508,250000.0,21
2016-10-26,AMGN-JNJ,-840.238655090332,250000.0,21
2016-10-26,LOW-TJX,0.0,250000.0,21
2016-10-27,MRK-UNH,2726.1043395996094,250000.0,21
2016-10-27,AMGN-JNJ,1214.0336151123047,250000.0,21
2016-10-27,LOW-TJX,2669.1692237854004,250000.0,21
2016-10-27,COP-CVX,0.0,250000.0,21
2016-10-28,MRK-UNH,6107.104461669922,250000.0,21
2016-10-28,LOW-TJX,1408.7086906433105,250000.0,21
2016-10-28,MRK-PFE,0.0,250000.0,21
2016-10-31,MRK-UNH,4429.084136962891,250000.0,21
2016-10-31,LOW-TJX,-228.05986404418945,250000.0,21
2016-10-31,MRK-PFE,-1908.974380493164,250000.0,21
2016-11-01,MRK-UNH,7595.9847412109375,250000.0,21
2016-11-01,LOW-TJX,2142.3140392303467,250000.0,21
2016-11-02,LOW-TJX,3007.74249458313,250000.0,21
2016-11-03,CRM-INTC,0.0,250000.0,21
2016-11-03,DIS-META,0.0,250000.0,21
2016-11-04,CRM-INTC,-1906.2208347320557,250000.0,21
2016-11-04,DIS-META,-1323.425064086914,250000.0,21
2016-11-07,DIS-META,7802.305557250977,250000.0,21
2016-11-07,NFLX-T,0.0,250000.0,21
2016-11-07,GILD-TMO,0.0,250000.0,21
2016-11-08,NFLX-T,-1035.5936584472656,250000.0,21
2016-11-08,GILD-TMO,-1209.5547676086426,250000.0,21
2016-11-08,MDLZ-PEP,0.0,250000.0,21
2016-11-09,NFLX-T,-2418.1785440444946,250000.0,21
2016-11-09,GILD-TMO,2404.1322898864746,250000.0,21
2016-11-09,GILD-LLY,0.0,250000.0,21
2016-11-10,GILD-TMO,-1776.226936340332,250000.0,21
2016-11-10,GILD-LLY,-2022.0942192077637,250000.0,21
2016-11-10,MDLZ-PEP,0.0,250000.0,21
2016-11-11,GILD-TMO,2437.2309074401855,250000.0,21
2016-11-11,GILD-LLY,-1101.8598403930664,250000.0,21
2016-11-11,MDLZ-PEP,749.2900390625,250000.0,21
2016-11-14,GILD-LLY,1270.2917404174805,250000.0,21
2016-11-14,MDLZ-PEP,-3889.9761505126953,250000.0,21
2016-11-15,GILD-LLY,-39.01619338989258,250000.0,21
2016-11-15,MDLZ-PEP,-3940.4653930664062,250000.0,21
2016-11-16,GILD-LLY,877.3865776062012,250000.0,21
2016-11-16,LOW-TJX,0.0,250000.0,21
2016-11-16,COP-CVX,0.0,250000.0,21
2016-11-17,GILD-LLY,-1957.8487701416016,250000.0,21
2016-11-17,LOW-TJX,-533.8237991333008,250000.0,21
2016-11-17,COP-CVX,-1619.3303985595703,250000.0,21
2016-11-18,GILD-LLY,548.578685760498,250000.0,21
2016-11-18,LOW-TJX,21.192577362060547,250000.0,21
2016-11-18,COP-CVX,-900.2462997436523,250000.0,21
2016-11-21,GILD-LLY,956.7572708129883,250000.0,21
2016-11-21,LOW-TJX,409.95772552490234,250000.0,21
2016-11-21,COP-CVX,1306.036277770996,250000.0,21
2016-11-22,GILD-LLY,2592.475959777832,250000.0,21
2016-11-22,LOW-TJX,-762.2694206237793,250000.0,21
2016-11-22,COP-CVX,-518.9687347412109,250000.0,21
2016-11-23,LOW-TJX,-808.6765251159668,250000.0,21
2016-11-23,COP-CVX,-753.4571304321289,250000.0,21
2016-11-25,LOW-TJX,659.8425407409668,250000.0,21
2016-11-25,COP-CVX,-2289.2021255493164,250000.0,21
2016-11-28,LOW-TJX,647.2073707580566,250000.0,21
2016-11-28,COP-CVX,-1833.557960510254,250000.0,21
2016-11-29,LOW-TJX,-819.1982612609863,250000.0,21
2016-11-29,COP-CVX,-2703.05411529541,250000.0,21
2016-11-30,LOW-TJX,411.01171112060547,250000.0,21
2016-12-01,LOW-TJX,3469.370071411133,250000.0,21
2016-12-01,CRM-INTC,0.0,250000.0,21
2016-12-02,CRM-INTC,2877.757225036621,250000.0,21
2016-12-05,CRM-INTC,8602.878273010254,250000.0,21
2016-12-05,MDLZ-PG,0.0,250000.0,21
2016-12-06,CRM-INTC,10743.557403564453,250000.0,21
2016-12-06,MDLZ-PG,-708.5836067199707,250000.0,21
2016-12-07,NFLX-T,0.0,250000.0,21
2016-12-08,NFLX-T,1752.2370834350586,250000.0,21
2016-12-09,NFLX-T,2189.6361541748047,250000.0,21
2016-12-12,NFLX-T,-2348.836036682129,250000.0,21
2016-12-12,AMGN-JNJ,0.0,250000.0,21
2016-12-13,NFLX-T,-4497.062652587891,250000.0,21
2016-12-13,AMGN-JNJ,-130.259765625,250000.0,21
2016-12-14,NFLX-T,-2652.1443634033203,250000.0,21
2016-12-14,AMGN-JNJ,1944.4048156738281,250000.0,21
2016-12-15,NFLX-T,-6216.402542114258,250000.0,21
2016-12-15,AMGN-JNJ,657.5710601806641,250000.0,21
2016-12-16,NFLX-T,-6720.955955505371,250000.0,21
2016-12-16,AMGN-JNJ,281.4254455566406,250000.0,21
2016-12-16,GILD-LLY,0.0,250000.0,21
2016-12-19,NFLX-T,-10363.117141723633,250000.0,21
2016-12-19,AMGN-JNJ,-657.6475067138672,250000.0,21
2016-12-19,GILD-LLY,664.6741409301758,250000.0,21
2016-12-19,KO-MO,0.0,250000.0,21
2016-12-20,AMGN-JNJ,-80.61447143554688,250000.0,21
2016-12-20,GILD-LLY,-411.85229110717773,250000.0,21
2016-12-20,KO-MO,-751.1418380737305,250000.0,21
2016-12-21,AMGN-JNJ,268.25897216796875,250000.0,21
2016-12-21,GILD-LLY,-280.7529487609863,250000.0,21
2016-12-21,KO-MO,-886.7644348144531,250000.0,21
2016-12-22,AMGN-JNJ,60.65031433105469,250000.0,21
2016-12-22,GILD-LLY,-2601.9046783447266,250000.0,21
2016-12-22,KO-MO,-2501.030179977417,250000.0,21
2016-12-23,AMGN-JNJ,-601.8063507080078,250000.0,21
2016-12-23,GILD-LLY,-3230.4816246032715,250000.0,21
2016-12-23,KO-MO,-2429.8327560424805,250000.0,21
2016-12-27,GILD-LLY,-2986.9142417907715,250000.0,21
2016-12-27,KO-MO,-2758.2572956085205,250000.0,21
2016-12-28,GILD-LLY,-3756.7982063293457,250000.0,21
2016-12-28,KO-MO,-2572.4154720306396,250000.0,21
2016-12-28,LOW-TJX,0.0,250000.0,21
2016-12-29,GILD-LLY,-7679.314628601074,250000.0,21
2016-12-29,KO-MO,-2913.7126693725586,250000.0,21
2016-12-30,GILD-LLY,-9447.277557373047,250000.0,21
2016-12-30,KO-MO,-2673.831371307373,250000.0,21
2016-11-01,GILD-PFE,0.0,250000.0,22
2016-11-02,GILD-PFE,-158.94661331176758,250000.0,22
2016-11-02,META-VZ,0.0,250000.0,22
2016-11-02,GOOGL-VZ,0.0,250000.0,22
2016-11-03,GILD-PFE,-4487.496124267578,250000.0,22
2016-11-03,GOOGL-VZ,-1586.20166015625,250000.0,22
2016-11-03,META-T,0.0,250000.0,22
2016-11-04,GILD-PFE,-5054.550579071045,250000.0,22
2016-11-04,GOOGL-VZ,-680.2264137268066,250000.0,22
2016-11-04,META-T,265.83799266815186,250000.0,22
2016-11-07,META-T,4534.030656814575,250000.0,22
2016-11-07,AVGO-ORCL,0.0,250000.0,22
2016-11-07,AAPL-ORCL,0.0,250000.0,22
2016-11-08,AVGO-ORCL,-268.78211975097656,250000.0,22
2016-11-08,AAPL-ORCL,-750.2561531066895,250000.0,22
2016-11-09,AVGO-ORCL,-1785.929277420044,250000.0,22
2016-11-09,AAPL-ORCL,-3299.232822418213,250000.0,22
2016-11-09,ABT-LLY,0.0,250000.0,22
2016-11-09,ABT-MRK,0.0,250000.0,22
2016-11-10,AVGO-ORCL,-188.76326179504395,250000.0,22
2016-11-10,AAPL-ORCL,-1140.1446342468262,250000.0,22
2016-11-10,ABT-LLY,384.26304626464844,250000.0,22
2016-11-10,GILD-PFE,0.0,250000.0,22
2016-11-11,AVGO-ORCL,773.2342948913574,250000.0,22
2016-11-11,AAPL-ORCL,-795.6895523071289,250000.0,22
2016-11-11,ABT-LLY,915.2566070556641,250000.0,22
2016-11-11,GILD-PFE,3021.6571769714355,250000.0,22
2016-11-11,AVGO-NVDA,0.0,250000.0,22
2016-11-14,AVGO-ORCL,2960.0993156433105,250000.0,22
2016-11-14,AAPL-ORCL,2233.142780303955,250000.0,22
2016-11-14,ABT-LLY,-237.25140380859375,250000.0,22
2016-11-14,GILD-PFE,5448.133506774902,250000.0,22
2016-11-14,AVGO-NVDA,552.7360696792603,250000.0,22
2016-11-14,DHR-UNH,0.0,250000.0,22
2016-11-15,AVGO-ORCL,2919.745409011841,250000.0,22
2016-11-15,AAPL-ORCL,1999.2821922302246,250000.0,22
2016-11-15,ABT-LLY,901.727912902832,250000.0,22
2016-11-15,GILD-PFE,5526.702621459961,250000.0,22
2016-11-15,AVGO-NVDA,1651.5280013084412,250000.0,22
2016-11-15,DHR-UNH,813.7218017578125,250000.0,22
2016-11-16,AVGO-ORCL,-920.156530380249,250000.0,22
2016-11-16,AAPL-ORCL,-3581.2905921936035,250000.0,22
2016-11-16,ABT-LLY,2603.716655731201,250000.0,22
2016-11-16,GILD-PFE,6630.944664001465,250000.0,22
2016-11-16,AVGO-NVDA,-9494.51467370987,250000.0,22
2016-11-16,DHR-UNH,2812.5430755615234,250000.0,22
2016-11-16,COP-CVX,0.0,250000.0,22
2016-11-17,AVGO-ORCL,-4179.460245132446,250000.0,22
2016-11-17,ABT-LLY,1648.3776168823242,250000.0,22
2016-11-17,AVGO-NVDA,-14123.853890419006,250000.0,22
2016-11-17,DHR-UNH,3679.391891479492,250000.0,22
2016-11-17,COP-CVX,-1619.3303985595703,250000.0,22
2016-11-18,AVGO-ORCL,-2051.086980819702,250000.0,22
2016-11-18,ABT-LLY,3091.3239822387695,250000.0,22
2016-11-18,AVGO-NVDA,-13379.783972263336,250000.0,22
2016-11-18,DHR-UNH,4493.400131225586,250000.0,22
2016-11-18,COP-CVX,-900.2462997436523,250000.0,22
2016-11-21,AVGO-ORCL,-3685.971908569336,250000.0,22
2016-11-21,ABT-LLY,2912.019313812256,250000.0,22
2016-11-21,AVGO-NVDA,1515.8351964950562,250000.0,22
2016-11-21,DHR-UNH,3235.069534301758,250000.0,22
2016-11-21,COP-CVX,1306.036277770996,250000.0,22
2016-11-22,ABT-LLY,-721.3562068939209,250000.0,22
2016-11-22,AVGO-NVDA,13490.068089008331,250000.0,22
2016-11-22,DHR-UNH,-905.9136657714844,250000.0,22
2016-11-22,COP-CVX,-518.9687347412109,250000.0,22
2016-11-23,AVGO-NVDA,12368.449038028717,250000.0,22
2016-11-23,DHR-UNH,-1985.5150299072266,250000.0,22
2016-11-23,COP-CVX,-753.4571304321289,250000.0,22
2016-11-25,AVGO-NVDA,10795.954909324646,250000.0,22
2016-11-25,DHR-UNH,-234.97784423828125,250000.0,22
2016-11-25,COP-CVX,-2289.2021255493164,250000.0,22
2016-11-28,AVGO-NVDA,4374.29944562912,250000.0,22
2016-11-28,DHR-UNH,182.34893798828125,250000.0,22
2016-11-28,COP-CVX,-1833.557960510254,250000.0,22
2016-11-29,AVGO-NVDA,9322.617058753967,250000.0,22
2016-12-01,AAPL-ORCL,0.0,250000.0,22
2016-12-01,AAPL-ADBE,0.0,250000.0,22
2016-12-02,AAPL-ORCL,-787.8592338562012,250000.0,22
2016-12-02,AAPL-ADBE,-150.55413436889648,250000.0,22
2016-12-02,HD-LOW,0.0,250000.0,22
2016-12-05,AAPL-ORCL,1276.9240741729736,250000.0,22
2016-12-05,HD-LOW,-1802.6237106323242,250000.0,22
2016-12-06,AAPL-ORCL,5539.600250244141,250000.0,22
2016-12-15,ABT-LLY,0.0,250000.0,22
2016-12-16,AAPL-ADBE,0.0,250000.0,22
2016-12-16,DHR-UNH,0.0,250000.0,22
2016-12-21,EOG-SLB,0.0,250000.0,22
2016-12-22,EOG-SLB,129.84329986572266,250000.0,22
2016-12-23,EOG-SLB,1197.035758972168,250000.0,22
2016-12-30,AAPL-ORCL,0.0,250000.0,22
2017-01-03,CMCSA-T,0.0,250000.0,22
2017-01-04,EOG-XOM,0.0,250000.0,22
2017-01-04,ABT-LLY,0.0,250000.0,22
2017-01-05,ABT-LLY,141.3274154663086,250000.0,22
2017-01-05,AAPL-ADBE,0.0,250000.0,22
2017-01-06,AAPL-ADBE,-4441.852502822876,250000.0,22
2017-01-06,CMCSA-T,0.0,250000.0,22
2017-01-09,AAPL-ADBE,-4083.30997467041,250000.0,22
2017-01-09,CMCSA-T,-4771.213068008423,250000.0,22
2017-01-09,AAPL-ORCL,0.0,250000.0,22
2017-01-10,AAPL-ADBE,-3241.098958969116,250000.0,22
2017-01-10,CMCSA-T,-4971.984769821167,250000.0,22
2017-01-10,AAPL-ORCL,2271.93235206604,250000.0,22
2017-01-11,AAPL-ADBE,-4373.838375091553,250000.0,22
2017-01-11,AAPL-ORCL,-1132.8140106201172,250000.0,22
2017-01-12,AAPL-ADBE,-3890.800491333008,250000.0,22
2017-01-12,AAPL-ORCL,-1301.1983451843262,250000.0,22
2017-01-13,AAPL-ADBE,-3942.806652069092,250000.0,22
2017-01-13,AAPL-ORCL,-1514.0863189697266,250000.0,22
2017-01-13,HD-LOW,0.0,250000.0,22
2017-01-17,AAPL-ADBE,-1806.9146556854248,250000.0,22
2017-01-17,AAPL-ORCL,-1272.8946361541748,250000.0,22
2017-01-17,HD-LOW,324.929141998291,250000.0,22
2017-01-18,AAPL-ADBE,-3680.5737705230713,250000.0,22
2017-01-18,AAPL-ORCL,-1841.183687210083,250000.0,22
2017-01-19,AAPL-ORCL,-1797.848035812378,250000.0,22
2017-01-24,AAPL-ADBE,0.0,250000.0,22
2017-01-25,AAPL-ADBE,474.83146476745605,250000.0,22
2017-01-26,AAPL-ADBE,3537.6321353912354,250000.0,22
2017-01-26,ABT-LLY,0.0,250000.0,22
2017-01-27,AAPL-ADBE,1106.4280261993408,250000.0,22
2017-01-27,ABT-LLY,2336.7919311523438,250000.0,22
2017-01-30,AAPL-ADBE,1205.3489799499512,250000.0,22
2017-01-30,ABT-LLY,-28.650482177734375,250000.0,22
2017-01-31,AAPL-ADBE,1932.1123695373535,250000.0,22
2017-01-31,ABT-LLY,1231.707633972168,250000.0,22
2016-12-01,CRM-INTC,0.0,250000.0,23
2016-12-01,ADBE-ORCL,0.0,250000.0,23
2016-12-01,AVGO-INTC,0.0,250000.0,23
2016-12-02,CRM-INTC,2877.757225036621,250000.0,23
2016-12-02,ADBE-ORCL,-983.3393020629883,250000.0,23
2016-12-02,AVGO-INTC,2577.8045320510864,250000.0,23
2016-12-05,CRM-INTC,8602.878273010254,250000.0,23
2016-12-05,ADBE-ORCL,5167.374443054199,250000.0,23
2016-12-05,AVGO-INTC,3767.8757371902466,250000.0,23
2016-12-06,CRM-INTC,10743.557403564453,250000.0,23
2016-12-06,ADBE-ORCL,7836.100044250488,250000.0,23
2016-12-07,GOOGL-META,0.0,250000.0,23
2016-12-08,GOOGL-META,154.4594612121582,250000.0,23
2016-12-08,BA-LMT,0.0,250000.0,23
2016-12-09,BA-LMT,-669.482666015625,250000.0,23
2016-12-12,MCD-TJX,0.0,250000.0,23
2016-12-13,MCD-TJX,1907.120361328125,250000.0,23
2016-12-14,MCD-TJX,-1527.3409233093262,250000.0,23
2016-12-14,GE-UPS,0.0,250000.0,23
2016-12-15,MCD-TJX,-174.5388412475586,250000.0,23
2016-12-15,GE-UPS,1384.1640930175781,250000.0,23
2016-12-15,ABT-LLY,0.0,250000.0,23
2016-12-16,MCD-TJX,-4048.9460830688477,250000.0,23
2016-12-19,MCD-TJX,-2995.7788467407227,250000.0,23
2016-12-19,BAC-JPM,0.0,250000.0,23
2016-12-20,MCD-TJX,-1473.2061767578125,250000.0,23
2016-12-20,BAC-JPM,-1555.909049987793,250000.0,23
2016-12-21,MCD-TJX,-1723.3510360717773,250000.0,23
2017-01-03,KO-PEP,0.0,250000.0,23
2017-01-04,GOOGL-META,0.0,250000.0,23
2017-01-04,MCD-TJX,0.0,250000.0,23
2017-01-04,ABT-LLY,0.0,250000.0,23
2017-01-04,BAC-JPM,0.0,250000.0,23
2017-01-05,GOOGL-META,-2172.6752319335938,250000.0,23
2017-01-05,MCD-TJX,1787.8305740356445,250000.0,23
2017-01-05,ABT-LLY,141.3274154663086,250000.0,23
2017-01-05,BAC-JPM,-282.037052154541,250000.0,23
2017-01-06,BAC-JPM,-253.21366500854492,250000.0,23
2017-01-06,BAC-MS,0.0,250000.0,23
2017-01-09,BAC-JPM,891.3991317749023,250000.0,23
2017-01-10,BAC-JPM,-1305.8969955444336,250000.0,23
2017-01-11,BAC-JPM,-408.4374885559082,250000.0,23
2017-01-12,BAC-JPM,-1702.7236976623535,250000.0,23
2017-01-13,BAC-JPM,-1052.7460403442383,250000.0,23
2017-01-18,BAC-JPM,0.0,250000.0,23
2017-01-19,BAC-JPM,-1142.1387062072754,250000.0,23
2017-01-20,BAC-JPM,-880.4550971984863,250000.0,23
2017-01-20,GE-UPS,0.0,250000.0,23
2017-01-23,BAC-JPM,-150.30447006225586,250000.0,23
2017-01-24,BAC-JPM,-121.45361328125,250000.0,23
2017-01-24,CRM-INTC,0.0,250000.0,23
2017-01-25,BAC-JPM,571.4095039367676,250000.0,23
2017-01-25,CRM-INTC,-2522.2974853515625,250000.0,23
2017-01-25,BA-LMT,0.0,250000.0,23
2017-01-26,BAC-JPM,2180.943244934082,250000.0,23
2017-01-26,CRM-INTC,-420.3588180541992,250000.0,23
2017-01-26,BA-LMT,2765.065460205078,250000.0,23
2017-01-26,ABT-LLY,0.0,250000.0,23
2017-01-27,CRM-INTC,-3464.8978958129883,250000.0,23
2017-01-27,BA-LMT,2259.106689453125,250000.0,23
2017-01-27,ABT-LLY,2336.7919311523438,250000.0,23
2017-01-27,HON-RTX,0.0,250000.0,23
2017-01-30,BA-LMT,3027.900436401367,250000.0,23
2017-01-30,ABT-LLY,-28.650482177734375,250000.0,23
2017-01-30,HON-RTX,-2780.139938354492,250000.0,23
2017-01-30,GOOGL-META,0.0,250000.0,23
2017-01-31,BA-LMT,2984.242401123047,250000.0,23
2017-01-31,ABT-LLY,1231.707633972168,250000.0,23
2017-01-31,HON-RTX,159.4024200439453,250000.0,23
2017-01-31,GOOGL-META,10.436100006103516,250000.0,23
2017-02-01,BA-LMT,2185.5177612304688,250000.0,23
2017-02-01,ABT-LLY,-1683.3863830566406,250000.0,23
2017-02-01,HON-RTX,-2506.169593811035,250000.0,23
2017-02-01,GOOGL-META,-7240.904499053955,250000.0,23
2017-02-02,BA-LMT,4403.002136230469,250000.0,23
2017-02-02,ABT-LLY,-6006.492904663086,250000.0,23
2017-02-02,HON-RTX,-2073.271873474121,250000.0,23
2017-02-02,GOOGL-META,-1644.0019264221191,250000.0,23
2017-02-03,ABT-LLY,-6801.1192626953125,250000.0,23
2017-02-03,HON-RTX,-1868.7332077026367,250000.0,23
2017-02-03,GOOGL-META,-1269.5142097473145,250000.0,23
2017-02-03,BAC-MS,0.0,250000.0,23
2017-02-06,ABT-LLY,-1774.2071075439453,250000.0,23
2017-02-06,HON-RTX,136.16136169433594,250000.0,23
2017-02-06,GOOGL-META,-2819.198516845703,250000.0,23
2017-02-06,BAC-MS,-2640.465473175049,250000.0,23
2017-02-07,ABT-LLY,-6173.722633361816,250000.0,23
2017-02-07,HON-RTX,568.9936599731445,250000.0,23
2017-02-07,GOOGL-META,211.6813201904297,250000.0,23
2017-02-07,BAC-MS,-5951.8538818359375,250000.0,23
2017-02-08,ABT-LLY,-577.0282745361328,250000.0,23
2017-02-08,HON-RTX,-1390.3508682250977,250000.0,23
2017-02-08,GOOGL-META,-4068.8140869140625,250000.0,23
2017-02-08,BAC-MS,-2600.9451446533203,250000.0,23
2017-02-09,ABT-LLY,-3157.764190673828,250000.0,23
2017-02-09,GOOGL-META,-3892.4877281188965,250000.0,23
2017-02-09,BAC-MS,-3878.3337593078613,250000.0,23
2017-02-09,KO-PEP,0.0,250000.0,23
2017-02-10,GOOGL-META,-2344.4005737304688,250000.0,23
2017-02-10,BAC-MS,-3390.9369010925293,250000.0,23
2017-02-13,GOOGL-META,-667.1086730957031,250000.0,23
2017-02-13,BAC-MS,-3689.1545600891113,250000.0,23
2017-02-14,GOOGL-META,81.65049362182617,250000.0,23
2017-02-14,BAC-MS,-2194.3013191223145,250000.0,23
2017-02-15,BAC-MS,-90.76939392089844,250000.0,23
2017-02-16,BAC-MS,2047.1237335205078,250000.0,23
2017-02-17,BAC-MS,1287.1932830810547,250000.0,23
2017-02-21,BAC-MS,1298.2729034423828,250000.0,23
2017-02-22,BAC-MS,1612.3852806091309,250000.0,23
2017-02-27,BA-LMT,0.0,250000.0,23
2017-01-03,KO-PEP,0.0,250000.0,24
2017-01-03,GE-UNP,0.0,250000.0,24
2017-01-03,RTX-UNP,0.0,250000.0,24
2017-01-04,GE-UNP,1416.2274475097656,250000.0,24
2017-01-04,RTX-UNP,1338.2073554992676,250000.0,24
2017-01-04,DHR-GILD,0.0,250000.0,24
2017-01-05,GE-UNP,672.220458984375,250000.0,24
2017-01-05,RTX-UNP,-2239.3681716918945,250000.0,24
2017-01-05,GE-RTX,0.0,250000.0,24
2017-01-06,GE-UNP,2397.527702331543,250000.0,24
2017-01-06,RTX-UNP,-2628.7884521484375,250000.0,24
2017-01-06,GE-RTX,-1980.3869018554688,250000.0,24
2017-01-09,GE-UNP,1951.9611129760742,250000.0,24
2017-01-09,RTX-UNP,-1904.1343154907227,250000.0,24
2017-01-09,GE-RTX,-812.2839050292969,250000.0,24
2017-01-09,MDLZ-PEP,0.0,250000.0,24
2017-01-10,RTX-UNP,1128.7545585632324,250000.0,24
2017-01-10,GE-RTX,-987.0421905517578,250000.0,24
2017-01-11,RTX-UNP,3845.424415588379,250000.0,24
2017-01-11,GE-RTX,389.2812194824219,250000.0,24
2017-01-12,GE-RTX,159.0967254638672,250000.0,24
2017-01-13,GE-RTX,1268.1546325683594,250000.0,24
2017-01-17,GE-RTX,1115.8880767822266,250000.0,24
2017-01-18,GE-RTX,-211.3734893798828,250000.0,24
2017-01-18,TMO-UNH,0.0,250000.0,24
2017-01-19,GE-RTX,-1065.6018524169922,250000.0,24
2017-01-19,TMO-UNH,718.22314453125,250000.0,24
2017-01-20,TMO-UNH,-1257.996337890625,250000.0,24
2017-01-20,GE-UNP,0.0,250000.0,24
2017-01-23,TMO-UNH,-2308.4217376708984,250000.0,24
2017-01-23,GE-UNP,-7051.883224487305,250000.0,24
2017-01-23,GE-RTX,0.0,250000.0,24
2017-01-24,TMO-UNH,-4427.789993286133,250000.0,24
2017-01-24,GE-UNP,-6021.704071044922,250000.0,24
2017-01-24,GE-RTX,-651.2562408447266,250000.0,24
2017-01-25,TMO-UNH,279.83006286621094,250000.0,24
2017-01-25,GE-UNP,-5923.466567993164,250000.0,24
2017-01-25,GE-RTX,4115.138698577881,250000.0,24
2017-01-25,BA-HON,0.0,250000.0,24
2017-01-26,TMO-UNH,4255.101226806641,250000.0,24
2017-01-26,GE-UNP,-5844.067581176758,250000.0,24
2017-01-26,GE-RTX,5029.2355308532715,250000.0,24
2017-01-26,BA-HON,-486.31626892089844,250000.0,24
2017-01-27,GE-UNP,-7018.248504638672,250000.0,24
2017-01-27,GE-RTX,3764.479537963867,250000.0,24
2017-01-27,BA-HON,1014.2378387451172,250000.0,24
2017-01-27,MA-PYPL,0.0,250000.0,24
2017-01-27,AAPL-MSFT,0.0,250000.0,24
2017-01-30,GE-UNP,-4798.289154052734,250000.0,24
2017-01-30,GE-RTX,4520.033508300781,250000.0,24
2017-01-30,MA-PYPL,-1920.3432006835938,250000.0,24
2017-01-30,AAPL-MSFT,2059.092384338379,250000.0,24
2017-01-31,GE-UNP,-4348.413070678711,250000.0,24
2017-01-31,GE-RTX,1072.8018188476562,250000.0,24
2017-01-31,MA-PYPL,1018.5875701904297,250000.0,24
2017-01-31,AAPL-MSFT,3523.554374694824,250000.0,24
2017-01-31,TMO-UNH,0.0,250000.0,24
2017-01-31,ABT-TMO,0.0,250000.0,24
2017-02-01,GE-UNP,-7034.709411621094,250000.0,24
2017-02-01,GE-RTX,4359.088600158691,250000.0,24
2017-02-01,MA-PYPL,-360.3331184387207,250000.0,24
2017-02-01,TMO-UNH,-2251.206100463867,250000.0,24
2017-02-01,ABT-TMO,2127.6323852539062,250000.0,24
2017-02-02,GE-UNP,-6222.606109619141,250000.0,24
2017-02-02,GE-RTX,3862.2688522338867,250000.0,24
2017-02-02,MA-PYPL,1153.6664657592773,250000.0,24
2017-02-02,TMO-UNH,3781.886520385742,250000.0,24
2017-02-03,GE-UNP,-8790.709671020508,250000.0,24
2017-02-03,GE-RTX,1118.0156478881836,250000.0,24
2017-02-03,MA-PYPL,-449.93221282958984,250000.0,24
2017-02-03,TMO-UNH,2642.392532348633,250000.0,24
2017-02-03,MDLZ-PEP,0.0,250000.0,24
2017-02-06,GE-RTX,-1571.4845275878906,250000.0,24
2017-02-06,MA-PYPL,469.5700569152832,250000.0,24
2017-02-06,TMO-UNH,3190.55322265625,250000.0,24
2017-02-06,MDLZ-PEP,887.3281173706055,250000.0,24
2017-02-07,MA-PYPL,2196.034938812256,250000.0,24
2017-02-07,TMO-UNH,943.3137969970703,250000.0,24
2017-02-07,MDLZ-PEP,-1676.8192977905273,250000.0,24
2017-02-08,TMO-UNH,114.84461975097656,250000.0,24
2017-02-08,MDLZ-PEP,-1254.5766868591309,250000.0,24
2017-02-09,TMO-UNH,-3040.4071350097656,250000.0,24
2017-02-09,MDLZ-PEP,-1659.684139251709,250000.0,24
2017-02-09,KO-PEP,0.0,250000.0,24
2017-02-10,TMO-UNH,-3875.877944946289,250000.0,24
2017-02-10,MDLZ-PEP,-1639.8682441711426,250000.0,24
2017-02-13,TMO-UNH,-9267.067489624023,250000.0,24
2017-02-13,MDLZ-PEP,-2593.4514694213867,250000.0,24
2017-02-14,TMO-UNH,-13240.96615600586,250000.0,24
2017-02-16,MDLZ-PEP,0.0,250000.0,24
2017-02-17,MDLZ-PEP,-1102.8513526916504,250000.0,24
2017-02-17,PFE-UNH,0.0,250000.0,24
2017-02-21,MDLZ-PEP,-253.3158302307129,250000.0,24
2017-02-21,PFE-UNH,4677.349822998047,250000.0,24
2017-02-22,MDLZ-PEP,-841.3008499145508,250000.0,24
2017-02-22,PFE-UNH,4862.30549621582,250000.0,24
2017-02-23,MDLZ-PEP,-787.5194549560547,250000.0,24
2017-02-23,PFE-UNH,5183.994041442871,250000.0,24
2017-02-24,MDLZ-PEP,-734.4571304321289,250000.0,24
2017-02-24,PFE-UNH,4680.418209075928,250000.0,24
2017-02-27,MDLZ-PEP,-1816.9270515441895,250000.0,24
2017-02-27,PFE-UNH,8235.595417022705,250000.0,24
2017-02-28,MDLZ-PEP,-4161.591949462891,250000.0,24
2017-02-28,PFE-UNH,9221.840744018555,250000.0,24
2017-03-01,MDLZ-PEP,-4224.1188621521,250000.0,24
2017-03-02,KO-PEP,0.0,250000.0,24
2017-03-03,KO-PEP,948.2957382202148,250000.0,24
2017-03-03,ABT-TMO,0.0,250000.0,24
2017-03-06,KO-PEP,1030.2049713134766,250000.0,24
2017-03-10,GE-UNP,0.0,250000.0,24
2017-03-10,BA-HON,0.0,250000.0,24
2017-03-13,GE-UNP,3243.2137756347656,250000.0,24
2017-03-13,BA-HON,890.3200225830078,250000.0,24
2017-03-14,GE-UNP,517.1454162597656,250000.0,24
2017-03-15,GE-UNP,1873.867919921875,250000.0,24
2017-03-15,AMGN-UNH,0.0,250000.0,24
2017-03-16,GE-UNP,1635.6758728027344,250000.0,24
2017-03-16,AMGN-UNH,-631.5996551513672,250000.0,24
2017-02-03,BAC-MS,0.0,250000.0,25
2017-02-06,BAC-MS,-2640.465473175049,250000.0,25
2017-02-07,BAC-MS,-5951.8538818359375,250000.0,25
2017-02-08,BAC-MS,-2600.9451446533203,250000.0,25
2017-02-08,GILD-PFE,0.0,250000.0,25
2017-02-09,BAC-MS,-3878.3337593078613,250000.0,25
2017-02-09,GILD-PFE,-4942.745037078857,250000.0,25
2017-02-09,KO-PEP,0.0,250000.0,25
2017-02-10,BAC-MS,-3390.9369010925293,250000.0,25
2017-02-10,GILD-PFE,-2799.3464374542236,250000.0,25
2017-02-13,BAC-MS,-3689.1545600891113,250000.0,25
2017-02-13,GILD-PFE,-1621.7045269012451,250000.0,25
2017-02-13,INTC-NVDA,0.0,250000.0,25
2017-02-14,BAC-MS,-2194.3013191223145,250000.0,25
2017-02-14,GILD-PFE,-2958.6428451538086,250000.0,25
2017-02-14,INTC-NVDA,-1141.3906230926514,250000.0,25
2017-02-15,BAC-MS,-90.76939392089844,250000.0,25
2017-02-15,INTC-NVDA,-2539.572091817856,250000.0,25
2017-02-15,CSCO-MSFT,0.0,250000.0,25
2017-02-16,BAC-MS,2047.1237335205078,250000.0,25
2017-02-16,INTC-NVDA,-12292.901893138885,250000.0,25
2017-02-16,CSCO-MSFT,-2892.2353191375732,250000.0,25
2017-02-17,BAC-MS,1287.1932830810547,250000.0,25
2017-02-17,INTC-NVDA,-13450.521619319916,250000.0,25
2017-02-17,CSCO-MSFT,-3016.991897583008,250000.0,25
2017-02-21,BAC-MS,1298.2729034423828,250000.0,25
2017-02-21,INTC-NVDA,-5228.17066693306,250000.0,25
2017-02-21,CSCO-MSFT,-4947.2017250061035,250000.0,25
2017-02-22,BAC-MS,1612.3852806091309,250000.0,25
2017-02-22,INTC-NVDA,1524.9415111541748,250000.0,25
2017-02-22,CSCO-MSFT,-5304.475824356079,250000.0,25
2017-02-23,CSCO-MSFT,-4114.455003738403,250000.0,25
2017-02-24,CSCO-MSFT,-5138.770523071289,250000.0,25
2017-03-02,PSX-XOM,0.0,250000.0,25
2017-03-02,CMCSA-NFLX,0.0,250000.0,25
2017-03-02,KO-PEP,0.0,250000.0,25
2017-03-03,PSX-XOM,2545.265594482422,250000.0,25
2017-03-03,CMCSA-NFLX,553.4009790420532,250000.0,25
2017-03-03,KO-PEP,948.2957382202148,250000.0,25
2017-03-06,PSX-XOM,2369.8770332336426,250000.0,25
2017-03-06,KO-PEP,1030.2049713134766,250000.0,25
2017-03-07,PSX-XOM,249.41855239868164,250000.0,25
2017-03-14,AXP-PYPL,0.0,250000.0,25
2017-03-14,AXP-MA,0.0,250000.0,25
2017-03-15,AXP-PYPL,2107.917381286621,250000.0,25
2017-03-16,AXP-PYPL,1714.1752815246582,250000.0,25
2017-03-22,MS-V,0.0,250000.0,25
2017-03-23,MS-V,596.1904258728027,250000.0,25
2017-03-23,CMCSA-NFLX,0.0,250000.0,25
2017-03-24,MS-V,-868.0789985656738,250000.0,25
2017-03-24,CMCSA-NFLX,-1611.3406505584717,250000.0,25
2017-03-27,MS-V,-3794.232765197754,250000.0,25
2017-03-27,HD-TSLA,0.0,250000.0,25
2017-03-27,BAC-MS,0.0,250000.0,25
2017-03-28,MS-V,-547.4798965454102,250000.0,25
2017-03-28,HD-TSLA,-5451.880727767944,250000.0,25
2017-03-28,BAC-MS,2207.3904418945312,250000.0,25
2017-03-29,MS-V,552.5354919433594,250000.0,25
2017-03-29,HD-TSLA,-5986.896911621094,250000.0,25
2017-03-30,HD-TSLA,-6823.801624298096,250000.0,25
2017-03-31,HD-TSLA,-7624.938766479492,250000.0,25
2017-03-31,AXP-PYPL,0.0,250000.0,25
2017-03-31,COP-XOM,0.0,250000.0,25
2017-04-03,AXP-PYPL,-1040.3514022827148,250000.0,25
2017-04-03,COP-XOM,1252.7034454345703,250000.0,25
2017-04-04,AXP-PYPL,260.5003852844238,250000.0,25
2017-04-04,COP-XOM,1453.9707336425781,250000.0,25
2017-04-04,INTC-NVDA,0.0,250000.0,25
2017-04-05,AXP-PYPL,1674.346061706543,250000.0,25
2017-04-05,COP-XOM,3521.030792236328,250000.0,25
2017-04-05,INTC-NVDA,-1118.8623323440552,250000.0,25
2017-04-06,AXP-PYPL,1353.7410507202148,250000.0,25
2017-04-06,COP-XOM,3201.1058502197266,250000.0,25
2017-04-06,INTC-NVDA,3040.2115898132324,250000.0,25
2017-04-07,COP-XOM,3126.733657836914,250000.0,25
2017-04-07,INTC-NVDA,1973.536729812622,250000.0,25
2017-04-10,COP-XOM,2700.842788696289,250000.0,25
2017-04-10,INTC-NVDA,-1534.2286529541016,250000.0,25
2017-04-11,COP-XOM,1816.8280334472656,250000.0,25
2017-04-11,INTC-NVDA,75.70690536499023,250000.0,25
2017-04-12,COP-XOM,4021.701416015625,250000.0,25
2017-04-12,INTC-NVDA,-574.0693778991699,250000.0,25
2017-04-13,COP-XOM,2208.6194458007812,250000.0,25
2017-04-13,INTC-NVDA,-392.3231906890869,250000.0,25
2017-04-17,COP-XOM,1032.750244140625,250000.0,25
2017-04-17,INTC-NVDA,6042.691030502319,250000.0,25
2017-04-18,COP-XOM,79.39761352539062,250000.0,25
2017-04-18,INTC-NVDA,2607.099256515503,250000.0,25
2017-04-18,KO-PEP,0.0,250000.0,25
2017-04-19,COP-XOM,130.08010864257812,250000.0,25
2017-04-19,INTC-NVDA,1844.2881784439087,250000.0,25
2017-04-19,KO-PEP,1110.9693603515625,250000.0,25
2017-04-19,MS-V,0.0,250000.0,25
2017-04-19,BAC-MS,0.0,250000.0,25
2017-04-20,COP-XOM,1842.5329895019531,250000.0,25
2017-04-20,INTC-NVDA,2426.5558042526245,250000.0,25
2017-04-20,MS-V,2494.837547302246,250000.0,25
2017-04-20,BAC-MS,155.90081787109375,250000.0,25
2017-04-21,COP-XOM,1401.9738464355469,250000.0,25
2017-04-21,INTC-NVDA,1738.2895765304565,250000.0,25
2017-04-21,BAC-MS,1164.297607421875,250000.0,25
2017-04-21,CSCO-MSFT,0.0,250000.0,25
2017-04-24,COP-XOM,2249.2161254882812,250000.0,25
2017-04-24,BAC-MS,-1240.9098815917969,250000.0,25
2017-04-25,COP-XOM,1897.5092468261719,250000.0,25
2017-04-25,BAC-MS,-2396.385223388672,250000.0,25
2017-04-26,COP-XOM,2037.8590850830078,250000.0,25
2017-04-27,COP-XOM,2833.823043823242,250000.0,25
2017-04-28,COP-XOM,3895.341079711914,250000.0,25
2017-03-02,CMCSA-NFLX,0.0,250000.0,26
2017-03-02,DIS-NFLX,0.0,250000.0,26
2017-03-03,CMCSA-NFLX,553.4009790420532,250000.0,26
2017-03-03,DIS-NFLX,-1971.602702140808,250000.0,26
2017-03-08,PSX-SLB,0.0,250000.0,26
2017-03-09,PSX-SLB,2708.4577598571777,250000.0,26
2017-03-10,PSX-SLB,-1207.0714836120605,250000.0,26
2017-03-13,PSX-SLB,-1815.5027503967285,250000.0,26
2017-03-14,PSX-SLB,-1526.2884712219238,250000.0,26
2017-03-15,PSX-SLB,1305.7530975341797,250000.0,26
2017-03-15,CVX-SLB,0.0,250000.0,26
2017-03-16,PSX-SLB,269.7327880859375,250000.0,26
2017-03-16,CVX-SLB,-83.3594741821289,250000.0,26
2017-03-17,PSX-SLB,-530.8440818786621,250000.0,26
2017-03-17,CVX-SLB,-116.50680160522461,250000.0,26
2017-03-17,ADBE-CRM,0.0,250000.0,26
2017-03-20,PSX-SLB,-1528.3237609863281,250000.0,26
2017-03-20,CVX-SLB,1807.7210235595703,250000.0,26
2017-03-20,ADBE-CRM,968.0276336669922,250000.0,26
2017-03-20,LOW-MCD,0.0,250000.0,26
2017-03-21,PSX-SLB,-707.234561920166,250000.0,26
2017-03-21,CVX-SLB,3251.547939300537,250000.0,26
2017-03-21,ADBE-CRM,-688.5782775878906,250000.0,26
2017-03-21,LOW-MCD,-215.66309356689453,250000.0,26
2017-03-22,PSX-SLB,-2141.5199851989746,250000.0,26
2017-03-22,ADBE-CRM,-1908.9076843261719,250000.0,26
2017-03-22,LOW-MCD,-621.122428894043,250000.0,26
2017-03-23,ADBE-CRM,-4274.551490783691,250000.0,26
2017-03-23,LOW-MCD,-259.5701217651367,250000.0,26
2017-03-23,CMCSA-NFLX,0.0,250000.0,26
2017-03-24,ADBE-CRM,-5615.415214538574,250000.0,26
2017-03-24,LOW-MCD,-1321.4326858520508,250000.0,26
2017-03-24,CMCSA-NFLX,-1611.3406505584717,250000.0,26
2017-03-27,ADBE-CRM,-6683.521141052246,250000.0,26
2017-03-27,LOW-MCD,-2701.204315185547,250000.0,26
2017-03-28,ADBE-CRM,-5942.264953613281,250000.0,26
2017-03-28,LOW-MCD,-1216.6742706298828,250000.0,26
2017-03-29,ADBE-CRM,-6948.0092697143555,250000.0,26
2017-03-29,LOW-MCD,-350.9207763671875,250000.0,26
2017-03-29,AMZN-HD,0.0,250000.0,26
2017-03-30,ADBE-CRM,-6464.250129699707,250000.0,26
2017-03-30,LOW-MCD,-1131.8545303344727,250000.0,26
2017-03-30,AMZN-HD,-660.9509773254395,250000.0,26
2017-03-30,CVX-XOM,0.0,250000.0,26
2017-03-30,AXP-V,0.0,250000.0,26
2017-03-31,ADBE-CRM,-7684.90869140625,250000.0,26
2017-03-31,LOW-MCD,-1845.424171447754,250000.0,26
2017-03-31,AMZN-HD,-3429.657440185547,250000.0,26
2017-03-31,CVX-XOM,4126.420539855957,250000.0,26
2017-03-31,AXP-V,10.8436279296875,250000.0,26
2017-04-03,LOW-MCD,-2130.173408508301,250000.0,26
2017-04-03,AMZN-HD,-5036.338947296143,250000.0,26
2017-04-05,ABT-DHR,0.0,250000.0,26
2017-04-05,AVGO-CRM,0.0,250000.0,26
2017-04-05,ADBE-CRM,0.0,250000.0,26
2017-04-06,ABT-DHR,-1488.9290466308594,250000.0,26
2017-04-06,AVGO-CRM,1264.9751586914062,250000.0,26
2017-04-06,ADBE-CRM,1409.6067657470703,250000.0,26
2017-04-07,ABT-DHR,-772.8521423339844,250000.0,26
2017-04-07,AVGO-CRM,3626.314022064209,250000.0,26
2017-04-07,ADBE-CRM,3337.1305389404297,250000.0,26
2017-04-10,ABT-DHR,-1701.3127059936523,250000.0,26
2017-04-10,AVGO-CRM,3869.2420692443848,250000.0,26
2017-04-10,ADBE-CRM,3651.8473052978516,250000.0,26
2017-04-11,ABT-DHR,-1124.7310333251953,250000.0,26
2017-04-11,AVGO-CRM,4640.684257507324,250000.0,26
2017-04-11,ADBE-CRM,4430.81591796875,250000.0,26
2017-04-11,EOG-SLB,0.0,250000.0,26
2017-04-11,CVX-SLB,0.0,250000.0,26
2017-04-12,ABT-DHR,-124.63136291503906,250000.0,26
2017-04-12,AVGO-CRM,6.281730651855469,250000.0,26
2017-04-12,ADBE-CRM,4959.347640991211,250000.0,26
2017-04-12,EOG-SLB,-624.3965454101562,250000.0,26
2017-04-12,CVX-SLB,251.04891967773438,250000.0,26
2017-04-13,AVGO-CRM,2250.3560638427734,250000.0,26
2017-04-13,ADBE-CRM,5137.344818115234,250000.0,26
2017-04-13,EOG-SLB,-319.8628234863281,250000.0,26
2017-04-13,CVX-SLB,-2340.382049560547,250000.0,26
2017-04-13,CVX-XOM,0.0,250000.0,26
2017-04-13,AXP-V,0.0,250000.0,26
2017-04-17,AVGO-CRM,969.6730308532715,250000.0,26
2017-04-17,ADBE-CRM,3498.5367431640625,250000.0,26
2017-04-17,EOG-SLB,-377.8649215698242,250000.0,26
2017-04-17,CVX-SLB,-2450.875358581543,250000.0,26
2017-04-17,CVX-XOM,511.48197174072266,250000.0,26
2017-04-17,AXP-V,2130.2736740112305,250000.0,26
2017-04-18,AVGO-CRM,1845.354175567627,250000.0,26
2017-04-18,ADBE-CRM,4647.533218383789,250000.0,26
2017-04-18,EOG-SLB,-1447.3566436767578,250000.0,26
2017-04-18,CVX-SLB,-2681.2618255615234,250000.0,26
2017-04-18,CVX-XOM,909.4082641601562,250000.0,26
2017-04-18,AXP-V,-2473.2921981811523,250000.0,26
2017-04-18,DIS-NFLX,0.0,250000.0,26
2017-04-19,AVGO-CRM,2845.763324737549,250000.0,26
2017-04-19,EOG-SLB,-352.70616912841797,250000.0,26
2017-04-19,CVX-SLB,-1691.141502380371,250000.0,26
2017-04-19,CVX-XOM,-998.9565277099609,250000.0,26
2017-04-19,AXP-V,-3846.6452865600586,250000.0,26
2017-04-19,DIS-NFLX,-4461.164619445801,250000.0,26
2017-04-20,AVGO-CRM,4563.932846069336,250000.0,26
2017-04-20,EOG-SLB,-424.4497528076172,250000.0,26
2017-04-20,CVX-SLB,-189.0808563232422,250000.0,26
2017-04-20,CVX-XOM,-966.5748977661133,250000.0,26
2017-04-20,DHR-MRK,0.0,250000.0,26
2017-04-20,ABT-DHR,0.0,250000.0,26
2017-04-20,AMZN-HD,0.0,250000.0,26
2017-04-21,AVGO-CRM,4925.798992156982,250000.0,26
2017-04-21,CVX-XOM,37.67051696777344,250000.0,26
2017-04-21,DHR-MRK,0.363494873046875,250000.0,26
2017-04-21,ABT-DHR,-2043.2093887329102,250000.0,26
2017-04-21,PSX-SLB,0.0,250000.0,26
2017-04-21,CAT-HON,0.0,250000.0,26
2017-04-24,CVX-XOM,1350.2571487426758,250000.0,26
2017-04-24,DHR-MRK,685.5455894470215,250000.0,26
2017-04-24,ABT-DHR,-1812.0783081054688,250000.0,26
2017-04-24,PSX-SLB,-5273.710174560547,250000.0,26
2017-04-24,CAT-HON,-3413.7851333618164,250000.0,26
2017-04-24,MDLZ-MO,0.0,250000.0,26
2017-04-25,CVX-XOM,1451.367416381836,250000.0,26
2017-04-25,DHR-MRK,1907.4699478149414,250000.0,26
2017-04-25,ABT-DHR,1992.123908996582,250000.0,26
2017-04-25,PSX-SLB,-6684.059619903564,250000.0,26
2017-04-25,MDLZ-MO,90.70823669433594,250000.0,26
2017-04-25,LOW-MCD,0.0,250000.0,26
2017-04-25,META-TMUS,0.0,250000.0,26
2017-04-26,CVX-XOM,837.4833297729492,250000.0,26
2017-04-26,DHR-MRK,-400.08363342285156,250000.0,26
2017-04-26,ABT-DHR,889.6805419921875,250000.0,26
2017-04-26,PSX-SLB,-6689.690322875977,250000.0,26
2017-04-26,LOW-MCD,2576.3692016601562,250000.0,26
2017-04-26,META-TMUS,-781.8110198974609,250000.0,26
2017-04-27,CVX-XOM,-257.74051666259766,250000.0,26
2017-04-27,DHR-MRK,-75.61901092529297,250000.0,26
2017-04-27,ABT-DHR,1193.806739807129,250000.0,26
2017-04-27,LOW-MCD,2582.3842010498047,250000.0,26
2017-04-27,META-TMUS,-203.8188934326172,250000.0,26
2017-04-28,CVX-XOM,1621.1448287963867,250000.0,26
2017-04-28,DHR-MRK,1854.16162109375,250000.0,26
2017-04-28,ABT-DHR,2494.925079345703,250000.0,26
2017-04-28,LOW-MCD,3666.0823287963867,250000.0,26
2017-05-01,DHR-MRK,1211.0518951416016,250000.0,26
2017-05-01,ABT-DHR,2441.220703125,250000.0,26
2017-05-01,LOW-MCD,808.0577850341797,250000.0,26
2017-05-01,AMZN-LOW,0.0,250000.0,26
2017-05-02,DHR-MRK,-355.721923828125,250000.0,26
2017-05-02,ABT-DHR,1637.0435066223145,250000.0,26
2017-05-02,LOW-MCD,2109.333465576172,250000.0,26
2017-05-02,AMZN-LOW,3256.0799255371094,250000.0,26
2017-05-03,DHR-MRK,-4493.334510803223,250000.0,26
2017-05-03,ABT-DHR,651.8239822387695,250000.0,26
2017-05-03,LOW-MCD,-121.21176147460938,250000.0,26
2017-05-03,AMZN-LOW,5321.98503112793,250000.0,26
2017-05-04,DHR-MRK,-679.9039001464844,250000.0,26
2017-05-04,ABT-DHR,1493.6178817749023,250000.0,26
2017-05-04,LOW-MCD,-1776.3400497436523,250000.0,26
2017-05-04,EOG-SLB,0.0,250000.0,26
2017-05-05,ABT-DHR,658.2353324890137,250000.0,26
2017-05-05,LOW-MCD,-1792.650535583496,250000.0,26
2017-05-05,EOG-SLB,3573.5557861328125,250000.0,26
2017-05-08,LOW-MCD,-2286.4531784057617,250000.0,26
2017-05-09,LOW-MCD,-2718.83211517334,250000.0,26
2017-05-12,ADBE-CRM,0.0,250000.0,26
2017-05-15,ADBE-CRM,-1321.9641723632812,250000.0,26
2017-05-16,ADBE-CRM,-722.29833984375,250000.0,26
2017-05-17,ADBE-CRM,688.2954711914062,250000.0,26
2017-05-18,ADBE-CRM,1165.2161865234375,250000.0,26
2017-05-18,AVGO-CRM,0.0,250000.0,26
2017-05-19,AVGO-CRM,1259.476089477539,250000.0,26
2017-05-22,CMCSA-NFLX,0.0,250000.0,26
2017-05-23,CMCSA-NFLX,-2058.507646560669,250000.0,26
2017-05-23,ABT-DHR,0.0,250000.0,26
2017-05-24,CMCSA-NFLX,-8663.856771469116,250000.0,26
2017-05-24,ABT-DHR,-510.7897033691406,250000.0,26
2017-05-24,LOW-MCD,0.0,250000.0,26
2017-05-24,AMZN-LOW,0.0,250000.0,26
2017-05-25,CMCSA-NFLX,-347.46432876586914,250000.0,26
2017-05-25,ABT-DHR,-801.643970489502,250000.0,26
2017-05-25,LOW-MCD,3331.157913208008,250000.0,26
2017-05-25,AMZN-LOW,1492.0006637573242,250000.0,26
2017-05-26,CMCSA-NFLX,-7849.710559844971,250000.0,26
2017-05-26,ABT-DHR,1963.3540000915527,250000.0,26
2017-05-26,LOW-MCD,2119.239761352539,250000.0,26
2017-05-26,AMZN-LOW,-401.29164123535156,250000.0,26
2017-05-30,CMCSA-NFLX,-8765.022844314575,250000.0,26
2017-05-30,ABT-DHR,1672.3655090332031,250000.0,26
2017-05-30,LOW-MCD,-1848.4229278564453,250000.0,26
2017-05-30,AMZN-LOW,-5318.533073425293,250000.0,26
2017-05-30,DIS-TMUS,0.0,250000.0,26
2017-05-31,LOW-MCD,-5096.387283325195,250000.0,26
2017-05-31,AMZN-LOW,-6820.582897186279,250000.0,26
2017-05-31,DIS-TMUS,1685.4913749694824,250000.0,26
2017-04-04,BA-HON,0.0,250000.0,27
2017-04-04,MCD-TJX,0.0,250000.0,27
2017-04-05,BA-HON,84.3050765991211,250000.0,27
2017-04-05,MCD-TJX,-3275.2227478027344,250000.0,27
2017-04-05,CRM-TXN,0.0,250000.0,27
2017-04-06,BA-HON,372.64781188964844,250000.0,27
2017-04-06,MCD-TJX,-269.6873474121094,250000.0,27
2017-04-06,CRM-TXN,605.9241027832031,250000.0,27
2017-04-07,BA-HON,59.64892578125,250000.0,27
2017-04-07,MCD-TJX,-2459.1822052001953,250000.0,27
2017-04-07,CRM-TXN,2939.127914428711,250000.0,27
2017-04-10,BA-HON,1486.6714706420898,250000.0,27
2017-04-10,MCD-TJX,-2700.367401123047,250000.0,27
2017-04-10,CRM-TXN,1914.363510131836,250000.0,27
2017-04-11,BA-HON,829.7548217773438,250000.0,27
2017-04-11,MCD-TJX,-337.9171142578125,250000.0,27
2017-04-11,CRM-TXN,274.215763092041,250000.0,27
2017-04-12,BA-HON,73.07694244384766,250000.0,27
2017-04-12,MCD-TJX,-51.231658935546875,250000.0,27
2017-04-12,CRM-TXN,-1845.5276527404785,250000.0,27
2017-04-13,BA-HON,-886.8055648803711,250000.0,27
2017-04-13,MCD-TJX,-636.4940643310547,250000.0,27
2017-04-13,CRM-TXN,-3459.7236099243164,250000.0,27
2017-04-17,BA-HON,-1768.4774627685547,250000.0,27
2017-04-17,MCD-TJX,-2098.131637573242,250000.0,27
2017-04-17,CRM-TXN,-2423.0154190063477,250000.0,27
2017-04-18,BA-HON,-1525.4339447021484,250000.0,27
2017-04-18,MCD-TJX,-1546.9302825927734,250000.0,27
2017-04-18,CRM-TXN,1138.269287109375,250000.0,27
2017-04-19,CRM-TXN,724.789249420166,250000.0,27
2017-04-19,NFLX-TMUS,0.0,250000.0,27
2017-04-20,CRM-TXN,4184.540828704834,250000.0,27
2017-04-20,NFLX-TMUS,2960.8738651275635,250000.0,27
2017-04-20,MCD-TJX,0.0,250000.0,27
2017-04-21,CRM-TXN,1634.694980621338,250000.0,27
2017-04-21,MCD-TJX,-1148.422794342041,250000.0,27
2017-04-21,BA-HON,0.0,250000.0,27
2017-04-24,MCD-TJX,-760.9818649291992,250000.0,27
2017-04-24,BA-HON,-4082.325553894043,250000.0,27
2017-04-25,BA-HON,-2040.4213485717773,250000.0,27
2017-04-25,AMZN-MCD,0.0,250000.0,27
2017-04-26,AMZN-MCD,1763.4065628051758,250000.0,27
2017-04-26,MRK-TMO,0.0,250000.0,27
2017-04-27,AMZN-MCD,3054.0851669311523,250000.0,27
2017-04-27,MRK-TMO,1399.2212371826172,250000.0,27
2017-04-27,MA-PYPL,0.0,250000.0,27
2017-04-28,AMZN-MCD,5688.758407592773,250000.0,27
2017-04-28,MRK-TMO,2292.3687744140625,250000.0,27
2017-04-28,MA-PYPL,-4805.838470458984,250000.0,27
2017-05-01,AMZN-MCD,6972.096572875977,250000.0,27
2017-05-01,MRK-TMO,602.496826171875,250000.0,27
2017-05-01,MA-PYPL,-3737.1416244506836,250000.0,27
2017-05-02,AMZN-MCD,6640.308013916016,250000.0,27
2017-05-02,MRK-TMO,1130.4591979980469,250000.0,27
2017-05-03,AMZN-MCD,3315.487747192383,250000.0,27
2017-05-03,MRK-TMO,3796.766830444336,250000.0,27
2017-05-04,AMZN-MCD,1334.376953125,250000.0,27
2017-05-04,MRK-TMO,-25.191375732421875,250000.0,27
2017-05-05,AMZN-MCD,-64.59505462646484,250000.0,27
2017-05-05,MRK-TMO,1277.8954467773438,250000.0,27
2017-05-08,AMZN-MCD,1642.3419570922852,250000.0,27
2017-05-08,MRK-TMO,2457.5083084106445,250000.0,27
2017-05-09,AMZN-MCD,1989.429931640625,250000.0,27
2017-05-09,MRK-TMO,-3412.2666931152344,250000.0,27
2017-05-10,AMZN-MCD,1135.1659317016602,250000.0,27
2017-05-10,MRK-TMO,1274.3722915649414,250000.0,27
2017-05-10,MCD-TJX,0.0,250000.0,27
2017-05-11,AMZN-MCD,1485.337387084961,250000.0,27
2017-05-11,MRK-TMO,3458.2398223876953,250000.0,27
2017-05-11,MCD-TJX,3719.8434524536133,250000.0,27
2017-05-12,AMZN-MCD,1486.6040954589844,250000.0,27
2017-05-16,MCD-TJX,0.0,250000.0,27
2017-05-17,MCD-TJX,3803.2880477905273,250000.0,27
2017-05-17,CRM-TXN,0.0,250000.0,27
2017-05-18,MCD-TJX,2561.2568550109863,250000.0,27
2017-05-18,CRM-TXN,1897.4345626831055,250000.0,27
2017-06-02,PSX-XOM,0.0,250000.0,27
2017-06-05,PSX-XOM,1288.5573921203613,250000.0,27
2017-06-15,BA-HON,0.0,250000.0,27
2017-06-16,BA-HON,-754.8069763183594,250000.0,27
2017-06-19,BA-HON,-1311.7249145507812,250000.0,27
2017-06-20,BA-HON,-2243.2156677246094,250000.0,27
2017-06-29,MA-PYPL,0.0,250000.0,27
2017-06-30,MA-PYPL,-1430.4042205810547,250000.0,27
2017-05-04,CAT-RTX,0.0,250000.0,28
2017-05-05,CAT-RTX,-447.8791313171387,250000.0,28
2017-05-08,CAT-RTX,-187.21411514282227,250000.0,28
2017-05-09,CAT-RTX,-1060.2395248413086,250000.0,28
2017-05-10,CAT-RTX,1025.9964981079102,250000.0,28
2017-05-10,AVGO-CSCO,0.0,250000.0,28
2017-05-10,GE-HON,0.0,250000.0,28
2017-05-11,CAT-RTX,1182.122085571289,250000.0,28
2017-05-11,AVGO-CSCO,-658.8787441253662,250000.0,28
2017-05-12,CAT-RTX,1803.7194747924805,250000.0,28
2017-05-12,AVGO-CSCO,-5161.499851226807,250000.0,28
2017-05-12,GE-RTX,0.0,250000.0,28
2017-05-12,GE-HON,0.0,250000.0,28
2017-05-15,AVGO-CSCO,-1380.0957832336426,250000.0,28
2017-05-15,GE-RTX,-412.8231887817383,250000.0,28
2017-05-15,GE-HON,-2.55377197265625,250000.0,28
2017-05-16,AVGO-CSCO,-1935.132905960083,250000.0,28
2017-05-16,GE-RTX,-351.5280342102051,250000.0,28
2017-05-16,GE-HON,-1398.6126708984375,250000.0,28
2017-05-17,AVGO-CSCO,690.3008632659912,250000.0,28
2017-05-17,LMT-UNP,0.0,250000.0,28
2017-05-17,CL-PG,0.0,250000.0,28
2017-05-17,HON-UNP,0.0,250000.0,28
2017-05-17,NFLX-VZ,0.0,250000.0,28
2017-05-18,LMT-UNP,1811.9449768066406,250000.0,28
2017-05-18,CL-PG,1283.6236267089844,250000.0,28
2017-05-18,HON-UNP,1049.146469116211,250000.0,28
2017-05-18,NFLX-VZ,5689.999135971069,250000.0,28
2017-05-19,LMT-UNP,314.5604553222656,250000.0,28
2017-05-19,CL-PG,1135.2321319580078,250000.0,28
2017-05-19,HON-UNP,202.43112182617188,250000.0,28
2017-05-22,LMT-UNP,1147.1277770996094,250000.0,28
2017-05-22,CL-PG,1788.9314422607422,250000.0,28
2017-05-22,HON-UNP,1746.6730651855469,250000.0,28
2017-05-23,CL-PG,2015.6040496826172,250000.0,28
2017-05-23,HON-UNP,2138.9400177001953,250000.0,28
2017-05-24,CL-PG,2190.503707885742,250000.0,28
2017-05-24,HON-UNP,2068.1325759887695,250000.0,28
2017-05-24,COST-KO,0.0,250000.0,28
2017-05-25,CL-PG,2177.7408599853516,250000.0,28
2017-05-25,COST-KO,-1122.9864196777344,250000.0,28
2017-05-26,CL-PG,3198.2098693847656,250000.0,28
2017-05-26,COST-KO,783.3757781982422,250000.0,28
2017-05-26,CAT-RTX,0.0,250000.0,28
2017-05-30,CL-PG,2755.221389770508,250000.0,28
2017-05-30,COST-KO,1169.4071044921875,250000.0,28
2017-05-30,CAT-RTX,-872.5842475891113,250000.0,28
2017-05-30,DIS-TMUS,0.0,250000.0,28
2017-05-31,COST-KO,1813.3642578125,250000.0,28
2017-05-31,CAT-RTX,-785.1950569152832,250000.0,28
2017-05-31,DIS-TMUS,1685.4913749694824,250000.0,28
2017-05-31,EOG-XOM,0.0,250000.0,28
2017-06-01,CAT-RTX,-106.27686309814453,250000.0,28
2017-06-01,EOG-XOM,579.7377777099609,250000.0,28
2017-06-02,CAT-RTX,69.66086196899414,250000.0,28
2017-06-02,EOG-XOM,-2816.3070220947266,250000.0,28
2017-06-05,CAT-RTX,-1016.5333213806152,250000.0,28
2017-06-05,EOG-XOM,-671.0127029418945,250000.0,28
2017-06-06,CAT-RTX,-1695.2554550170898,250000.0,28
2017-06-06,EOG-XOM,1966.2018814086914,250000.0,28
2017-06-07,CAT-RTX,-655.6364593505859,250000.0,28
2017-06-08,CAT-RTX,-2832.7757720947266,250000.0,28
2017-06-08,SBUX-TSLA,0.0,250000.0,28
2017-06-08,NKE-SBUX,0.0,250000.0,28
2017-06-09,CAT-RTX,-2916.5801696777344,250000.0,28
2017-06-09,SBUX-TSLA,8166.590196609497,250000.0,28
2017-06-09,NKE-SBUX,646.4202651977539,250000.0,28
2017-06-12,SBUX-TSLA,-190.08418464660645,250000.0,28
2017-06-12,NKE-SBUX,-1110.8267517089844,250000.0,28
2017-06-13,SBUX-TSLA,-14601.935144424438,250000.0,28
2017-06-13,NKE-SBUX,-1684.4085159301758,250000.0,28
2017-06-14,SBUX-TSLA,-22994.97186088562,250000.0,28
2017-06-14,NKE-SBUX,-3154.456283569336,250000.0,28
2017-06-15,SBUX-TSLA,-20843.348194122314,250000.0,28
2017-06-16,SBUX-TSLA,-17780.453382492065,250000.0,28
2017-06-16,NKE-TSLA,0.0,250000.0,28
2017-06-16,PG-WMT,0.0,250000.0,28
2017-06-19,SBUX-TSLA,-10606.856367111206,250000.0,28
2017-06-19,NKE-TSLA,10212.874786376953,250000.0,28
2017-06-19,PG-WMT,1846.4998817443848,250000.0,28
2017-06-20,SBUX-TSLA,-20592.609998703003,250000.0,28
2017-06-20,NKE-TSLA,6210.156555175781,250000.0,28
2017-06-20,PG-WMT,849.5661239624023,250000.0,28
2017-06-20,LMT-UNP,0.0,250000.0,28
2017-06-20,HON-UNP,0.0,250000.0,28
2017-06-21,SBUX-TSLA,-22601.725038528442,250000.0,28
2017-06-21,PG-WMT,2045.4002666473389,250000.0,28
2017-06-21,LMT-UNP,-1727.5882110595703,250000.0,28
2017-06-21,HON-UNP,-1112.768081665039,250000.0,28
2017-06-21,CAT-RTX,0.0,250000.0,28
2017-06-22,PG-WMT,-2164.145252227783,250000.0,28
2017-06-22,LMT-UNP,-1148.747543334961,250000.0,28
2017-06-22,HON-UNP,-1487.555892944336,250000.0,28
2017-06-22,CAT-RTX,-301.0441360473633,250000.0,28
2017-06-23,PG-WMT,-2507.864549636841,250000.0,28
2017-06-23,LMT-UNP,398.22313690185547,250000.0,28
2017-06-23,HON-UNP,219.71466827392578,250000.0,28
2017-06-23,CAT-RTX,5.960792541503906,250000.0,28
2017-06-26,PG-WMT,-609.6415367126465,250000.0,28
2017-06-26,LMT-UNP,644.2381439208984,250000.0,28
2017-06-26,HON-UNP,-175.4554443359375,250000.0,28
2017-06-26,CAT-RTX,936.9471588134766,250000.0,28
2017-06-27,PG-WMT,-2599.0794734954834,250000.0,28
2017-06-27,LMT-UNP,-114.19461059570312,250000.0,28
2017-06-27,HON-UNP,-592.6952362060547,250000.0,28
2017-06-27,CAT-RTX,1026.4307327270508,250000.0,28
2017-06-27,NFLX-VZ,0.0,250000.0,28
2017-06-28,PG-WMT,-2116.904565811157,250000.0,28
2017-06-28,LMT-UNP,2212.778739929199,250000.0,28
2017-06-28,HON-UNP,1782.850730895996,250000.0,28
2017-06-28,CAT-RTX,2980.9763717651367,250000.0,28
2017-06-28,NFLX-VZ,2073.2172689437866,250000.0,28
2017-06-29,LMT-UNP,1608.2999114990234,250000.0,28
2017-06-29,HON-UNP,1181.2600402832031,250000.0,28
2017-06-29,CAT-RTX,3497.371627807617,250000.0,28
2017-06-29,NFLX-VZ,-3216.1658725738525,250000.0,28
2017-06-30,LMT-UNP,3580.3580932617188,250000.0,28
2017-06-30,HON-UNP,2694.743362426758,250000.0,28
2017-06-30,NFLX-VZ,-2414.76331615448,250000.0,28
2017-06-30,NKE-TSLA,0.0,250000.0,28
2017-06-30,NKE-SBUX,0.0,250000.0,28
2017-07-03,NFLX-VZ,-3341.5012912750244,250000.0,28
2017-07-03,NKE-TSLA,10741.55736541748,250000.0,28
2017-07-03,NKE-SBUX,1670.4746360778809,250000.0,28
2017-07-05,NFLX-VZ,-4038.4536848068237,250000.0,28
2017-07-05,NKE-SBUX,7400.506553649902,250000.0,28
2017-07-05,SBUX-TSLA,0.0,250000.0,28
2017-07-06,NKE-SBUX,10473.214546203613,250000.0,28
2017-07-06,SBUX-TSLA,-10563.043521881104,250000.0,28
2017-07-06,GE-RTX,0.0,250000.0,28
2017-07-07,NKE-SBUX,5276.003028869629,250000.0,28
2017-07-07,SBUX-TSLA,-11598.018241882324,250000.0,28
2017-07-07,GE-RTX,-46.52680969238281,250000.0,28
2017-07-10,NKE-SBUX,3233.548110961914,250000.0,28
2017-07-10,SBUX-TSLA,-7140.3505783081055,250000.0,28
2017-07-10,GE-RTX,-170.83581924438477,250000.0,28
2017-07-11,NKE-SBUX,5068.515487670898,250000.0,28
2017-07-11,SBUX-TSLA,498.5042495727539,250000.0,28
2017-07-11,GE-RTX,4049.736629486084,250000.0,28
2017-07-12,NKE-SBUX,2163.5873374938965,250000.0,28
2017-07-12,SBUX-TSLA,-4129.266700744629,250000.0,28
2017-07-13,NKE-SBUX,3980.100898742676,250000.0,28
2017-07-13,SBUX-TSLA,-7202.3996925354,250000.0,28
2017-07-14,NKE-SBUX,2108.8348808288574,250000.0,28
2017-07-14,SBUX-TSLA,-7654.1728439331055,250000.0,28
2017-07-17,NKE-SBUX,4800.000591278076,250000.0,28
2017-07-17,SBUX-TSLA,-9638.513607025146,250000.0,28
2017-07-18,NKE-SBUX,5879.778755187988,250000.0,28
2017-07-18,SBUX-TSLA,-1814.918930053711,250000.0,28
2017-07-18,COST-PG,0.0,250000.0,28
2017-07-18,CL-PG,0.0,250000.0,28
2017-07-18,NFLX-VZ,0.0,250000.0,28
2017-07-19,NKE-SBUX,5823.835300445557,250000.0,28
2017-07-19,SBUX-TSLA,-3094.7186126708984,250000.0,28
2017-07-19,COST-PG,-1092.8321228027344,250000.0,28
2017-07-19,CL-PG,-1158.2767333984375,250000.0,28
2017-07-19,NFLX-VZ,-698.9053020477295,250000.0,28
2017-07-20,NKE-SBUX,796.4439888000488,250000.0,28
2017-07-20,SBUX-TSLA,1265.1066093444824,250000.0,28
2017-07-20,COST-PG,-1761.121353149414,250000.0,28
2017-07-20,CL-PG,-2154.4089965820312,250000.0,28
2017-07-20,NFLX-VZ,-4958.22758102417,250000.0,28
2017-07-20,LMT-UNP,0.0,250000.0,28
2017-07-20,HON-UNP,0.0,250000.0,28
2017-07-21,SBUX-TSLA,602.3270263671875,250000.0,28
2017-07-21,COST-PG,-1696.3944244384766,250000.0,28
2017-07-21,CL-PG,-1340.5435180664062,250000.0,28
2017-07-21,NFLX-VZ,-8435.83708190918,250000.0,28
2017-07-21,LMT-UNP,-2836.591941833496,250000.0,28
2017-07-21,HON-UNP,-4238.675636291504,250000.0,28
2017-07-21,CAT-RTX,0.0,250000.0,28
2017-07-24,SBUX-TSLA,10994.445137023926,250000.0,28
2017-07-24,COST-PG,-568.9508209228516,250000.0,28
2017-07-24,CL-PG,-1131.8323211669922,250000.0,28
2017-07-24,NFLX-VZ,-5001.779258728027,250000.0,28
2017-07-24,GE-RTX,0.0,250000.0,28
2017-07-25,SBUX-TSLA,3474.766414642334,250000.0,28
2017-07-25,COST-PG,-3664.9427947998047,250000.0,28
2017-07-25,NFLX-VZ,-5907.63364982605,250000.0,28
2017-07-25,GE-RTX,-5422.726543426514,250000.0,28
2017-07-25,CAT-RTX,0.0,250000.0,28
2017-07-26,COST-PG,-3936.7937622070312,250000.0,28
2017-07-26,NFLX-VZ,-9789.735599517822,250000.0,28
2017-07-26,GE-RTX,-6021.228717803955,250000.0,28
2017-07-26,CAT-RTX,-493.0419006347656,250000.0,28
2017-07-27,GE-RTX,-6162.735580444336,250000.0,28
2017-07-27,CAT-RTX,-3368.519355773926,250000.0,28
2017-07-28,CAT-RTX,-2641.9732666015625,250000.0,28
2017-07-28,SBUX-TSLA,0.0,250000.0,28
2017-07-28,NKE-SBUX,0.0,250000.0,28
2017-07-31,CAT-RTX,-3068.555030822754,250000.0,28
2017-07-31,SBUX-TSLA,8524.167066574097,250000.0,28
2017-07-31,NKE-SBUX,724.5024032592773,250000.0,28
2017-06-01,MDLZ-PEP,0.0,250000.0,29
2017-06-02,MDLZ-PEP,-39.44781494140625,250000.0,29
2017-06-02,AVGO-CRM,0.0,250000.0,29
2017-06-05,MDLZ-PEP,1182.2607116699219,250000.0,29
2017-06-05,AVGO-CRM,3064.754810333252,250000.0,29
2017-06-06,MDLZ-PEP,1572.3888854980469,250000.0,29
2017-06-06,AVGO-CRM,1132.271448135376,250000.0,29
2017-06-07,MDLZ-PEP,390.2008056640625,250000.0,29
2017-06-07,AVGO-CRM,1634.4240379333496,250000.0,29
2017-06-08,MDLZ-PEP,-576.1048583984375,250000.0,29
2017-06-08,AVGO-CRM,777.2211112976074,250000.0,29
2017-06-09,AVGO-CRM,-1996.1223068237305,250000.0,29
2017-06-09,GOOGL-NFLX,0.0,250000.0,29
2017-06-09,MDLZ-WMT,0.0,250000.0,29
2017-06-12,AVGO-CRM,-4523.3039627075195,250000.0,29
2017-06-12,MDLZ-WMT,-1846.4946784973145,250000.0,29
2017-06-12,CAT-HON,0.0,250000.0,29
2017-06-13,AVGO-CRM,-1714.4560680389404,250000.0,29
2017-06-13,MDLZ-WMT,-121.80215072631836,250000.0,29
2017-06-14,AVGO-CRM,-299.19045066833496,250000.0,29
2017-06-14,MDLZ-WMT,-449.20915603637695,250000.0,29
2017-06-14,CL-MO,0.0,250000.0,29
2017-06-15,AVGO-CRM,-1693.233627319336,250000.0,29
2017-06-15,MDLZ-WMT,4114.833274841309,250000.0,29
2017-06-15,CL-MO,-1610.9203910827637,250000.0,29
2017-06-15,BA-HON,0.0,250000.0,29
2017-06-16,AVGO-CRM,-1205.3843059539795,250000.0,29
2017-06-16,BA-HON,-754.8069763183594,250000.0,29
2017-06-19,BA-HON,-1311.7249145507812,250000.0,29
2017-06-20,BA-HON,-2243.2156677246094,250000.0,29
2017-06-23,CRM-NVDA,0.0,250000.0,29
2017-06-26,CRM-NVDA,2356.106283903122,250000.0,29
2017-06-27,CRM-NVDA,-2407.4400329589844,250000.0,29
2017-06-28,CRM-NVDA,1905.5740621089935,250000.0,29
2017-06-29,CRM-NVDA,6531.660330533981,250000.0,29
2017-06-30,CRM-NVDA,5080.912182569504,250000.0,29
2017-07-03,CRM-NVDA,1568.2318575382233,250000.0,29
2017-07-05,CRM-NVDA,-6348.999137163162,250000.0,29
2017-07-06,CRM-NVDA,832.6097373962402,250000.0,29
2017-07-07,CRM-NVDA,-4508.610531806946,250000.0,29
2017-07-10,CRM-NVDA,985.5438694953918,250000.0,29
2017-07-11,CRM-NVDA,6024.39359664917,250000.0,29
2017-07-12,CL-MO,0.0,250000.0,29
2017-07-13,CL-MO,1214.9127769470215,250000.0,29
2017-07-18,GOOGL-NFLX,0.0,250000.0,29
2017-07-19,GOOGL-NFLX,697.9538345336914,250000.0,29
2017-07-20,GOOGL-NFLX,947.1426391601562,250000.0,29
2017-07-21,GOOGL-NFLX,-5480.918445587158,250000.0,29
2017-07-24,GOOGL-NFLX,-3815.2048530578613,250000.0,29
2017-07-24,BA-HON,0.0,250000.0,29
2017-07-25,GOOGL-NFLX,-7827.573516845703,250000.0,29
2017-07-25,BA-HON,1001.3539123535156,250000.0,29
2017-07-25,CAT-HON,0.0,250000.0,29
2017-07-26,GOOGL-NFLX,-11372.946125030518,250000.0,29
2017-07-26,CL-MO,0.0,250000.0,29
2017-07-27,GOOGL-NFLX,-4972.217918395996,250000.0,29
2017-07-27,BA-HON,0.0,250000.0,29
2017-07-28,GOOGL-NFLX,-5772.074131011963,250000.0,29
2017-07-28,BA-HON,-477.5357437133789,250000.0,29
2017-07-28,CL-MO,0.0,250000.0,29
2017-07-31,GOOGL-NFLX,-4850.46329498291,250000.0,29
2017-07-31,BA-HON,-2276.7735290527344,250000.0,29
2017-07-31,CL-MO,-6216.256591796875,250000.0,29
2017-08-01,GOOGL-NFLX,-5162.639427185059,250000.0,29
2017-08-01,BA-HON,810.1494216918945,250000.0,29
2017-08-01,CL-MO,-2559.906837463379,250000.0,29
2017-08-02,BA-HON,4652.762016296387,250000.0,29
2017-08-02,CL-MO,-2104.8521995544434,250000.0,29
2017-08-02,MDLZ-PEP,0.0,250000.0,29
2017-08-03,CL-MO,-2075.151393890381,250000.0,29
2017-08-04,CL-MO,-1747.4296798706055,250000.0,29
2017-08-07,CL-MO,-864.2710380554199,250000.0,29
2017-08-08,CL-MO,-3008.124179840088,250000.0,29
2017-08-10,GOOGL-NFLX,0.0,250000.0,29
2017-08-10,CRM-NVDA,0.0,250000.0,29
2017-08-11,GOOGL-NFLX,1629.0306930541992,250000.0,29
2017-08-14,GOOGL-NFLX,-1289.3968353271484,250000.0,29
2017-08-15,GOOGL-NFLX,-4760.685897827148,250000.0,29
2017-08-16,GOOGL-NFLX,-4202.847717285156,250000.0,29
2017-08-17,GOOGL-NFLX,-5579.427215576172,250000.0,29
2017-08-18,GOOGL-NFLX,-4524.635414123535,250000.0,29
2017-08-21,GOOGL-NFLX,-2801.5267639160156,250000.0,29
2017-08-22,GOOGL-NFLX,-4129.918380737305,250000.0,29
2017-08-23,GOOGL-NFLX,-5117.644027709961,250000.0,29
2017-08-24,GOOGL-NFLX,-4994.218437194824,250000.0,29
2017-08-30,GOOGL-NFLX,0.0,250000.0,29
2017-08-31,GOOGL-NFLX,2037.0708103179932,250000.0,29
2017-07-11,TMO-UNH,0.0,250000.0,30
2017-07-12,TMO-UNH,-463.53887939453125,250000.0,30
2017-07-13,TMO-UNH,-1930.6174774169922,250000.0,30
2017-07-13,T-VZ,0.0,250000.0,30
2017-07-14,TMO-UNH,-882.3517150878906,250000.0,30
2017-07-14,T-VZ,220.22250366210938,250000.0,30
2017-07-17,TMO-UNH,-1471.7894897460938,250000.0,30
2017-07-17,T-VZ,267.9954528808594,250000.0,30
2017-07-18,TMO-UNH,545.8665618896484,250000.0,30
2017-07-18,T-VZ,-774.5056304931641,250000.0,30
2017-07-19,T-VZ,-323.416748046875,250000.0,30
2017-07-20,T-VZ,-2051.905731201172,250000.0,30
2017-07-20,LOW-MCD,0.0,250000.0,30
2017-07-21,T-VZ,-2178.5365715026855,250000.0,30
2017-07-21,LOW-MCD,4356.780822753906,250000.0,30
2017-07-21,KO-PEP,0.0,250000.0,30
2017-07-24,T-VZ,-1126.3737525939941,250000.0,30
2017-07-24,LOW-MCD,4339.394302368164,250000.0,30
2017-07-24,KO-PEP,338.8257751464844,250000.0,30
2017-07-25,T-VZ,-2747.4156494140625,250000.0,30
2017-07-25,KO-PEP,1195.6426544189453,250000.0,30
2017-07-25,AMGN-LLY,0.0,250000.0,30
2017-07-26,AMGN-LLY,1818.868553161621,250000.0,30
2017-07-28,NKE-SBUX,0.0,250000.0,30
2017-08-02,COP-EOG,0.0,250000.0,30
2017-08-15,CL-PEP,0.0,250000.0,30
2017-08-15,LOW-MCD,0.0,250000.0,30
2017-08-16,CL-PEP,-81.6570053100586,250000.0,30
2017-08-17,CL-PEP,482.34066009521484,250000.0,30
2017-08-17,AMGN-LLY,0.0,250000.0,30
2017-08-18,AMGN-LLY,-2049.833152770996,250000.0,30
2017-08-21,AMGN-LLY,-1548.7052307128906,250000.0,30
2017-08-22,AMGN-LLY,191.847900390625,250000.0,30
2017-08-23,AMGN-LLY,447.4101867675781,250000.0,30
2017-08-24,AMGN-LLY,2188.0092849731445,250000.0,30
2017-08-24,MRK-TMO,0.0,250000.0,30
2017-08-25,AMGN-LLY,2082.6344146728516,250000.0,30
2017-08-28,AMGN-LLY,1082.410270690918,250000.0,30
2017-08-29,AMGN-LLY,-105.50516510009766,250000.0,30
2017-08-30,MRK-TMO,0.0,250000.0,30
2017-08-30,TMO-UNH,0.0,250000.0,30
2017-08-31,TMO-UNH,-2761.4754638671875,250000.0,30
2017-09-01,TMO-UNH,122.35491943359375,250000.0,30
2017-09-05,TMO-UNH,-470.56988525390625,250000.0,30
2017-09-06,TMO-UNH,-7008.057220458984,250000.0,30
2017-09-06,T-VZ,0.0,250000.0,30
2017-09-07,MA-V,0.0,250000.0,30
2017-09-08,MA-V,-1469.2091522216797,250000.0,30
2017-09-08,KO-PEP,0.0,250000.0,30
2017-09-11,KO-PEP,497.23509216308594,250000.0,30
2017-09-12,KO-PEP,-1833.4110145568848,250000.0,30
2017-09-28,TMO-UNH,0.0,250000.0,30
2017-09-29,TMO-UNH,3014.4724884033203,250000.0,30
2017-09-29,NKE-SBUX,0.0,250000.0,30
2017-08-02,AAPL-AVGO,0.0,250000.0,31
2017-08-02,AVGO-MSFT,0.0,250000.0,31
2017-08-03,AAPL-AVGO,-88.11141204833984,250000.0,31
2017-08-03,AVGO-MSFT,1631.6110534667969,250000.0,31
2017-08-03,DHR-GILD,0.0,250000.0,31
2017-08-04,AAPL-AVGO,-2729.2098274230957,250000.0,31
2017-08-04,DHR-GILD,-4843.30220413208,250000.0,31
2017-08-07,AAPL-AVGO,-4036.109306335449,250000.0,31
2017-08-07,DHR-GILD,-2694.9776611328125,250000.0,31
2017-08-08,AAPL-AVGO,-7480.70654296875,250000.0,31
2017-08-08,DHR-GILD,-6600.376209259033,250000.0,31
2017-08-09,DHR-GILD,-4597.746738433838,250000.0,31
2017-08-10,DHR-UNH,0.0,250000.0,31
2017-08-11,DHR-UNH,2227.0235290527344,250000.0,31
2017-08-16,ABT-UNH,0.0,250000.0,31
2017-08-17,ABT-UNH,781.8935546875,250000.0,31
2017-08-18,ABT-UNH,643.9863929748535,250000.0,31
2017-08-21,ABT-UNH,1622.2682075500488,250000.0,31
2017-08-22,ABT-UNH,1730.9803924560547,250000.0,31
2017-08-22,MCD-SBUX,0.0,250000.0,31
2017-08-23,ABT-UNH,1312.709487915039,250000.0,31
2017-08-23,MCD-SBUX,2178.0038719177246,250000.0,31
2017-08-24,MCD-SBUX,3051.746856689453,250000.0,31
2017-08-25,MCD-SBUX,886.788818359375,250000.0,31
2017-08-28,MCD-SBUX,212.21156311035156,250000.0,31
2017-08-29,MCD-SBUX,1756.8788719177246,250000.0,31
2017-08-30,MCD-SBUX,-804.5430946350098,250000.0,31
2017-08-30,DHR-GILD,0.0,250000.0,31
2017-08-31,MCD-SBUX,-2621.1171951293945,250000.0,31
2017-08-31,DHR-GILD,-13440.724533081055,250000.0,31
2017-09-01,MCD-SBUX,-2849.4170417785645,250000.0,31
2017-09-01,DHR-GILD,-12701.080879211426,250000.0,31
2017-09-05,MCD-SBUX,-3355.090042114258,250000.0,31
2017-09-05,DHR-GILD,-8268.103759765625,250000.0,31
2017-09-06,MCD-SBUX,920.655876159668,250000.0,31
2017-09-06,DHR-GILD,-13825.291297912598,250000.0,31
2017-09-06,CSCO-INTC,0.0,250000.0,31
2017-09-07,MCD-SBUX,3800.7957077026367,250000.0,31
2017-09-07,CSCO-INTC,1217.877025604248,250000.0,31
2017-09-08,MCD-SBUX,3819.453399658203,250000.0,31
2017-09-08,CSCO-INTC,2849.8836402893066,250000.0,31
2017-09-08,ABT-UNH,0.0,250000.0,31
2017-09-11,MCD-SBUX,328.75904083251953,250000.0,31
2017-09-11,CSCO-INTC,861.470495223999,250000.0,31
2017-09-11,ABT-UNH,572.9327545166016,250000.0,31
2017-09-12,MCD-SBUX,5553.767356872559,250000.0,31
2017-09-12,CSCO-INTC,-735.3108940124512,250000.0,31
2017-09-12,ABT-UNH,-1284.8113403320312,250000.0,31
2017-09-13,MCD-SBUX,1721.4121894836426,250000.0,31
2017-09-13,CSCO-INTC,-3082.476816177368,250000.0,31
2017-09-13,ABT-UNH,814.1097869873047,250000.0,31
2017-09-14,MCD-SBUX,619.5678787231445,250000.0,31
2017-09-14,ABT-UNH,1310.3722229003906,250000.0,31
2017-09-15,MCD-SBUX,23.360034942626953,250000.0,31
2017-09-15,ABT-UNH,1595.9758758544922,250000.0,31
2017-09-15,CSCO-TXN,0.0,250000.0,31
2017-09-18,MCD-SBUX,71.0965461730957,250000.0,31
2017-09-18,ABT-UNH,313.3418884277344,250000.0,31
2017-09-18,CSCO-TXN,-3674.308906555176,250000.0,31
2017-09-19,ABT-UNH,-1449.6824188232422,250000.0,31
2017-09-20,ABT-UNH,-2001.8884582519531,250000.0,31
2017-09-21,ABT-UNH,-822.7022705078125,250000.0,31
2017-10-17,GILD-UNH,0.0,250000.0,31
2017-10-17,ABT-UNH,0.0,250000.0,31
2017-10-18,GILD-UNH,-1866.0269012451172,250000.0,31
2017-10-18,ABT-UNH,-51.84138107299805,250000.0,31
2017-10-19,GILD-UNH,2094.5694732666016,250000.0,31
2017-10-19,ABT-UNH,2890.974910736084,250000.0,31
2017-10-20,GILD-UNH,-3472.3065795898438,250000.0,31
2017-10-20,ABT-UNH,-1590.0661125183105,250000.0,31
2017-10-23,GILD-UNH,-3893.062973022461,250000.0,31
2017-10-23,ABT-UNH,-1539.4497184753418,250000.0,31
2017-10-24,GILD-UNH,-5358.59992980957,250000.0,31
2017-10-24,ABT-UNH,-4505.646522521973,250000.0,31
2017-10-25,GILD-UNH,-4839.043319702148,250000.0,31
2017-10-25,ABT-UNH,-3535.832359313965,250000.0,31
2017-10-26,GILD-UNH,-8738.770462036133,250000.0,31
2017-10-26,ABT-UNH,-5507.586181640625,250000.0,31
2017-10-27,AVGO-MSFT,0.0,250000.0,31
2017-10-30,AVGO-MSFT,4680.41139793396,250000.0,31
2017-10-30,AAPL-AVGO,0.0,250000.0,31
2017-10-31,AAPL-AVGO,-1473.5009212493896,250000.0,31
2017-09-07,AXP-MA,0.0,250000.0,32
2017-09-07,AXP-PYPL,0.0,250000.0,32
2017-09-08,AXP-MA,-1667.6343688964844,250000.0,32
2017-09-08,AXP-PYPL,2751.6685829162598,250000.0,32
2017-09-11,AXP-PYPL,3469.886287689209,250000.0,32
2017-09-11,CL-PG,0.0,250000.0,32
2017-09-12,CL-PG,1379.6867904663086,250000.0,32
2017-09-13,CL-PG,1716.1070098876953,250000.0,32
2017-09-14,CL-PG,992.8607177734375,250000.0,32
2017-09-15,CL-PG,1530.789939880371,250000.0,32
2017-09-15,CSCO-TXN,0.0,250000.0,32
2017-09-18,CL-PG,1687.524284362793,250000.0,32
2017-09-18,CSCO-TXN,-3674.308906555176,250000.0,32
2017-09-19,CL-PG,-1644.6288146972656,250000.0,32
2017-09-20,CL-PG,-1872.515281677246,250000.0,32
2017-09-21,MO-PG,0.0,250000.0,32
2017-09-22,MO-PG,273.039852142334,250000.0,32
2017-09-22,CL-MO,0.0,250000.0,32
2017-09-22,AVGO-CSCO,0.0,250000.0,32
2017-09-25,AVGO-CSCO,-3079.8537521362305,250000.0,32
2017-09-26,AVGO-CSCO,-3163.4664459228516,250000.0,32
2017-09-27,AVGO-CSCO,-659.5400676727295,250000.0,32
2017-09-28,AVGO-CSCO,604.0439167022705,250000.0,32
2017-09-29,AVGO-CSCO,-1542.741231918335,250000.0,32
2017-10-02,AVGO-CSCO,-2695.7694358825684,250000.0,32
2017-10-02,AVGO-INTC,0.0,250000.0,32
2017-10-03,AVGO-INTC,-2382.8619995117188,250000.0,32
2017-10-04,AVGO-INTC,-1596.510871887207,250000.0,32
2017-10-05,AVGO-INTC,-2458.9030113220215,250000.0,32
2017-10-06,AVGO-INTC,-2660.166572570801,250000.0,32
2017-10-09,AVGO-INTC,-3988.728733062744,250000.0,32
2017-10-10,AVGO-INTC,-2735.2709732055664,250000.0,32
2017-10-11,AVGO-INTC,441.4490394592285,250000.0,32
2017-10-12,AVGO-INTC,793.7308578491211,250000.0,32
2017-10-12,AXP-PYPL,0.0,250000.0,32
2017-10-12,CL-PG,0.0,250000.0,32
2017-10-13,AVGO-INTC,-2445.45760345459,250000.0,32
2017-10-13,CL-PG,-4300.730400085449,250000.0,32
2017-10-13,AXP-MA,0.0,250000.0,32
2017-10-13,MO-PG,0.0,250000.0,32
2017-10-16,AVGO-INTC,-3295.384365081787,250000.0,32
2017-10-16,CL-PG,-4026.4307556152344,250000.0,32
2017-10-16,AXP-MA,1518.2766494750977,250000.0,32
2017-10-16,MO-PG,-654.5878639221191,250000.0,32
2017-10-16,EOG-MPC,0.0,250000.0,32
2017-10-17,CL-PG,-1308.6100730895996,250000.0,32
2017-10-17,AXP-MA,2051.8538970947266,250000.0,32
2017-10-17,MO-PG,861.8801383972168,250000.0,32
2017-10-18,CL-PG,-45.15932846069336,250000.0,32
2017-10-18,AXP-MA,1011.7130508422852,250000.0,32
2017-10-18,MO-PG,1014.9245567321777,250000.0,32
2017-10-19,AXP-MA,-356.8433609008789,250000.0,32
2017-10-20,AXP-MA,-399.99217224121094,250000.0,32
2017-10-20,MO-PG,0.0,250000.0,32
2017-10-23,AXP-MA,-1195.8661346435547,250000.0,32
2017-10-23,MO-PG,-3296.830478668213,250000.0,32
2017-10-24,MO-PG,-4651.534961700439,250000.0,32
2017-10-24,BA-CAT,0.0,250000.0,32
2017-10-25,MO-PG,-5403.296413421631,250000.0,32
2017-10-25,BA-CAT,-2440.32967376709,250000.0,32
2017-10-26,MO-PG,-1167.4414329528809,250000.0,32
2017-10-26,BA-CAT,-2063.619888305664,250000.0,32
2017-10-27,MO-PG,-3524.3587760925293,250000.0,32
2017-10-27,BA-CAT,-5480.104934692383,250000.0,32
2017-10-27,AVGO-MSFT,0.0,250000.0,32
2017-10-27,AVGO-INTC,0.0,250000.0,32
2017-10-30,MO-PG,-6759.560840606689,250000.0,32
2017-10-30,AVGO-MSFT,4680.41139793396,250000.0,32
2017-10-30,AVGO-INTC,1581.5947666168213,250000.0,32
2017-10-30,JNJ-MRK,0.0,250000.0,32
2017-10-31,MO-PG,-6355.364204406738,250000.0,32
2017-10-31,AVGO-INTC,-4269.507480621338,250000.0,32
2017-10-31,JNJ-MRK,1715.367301940918,250000.0,32
2017-11-01,MO-PG,-4215.909965515137,250000.0,32
2017-11-01,AVGO-INTC,-11921.349451065063,250000.0,32
2017-11-02,MO-PG,-6261.396995544434,250000.0,32
2017-11-03,MO-PG,-6050.975177764893,250000.0,32
2017-11-06,EOG-SLB,0.0,250000.0,32
2017-11-07,EOG-SLB,1858.4727096557617,250000.0,32
2017-11-08,EOG-SLB,-1629.2791366577148,250000.0,32
2017-11-09,EOG-SLB,-704.3411026000977,250000.0,32
2017-11-10,EOG-SLB,3451.3620223999023,250000.0,32
2017-11-13,EOG-SLB,5982.074920654297,250000.0,32
2017-11-16,CSCO-TXN,0.0,250000.0,32
2017-11-16,AVGO-CSCO,0.0,250000.0,32
2017-11-17,CSCO-TXN,-1729.3248748779297,250000.0,32
2017-11-17,AVGO-CSCO,-221.93529510498047,250000.0,32
2017-11-20,CSCO-TXN,-8006.8925857543945,250000.0,32
2017-11-20,AVGO-CSCO,-3404.044776916504,250000.0,32
2017-11-21,CSCO-TXN,-7606.096019744873,250000.0,32
2017-11-22,CSCO-TXN,-7877.626724243164,250000.0,32
2017-11-24,CSCO-TXN,-5286.296520233154,250000.0,32
2017-11-24,AXP-MA,0.0,250000.0,32
2017-11-27,AXP-MA,-406.957763671875,250000.0,32
2017-11-29,AXP-MA,0.0,250000.0,32
2017-11-29,AXP-V,0.0,250000.0,32
2017-11-29,AXP-PYPL,0.0,250000.0,32
2017-11-30,AXP-MA,271.62841796875,250000.0,32
2017-11-30,AXP-V,4075.6377563476562,250000.0,32
2017-11-30,AXP-PYPL,3092.863006591797,250000.0,32
2017-10-13,MO-PG,0.0,250000.0,33
2017-10-16,MO-PG,-654.5878639221191,250000.0,33
2017-10-17,MO-PG,861.8801383972168,250000.0,33
2017-10-17,GS-MS,0.0,250000.0,33
2017-10-18,MO-PG,1014.9245567321777,250000.0,33
2017-10-18,GS-MS,558.6971626281738,250000.0,33
2017-10-19,GS-MS,398.6379852294922,250000.0,33
2017-10-20,GS-MS,497.7578544616699,250000.0,33
2017-10-20,MO-PG,0.0,250000.0,33
2017-10-23,GS-MS,-1684.81298828125,250000.0,33
2017-10-23,MO-PG,-3296.830478668213,250000.0,33
2017-10-24,GS-MS,-1379.6215515136719,250000.0,33
2017-10-24,MO-PG,-4651.534961700439,250000.0,33
2017-10-25,GS-MS,-1687.9005165100098,250000.0,33
2017-10-25,MO-PG,-5403.296413421631,250000.0,33
2017-10-26,GS-MS,-2899.506820678711,250000.0,33
2017-10-26,MO-PG,-1167.4414329528809,250000.0,33
2017-10-27,GS-MS,-4894.215030670166,250000.0,33
2017-10-27,MO-PG,-3524.3587760925293,250000.0,33
2017-10-27,INTC-TXN,0.0,250000.0,33
2017-10-30,GS-MS,-3393.4300117492676,250000.0,33
2017-10-30,MO-PG,-6759.560840606689,250000.0,33
2017-10-30,INTC-TXN,-1941.6668701171875,250000.0,33
2017-10-30,EOG-XOM,0.0,250000.0,33
2017-10-31,GS-MS,511.7274742126465,250000.0,33
2017-10-31,MO-PG,-6355.364204406738,250000.0,33
2017-10-31,INTC-TXN,-6803.246360778809,250000.0,33
2017-10-31,EOG-XOM,-944.3137893676758,250000.0,33
2017-11-01,GS-MS,4142.32487487793,250000.0,33
2017-11-01,MO-PG,-4215.909965515137,250000.0,33
2017-11-01,EOG-XOM,-2062.616081237793,250000.0,33
2017-11-02,GS-MS,2660.530548095703,250000.0,33
2017-11-02,MO-PG,-6261.396995544434,250000.0,33
2017-11-03,GS-MS,2284.4511375427246,250000.0,33
2017-11-03,MO-PG,-6050.975177764893,250000.0,33
2017-11-03,AVGO-ORCL,0.0,250000.0,33
2017-11-06,GS-MS,782.0843734741211,250000.0,33
2017-11-06,AVGO-ORCL,-7.575214385986328,250000.0,33
2017-11-07,GS-MS,1024.178165435791,250000.0,33
2017-11-07,AVGO-ORCL,2199.786853790283,250000.0,33
2017-11-08,AVGO-ORCL,2142.482639312744,250000.0,33
2017-11-08,CL-PEP,0.0,250000.0,33
2017-11-08,META-T,0.0,250000.0,33
2017-11-09,AVGO-ORCL,-2416.3049507141113,250000.0,33
2017-11-09,CL-PEP,1420.7748260498047,250000.0,33
2017-11-09,META-T,-4084.3410873413086,250000.0,33
2017-11-10,AVGO-ORCL,-1824.8251991271973,250000.0,33
2017-11-10,CL-PEP,-1630.5463485717773,250000.0,33
2017-11-13,AVGO-ORCL,-1440.4901390075684,250000.0,33
2017-11-13,CL-PEP,-4863.861534118652,250000.0,33
2017-11-14,AVGO-ORCL,-1940.4257583618164,250000.0,33
2017-11-15,AVGO-ORCL,-4497.355781555176,250000.0,33
2017-11-16,AVGO-ORCL,-4451.248374938965,250000.0,33
2017-11-16,CSCO-TXN,0.0,250000.0,33
2017-11-17,AVGO-ORCL,-5675.662399291992,250000.0,33
2017-11-17,CSCO-TXN,-1729.3248748779297,250000.0,33
2017-11-20,CSCO-TXN,-8006.8925857543945,250000.0,33
2017-11-21,CSCO-TXN,-7606.096019744873,250000.0,33
2017-11-22,CSCO-TXN,-7877.626724243164,250000.0,33
2017-11-24,CSCO-TXN,-5286.296520233154,250000.0,33
2017-11-27,GOOGL-NFLX,0.0,250000.0,33
2017-11-28,COP-EOG,0.0,250000.0,33
2017-11-29,COP-EOG,-919.9651756286621,250000.0,33
2017-11-29,CL-COST,0.0,250000.0,33
2017-12-19,CL-COST,0.0,250000.0,33
2017-12-20,CL-COST,822.1567916870117,250000.0,33
2017-12-21,CL-COST,-930.9817581176758,250000.0,33
2017-12-22,CL-COST,-3992.95548248291,250000.0,33
2017-12-26,CL-COST,-6009.472465515137,250000.0,33
2017-12-27,CL-COST,-5704.415786743164,250000.0,33
2017-12-28,CL-COST,-3948.395347595215,250000.0,33
2017-12-28,GOOGL-NFLX,0.0,250000.0,33
2017-12-29,CL-COST,-6406.55046081543,250000.0,33
2017-12-29,GOOGL-NFLX,554.8291931152344,250000.0,33
2017-11-02,COP-XOM,0.0,250000.0,34
2017-11-03,COP-XOM,-1799.5498733520508,250000.0,34
2017-11-03,AVGO-CRM,0.0,250000.0,34
2017-11-06,COP-XOM,-1206.5761642456055,250000.0,34
2017-11-06,AVGO-CRM,-2984.134759902954,250000.0,34
2017-11-07,COP-XOM,-1417.5723114013672,250000.0,34
2017-11-07,AVGO-CRM,1377.2520351409912,250000.0,34
2017-11-08,COP-XOM,-1809.4170837402344,250000.0,34
2017-11-09,COP-XOM,-328.8560333251953,250000.0,34
2017-11-09,META-T,0.0,250000.0,34
2017-11-10,COP-XOM,-267.7779769897461,250000.0,34
2017-11-10,META-T,-1216.3943281173706,250000.0,34
2017-11-13,COP-XOM,239.4725112915039,250000.0,34
2017-11-13,META-T,-996.8309326171875,250000.0,34
2017-11-14,COP-XOM,376.4496536254883,250000.0,34
2017-11-14,META-T,2646.395700454712,250000.0,34
2017-11-15,COP-XOM,-1574.3058700561523,250000.0,34
2017-11-15,META-T,2042.011658668518,250000.0,34
2017-11-16,META-T,-3962.0096731185913,250000.0,34
2017-11-17,META-T,-3606.6083011627197,250000.0,34
2017-11-17,CMCSA-NFLX,0.0,250000.0,34
2017-11-20,META-T,-4438.262561798096,250000.0,34
2017-11-20,CMCSA-NFLX,-1402.1711902618408,250000.0,34
2017-11-21,META-T,-3649.68253326416,250000.0,34
2017-11-22,META-T,-7147.080562591553,250000.0,34
2017-11-28,DHR-UNH,0.0,250000.0,34
2017-11-29,DIS-META,0.0,250000.0,34
2017-11-29,MA-MS,0.0,250000.0,34
2017-11-29,COP-MPC,0.0,250000.0,34
2017-11-29,AXP-JPM,0.0,250000.0,34
2017-11-30,MA-MS,395.0377197265625,250000.0,34
2017-11-30,AXP-JPM,555.9725189208984,250000.0,34
2017-11-30,DHR-UNH,0.0,250000.0,34
2017-11-30,CAT-RTX,0.0,250000.0,34
2017-11-30,HON-RTX,0.0,250000.0,34
2017-12-01,MA-MS,-1926.248332977295,250000.0,34
2017-12-01,AXP-JPM,237.7169952392578,250000.0,34
2017-12-01,DHR-UNH,563.1728515625,250000.0,34
2017-12-01,CAT-RTX,2823.584701538086,250000.0,34
2017-12-01,HON-RTX,1845.5276947021484,250000.0,34
2017-12-04,AXP-JPM,-3349.843963623047,250000.0,34
2017-12-04,DHR-UNH,4657.902191162109,250000.0,34
2017-12-04,CAT-RTX,2983.514144897461,250000.0,34
2017-12-04,HON-RTX,1649.8126525878906,250000.0,34
2017-12-04,CMCSA-NFLX,0.0,250000.0,34
2017-12-05,AXP-JPM,-119.86001586914062,250000.0,34
2017-12-05,DHR-UNH,5972.834609985352,250000.0,34
2017-12-05,CAT-RTX,2153.459274291992,250000.0,34
2017-12-05,HON-RTX,729.1709747314453,250000.0,34
2017-12-05,CMCSA-NFLX,5276.740905761719,250000.0,34
2017-12-05,EOG-MPC,0.0,250000.0,34
2017-12-06,AXP-JPM,675.9084777832031,250000.0,34
2017-12-06,DHR-UNH,5763.827690124512,250000.0,34
2017-12-06,CAT-RTX,326.7490997314453,250000.0,34
2017-12-06,HON-RTX,-1178.2266540527344,250000.0,34
2017-12-06,EOG-MPC,-638.2797431945801,250000.0,34
2017-12-07,AXP-JPM,2242.927505493164,250000.0,34
2017-12-07,DHR-UNH,5800.475402832031,250000.0,34
2017-12-07,CAT-RTX,-1551.7023468017578,250000.0,34
2017-12-07,HON-RTX,-3488.1368865966797,250000.0,34
2017-12-07,EOG-MPC,-697.3573684692383,250000.0,34
2017-12-08,AXP-JPM,-980.4453277587891,250000.0,34
2017-12-08,DHR-UNH,2569.787063598633,250000.0,34
2017-12-08,CAT-RTX,-2170.667495727539,250000.0,34
2017-12-08,HON-RTX,-4114.811614990234,250000.0,34
2017-12-08,EOG-MPC,-2018.8816833496094,250000.0,34
2017-12-11,AXP-JPM,763.6908874511719,250000.0,34
2017-12-11,DHR-UNH,3872.0427474975586,250000.0,34
2017-12-11,CAT-RTX,-3200.114959716797,250000.0,34
2017-12-11,EOG-MPC,1042.4576721191406,250000.0,34
2017-12-12,AXP-JPM,-1380.3861236572266,250000.0,34
2017-12-12,DHR-UNH,5085.344482421875,250000.0,34
2017-12-12,CAT-RTX,-3651.9205627441406,250000.0,34
2017-12-12,EOG-MPC,-1271.6854515075684,250000.0,34
2017-12-13,AXP-JPM,-1674.6453094482422,250000.0,34
2017-12-13,DHR-UNH,3811.8427124023438,250000.0,34
2017-12-13,CAT-RTX,-4144.950607299805,250000.0,34
2017-12-13,EOG-MPC,-758.3506164550781,250000.0,34
2017-12-14,DHR-UNH,4897.464073181152,250000.0,34
2017-12-14,CAT-RTX,-3564.6943969726562,250000.0,34
2017-12-14,EOG-MPC,-3442.9247665405273,250000.0,34
2017-12-15,DHR-UNH,6317.000770568848,250000.0,34
2017-12-18,DHR-UNH,6025.6956787109375,250000.0,34
2017-12-19,DHR-UNH,6751.515769958496,250000.0,34
2017-12-20,DHR-UNH,6805.600135803223,250000.0,34
2017-12-21,DHR-UNH,6139.592987060547,250000.0,34
2017-12-21,CVX-PSX,0.0,250000.0,34
2017-12-21,AXP-JPM,0.0,250000.0,34
2017-12-22,DHR-UNH,7351.139137268066,250000.0,34
2017-12-22,CVX-PSX,1579.981575012207,250000.0,34
2017-12-22,AXP-JPM,1516.3392791748047,250000.0,34
2017-12-26,DHR-UNH,7540.501663208008,250000.0,34
2017-12-26,CVX-PSX,684.2693328857422,250000.0,34
2017-12-27,DHR-UNH,7068.691795349121,250000.0,34
2017-12-27,CVX-PSX,2923.7684631347656,250000.0,34
2017-12-28,DHR-UNH,4743.338310241699,250000.0,34
2017-12-28,CVX-PSX,2591.003189086914,250000.0,34
2017-12-29,DHR-UNH,5956.896263122559,250000.0,34
2017-12-29,CVX-PSX,1647.8446960449219,250000.0,34
2018-01-02,DHR-UNH,4513.520469665527,250000.0,34
2018-01-02,CVX-PSX,-3471.1669540405273,250000.0,34
2018-01-02,DIS-VZ,0.0,250000.0,34
2018-01-03,DHR-UNH,4161.428726196289,250000.0,34
2018-01-03,CVX-PSX,-4347.950668334961,250000.0,34
2018-01-03,COP-XOM,0.0,250000.0,34
2018-01-03,DIS-T,0.0,250000.0,34
2018-01-03,HON-RTX,0.0,250000.0,34
2018-01-04,DHR-UNH,3899.823875427246,250000.0,34
2018-01-04,CVX-PSX,-3939.753532409668,250000.0,34
2018-01-04,COP-XOM,802.7476921081543,250000.0,34
2018-01-04,DIS-T,2374.739227294922,250000.0,34
2018-01-04,HON-RTX,1777.1981811523438,250000.0,34
2018-01-04,DHR-MRK,0.0,250000.0,34
2018-01-05,DHR-UNH,261.0573425292969,250000.0,34
2018-01-05,COP-XOM,810.207820892334,250000.0,34
2018-01-05,DIS-T,3923.7990798950195,250000.0,34
2018-01-05,HON-RTX,969.2311706542969,250000.0,34
2018-01-05,DHR-MRK,-1911.5595703125,250000.0,34
2018-01-08,DHR-UNH,5571.750343322754,250000.0,34
2018-01-08,COP-XOM,710.7575798034668,250000.0,34
2018-01-08,DIS-T,6278.992370605469,250000.0,34
2018-01-08,HON-RTX,-2479.4144592285156,250000.0,34
2018-01-08,DHR-MRK,-2455.6165657043457,250000.0,34
2018-01-09,COP-XOM,2608.262008666992,250000.0,34
2018-01-09,DIS-T,5698.009620666504,250000.0,34
2018-01-09,DHR-GILD,0.0,250000.0,34
2018-01-10,DIS-T,296.97979736328125,250000.0,34
2018-01-10,DHR-GILD,-813.5879249572754,250000.0,34
2018-01-10,META-T,0.0,250000.0,34
2018-01-11,DIS-T,-2192.5310668945312,250000.0,34
2018-01-11,DHR-GILD,-3011.1633262634277,250000.0,34
2018-01-11,META-T,-995.2696533203125,250000.0,34
2018-01-11,CVX-PSX,0.0,250000.0,34
2018-01-12,DIS-T,-857.6390991210938,250000.0,34
2018-01-12,DHR-GILD,-5345.698757171631,250000.0,34
2018-01-12,META-T,-2874.348301887512,250000.0,34
2018-01-12,CVX-PSX,3813.2622833251953,250000.0,34
2018-01-16,DIS-T,-266.22933197021484,250000.0,34
2018-01-16,DHR-GILD,-9528.884094238281,250000.0,34
2018-01-16,META-T,-4656.869700431824,250000.0,34
2018-01-16,CVX-PSX,4137.186904907227,250000.0,34
2018-01-16,CAT-RTX,0.0,250000.0,34
2018-01-17,DIS-T,-687.6851425170898,250000.0,34
2018-01-17,DHR-GILD,-14667.37244796753,250000.0,34
2018-01-17,META-T,-4215.752722740173,250000.0,34
2018-01-17,CAT-RTX,1456.919532775879,250000.0,34
2018-01-18,DIS-T,2913.2965927124023,250000.0,34
2018-01-18,DHR-GILD,-13304.739280700684,250000.0,34
2018-01-18,META-T,-924.7034969329834,250000.0,34
2018-01-18,CAT-RTX,1559.880599975586,250000.0,34
2018-01-19,DIS-T,3146.0998153686523,250000.0,34
2018-01-19,DHR-GILD,-15220.526817321777,250000.0,34
2018-01-19,META-T,326.8362865447998,250000.0,34
2018-01-19,CAT-RTX,2160.4519653320312,250000.0,34
2018-01-19,MA-MS,0.0,250000.0,34
2018-01-22,DHR-GILD,-14780.789169311523,250000.0,34
2018-01-22,CAT-RTX,505.5546417236328,250000.0,34
2018-01-22,MA-MS,2527.590362548828,250000.0,34
2018-01-22,DIS-VZ,0.0,250000.0,34
2018-01-23,DHR-GILD,-13246.97046661377,250000.0,34
2018-01-23,MA-MS,2912.2342071533203,250000.0,34
2018-01-23,DIS-VZ,-59.866294860839844,250000.0,34
2018-01-24,MA-MS,1216.7295532226562,250000.0,34
2018-01-24,DIS-VZ,-4540.9072341918945,250000.0,34
2018-01-25,DIS-VZ,-4785.929328918457,250000.0,34
2018-01-26,DIS-VZ,-4098.221366882324,250000.0,34
2018-01-26,HON-RTX,0.0,250000.0,34
2018-01-29,DIS-VZ,-2408.894691467285,250000.0,34
2018-01-29,HON-RTX,3490.5752563476562,250000.0,34
2018-01-30,DIS-VZ,-3686.2712783813477,250000.0,34
2018-01-30,DHR-MRK,0.0,250000.0,34
2018-01-31,DHR-MRK,-6201.850479125977,250000.0,34
2017-12-04,BA-HON,0.0,250000.0,35
2017-12-04,AMGN-GILD,0.0,250000.0,35
2017-12-05,BA-HON,307.1304016113281,250000.0,35
2017-12-05,AMGN-GILD,723.4286651611328,250000.0,35
2017-12-06,BA-HON,-1431.9845581054688,250000.0,35
2017-12-06,AMGN-GILD,5546.417739868164,250000.0,35
2017-12-07,BA-HON,-3201.846649169922,250000.0,35
2017-12-08,BA-HON,-4947.486053466797,250000.0,35
2017-12-11,BA-HON,-4031.2372131347656,250000.0,35
2017-12-12,NFLX-T,0.0,250000.0,35
2017-12-13,NFLX-T,-930.968053817749,250000.0,35
2017-12-14,NFLX-T,-19.747447967529297,250000.0,35
2017-12-15,NFLX-T,-3648.761730194092,250000.0,35
2017-12-18,NFLX-T,-5278.836091995239,250000.0,35
2017-12-19,NFLX-T,-474.25844383239746,250000.0,35
2017-12-20,NFLX-T,-4874.3860912323,250000.0,35
2017-12-21,NFLX-T,-6915.215005874634,250000.0,35
2017-12-21,GILD-MRK,0.0,250000.0,35
2017-12-22,NFLX-T,-8129.859083175659,250000.0,35
2017-12-22,GILD-MRK,1.3122406005859375,250000.0,35
2017-12-26,NFLX-T,-7561.541004180908,250000.0,35
2017-12-26,GILD-MRK,55.50007629394531,250000.0,35
2017-12-27,GILD-MRK,1011.7719345092773,250000.0,35
2017-12-28,GILD-MRK,-1844.0820693969727,250000.0,35
2017-12-29,GILD-MRK,-3255.1971740722656,250000.0,35
2018-01-02,GILD-MRK,5366.597492218018,250000.0,35
2018-01-03,ADBE-MSFT,0.0,250000.0,35
2018-01-04,ADBE-MSFT,124.4400405883789,250000.0,35
2018-01-04,DHR-MRK,0.0,250000.0,35
2018-01-05,ADBE-MSFT,1232.080467224121,250000.0,35
2018-01-05,DHR-MRK,-1911.5595703125,250000.0,35
2018-01-08,ADBE-MSFT,1778.2253723144531,250000.0,35
2018-01-08,DHR-MRK,-2455.6165657043457,250000.0,35
2018-01-09,ADBE-MSFT,24.24748992919922,250000.0,35
2018-01-09,DHR-UNH,0.0,250000.0,35
2018-01-09,GILD-MRK,0.0,250000.0,35
2018-01-10,ADBE-MSFT,-1523.812240600586,250000.0,35
2018-01-10,DHR-UNH,-770.4858093261719,250000.0,35
2018-01-10,GILD-MRK,-157.97153854370117,250000.0,35
2018-01-11,ADBE-MSFT,-2494.346992492676,250000.0,35
2018-01-11,DHR-UNH,-483.2395935058594,250000.0,35
2018-01-11,GILD-MRK,-190.95069885253906,250000.0,35
2018-01-12,ADBE-MSFT,-3930.641426086426,250000.0,35
2018-01-12,DHR-UNH,759.6416931152344,250000.0,35
2018-01-12,GILD-MRK,4628.2784423828125,250000.0,35
2018-01-12,GOOGL-META,0.0,250000.0,35
2018-01-16,DHR-UNH,5236.0013427734375,250000.0,35
2018-01-16,GOOGL-META,-1371.7314147949219,250000.0,35
2018-01-17,GOOGL-META,-3458.6282958984375,250000.0,35
2018-01-18,GOOGL-META,-25.043426513671875,250000.0,35
2018-01-19,GOOGL-META,1167.9502563476562,250000.0,35
2018-01-22,GOOGL-META,4429.892974853516,250000.0,35
2018-01-26,NKE-SBUX,0.0,250000.0,35
2018-01-26,GILD-MRK,0.0,250000.0,35
2018-01-29,NKE-SBUX,-3503.9115829467773,250000.0,35
2018-01-29,MDLZ-PEP,0.0,250000.0,35
2018-01-30,NKE-SBUX,-2402.9032287597656,250000.0,35
2018-01-30,MDLZ-PEP,1653.80859375,250000.0,35
2018-01-30,DHR-MRK,0.0,250000.0,35
2018-01-31,NKE-SBUX,-5351.8471031188965,250000.0,35
2018-01-31,DHR-MRK,-6201.850479125977,250000.0,35
2018-02-01,NKE-SBUX,-8003.953098297119,250000.0,35
2018-02-01,DHR-MRK,-2905.3349380493164,250000.0,35
2018-02-01,MDLZ-PEP,0.0,250000.0,35
2018-02-01,MA-PYPL,0.0,250000.0,35
2018-02-02,NKE-SBUX,-8362.149967193604,250000.0,35
2018-02-02,MDLZ-PEP,-1166.3448638916016,250000.0,35
2018-02-02,MA-PYPL,-800.9785766601562,250000.0,35
2018-02-05,NKE-SBUX,-8849.454689025879,250000.0,35
2018-02-05,MDLZ-PEP,-552.1716613769531,250000.0,35
2018-02-05,MA-PYPL,5858.4649658203125,250000.0,35
2018-02-06,NKE-SBUX,-6106.096515655518,250000.0,35
2018-02-06,MDLZ-PEP,-6082.694259643555,250000.0,35
2018-02-06,MA-PYPL,-952.4752960205078,250000.0,35
2018-02-07,NKE-SBUX,-10393.940864562988,250000.0,35
2018-02-07,MDLZ-PEP,-3206.851364135742,250000.0,35
2018-02-07,MA-PYPL,-76.11369323730469,250000.0,35
2018-02-08,NKE-SBUX,-8759.580879211426,250000.0,35
2018-02-08,MDLZ-PEP,-1945.9507904052734,250000.0,35
2018-02-08,MA-PYPL,6650.96760559082,250000.0,35
2018-02-09,NKE-SBUX,-9667.581623077393,250000.0,35
2018-02-09,MDLZ-PEP,3434.5545806884766,250000.0,35
2018-02-09,MA-PYPL,4711.677719116211,250000.0,35
2018-02-12,MDLZ-PEP,2652.489044189453,250000.0,35
2018-02-12,MA-PYPL,77.50215148925781,250000.0,35
2018-02-13,MDLZ-PEP,1468.5454559326172,250000.0,35
2018-02-13,MA-PYPL,-4992.822982788086,250000.0,35
2018-02-14,MDLZ-PEP,-5787.140380859375,250000.0,35
2018-02-14,MA-PYPL,-2735.740951538086,250000.0,35
2018-02-15,MA-PYPL,-4057.358840942383,250000.0,35
2018-02-15,LOW-TJX,0.0,250000.0,35
2018-02-16,LOW-TJX,108.95146179199219,250000.0,35
2018-02-20,LOW-TJX,4251.175315856934,250000.0,35
2018-02-28,LOW-TJX,0.0,250000.0,35
2018-01-03,ADBE-NVDA,0.0,250000.0,36
2018-01-04,ADBE-NVDA,1147.822283744812,250000.0,36
2018-01-04,KO-MO,0.0,250000.0,36
2018-01-05,ADBE-NVDA,1415.779309272766,250000.0,36
2018-01-05,KO-MO,808.9748992919922,250000.0,36
2018-01-05,MDLZ-WMT,0.0,250000.0,36
2018-01-05,DHR-LLY,0.0,250000.0,36
2018-01-08,ADBE-NVDA,-6689.161396980286,250000.0,36
2018-01-08,KO-MO,1165.5849227905273,250000.0,36
2018-01-08,DHR-LLY,1657.9150772094727,250000.0,36
2018-01-09,ADBE-NVDA,-4741.0567626953125,250000.0,36
2018-01-09,DHR-UNH,0.0,250000.0,36
2018-01-10,ADBE-NVDA,-6324.6899518966675,250000.0,36
2018-01-10,DHR-UNH,-770.4858093261719,250000.0,36
2018-01-11,ADBE-NVDA,-4748.2088050842285,250000.0,36
2018-01-11,DHR-UNH,-483.2395935058594,250000.0,36
2018-01-12,ADBE-NVDA,3479.05415058136,250000.0,36
2018-01-12,DHR-UNH,759.6416931152344,250000.0,36
2018-01-16,ADBE-NVDA,3926.651942253113,250000.0,36
2018-01-16,DHR-UNH,5236.0013427734375,250000.0,36
2018-01-16,MCD-NKE,0.0,250000.0,36
2018-01-17,ADBE-NVDA,3060.440465927124,250000.0,36
2018-01-17,MCD-NKE,-1820.4462432861328,250000.0,36
2018-01-18,ADBE-NVDA,3061.8313512802124,250000.0,36
2018-01-18,MCD-NKE,420.97611236572266,250000.0,36
2018-01-24,KO-PEP,0.0,250000.0,36
2018-01-25,KO-PEP,-573.5243530273438,250000.0,36
2018-01-29,MDLZ-PEP,0.0,250000.0,36
2018-01-30,MDLZ-PEP,1653.80859375,250000.0,36
2018-01-30,AMGN-UNH,0.0,250000.0,36
2018-01-31,AMGN-UNH,2166.022186279297,250000.0,36
2018-02-01,AMGN-UNH,709.6040649414062,250000.0,36
2018-02-01,MDLZ-PEP,0.0,250000.0,36
2018-02-01,MDLZ-WMT,0.0,250000.0,36
2018-02-02,AMGN-UNH,-3379.6787109375,250000.0,36
2018-02-02,MDLZ-PEP,-1166.3448638916016,250000.0,36
2018-02-02,MDLZ-WMT,3127.7058753967285,250000.0,36
2018-02-02,AMZN-TJX,0.0,250000.0,36
2018-02-05,AMGN-UNH,-11134.799011230469,250000.0,36
2018-02-05,MDLZ-PEP,-552.1716613769531,250000.0,36
2018-02-05,AMZN-TJX,-5858.3056564331055,250000.0,36
2018-02-05,ADBE-NVDA,0.0,250000.0,36
2018-02-05,DHR-JNJ,0.0,250000.0,36
2018-02-06,AMGN-UNH,-6426.090576171875,250000.0,36
2018-02-06,MDLZ-PEP,-6082.694259643555,250000.0,36
2018-02-06,ADBE-NVDA,9164.340858459473,250000.0,36
2018-02-06,DHR-JNJ,2347.3321685791016,250000.0,36
2018-02-07,AMGN-UNH,-6069.22900390625,250000.0,36
2018-02-07,MDLZ-PEP,-3206.851364135742,250000.0,36
2018-02-07,DHR-JNJ,3683.377098083496,250000.0,36
2018-02-08,AMGN-UNH,-14259.358581542969,250000.0,36
2018-02-08,MDLZ-PEP,-1945.9507904052734,250000.0,36
2018-02-08,DHR-JNJ,-2372.1981506347656,250000.0,36
2018-02-09,AMGN-UNH,-9641.15005493164,250000.0,36
2018-02-09,MDLZ-PEP,3434.5545806884766,250000.0,36
2018-02-09,DHR-JNJ,992.228385925293,250000.0,36
2018-02-12,AMGN-UNH,-5195.974273681641,250000.0,36
2018-02-12,MDLZ-PEP,2652.489044189453,250000.0,36
2018-02-12,DHR-JNJ,1290.6604080200195,250000.0,36
2018-02-13,AMGN-UNH,-4608.999298095703,250000.0,36
2018-02-13,MDLZ-PEP,1468.5454559326172,250000.0,36
2018-02-13,DHR-JNJ,1203.4145584106445,250000.0,36
2018-02-14,MDLZ-PEP,-5787.140380859375,250000.0,36
2018-02-14,DHR-JNJ,-672.7547073364258,250000.0,36
2018-02-15,DHR-JNJ,702.1809921264648,250000.0,36
2018-02-16,DHR-JNJ,4299.661361694336,250000.0,36
2018-02-20,DHR-JNJ,743.1454238891602,250000.0,36
2018-02-28,AMZN-TJX,0.0,250000.0,36
2018-03-01,AMZN-TJX,-1437.519401550293,250000.0,36
2018-03-02,AMZN-TJX,-3545.3350219726562,250000.0,36
2018-03-05,AMZN-TJX,-2916.9874954223633,250000.0,36
2018-03-06,AMZN-TJX,-3905.8838119506836,250000.0,36
2018-03-07,AMZN-TJX,1785.230754852295,250000.0,36
2018-03-07,MDLZ-PEP,0.0,250000.0,36
2018-03-07,DHR-UNH,0.0,250000.0,36
2018-03-08,AMZN-TJX,2038.8585624694824,250000.0,36
2018-03-08,MDLZ-PEP,-3961.5642318725586,250000.0,36
2018-03-08,DHR-UNH,-4268.570465087891,250000.0,36
2018-03-09,AMZN-TJX,3365.5430908203125,250000.0,36
2018-03-09,MDLZ-PEP,-4278.153717041016,250000.0,36
2018-03-12,AMZN-TJX,4949.211181640625,250000.0,36
2018-03-12,MDLZ-PEP,-4431.522674560547,250000.0,36
2018-03-13,AMZN-TJX,4950.712482452393,250000.0,36
2018-03-14,AMZN-TJX,6362.216312408447,250000.0,36
2018-03-15,AMZN-TJX,7559.26448059082,250000.0,36
2018-03-16,AMZN-TJX,6813.474620819092,250000.0,36
2018-03-19,AMZN-TJX,5531.06897354126,250000.0,36
2018-03-20,AMZN-TJX,6257.707508087158,250000.0,36
2018-03-21,AMZN-TJX,2879.694850921631,250000.0,36
2018-03-21,KO-MO,0.0,250000.0,36
2018-03-22,AMZN-TJX,6709.809688568115,250000.0,36
2018-03-22,KO-MO,3307.106643676758,250000.0,36
2018-03-23,AMZN-TJX,7618.484680175781,250000.0,36
2018-03-23,KO-MO,1654.8693447113037,250000.0,36
2018-03-26,AMZN-TJX,7047.382354736328,250000.0,36
2018-03-26,KO-MO,506.3022117614746,250000.0,36
2018-03-27,AMZN-TJX,5999.996112823486,250000.0,36
2018-03-27,KO-MO,3770.803211212158,250000.0,36
2018-03-28,AMZN-TJX,1949.406307220459,250000.0,36
2018-03-28,DHR-MRK,0.0,250000.0,36
2018-03-29,AMZN-TJX,118.02652359008789,250000.0,36
2018-02-01,BAC-PYPL,0.0,250000.0,37
2018-02-01,MA-PYPL,0.0,250000.0,37
2018-02-01,COST-MDLZ,0.0,250000.0,37
2018-02-01,PYPL-V,0.0,250000.0,37
2018-02-02,BAC-PYPL,-2161.663766860962,250000.0,37
2018-02-02,MA-PYPL,-800.9785766601562,250000.0,37
2018-02-02,COST-MDLZ,881.5887222290039,250000.0,37
2018-02-02,BAC-V,0.0,250000.0,37
2018-02-05,BAC-PYPL,3178.5292167663574,250000.0,37
2018-02-05,MA-PYPL,5858.4649658203125,250000.0,37
2018-02-05,BAC-V,-1436.9353218078613,250000.0,37
2018-02-05,ADBE-CSCO,0.0,250000.0,37
2018-02-05,INTC-ORCL,0.0,250000.0,37
2018-02-05,HD-LOW,0.0,250000.0,37
2018-02-05,INTC-NVDA,0.0,250000.0,37
2018-02-06,BAC-PYPL,9.53261947631836,250000.0,37
2018-02-06,MA-PYPL,-952.4752960205078,250000.0,37
2018-02-06,BAC-V,1675.67777633667,250000.0,37
2018-02-06,ADBE-CSCO,4999.452440261841,250000.0,37
2018-02-06,INTC-ORCL,6317.299377441406,250000.0,37
2018-02-06,INTC-NVDA,10640.722667694092,250000.0,37
2018-02-07,BAC-PYPL,-611.3631992340088,250000.0,37
2018-02-07,MA-PYPL,-76.11369323730469,250000.0,37
2018-02-07,BAC-V,772.9924011230469,250000.0,37
2018-02-07,INTC-ORCL,3355.422737121582,250000.0,37
2018-02-08,BAC-PYPL,-953.0024223327637,250000.0,37
2018-02-08,MA-PYPL,6650.96760559082,250000.0,37
2018-02-08,BAC-V,-3909.6126136779785,250000.0,37
2018-02-08,INTC-ORCL,-5449.033447265625,250000.0,37
2018-02-09,BAC-PYPL,2854.4739952087402,250000.0,37
2018-02-09,MA-PYPL,4711.677719116211,250000.0,37
2018-02-09,BAC-V,-1671.3562507629395,250000.0,37
2018-02-09,INTC-ORCL,-1678.7287979125977,250000.0,37
2018-02-12,BAC-PYPL,-731.5943870544434,250000.0,37
2018-02-12,MA-PYPL,77.50215148925781,250000.0,37
2018-02-12,BAC-V,-1038.9297676086426,250000.0,37
2018-02-12,INTC-ORCL,-123.27566528320312,250000.0,37
2018-02-13,BAC-PYPL,-2120.6919841766357,250000.0,37
2018-02-13,MA-PYPL,-4992.822982788086,250000.0,37
2018-02-13,BAC-V,-1576.4678268432617,250000.0,37
2018-02-13,INTC-ORCL,1908.095344543457,250000.0,37
2018-02-14,BAC-PYPL,-263.7448024749756,250000.0,37
2018-02-14,MA-PYPL,-2735.740951538086,250000.0,37
2018-02-14,BAC-V,-406.6742477416992,250000.0,37
2018-02-14,INTC-ORCL,6241.93244934082,250000.0,37
2018-02-15,BAC-PYPL,1602.0310668945312,250000.0,37
2018-02-15,MA-PYPL,-4057.358840942383,250000.0,37
2018-02-15,BAC-V,2017.4467811584473,250000.0,37
2018-02-16,BAC-PYPL,3443.885679244995,250000.0,37
2018-02-16,BAC-V,2285.0200958251953,250000.0,37
2018-02-20,BAC-V,2809.30855178833,250000.0,37
2018-02-23,BAC-JPM,0.0,250000.0,37
2018-02-26,BAC-JPM,-483.90734481811523,250000.0,37
2018-02-27,BAC-JPM,1914.394432067871,250000.0,37
2018-02-28,HD-LOW,0.0,250000.0,37
2018-03-01,HD-LOW,321.3052215576172,250000.0,37
2018-03-02,HD-LOW,-4803.688385009766,250000.0,37
2018-03-05,HD-LOW,-8113.459907531738,250000.0,37
2018-03-06,HD-LOW,-5724.506721496582,250000.0,37
2018-03-07,HD-LOW,-4762.739807128906,250000.0,37
2018-03-07,DHR-UNH,0.0,250000.0,37
2018-03-08,HD-LOW,-3431.9566650390625,250000.0,37
2018-03-08,DHR-UNH,-4268.570465087891,250000.0,37
2018-03-09,HD-LOW,-8163.7334060668945,250000.0,37
2018-03-12,HD-LOW,-2486.6985778808594,250000.0,37
2018-03-13,HD-LOW,-4250.974105834961,250000.0,37
2018-03-14,HD-LOW,-1831.4730758666992,250000.0,37
2018-03-14,BAC-PYPL,0.0,250000.0,37
2018-03-14,MA-PYPL,0.0,250000.0,37
2018-03-14,PYPL-V,0.0,250000.0,37
2018-03-15,BAC-PYPL,2097.764621734619,250000.0,37
2018-03-15,MA-PYPL,2729.528030395508,250000.0,37
2018-03-15,PYPL-V,3543.844024658203,250000.0,37
2018-03-16,BAC-PYPL,3541.6500244140625,250000.0,37
2018-03-16,MA-PYPL,4941.592849731445,250000.0,37
2018-03-22,INTC-TXN,0.0,250000.0,37
2018-03-23,INTC-TXN,-2738.1246185302734,250000.0,37
2018-03-23,BAC-JPM,0.0,250000.0,37
2018-03-26,INTC-TXN,2710.0942039489746,250000.0,37
2018-03-26,HD-LOW,0.0,250000.0,37
2018-03-27,INTC-TXN,-4050.2254486083984,250000.0,37
2018-03-27,HD-LOW,5663.339126586914,250000.0,37
2018-03-27,INTC-NVDA,0.0,250000.0,37
2018-03-28,INTC-TXN,-1965.5656242370605,250000.0,37
2018-03-28,INTC-NVDA,3363.9424180984497,250000.0,37
2018-03-28,JNJ-MRK,0.0,250000.0,37
2018-03-29,INTC-TXN,-2892.399272918701,250000.0,37
2018-03-29,INTC-NVDA,2258.391270160675,250000.0,37
2018-04-02,INTC-TXN,-3436.8261337280273,250000.0,37
2018-04-02,INTC-NVDA,6446.938037395477,250000.0,37
2018-04-03,INTC-TXN,-1660.1650428771973,250000.0,37
2018-04-03,INTC-NVDA,7044.6038274765015,250000.0,37
2018-04-04,INTC-TXN,2673.3449935913086,250000.0,37
2018-04-04,INTC-NVDA,6825.7244782447815,250000.0,37
2018-04-05,INTC-TXN,-2961.49600982666,250000.0,37
2018-04-05,INTC-NVDA,-520.793363571167,250000.0,37
2018-04-06,INTC-NVDA,-438.1337685585022,250000.0,37
2018-04-09,INTC-NVDA,-2969.640163421631,250000.0,37
2018-04-10,INTC-NVDA,2247.5298614501953,250000.0,37
2018-04-11,INTC-NVDA,1250.2172684669495,250000.0,37
2018-04-12,INTC-NVDA,2380.285403251648,250000.0,37
2018-04-13,INTC-NVDA,3263.654365539551,250000.0,37
2018-04-16,INTC-NVDA,540.0884628295898,250000.0,37
2018-04-16,COST-MDLZ,0.0,250000.0,37
2018-04-17,INTC-NVDA,1520.4728636741638,250000.0,37
2018-04-17,COST-MDLZ,-3297.5252075195312,250000.0,37
2018-04-17,GILD-UNH,0.0,250000.0,37
2018-04-17,DHR-UNH,0.0,250000.0,37
2018-04-18,COST-MDLZ,-3328.0052490234375,250000.0,37
2018-04-18,GILD-UNH,2592.861888885498,250000.0,37
2018-04-18,DHR-UNH,3337.354949951172,250000.0,37
2018-04-18,HD-LOW,0.0,250000.0,37
2018-04-19,GILD-UNH,1255.279197692871,250000.0,37
2018-04-19,DHR-UNH,2633.12557220459,250000.0,37
2018-04-19,HD-LOW,914.6241607666016,250000.0,37
2018-04-19,KO-MDLZ,0.0,250000.0,37
2018-04-20,GILD-UNH,790.4087791442871,250000.0,37
2018-04-20,DHR-UNH,3122.269256591797,250000.0,37
2018-04-20,HD-LOW,-2595.5056915283203,250000.0,37
2018-04-23,GILD-UNH,2046.7995643615723,250000.0,37
2018-04-23,DHR-UNH,3662.8163833618164,250000.0,37
2018-04-23,HD-LOW,-1736.896469116211,250000.0,37
2018-04-23,PYPL-V,0.0,250000.0,37
2018-04-24,GILD-UNH,83.46511459350586,250000.0,37
2018-04-24,DHR-UNH,2108.3220291137695,250000.0,37
2018-04-24,HD-LOW,-2031.8152770996094,250000.0,37
2018-04-24,PYPL-V,219.7709197998047,250000.0,37
2018-04-24,PFE-TMO,0.0,250000.0,37
2018-04-25,GILD-UNH,229.27930068969727,250000.0,37
2018-04-25,DHR-UNH,1991.5957946777344,250000.0,37
2018-04-25,HD-LOW,-8367.763305664062,250000.0,37
2018-04-25,PYPL-V,-2362.695510864258,250000.0,37
2018-04-25,PFE-TMO,3224.7572479248047,250000.0,37
2018-04-26,GILD-UNH,-949.9440765380859,250000.0,37
2018-04-26,DHR-UNH,1730.1423721313477,250000.0,37
2018-04-26,PFE-TMO,1725.3982238769531,250000.0,37
2018-04-27,GILD-UNH,-4315.294120788574,250000.0,37
2018-04-27,DHR-UNH,-1784.235984802246,250000.0,37
2018-04-27,PFE-TMO,-118.35084533691406,250000.0,37
2018-04-30,GILD-UNH,-2994.294605255127,250000.0,37
2018-04-30,DHR-UNH,160.1806182861328,250000.0,37
2018-04-30,PFE-TMO,-1292.7488861083984,250000.0,37
2018-03-01,T-TMUS,0.0,250000.0,38
2018-03-01,HON-UPS,0.0,250000.0,38
2018-03-02,T-TMUS,-894.9560260772705,250000.0,38
2018-03-02,HON-UPS,4201.892852783203,250000.0,38
2018-03-05,T-TMUS,-1426.4723072052002,250000.0,38
2018-03-05,HON-UPS,3849.6279830932617,250000.0,38
2018-03-05,PSX-SLB,0.0,250000.0,38
2018-03-06,T-TMUS,-3206.4309577941895,250000.0,38
2018-03-06,HON-UPS,-4011.947410583496,250000.0,38
2018-03-06,PSX-SLB,-901.1476669311523,250000.0,38
2018-03-06,MS-V,0.0,250000.0,38
2018-03-07,T-TMUS,-7083.728553771973,250000.0,38
2018-03-07,HON-UPS,-637.8425903320312,250000.0,38
2018-03-07,PSX-SLB,-3304.572193145752,250000.0,38
2018-03-07,MS-V,500.19091796875,250000.0,38
2018-03-07,DHR-UNH,0.0,250000.0,38
2018-03-08,T-TMUS,-8298.873571395874,250000.0,38
2018-03-08,HON-UPS,1834.9231338500977,250000.0,38
2018-03-08,MS-V,981.3755264282227,250000.0,38
2018-03-08,DHR-UNH,-4268.570465087891,250000.0,38
2018-03-09,T-TMUS,-9307.321771621704,250000.0,38
2018-03-09,HON-UPS,3610.3395767211914,250000.0,38
2018-03-09,MS-V,-334.75295639038086,250000.0,38
2018-03-09,GILD-TMO,0.0,250000.0,38
2018-03-12,T-TMUS,-5234.677044868469,250000.0,38
2018-03-12,HON-UPS,3417.604019165039,250000.0,38
2018-03-12,MS-V,-1740.7364387512207,250000.0,38
2018-03-12,GILD-TMO,1396.5200881958008,250000.0,38
2018-03-13,T-TMUS,-6850.476686477661,250000.0,38
2018-03-13,HON-UPS,1087.019027709961,250000.0,38
2018-03-13,MS-V,-777.4840126037598,250000.0,38
2018-03-14,T-TMUS,-7489.76863193512,250000.0,38
2018-03-14,HON-UPS,437.4379577636719,250000.0,38
2018-03-14,MS-V,1618.6557426452637,250000.0,38
2018-03-15,T-TMUS,-7166.910112380981,250000.0,38
2018-03-15,HON-UPS,-620.6339492797852,250000.0,38
2018-03-15,MS-V,2519.6459465026855,250000.0,38
2018-03-19,META-VZ,0.0,250000.0,38
2018-03-19,CL-MO,0.0,250000.0,38
2018-03-20,META-VZ,-1303.4173278808594,250000.0,38
2018-03-20,CL-MO,-2186.821071624756,250000.0,38
2018-03-21,META-VZ,2086.751220703125,250000.0,38
2018-03-21,CL-MO,-3797.1777877807617,250000.0,38
2018-03-22,META-VZ,-447.11849212646484,250000.0,38
2018-03-22,CL-MO,-2817.9857864379883,250000.0,38
2018-03-23,META-VZ,-3020.759925842285,250000.0,38
2018-03-23,CL-MO,-5331.799978256226,250000.0,38
2018-03-23,BAC-JPM,0.0,250000.0,38
2018-03-23,HON-UPS,0.0,250000.0,38
2018-03-26,META-VZ,-6371.376377105713,250000.0,38
2018-03-26,CL-MO,-3161.932571411133,250000.0,38
2018-03-27,CL-MO,-3554.467029571533,250000.0,38
2018-03-28,CL-MO,-3428.877384185791,250000.0,38
2018-04-09,PSX-SLB,0.0,250000.0,38
2018-04-10,PSX-SLB,2579.5204162597656,250000.0,38
2018-04-11,PSX-SLB,-522.2479286193848,250000.0,38
2018-04-11,MS-V,0.0,250000.0,38
2018-04-12,PSX-SLB,-704.9160499572754,250000.0,38
2018-04-12,MS-V,2372.101448059082,250000.0,38
2018-04-13,PSX-SLB,-2261.6710052490234,250000.0,38
2018-04-13,MS-V,-929.2413940429688,250000.0,38
2018-04-16,MS-V,-1371.0202560424805,250000.0,38
2018-04-17,DHR-UNH,0.0,250000.0,38
2018-04-18,DHR-UNH,3337.354949951172,250000.0,38
2018-04-18,CL-MO,0.0,250000.0,38
2018-04-18,MO-PG,0.0,250000.0,38
2018-04-19,DHR-UNH,2633.12557220459,250000.0,38
2018-04-19,CL-MO,-5711.6140785217285,250000.0,38
2018-04-20,DHR-UNH,3122.269256591797,250000.0,38
2018-04-20,CL-MO,3254.7015857696533,250000.0,38
2018-04-23,DHR-UNH,3662.8163833618164,250000.0,38
2018-04-23,SLB-XOM,0.0,250000.0,38
2018-04-24,DHR-UNH,2108.3220291137695,250000.0,38
2018-04-24,SLB-XOM,2212.2172775268555,250000.0,38
2018-04-24,META-VZ,0.0,250000.0,38
2018-04-25,DHR-UNH,1991.5957946777344,250000.0,38
2018-04-25,SLB-XOM,708.65380859375,250000.0,38
2018-04-25,META-VZ,-2164.02099609375,250000.0,38
2018-04-26,DHR-UNH,1730.1423721313477,250000.0,38
2018-04-26,SLB-XOM,-2612.251640319824,250000.0,38
2018-04-26,MS-V,0.0,250000.0,38
2018-04-26,META-T,0.0,250000.0,38
2018-04-26,T-TMUS,0.0,250000.0,38
2018-04-26,T-VZ,0.0,250000.0,38
2018-04-27,DHR-UNH,-1784.235984802246,250000.0,38
2018-04-27,MS-V,1789.8673095703125,250000.0,38
2018-04-27,META-T,-186.39492416381836,250000.0,38
2018-04-27,T-TMUS,-1954.5289134979248,250000.0,38
2018-04-27,T-VZ,-9698.900463104248,250000.0,38
2018-04-30,DHR-UNH,160.1806182861328,250000.0,38
2018-04-30,MS-V,-760.9873428344727,250000.0,38
2018-04-30,META-T,-2010.3541221618652,250000.0,38
2018-04-30,T-VZ,-1978.1707954406738,250000.0,38
2018-04-30,COP-MPC,0.0,250000.0,38
2018-05-01,DHR-UNH,559.3028030395508,250000.0,38
2018-05-01,MS-V,-1335.5244522094727,250000.0,38
2018-05-01,META-T,-4088.9985313415527,250000.0,38
2018-05-01,T-VZ,-930.7463874816895,250000.0,38
2018-05-01,COP-MPC,-7399.052673339844,250000.0,38
2018-05-02,DHR-UNH,2079.763572692871,250000.0,38
2018-05-02,MS-V,502.3199768066406,250000.0,38
2018-05-02,META-T,-8748.168743133545,250000.0,38
2018-05-02,T-VZ,-400.9046974182129,250000.0,38
2018-05-02,COP-MPC,3267.8636627197266,250000.0,38
2018-05-03,DHR-UNH,501.4660873413086,250000.0,38
2018-05-03,MS-V,-3240.106132507324,250000.0,38
2018-05-03,META-T,-8695.347816467285,250000.0,38
2018-05-03,T-VZ,-2064.5118713378906,250000.0,38
2018-05-03,COP-MPC,6894.225357055664,250000.0,38
2018-05-04,DHR-UNH,500.76940155029297,250000.0,38
2018-05-04,MS-V,-4048.4203491210938,250000.0,38
2018-05-04,META-T,-8396.631072998047,250000.0,38
2018-05-04,T-VZ,-1803.7855072021484,250000.0,38
2018-05-04,COP-MPC,2292.620372772217,250000.0,38
2018-05-04,EOG-SLB,0.0,250000.0,38
2018-05-07,DHR-UNH,1775.1230926513672,250000.0,38
2018-05-07,MS-V,-2748.855323791504,250000.0,38
2018-05-07,META-T,-9788.186492919922,250000.0,38
2018-05-07,T-VZ,-502.3156929016113,250000.0,38
2018-05-07,COP-MPC,1120.8005104064941,250000.0,38
2018-05-07,EOG-SLB,-2878.009620666504,250000.0,38
2018-05-08,DHR-UNH,2997.668083190918,250000.0,38
2018-05-08,MS-V,-544.5883636474609,250000.0,38
2018-05-08,T-VZ,-367.65992736816406,250000.0,38
2018-05-08,COP-MPC,-6046.032028198242,250000.0,38
2018-05-08,EOG-SLB,-1619.4356689453125,250000.0,38
2018-05-09,MS-V,265.15162658691406,250000.0,38
2018-05-09,T-VZ,-181.0022315979004,250000.0,38
2018-05-09,COP-MPC,-3202.7884483337402,250000.0,38
2018-05-09,EOG-SLB,-2099.9382553100586,250000.0,38
2018-05-10,MS-V,3098.791976928711,250000.0,38
2018-05-10,T-VZ,545.1687049865723,250000.0,38
2018-05-10,COP-MPC,-3876.643730163574,250000.0,38
2018-05-10,EOG-SLB,-935.6562728881836,250000.0,38
2018-05-10,SLB-XOM,0.0,250000.0,38
2018-05-11,MS-V,2045.48193359375,250000.0,38
2018-05-11,COP-MPC,-5851.225170135498,250000.0,38
2018-05-11,EOG-SLB,-3493.687156677246,250000.0,38
2018-05-11,SLB-XOM,-1305.5412826538086,250000.0,38
2018-05-14,MS-V,3315.3422317504883,250000.0,38
2018-05-14,COP-MPC,-2977.2228469848633,250000.0,38
2018-05-14,EOG-SLB,-3153.810874938965,250000.0,38
2018-05-14,SLB-XOM,-1298.6029891967773,250000.0,38
2018-05-15,MS-V,2237.320472717285,250000.0,38
2018-05-15,EOG-SLB,-432.7553939819336,250000.0,38
2018-05-15,SLB-XOM,-1175.0468978881836,250000.0,38
2018-05-16,MS-V,3070.298011779785,250000.0,38
2018-05-16,EOG-SLB,-3690.276397705078,250000.0,38
2018-05-16,SLB-XOM,3069.7152519226074,250000.0,38
2018-05-17,MS-V,4198.17268371582,250000.0,38
2018-05-17,EOG-SLB,-323.75634765625,250000.0,38
2018-05-17,COP-MPC,0.0,250000.0,38
2018-05-18,MS-V,874.8620452880859,250000.0,38
2018-05-18,EOG-SLB,-447.11907958984375,250000.0,38
2018-05-18,COP-MPC,880.6107330322266,250000.0,38
2018-05-21,MS-V,975.7341766357422,250000.0,38
2018-05-22,MS-V,2696.2705078125,250000.0,38
2018-05-25,CL-MO,0.0,250000.0,38
2018-05-29,CL-MO,1375.7104606628418,250000.0,38
2018-05-29,BAC-JPM,0.0,250000.0,38
2018-05-30,CL-MO,1194.0694885253906,250000.0,38
2018-05-30,BAC-JPM,2533.2546920776367,250000.0,38
2018-05-31,CL-MO,3712.0511322021484,250000.0,38
2018-05-31,BAC-JPM,1357.5786590576172,250000.0,38
2018-04-04,KO-WMT,0.0,250000.0,39
2018-04-05,KO-WMT,162.32880210876465,250000.0,39
2018-04-06,KO-WMT,1538.7517490386963,250000.0,39
2018-04-09,KO-WMT,1223.4722328186035,250000.0,39
2018-04-10,KO-WMT,181.89455223083496,250000.0,39
2018-04-11,KO-WMT,-1365.9016971588135,250000.0,39
2018-04-11,MS-PYPL,0.0,250000.0,39
2018-04-11,CVX-PSX,0.0,250000.0,39
2018-04-12,KO-WMT,-3123.884469985962,250000.0,39
2018-04-12,MS-PYPL,2237.641357421875,250000.0,39
2018-04-12,CVX-PSX,-227.1852569580078,250000.0,39
2018-04-13,KO-WMT,-6019.470520019531,250000.0,39
2018-04-13,MS-PYPL,-1354.0350799560547,250000.0,39
2018-04-13,CVX-PSX,-1821.9840469360352,250000.0,39
2018-04-16,KO-WMT,-5293.7442626953125,250000.0,39
2018-04-16,MS-PYPL,-1052.318603515625,250000.0,39
2018-04-16,CVX-MPC,0.0,250000.0,39
2018-04-17,KO-WMT,-4166.620946884155,250000.0,39
2018-04-17,CVX-MPC,-2987.0513801574707,250000.0,39
2018-04-18,KO-WMT,-1576.810432434082,250000.0,39
2018-04-18,CVX-MPC,-2691.123222351074,250000.0,39
2018-04-18,HD-LOW,0.0,250000.0,39
2018-04-19,KO-WMT,1251.356279373169,250000.0,39
2018-04-19,CVX-MPC,-4738.740100860596,250000.0,39
2018-04-19,HD-LOW,914.6241607666016,250000.0,39
2018-04-19,CL-WMT,0.0,250000.0,39
2018-04-20,KO-WMT,4090.1006965637207,250000.0,39
2018-04-20,CVX-MPC,-6515.094841003418,250000.0,39
2018-04-20,HD-LOW,-2595.5056915283203,250000.0,39
2018-04-23,CVX-MPC,-6246.833309173584,250000.0,39
2018-04-23,HD-LOW,-1736.896469116211,250000.0,39
2018-04-24,CVX-MPC,-6478.422176361084,250000.0,39
2018-04-24,HD-LOW,-2031.8152770996094,250000.0,39
2018-04-25,HD-LOW,-8367.763305664062,250000.0,39
2018-04-30,CVX-MPC,0.0,250000.0,39
2018-05-01,CVX-MPC,-6513.446708679199,250000.0,39
2018-05-01,MRK-PFE,0.0,250000.0,39
2018-05-01,LLY-PFE,0.0,250000.0,39
2018-05-02,CVX-MPC,2808.9639587402344,250000.0,39
2018-05-02,MRK-PFE,-2650.2349815368652,250000.0,39
2018-05-02,LLY-PFE,-3358.0844688415527,250000.0,39
2018-05-02,AAPL-CSCO,0.0,250000.0,39
2018-05-03,CVX-MPC,7811.947151184082,250000.0,39
2018-05-03,MRK-PFE,-3889.999439239502,250000.0,39
2018-05-03,LLY-PFE,-3474.7724800109863,250000.0,39
2018-05-03,AAPL-CSCO,3069.413619995117,250000.0,39
2018-05-04,CVX-MPC,6448.531562805176,250000.0,39
2018-05-04,MRK-PFE,-3632.8057746887207,250000.0,39
2018-05-04,LLY-PFE,-3274.9614448547363,250000.0,39
2018-05-04,AAPL-CSCO,2844.455841064453,250000.0,39
2018-05-07,CVX-MPC,5436.9796142578125,250000.0,39
2018-05-07,MRK-PFE,-2479.6213150024414,250000.0,39
2018-05-07,LLY-PFE,-2872.7190017700195,250000.0,39
2018-05-07,AAPL-CSCO,4312.852920532227,250000.0,39
2018-05-08,CVX-MPC,204.16596221923828,250000.0,39
2018-05-08,MRK-PFE,-1259.200569152832,250000.0,39
2018-05-08,LLY-PFE,-2773.239082336426,250000.0,39
2018-05-08,AAPL-CSCO,3541.2813034057617,250000.0,39
2018-05-09,CVX-MPC,4545.875061035156,250000.0,39
2018-05-09,MRK-PFE,-1582.3074188232422,250000.0,39
2018-05-09,LLY-PFE,-1827.1494598388672,250000.0,39
2018-05-09,AAPL-CSCO,4454.515289306641,250000.0,39
2018-05-09,MRK-UNH,0.0,250000.0,39
2018-05-10,CVX-MPC,5903.2856369018555,250000.0,39
2018-05-10,MRK-PFE,-238.70175170898438,250000.0,39
2018-05-10,LLY-PFE,-1942.5274047851562,250000.0,39
2018-05-10,AAPL-CSCO,3956.7260208129883,250000.0,39
2018-05-11,CVX-MPC,4412.898239135742,250000.0,39
2018-05-11,MRK-PFE,761.0520286560059,250000.0,39
2018-05-11,LLY-PFE,-275.2764320373535,250000.0,39
2018-05-11,AAPL-CSCO,2381.776138305664,250000.0,39
2018-05-14,CVX-MPC,7357.177093505859,250000.0,39
2018-05-14,MRK-PFE,3342.072895050049,250000.0,39
2018-05-14,LLY-PFE,1662.8655281066895,250000.0,39
2018-05-14,AAPL-CSCO,1397.1572799682617,250000.0,39
2018-05-15,CVX-MPC,5880.03311920166,250000.0,39
2018-05-15,MRK-PFE,2801.4067764282227,250000.0,39
2018-05-15,LLY-PFE,1323.019630432129,250000.0,39
2018-05-15,AAPL-CSCO,1411.4021072387695,250000.0,39
2018-05-16,CVX-MPC,4139.722801208496,250000.0,39
2018-05-16,MRK-PFE,1960.6456413269043,250000.0,39
2018-05-16,LLY-PFE,1728.6627616882324,250000.0,39
2018-05-16,AAPL-CSCO,-1702.9243469238281,250000.0,39
2018-05-17,MRK-PFE,3125.8508224487305,250000.0,39
2018-05-17,LLY-PFE,1452.3442306518555,250000.0,39
2018-05-18,MRK-PFE,2528.7631874084473,250000.0,39
2018-05-18,LLY-PFE,534.3889198303223,250000.0,39
2018-05-18,MS-PYPL,0.0,250000.0,39
2018-05-21,LLY-PFE,1920.453254699707,250000.0,39
2018-05-21,MS-PYPL,509.0680618286133,250000.0,39
2018-05-22,LLY-PFE,951.5839691162109,250000.0,39
2018-05-22,MS-PYPL,4742.13028717041,250000.0,39
2018-05-23,LLY-PFE,2264.516170501709,250000.0,39
2018-05-23,MS-PYPL,991.183952331543,250000.0,39
2018-05-23,HD-LOW,0.0,250000.0,39
2018-05-24,LLY-PFE,1663.363914489746,250000.0,39
2018-05-24,MS-PYPL,-2000.2282409667969,250000.0,39
2018-05-24,HD-LOW,-3891.8247985839844,250000.0,39
2018-05-25,LLY-PFE,104.71592330932617,250000.0,39
2018-05-25,MS-PYPL,-4522.709197998047,250000.0,39
2018-05-25,HD-LOW,-4957.135467529297,250000.0,39
2018-05-29,LLY-PFE,584.3253059387207,250000.0,39
2018-05-29,HD-LOW,-5868.524169921875,250000.0,39
2018-05-30,LLY-PFE,1629.7237586975098,250000.0,39
2018-05-30,HD-LOW,-4577.877197265625,250000.0,39
2018-05-31,HD-LOW,811.0548400878906,250000.0,39
2018-06-01,HD-LOW,87.479248046875,250000.0,39
2018-06-01,CVX-MPC,0.0,250000.0,39
2018-06-04,HD-LOW,2664.4418334960938,250000.0,39
2018-06-04,CVX-MPC,-3243.653533935547,250000.0,39
2018-06-05,HD-LOW,3946.6937255859375,250000.0,39
2018-06-05,CVX-MPC,2587.7974243164062,250000.0,39
2018-06-06,HD-LOW,4305.4022216796875,250000.0,39
2018-06-07,HD-LOW,6893.544006347656,250000.0,39
2018-06-07,AVGO-MSFT,0.0,250000.0,39
2018-06-08,HD-LOW,8276.487121582031,250000.0,39
2018-06-11,HD-LOW,9896.860656738281,250000.0,39
2018-06-12,HD-LOW,12904.856262207031,250000.0,39
2018-06-13,HD-LOW,13849.138946533203,250000.0,39
2018-06-14,HD-LOW,13488.138122558594,250000.0,39
2018-06-14,AAPL-CSCO,0.0,250000.0,39
2018-06-15,HD-LOW,15002.283325195312,250000.0,39
2018-06-15,AAPL-CSCO,1418.9118919372559,250000.0,39
2018-06-18,AAPL-CSCO,1589.6042404174805,250000.0,39
2018-06-19,AAPL-CSCO,2149.191192626953,250000.0,39
2018-06-19,LLY-TMO,0.0,250000.0,39
2018-06-20,AAPL-CSCO,3027.4178924560547,250000.0,39
2018-06-20,LLY-TMO,-806.7251586914062,250000.0,39
2018-06-20,HD-SBUX,0.0,250000.0,39
2018-06-20,LOW-SBUX,0.0,250000.0,39
2018-06-21,LLY-TMO,-3287.0886840820312,250000.0,39
2018-06-21,HD-SBUX,-7397.4638671875,250000.0,39
2018-06-21,LOW-SBUX,-7441.2686767578125,250000.0,39
2018-06-22,LLY-TMO,-507.6092529296875,250000.0,39
2018-06-22,HD-SBUX,-5046.412857055664,250000.0,39
2018-06-22,LOW-SBUX,-4768.487701416016,250000.0,39
2018-06-22,AVGO-NVDA,0.0,250000.0,39
2018-06-25,LLY-TMO,-4904.176940917969,250000.0,39
2018-06-25,HD-SBUX,-8042.000770568848,250000.0,39
2018-06-25,LOW-SBUX,-8026.376014709473,250000.0,39
2018-06-25,AVGO-NVDA,-4514.039713859558,250000.0,39
2018-06-25,CVX-MPC,0.0,250000.0,39
2018-06-26,LLY-TMO,-3972.9686279296875,250000.0,39
2018-06-26,HD-SBUX,-9386.650978088379,250000.0,39
2018-06-26,LOW-SBUX,-9268.37914276123,250000.0,39
2018-06-26,AVGO-NVDA,-777.2039384841919,250000.0,39
2018-06-26,CVX-MPC,-1288.756923675537,250000.0,39
2018-06-27,HD-SBUX,-12256.547813415527,250000.0,39
2018-06-27,LOW-SBUX,-12141.365882873535,250000.0,39
2018-06-27,AVGO-NVDA,-2605.0281476974487,250000.0,39
2018-05-01,DHR-PFE,0.0,250000.0,40
2018-05-02,DHR-PFE,-2100.224895477295,250000.0,40
2018-05-02,AAPL-AVGO,0.0,250000.0,40
2018-05-03,DHR-PFE,-2386.1482887268066,250000.0,40
2018-05-03,AAPL-AVGO,-4220.842222213745,250000.0,40
2018-05-04,DHR-PFE,-3175.7019538879395,250000.0,40
2018-05-04,AAPL-AVGO,-7278.814168930054,250000.0,40
2018-05-07,DHR-PFE,-1840.3251647949219,250000.0,40
2018-05-07,AAPL-AVGO,-3012.0970726013184,250000.0,40
2018-05-08,DHR-PFE,-1035.6953659057617,250000.0,40
2018-05-08,AAPL-AVGO,-995.4419784545898,250000.0,40
2018-05-09,DHR-PFE,-100.38508605957031,250000.0,40
2018-05-09,AAPL-AVGO,-3534.2192211151123,250000.0,40
2018-05-09,DIS-META,0.0,250000.0,40
2018-05-09,LLY-UNH,0.0,250000.0,40
2018-05-09,DIS-GOOGL,0.0,250000.0,40
2018-05-10,DHR-PFE,-442.8856430053711,250000.0,40
2018-05-10,AAPL-AVGO,-971.7928867340088,250000.0,40
2018-05-10,DIS-META,862.6908874511719,250000.0,40
2018-05-10,LLY-UNH,2697.2904205322266,250000.0,40
2018-05-10,DIS-GOOGL,-77.44647216796875,250000.0,40
2018-05-11,DHR-PFE,2114.7361183166504,250000.0,40
2018-05-11,AAPL-AVGO,-195.55054664611816,250000.0,40
2018-05-11,DIS-META,-42.48847961425781,250000.0,40
2018-05-11,DIS-GOOGL,1249.5335083007812,250000.0,40
2018-05-14,DHR-PFE,3711.0052528381348,250000.0,40
2018-05-14,AAPL-AVGO,1873.9060173034668,250000.0,40
2018-05-14,DIS-META,1472.5183868408203,250000.0,40
2018-05-14,DIS-GOOGL,1314.2055358886719,250000.0,40
2018-05-15,AAPL-AVGO,579.4283866882324,250000.0,40
2018-05-16,AAPL-AVGO,-2809.39448928833,250000.0,40
2018-05-17,ADBE-CSCO,0.0,250000.0,40
2018-05-18,ADBE-CSCO,-2127.633602142334,250000.0,40
2018-05-21,ADBE-CSCO,973.1861381530762,250000.0,40
2018-05-22,ADBE-CSCO,14.334907531738281,250000.0,40
2018-05-23,ADBE-CSCO,-2659.8448448181152,250000.0,40
2018-05-23,BA-GE,0.0,250000.0,40
2018-05-24,ADBE-CSCO,-3982.078079223633,250000.0,40
2018-05-24,BA-GE,7524.042213439941,250000.0,40
2018-05-24,AAPL-AVGO,0.0,250000.0,40
2018-05-25,ADBE-CSCO,-4881.303337097168,250000.0,40
2018-05-25,BA-GE,7427.629928588867,250000.0,40
2018-05-29,ADBE-CSCO,-5787.744346618652,250000.0,40
2018-05-29,BA-GE,3860.5587158203125,250000.0,40
2018-05-30,BA-GE,408.93702697753906,250000.0,40
2018-05-31,BA-GE,2281.4329528808594,250000.0,40
2018-05-31,DHR-PFE,0.0,250000.0,40
2018-06-01,BA-GE,18.182533264160156,250000.0,40
2018-06-01,DHR-PFE,74.80372619628906,250000.0,40
2018-06-01,ORCL-TXN,0.0,250000.0,40
2018-06-04,BA-GE,-9156.818183898926,250000.0,40
2018-06-04,DHR-PFE,931.8191795349121,250000.0,40
2018-06-04,ORCL-TXN,-2113.641914367676,250000.0,40
2018-06-04,INTC-MSFT,0.0,250000.0,40
2018-06-05,BA-GE,-7209.001049041748,250000.0,40
2018-06-05,DHR-PFE,1387.83203125,250000.0,40
2018-06-05,INTC-MSFT,-1806.4404067993164,250000.0,40
2018-06-06,INTC-MSFT,-1664.1401824951172,250000.0,40
2018-06-07,INTC-MSFT,270.5950622558594,250000.0,40
2018-06-07,CVX-PSX,0.0,250000.0,40
2018-06-08,INTC-MSFT,-3033.8312072753906,250000.0,40
2018-06-08,CVX-PSX,607.5203857421875,250000.0,40
2018-06-11,INTC-MSFT,-2540.4767456054688,250000.0,40
2018-06-11,CVX-PSX,-3068.4777603149414,250000.0,40
2018-06-12,INTC-MSFT,-2651.8294982910156,250000.0,40
2018-06-12,CVX-PSX,-4457.162612915039,250000.0,40
2018-06-13,INTC-MSFT,-1151.3656921386719,250000.0,40
2018-06-13,CVX-PSX,-3995.3997650146484,250000.0,40
2018-06-14,INTC-MSFT,-1655.3155975341797,250000.0,40
2018-06-14,CVX-PSX,-2391.5881958007812,250000.0,40
2018-06-14,ADBE-ORCL,0.0,250000.0,40
2018-06-15,INTC-MSFT,759.6645355224609,250000.0,40
2018-06-15,CVX-PSX,3900.082099914551,250000.0,40
2018-06-15,ADBE-ORCL,1121.3487091064453,250000.0,40
2018-06-18,CVX-PSX,-1732.4795684814453,250000.0,40
2018-06-18,ADBE-ORCL,3012.860420227051,250000.0,40
2018-06-19,CVX-PSX,-940.3823852539062,250000.0,40
2018-06-19,ADBE-ORCL,1054.8637924194336,250000.0,40
2018-06-20,CVX-PSX,-13.05242919921875,250000.0,40
2018-06-20,DHR-PFE,0.0,250000.0,40
2018-06-21,CVX-PSX,3089.771064758301,250000.0,40
2018-06-21,DHR-PFE,-679.1155014038086,250000.0,40
2018-06-22,DHR-PFE,-111.82379722595215,250000.0,40
2018-06-22,INTC-NVDA,0.0,250000.0,40
2018-06-25,DHR-PFE,144.13502311706543,250000.0,40
2018-06-25,NVDA-TXN,0.0,250000.0,40
2018-06-25,ADBE-NVDA,0.0,250000.0,40
2018-06-26,DHR-PFE,519.5587978363037,250000.0,40
2018-06-26,NVDA-TXN,-668.9295701980591,250000.0,40
2018-06-26,BA-GE,0.0,250000.0,40
2018-06-27,DHR-PFE,284.53990173339844,250000.0,40
2018-06-27,NVDA-TXN,443.69178771972656,250000.0,40
2018-06-27,BA-GE,-4512.0601806640625,250000.0,40
2018-06-28,DHR-PFE,167.1617431640625,250000.0,40
2018-06-28,NVDA-TXN,3882.934135913849,250000.0,40
2018-06-28,BA-GE,-482.97633361816406,250000.0,40
2018-06-28,LLY-UNH,0.0,250000.0,40
2018-06-29,DHR-PFE,802.5580730438232,250000.0,40
2018-06-29,NVDA-TXN,-1935.0179748535156,250000.0,40
2018-06-29,BA-GE,3815.5179748535156,250000.0,40
2018-06-29,LLY-UNH,945.2975769042969,250000.0,40
2018-07-02,DHR-PFE,-335.79766273498535,250000.0,40
2018-07-02,NVDA-TXN,2414.931010246277,250000.0,40
2018-07-02,BA-GE,8377.927291870117,250000.0,40
2018-07-02,LLY-UNH,1483.391830444336,250000.0,40
2018-07-03,DHR-PFE,18.794208526611328,250000.0,40
2018-07-03,NVDA-TXN,1056.2492356300354,250000.0,40
2018-07-03,BA-GE,7292.564987182617,250000.0,40
2018-07-03,LLY-UNH,-1043.8848876953125,250000.0,40
2018-07-05,NVDA-TXN,-69.24928331375122,250000.0,40
2018-07-05,BA-GE,6287.227294921875,250000.0,40
2018-07-05,LLY-UNH,2391.435791015625,250000.0,40
2018-07-06,NVDA-TXN,935.9316177368164,250000.0,40
2018-07-06,BA-GE,-850.2428588867188,250000.0,40
2018-07-06,LLY-UNH,80.83525085449219,250000.0,40
2018-07-09,NVDA-TXN,3898.446852684021,250000.0,40
2018-07-09,BA-GE,-160.80564880371094,250000.0,40
2018-07-09,LLY-UNH,1559.4061584472656,250000.0,40
2018-07-10,NVDA-TXN,3419.195481300354,250000.0,40
2018-07-10,BA-GE,-2357.595687866211,250000.0,40
2018-07-10,LLY-UNH,2908.2535247802734,250000.0,40
2018-07-11,NVDA-TXN,3253.2764859199524,250000.0,40
2018-07-11,LLY-UNH,3460.008285522461,250000.0,40
2018-07-11,DIS-META,0.0,250000.0,40
2018-07-11,DIS-GOOGL,0.0,250000.0,40
2018-07-12,LLY-UNH,759.4898376464844,250000.0,40
2018-07-12,DIS-META,4238.652214050293,250000.0,40
2018-07-12,ADBE-CSCO,0.0,250000.0,40
2018-07-12,AAPL-AVGO,0.0,250000.0,40
2018-07-13,LLY-UNH,980.0244598388672,250000.0,40
2018-07-13,DIS-META,-4993.375144958496,250000.0,40
2018-07-13,AAPL-AVGO,-9169.097175598145,250000.0,40
2018-07-13,INTC-MSFT,0.0,250000.0,40
2018-07-16,LLY-UNH,1211.6959075927734,250000.0,40
2018-07-16,DIS-META,-6215.823097229004,250000.0,40
2018-07-16,AAPL-AVGO,-7925.764472961426,250000.0,40
2018-07-16,INTC-MSFT,622.9147682189941,250000.0,40
2018-07-17,DIS-META,-3365.379524230957,250000.0,40
2018-07-17,AAPL-AVGO,-2291.0701904296875,250000.0,40
2018-07-17,INTC-MSFT,-2598.074420928955,250000.0,40
2018-07-18,DIS-META,-6310.298492431641,250000.0,40
2018-07-18,AAPL-AVGO,-974.5164566040039,250000.0,40
2018-07-18,INTC-MSFT,-717.2415962219238,250000.0,40
2018-07-19,AAPL-AVGO,-148.42093658447266,250000.0,40
2018-07-19,INTC-MSFT,1745.0066184997559,250000.0,40
2018-07-19,DHR-PFE,0.0,250000.0,40
2018-07-20,AAPL-AVGO,121.07369995117188,250000.0,40
2018-07-20,INTC-MSFT,-2892.0720291137695,250000.0,40
2018-07-20,DHR-PFE,1575.7447357177734,250000.0,40
2018-07-23,AAPL-AVGO,7606.099678039551,250000.0,40
2018-07-23,INTC-MSFT,-5760.83731842041,250000.0,40
2018-07-23,DHR-PFE,-947.8752593994141,250000.0,40
2018-07-24,AAPL-AVGO,7342.219390869141,250000.0,40
2018-07-24,INTC-MSFT,-5403.481979370117,250000.0,40
2018-07-24,DHR-PFE,1949.4231567382812,250000.0,40
2018-07-24,LLY-UNH,0.0,250000.0,40
2018-07-24,DIS-GOOGL,0.0,250000.0,40
2018-07-25,AAPL-AVGO,16304.591094970703,250000.0,40
2018-07-25,LLY-UNH,-6805.723594665527,250000.0,40
2018-07-25,DIS-GOOGL,-2113.9915771484375,250000.0,40
2018-07-25,NVDA-TXN,0.0,250000.0,40
2018-07-26,AAPL-AVGO,13422.712730407715,250000.0,40
2018-07-26,LLY-UNH,-1495.7423248291016,250000.0,40
2018-07-26,DIS-GOOGL,2882.9541397094727,250000.0,40
2018-07-26,NVDA-TXN,-2251.577283859253,250000.0,40
2018-07-26,DIS-META,0.0,250000.0,40
2018-07-27,AAPL-AVGO,13215.207618713379,250000.0,40
2018-07-27,LLY-UNH,-6167.401542663574,250000.0,40
2018-07-27,NVDA-TXN,-1491.31303024292,250000.0,40
2018-07-27,DIS-META,2169.9650344848633,250000.0,40
2018-07-30,NVDA-TXN,2584.068893432617,250000.0,40
2018-07-30,DIS-META,-3305.4334106445312,250000.0,40
2018-07-31,DIS-META,-5447.585662841797,250000.0,40
2018-07-31,DHR-PFE,0.0,250000.0,40
2018-06-01,DHR-GILD,0.0,250000.0,41
2018-06-04,GOOGL-META,0.0,250000.0,41
2018-06-04,INTC-MSFT,0.0,250000.0,41
2018-06-04,KO-PEP,0.0,250000.0,41
2018-06-05,GOOGL-META,23.126663208007812,250000.0,41
2018-06-05,INTC-MSFT,-1806.4404067993164,250000.0,41
2018-06-06,GOOGL-META,-1112.9214935302734,250000.0,41
2018-06-06,INTC-MSFT,-1664.1401824951172,250000.0,41
2018-06-06,MCD-TSLA,0.0,250000.0,41
2018-06-07,GOOGL-META,-2328.1502990722656,250000.0,41
2018-06-07,INTC-MSFT,270.5950622558594,250000.0,41
2018-06-07,CMCSA-T,0.0,250000.0,41
2018-06-08,GOOGL-META,-747.299243927002,250000.0,41
2018-06-08,INTC-MSFT,-3033.8312072753906,250000.0,41
2018-06-08,CMCSA-T,155.99776554107666,250000.0,41
2018-06-11,GOOGL-META,531.1049041748047,250000.0,41
2018-06-11,INTC-MSFT,-2540.4767456054688,250000.0,41
2018-06-11,CMCSA-T,-2735.7002305984497,250000.0,41
2018-06-12,GOOGL-META,-26.835350036621094,250000.0,41
2018-06-12,INTC-MSFT,-2651.8294982910156,250000.0,41
2018-06-12,CMCSA-T,-2549.6284589767456,250000.0,41
2018-06-13,GOOGL-META,893.0837860107422,250000.0,41
2018-06-13,INTC-MSFT,-1151.3656921386719,250000.0,41
2018-06-14,GOOGL-META,2943.886318206787,250000.0,41
2018-06-14,INTC-MSFT,-1655.3155975341797,250000.0,41
2018-06-15,GOOGL-META,1895.327995300293,250000.0,41
2018-06-15,INTC-MSFT,759.6645355224609,250000.0,41
2018-06-18,GOOGL-META,-492.2397041320801,250000.0,41
2018-06-19,DHR-MRK,0.0,250000.0,41
2018-06-20,HD-SBUX,0.0,250000.0,41
2018-06-21,HD-SBUX,-7397.4638671875,250000.0,41
2018-06-22,HD-SBUX,-5046.412857055664,250000.0,41
2018-06-22,SBUX-TJX,0.0,250000.0,41
2018-06-25,HD-SBUX,-8042.000770568848,250000.0,41
2018-06-25,SBUX-TJX,-1174.6385803222656,250000.0,41
2018-06-25,CRM-NVDA,0.0,250000.0,41
2018-06-26,HD-SBUX,-9386.650978088379,250000.0,41
2018-06-26,SBUX-TJX,-2011.8676452636719,250000.0,41
2018-06-26,CRM-NVDA,-38.43645000457764,250000.0,41
2018-06-27,HD-SBUX,-12256.547813415527,250000.0,41
2018-06-27,CRM-NVDA,-3594.4920806884766,250000.0,41
2018-06-28,CRM-NVDA,-742.064724445343,250000.0,41
2018-06-29,CRM-NVDA,-6580.82487487793,250000.0,41
2018-07-02,CRM-NVDA,-6345.939425468445,250000.0,41
2018-07-03,CRM-NVDA,-8554.53589105606,250000.0,41
2018-07-05,CRM-NVDA,-4957.789409160614,250000.0,41
2018-07-05,KO-PEP,0.0,250000.0,41
2018-07-05,MDLZ-PEP,0.0,250000.0,41
2018-07-06,CRM-NVDA,-2311.6078567504883,250000.0,41
2018-07-06,KO-PEP,237.10258102416992,250000.0,41
2018-07-06,MDLZ-PEP,-2868.678840637207,250000.0,41
2018-07-09,CRM-NVDA,-782.041449546814,250000.0,41
2018-07-09,KO-PEP,-1299.1720085144043,250000.0,41
2018-07-09,JPM-MS,0.0,250000.0,41
2018-07-10,CRM-NVDA,2484.2317876815796,250000.0,41
2018-07-10,KO-PEP,4300.55290222168,250000.0,41
2018-07-10,JPM-MS,991.972526550293,250000.0,41
2018-07-11,JPM-MS,88.08235168457031,250000.0,41
2018-07-11,BA-UNP,0.0,250000.0,41
2018-07-12,JPM-MS,-324.7454833984375,250000.0,41
2018-07-12,BA-UNP,-3471.0421142578125,250000.0,41
2018-07-12,GOOGL-META,0.0,250000.0,41
2018-07-12,COP-EOG,0.0,250000.0,41
2018-07-12,AMZN-HD,0.0,250000.0,41
2018-07-13,JPM-MS,1910.0703964233398,250000.0,41
2018-07-13,GOOGL-META,-502.1794128417969,250000.0,41
2018-07-13,COP-EOG,2160.5050048828125,250000.0,41
2018-07-13,AMZN-HD,-714.0972290039062,250000.0,41
2018-07-13,INTC-MSFT,0.0,250000.0,41
2018-07-16,GOOGL-META,1855.0566787719727,250000.0,41
2018-07-16,AMZN-HD,-1424.4966201782227,250000.0,41
2018-07-16,INTC-MSFT,622.9147682189941,250000.0,41
2018-07-17,GOOGL-META,21.957992553710938,250000.0,41
2018-07-17,AMZN-HD,-775.4163436889648,250000.0,41
2018-07-17,INTC-MSFT,-2598.074420928955,250000.0,41
2018-07-18,GOOGL-META,-685.6509704589844,250000.0,41
2018-07-18,AMZN-HD,-838.1859130859375,250000.0,41
2018-07-18,INTC-MSFT,-717.2415962219238,250000.0,41
2018-07-19,GOOGL-META,2086.00439453125,250000.0,41
2018-07-19,INTC-MSFT,1745.0066184997559,250000.0,41
2018-07-19,DHR-MRK,0.0,250000.0,41
2018-07-20,INTC-MSFT,-2892.0720291137695,250000.0,41
2018-07-20,DHR-MRK,4572.497627258301,250000.0,41
2018-07-23,INTC-MSFT,-5760.83731842041,250000.0,41
2018-07-23,DHR-MRK,862.3145980834961,250000.0,41
2018-07-24,INTC-MSFT,-5403.481979370117,250000.0,41
2018-07-24,DHR-MRK,2808.8937377929688,250000.0,41
2018-07-24,GOOGL-META,0.0,250000.0,41
2018-07-25,GOOGL-META,-2197.6146545410156,250000.0,41
2018-07-25,KO-PEP,0.0,250000.0,41
2018-07-26,KO-PEP,-1958.779670715332,250000.0,41
2018-07-27,KO-PEP,-3220.0151748657227,250000.0,41
2018-07-30,KO-PEP,-3637.5399475097656,250000.0,41
2018-07-31,KO-PEP,-5867.764518737793,250000.0,41
2018-08-02,MCD-TSLA,0.0,250000.0,41
2018-08-03,MCD-TSLA,2864.8670196533203,250000.0,41
2018-08-06,MCD-TSLA,8486.518661499023,250000.0,41
2018-08-07,MCD-TSLA,-19992.925827026367,250000.0,41
2018-08-08,MCD-TSLA,-6605.731796264648,250000.0,41
2018-08-09,MCD-TSLA,7084.558822631836,250000.0,41
2018-08-10,MCD-TSLA,3449.581787109375,250000.0,41
2018-08-13,MCD-TSLA,1519.1522369384766,250000.0,41
2018-08-13,DHR-MRK,0.0,250000.0,41
2018-08-14,MCD-TSLA,13587.867965698242,250000.0,41
2018-08-15,MCD-TSLA,18292.49464416504,250000.0,41
2018-08-16,COP-EOG,0.0,250000.0,41
2018-08-17,COP-EOG,-3705.9735107421875,250000.0,41
2018-08-17,CRM-NVDA,0.0,250000.0,41
2018-08-20,CRM-NVDA,2521.678572177887,250000.0,41
2018-08-21,SBUX-TJX,0.0,250000.0,41
2018-08-22,SBUX-TJX,6167.74222946167,250000.0,41
2018-08-23,SBUX-TJX,2812.7385787963867,250000.0,41
2018-08-24,SBUX-TJX,1035.3008117675781,250000.0,41
2018-08-27,SBUX-TJX,1600.7380638122559,250000.0,41
2018-08-27,JPM-MS,0.0,250000.0,41
2018-08-28,SBUX-TJX,941.8459701538086,250000.0,41
2018-08-28,JPM-MS,-984.1655578613281,250000.0,41
2018-08-29,SBUX-TJX,-2008.8055992126465,250000.0,41
2018-08-29,JPM-MS,-1022.3229370117188,250000.0,41
2018-08-30,SBUX-TJX,-1386.718189239502,250000.0,41
2018-08-30,JPM-MS,1801.4967651367188,250000.0,41
2018-08-31,SBUX-TJX,-6133.468097686768,250000.0,41
2018-08-31,JPM-MS,3692.9456787109375,250000.0,41
2018-08-31,BA-UNP,0.0,250000.0,41
2018-07-03,CMCSA-TMUS,0.0,250000.0,42
2018-07-05,GILD-PFE,0.0,250000.0,42
2018-07-06,GILD-PFE,-930.5135803222656,250000.0,42
2018-07-09,GILD-PFE,-854.4408531188965,250000.0,42
2018-07-09,DHR-TMO,0.0,250000.0,42
2018-07-10,DHR-TMO,-1305.274024963379,250000.0,42
2018-07-10,CL-PEP,0.0,250000.0,42
2018-07-11,DHR-TMO,515.0338516235352,250000.0,42
2018-07-11,CL-PEP,-534.8762512207031,250000.0,42
2018-07-12,DHR-TMO,-20.665176391601562,250000.0,42
2018-07-12,CL-PEP,1513.8930053710938,250000.0,42
2018-07-13,DHR-TMO,87.51960754394531,250000.0,42
2018-07-13,CL-PEP,496.14434814453125,250000.0,42
2018-07-16,DHR-TMO,666.8707962036133,250000.0,42
2018-07-16,CL-PEP,-449.01971435546875,250000.0,42
2018-07-17,DHR-TMO,1106.606590270996,250000.0,42
2018-07-17,CL-PEP,-3731.1690673828125,250000.0,42
2018-07-18,DHR-TMO,-1101.5814666748047,250000.0,42
2018-07-18,CL-PEP,-5637.964447021484,250000.0,42
2018-07-19,CL-PEP,-5190.3458251953125,250000.0,42
2018-07-19,CMCSA-TMUS,0.0,250000.0,42
2018-07-20,CL-PEP,-5183.644012451172,250000.0,42
2018-07-20,CMCSA-TMUS,3205.3981018066406,250000.0,42
2018-07-20,BA-HON,0.0,250000.0,42
2018-07-23,CL-PEP,-1893.1806030273438,250000.0,42
2018-07-23,CMCSA-TMUS,287.42666244506836,250000.0,42
2018-07-23,BA-HON,-1363.2828369140625,250000.0,42
2018-07-24,CL-PEP,-4201.311187744141,250000.0,42
2018-07-24,BA-HON,-2417.8712768554688,250000.0,42
2018-07-24,AMGN-LLY,0.0,250000.0,42
2018-07-25,DHR-TMO,0.0,250000.0,42
2018-07-26,DHR-TMO,-4572.043518066406,250000.0,42
2018-07-27,DHR-TMO,-3797.492477416992,250000.0,42
2018-07-27,AAPL-INTC,0.0,250000.0,42
2018-07-30,DHR-TMO,-5540.968322753906,250000.0,42
2018-07-30,AAPL-INTC,628.8372192382812,250000.0,42
2018-07-30,AAPL-ADBE,0.0,250000.0,42
2018-07-30,AAPL-CRM,0.0,250000.0,42
2018-07-31,AAPL-INTC,2573.811492919922,250000.0,42
2018-07-31,AAPL-ADBE,1936.2455024719238,250000.0,42
2018-07-31,AAPL-CRM,-2174.3181686401367,250000.0,42
2018-07-31,GILD-PFE,0.0,250000.0,42
2018-08-01,AAPL-INTC,258.56646728515625,250000.0,42
2018-08-01,AAPL-ADBE,-9290.061317443848,250000.0,42
2018-08-01,GILD-PFE,-2063.3301582336426,250000.0,42
2018-08-01,AAPL-MSFT,0.0,250000.0,42
2018-08-01,AAPL-TXN,0.0,250000.0,42
2018-08-02,AAPL-INTC,598.9967346191406,250000.0,42
2018-08-02,GILD-PFE,-547.7044639587402,250000.0,42
2018-08-02,AAPL-MSFT,-2916.1962966918945,250000.0,42
2018-08-02,AAPL-TXN,-3761.7863235473633,250000.0,42
2018-08-02,CMCSA-TMUS,0.0,250000.0,42
2018-08-03,AAPL-INTC,1062.3741149902344,250000.0,42
2018-08-03,GILD-PFE,-5886.849842071533,250000.0,42
2018-08-03,AAPL-MSFT,-2417.1188049316406,250000.0,42
2018-08-03,AAPL-TXN,-3004.0556030273438,250000.0,42
2018-08-03,CMCSA-TMUS,5858.770782470703,250000.0,42
2018-08-06,AAPL-INTC,322.3650817871094,250000.0,42
2018-08-06,GILD-PFE,-9099.816188812256,250000.0,42
2018-08-06,AAPL-MSFT,-3296.4010620117188,250000.0,42
2018-08-06,AAPL-TXN,-3585.43359375,250000.0,42
2018-08-07,AAPL-INTC,3488.13427734375,250000.0,42
2018-08-07,GILD-PFE,-7360.433570861816,250000.0,42
2018-08-07,AAPL-MSFT,447.16162109375,250000.0,42
2018-08-07,AAPL-TXN,4539.998962402344,250000.0,42
2018-08-08,AAPL-MSFT,1740.1547012329102,250000.0,42
2018-08-08,AAPL-TXN,5286.489555358887,250000.0,42
2018-08-09,AAPL-MSFT,516.9892272949219,250000.0,42
2018-08-09,AAPL-TXN,-606.6068801879883,250000.0,42
2018-08-10,AAPL-MSFT,-430.0612144470215,250000.0,42
2018-08-10,AAPL-TXN,-9491.051139831543,250000.0,42
2018-08-13,AAPL-MSFT,-3646.2702407836914,250000.0,42
2018-08-14,AAPL-MSFT,-1363.6513175964355,250000.0,42
2018-08-15,AAPL-MSFT,-5354.108104705811,250000.0,42
2018-08-15,AMGN-GILD,0.0,250000.0,42
2018-08-16,AMGN-GILD,18.058055877685547,250000.0,42
2018-08-16,MA-PYPL,0.0,250000.0,42
2018-08-17,MA-PYPL,812.9335632324219,250000.0,42
2018-08-17,GILD-PFE,0.0,250000.0,42
2018-08-17,AAPL-ADBE,0.0,250000.0,42
2018-08-20,MA-PYPL,-14.066558837890625,250000.0,42
2018-08-20,GILD-PFE,-2598.1070346832275,250000.0,42
2018-08-21,GILD-PFE,422.00818061828613,250000.0,42
2018-08-22,GILD-PFE,2003.716049194336,250000.0,42
2018-08-23,GILD-PFE,226.3716049194336,250000.0,42
2018-08-24,GILD-PFE,-437.8523769378662,250000.0,42
2018-08-24,AAPL-CRM,0.0,250000.0,42
2018-08-24,CMCSA-TMUS,0.0,250000.0,42
2018-08-27,AAPL-CRM,2564.1937675476074,250000.0,42
2018-08-27,CMCSA-TMUS,1907.9492454528809,250000.0,42
2018-08-27,CL-COST,0.0,250000.0,42
2018-08-28,AAPL-CRM,1944.6663703918457,250000.0,42
2018-08-28,CMCSA-TMUS,1582.8877754211426,250000.0,42
2018-08-28,CL-COST,1642.6779556274414,250000.0,42
2018-08-29,AAPL-CRM,1825.7514953613281,250000.0,42
2018-08-29,CMCSA-TMUS,686.4895324707031,250000.0,42
2018-08-29,CL-COST,758.0210952758789,250000.0,42
2018-08-30,CMCSA-TMUS,1218.8244495391846,250000.0,42
2018-08-31,CMCSA-TMUS,-516.1209106445312,250000.0,42
2018-09-04,CMCSA-TMUS,2091.5810222625732,250000.0,42
2018-09-05,CMCSA-TMUS,2458.9669551849365,250000.0,42
2018-09-05,AAPL-MSFT,0.0,250000.0,42
2018-09-05,BAC-JPM,0.0,250000.0,42
2018-09-05,COST-MDLZ,0.0,250000.0,42
2018-09-06,CMCSA-TMUS,3880.993890762329,250000.0,42
2018-09-06,AAPL-MSFT,3187.319534301758,250000.0,42
2018-09-06,BAC-JPM,507.9055404663086,250000.0,42
2018-09-06,COST-MDLZ,722.6381072998047,250000.0,42
2018-09-06,GILD-UNH,0.0,250000.0,42
2018-09-07,CMCSA-TMUS,-1928.7123832702637,250000.0,42
2018-09-07,AAPL-MSFT,3212.899757385254,250000.0,42
2018-09-07,BAC-JPM,900.1288528442383,250000.0,42
2018-09-07,GILD-UNH,130.78555297851562,250000.0,42
2018-09-10,CMCSA-TMUS,1408.5820636749268,250000.0,42
2018-09-10,BAC-JPM,-80.19293975830078,250000.0,42
2018-09-10,AMGN-GILD,0.0,250000.0,42
2018-09-11,CMCSA-TMUS,3104.0352725982666,250000.0,42
2018-09-11,BAC-JPM,1227.7873992919922,250000.0,42
2018-09-11,AMGN-GILD,2841.063674926758,250000.0,42
2018-09-13,BAC-JPM,0.0,250000.0,42
2018-09-14,BAC-JPM,2096.342960357666,250000.0,42
2018-09-17,BAC-JPM,544.7544708251953,250000.0,42
2018-09-18,BAC-JPM,-1092.7928466796875,250000.0,42
2018-09-19,BAC-JPM,-1352.6062030792236,250000.0,42
2018-09-20,BAC-JPM,-1880.8530578613281,250000.0,42
2018-09-21,BAC-JPM,-1591.3343467712402,250000.0,42
2018-09-24,BAC-JPM,-1691.2995986938477,250000.0,42
2018-09-24,CMCSA-TMUS,0.0,250000.0,42
2018-09-25,BAC-JPM,-1589.3944129943848,250000.0,42
2018-09-25,CMCSA-TMUS,-3545.0557708740234,250000.0,42
2018-09-25,GILD-UNH,0.0,250000.0,42
2018-09-26,BAC-JPM,-3391.827730178833,250000.0,42
2018-09-26,CMCSA-TMUS,-1362.6646041870117,250000.0,42
2018-09-26,GILD-UNH,-1452.7351531982422,250000.0,42
2018-09-27,CMCSA-TMUS,-8587.408027648926,250000.0,42
2018-09-27,GILD-UNH,-1048.5278701782227,250000.0,42
2018-09-28,CMCSA-TMUS,-6122.476654052734,250000.0,42
2018-09-28,GILD-UNH,-574.3718338012695,250000.0,42
2018-08-07,COST-PEP,0.0,250000.0,43
2018-08-08,COST-PEP,-2137.1852264404297,250000.0,43
2018-08-09,COST-PEP,3076.7622604370117,250000.0,43
2018-08-10,COST-PEP,-291.6224060058594,250000.0,43
2018-08-13,COST-PEP,599.0331573486328,250000.0,43
2018-08-14,COST-PEP,-1055.7333145141602,250000.0,43
2018-08-15,COST-PEP,-42.43952941894531,250000.0,43
2018-08-16,COST-PEP,568.1550903320312,250000.0,43
2018-08-16,HON-LMT,0.0,250000.0,43
2018-08-16,KO-WMT,0.0,250000.0,43
2018-08-16,T-VZ,0.0,250000.0,43
2018-08-16,MA-PYPL,0.0,250000.0,43
2018-08-17,COST-PEP,254.38274383544922,250000.0,43
2018-08-17,HON-LMT,1065.4264297485352,250000.0,43
2018-08-17,KO-WMT,3116.060464859009,250000.0,43
2018-08-17,T-VZ,-2337.2870445251465,250000.0,43
2018-08-17,MA-PYPL,812.9335632324219,250000.0,43
2018-08-20,COST-PEP,-1260.5904846191406,250000.0,43
2018-08-20,HON-LMT,2002.9390563964844,250000.0,43
2018-08-20,KO-WMT,8185.714210510254,250000.0,43
2018-08-20,MA-PYPL,-14.066558837890625,250000.0,43
2018-08-21,COST-PEP,-4603.549690246582,250000.0,43
2018-08-21,HON-LMT,2694.4403762817383,250000.0,43
2018-08-21,KO-WMT,6487.838659286499,250000.0,43
2018-08-22,KO-WMT,6676.792680740356,250000.0,43
2018-08-23,KO-WMT,7244.337173461914,250000.0,43
2018-08-24,KO-WMT,7622.057321548462,250000.0,43
2018-08-27,KO-WMT,8836.95136833191,250000.0,43
2018-08-27,CL-COST,0.0,250000.0,43
2018-08-28,KO-WMT,4021.401330947876,250000.0,43
2018-08-28,CL-COST,1642.6779556274414,250000.0,43
2018-08-29,KO-WMT,4993.9523849487305,250000.0,43
2018-08-29,CL-COST,758.0210952758789,250000.0,43
2018-08-30,KO-WMT,2714.1323375701904,250000.0,43
2018-08-31,KO-WMT,2208.394245147705,250000.0,43
2018-08-31,MDLZ-PG,0.0,250000.0,43
2018-09-04,KO-WMT,4032.486619949341,250000.0,43
2018-09-04,MDLZ-PG,-28.418807983398438,250000.0,43
2018-09-05,KO-WMT,2656.838146209717,250000.0,43
2018-09-05,MDLZ-PG,-4558.382873535156,250000.0,43
2018-09-05,UNP-UPS,0.0,250000.0,43
2018-09-05,MO-PG,0.0,250000.0,43
2018-09-05,COST-MDLZ,0.0,250000.0,43
2018-09-05,MO-PEP,0.0,250000.0,43
2018-09-06,KO-WMT,4230.972946166992,250000.0,43
2018-09-06,UNP-UPS,-2658.5816345214844,250000.0,43
2018-09-06,MO-PG,-2816.2313537597656,250000.0,43
2018-09-06,COST-MDLZ,722.6381072998047,250000.0,43
2018-09-06,MO-PEP,1870.8573608398438,250000.0,43
2018-09-06,CSCO-NVDA,0.0,250000.0,43
2018-09-07,KO-WMT,5655.714223861694,250000.0,43
2018-09-07,MO-PG,-5932.474174499512,250000.0,43
2018-09-07,MO-PEP,-865.8693656921387,250000.0,43
2018-09-07,CSCO-NVDA,120.0682144165039,250000.0,43
2018-09-10,KO-WMT,3940.72758102417,250000.0,43
2018-09-10,MO-PG,-2283.0222091674805,250000.0,43
2018-09-10,MO-PEP,3592.1907081604004,250000.0,43
2018-09-10,CSCO-NVDA,2672.021050930023,250000.0,43
2018-09-11,KO-WMT,4482.361982345581,250000.0,43
2018-09-11,MO-PG,3707.727958679199,250000.0,43
2018-09-11,CSCO-NVDA,1060.7843613624573,250000.0,43
2018-09-12,KO-WMT,6825.173273086548,250000.0,43
2018-09-12,CSCO-NVDA,-2602.9255356788635,250000.0,43
2018-09-13,KO-WMT,8920.282249450684,250000.0,43
2018-09-13,CSCO-NVDA,-1107.0201292037964,250000.0,43
2018-09-14,KO-WMT,10736.442087173462,250000.0,43
2018-09-14,CSCO-NVDA,2926.8719787597656,250000.0,43
2018-09-17,KO-WMT,11129.257869720459,250000.0,43
2018-09-17,CSCO-NVDA,1780.6186790466309,250000.0,43
2018-09-18,KO-WMT,8430.283992767334,250000.0,43
2018-09-18,CSCO-NVDA,-2269.305636882782,250000.0,43
2018-09-19,KO-WMT,9000.4443359375,250000.0,43
2018-09-19,CSCO-NVDA,-678.3572340011597,250000.0,43
2018-09-20,KO-WMT,9718.376733779907,250000.0,43
2018-09-20,CSCO-NVDA,-7680.861954689026,250000.0,43
2018-09-21,KO-WMT,9160.905452728271,250000.0,43
2018-09-24,KO-WMT,10136.647933959961,250000.0,43
2018-09-27,PYPL-V,0.0,250000.0,43
2018-10-04,MO-PG,0.0,250000.0,43
2018-10-05,MO-PG,-515.1231803894043,250000.0,43
2018-10-05,COST-MDLZ,0.0,250000.0,43
2018-10-08,MO-PG,-4368.213851928711,250000.0,43
2018-10-08,COST-MDLZ,-161.872802734375,250000.0,43
2018-10-09,MO-PG,-4684.797271728516,250000.0,43
2018-10-09,COST-MDLZ,911.8765411376953,250000.0,43
2018-10-09,HON-LMT,0.0,250000.0,43
2018-10-10,MO-PG,-6206.574996948242,250000.0,43
2018-10-10,COST-MDLZ,2099.2506256103516,250000.0,43
2018-10-19,CL-PG,0.0,250000.0,43
2018-10-19,MO-PG,0.0,250000.0,43
2018-10-19,MA-PYPL,0.0,250000.0,43
2018-10-19,MDLZ-PG,0.0,250000.0,43
2018-10-22,CL-PG,-1590.3270950317383,250000.0,43
2018-10-22,MO-PG,234.87376022338867,250000.0,43
2018-10-22,MA-PYPL,-633.7709045410156,250000.0,43
2018-10-22,MDLZ-PG,-503.91992568969727,250000.0,43
2018-10-23,CL-PG,-4174.44172668457,250000.0,43
2018-10-23,MO-PG,124.42081069946289,250000.0,43
2018-10-23,MA-PYPL,-8787.450469970703,250000.0,43
2018-10-23,MDLZ-PG,-3362.0092964172363,250000.0,43
2018-10-24,CL-PG,-5695.184326171875,250000.0,43
2018-10-24,MO-PG,-5189.868896484375,250000.0,43
2018-10-24,MA-PYPL,-1582.3889465332031,250000.0,43
2018-10-24,MDLZ-PG,-9530.16408920288,250000.0,43
2018-10-24,CSCO-NVDA,0.0,250000.0,43
2018-10-25,CL-PG,-7727.731269836426,250000.0,43
2018-10-25,MO-PG,-1522.0448875427246,250000.0,43
2018-10-25,MA-PYPL,-2463.740280151367,250000.0,43
2018-10-25,MDLZ-PG,-10442.60456085205,250000.0,43
2018-10-25,CSCO-NVDA,4589.226932525635,250000.0,43
2018-10-25,HON-LMT,0.0,250000.0,43
2018-10-26,MO-PG,1548.8634490966797,250000.0,43
2018-10-26,MA-PYPL,-804.5144805908203,250000.0,43
2018-10-26,MDLZ-PG,-13379.853630065918,250000.0,43
2018-10-26,CSCO-NVDA,-2172.9105072021484,250000.0,43
2018-10-26,HON-LMT,964.4479675292969,250000.0,43
2018-10-29,MO-PG,4608.595111846924,250000.0,43
2018-10-29,MA-PYPL,-4.598907470703125,250000.0,43
2018-10-29,MDLZ-PG,-14468.04141998291,250000.0,43
2018-10-29,CSCO-NVDA,-16305.918544769287,250000.0,43
2018-10-30,MO-PG,5427.855316162109,250000.0,43
2018-10-30,MA-PYPL,-2216.043914794922,250000.0,43
2018-10-30,MDLZ-PG,-3182.3927307128906,250000.0,43
2018-10-30,CSCO-NVDA,2322.601837158203,250000.0,43
2018-10-31,MO-PG,4593.068012237549,250000.0,43
2018-10-31,MA-PYPL,-3061.880096435547,250000.0,43
2018-10-31,MDLZ-PG,-2697.5412368774414,250000.0,43
2018-10-31,CSCO-NVDA,7142.081756591797,250000.0,43
2018-09-05,BAC-JPM,0.0,250000.0,44
2018-09-06,BAC-JPM,507.9055404663086,250000.0,44
2018-09-06,CAT-LMT,0.0,250000.0,44
2018-09-06,JNJ-LLY,0.0,250000.0,44
2018-09-07,BAC-JPM,900.1288528442383,250000.0,44
2018-09-07,CAT-LMT,210.3732452392578,250000.0,44
2018-09-07,JNJ-LLY,2031.2384872436523,250000.0,44
2018-09-10,BAC-JPM,-80.19293975830078,250000.0,44
2018-09-10,JNJ-LLY,1050.327751159668,250000.0,44
2018-09-10,AMGN-UNH,0.0,250000.0,44
2018-09-11,BAC-JPM,1227.7873992919922,250000.0,44
2018-09-11,JNJ-LLY,-6306.751441955566,250000.0,44
2018-09-11,AMGN-UNH,3843.9129791259766,250000.0,44
2018-09-12,JNJ-LLY,-9124.702392578125,250000.0,44
2018-09-12,AMGN-UNH,5386.476867675781,250000.0,44
2018-09-13,AMGN-UNH,5174.993133544922,250000.0,44
2018-09-13,ABT-LLY,0.0,250000.0,44
2018-09-13,BAC-JPM,0.0,250000.0,44
2018-09-14,ABT-LLY,-1114.3354759216309,250000.0,44
2018-09-14,BAC-JPM,2096.342960357666,250000.0,44
2018-09-17,ABT-LLY,6105.812496185303,250000.0,44
2018-09-17,BAC-JPM,544.7544708251953,250000.0,44
2018-09-17,COP-MPC,0.0,250000.0,44
2018-09-18,ABT-LLY,1586.6992835998535,250000.0,44
2018-09-18,BAC-JPM,-1092.7928466796875,250000.0,44
2018-09-18,COP-MPC,-2314.3410301208496,250000.0,44
2018-09-19,ABT-LLY,-1969.8254928588867,250000.0,44
2018-09-19,BAC-JPM,-1352.6062030792236,250000.0,44
2018-09-20,ABT-LLY,-4042.1480674743652,250000.0,44
2018-09-20,BAC-JPM,-1880.8530578613281,250000.0,44
2018-09-20,DIS-META,0.0,250000.0,44
2018-09-21,ABT-LLY,-5983.936855316162,250000.0,44
2018-09-21,BAC-JPM,-1591.3343467712402,250000.0,44
2018-09-24,BAC-JPM,-1691.2995986938477,250000.0,44
2018-09-24,ABT-PFE,0.0,250000.0,44
2018-09-24,CVX-EOG,0.0,250000.0,44
2018-09-25,BAC-JPM,-1589.3944129943848,250000.0,44
2018-09-25,ABT-PFE,-5540.959215164185,250000.0,44
2018-09-25,CVX-EOG,-2227.102325439453,250000.0,44
2018-09-25,AMGN-UNH,0.0,250000.0,44
2018-09-25,JNJ-MRK,0.0,250000.0,44
2018-09-25,JNJ-LLY,0.0,250000.0,44
2018-09-26,BAC-JPM,-3391.827730178833,250000.0,44
2018-09-26,ABT-PFE,-10162.007144927979,250000.0,44
2018-09-26,CVX-EOG,-3642.2822647094727,250000.0,44
2018-09-26,AMGN-UNH,-866.0006256103516,250000.0,44
2018-09-26,JNJ-MRK,141.90249633789062,250000.0,44
2018-09-26,JNJ-LLY,-3003.9230728149414,250000.0,44
2018-09-27,ABT-PFE,-10033.805389404297,250000.0,44
2018-09-27,AMGN-UNH,-870.9454345703125,250000.0,44
2018-09-27,JNJ-MRK,-1114.042724609375,250000.0,44
2018-09-27,JNJ-LLY,-3707.317169189453,250000.0,44
2018-09-28,ABT-PFE,-11188.751640319824,250000.0,44
2018-09-28,AMGN-UNH,1732.0682983398438,250000.0,44
2018-09-28,JNJ-MRK,-1995.652099609375,250000.0,44
2018-09-28,JNJ-LLY,-5336.2015380859375,250000.0,44
2018-10-01,JNJ-MRK,-947.157356262207,250000.0,44
2018-10-01,JNJ-LLY,-1077.7365646362305,250000.0,44
2018-10-02,JNJ-MRK,-95.81443786621094,250000.0,44
2018-10-02,JNJ-LLY,640.4970779418945,250000.0,44
2018-10-03,JNJ-MRK,-1742.6830749511719,250000.0,44
2018-10-03,JNJ-LLY,-5636.728782653809,250000.0,44
2018-10-04,JNJ-MRK,-551.9572525024414,250000.0,44
2018-10-05,JNJ-MRK,-395.5128173828125,250000.0,44
2018-10-05,GOOGL-NFLX,0.0,250000.0,44
2018-10-08,JNJ-MRK,-1318.4711074829102,250000.0,44
2018-10-08,GOOGL-NFLX,-3467.8913040161133,250000.0,44
2018-10-08,CAT-UPS,0.0,250000.0,44
2018-10-09,JNJ-MRK,-4823.961265563965,250000.0,44
2018-10-09,GOOGL-NFLX,-450.0152053833008,250000.0,44
2018-10-09,CAT-UPS,243.19839477539062,250000.0,44
2018-10-10,CAT-UPS,604.2252578735352,250000.0,44
2018-10-10,CVX-EOG,0.0,250000.0,44
2018-10-10,DIS-META,0.0,250000.0,44
2018-10-11,CVX-EOG,-1359.4844436645508,250000.0,44
2018-10-11,DIS-META,-1553.0218963623047,250000.0,44
2018-10-12,CVX-EOG,1048.8293914794922,250000.0,44
2018-10-12,DIS-META,3192.7340240478516,250000.0,44
2018-10-12,JNJ-MRK,0.0,250000.0,44
2018-10-15,DIS-META,5161.650833129883,250000.0,44
2018-10-15,JNJ-MRK,1421.1225204467773,250000.0,44
2018-10-16,JNJ-MRK,595.6135101318359,250000.0,44
2018-10-16,AMGN-UNH,0.0,250000.0,44
2018-10-19,COP-MPC,0.0,250000.0,44
2018-10-19,MA-PYPL,0.0,250000.0,44
2018-10-22,COP-MPC,2361.851348876953,250000.0,44
2018-10-22,MA-PYPL,-633.7709045410156,250000.0,44
2018-10-23,COP-MPC,6087.775707244873,250000.0,44
2018-10-23,MA-PYPL,-8787.450469970703,250000.0,44
2018-10-23,CAT-LMT,0.0,250000.0,44
2018-10-23,CAT-HON,0.0,250000.0,44
2018-10-24,COP-MPC,5713.045902252197,250000.0,44
2018-10-24,MA-PYPL,-1582.3889465332031,250000.0,44
2018-10-24,CAT-LMT,-2541.6090393066406,250000.0,44
2018-10-24,CAT-HON,-2305.440139770508,250000.0,44
2018-10-24,T-TMUS,0.0,250000.0,44
2018-10-25,COP-MPC,3390.6032180786133,250000.0,44
2018-10-25,MA-PYPL,-2463.740280151367,250000.0,44
2018-10-25,CAT-LMT,6328.468978881836,250000.0,44
2018-10-25,CAT-HON,-389.3850402832031,250000.0,44
2018-10-25,T-TMUS,-7909.010871887207,250000.0,44
2018-10-25,AMGN-UNH,0.0,250000.0,44
2018-10-25,JNJ-MRK,0.0,250000.0,44
2018-10-26,COP-MPC,-2055.8363914489746,250000.0,44
2018-10-26,MA-PYPL,-804.5144805908203,250000.0,44
2018-10-26,CAT-LMT,6469.988189697266,250000.0,44
2018-10-26,CAT-HON,1036.7312927246094,250000.0,44
2018-10-26,AMGN-UNH,3826.828582763672,250000.0,44
2018-10-29,COP-MPC,-3325.2689170837402,250000.0,44
2018-10-29,MA-PYPL,-4.598907470703125,250000.0,44
2018-10-29,CAT-HON,31.935470581054688,250000.0,44
2018-10-30,COP-MPC,-6162.940921783447,250000.0,44
2018-10-30,MA-PYPL,-2216.043914794922,250000.0,44
2018-10-30,CAT-HON,2561.159439086914,250000.0,44
2018-10-31,COP-MPC,-2010.2666473388672,250000.0,44
2018-10-31,MA-PYPL,-3061.880096435547,250000.0,44
2018-10-31,CAT-HON,5790.602157592773,250000.0,44
2018-11-01,COP-MPC,1321.3887786865234,250000.0,44
2018-11-01,MA-PYPL,-3750.8385009765625,250000.0,44
2018-11-02,COP-MPC,2477.173595428467,250000.0,44
2018-11-02,MA-PYPL,-1012.3813018798828,250000.0,44
2018-11-02,CVX-EOG,0.0,250000.0,44
2018-11-05,CVX-EOG,-3623.42578125,250000.0,44
2018-11-06,CVX-EOG,-1103.1384582519531,250000.0,44
2018-11-07,CVX-EOG,-2925.0247650146484,250000.0,44
2018-11-08,CVX-EOG,-8622.330139160156,250000.0,44
2018-11-09,CVX-EOG,-7487.752090454102,250000.0,44
2018-11-09,CAT-LMT,0.0,250000.0,44
2018-11-12,CVX-EOG,-11147.110717773438,250000.0,44
2018-11-13,CVX-EOG,-11324.762603759766,250000.0,44
2018-11-19,DIS-META,0.0,250000.0,44
2018-11-19,CAT-UPS,0.0,250000.0,44
2018-11-20,DIS-META,-16197.622604370117,250000.0,44
2018-11-20,CAT-UPS,3350.651168823242,250000.0,44
2018-11-21,DIS-META,-5816.694931030273,250000.0,44
2018-11-21,CVX-EOG,0.0,250000.0,44
2018-11-21,JNJ-MRK,0.0,250000.0,44
2018-11-23,DIS-META,-16470.75164794922,250000.0,44
2018-11-23,CVX-EOG,-1911.7005310058594,250000.0,44
2018-11-23,JNJ-MRK,925.8533172607422,250000.0,44
2018-11-26,DIS-META,-5268.367630004883,250000.0,44
2018-11-26,CVX-EOG,-1241.667007446289,250000.0,44
2018-11-26,JNJ-MRK,-1559.9333190917969,250000.0,44
2018-11-27,DIS-META,-1095.266616821289,250000.0,44
2018-11-27,CVX-EOG,984.4936370849609,250000.0,44
2018-11-27,JNJ-MRK,-496.8290481567383,250000.0,44
2018-11-28,DIS-META,13323.522842407227,250000.0,44
2018-10-01,BA-CAT,0.0,250000.0,45
2018-10-02,BA-CAT,636.9016418457031,250000.0,45
2018-10-03,BA-CAT,1083.9344177246094,250000.0,45
2018-10-04,BA-CAT,670.9147338867188,250000.0,45
2018-10-05,BA-CAT,-1927.9679565429688,250000.0,45
2018-10-08,BA-CAT,-1256.385986328125,250000.0,45
2018-10-09,BA-CAT,-7355.237121582031,250000.0,45
2018-10-10,BA-CAT,-1220.0917663574219,250000.0,45
2018-10-10,LMT-UNP,0.0,250000.0,45
2018-10-11,BA-CAT,2369.0674438476562,250000.0,45
2018-10-12,BA-CAT,2443.196746826172,250000.0,45
2018-10-15,BA-CAT,3064.7889404296875,250000.0,45
2018-10-17,CL-MDLZ,0.0,250000.0,45
2018-10-18,CL-MDLZ,895.4603958129883,250000.0,45
2018-10-19,CL-MDLZ,-720.6753158569336,250000.0,45
2018-10-22,CL-MDLZ,10.01877212524414,250000.0,45
2018-10-22,BA-RTX,0.0,250000.0,45
2018-10-23,CL-MDLZ,-287.7684745788574,250000.0,45
2018-10-23,CAT-LMT,0.0,250000.0,45
2018-10-23,BA-CAT,0.0,250000.0,45
2018-10-24,CL-MDLZ,-4033.908908843994,250000.0,45
2018-10-24,CAT-LMT,-2541.6090393066406,250000.0,45
2018-10-24,BA-CAT,-16946.232879638672,250000.0,45
2018-10-24,BA-RTX,0.0,250000.0,45
2018-10-24,AAPL-NVDA,0.0,250000.0,45
2018-10-25,CL-MDLZ,-3259.0970306396484,250000.0,45
2018-10-25,CAT-LMT,6328.468978881836,250000.0,45
2018-10-25,BA-CAT,-15980.997085571289,250000.0,45
2018-10-25,BA-RTX,15.9144287109375,250000.0,45
2018-10-25,AAPL-NVDA,8300.723709106445,250000.0,45
2018-10-26,CAT-LMT,6469.988189697266,250000.0,45
2018-10-26,BA-CAT,-14265.650497436523,250000.0,45
2018-10-26,BA-RTX,-33.62089538574219,250000.0,45
2018-10-26,AAPL-NVDA,-1986.718635559082,250000.0,45
2018-10-26,MA-V,0.0,250000.0,45
2018-10-29,BA-CAT,-1075.8875122070312,250000.0,45
2018-10-29,AAPL-NVDA,-15916.031967163086,250000.0,45
2018-10-29,MA-V,-1274.370620727539,250000.0,45
2018-10-29,LMT-UNP,0.0,250000.0,45
2018-10-29,AMZN-TJX,0.0,250000.0,45
2018-10-30,BA-CAT,-3101.5841369628906,250000.0,45
2018-10-30,AAPL-NVDA,5362.482833862305,250000.0,45
2018-10-30,MA-V,-2254.784912109375,250000.0,45
2018-10-30,LMT-UNP,-4955.97257232666,250000.0,45
2018-10-30,AMZN-TJX,-5099.269813537598,250000.0,45
2018-10-30,GOOGL-META,0.0,250000.0,45
2018-10-31,BA-CAT,1779.4169006347656,250000.0,45
2018-10-31,AAPL-NVDA,12501.891178131104,250000.0,45
2018-10-31,MA-V,8.570571899414062,250000.0,45
2018-10-31,LMT-UNP,-2462.7488327026367,250000.0,45
2018-10-31,AMZN-TJX,3700.490547180176,250000.0,45
2018-10-31,GOOGL-META,-288.23879623413086,250000.0,45
2018-11-01,BA-CAT,3526.879104614258,250000.0,45
2018-11-01,AAPL-NVDA,20010.904441833496,250000.0,45
2018-11-01,LMT-UNP,622.6634750366211,250000.0,45
2018-11-01,AMZN-TJX,11223.580574035645,250000.0,45
2018-11-01,GOOGL-META,-1253.8008270263672,250000.0,45
2018-11-02,BA-CAT,9284.583480834961,250000.0,45
2018-11-02,LMT-UNP,-1937.4115829467773,250000.0,45
2018-11-02,GOOGL-META,-2117.958671569824,250000.0,45
2018-11-05,BA-CAT,7829.299209594727,250000.0,45
2018-11-05,LMT-UNP,1419.3343048095703,250000.0,45
2018-11-05,GOOGL-META,-2806.124557495117,250000.0,45
2018-11-06,BA-CAT,11035.759155273438,250000.0,45
2018-11-06,LMT-UNP,1467.0491180419922,250000.0,45
2018-11-06,GOOGL-META,-1848.7289009094238,250000.0,45
2018-11-07,LMT-UNP,-507.42301177978516,250000.0,45
2018-11-07,GOOGL-META,4125.243389129639,250000.0,45
2018-11-08,LMT-UNP,-740.8581924438477,250000.0,45
2018-11-09,LMT-UNP,6958.436584472656,250000.0,45
2018-11-09,CAT-LMT,0.0,250000.0,45
2018-11-12,LMT-UNP,4473.8642654418945,250000.0,45
2018-11-12,TJX-TSLA,0.0,250000.0,45
2018-11-13,LMT-UNP,3556.4723052978516,250000.0,45
2018-11-13,TJX-TSLA,3243.280824661255,250000.0,45
2018-11-14,LMT-UNP,1591.6913223266602,250000.0,45
2018-11-14,TJX-TSLA,4556.26176071167,250000.0,45
2018-11-15,TJX-TSLA,7411.803153991699,250000.0,45
2018-11-16,AAPL-NVDA,0.0,250000.0,45
2018-11-19,AAPL-NVDA,-22793.328568935394,250000.0,45
2018-11-20,AAPL-NVDA,-7793.602516174316,250000.0,45
2018-11-21,AAPL-NVDA,-14249.820378303528,250000.0,45
2018-11-23,AAPL-NVDA,-9591.708230018616,250000.0,45
2018-11-26,AAPL-NVDA,459.0352005958557,250000.0,45
2018-11-27,AAPL-NVDA,1849.7807383537292,250000.0,45
2018-12-03,CAT-LMT,0.0,250000.0,45
2018-12-04,CAT-LMT,1181.4450073242188,250000.0,45
2018-12-06,CAT-LMT,1813.8138961791992,250000.0,45
2018-12-17,AMZN-TSLA,0.0,250000.0,45
2018-12-18,AMZN-TSLA,-4890.278121948242,250000.0,45
2018-12-19,AMZN-TSLA,-13857.726276397705,250000.0,45
2018-12-21,AMZN-TJX,0.0,250000.0,45
2018-12-24,AMZN-TJX,-1399.6059455871582,250000.0,45
2018-12-24,MA-V,0.0,250000.0,45
2018-12-26,AMZN-TJX,-2491.2213249206543,250000.0,45
2018-12-27,AMZN-TJX,-3372.7684440612793,250000.0,45
2018-12-28,AMZN-TJX,-1634.5354347229004,250000.0,45
2018-11-02,AAPL-CSCO,0.0,250000.0,46
2018-11-05,AAPL-CSCO,-8215.347763061523,250000.0,46
2018-11-06,AAPL-CSCO,-8496.086444854736,250000.0,46
2018-11-09,GS-MS,0.0,250000.0,46
2018-11-19,MS-PYPL,0.0,250000.0,46
2018-11-19,JPM-MA,0.0,250000.0,46
2018-11-19,ADBE-CRM,0.0,250000.0,46
2018-11-20,MS-PYPL,-2981.6552963256836,250000.0,46
2018-11-20,JPM-MA,559.3342590332031,250000.0,46
2018-11-20,ADBE-CRM,760.0444030761719,250000.0,46
2018-11-20,RTX-UNP,0.0,250000.0,46
2018-11-20,META-VZ,0.0,250000.0,46
2018-11-21,MS-PYPL,-860.7830123901367,250000.0,46
2018-11-21,JPM-MA,2539.655990600586,250000.0,46
2018-11-21,RTX-UNP,5062.600616455078,250000.0,46
2018-11-21,META-VZ,359.1669616699219,250000.0,46
2018-11-23,MS-PYPL,-2321.747417449951,250000.0,46
2018-11-23,JPM-MA,-2689.593048095703,250000.0,46
2018-11-23,RTX-UNP,-2565.4236755371094,250000.0,46
2018-11-23,META-VZ,-3922.2864151000977,250000.0,46
2018-11-23,HON-RTX,0.0,250000.0,46
2018-11-26,MS-PYPL,2714.5117835998535,250000.0,46
2018-11-26,JPM-MA,5696.097030639648,250000.0,46
2018-11-26,RTX-UNP,-1829.0175476074219,250000.0,46
2018-11-26,META-VZ,1458.9520263671875,250000.0,46
2018-11-26,HON-RTX,1993.9887084960938,250000.0,46
2018-11-27,MS-PYPL,6950.904346466064,250000.0,46
2018-11-27,JPM-MA,6513.501281738281,250000.0,46
2018-12-07,ADBE-CRM,0.0,250000.0,46
2018-12-14,ADBE-CRM,0.0,250000.0,46
2018-12-17,ADBE-CRM,-994.366455078125,250000.0,46
2018-12-17,AAPL-CRM,0.0,250000.0,46
2018-12-18,ADBE-CRM,3147.898910522461,250000.0,46
2018-12-18,AAPL-CRM,1203.198829650879,250000.0,46
2018-12-19,ADBE-CRM,3076.739013671875,250000.0,46
2018-12-19,AAPL-CRM,2982.295211791992,250000.0,46
2018-12-20,ADBE-CRM,757.1793594360352,250000.0,46
2018-12-20,AAPL-CRM,-437.9459571838379,250000.0,46
2018-12-21,ADBE-CRM,-4529.412872314453,250000.0,46
2018-12-21,AAPL-CRM,-4939.841423034668,250000.0,46
2018-12-21,MS-PYPL,0.0,250000.0,46
2018-12-21,HON-RTX,0.0,250000.0,46
2018-12-24,ADBE-CRM,-6849.913803100586,250000.0,46
2018-12-24,AAPL-CRM,-4950.066562652588,250000.0,46
2018-12-24,MS-PYPL,-1557.9322261810303,250000.0,46
2018-12-24,HON-RTX,-125.98247909545898,250000.0,46
2018-12-24,MA-V,0.0,250000.0,46
2018-12-26,ADBE-CRM,1230.9803619384766,250000.0,46
2018-12-26,AAPL-CRM,5239.787185668945,250000.0,46
2018-12-26,MS-PYPL,10321.225927352905,250000.0,46
2018-12-26,HON-RTX,-670.1360359191895,250000.0,46
2018-12-27,ADBE-CRM,-3589.7730255126953,250000.0,46
2018-12-27,HON-RTX,-5412.025772094727,250000.0,46
2018-12-28,ADBE-CRM,-5513.892486572266,250000.0,46
2018-12-28,HON-RTX,-4718.75110244751,250000.0,46
2018-12-31,HON-RTX,-4859.202465057373,250000.0,46
2019-01-02,HON-RTX,27.8062744140625,250000.0,46
2019-01-08,RTX-UNP,0.0,250000.0,46
2019-01-09,RTX-UNP,1248.0294570922852,250000.0,46
2019-01-10,RTX-UNP,-4318.608993530273,250000.0,46
2019-01-11,RTX-UNP,-2573.859893798828,250000.0,46
2019-01-14,RTX-UNP,-2412.0687255859375,250000.0,46
2019-01-15,RTX-UNP,225.94532775878906,250000.0,46
2019-01-15,AMZN-HD,0.0,250000.0,46
2019-01-16,RTX-UNP,799.1708526611328,250000.0,46
2019-01-16,AMZN-HD,-203.96133422851562,250000.0,46
2019-01-17,RTX-UNP,-905.3377151489258,250000.0,46
2019-01-17,AMZN-HD,-4313.590316772461,250000.0,46
2019-01-17,GS-MS,0.0,250000.0,46
2019-01-18,RTX-UNP,-5420.050277709961,250000.0,46
2019-01-18,AMZN-HD,2031.8147888183594,250000.0,46
2019-01-18,GS-MS,4576.700145721436,250000.0,46
2019-01-22,RTX-UNP,-3984.4605560302734,250000.0,46
2019-01-22,GS-MS,210.81149673461914,250000.0,46
2019-01-23,RTX-UNP,5724.376899719238,250000.0,46
2019-01-23,GS-MS,-810.6285972595215,250000.0,46
2019-01-23,HON-RTX,0.0,250000.0,46
2019-01-24,GS-MS,-1983.2009201049805,250000.0,46
2019-01-24,HON-RTX,4221.68000793457,250000.0,46
2019-01-25,GS-MS,1572.9341735839844,250000.0,46
2019-01-25,AMGN-GILD,0.0,250000.0,46
2019-01-28,GS-MS,295.9379577636719,250000.0,46
2019-01-28,AAPL-NVDA,0.0,250000.0,46
2019-01-28,META-VZ,0.0,250000.0,46
2019-01-29,GS-MS,-1151.2468376159668,250000.0,46
2019-01-29,AAPL-NVDA,-7489.904269933701,250000.0,46
2019-01-29,INTC-TXN,0.0,250000.0,46
2019-01-30,GS-MS,1114.0207557678223,250000.0,46
2019-01-30,AAPL-NVDA,-23893.163823366165,250000.0,46
2019-01-30,INTC-TXN,-2566.0409240722656,250000.0,46
2019-01-31,GS-MS,1117.8322639465332,250000.0,46
2019-01-31,AAPL-NVDA,-15400.08603978157,250000.0,46
2019-01-31,INTC-TXN,511.65714263916016,250000.0,46
2019-01-31,MA-V,0.0,250000.0,46
2019-01-31,JPM-MA,0.0,250000.0,46
2018-12-03,COP-PSX,0.0,250000.0,47
2018-12-07,ADBE-CRM,0.0,250000.0,47
2018-12-14,ADBE-CRM,0.0,250000.0,47
2018-12-17,ADBE-CRM,-994.366455078125,250000.0,47
2018-12-17,MS-V,0.0,250000.0,47
2018-12-17,AMZN-TSLA,0.0,250000.0,47
2018-12-18,ADBE-CRM,3147.898910522461,250000.0,47
2018-12-18,MS-V,1631.5940608978271,250000.0,47
2018-12-18,AMZN-TSLA,-4890.278121948242,250000.0,47
2018-12-18,COP-MPC,0.0,250000.0,47
2018-12-18,COST-PEP,0.0,250000.0,47
2018-12-19,ADBE-CRM,3076.739013671875,250000.0,47
2018-12-19,MS-V,524.811601638794,250000.0,47
2018-12-19,AMZN-TSLA,-13857.726276397705,250000.0,47
2018-12-19,COP-MPC,-2976.652072906494,250000.0,47
2018-12-19,COST-PEP,-3750.5513763427734,250000.0,47
2018-12-20,ADBE-CRM,757.1793594360352,250000.0,47
2018-12-20,MS-V,-3201.4193153381348,250000.0,47
2018-12-20,COP-MPC,-6737.023094177246,250000.0,47
2018-12-20,COST-PEP,-2633.714813232422,250000.0,47
2018-12-21,ADBE-CRM,-4529.412872314453,250000.0,47
2018-12-21,COP-MPC,-5243.38073348999,250000.0,47
2018-12-21,COST-PEP,-3949.8015747070312,250000.0,47
2018-12-24,ADBE-CRM,-6849.913803100586,250000.0,47
2018-12-26,ADBE-CRM,1230.9803619384766,250000.0,47
2018-12-27,ADBE-CRM,-3589.7730255126953,250000.0,47
2018-12-28,ADBE-CRM,-5513.892486572266,250000.0,47
2019-01-10,COP-MPC,0.0,250000.0,47
2019-01-18,AMZN-TSLA,0.0,250000.0,47
2019-01-22,AMZN-TSLA,-8179.353309631348,250000.0,47
2019-01-23,AMZN-TSLA,-16885.900749206543,250000.0,47
2019-01-24,AMZN-TSLA,-12382.414047241211,250000.0,47
2019-01-25,AMZN-TSLA,-6485.570785522461,250000.0,47
2019-01-28,AMZN-TSLA,-9796.175090789795,250000.0,47
2019-01-29,AMZN-TSLA,-12626.183670043945,250000.0,47
2019-01-30,AMZN-TSLA,3204.065700531006,250000.0,47
2019-01-30,GOOGL-T,0.0,250000.0,47
2019-01-30,COST-WMT,0.0,250000.0,47
2019-01-31,AMZN-TSLA,5842.879005432129,250000.0,47
2019-01-31,GOOGL-T,491.47932147979736,250000.0,47
2019-01-31,COST-WMT,1125.4328002929688,250000.0,47
2019-01-31,META-NFLX,0.0,250000.0,47
2019-01-31,COST-PEP,0.0,250000.0,47
2019-02-01,AMZN-TSLA,2309.839672088623,250000.0,47
2019-02-01,GOOGL-T,1383.0413436889648,250000.0,47
2019-02-01,COST-WMT,-1955.0639629364014,250000.0,47
2019-02-01,META-NFLX,2681.511707305908,250000.0,47
2019-02-01,COST-PEP,-153.6234130859375,250000.0,47
2019-02-01,ADBE-CRM,0.0,250000.0,47
2019-02-04,AMZN-TSLA,3471.2132682800293,250000.0,47
2019-02-04,GOOGL-T,-6334.395300865173,250000.0,47
2019-02-04,COST-WMT,3.291139602661133,250000.0,47
2019-02-04,META-NFLX,2386.205421447754,250000.0,47
2019-02-04,COST-PEP,-1895.659423828125,250000.0,47
2019-02-05,AMZN-TSLA,12625.489627838135,250000.0,47
2019-02-05,GOOGL-T,-8179.821975708008,250000.0,47
2019-02-05,COST-WMT,1983.4875164031982,250000.0,47
2019-02-05,META-NFLX,953.4840049743652,250000.0,47
2019-02-05,COST-PEP,-1353.9980163574219,250000.0,47
2019-02-06,AMZN-TSLA,7640.400688171387,250000.0,47
2019-02-06,GOOGL-T,-3185.6855268478394,250000.0,47
2019-02-06,COST-WMT,2093.801206588745,250000.0,47
2019-02-06,META-NFLX,-54.777896881103516,250000.0,47
2019-02-06,COST-PEP,-1689.4794006347656,250000.0,47
2019-02-06,AVGO-TXN,0.0,250000.0,47
2019-02-07,GOOGL-T,-846.7332067489624,250000.0,47
2019-02-07,META-NFLX,4602.827724456787,250000.0,47
2019-02-07,COST-PEP,-2333.058563232422,250000.0,47
2019-02-07,AVGO-TXN,4090.6179542541504,250000.0,47
2019-02-08,GOOGL-T,685.3666934967041,250000.0,47
2019-02-08,META-NFLX,4359.0324783325195,250000.0,47
2019-02-08,COST-PEP,-2541.9999084472656,250000.0,47
2019-02-08,AVGO-TXN,3908.9997177124023,250000.0,47
2019-02-11,GOOGL-T,2097.4206504821777,250000.0,47
2019-02-11,META-NFLX,6813.225814819336,250000.0,47
2019-02-11,COST-PEP,-2159.2948303222656,250000.0,47
2019-02-11,AVGO-TXN,3896.3623390197754,250000.0,47
2019-02-12,GOOGL-T,-1962.4426355361938,250000.0,47
2019-02-12,META-NFLX,19153.01585006714,250000.0,47
2019-02-12,COST-PEP,-3087.1740112304688,250000.0,47
2019-02-12,AVGO-TXN,1014.2428283691406,250000.0,47
2019-02-13,GOOGL-T,-1909.6357345581055,250000.0,47
2019-02-13,META-NFLX,15514.353828430176,250000.0,47
2019-02-13,COST-PEP,-3566.9918212890625,250000.0,47
2019-02-13,AVGO-TXN,-94.16518020629883,250000.0,47
2019-02-14,META-NFLX,21186.243698120117,250000.0,47
2019-02-14,COST-PEP,118.12088012695312,250000.0,47
2019-02-14,AVGO-TXN,380.5400581359863,250000.0,47
2019-02-15,META-NFLX,23152.59457397461,250000.0,47
2019-02-15,AVGO-TXN,-903.7172546386719,250000.0,47
2019-02-19,AVGO-TXN,-301.00054931640625,250000.0,47
2019-02-20,AVGO-TXN,-1341.1292190551758,250000.0,47
2019-02-21,AVGO-TXN,993.2921028137207,250000.0,47
2019-02-21,MSFT-TXN,0.0,250000.0,47
2019-02-21,AMZN-TSLA,0.0,250000.0,47
2019-02-22,MSFT-TXN,-1071.932746887207,250000.0,47
2019-02-22,AMZN-TSLA,3816.248359680176,250000.0,47
2019-02-25,MSFT-TXN,-59.64271545410156,250000.0,47
2019-02-26,MSFT-TXN,-3519.987663269043,250000.0,47
2019-02-27,PFE-UNH,0.0,250000.0,47
2019-02-27,ABT-UNH,0.0,250000.0,47
2019-02-28,PFE-UNH,-9674.717830657959,250000.0,47
2019-02-28,ABT-UNH,-8710.597282409668,250000.0,47
2019-01-07,KO-MDLZ,0.0,250000.0,48
2019-01-08,KO-MDLZ,-4602.275863647461,250000.0,48
2019-01-09,KO-MDLZ,-5808.935989379883,250000.0,48
2019-01-10,KO-MDLZ,-7137.4589920043945,250000.0,48
2019-01-10,AMGN-PFE,0.0,250000.0,48
2019-01-11,KO-MDLZ,-5840.022857666016,250000.0,48
2019-01-11,AMGN-PFE,4386.757118225098,250000.0,48
2019-01-14,AMGN-PFE,3190.637119293213,250000.0,48
2019-01-15,AMGN-PFE,4067.809768676758,250000.0,48
2019-01-15,HD-NKE,0.0,250000.0,48
2019-01-16,AMGN-PFE,640.151611328125,250000.0,48
2019-01-16,HD-NKE,1194.7975692749023,250000.0,48
2019-01-17,AMGN-PFE,1310.5138626098633,250000.0,48
2019-01-18,AMGN-PFE,722.8889961242676,250000.0,48
2019-01-18,PSX-SLB,0.0,250000.0,48
2019-01-22,AMGN-PFE,100.07511138916016,250000.0,48
2019-01-22,PSX-SLB,-5847.731269836426,250000.0,48
2019-01-23,AMGN-PFE,-347.9282760620117,250000.0,48
2019-01-23,PSX-SLB,-3847.967170715332,250000.0,48
2019-01-24,AMGN-PFE,-7213.268539428711,250000.0,48
2019-01-24,MCD-SBUX,0.0,250000.0,48
2019-01-25,AMGN-DHR,0.0,250000.0,48
2019-01-28,CAT-LMT,0.0,250000.0,48
2019-01-28,AAPL-NVDA,0.0,250000.0,48
2019-01-29,CAT-LMT,-294.38377380371094,250000.0,48
2019-01-29,AAPL-NVDA,-7489.904269933701,250000.0,48
2019-01-30,CAT-LMT,5562.554504394531,250000.0,48
2019-01-30,AAPL-NVDA,-23893.163823366165,250000.0,48
2019-01-30,AMGN-DHR,0.0,250000.0,48
2019-01-31,AAPL-NVDA,-15400.08603978157,250000.0,48
2019-01-31,AMGN-DHR,-1789.6184539794922,250000.0,48
2019-01-31,KO-PEP,0.0,250000.0,48
2019-01-31,KO-MDLZ,0.0,250000.0,48
2019-01-31,EOG-XOM,0.0,250000.0,48
2019-02-01,AAPL-NVDA,-13828.258917093277,250000.0,48
2019-02-01,AMGN-DHR,1879.1226043701172,250000.0,48
2019-02-01,KO-MDLZ,5664.928482055664,250000.0,48
2019-02-01,CVX-PSX,0.0,250000.0,48
2019-02-04,AAPL-NVDA,-17801.13943886757,250000.0,48
2019-02-04,AMGN-DHR,189.48114776611328,250000.0,48
2019-02-04,KO-MDLZ,4614.87845993042,250000.0,48
2019-02-04,CVX-PSX,-3565.3011474609375,250000.0,48
2019-02-05,AAPL-NVDA,-23860.861765623093,250000.0,48
2019-02-05,AMGN-DHR,2824.944160461426,250000.0,48
2019-02-05,KO-MDLZ,5351.457710266113,250000.0,48
2019-02-05,CVX-PSX,-1523.9480209350586,250000.0,48
2019-02-06,AAPL-NVDA,-18488.430727005005,250000.0,48
2019-02-06,AMGN-DHR,5301.47785949707,250000.0,48
2019-02-06,KO-MDLZ,4162.62158203125,250000.0,48
2019-02-06,CVX-PSX,-1313.4193496704102,250000.0,48
2019-02-07,AAPL-NVDA,-20200.740807294846,250000.0,48
2019-02-07,AMGN-DHR,237.8253173828125,250000.0,48
2019-02-07,KO-MDLZ,3084.7943687438965,250000.0,48
2019-02-07,CVX-PSX,-6040.477294921875,250000.0,48
2019-02-08,AAPL-NVDA,-19353.19135069847,250000.0,48
2019-02-08,AMGN-DHR,762.0390167236328,250000.0,48
2019-02-08,KO-MDLZ,1194.962001800537,250000.0,48
2019-02-08,CVX-PSX,1066.4005966186523,250000.0,48
2019-02-11,AAPL-NVDA,-19964.84245109558,250000.0,48
2019-02-11,AMGN-DHR,-465.7068862915039,250000.0,48
2019-02-11,KO-MDLZ,-1403.6184539794922,250000.0,48
2019-02-11,CVX-PSX,5260.819465637207,250000.0,48
2019-02-11,HD-NKE,0.0,250000.0,48
2019-02-11,MPC-SLB,0.0,250000.0,48
2019-02-12,AMGN-DHR,-1301.9265823364258,250000.0,48
2019-02-12,KO-MDLZ,-1774.0806312561035,250000.0,48
2019-02-12,CVX-PSX,-1841.0320663452148,250000.0,48
2019-02-12,HD-NKE,-436.84554290771484,250000.0,48
2019-02-12,MPC-SLB,-4161.794994354248,250000.0,48
2019-02-13,AMGN-DHR,-324.9480743408203,250000.0,48
2019-02-13,KO-MDLZ,-1656.8417358398438,250000.0,48
2019-02-13,CVX-PSX,666.638313293457,250000.0,48
2019-02-13,HD-NKE,436.1721496582031,250000.0,48
2019-02-13,MPC-SLB,4122.408107757568,250000.0,48
2019-02-14,AMGN-DHR,661.1603317260742,250000.0,48
2019-02-14,CVX-PSX,234.49764251708984,250000.0,48
2019-02-14,HD-NKE,1876.113410949707,250000.0,48
2019-02-14,MPC-SLB,8014.649749755859,250000.0,48
2019-02-14,KO-PEP,0.0,250000.0,48
2019-02-15,AMGN-DHR,568.888557434082,250000.0,48
2019-02-15,CVX-PSX,-1123.4063262939453,250000.0,48
2019-02-15,KO-PEP,-9190.714797973633,250000.0,48
2019-02-15,ADBE-CSCO,0.0,250000.0,48
2019-02-19,CVX-PSX,1058.252426147461,250000.0,48
2019-02-19,ADBE-CSCO,-2122.8370361328125,250000.0,48
2019-02-20,ADBE-CSCO,-1843.0169372558594,250000.0,48
2019-02-21,ADBE-CSCO,-939.91455078125,250000.0,48
2019-02-22,ADBE-CSCO,-3777.7980346679688,250000.0,48
2019-02-25,AMGN-DHR,0.0,250000.0,48
2019-02-26,AMGN-DHR,-53.59300994873047,250000.0,48
2019-02-27,AMGN-DHR,-6168.723289489746,250000.0,48
2019-02-28,AMGN-DHR,-7785.735290527344,250000.0,48
2019-02-28,CAT-LMT,0.0,250000.0,48
2019-03-01,CAT-LMT,35.05389404296875,250000.0,48
2019-03-01,ABT-JNJ,0.0,250000.0,48
2019-03-04,CAT-LMT,4458.199638366699,250000.0,48
2019-03-04,ABT-JNJ,-209.43130493164062,250000.0,48
2019-03-05,CAT-LMT,2818.340301513672,250000.0,48
2019-03-05,ABT-JNJ,-1073.3507995605469,250000.0,48
2019-03-06,CAT-LMT,3306.363349914551,250000.0,48
2019-03-06,ABT-JNJ,-2093.4339599609375,250000.0,48
2019-03-07,CAT-LMT,2254.594192504883,250000.0,48
2019-03-07,ABT-JNJ,-1322.7679138183594,250000.0,48
2019-03-07,EOG-XOM,0.0,250000.0,48
2019-03-08,CAT-LMT,2987.4461822509766,250000.0,48
2019-03-08,ABT-JNJ,-1142.006591796875,250000.0,48
2019-03-08,EOG-XOM,-5135.083274841309,250000.0,48
2019-03-08,CVX-PSX,0.0,250000.0,48
2019-03-11,CAT-LMT,1331.3178939819336,250000.0,48
2019-03-11,ABT-JNJ,-1042.4154205322266,250000.0,48
2019-03-11,CVX-PSX,2993.363540649414,250000.0,48
2019-03-12,CAT-LMT,2929.2105255126953,250000.0,48
2019-03-12,ABT-JNJ,-1797.0804748535156,250000.0,48
2019-03-13,CAT-LMT,2348.233139038086,250000.0,48
2019-03-13,ABT-JNJ,-1889.5732116699219,250000.0,48
2019-03-14,ABT-JNJ,927.6843109130859,250000.0,48
2019-03-15,INTC-TXN,0.0,250000.0,48
2019-03-15,MPC-SLB,0.0,250000.0,48
2019-03-15,ADBE-MSFT,0.0,250000.0,48
2019-03-18,INTC-TXN,1042.1300201416016,250000.0,48
2019-03-18,MPC-SLB,-4184.930404663086,250000.0,48
2019-03-18,ADBE-MSFT,-3217.6788787841797,250000.0,48
2019-03-19,INTC-TXN,889.8076133728027,250000.0,48
2019-03-19,MPC-SLB,-4529.8089599609375,250000.0,48
2019-03-19,ADBE-MSFT,-1956.4530563354492,250000.0,48
2019-03-20,INTC-TXN,161.77674102783203,250000.0,48
2019-03-20,MPC-SLB,631.2783966064453,250000.0,48
2019-03-20,ADBE-MSFT,-2042.675437927246,250000.0,48
2019-03-20,PSX-SLB,0.0,250000.0,48
2019-03-21,INTC-TXN,-1915.738437652588,250000.0,48
2019-03-21,MPC-SLB,-3427.728485107422,250000.0,48
2019-03-21,PSX-SLB,1630.8740158081055,250000.0,48
2019-03-22,INTC-TXN,-2523.9088859558105,250000.0,48
2019-03-22,MPC-SLB,-4693.565216064453,250000.0,48
2019-03-22,PSX-SLB,2924.913299560547,250000.0,48
2019-03-25,INTC-TXN,1070.6549186706543,250000.0,48
2019-03-25,MPC-SLB,-3903.6442260742188,250000.0,48
2019-03-25,PSX-SLB,2524.1122436523438,250000.0,48
2019-03-26,INTC-TXN,1349.7136497497559,250000.0,48
2019-03-26,MPC-SLB,-5283.884185791016,250000.0,48
2019-03-27,MPC-SLB,-8863.578872680664,250000.0,48
2019-03-28,MPC-SLB,4215.341171264648,250000.0,48
2019-02-05,GOOGL-TMUS,0.0,250000.0,49
2019-02-05,ABT-GILD,0.0,250000.0,49
2019-02-06,GOOGL-TMUS,3354.1415977478027,250000.0,49
2019-02-06,ABT-GILD,2988.639247894287,250000.0,49
2019-02-07,ABT-GILD,-539.4960708618164,250000.0,49
2019-02-07,INTC-ORCL,0.0,250000.0,49
2019-02-07,CMCSA-DIS,0.0,250000.0,49
2019-02-08,ABT-GILD,-1333.1298065185547,250000.0,49
2019-02-08,CMCSA-DIS,1469.6940593719482,250000.0,49
2019-02-11,ABT-GILD,-1311.2669372558594,250000.0,49
2019-02-11,CMCSA-DIS,-1633.3232173919678,250000.0,49
2019-02-12,CMCSA-DIS,-2798.1737022399902,250000.0,49
2019-02-13,CMCSA-DIS,0.7863979339599609,250000.0,49
2019-02-14,CMCSA-DIS,438.9956874847412,250000.0,49
2019-02-27,ABT-UNH,0.0,250000.0,49
2019-02-27,HD-TJX,0.0,250000.0,49
2019-02-28,ABT-UNH,-8710.597282409668,250000.0,49
2019-02-28,HD-TJX,3516.2872772216797,250000.0,49
2019-03-01,ABT-UNH,-6908.09782409668,250000.0,49
2019-03-01,HD-TJX,22.300674438476562,250000.0,49
2019-03-01,GOOGL-META,0.0,250000.0,49
2019-03-01,GOOGL-NFLX,0.0,250000.0,49
2019-03-04,HD-TJX,937.3854217529297,250000.0,49
2019-03-04,GOOGL-META,5611.885116577148,250000.0,49
2019-03-04,GOOGL-NFLX,-7789.644607543945,250000.0,49
2019-03-04,GOOGL-T,0.0,250000.0,49
2019-03-05,HD-TJX,10.79071044921875,250000.0,49
2019-03-05,GOOGL-META,4430.350597381592,250000.0,49
2019-03-05,GOOGL-NFLX,-16439.15629196167,250000.0,49
2019-03-05,GOOGL-T,-2574.4794998168945,250000.0,49
2019-03-06,HD-TJX,-622.4534759521484,250000.0,49
2019-03-06,GOOGL-META,8289.267902374268,250000.0,49
2019-03-06,GOOGL-NFLX,-9778.706317901611,250000.0,49
2019-03-06,GOOGL-T,-3115.5173721313477,250000.0,49
2019-03-07,HD-TJX,-2662.643508911133,250000.0,49
2019-03-07,GOOGL-NFLX,-4917.133243560791,250000.0,49
2019-03-07,GOOGL-T,-121.51667022705078,250000.0,49
2019-03-08,HD-TJX,408.58546447753906,250000.0,49
2019-03-08,GOOGL-NFLX,-6405.994033813477,250000.0,49
2019-03-08,GOOGL-T,341.7275848388672,250000.0,49
2019-03-11,HD-TJX,-2525.437530517578,250000.0,49
2019-03-11,GOOGL-T,-1807.3355026245117,250000.0,49
2019-03-12,HD-TJX,-1346.536361694336,250000.0,49
2019-03-12,GOOGL-T,-1040.0549011230469,250000.0,49
2019-03-13,HD-TJX,-6233.510345458984,250000.0,49
2019-03-13,GOOGL-T,-4225.415901184082,250000.0,49
2019-03-14,GOOGL-T,-3262.936454772949,250000.0,49
2019-03-14,HON-UNP,0.0,250000.0,49
2019-03-15,GOOGL-T,317.84259033203125,250000.0,49
2019-03-15,HON-UNP,-441.40008544921875,250000.0,49
2019-03-18,GOOGL-T,1659.7672958374023,250000.0,49
2019-03-18,HON-UNP,-1475.5894165039062,250000.0,49
2019-03-19,CAT-UNP,0.0,250000.0,49
2019-03-19,CMCSA-DIS,0.0,250000.0,49
2019-03-20,CAT-UNP,3582.785255432129,250000.0,49
2019-03-20,CMCSA-DIS,933.7447605133057,250000.0,49
2019-03-21,CAT-UNP,3144.6642456054688,250000.0,49
2019-03-21,CMCSA-DIS,-3877.573715209961,250000.0,49
2019-03-21,JPM-MA,0.0,250000.0,49
2019-03-21,HD-TJX,0.0,250000.0,49
2019-03-22,CMCSA-DIS,-3034.237142562866,250000.0,49
2019-03-22,JPM-MA,-644.681884765625,250000.0,49
2019-03-22,HD-TJX,1271.8784484863281,250000.0,49
2019-03-22,CAT-GE,0.0,250000.0,49
2019-03-25,CMCSA-DIS,-3170.0452919006348,250000.0,49
2019-03-25,JPM-MA,-1901.0623321533203,250000.0,49
2019-03-25,HD-TJX,1901.0184707641602,250000.0,49
2019-03-26,CMCSA-DIS,780.8999080657959,250000.0,49
2019-03-26,JPM-MA,-3012.741653442383,250000.0,49
2019-03-26,HD-TJX,2692.689628601074,250000.0,49
2019-03-27,CMCSA-DIS,-690.4606304168701,250000.0,49
2019-03-27,JPM-MA,-2859.2401275634766,250000.0,49
2019-03-27,HD-TJX,3887.0375747680664,250000.0,49
2019-03-28,CMCSA-DIS,-361.455904006958,250000.0,49
2019-03-28,JPM-MA,-3137.0091400146484,250000.0,49
2019-03-28,HD-TJX,2568.204032897949,250000.0,49
2019-03-29,CMCSA-DIS,1723.1208209991455,250000.0,49
2019-03-29,JPM-MA,-2749.1420135498047,250000.0,49
2019-03-29,HD-TJX,303.1979217529297,250000.0,49
2019-03-29,CAT-GE,0.0,250000.0,49
2019-04-01,CMCSA-DIS,4067.5741443634033,250000.0,49
2019-04-01,JPM-MA,79.03681945800781,250000.0,49
2019-04-01,HD-TJX,-5802.066299438477,250000.0,49
2019-04-02,CMCSA-DIS,3066.1273231506348,250000.0,49
2019-04-02,JPM-MA,830.3452911376953,250000.0,49
2019-04-02,HD-TJX,-4255.975006103516,250000.0,49
2019-04-03,CMCSA-DIS,3563.083345413208,250000.0,49
2019-04-03,JPM-MA,1588.9096984863281,250000.0,49
2019-04-03,INTC-ORCL,0.0,250000.0,49
2019-04-04,INTC-ORCL,-2886.7772216796875,250000.0,49
2019-04-04,JPM-PYPL,0.0,250000.0,49
2019-04-05,INTC-ORCL,-1085.776653289795,250000.0,49
2019-04-05,JPM-PYPL,3442.140594482422,250000.0,49
2019-04-08,INTC-ORCL,-2380.0181846618652,250000.0,49
2019-04-09,INTC-ORCL,-417.40855407714844,250000.0,49
2019-04-09,GOOGL-META,0.0,250000.0,49
2019-04-10,INTC-ORCL,-388.8842239379883,250000.0,49
2019-04-10,GOOGL-META,906.5489959716797,250000.0,49
2019-04-11,INTC-ORCL,-1426.9092292785645,250000.0,49
2019-04-11,GOOGL-META,2382.1662521362305,250000.0,49
2019-04-12,INTC-ORCL,-632.826000213623,250000.0,49
2019-04-12,CAT-GE,0.0,250000.0,49
2019-04-12,INTC-NVDA,0.0,250000.0,49
2019-04-12,GOOGL-NFLX,0.0,250000.0,49
2019-04-12,CMCSA-DIS,0.0,250000.0,49
2019-04-12,JPM-MA,0.0,250000.0,49
2019-04-12,JPM-PYPL,0.0,250000.0,49
2019-04-15,INTC-ORCL,536.3296127319336,250000.0,49
2019-04-15,CAT-GE,3850.1498641967773,250000.0,49
2019-04-15,GOOGL-NFLX,-3142.3910484313965,250000.0,49
2019-04-15,CMCSA-DIS,-2923.001455307007,250000.0,49
2019-04-15,JPM-MA,5040.2458572387695,250000.0,49
2019-04-15,JPM-PYPL,3146.3293685913086,250000.0,49
2019-04-15,MSFT-NVDA,0.0,250000.0,49
2019-04-16,INTC-ORCL,-1385.9540748596191,250000.0,49
2019-04-16,CAT-GE,39.481956481933594,250000.0,49
2019-04-16,GOOGL-NFLX,2235.532554626465,250000.0,49
2019-04-16,CMCSA-DIS,1537.8753604888916,250000.0,49
2019-04-16,MSFT-NVDA,5715.9146156311035,250000.0,49
2019-04-17,CAT-GE,-3808.8232650756836,250000.0,49
2019-04-17,GOOGL-NFLX,-4430.525520324707,250000.0,49
2019-04-17,CMCSA-DIS,-914.9405040740967,250000.0,49
2019-04-17,MSFT-NVDA,1024.3222093582153,250000.0,49
2019-04-18,CAT-GE,-4326.021690368652,250000.0,49
2019-04-18,GOOGL-NFLX,-970.994873046875,250000.0,49
2019-04-18,CMCSA-DIS,-2517.043493270874,250000.0,49
2019-04-18,MSFT-NVDA,-5829.818888664246,250000.0,49
2019-04-22,CAT-GE,-586.6767349243164,250000.0,49
2019-04-22,GOOGL-NFLX,6187.499034881592,250000.0,49
2019-04-22,CMCSA-DIS,-1827.1844654083252,250000.0,49
2019-04-22,MSFT-NVDA,-4236.796794891357,250000.0,49
2019-04-22,HON-UNP,0.0,250000.0,49
2019-04-23,CAT-GE,1323.8461837768555,250000.0,49
2019-04-23,GOOGL-NFLX,2666.1662559509277,250000.0,49
2019-04-23,CMCSA-DIS,-5073.677440643311,250000.0,49
2019-04-23,MSFT-NVDA,-7048.906271934509,250000.0,49
2019-04-23,LMT-UPS,0.0,250000.0,49
2019-04-24,GOOGL-NFLX,1446.79345703125,250000.0,49
2019-04-24,CMCSA-DIS,-8674.08994102478,250000.0,49
2019-04-24,MSFT-NVDA,-4890.223188400269,250000.0,49
2019-04-24,LMT-UPS,4175.702178955078,250000.0,49
2019-04-24,CAT-UNP,0.0,250000.0,49
2019-04-24,GOOGL-T,0.0,250000.0,49
2019-04-25,GOOGL-NFLX,-5681.703819274902,250000.0,49
2019-04-25,CMCSA-DIS,-10802.561555862427,250000.0,49
2019-04-25,CAT-UNP,-2515.922622680664,250000.0,49
2019-04-25,GOOGL-T,-4495.173107147217,250000.0,49
2019-04-26,GOOGL-NFLX,-5089.119029998779,250000.0,49
2019-04-26,CMCSA-DIS,-15676.645315170288,250000.0,49
2019-04-26,CAT-UNP,3057.65625,250000.0,49
2019-04-26,GOOGL-T,-2898.1081771850586,250000.0,49
2019-04-26,INTC-ORCL,0.0,250000.0,49
2019-04-26,MSFT-NVDA,0.0,250000.0,49
2019-04-29,CAT-UNP,4175.078330993652,250000.0,49
2019-04-29,GOOGL-T,-3441.9152488708496,250000.0,49
2019-04-29,INTC-ORCL,-3446.421173095703,250000.0,49
2019-04-29,MSFT-NVDA,2110.817379951477,250000.0,49
2019-04-30,CAT-UNP,4390.755889892578,250000.0,49
2019-04-30,INTC-ORCL,-4835.9984703063965,250000.0,49
2019-04-30,MSFT-NVDA,1894.4991645812988,250000.0,49
2019-04-30,GOOGL-META,0.0,250000.0,49
2019-04-30,GOOGL-NFLX,0.0,250000.0,49
2019-03-01,GOOGL-META,0.0,250000.0,50
2019-03-01,ABT-JNJ,0.0,250000.0,50
2019-03-04,GOOGL-META,5611.885116577148,250000.0,50
2019-03-04,ABT-JNJ,-209.43130493164062,250000.0,50
2019-03-04,DIS-TMUS,0.0,250000.0,50
2019-03-04,DIS-T,0.0,250000.0,50
2019-03-05,GOOGL-META,4430.350597381592,250000.0,50
2019-03-05,ABT-JNJ,-1073.3507995605469,250000.0,50
2019-03-05,DIS-TMUS,-182.92252349853516,250000.0,50
2019-03-05,DIS-T,376.0656280517578,250000.0,50
2019-03-06,GOOGL-META,8289.267902374268,250000.0,50
2019-03-06,ABT-JNJ,-2093.4339599609375,250000.0,50
2019-03-06,DIS-TMUS,-4066.027359008789,250000.0,50
2019-03-06,DIS-T,-2404.2576293945312,250000.0,50
2019-03-07,ABT-JNJ,-1322.7679138183594,250000.0,50
2019-03-07,DIS-TMUS,-516.7473907470703,250000.0,50
2019-03-07,DIS-T,106.89385986328125,250000.0,50
2019-03-08,ABT-JNJ,-1142.006591796875,250000.0,50
2019-03-08,DIS-TMUS,-2457.441993713379,250000.0,50
2019-03-08,DIS-T,819.9551620483398,250000.0,50
2019-03-11,ABT-JNJ,-1042.4154205322266,250000.0,50
2019-03-11,DIS-TMUS,-1460.7227096557617,250000.0,50
2019-03-11,DIS-T,1204.3307571411133,250000.0,50
2019-03-11,BA-RTX,0.0,250000.0,50
2019-03-12,ABT-JNJ,-1797.0804748535156,250000.0,50
2019-03-12,DIS-TMUS,-618.6848602294922,250000.0,50
2019-03-12,BA-RTX,-2170.4267578125,250000.0,50
2019-03-13,ABT-JNJ,-1889.5732116699219,250000.0,50
2019-03-13,DIS-TMUS,2568.930862426758,250000.0,50
2019-03-14,ABT-JNJ,927.6843109130859,250000.0,50
2019-03-14,DIS-TMUS,2109.6547622680664,250000.0,50
2019-03-15,AVGO-ORCL,0.0,250000.0,50
2019-03-18,AVGO-ORCL,1246.3564262390137,250000.0,50
2019-03-18,DIS-TMUS,0.0,250000.0,50
2019-03-19,AVGO-ORCL,2122.097743988037,250000.0,50
2019-03-19,DIS-TMUS,-3913.9889907836914,250000.0,50
2019-03-20,AVGO-ORCL,-2554.0718154907227,250000.0,50
2019-03-20,DIS-TMUS,-2140.3920822143555,250000.0,50
2019-03-21,AVGO-ORCL,2073.9665336608887,250000.0,50
2019-03-21,DIS-TMUS,-6063.6980056762695,250000.0,50
2019-03-21,HD-SBUX,0.0,250000.0,50
2019-03-22,AVGO-ORCL,-2496.817451477051,250000.0,50
2019-03-22,DIS-TMUS,-5891.383087158203,250000.0,50
2019-03-22,HD-SBUX,371.32324981689453,250000.0,50
2019-03-22,AAPL-CRM,0.0,250000.0,50
2019-03-22,NFLX-VZ,0.0,250000.0,50
2019-03-22,NKE-SBUX,0.0,250000.0,50
2019-03-25,AVGO-ORCL,-2470.147243499756,250000.0,50
2019-03-25,HD-SBUX,473.32211685180664,250000.0,50
2019-03-25,AAPL-CRM,-365.318359375,250000.0,50
2019-03-25,NFLX-VZ,-1407.4382400512695,250000.0,50
2019-03-25,NKE-SBUX,-961.274040222168,250000.0,50
2019-03-26,AVGO-ORCL,-1593.7549133300781,250000.0,50
2019-03-26,AAPL-CRM,-2153.8021240234375,250000.0,50
2019-03-26,NFLX-VZ,-3625.3733825683594,250000.0,50
2019-03-26,NKE-SBUX,-1606.9872741699219,250000.0,50
2019-03-27,AVGO-ORCL,-3448.831100463867,250000.0,50
2019-03-27,NKE-SBUX,-1297.6723175048828,250000.0,50
2019-03-28,AVGO-ORCL,-2719.6977005004883,250000.0,50
2019-03-28,NKE-SBUX,-4045.287109375,250000.0,50
2019-03-28,DIS-TMUS,0.0,250000.0,50
2019-03-29,AVGO-ORCL,-827.8519134521484,250000.0,50
2019-03-29,NKE-SBUX,-5098.540725708008,250000.0,50
2019-03-29,DIS-TMUS,-910.5557098388672,250000.0,50
2019-03-29,HON-RTX,0.0,250000.0,50
2019-04-01,AVGO-ORCL,1534.5996627807617,250000.0,50
2019-04-01,NKE-SBUX,-2179.073890686035,250000.0,50
2019-04-01,DIS-TMUS,-1140.9367752075195,250000.0,50
2019-04-01,BA-RTX,0.0,250000.0,50
2019-04-01,GE-RTX,0.0,250000.0,50
2019-04-02,AVGO-ORCL,445.73120498657227,250000.0,50
2019-04-02,NKE-SBUX,-4604.493797302246,250000.0,50
2019-04-02,DIS-TMUS,-754.1356735229492,250000.0,50
2019-04-02,BA-RTX,2243.505516052246,250000.0,50
2019-04-02,GE-RTX,3207.807342529297,250000.0,50
2019-04-03,NKE-SBUX,-4656.173965454102,250000.0,50
2019-04-03,DIS-TMUS,-4670.229866027832,250000.0,50
2019-04-03,BA-RTX,2000.7168579101562,250000.0,50
2019-04-03,GE-RTX,3528.095703125,250000.0,50
2019-04-04,NKE-SBUX,-3455.29532623291,250000.0,50
2019-04-04,DIS-TMUS,-5960.35147857666,250000.0,50
2019-04-04,BA-RTX,1889.9394989013672,250000.0,50
2019-04-04,GE-RTX,526.1910552978516,250000.0,50
2019-04-04,AXP-MA,0.0,250000.0,50
2019-04-05,NKE-SBUX,-5628.870864868164,250000.0,50
2019-04-05,DIS-TMUS,-5445.966323852539,250000.0,50
2019-04-05,BA-RTX,-906.9517517089844,250000.0,50
2019-04-05,GE-RTX,-1500.3884735107422,250000.0,50
2019-04-05,AXP-MA,-1620.0424728393555,250000.0,50
2019-04-08,DIS-TMUS,-2173.6399993896484,250000.0,50
2019-04-08,BA-RTX,-4517.30899810791,250000.0,50
2019-04-08,GE-RTX,-4122.8552169799805,250000.0,50
2019-04-08,AXP-MA,-963.6247482299805,250000.0,50
2019-04-08,MDLZ-PG,0.0,250000.0,50
2019-04-09,DIS-TMUS,-5820.087196350098,250000.0,50
2019-04-09,BA-RTX,-3289.666404724121,250000.0,50
2019-04-09,GE-RTX,-3181.8437576293945,250000.0,50
2019-04-09,AXP-MA,904.4558944702148,250000.0,50
2019-04-09,MDLZ-PG,840.0068969726562,250000.0,50
2019-04-09,GOOGL-META,0.0,250000.0,50
2019-04-10,DIS-TMUS,-3829.1962356567383,250000.0,50
2019-04-10,BA-RTX,-3103.417167663574,250000.0,50
2019-04-10,GE-RTX,-2411.9131622314453,250000.0,50
2019-04-10,AXP-MA,1302.6096420288086,250000.0,50
2019-04-10,MDLZ-PG,1067.6911163330078,250000.0,50
2019-04-10,GOOGL-META,906.5489959716797,250000.0,50
2019-04-11,DIS-TMUS,484.6123580932617,250000.0,50
2019-04-11,BA-RTX,-4107.804412841797,250000.0,50
2019-04-11,GE-RTX,-4813.597053527832,250000.0,50
2019-04-11,AXP-MA,1042.2200546264648,250000.0,50
2019-04-11,MDLZ-PG,727.7063446044922,250000.0,50
2019-04-11,GOOGL-META,2382.1662521362305,250000.0,50
2019-04-12,BA-RTX,-6632.5079345703125,250000.0,50
2019-04-12,AXP-MA,1193.1196517944336,250000.0,50
2019-04-12,MDLZ-PG,397.46639251708984,250000.0,50
2019-04-12,DIS-T,0.0,250000.0,50
2019-04-12,BA-GE,0.0,250000.0,50
2019-04-15,BA-RTX,-6163.944473266602,250000.0,50
2019-04-15,MDLZ-PG,467.1842498779297,250000.0,50
2019-04-15,DIS-T,-5439.032157897949,250000.0,50
2019-04-15,BA-GE,2844.856575012207,250000.0,50
2019-04-16,MDLZ-PG,-1719.2334899902344,250000.0,50
2019-04-16,DIS-T,714.8168544769287,250000.0,50
2019-04-16,BA-GE,2196.4131622314453,250000.0,50
2019-04-16,ABT-JNJ,0.0,250000.0,50
2019-04-16,NKE-SBUX,0.0,250000.0,50
2019-04-17,MDLZ-PG,-1767.4960479736328,250000.0,50
2019-04-17,DIS-T,-5390.537868499756,250000.0,50
2019-04-17,BA-GE,5057.601768493652,250000.0,50
2019-04-17,NKE-SBUX,-3888.429931640625,250000.0,50
2019-04-17,AAPL-CRM,0.0,250000.0,50
2019-04-18,DIS-T,-6198.3420486450195,250000.0,50
2019-04-18,BA-GE,9371.184226989746,250000.0,50
2019-04-18,NKE-SBUX,-1782.0022277832031,250000.0,50
2019-04-18,AAPL-CRM,526.1767883300781,250000.0,50
2019-04-18,AXP-MA,0.0,250000.0,50
2019-04-18,HON-RTX,0.0,250000.0,50
2019-04-18,HON-UPS,0.0,250000.0,50
2019-04-22,DIS-T,-4238.403890609741,250000.0,50
2019-04-22,NKE-SBUX,-56.87660217285156,250000.0,50
2019-04-22,AAPL-CRM,4506.4249267578125,250000.0,50
2019-04-22,HON-RTX,1025.528190612793,250000.0,50
2019-04-22,HON-UPS,-122.94303894042969,250000.0,50
2019-04-23,DIS-T,-7512.3136348724365,250000.0,50
2019-04-23,NKE-SBUX,1742.7622375488281,250000.0,50
2019-04-23,HON-RTX,1520.3118286132812,250000.0,50
2019-04-23,BA-RTX,0.0,250000.0,50
2019-04-23,MDLZ-PG,0.0,250000.0,50
2019-04-24,NKE-SBUX,1026.3643188476562,250000.0,50
2019-04-24,HON-RTX,1490.231704711914,250000.0,50
2019-04-24,BA-RTX,1290.8133544921875,250000.0,50
2019-04-24,MDLZ-PG,1214.5490112304688,250000.0,50
2019-04-25,BA-RTX,3707.349266052246,250000.0,50
2019-04-25,MDLZ-PG,1506.865608215332,250000.0,50
2019-04-25,HON-UPS,0.0,250000.0,50
2019-04-26,BA-RTX,1102.6314239501953,250000.0,50
2019-04-26,HON-UPS,-5035.554016113281,250000.0,50
2019-04-29,BA-RTX,-1921.8459548950195,250000.0,50
2019-04-29,HON-UPS,-3285.0609283447266,250000.0,50
2019-04-30,BA-RTX,-3290.7431716918945,250000.0,50
2019-04-30,HON-UPS,-1319.824951171875,250000.0,50
2019-04-30,GOOGL-META,0.0,250000.0,50
2019-05-01,BA-RTX,-1775.205093383789,250000.0,50
2019-05-01,HON-UPS,-1846.2590789794922,250000.0,50
2019-05-01,GOOGL-META,-7712.933258056641,250000.0,50
2019-05-02,BA-RTX,1039.4706573486328,250000.0,50
2019-05-02,HON-UPS,-266.2255554199219,250000.0,50
2019-05-02,GOOGL-META,-9242.192741394043,250000.0,50
2019-05-03,BA-RTX,-1987.9693908691406,250000.0,50
2019-05-03,HON-UPS,-187.67921447753906,250000.0,50
2019-05-03,GOOGL-META,-5682.013969421387,250000.0,50
2019-05-06,BA-RTX,-1200.462776184082,250000.0,50
2019-05-06,HON-UPS,-3881.2489471435547,250000.0,50
2019-05-06,GOOGL-META,-2377.5969772338867,250000.0,50
2019-05-07,BA-RTX,2077.1777114868164,250000.0,50
2019-05-07,HON-UPS,-6533.708038330078,250000.0,50
2019-05-07,GOOGL-META,-1729.0132751464844,250000.0,50
2019-05-07,HON-RTX,0.0,250000.0,50
2019-05-08,BA-RTX,82.58102416992188,250000.0,50
2019-05-08,HON-UPS,-7725.792297363281,250000.0,50
2019-05-08,GOOGL-META,-4012.9922256469727,250000.0,50
2019-05-08,HON-RTX,2210.353546142578,250000.0,50
2019-05-09,HON-UPS,-10377.854736328125,250000.0,50
2019-05-09,GOOGL-META,-3760.2803955078125,250000.0,50
2019-05-09,HON-RTX,1775.9169616699219,250000.0,50
2019-05-10,GOOGL-META,-3464.9561920166016,250000.0,50
2019-05-10,HON-RTX,408.9307861328125,250000.0,50
2019-05-13,GOOGL-META,-4594.428092956543,250000.0,50
2019-05-13,HON-RTX,-1683.6316223144531,250000.0,50
2019-05-14,GOOGL-META,-7294.726531982422,250000.0,50
2019-05-14,HON-RTX,-51.580291748046875,250000.0,50
2019-05-15,GOOGL-META,220.3333740234375,250000.0,50
2019-05-15,HON-RTX,-1959.1703796386719,250000.0,50
2019-05-16,GOOGL-META,3666.326301574707,250000.0,50
2019-05-16,HON-RTX,-443.7234191894531,250000.0,50
2019-05-16,DHR-LLY,0.0,250000.0,50
2019-05-16,BA-GE,0.0,250000.0,50
2019-05-17,GOOGL-META,828.8838195800781,250000.0,50
2019-05-17,HON-RTX,-1913.4759826660156,250000.0,50
2019-05-17,DHR-LLY,1037.2039337158203,250000.0,50
2019-05-17,BA-GE,-3633.185501098633,250000.0,50
2019-05-20,HON-RTX,-334.89312744140625,250000.0,50
2019-05-20,DHR-LLY,229.88715362548828,250000.0,50
2019-05-20,BA-GE,-5810.197986602783,250000.0,50
2019-05-21,HON-RTX,2864.389617919922,250000.0,50
2019-05-21,DHR-LLY,-566.9117660522461,250000.0,50
2019-05-21,BA-GE,-5931.789741516113,250000.0,50
2019-05-22,HON-RTX,2167.3912353515625,250000.0,50
2019-05-22,DHR-LLY,-2904.9773864746094,250000.0,50
2019-05-22,BA-GE,-5313.085060119629,250000.0,50
2019-05-23,DHR-LLY,-447.16698455810547,250000.0,50
2019-05-24,DHR-LLY,-227.63680267333984,250000.0,50
2019-05-28,DHR-LLY,1154.3488464355469,250000.0,50
2019-05-28,AXP-MA,0.0,250000.0,50
2019-05-28,ADBE-ORCL,0.0,250000.0,50
2019-05-29,DHR-LLY,1797.1874694824219,250000.0,50
2019-05-29,AXP-MA,-3190.8006286621094,250000.0,50
2019-05-29,ADBE-ORCL,2904.88680267334,250000.0,50
2019-05-29,ABT-JNJ,0.0,250000.0,50
2019-05-29,GILD-JNJ,0.0,250000.0,50
2019-05-30,DHR-LLY,1850.4495468139648,250000.0,50
2019-05-30,ADBE-ORCL,2308.446952819824,250000.0,50
2019-05-30,ABT-JNJ,-228.9380645751953,250000.0,50
2019-05-30,GILD-JNJ,1415.0884971618652,250000.0,50
2019-05-31,DHR-LLY,1579.3965606689453,250000.0,50
2019-05-31,ADBE-ORCL,-733.3719482421875,250000.0,50
2019-05-31,ABT-JNJ,-1270.013313293457,250000.0,50
2019-05-31,GILD-JNJ,-2945.657428741455,250000.0,50
2019-05-31,DIS-T,0.0,250000.0,50
2019-04-04,ADBE-INTC,0.0,250000.0,51
2019-04-05,ADBE-INTC,1080.525707244873,250000.0,51
2019-04-08,ADBE-INTC,1804.1075401306152,250000.0,51
2019-04-08,GE-HON,0.0,250000.0,51
2019-04-09,ADBE-INTC,3556.3326263427734,250000.0,51
2019-04-09,GE-HON,-746.9407348632812,250000.0,51
2019-04-10,GE-HON,29.686721801757812,250000.0,51
2019-04-11,GE-HON,-1792.0158386230469,250000.0,51
2019-04-12,GE-HON,-5375.186935424805,250000.0,51
2019-04-12,GS-JPM,0.0,250000.0,51
2019-04-12,ADBE-AVGO,0.0,250000.0,51
2019-04-12,GILD-UNH,0.0,250000.0,51
2019-04-15,GE-HON,-4843.755844116211,250000.0,51
2019-04-15,GS-JPM,-1312.8414154052734,250000.0,51
2019-04-15,ADBE-AVGO,833.0337142944336,250000.0,51
2019-04-15,GILD-UNH,7276.976531982422,250000.0,51
2019-04-16,GE-HON,-4621.652618408203,250000.0,51
2019-04-16,GS-JPM,-2905.516357421875,250000.0,51
2019-04-16,ADBE-AVGO,-1560.7699279785156,250000.0,51
2019-04-16,GILD-UNH,132.07044982910156,250000.0,51
2019-04-17,GE-HON,-4861.606094360352,250000.0,51
2019-04-17,GILD-UNH,160.27005004882812,250000.0,51
2019-04-17,ADBE-INTC,0.0,250000.0,51
2019-04-18,GILD-UNH,6738.475204467773,250000.0,51
2019-04-18,ADBE-INTC,1273.1509437561035,250000.0,51
2019-04-18,MA-PYPL,0.0,250000.0,51
2019-04-22,ADBE-INTC,1291.2431373596191,250000.0,51
2019-04-22,MA-PYPL,-3278.894561767578,250000.0,51
2019-04-23,MA-PYPL,-3476.4886169433594,250000.0,51
2019-04-23,ADBE-CSCO,0.0,250000.0,51
2019-04-23,CMCSA-GOOGL,0.0,250000.0,51
2019-04-24,ADBE-CSCO,4470.616233825684,250000.0,51
2019-04-24,CMCSA-GOOGL,1343.5765361785889,250000.0,51
2019-04-24,NFLX-T,0.0,250000.0,51
2019-04-25,ADBE-CSCO,-595.7083969116211,250000.0,51
2019-04-25,NFLX-T,-2533.899574279785,250000.0,51
2019-04-26,NFLX-T,-1010.8353958129883,250000.0,51
2019-04-26,CSCO-ORCL,0.0,250000.0,51
2019-04-26,ADBE-NVDA,0.0,250000.0,51
2019-04-26,ADBE-INTC,0.0,250000.0,51
2019-04-29,NFLX-T,1186.2604141235352,250000.0,51
2019-04-29,CSCO-ORCL,2170.440498352051,250000.0,51
2019-04-29,ADBE-NVDA,-3630.659640312195,250000.0,51
2019-04-29,ADBE-INTC,-9967.660949707031,250000.0,51
2019-04-30,NFLX-T,2080.6668014526367,250000.0,51
2019-04-30,CSCO-ORCL,551.795036315918,250000.0,51
2019-04-30,ADBE-NVDA,-5282.603160858154,250000.0,51
2019-04-30,ADBE-INTC,-13035.047618865967,250000.0,51
2019-04-30,CMCSA-GOOGL,0.0,250000.0,51
2019-05-01,NFLX-T,-869.2843475341797,250000.0,51
2019-05-01,CSCO-ORCL,1573.3247375488281,250000.0,51
2019-05-01,ADBE-NVDA,1554.7739701271057,250000.0,51
2019-05-01,ADBE-INTC,-9184.001163482666,250000.0,51
2019-05-01,CMCSA-GOOGL,-4795.941246032715,250000.0,51
2019-05-02,NFLX-T,-2297.002067565918,250000.0,51
2019-05-02,CSCO-ORCL,1091.7616958618164,250000.0,51
2019-05-02,ADBE-NVDA,10140.44520187378,250000.0,51
2019-05-02,ADBE-INTC,-6924.11030960083,250000.0,51
2019-05-02,CMCSA-GOOGL,-2365.6724967956543,250000.0,51
2019-05-03,NFLX-T,-2780.6071853637695,250000.0,51
2019-05-03,CSCO-ORCL,234.53043365478516,250000.0,51
2019-05-03,ADBE-NVDA,2254.925130844116,250000.0,51
2019-05-03,ADBE-INTC,-6424.109573364258,250000.0,51
2019-05-03,CMCSA-GOOGL,-762.0125923156738,250000.0,51
2019-05-03,GILD-UNH,0.0,250000.0,51
2019-05-06,NFLX-T,-2466.5579833984375,250000.0,51
2019-05-06,CSCO-ORCL,-990.3092880249023,250000.0,51
2019-05-06,ADBE-NVDA,286.200044631958,250000.0,51
2019-05-06,ADBE-INTC,-5767.729099273682,250000.0,51
2019-05-06,CMCSA-GOOGL,3.247913360595703,250000.0,51
2019-05-06,GS-JPM,0.0,250000.0,51
2019-05-07,NFLX-T,-1395.4653778076172,250000.0,51
2019-05-07,CSCO-ORCL,-263.3297348022461,250000.0,51
2019-05-07,ADBE-NVDA,-707.1359519958496,250000.0,51
2019-05-07,ADBE-INTC,-3524.8838424682617,250000.0,51
2019-05-07,CMCSA-GOOGL,-340.6514358520508,250000.0,51
2019-05-07,GS-JPM,-1140.0242767333984,250000.0,51
2019-05-08,NFLX-T,-2107.084457397461,250000.0,51
2019-05-08,CSCO-ORCL,-163.72085571289062,250000.0,51
2019-05-08,ADBE-NVDA,815.3672518730164,250000.0,51
2019-05-08,ADBE-INTC,-9209.3708152771,250000.0,51
2019-05-08,CMCSA-GOOGL,-975.2643394470215,250000.0,51
2019-05-08,GS-JPM,-1142.1235809326172,250000.0,51
2019-05-09,CSCO-ORCL,-2836.2710571289062,250000.0,51
2019-05-09,ADBE-NVDA,-3161.46479845047,250000.0,51
2019-05-09,CMCSA-GOOGL,-3411.344902038574,250000.0,51
2019-05-09,GS-JPM,-1864.1132354736328,250000.0,51
2019-05-10,CSCO-ORCL,-3441.382453918457,250000.0,51
2019-05-10,ADBE-NVDA,-8541.23197889328,250000.0,51
2019-05-10,CMCSA-GOOGL,-4630.149154663086,250000.0,51
2019-05-10,GS-JPM,-2210.955596923828,250000.0,51
2019-05-10,NFLX-TMUS,0.0,250000.0,51
2019-05-13,CMCSA-GOOGL,-6753.825305938721,250000.0,51
2019-05-13,NFLX-TMUS,1519.017879486084,250000.0,51
2019-05-13,ADBE-MSFT,0.0,250000.0,51
2019-05-14,NFLX-TMUS,1020.5891342163086,250000.0,51
2019-05-14,NFLX-T,0.0,250000.0,51
2019-05-15,NFLX-TMUS,270.185115814209,250000.0,51
2019-05-15,NFLX-T,539.7469291687012,250000.0,51
2019-05-16,NFLX-TMUS,-991.3218269348145,250000.0,51
2019-05-16,NFLX-T,-1594.229235649109,250000.0,51
2019-05-16,ADBE-AVGO,0.0,250000.0,51
2019-05-17,NFLX-TMUS,-2342.7384071350098,250000.0,51
2019-05-17,NFLX-T,-3987.8606033325195,250000.0,51
2019-05-17,ADBE-AVGO,-1586.6714115142822,250000.0,51
2019-05-17,NFLX-VZ,0.0,250000.0,51
2019-05-17,ADBE-CSCO,0.0,250000.0,51
2019-05-20,NFLX-VZ,-4941.861164093018,250000.0,51
2019-05-20,ADBE-CSCO,-4392.060089111328,250000.0,51
2019-05-21,ADBE-CSCO,-3141.2068367004395,250000.0,51
2019-05-22,GS-JPM,0.0,250000.0,51
2019-05-23,GS-JPM,-270.341552734375,250000.0,51
2019-05-24,GS-JPM,-1178.6272277832031,250000.0,51
2019-05-28,ADBE-ORCL,0.0,250000.0,51
2019-05-29,ADBE-ORCL,2904.88680267334,250000.0,51
2019-05-30,ADBE-ORCL,2308.446952819824,250000.0,51
2019-05-31,ADBE-ORCL,-733.3719482421875,250000.0,51
2019-05-31,NFLX-T,0.0,250000.0,51
2019-05-31,NFLX-VZ,0.0,250000.0,51
2019-06-03,NFLX-T,5472.574259757996,250000.0,51
2019-06-03,ADBE-MSFT,0.0,250000.0,51
2019-06-03,CMCSA-GOOGL,0.0,250000.0,51
2019-06-04,NFLX-T,5373.810183525085,250000.0,51
2019-06-04,CMCSA-GOOGL,2657.2586364746094,250000.0,51
2019-06-05,CMCSA-GOOGL,544.1595764160156,250000.0,51
2019-06-06,CMCSA-GOOGL,1681.4382934570312,250000.0,51
2019-06-07,CMCSA-GOOGL,5791.613357543945,250000.0,51
2019-06-10,CMCSA-GOOGL,9744.14501953125,250000.0,51
2019-06-10,AMGN-LLY,0.0,250000.0,51
2019-06-11,CMCSA-GOOGL,9510.495727539062,250000.0,51
2019-06-11,AMGN-LLY,-2779.0287322998047,250000.0,51
2019-06-12,CMCSA-GOOGL,8451.259384155273,250000.0,51
2019-06-12,AMGN-LLY,2853.61319732666,250000.0,51
2019-06-19,ADBE-ORCL,0.0,250000.0,51
2019-06-19,ADBE-CSCO,0.0,250000.0,51
2019-06-19,ADBE-MSFT,0.0,250000.0,51
2019-06-20,ADBE-CSCO,-5232.196319580078,250000.0,51
2019-06-20,CSCO-ORCL,0.0,250000.0,51
2019-06-21,ADBE-CSCO,-4136.182281494141,250000.0,51
2019-06-21,CSCO-ORCL,3207.779296875,250000.0,51
2019-06-24,ADBE-CSCO,-4009.8099822998047,250000.0,51
2019-06-24,CSCO-ORCL,728.2980346679688,250000.0,51
2019-06-25,ADBE-CSCO,3026.9873809814453,250000.0,51
2019-06-25,CSCO-ORCL,1905.603313446045,250000.0,51
2019-06-26,ADBE-CSCO,4590.585464477539,250000.0,51
2019-06-26,CSCO-ORCL,150.2840347290039,250000.0,51
2019-06-26,AMGN-LLY,0.0,250000.0,51
2019-06-27,ADBE-CSCO,-3807.5269775390625,250000.0,51
2019-06-27,CSCO-ORCL,-1725.6374244689941,250000.0,51
2019-06-27,AMGN-LLY,-605.0439147949219,250000.0,51
2019-06-28,ADBE-CSCO,-9685.346405029297,250000.0,51
2019-06-28,CSCO-ORCL,-4204.45885848999,250000.0,51
2019-06-28,AMGN-LLY,-2405.6868591308594,250000.0,51
2019-05-01,COST-MDLZ,0.0,250000.0,52
2019-05-02,COST-MDLZ,1830.3243865966797,250000.0,52
2019-05-03,COST-MDLZ,2327.4493408203125,250000.0,52
2019-05-06,COST-MDLZ,2727.698661804199,250000.0,52
2019-05-07,COST-MDLZ,1696.1430740356445,250000.0,52
2019-05-08,COST-MDLZ,2809.544807434082,250000.0,52
2019-05-09,COST-MDLZ,3839.4239654541016,250000.0,52
2019-05-10,COST-MDLZ,4739.04141998291,250000.0,52
2019-05-13,COST-MDLZ,3122.125961303711,250000.0,52
2019-05-13,AMZN-MCD,0.0,250000.0,52
2019-05-14,COST-MDLZ,1820.1928939819336,250000.0,52
2019-05-14,AMZN-MCD,2593.28466796875,250000.0,52
2019-05-15,COST-MDLZ,2670.798583984375,250000.0,52
2019-05-15,AMZN-MCD,3597.1142959594727,250000.0,52
2019-05-15,AAPL-NVDA,0.0,250000.0,52
2019-05-16,COST-MDLZ,641.5077590942383,250000.0,52
2019-05-16,AAPL-NVDA,1919.5649218559265,250000.0,52
2019-05-17,COST-MDLZ,4276.567680358887,250000.0,52
2019-05-17,AAPL-NVDA,-2574.6807436943054,250000.0,52
2019-05-20,COST-MDLZ,4515.4117431640625,250000.0,52
2019-05-20,AAPL-NVDA,-3280.46680021286,250000.0,52
2019-05-21,AAPL-NVDA,-2123.243472099304,250000.0,52
2019-05-22,AAPL-NVDA,-2219.6765694618225,250000.0,52
2019-05-24,HD-TJX,0.0,250000.0,52
2019-05-28,HD-TJX,-5429.767501831055,250000.0,52
2019-05-28,AAPL-ORCL,0.0,250000.0,52
2019-05-29,HD-TJX,-5488.472324371338,250000.0,52
2019-05-29,AAPL-ORCL,164.40015411376953,250000.0,52
2019-05-30,HD-TJX,-2578.4722023010254,250000.0,52
2019-05-30,AAPL-ORCL,-182.4318618774414,250000.0,52
2019-05-31,HD-TJX,-2634.015293121338,250000.0,52
2019-05-31,AAPL-ORCL,-3866.3500213623047,250000.0,52
2019-06-03,HD-TJX,-4286.041278839111,250000.0,52
2019-06-03,AAPL-ORCL,-4659.395469665527,250000.0,52
2019-06-03,AMZN-MCD,0.0,250000.0,52
2019-06-04,HD-TJX,-6144.998371124268,250000.0,52
2019-06-04,AAPL-ORCL,550.6563034057617,250000.0,52
2019-06-04,AMZN-MCD,2329.016975402832,250000.0,52
2019-06-05,AAPL-ORCL,-612.6803665161133,250000.0,52
2019-06-05,AMZN-MCD,2524.2329635620117,250000.0,52
2019-06-06,AAPL-ORCL,322.11197662353516,250000.0,52
2019-06-06,AMZN-MCD,314.6594467163086,250000.0,52
2019-06-07,AAPL-ORCL,923.8329391479492,250000.0,52
2019-06-07,AMZN-MCD,1836.854507446289,250000.0,52
2019-06-10,AAPL-ORCL,3248.1485443115234,250000.0,52
2019-06-11,AAPL-ORCL,1718.243911743164,250000.0,52
2019-06-12,AAPL-ORCL,503.8323516845703,250000.0,52
2019-06-13,AAPL-ORCL,1587.939842224121,250000.0,52
2019-06-14,AAPL-AVGO,0.0,250000.0,52
2019-06-17,AAPL-AVGO,-1294.9408874511719,250000.0,52
2019-06-17,CL-KO,0.0,250000.0,52
2019-06-18,AAPL-AVGO,4777.0673904418945,250000.0,52
2019-06-18,CL-KO,338.3535614013672,250000.0,52
2019-06-18,COST-MDLZ,0.0,250000.0,52
2019-06-19,AAPL-AVGO,4922.742656707764,250000.0,52
2019-06-19,CL-KO,889.5913925170898,250000.0,52
2019-06-19,COST-MDLZ,1686.3903045654297,250000.0,52
2019-06-20,AAPL-AVGO,4546.896854400635,250000.0,52
2019-06-20,COST-MDLZ,1094.5784454345703,250000.0,52
2019-06-20,AAPL-ORCL,0.0,250000.0,52
2019-06-21,AAPL-AVGO,3047.5812587738037,250000.0,52
2019-06-21,COST-MDLZ,933.9379425048828,250000.0,52
2019-06-21,AAPL-ORCL,3546.2651138305664,250000.0,52
2019-06-24,COST-MDLZ,879.9996185302734,250000.0,52
2019-06-24,AAPL-ORCL,747.1145210266113,250000.0,52
2019-06-25,AAPL-ORCL,2490.510208129883,250000.0,52
2019-06-26,AAPL-ORCL,1582.5881309509277,250000.0,52
2019-06-27,AAPL-ORCL,1076.1913566589355,250000.0,52
2019-06-28,AAPL-ORCL,-523.9895668029785,250000.0,52
2019-07-01,AAPL-ORCL,-3644.1640853881836,250000.0,52
2019-07-02,AAPL-ORCL,-5149.451519012451,250000.0,52
2019-07-03,AAPL-ORCL,-6236.805767059326,250000.0,52
2019-07-03,SBUX-TJX,0.0,250000.0,52
2019-07-05,HD-TJX,0.0,250000.0,52
2019-07-08,HD-TJX,-1792.9884338378906,250000.0,52
2019-07-09,HD-TJX,-1431.7221374511719,250000.0,52
2019-07-10,HD-TJX,-3644.18017578125,250000.0,52
2019-07-11,HD-TJX,-5508.591659545898,250000.0,52
2019-07-11,COST-MDLZ,0.0,250000.0,52
2019-07-12,COST-MDLZ,-2990.052070617676,250000.0,52
2019-07-15,COST-MDLZ,-3271.506862640381,250000.0,52
2019-07-16,COST-MDLZ,-3013.401885986328,250000.0,52
2019-07-17,COST-MDLZ,-3273.25545501709,250000.0,52
2019-07-18,COST-MDLZ,-2917.5993270874023,250000.0,52
2019-07-19,COST-MDLZ,-3228.7979049682617,250000.0,52
2019-07-22,COST-MDLZ,-3181.5677757263184,250000.0,52
2019-07-23,COST-MDLZ,-2432.820888519287,250000.0,52
2019-07-23,CL-KO,0.0,250000.0,52
2019-07-24,COST-MDLZ,-4775.113636016846,250000.0,52
2019-07-24,CL-KO,-1465.7796936035156,250000.0,52
2019-07-25,COST-MDLZ,-3905.1464195251465,250000.0,52
2019-07-25,CL-KO,4398.597564697266,250000.0,52
2019-07-26,CL-KO,6371.252243041992,250000.0,52
2019-07-31,AAPL-AVGO,0.0,250000.0,52
2019-07-31,AAPL-NVDA,0.0,250000.0,52
2019-06-03,CRM-TXN,0.0,250000.0,53
2019-06-04,CRM-TXN,463.95191955566406,250000.0,53
2019-06-04,AAPL-TXN,0.0,250000.0,53
2019-06-05,AAPL-TXN,1240.2172966003418,250000.0,53
2019-06-06,AAPL-TXN,1521.9480667114258,250000.0,53
2019-06-07,AAPL-TXN,2787.351875305176,250000.0,53
2019-06-10,AAPL-TXN,1173.290512084961,250000.0,53
2019-06-11,AAPL-TXN,2073.8791999816895,250000.0,53
2019-06-14,AAPL-TXN,0.0,250000.0,53
2019-06-17,AAPL-TXN,-2171.690559387207,250000.0,53
2019-06-18,AAPL-TXN,4726.603889465332,250000.0,53
2019-07-11,CL-MDLZ,0.0,250000.0,53
2019-07-12,CL-MDLZ,-2377.748016357422,250000.0,53
2019-07-15,CL-MDLZ,-121.18613815307617,250000.0,53
2019-07-16,CL-MDLZ,-1806.8237915039062,250000.0,53
2019-07-17,CL-MDLZ,33.66748046875,250000.0,53
2019-07-18,CL-MDLZ,1064.9055786132812,250000.0,53
2019-07-24,AAPL-TXN,0.0,250000.0,53
2019-07-24,CRM-TXN,0.0,250000.0,53
2019-07-24,COST-PG,0.0,250000.0,53
2019-07-25,AAPL-TXN,1689.6507453918457,250000.0,53
2019-07-25,CRM-TXN,2954.2165756225586,250000.0,53
2019-07-25,COST-PG,1045.7528991699219,250000.0,53
2019-07-26,AAPL-TXN,778.0421676635742,250000.0,53
2019-07-26,CRM-TXN,1760.5136947631836,250000.0,53
2019-07-29,AAPL-TXN,-956.7185516357422,250000.0,53
2019-07-29,CRM-TXN,-4022.640365600586,250000.0,53
2019-07-30,AAPL-TXN,-492.3924369812012,250000.0,53
2019-07-30,CRM-TXN,-2282.258804321289,250000.0,53
2019-07-30,COST-PG,0.0,250000.0,53
2019-07-31,CRM-TXN,3107.272087097168,250000.0,53
2019-07-31,COST-PG,2482.196731567383,250000.0,53
2019-08-01,CRM-TXN,3912.979316711426,250000.0,53
2019-08-01,COST-PG,4533.946762084961,250000.0,53
2019-08-01,CVX-XOM,0.0,250000.0,53
2019-08-01,MPC-XOM,0.0,250000.0,53
2019-08-02,CRM-TXN,3995.2148208618164,250000.0,53
2019-08-02,COST-PG,3832.1575927734375,250000.0,53
2019-08-02,CVX-XOM,-2443.9731826782227,250000.0,53
2019-08-02,MPC-XOM,171.38494110107422,250000.0,53
2019-08-05,COST-PG,6146.083831787109,250000.0,53
2019-08-05,MPC-XOM,-456.6040496826172,250000.0,53
2019-08-06,COST-PG,6306.839370727539,250000.0,53
2019-08-07,COST-PG,6875.726547241211,250000.0,53
2019-08-08,COST-PG,3204.9740600585938,250000.0,53
2019-08-09,COST-PG,4033.3802795410156,250000.0,53
2019-08-12,COST-PG,3933.7545013427734,250000.0,53
2019-08-13,COST-PG,4519.001693725586,250000.0,53
2019-08-14,COST-PG,2441.657485961914,250000.0,53
2019-08-14,CVX-XOM,0.0,250000.0,53
2019-08-15,COST-PG,1242.8356170654297,250000.0,53
2019-08-15,CVX-XOM,-1100.9514770507812,250000.0,53
2019-08-16,CVX-XOM,2754.6792755126953,250000.0,53
2019-08-19,CVX-XOM,6280.803085327148,250000.0,53
2019-08-20,CVX-XOM,5297.746398925781,250000.0,53
2019-08-27,COST-PG,0.0,250000.0,53
2019-08-28,COST-PG,326.2939682006836,250000.0,53
2019-08-29,COST-PG,-1992.045654296875,250000.0,53
2019-08-30,COST-PG,-2727.0752182006836,250000.0,53
2019-07-02,COP-EOG,0.0,250000.0,54
2019-07-03,COP-EOG,-2180.7809867858887,250000.0,54
2019-07-05,COP-EOG,3459.7758598327637,250000.0,54
2019-07-12,GILD-JNJ,0.0,250000.0,54
2019-07-15,GILD-JNJ,-1766.218605041504,250000.0,54
2019-07-16,GILD-JNJ,-4299.840560913086,250000.0,54
2019-07-17,GILD-JNJ,-5462.775501251221,250000.0,54
2019-07-18,GILD-JNJ,-5477.197513580322,250000.0,54
2019-07-19,GILD-JNJ,-5720.153503417969,250000.0,54
2019-07-19,AXP-PYPL,0.0,250000.0,54
2019-07-23,CRM-NVDA,0.0,250000.0,54
2019-07-24,CSCO-MSFT,0.0,250000.0,54
2019-07-24,COST-PG,0.0,250000.0,54
2019-07-25,CSCO-MSFT,-2260.503372192383,250000.0,54
2019-07-25,COST-PG,1045.7528991699219,250000.0,54
2019-07-25,AXP-PYPL,0.0,250000.0,54
2019-07-26,CSCO-MSFT,-4775.159317016602,250000.0,54
2019-07-26,AXP-PYPL,1449.3147277832031,250000.0,54
2019-07-26,MCD-SBUX,0.0,250000.0,54
2019-07-29,CSCO-MSFT,-2125.2090911865234,250000.0,54
2019-07-29,MCD-SBUX,1692.0273818969727,250000.0,54
2019-07-30,CSCO-MSFT,-3331.9371948242188,250000.0,54
2019-07-30,MCD-SBUX,496.12335205078125,250000.0,54
2019-07-30,COST-PG,0.0,250000.0,54
2019-07-31,CSCO-MSFT,-1702.1012268066406,250000.0,54
2019-07-31,MCD-SBUX,2585.2230682373047,250000.0,54
2019-07-31,COST-PG,2482.196731567383,250000.0,54
2019-07-31,AMGN-TMO,0.0,250000.0,54
2019-08-01,CSCO-MSFT,-4933.563827514648,250000.0,54
2019-08-01,MCD-SBUX,1778.776496887207,250000.0,54
2019-08-01,COST-PG,4533.946762084961,250000.0,54
2019-08-01,AMGN-TMO,432.4836883544922,250000.0,54
2019-08-01,JPM-MS,0.0,250000.0,54
2019-08-01,COP-EOG,0.0,250000.0,54
2019-08-02,MCD-SBUX,7141.382797241211,250000.0,54
2019-08-02,COST-PG,3832.1575927734375,250000.0,54
2019-08-02,AMGN-TMO,-2922.103057861328,250000.0,54
2019-08-02,JPM-MS,-4702.229438781738,250000.0,54
2019-08-02,CRM-NVDA,0.0,250000.0,54
2019-08-05,MCD-SBUX,4606.330436706543,250000.0,54
2019-08-05,COST-PG,6146.083831787109,250000.0,54
2019-08-05,AMGN-TMO,-5533.883377075195,250000.0,54
2019-08-05,CRM-NVDA,3857.476010084152,250000.0,54
2019-08-06,MCD-SBUX,6865.492279052734,250000.0,54
2019-08-06,COST-PG,6306.839370727539,250000.0,54
2019-08-06,AMGN-TMO,-394.61268615722656,250000.0,54
2019-08-06,CRM-NVDA,1352.8821823596954,250000.0,54
2019-08-07,COST-PG,6875.726547241211,250000.0,54
2019-08-07,AMGN-TMO,-947.0224456787109,250000.0,54
2019-08-07,CRM-NVDA,-5978.623480796814,250000.0,54
2019-08-08,COST-PG,3204.9740600585938,250000.0,54
2019-08-08,AMGN-TMO,3272.318389892578,250000.0,54
2019-08-08,CRM-NVDA,-3466.747000694275,250000.0,54
2019-08-09,COST-PG,4033.3802795410156,250000.0,54
2019-08-09,AMGN-TMO,-6439.884048461914,250000.0,54
2019-08-09,CRM-NVDA,943.5412702560425,250000.0,54
2019-08-12,COST-PG,3933.7545013427734,250000.0,54
2019-08-12,CRM-NVDA,-6114.7170696258545,250000.0,54
2019-08-13,COST-PG,4519.001693725586,250000.0,54
2019-08-13,CRM-NVDA,216.57638597488403,250000.0,54
2019-08-14,COST-PG,2441.657485961914,250000.0,54
2019-08-14,CRM-NVDA,-8235.837927103043,250000.0,54
2019-08-15,COST-PG,1242.8356170654297,250000.0,54
2019-08-15,CRM-NVDA,4050.1526141166687,250000.0,54
2019-08-16,CRM-NVDA,-5184.800858974457,250000.0,54
2019-08-27,COST-PG,0.0,250000.0,54
2019-08-28,COST-PG,326.2939682006836,250000.0,54
2019-08-29,COST-PG,-1992.045654296875,250000.0,54
2019-08-29,ABT-TMO,0.0,250000.0,54
2019-08-30,COST-PG,-2727.0752182006836,250000.0,54
2019-08-30,ABT-TMO,-316.99945068359375,250000.0,54
2019-09-03,COST-PG,1464.3633041381836,250000.0,54
2019-09-03,ABT-TMO,726.0946655273438,250000.0,54
2019-09-04,COST-PG,2523.862518310547,250000.0,54
2019-09-04,ABT-TMO,-1086.7280883789062,250000.0,54
2019-09-05,COST-PG,1011.0435104370117,250000.0,54
2019-09-05,ABT-TMO,-5462.543243408203,250000.0,54
2019-09-06,COST-PG,-3392.417007446289,250000.0,54
2019-09-09,COST-PG,-1596.839126586914,250000.0,54
2019-09-09,GILD-JNJ,0.0,250000.0,54
2019-09-10,COST-PG,-4980.675842285156,250000.0,54
2019-09-10,GILD-JNJ,2873.2129669189453,250000.0,54
2019-09-11,COST-PG,2205.390739440918,250000.0,54
2019-09-11,GILD-JNJ,3068.265724182129,250000.0,54
2019-09-12,GILD-JNJ,4905.7437744140625,250000.0,54
2019-09-16,EOG-MPC,0.0,250000.0,54
2019-09-16,COP-EOG,0.0,250000.0,54
2019-09-17,COP-EOG,-6510.360374450684,250000.0,54
2019-09-18,COP-EOG,-314.9625778198242,250000.0,54
2019-09-19,COP-EOG,726.7683601379395,250000.0,54
2019-09-20,COP-EOG,-5201.033203125,250000.0,54
2019-09-20,CRM-NVDA,0.0,250000.0,54
2019-09-23,COP-EOG,-4618.005485534668,250000.0,54
2019-09-23,CRM-NVDA,3532.0694341659546,250000.0,54
2019-09-24,COP-EOG,-4907.112377166748,250000.0,54
2019-09-24,CRM-NVDA,2171.275148868561,250000.0,54
2019-09-24,MCD-SBUX,0.0,250000.0,54
2019-09-24,ABT-TMO,0.0,250000.0,54
2019-09-25,COP-EOG,-11010.502967834473,250000.0,54
2019-09-25,MCD-SBUX,-402.00011444091797,250000.0,54
2019-09-25,ABT-TMO,-3189.0484466552734,250000.0,54
2019-09-25,EOG-MPC,0.0,250000.0,54
2019-09-25,AMZN-NKE,0.0,250000.0,54
2019-09-25,NKE-TJX,0.0,250000.0,54
2019-09-26,COP-EOG,-7132.140357971191,250000.0,54
2019-09-26,MCD-SBUX,-1852.4354782104492,250000.0,54
2019-09-26,ABT-TMO,1108.3975067138672,250000.0,54
2019-09-26,EOG-MPC,-5519.301174163818,250000.0,54
2019-09-26,AMZN-NKE,-5699.579704284668,250000.0,54
2019-09-26,NKE-TJX,-4779.857646942139,250000.0,54
2019-09-27,COP-EOG,-8526.593570709229,250000.0,54
2019-09-27,ABT-TMO,2976.3846588134766,250000.0,54
2019-09-27,EOG-MPC,-12259.44905090332,250000.0,54
2019-09-27,AMZN-NKE,-7072.754241943359,250000.0,54
2019-09-27,NKE-TJX,-6888.636657714844,250000.0,54
2019-09-30,COP-EOG,-6256.230365753174,250000.0,54
2019-09-30,EOG-MPC,-6518.426975250244,250000.0,54
2019-09-30,NKE-TJX,-6851.314861297607,250000.0,54
2019-08-01,COP-EOG,0.0,250000.0,55
2019-08-01,LOW-NKE,0.0,250000.0,55
2019-08-01,MCD-NKE,0.0,250000.0,55
2019-08-02,LOW-NKE,-5770.08837890625,250000.0,55
2019-08-05,GS-MS,0.0,250000.0,55
2019-08-06,GS-MS,1951.0485076904297,250000.0,55
2019-08-07,GS-MS,-1964.5757446289062,250000.0,55
2019-08-08,GS-MS,1675.2410583496094,250000.0,55
2019-08-09,GS-MS,3154.321502685547,250000.0,55
2019-08-12,GS-MS,-708.1338500976562,250000.0,55
2019-08-13,GS-MS,-199.6680145263672,250000.0,55
2019-08-14,GS-MS,-3549.242416381836,250000.0,55
2019-08-15,GS-MS,-5335.282318115234,250000.0,55
2019-08-16,GS-MS,-2061.6324615478516,250000.0,55
2019-08-19,GS-MS,-1047.9123992919922,250000.0,55
2019-08-21,AMZN-LOW,0.0,250000.0,55
2019-08-22,AMZN-LOW,-2503.8464965820312,250000.0,55
2019-08-23,AMZN-LOW,-4626.112762451172,250000.0,55
2019-08-23,ABT-JNJ,0.0,250000.0,55
2019-08-26,AMZN-LOW,-2474.084747314453,250000.0,55
2019-08-26,ABT-JNJ,2670.2356567382812,250000.0,55
2019-08-26,COP-SLB,0.0,250000.0,55
2019-08-27,AMZN-LOW,-2436.2759399414062,250000.0,55
2019-08-27,COP-SLB,-436.9789295196533,250000.0,55
2019-08-27,CL-COST,0.0,250000.0,55
2019-08-28,AMZN-LOW,-7116.4525146484375,250000.0,55
2019-08-28,COP-SLB,-3113.9596462249756,250000.0,55
2019-08-28,CL-COST,1477.9560241699219,250000.0,55
2019-08-29,AMZN-LOW,-14821.772216796875,250000.0,55
2019-08-29,COP-SLB,-13.83683967590332,250000.0,55
2019-08-29,CL-COST,311.45533752441406,250000.0,55
2019-08-29,GS-MS,0.0,250000.0,55
2019-08-30,AMZN-LOW,-15061.45767211914,250000.0,55
2019-08-30,COP-SLB,1966.9478912353516,250000.0,55
2019-08-30,CL-COST,1568.7612380981445,250000.0,55
2019-08-30,GS-MS,-957.3133544921875,250000.0,55
2019-09-03,AMZN-LOW,-11169.190795898438,250000.0,55
2019-09-03,COP-SLB,1088.1375617980957,250000.0,55
2019-09-03,GS-MS,-595.8223571777344,250000.0,55
2019-09-04,AMZN-LOW,-11664.009063720703,250000.0,55
2019-09-04,COP-SLB,3934.6852111816406,250000.0,55
2019-09-04,GS-MS,-2375.803466796875,250000.0,55
2019-09-05,GS-MS,-5196.249038696289,250000.0,55
2019-09-05,EOG-XOM,0.0,250000.0,55
2019-09-06,GS-MS,-3354.017379760742,250000.0,55
2019-09-06,EOG-XOM,-1037.4899444580078,250000.0,55
2019-09-09,GS-MS,-6410.658172607422,250000.0,55
2019-09-09,CL-WMT,0.0,250000.0,55
2019-09-09,CL-MDLZ,0.0,250000.0,55
2019-09-10,CL-WMT,-6111.731826782227,250000.0,55
2019-09-11,CL-WMT,-1467.0724639892578,250000.0,55
2019-09-11,ABT-JNJ,0.0,250000.0,55
2019-09-12,CL-WMT,-6914.648025512695,250000.0,55
2019-09-12,ABT-JNJ,956.1061096191406,250000.0,55
2019-09-13,ABT-JNJ,907.5362243652344,250000.0,55
2019-09-16,COP-XOM,0.0,250000.0,55
2019-09-16,COP-EOG,0.0,250000.0,55
2019-09-17,COP-XOM,1074.1297073364258,250000.0,55
2019-09-17,COP-EOG,-6510.360374450684,250000.0,55
2019-09-18,COP-XOM,2633.2801513671875,250000.0,55
2019-09-18,COP-EOG,-314.9625778198242,250000.0,55
2019-09-19,COP-XOM,1062.9119720458984,250000.0,55
2019-09-19,COP-EOG,726.7683601379395,250000.0,55
2019-09-19,MSFT-NVDA,0.0,250000.0,55
2019-09-20,COP-XOM,-1713.3553771972656,250000.0,55
2019-09-20,COP-EOG,-5201.033203125,250000.0,55
2019-09-20,MSFT-NVDA,-1774.6637539863586,250000.0,55
2019-09-23,COP-XOM,-91.64698028564453,250000.0,55
2019-09-23,COP-EOG,-4618.005485534668,250000.0,55
2019-09-23,MSFT-NVDA,2041.5809807777405,250000.0,55
2019-09-24,COP-XOM,-1450.9372024536133,250000.0,55
2019-09-24,COP-EOG,-4907.112377166748,250000.0,55
2019-09-24,MSFT-NVDA,3345.4386768341064,250000.0,55
2019-09-25,COP-XOM,-1147.4715194702148,250000.0,55
2019-09-25,COP-EOG,-11010.502967834473,250000.0,55
2019-09-25,MSFT-NVDA,6260.443953514099,250000.0,55
2019-09-25,LOW-NKE,0.0,250000.0,55
2019-09-25,NKE-TJX,0.0,250000.0,55
2019-09-25,MCD-NKE,0.0,250000.0,55
2019-09-26,COP-XOM,1648.7778015136719,250000.0,55
2019-09-26,COP-EOG,-7132.140357971191,250000.0,55
2019-09-26,MSFT-NVDA,4535.785122871399,250000.0,55
2019-09-26,LOW-NKE,-3771.218978881836,250000.0,55
2019-09-26,NKE-TJX,-4779.857646942139,250000.0,55
2019-09-26,MCD-NKE,-3756.7086868286133,250000.0,55
2019-09-26,COP-CVX,0.0,250000.0,55
2019-09-27,COP-XOM,2878.537956237793,250000.0,55
2019-09-27,COP-EOG,-8526.593570709229,250000.0,55
2019-09-27,MSFT-NVDA,1348.977168083191,250000.0,55
2019-09-27,LOW-NKE,-5237.297256469727,250000.0,55
2019-09-27,NKE-TJX,-6888.636657714844,250000.0,55
2019-09-27,MCD-NKE,-3899.3003845214844,250000.0,55
2019-09-27,COP-CVX,-3508.5701179504395,250000.0,55
2019-09-30,COP-XOM,2016.8150100708008,250000.0,55
2019-09-30,COP-EOG,-6256.230365753174,250000.0,55
2019-09-30,MSFT-NVDA,1239.1971535682678,250000.0,55
2019-09-30,NKE-TJX,-6851.314861297607,250000.0,55
2019-09-30,COP-CVX,-2407.3617362976074,250000.0,55
2019-10-01,COP-XOM,541.867546081543,250000.0,55
2019-10-01,MSFT-NVDA,6226.996667385101,250000.0,55
2019-10-01,NKE-TJX,-4291.889705657959,250000.0,55
2019-10-02,NKE-TJX,-7702.413326263428,250000.0,55
2019-10-02,GS-MS,0.0,250000.0,55
2019-10-03,GS-MS,712.2438468933105,250000.0,55
2019-10-04,GS-MS,1933.0941581726074,250000.0,55
2019-10-04,CL-MDLZ,0.0,250000.0,55
2019-10-07,GS-MS,1544.5388832092285,250000.0,55
2019-10-08,GS-MS,-2035.344440460205,250000.0,55
2019-10-08,CL-PG,0.0,250000.0,55
2019-10-08,COP-SLB,0.0,250000.0,55
2019-10-09,GS-MS,2119.839828491211,250000.0,55
2019-10-09,COP-SLB,-4040.074737548828,250000.0,55
2019-10-10,GS-MS,4152.147476196289,250000.0,55
2019-10-10,COP-SLB,-7705.845813751221,250000.0,55
2019-10-11,COP-SLB,817.1747665405273,250000.0,55
2019-10-14,COP-SLB,3161.3933029174805,250000.0,55
2019-10-21,CL-MDLZ,0.0,250000.0,55
2019-10-22,CL-MDLZ,-3151.5075912475586,250000.0,55
2019-10-23,CL-MDLZ,-3941.9366340637207,250000.0,55
2019-10-23,COP-EOG,0.0,250000.0,55
2019-10-23,LOW-NKE,0.0,250000.0,55
2019-10-24,CL-MDLZ,-2972.895236968994,250000.0,55
2019-10-24,COP-EOG,-588.9113883972168,250000.0,55
2019-10-24,LOW-NKE,-1337.8229370117188,250000.0,55
2019-10-25,CL-MDLZ,-4307.264839172363,250000.0,55
2019-10-25,COP-EOG,-1337.8464851379395,250000.0,55
2019-10-25,LOW-NKE,-3887.6366958618164,250000.0,55
2019-10-28,COP-EOG,22.82889175415039,250000.0,55
2019-10-28,LOW-NKE,-4160.013610839844,250000.0,55
2019-10-29,COP-EOG,4975.943649291992,250000.0,55
2019-10-29,LOW-NKE,-5500.983512878418,250000.0,55
2019-10-29,COP-XOM,0.0,250000.0,55
2019-10-30,COP-EOG,1544.917179107666,250000.0,55
2019-10-30,LOW-NKE,-5450.652214050293,250000.0,55
2019-10-31,COP-EOG,3483.9930000305176,250000.0,55
2019-09-03,GILD-PFE,0.0,250000.0,56
2019-09-04,GILD-PFE,4184.961742401123,250000.0,56
2019-09-05,GILD-PFE,6390.142417907715,250000.0,56
2019-09-05,EOG-XOM,0.0,250000.0,56
2019-09-06,EOG-XOM,-1037.4899444580078,250000.0,56
2019-09-09,DHR-GILD,0.0,250000.0,56
2019-09-10,DHR-GILD,-4816.20682144165,250000.0,56
2019-09-10,AXP-GS,0.0,250000.0,56
2019-09-11,DHR-GILD,-6495.138694763184,250000.0,56
2019-09-11,AXP-GS,197.9166259765625,250000.0,56
2019-09-12,DHR-GILD,-739.8016319274902,250000.0,56
2019-09-12,AXP-GS,246.75885009765625,250000.0,56
2019-09-13,DHR-GILD,-1865.5229873657227,250000.0,56
2019-09-13,AXP-GS,-692.4496154785156,250000.0,56
2019-09-16,DHR-GILD,303.35266494750977,250000.0,56
2019-09-16,AXP-GS,-1099.7680969238281,250000.0,56
2019-09-16,COP-EOG,0.0,250000.0,56
2019-09-17,DHR-GILD,406.8163528442383,250000.0,56
2019-09-17,AXP-GS,3594.7120971679688,250000.0,56
2019-09-17,COP-EOG,-6510.360374450684,250000.0,56
2019-09-18,DHR-GILD,3282.1752586364746,250000.0,56
2019-09-18,AXP-GS,1540.2891540527344,250000.0,56
2019-09-18,COP-EOG,-314.9625778198242,250000.0,56
2019-09-19,DHR-GILD,3662.0577545166016,250000.0,56
2019-09-19,AXP-GS,1544.8884582519531,250000.0,56
2019-09-19,COP-EOG,726.7683601379395,250000.0,56
2019-09-19,MSFT-NVDA,0.0,250000.0,56
2019-09-20,DHR-GILD,2429.2197456359863,250000.0,56
2019-09-20,AXP-GS,1042.0928955078125,250000.0,56
2019-09-20,COP-EOG,-5201.033203125,250000.0,56
2019-09-20,MSFT-NVDA,-1774.6637539863586,250000.0,56
2019-09-23,DHR-GILD,3711.038631439209,250000.0,56
2019-09-23,AXP-GS,4610.0936279296875,250000.0,56
2019-09-23,COP-EOG,-4618.005485534668,250000.0,56
2019-09-23,MSFT-NVDA,2041.5809807777405,250000.0,56
2019-09-24,COP-EOG,-4907.112377166748,250000.0,56
2019-09-24,MSFT-NVDA,3345.4386768341064,250000.0,56
2019-09-24,EOG-SLB,0.0,250000.0,56
2019-09-25,COP-EOG,-11010.502967834473,250000.0,56
2019-09-25,MSFT-NVDA,6260.443953514099,250000.0,56
2019-09-25,EOG-SLB,2450.4602432250977,250000.0,56
2019-09-26,COP-EOG,-7132.140357971191,250000.0,56
2019-09-26,MSFT-NVDA,4535.785122871399,250000.0,56
2019-09-26,EOG-SLB,1940.8100700378418,250000.0,56
2019-09-26,COP-CVX,0.0,250000.0,56
2019-09-27,COP-EOG,-8526.593570709229,250000.0,56
2019-09-27,MSFT-NVDA,1348.977168083191,250000.0,56
2019-09-27,EOG-SLB,753.3876419067383,250000.0,56
2019-09-27,COP-CVX,-3508.5701179504395,250000.0,56
2019-09-30,COP-EOG,-6256.230365753174,250000.0,56
2019-09-30,MSFT-NVDA,1239.1971535682678,250000.0,56
2019-09-30,EOG-SLB,1624.0893650054932,250000.0,56
2019-09-30,COP-CVX,-2407.3617362976074,250000.0,56
2019-10-01,MSFT-NVDA,6226.996667385101,250000.0,56
2019-10-01,EOG-SLB,-1777.9095268249512,250000.0,56
2019-10-01,JPM-MS,0.0,250000.0,56
2019-10-02,EOG-SLB,-3712.1737480163574,250000.0,56
2019-10-02,JPM-MS,-3069.5540313720703,250000.0,56
2019-10-03,EOG-SLB,-4404.23978805542,250000.0,56
2019-10-03,JPM-MS,-2676.722625732422,250000.0,56
2019-10-04,EOG-SLB,-5809.4176197052,250000.0,56
2019-10-04,JPM-MS,-3604.925537109375,250000.0,56
2019-10-07,EOG-SLB,-3326.0009479522705,250000.0,56
2019-10-08,COP-SLB,0.0,250000.0,56
2019-10-09,COP-SLB,-4040.074737548828,250000.0,56
2019-10-10,COP-SLB,-7705.845813751221,250000.0,56
2019-10-11,COP-SLB,817.1747665405273,250000.0,56
2019-10-11,MSFT-ORCL,0.0,250000.0,56
2019-10-14,COP-SLB,3161.3933029174805,250000.0,56
2019-10-14,MSFT-ORCL,1743.2340698242188,250000.0,56
2019-10-15,MSFT-ORCL,4500.197769165039,250000.0,56
2019-10-15,MRK-UNH,0.0,250000.0,56
2019-10-15,KO-PG,0.0,250000.0,56
2019-10-16,MSFT-ORCL,5259.716125488281,250000.0,56
2019-10-16,MRK-UNH,3695.2587890625,250000.0,56
2019-10-16,KO-PG,835.6374397277832,250000.0,56
2019-10-17,MSFT-ORCL,8052.443603515625,250000.0,56
2019-10-17,MRK-UNH,-1075.3043975830078,250000.0,56
2019-10-17,KO-PG,-1472.6529922485352,250000.0,56
2019-10-18,MSFT-ORCL,7727.170196533203,250000.0,56
2019-10-18,MRK-UNH,-5836.69059753418,250000.0,56
2019-10-21,MSFT-ORCL,6326.735260009766,250000.0,56
2019-10-21,MRK-UNH,-3801.7470703125,250000.0,56
2019-10-22,MRK-UNH,1398.2141418457031,250000.0,56
2019-10-23,MRK-UNH,-2216.9203186035156,250000.0,56
2019-10-23,MCD-NKE,0.0,250000.0,56
2019-10-23,COP-EOG,0.0,250000.0,56
2019-10-24,MRK-UNH,2221.3448028564453,250000.0,56
2019-10-24,MCD-NKE,-4615.167411804199,250000.0,56
2019-10-24,COP-EOG,-588.9113883972168,250000.0,56
2019-10-24,MCD-TSLA,0.0,250000.0,56
2019-10-25,MRK-UNH,2897.9895782470703,250000.0,56
2019-10-25,MCD-NKE,-7244.104179382324,250000.0,56
2019-10-25,COP-EOG,-1337.8464851379395,250000.0,56
2019-10-25,GILD-PFE,0.0,250000.0,56
2019-10-28,MRK-UNH,862.150390625,250000.0,56
2019-10-28,MCD-NKE,-9558.163604736328,250000.0,56
2019-10-28,COP-EOG,22.82889175415039,250000.0,56
2019-10-28,GILD-PFE,187.26258087158203,250000.0,56
2019-10-29,MRK-UNH,-14552.854019165039,250000.0,56
2019-10-29,COP-EOG,4975.943649291992,250000.0,56
2019-10-29,GILD-PFE,-8631.537815093994,250000.0,56
2019-10-30,COP-EOG,1544.917179107666,250000.0,56
2019-10-30,GILD-PFE,-13141.201612472534,250000.0,56
2019-10-31,COP-EOG,3483.9930000305176,250000.0,56
2019-10-31,GILD-PFE,-7401.602983474731,250000.0,56
2019-11-01,GILD-PFE,930.695972442627,250000.0,56
2019-11-04,GILD-PFE,8280.761318206787,250000.0,56
2019-11-04,JPM-MS,0.0,250000.0,56
2019-11-05,JPM-MS,841.1928405761719,250000.0,56
2019-11-06,JPM-MS,2122.2419357299805,250000.0,56
2019-11-07,JPM-MS,2689.554153442383,250000.0,56
2019-11-07,AVGO-CSCO,0.0,250000.0,56
2019-11-08,JPM-MS,766.6878890991211,250000.0,56
2019-11-08,MSFT-NVDA,0.0,250000.0,56
2019-11-11,JPM-MS,364.6842041015625,250000.0,56
2019-11-11,MSFT-NVDA,-413.0293893814087,250000.0,56
2019-11-12,JPM-MS,-397.3505859375,250000.0,56
2019-11-12,MSFT-NVDA,-4416.484344959259,250000.0,56
2019-11-13,JPM-MS,1728.4129257202148,250000.0,56
2019-11-13,MSFT-NVDA,-7098.586740970612,250000.0,56
2019-11-14,JPM-MS,787.0001220703125,250000.0,56
2019-11-14,MSFT-NVDA,-10102.746241569519,250000.0,56
2019-11-15,JPM-MS,275.4024353027344,250000.0,56
2019-11-15,MRK-UNH,0.0,250000.0,56
2019-11-18,JPM-MS,1751.1321258544922,250000.0,56
2019-11-18,MRK-UNH,-921.2320709228516,250000.0,56
2019-11-19,JPM-MS,153.46419525146484,250000.0,56
2019-11-19,MRK-UNH,-3717.096481323242,250000.0,56
2019-11-20,MRK-UNH,-6846.444274902344,250000.0,56
2019-11-21,MRK-UNH,-8345.850952148438,250000.0,56
2019-11-25,DHR-GILD,0.0,250000.0,56
2019-11-26,DHR-GILD,289.6309127807617,250000.0,56
2019-11-27,DHR-GILD,1185.470615386963,250000.0,56
2019-11-29,DHR-GILD,438.41757583618164,250000.0,56
2019-10-02,GOOGL-VZ,0.0,250000.0,57
2019-10-02,MSFT-NVDA,0.0,250000.0,57
2019-10-02,LLY-PFE,0.0,250000.0,57
2019-10-03,GOOGL-VZ,-302.4789123535156,250000.0,57
2019-10-03,MSFT-NVDA,-5971.909407615662,250000.0,57
2019-10-04,MSFT-NVDA,-179.6478328704834,250000.0,57
2019-10-07,MSFT-NVDA,-7255.382831573486,250000.0,57
2019-10-08,MSFT-NVDA,-2313.8207325935364,250000.0,57
2019-10-08,AAPL-TXN,0.0,250000.0,57
2019-10-09,MSFT-NVDA,2080.702244281769,250000.0,57
2019-10-09,AAPL-TXN,2061.8807640075684,250000.0,57
2019-10-09,JNJ-UNH,0.0,250000.0,57
2019-10-10,MSFT-NVDA,1881.8806762695312,250000.0,57
2019-10-10,AAPL-TXN,-682.9302711486816,250000.0,57
2019-10-10,JNJ-UNH,-2015.1977996826172,250000.0,57
2019-10-11,MSFT-NVDA,-268.3495121002197,250000.0,57
2019-10-11,AAPL-TXN,-2612.9760513305664,250000.0,57
2019-10-11,JNJ-UNH,2092.8426818847656,250000.0,57
2019-10-14,MSFT-NVDA,-1524.9080171585083,250000.0,57
2019-10-14,AAPL-TXN,-2923.5736236572266,250000.0,57
2019-10-14,JNJ-UNH,3157.08984375,250000.0,57
2019-10-15,MSFT-NVDA,-8335.254967689514,250000.0,57
2019-10-15,AAPL-TXN,1553.5228652954102,250000.0,57
2019-10-15,LLY-UNH,0.0,250000.0,57
2019-10-16,MSFT-NVDA,-9467.547847270966,250000.0,57
2019-10-16,AAPL-TXN,-1793.6875038146973,250000.0,57
2019-10-16,LLY-UNH,2319.9737548828125,250000.0,57
2019-10-17,AAPL-TXN,-1522.5906867980957,250000.0,57
2019-10-17,LLY-UNH,-4863.515090942383,250000.0,57
2019-10-18,AAPL-TXN,-4090.1662979125977,250000.0,57
2019-10-18,LLY-UNH,-6678.69987487793,250000.0,57
2019-10-21,AAPL-TXN,-5605.313339233398,250000.0,57
2019-10-21,LLY-UNH,-4922.705078125,250000.0,57
2019-10-22,LLY-UNH,-11456.188201904297,250000.0,57
2019-10-23,LLY-UNH,-8798.31314086914,250000.0,57
2019-10-23,AAPL-TXN,0.0,250000.0,57
2019-10-23,LLY-TMO,0.0,250000.0,57
2019-10-24,LLY-UNH,-5514.852523803711,250000.0,57
2019-10-24,AAPL-TXN,-1448.0388069152832,250000.0,57
2019-10-24,LLY-TMO,3279.530059814453,250000.0,57
2019-10-24,MCD-TSLA,0.0,250000.0,57
2019-10-25,LLY-UNH,-6802.750778198242,250000.0,57
2019-10-25,AAPL-TXN,612.7032852172852,250000.0,57
2019-10-25,LLY-TMO,2388.371971130371,250000.0,57
2019-10-28,LLY-UNH,-10071.286010742188,250000.0,57
2019-10-28,AAPL-TXN,-2394.683361053467,250000.0,57
2019-10-28,LLY-TMO,1848.8189697265625,250000.0,57
2019-10-28,GOOGL-VZ,0.0,250000.0,57
2019-10-29,LLY-UNH,-15072.803115844727,250000.0,57
2019-10-29,AAPL-TXN,2729.037830352783,250000.0,57
2019-10-29,LLY-TMO,2463.0887298583984,250000.0,57
2019-10-29,GOOGL-VZ,3039.5123291015625,250000.0,57
2019-10-30,AAPL-TXN,-634.2613792419434,250000.0,57
2019-10-30,LLY-TMO,-10.80279541015625,250000.0,57
2019-10-31,AAPL-TXN,-4521.676528930664,250000.0,57
2019-10-31,LLY-TMO,844.9545288085938,250000.0,57
2019-11-01,AAPL-TXN,-9949.252410888672,250000.0,57
2019-11-01,LLY-TMO,-1638.5564270019531,250000.0,57
2019-11-04,AAPL-TXN,-5063.738918304443,250000.0,57
2019-11-04,LLY-TMO,1209.8697509765625,250000.0,57
2019-11-04,GOOGL-TMUS,0.0,250000.0,57
2019-11-04,T-TMUS,0.0,250000.0,57
2019-11-05,AAPL-TXN,-7123.363174438477,250000.0,57
2019-11-05,LLY-TMO,6613.77473449707,250000.0,57
2019-11-05,GOOGL-TMUS,1502.2551498413086,250000.0,57
2019-11-05,T-TMUS,1224.2897758483887,250000.0,57
2019-11-06,AAPL-TXN,-6151.226051330566,250000.0,57
2019-11-06,LLY-TMO,6980.2185134887695,250000.0,57
2019-11-06,GOOGL-TMUS,2753.294967651367,250000.0,57
2019-11-06,T-TMUS,2293.445655822754,250000.0,57
2019-11-07,LLY-TMO,7030.263252258301,250000.0,57
2019-11-07,GOOGL-TMUS,1040.0773849487305,250000.0,57
2019-11-07,T-TMUS,2005.2281646728516,250000.0,57
2019-11-08,LLY-TMO,6687.213302612305,250000.0,57
2019-11-08,GOOGL-TMUS,-2023.5457000732422,250000.0,57
2019-11-08,T-TMUS,-769.0213279724121,250000.0,57
2019-11-08,MSFT-NVDA,0.0,250000.0,57
2019-11-11,LLY-TMO,7062.002548217773,250000.0,57
2019-11-11,GOOGL-TMUS,-4948.318244934082,250000.0,57
2019-11-11,MSFT-NVDA,-413.0293893814087,250000.0,57
2019-11-12,LLY-TMO,5296.329040527344,250000.0,57
2019-11-12,MSFT-NVDA,-4416.484344959259,250000.0,57
2019-11-12,TMUS-VZ,0.0,250000.0,57
2019-11-13,LLY-TMO,1592.2259063720703,250000.0,57
2019-11-13,MSFT-NVDA,-7098.586740970612,250000.0,57
2019-11-13,TMUS-VZ,1141.5047149658203,250000.0,57
2019-11-14,LLY-TMO,311.4460220336914,250000.0,57
2019-11-14,MSFT-NVDA,-10102.746241569519,250000.0,57
2019-11-14,TMUS-VZ,-1745.8936614990234,250000.0,57
2019-11-15,TMUS-VZ,1001.7493553161621,250000.0,57
2019-11-15,LLY-UNH,0.0,250000.0,57
2019-11-15,JNJ-UNH,0.0,250000.0,57
2019-11-18,TMUS-VZ,1634.7054138183594,250000.0,57
2019-11-18,LLY-UNH,-3726.592071533203,250000.0,57
2019-11-18,JNJ-UNH,-3444.795967102051,250000.0,57
2019-11-19,TMUS-VZ,-1518.9669609069824,250000.0,57
2019-11-19,JNJ-UNH,-4666.359802246094,250000.0,57
2019-11-19,PYPL-V,0.0,250000.0,57
2019-11-19,COP-MPC,0.0,250000.0,57
2019-11-20,TMUS-VZ,-82.84798049926758,250000.0,57
2019-11-20,JNJ-UNH,-4174.097724914551,250000.0,57
2019-11-20,PYPL-V,1071.7807388305664,250000.0,57
2019-11-21,TMUS-VZ,-461.7267837524414,250000.0,57
2019-11-21,JNJ-UNH,-4322.045104980469,250000.0,57
2019-11-22,TMUS-VZ,1454.8500289916992,250000.0,57
2019-11-22,JNJ-UNH,-2078.8081283569336,250000.0,57
2019-11-25,TMUS-VZ,1352.3993873596191,250000.0,57
2019-11-26,TMUS-VZ,470.53137588500977,250000.0,57
2019-11-27,TMUS-VZ,1078.211841583252,250000.0,57
2019-12-05,TMUS-VZ,0.0,250000.0,57
2019-12-06,TMUS-VZ,750.6492195129395,250000.0,57
2019-12-09,TMUS-VZ,-3818.7587280273438,250000.0,57
2019-12-09,GOOGL-TMUS,0.0,250000.0,57
2019-12-10,GOOGL-TMUS,-2796.679168701172,250000.0,57
2019-12-11,GOOGL-TMUS,-4165.142608642578,250000.0,57
2019-12-17,LLY-TMO,0.0,250000.0,57
2019-12-20,GOOGL-VZ,0.0,250000.0,57
2019-12-23,GOOGL-VZ,2650.893867492676,250000.0,57
2019-12-24,GOOGL-VZ,2634.881420135498,250000.0,57
