date,pair,mark_pnl,target_notional,fold_id
2024-05-01,DVN-OXY,0.0,250000.0,0
2024-05-02,DVN-OXY,1021.3713836669922,250000.0,0
2024-05-02,HPE-QCOM,0.0,250000.0,0
2024-05-03,DVN-OXY,-715.6408729553223,250000.0,0
2024-05-03,HPE-QCOM,4010.5450286865234,250000.0,0
2024-05-06,DVN-OXY,623.8035049438477,250000.0,0
2024-05-06,HPE-QCOM,4009.1168518066406,250000.0,0
2024-05-07,DVN-OXY,403.87474822998047,250000.0,0
2024-05-07,HPE-QCOM,3302.790328979492,250000.0,0
2024-05-08,DVN-OXY,-3538.1383361816406,250000.0,0
2024-05-08,HPE-QCOM,6017.624603271484,250000.0,0
2024-05-09,DVN-OXY,-2366.6275901794434,250000.0,0
2024-05-09,HPE-QCOM,4805.261383056641,250000.0,0
2024-05-10,DVN-OXY,-2447.008918762207,250000.0,0
2024-05-10,HPE-QCOM,2668.1214904785156,250000.0,0
2024-05-13,HPE-QCOM,2982.0968627929688,250000.0,0
2024-05-14,HPE-QCOM,-864.5255432128906,250000.0,0
2024-05-15,HPE-QCOM,-5421.665832519531,250000.0,0
2024-05-16,HPE-QCOM,-4379.525909423828,250000.0,0
2024-05-16,CF-LIN,0.0,250000.0,0
2024-05-17,CF-LIN,5102.725341796875,250000.0,0
2024-05-20,CF-LIN,-2202.758316040039,250000.0,0
2024-05-21,CF-LIN,-853.9991912841797,250000.0,0
2024-05-22,CF-LIN,-4458.081962585449,250000.0,0
2024-05-22,APO-RF,0.0,250000.0,0
2024-05-22,COIN-XYZ,0.0,250000.0,0
2024-05-23,CF-LIN,-1439.5349807739258,250000.0,0
2024-05-23,APO-RF,-6150.329578399658,250000.0,0
2024-05-23,COIN-XYZ,957.9320373535156,250000.0,0
2024-05-23,C-MS,0.0,250000.0,0
2024-05-23,AEP-LNT,0.0,250000.0,0
2024-05-24,CF-LIN,2818.2804412841797,250000.0,0
2024-05-24,APO-RF,-6432.940704345703,250000.0,0
2024-05-24,COIN-XYZ,-5474.179824829102,250000.0,0
2024-05-24,C-MS,-1436.6778259277344,250000.0,0
2024-05-24,AEP-LNT,72.2735595703125,250000.0,0
2024-05-24,IT-WDAY,0.0,250000.0,0
2024-05-28,CF-LIN,-4237.044548034668,250000.0,0
2024-05-28,APO-RF,-7289.280784606934,250000.0,0
2024-05-28,COIN-XYZ,-8548.731185913086,250000.0,0
2024-05-28,C-MS,959.2866592407227,250000.0,0
2024-05-28,AEP-LNT,92.55984497070312,250000.0,0
2024-05-28,IT-WDAY,-3947.133270263672,250000.0,0
2024-05-29,CF-LIN,-1347.2080993652344,250000.0,0
2024-05-29,COIN-XYZ,-8082.535293579102,250000.0,0
2024-05-29,C-MS,-1349.8679275512695,250000.0,0
2024-05-29,AEP-LNT,-1076.0664749145508,250000.0,0
2024-05-29,IT-WDAY,-4721.422622680664,250000.0,0
2024-05-30,CF-LIN,1313.064712524414,250000.0,0
2024-05-30,COIN-XYZ,-9544.5888671875,250000.0,0
2024-05-30,C-MS,-1227.6192169189453,250000.0,0
2024-05-30,AEP-LNT,2094.468406677246,250000.0,0
2024-05-30,IT-WDAY,-2561.6126403808594,250000.0,0
2024-05-30,CRWD-HPQ,0.0,250000.0,0
2024-05-31,COIN-XYZ,-10496.77066040039,250000.0,0
2024-05-31,C-MS,-747.0400238037109,250000.0,0
2024-05-31,IT-WDAY,-704.3501129150391,250000.0,0
2024-05-31,CRWD-HPQ,10942.600357055664,250000.0,0
2024-06-03,COIN-XYZ,-11250.016479492188,250000.0,0
2024-06-03,C-MS,-744.9003219604492,250000.0,0
2024-06-03,IT-WDAY,-3645.002700805664,250000.0,0
2024-06-03,CRWD-HPQ,16023.117431640625,250000.0,0
2024-06-04,C-MS,-357.8926086425781,250000.0,0
2024-06-04,IT-WDAY,-5437.772735595703,250000.0,0
2024-06-04,CRWD-HPQ,14197.961639404297,250000.0,0
2024-06-05,C-MS,-2221.232765197754,250000.0,0
2024-06-05,IT-WDAY,-7962.508438110352,250000.0,0
2024-06-06,C-MS,-2215.6397399902344,250000.0,0
2024-06-06,IT-WDAY,-3211.3294830322266,250000.0,0
2024-06-07,IT-WDAY,-3677.2537536621094,250000.0,0
2024-06-10,APO-PFG,0.0,250000.0,0
2024-06-10,APO-RF,0.0,250000.0,0
2024-06-11,APO-PFG,-2303.9544525146484,250000.0,0
2024-06-11,APO-RF,2856.731231689453,250000.0,0
2024-06-11,C-MS,0.0,250000.0,0
2024-06-12,APO-PFG,-2551.503089904785,250000.0,0
2024-06-12,APO-RF,7412.390647888184,250000.0,0
2024-06-13,APO-PFG,-2786.8519744873047,250000.0,0
2024-06-14,APO-PFG,-4524.958122253418,250000.0,0
2024-06-17,APO-PFG,-1221.3462600708008,250000.0,0
2024-06-18,APO-PFG,-873.999626159668,250000.0,0
2024-06-18,A-WAT,0.0,250000.0,0
2024-06-20,APO-PFG,3666.7681198120117,250000.0,0
2024-06-20,A-WAT,151.63223266601562,250000.0,0
2024-06-20,AEP-LNT,0.0,250000.0,0
2024-06-21,A-WAT,-550.6751708984375,250000.0,0
2024-06-21,AEP-LNT,-1137.412483215332,250000.0,0
2024-06-24,A-WAT,-4677.853988647461,250000.0,0
2024-06-24,AEP-LNT,-268.66180419921875,250000.0,0
2024-06-24,COIN-XYZ,0.0,250000.0,0
2024-06-25,AEP-LNT,615.675853729248,250000.0,0
2024-06-25,COIN-XYZ,3787.201202392578,250000.0,0
2024-06-26,AEP-LNT,1441.7388610839844,250000.0,0
2024-06-26,COIN-XYZ,4866.333419799805,250000.0,0
2024-06-27,AEP-LNT,233.57015228271484,250000.0,0
2024-06-27,COIN-XYZ,6795.558891296387,250000.0,0
2024-06-28,AEP-LNT,216.32601928710938,250000.0,0
2024-06-28,COIN-XYZ,2091.0437622070312,250000.0,0
2024-07-01,AEP-LNT,261.69955825805664,250000.0,0
2024-07-01,COIN-XYZ,7354.124729156494,250000.0,0
2024-07-02,AEP-LNT,-957.0211143493652,250000.0,0
2024-07-02,COIN-XYZ,3040.618064880371,250000.0,0
2024-07-03,AEP-LNT,368.36793518066406,250000.0,0
2024-07-03,COIN-XYZ,2951.737648010254,250000.0,0
2024-07-05,COIN-XYZ,-2558.7505416870117,250000.0,0
2024-07-08,COIN-XYZ,2689.262893676758,250000.0,0
2024-07-09,COIN-XYZ,1457.4485321044922,250000.0,0
2024-07-09,ALB-CRH,0.0,250000.0,0
2024-07-10,COIN-XYZ,2016.3801345825195,250000.0,0
2024-07-10,ALB-CRH,2284.434768676758,250000.0,0
2024-07-10,CRWD-HPQ,0.0,250000.0,0
2024-07-11,ALB-CRH,-5074.102325439453,250000.0,0
2024-07-11,CRWD-HPQ,-2631.9605712890625,250000.0,0
2024-07-11,BXP-INVH,0.0,250000.0,0
2024-07-12,ALB-CRH,-4525.031959533691,250000.0,0
2024-07-12,CRWD-HPQ,-6461.466133117676,250000.0,0
2024-07-12,BXP-INVH,-3709.488479614258,250000.0,0
2024-07-15,ALB-CRH,-7336.229156494141,250000.0,0
2024-07-15,CRWD-HPQ,-7040.886486053467,250000.0,0
2024-07-15,BXP-INVH,-5145.114776611328,250000.0,0
2024-07-15,FIX-URI,0.0,250000.0,0
2024-07-15,BMY-SYK,0.0,250000.0,0
2024-07-16,BXP-INVH,-2485.578453063965,250000.0,0
2024-07-16,FIX-URI,-10449.814636230469,250000.0,0
2024-07-16,BMY-SYK,2700.9205627441406,250000.0,0
2024-07-17,BXP-INVH,-2033.0612487792969,250000.0,0
2024-07-17,FIX-URI,-11519.953491210938,250000.0,0
2024-07-17,BMY-SYK,1760.334571838379,250000.0,0
2024-07-18,BXP-INVH,843.8083419799805,250000.0,0
2024-07-18,FIX-URI,-13683.20947265625,250000.0,0
2024-07-18,BMY-SYK,-107.20436477661133,250000.0,0
2024-07-18,ALLE-ITW,0.0,250000.0,0
2024-07-19,BXP-INVH,1441.2029037475586,250000.0,0
2024-07-19,FIX-URI,-9362.912292480469,250000.0,0
2024-07-19,ALLE-ITW,-1378.6969146728516,250000.0,0
2024-07-22,BXP-INVH,2710.840950012207,250000.0,0
2024-07-22,FIX-URI,-12366.848693847656,250000.0,0
2024-07-22,ALLE-ITW,-2721.7462463378906,250000.0,0
2024-07-22,CRWD-HPQ,0.0,250000.0,0
2024-07-22,IT-WDAY,0.0,250000.0,0
2024-07-22,TTD-VZ,0.0,250000.0,0
2024-07-23,BXP-INVH,2386.0540084838867,250000.0,0
2024-07-23,FIX-URI,-11041.096618652344,250000.0,0
2024-07-23,CRWD-HPQ,6368.397285461426,250000.0,0
2024-07-23,IT-WDAY,581.868896484375,250000.0,0
2024-07-23,TTD-VZ,-1459.7863159179688,250000.0,0
2024-07-23,DAL-LMT,0.0,250000.0,0
2024-07-24,BXP-INVH,1463.4773864746094,250000.0,0
2024-07-24,FIX-URI,-9651.959655761719,250000.0,0
2024-07-24,CRWD-HPQ,-3712.0581970214844,250000.0,0
2024-07-24,IT-WDAY,3702.1087036132812,250000.0,0
2024-07-24,TTD-VZ,8079.2971267700195,250000.0,0
2024-07-24,DAL-LMT,-7671.02184677124,250000.0,0
2024-07-24,INTU-PLTR,0.0,250000.0,0
2024-07-25,CRWD-HPQ,3134.5702629089355,250000.0,0
2024-07-25,IT-WDAY,6714.097076416016,250000.0,0
2024-07-25,INTU-PLTR,-1462.4791870117188,250000.0,0
2024-07-26,CRWD-HPQ,4294.067710876465,250000.0,0
2024-07-26,IT-WDAY,316.52337646484375,250000.0,0
2024-07-26,INTU-PLTR,1686.652027130127,250000.0,0
2024-07-29,CRWD-HPQ,7983.636249542236,250000.0,0
2024-07-29,IT-WDAY,-1258.3051300048828,250000.0,0
2024-07-29,INTU-PLTR,-113.86005401611328,250000.0,0
2024-07-30,CRWD-HPQ,-9926.193515777588,250000.0,0
2024-07-30,INTU-PLTR,-6625.763725280762,250000.0,0
2024-07-31,CRWD-HPQ,-15146.442199707031,250000.0,0
2024-07-31,INTU-PLTR,-5052.546840667725,250000.0,0
2024-07-31,APO-RF,0.0,250000.0,0
2024-06-12,CARR-LDOS,0.0,250000.0,1
2024-06-13,CARR-LDOS,885.9140167236328,250000.0,1
2024-06-13,APH-TXN,0.0,250000.0,1
2024-06-14,CARR-LDOS,-739.1756896972656,250000.0,1
2024-06-14,APH-TXN,-827.9084625244141,250000.0,1
2024-06-17,CARR-LDOS,-3678.3252334594727,250000.0,1
2024-06-17,APH-TXN,-2276.5878829956055,250000.0,1
2024-06-17,GLW-TER,0.0,250000.0,1
2024-06-18,CARR-LDOS,-6167.233787536621,250000.0,1
2024-06-18,APH-TXN,-2470.796417236328,250000.0,1
2024-06-18,GLW-TER,-7517.243438720703,250000.0,1
2024-06-18,CDW-FTNT,0.0,250000.0,1
2024-06-20,CARR-LDOS,3806.6913681030273,250000.0,1
2024-06-20,APH-TXN,-2965.5658569335938,250000.0,1
2024-06-20,GLW-TER,-9240.155052185059,250000.0,1
2024-06-20,CDW-FTNT,-6837.17440032959,250000.0,1
2024-06-21,APH-TXN,-326.87610626220703,250000.0,1
2024-06-21,GLW-TER,-11064.623031616211,250000.0,1
2024-06-24,APH-TXN,2079.2096633911133,250000.0,1
2024-06-25,APH-TXN,680.3414611816406,250000.0,1
2024-06-25,CNP-FE,0.0,250000.0,1
2024-06-25,CVNA-GRMN,0.0,250000.0,1
2024-06-26,APH-TXN,1384.6707077026367,250000.0,1
2024-06-26,CNP-FE,-558.6486434936523,250000.0,1
2024-06-26,CVNA-GRMN,2756.63729095459,250000.0,1
2024-06-27,APH-TXN,794.8673324584961,250000.0,1
2024-06-27,CNP-FE,869.0954780578613,250000.0,1
2024-06-27,CVNA-GRMN,-457.0549621582031,250000.0,1
2024-06-28,APH-TXN,2562.4308013916016,250000.0,1
2024-06-28,CVNA-GRMN,3968.912811279297,250000.0,1
2024-07-01,APH-TXN,2192.456123352051,250000.0,1
2024-07-01,CVNA-GRMN,4289.407917022705,250000.0,1
2024-07-01,JNJ-MDT,0.0,250000.0,1
2024-07-02,CVNA-GRMN,2599.1016387939453,250000.0,1
2024-07-02,JNJ-MDT,1169.7123260498047,250000.0,1
2024-07-03,CVNA-GRMN,1844.7860641479492,250000.0,1
2024-07-03,JNJ-MDT,819.3118896484375,250000.0,1
2024-07-03,CI-HUM,0.0,250000.0,1
2024-07-05,CVNA-GRMN,2909.3427200317383,250000.0,1
2024-07-05,JNJ-MDT,1553.3405456542969,250000.0,1
2024-07-05,CI-HUM,-2274.343231201172,250000.0,1
2024-07-08,CVNA-GRMN,6427.190002441406,250000.0,1
2024-07-08,JNJ-MDT,-66.42132568359375,250000.0,1
2024-07-08,CI-HUM,3550.7515869140625,250000.0,1
2024-07-09,CVNA-GRMN,3921.829719543457,250000.0,1
2024-07-09,JNJ-MDT,-1312.4162902832031,250000.0,1
2024-07-10,CVNA-GRMN,3169.0813064575195,250000.0,1
2024-07-10,JNJ-MDT,-2814.504150390625,250000.0,1
2024-07-10,BX-JKHY,0.0,250000.0,1
2024-07-11,JNJ-MDT,222.90670776367188,250000.0,1
2024-07-11,BX-JKHY,2514.682144165039,250000.0,1
2024-07-11,CMI-MAS,0.0,250000.0,1
2024-07-11,CARR-LDOS,0.0,250000.0,1
2024-07-12,JNJ-MDT,-323.8966827392578,250000.0,1
2024-07-12,BX-JKHY,2881.3765258789062,250000.0,1
2024-07-12,CMI-MAS,-3116.121612548828,250000.0,1
2024-07-12,CARR-LDOS,3202.2231826782227,250000.0,1
2024-07-12,BLK-STT,0.0,250000.0,1
2024-07-15,JNJ-MDT,-2583.1686096191406,250000.0,1
2024-07-15,BX-JKHY,1246.182228088379,250000.0,1
2024-07-15,CMI-MAS,-601.5475463867188,250000.0,1
2024-07-15,CARR-LDOS,-3631.456153869629,250000.0,1
2024-07-15,BLK-STT,-1458.7149353027344,250000.0,1
2024-07-16,BX-JKHY,-135.85816192626953,250000.0,1
2024-07-16,CMI-MAS,-8944.628479003906,250000.0,1
2024-07-17,BX-JKHY,2221.113655090332,250000.0,1
2024-07-17,CMI-MAS,-6999.257476806641,250000.0,1
2024-07-17,APH-TXN,0.0,250000.0,1
2024-07-17,ETN-VRSK,0.0,250000.0,1
2024-07-18,BX-JKHY,-2106.1164321899414,250000.0,1
2024-07-18,CMI-MAS,-6420.848724365234,250000.0,1
2024-07-18,APH-TXN,3319.0930099487305,250000.0,1
2024-07-18,ETN-VRSK,-3187.1604614257812,250000.0,1
2024-07-18,CBOE-ERIE,0.0,250000.0,1
2024-07-19,CMI-MAS,-7289.087615966797,250000.0,1
2024-07-19,APH-TXN,6738.525344848633,250000.0,1
2024-07-19,ETN-VRSK,2343.3052368164062,250000.0,1
2024-07-19,CBOE-ERIE,-3975.0616149902344,250000.0,1
2024-07-22,CMI-MAS,-7153.026214599609,250000.0,1
2024-07-22,APH-TXN,4653.554969787598,250000.0,1
2024-07-22,CBOE-ERIE,-2259.2867889404297,250000.0,1
2024-07-23,CMI-MAS,-5652.574371337891,250000.0,1
2024-07-23,CBOE-ERIE,6041.817855834961,250000.0,1
2024-07-23,CMI-FTV,0.0,250000.0,1
2024-07-24,CMI-MAS,-4169.265899658203,250000.0,1
2024-07-24,CBOE-ERIE,-1030.0312042236328,250000.0,1
2024-07-25,CBOE-ERIE,-2290.0162353515625,250000.0,1
2024-07-25,CSX-MAS,0.0,250000.0,1
2024-07-25,JNJ-MDT,0.0,250000.0,1
2024-07-26,CSX-MAS,663.5264778137207,250000.0,1
2024-07-26,JNJ-MDT,-282.6916809082031,250000.0,1
2024-07-29,CSX-MAS,535.8750076293945,250000.0,1
2024-07-30,CSX-MAS,3600.050018310547,250000.0,1
2024-07-31,CSX-MAS,5812.273002624512,250000.0,1
2024-07-31,CDW-FTNT,0.0,250000.0,1
2024-07-31,CHRW-VRSK,0.0,250000.0,1
2024-08-01,CSX-MAS,8481.138290405273,250000.0,1
2024-08-01,CDW-FTNT,-1139.2409858703613,250000.0,1
2024-08-02,CSX-MAS,5903.1455001831055,250000.0,1
2024-08-02,CDW-FTNT,-2103.6225776672363,250000.0,1
2024-08-05,CSX-MAS,2076.5656814575195,250000.0,1
2024-08-05,CDW-FTNT,-626.653205871582,250000.0,1
2024-08-06,CSX-MAS,7618.901275634766,250000.0,1
2024-08-06,CDW-FTNT,-562.192569732666,250000.0,1
2024-08-15,CARR-LDOS,0.0,250000.0,1
2024-08-16,CARR-LDOS,3380.3757095336914,250000.0,1
2024-08-19,CARR-LDOS,2932.9810638427734,250000.0,1
2024-08-20,CARR-LDOS,3188.8500595092773,250000.0,1
2024-08-21,CARR-LDOS,853.7409362792969,250000.0,1
2024-08-26,BX-JKHY,0.0,250000.0,1
2024-08-27,BX-JKHY,-3984.6698303222656,250000.0,1
2024-08-27,CPT-MAA,0.0,250000.0,1
2024-08-28,CPT-MAA,-370.49371337890625,250000.0,1
2024-08-29,CPT-MAA,-1176.4228897094727,250000.0,1
2024-08-30,CPT-MAA,-840.7757720947266,250000.0,1
2024-07-09,LRCX-MPWR,0.0,250000.0,2
2024-07-09,COP-PSX,0.0,250000.0,2
2024-07-10,LRCX-MPWR,341.141845703125,250000.0,2
2024-07-10,COP-PSX,-535.6152648925781,250000.0,2
2024-07-11,COP-PSX,2054.3192443847656,250000.0,2
2024-07-11,HWM-JCI,0.0,250000.0,2
2024-07-12,HWM-JCI,-1509.8252563476562,250000.0,2
2024-07-15,HWM-JCI,-2005.56494140625,250000.0,2
2024-07-15,CHTR-T,0.0,250000.0,2
2024-07-16,CHTR-T,2370.698543548584,250000.0,2
2024-07-17,CHTR-T,5257.288154602051,250000.0,2
2024-07-18,BAX-WST,0.0,250000.0,2
2024-07-18,DPZ-GM,0.0,250000.0,2
2024-07-19,BAX-WST,2939.6530151367188,250000.0,2
2024-07-19,DPZ-GM,4800.715065002441,250000.0,2
2024-07-22,BAX-WST,2967.2665214538574,250000.0,2
2024-07-23,BAX-WST,1976.0648918151855,250000.0,2
2024-07-25,BAX-WST,0.0,250000.0,2
2024-07-26,BAX-WST,4464.356986999512,250000.0,2
2024-07-26,CHTR-T,0.0,250000.0,2
2024-07-29,BAX-WST,4593.13761138916,250000.0,2
2024-07-29,CHTR-T,-5868.5282554626465,250000.0,2
2024-07-30,BAX-WST,15490.141563415527,250000.0,2
2024-07-30,CHTR-T,-7408.822866439819,250000.0,2
2024-07-31,CHTR-T,-2337.2916736602783,250000.0,2
2024-08-01,CHTR-T,1804.3262062072754,250000.0,2
2024-08-02,CHTR-T,2219.0165157318115,250000.0,2
2024-08-02,LRCX-MPWR,0.0,250000.0,2
2024-08-05,CHTR-T,555.4017028808594,250000.0,2
2024-08-05,LRCX-MPWR,10133.523330688477,250000.0,2
2024-08-05,CIEN-ZBRA,0.0,250000.0,2
2024-08-06,CHTR-T,7288.407287597656,250000.0,2
2024-08-06,LRCX-MPWR,3891.652587890625,250000.0,2
2024-08-07,CHTR-T,9366.827772140503,250000.0,2
2024-08-07,LRCX-MPWR,7669.754814147949,250000.0,2
2024-08-08,CHTR-T,6799.386896133423,250000.0,2
2024-08-08,LRCX-MPWR,-4186.140472412109,250000.0,2
2024-08-09,CHTR-T,7769.585813522339,250000.0,2
2024-08-09,LRCX-MPWR,4855.542640686035,250000.0,2
2024-08-12,LRCX-MPWR,5449.443489074707,250000.0,2
2024-08-13,LRCX-MPWR,618.2965850830078,250000.0,2
2024-08-14,LRCX-MPWR,3606.349594116211,250000.0,2
2024-08-15,LRCX-MPWR,-1232.7982177734375,250000.0,2
2024-08-15,DASH-LULU,0.0,250000.0,2
2024-08-15,CIEN-ZBRA,0.0,250000.0,2
2024-08-16,LRCX-MPWR,-4997.205505371094,250000.0,2
2024-08-16,DASH-LULU,-3016.6712646484375,250000.0,2
2024-08-16,CIEN-ZBRA,3609.05916595459,250000.0,2
2024-08-16,DASH-MCD,0.0,250000.0,2
2024-08-19,DASH-LULU,-3376.2620239257812,250000.0,2
2024-08-19,CIEN-ZBRA,4900.824012756348,250000.0,2
2024-08-20,DASH-LULU,-7233.708709716797,250000.0,2
2024-08-20,CIEN-ZBRA,-473.26266860961914,250000.0,2
2024-08-20,COP-PSX,0.0,250000.0,2
2024-08-21,DASH-LULU,-9848.572265625,250000.0,2
2024-08-21,CIEN-ZBRA,-1513.8714981079102,250000.0,2
2024-08-21,COP-PSX,3185.965202331543,250000.0,2
2024-08-21,DASH-GPC,0.0,250000.0,2
2024-08-22,CIEN-ZBRA,-706.8888320922852,250000.0,2
2024-08-22,COP-PSX,1258.3769836425781,250000.0,2
2024-08-22,DASH-GPC,3619.2870178222656,250000.0,2
2024-08-23,CIEN-ZBRA,-6697.784702301025,250000.0,2
2024-08-23,COP-PSX,3106.2461013793945,250000.0,2
2024-08-23,DASH-GPC,2146.5707244873047,250000.0,2
2024-08-26,CIEN-ZBRA,-10996.069370269775,250000.0,2
2024-08-26,COP-PSX,-667.390754699707,250000.0,2
2024-08-26,DASH-GPC,660.8712005615234,250000.0,2
2024-08-27,CIEN-ZBRA,-13519.53229522705,250000.0,2
2024-08-27,COP-PSX,-435.7880401611328,250000.0,2
2024-08-27,DASH-GPC,1083.1132507324219,250000.0,2
2024-08-28,CIEN-ZBRA,-15013.445659637451,250000.0,2
2024-08-28,COP-PSX,1132.6830139160156,250000.0,2
2024-08-28,DASH-GPC,656.2332305908203,250000.0,2
2024-08-29,CIEN-ZBRA,-14654.393531799316,250000.0,2
2024-08-29,COP-PSX,413.57476806640625,250000.0,2
2024-08-29,DASH-GPC,686.4838409423828,250000.0,2
2024-08-29,BAX-WST,0.0,250000.0,2
2024-08-30,DASH-GPC,261.45123291015625,250000.0,2
2024-08-30,BAX-WST,1063.426456451416,250000.0,2
2024-08-30,HWM-JCI,0.0,250000.0,2
2024-09-03,CHTR-T,0.0,250000.0,2
2024-09-04,CHTR-T,-6339.2715129852295,250000.0,2
2024-09-05,ECL-LIN,0.0,250000.0,2
2024-09-05,CIEN-ZBRA,0.0,250000.0,2
2024-09-06,ECL-LIN,-3610.94970703125,250000.0,2
2024-09-06,CIEN-ZBRA,2298.033390045166,250000.0,2
2024-09-09,ECL-LIN,-2883.0783081054688,250000.0,2
2024-09-09,CIEN-ZBRA,-2165.1750869750977,250000.0,2
2024-09-10,CIEN-ZBRA,-3219.244800567627,250000.0,2
2024-09-11,CIEN-ZBRA,-3649.88871383667,250000.0,2
2024-09-12,CIEN-ZBRA,507.2952194213867,250000.0,2
2024-09-13,CIEN-ZBRA,5311.451454162598,250000.0,2
2024-09-16,CIEN-ZBRA,929.4566535949707,250000.0,2
2024-09-17,CIEN-ZBRA,-6775.980434417725,250000.0,2
2024-09-18,CIEN-ZBRA,-4828.25475692749,250000.0,2
2024-09-25,COP-PSX,0.0,250000.0,2
2024-08-01,BNY-KEY,0.0,250000.0,3
2024-08-02,BNY-KEY,-9634.438177108765,250000.0,3
2024-08-02,FOX-FOXA,0.0,250000.0,3
2024-08-05,FOX-FOXA,-819.3247604370117,250000.0,3
2024-08-14,LDOS-LHX,0.0,250000.0,3
2024-08-15,LDOS-LHX,-212.65237426757812,250000.0,3
2024-08-16,LDOS-LHX,1929.98583984375,250000.0,3
2024-08-19,LDOS-LHX,1727.4365844726562,250000.0,3
2024-08-20,LDOS-LHX,799.0220031738281,250000.0,3
2024-08-21,LDOS-LHX,462.7352600097656,250000.0,3
2024-08-22,LDOS-LHX,-1007.0221252441406,250000.0,3
2024-08-22,ARES-STT,0.0,250000.0,3
2024-08-23,LDOS-LHX,-3419.8573608398438,250000.0,3
2024-08-23,ARES-STT,1912.5708618164062,250000.0,3
2024-08-26,ARES-STT,204.51585388183594,250000.0,3
2024-08-27,ARES-STT,-4018.4067306518555,250000.0,3
2024-08-28,ARES-STT,-3513.221580505371,250000.0,3
2024-09-03,HPE-NVDA,0.0,250000.0,3
2024-09-03,NWSA-VZ,0.0,250000.0,3
2024-09-03,NWS-T,0.0,250000.0,3
2024-09-03,ABT-HCA,0.0,250000.0,3
2024-09-03,CSX-EMR,0.0,250000.0,3
2024-09-03,MPWR-ORCL,0.0,250000.0,3
2024-09-04,HPE-NVDA,1191.0475578308105,250000.0,3
2024-09-04,NWS-T,477.72315406799316,250000.0,3
2024-09-04,ABT-HCA,-3.412841796875,250000.0,3
2024-09-04,CSX-EMR,-4933.204040527344,250000.0,3
2024-09-04,MPWR-ORCL,311.17271423339844,250000.0,3
2024-09-04,FTV-UPS,0.0,250000.0,3
2024-09-05,NWS-T,-2078.578151702881,250000.0,3
2024-09-05,CSX-EMR,-838.7818145751953,250000.0,3
2024-09-05,MPWR-ORCL,-4957.870834350586,250000.0,3
2024-09-06,NWS-T,-9499.634809494019,250000.0,3
2024-09-06,CSX-EMR,-343.82627868652344,250000.0,3
2024-09-06,MPWR-ORCL,-11078.046081542969,250000.0,3
2024-09-09,CSX-EMR,148.0694580078125,250000.0,3
2024-09-09,MPWR-ORCL,-1261.3139343261719,250000.0,3
2024-09-09,ABT-HCA,0.0,250000.0,3
2024-09-10,CSX-EMR,839.6352233886719,250000.0,3
2024-09-10,ABT-HCA,-1639.5650939941406,250000.0,3
2024-09-11,CSX-EMR,4392.576812744141,250000.0,3
2024-09-11,ABT-HCA,1752.4371337890625,250000.0,3
2024-09-12,ABT-HCA,2833.811798095703,250000.0,3
2024-09-13,ABT-HCA,6432.935241699219,250000.0,3
2024-09-16,ABT-HCA,7849.476348876953,250000.0,3
2024-09-17,ABT-HCA,2080.217559814453,250000.0,3
2024-09-19,CINF-TFC,0.0,250000.0,3
2024-09-19,CINF-RF,0.0,250000.0,3
2024-09-20,CINF-TFC,1597.6211624145508,250000.0,3
2024-09-20,CINF-RF,505.16737174987793,250000.0,3
2024-09-20,APH-CDNS,0.0,250000.0,3
2024-09-23,CINF-RF,5691.200344085693,250000.0,3
2024-09-23,APH-CDNS,1703.4864807128906,250000.0,3
2024-09-24,CINF-RF,5508.166458129883,250000.0,3
2024-09-24,APH-CDNS,-1813.1150512695312,250000.0,3
2024-09-24,J-PH,0.0,250000.0,3
2024-09-25,APH-CDNS,1444.8383178710938,250000.0,3
2024-09-26,APH-CDNS,1546.4280090332031,250000.0,3
2024-09-26,CSX-EMR,0.0,250000.0,3
2024-09-27,CSX-EMR,1569.0437622070312,250000.0,3
2024-09-30,CSX-EMR,1224.8592681884766,250000.0,3
2024-10-01,CSX-EMR,1440.7048797607422,250000.0,3
2024-10-01,LDOS-LHX,0.0,250000.0,3
2024-10-02,CSX-EMR,-2615.661064147949,250000.0,3
2024-10-02,LDOS-LHX,797.0913391113281,250000.0,3
2024-10-02,APH-CDNS,0.0,250000.0,3
2024-10-03,CSX-EMR,-870.8537940979004,250000.0,3
2024-10-03,LDOS-LHX,2335.2032012939453,250000.0,3
2024-10-03,APH-CDNS,700.6564636230469,250000.0,3
2024-10-04,CSX-EMR,-3671.61470413208,250000.0,3
2024-10-04,LDOS-LHX,2788.663299560547,250000.0,3
2024-10-04,APH-CDNS,103.95794677734375,250000.0,3
2024-10-07,CSX-EMR,-9221.203117370605,250000.0,3
2024-10-07,ABT-HCA,0.0,250000.0,3
2024-10-08,CSX-EMR,-1302.9828834533691,250000.0,3
2024-10-08,ABT-HCA,-7261.34920501709,250000.0,3
2024-10-08,ARES-STT,0.0,250000.0,3
2024-10-09,CSX-EMR,-3227.421714782715,250000.0,3
2024-10-09,ABT-HCA,-7042.58869934082,250000.0,3
2024-10-10,CSX-EMR,-2240.2567749023438,250000.0,3
2024-10-10,ABT-HCA,-5244.860939025879,250000.0,3
2024-10-11,ABT-HCA,-2324.243423461914,250000.0,3
2024-10-14,ABT-HCA,-5678.577606201172,250000.0,3
2024-10-15,ABT-HCA,308.8778381347656,250000.0,3
2024-10-15,CSX-EMR,0.0,250000.0,3
2024-10-16,ABT-HCA,-1037.3755645751953,250000.0,3
2024-10-16,CSX-EMR,3217.6966705322266,250000.0,3
2024-10-16,A-CI,0.0,250000.0,3
2024-10-17,ABT-HCA,-3093.4453887939453,250000.0,3
2024-10-17,A-CI,2257.025146484375,250000.0,3
2024-10-18,ABT-HCA,-2727.6215896606445,250000.0,3
2024-10-21,ABT-HCA,3035.6384048461914,250000.0,3
2024-10-21,HPE-NVDA,0.0,250000.0,3
2024-10-22,ABT-HCA,4564.6865158081055,250000.0,3
2024-10-22,HPE-NVDA,-542.8403015136719,250000.0,3
2024-10-23,ABT-HCA,2484.533790588379,250000.0,3
2024-10-23,HPE-NVDA,1017.2229766845703,250000.0,3
2024-10-24,HPE-NVDA,384.3956298828125,250000.0,3
2024-10-24,FTV-UPS,0.0,250000.0,3
2024-10-25,HPE-NVDA,-1017.2864685058594,250000.0,3
2024-10-25,FTV-UPS,1561.2185287475586,250000.0,3
2024-10-25,ABT-HCA,0.0,250000.0,3
2024-10-28,HPE-NVDA,3293.498031616211,250000.0,3
2024-10-28,FTV-UPS,5718.747886657715,250000.0,3
2024-10-28,ABT-HCA,-4235.650131225586,250000.0,3
2024-10-29,HPE-NVDA,3339.116500854492,250000.0,3
2024-10-29,FTV-UPS,6452.218223571777,250000.0,3
2024-10-29,ABT-HCA,1004.0622329711914,250000.0,3
2024-10-29,LDOS-LHX,0.0,250000.0,3
2024-10-29,MPWR-ORCL,0.0,250000.0,3
2024-10-29,APH-CDNS,0.0,250000.0,3
2024-10-30,HPE-NVDA,11076.913436889648,250000.0,3
2024-10-30,FTV-UPS,2321.7063026428223,250000.0,3
2024-10-30,ABT-HCA,-2643.2471466064453,250000.0,3
2024-10-30,LDOS-LHX,438.79046630859375,250000.0,3
2024-10-30,MPWR-ORCL,5704.351760864258,250000.0,3
2024-10-30,APH-CDNS,-6881.685722351074,250000.0,3
2024-10-31,FTV-UPS,523.7658996582031,250000.0,3
2024-10-31,ABT-HCA,-212.67638397216797,250000.0,3
2024-10-31,LDOS-LHX,4519.393096923828,250000.0,3
2024-10-31,APH-CDNS,128.24951934814453,250000.0,3
2024-10-31,J-PH,0.0,250000.0,3
2024-09-03,GOOG-GOOGL,0.0,250000.0,4
2024-09-03,AME-XYL,0.0,250000.0,4
2024-09-03,AMAT-MSFT,0.0,250000.0,4
2024-09-04,GOOG-GOOGL,157.14324951171875,250000.0,4
2024-09-04,AME-XYL,-3768.4489135742188,250000.0,4
2024-09-04,AMAT-MSFT,-309.6304931640625,250000.0,4
2024-09-05,GOOG-GOOGL,174.46441650390625,250000.0,4
2024-09-05,AME-XYL,-3857.1590423583984,250000.0,4
2024-09-05,AMAT-MSFT,-1380.0819091796875,250000.0,4
2024-09-05,BIIB-MRK,0.0,250000.0,4
2024-09-05,FIS-PGR,0.0,250000.0,4
2024-09-06,GOOG-GOOGL,-205.4150390625,250000.0,4
2024-09-06,AME-XYL,-5130.465972900391,250000.0,4
2024-09-06,AMAT-MSFT,-841.5211181640625,250000.0,4
2024-09-06,BIIB-MRK,514.7618255615234,250000.0,4
2024-09-06,FIS-PGR,2311.3687438964844,250000.0,4
2024-09-09,AME-XYL,-705.7041168212891,250000.0,4
2024-09-09,AMAT-MSFT,-1487.3094482421875,250000.0,4
2024-09-09,BIIB-MRK,3978.5475158691406,250000.0,4
2024-09-09,FIS-PGR,2000.0916290283203,250000.0,4
2024-09-09,AJG-BRO,0.0,250000.0,4
2024-09-10,AME-XYL,-260.57118225097656,250000.0,4
2024-09-10,BIIB-MRK,5622.684844970703,250000.0,4
2024-09-10,FIS-PGR,-4159.901229858398,250000.0,4
2024-09-10,AJG-BRO,-1313.1058883666992,250000.0,4
2024-09-10,MO-TSN,0.0,250000.0,4
2024-09-11,AME-XYL,-430.0245056152344,250000.0,4
2024-09-11,BIIB-MRK,5260.268844604492,250000.0,4
2024-09-11,FIS-PGR,-4014.151077270508,250000.0,4
2024-09-11,AJG-BRO,-3393.0409774780273,250000.0,4
2024-09-11,MO-TSN,-3664.4547729492188,250000.0,4
2024-09-11,FITB-TFC,0.0,250000.0,4
2024-09-11,HWM-NOC,0.0,250000.0,4
2024-09-12,AME-XYL,399.7523651123047,250000.0,4
2024-09-12,BIIB-MRK,2829.5702514648438,250000.0,4
2024-09-12,AJG-BRO,-1616.3758010864258,250000.0,4
2024-09-12,MO-TSN,-2154.3344192504883,250000.0,4
2024-09-12,FITB-TFC,-463.78631591796875,250000.0,4
2024-09-12,HWM-NOC,974.2372131347656,250000.0,4
2024-09-13,AME-XYL,-457.9478759765625,250000.0,4
2024-09-13,BIIB-MRK,-890.3167266845703,250000.0,4
2024-09-13,AJG-BRO,-18.34313201904297,250000.0,4
2024-09-13,MO-TSN,-4102.295032501221,250000.0,4
2024-09-13,HWM-NOC,-601.5711212158203,250000.0,4
2024-09-16,AME-XYL,2360.5428161621094,250000.0,4
2024-09-16,BIIB-MRK,-2726.528350830078,250000.0,4
2024-09-16,AJG-BRO,387.5074768066406,250000.0,4
2024-09-16,MO-TSN,-1679.4113273620605,250000.0,4
2024-09-16,HWM-NOC,410.5325164794922,250000.0,4
2024-09-17,AME-XYL,2847.251266479492,250000.0,4
2024-09-17,BIIB-MRK,-4902.292449951172,250000.0,4
2024-09-17,AJG-BRO,1463.1772384643555,250000.0,4
2024-09-17,MO-TSN,1335.0213661193848,250000.0,4
2024-09-17,HWM-NOC,1298.690071105957,250000.0,4
2024-09-18,AME-XYL,1598.4122161865234,250000.0,4
2024-09-18,BIIB-MRK,-6312.795394897461,250000.0,4
2024-09-18,MO-TSN,1026.6243171691895,250000.0,4
2024-09-18,HWM-NOC,1538.4299926757812,250000.0,4
2024-09-19,BIIB-MRK,825.7841949462891,250000.0,4
2024-09-19,MO-TSN,1543.4457740783691,250000.0,4
2024-09-19,HWM-NOC,-3856.742057800293,250000.0,4
2024-09-20,MO-TSN,-4938.401657104492,250000.0,4
2024-09-20,HWM-NOC,-2507.825393676758,250000.0,4
2024-09-23,MO-TSN,-5516.996013641357,250000.0,4
2024-09-23,HWM-NOC,-1073.2357025146484,250000.0,4
2024-09-24,MO-TSN,-5576.409782409668,250000.0,4
2024-09-24,HWM-NOC,-4092.628875732422,250000.0,4
2024-09-24,AMAT-MSFT,0.0,250000.0,4
2024-09-25,HWM-NOC,-5769.494590759277,250000.0,4
2024-09-25,AMAT-MSFT,1490.3928833007812,250000.0,4
2024-09-25,FIS-PGR,0.0,250000.0,4
2024-09-26,AMAT-MSFT,-4083.9830932617188,250000.0,4
2024-09-26,MSFT-QCOM,0.0,250000.0,4
2024-09-27,AMAT-MSFT,-4050.0806274414062,250000.0,4
2024-09-27,MSFT-QCOM,264.91200256347656,250000.0,4
2024-09-30,AMAT-MSFT,-1531.4992065429688,250000.0,4
2024-09-30,MSFT-QCOM,2735.233169555664,250000.0,4
2024-10-01,AMAT-MSFT,-5108.179992675781,250000.0,4
2024-10-01,MSFT-QCOM,-1007.6356506347656,250000.0,4
2024-10-02,MSFT-QCOM,-8360.908157348633,250000.0,4
2024-10-04,AIG-PRU,0.0,250000.0,4
2024-10-07,AJG-BRO,0.0,250000.0,4
2024-10-08,AJG-BRO,1659.4036865234375,250000.0,4
2024-10-08,ON-PANW,0.0,250000.0,4
2024-10-09,AJG-BRO,1453.0422897338867,250000.0,4
2024-10-09,ON-PANW,-4954.40185546875,250000.0,4
2024-10-10,ON-PANW,-10268.618545532227,250000.0,4
2024-10-14,MO-TSN,0.0,250000.0,4
2024-10-15,MO-TSN,75.51658630371094,250000.0,4
2024-10-15,AMAT-MSFT,0.0,250000.0,4
2024-10-16,MO-TSN,-1940.0731773376465,250000.0,4
2024-10-16,AMAT-MSFT,-1291.2522735595703,250000.0,4
2024-10-16,PWR-TT,0.0,250000.0,4
2024-10-16,DOV-IEX,0.0,250000.0,4
2024-10-17,MO-TSN,-226.37905883789062,250000.0,4
2024-10-17,AMAT-MSFT,-2248.475051879883,250000.0,4
2024-10-17,PWR-TT,2447.283721923828,250000.0,4
2024-10-17,FITB-TFC,0.0,250000.0,4
2024-10-18,MO-TSN,-1662.102767944336,250000.0,4
2024-10-18,AMAT-MSFT,-1722.6136169433594,250000.0,4
2024-10-18,PWR-TT,3165.8223876953125,250000.0,4
2024-10-21,MO-TSN,-381.741153717041,250000.0,4
2024-10-21,AMAT-MSFT,-2935.870376586914,250000.0,4
2024-10-21,PWR-TT,-315.7535400390625,250000.0,4
2024-10-22,PWR-TT,-2451.7386779785156,250000.0,4
2024-10-22,INTU-NTAP,0.0,250000.0,4
2024-10-23,INTU-NTAP,-276.0095672607422,250000.0,4
2024-10-24,INTU-NTAP,1126.4447326660156,250000.0,4
2024-10-24,IT-TYL,0.0,250000.0,4
2024-10-24,OTIS-UPS,0.0,250000.0,4
2024-10-25,INTU-NTAP,-655.986442565918,250000.0,4
2024-10-25,IT-TYL,139.7259521484375,250000.0,4
2024-10-25,OTIS-UPS,262.6898880004883,250000.0,4
2024-10-28,INTU-NTAP,959.0365676879883,250000.0,4
2024-10-28,IT-TYL,968.1328125,250000.0,4
2024-10-28,OTIS-UPS,4253.9384689331055,250000.0,4
2024-10-28,AJG-BRO,0.0,250000.0,4
2024-10-29,INTU-NTAP,748.5642776489258,250000.0,4
2024-10-29,IT-TYL,-592.6849365234375,250000.0,4
2024-10-29,OTIS-UPS,6023.500640869141,250000.0,4
2024-10-29,AMGN-INCY,0.0,250000.0,4
2024-10-30,INTU-NTAP,-3993.3662643432617,250000.0,4
2024-10-30,IT-TYL,-1277.0419921875,250000.0,4
2024-10-30,OTIS-UPS,3429.6276321411133,250000.0,4
2024-10-30,AMGN-INCY,-1444.1932067871094,250000.0,4
2024-10-30,PWR-TT,0.0,250000.0,4
2024-10-30,PG-TSN,0.0,250000.0,4
2024-10-30,DOV-IEX,0.0,250000.0,4
2024-10-31,IT-TYL,-5028.0838623046875,250000.0,4
2024-10-31,OTIS-UPS,2869.0132217407227,250000.0,4
2024-10-31,AMGN-INCY,1159.8762817382812,250000.0,4
2024-10-31,PWR-TT,3459.306396484375,250000.0,4
2024-10-31,PG-TSN,-696.0068893432617,250000.0,4
2024-10-31,DOV-IEX,470.1181640625,250000.0,4
2024-10-31,AME-XYL,0.0,250000.0,4
2024-10-31,MO-TSN,0.0,250000.0,4
2024-10-31,AMAT-MSFT,0.0,250000.0,4
2024-11-01,IT-TYL,-3291.01171875,250000.0,4
2024-11-01,OTIS-UPS,4297.620101928711,250000.0,4
2024-11-01,AMGN-INCY,-6327.190155029297,250000.0,4
2024-11-01,PWR-TT,6132.593414306641,250000.0,4
2024-11-01,PG-TSN,141.08911895751953,250000.0,4
2024-11-01,DOV-IEX,-1387.2711791992188,250000.0,4
2024-11-01,AME-XYL,-192.92486572265625,250000.0,4
2024-11-01,MO-TSN,1100.9540519714355,250000.0,4
2024-11-01,AMAT-MSFT,1656.2968139648438,250000.0,4
2024-11-04,IT-TYL,-1752.068115234375,250000.0,4
2024-11-04,OTIS-UPS,6194.287292480469,250000.0,4
2024-11-04,AMGN-INCY,-6661.3897705078125,250000.0,4
2024-11-04,PWR-TT,6115.510162353516,250000.0,4
2024-11-04,PG-TSN,276.0830383300781,250000.0,4
2024-11-04,DOV-IEX,-4701.577331542969,250000.0,4
2024-11-04,AME-XYL,1252.9462432861328,250000.0,4
2024-11-04,MO-TSN,894.9931564331055,250000.0,4
2024-11-04,AMAT-MSFT,1187.7791748046875,250000.0,4
2024-11-05,IT-TYL,-1.8724365234375,250000.0,4
2024-11-05,OTIS-UPS,5496.040626525879,250000.0,4
2024-11-05,AMGN-INCY,-10183.354614257812,250000.0,4
2024-11-05,PG-TSN,-2527.3478775024414,250000.0,4
2024-11-05,DOV-IEX,-7875.951721191406,250000.0,4
2024-11-05,AME-XYL,2213.374771118164,250000.0,4
2024-11-05,MO-TSN,3811.544906616211,250000.0,4
2024-11-05,AMAT-MSFT,925.3689422607422,250000.0,4
2024-11-05,FIS-PGR,0.0,250000.0,4
2024-11-06,OTIS-UPS,5806.486625671387,250000.0,4
2024-11-06,DOV-IEX,-7856.8450927734375,250000.0,4
2024-11-06,MO-TSN,3031.9222679138184,250000.0,4
2024-11-06,FIS-PGR,-11103.717102050781,250000.0,4
2024-11-06,FITB-TFC,0.0,250000.0,4
2024-11-06,HWM-NOC,0.0,250000.0,4
2024-11-07,OTIS-UPS,5823.364364624023,250000.0,4
2024-11-07,DOV-IEX,-1898.0316772460938,250000.0,4
2024-11-07,MO-TSN,3758.9413833618164,250000.0,4
2024-11-07,FIS-PGR,-6956.90714263916,250000.0,4
2024-11-07,FITB-TFC,1532.374309539795,250000.0,4
2024-11-07,HWM-NOC,4536.585754394531,250000.0,4
2024-11-08,DOV-IEX,-1743.7052001953125,250000.0,4
2024-11-08,MO-TSN,5713.5843505859375,250000.0,4
2024-11-08,FIS-PGR,-9532.594680786133,250000.0,4
2024-11-08,FITB-TFC,4962.348873138428,250000.0,4
2024-11-08,HWM-NOC,4579.64501953125,250000.0,4
2024-11-11,DOV-IEX,758.1866455078125,250000.0,4
2024-11-11,MO-TSN,2809.1765670776367,250000.0,4
2024-11-11,FIS-PGR,-6152.080772399902,250000.0,4
2024-11-11,FITB-TFC,1122.4885597229004,250000.0,4
2024-11-11,HWM-NOC,5198.656158447266,250000.0,4
2024-11-11,OTIS-UPS,0.0,250000.0,4
2024-11-12,DOV-IEX,-174.59210205078125,250000.0,4
2024-11-12,FIS-PGR,-11562.303909301758,250000.0,4
2024-11-12,FITB-TFC,-147.81157684326172,250000.0,4
2024-11-12,HWM-NOC,5836.956207275391,250000.0,4
2024-11-12,OTIS-UPS,-527.8820953369141,250000.0,4
2024-11-12,PG-TSN,0.0,250000.0,4
2024-11-13,DOV-IEX,-1799.2410888671875,250000.0,4
2024-11-13,FIS-PGR,-7214.496238708496,250000.0,4
2024-11-13,FITB-TFC,745.970775604248,250000.0,4
2024-11-13,HWM-NOC,-2871.0741271972656,250000.0,4
2024-11-13,PG-TSN,-1486.7279663085938,250000.0,4
2024-11-14,FIS-PGR,-4440.570419311523,250000.0,4
2024-11-14,FITB-TFC,2318.13667678833,250000.0,4
2024-11-14,HWM-NOC,-8425.530319213867,250000.0,4
2024-11-14,PG-TSN,-3598.6349487304688,250000.0,4
2024-11-15,FIS-PGR,-4420.607475280762,250000.0,4
2024-11-15,FITB-TFC,-77.4301986694336,250000.0,4
2024-11-15,HWM-NOC,-9542.979965209961,250000.0,4
2024-11-15,PG-TSN,-1290.4288330078125,250000.0,4
2024-11-18,FIS-PGR,-3560.6776428222656,250000.0,4
2024-11-18,FITB-TFC,-1860.7052841186523,250000.0,4
2024-11-18,PG-TSN,-424.41192626953125,250000.0,4
2024-11-19,FIS-PGR,-7796.688385009766,250000.0,4
2024-11-19,FITB-TFC,-2100.5687294006348,250000.0,4
2024-11-19,PG-TSN,6052.6168212890625,250000.0,4
2024-11-20,FITB-TFC,-56.56480407714844,250000.0,4
2024-11-20,PG-TSN,4923.461608886719,250000.0,4
2024-11-21,PG-TSN,5529.3065185546875,250000.0,4
2024-11-21,FIS-PGR,0.0,250000.0,4
2024-11-22,FIS-PGR,-1088.6708068847656,250000.0,4
2024-11-25,FIS-PGR,-4936.310119628906,250000.0,4
2024-11-25,IT-TYL,0.0,250000.0,4
2024-11-26,FIS-PGR,-5690.190559387207,250000.0,4
2024-11-26,IT-TYL,-3368.3125,250000.0,4
2024-11-27,FIS-PGR,-3122.4667587280273,250000.0,4
2024-11-27,IT-TYL,-2433.4375,250000.0,4
2024-11-29,FIS-PGR,-5639.37712097168,250000.0,4
2024-11-29,IT-TYL,-2258.2265625,250000.0,4
2024-10-04,HBAN-RF,0.0,250000.0,5
2024-10-07,HBAN-RF,-733.5887079238892,250000.0,5
2024-10-08,HBAN-RF,-3323.0220623016357,250000.0,5
2024-10-16,MSI-TDY,0.0,250000.0,5
2024-10-16,PRU-USB,0.0,250000.0,5
2024-10-16,FRT-PLD,0.0,250000.0,5
2024-10-17,MSI-TDY,1457.1373901367188,250000.0,5
2024-10-17,PRU-USB,-2599.45255279541,250000.0,5
2024-10-18,MSI-TDY,3043.9666442871094,250000.0,5
2024-10-18,PRU-USB,844.5805015563965,250000.0,5
2024-10-21,MSI-TDY,627.9678039550781,250000.0,5
2024-10-21,PRU-USB,4222.089237213135,250000.0,5
2024-10-22,MSI-TDY,1102.1567687988281,250000.0,5
2024-10-22,PRU-USB,3775.0512351989746,250000.0,5
2024-10-22,CBOE-MCO,0.0,250000.0,5
2024-10-22,MCHP-NTAP,0.0,250000.0,5
2024-10-23,PRU-USB,469.0063133239746,250000.0,5
2024-10-23,CBOE-MCO,742.8327941894531,250000.0,5
2024-10-23,MCHP-NTAP,-1372.634765625,250000.0,5
2024-10-23,NTRS-PRU,0.0,250000.0,5
2024-10-24,PRU-USB,1194.6278686523438,250000.0,5
2024-10-24,CBOE-MCO,-1192.9146423339844,250000.0,5
2024-10-24,MCHP-NTAP,-273.40340423583984,250000.0,5
2024-10-24,NTRS-PRU,-88.77996063232422,250000.0,5
2024-10-24,PRU-RJF,0.0,250000.0,5
2024-10-25,PRU-USB,1768.1364974975586,250000.0,5
2024-10-25,CBOE-MCO,-2034.2053527832031,250000.0,5
2024-10-25,MCHP-NTAP,-1631.93017578125,250000.0,5
2024-10-25,NTRS-PRU,650.16259765625,250000.0,5
2024-10-25,PRU-RJF,1054.3030624389648,250000.0,5
2024-10-25,BNY-PFG,0.0,250000.0,5
2024-10-28,PRU-USB,866.5830955505371,250000.0,5
2024-10-28,CBOE-MCO,-2462.6962280273438,250000.0,5
2024-10-28,MCHP-NTAP,-521.1328506469727,250000.0,5
2024-10-28,NTRS-PRU,1976.7444915771484,250000.0,5
2024-10-28,PRU-RJF,-888.4512557983398,250000.0,5
2024-10-28,BNY-PFG,40.6265869140625,250000.0,5
2024-10-29,PRU-USB,2219.2923583984375,250000.0,5
2024-10-29,CBOE-MCO,-2877.8399963378906,250000.0,5
2024-10-29,MCHP-NTAP,-773.3622665405273,250000.0,5
2024-10-29,NTRS-PRU,550.8798065185547,250000.0,5
2024-10-29,PRU-RJF,-2896.6123580932617,250000.0,5
2024-10-29,BNY-PFG,-1032.1791229248047,250000.0,5
2024-10-30,PRU-USB,2069.5800399780273,250000.0,5
2024-10-30,CBOE-MCO,-2064.463165283203,250000.0,5
2024-10-30,MCHP-NTAP,-2226.821029663086,250000.0,5
2024-10-30,NTRS-PRU,4785.270111083984,250000.0,5
2024-10-30,PRU-RJF,-663.7788772583008,250000.0,5
2024-10-30,BNY-PFG,964.3610076904297,250000.0,5
2024-10-31,CBOE-MCO,-7189.099822998047,250000.0,5
2024-10-31,NTRS-PRU,-1881.672836303711,250000.0,5
2024-10-31,PRU-RJF,-6191.100151062012,250000.0,5
2024-10-31,BNY-PFG,-4191.692977905273,250000.0,5
2024-10-31,FITB-PRU,0.0,250000.0,5
2024-10-31,CBOE-ICE,0.0,250000.0,5
2024-11-01,CBOE-MCO,-3693.903350830078,250000.0,5
2024-11-01,NTRS-PRU,-3249.024574279785,250000.0,5
2024-11-01,PRU-RJF,-1528.4733276367188,250000.0,5
2024-11-01,BNY-PFG,-4761.26448059082,250000.0,5
2024-11-01,FITB-PRU,-1170.834716796875,250000.0,5
2024-11-01,CBOE-ICE,665.7305297851562,250000.0,5
2024-11-04,CBOE-MCO,-2345.730194091797,250000.0,5
2024-11-04,NTRS-PRU,-5027.27286529541,250000.0,5
2024-11-04,PRU-RJF,-4359.122360229492,250000.0,5
2024-11-04,BNY-PFG,-6071.170974731445,250000.0,5
2024-11-04,FITB-PRU,-1702.3855094909668,250000.0,5
2024-11-04,CBOE-ICE,720.8061370849609,250000.0,5
2024-11-05,CBOE-MCO,-1937.8393249511719,250000.0,5
2024-11-05,NTRS-PRU,-7920.603515625,250000.0,5
2024-11-05,PRU-RJF,-7024.214332580566,250000.0,5
2024-11-05,BNY-PFG,-4879.338958740234,250000.0,5
2024-11-05,FITB-PRU,-3463.1870765686035,250000.0,5
2024-11-05,CBOE-ICE,4217.667022705078,250000.0,5
2024-11-06,CBOE-MCO,4319.007019042969,250000.0,5
2024-11-06,NTRS-PRU,-1946.379898071289,250000.0,5
2024-11-06,BNY-PFG,2015.4533386230469,250000.0,5
2024-11-06,FITB-PRU,3163.6142578125,250000.0,5
2024-11-06,CBOE-ICE,8895.49592590332,250000.0,5
2024-11-06,PRU-RF,0.0,250000.0,5
2024-11-06,CBOE-HBAN,0.0,250000.0,5
2024-11-06,PRU-USB,0.0,250000.0,5
2024-11-06,CBOE-V,0.0,250000.0,5
2024-11-07,BNY-PFG,2488.395004272461,250000.0,5
2024-11-07,FITB-PRU,-2468.772674560547,250000.0,5
2024-11-07,PRU-RF,2342.6221771240234,250000.0,5
2024-11-07,CBOE-HBAN,1131.6156921386719,250000.0,5
2024-11-07,PRU-USB,1879.8535499572754,250000.0,5
2024-11-07,CBOE-V,675.2497406005859,250000.0,5
2024-11-07,HBAN-RF,0.0,250000.0,5
2024-11-08,BNY-PFG,1946.6429443359375,250000.0,5
2024-11-08,PRU-RF,-2861.7548789978027,250000.0,5
2024-11-08,CBOE-HBAN,846.16845703125,250000.0,5
2024-11-08,PRU-USB,-4603.674015045166,250000.0,5
2024-11-08,CBOE-V,-2140.0565032958984,250000.0,5
2024-11-08,HBAN-RF,3291.937858581543,250000.0,5
2024-11-08,CBOE-MCO,0.0,250000.0,5
2024-11-11,BNY-PFG,4372.182815551758,250000.0,5
2024-11-11,PRU-RF,-3357.3316078186035,250000.0,5
2024-11-11,CBOE-HBAN,-3990.780487060547,250000.0,5
2024-11-11,PRU-USB,-3472.9153022766113,250000.0,5
2024-11-11,CBOE-V,-3372.650833129883,250000.0,5
2024-11-11,HBAN-RF,2731.913282394409,250000.0,5
2024-11-11,CBOE-MCO,914.1085510253906,250000.0,5
2024-11-12,BNY-PFG,5348.968414306641,250000.0,5
2024-11-12,PRU-RF,-2377.08784866333,250000.0,5
2024-11-12,CBOE-HBAN,-2735.1766662597656,250000.0,5
2024-11-12,PRU-USB,-1291.476879119873,250000.0,5
2024-11-12,CBOE-V,-3208.3797302246094,250000.0,5
2024-11-12,HBAN-RF,4033.5383338928223,250000.0,5
2024-11-12,CBOE-MCO,2181.9117584228516,250000.0,5
2024-11-13,BNY-PFG,4539.41194152832,250000.0,5
2024-11-13,PRU-RF,-1987.902400970459,250000.0,5
2024-11-13,CBOE-HBAN,-2710.1910095214844,250000.0,5
2024-11-13,PRU-USB,-3673.9379844665527,250000.0,5
2024-11-13,CBOE-V,-3919.009552001953,250000.0,5
2024-11-13,CBOE-MCO,-1162.8673248291016,250000.0,5
2024-11-14,BNY-PFG,3773.094223022461,250000.0,5
2024-11-14,PRU-RF,-2812.9312591552734,250000.0,5
2024-11-14,CBOE-HBAN,-1728.5398254394531,250000.0,5
2024-11-14,PRU-USB,1336.0511474609375,250000.0,5
2024-11-14,CBOE-V,-2311.856155395508,250000.0,5
2024-11-14,CBOE-MCO,-1793.4988708496094,250000.0,5
2024-11-15,BNY-PFG,3112.4295196533203,250000.0,5
2024-11-15,PRU-RF,-991.1350364685059,250000.0,5
2024-11-15,CBOE-HBAN,-2777.4868774414062,250000.0,5
2024-11-15,CBOE-V,-2552.9471282958984,250000.0,5
2024-11-15,CBOE-MCO,3931.8193969726562,250000.0,5
2024-11-18,BNY-PFG,1020.2198486328125,250000.0,5
2024-11-18,PRU-RF,471.16542053222656,250000.0,5
2024-11-18,CBOE-HBAN,-1608.2897338867188,250000.0,5
2024-11-18,CBOE-V,-2628.127212524414,250000.0,5
2024-11-18,CBOE-MCO,7153.750213623047,250000.0,5
2024-11-19,PRU-RF,-2496.7880477905273,250000.0,5
2024-11-19,CBOE-V,-2684.3444061279297,250000.0,5
2024-11-20,PRU-RF,-3311.3721618652344,250000.0,5
2024-11-20,CBOE-V,2322.5723876953125,250000.0,5
2024-11-20,CBOE-ICE,0.0,250000.0,5
2024-11-21,CBOE-V,1247.646713256836,250000.0,5
2024-11-21,CBOE-ICE,2363.6551208496094,250000.0,5
2024-11-22,CBOE-V,2122.067108154297,250000.0,5
2024-11-22,CBOE-ICE,2238.672882080078,250000.0,5
2024-11-25,CBOE-ICE,2161.0303955078125,250000.0,5
2024-11-25,BR-EFX,0.0,250000.0,5
2024-11-26,CBOE-ICE,1270.1263275146484,250000.0,5
2024-11-26,BR-EFX,1404.4401397705078,250000.0,5
2024-11-27,CBOE-ICE,2006.6514892578125,250000.0,5
2024-11-27,BR-EFX,-71.58444213867188,250000.0,5
2024-11-29,CBOE-ICE,2614.6666259765625,250000.0,5
2024-11-29,BR-EFX,-646.8338012695312,250000.0,5
2024-12-02,CBOE-ICE,1160.7234191894531,250000.0,5
2024-12-02,BR-EFX,3871.0984954833984,250000.0,5
2024-12-03,CBOE-ICE,-2247.832305908203,250000.0,5
2024-12-03,BR-EFX,3551.4459228515625,250000.0,5
2024-12-04,CBOE-ICE,-2461.5257263183594,250000.0,5
2024-12-04,BR-EFX,600.321533203125,250000.0,5
2024-12-04,ALL-PRU,0.0,250000.0,5
2024-12-05,CBOE-ICE,493.6642608642578,250000.0,5
2024-12-05,BR-EFX,204.11636352539062,250000.0,5
2024-12-05,ALL-PRU,3496.8798065185547,250000.0,5
2024-12-05,BNY-PFG,0.0,250000.0,5
2024-12-06,CBOE-ICE,3063.877914428711,250000.0,5
2024-12-06,BR-EFX,-5023.909698486328,250000.0,5
2024-12-06,ALL-PRU,2652.398223876953,250000.0,5
2024-12-06,FRT-PLD,0.0,250000.0,5
2024-12-09,BR-EFX,-1266.1086730957031,250000.0,5
2024-12-09,ALL-PRU,-574.0384674072266,250000.0,5
2024-12-09,FITB-PRU,0.0,250000.0,5
2024-12-09,NTRS-PRU,0.0,250000.0,5
2024-12-10,BR-EFX,432.18182373046875,250000.0,5
2024-12-10,ALL-PRU,884.0010833740234,250000.0,5
2024-12-10,FITB-PRU,-2094.1412315368652,250000.0,5
2024-12-10,NTRS-PRU,-2176.4243774414062,250000.0,5
2024-12-10,BNY-PFG,0.0,250000.0,5
2024-12-10,HBAN-RF,0.0,250000.0,5
2024-12-11,ALL-PRU,364.9762725830078,250000.0,5
2024-12-11,FITB-PRU,-2047.8168296813965,250000.0,5
2024-12-11,NTRS-PRU,-1128.6434783935547,250000.0,5
2024-12-11,BNY-PFG,-1002.8048553466797,250000.0,5
2024-12-11,HBAN-RF,-1155.5554237365723,250000.0,5
2024-12-12,ALL-PRU,2461.55517578125,250000.0,5
2024-12-12,FITB-PRU,290.4935760498047,250000.0,5
2024-12-12,NTRS-PRU,-302.2961654663086,250000.0,5
2024-12-12,BNY-PFG,-2517.9192962646484,250000.0,5
2024-12-12,HBAN-RF,-1901.9515686035156,250000.0,5
2024-12-12,MSI-TDY,0.0,250000.0,5
2024-12-13,ALL-PRU,-1854.1822052001953,250000.0,5
2024-12-13,FITB-PRU,-59.879825592041016,250000.0,5
2024-12-13,NTRS-PRU,-98.11367797851562,250000.0,5
2024-12-13,BNY-PFG,-2305.0217666625977,250000.0,5
2024-12-13,HBAN-RF,-1309.7433757781982,250000.0,5
2024-12-13,MSI-TDY,2479.046844482422,250000.0,5
2024-12-16,ALL-PRU,-325.58685302734375,250000.0,5
2024-12-16,FITB-PRU,-50.799076080322266,250000.0,5
2024-12-16,NTRS-PRU,-496.8489303588867,250000.0,5
2024-12-16,BNY-PFG,-3517.48477935791,250000.0,5
2024-12-16,HBAN-RF,-1726.6959590911865,250000.0,5
2024-12-16,MSI-TDY,840.26220703125,250000.0,5
2024-12-17,ALL-PRU,-2079.767532348633,250000.0,5
2024-12-17,FITB-PRU,-1168.60737991333,250000.0,5
2024-12-17,NTRS-PRU,-3031.053955078125,250000.0,5
2024-12-17,BNY-PFG,-5833.240966796875,250000.0,5
2024-12-17,HBAN-RF,-3413.4029865264893,250000.0,5
2024-12-17,MSI-TDY,1065.0752563476562,250000.0,5
2024-12-18,ALL-PRU,-6362.797088623047,250000.0,5
2024-12-18,FITB-PRU,559.4374122619629,250000.0,5
2024-12-18,NTRS-PRU,-6568.436805725098,250000.0,5
2024-12-18,BNY-PFG,-9038.030807495117,250000.0,5
2024-12-18,BR-EFX,0.0,250000.0,5
2024-12-19,NTRS-PRU,-5197.590110778809,250000.0,5
2024-12-19,BR-EFX,-1761.4755249023438,250000.0,5
2024-12-20,NTRS-PRU,-2640.219223022461,250000.0,5
2024-12-20,BR-EFX,5104.842544555664,250000.0,5
2024-12-23,NTRS-PRU,-1277.6870040893555,250000.0,5
2024-12-23,BR-EFX,3316.6709747314453,250000.0,5
2024-12-24,BR-EFX,9485.117477416992,250000.0,5
2024-12-26,BR-EFX,7566.846130371094,250000.0,5
2024-12-27,BR-EFX,3157.4634704589844,250000.0,5
2024-12-30,BR-EFX,1360.6947326660156,250000.0,5
2024-12-30,MCHP-ON,0.0,250000.0,5
2024-12-31,BR-EFX,1717.334701538086,250000.0,5
2024-12-31,MCHP-ON,-1915.7843208312988,250000.0,5
2024-11-01,MCK-WAT,0.0,250000.0,6
2024-11-01,MCK-MRK,0.0,250000.0,6
2024-11-04,MCK-WAT,11.3763427734375,250000.0,6
2024-11-04,MCK-MRK,63.57147216796875,250000.0,6
2024-11-05,MCK-WAT,278.07586669921875,250000.0,6
2024-11-05,MCK-MRK,-330.9522399902344,250000.0,6
2024-11-05,ADI-INTC,0.0,250000.0,6
2024-11-05,ADI-AVGO,0.0,250000.0,6
2024-11-06,MCK-WAT,-5131.550445556641,250000.0,6
2024-11-06,MCK-MRK,-7878.7437744140625,250000.0,6
2024-11-06,ADI-INTC,11017.710571289062,250000.0,6
2024-11-06,ADI-AVGO,6227.097473144531,250000.0,6
2024-11-06,AMT-PLD,0.0,250000.0,6
2024-11-06,UPS-WAB,0.0,250000.0,6
2024-11-06,A-MTD,0.0,250000.0,6
2024-11-07,MCK-WAT,-18615.736541748047,250000.0,6
2024-11-07,MCK-MRK,-19612.04736328125,250000.0,6
2024-11-07,ADI-INTC,3563.0828857421875,250000.0,6
2024-11-07,ADI-AVGO,2627.1475219726562,250000.0,6
2024-11-07,AMT-PLD,-750.0325469970703,250000.0,6
2024-11-07,UPS-WAB,2458.529167175293,250000.0,6
2024-11-07,A-MTD,294.1869812011719,250000.0,6
2024-11-07,BAC-SCHW,0.0,250000.0,6
2024-11-08,MCK-WAT,-18883.921966552734,250000.0,6
2024-11-08,MCK-MRK,-16526.59552001953,250000.0,6
2024-11-08,ADI-INTC,-2848.3184814453125,250000.0,6
2024-11-08,ADI-AVGO,-395.6170654296875,250000.0,6
2024-11-08,AMT-PLD,-1530.9488525390625,250000.0,6
2024-11-08,UPS-WAB,-2700.686592102051,250000.0,6
2024-11-08,BAC-SCHW,1499.9505577087402,250000.0,6
2024-11-11,MCK-WAT,-17068.709564208984,250000.0,6
2024-11-11,MCK-MRK,-22470.5419921875,250000.0,6
2024-11-11,ADI-INTC,-8736.742553710938,250000.0,6
2024-11-11,ADI-AVGO,-2438.7686157226562,250000.0,6
2024-11-11,AMT-PLD,-1774.0910339355469,250000.0,6
2024-11-11,UPS-WAB,-4611.016639709473,250000.0,6
2024-11-12,MCK-WAT,-20818.62762451172,250000.0,6
2024-11-12,ADI-INTC,-2340.3485107421875,250000.0,6
2024-11-12,ADI-AVGO,-99.57841491699219,250000.0,6
2024-11-12,AMT-PLD,-476.2925720214844,250000.0,6
2024-11-12,UPS-WAB,-4577.250396728516,250000.0,6
2024-11-12,HRL-TSN,0.0,250000.0,6
2024-11-13,MCK-WAT,-22360.697479248047,250000.0,6
2024-11-13,ADI-INTC,-33420.40252685547,250000.0,6
2024-11-13,ADI-AVGO,-7434.148468017578,250000.0,6
2024-11-13,UPS-WAB,1316.9818801879883,250000.0,6
2024-11-13,HRL-TSN,-2553.1060180664062,250000.0,6
2024-11-13,MCK-MRK,0.0,250000.0,6
2024-11-14,MCK-WAT,-13183.458251953125,250000.0,6
2024-11-14,ADI-INTC,-36650.18524169922,250000.0,6
2024-11-14,ADI-AVGO,-3831.455062866211,250000.0,6
2024-11-14,UPS-WAB,2332.3223037719727,250000.0,6
2024-11-14,HRL-TSN,-5164.729301452637,250000.0,6
2024-11-14,MCK-MRK,976.4777908325195,250000.0,6
2024-11-15,MCK-WAT,-484.6435546875,250000.0,6
2024-11-15,ADI-AVGO,-5639.528121948242,250000.0,6
2024-11-15,MCK-MRK,-3868.7680053710938,250000.0,6
2024-11-18,ADI-AVGO,-1359.4619140625,250000.0,6
2024-11-18,MCK-MRK,-4092.9934844970703,250000.0,6
2024-11-19,ADI-AVGO,393.8927001953125,250000.0,6
2024-11-19,HRL-PEP,0.0,250000.0,6
2024-11-20,ADI-AVGO,4372.905670166016,250000.0,6
2024-11-20,HRL-PEP,-391.0009574890137,250000.0,6
2024-11-21,ADI-AVGO,8273.787612915039,250000.0,6
2024-11-21,HRL-PEP,96.23784065246582,250000.0,6
2024-11-22,ADI-AVGO,8901.872955322266,250000.0,6
2024-11-22,HRL-PEP,1489.9473667144775,250000.0,6
2024-11-25,HRL-PEP,-2437.8399085998535,250000.0,6
2024-12-05,HRL-TSN,0.0,250000.0,6
2024-12-06,HRL-TSN,-2645.703941345215,250000.0,6
2024-12-09,HRL-TSN,-5402.361625671387,250000.0,6
2024-12-13,ADI-AVGO,0.0,250000.0,6
2024-12-16,ADI-AVGO,-28408.867553710938,250000.0,6
2024-12-17,ADI-AVGO,-20795.04168701172,250000.0,6
2024-12-26,AMT-PLD,0.0,250000.0,6
2024-12-27,AMT-PLD,3360.3213653564453,250000.0,6
2024-12-30,AMT-PLD,3738.567558288574,250000.0,6
2024-12-31,AMT-PLD,3850.2566299438477,250000.0,6
2025-01-06,BAC-SCHW,0.0,250000.0,6
2025-01-06,J-LHX,0.0,250000.0,6
2025-01-07,J-LHX,-649.227294921875,250000.0,6
2025-01-08,HRL-SJM,0.0,250000.0,6
2025-01-10,A-MTD,0.0,250000.0,6
2025-01-10,HRL-KHC,0.0,250000.0,6
2025-01-13,A-MTD,-755.1491088867188,250000.0,6
2025-01-13,HRL-KHC,1753.6458988189697,250000.0,6
2025-01-14,A-MTD,-3978.4202880859375,250000.0,6
2025-01-14,HRL-KHC,1446.7438106536865,250000.0,6
2025-01-15,A-MTD,1050.8056030273438,250000.0,6
2025-01-15,HRL-KHC,2125.414779663086,250000.0,6
2025-01-16,A-MTD,-2142.3494873046875,250000.0,6
2025-01-16,HRL-KHC,3873.7530269622803,250000.0,6
2025-01-17,HRL-KHC,6455.115116119385,250000.0,6
2025-01-17,ADI-INTC,0.0,250000.0,6
2025-01-21,ADI-INTC,-966.3291339874268,250000.0,6
2025-01-21,AMT-PLD,0.0,250000.0,6
2025-01-21,BAC-SCHW,0.0,250000.0,6
2025-01-22,ADI-INTC,617.7966861724854,250000.0,6
2025-01-22,AMT-PLD,511.6670837402344,250000.0,6
2025-01-22,BAC-SCHW,-4900.061199188232,250000.0,6
2025-01-23,ADI-INTC,8263.110551834106,250000.0,6
2025-01-23,AMT-PLD,-5795.70320892334,250000.0,6
2025-01-23,BAC-SCHW,-5388.39852142334,250000.0,6
2025-01-23,CARR-GE,0.0,250000.0,6
2025-01-24,ADI-INTC,5887.02184677124,250000.0,6
2025-01-24,AMT-PLD,-7770.049095153809,250000.0,6
2025-01-24,BAC-SCHW,-3731.8112258911133,250000.0,6
2025-01-24,CARR-GE,5540.709609985352,250000.0,6
2025-01-27,AMT-PLD,-6640.79328918457,250000.0,6
2025-01-27,BAC-SCHW,-2015.4297981262207,250000.0,6
2025-01-27,CARR-GE,2782.440872192383,250000.0,6
2025-01-27,GRMN-MCD,0.0,250000.0,6
2025-01-27,J-LHX,0.0,250000.0,6
2025-01-28,AMT-PLD,-8883.555862426758,250000.0,6
2025-01-28,BAC-SCHW,-1153.2148704528809,250000.0,6
2025-01-28,CARR-GE,2548.7581634521484,250000.0,6
2025-01-28,GRMN-MCD,1199.1689453125,250000.0,6
2025-01-29,AMT-PLD,-9546.858100891113,250000.0,6
2025-01-29,BAC-SCHW,-2877.2885932922363,250000.0,6
2025-01-29,CARR-GE,-8475.247383117676,250000.0,6
2025-01-29,GRMN-MCD,2629.232452392578,250000.0,6
2025-01-30,BAC-SCHW,-7837.239139556885,250000.0,6
2025-01-30,CARR-GE,-14088.089752197266,250000.0,6
2025-01-30,GRMN-MCD,2023.3710632324219,250000.0,6
2025-01-31,BAC-SCHW,-7977.111419677734,250000.0,6
2025-01-31,CARR-GE,-12829.086036682129,250000.0,6
2025-01-31,GRMN-MCD,3591.8135986328125,250000.0,6
2024-12-02,C-CFG,0.0,250000.0,7
2024-12-03,C-CFG,-1585.3622589111328,250000.0,7
2024-12-03,ADI-MCHP,0.0,250000.0,7
2024-12-04,C-CFG,-2910.4823608398438,250000.0,7
2024-12-05,C-CFG,-4410.067337036133,250000.0,7
2024-12-05,EXPD-GE,0.0,250000.0,7
2024-12-05,EXPD-UBER,0.0,250000.0,7
2024-12-05,EXPD-TXT,0.0,250000.0,7
2024-12-06,C-CFG,-2766.350273132324,250000.0,7
2024-12-06,EXPD-GE,5317.549652099609,250000.0,7
2024-12-06,EXPD-UBER,3770.437431335449,250000.0,7
2024-12-06,EXPD-TXT,168.9937744140625,250000.0,7
2024-12-09,EXPD-GE,-2535.059600830078,250000.0,7
2024-12-09,EXPD-UBER,1877.167091369629,250000.0,7
2024-12-09,EXPD-TXT,-2292.6399993896484,250000.0,7
2024-12-09,CTAS-PCAR,0.0,250000.0,7
2024-12-10,EXPD-GE,-3180.6240844726562,250000.0,7
2024-12-10,EXPD-UBER,-1298.5160827636719,250000.0,7
2024-12-10,EXPD-TXT,-3974.143051147461,250000.0,7
2024-12-10,CTAS-PCAR,1916.3854217529297,250000.0,7
2024-12-10,CINF-NDAQ,0.0,250000.0,7
2024-12-10,KR-MO,0.0,250000.0,7
2024-12-10,EXPD-MAS,0.0,250000.0,7
2024-12-11,EXPD-GE,-6109.7723388671875,250000.0,7
2024-12-11,EXPD-UBER,-15499.319641113281,250000.0,7
2024-12-11,EXPD-TXT,-2882.732353210449,250000.0,7
2024-12-11,CTAS-PCAR,2266.2676162719727,250000.0,7
2024-12-11,CINF-NDAQ,-76.7259750366211,250000.0,7
2024-12-11,KR-MO,-5275.781295776367,250000.0,7
2024-12-11,EXPD-MAS,1219.8573303222656,250000.0,7
2024-12-11,EXPD-LDOS,0.0,250000.0,7
2024-12-12,EXPD-UBER,-14354.101684570312,250000.0,7
2024-12-12,CTAS-PCAR,9946.8783493042,250000.0,7
2024-12-12,CINF-NDAQ,1980.0779571533203,250000.0,7
2024-12-12,KR-MO,-9413.444789886475,250000.0,7
2024-12-12,EXPD-MAS,1974.6337280273438,250000.0,7
2024-12-12,EXPD-LDOS,-1581.0691528320312,250000.0,7
2024-12-12,CIEN-CTSH,0.0,250000.0,7
2024-12-13,CTAS-PCAR,8868.024871826172,250000.0,7
2024-12-13,CINF-NDAQ,4396.856658935547,250000.0,7
2024-12-13,KR-MO,-6273.697471618652,250000.0,7
2024-12-13,EXPD-MAS,2655.1731719970703,250000.0,7
2024-12-13,EXPD-LDOS,-2535.0098724365234,250000.0,7
2024-12-13,CIEN-CTSH,-3699.4337615966797,250000.0,7
2024-12-16,CINF-NDAQ,3440.892417907715,250000.0,7
2024-12-16,KR-MO,-7153.313346862793,250000.0,7
2024-12-16,EXPD-MAS,840.5293350219727,250000.0,7
2024-12-16,EXPD-LDOS,-3693.2240829467773,250000.0,7
2024-12-16,CIEN-CTSH,-2455.652313232422,250000.0,7
2024-12-17,CINF-NDAQ,-368.27899169921875,250000.0,7
2024-12-17,KR-MO,-7352.689956665039,250000.0,7
2024-12-17,EXPD-MAS,302.17765045166016,250000.0,7
2024-12-17,EXPD-LDOS,-9413.648307800293,250000.0,7
2024-12-17,CIEN-CTSH,148.76771545410156,250000.0,7
2024-12-18,CINF-NDAQ,-614.2853012084961,250000.0,7
2024-12-18,EXPD-TXT,0.0,250000.0,7
2024-12-19,CINF-NDAQ,-276.8228988647461,250000.0,7
2024-12-19,EXPD-TXT,1401.201889038086,250000.0,7
2024-12-19,CTAS-PCAR,0.0,250000.0,7
2024-12-20,CINF-NDAQ,2109.754981994629,250000.0,7
2024-12-20,CTAS-PCAR,7098.8670654296875,250000.0,7
2024-12-20,EXPD-VLTO,0.0,250000.0,7
2024-12-20,EXPD-GE,0.0,250000.0,7
2024-12-23,CINF-NDAQ,-1048.9216918945312,250000.0,7
2024-12-23,CTAS-PCAR,8973.791053771973,250000.0,7
2024-12-23,EXPD-VLTO,1440.660026550293,250000.0,7
2024-12-23,EXPD-GE,-2721.586410522461,250000.0,7
2024-12-24,CINF-NDAQ,-669.9435806274414,250000.0,7
2024-12-24,CTAS-PCAR,10504.024612426758,250000.0,7
2024-12-24,EXPD-VLTO,1283.482666015625,250000.0,7
2024-12-24,EXPD-GE,-5150.160003662109,250000.0,7
2024-12-26,CTAS-PCAR,2894.7036209106445,250000.0,7
2024-12-26,EXPD-VLTO,521.0085906982422,250000.0,7
2024-12-26,EXPD-GE,-5986.2337646484375,250000.0,7
2024-12-27,CTAS-PCAR,1119.4588241577148,250000.0,7
2024-12-27,EXPD-VLTO,2597.445022583008,250000.0,7
2024-12-27,EXPD-GE,-3056.5083770751953,250000.0,7
2024-12-30,CTAS-PCAR,4090.5112075805664,250000.0,7
2024-12-30,EXPD-VLTO,4107.214042663574,250000.0,7
2024-12-30,EXPD-GE,-1224.8307800292969,250000.0,7
2024-12-31,CTAS-PCAR,976.0141906738281,250000.0,7
2024-12-31,EXPD-VLTO,4171.515380859375,250000.0,7
2024-12-31,EXPD-GE,668.7160186767578,250000.0,7
2025-01-02,CTAS-PCAR,1082.9109802246094,250000.0,7
2025-01-02,EXPD-VLTO,5802.731872558594,250000.0,7
2025-01-02,EXPD-GE,-3351.6255645751953,250000.0,7
2025-01-03,CTAS-PCAR,5730.0927734375,250000.0,7
2025-01-03,EXPD-GE,-6102.148376464844,250000.0,7
2025-01-03,NKE-PHM,0.0,250000.0,7
2025-01-03,KR-MO,0.0,250000.0,7
2025-01-06,NKE-PHM,-2480.473747253418,250000.0,7
2025-01-06,BLDR-CARR,0.0,250000.0,7
2025-01-07,NKE-PHM,362.87657165527344,250000.0,7
2025-01-07,BLDR-CARR,487.6333236694336,250000.0,7
2025-01-08,NKE-PHM,-8678.247940063477,250000.0,7
2025-01-08,BLDR-CARR,1182.5691833496094,250000.0,7
2025-01-10,NKE-PHM,-2550.7940368652344,250000.0,7
2025-01-10,BLDR-CARR,-2370.8893661499023,250000.0,7
2025-01-13,NKE-PHM,-2309.876091003418,250000.0,7
2025-01-16,EXPD-OTIS,0.0,250000.0,7
2025-01-16,EXPD-VLTO,0.0,250000.0,7
2025-01-17,EXPD-VLTO,1354.9193267822266,250000.0,7
2025-01-23,EXPD-UNP,0.0,250000.0,7
2025-01-24,EXPD-UNP,-2169.733413696289,250000.0,7
2025-01-27,EXPD-UNP,-5299.950393676758,250000.0,7
2025-01-27,BLDR-CARR,0.0,250000.0,7
2025-01-27,ORCL-WDAY,0.0,250000.0,7
2025-01-28,EXPD-UNP,-1238.5748291015625,250000.0,7
2025-01-28,BLDR-CARR,2718.073875427246,250000.0,7
2025-01-28,ORCL-WDAY,-2491.4335327148438,250000.0,7
2025-01-29,EXPD-UNP,-1511.0055541992188,250000.0,7
2025-01-29,BLDR-CARR,-5826.830234527588,250000.0,7
2025-01-29,ORCL-WDAY,1089.292724609375,250000.0,7
2025-01-30,EXPD-UNP,-2496.8953704833984,250000.0,7
2025-01-30,BLDR-CARR,-4770.180488586426,250000.0,7
2025-01-30,ORCL-WDAY,11103.803771972656,250000.0,7
2025-01-31,EXPD-UNP,-526.4305267333984,250000.0,7
2025-01-31,BLDR-CARR,-2602.289867401123,250000.0,7
2025-01-31,ORCL-WDAY,9030.936553955078,250000.0,7
2025-02-03,EXPD-UNP,1212.7703857421875,250000.0,7
2025-02-03,BLDR-CARR,-7363.457336425781,250000.0,7
2025-02-03,ORCL-WDAY,10328.898788452148,250000.0,7
2025-02-04,EXPD-UNP,2557.8238525390625,250000.0,7
2025-02-04,BLDR-CARR,-5074.646514892578,250000.0,7
2025-02-04,ORCL-WDAY,9944.429183959961,250000.0,7
2025-02-05,EXPD-UNP,869.8268432617188,250000.0,7
2025-02-05,BLDR-CARR,-1479.415153503418,250000.0,7
2025-02-05,ORCL-WDAY,-3365.5023345947266,250000.0,7
2025-02-05,EXPD-VLTO,0.0,250000.0,7
2025-02-06,EXPD-UNP,653.4949493408203,250000.0,7
2025-02-06,BLDR-CARR,2710.4161643981934,250000.0,7
2025-02-06,ORCL-WDAY,-4515.98876953125,250000.0,7
2025-02-06,PANW-PTC,0.0,250000.0,7
2025-02-07,EXPD-UNP,1732.6499786376953,250000.0,7
2025-02-07,BLDR-CARR,3619.3140296936035,250000.0,7
2025-02-07,ORCL-WDAY,2348.769729614258,250000.0,7
2025-02-07,PANW-PTC,-8613.130065917969,250000.0,7
2025-02-10,EXPD-UNP,1776.4494171142578,250000.0,7
2025-02-10,ORCL-WDAY,6902.9390869140625,250000.0,7
2025-02-10,PANW-PTC,-11299.752655029297,250000.0,7
2025-02-11,ORCL-WDAY,12382.45474243164,250000.0,7
2025-02-11,PANW-PTC,-11269.734756469727,250000.0,7
2025-02-11,CINF-NDAQ,0.0,250000.0,7
2025-02-12,PANW-PTC,-14236.550674438477,250000.0,7
2025-02-12,CINF-NDAQ,3902.6260147094727,250000.0,7
2025-02-13,PANW-PTC,-16051.96875,250000.0,7
2025-02-14,PANW-PTC,-10072.974700927734,250000.0,7
2025-02-18,PANW-PTC,-16604.60336303711,250000.0,7
2025-02-18,EXPD-MAS,0.0,250000.0,7
2025-02-19,PANW-PTC,-15593.988952636719,250000.0,7
2025-02-19,EXPD-MAS,1499.0362091064453,250000.0,7
2025-02-19,ADI-MCHP,0.0,250000.0,7
2025-02-20,EXPD-MAS,-1737.372200012207,250000.0,7
2025-02-20,ADI-MCHP,-3933.874526977539,250000.0,7
2025-02-21,EXPD-MAS,-3695.370574951172,250000.0,7
2025-02-21,ADI-MCHP,-1344.1964569091797,250000.0,7
2025-02-24,EXPD-MAS,-6532.3931884765625,250000.0,7
2025-02-24,ADI-MCHP,5484.905792236328,250000.0,7
2025-02-25,EXPD-MAS,-3821.5189208984375,250000.0,7
2025-02-25,ADI-MCHP,8132.627639770508,250000.0,7
2025-02-26,EXPD-MAS,-1826.4351501464844,250000.0,7
2025-02-26,ADI-MCHP,11436.398468017578,250000.0,7
2025-02-26,ORCL-WDAY,0.0,250000.0,7
2025-02-27,EXPD-MAS,-5403.116737365723,250000.0,7
2025-02-27,ADI-MCHP,31701.159713745117,250000.0,7
2025-02-28,EXPD-MAS,-4505.497123718262,250000.0,7
2025-02-28,ADI-MCHP,19258.45574951172,250000.0,7
2025-01-02,PEG-XEL,0.0,250000.0,8
2025-01-02,EBAY-NKE,0.0,250000.0,8
2025-01-03,PEG-XEL,-2683.273052215576,250000.0,8
2025-01-03,EBAY-NKE,-594.5098304748535,250000.0,8
2025-01-03,AEE-PEG,0.0,250000.0,8
2025-01-06,EBAY-NKE,-6301.802803039551,250000.0,8
2025-01-06,AEE-PEG,-3046.5502166748047,250000.0,8
2025-01-06,PEG-PPL,0.0,250000.0,8
2025-01-06,HUBB-ITW,0.0,250000.0,8
2025-01-07,EBAY-NKE,-6214.884544372559,250000.0,8
2025-01-07,AEE-PEG,348.63446044921875,250000.0,8
2025-01-07,PEG-PPL,2475.664686203003,250000.0,8
2025-01-07,HUBB-ITW,173.55291748046875,250000.0,8
2025-01-08,HUBB-ITW,-1043.2473754882812,250000.0,8
2025-01-10,HUBB-ITW,526.9185485839844,250000.0,8
2025-01-10,AMP-TRV,0.0,250000.0,8
2025-01-13,AMP-TRV,565.0864562988281,250000.0,8
2025-01-13,HUBB-MAS,0.0,250000.0,8
2025-01-14,AMP-TRV,2703.4683837890625,250000.0,8
2025-01-14,PLD-PSA,0.0,250000.0,8
2025-01-15,PLD-PSA,982.4358673095703,250000.0,8
2025-01-15,DASH-HD,0.0,250000.0,8
2025-01-15,CDNS-GLW,0.0,250000.0,8
2025-01-16,PLD-PSA,1006.1891937255859,250000.0,8
2025-01-16,DASH-HD,-2101.6710510253906,250000.0,8
2025-01-16,CDNS-GLW,-2962.8127059936523,250000.0,8
2025-01-16,PEG-PPL,0.0,250000.0,8
2025-01-17,PLD-PSA,2516.0249633789062,250000.0,8
2025-01-17,DASH-HD,-967.2018280029297,250000.0,8
2025-01-17,CDNS-GLW,-3234.8350143432617,250000.0,8
2025-01-17,PEG-PPL,-1022.711483001709,250000.0,8
2025-01-21,DASH-HD,-5370.743316650391,250000.0,8
2025-01-21,PEG-PPL,-656.1462593078613,250000.0,8
2025-01-21,EXR-PLD,0.0,250000.0,8
2025-01-22,DASH-HD,-382.7921142578125,250000.0,8
2025-01-22,EXR-PLD,1632.3342590332031,250000.0,8
2025-01-23,DASH-HD,-1271.6195678710938,250000.0,8
2025-01-23,EXR-PLD,-3359.1086502075195,250000.0,8
2025-01-24,EXR-PLD,-3346.7888107299805,250000.0,8
2025-01-27,EXR-PLD,-1972.7462768554688,250000.0,8
2025-01-27,PEG-XEL,0.0,250000.0,8
2025-01-27,PEG-PPL,0.0,250000.0,8
2025-01-27,HUBB-MAS,0.0,250000.0,8
2025-01-27,COHR-TYL,0.0,250000.0,8
2025-01-27,AMP-TRV,0.0,250000.0,8
2025-01-27,HUBB-ITW,0.0,250000.0,8
2025-01-27,AEE-PEG,0.0,250000.0,8
2025-01-28,EXR-PLD,-1188.6310119628906,250000.0,8
2025-01-28,PEG-XEL,5350.60094833374,250000.0,8
2025-01-28,PEG-PPL,4464.013134002686,250000.0,8
2025-01-28,HUBB-MAS,4141.977233886719,250000.0,8
2025-01-28,COHR-TYL,-4273.3992919921875,250000.0,8
2025-01-28,AMP-TRV,4389.788635253906,250000.0,8
2025-01-28,HUBB-ITW,4963.52912902832,250000.0,8
2025-01-28,AEE-PEG,-87.3885498046875,250000.0,8
2025-01-28,SYF-XYZ,0.0,250000.0,8
2025-01-29,EXR-PLD,-2282.6328201293945,250000.0,8
2025-01-29,PEG-XEL,6630.1306800842285,250000.0,8
2025-01-29,PEG-PPL,5223.570705413818,250000.0,8
2025-01-29,HUBB-MAS,7374.077209472656,250000.0,8
2025-01-29,COHR-TYL,3088.964599609375,250000.0,8
2025-01-29,AMP-TRV,3876.9273071289062,250000.0,8
2025-01-29,HUBB-ITW,8778.73323059082,250000.0,8
2025-01-29,AEE-PEG,253.07525634765625,250000.0,8
2025-01-29,SYF-XYZ,3750.2533264160156,250000.0,8
2025-01-30,EXR-PLD,-2747.0538787841797,250000.0,8
2025-01-30,PEG-XEL,6063.843898773193,250000.0,8
2025-01-30,PEG-PPL,2954.1344871520996,250000.0,8
2025-01-30,HUBB-MAS,5234.884201049805,250000.0,8
2025-01-30,COHR-TYL,9575.466430664062,250000.0,8
2025-01-30,AMP-TRV,-444.6605224609375,250000.0,8
2025-01-30,HUBB-ITW,8518.922256469727,250000.0,8
2025-01-30,SYF-XYZ,-1939.4897003173828,250000.0,8
2025-01-31,EXR-PLD,-893.4489440917969,250000.0,8
2025-01-31,PEG-XEL,4495.604164123535,250000.0,8
2025-01-31,PEG-PPL,1541.7536849975586,250000.0,8
2025-01-31,HUBB-MAS,9922.354515075684,250000.0,8
2025-01-31,COHR-TYL,9034.894653320312,250000.0,8
2025-01-31,AMP-TRV,2669.2784423828125,250000.0,8
2025-01-31,HUBB-ITW,8115.934585571289,250000.0,8
2025-01-31,SYF-XYZ,2285.929168701172,250000.0,8
2025-02-03,EXR-PLD,106.2686767578125,250000.0,8
2025-02-03,PEG-XEL,2396.8887634277344,250000.0,8
2025-02-03,PEG-PPL,-131.72521209716797,250000.0,8
2025-02-03,COHR-TYL,6295.108215332031,250000.0,8
2025-02-03,AMP-TRV,2160.7899169921875,250000.0,8
2025-02-03,HUBB-ITW,6337.924209594727,250000.0,8
2025-02-03,SYF-XYZ,-307.2071228027344,250000.0,8
2025-02-04,EXR-PLD,-2073.1805572509766,250000.0,8
2025-02-04,PEG-XEL,3900.836540222168,250000.0,8
2025-02-04,PEG-PPL,1253.4573669433594,250000.0,8
2025-02-04,COHR-TYL,4386.053649902344,250000.0,8
2025-02-04,AMP-TRV,2399.2084350585938,250000.0,8
2025-02-04,HUBB-ITW,4157.0054931640625,250000.0,8
2025-02-04,SYF-XYZ,5147.076431274414,250000.0,8
2025-02-05,EXR-PLD,1699.7797622680664,250000.0,8
2025-02-05,PEG-XEL,2353.155288696289,250000.0,8
2025-02-05,PEG-PPL,9.278556823730469,250000.0,8
2025-02-05,COHR-TYL,2849.0211181640625,250000.0,8
2025-02-05,AMP-TRV,631.693359375,250000.0,8
2025-02-05,HUBB-ITW,4261.500091552734,250000.0,8
2025-02-06,EXR-PLD,3882.357307434082,250000.0,8
2025-02-06,PEG-XEL,5217.765426635742,250000.0,8
2025-02-06,PEG-PPL,-1667.6693267822266,250000.0,8
2025-02-06,COHR-TYL,10452.761596679688,250000.0,8
2025-02-06,AMP-TRV,-78.0631103515625,250000.0,8
2025-02-06,HUBB-ITW,1574.6202087402344,250000.0,8
2025-02-06,CAH-HUM,0.0,250000.0,8
2025-02-07,EXR-PLD,6338.865440368652,250000.0,8
2025-02-07,PEG-XEL,6811.074516296387,250000.0,8
2025-02-07,PEG-PPL,-2334.0765533447266,250000.0,8
2025-02-07,COHR-TYL,11075.505798339844,250000.0,8
2025-02-07,AMP-TRV,1830.8106689453125,250000.0,8
2025-02-07,HUBB-ITW,3332.625717163086,250000.0,8
2025-02-07,CAH-HUM,-5171.302177429199,250000.0,8
2025-02-10,EXR-PLD,2712.0568084716797,250000.0,8
2025-02-10,PEG-XEL,6056.148529052734,250000.0,8
2025-02-10,PEG-PPL,-2623.918586730957,250000.0,8
2025-02-10,COHR-TYL,7154.56787109375,250000.0,8
2025-02-10,AMP-TRV,3203.5166015625,250000.0,8
2025-02-10,HUBB-ITW,975.9407348632812,250000.0,8
2025-02-10,CAH-HUM,-11646.807037353516,250000.0,8
2025-02-11,PEG-XEL,4784.809295654297,250000.0,8
2025-02-11,COHR-TYL,3640.0642700195312,250000.0,8
2025-02-11,AMP-TRV,3206.9121704101562,250000.0,8
2025-02-12,PEG-XEL,4045.713264465332,250000.0,8
2025-02-12,COHR-TYL,3165.6464233398438,250000.0,8
2025-02-12,AMP-TRV,4551.259094238281,250000.0,8
2025-02-13,PEG-XEL,457.41268157958984,250000.0,8
2025-02-13,AMP-TRV,4459.037780761719,250000.0,8
2025-02-20,PLD-PSA,0.0,250000.0,8
2025-02-21,PLD-PSA,-44.919891357421875,250000.0,8
2025-02-21,SYF-XYZ,0.0,250000.0,8
2025-02-24,PLD-PSA,432.9730224609375,250000.0,8
2025-02-24,SYF-XYZ,-5518.377811431885,250000.0,8
2025-02-24,JBHT-TXT,0.0,250000.0,8
2025-02-25,PLD-PSA,-2217.867416381836,250000.0,8
2025-02-25,SYF-XYZ,-12531.704120635986,250000.0,8
2025-02-25,JBHT-TXT,-5703.139610290527,250000.0,8
2025-02-26,PLD-PSA,917.1835784912109,250000.0,8
2025-02-26,SYF-XYZ,-4454.175872802734,250000.0,8
2025-02-26,JBHT-TXT,-5719.777053833008,250000.0,8
2025-02-27,PLD-PSA,306.3483581542969,250000.0,8
2025-02-27,SYF-XYZ,-6263.187763214111,250000.0,8
2025-02-27,JBHT-TXT,-8652.120697021484,250000.0,8
2025-02-28,SYF-XYZ,-8226.777931213379,250000.0,8
2025-02-28,JBHT-TXT,-10023.646934509277,250000.0,8
2025-03-03,SYF-XYZ,-6740.155246734619,250000.0,8
2025-03-04,SYF-XYZ,-11369.191184997559,250000.0,8
2025-03-04,HUBB-ITW,0.0,250000.0,8
2025-03-05,SYF-XYZ,-4106.23454284668,250000.0,8
2025-03-06,SYF-XYZ,-2157.1430854797363,250000.0,8
2025-03-07,SYF-XYZ,-3791.447925567627,250000.0,8
2025-03-07,MAR-MCD,0.0,250000.0,8
2025-03-10,MAR-MCD,2646.286865234375,250000.0,8
2025-03-17,BIIB-INCY,0.0,250000.0,8
2025-03-18,BIIB-INCY,-7752.655605316162,250000.0,8
2025-03-19,BIIB-INCY,-5092.292144775391,250000.0,8
2025-03-20,BIIB-INCY,-4086.0048637390137,250000.0,8
2025-03-21,BIIB-INCY,1688.4889106750488,250000.0,8
2025-03-24,BIIB-INCY,4611.241886138916,250000.0,8
2025-03-25,BIIB-INCY,3685.4360847473145,250000.0,8
2025-03-26,BIIB-INCY,-2160.779525756836,250000.0,8
2025-03-27,BIIB-INCY,-2867.0586433410645,250000.0,8
2025-03-28,BIIB-INCY,-1666.620807647705,250000.0,8
2025-03-31,BIIB-INCY,-679.3586807250977,250000.0,8
2025-02-04,CLX-TSN,0.0,250000.0,9
2025-02-05,CLX-TSN,-6755.052806854248,250000.0,9
2025-02-05,CME-FISV,0.0,250000.0,9
2025-02-06,CLX-TSN,-3526.2627334594727,250000.0,9
2025-02-06,CME-FISV,831.6759796142578,250000.0,9
2025-02-07,CLX-TSN,-3482.778533935547,250000.0,9
2025-02-07,CME-FISV,2525.165313720703,250000.0,9
2025-02-10,CLX-TSN,-6101.432231903076,250000.0,9
2025-02-10,CME-FISV,-1054.3386840820312,250000.0,9
2025-02-10,AFL-PFG,0.0,250000.0,9
2025-02-11,CLX-TSN,-7292.033180236816,250000.0,9
2025-02-11,CME-FISV,-294.76588439941406,250000.0,9
2025-02-11,AFL-PFG,-2129.6808013916016,250000.0,9
2025-02-12,CLX-TSN,-2129.408229827881,250000.0,9
2025-02-12,AFL-PFG,-755.5666656494141,250000.0,9
2025-02-13,CLX-TSN,4798.8838539123535,250000.0,9
2025-02-13,AFL-PFG,-3589.1448974609375,250000.0,9
2025-02-13,CBOE-MCO,0.0,250000.0,9
2025-02-14,CLX-TSN,-1216.479721069336,250000.0,9
2025-02-14,AFL-PFG,-1763.8795013427734,250000.0,9
2025-02-14,CBOE-MCO,658.3070068359375,250000.0,9
2025-02-18,CLX-TSN,-3546.783435821533,250000.0,9
2025-02-18,AFL-PFG,-2059.3229370117188,250000.0,9
2025-02-18,CBOE-MCO,3423.016845703125,250000.0,9
2025-02-19,CLX-TSN,5574.078075408936,250000.0,9
2025-02-19,AFL-PFG,1440.7869567871094,250000.0,9
2025-02-19,CBOE-MCO,4411.272216796875,250000.0,9
2025-02-19,CDNS-MSFT,0.0,250000.0,9
2025-02-20,CLX-TSN,4564.082469940186,250000.0,9
2025-02-20,AFL-PFG,-288.69580078125,250000.0,9
2025-02-20,CDNS-MSFT,-1928.3487854003906,250000.0,9
2025-02-21,CLX-TSN,10533.592861175537,250000.0,9
2025-02-21,AFL-PFG,332.6565856933594,250000.0,9
2025-02-21,CDNS-MSFT,964.1232604980469,250000.0,9
2025-02-24,CLX-TSN,1381.0383262634277,250000.0,9
2025-02-24,AFL-PFG,3484.062728881836,250000.0,9
2025-02-24,CDNS-MSFT,2649.5655059814453,250000.0,9
2025-02-25,CLX-TSN,5979.544956207275,250000.0,9
2025-03-04,CME-FISV,0.0,250000.0,9
2025-03-04,AOS-ITW,0.0,250000.0,9
2025-03-04,BBY-NKE,0.0,250000.0,9
2025-03-05,CME-FISV,183.80331420898438,250000.0,9
2025-03-05,BBY-NKE,-737.1373977661133,250000.0,9
2025-03-05,BX-FITB,0.0,250000.0,9
2025-03-06,CME-FISV,-6155.024505615234,250000.0,9
2025-03-06,BBY-NKE,7464.770935058594,250000.0,9
2025-03-06,BX-FITB,1825.909854888916,250000.0,9
2025-03-07,BBY-NKE,6698.663032531738,250000.0,9
2025-03-07,BX-FITB,3471.6671562194824,250000.0,9
2025-03-07,AOS-ITW,0.0,250000.0,9
2025-03-10,BBY-NKE,12366.886108398438,250000.0,9
2025-03-10,BX-FITB,3585.567127227783,250000.0,9
2025-03-11,BX-FITB,-1853.2056884765625,250000.0,9
2025-03-12,BX-FITB,-2048.0829887390137,250000.0,9
2025-03-13,BX-FITB,-5113.693794250488,250000.0,9
2025-03-14,BX-FITB,-2223.2805824279785,250000.0,9
2025-03-17,BX-FITB,-5385.901512145996,250000.0,9
2025-03-18,BX-FITB,-4646.544902801514,250000.0,9
2025-03-19,BX-FITB,-4137.575878143311,250000.0,9
2025-03-26,BX-FITB,0.0,250000.0,9
2025-03-27,BX-FITB,286.9492530822754,250000.0,9
2025-03-28,BX-FITB,-254.14531707763672,250000.0,9
2025-03-28,AFL-PFG,0.0,250000.0,9
2025-03-28,CDNS-MSFT,0.0,250000.0,9
2025-03-31,BX-FITB,-3326.707820892334,250000.0,9
2025-03-31,AFL-PFG,892.3698043823242,250000.0,9
2025-03-31,CDNS-MSFT,-1240.3514556884766,250000.0,9
2025-04-01,BX-FITB,1449.1769218444824,250000.0,9
2025-04-01,AFL-PFG,474.9358367919922,250000.0,9
2025-04-01,CDNS-MSFT,1338.1992797851562,250000.0,9
2025-04-01,AFL-WTW,0.0,250000.0,9
2025-04-02,BX-FITB,2069.2047691345215,250000.0,9
2025-04-02,CDNS-MSFT,-1320.80322265625,250000.0,9
2025-04-02,AFL-WTW,499.69698333740234,250000.0,9
2025-04-03,CDNS-MSFT,-429.1641540527344,250000.0,9
2025-04-03,AFL-WTW,-2700.0517501831055,250000.0,9
2025-04-03,FSLR-ON,0.0,250000.0,9
2025-04-03,AFL-PFG,0.0,250000.0,9
2025-04-03,PODD-RVTY,0.0,250000.0,9
2025-04-03,BBY-NKE,0.0,250000.0,9
2025-04-04,CDNS-MSFT,-2332.724884033203,250000.0,9
2025-04-04,FSLR-ON,1031.5231475830078,250000.0,9
2025-04-04,AFL-PFG,551.3050079345703,250000.0,9
2025-04-04,CME-FISV,0.0,250000.0,9
2025-04-04,AOS-ITW,0.0,250000.0,9
2025-04-07,FSLR-ON,8188.369514465332,250000.0,9
2025-04-07,AFL-PFG,672.3938751220703,250000.0,9
2025-04-07,CME-FISV,699.8758239746094,250000.0,9
2025-04-07,AOS-ITW,-1109.1295166015625,250000.0,9
2025-04-08,FSLR-ON,4277.042854309082,250000.0,9
2025-04-08,AFL-PFG,-5426.841339111328,250000.0,9
2025-04-08,CME-FISV,-4032.363311767578,250000.0,9
2025-04-08,AOS-ITW,-2473.127613067627,250000.0,9
2025-04-09,AFL-PFG,7176.137954711914,250000.0,9
2025-04-10,AFL-PFG,-8244.591491699219,250000.0,9
2025-04-11,AFL-PFG,-10741.664779663086,250000.0,9
2025-04-14,AFL-PFG,-11709.502883911133,250000.0,9
2025-04-21,MCHP-SMCI,0.0,250000.0,9
2025-04-21,BX-FITB,0.0,250000.0,9
2025-04-22,MCHP-SMCI,6758.094337463379,250000.0,9
2025-04-22,BX-FITB,-3541.5567836761475,250000.0,9
2025-04-23,BX-FITB,-3974.1343059539795,250000.0,9
2025-04-24,BX-FITB,1211.4457759857178,250000.0,9
2025-04-24,AFL-WTW,0.0,250000.0,9
2025-04-24,CME-FISV,0.0,250000.0,9
2025-04-25,BX-FITB,2643.28240776062,250000.0,9
2025-04-25,AFL-WTW,-1459.0493774414062,250000.0,9
2025-04-25,CME-FISV,-125.93850708007812,250000.0,9
2025-04-28,BX-FITB,1472.610990524292,250000.0,9
2025-04-28,AFL-WTW,-1816.8099365234375,250000.0,9
2025-04-28,CME-FISV,37.25933837890625,250000.0,9
2025-04-29,BX-FITB,-1733.8352909088135,250000.0,9
2025-04-29,AFL-WTW,-2542.3441772460938,250000.0,9
2025-04-30,BX-FITB,-2612.565439224243,250000.0,9
2025-04-30,AFL-WTW,1560.964111328125,250000.0,9
2025-04-30,FSLR-ON,0.0,250000.0,9
2025-03-06,MO-TSN,0.0,250000.0,10
2025-03-07,MO-TSN,-318.7228775024414,250000.0,10
2025-03-10,MO-TSN,-2470.3567695617676,250000.0,10
2025-03-10,APH-NOW,0.0,250000.0,10
2025-03-11,MO-TSN,-1529.976131439209,250000.0,10
2025-03-11,APH-NOW,8571.732635498047,250000.0,10
2025-03-12,MO-TSN,-4944.6140060424805,250000.0,10
2025-03-12,APH-NOW,13785.508499145508,250000.0,10
2025-03-13,APH-NOW,9696.783924102783,250000.0,10
2025-03-14,APH-NOW,13327.551513671875,250000.0,10
2025-03-17,APH-NOW,8645.287075042725,250000.0,10
2025-03-18,APH-NOW,4165.689441680908,250000.0,10
2025-03-19,APH-NOW,-8890.258712768555,250000.0,10
2025-03-20,APH-NOW,-10087.813171386719,250000.0,10
2025-03-21,APH-NOW,-10114.180465698242,250000.0,10
2025-03-24,APH-NOW,-16422.987106323242,250000.0,10
2025-04-03,ERIE-WTW,0.0,250000.0,10
2025-04-03,CB-GL,0.0,250000.0,10
2025-04-03,APH-NOW,0.0,250000.0,10
2025-04-04,CB-GL,-7651.046447753906,250000.0,10
2025-04-04,APH-NOW,-7091.2381019592285,250000.0,10
2025-04-04,ERIE-TRV,0.0,250000.0,10
2025-04-04,ERIE-FISV,0.0,250000.0,10
2025-04-07,CB-GL,-9660.309600830078,250000.0,10
2025-04-07,APH-NOW,612.3019752502441,250000.0,10
2025-04-07,ERIE-TRV,-3378.3211364746094,250000.0,10
2025-04-07,ERIE-FISV,364.7588806152344,250000.0,10
2025-04-08,APH-NOW,-2420.272937774658,250000.0,10
2025-04-08,ERIE-TRV,-391.1296691894531,250000.0,10
2025-04-08,ERIE-FISV,-3198.9552307128906,250000.0,10
2025-04-08,CB-MRSH,0.0,250000.0,10
2025-04-09,APH-NOW,6929.20064163208,250000.0,10
2025-04-09,ERIE-TRV,3471.1007690429688,250000.0,10
2025-04-09,ERIE-FISV,14547.515869140625,250000.0,10
2025-04-09,CB-MRSH,2651.9861755371094,250000.0,10
2025-04-10,ERIE-TRV,-4375.746032714844,250000.0,10
2025-04-10,ERIE-FISV,6485.6595458984375,250000.0,10
2025-04-11,ERIE-TRV,-6061.737579345703,250000.0,10
2025-04-11,ERIE-FISV,11040.580505371094,250000.0,10
2025-04-14,ERIE-TRV,-1938.0447082519531,250000.0,10
2025-04-14,ERIE-FISV,16010.439819335938,250000.0,10
2025-04-15,ERIE-TRV,-1574.0780334472656,250000.0,10
2025-04-16,ERIE-TRV,4278.078674316406,250000.0,10
2025-04-17,CB-MRSH,0.0,250000.0,10
2025-04-21,CB-MRSH,-4665.79248046875,250000.0,10
2025-04-22,CB-MRSH,-4236.547668457031,250000.0,10
2025-04-23,CB-MRSH,-339.427734375,250000.0,10
2025-04-24,CB-MRSH,1449.3065185546875,250000.0,10
2025-04-24,ERIE-FISV,0.0,250000.0,10
2025-04-25,CB-MRSH,3948.8448486328125,250000.0,10
2025-04-25,ERIE-FISV,3953.694610595703,250000.0,10
2025-04-28,CB-MRSH,3016.9817504882812,250000.0,10
2025-04-29,CB-MRSH,2674.9414672851562,250000.0,10
2025-04-30,CB-MRSH,5762.873107910156,250000.0,10
2025-05-01,CB-MRSH,6199.4227294921875,250000.0,10
2025-05-02,CB-MRSH,6901.322570800781,250000.0,10
2025-05-05,CB-MRSH,5691.1556396484375,250000.0,10
2025-05-05,MO-TSN,0.0,250000.0,10
2025-05-06,CB-MRSH,4955.567321777344,250000.0,10
2025-05-06,MO-TSN,-3189.3920974731445,250000.0,10
2025-05-07,CB-MRSH,5250.325744628906,250000.0,10
2025-05-07,MO-TSN,-6941.559814453125,250000.0,10
2025-05-08,CB-MRSH,6942.9876708984375,250000.0,10
2025-05-08,MO-TSN,-333.85782623291016,250000.0,10
2025-05-09,CB-MRSH,4461.6357421875,250000.0,10
2025-05-09,MO-TSN,-2237.8363494873047,250000.0,10
2025-05-12,CB-MRSH,4839.725830078125,250000.0,10
2025-05-12,MO-TSN,7823.680252075195,250000.0,10
2025-05-13,CB-MRSH,4398.343322753906,250000.0,10
2025-05-13,MO-TSN,6367.237770080566,250000.0,10
2025-05-14,CB-MRSH,5949.01171875,250000.0,10
2025-05-14,MO-TSN,2927.7822189331055,250000.0,10
2025-05-15,CB-MRSH,3266.5435180664062,250000.0,10
2025-05-15,MO-TSN,3181.374069213867,250000.0,10
2025-05-16,CB-MRSH,6258.641418457031,250000.0,10
2025-05-16,MO-TSN,2136.287040710449,250000.0,10
2025-05-19,CB-MRSH,6580.95263671875,250000.0,10
2025-05-19,MO-TSN,992.9214019775391,250000.0,10
2025-05-20,CB-MRSH,7388.937744140625,250000.0,10
2025-05-20,MO-TSN,2902.2465591430664,250000.0,10
2025-05-21,CB-MRSH,6507.114074707031,250000.0,10
2025-05-21,MO-TSN,2208.2772903442383,250000.0,10
2025-04-03,MAS-XYL,0.0,250000.0,11
2025-04-03,BEN-HBAN,0.0,250000.0,11
2025-04-03,CMI-FTV,0.0,250000.0,11
2025-04-04,CMI-FTV,-5589.407619476318,250000.0,11
2025-04-04,BEN-RF,0.0,250000.0,11
2025-04-07,CMI-FTV,-2862.806468963623,250000.0,11
2025-04-07,BEN-MTB,0.0,250000.0,11
2025-04-08,CMI-FTV,-6988.89587020874,250000.0,11
2025-04-08,BEN-MTB,-1925.440502166748,250000.0,11
2025-04-09,CMI-FTV,22.664794921875,250000.0,11
2025-04-10,CMI-FTV,-8623.677574157715,250000.0,11
2025-04-11,CMI-FTV,-5853.872772216797,250000.0,11
2025-04-14,CMI-FTV,-3155.547664642334,250000.0,11
2025-04-15,CMI-FTV,-3469.797924041748,250000.0,11
2025-04-16,CMI-FTV,-3585.677463531494,250000.0,11
2025-04-17,CMI-FTV,-2474.633934020996,250000.0,11
2025-04-23,MAS-XYL,0.0,250000.0,11
2025-04-24,MAS-XYL,-2630.5565795898438,250000.0,11
2025-04-25,MAS-XYL,-3422.8331756591797,250000.0,11
2025-04-28,MAS-XYL,-2881.96720123291,250000.0,11
2025-04-29,MAS-XYL,-8882.764488220215,250000.0,11
2025-04-30,CF-VMC,0.0,250000.0,11
2025-05-01,CF-VMC,1198.1712341308594,250000.0,11
2025-05-02,CF-VMC,-149.3115234375,250000.0,11
2025-05-02,BEN-MTB,0.0,250000.0,11
2025-05-02,BEN-RF,0.0,250000.0,11
2025-05-02,BEN-HBAN,0.0,250000.0,11
2025-05-02,BEN-C,0.0,250000.0,11
2025-05-05,CF-VMC,-2373.7129669189453,250000.0,11
2025-05-05,BEN-MTB,1015.3835868835449,250000.0,11
2025-05-05,BEN-RF,1654.8455333709717,250000.0,11
2025-05-05,BEN-HBAN,-54.39260482788086,250000.0,11
2025-05-05,BEN-C,1749.6352806091309,250000.0,11
2025-05-06,CF-VMC,2359.6030883789062,250000.0,11
2025-05-06,BEN-MTB,-4102.397426605225,250000.0,11
2025-05-06,BEN-RF,-4226.28461265564,250000.0,11
2025-05-06,BEN-HBAN,-3503.691831588745,250000.0,11
2025-05-06,BEN-C,-2198.9586296081543,250000.0,11
2025-05-07,CF-VMC,1178.7073287963867,250000.0,11
2025-05-07,BEN-RF,-10745.104709625244,250000.0,11
2025-05-07,BEN-HBAN,-9512.272422790527,250000.0,11
2025-05-07,BEN-C,-7215.209716796875,250000.0,11
2025-05-08,CF-VMC,-50.876564025878906,250000.0,11
2025-05-08,BEN-RF,-11731.330739974976,250000.0,11
2025-05-08,BEN-C,-9854.03634262085,250000.0,11
2025-05-09,CF-VMC,921.1463928222656,250000.0,11
2025-05-12,CF-VMC,2180.154167175293,250000.0,11
2025-05-12,AMCR-AVY,0.0,250000.0,11
2025-05-13,AMCR-AVY,-1043.0442657470703,250000.0,11
2025-05-14,AMCR-AVY,1322.903076171875,250000.0,11
2025-05-15,AMCR-AVY,1528.112045288086,250000.0,11
2025-05-16,AMCR-AVY,1760.5484313964844,250000.0,11
2025-05-19,AMCR-AVY,1269.9697875976562,250000.0,11
2025-05-20,AMCR-AVY,-1491.9401550292969,250000.0,11
2025-05-21,AMCR-AVY,1854.352523803711,250000.0,11
2025-05-22,AMCR-AVY,1255.7937774658203,250000.0,11
2025-05-23,AMCR-AVY,3879.1333923339844,250000.0,11
2025-05-23,PTC-WDAY,0.0,250000.0,11
2025-05-27,AMCR-AVY,2073.0914001464844,250000.0,11
2025-05-27,PTC-WDAY,-834.6833190917969,250000.0,11
2025-05-28,AMCR-AVY,4717.041320800781,250000.0,11
2025-05-28,PTC-WDAY,3154.8788452148438,250000.0,11
2025-05-29,AMCR-AVY,2944.467483520508,250000.0,11
2025-05-29,PTC-WDAY,4644.789764404297,250000.0,11
2025-05-30,AMCR-AVY,6042.58757019043,250000.0,11
2025-05-30,PTC-WDAY,10563.910247802734,250000.0,11
2025-06-02,AMCR-AVY,6870.100646972656,250000.0,11
2025-06-02,PTC-WDAY,11927.849365234375,250000.0,11
2025-06-03,AMCR-AVY,3265.6215057373047,250000.0,11
2025-06-03,PTC-WDAY,14312.808349609375,250000.0,11
2025-06-04,AMCR-AVY,2756.4658203125,250000.0,11
2025-06-04,PTC-WDAY,12548.706420898438,250000.0,11
2025-06-04,VLTO-XYL,0.0,250000.0,11
2025-06-05,AMCR-AVY,3658.309600830078,250000.0,11
2025-06-05,PTC-WDAY,13502.837829589844,250000.0,11
2025-06-05,VLTO-XYL,2266.34041595459,250000.0,11
2025-06-06,AMCR-AVY,1837.1517028808594,250000.0,11
2025-06-06,PTC-WDAY,14123.57373046875,250000.0,11
2025-06-09,AMCR-AVY,3276.2842712402344,250000.0,11
2025-06-09,PTC-WDAY,14438.860900878906,250000.0,11
2025-06-09,CNC-ISRG,0.0,250000.0,11
2025-06-10,AMCR-AVY,3623.3340759277344,250000.0,11
2025-06-10,PTC-WDAY,13645.706420898438,250000.0,11
2025-06-10,CNC-ISRG,993.726806640625,250000.0,11
2025-06-10,CNC-GEHC,0.0,250000.0,11
2025-06-11,AMCR-AVY,6092.107696533203,250000.0,11
2025-06-11,PTC-WDAY,12139.850006103516,250000.0,11
2025-06-11,CNC-ISRG,-3040.7188415527344,250000.0,11
2025-06-11,CNC-GEHC,2599.0970916748047,250000.0,11
2025-06-12,AMCR-AVY,4650.758575439453,250000.0,11
2025-06-12,PTC-WDAY,11419.508331298828,250000.0,11
2025-06-12,CNC-ISRG,-7226.654510498047,250000.0,11
2025-06-12,CNC-GEHC,3194.6761932373047,250000.0,11
2025-06-13,AMCR-AVY,8840.97103881836,250000.0,11
2025-06-13,PTC-WDAY,6376.565399169922,250000.0,11
2025-06-13,CNC-ISRG,-8028.957595825195,250000.0,11
2025-06-13,CF-VMC,0.0,250000.0,11
2025-06-16,AMCR-AVY,7861.5504150390625,250000.0,11
2025-06-16,PTC-WDAY,4788.722442626953,250000.0,11
2025-06-16,CNC-ISRG,-6163.666915893555,250000.0,11
2025-06-16,CF-VMC,-858.3499603271484,250000.0,11
2025-06-17,PTC-WDAY,5968.587188720703,250000.0,11
2025-06-17,CNC-ISRG,-8862.014617919922,250000.0,11
2025-06-17,CF-VMC,-5596.809356689453,250000.0,11
2025-06-18,PTC-WDAY,665.9083251953125,250000.0,11
2025-06-18,CNC-ISRG,-9487.307968139648,250000.0,11
2025-06-18,CF-VMC,-3107.1634368896484,250000.0,11
2025-06-20,PTC-WDAY,1704.6109008789062,250000.0,11
2025-06-20,CF-VMC,-5292.520523071289,250000.0,11
2025-06-23,PTC-WDAY,443.525634765625,250000.0,11
2025-06-23,CF-VMC,5510.848419189453,250000.0,11
2025-06-24,PTC-WDAY,262.298095703125,250000.0,11
2025-06-25,BEN-C,0.0,250000.0,11
2025-06-26,BEN-C,-2672.0205574035645,250000.0,11
2025-06-26,CNC-GEHC,0.0,250000.0,11
2025-06-26,CNC-ISRG,0.0,250000.0,11
2025-06-27,BEN-C,3718.626901626587,250000.0,11
2025-06-27,CNC-GEHC,499.001220703125,250000.0,11
2025-06-27,CNC-ISRG,-633.4931716918945,250000.0,11
2025-06-30,BEN-C,1772.1965732574463,250000.0,11
2025-06-30,CNC-GEHC,772.0503234863281,250000.0,11
2025-06-30,CNC-ISRG,-5755.544448852539,250000.0,11
2025-06-30,CMI-FTV,0.0,250000.0,11
2025-05-01,FTV-IEX,0.0,250000.0,12
2025-05-02,FTV-IEX,-5831.921504974365,250000.0,12
2025-05-05,FTV-IEX,-6074.887603759766,250000.0,12
2025-05-06,FTV-IEX,-4280.630031585693,250000.0,12
2025-05-07,FTV-IEX,-2017.5941886901855,250000.0,12
2025-05-07,IR-NDSN,0.0,250000.0,12
2025-05-08,FTV-IEX,-1487.3136100769043,250000.0,12
2025-05-09,FTV-IEX,2890.7909202575684,250000.0,12
2025-05-12,FTV-IEX,4320.460304260254,250000.0,12
2025-05-12,LII-UNP,0.0,250000.0,12
2025-05-12,GD-ROL,0.0,250000.0,12
2025-05-13,FTV-IEX,5366.164966583252,250000.0,12
2025-05-13,LII-UNP,4409.082015991211,250000.0,12
2025-05-13,GD-ROL,-1488.239013671875,250000.0,12
2025-05-14,FTV-IEX,4278.32995223999,250000.0,12
2025-05-14,LII-UNP,1701.3849639892578,250000.0,12
2025-05-14,GD-ROL,784.1945381164551,250000.0,12
2025-05-15,FTV-IEX,1864.725658416748,250000.0,12
2025-05-15,LII-UNP,-337.6600799560547,250000.0,12
2025-05-15,GD-ROL,1137.1401176452637,250000.0,12
2025-05-15,BAC-BLK,0.0,250000.0,12
2025-05-16,FTV-IEX,2799.148090362549,250000.0,12
2025-05-16,LII-UNP,1793.5552368164062,250000.0,12
2025-05-16,GD-ROL,2103.5057945251465,250000.0,12
2025-05-16,BAC-BLK,-617.0677185058594,250000.0,12
2025-05-19,FTV-IEX,872.8707809448242,250000.0,12
2025-05-19,LII-UNP,3562.718963623047,250000.0,12
2025-05-19,GD-ROL,3707.529830932617,250000.0,12
2025-05-19,BAC-BLK,-1345.66796875,250000.0,12
2025-05-20,FTV-IEX,645.3583106994629,250000.0,12
2025-05-20,LII-UNP,3063.7313079833984,250000.0,12
2025-05-20,GD-ROL,3016.5858116149902,250000.0,12
2025-05-20,BAC-BLK,-2651.4308166503906,250000.0,12
2025-05-21,FTV-IEX,3579.111515045166,250000.0,12
2025-05-21,LII-UNP,1714.2005157470703,250000.0,12
2025-05-21,GD-ROL,4581.123271942139,250000.0,12
2025-05-21,BAC-BLK,-1289.8370666503906,250000.0,12
2025-05-22,FTV-IEX,3817.3470420837402,250000.0,12
2025-05-22,LII-UNP,3632.545928955078,250000.0,12
2025-05-22,GD-ROL,3971.470226287842,250000.0,12
2025-05-22,BAC-BLK,-337.8628234863281,250000.0,12
2025-05-22,STX-TEL,0.0,250000.0,12
2025-05-23,FTV-IEX,4131.762969970703,250000.0,12
2025-05-23,LII-UNP,2684.9532775878906,250000.0,12
2025-05-23,BAC-BLK,991.7153930664062,250000.0,12
2025-05-23,STX-TEL,-6555.233673095703,250000.0,12
2025-05-27,FTV-IEX,3270.896873474121,250000.0,12
2025-05-27,LII-UNP,3129.6988372802734,250000.0,12
2025-05-27,BAC-BLK,-104.13436889648438,250000.0,12
2025-05-27,STX-TEL,-5488.943618774414,250000.0,12
2025-05-28,LII-UNP,2866.1654663085938,250000.0,12
2025-05-28,BAC-BLK,1897.3157653808594,250000.0,12
2025-05-28,AOS-XYL,0.0,250000.0,12
2025-05-29,LII-UNP,2808.739471435547,250000.0,12
2025-05-29,BAC-BLK,1236.3533935546875,250000.0,12
2025-05-29,AOS-XYL,964.850757598877,250000.0,12
2025-05-29,IR-NDSN,0.0,250000.0,12
2025-05-30,LII-UNP,1073.4588623046875,250000.0,12
2025-05-30,AOS-XYL,-1291.0999717712402,250000.0,12
2025-05-30,IR-NDSN,-4756.039108276367,250000.0,12
2025-05-30,HSIC-REGN,0.0,250000.0,12
2025-06-02,LII-UNP,1075.4824981689453,250000.0,12
2025-06-02,AOS-XYL,-5248.317676544189,250000.0,12
2025-06-02,IR-NDSN,-6284.91104888916,250000.0,12
2025-06-02,HSIC-REGN,1760.4543914794922,250000.0,12
2025-06-02,NUE-PPG,0.0,250000.0,12
2025-06-02,GD-ROL,0.0,250000.0,12
2025-06-03,LII-UNP,60.010406494140625,250000.0,12
2025-06-03,AOS-XYL,-4611.393043518066,250000.0,12
2025-06-03,IR-NDSN,-4443.039329528809,250000.0,12
2025-06-03,HSIC-REGN,-3243.5497436523438,250000.0,12
2025-06-03,NUE-PPG,427.59996032714844,250000.0,12
2025-06-03,GD-ROL,1304.0802192687988,250000.0,12
2025-06-04,LII-UNP,1234.3088073730469,250000.0,12
2025-06-04,AOS-XYL,-2703.573055267334,250000.0,12
2025-06-04,IR-NDSN,-5676.423271179199,250000.0,12
2025-06-04,HSIC-REGN,-4112.813674926758,250000.0,12
2025-06-04,NUE-PPG,2147.2110900878906,250000.0,12
2025-06-04,GD-ROL,1727.0277481079102,250000.0,12
2025-06-04,AMZN-LEN,0.0,250000.0,12
2025-06-05,AOS-XYL,-4346.86759185791,250000.0,12
2025-06-05,IR-NDSN,-6105.435508728027,250000.0,12
2025-06-05,HSIC-REGN,-5337.963333129883,250000.0,12
2025-06-05,NUE-PPG,3679.4794311523438,250000.0,12
2025-06-05,GD-ROL,2105.441162109375,250000.0,12
2025-06-05,AMZN-LEN,892.0298080444336,250000.0,12
2025-06-05,NVR-TSCO,0.0,250000.0,12
2025-06-06,AOS-XYL,-2461.1778602600098,250000.0,12
2025-06-06,IR-NDSN,-4747.171447753906,250000.0,12
2025-06-06,HSIC-REGN,181.1361083984375,250000.0,12
2025-06-06,NUE-PPG,3949.2691497802734,250000.0,12
2025-06-06,NVR-TSCO,451.32677459716797,250000.0,12
2025-06-09,AOS-XYL,-2609.521530151367,250000.0,12
2025-06-09,IR-NDSN,-9389.474151611328,250000.0,12
2025-06-09,HSIC-REGN,10768.45736694336,250000.0,12
2025-06-09,NUE-PPG,4955.879333496094,250000.0,12
2025-06-09,NVR-TSCO,3114.802101135254,250000.0,12
2025-06-10,AOS-XYL,-1080.614315032959,250000.0,12
2025-06-10,HSIC-REGN,12161.449005126953,250000.0,12
2025-06-10,NUE-PPG,6426.429794311523,250000.0,12
2025-06-10,NVR-TSCO,5163.702857971191,250000.0,12
2025-06-10,CMG-DHI,0.0,250000.0,12
2025-06-11,AOS-XYL,747.2311096191406,250000.0,12
2025-06-11,HSIC-REGN,10446.211868286133,250000.0,12
2025-06-11,NVR-TSCO,3334.753349304199,250000.0,12
2025-06-11,CMG-DHI,6861.953338623047,250000.0,12
2025-06-12,HSIC-REGN,12305.319534301758,250000.0,12
2025-06-12,NVR-TSCO,3579.145706176758,250000.0,12
2025-06-12,CMG-DHI,1994.0125122070312,250000.0,12
2025-06-13,HSIC-REGN,19161.158493041992,250000.0,12
2025-06-13,NVR-TSCO,373.94305419921875,250000.0,12
2025-06-13,CMG-DHI,6734.624954223633,250000.0,12
2025-06-13,NUE-PPG,0.0,250000.0,12
2025-06-16,HSIC-REGN,13842.491638183594,250000.0,12
2025-06-16,NVR-TSCO,-469.7364959716797,250000.0,12
2025-06-16,NUE-PPG,6675.821495056152,250000.0,12
2025-06-17,HSIC-REGN,8879.295211791992,250000.0,12
2025-06-17,NVR-TSCO,-2956.61727142334,250000.0,12
2025-06-17,NUE-PPG,2654.5495681762695,250000.0,12
2025-06-17,ISRG-STE,0.0,250000.0,12
2025-06-17,CCL-GRMN,0.0,250000.0,12
2025-06-18,HSIC-REGN,7922.658111572266,250000.0,12
2025-06-18,NVR-TSCO,-8402.657791137695,250000.0,12
2025-06-18,NUE-PPG,588.9930648803711,250000.0,12
2025-06-18,ISRG-STE,-710.23779296875,250000.0,12
2025-06-18,CCL-GRMN,-488.2695503234863,250000.0,12
2025-06-20,HSIC-REGN,3009.4524841308594,250000.0,12
2025-06-20,NUE-PPG,3353.227394104004,250000.0,12
2025-06-20,ISRG-STE,-1291.4837036132812,250000.0,12
2025-06-20,CCL-GRMN,1116.7212448120117,250000.0,12
2025-06-23,HSIC-REGN,4442.544815063477,250000.0,12
2025-06-23,ISRG-STE,-390.83119201660156,250000.0,12
2025-06-23,CCL-GRMN,2365.2506942749023,250000.0,12
2025-06-24,HSIC-REGN,6978.839447021484,250000.0,12
2025-06-24,ISRG-STE,1867.6954040527344,250000.0,12
2025-06-24,CCL-GRMN,824.0468063354492,250000.0,12
2025-06-25,HSIC-REGN,5588.547912597656,250000.0,12
2025-06-25,ISRG-STE,2793.0860748291016,250000.0,12
2025-06-25,CCL-GRMN,-357.9577217102051,250000.0,12
2025-06-26,HSIC-REGN,4702.616119384766,250000.0,12
2025-06-26,ISRG-STE,-38.807708740234375,250000.0,12
2025-06-26,CCL-GRMN,-718.5422515869141,250000.0,12
2025-06-26,GD-ROL,0.0,250000.0,12
2025-06-27,HSIC-REGN,4286.713043212891,250000.0,12
2025-06-27,ISRG-STE,269.42291259765625,250000.0,12
2025-06-27,CCL-GRMN,-445.9537467956543,250000.0,12
2025-06-27,GD-ROL,2704.6292114257812,250000.0,12
2025-06-30,HSIC-REGN,7087.684463500977,250000.0,12
2025-06-30,ISRG-STE,1088.5462036132812,250000.0,12
2025-06-30,CCL-GRMN,-2975.5748558044434,250000.0,12
2025-06-30,GD-ROL,3112.9119567871094,250000.0,12
2025-07-01,HSIC-REGN,7181.4915771484375,250000.0,12
2025-07-01,CCL-GRMN,-1735.5733680725098,250000.0,12
2025-07-01,GD-ROL,1989.3072814941406,250000.0,12
2025-07-02,HSIC-REGN,13719.79931640625,250000.0,12
2025-07-02,GD-ROL,-2143.5240783691406,250000.0,12
2025-07-03,HSIC-REGN,12867.58723449707,250000.0,12
2025-07-03,GD-ROL,-377.3522644042969,250000.0,12
2025-07-07,HSIC-REGN,12382.26643371582,250000.0,12
2025-07-07,GD-ROL,-1234.38037109375,250000.0,12
2025-07-07,NUE-PPG,0.0,250000.0,12
2025-07-08,GD-ROL,-6117.35693359375,250000.0,12
2025-07-08,NUE-PPG,1727.1820678710938,250000.0,12
2025-07-09,GD-ROL,-7263.194641113281,250000.0,12
2025-07-09,IVZ-PNC,0.0,250000.0,12
2025-07-10,GD-ROL,-10784.689147949219,250000.0,12
2025-07-10,IVZ-PNC,-3061.2540702819824,250000.0,12
2025-07-11,IVZ-PNC,-4603.508018493652,250000.0,12
2025-07-14,IVZ-PNC,-3058.932460784912,250000.0,12
2025-07-15,IVZ-PNC,-464.24982833862305,250000.0,12
2025-07-15,AEE-ETR,0.0,250000.0,12
2025-07-16,IVZ-PNC,165.76564025878906,250000.0,12
2025-07-16,AEE-ETR,271.8727722167969,250000.0,12
2025-07-17,IVZ-PNC,-1957.9793586730957,250000.0,12
2025-07-17,AEE-ETR,-1806.1740417480469,250000.0,12
2025-07-21,URI-WAB,0.0,250000.0,12
2025-07-22,URI-WAB,635.3132934570312,250000.0,12
2025-07-22,CMG-DHI,0.0,250000.0,12
2025-07-23,URI-WAB,510.5252685546875,250000.0,12
2025-07-23,CMG-DHI,9660.136714935303,250000.0,12
2025-07-23,STX-TEL,0.0,250000.0,12
2025-07-24,CMG-DHI,-1973.2948150634766,250000.0,12
2025-07-24,STX-TEL,-4423.466491699219,250000.0,12
2025-07-24,AOS-XYL,0.0,250000.0,12
2025-07-24,LII-UNP,0.0,250000.0,12
2025-07-25,CMG-DHI,-478.7137985229492,250000.0,12
2025-07-25,STX-TEL,-8656.540390014648,250000.0,12
2025-07-25,LII-UNP,5498.7099609375,250000.0,12
2025-07-28,CMG-DHI,-6575.978382110596,250000.0,12
2025-07-28,STX-TEL,-10518.1318359375,250000.0,12
2025-07-29,CMG-DHI,-9626.7666015625,250000.0,12
2025-07-29,STX-TEL,-8872.227890014648,250000.0,12
2025-07-30,CMG-DHI,-4571.071952819824,250000.0,12
2025-07-30,STX-TEL,-9193.301986694336,250000.0,12
2025-07-30,FTV-IEX,0.0,250000.0,12
2025-07-30,CCL-GRMN,0.0,250000.0,12
2025-07-30,NUE-PPG,0.0,250000.0,12
2025-07-31,CMG-DHI,-5966.21533203125,250000.0,12
2025-07-31,STX-TEL,-1841.301742553711,250000.0,12
2025-07-31,FTV-IEX,4787.797576904297,250000.0,12
2025-07-31,CCL-GRMN,-2160.2657318115234,250000.0,12
2025-07-31,NUE-PPG,-1856.4705657958984,250000.0,12
2025-07-31,AOS-XYL,0.0,250000.0,12
2025-06-04,ED-EXC,0.0,250000.0,13
2025-06-05,ED-EXC,537.6525039672852,250000.0,13
2025-06-06,ED-EXC,294.4688186645508,250000.0,13
2025-06-09,ED-EXC,-1282.4111633300781,250000.0,13
2025-06-10,ED-EXC,659.9929962158203,250000.0,13
2025-06-11,ED-EXC,162.4757843017578,250000.0,13
2025-06-13,CFG-MTB,0.0,250000.0,13
2025-06-13,KKR-MA,0.0,250000.0,13
2025-06-16,CFG-MTB,87.33401870727539,250000.0,13
2025-06-16,KKR-MA,1546.3307723999023,250000.0,13
2025-06-16,AME-URI,0.0,250000.0,13
2025-06-17,CFG-MTB,-113.41764450073242,250000.0,13
2025-06-17,KKR-MA,3482.5178985595703,250000.0,13
2025-06-18,CFG-MTB,742.0091972351074,250000.0,13
2025-06-18,CFG-PYPL,0.0,250000.0,13
2025-06-20,CFG-PYPL,3529.0657119750977,250000.0,13
2025-06-23,CFG-PYPL,6893.763893127441,250000.0,13
2025-06-23,AIZ-L,0.0,250000.0,13
2025-06-24,AIZ-L,1297.3993606567383,250000.0,13
2025-06-30,T-TTWO,0.0,250000.0,13
2025-07-01,T-TTWO,-2087.0440921783447,250000.0,13
2025-07-01,ITW-XYL,0.0,250000.0,13
2025-07-02,T-TTWO,4361.178047180176,250000.0,13
2025-07-02,ITW-XYL,-74.7003173828125,250000.0,13
2025-07-02,IT-SWKS,0.0,250000.0,13
2025-07-03,T-TTWO,4359.675222396851,250000.0,13
2025-07-03,ITW-XYL,-1312.5413208007812,250000.0,13
2025-07-07,T-TTWO,6230.994171142578,250000.0,13
2025-07-07,ITW-XYL,601.1980285644531,250000.0,13
2025-07-08,T-TTWO,5689.174854278564,250000.0,13
2025-07-08,ITW-XYL,-2291.8236083984375,250000.0,13
2025-07-08,BAC-STT,0.0,250000.0,13
2025-07-09,ITW-XYL,-4123.226837158203,250000.0,13
2025-07-09,BAC-STT,-2168.906463623047,250000.0,13
2025-07-10,BAC-STT,-3305.51513671875,250000.0,13
2025-07-11,BAC-STT,-3142.38720703125,250000.0,13
2025-07-11,CDW-GEN,0.0,250000.0,13
2025-07-11,CFG-PYPL,0.0,250000.0,13
2025-07-14,BAC-STT,-2341.5148315429688,250000.0,13
2025-07-14,CFG-PYPL,8051.8745765686035,250000.0,13
2025-07-14,GEHC-WAT,0.0,250000.0,13
2025-07-15,GEHC-WAT,-11905.982559204102,250000.0,13
2025-07-16,GEHC-WAT,-13620.182144165039,250000.0,13
2025-07-16,CFG-MTB,0.0,250000.0,13
2025-07-17,GEHC-WAT,-8855.195358276367,250000.0,13
2025-07-17,CFG-MTB,-3742.486015319824,250000.0,13
2025-07-17,ETN-PH,0.0,250000.0,13
2025-07-18,GEHC-WAT,-16111.607681274414,250000.0,13
2025-07-18,CFG-MTB,-1972.7249794006348,250000.0,13
2025-07-18,ETN-PH,794.3840942382812,250000.0,13
2025-07-21,CFG-MTB,-3224.429775238037,250000.0,13
2025-07-21,ETN-PH,-697.34912109375,250000.0,13
2025-07-21,AME-URI,0.0,250000.0,13
2025-07-22,CFG-MTB,-3508.032470703125,250000.0,13
2025-07-22,AME-URI,1467.0194091796875,250000.0,13
2025-07-23,AME-URI,306.8001708984375,250000.0,13
2025-07-25,ESS-SPG,0.0,250000.0,13
2025-07-28,ESS-SPG,-326.72987365722656,250000.0,13
2025-07-29,ESS-SPG,1385.2764282226562,250000.0,13
2025-07-31,ITW-XYL,0.0,250000.0,13
2025-08-01,ITW-XYL,-835.1174621582031,250000.0,13
2025-08-04,ITW-XYL,-2175.347122192383,250000.0,13
2025-08-05,ITW-XYL,1841.819076538086,250000.0,13
2025-08-05,ETN-PH,0.0,250000.0,13
2025-08-06,ITW-XYL,3853.256301879883,250000.0,13
2025-08-06,AIZ-ICE,0.0,250000.0,13
2025-08-06,PH-URI,0.0,250000.0,13
2025-08-07,ITW-XYL,3087.7042388916016,250000.0,13
2025-08-07,AIZ-ICE,2376.673858642578,250000.0,13
2025-08-07,RVTY-ZBH,0.0,250000.0,13
2025-08-08,ITW-XYL,4811.702011108398,250000.0,13
2025-08-08,AIZ-ICE,-205.0494384765625,250000.0,13
2025-08-08,RVTY-ZBH,-1439.1655883789062,250000.0,13
2025-08-08,T-TTWO,0.0,250000.0,13
2025-08-08,CDW-GEN,0.0,250000.0,13
2025-08-11,ITW-XYL,4293.626510620117,250000.0,13
2025-08-11,AIZ-ICE,-1546.1210021972656,250000.0,13
2025-08-11,RVTY-ZBH,-5198.4783935546875,250000.0,13
2025-08-11,T-TTWO,5322.471389770508,250000.0,13
2025-08-11,CDW-GEN,-6570.377069473267,250000.0,13
2025-08-12,ITW-XYL,8280.551818847656,250000.0,13
2025-08-12,RVTY-ZBH,-5899.096282958984,250000.0,13
2025-08-12,CDW-GEN,-9870.826328277588,250000.0,13
2025-08-13,CDW-GEN,-7547.302101135254,250000.0,13
2025-08-14,CDW-GEN,-4189.666591644287,250000.0,13
2025-08-15,CDW-GEN,-7178.180795669556,250000.0,13
2025-08-18,CDW-GEN,-4423.241291046143,250000.0,13
2025-08-19,CDW-GEN,-3017.7695178985596,250000.0,13
2025-08-20,CDW-GEN,-3477.008659362793,250000.0,13
2025-08-21,CDW-GEN,-5302.70525932312,250000.0,13
2025-08-22,CDW-GEN,-4502.857116699219,250000.0,13
2025-07-01,DXCM-SOLV,0.0,250000.0,14
2025-07-01,ABT-PFE,0.0,250000.0,14
2025-07-02,DXCM-SOLV,-1155.241958618164,250000.0,14
2025-07-02,ABT-PFE,-5494.089820861816,250000.0,14
2025-07-03,DXCM-SOLV,-2558.0933685302734,250000.0,14
2025-07-03,ABT-PFE,-5678.8698806762695,250000.0,14
2025-07-07,DXCM-SOLV,4703.495460510254,250000.0,14
2025-07-07,ABT-PFE,-5210.052574157715,250000.0,14
2025-07-11,BNY-XYZ,0.0,250000.0,14
2025-07-15,GDDY-IT,0.0,250000.0,14
2025-07-16,GDDY-IT,2209.5389709472656,250000.0,14
2025-07-17,GDDY-IT,644.6852111816406,250000.0,14
2025-07-17,GDDY-WDAY,0.0,250000.0,14
2025-07-17,ABT-INCY,0.0,250000.0,14
2025-07-18,GDDY-IT,-4032.8109130859375,250000.0,14
2025-07-18,GDDY-WDAY,-1502.972427368164,250000.0,14
2025-07-18,ABT-INCY,14886.821502685547,250000.0,14
2025-07-21,GDDY-IT,-5346.275970458984,250000.0,14
2025-07-21,GDDY-WDAY,-2677.8931274414062,250000.0,14
2025-07-21,ABT-INCY,19231.125442504883,250000.0,14
2025-07-21,NDAQ-XYZ,0.0,250000.0,14
2025-07-22,GDDY-IT,-4056.565673828125,250000.0,14
2025-07-22,GDDY-WDAY,-6712.890121459961,250000.0,14
2025-07-22,ABT-INCY,18267.5818939209,250000.0,14
2025-07-22,NDAQ-XYZ,-4679.805564880371,250000.0,14
2025-07-22,LMT-WM,0.0,250000.0,14
2025-07-23,GDDY-IT,-369.26336669921875,250000.0,14
2025-07-23,ABT-INCY,12124.211669921875,250000.0,14
2025-07-23,NDAQ-XYZ,-7881.797607421875,250000.0,14
2025-07-23,LMT-WM,1202.1561889648438,250000.0,14
2025-07-23,CRM-GDDY,0.0,250000.0,14
2025-07-24,GDDY-IT,-656.6871643066406,250000.0,14
2025-07-24,ABT-INCY,12189.823776245117,250000.0,14
2025-07-24,NDAQ-XYZ,6554.5593338012695,250000.0,14
2025-07-24,LMT-WM,-1224.5483703613281,250000.0,14
2025-07-24,CRM-GDDY,-1543.786849975586,250000.0,14
2025-07-25,GDDY-IT,67.26348876953125,250000.0,14
2025-07-25,ABT-INCY,16365.952056884766,250000.0,14
2025-07-25,NDAQ-XYZ,7212.994697570801,250000.0,14
2025-07-25,LMT-WM,-22.79705810546875,250000.0,14
2025-07-25,CRM-GDDY,-2868.063507080078,250000.0,14
2025-07-28,GDDY-IT,-2909.176483154297,250000.0,14
2025-07-28,ABT-INCY,15851.281921386719,250000.0,14
2025-07-28,NDAQ-XYZ,8599.692100524902,250000.0,14
2025-07-28,LMT-WM,1970.77587890625,250000.0,14
2025-07-28,CRM-GDDY,-3447.3368072509766,250000.0,14
2025-07-29,GDDY-IT,-3167.7615661621094,250000.0,14
2025-07-29,ABT-INCY,-4565.276412963867,250000.0,14
2025-07-29,LMT-WM,-6784.781311035156,250000.0,14
2025-07-29,CRM-GDDY,-3226.5392303466797,250000.0,14
2025-07-30,ABT-INCY,-3306.9393615722656,250000.0,14
2025-07-30,LMT-WM,-3820.1411743164062,250000.0,14
2025-07-30,CRM-GDDY,-3412.9388427734375,250000.0,14
2025-07-30,DXCM-PODD,0.0,250000.0,14
2025-07-31,ABT-INCY,-1855.1432800292969,250000.0,14
2025-07-31,LMT-WM,487.0872497558594,250000.0,14
2025-07-31,CRM-GDDY,-2963.9380645751953,250000.0,14
2025-08-01,LMT-WM,803.2843933105469,250000.0,14
2025-08-01,AIZ-V,0.0,250000.0,14
2025-08-04,LMT-WM,-297.02166748046875,250000.0,14
2025-08-04,AIZ-V,627.33203125,250000.0,14
2025-08-04,DXCM-SOLV,0.0,250000.0,14
2025-08-05,LMT-WM,1765.0623779296875,250000.0,14
2025-08-05,AIZ-V,-2815.83056640625,250000.0,14
2025-08-05,DXCM-SOLV,1877.832176208496,250000.0,14
2025-08-05,GDDY-IT,0.0,250000.0,14
2025-08-06,LMT-WM,1547.1296691894531,250000.0,14
2025-08-06,DXCM-SOLV,2374.6567916870117,250000.0,14
2025-08-06,GDDY-IT,-3686.402099609375,250000.0,14
2025-08-07,DXCM-SOLV,4491.346168518066,250000.0,14
2025-08-07,GDDY-IT,-6663.5682373046875,250000.0,14
2025-08-08,DXCM-SOLV,2126.1968841552734,250000.0,14
2025-08-08,GDDY-WDAY,0.0,250000.0,14
2025-08-08,GDDY-ROP,0.0,250000.0,14
2025-08-08,CRM-GDDY,0.0,250000.0,14
2025-08-13,ABT-INCY,0.0,250000.0,14
2025-08-14,ABT-INCY,-1073.7390899658203,250000.0,14
2025-08-15,ABT-INCY,233.0602569580078,250000.0,14
2025-08-18,ABT-INCY,3947.981475830078,250000.0,14
2025-08-19,ABT-INCY,3772.0406036376953,250000.0,14
2025-08-20,ABT-INCY,3313.0128631591797,250000.0,14
2025-09-04,AEP-ETR,0.0,250000.0,14
2025-09-05,AEP-ETR,119.77946472167969,250000.0,14
2025-09-08,AEP-ETR,1566.176742553711,250000.0,14
2025-09-09,AEP-ETR,2735.6287002563477,250000.0,14
2025-09-09,BEN-GS,0.0,250000.0,14
2025-09-10,AEP-ETR,-1359.0321426391602,250000.0,14
2025-09-10,BEN-GS,-4750.772277832031,250000.0,14
2025-09-11,BEN-GS,-3313.194854736328,250000.0,14
2025-09-12,BEN-GS,-4342.198013305664,250000.0,14
2025-09-15,BEN-GS,-9780.92603302002,250000.0,14
2025-09-16,BEN-GS,-10772.358489990234,250000.0,14
2025-09-18,NDAQ-XYZ,0.0,250000.0,14
2025-09-19,NDAQ-XYZ,4503.659507751465,250000.0,14
2025-09-22,NDAQ-XYZ,5027.022911071777,250000.0,14
2025-09-23,NDAQ-XYZ,590.0735626220703,250000.0,14
2025-09-24,NDAQ-XYZ,-5523.5035400390625,250000.0,14
2025-09-25,NDAQ-XYZ,1512.5795288085938,250000.0,14
2025-09-26,NDAQ-XYZ,5339.112129211426,250000.0,14
2025-09-29,NDAQ-XYZ,5619.097877502441,250000.0,14
2025-09-30,NDAQ-XYZ,14435.02572631836,250000.0,14
2025-08-01,ACGL-MRSH,0.0,250000.0,15
2025-08-01,CME-USB,0.0,250000.0,15
2025-08-04,ACGL-MRSH,-132.3054428100586,250000.0,15
2025-08-04,CME-USB,-5300.148529052734,250000.0,15
2025-08-05,ACGL-MRSH,1139.4366455078125,250000.0,15
2025-08-05,CME-USB,-1349.5702362060547,250000.0,15
2025-08-05,AOS-TDG,0.0,250000.0,15
2025-08-06,ACGL-MRSH,1606.959846496582,250000.0,15
2025-08-06,CME-USB,2097.2435150146484,250000.0,15
2025-08-06,AOS-TDG,-3650.2579193115234,250000.0,15
2025-08-07,ACGL-MRSH,3992.862030029297,250000.0,15
2025-08-07,CME-USB,612.736328125,250000.0,15
2025-08-07,AOS-TDG,1041.484375,250000.0,15
2025-08-08,ACGL-MRSH,4551.925994873047,250000.0,15
2025-08-08,CME-USB,3397.3636474609375,250000.0,15
2025-08-08,AOS-TDG,-6660.113128662109,250000.0,15
2025-08-11,ACGL-MRSH,494.84195709228516,250000.0,15
2025-08-11,CME-USB,-2793.6039276123047,250000.0,15
2025-08-11,AOS-TDG,-2074.3514556884766,250000.0,15
2025-08-12,AOS-TDG,-4822.3079833984375,250000.0,15
2025-08-13,AOS-TDG,-10683.145278930664,250000.0,15
2025-08-13,MAS-VLTO,0.0,250000.0,15
2025-08-14,AOS-TDG,-8853.676239013672,250000.0,15
2025-08-14,MAS-VLTO,-1214.720687866211,250000.0,15
2025-08-15,AOS-TDG,-12081.670028686523,250000.0,15
2025-08-15,MAS-VLTO,-1961.2020111083984,250000.0,15
2025-08-18,AOS-TDG,-11462.905883789062,250000.0,15
2025-08-18,MAS-VLTO,-1734.7769012451172,250000.0,15
2025-08-19,AOS-TDG,-12589.760223388672,250000.0,15
2025-08-19,MAS-VLTO,-3231.6377868652344,250000.0,15
2025-08-20,MAS-VLTO,3420.892333984375,250000.0,15
2025-08-21,MAS-VLTO,4723.55305480957,250000.0,15
2025-08-22,MAS-VLTO,-4461.886459350586,250000.0,15
2025-08-25,MAS-VLTO,-5461.4227294921875,250000.0,15
2025-08-26,MAS-VLTO,-4762.322052001953,250000.0,15
2025-08-27,MAS-VLTO,-5092.025161743164,250000.0,15
2025-09-02,DG-KHC,0.0,250000.0,15
2025-09-11,MAS-VLTO,0.0,250000.0,15
2025-09-11,INCY-WST,0.0,250000.0,15
2025-09-12,MAS-VLTO,-2387.1789932250977,250000.0,15
2025-09-12,INCY-WST,5203.258331298828,250000.0,15
2025-09-15,MAS-VLTO,158.15148162841797,250000.0,15
2025-09-15,INCY-WST,1445.221923828125,250000.0,15
2025-09-16,MAS-VLTO,2788.175018310547,250000.0,15
2025-09-16,INCY-WST,1781.264404296875,250000.0,15
2025-09-17,MAS-VLTO,1000.2018356323242,250000.0,15
2025-09-17,INCY-WST,4718.342956542969,250000.0,15
2025-09-18,MAS-VLTO,1100.306022644043,250000.0,15
2025-09-19,MAS-VLTO,265.1639633178711,250000.0,15
2025-09-22,MAS-VLTO,800.5703964233398,250000.0,15
2025-09-23,MAS-VLTO,2666.839210510254,250000.0,15
2025-09-23,CSX-J,0.0,250000.0,15
2025-09-24,MAS-VLTO,2117.0408325195312,250000.0,15
2025-09-24,CSX-J,961.0060729980469,250000.0,15
2025-09-25,MAS-VLTO,2966.1175689697266,250000.0,15
2025-09-25,CSX-J,-771.2848815917969,250000.0,15
2025-09-26,MAS-VLTO,2581.31201171875,250000.0,15
2025-09-26,CSX-J,392.89459228515625,250000.0,15
2025-09-29,MAS-VLTO,909.5694351196289,250000.0,15
2025-10-06,DG-MO,0.0,250000.0,15
2025-10-23,INCY-WST,0.0,250000.0,15
2025-10-24,INCY-WST,11391.3583984375,250000.0,15
2025-10-29,DG-PEP,0.0,250000.0,15
2025-10-30,DG-PEP,2123.4274826049805,250000.0,15
2025-10-31,DG-PEP,-1077.369613647461,250000.0,15
2025-09-02,EFX-OTIS,0.0,250000.0,16
2025-09-02,NFLX-TTWO,0.0,250000.0,16
2025-09-03,EFX-OTIS,3917.5790939331055,250000.0,16
2025-09-03,NFLX-TTWO,3301.8997192382812,250000.0,16
2025-09-04,EFX-OTIS,4758.1405029296875,250000.0,16
2025-09-04,NFLX-TTWO,4387.881271362305,250000.0,16
2025-09-05,NFLX-TTWO,4109.735061645508,250000.0,16
2025-09-08,NFLX-TTWO,-5238.616775512695,250000.0,16
2025-09-08,OTIS-WAB,0.0,250000.0,16
2025-09-09,NFLX-TTWO,-2546.5195922851562,250000.0,16
2025-09-09,OTIS-WAB,-2154.2876205444336,250000.0,16
2025-09-10,NFLX-TTWO,-45.925628662109375,250000.0,16
2025-09-10,OTIS-WAB,-2166.4598846435547,250000.0,16
2025-09-11,NFLX-TTWO,-6794.170562744141,250000.0,16
2025-09-11,OTIS-WAB,-1553.3511123657227,250000.0,16
2025-09-12,NFLX-TTWO,-7919.44873046875,250000.0,16
2025-09-12,OTIS-WAB,-5443.430549621582,250000.0,16
2025-09-15,NFLX-TTWO,-7647.008041381836,250000.0,16
2025-09-15,HII-LHX,0.0,250000.0,16
2025-09-16,NFLX-TTWO,-8309.259307861328,250000.0,16
2025-09-16,HII-LHX,-1977.1072998046875,250000.0,16
2025-09-17,HII-LHX,-411.3087158203125,250000.0,16
2025-09-18,HII-LHX,561.2023315429688,250000.0,16
2025-09-18,JBHT-WAB,0.0,250000.0,16
2025-09-19,HII-LHX,-167.4642333984375,250000.0,16
2025-09-19,JBHT-WAB,-1120.5197296142578,250000.0,16
2025-09-19,EXR-INVH,0.0,250000.0,16
2025-09-22,HII-LHX,301.0730895996094,250000.0,16
2025-09-22,EXR-INVH,-1579.1631031036377,250000.0,16
2025-09-22,OTIS-WAB,0.0,250000.0,16
2025-09-23,HII-LHX,-1474.1051330566406,250000.0,16
2025-09-23,EXR-INVH,-1659.5752124786377,250000.0,16
2025-09-23,OTIS-WAB,3956.8967666625977,250000.0,16
2025-09-24,HII-LHX,1640.51806640625,250000.0,16
2025-09-24,EXR-INVH,957.8345642089844,250000.0,16
2025-09-24,NFLX-TTWO,0.0,250000.0,16
2025-09-25,EXR-INVH,1208.5614051818848,250000.0,16
2025-09-25,NFLX-TTWO,483.09156799316406,250000.0,16
2025-09-25,HII-NOC,0.0,250000.0,16
2025-09-25,EFX-OTIS,0.0,250000.0,16
2025-09-26,EXR-INVH,2231.6278190612793,250000.0,16
2025-09-26,HII-NOC,3447.1607666015625,250000.0,16
2025-09-26,EFX-OTIS,-100.9549560546875,250000.0,16
2025-09-29,EFX-OTIS,-1310.4004211425781,250000.0,16
2025-09-30,EFX-OTIS,-751.8403396606445,250000.0,16
2025-10-01,EFX-OTIS,-6069.108177185059,250000.0,16
2025-10-01,BSX-TECH,0.0,250000.0,16
2025-10-01,HSIC-RVTY,0.0,250000.0,16
2025-10-02,HSIC-RVTY,3064.4971466064453,250000.0,16
2025-10-03,HSIC-RVTY,1234.1366729736328,250000.0,16
2025-10-06,HSIC-RVTY,-2114.2012939453125,250000.0,16
2025-10-07,HSIC-RVTY,-2209.8018188476562,250000.0,16
2025-10-08,HSIC-RVTY,-4573.816101074219,250000.0,16
2025-10-09,HSIC-RVTY,-5110.3489990234375,250000.0,16
2025-10-10,HSIC-RVTY,-3245.296859741211,250000.0,16
2025-10-13,HSIC-RVTY,-11462.513229370117,250000.0,16
2025-10-14,HSIC-RVTY,-9860.297500610352,250000.0,16
2025-10-15,HSIC-RVTY,-13261.924880981445,250000.0,16
2025-10-16,EXR-UDR,0.0,250000.0,16
2025-10-16,JBHT-ODFL,0.0,250000.0,16
2025-10-16,JBHT-WAB,0.0,250000.0,16
2025-10-17,EXR-UDR,1767.2866287231445,250000.0,16
2025-10-17,JBHT-ODFL,9095.578994750977,250000.0,16
2025-10-17,JBHT-WAB,4882.533477783203,250000.0,16
2025-10-20,EXR-UDR,3028.916820526123,250000.0,16
2025-10-20,JBHT-ODFL,12679.625076293945,250000.0,16
2025-10-20,JBHT-WAB,6858.209487915039,250000.0,16
2025-10-21,JBHT-ODFL,12479.612808227539,250000.0,16
2025-10-21,JBHT-WAB,6190.569732666016,250000.0,16
2025-10-22,JBHT-ODFL,7312.510787963867,250000.0,16
2025-10-22,JBHT-WAB,689.8087310791016,250000.0,16
2025-10-23,JBHT-ODFL,1464.757568359375,250000.0,16
2025-10-24,JBHT-ODFL,5113.842880249023,250000.0,16
2025-10-24,MCO-NDAQ,0.0,250000.0,16
2025-10-24,HII-NOC,0.0,250000.0,16
2025-10-24,HII-LHX,0.0,250000.0,16
2025-10-27,MCO-NDAQ,-1171.8591766357422,250000.0,16
2025-10-27,HII-NOC,-5696.677734375,250000.0,16
2025-10-27,HII-LHX,-3113.8543090820312,250000.0,16
2025-10-28,MCO-NDAQ,-1326.6168518066406,250000.0,16
2025-10-28,HII-NOC,-3594.5424194335938,250000.0,16
2025-10-28,HII-LHX,-4370.897216796875,250000.0,16
2025-10-28,ODFL-UPS,0.0,250000.0,16
2025-10-28,EG-USB,0.0,250000.0,16
2025-10-29,MCO-NDAQ,1036.9886627197266,250000.0,16
2025-10-29,HII-NOC,-7043.72802734375,250000.0,16
2025-10-29,HII-LHX,-4255.8187255859375,250000.0,16
2025-10-29,ODFL-UPS,-2630.016067504883,250000.0,16
2025-10-29,EG-USB,6013.838363647461,250000.0,16
2025-10-29,CARR-RSG,0.0,250000.0,16
2025-10-29,EFX-OTIS,0.0,250000.0,16
2025-10-30,MCO-NDAQ,-1924.4279479980469,250000.0,16
2025-10-30,ODFL-UPS,5323.495346069336,250000.0,16
2025-10-30,EG-USB,4796.605453491211,250000.0,16
2025-10-30,CARR-RSG,1625.3828735351562,250000.0,16
2025-10-30,EFX-OTIS,682.6388092041016,250000.0,16
2025-10-30,CPT-EXR,0.0,250000.0,16
2025-10-30,HSIC-RVTY,0.0,250000.0,16
2025-10-31,MCO-NDAQ,-3070.8006134033203,250000.0,16
2025-10-31,ODFL-UPS,7129.780792236328,250000.0,16
2025-10-31,EG-USB,8797.40544128418,250000.0,16
2025-10-31,CARR-RSG,-1149.3402099609375,250000.0,16
2025-10-31,EFX-OTIS,-265.7889099121094,250000.0,16
2025-10-31,CPT-EXR,-2435.51318359375,250000.0,16
2025-10-31,HSIC-RVTY,6485.3842697143555,250000.0,16
2025-11-03,MCO-NDAQ,-3355.8116912841797,250000.0,16
2025-11-03,ODFL-UPS,8276.815231323242,250000.0,16
2025-11-03,EG-USB,8482.629531860352,250000.0,16
2025-11-03,CARR-RSG,-2679.332305908203,250000.0,16
2025-11-03,CPT-EXR,-7163.840797424316,250000.0,16
2025-11-03,HSIC-RVTY,2032.2246856689453,250000.0,16
2025-11-04,MCO-NDAQ,-5581.4853515625,250000.0,16
2025-11-04,EG-USB,11992.257995605469,250000.0,16
2025-11-04,CARR-RSG,619.7658386230469,250000.0,16
2025-11-04,CPT-EXR,-7834.184020996094,250000.0,16
2025-11-05,MCO-NDAQ,-5957.044281005859,250000.0,16
2025-11-05,EG-USB,12893.023941040039,250000.0,16
2025-11-05,CARR-RSG,-83.40884399414062,250000.0,16
2025-11-05,CPT-EXR,-5207.492965698242,250000.0,16
2025-11-06,MCO-NDAQ,-2048.605422973633,250000.0,16
2025-11-06,EG-USB,10905.304904937744,250000.0,16
2025-11-06,CARR-RSG,-2355.1162109375,250000.0,16
2025-11-06,CPT-EXR,-6888.111915588379,250000.0,16
2025-11-07,MCO-NDAQ,-1969.766357421875,250000.0,16
2025-11-07,EG-USB,12277.31120300293,250000.0,16
2025-11-07,CARR-RSG,-1884.8897705078125,250000.0,16
2025-11-07,CPT-EXR,-4861.734039306641,250000.0,16
2025-11-10,MCO-NDAQ,1196.5320892333984,250000.0,16
2025-11-10,EG-USB,12361.40205001831,250000.0,16
2025-11-10,CARR-RSG,-3411.446075439453,250000.0,16
2025-11-10,CPT-EXR,-10304.52978515625,250000.0,16
2025-11-11,EG-USB,9680.52033996582,250000.0,16
2025-11-11,CARR-RSG,601.7694396972656,250000.0,16
2025-11-11,CPT-EXR,-4924.125732421875,250000.0,16
2025-11-12,EG-USB,8607.066802978516,250000.0,16
2025-11-12,CARR-RSG,-556.0594177246094,250000.0,16
2025-11-12,CPT-EXR,-6577.28645324707,250000.0,16
2025-11-13,EG-USB,13127.682312011719,250000.0,16
2025-11-13,CARR-RSG,1488.1272583007812,250000.0,16
2025-11-13,CPT-EXR,-7145.345306396484,250000.0,16
2025-11-14,CARR-RSG,7268.385009765625,250000.0,16
2025-11-17,EG-USB,0.0,250000.0,16
2025-11-18,EG-USB,2546.7603454589844,250000.0,16
2025-11-21,EXR-UDR,0.0,250000.0,16
2025-11-24,EXR-UDR,-1361.9097747802734,250000.0,16
2025-11-25,EXR-UDR,-2555.7345962524414,250000.0,16
2025-11-26,EXR-UDR,-1730.01953125,250000.0,16
2025-11-28,EXR-UDR,-4164.846778869629,250000.0,16
2025-10-01,IDXX-VTRS,0.0,250000.0,17
2025-10-01,FIS-ICE,0.0,250000.0,17
2025-10-01,DG-KO,0.0,250000.0,17
2025-10-01,HPE-KLAC,0.0,250000.0,17
2025-10-02,IDXX-VTRS,2964.425672531128,250000.0,17
2025-10-02,FIS-ICE,-2505.109130859375,250000.0,17
2025-10-02,HPE-KLAC,-4823.674575805664,250000.0,17
2025-10-03,IDXX-VTRS,314.51377391815186,250000.0,17
2025-10-03,FIS-ICE,-183.516845703125,250000.0,17
2025-10-03,HPE-KLAC,3245.1783714294434,250000.0,17
2025-10-06,IDXX-VTRS,941.7859678268433,250000.0,17
2025-10-06,HPE-KLAC,-3185.0505409240723,250000.0,17
2025-10-07,IDXX-VTRS,568.0380411148071,250000.0,17
2025-10-08,IDXX-VTRS,5442.792243003845,250000.0,17
2025-10-09,IDXX-VTRS,4654.958690643311,250000.0,17
2025-10-10,IDXX-VTRS,7673.903408050537,250000.0,17
2025-10-15,JCI-NDSN,0.0,250000.0,17
2025-10-16,JCI-NDSN,2864.574531555176,250000.0,17
2025-10-16,EMR-JBHT,0.0,250000.0,17
2025-10-17,EMR-JBHT,7359.380828857422,250000.0,17
2025-10-20,EMR-JBHT,7520.100280761719,250000.0,17
2025-10-21,EMR-JBHT,4253.93603515625,250000.0,17
2025-10-21,DG-KO,0.0,250000.0,17
2025-10-22,EMR-JBHT,2791.6791381835938,250000.0,17
2025-10-22,DG-KO,-363.0514373779297,250000.0,17
2025-10-23,EMR-JBHT,8607.940338134766,250000.0,17
2025-10-23,DG-KO,2139.730781555176,250000.0,17
2025-10-24,EMR-JBHT,10484.245971679688,250000.0,17
2025-10-24,DG-KO,2013.332664489746,250000.0,17
2025-10-27,EMR-JBHT,8400.164916992188,250000.0,17
2025-10-27,DG-KO,1513.1491622924805,250000.0,17
2025-10-28,EMR-JBHT,10245.579803466797,250000.0,17
2025-10-28,DG-KO,368.41551971435547,250000.0,17
2025-10-29,EMR-JBHT,8796.754180908203,250000.0,17
2025-10-29,DG-KO,4844.791732788086,250000.0,17
2025-10-30,EMR-JBHT,12500.754425048828,250000.0,17
2025-10-30,DG-KO,2325.256965637207,250000.0,17
2025-10-31,EMR-JBHT,12066.059753417969,250000.0,17
2025-10-31,DG-KO,1747.0204620361328,250000.0,17
2025-11-03,EMR-JBHT,11228.871551513672,250000.0,17
2025-11-03,DG-KO,5487.5980224609375,250000.0,17
2025-11-03,IDXX-VTRS,0.0,250000.0,17
2025-11-04,EMR-JBHT,4606.4085693359375,250000.0,17
2025-11-04,DG-KO,3625.923385620117,250000.0,17
2025-11-04,IDXX-VTRS,-781.5517244338989,250000.0,17
2025-11-05,EMR-JBHT,2670.905548095703,250000.0,17
2025-11-05,DG-KO,4936.771194458008,250000.0,17
2025-11-05,IDXX-VTRS,5782.727016448975,250000.0,17
2025-11-06,EMR-JBHT,3478.6226501464844,250000.0,17
2025-11-06,IDXX-VTRS,-8085.344647407532,250000.0,17
2025-11-07,IDXX-VTRS,-6763.479984283447,250000.0,17
2025-11-10,IDXX-VTRS,-5810.134037971497,250000.0,17
2025-11-17,CINF-NTRS,0.0,250000.0,17
2025-11-18,CINF-NTRS,3740.849319458008,250000.0,17
2025-11-20,LDOS-UBER,0.0,250000.0,17
2025-11-21,LDOS-UBER,1145.0779342651367,250000.0,17
2025-11-21,DG-KO,0.0,250000.0,17
2025-11-21,JCI-NDSN,0.0,250000.0,17
2025-11-24,LDOS-UBER,457.0534973144531,250000.0,17
2025-11-24,DG-KO,1230.0216979980469,250000.0,17
2025-11-24,JCI-NDSN,1196.7608489990234,250000.0,17
2025-11-24,EVRG-XEL,0.0,250000.0,17
2025-11-25,LDOS-UBER,-1715.1349792480469,250000.0,17
2025-11-25,DG-KO,2114.7191314697266,250000.0,17
2025-11-25,JCI-NDSN,-3941.3424758911133,250000.0,17
2025-11-25,EVRG-XEL,2248.0188751220703,250000.0,17
2025-11-26,LDOS-UBER,4720.888870239258,250000.0,17
2025-11-26,DG-KO,2812.2522583007812,250000.0,17
2025-11-26,JCI-NDSN,-1727.920181274414,250000.0,17
2025-11-26,EVRG-XEL,2714.1115188598633,250000.0,17
2025-11-28,LDOS-UBER,10016.268409729004,250000.0,17
2025-11-28,DG-KO,2251.7552642822266,250000.0,17
2025-11-28,JCI-NDSN,-1341.474983215332,250000.0,17
2025-12-01,LDOS-UBER,8348.487342834473,250000.0,17
2025-12-01,JCI-NDSN,-81.6275863647461,250000.0,17
2025-12-02,LDOS-UBER,11972.738319396973,250000.0,17
2025-12-02,JCI-NDSN,-1300.834701538086,250000.0,17
2025-12-03,JCI-NDSN,-4707.282661437988,250000.0,17
2025-12-04,JCI-NDSN,-4537.397613525391,250000.0,17
2025-12-04,ELV-LH,0.0,250000.0,17
2025-12-05,JCI-NDSN,-5059.70817565918,250000.0,17
2025-12-05,ELV-LH,-2787.5541381835938,250000.0,17
2025-12-08,JCI-NDSN,584.2875823974609,250000.0,17
2025-12-08,ELV-LH,-1283.2842102050781,250000.0,17
2025-12-09,JCI-NDSN,2561.054718017578,250000.0,17
2025-12-09,ELV-LH,-2951.3460998535156,250000.0,17
2025-12-10,ELV-LH,-1006.5309448242188,250000.0,17
2025-12-11,ELV-LH,-1481.9041442871094,250000.0,17
2025-12-11,HAS-TPR,0.0,250000.0,17
2025-12-12,ELV-LH,-1822.148681640625,250000.0,17
2025-12-12,HAS-TPR,4603.108360290527,250000.0,17
2025-12-15,ELV-LH,-2892.8345642089844,250000.0,17
2025-12-15,HAS-TPR,4608.050941467285,250000.0,17
2025-12-16,HAS-TPR,6755.355819702148,250000.0,17
2025-12-17,HAS-TPR,7002.376121520996,250000.0,17
2025-12-22,ON-TYL,0.0,250000.0,17
2025-12-23,ON-TYL,2304.5210342407227,250000.0,17
2025-12-24,ON-TYL,3560.9331245422363,250000.0,17
2025-12-26,ON-TYL,3886.710262298584,250000.0,17
2025-12-29,ON-TYL,5198.598106384277,250000.0,17
2025-12-30,ON-TYL,6316.404624938965,250000.0,17
