date,pair,mark_pnl,target_notional,fold_id
2024-03-04,MCO-SPGI,0.0,250000.0,0
2024-03-05,MCO-SPGI,-1837.49267578125,250000.0,0
2024-03-05,PCAR-PH,0.0,250000.0,0
2024-03-06,MCO-SPGI,-3711.5152587890625,250000.0,0
2024-03-06,PCAR-PH,-1602.7707061767578,250000.0,0
2024-03-08,ES-NEE,0.0,250000.0,0
2024-03-11,ES-NEE,703.8183937072754,250000.0,0
2024-03-12,ES-NEE,2397.3709030151367,250000.0,0
2024-03-19,CDNS-WDC,0.0,250000.0,0
2024-03-20,CDNS-WDC,-2288.689769744873,250000.0,0
2024-03-21,CDNS-WDC,3110.855381011963,250000.0,0
2024-03-21,IBM-WDC,0.0,250000.0,0
2024-03-22,CDNS-WDC,4019.740909576416,250000.0,0
2024-03-22,IBM-WDC,-2298.209671020508,250000.0,0
2024-03-25,IBM-WDC,-9304.44937133789,250000.0,0
2024-04-02,MO-PEP,0.0,250000.0,0
2024-04-03,MO-PEP,-1366.533302307129,250000.0,0
2024-04-03,PCAR-PH,0.0,250000.0,0
2024-04-04,MO-PEP,-536.8525924682617,250000.0,0
2024-04-04,PCAR-PH,1493.6807556152344,250000.0,0
2024-04-05,MO-PEP,-1457.912712097168,250000.0,0
2024-04-05,PCAR-PH,-564.4693298339844,250000.0,0
2024-04-08,MO-PEP,-1275.3891487121582,250000.0,0
2024-04-08,PCAR-PH,278.8357696533203,250000.0,0
2024-04-09,MO-PEP,3.964599609375,250000.0,0
2024-04-09,PCAR-PH,-3361.204818725586,250000.0,0
2024-04-10,MO-PEP,-1779.3072471618652,250000.0,0
2024-04-10,PCAR-PH,-1524.1353912353516,250000.0,0
2024-04-10,HBAN-PNC,0.0,250000.0,0
2024-04-11,MO-PEP,-2269.2499046325684,250000.0,0
2024-04-11,PCAR-PH,-1387.4073791503906,250000.0,0
2024-04-11,HBAN-PNC,-367.77976989746094,250000.0,0
2024-04-11,CDNS-IBM,0.0,250000.0,0
2024-04-12,MO-PEP,-2085.6763229370117,250000.0,0
2024-04-12,PCAR-PH,-171.235595703125,250000.0,0
2024-04-12,HBAN-PNC,-1134.531873703003,250000.0,0
2024-04-12,CDNS-IBM,-1140.3807830810547,250000.0,0
2024-04-12,ICE-JPM,0.0,250000.0,0
2024-04-15,PCAR-PH,2697.5867767333984,250000.0,0
2024-04-15,HBAN-PNC,-2230.68239402771,250000.0,0
2024-04-15,CDNS-IBM,1263.470230102539,250000.0,0
2024-04-15,ICE-JPM,6326.287399291992,250000.0,0
2024-04-16,PCAR-PH,1533.2848510742188,250000.0,0
2024-04-16,ICE-JPM,4783.9272537231445,250000.0,0
2024-04-17,PCAR-PH,379.65306091308594,250000.0,0
2024-04-17,ICE-JPM,2071.9619522094727,250000.0,0
2024-04-18,ICE-JPM,3178.6065216064453,250000.0,0
2024-04-18,V-WFC,0.0,250000.0,0
2024-04-18,MO-PEP,0.0,250000.0,0
2024-04-19,V-WFC,-9246.902084350586,250000.0,0
2024-04-19,MO-PEP,-1454.1469192504883,250000.0,0
2024-04-19,AIZ-CBOE,0.0,250000.0,0
2024-04-19,IBM-WDC,0.0,250000.0,0
2024-04-22,V-WFC,-8597.527828216553,250000.0,0
2024-04-22,MO-PEP,-4077.885639190674,250000.0,0
2024-04-22,AIZ-CBOE,1599.4530944824219,250000.0,0
2024-04-22,IBM-WDC,3214.513168334961,250000.0,0
2024-04-23,V-WFC,-5235.190372467041,250000.0,0
2024-04-23,CDNS-WDC,0.0,250000.0,0
2024-04-24,V-WFC,-2417.432346343994,250000.0,0
2024-04-24,CDNS-WDC,-4158.785614013672,250000.0,0
2024-04-24,TXN-ZBRA,0.0,250000.0,0
2024-04-25,V-WFC,644.8738861083984,250000.0,0
2024-04-25,CDNS-WDC,-4540.975494384766,250000.0,0
2024-04-25,TXN-ZBRA,12447.694152832031,250000.0,0
2024-04-26,V-WFC,-234.11405563354492,250000.0,0
2024-04-26,CDNS-WDC,-4279.640960693359,250000.0,0
2024-04-26,TXN-ZBRA,11326.657196044922,250000.0,0
2024-04-29,V-WFC,-3803.152561187744,250000.0,0
2024-04-29,CDNS-WDC,1190.5040283203125,250000.0,0
2024-04-29,TXN-ZBRA,9518.06021118164,250000.0,0
2024-04-30,V-WFC,-6626.01110458374,250000.0,0
2024-04-30,CDNS-WDC,-11449.510986328125,250000.0,0
2024-05-01,V-WFC,-9420.461463928223,250000.0,0
2024-05-01,CDNS-WDC,-11749.344116210938,250000.0,0
2024-05-02,CDNS-WDC,-6397.758483886719,250000.0,0
2024-05-02,AIZ-CBOE,0.0,250000.0,0
2024-05-03,CDNS-WDC,-3856.5693969726562,250000.0,0
2024-05-03,ES-NEE,0.0,250000.0,0
2024-05-06,CDNS-WDC,-4996.35595703125,250000.0,0
2024-05-06,ES-NEE,-4890.925910949707,250000.0,0
2024-05-07,CDNS-WDC,-2565.1482849121094,250000.0,0
2024-05-07,ES-NEE,-2832.4323806762695,250000.0,0
2024-05-07,MTB-SCHW,0.0,250000.0,0
2024-05-08,ES-NEE,-6444.907409667969,250000.0,0
2024-05-08,MTB-SCHW,-3545.4603881835938,250000.0,0
2024-05-23,EXPD-SNA,0.0,250000.0,0
2024-05-23,PCAR-PH,0.0,250000.0,0
2024-05-24,EXPD-SNA,-50.081085205078125,250000.0,0
2024-05-24,PCAR-PH,738.0022888183594,250000.0,0
2024-05-28,EXPD-SNA,-1955.9973449707031,250000.0,0
2024-05-28,PCAR-PH,1311.647361755371,250000.0,0
2024-05-28,MO-PEP,0.0,250000.0,0
2024-05-29,PCAR-PH,3629.4601135253906,250000.0,0
2024-05-29,MO-PEP,-2287.2679138183594,250000.0,0
2024-05-30,PCAR-PH,3496.3875274658203,250000.0,0
2024-05-30,MO-PEP,-4066.9792556762695,250000.0,0
2024-05-31,PCAR-PH,4320.455261230469,250000.0,0
2024-05-31,MO-PEP,-2853.4655227661133,250000.0,0
2024-04-09,GWW-HII,0.0,250000.0,1
2024-04-10,GWW-HII,945.8240356445312,250000.0,1
2024-04-10,FAST-RSG,0.0,250000.0,1
2024-04-10,CNP-D,0.0,250000.0,1
2024-04-10,AOS-RSG,0.0,250000.0,1
2024-04-11,CNP-D,917.2994804382324,250000.0,1
2024-04-11,AOS-RSG,2684.000762939453,250000.0,1
2024-04-11,CDNS-IBM,0.0,250000.0,1
2024-04-11,FDS-GL,0.0,250000.0,1
2024-04-12,CNP-D,312.62514305114746,250000.0,1
2024-04-12,CDNS-IBM,-1140.3807830810547,250000.0,1
2024-04-15,CDNS-IBM,1263.470230102539,250000.0,1
2024-04-16,ELV-WAT,0.0,250000.0,1
2024-04-17,ELV-WAT,-8505.1337890625,250000.0,1
2024-04-18,LIN-STLD,0.0,250000.0,1
2024-04-19,LIN-STLD,1621.5750274658203,250000.0,1
2024-04-22,LIN-STLD,1856.1873168945312,250000.0,1
2024-04-23,LIN-STLD,-2485.917755126953,250000.0,1
2024-04-23,CB-WRB,0.0,250000.0,1
2024-04-24,CB-WRB,5529.482986450195,250000.0,1
2024-04-24,TXN-ZBRA,0.0,250000.0,1
2024-04-24,ALLE-NSC,0.0,250000.0,1
2024-04-24,BAC-CFG,0.0,250000.0,1
2024-04-25,CB-WRB,1675.313362121582,250000.0,1
2024-04-25,TXN-ZBRA,12447.694152832031,250000.0,1
2024-04-25,BAC-CFG,1886.3320846557617,250000.0,1
2024-04-25,AOS-RSG,0.0,250000.0,1
2024-04-26,CB-WRB,-1608.3103828430176,250000.0,1
2024-04-26,TXN-ZBRA,11326.657196044922,250000.0,1
2024-04-26,BAC-CFG,484.5554428100586,250000.0,1
2024-04-26,AOS-RSG,3494.2574920654297,250000.0,1
2024-04-26,GWW-HII,0.0,250000.0,1
2024-04-29,CB-WRB,-4468.779197692871,250000.0,1
2024-04-29,TXN-ZBRA,9518.06021118164,250000.0,1
2024-04-29,BAC-CFG,469.82609939575195,250000.0,1
2024-04-29,AOS-RSG,6606.296890258789,250000.0,1
2024-04-29,GWW-HII,-470.55029296875,250000.0,1
2024-04-30,CB-WRB,-4969.670330047607,250000.0,1
2024-04-30,BAC-CFG,1339.4752235412598,250000.0,1
2024-04-30,AOS-RSG,3600.898223876953,250000.0,1
2024-04-30,GWW-HII,-1405.025634765625,250000.0,1
2024-05-01,CB-WRB,-4177.6880531311035,250000.0,1
2024-05-01,BAC-CFG,-3123.158920288086,250000.0,1
2024-05-01,GWW-HII,-1713.53564453125,250000.0,1
2024-05-01,FAST-RSG,0.0,250000.0,1
2024-05-01,LNT-WEC,0.0,250000.0,1
2024-05-02,CB-WRB,-728.453784942627,250000.0,1
2024-05-02,BAC-CFG,-5491.85994720459,250000.0,1
2024-05-02,FAST-RSG,811.9272155761719,250000.0,1
2024-05-02,LNT-WEC,-1292.0276794433594,250000.0,1
2024-05-03,CB-WRB,193.23650360107422,250000.0,1
2024-05-03,FAST-RSG,-1271.657974243164,250000.0,1
2024-05-03,LNT-WEC,-868.2710723876953,250000.0,1
2024-05-03,ES-NEE,0.0,250000.0,1
2024-05-06,CB-WRB,-4144.137462615967,250000.0,1
2024-05-06,FAST-RSG,4487.448574066162,250000.0,1
2024-05-06,LNT-WEC,-36.24012756347656,250000.0,1
2024-05-06,ES-NEE,-4890.925910949707,250000.0,1
2024-05-06,PNC-TFC,0.0,250000.0,1
2024-05-07,CB-WRB,-4512.742305755615,250000.0,1
2024-05-07,LNT-WEC,-608.0021362304688,250000.0,1
2024-05-07,ES-NEE,-2832.4323806762695,250000.0,1
2024-05-07,PNC-TFC,1507.1503257751465,250000.0,1
2024-05-08,LNT-WEC,2207.4871139526367,250000.0,1
2024-05-08,ES-NEE,-6444.907409667969,250000.0,1
2024-05-08,PNC-TFC,1467.9304389953613,250000.0,1
2024-05-08,FOXA-TKO,0.0,250000.0,1
2024-05-09,LNT-WEC,1460.1565780639648,250000.0,1
2024-05-09,PNC-TFC,-157.46254348754883,250000.0,1
2024-05-09,FOXA-TKO,-1650.3988037109375,250000.0,1
2024-05-10,PNC-TFC,-1781.6539993286133,250000.0,1
2024-05-10,FOXA-TKO,2099.712112426758,250000.0,1
2024-05-13,PNC-TFC,851.7936401367188,250000.0,1
2024-05-13,FOXA-TKO,2664.6196670532227,250000.0,1
2024-05-14,PNC-TFC,1713.6551055908203,250000.0,1
2024-05-15,PNC-TFC,-185.16624069213867,250000.0,1
2024-05-16,PNC-TFC,-729.5378036499023,250000.0,1
2024-05-16,CNP-D,0.0,250000.0,1
2024-05-16,CB-WRB,0.0,250000.0,1
2024-05-17,PNC-TFC,-457.333797454834,250000.0,1
2024-05-17,CNP-D,-1072.3969345092773,250000.0,1
2024-05-17,CB-WRB,-8499.652828216553,250000.0,1
2024-05-20,PNC-TFC,325.01533126831055,250000.0,1
2024-05-20,CNP-D,1533.0270309448242,250000.0,1
2024-05-20,CB-WRB,1103.88431930542,250000.0,1
2024-05-21,CNP-D,-3747.530097961426,250000.0,1
2024-05-21,CB-WRB,1898.029930114746,250000.0,1
2024-05-22,CNP-D,-785.2043952941895,250000.0,1
2024-05-22,CB-WRB,1832.8500671386719,250000.0,1
2024-05-22,BAC-CFG,0.0,250000.0,1
2024-05-23,CB-WRB,2893.234119415283,250000.0,1
2024-05-23,BAC-CFG,-2412.495475769043,250000.0,1
2024-05-24,CB-WRB,2364.382335662842,250000.0,1
2024-05-24,BAC-CFG,-3584.224395751953,250000.0,1
2024-05-28,CB-WRB,2507.5448417663574,250000.0,1
2024-05-28,BAC-CFG,-6399.328010559082,250000.0,1
2024-05-29,CB-WRB,1809.5421295166016,250000.0,1
2024-05-29,BAC-CFG,-6462.343662261963,250000.0,1
2024-05-30,CB-WRB,2584.8100090026855,250000.0,1
2024-05-30,BAC-CFG,-4529.7434005737305,250000.0,1
2024-05-30,GWW-HII,0.0,250000.0,1
2024-05-30,PNC-TFC,0.0,250000.0,1
2024-05-31,BAC-CFG,-5519.151817321777,250000.0,1
2024-05-31,GWW-HII,636.800537109375,250000.0,1
2024-05-31,PNC-TFC,-2587.4660110473633,250000.0,1
2024-06-03,GWW-HII,-5620.2685546875,250000.0,1
2024-06-03,PNC-TFC,-2212.879852294922,250000.0,1
2024-06-04,GWW-HII,-6093.229248046875,250000.0,1
2024-06-04,PNC-TFC,-3637.794765472412,250000.0,1
2024-06-04,LIN-STLD,0.0,250000.0,1
2024-06-04,AOS-RSG,0.0,250000.0,1
2024-06-05,GWW-HII,-6333.9161376953125,250000.0,1
2024-06-05,PNC-TFC,-4638.6697425842285,250000.0,1
2024-06-05,LIN-STLD,-2590.9827728271484,250000.0,1
2024-06-05,AOS-RSG,938.7729415893555,250000.0,1
2024-06-06,GWW-HII,-8470.85498046875,250000.0,1
2024-06-06,LIN-STLD,505.8611755371094,250000.0,1
2024-06-06,AOS-RSG,-453.89344024658203,250000.0,1
2024-06-07,GWW-HII,-3442.998291015625,250000.0,1
2024-06-07,LIN-STLD,-4959.272857666016,250000.0,1
2024-06-07,AOS-RSG,160.56905364990234,250000.0,1
2024-06-10,GWW-HII,-778.311767578125,250000.0,1
2024-06-10,LIN-STLD,-7542.253936767578,250000.0,1
2024-06-10,AOS-RSG,42.440467834472656,250000.0,1
2024-06-11,GWW-HII,3412.08203125,250000.0,1
2024-06-11,AOS-RSG,1719.2354278564453,250000.0,1
2024-06-12,CDNS-IBM,0.0,250000.0,1
2024-06-13,CDNS-IBM,3780.05126953125,250000.0,1
2024-06-14,CDNS-IBM,-35.7545166015625,250000.0,1
2024-06-17,CDNS-IBM,-8249.540069580078,250000.0,1
2024-06-18,CDNS-IBM,-10524.286865234375,250000.0,1
2024-06-20,CDNS-IBM,1362.051513671875,250000.0,1
2024-06-21,CDNS-IBM,-676.1207275390625,250000.0,1
2024-06-21,LNT-WEC,0.0,250000.0,1
2024-06-24,LNT-WEC,2839.8122329711914,250000.0,1
2024-06-24,CMS-FE,0.0,250000.0,1
2024-06-25,LNT-WEC,1970.022819519043,250000.0,1
2024-06-26,LNT-WEC,1755.1519470214844,250000.0,1
2024-06-27,LNT-WEC,169.4381103515625,250000.0,1
2024-06-28,LNT-WEC,940.040901184082,250000.0,1
2024-05-01,AMAT-FLEX,0.0,250000.0,2
2024-05-01,HSIC-TECH,0.0,250000.0,2
2024-05-02,AMAT-FLEX,6252.620584487915,250000.0,2
2024-05-02,HSIC-TECH,-8207.90200805664,250000.0,2
2024-05-02,PSKY-WBD,0.0,250000.0,2
2024-05-02,GWW-HII,0.0,250000.0,2
2024-05-03,AMAT-FLEX,4505.867040634155,250000.0,2
2024-05-03,HSIC-TECH,-18174.014526367188,250000.0,2
2024-05-03,GWW-HII,-420.9419708251953,250000.0,2
2024-05-03,ES-NEE,0.0,250000.0,2
2024-05-06,HSIC-TECH,-10133.179565429688,250000.0,2
2024-05-06,GWW-HII,-1545.6997528076172,250000.0,2
2024-05-06,ES-NEE,-4890.925910949707,250000.0,2
2024-05-07,HSIC-TECH,-1173.7488403320312,250000.0,2
2024-05-07,GWW-HII,-605.6678924560547,250000.0,2
2024-05-07,ES-NEE,-2832.4323806762695,250000.0,2
2024-05-08,HSIC-TECH,8239.956146240234,250000.0,2
2024-05-08,GWW-HII,-2844.685760498047,250000.0,2
2024-05-08,ES-NEE,-6444.907409667969,250000.0,2
2024-05-08,FOXA-TKO,0.0,250000.0,2
2024-05-08,EXE-OXY,0.0,250000.0,2
2024-05-09,HSIC-TECH,2955.0847778320312,250000.0,2
2024-05-09,GWW-HII,-60.822906494140625,250000.0,2
2024-05-09,FOXA-TKO,-1650.3988037109375,250000.0,2
2024-05-09,EXE-OXY,2387.8020553588867,250000.0,2
2024-05-09,ATO-EIX,0.0,250000.0,2
2024-05-09,ATO-DTE,0.0,250000.0,2
2024-05-10,HSIC-TECH,-2346.04833984375,250000.0,2
2024-05-10,GWW-HII,184.9789581298828,250000.0,2
2024-05-10,FOXA-TKO,2099.712112426758,250000.0,2
2024-05-10,ATO-DTE,-4504.190856933594,250000.0,2
2024-05-10,ATO-CNP,0.0,250000.0,2
2024-05-13,HSIC-TECH,-6882.242828369141,250000.0,2
2024-05-13,GWW-HII,3859.062042236328,250000.0,2
2024-05-13,FOXA-TKO,2664.6196670532227,250000.0,2
2024-05-13,ATO-CNP,-1437.3497695922852,250000.0,2
2024-05-14,HSIC-TECH,-16158.925384521484,250000.0,2
2024-05-14,GWW-HII,1155.5018310546875,250000.0,2
2024-05-14,ATO-CNP,314.4736213684082,250000.0,2
2024-05-14,FICO-STX,0.0,250000.0,2
2024-05-15,HSIC-TECH,-3818.877655029297,250000.0,2
2024-05-15,GWW-HII,-124.72749328613281,250000.0,2
2024-05-15,ATO-CNP,-889.554988861084,250000.0,2
2024-05-16,GWW-HII,6398.582015991211,250000.0,2
2024-05-16,ATO-CNP,-849.525447845459,250000.0,2
2024-05-17,GWW-HII,6224.833526611328,250000.0,2
2024-05-17,ATO-CNP,-1868.9929466247559,250000.0,2
2024-05-17,MCO-TFC,0.0,250000.0,2
2024-05-20,GWW-HII,4786.347717285156,250000.0,2
2024-05-20,ATO-CNP,-1857.6371307373047,250000.0,2
2024-05-21,GWW-HII,2299.991455078125,250000.0,2
2024-05-21,ATO-CNP,-4957.624156951904,250000.0,2
2024-05-22,GWW-HII,1726.1533508300781,250000.0,2
2024-05-22,ATO-CNP,-4725.800119400024,250000.0,2
2024-05-22,AMAT-FLEX,0.0,250000.0,2
2024-05-23,GWW-HII,1785.4066314697266,250000.0,2
2024-05-23,AMAT-FLEX,-6645.463747024536,250000.0,2
2024-05-23,PH-TT,0.0,250000.0,2
2024-05-23,ATO-EIX,0.0,250000.0,2
2024-05-24,GWW-HII,3008.8204498291016,250000.0,2
2024-05-24,PH-TT,-1789.7373962402344,250000.0,2
2024-05-24,ATO-EIX,-3271.146224975586,250000.0,2
2024-05-28,GWW-HII,4528.041244506836,250000.0,2
2024-05-28,PH-TT,3442.173614501953,250000.0,2
2024-05-28,ATO-EIX,-3998.2891845703125,250000.0,2
2024-05-29,GWW-HII,5262.847457885742,250000.0,2
2024-05-29,PH-TT,6108.281707763672,250000.0,2
2024-05-29,ATO-EIX,-4009.532455444336,250000.0,2
2024-05-30,GWW-HII,8809.862930297852,250000.0,2
2024-05-30,PH-TT,4673.930511474609,250000.0,2
2024-05-30,ATO-EIX,-3684.0917205810547,250000.0,2
2024-05-30,PSKY-WBD,0.0,250000.0,2
2024-05-31,GWW-HII,9484.852630615234,250000.0,2
2024-05-31,ATO-EIX,1682.1596221923828,250000.0,2
2024-05-31,PSKY-WBD,-3917.6494178771973,250000.0,2
2024-06-03,GWW-HII,12770.559799194336,250000.0,2
2024-06-03,ATO-EIX,2036.8092498779297,250000.0,2
2024-06-03,PSKY-WBD,3510.331024169922,250000.0,2
2024-06-03,EXE-OXY,0.0,250000.0,2
2024-06-04,GWW-HII,13118.212799072266,250000.0,2
2024-06-04,ATO-EIX,2678.738082885742,250000.0,2
2024-06-04,PSKY-WBD,-130.9676971435547,250000.0,2
2024-06-04,EXE-OXY,2139.2380409240723,250000.0,2
2024-06-04,LIN-STLD,0.0,250000.0,2
2024-06-05,GWW-HII,13663.436279296875,250000.0,2
2024-06-05,ATO-EIX,2990.6194610595703,250000.0,2
2024-06-05,PSKY-WBD,-3823.3530921936035,250000.0,2
2024-06-05,EXE-OXY,1443.4186820983887,250000.0,2
2024-06-05,LIN-STLD,-2590.9827728271484,250000.0,2
2024-06-06,PSKY-WBD,-6323.1715660095215,250000.0,2
2024-06-06,LIN-STLD,505.8611755371094,250000.0,2
2024-06-07,PSKY-WBD,-3698.4106636047363,250000.0,2
2024-06-07,LIN-STLD,-4959.272857666016,250000.0,2
2024-06-10,PSKY-WBD,598.373592376709,250000.0,2
2024-06-10,LIN-STLD,-7542.253936767578,250000.0,2
2024-06-10,FICO-STX,0.0,250000.0,2
2024-06-11,PSKY-WBD,-7712.732551574707,250000.0,2
2024-06-11,FICO-STX,-4712.522033691406,250000.0,2
2024-06-12,PSKY-WBD,321.43148612976074,250000.0,2
2024-06-12,FICO-STX,-313.54852294921875,250000.0,2
2024-06-12,CDNS-IBM,0.0,250000.0,2
2024-06-13,FICO-STX,-5033.269439697266,250000.0,2
2024-06-13,CDNS-IBM,3780.05126953125,250000.0,2
2024-06-14,FICO-STX,-1406.73681640625,250000.0,2
2024-06-14,CDNS-IBM,-35.7545166015625,250000.0,2
2024-06-17,FICO-STX,-4444.851348876953,250000.0,2
2024-06-17,CDNS-IBM,-8249.540069580078,250000.0,2
2024-06-18,FICO-STX,-3072.867156982422,250000.0,2
2024-06-18,CDNS-IBM,-10524.286865234375,250000.0,2
2024-06-20,FICO-STX,2609.9585571289062,250000.0,2
2024-06-20,CDNS-IBM,1362.051513671875,250000.0,2
2024-06-21,FICO-STX,4202.434783935547,250000.0,2
2024-06-21,CDNS-IBM,-676.1207275390625,250000.0,2
2024-06-24,FICO-STX,4206.4638671875,250000.0,2
2024-06-24,CMS-FE,0.0,250000.0,2
2024-06-25,FICO-STX,5033.258117675781,250000.0,2
2024-06-25,ATO-CNP,0.0,250000.0,2
2024-06-26,ATO-CNP,1995.5691890716553,250000.0,2
2024-07-05,ATO-EIX,0.0,250000.0,2
2024-07-08,ATO-EIX,-1200.0711059570312,250000.0,2
2024-07-09,ATO-EIX,695.9487152099609,250000.0,2
2024-07-10,TXN-ZBRA,0.0,250000.0,2
2024-07-10,ATO-CNP,0.0,250000.0,2
2024-07-11,ATO-CNP,-5789.12654876709,250000.0,2
2024-07-11,AMAT-FLEX,0.0,250000.0,2
2024-07-12,ATO-CNP,-3001.288864135742,250000.0,2
2024-07-12,AMAT-FLEX,-1173.0376510620117,250000.0,2
2024-07-12,CDNS-IBM,0.0,250000.0,2
2024-07-15,AMAT-FLEX,812.9248504638672,250000.0,2
2024-07-15,CDNS-IBM,-89.88752746582031,250000.0,2
2024-07-15,ES-NEE,0.0,250000.0,2
2024-07-16,CDNS-IBM,-6190.074371337891,250000.0,2
2024-07-16,ES-NEE,1184.0460395812988,250000.0,2
2024-07-16,PSKY-WBD,0.0,250000.0,2
2024-07-17,ES-NEE,-10657.262630462646,250000.0,2
2024-07-17,PSKY-WBD,-11237.777529716492,250000.0,2
2024-07-17,EXE-OXY,0.0,250000.0,2
2024-07-18,ES-NEE,-7218.134059906006,250000.0,2
2024-07-18,EXE-OXY,-3222.760383605957,250000.0,2
2024-07-19,ES-NEE,-4737.482833862305,250000.0,2
2024-07-19,EXE-OXY,-1278.8863983154297,250000.0,2
2024-07-22,ES-NEE,-4568.266277313232,250000.0,2
2024-07-23,ES-NEE,-3077.160530090332,250000.0,2
2024-07-24,ES-NEE,-1502.12797164917,250000.0,2
2024-07-24,ANET-STX,0.0,250000.0,2
2024-07-24,AMAT-FLEX,0.0,250000.0,2
2024-07-25,ES-NEE,-11031.463317871094,250000.0,2
2024-07-25,ANET-STX,6423.76651763916,250000.0,2
2024-07-25,AMAT-FLEX,4076.121971130371,250000.0,2
2024-07-26,ES-NEE,-12235.121097564697,250000.0,2
2024-07-26,ANET-STX,9785.799446105957,250000.0,2
2024-07-26,AMAT-FLEX,-2001.6369647979736,250000.0,2
2024-07-26,ATO-EIX,0.0,250000.0,2
2024-07-29,ES-NEE,-13953.730773925781,250000.0,2
2024-07-29,AMAT-FLEX,-935.8089332580566,250000.0,2
2024-07-29,ATO-EIX,2313.348793029785,250000.0,2
2024-07-30,AMAT-FLEX,-1437.1171379089355,250000.0,2
2024-07-30,ATO-EIX,335.60144805908203,250000.0,2
2024-07-30,TXN-ZBRA,0.0,250000.0,2
2024-07-31,AMAT-FLEX,133.08909797668457,250000.0,2
2024-07-31,ATO-EIX,-2182.513023376465,250000.0,2
2024-07-31,TXN-ZBRA,548.2362976074219,250000.0,2
2024-06-10,FICO-STX,0.0,250000.0,3
2024-06-11,FICO-STX,-4712.522033691406,250000.0,3
2024-06-12,FICO-STX,-313.54852294921875,250000.0,3
2024-06-12,AMP-JPM,0.0,250000.0,3
2024-06-12,FAST-HII,0.0,250000.0,3
2024-06-13,FICO-STX,-5033.269439697266,250000.0,3
2024-06-13,AMP-JPM,3764.7902069091797,250000.0,3
2024-06-13,FAST-HII,-2274.4050254821777,250000.0,3
2024-06-14,FICO-STX,-1406.73681640625,250000.0,3
2024-06-14,FAST-HII,203.2227439880371,250000.0,3
2024-06-17,FICO-STX,-4444.851348876953,250000.0,3
2024-06-17,FAST-HII,-875.312931060791,250000.0,3
2024-06-18,FICO-STX,-3072.867156982422,250000.0,3
2024-06-18,FAST-HII,1245.8992958068848,250000.0,3
2024-06-20,FICO-STX,2609.9585571289062,250000.0,3
2024-06-20,FAST-HII,2121.420021057129,250000.0,3
2024-06-21,FICO-STX,4202.434783935547,250000.0,3
2024-06-21,FAST-HII,2945.674976348877,250000.0,3
2024-06-24,FICO-STX,4206.4638671875,250000.0,3
2024-06-24,CMS-FE,0.0,250000.0,3
2024-06-25,FICO-STX,5033.258117675781,250000.0,3
2024-06-25,BLDR-MAS,0.0,250000.0,3
2024-06-26,BLDR-MAS,3060.3036308288574,250000.0,3
2024-06-27,BLDR-MAS,2652.2840003967285,250000.0,3
2024-06-28,BLDR-MAS,3332.719093322754,250000.0,3
2024-07-01,BLDR-MAS,-1334.3891830444336,250000.0,3
2024-07-01,JKHY-XYZ,0.0,250000.0,3
2024-07-02,BLDR-MAS,-1659.4305534362793,250000.0,3
2024-07-02,JKHY-XYZ,-1783.4857330322266,250000.0,3
2024-07-03,BLDR-MAS,-1315.6203498840332,250000.0,3
2024-07-03,JKHY-XYZ,-1689.2038116455078,250000.0,3
2024-07-05,BLDR-MAS,-487.1783866882324,250000.0,3
2024-07-05,JKHY-XYZ,-9371.865371704102,250000.0,3
2024-07-08,BLDR-MAS,2470.198371887207,250000.0,3
2024-07-08,JKHY-XYZ,1981.0931549072266,250000.0,3
2024-07-09,BLDR-MAS,1942.2674827575684,250000.0,3
2024-07-09,JKHY-XYZ,-5141.530502319336,250000.0,3
2024-07-10,BLDR-MAS,2424.0990562438965,250000.0,3
2024-07-10,DOW-VMC,0.0,250000.0,3
2024-07-11,DOW-VMC,-4175.930282592773,250000.0,3
2024-07-12,DOW-VMC,64.13923645019531,250000.0,3
2024-07-12,ITW-NSC,0.0,250000.0,3
2024-07-12,AMP-JPM,0.0,250000.0,3
2024-07-12,AEP-CMS,0.0,250000.0,3
2024-07-15,DOW-VMC,130.7533721923828,250000.0,3
2024-07-16,DOW-VMC,-3023.4427185058594,250000.0,3
2024-07-16,CF-VMC,0.0,250000.0,3
2024-07-17,CF-VMC,6225.653244018555,250000.0,3
2024-07-18,CF-VMC,5335.828536987305,250000.0,3
2024-07-18,ROK-UPS,0.0,250000.0,3
2024-07-19,CF-VMC,4393.858642578125,250000.0,3
2024-07-19,ROK-UPS,-2833.9110717773438,250000.0,3
2024-07-22,CF-VMC,-324.1864929199219,250000.0,3
2024-07-22,ROK-UPS,1828.455078125,250000.0,3
2024-07-23,CF-VMC,-1048.1142578125,250000.0,3
2024-07-24,JKHY-XYZ,0.0,250000.0,3
2024-07-25,JKHY-XYZ,1585.0548629760742,250000.0,3
2024-07-26,JKHY-XYZ,-17460.530395507812,250000.0,3
2024-07-26,ITW-NSC,0.0,250000.0,3
2024-07-29,JKHY-XYZ,-14441.077152252197,250000.0,3
2024-07-29,ITW-NSC,271.5631408691406,250000.0,3
2024-07-30,ITW-NSC,-122.28659057617188,250000.0,3
2024-07-31,ITW-NSC,-2637.060073852539,250000.0,3
2024-08-01,ITW-NSC,-6001.332977294922,250000.0,3
2024-08-02,ITW-NSC,-2215.5614166259766,250000.0,3
2024-08-05,ITW-NSC,-4236.294677734375,250000.0,3
2024-08-05,FAST-HII,0.0,250000.0,3
2024-08-06,ITW-NSC,-9755.840515136719,250000.0,3
2024-08-06,FAST-HII,3224.6256580352783,250000.0,3
2024-08-07,ITW-NSC,-7777.1082763671875,250000.0,3
2024-08-07,FAST-HII,2119.35036277771,250000.0,3
2024-08-08,ITW-NSC,-6093.984527587891,250000.0,3
2024-08-08,FAST-HII,1270.3493785858154,250000.0,3
2024-08-08,FOXA-TKO,0.0,250000.0,3
2024-08-08,CF-MLM,0.0,250000.0,3
2024-08-09,ITW-NSC,-4369.474945068359,250000.0,3
2024-08-09,FAST-HII,3352.4918460845947,250000.0,3
2024-08-09,FOXA-TKO,-1474.5415573120117,250000.0,3
2024-08-09,CF-MLM,-2946.3528442382812,250000.0,3
2024-08-12,FOXA-TKO,-8603.629829406738,250000.0,3
2024-08-12,CF-MLM,-8615.952941894531,250000.0,3
2024-08-13,FOXA-TKO,-5180.071914672852,250000.0,3
2024-08-13,CF-MLM,-7850.631561279297,250000.0,3
2024-08-14,FOXA-TKO,-4900.550010681152,250000.0,3
2024-08-14,CF-MLM,-7959.92626953125,250000.0,3
2024-08-15,FOXA-TKO,-1737.9749145507812,250000.0,3
2024-08-15,CF-MLM,-864.0018615722656,250000.0,3
2024-08-15,FICO-STX,0.0,250000.0,3
2024-08-16,FOXA-TKO,1308.8696823120117,250000.0,3
2024-08-16,CF-MLM,-5109.089172363281,250000.0,3
2024-08-16,FICO-STX,-4084.5461654663086,250000.0,3
2024-08-19,FOXA-TKO,-547.8149871826172,250000.0,3
2024-08-19,CF-MLM,-5587.884796142578,250000.0,3
2024-08-19,FICO-STX,-9542.867385864258,250000.0,3
2024-08-20,FOXA-TKO,-861.015510559082,250000.0,3
2024-08-20,CF-MLM,-2906.5186462402344,250000.0,3
2024-08-20,FICO-STX,-8769.249755859375,250000.0,3
2024-08-21,FOXA-TKO,-1345.896842956543,250000.0,3
2024-08-21,FICO-STX,-10892.37922668457,250000.0,3
2024-08-22,FOXA-TKO,4519.0697021484375,250000.0,3
2024-08-22,FICO-STX,-8852.158172607422,250000.0,3
2024-08-23,FOXA-TKO,4972.865631103516,250000.0,3
2024-08-23,FICO-STX,-11246.268859863281,250000.0,3
2024-08-26,FOXA-TKO,6962.492248535156,250000.0,3
2024-08-27,FOXA-TKO,5187.22989654541,250000.0,3
2024-08-28,FOXA-TKO,6837.237213134766,250000.0,3
2024-08-29,FOXA-TKO,8031.174674987793,250000.0,3
2024-08-29,AEP-CMS,0.0,250000.0,3
2024-08-30,FOXA-TKO,6091.809043884277,250000.0,3
2024-08-30,AEP-CMS,-353.2904510498047,250000.0,3
2024-07-11,COF-TFC,0.0,250000.0,4
2024-07-12,COF-TFC,-1463.9634170532227,250000.0,4
2024-07-15,COF-TFC,737.3203926086426,250000.0,4
2024-07-15,EFX-UNP,0.0,250000.0,4
2024-07-15,PAYX-RTX,0.0,250000.0,4
2024-07-16,COF-TFC,455.76146697998047,250000.0,4
2024-07-16,PAYX-RTX,649.6377563476562,250000.0,4
2024-07-16,AMP-AXP,0.0,250000.0,4
2024-07-16,MTB-SCHW,0.0,250000.0,4
2024-07-17,COF-TFC,-3741.2979469299316,250000.0,4
2024-07-17,PAYX-RTX,-345.5478820800781,250000.0,4
2024-07-17,AMP-AXP,-3131.5032501220703,250000.0,4
2024-07-17,MTB-SCHW,-15174.545097351074,250000.0,4
2024-07-18,COF-TFC,-588.8208084106445,250000.0,4
2024-07-18,PAYX-RTX,1109.8900146484375,250000.0,4
2024-07-18,AMP-AXP,-3705.5860595703125,250000.0,4
2024-07-18,AXP-JPM,0.0,250000.0,4
2024-07-18,ROK-UPS,0.0,250000.0,4
2024-07-19,COF-TFC,-2206.2532234191895,250000.0,4
2024-07-19,PAYX-RTX,1176.8155822753906,250000.0,4
2024-07-19,AMP-AXP,468.0723571777344,250000.0,4
2024-07-19,ROK-UPS,-2833.9110717773438,250000.0,4
2024-07-22,PAYX-RTX,3038.1920471191406,250000.0,4
2024-07-22,AMP-AXP,1505.684585571289,250000.0,4
2024-07-22,ROK-UPS,1828.455078125,250000.0,4
2024-07-22,PNC-TFC,0.0,250000.0,4
2024-07-23,AMP-AXP,-131.0424346923828,250000.0,4
2024-07-23,PNC-TFC,44.89442443847656,250000.0,4
2024-07-24,AMP-AXP,6856.24397277832,250000.0,4
2024-07-24,PNC-TFC,1337.6572494506836,250000.0,4
2024-07-25,PNC-TFC,2241.754570007324,250000.0,4
2024-07-25,PAYX-RTX,0.0,250000.0,4
2024-07-26,PNC-TFC,2304.7889404296875,250000.0,4
2024-07-26,PAYX-RTX,1527.1574096679688,250000.0,4
2024-07-29,PNC-TFC,1768.1072998046875,250000.0,4
2024-07-29,PAYX-RTX,1937.2145080566406,250000.0,4
2024-07-30,PNC-TFC,465.63330078125,250000.0,4
2024-07-30,PAYX-RTX,-1757.4102478027344,250000.0,4
2024-07-31,PNC-TFC,601.513298034668,250000.0,4
2024-07-31,PAYX-RTX,-2954.7590942382812,250000.0,4
2024-08-01,PNC-TFC,752.8045654296875,250000.0,4
2024-08-01,PAYX-RTX,-3536.9298400878906,250000.0,4
2024-08-01,FIS-SYF,0.0,250000.0,4
2024-08-02,PNC-TFC,-1015.8100738525391,250000.0,4
2024-08-02,PAYX-RTX,-1722.8161315917969,250000.0,4
2024-08-05,PNC-TFC,-1783.5793762207031,250000.0,4
2024-08-05,PAYX-RTX,-2692.672821044922,250000.0,4
2024-08-05,FAST-HII,0.0,250000.0,4
2024-08-06,PNC-TFC,332.2861099243164,250000.0,4
2024-08-06,PAYX-RTX,-237.7236328125,250000.0,4
2024-08-06,FAST-HII,3224.6256580352783,250000.0,4
2024-08-07,PNC-TFC,38.31944274902344,250000.0,4
2024-08-07,PAYX-RTX,-2607.2152099609375,250000.0,4
2024-08-07,FAST-HII,2119.35036277771,250000.0,4
2024-08-08,PAYX-RTX,-1564.607421875,250000.0,4
2024-08-08,FAST-HII,1270.3493785858154,250000.0,4
2024-08-08,FOX-TKO,0.0,250000.0,4
2024-08-08,FOXA-TKO,0.0,250000.0,4
2024-08-09,FAST-HII,3352.4918460845947,250000.0,4
2024-08-09,FOX-TKO,-2001.1151542663574,250000.0,4
2024-08-09,FOXA-TKO,-1474.5415573120117,250000.0,4
2024-08-12,FOX-TKO,-8529.068229675293,250000.0,4
2024-08-12,FOXA-TKO,-8603.629829406738,250000.0,4
2024-08-13,FOX-TKO,-5705.652332305908,250000.0,4
2024-08-13,FOXA-TKO,-5180.071914672852,250000.0,4
2024-08-14,FOX-TKO,-5460.433670043945,250000.0,4
2024-08-14,FOXA-TKO,-4900.550010681152,250000.0,4
2024-08-15,FOX-TKO,-2129.7650451660156,250000.0,4
2024-08-15,FOXA-TKO,-1737.9749145507812,250000.0,4
2024-08-16,FOX-TKO,587.2382392883301,250000.0,4
2024-08-16,FOXA-TKO,1308.8696823120117,250000.0,4
2024-08-19,FOX-TKO,-1426.4709167480469,250000.0,4
2024-08-19,FOXA-TKO,-547.8149871826172,250000.0,4
2024-08-20,FOX-TKO,-2135.9283752441406,250000.0,4
2024-08-20,FOXA-TKO,-861.015510559082,250000.0,4
2024-08-21,FOX-TKO,-2225.255844116211,250000.0,4
2024-08-21,FOXA-TKO,-1345.896842956543,250000.0,4
2024-08-21,PAYX-RTX,0.0,250000.0,4
2024-08-22,FOX-TKO,3684.141273498535,250000.0,4
2024-08-22,FOXA-TKO,4519.0697021484375,250000.0,4
2024-08-22,PAYX-RTX,-793.3394165039062,250000.0,4
2024-08-23,FOX-TKO,4034.993339538574,250000.0,4
2024-08-23,FOXA-TKO,4972.865631103516,250000.0,4
2024-08-26,FOX-TKO,5989.068088531494,250000.0,4
2024-08-26,FOXA-TKO,6962.492248535156,250000.0,4
2024-08-26,LNT-PCG,0.0,250000.0,4
2024-08-27,FOX-TKO,3987.883613586426,250000.0,4
2024-08-27,FOXA-TKO,5187.22989654541,250000.0,4
2024-08-27,LNT-PCG,1005.1016082763672,250000.0,4
2024-08-28,FOX-TKO,5528.788494110107,250000.0,4
2024-08-28,FOXA-TKO,6837.237213134766,250000.0,4
2024-08-28,LNT-PCG,1020.2417182922363,250000.0,4
2024-08-29,FOX-TKO,7233.303234100342,250000.0,4
2024-08-29,FOXA-TKO,8031.174674987793,250000.0,4
2024-08-30,FOX-TKO,4889.023796081543,250000.0,4
2024-08-30,FOXA-TKO,6091.809043884277,250000.0,4
2024-09-03,FOX-TKO,3527.4895668029785,250000.0,4
2024-09-03,FOXA-TKO,5037.410675048828,250000.0,4
2024-09-04,FOX-TKO,5612.4155921936035,250000.0,4
2024-09-04,FOXA-TKO,7024.669792175293,250000.0,4
2024-09-04,ROK-UPS,0.0,250000.0,4
2024-09-05,FOX-TKO,5746.6379470825195,250000.0,4
2024-09-05,FOXA-TKO,7522.144104003906,250000.0,4
2024-09-05,ROK-UPS,3162.661392211914,250000.0,4
2024-09-05,ATO-DTE,0.0,250000.0,4
2024-09-06,FOX-TKO,7305.54052734375,250000.0,4
2024-09-06,FOXA-TKO,8649.862060546875,250000.0,4
2024-09-06,ROK-UPS,1861.6016998291016,250000.0,4
2024-09-06,ATO-DTE,-5.950798034667969,250000.0,4
2024-09-09,FOX-TKO,7151.32967376709,250000.0,4
2024-09-09,FOXA-TKO,8616.35033416748,250000.0,4
2024-09-09,ROK-UPS,2228.1553115844727,250000.0,4
2024-09-09,ATO-DTE,-1683.4823532104492,250000.0,4
2024-09-09,FAST-HII,0.0,250000.0,4
2024-09-10,FOX-TKO,8541.644290924072,250000.0,4
2024-09-10,ROK-UPS,2661.611701965332,250000.0,4
2024-09-10,FAST-HII,-8741.591373443604,250000.0,4
2024-09-10,AXP-JPM,0.0,250000.0,4
2024-09-10,FIS-SYF,0.0,250000.0,4
2024-09-11,FOX-TKO,6907.400562286377,250000.0,4
2024-09-11,ROK-UPS,972.0201797485352,250000.0,4
2024-09-11,FIS-SYF,-1841.119285583496,250000.0,4
2024-09-12,FOX-TKO,2392.351459503174,250000.0,4
2024-09-12,ROK-UPS,2082.002021789551,250000.0,4
2024-09-12,FIS-SYF,185.9118537902832,250000.0,4
2024-09-13,FOX-TKO,4937.771587371826,250000.0,4
2024-09-13,FIS-SYF,4247.723461151123,250000.0,4
2024-09-16,FOX-TKO,788.5826263427734,250000.0,4
2024-09-16,FIS-SYF,4020.2793159484863,250000.0,4
2024-09-17,FOXA-TKO,0.0,250000.0,4
2024-09-17,COF-TFC,0.0,250000.0,4
2024-09-18,FOXA-TKO,-2716.5731353759766,250000.0,4
2024-09-18,COF-TFC,38.328857421875,250000.0,4
2024-09-19,FOXA-TKO,-7321.187397003174,250000.0,4
2024-09-19,COF-TFC,-11891.121955871582,250000.0,4
2024-09-20,FOXA-TKO,-2867.855583190918,250000.0,4
2024-09-23,FOXA-TKO,-211.97769927978516,250000.0,4
2024-09-24,FOXA-TKO,3752.4860076904297,250000.0,4
2024-09-24,FAST-HII,0.0,250000.0,4
2024-09-25,FOXA-TKO,4313.331897735596,250000.0,4
2024-09-25,FAST-HII,3333.0435791015625,250000.0,4
2024-09-26,FOXA-TKO,-47.53638458251953,250000.0,4
2024-09-26,FAST-HII,3479.973922729492,250000.0,4
2024-09-27,FOXA-TKO,-2825.1549034118652,250000.0,4
2024-09-30,FOXA-TKO,24.478801727294922,250000.0,4
2024-08-01,ANET-AVGO,0.0,250000.0,5
2024-08-01,ETR-PPL,0.0,250000.0,5
2024-08-02,ANET-AVGO,7828.724380493164,250000.0,5
2024-08-02,ETR-PPL,2761.1951332092285,250000.0,5
2024-08-05,ANET-AVGO,7902.517364501953,250000.0,5
2024-08-05,FAST-HII,0.0,250000.0,5
2024-08-06,ANET-AVGO,5111.149459838867,250000.0,5
2024-08-06,FAST-HII,3224.6256580352783,250000.0,5
2024-08-07,ANET-AVGO,-3624.6566619873047,250000.0,5
2024-08-07,FAST-HII,2119.35036277771,250000.0,5
2024-08-08,ANET-AVGO,670.239501953125,250000.0,5
2024-08-08,FAST-HII,1270.3493785858154,250000.0,5
2024-08-09,ANET-AVGO,4053.6839294433594,250000.0,5
2024-08-09,FAST-HII,3352.4918460845947,250000.0,5
2024-08-12,ANET-AVGO,2933.1634063720703,250000.0,5
2024-08-13,ANET-AVGO,10347.645477294922,250000.0,5
2024-08-14,ANET-AVGO,11257.467025756836,250000.0,5
2024-08-15,DDOG-ROP,0.0,250000.0,5
2024-08-16,DDOG-ROP,-1233.4605407714844,250000.0,5
2024-08-19,DDOG-ROP,-1284.6948547363281,250000.0,5
2024-08-20,DDOG-ROP,-462.2041931152344,250000.0,5
2024-08-21,DDOG-ROP,-1878.5504455566406,250000.0,5
2024-08-22,DDOG-ROP,89.76742553710938,250000.0,5
2024-08-23,DDOG-ROP,-337.5318298339844,250000.0,5
2024-08-26,DDOG-ROP,33.447601318359375,250000.0,5
2024-08-27,DDOG-ROP,-2197.657989501953,250000.0,5
2024-08-28,DDOG-ROP,-2475.8704833984375,250000.0,5
2024-08-29,DDOG-ROP,-3614.0912170410156,250000.0,5
2024-08-29,REGN-UHS,0.0,250000.0,5
2024-08-30,REGN-UHS,-1029.9901428222656,250000.0,5
2024-09-03,REGN-UHS,-3473.7090454101562,250000.0,5
2024-09-04,REGN-UHS,-3191.1385192871094,250000.0,5
2024-09-04,DDOG-ROP,0.0,250000.0,5
2024-09-05,DDOG-ROP,2062.744430541992,250000.0,5
2024-09-06,ANET-AVGO,0.0,250000.0,5
2024-09-09,ANET-AVGO,-1405.4958724975586,250000.0,5
2024-09-09,FAST-HII,0.0,250000.0,5
2024-09-10,FAST-HII,-8741.591373443604,250000.0,5
2024-09-10,BR-EFX,0.0,250000.0,5
2024-09-12,ETR-FE,0.0,250000.0,5
2024-09-20,INTU-NOW,0.0,250000.0,5
2024-09-23,INTU-NOW,2009.0609741210938,250000.0,5
2024-09-23,ISRG-REGN,0.0,250000.0,5
2024-09-23,REGN-UHS,0.0,250000.0,5
2024-09-24,INTU-NOW,1106.531723022461,250000.0,5
2024-09-24,FAST-HII,0.0,250000.0,5
2024-09-24,CAT-HUBB,0.0,250000.0,5
2024-09-25,FAST-HII,3333.0435791015625,250000.0,5
2024-09-25,CAT-HUBB,3122.319122314453,250000.0,5
2024-09-26,FAST-HII,3479.973922729492,250000.0,5
2024-09-26,CAT-HUBB,-508.6248779296875,250000.0,5
2024-09-26,BR-EFX,0.0,250000.0,5
2024-09-27,CAT-HUBB,-252.34945678710938,250000.0,5
2024-09-27,BR-EFX,-1130.56298828125,250000.0,5
2024-09-30,CAT-HUBB,-347.3297424316406,250000.0,5
2024-09-30,BR-EFX,-8141.3843994140625,250000.0,5
2024-10-01,CAT-HUBB,-1558.1287536621094,250000.0,5
2024-10-01,BR-EFX,-10104.520751953125,250000.0,5
2024-10-02,CAT-HUBB,-2084.5970764160156,250000.0,5
2024-10-02,BR-EFX,-4332.6656494140625,250000.0,5
2024-10-03,CAT-HUBB,-1774.5075073242188,250000.0,5
2024-10-03,BR-EFX,-8350.962646484375,250000.0,5
2024-10-03,CMS-PPL,0.0,250000.0,5
2024-10-03,CMS-FE,0.0,250000.0,5
2024-10-04,CAT-HUBB,-2302.3590087890625,250000.0,5
2024-10-04,CMS-PPL,-1800.4884300231934,250000.0,5
2024-10-04,CMS-FE,-21.039344787597656,250000.0,5
2024-10-04,DDOG-ROP,0.0,250000.0,5
2024-10-04,MPWR-STX,0.0,250000.0,5
2024-10-07,CAT-HUBB,2284.2427368164062,250000.0,5
2024-10-07,CMS-PPL,-2026.4944763183594,250000.0,5
2024-10-07,CMS-FE,1137.1900062561035,250000.0,5
2024-10-07,DDOG-ROP,-3079.1168212890625,250000.0,5
2024-10-07,MPWR-STX,-1972.2919082641602,250000.0,5
2024-10-08,CMS-PPL,-802.9441986083984,250000.0,5
2024-10-08,CMS-FE,-297.06175231933594,250000.0,5
2024-10-08,DDOG-ROP,-958.1985473632812,250000.0,5
2024-10-09,CMS-PPL,-1665.5466918945312,250000.0,5
2024-10-09,CMS-FE,-233.9443473815918,250000.0,5
2024-10-09,DDOG-ROP,-148.39508056640625,250000.0,5
2024-10-10,CMS-PPL,-2922.6253356933594,250000.0,5
2024-10-10,CMS-FE,7.387046813964844,250000.0,5
2024-10-10,DDOG-ROP,-5093.905944824219,250000.0,5
2024-10-11,CMS-PPL,-1775.5248641967773,250000.0,5
2024-10-11,CMS-FE,1566.8841590881348,250000.0,5
2024-10-11,DDOG-ROP,570.5352783203125,250000.0,5
2024-10-11,FAST-HII,0.0,250000.0,5
2024-10-14,CMS-PPL,-765.899974822998,250000.0,5
2024-10-14,DDOG-ROP,1892.8146362304688,250000.0,5
2024-10-14,FAST-HII,1679.9289779663086,250000.0,5
2024-10-15,CMS-PPL,-253.58037948608398,250000.0,5
2024-10-15,FAST-HII,-253.5651626586914,250000.0,5
2024-10-16,CMS-PPL,-1095.0329284667969,250000.0,5
2024-10-16,FAST-HII,-842.0226516723633,250000.0,5
2024-10-16,REGN-UHS,0.0,250000.0,5
2024-10-17,CMS-PPL,-2455.4134559631348,250000.0,5
2024-10-17,FAST-HII,606.6359634399414,250000.0,5
2024-10-17,REGN-UHS,441.9503173828125,250000.0,5
2024-10-18,FAST-HII,-286.4091567993164,250000.0,5
2024-10-18,REGN-UHS,-4105.486328125,250000.0,5
2024-10-18,ISRG-REGN,0.0,250000.0,5
2024-10-21,FAST-HII,-283.1355514526367,250000.0,5
2024-10-21,REGN-UHS,-6469.21533203125,250000.0,5
2024-10-21,ISRG-REGN,-5081.795166015625,250000.0,5
2024-10-22,FAST-HII,-1588.2201614379883,250000.0,5
2024-10-22,REGN-UHS,-6890.580078125,250000.0,5
2024-10-22,ISRG-REGN,-6335.332275390625,250000.0,5
2024-10-23,FAST-HII,-1331.3774795532227,250000.0,5
2024-10-23,T-TMUS,0.0,250000.0,5
2024-10-24,FAST-HII,-1909.9850616455078,250000.0,5
2024-10-24,IT-NOW,0.0,250000.0,5
2024-10-25,FAST-HII,-4103.574478149414,250000.0,5
2024-10-25,IT-NOW,-1381.2759399414062,250000.0,5
2024-10-25,REGN-UHS,0.0,250000.0,5
2024-10-28,IT-NOW,968.1101379394531,250000.0,5
2024-10-28,REGN-UHS,2746.762741088867,250000.0,5
2024-10-29,IT-NOW,1102.2883605957031,250000.0,5
2024-10-29,REGN-UHS,4588.472015380859,250000.0,5
2024-10-29,CMS-ETR,0.0,250000.0,5
2024-10-30,IT-NOW,1718.6885070800781,250000.0,5
2024-10-30,REGN-UHS,7079.726959228516,250000.0,5
2024-10-30,ETR-FE,0.0,250000.0,5
2024-10-30,CMS-FE,0.0,250000.0,5
2024-10-31,IT-NOW,-3525.466552734375,250000.0,5
2024-10-31,REGN-UHS,13288.384872436523,250000.0,5
2024-10-31,CMS-FE,-645.7235412597656,250000.0,5
2024-10-31,CMS-ETR,0.0,250000.0,5
2024-10-31,CMS-PPL,0.0,250000.0,5
2024-10-31,ETR-PPL,0.0,250000.0,5
2024-09-06,IR-WM,0.0,250000.0,6
2024-09-09,FAST-HII,0.0,250000.0,6
2024-09-10,FAST-HII,-8741.591373443604,250000.0,6
2024-09-10,LHX-ROL,0.0,250000.0,6
2024-09-10,FIS-SYF,0.0,250000.0,6
2024-09-11,FIS-SYF,-1841.119285583496,250000.0,6
2024-09-12,FIS-SYF,185.9118537902832,250000.0,6
2024-09-12,ETR-FE,0.0,250000.0,6
2024-09-13,FIS-SYF,4247.723461151123,250000.0,6
2024-09-16,FIS-SYF,4020.2793159484863,250000.0,6
2024-09-17,IR-WM,0.0,250000.0,6
2024-09-18,IR-WM,-1381.804817199707,250000.0,6
2024-09-18,AVY-SW,0.0,250000.0,6
2024-09-19,IR-WM,-425.9163589477539,250000.0,6
2024-09-19,AVY-SW,4998.638671875,250000.0,6
2024-09-19,PFG-RJF,0.0,250000.0,6
2024-09-20,IR-WM,-541.1762161254883,250000.0,6
2024-09-20,AVY-SW,6179.693332672119,250000.0,6
2024-09-20,PFG-RJF,-415.8432159423828,250000.0,6
2024-09-23,IR-WM,2699.8793182373047,250000.0,6
2024-09-23,AVY-SW,16768.578929901123,250000.0,6
2024-09-23,PFG-RJF,-940.0430755615234,250000.0,6
2024-09-24,IR-WM,2892.1458435058594,250000.0,6
2024-09-24,PFG-RJF,-529.8144073486328,250000.0,6
2024-09-24,CAT-HUBB,0.0,250000.0,6
2024-09-24,FAST-HII,0.0,250000.0,6
2024-09-24,CMI-PNR,0.0,250000.0,6
2024-09-25,PFG-RJF,-2904.255813598633,250000.0,6
2024-09-25,CAT-HUBB,3122.319122314453,250000.0,6
2024-09-25,FAST-HII,3333.0435791015625,250000.0,6
2024-09-25,CMI-PNR,4841.048675537109,250000.0,6
2024-09-26,CAT-HUBB,-508.6248779296875,250000.0,6
2024-09-26,FAST-HII,3479.973922729492,250000.0,6
2024-09-26,CMI-PNR,1434.616600036621,250000.0,6
2024-09-27,CAT-HUBB,-252.34945678710938,250000.0,6
2024-09-27,CMI-PNR,-1505.6242294311523,250000.0,6
2024-09-30,CAT-HUBB,-347.3297424316406,250000.0,6
2024-09-30,CMI-PNR,2826.88468170166,250000.0,6
2024-10-01,CAT-HUBB,-1558.1287536621094,250000.0,6
2024-10-01,CMI-PNR,-1867.1828231811523,250000.0,6
2024-10-02,CAT-HUBB,-2084.5970764160156,250000.0,6
2024-10-02,CMI-PNR,-5482.283020019531,250000.0,6
2024-10-03,CAT-HUBB,-1774.5075073242188,250000.0,6
2024-10-03,CMI-PNR,-6054.096382141113,250000.0,6
2024-10-03,CMS-FE,0.0,250000.0,6
2024-10-03,CMS-PPL,0.0,250000.0,6
2024-10-04,CAT-HUBB,-2302.3590087890625,250000.0,6
2024-10-04,CMI-PNR,-9007.27727508545,250000.0,6
2024-10-04,CMS-FE,-21.039344787597656,250000.0,6
2024-10-04,CMS-PPL,-1800.4884300231934,250000.0,6
2024-10-04,FIS-SYF,0.0,250000.0,6
2024-10-07,CAT-HUBB,2284.2427368164062,250000.0,6
2024-10-07,CMI-PNR,-9136.472579956055,250000.0,6
2024-10-07,CMS-FE,1137.1900062561035,250000.0,6
2024-10-07,CMS-PPL,-2026.4944763183594,250000.0,6
2024-10-07,FIS-SYF,894.5784301757812,250000.0,6
2024-10-08,CMI-PNR,-5763.508270263672,250000.0,6
2024-10-08,CMS-FE,-297.06175231933594,250000.0,6
2024-10-08,CMS-PPL,-802.9441986083984,250000.0,6
2024-10-09,CMS-FE,-233.9443473815918,250000.0,6
2024-10-09,CMS-PPL,-1665.5466918945312,250000.0,6
2024-10-10,CMS-FE,7.387046813964844,250000.0,6
2024-10-10,CMS-PPL,-2922.6253356933594,250000.0,6
2024-10-11,CMS-FE,1566.8841590881348,250000.0,6
2024-10-11,CMS-PPL,-1775.5248641967773,250000.0,6
2024-10-11,FAST-HII,0.0,250000.0,6
2024-10-14,CMS-PPL,-765.899974822998,250000.0,6
2024-10-14,FAST-HII,1679.9289779663086,250000.0,6
2024-10-15,CMS-PPL,-253.58037948608398,250000.0,6
2024-10-15,FAST-HII,-253.5651626586914,250000.0,6
2024-10-16,CMS-PPL,-1095.0329284667969,250000.0,6
2024-10-16,FAST-HII,-842.0226516723633,250000.0,6
2024-10-17,CMS-PPL,-2455.4134559631348,250000.0,6
2024-10-17,FAST-HII,606.6359634399414,250000.0,6
2024-10-18,FAST-HII,-286.4091567993164,250000.0,6
2024-10-21,FAST-HII,-283.1355514526367,250000.0,6
2024-10-22,FAST-HII,-1588.2201614379883,250000.0,6
2024-10-23,FAST-HII,-1331.3774795532227,250000.0,6
2024-10-23,AVY-SW,0.0,250000.0,6
2024-10-23,T-TMUS,0.0,250000.0,6
2024-10-24,FAST-HII,-1909.9850616455078,250000.0,6
2024-10-24,AVY-SW,-285.3650665283203,250000.0,6
2024-10-24,IT-NOW,0.0,250000.0,6
2024-10-24,PFG-RJF,0.0,250000.0,6
2024-10-25,FAST-HII,-4103.574478149414,250000.0,6
2024-10-25,AVY-SW,3517.660140991211,250000.0,6
2024-10-25,IT-NOW,-1381.2759399414062,250000.0,6
2024-10-25,PFG-RJF,-8720.158096313477,250000.0,6
2024-10-25,IR-WM,0.0,250000.0,6
2024-10-28,AVY-SW,6246.735992431641,250000.0,6
2024-10-28,IT-NOW,968.1101379394531,250000.0,6
2024-10-28,PFG-RJF,-12530.88272857666,250000.0,6
2024-10-28,IR-WM,1360.5094146728516,250000.0,6
2024-10-29,AVY-SW,7943.849945068359,250000.0,6
2024-10-29,IT-NOW,1102.2883605957031,250000.0,6
2024-10-29,CMS-ETR,0.0,250000.0,6
2024-10-30,AVY-SW,-18142.94776916504,250000.0,6
2024-10-30,IT-NOW,1718.6885070800781,250000.0,6
2024-10-30,CMS-FE,0.0,250000.0,6
2024-10-30,ETR-FE,0.0,250000.0,6
2024-10-31,IT-NOW,-3525.466552734375,250000.0,6
2024-10-31,CMS-FE,-645.7235412597656,250000.0,6
2024-10-31,CMS-ETR,0.0,250000.0,6
2024-10-31,CMS-PPL,0.0,250000.0,6
2024-10-31,ETR-PPL,0.0,250000.0,6
2024-10-31,HII-NSC,0.0,250000.0,6
2024-10-31,WM-XYL,0.0,250000.0,6
2024-11-01,IT-NOW,-5501.038543701172,250000.0,6
2024-11-01,CMS-FE,2350.541213989258,250000.0,6
2024-11-01,CMS-ETR,10263.951469421387,250000.0,6
2024-11-01,ETR-PPL,3672.9228191375732,250000.0,6
2024-11-01,HII-NSC,4047.0374450683594,250000.0,6
2024-11-01,WM-XYL,-3854.0318298339844,250000.0,6
2024-11-04,IT-NOW,-7562.257720947266,250000.0,6
2024-11-04,CMS-FE,1036.9066314697266,250000.0,6
2024-11-04,CMS-ETR,14479.20785522461,250000.0,6
2024-11-04,ETR-PPL,10193.028438568115,250000.0,6
2024-11-04,HII-NSC,8700.837799072266,250000.0,6
2024-11-04,WM-XYL,-1143.6860046386719,250000.0,6
2024-11-04,CMI-PNR,0.0,250000.0,6
2024-11-05,IT-NOW,-6579.65966796875,250000.0,6
2024-11-05,CMS-FE,1139.1332092285156,250000.0,6
2024-11-05,CMS-ETR,12020.91626739502,250000.0,6
2024-11-05,ETR-PPL,10262.669059753418,250000.0,6
2024-11-05,FIS-SYF,0.0,250000.0,6
2024-11-06,IT-NOW,1982.1752624511719,250000.0,6
2024-11-06,CMS-FE,2666.870895385742,250000.0,6
2024-11-06,CMS-ETR,6240.484786987305,250000.0,6
2024-11-06,ETR-PPL,9830.606077194214,250000.0,6
2024-11-06,PNC-TFC,0.0,250000.0,6
2024-11-07,IT-NOW,-1036.8548278808594,250000.0,6
2024-11-07,CMS-ETR,-321.1836853027344,250000.0,6
2024-11-07,ETR-PPL,8331.950471878052,250000.0,6
2024-11-07,PNC-TFC,3039.274726867676,250000.0,6
2024-11-08,IT-NOW,5013.353668212891,250000.0,6
2024-11-08,CMS-ETR,-1209.9178771972656,250000.0,6
2024-11-08,ETR-PPL,10428.494243621826,250000.0,6
2024-11-08,PNC-TFC,6038.419036865234,250000.0,6
2024-11-08,CAT-HUBB,0.0,250000.0,6
2024-11-11,CMS-ETR,2628.1960067749023,250000.0,6
2024-11-11,ETR-PPL,11942.874547958374,250000.0,6
2024-11-11,PNC-TFC,3440.195587158203,250000.0,6
2024-11-11,CAT-HUBB,3156.764678955078,250000.0,6
2024-11-12,CMS-ETR,2196.150062561035,250000.0,6
2024-11-12,ETR-PPL,11526.34757232666,250000.0,6
2024-11-12,PNC-TFC,3175.310707092285,250000.0,6
2024-11-13,CMS-ETR,3354.232292175293,250000.0,6
2024-11-13,PNC-TFC,2780.548328399658,250000.0,6
2024-11-14,CMS-ETR,3017.8023834228516,250000.0,6
2024-11-14,PNC-TFC,3253.650218963623,250000.0,6
2024-11-15,CMS-ETR,3334.3442153930664,250000.0,6
2024-11-15,PNC-TFC,1446.5811882019043,250000.0,6
2024-11-18,CMS-ETR,4309.572326660156,250000.0,6
2024-11-18,PNC-TFC,-431.3224411010742,250000.0,6
2024-11-19,CMS-ETR,3616.199920654297,250000.0,6
2024-11-19,PNC-TFC,-931.2225151062012,250000.0,6
2024-11-20,CMS-ETR,2055.1186904907227,250000.0,6
2024-11-20,PNC-TFC,860.860538482666,250000.0,6
2024-11-21,CMS-ETR,3803.633140563965,250000.0,6
2024-11-22,CMS-ETR,6001.5638427734375,250000.0,6
2024-11-25,CMS-ETR,4334.333557128906,250000.0,6
2024-11-25,FIS-SYF,0.0,250000.0,6
2024-11-26,CMS-ETR,2272.072090148926,250000.0,6
2024-11-26,FIS-SYF,1104.0186004638672,250000.0,6
2024-11-27,CMS-ETR,1687.499008178711,250000.0,6
2024-11-27,FIS-SYF,3467.989501953125,250000.0,6
2024-11-27,CMI-PNR,0.0,250000.0,6
2024-11-29,FIS-SYF,1441.7982482910156,250000.0,6
2024-11-29,CMI-PNR,2565.6856689453125,250000.0,6
2024-10-01,CMS-EVRG,0.0,250000.0,7
2024-10-02,CMS-EVRG,-2154.3809814453125,250000.0,7
2024-10-03,CMS-FE,0.0,250000.0,7
2024-10-03,CMS-PPL,0.0,250000.0,7
2024-10-03,AME-PCAR,0.0,250000.0,7
2024-10-04,CMS-FE,-21.039344787597656,250000.0,7
2024-10-04,CMS-PPL,-1800.4884300231934,250000.0,7
2024-10-04,AME-PCAR,-3618.3578872680664,250000.0,7
2024-10-07,CMS-FE,1137.1900062561035,250000.0,7
2024-10-07,CMS-PPL,-2026.4944763183594,250000.0,7
2024-10-07,AME-PCAR,-8617.911949157715,250000.0,7
2024-10-08,CMS-FE,-297.06175231933594,250000.0,7
2024-10-08,CMS-PPL,-802.9441986083984,250000.0,7
2024-10-08,AME-PCAR,-7528.293815612793,250000.0,7
2024-10-09,CMS-FE,-233.9443473815918,250000.0,7
2024-10-09,CMS-PPL,-1665.5466918945312,250000.0,7
2024-10-09,AME-PCAR,-6697.345924377441,250000.0,7
2024-10-10,CMS-FE,7.387046813964844,250000.0,7
2024-10-10,CMS-PPL,-2922.6253356933594,250000.0,7
2024-10-10,AME-PCAR,-6191.22900390625,250000.0,7
2024-10-11,CMS-FE,1566.8841590881348,250000.0,7
2024-10-11,CMS-PPL,-1775.5248641967773,250000.0,7
2024-10-11,FAST-HII,0.0,250000.0,7
2024-10-14,CMS-PPL,-765.899974822998,250000.0,7
2024-10-14,FAST-HII,1679.9289779663086,250000.0,7
2024-10-15,CMS-PPL,-253.58037948608398,250000.0,7
2024-10-15,FAST-HII,-253.5651626586914,250000.0,7
2024-10-16,CMS-PPL,-1095.0329284667969,250000.0,7
2024-10-16,FAST-HII,-842.0226516723633,250000.0,7
2024-10-16,DOV-GD,0.0,250000.0,7
2024-10-17,CMS-PPL,-2455.4134559631348,250000.0,7
2024-10-17,FAST-HII,606.6359634399414,250000.0,7
2024-10-17,DOV-GD,-1446.7286071777344,250000.0,7
2024-10-17,BLK-BX,0.0,250000.0,7
2024-10-18,FAST-HII,-286.4091567993164,250000.0,7
2024-10-18,DOV-GD,-1963.8407287597656,250000.0,7
2024-10-18,BLK-BX,-2626.780059814453,250000.0,7
2024-10-21,FAST-HII,-283.1355514526367,250000.0,7
2024-10-21,DOV-GD,-2660.693145751953,250000.0,7
2024-10-21,BLK-BX,-2074.9487915039062,250000.0,7
2024-10-21,ANET-MPWR,0.0,250000.0,7
2024-10-22,FAST-HII,-1588.2201614379883,250000.0,7
2024-10-22,DOV-GD,-1785.8342895507812,250000.0,7
2024-10-22,BLK-BX,1345.441650390625,250000.0,7
2024-10-22,ANET-MPWR,1651.194595336914,250000.0,7
2024-10-23,FAST-HII,-1331.3774795532227,250000.0,7
2024-10-23,DOV-GD,-308.4555358886719,250000.0,7
2024-10-23,BLK-BX,183.75106811523438,250000.0,7
2024-10-24,FAST-HII,-1909.9850616455078,250000.0,7
2024-10-24,DOV-GD,-2055.068084716797,250000.0,7
2024-10-24,BLK-BX,-4998.78125,250000.0,7
2024-10-24,IBM-NOW,0.0,250000.0,7
2024-10-24,CTAS-LII,0.0,250000.0,7
2024-10-25,FAST-HII,-4103.574478149414,250000.0,7
2024-10-25,DOV-GD,-1704.6011962890625,250000.0,7
2024-10-25,BLK-BX,-4556.0733642578125,250000.0,7
2024-10-25,IBM-NOW,-1549.8994140625,250000.0,7
2024-10-25,CTAS-LII,3322.5380859375,250000.0,7
2024-10-28,DOV-GD,572.0117492675781,250000.0,7
2024-10-28,BLK-BX,-6134.934906005859,250000.0,7
2024-10-28,IBM-NOW,-1463.2704772949219,250000.0,7
2024-10-28,CTAS-LII,2819.0965576171875,250000.0,7
2024-10-29,BLK-BX,-6739.2374267578125,250000.0,7
2024-10-29,IBM-NOW,-5604.814239501953,250000.0,7
2024-10-29,CTAS-LII,3973.1463928222656,250000.0,7
2024-10-30,BLK-BX,-10210.3251953125,250000.0,7
2024-10-30,IBM-NOW,-9329.242156982422,250000.0,7
2024-10-30,CMS-FE,0.0,250000.0,7
2024-10-30,EIX-FE,0.0,250000.0,7
2024-10-31,BLK-BX,-4279.886810302734,250000.0,7
2024-10-31,IBM-NOW,-3395.6892700195312,250000.0,7
2024-10-31,CMS-FE,-645.7235412597656,250000.0,7
2024-10-31,EIX-FE,-111.19747924804688,250000.0,7
2024-10-31,HII-NSC,0.0,250000.0,7
2024-10-31,DOV-GD,0.0,250000.0,7
2024-10-31,CMS-PPL,0.0,250000.0,7
2024-10-31,ANET-MPWR,0.0,250000.0,7
2024-10-31,AME-PCAR,0.0,250000.0,7
2024-11-01,IBM-NOW,-4864.371307373047,250000.0,7
2024-11-01,CMS-FE,2350.541213989258,250000.0,7
2024-11-01,EIX-FE,2175.264434814453,250000.0,7
2024-11-01,HII-NSC,4047.0374450683594,250000.0,7
2024-11-01,DOV-GD,1344.8688049316406,250000.0,7
2024-11-01,ANET-MPWR,-2665.1037521362305,250000.0,7
2024-11-01,AME-PCAR,5286.640762329102,250000.0,7
2024-11-04,IBM-NOW,-9365.184844970703,250000.0,7
2024-11-04,CMS-FE,1036.9066314697266,250000.0,7
2024-11-04,EIX-FE,1402.9342803955078,250000.0,7
2024-11-04,HII-NSC,8700.837799072266,250000.0,7
2024-11-04,DOV-GD,1830.6355590820312,250000.0,7
2024-11-04,ANET-MPWR,-547.4065399169922,250000.0,7
2024-11-04,AME-PCAR,6529.24494934082,250000.0,7
2024-11-05,CMS-FE,1139.1332092285156,250000.0,7
2024-11-05,EIX-FE,1278.6594848632812,250000.0,7
2024-11-05,DOV-GD,2236.6102905273438,250000.0,7
2024-11-05,ANET-MPWR,-5290.692001342773,250000.0,7
2024-11-05,AME-PCAR,11104.649948120117,250000.0,7
2024-11-05,CMS-EVRG,0.0,250000.0,7
2024-11-06,CMS-FE,2666.870895385742,250000.0,7
2024-11-06,EIX-FE,1195.4024353027344,250000.0,7
2024-11-06,DOV-GD,4670.462799072266,250000.0,7
2024-11-06,ANET-MPWR,-4219.90348815918,250000.0,7
2024-11-06,AME-PCAR,17430.990325927734,250000.0,7
2024-11-06,CMS-EVRG,-3515.4525833129883,250000.0,7
2024-11-07,EIX-FE,1009.8114013671875,250000.0,7
2024-11-07,DOV-GD,3153.25537109375,250000.0,7
2024-11-07,ANET-MPWR,-10277.553672790527,250000.0,7
2024-11-07,AME-PCAR,11642.302795410156,250000.0,7
2024-11-07,GIS-MKC,0.0,250000.0,7
2024-11-08,EIX-FE,-874.3567962646484,250000.0,7
2024-11-08,ANET-MPWR,-4215.127014160156,250000.0,7
2024-11-08,AME-PCAR,12605.671768188477,250000.0,7
2024-11-08,GIS-MKC,-1774.8036727905273,250000.0,7
2024-11-08,CAT-HUBB,0.0,250000.0,7
2024-11-08,ANET-AVGO,0.0,250000.0,7
2024-11-11,EIX-FE,-884.436767578125,250000.0,7
2024-11-11,AME-PCAR,16524.29655456543,250000.0,7
2024-11-11,CAT-HUBB,3156.764678955078,250000.0,7
2024-11-11,ANET-AVGO,4796.620574951172,250000.0,7
2024-11-12,EIX-FE,-320.3831329345703,250000.0,7
2024-11-12,AME-PCAR,13667.588500976562,250000.0,7
2024-11-12,CSCO-MCHP,0.0,250000.0,7
2024-11-13,EIX-FE,-705.0797576904297,250000.0,7
2024-11-13,AME-PCAR,12238.96939086914,250000.0,7
2024-11-13,CSCO-MCHP,-1685.9279975891113,250000.0,7
2024-11-14,AME-PCAR,10613.894302368164,250000.0,7
2024-11-14,CSCO-MCHP,-7914.37813949585,250000.0,7
2024-11-14,DOV-GD,0.0,250000.0,7
2024-11-15,AME-PCAR,4880.352188110352,250000.0,7
2024-11-15,DOV-GD,-3235.7883911132812,250000.0,7
2024-11-18,AME-PCAR,3752.8696899414062,250000.0,7
2024-11-18,DOV-GD,-4543.139663696289,250000.0,7
2024-11-19,DOV-GD,-7760.9796142578125,250000.0,7
2024-11-19,BLK-BX,0.0,250000.0,7
2024-11-19,EIX-FE,0.0,250000.0,7
2024-11-20,DOV-GD,-8175.3612060546875,250000.0,7
2024-11-20,BLK-BX,-1246.8595275878906,250000.0,7
2024-11-20,EIX-FE,-203.96620178222656,250000.0,7
2024-11-21,DOV-GD,-10920.580749511719,250000.0,7
2024-11-21,EIX-FE,387.1368408203125,250000.0,7
2024-11-21,ANET-AVGO,0.0,250000.0,7
2024-11-22,DOV-GD,-10677.03921508789,250000.0,7
2024-11-22,EIX-FE,-672.4866638183594,250000.0,7
2024-11-22,ANET-AVGO,-337.081787109375,250000.0,7
2024-11-25,EIX-FE,-1712.3821868896484,250000.0,7
2024-11-25,ANET-AVGO,4050.4850463867188,250000.0,7
2024-11-26,EIX-FE,-629.2156219482422,250000.0,7
2024-11-26,ANET-AVGO,-514.1969604492188,250000.0,7
2024-11-27,EIX-FE,-13.405685424804688,250000.0,7
2024-11-27,ANET-AVGO,-5126.419372558594,250000.0,7
2024-11-29,EIX-FE,970.8798980712891,250000.0,7
2024-11-29,ANET-AVGO,-3274.0206298828125,250000.0,7
2024-12-02,EIX-FE,-262.418212890625,250000.0,7
2024-12-02,ANET-AVGO,1270.6547241210938,250000.0,7
2024-12-03,EIX-FE,991.0274353027344,250000.0,7
2024-12-03,ANET-AVGO,1520.97802734375,250000.0,7
2024-12-04,EIX-FE,1190.979263305664,250000.0,7
2024-12-04,ANET-AVGO,1448.66748046875,250000.0,7
2024-12-05,EIX-FE,215.7245330810547,250000.0,7
2024-12-05,ANET-AVGO,-1578.1477661132812,250000.0,7
2024-12-06,EIX-FE,225.76068115234375,250000.0,7
2024-12-06,ANET-AVGO,9302.274719238281,250000.0,7
2024-12-09,EIX-FE,1406.164779663086,250000.0,7
2024-12-09,GIS-MKC,0.0,250000.0,7
2024-12-09,CMS-PPL,0.0,250000.0,7
2024-12-09,HSY-PEP,0.0,250000.0,7
2024-12-09,CMS-EVRG,0.0,250000.0,7
2024-12-10,EIX-FE,35.30598449707031,250000.0,7
2024-12-10,CMS-PPL,178.94230461120605,250000.0,7
2024-12-10,HSY-PEP,5126.087661743164,250000.0,7
2024-12-10,CMS-EVRG,-465.7635955810547,250000.0,7
2024-12-11,EIX-FE,575.09130859375,250000.0,7
2024-12-11,CMS-PPL,1578.6335697174072,250000.0,7
2024-12-11,CMS-EVRG,1322.5726318359375,250000.0,7
2024-12-12,EIX-FE,1685.2924346923828,250000.0,7
2024-12-12,CMS-PPL,-2476.392478942871,250000.0,7
2024-12-12,CMS-EVRG,185.16012573242188,250000.0,7
2024-12-13,EIX-FE,762.7812652587891,250000.0,7
2024-12-13,CMS-PPL,-3458.1232376098633,250000.0,7
2024-12-13,CMS-EVRG,-1396.9473037719727,250000.0,7
2024-12-13,ANET-AVGO,0.0,250000.0,7
2024-12-16,EIX-FE,197.01730346679688,250000.0,7
2024-12-16,CMS-PPL,-1131.235631942749,250000.0,7
2024-12-16,CMS-EVRG,-1772.0983352661133,250000.0,7
2024-12-16,ANET-AVGO,-21544.493194580078,250000.0,7
2024-12-17,EIX-FE,1379.641845703125,250000.0,7
2024-12-17,CMS-PPL,-2738.323661804199,250000.0,7
2024-12-17,CMS-EVRG,-2321.6120223999023,250000.0,7
2024-12-17,ANET-AVGO,-16252.640609741211,250000.0,7
2024-12-18,EIX-FE,2331.324722290039,250000.0,7
2024-12-18,CMS-PPL,-3801.912836074829,250000.0,7
2024-12-18,ANET-AVGO,-5378.869400024414,250000.0,7
2024-12-19,CMS-PPL,-229.1272678375244,250000.0,7
2024-12-19,ANET-AVGO,2069.685073852539,250000.0,7
2024-12-19,CTAS-LII,0.0,250000.0,7
2024-12-20,CMS-PPL,9.440093994140625,250000.0,7
2024-12-20,ANET-AVGO,5142.972579956055,250000.0,7
2024-12-20,CTAS-LII,1711.5616455078125,250000.0,7
2024-12-23,CMS-PPL,-345.66319465637207,250000.0,7
2024-12-23,ANET-AVGO,-7965.972793579102,250000.0,7
2024-12-23,CTAS-LII,3230.9111328125,250000.0,7
2024-12-24,CMS-PPL,590.5947895050049,250000.0,7
2024-12-24,ANET-AVGO,-13709.935165405273,250000.0,7
2024-12-24,CTAS-LII,2294.68310546875,250000.0,7
2024-12-26,CMS-PPL,302.52509689331055,250000.0,7
2024-12-26,ANET-AVGO,-19715.144561767578,250000.0,7
2024-12-26,CTAS-LII,-1060.300537109375,250000.0,7
2024-12-27,ANET-AVGO,-18538.273696899414,250000.0,7
2024-12-27,CTAS-LII,652.0277099609375,250000.0,7
2024-12-30,CTAS-LII,3468.0938720703125,250000.0,7
2024-12-31,CTAS-LII,3694.098388671875,250000.0,7
2024-11-04,D-PEG,0.0,250000.0,8
2024-11-05,D-PEG,1556.9038047790527,250000.0,8
2024-11-06,IT-ORCL,0.0,250000.0,8
2024-11-06,BDX-ELV,0.0,250000.0,8
2024-11-06,BDX-CVS,0.0,250000.0,8
2024-11-07,IT-ORCL,3981.9351196289062,250000.0,8
2024-11-07,BDX-CVS,4887.177261352539,250000.0,8
2024-11-07,BDX-CI,0.0,250000.0,8
2024-11-08,IT-ORCL,2613.0745239257812,250000.0,8
2024-11-08,BDX-CI,2101.8837890625,250000.0,8
2024-11-11,IT-ORCL,1194.9443359375,250000.0,8
2024-11-12,IT-ORCL,450.37200927734375,250000.0,8
2024-11-13,IT-ORCL,-396.0856018066406,250000.0,8
2024-11-26,DDOG-NTAP,0.0,250000.0,8
2024-12-11,BDX-CI,0.0,250000.0,8
2024-12-12,BDX-CI,-13301.928161621094,250000.0,8
2024-12-13,BDX-CI,-13213.407150268555,250000.0,8
2024-12-18,FFIV-IT,0.0,250000.0,8
2024-12-19,FFIV-IT,120.55538940429688,250000.0,8
2025-01-06,IBM-IT,0.0,250000.0,8
2025-01-07,IBM-IT,409.0622253417969,250000.0,8
2025-01-08,IBM-IT,-1776.2364044189453,250000.0,8
2025-01-10,IBM-IT,731.7775115966797,250000.0,8
2025-01-13,IBM-IT,-1889.3701629638672,250000.0,8
2025-01-13,BDX-CVS,0.0,250000.0,8
2025-01-14,BDX-CVS,-934.6854400634766,250000.0,8
2025-01-15,BDX-CVS,-9396.408599853516,250000.0,8
2025-01-16,BDX-CVS,-1939.7475357055664,250000.0,8
2025-01-17,BDX-CVS,-3225.9190521240234,250000.0,8
2025-01-21,BDX-CVS,-492.00965881347656,250000.0,8
2025-01-22,BDX-CVS,-4063.084945678711,250000.0,8
2025-01-22,DDOG-NTAP,0.0,250000.0,8
2025-01-23,BDX-CVS,-6884.485885620117,250000.0,8
2025-01-23,BDX-CI,0.0,250000.0,8
2025-01-24,BDX-CVS,-5183.807373046875,250000.0,8
2025-01-24,BDX-CI,3487.2824096679688,250000.0,8
2025-01-27,BDX-CVS,-3975.975860595703,250000.0,8
2025-01-27,BDX-CI,-2612.2703857421875,250000.0,8
2025-01-27,D-PEG,0.0,250000.0,8
2025-01-28,BDX-CI,142.31622314453125,250000.0,8
2025-01-28,D-PEG,-164.0150146484375,250000.0,8
2025-01-29,BDX-CI,-1987.4307250976562,250000.0,8
2025-01-29,D-PEG,165.02841186523438,250000.0,8
2025-01-30,D-PEG,5126.56103515625,250000.0,8
2025-01-31,D-PEG,4715.841766357422,250000.0,8
2025-01-31,DDOG-IBM,0.0,250000.0,8
2024-12-06,WST-ZBH,0.0,250000.0,9
2024-12-06,KEY-RF,0.0,250000.0,9
2024-12-09,WST-ZBH,3405.351593017578,250000.0,9
2024-12-09,KEY-RF,-934.402774810791,250000.0,9
2024-12-09,AJG-MRSH,0.0,250000.0,9
2024-12-10,WST-ZBH,1579.6356658935547,250000.0,9
2024-12-10,AJG-MRSH,536.5941162109375,250000.0,9
2024-12-10,CINF-NDAQ,0.0,250000.0,9
2024-12-10,HIG-PGR,0.0,250000.0,9
2024-12-10,CINF-KEY,0.0,250000.0,9
2024-12-11,WST-ZBH,-1631.203628540039,250000.0,9
2024-12-11,AJG-MRSH,-814.4853210449219,250000.0,9
2024-12-11,CINF-NDAQ,-76.70451354980469,250000.0,9
2024-12-12,WST-ZBH,-4804.704238891602,250000.0,9
2024-12-12,AJG-MRSH,2012.1117858886719,250000.0,9
2024-12-12,CINF-NDAQ,1980.0994186401367,250000.0,9
2024-12-12,MLM-STLD,0.0,250000.0,9
2024-12-13,WST-ZBH,-4683.21061706543,250000.0,9
2024-12-13,AJG-MRSH,-424.8016357421875,250000.0,9
2024-12-13,CINF-NDAQ,4396.855308532715,250000.0,9
2024-12-13,MLM-STLD,-5174.294006347656,250000.0,9
2024-12-16,WST-ZBH,-4545.606155395508,250000.0,9
2024-12-16,AJG-MRSH,-3264.754638671875,250000.0,9
2024-12-16,CINF-NDAQ,3440.9366912841797,250000.0,9
2024-12-16,MLM-STLD,-4162.630020141602,250000.0,9
2024-12-17,WST-ZBH,-2575.8483276367188,250000.0,9
2024-12-17,AJG-MRSH,-1865.935791015625,250000.0,9
2024-12-17,CINF-NDAQ,-368.2602310180664,250000.0,9
2024-12-17,MLM-STLD,-8718.197204589844,250000.0,9
2024-12-18,WST-ZBH,-5655.857467651367,250000.0,9
2024-12-18,AJG-MRSH,-3730.783477783203,250000.0,9
2024-12-18,CINF-NDAQ,-614.2624893188477,250000.0,9
2024-12-18,MLM-STLD,-6466.376373291016,250000.0,9
2024-12-18,PNC-RF,0.0,250000.0,9
2024-12-19,WST-ZBH,-6151.351501464844,250000.0,9
2024-12-19,AJG-MRSH,-3462.2777709960938,250000.0,9
2024-12-19,CINF-NDAQ,-276.82559967041016,250000.0,9
2024-12-19,MLM-STLD,-3059.084129333496,250000.0,9
2024-12-19,PNC-RF,1388.6785469055176,250000.0,9
2024-12-19,CTAS-LII,0.0,250000.0,9
2024-12-20,WST-ZBH,-4107.553955078125,250000.0,9
2024-12-20,AJG-MRSH,-3596.6851501464844,250000.0,9
2024-12-20,CINF-NDAQ,2109.705307006836,250000.0,9
2024-12-20,MLM-STLD,-7328.614936828613,250000.0,9
2024-12-20,CTAS-LII,1711.5616455078125,250000.0,9
2024-12-23,AJG-MRSH,-3711.2303161621094,250000.0,9
2024-12-23,CINF-NDAQ,-1048.9472045898438,250000.0,9
2024-12-23,MLM-STLD,-5990.851524353027,250000.0,9
2024-12-23,CTAS-LII,3230.9111328125,250000.0,9
2024-12-24,CINF-NDAQ,-669.9462814331055,250000.0,9
2024-12-24,MLM-STLD,-4304.6469802856445,250000.0,9
2024-12-24,CTAS-LII,2294.68310546875,250000.0,9
2024-12-26,MLM-STLD,-3517.6708374023438,250000.0,9
2024-12-26,CTAS-LII,-1060.300537109375,250000.0,9
2024-12-27,CTAS-LII,652.0277099609375,250000.0,9
2024-12-30,CTAS-LII,3468.0938720703125,250000.0,9
2024-12-31,CTAS-LII,3694.098388671875,250000.0,9
2025-01-02,CTAS-LII,4875.522216796875,250000.0,9
2025-01-02,AJG-MRSH,0.0,250000.0,9
2025-01-02,INCY-PODD,0.0,250000.0,9
2025-01-03,CTAS-LII,6186.4583740234375,250000.0,9
2025-01-06,CTAS-LII,6367.815185546875,250000.0,9
2025-01-06,KEY-NDAQ,0.0,250000.0,9
2025-01-06,EXR-VTR,0.0,250000.0,9
2025-01-06,NDAQ-PNC,0.0,250000.0,9
2025-01-06,MLM-STLD,0.0,250000.0,9
2025-01-07,KEY-NDAQ,300.9435911178589,250000.0,9
2025-01-07,EXR-VTR,830.2788391113281,250000.0,9
2025-01-07,NDAQ-PNC,-711.6906280517578,250000.0,9
2025-01-07,MLM-STLD,-8482.278358459473,250000.0,9
2025-01-08,MLM-STLD,4468.2372970581055,250000.0,9
2025-01-10,MLM-STLD,-1108.6395263671875,250000.0,9
2025-01-10,EG-GPN,0.0,250000.0,9
2025-01-10,WRB-WTW,0.0,250000.0,9
2025-01-13,EG-GPN,1800.9733123779297,250000.0,9
2025-01-14,EG-GPN,7821.86279296875,250000.0,9
2025-01-15,EG-GPN,9794.824295043945,250000.0,9
2025-01-16,EG-GPN,11042.06396484375,250000.0,9
2025-01-17,EG-GPN,10303.013916015625,250000.0,9
2025-01-17,KEY-RF,0.0,250000.0,9
2025-01-27,CAT-HUBB,0.0,250000.0,9
2025-01-27,FFIV-NOW,0.0,250000.0,9
2025-01-28,CAT-HUBB,1401.2342224121094,250000.0,9
2025-01-28,FFIV-NOW,-17.65924072265625,250000.0,9
2025-01-29,CAT-HUBB,2702.098388671875,250000.0,9
2025-01-30,FFIV-NOW,0.0,250000.0,9
2025-01-31,FFIV-NOW,4837.214904785156,250000.0,9
2025-02-03,FFIV-NOW,7160.229583740234,250000.0,9
2025-02-04,FFIV-NOW,742.2914123535156,250000.0,9
2025-02-04,WRB-WTW,0.0,250000.0,9
2025-02-05,FFIV-NOW,2028.4303894042969,250000.0,9
2025-02-05,WRB-WTW,-1380.9816360473633,250000.0,9
2025-02-06,FFIV-NOW,-2265.572265625,250000.0,9
2025-02-06,WRB-WTW,1648.1971168518066,250000.0,9
2025-02-06,WST-ZBH,0.0,250000.0,9
2025-02-07,FFIV-NOW,-5283.761901855469,250000.0,9
2025-02-07,WRB-WTW,686.7387237548828,250000.0,9
2025-02-07,WST-ZBH,-2801.2809448242188,250000.0,9
2025-02-10,FFIV-NOW,-3376.7823791503906,250000.0,9
2025-02-10,WRB-WTW,2239.278610229492,250000.0,9
2025-02-10,WST-ZBH,-4481.486343383789,250000.0,9
2025-02-10,INCY-PODD,0.0,250000.0,9
2025-02-10,MLM-STLD,0.0,250000.0,9
2025-02-11,FFIV-NOW,-6558.6397705078125,250000.0,9
2025-02-11,WRB-WTW,-3516.953025817871,250000.0,9
2025-02-11,WST-ZBH,-7691.684150695801,250000.0,9
2025-02-11,INCY-PODD,-3504.164520263672,250000.0,9
2025-02-11,MLM-STLD,-4859.634857177734,250000.0,9
2025-02-11,CINF-NDAQ,0.0,250000.0,9
2025-02-11,HIG-PGR,0.0,250000.0,9
2025-02-12,FFIV-NOW,-14941.425048828125,250000.0,9
2025-02-12,WRB-WTW,-2375.366439819336,250000.0,9
2025-02-12,WST-ZBH,-7646.949974060059,250000.0,9
2025-02-12,INCY-PODD,6766.2974853515625,250000.0,9
2025-02-12,MLM-STLD,-6759.254653930664,250000.0,9
2025-02-12,CINF-NDAQ,3902.591453552246,250000.0,9
2025-02-12,HIG-PGR,396.23492431640625,250000.0,9
2025-02-12,GM-GRMN,0.0,250000.0,9
2025-02-13,FFIV-NOW,-13071.535583496094,250000.0,9
2025-02-13,WRB-WTW,-1991.219352722168,250000.0,9
2025-02-13,INCY-PODD,6683.609001159668,250000.0,9
2025-02-13,MLM-STLD,371.9431610107422,250000.0,9
2025-02-13,HIG-PGR,-3162.364715576172,250000.0,9
2025-02-13,GM-GRMN,-58.870628356933594,250000.0,9
2025-02-13,EXR-VTR,0.0,250000.0,9
2025-02-14,WRB-WTW,-106.23664474487305,250000.0,9
2025-02-14,MLM-STLD,-7602.119842529297,250000.0,9
2025-02-14,HIG-PGR,-4068.9630737304688,250000.0,9
2025-02-14,GM-GRMN,931.9396934509277,250000.0,9
2025-02-14,EXR-VTR,-7262.59220123291,250000.0,9
2025-02-14,PNC-RF,0.0,250000.0,9
2025-02-18,WRB-WTW,881.4885330200195,250000.0,9
2025-02-18,HIG-PGR,-4097.60302734375,250000.0,9
2025-02-18,GM-GRMN,4434.540035247803,250000.0,9
2025-02-18,EXR-VTR,-8164.157264709473,250000.0,9
2025-02-18,PNC-RF,-80.9080753326416,250000.0,9
2025-02-19,WRB-WTW,2648.9386024475098,250000.0,9
2025-02-19,EXR-VTR,-10193.323768615723,250000.0,9
2025-02-19,PNC-RF,-1663.3894214630127,250000.0,9
2025-02-20,WRB-WTW,3122.941593170166,250000.0,9
2025-02-20,EXR-VTR,-7362.7175369262695,250000.0,9
2025-02-20,PNC-RF,30.31922721862793,250000.0,9
2025-02-21,WRB-WTW,2398.7290000915527,250000.0,9
2025-02-21,EXR-VTR,-4387.934959411621,250000.0,9
2025-02-21,PNC-RF,1894.4549732208252,250000.0,9
2025-02-24,WRB-WTW,214.36219787597656,250000.0,9
2025-02-24,EXR-VTR,-7426.597450256348,250000.0,9
2025-02-24,PNC-RF,-45.30912780761719,250000.0,9
2025-02-25,WRB-WTW,2317.545986175537,250000.0,9
2025-02-25,EXR-VTR,-6442.882499694824,250000.0,9
2025-02-25,PNC-RF,33.26761436462402,250000.0,9
2025-02-25,INCY-PODD,0.0,250000.0,9
2025-02-26,PNC-RF,649.972749710083,250000.0,9
2025-02-26,INCY-PODD,3823.238868713379,250000.0,9
2025-02-27,PNC-RF,2458.715566635132,250000.0,9
2025-02-27,INCY-PODD,1759.1148071289062,250000.0,9
2025-02-28,PNC-RF,3667.250816345215,250000.0,9
2025-02-28,INCY-PODD,6252.128288269043,250000.0,9
2025-01-06,ADM-BG,0.0,250000.0,10
2025-01-06,ALL-NDAQ,0.0,250000.0,10
2025-01-06,ALL-CINF,0.0,250000.0,10
2025-01-07,ADM-BG,-578.3136901855469,250000.0,10
2025-01-07,ALL-NDAQ,1711.2639465332031,250000.0,10
2025-01-07,ALL-CINF,-728.8639526367188,250000.0,10
2025-01-08,ADM-BG,3102.8780517578125,250000.0,10
2025-01-08,IR-WM,0.0,250000.0,10
2025-01-10,ADM-BG,-2186.1302490234375,250000.0,10
2025-01-10,IR-WM,-3844.062484741211,250000.0,10
2025-01-13,ADM-BG,1130.505630493164,250000.0,10
2025-01-13,IR-WM,-2590.531448364258,250000.0,10
2025-01-13,RVTY-WST,0.0,250000.0,10
2025-01-13,EG-PFG,0.0,250000.0,10
2025-01-14,ADM-BG,-2874.736328125,250000.0,10
2025-01-14,IR-WM,-480.3969039916992,250000.0,10
2025-01-14,EG-PFG,601.2252197265625,250000.0,10
2025-01-15,ADM-BG,595.0532531738281,250000.0,10
2025-01-15,IR-WM,66.55815887451172,250000.0,10
2025-01-15,EG-PFG,-3649.1475524902344,250000.0,10
2025-01-16,IR-WM,-3272.8416595458984,250000.0,10
2025-01-17,IR-WM,-2568.6451568603516,250000.0,10
2025-01-21,IR-WM,-1024.749656677246,250000.0,10
2025-01-22,IR-WM,983.6847991943359,250000.0,10
2025-01-22,INTU-TDY,0.0,250000.0,10
2025-01-23,IR-WM,2371.4223861694336,250000.0,10
2025-01-23,INTU-TDY,-3932.84619140625,250000.0,10
2025-01-24,IR-WM,1877.9993743896484,250000.0,10
2025-01-24,INTU-TDY,-3665.210205078125,250000.0,10
2025-01-27,INTU-TDY,640.168701171875,250000.0,10
2025-01-27,CAT-HUBB,0.0,250000.0,10
2025-01-27,INTU-MU,0.0,250000.0,10
2025-01-27,ALL-CINF,0.0,250000.0,10
2025-01-28,INTU-TDY,-653.44873046875,250000.0,10
2025-01-28,CAT-HUBB,1401.2342224121094,250000.0,10
2025-01-28,INTU-MU,-8392.605743408203,250000.0,10
2025-01-28,ALL-CINF,1267.6016845703125,250000.0,10
2025-01-28,EW-RVTY,0.0,250000.0,10
2025-01-29,INTU-TDY,-1744.17333984375,250000.0,10
2025-01-29,CAT-HUBB,2702.098388671875,250000.0,10
2025-01-29,INTU-MU,-7010.83854675293,250000.0,10
2025-01-29,ALL-CINF,-512.2191467285156,250000.0,10
2025-01-29,EG-PFG,0.0,250000.0,10
2025-01-30,INTU-TDY,-4699.49169921875,250000.0,10
2025-01-30,ALL-CINF,-4394.925933837891,250000.0,10
2025-01-30,EG-PFG,7.941825866699219,250000.0,10
2025-01-31,INTU-TDY,-1558.528564453125,250000.0,10
2025-01-31,ALL-CINF,-5318.80322265625,250000.0,10
2025-01-31,EG-PFG,45.15802001953125,250000.0,10
2025-02-03,INTU-TDY,183.342041015625,250000.0,10
2025-02-03,ALL-CINF,-4923.340423583984,250000.0,10
2025-02-03,EG-PFG,2945.671585083008,250000.0,10
2025-02-04,INTU-TDY,-4750.865478515625,250000.0,10
2025-02-04,ALL-CINF,-5300.772247314453,250000.0,10
2025-02-04,EG-PFG,1351.0306930541992,250000.0,10
2025-02-04,ADM-BG,0.0,250000.0,10
2025-02-05,INTU-TDY,-5830.444091796875,250000.0,10
2025-02-05,ALL-CINF,-6997.481048583984,250000.0,10
2025-02-05,EG-PFG,408.08484649658203,250000.0,10
2025-02-06,ALL-CINF,-3010.7211303710938,250000.0,10
2025-02-06,EG-PFG,-296.7342834472656,250000.0,10
2025-02-06,BDX-IQV,0.0,250000.0,10
2025-02-06,INTU-QCOM,0.0,250000.0,10
2025-02-06,WST-ZBH,0.0,250000.0,10
2025-02-07,ALL-CINF,-1845.86279296875,250000.0,10
2025-02-07,EG-PFG,-6094.793067932129,250000.0,10
2025-02-07,BDX-IQV,4781.702880859375,250000.0,10
2025-02-07,INTU-QCOM,-4089.0555267333984,250000.0,10
2025-02-07,WST-ZBH,-2801.2809448242188,250000.0,10
2025-02-10,ALL-CINF,2137.777862548828,250000.0,10
2025-02-10,BDX-IQV,5876.723709106445,250000.0,10
2025-02-10,INTU-QCOM,2395.652297973633,250000.0,10
2025-02-10,WST-ZBH,-4481.486343383789,250000.0,10
2025-02-10,ROK-XYL,0.0,250000.0,10
2025-02-11,ALL-CINF,3944.6951904296875,250000.0,10
2025-02-11,BDX-IQV,13082.216110229492,250000.0,10
2025-02-11,INTU-QCOM,3149.7222290039062,250000.0,10
2025-02-11,WST-ZBH,-7691.684150695801,250000.0,10
2025-02-11,ROK-XYL,-2159.6331176757812,250000.0,10
2025-02-11,CINF-NDAQ,0.0,250000.0,10
2025-02-12,BDX-IQV,13099.045791625977,250000.0,10
2025-02-12,INTU-QCOM,-1072.7608795166016,250000.0,10
2025-02-12,WST-ZBH,-7646.949974060059,250000.0,10
2025-02-12,ROK-XYL,2756.6190795898438,250000.0,10
2025-02-12,CINF-NDAQ,3902.591453552246,250000.0,10
2025-02-13,BDX-IQV,14373.039016723633,250000.0,10
2025-02-13,INTU-QCOM,3022.8429107666016,250000.0,10
2025-02-13,ROK-XYL,2084.406707763672,250000.0,10
2025-02-14,BDX-IQV,17270.851821899414,250000.0,10
2025-02-14,ROK-XYL,7378.113616943359,250000.0,10
2025-02-14,IR-WM,0.0,250000.0,10
2025-02-18,BDX-IQV,17942.948760986328,250000.0,10
2025-02-18,ROK-XYL,620.7298889160156,250000.0,10
2025-02-18,IR-WM,304.6416015625,250000.0,10
2025-02-19,BDX-IQV,16352.314453125,250000.0,10
2025-02-19,ROK-XYL,1929.8966674804688,250000.0,10
2025-02-19,IR-WM,-895.6227874755859,250000.0,10
2025-02-20,ROK-XYL,1096.4226989746094,250000.0,10
2025-02-20,IR-WM,-521.2054138183594,250000.0,10
2025-02-21,IR-WM,-2270.6179962158203,250000.0,10
2025-02-21,INTU-QCOM,0.0,250000.0,10
2025-02-24,INTU-QCOM,-6167.481353759766,250000.0,10
2025-02-25,INTU-QCOM,-8446.981353759766,250000.0,10
2025-02-26,INTU-QCOM,7694.017791748047,250000.0,10
2025-02-27,INTU-QCOM,-9198.301467895508,250000.0,10
2025-02-27,EW-RVTY,0.0,250000.0,10
2025-02-28,INTU-QCOM,-2228.8036499023438,250000.0,10
2025-02-28,EW-RVTY,4242.4221115112305,250000.0,10
2025-02-28,MOS-NUE,0.0,250000.0,10
2025-03-03,INTU-QCOM,-10295.344543457031,250000.0,10
2025-03-03,EW-RVTY,-153.74600982666016,250000.0,10
2025-03-03,MOS-NUE,2194.899953842163,250000.0,10
2025-03-04,INTU-QCOM,-9666.191650390625,250000.0,10
2025-03-04,EW-RVTY,-2729.3177490234375,250000.0,10
2025-03-04,CME-MA,0.0,250000.0,10
2025-03-05,INTU-QCOM,543.6490020751953,250000.0,10
2025-03-05,EW-RVTY,5498.436546325684,250000.0,10
2025-03-05,CME-MA,-437.1844024658203,250000.0,10
2025-03-06,INTU-QCOM,-4248.2159423828125,250000.0,10
2025-03-06,CME-MA,-3919.37109375,250000.0,10
2025-03-06,CAT-HUBB,0.0,250000.0,10
2025-03-07,INTU-QCOM,4307.800827026367,250000.0,10
2025-03-07,CAT-HUBB,-2087.7405395507812,250000.0,10
2025-03-17,INTU-MPWR,0.0,250000.0,10
2025-03-18,INTU-MPWR,7618.8255615234375,250000.0,10
2025-03-19,INTU-MPWR,4051.5194091796875,250000.0,10
2025-03-20,INTU-MPWR,12572.2060546875,250000.0,10
2025-02-05,HBAN-NTRS,0.0,250000.0,11
2025-02-06,HBAN-NTRS,2105.381028175354,250000.0,11
2025-02-07,HBAN-NTRS,-640.3407897949219,250000.0,11
2025-02-10,HBAN-NTRS,2221.0454473495483,250000.0,11
2025-02-10,ROK-XYL,0.0,250000.0,11
2025-02-10,MLM-STLD,0.0,250000.0,11
2025-02-10,AME-ROK,0.0,250000.0,11
2025-02-11,ROK-XYL,-2159.6331176757812,250000.0,11
2025-02-11,MLM-STLD,-4859.634857177734,250000.0,11
2025-02-11,AME-ROK,-1660.1875915527344,250000.0,11
2025-02-12,ROK-XYL,2756.6190795898438,250000.0,11
2025-02-12,MLM-STLD,-6759.254653930664,250000.0,11
2025-02-12,AME-ROK,-35.666595458984375,250000.0,11
2025-02-13,ROK-XYL,2084.406707763672,250000.0,11
2025-02-13,MLM-STLD,371.9431610107422,250000.0,11
2025-02-13,AME-ROK,1868.3358459472656,250000.0,11
2025-02-14,ROK-XYL,7378.113616943359,250000.0,11
2025-02-14,MLM-STLD,-7602.119842529297,250000.0,11
2025-02-14,AME-ROK,4710.936462402344,250000.0,11
2025-02-14,IR-OTIS,0.0,250000.0,11
2025-02-18,ROK-XYL,620.7298889160156,250000.0,11
2025-02-18,AME-ROK,-1354.9707641601562,250000.0,11
2025-02-18,IR-OTIS,-400.4974822998047,250000.0,11
2025-02-19,ROK-XYL,1929.8966674804688,250000.0,11
2025-02-19,AME-ROK,3574.205596923828,250000.0,11
2025-02-19,IR-OTIS,-4085.081817626953,250000.0,11
2025-02-19,HSIC-VEEV,0.0,250000.0,11
2025-02-20,ROK-XYL,1096.4226989746094,250000.0,11
2025-02-20,AME-ROK,325.81776428222656,250000.0,11
2025-02-20,IR-OTIS,-4034.101936340332,250000.0,11
2025-02-20,HSIC-VEEV,-871.9787902832031,250000.0,11
2025-02-21,ROK-XYL,9486.279815673828,250000.0,11
2025-02-21,AME-ROK,4960.857482910156,250000.0,11
2025-02-21,IR-OTIS,-7853.781875610352,250000.0,11
2025-02-21,HSIC-VEEV,-2682.943099975586,250000.0,11
2025-02-24,AME-ROK,6798.538436889648,250000.0,11
2025-02-24,IR-OTIS,-10018.232208251953,250000.0,11
2025-02-24,HSIC-VEEV,-3027.737762451172,250000.0,11
2025-02-25,AME-ROK,10910.171630859375,250000.0,11
2025-02-25,IR-OTIS,-12733.366859436035,250000.0,11
2025-02-25,HSIC-VEEV,-5049.358291625977,250000.0,11
2025-02-26,IR-OTIS,-9376.096824645996,250000.0,11
2025-02-27,IR-OTIS,-8206.568710327148,250000.0,11
2025-02-28,IR-OTIS,-9542.102325439453,250000.0,11
2025-02-28,CPAY-MA,0.0,250000.0,11
2025-03-03,CPAY-MA,214.503662109375,250000.0,11
2025-03-03,DD-ECL,0.0,250000.0,11
2025-03-04,CPAY-MA,2992.0514221191406,250000.0,11
2025-03-04,DD-ECL,-243.60263061523438,250000.0,11
2025-03-04,META-NFLX,0.0,250000.0,11
2025-03-04,CME-MA,0.0,250000.0,11
2025-03-04,FAST-ITW,0.0,250000.0,11
2025-03-04,MLM-STLD,0.0,250000.0,11
2025-03-05,DD-ECL,1397.7312469482422,250000.0,11
2025-03-05,META-NFLX,1776.6558532714844,250000.0,11
2025-03-05,CME-MA,-437.1844024658203,250000.0,11
2025-03-05,MLM-STLD,-3281.3004760742188,250000.0,11
2025-03-06,DD-ECL,3175.695785522461,250000.0,11
2025-03-06,CME-MA,-3919.37109375,250000.0,11
2025-03-06,MLM-STLD,-7514.334121704102,250000.0,11
2025-03-06,CAT-HUBB,0.0,250000.0,11
2025-03-06,HSIC-VEEV,0.0,250000.0,11
2025-03-07,DD-ECL,-759.3711547851562,250000.0,11
2025-03-07,MLM-STLD,-2070.368980407715,250000.0,11
2025-03-07,CAT-HUBB,-2087.7405395507812,250000.0,11
2025-03-07,HSIC-VEEV,-8640.948318481445,250000.0,11
2025-03-10,DD-ECL,76.07322692871094,250000.0,11
2025-03-10,HSIC-VEEV,325.81654357910156,250000.0,11
2025-03-11,HSIC-VEEV,4653.965621948242,250000.0,11
2025-03-11,FAST-ITW,0.0,250000.0,11
2025-03-11,HBAN-NTRS,0.0,250000.0,11
2025-03-12,HSIC-VEEV,-2050.922317504883,250000.0,11
2025-03-12,FAST-ITW,-1042.6224899291992,250000.0,11
2025-03-12,HBAN-NTRS,694.42405128479,250000.0,11
2025-03-13,HSIC-VEEV,3727.013656616211,250000.0,11
2025-03-13,FAST-ITW,2121.070343017578,250000.0,11
2025-03-13,HBAN-NTRS,-2626.7682151794434,250000.0,11
2025-03-14,HSIC-VEEV,-1650.193618774414,250000.0,11
2025-03-14,FAST-ITW,3350.663330078125,250000.0,11
2025-03-14,HBAN-NTRS,167.55448055267334,250000.0,11
2025-03-17,HSIC-VEEV,-2744.4413299560547,250000.0,11
2025-03-17,FAST-ITW,3553.318588256836,250000.0,11
2025-03-17,HBAN-NTRS,1031.8803434371948,250000.0,11
2025-03-18,HSIC-VEEV,-1860.0914154052734,250000.0,11
2025-03-18,FAST-ITW,2056.334541320801,250000.0,11
2025-03-18,HBAN-NTRS,-123.08450508117676,250000.0,11
2025-03-19,HSIC-VEEV,-4519.90315246582,250000.0,11
2025-03-19,FAST-ITW,2970.0797729492188,250000.0,11
2025-03-19,HBAN-NTRS,733.421498298645,250000.0,11
2025-03-20,HSIC-VEEV,-3754.370559692383,250000.0,11
2025-03-20,FAST-ITW,1828.6343536376953,250000.0,11
2025-03-20,HBAN-NTRS,-137.9819164276123,250000.0,11
2025-03-21,FAST-ITW,1229.4887466430664,250000.0,11
2025-03-21,HBAN-NTRS,-963.461745262146,250000.0,11
2025-03-24,FAST-ITW,1530.8732833862305,250000.0,11
2025-03-24,HBAN-NTRS,3261.3351316452026,250000.0,11
2025-03-24,AME-ROK,0.0,250000.0,11
2025-03-24,PSX-SLB,0.0,250000.0,11
2025-03-25,FAST-ITW,627.4900970458984,250000.0,11
2025-03-25,HBAN-NTRS,3917.7427139282227,250000.0,11
2025-03-25,AME-ROK,-3599.6485900878906,250000.0,11
2025-03-25,PSX-SLB,-4856.905601501465,250000.0,11
2025-03-26,FAST-ITW,1510.2869720458984,250000.0,11
2025-03-26,HBAN-NTRS,3990.461877822876,250000.0,11
2025-03-26,AME-ROK,-3330.4031372070312,250000.0,11
2025-03-26,PSX-SLB,-4175.712928771973,250000.0,11
2025-03-27,HBAN-NTRS,2825.2060346603394,250000.0,11
2025-03-27,AME-ROK,-3675.865020751953,250000.0,11
2025-03-27,PSX-SLB,-4861.868949890137,250000.0,11
2025-03-27,CPAY-MA,0.0,250000.0,11
2025-03-28,AME-ROK,-512.3943176269531,250000.0,11
2025-03-28,FAST-ITW,0.0,250000.0,11
2025-03-31,AME-ROK,1633.9720153808594,250000.0,11
2025-03-31,FAST-ITW,477.082088470459,250000.0,11
2025-03-31,DD-ECL,0.0,250000.0,11
2025-04-01,AME-ROK,1024.8168640136719,250000.0,11
2025-04-01,FAST-ITW,1066.328758239746,250000.0,11
2025-04-01,DD-ECL,-381.9357604980469,250000.0,11
2025-04-01,HSIC-VEEV,0.0,250000.0,11
2025-04-02,AME-ROK,-45.43414306640625,250000.0,11
2025-04-02,DD-ECL,881.1820526123047,250000.0,11
2025-04-02,HSIC-VEEV,-1707.8210372924805,250000.0,11
2025-04-03,HSIC-VEEV,-4031.983238220215,250000.0,11
2025-04-03,CINF-KEY,0.0,250000.0,11
2025-04-03,CAT-HUBB,0.0,250000.0,11
2025-04-03,FAST-ITW,0.0,250000.0,11
2025-04-03,MLM-STLD,0.0,250000.0,11
2025-04-04,CINF-KEY,166.52378273010254,250000.0,11
2025-04-04,FAST-ITW,-7797.877899169922,250000.0,11
2025-04-04,MLM-STLD,-11881.614349365234,250000.0,11
2025-04-04,CME-MA,0.0,250000.0,11
2025-04-04,CPAY-MA,0.0,250000.0,11
2025-04-07,CINF-KEY,5442.387052536011,250000.0,11
2025-04-07,FAST-ITW,-7578.749473571777,250000.0,11
2025-04-07,MLM-STLD,-5749.795715332031,250000.0,11
2025-04-07,CME-MA,-1600.0890502929688,250000.0,11
2025-04-07,CPAY-MA,-2097.7017211914062,250000.0,11
2025-04-07,PSX-SLB,0.0,250000.0,11
2025-04-08,CINF-KEY,81.09068489074707,250000.0,11
2025-04-08,FAST-ITW,-9278.700508117676,250000.0,11
2025-04-08,MLM-STLD,-6022.945373535156,250000.0,11
2025-04-08,CME-MA,-5181.619537353516,250000.0,11
2025-04-08,CPAY-MA,-3629.5150451660156,250000.0,11
2025-04-08,PSX-SLB,-2502.194492340088,250000.0,11
2025-04-09,CINF-KEY,16118.616691589355,250000.0,11
2025-04-09,FAST-ITW,-1904.4265937805176,250000.0,11
2025-04-09,CPAY-MA,5053.559234619141,250000.0,11
2025-04-09,JCI-PWR,0.0,250000.0,11
2025-04-10,CINF-KEY,5027.668363571167,250000.0,11
2025-04-10,FAST-ITW,-9053.840377807617,250000.0,11
2025-04-10,CPAY-MA,2450.6585083007812,250000.0,11
2025-04-10,JCI-PWR,2939.6974029541016,250000.0,11
2025-04-11,CINF-KEY,5308.29149055481,250000.0,11
2025-04-11,CPAY-MA,6313.4378662109375,250000.0,11
2025-04-11,JCI-PWR,-1447.8014068603516,250000.0,11
2025-04-14,CINF-KEY,9158.833183288574,250000.0,11
2025-04-14,CPAY-MA,6928.965118408203,250000.0,11
2025-04-14,JCI-PWR,-4795.425323486328,250000.0,11
2025-04-15,CINF-KEY,12504.823459625244,250000.0,11
2025-04-15,JCI-PWR,-3498.5113372802734,250000.0,11
2025-04-15,META-NFLX,0.0,250000.0,11
2025-04-16,CINF-KEY,10412.713354110718,250000.0,11
2025-04-16,JCI-PWR,-2745.673553466797,250000.0,11
2025-04-16,META-NFLX,-860.5436401367188,250000.0,11
2025-04-17,CINF-KEY,13837.075828552246,250000.0,11
2025-04-17,JCI-PWR,-452.51963806152344,250000.0,11
2025-04-17,META-NFLX,-3978.1598205566406,250000.0,11
2025-04-21,CINF-KEY,9394.750244140625,250000.0,11
2025-04-21,JCI-PWR,8851.258529663086,250000.0,11
2025-04-21,META-NFLX,-11824.716705322266,250000.0,11
2025-04-21,DD-ECL,0.0,250000.0,11
2025-04-22,CINF-KEY,11429.413507461548,250000.0,11
2025-04-22,JCI-PWR,4232.789764404297,250000.0,11
2025-04-22,DD-ECL,3672.0191040039062,250000.0,11
2025-04-23,JCI-PWR,-5097.153030395508,250000.0,11
2025-04-23,DD-ECL,3456.6103515625,250000.0,11
2025-04-24,DD-ECL,1769.0289306640625,250000.0,11
2025-04-25,DD-ECL,543.7186279296875,250000.0,11
2025-04-28,DD-ECL,1528.4736022949219,250000.0,11
2025-03-04,CME-MA,0.0,250000.0,12
2025-03-04,CPRT-ROK,0.0,250000.0,12
2025-03-04,NDAQ-STT,0.0,250000.0,12
2025-03-05,CME-MA,-437.1844024658203,250000.0,12
2025-03-05,CPRT-ROK,5018.421325683594,250000.0,12
2025-03-05,NDAQ-STT,2196.0499572753906,250000.0,12
2025-03-06,CME-MA,-3919.37109375,250000.0,12
2025-03-06,CPRT-ROK,5037.346740722656,250000.0,12
2025-03-06,NDAQ-STT,951.3603210449219,250000.0,12
2025-03-06,HSIC-VEEV,0.0,250000.0,12
2025-03-06,CAT-HUBB,0.0,250000.0,12
2025-03-07,NDAQ-STT,3986.8955993652344,250000.0,12
2025-03-07,HSIC-VEEV,-8640.948318481445,250000.0,12
2025-03-07,CAT-HUBB,-2087.7405395507812,250000.0,12
2025-03-07,KEY-USB,0.0,250000.0,12
2025-03-10,NDAQ-STT,445.72906494140625,250000.0,12
2025-03-10,HSIC-VEEV,325.81654357910156,250000.0,12
2025-03-10,ALLE-MAS,0.0,250000.0,12
2025-03-11,NDAQ-STT,-1190.1884460449219,250000.0,12
2025-03-11,HSIC-VEEV,4653.965621948242,250000.0,12
2025-03-11,ALLE-MAS,-66.50785064697266,250000.0,12
2025-03-11,ARES-AXP,0.0,250000.0,12
2025-03-12,NDAQ-STT,-2692.476806640625,250000.0,12
2025-03-12,HSIC-VEEV,-2050.922317504883,250000.0,12
2025-03-12,ALLE-MAS,1748.5599212646484,250000.0,12
2025-03-12,ARES-AXP,1693.5769653320312,250000.0,12
2025-03-12,L-WTW,0.0,250000.0,12
2025-03-13,NDAQ-STT,-4316.944274902344,250000.0,12
2025-03-13,HSIC-VEEV,3727.013656616211,250000.0,12
2025-03-13,ALLE-MAS,-6146.30859375,250000.0,12
2025-03-13,ARES-AXP,4448.680801391602,250000.0,12
2025-03-13,L-WTW,-3488.6944885253906,250000.0,12
2025-03-14,NDAQ-STT,-1055.2198791503906,250000.0,12
2025-03-14,HSIC-VEEV,-1650.193618774414,250000.0,12
2025-03-14,ALLE-MAS,-5345.565673828125,250000.0,12
2025-03-14,L-WTW,-3451.22257232666,250000.0,12
2025-03-17,NDAQ-STT,-1352.1687316894531,250000.0,12
2025-03-17,HSIC-VEEV,-2744.4413299560547,250000.0,12
2025-03-17,ALLE-MAS,-3658.2334365844727,250000.0,12
2025-03-17,L-WTW,-3101.7046966552734,250000.0,12
2025-03-17,HSY-PEP,0.0,250000.0,12
2025-03-18,NDAQ-STT,-2291.7178344726562,250000.0,12
2025-03-18,HSIC-VEEV,-1860.0914154052734,250000.0,12
2025-03-18,ALLE-MAS,-5862.073951721191,250000.0,12
2025-03-18,HSY-PEP,3195.7796173095703,250000.0,12
2025-03-19,NDAQ-STT,432.9624938964844,250000.0,12
2025-03-19,HSIC-VEEV,-4519.90315246582,250000.0,12
2025-03-19,ALLE-MAS,-3613.794692993164,250000.0,12
2025-03-20,NDAQ-STT,504.7053527832031,250000.0,12
2025-03-20,HSIC-VEEV,-3754.370559692383,250000.0,12
2025-03-20,ALLE-MAS,-6427.07975769043,250000.0,12
2025-03-21,NDAQ-STT,3772.98583984375,250000.0,12
2025-03-24,NDAQ-STT,5711.09619140625,250000.0,12
2025-03-24,AME-ROK,0.0,250000.0,12
2025-03-24,PSX-SLB,0.0,250000.0,12
2025-03-25,NDAQ-STT,4175.196685791016,250000.0,12
2025-03-25,AME-ROK,-3599.6485900878906,250000.0,12
2025-03-25,PSX-SLB,-4856.905601501465,250000.0,12
2025-03-26,NDAQ-STT,4857.548522949219,250000.0,12
2025-03-26,AME-ROK,-3330.4031372070312,250000.0,12
2025-03-26,PSX-SLB,-4175.712928771973,250000.0,12
2025-03-26,KEY-USB,0.0,250000.0,12
2025-03-27,NDAQ-STT,5227.591705322266,250000.0,12
2025-03-27,AME-ROK,-3675.865020751953,250000.0,12
2025-03-27,PSX-SLB,-4861.868949890137,250000.0,12
2025-03-27,KEY-USB,-361.0294589996338,250000.0,12
2025-03-28,NDAQ-STT,1156.8370056152344,250000.0,12
2025-03-28,AME-ROK,-512.3943176269531,250000.0,12
2025-03-28,KEY-USB,-363.238130569458,250000.0,12
2025-03-28,IVZ-MET,0.0,250000.0,12
2025-03-31,NDAQ-STT,266.5382385253906,250000.0,12
2025-03-31,AME-ROK,1633.9720153808594,250000.0,12
2025-03-31,KEY-USB,-175.98417472839355,250000.0,12
2025-03-31,IVZ-MET,3407.0926208496094,250000.0,12
2025-04-01,AME-ROK,1024.8168640136719,250000.0,12
2025-04-01,KEY-USB,-421.06749153137207,250000.0,12
2025-04-01,IVZ-MET,6089.069778442383,250000.0,12
2025-04-01,HSIC-VEEV,0.0,250000.0,12
2025-04-02,AME-ROK,-45.43414306640625,250000.0,12
2025-04-02,HSIC-VEEV,-1707.8210372924805,250000.0,12
2025-04-02,NDAQ-STT,0.0,250000.0,12
2025-04-03,HSIC-VEEV,-4031.983238220215,250000.0,12
2025-04-03,NDAQ-STT,-3637.581497192383,250000.0,12
2025-04-03,KEY-USB,0.0,250000.0,12
2025-04-03,CINF-KEY,0.0,250000.0,12
2025-04-03,CAT-HUBB,0.0,250000.0,12
2025-04-03,KEY-RF,0.0,250000.0,12
2025-04-03,BA-URI,0.0,250000.0,12
2025-04-03,ALLE-MAS,0.0,250000.0,12
2025-04-03,CPRT-ROK,0.0,250000.0,12
2025-04-03,BX-KEY,0.0,250000.0,12
2025-04-04,NDAQ-STT,-3297.037353515625,250000.0,12
2025-04-04,KEY-USB,271.69922161102295,250000.0,12
2025-04-04,CINF-KEY,166.52378273010254,250000.0,12
2025-04-04,KEY-RF,-289.6033010482788,250000.0,12
2025-04-04,BA-URI,-20235.540283203125,250000.0,12
2025-04-04,ALLE-MAS,1625.8892517089844,250000.0,12
2025-04-04,CPRT-ROK,-6057.037708282471,250000.0,12
2025-04-04,BX-KEY,-3343.373785018921,250000.0,12
2025-04-04,CME-MA,0.0,250000.0,12
2025-04-04,IVZ-MET,0.0,250000.0,12
2025-04-07,NDAQ-STT,-1436.4584045410156,250000.0,12
2025-04-07,KEY-USB,1225.5712099075317,250000.0,12
2025-04-07,CINF-KEY,5442.387052536011,250000.0,12
2025-04-07,KEY-RF,218.52679920196533,250000.0,12
2025-04-07,ALLE-MAS,-869.5100708007812,250000.0,12
2025-04-07,CPRT-ROK,-4635.543212890625,250000.0,12
2025-04-07,BX-KEY,-2240.0720767974854,250000.0,12
2025-04-07,CME-MA,-1600.0890502929688,250000.0,12
2025-04-07,IVZ-MET,1410.2401208877563,250000.0,12
2025-04-07,ARES-AXP,0.0,250000.0,12
2025-04-07,PSX-SLB,0.0,250000.0,12
2025-04-08,NDAQ-STT,379.702880859375,250000.0,12
2025-04-08,KEY-USB,-1520.547360420227,250000.0,12
2025-04-08,CINF-KEY,81.09068489074707,250000.0,12
2025-04-08,KEY-RF,-788.8352365493774,250000.0,12
2025-04-08,ALLE-MAS,-5495.965618133545,250000.0,12
2025-04-08,CPRT-ROK,-14803.987827301025,250000.0,12
2025-04-08,BX-KEY,-2557.911672592163,250000.0,12
2025-04-08,CME-MA,-5181.619537353516,250000.0,12
2025-04-08,IVZ-MET,548.4552335739136,250000.0,12
2025-04-08,ARES-AXP,-1159.8339920043945,250000.0,12
2025-04-08,PSX-SLB,-2502.194492340088,250000.0,12
2025-04-09,NDAQ-STT,1014.2617645263672,250000.0,12
2025-04-09,KEY-USB,4318.917518615723,250000.0,12
2025-04-09,CINF-KEY,16118.616691589355,250000.0,12
2025-04-09,KEY-RF,2659.1495876312256,250000.0,12
2025-04-09,ALLE-MAS,3122.194648742676,250000.0,12
2025-04-09,CPRT-ROK,-2346.878505706787,250000.0,12
2025-04-09,BX-KEY,2766.62052154541,250000.0,12
2025-04-10,NDAQ-STT,-2543.9108276367188,250000.0,12
2025-04-10,KEY-USB,2698.840790748596,250000.0,12
2025-04-10,CINF-KEY,5027.668363571167,250000.0,12
2025-04-10,KEY-RF,526.9015340805054,250000.0,12
2025-04-10,ALLE-MAS,-323.33051681518555,250000.0,12
2025-04-10,CPRT-ROK,-15591.275737762451,250000.0,12
2025-04-10,BX-KEY,-1004.3640613555908,250000.0,12
2025-04-11,NDAQ-STT,-5551.023818969727,250000.0,12
2025-04-11,KEY-USB,-1422.2220430374146,250000.0,12
2025-04-11,CINF-KEY,5308.29149055481,250000.0,12
2025-04-11,KEY-RF,718.6110544204712,250000.0,12
2025-04-11,ALLE-MAS,-4908.13484954834,250000.0,12
2025-04-11,CPRT-ROK,-20022.619190216064,250000.0,12
2025-04-11,BX-KEY,-907.8997173309326,250000.0,12
2025-04-11,L-WTW,0.0,250000.0,12
2025-04-14,NDAQ-STT,-5585.066482543945,250000.0,12
2025-04-14,KEY-USB,2661.2472610473633,250000.0,12
2025-04-14,CINF-KEY,9158.833183288574,250000.0,12
2025-04-14,KEY-RF,3189.725423812866,250000.0,12
2025-04-14,ALLE-MAS,-5126.370304107666,250000.0,12
2025-04-14,CPRT-ROK,-15772.443252563477,250000.0,12
2025-04-14,BX-KEY,1602.0035934448242,250000.0,12
2025-04-14,L-WTW,-800.558349609375,250000.0,12
2025-04-15,NDAQ-STT,-5534.313568115234,250000.0,12
2025-04-15,KEY-USB,3502.797468185425,250000.0,12
2025-04-15,CINF-KEY,12504.823459625244,250000.0,12
2025-04-15,ALLE-MAS,-8327.501594543457,250000.0,12
2025-04-15,CPRT-ROK,-18059.156269073486,250000.0,12
2025-04-15,BX-KEY,1855.9890937805176,250000.0,12
2025-04-15,L-WTW,-604.9208679199219,250000.0,12
2025-04-16,NDAQ-STT,-5477.32958984375,250000.0,12
2025-04-16,KEY-USB,5300.1302881240845,250000.0,12
2025-04-16,CINF-KEY,10412.713354110718,250000.0,12
2025-04-16,ALLE-MAS,-9002.838329315186,250000.0,12
2025-04-16,CPRT-ROK,-20123.038005828857,250000.0,12
2025-04-16,BX-KEY,2883.201482772827,250000.0,12
2025-04-16,L-WTW,-1029.7767333984375,250000.0,12
2025-04-17,KEY-USB,6654.07177734375,250000.0,12
2025-04-17,CINF-KEY,13837.075828552246,250000.0,12
2025-04-17,ALLE-MAS,-8468.651664733887,250000.0,12
2025-04-17,CPRT-ROK,-16492.923820495605,250000.0,12
2025-04-17,BX-KEY,5401.104560852051,250000.0,12
2025-04-17,L-WTW,2166.530548095703,250000.0,12
2025-04-21,KEY-USB,40.7237663269043,250000.0,12
2025-04-21,CINF-KEY,9394.750244140625,250000.0,12
2025-04-21,BX-KEY,7205.0263748168945,250000.0,12
2025-04-21,L-WTW,1313.564208984375,250000.0,12
2025-04-22,CINF-KEY,11429.413507461548,250000.0,12
2025-04-22,BX-KEY,9181.90175819397,250000.0,12
2025-04-22,L-WTW,277.38555908203125,250000.0,12
2025-04-22,FIX-PNR,0.0,250000.0,12
2025-04-23,L-WTW,569.830810546875,250000.0,12
2025-04-23,FIX-PNR,1518.5177154541016,250000.0,12
2025-04-24,FIX-PNR,2341.777931213379,250000.0,12
2025-04-24,HSY-PEP,0.0,250000.0,12
2025-04-24,CPRT-ROK,0.0,250000.0,12
2025-04-25,FIX-PNR,11002.823257446289,250000.0,12
2025-04-25,HSY-PEP,-3261.8170166015625,250000.0,12
2025-04-25,CPRT-ROK,-1452.7460327148438,250000.0,12
2025-04-28,FIX-PNR,9869.599166870117,250000.0,12
2025-04-28,HSY-PEP,-2466.3334350585938,250000.0,12
2025-04-28,CPRT-ROK,-1246.7191619873047,250000.0,12
2025-04-29,FIX-PNR,10233.419944763184,250000.0,12
2025-04-29,HSY-PEP,-2306.9518127441406,250000.0,12
2025-04-30,FIX-PNR,8932.858024597168,250000.0,12
2025-04-30,HSY-PEP,-864.7107696533203,250000.0,12
2025-05-01,HSY-PEP,-4588.204315185547,250000.0,12
2025-05-01,CAT-HUBB,0.0,250000.0,12
2025-05-02,HSY-PEP,-2608.322608947754,250000.0,12
2025-05-02,CAT-HUBB,2012.7714233398438,250000.0,12
2025-05-05,HSY-PEP,-7269.001434326172,250000.0,12
2025-05-05,CAT-HUBB,692.833984375,250000.0,12
2025-05-06,CAT-HUBB,-1426.9804382324219,250000.0,12
2025-05-07,CAT-HUBB,1996.0549926757812,250000.0,12
2025-05-08,CAT-HUBB,608.3134765625,250000.0,12
2025-05-09,CAT-HUBB,1144.9748229980469,250000.0,12
2025-05-12,CAT-HUBB,4222.970458984375,250000.0,12
2025-05-12,CINF-KEY,0.0,250000.0,12
2025-05-12,FIX-PNR,0.0,250000.0,12
2025-05-13,CAT-HUBB,2725.6503295898438,250000.0,12
2025-05-13,CINF-KEY,-3977.109203338623,250000.0,12
2025-05-13,FIX-PNR,2619.3414916992188,250000.0,12
2025-05-13,PSX-SLB,0.0,250000.0,12
2025-05-14,CAT-HUBB,4175.984100341797,250000.0,12
2025-05-14,CINF-KEY,-5949.400066375732,250000.0,12
2025-05-14,PSX-SLB,806.0922622680664,250000.0,12
2025-05-15,CAT-HUBB,4762.617828369141,250000.0,12
2025-05-15,CINF-KEY,-1055.7953453063965,250000.0,12
2025-05-15,PSX-SLB,-1322.0467529296875,250000.0,12
2025-05-16,CAT-HUBB,5994.393615722656,250000.0,12
2025-05-16,CINF-KEY,-1658.0109996795654,250000.0,12
2025-05-16,PSX-SLB,-2629.272205352783,250000.0,12
2025-05-19,CAT-HUBB,5697.050598144531,250000.0,12
2025-05-19,CINF-KEY,564.9738159179688,250000.0,12
2025-05-19,PSX-SLB,-3112.049285888672,250000.0,12
2025-05-20,CAT-HUBB,6780.476135253906,250000.0,12
2025-05-20,CINF-KEY,2764.5804862976074,250000.0,12
2025-05-20,PSX-SLB,-4624.615482330322,250000.0,12
2025-05-21,CAT-HUBB,6802.606109619141,250000.0,12
2025-05-21,PSX-SLB,6387.723327636719,250000.0,12
2025-05-22,CAT-HUBB,10237.536651611328,250000.0,12
2025-05-22,PSX-SLB,3470.4161109924316,250000.0,12
2025-05-23,PSX-SLB,2586.5154418945312,250000.0,12
2025-05-27,PSX-SLB,2369.0769996643066,250000.0,12
2025-05-28,PSX-SLB,2658.686695098877,250000.0,12
2025-05-28,KEY-RF,0.0,250000.0,12
2025-05-29,PSX-SLB,29.724735260009766,250000.0,12
2025-05-29,KEY-RF,-172.41125679016113,250000.0,12
2025-05-30,KEY-RF,-281.92649364471436,250000.0,12
2025-04-03,SLB-VLO,0.0,250000.0,13
2025-04-03,KEY-RF,0.0,250000.0,13
2025-04-03,ADI-STX,0.0,250000.0,13
2025-04-03,KEY-USB,0.0,250000.0,13
2025-04-04,SLB-VLO,7394.204818725586,250000.0,13
2025-04-04,KEY-RF,-289.6033010482788,250000.0,13
2025-04-04,ADI-STX,333.55149841308594,250000.0,13
2025-04-04,KEY-USB,271.69922161102295,250000.0,13
2025-04-04,GL-WTW,0.0,250000.0,13
2025-04-04,GL-L,0.0,250000.0,13
2025-04-04,GL-HIG,0.0,250000.0,13
2025-04-04,ADM-BG,0.0,250000.0,13
2025-04-04,JKHY-TRV,0.0,250000.0,13
2025-04-04,CBOE-HIG,0.0,250000.0,13
2025-04-07,KEY-RF,218.52679920196533,250000.0,13
2025-04-07,ADI-STX,-4.499725341796875,250000.0,13
2025-04-07,KEY-USB,1225.5712099075317,250000.0,13
2025-04-07,GL-WTW,-4165.802154541016,250000.0,13
2025-04-07,GL-L,-5389.807693481445,250000.0,13
2025-04-07,GL-HIG,-6534.330879211426,250000.0,13
2025-04-07,ADM-BG,2143.879795074463,250000.0,13
2025-04-07,JKHY-TRV,-5463.7027587890625,250000.0,13
2025-04-07,CBOE-HIG,-659.4970245361328,250000.0,13
2025-04-07,PSX-SLB,0.0,250000.0,13
2025-04-08,KEY-RF,-788.8352365493774,250000.0,13
2025-04-08,ADI-STX,-1896.054672241211,250000.0,13
2025-04-08,KEY-USB,-1520.547360420227,250000.0,13
2025-04-08,GL-WTW,-2545.981658935547,250000.0,13
2025-04-08,GL-L,-3232.422317504883,250000.0,13
2025-04-08,GL-HIG,-5329.800819396973,250000.0,13
2025-04-08,ADM-BG,1348.950668334961,250000.0,13
2025-04-08,JKHY-TRV,3087.0440368652344,250000.0,13
2025-04-08,CBOE-HIG,-897.96826171875,250000.0,13
2025-04-08,PSX-SLB,-2502.194492340088,250000.0,13
2025-04-09,KEY-RF,2659.1495876312256,250000.0,13
2025-04-09,ADI-STX,-6905.23388671875,250000.0,13
2025-04-09,KEY-USB,4318.917518615723,250000.0,13
2025-04-09,GL-WTW,859.4637756347656,250000.0,13
2025-04-09,GL-L,7189.269088745117,250000.0,13
2025-04-09,GL-HIG,2986.710075378418,250000.0,13
2025-04-09,ADM-BG,4073.5587043762207,250000.0,13
2025-04-10,KEY-RF,526.9015340805054,250000.0,13
2025-04-10,ADI-STX,-3607.079132080078,250000.0,13
2025-04-10,KEY-USB,2698.840790748596,250000.0,13
2025-04-10,GL-WTW,5324.175476074219,250000.0,13
2025-04-10,GL-L,3130.4031372070312,250000.0,13
2025-04-10,GL-HIG,1874.9007873535156,250000.0,13
2025-04-10,ADM-BG,8428.998847961426,250000.0,13
2025-04-11,KEY-RF,718.6110544204712,250000.0,13
2025-04-11,ADI-STX,-3014.9525146484375,250000.0,13
2025-04-11,KEY-USB,-1422.2220430374146,250000.0,13
2025-04-11,GL-L,3652.797805786133,250000.0,13
2025-04-11,GL-HIG,4119.517311096191,250000.0,13
2025-04-11,ADM-BG,7947.1015548706055,250000.0,13
2025-04-14,KEY-RF,3189.725423812866,250000.0,13
2025-04-14,ADI-STX,6379.45068359375,250000.0,13
2025-04-14,KEY-USB,2661.2472610473633,250000.0,13
2025-04-14,GL-L,7796.606048583984,250000.0,13
2025-04-14,GL-HIG,6669.230491638184,250000.0,13
2025-04-14,ADM-BG,9656.828372955322,250000.0,13
2025-04-15,ADI-STX,3050.4629516601562,250000.0,13
2025-04-15,KEY-USB,3502.797468185425,250000.0,13
2025-04-15,GL-L,6515.045120239258,250000.0,13
2025-04-15,GL-HIG,4631.31974029541,250000.0,13
2025-04-15,ADM-BG,9980.25248336792,250000.0,13
2025-04-16,ADI-STX,9709.217468261719,250000.0,13
2025-04-16,KEY-USB,5300.1302881240845,250000.0,13
2025-04-16,GL-L,4433.380844116211,250000.0,13
2025-04-16,GL-HIG,5530.7707595825195,250000.0,13
2025-04-16,ADM-BG,9806.797245025635,250000.0,13
2025-04-17,KEY-USB,6654.07177734375,250000.0,13
2025-04-17,GL-L,4780.53157043457,250000.0,13
2025-04-17,GL-HIG,6943.586296081543,250000.0,13
2025-04-21,KEY-USB,40.7237663269043,250000.0,13
2025-04-21,GL-L,684.2627105712891,250000.0,13
2025-04-21,GL-HIG,1459.7852325439453,250000.0,13
2025-04-21,UHS-ZTS,0.0,250000.0,13
2025-04-21,BX-USB,0.0,250000.0,13
2025-04-22,GL-L,5757.49885559082,250000.0,13
2025-04-22,GL-HIG,8759.8373336792,250000.0,13
2025-04-22,UHS-ZTS,-752.9402465820312,250000.0,13
2025-04-22,BX-USB,-985.692066192627,250000.0,13
2025-04-22,FIX-PNR,0.0,250000.0,13
2025-04-23,GL-L,6545.139465332031,250000.0,13
2025-04-23,GL-HIG,8790.596672058105,250000.0,13
2025-04-23,UHS-ZTS,3610.697463989258,250000.0,13
2025-04-23,BX-USB,-1290.7846565246582,250000.0,13
2025-04-23,FIX-PNR,1518.5177154541016,250000.0,13
2025-04-24,GL-L,6331.342346191406,250000.0,13
2025-04-24,GL-HIG,8545.505844116211,250000.0,13
2025-04-24,UHS-ZTS,9032.077438354492,250000.0,13
2025-04-24,BX-USB,6217.579662322998,250000.0,13
2025-04-24,FIX-PNR,2341.777931213379,250000.0,13
2025-04-24,GL-WTW,0.0,250000.0,13
2025-04-25,GL-L,3851.6508026123047,250000.0,13
2025-04-25,GL-HIG,8052.621437072754,250000.0,13
2025-04-25,UHS-ZTS,4535.756332397461,250000.0,13
2025-04-25,BX-USB,4597.258438110352,250000.0,13
2025-04-25,FIX-PNR,11002.823257446289,250000.0,13
2025-04-25,GL-WTW,-3113.482208251953,250000.0,13
2025-04-28,GL-L,5635.082214355469,250000.0,13
2025-04-28,UHS-ZTS,5693.942810058594,250000.0,13
2025-04-28,BX-USB,5316.475086212158,250000.0,13
2025-04-28,FIX-PNR,9869.599166870117,250000.0,13
2025-04-28,GL-WTW,-2889.5504455566406,250000.0,13
2025-04-29,GL-L,7511.40934753418,250000.0,13
2025-04-29,UHS-ZTS,1416.8206024169922,250000.0,13
2025-04-29,BX-USB,3141.611583709717,250000.0,13
2025-04-29,FIX-PNR,10233.419944763184,250000.0,13
2025-04-29,GL-WTW,-3712.3381958007812,250000.0,13
2025-04-30,GL-L,8369.518005371094,250000.0,13
2025-04-30,UHS-ZTS,5371.308044433594,250000.0,13
2025-04-30,BX-USB,1495.3081359863281,250000.0,13
2025-04-30,FIX-PNR,8932.858024597168,250000.0,13
2025-04-30,GL-WTW,1113.9013366699219,250000.0,13
2025-04-30,ADI-STX,0.0,250000.0,13
2025-05-01,GL-L,9364.537216186523,250000.0,13
2025-05-01,UHS-ZTS,4012.3751831054688,250000.0,13
2025-05-01,BX-USB,2919.969181060791,250000.0,13
2025-05-01,GL-WTW,4904.282623291016,250000.0,13
2025-05-01,ADI-STX,1054.480079650879,250000.0,13
2025-05-02,UHS-ZTS,5405.265960693359,250000.0,13
2025-05-02,BX-USB,2461.9993934631348,250000.0,13
2025-05-02,GL-WTW,5920.017852783203,250000.0,13
2025-05-02,ADI-STX,-170.50682830810547,250000.0,13
2025-05-05,UHS-ZTS,3756.337875366211,250000.0,13
2025-05-05,BX-USB,592.3000183105469,250000.0,13
2025-05-05,GL-WTW,3959.1136169433594,250000.0,13
2025-05-05,ADI-STX,-2858.176689147949,250000.0,13
2025-05-06,BX-USB,647.8385124206543,250000.0,13
2025-05-06,GL-WTW,3559.1292114257812,250000.0,13
2025-05-06,ADI-STX,-6873.718017578125,250000.0,13
2025-05-07,BX-USB,1694.4851112365723,250000.0,13
2025-05-07,GL-WTW,1767.3176574707031,250000.0,13
2025-05-07,ADI-STX,-4825.889175415039,250000.0,13
2025-05-08,BX-USB,1564.0335807800293,250000.0,13
2025-05-08,GL-WTW,4091.018096923828,250000.0,13
2025-05-08,ADI-STX,-2838.8786544799805,250000.0,13
2025-05-09,BX-USB,1736.6856231689453,250000.0,13
2025-05-09,GL-WTW,3382.8854370117188,250000.0,13
2025-05-09,ADI-STX,5780.137763977051,250000.0,13
2025-05-12,BX-USB,2780.6012649536133,250000.0,13
2025-05-12,GL-WTW,3150.4786071777344,250000.0,13
2025-05-12,ADI-STX,11790.211524963379,250000.0,13
2025-05-12,GL-MET,0.0,250000.0,13
2025-05-12,FIX-PNR,0.0,250000.0,13
2025-05-12,CBOE-HIG,0.0,250000.0,13
2025-05-13,GL-WTW,1063.2350158691406,250000.0,13
2025-05-13,ADI-STX,7348.98844909668,250000.0,13
2025-05-13,GL-MET,-1918.8683166503906,250000.0,13
2025-05-13,FIX-PNR,2619.3414916992188,250000.0,13
2025-05-13,CBOE-HIG,680.2249298095703,250000.0,13
2025-05-13,PSX-SLB,0.0,250000.0,13
2025-05-14,GL-WTW,1095.1287231445312,250000.0,13
2025-05-14,ADI-STX,8324.960098266602,250000.0,13
2025-05-14,GL-MET,1437.8964157104492,250000.0,13
2025-05-14,CBOE-HIG,-2317.1004028320312,250000.0,13
2025-05-14,PSX-SLB,806.0922622680664,250000.0,13
2025-05-15,GL-WTW,5356.897552490234,250000.0,13
2025-05-15,ADI-STX,2618.642723083496,250000.0,13
2025-05-15,GL-MET,484.9562301635742,250000.0,13
2025-05-15,CBOE-HIG,-3057.3089294433594,250000.0,13
2025-05-15,PSX-SLB,-1322.0467529296875,250000.0,13
2025-05-15,BX-USB,0.0,250000.0,13
2025-05-16,GL-WTW,5594.268737792969,250000.0,13
2025-05-16,ADI-STX,1615.422348022461,250000.0,13
2025-05-16,GL-MET,68.35384368896484,250000.0,13
2025-05-16,CBOE-HIG,-4980.26008605957,250000.0,13
2025-05-16,PSX-SLB,-2629.272205352783,250000.0,13
2025-05-16,BX-USB,-1964.418125152588,250000.0,13
2025-05-19,GL-WTW,7089.268737792969,250000.0,13
2025-05-19,GL-MET,12.515350341796875,250000.0,13
2025-05-19,CBOE-HIG,-2778.0894317626953,250000.0,13
2025-05-19,PSX-SLB,-3112.049285888672,250000.0,13
2025-05-19,BX-USB,-2686.2365341186523,250000.0,13
2025-05-20,GL-WTW,6147.177703857422,250000.0,13
2025-05-20,GL-MET,1676.8330993652344,250000.0,13
2025-05-20,CBOE-HIG,-324.2381286621094,250000.0,13
2025-05-20,PSX-SLB,-4624.615482330322,250000.0,13
2025-05-20,BX-USB,-2006.2985229492188,250000.0,13
2025-05-21,GL-WTW,6350.491455078125,250000.0,13
2025-05-21,CBOE-HIG,4817.278884887695,250000.0,13
2025-05-21,PSX-SLB,6387.723327636719,250000.0,13
2025-05-21,BX-USB,-1270.9406661987305,250000.0,13
2025-05-22,GL-WTW,4670.6741943359375,250000.0,13
2025-05-22,PSX-SLB,3470.4161109924316,250000.0,13
2025-05-22,BX-USB,-3210.517158508301,250000.0,13
2025-05-22,ADI-STX,0.0,250000.0,13
2025-05-23,GL-WTW,5575.7801513671875,250000.0,13
2025-05-23,PSX-SLB,2586.5154418945312,250000.0,13
2025-05-23,BX-USB,-3141.35066986084,250000.0,13
2025-05-23,ADI-STX,-11015.003852844238,250000.0,13
2025-05-27,GL-WTW,6012.143035888672,250000.0,13
2025-05-27,PSX-SLB,2369.0769996643066,250000.0,13
2025-05-27,ADI-STX,-11642.552871704102,250000.0,13
2025-05-28,GL-WTW,6629.334991455078,250000.0,13
2025-05-28,PSX-SLB,2658.686695098877,250000.0,13
2025-05-28,ADI-STX,-14141.523941040039,250000.0,13
2025-05-28,KEY-RF,0.0,250000.0,13
2025-05-29,PSX-SLB,29.724735260009766,250000.0,13
2025-05-29,KEY-RF,-172.41125679016113,250000.0,13
2025-05-30,KEY-RF,-281.92649364471436,250000.0,13
2025-06-02,KEY-RF,-287.89158058166504,250000.0,13
2025-06-03,KEY-RF,1078.8151712417603,250000.0,13
2025-06-03,BX-USB,0.0,250000.0,13
2025-06-04,KEY-RF,393.9586982727051,250000.0,13
2025-06-04,SLB-VLO,0.0,250000.0,13
2025-06-04,ADM-BG,0.0,250000.0,13
2025-06-05,KEY-RF,631.1009559631348,250000.0,13
2025-06-05,SLB-VLO,1359.1818923950195,250000.0,13
2025-06-05,ADM-BG,-1276.3686599731445,250000.0,13
2025-06-06,SLB-VLO,868.9435386657715,250000.0,13
2025-06-06,ADM-BG,-966.9824981689453,250000.0,13
2025-06-09,SLB-VLO,-383.0591011047363,250000.0,13
2025-06-09,ADM-BG,-2786.3349990844727,250000.0,13
2025-06-10,SLB-VLO,852.0240440368652,250000.0,13
2025-06-10,ADM-BG,-2083.012710571289,250000.0,13
2025-06-10,ADI-STX,0.0,250000.0,13
2025-06-11,ADM-BG,-3669.110282897949,250000.0,13
2025-06-11,ADI-STX,-1730.0116271972656,250000.0,13
2025-06-12,ADM-BG,-3023.291275024414,250000.0,13
2025-06-12,ADI-STX,-1920.7457427978516,250000.0,13
2025-06-13,ADM-BG,824.4536590576172,250000.0,13
2025-06-17,SLB-VLO,0.0,250000.0,13
2025-06-18,SLB-VLO,3393.745559692383,250000.0,13
2025-06-18,UHS-ZTS,0.0,250000.0,13
2025-06-20,SLB-VLO,399.5273780822754,250000.0,13
2025-06-20,UHS-ZTS,3162.0140838623047,250000.0,13
2025-06-23,SLB-VLO,650.0431365966797,250000.0,13
2025-06-23,UHS-ZTS,2492.904754638672,250000.0,13
2025-06-23,GL-L,0.0,250000.0,13
2025-06-23,PSX-SLB,0.0,250000.0,13
2025-06-24,SLB-VLO,2034.1077690124512,250000.0,13
2025-06-24,UHS-ZTS,2315.34423828125,250000.0,13
2025-06-24,PSX-SLB,673.6262855529785,250000.0,13
2025-06-25,SLB-VLO,1221.199893951416,250000.0,13
2025-06-25,UHS-ZTS,1191.1823120117188,250000.0,13
2025-06-25,PSX-SLB,-1955.430461883545,250000.0,13
2025-06-25,CBOE-HIG,0.0,250000.0,13
2025-06-26,SLB-VLO,1134.406379699707,250000.0,13
2025-06-26,UHS-ZTS,-2031.033920288086,250000.0,13
2025-06-26,PSX-SLB,2043.8024826049805,250000.0,13
2025-06-27,SLB-VLO,5740.009174346924,250000.0,13
2025-06-27,UHS-ZTS,-1755.510238647461,250000.0,13
2025-06-27,PSX-SLB,4771.324298858643,250000.0,13
2025-06-30,SLB-VLO,5532.106086730957,250000.0,13
2025-06-30,UHS-ZTS,-3700.8192749023438,250000.0,13
2025-06-30,PSX-SLB,3139.289131164551,250000.0,13
2025-05-02,ADSK-MSI,0.0,250000.0,14
2025-05-05,ADSK-MSI,-691.8984985351562,250000.0,14
2025-05-05,PG-TSN,0.0,250000.0,14
2025-05-06,ADSK-MSI,4610.097564697266,250000.0,14
2025-05-06,PG-TSN,-2024.6559448242188,250000.0,14
2025-05-07,ADSK-MSI,3395.8106384277344,250000.0,14
2025-05-07,PG-TSN,-4618.37956237793,250000.0,14
2025-05-07,AEE-NI,0.0,250000.0,14
2025-05-07,GEN-LITE,0.0,250000.0,14
2025-05-07,GEN-ORCL,0.0,250000.0,14
2025-05-08,ADSK-MSI,-3196.9834594726562,250000.0,14
2025-05-08,PG-TSN,1396.2745742797852,250000.0,14
2025-05-08,AEE-NI,1445.0628509521484,250000.0,14
2025-05-08,GEN-LITE,-17275.05225944519,250000.0,14
2025-05-08,GEN-ORCL,-7677.785223007202,250000.0,14
2025-05-09,ADSK-MSI,-4325.024932861328,250000.0,14
2025-05-09,PG-TSN,-1935.1258850097656,250000.0,14
2025-05-09,AEE-NI,1039.0658683776855,250000.0,14
2025-05-09,GEN-ORCL,-16020.461097717285,250000.0,14
2025-05-09,HPQ-TXN,0.0,250000.0,14
2025-05-12,ADSK-MSI,-3727.057373046875,250000.0,14
2025-05-12,PG-TSN,-3129.372245788574,250000.0,14
2025-05-12,GEN-ORCL,-6981.214427947998,250000.0,14
2025-05-12,CBOE-HIG,0.0,250000.0,14
2025-05-12,TSCO-WYNN,0.0,250000.0,14
2025-05-12,MOS-PKG,0.0,250000.0,14
2025-05-12,EQIX-SPG,0.0,250000.0,14
2025-05-13,ADSK-MSI,-5724.745056152344,250000.0,14
2025-05-13,PG-TSN,-3077.881118774414,250000.0,14
2025-05-13,GEN-ORCL,809.4233474731445,250000.0,14
2025-05-13,CBOE-HIG,680.2249298095703,250000.0,14
2025-05-13,TSCO-WYNN,-5918.213382720947,250000.0,14
2025-05-13,MOS-PKG,-474.78837394714355,250000.0,14
2025-05-13,PSX-SLB,0.0,250000.0,14
2025-05-14,ADSK-MSI,-3686.5797729492188,250000.0,14
2025-05-14,PG-TSN,-5975.960556030273,250000.0,14
2025-05-14,GEN-ORCL,10191.962217330933,250000.0,14
2025-05-14,CBOE-HIG,-2317.1004028320312,250000.0,14
2025-05-14,TSCO-WYNN,-11470.056335449219,250000.0,14
2025-05-14,MOS-PKG,-3464.261396408081,250000.0,14
2025-05-14,PSX-SLB,806.0922622680664,250000.0,14
2025-05-15,ADSK-MSI,2550.973663330078,250000.0,14
2025-05-15,PG-TSN,-6635.213706970215,250000.0,14
2025-05-15,GEN-ORCL,-1849.404836654663,250000.0,14
2025-05-15,CBOE-HIG,-3057.3089294433594,250000.0,14
2025-05-15,TSCO-WYNN,-8998.644622802734,250000.0,14
2025-05-15,MOS-PKG,-3933.2045879364014,250000.0,14
2025-05-15,PSX-SLB,-1322.0467529296875,250000.0,14
2025-05-16,ADSK-MSI,347.5814514160156,250000.0,14
2025-05-16,PG-TSN,-6489.0959396362305,250000.0,14
2025-05-16,GEN-ORCL,2612.8364448547363,250000.0,14
2025-05-16,CBOE-HIG,-4980.26008605957,250000.0,14
2025-05-16,TSCO-WYNN,-3776.0197982788086,250000.0,14
2025-05-16,MOS-PKG,-9575.19553565979,250000.0,14
2025-05-16,PSX-SLB,-2629.272205352783,250000.0,14
2025-05-19,ADSK-MSI,2302.7308349609375,250000.0,14
2025-05-19,PG-TSN,-7962.479347229004,250000.0,14
2025-05-19,GEN-ORCL,4419.938255310059,250000.0,14
2025-05-19,CBOE-HIG,-2778.0894317626953,250000.0,14
2025-05-19,TSCO-WYNN,-3542.4653816223145,250000.0,14
2025-05-19,MOS-PKG,-10145.706590652466,250000.0,14
2025-05-19,PSX-SLB,-3112.049285888672,250000.0,14
2025-05-20,ADSK-MSI,887.7087707519531,250000.0,14
2025-05-20,GEN-ORCL,6865.914945602417,250000.0,14
2025-05-20,CBOE-HIG,-324.2381286621094,250000.0,14
2025-05-20,TSCO-WYNN,-1452.480598449707,250000.0,14
2025-05-20,MOS-PKG,-9365.706335067749,250000.0,14
2025-05-20,PSX-SLB,-4624.615482330322,250000.0,14
2025-05-21,ADSK-MSI,4743.790283203125,250000.0,14
2025-05-21,CBOE-HIG,4817.278884887695,250000.0,14
2025-05-21,TSCO-WYNN,-1703.6170196533203,250000.0,14
2025-05-21,MOS-PKG,-5736.14927482605,250000.0,14
2025-05-21,PSX-SLB,6387.723327636719,250000.0,14
2025-05-22,ADSK-MSI,634.8037414550781,250000.0,14
2025-05-22,TSCO-WYNN,-1627.3474807739258,250000.0,14
2025-05-22,MOS-PKG,-6954.121801376343,250000.0,14
2025-05-22,PSX-SLB,3470.4161109924316,250000.0,14
2025-05-22,ADI-STX,0.0,250000.0,14
2025-05-23,TSCO-WYNN,-348.91248321533203,250000.0,14
2025-05-23,MOS-PKG,-4732.705137252808,250000.0,14
2025-05-23,PSX-SLB,2586.5154418945312,250000.0,14
2025-05-23,ADI-STX,-11015.003852844238,250000.0,14
2025-05-23,KEYS-WDAY,0.0,250000.0,14
2025-05-27,PSX-SLB,2369.0769996643066,250000.0,14
2025-05-27,ADI-STX,-11642.552871704102,250000.0,14
2025-05-27,KEYS-WDAY,-645.7971954345703,250000.0,14
2025-05-28,PSX-SLB,2658.686695098877,250000.0,14
2025-05-28,ADI-STX,-14141.523941040039,250000.0,14
2025-05-28,KEYS-WDAY,3321.0342864990234,250000.0,14
2025-05-28,KEY-RF,0.0,250000.0,14
2025-05-29,PSX-SLB,29.724735260009766,250000.0,14
2025-05-29,KEYS-WDAY,5166.3856201171875,250000.0,14
2025-05-29,KEY-RF,-172.41125679016113,250000.0,14
2025-05-29,HPQ-TXN,0.0,250000.0,14
2025-05-30,KEYS-WDAY,12867.047744750977,250000.0,14
2025-05-30,KEY-RF,-281.92649364471436,250000.0,14
2025-05-30,HPQ-TXN,2574.0933876037598,250000.0,14
2025-06-02,KEYS-WDAY,11724.994125366211,250000.0,14
2025-06-02,KEY-RF,-287.89158058166504,250000.0,14
2025-06-02,HPQ-TXN,800.1489524841309,250000.0,14
2025-06-03,KEYS-WDAY,13083.785568237305,250000.0,14
2025-06-03,KEY-RF,1078.8151712417603,250000.0,14
2025-06-03,HPQ-TXN,-1448.22758102417,250000.0,14
2025-06-03,PPL-WEC,0.0,250000.0,14
2025-06-04,KEYS-WDAY,11119.592376708984,250000.0,14
2025-06-04,KEY-RF,393.9586982727051,250000.0,14
2025-06-04,HPQ-TXN,-6282.899765014648,250000.0,14
2025-06-04,EQIX-SPG,0.0,250000.0,14
2025-06-05,KEYS-WDAY,12873.909439086914,250000.0,14
2025-06-05,KEY-RF,631.1009559631348,250000.0,14
2025-06-05,HPQ-TXN,-9015.612064361572,250000.0,14
2025-06-05,EQIX-SPG,-679.7133026123047,250000.0,14
2025-06-05,TSCO-WYNN,0.0,250000.0,14
2025-06-06,KEYS-WDAY,13723.268692016602,250000.0,14
2025-06-06,HPQ-TXN,-8579.602645874023,250000.0,14
2025-06-06,EQIX-SPG,138.92872619628906,250000.0,14
2025-06-06,TSCO-WYNN,1171.0076599121094,250000.0,14
2025-06-09,KEYS-WDAY,13365.090454101562,250000.0,14
2025-06-09,EQIX-SPG,2677.019241333008,250000.0,14
2025-06-09,TSCO-WYNN,6210.528701782227,250000.0,14
2025-06-10,KEYS-WDAY,12244.739639282227,250000.0,14
2025-06-10,EQIX-SPG,3451.1158447265625,250000.0,14
2025-06-10,TSCO-WYNN,10241.815620422363,250000.0,14
2025-06-10,ADI-STX,0.0,250000.0,14
2025-06-11,KEYS-WDAY,11801.915313720703,250000.0,14
2025-06-11,TSCO-WYNN,13124.541774749756,250000.0,14
2025-06-11,ADI-STX,-1730.0116271972656,250000.0,14
2025-06-12,KEYS-WDAY,11546.917236328125,250000.0,14
2025-06-12,TSCO-WYNN,10937.889625549316,250000.0,14
2025-06-12,ADI-STX,-1920.7457427978516,250000.0,14
2025-06-12,KEY-PNC,0.0,250000.0,14
2025-06-12,GEN-ORCL,0.0,250000.0,14
2025-06-13,KEYS-WDAY,8506.97543334961,250000.0,14
2025-06-13,TSCO-WYNN,2647.944137573242,250000.0,14
2025-06-13,KEY-PNC,-1210.2698278427124,250000.0,14
2025-06-16,KEYS-WDAY,6012.714431762695,250000.0,14
2025-06-16,KEY-PNC,777.9044198989868,250000.0,14
2025-06-17,KEYS-WDAY,4511.876541137695,250000.0,14
2025-06-17,KEY-PNC,307.9220199584961,250000.0,14
2025-06-17,GEN-LITE,0.0,250000.0,14
2025-06-23,AEE-NI,0.0,250000.0,14
2025-06-23,PSX-SLB,0.0,250000.0,14
2025-06-24,AEE-NI,507.40917205810547,250000.0,14
2025-06-24,PSX-SLB,673.6262855529785,250000.0,14
2025-06-24,PG-TSN,0.0,250000.0,14
2025-06-25,PSX-SLB,-1955.430461883545,250000.0,14
2025-06-25,CBOE-HIG,0.0,250000.0,14
2025-06-25,EQIX-SPG,0.0,250000.0,14
2025-06-26,PSX-SLB,2043.8024826049805,250000.0,14
2025-06-27,PSX-SLB,4771.324298858643,250000.0,14
2025-06-30,PSX-SLB,3139.289131164551,250000.0,14
2025-07-03,ADI-STX,0.0,250000.0,14
2025-07-07,ADI-STX,5706.181335449219,250000.0,14
2025-07-08,ADI-STX,-7288.854309082031,250000.0,14
2025-07-09,ADI-STX,-6717.021331787109,250000.0,14
2025-07-10,ADI-STX,-7200.163299560547,250000.0,14
2025-07-10,KEYS-WDAY,0.0,250000.0,14
2025-07-11,ADI-STX,-1850.987548828125,250000.0,14
2025-07-11,KEYS-WDAY,-5491.963806152344,250000.0,14
2025-07-11,GEN-ORCL,0.0,250000.0,14
2025-07-14,ADI-STX,3678.4759521484375,250000.0,14
2025-07-14,KEYS-WDAY,-3681.1093139648438,250000.0,14
2025-07-15,KEYS-WDAY,-2340.6140899658203,250000.0,14
2025-07-15,PPL-WEC,0.0,250000.0,14
2025-07-16,KEYS-WDAY,1068.7935638427734,250000.0,14
2025-07-16,CMCSA-OMC,0.0,250000.0,14
2025-07-17,KEYS-WDAY,3237.1949768066406,250000.0,14
2025-07-17,KEY-USB,0.0,250000.0,14
2025-07-18,KEY-USB,1226.0527420043945,250000.0,14
2025-07-18,KEY-RF,0.0,250000.0,14
2025-07-21,KEY-USB,4140.554466247559,250000.0,14
2025-07-21,KEY-RF,-3057.362222671509,250000.0,14
2025-07-22,KEY-USB,1517.9594802856445,250000.0,14
2025-07-22,KEY-RF,725.4167575836182,250000.0,14
2025-07-23,KEY-USB,1248.1441116333008,250000.0,14
2025-07-23,KEY-RF,185.0515308380127,250000.0,14
2025-07-23,CHRW-LII,0.0,250000.0,14
2025-07-23,HPQ-TXN,0.0,250000.0,14
2025-07-24,KEY-USB,3272.01602935791,250000.0,14
2025-07-24,KEY-RF,-2787.0899963378906,250000.0,14
2025-07-24,CHRW-LII,3013.1046981811523,250000.0,14
2025-07-24,HPQ-TXN,-87.54331970214844,250000.0,14
2025-07-25,KEY-USB,3940.7343673706055,250000.0,14
2025-07-25,KEY-RF,-3089.942569732666,250000.0,14
2025-07-25,CHRW-LII,3630.0965881347656,250000.0,14
2025-07-25,HPQ-TXN,-991.5253143310547,250000.0,14
2025-07-28,KEY-USB,4097.038154602051,250000.0,14
2025-07-28,KEY-RF,-3516.0930919647217,250000.0,14
2025-07-28,CHRW-LII,3956.082145690918,250000.0,14
2025-07-28,HPQ-TXN,4128.708114624023,250000.0,14
2025-07-29,KEY-USB,4646.343650817871,250000.0,14
2025-07-29,KEY-RF,-3066.431812286377,250000.0,14
2025-07-29,CHRW-LII,6671.659851074219,250000.0,14
2025-07-29,HPQ-TXN,7614.413360595703,250000.0,14
2025-07-29,CBOE-HIG,0.0,250000.0,14
2025-07-30,KEY-RF,-1151.6160507202148,250000.0,14
2025-07-30,HPQ-TXN,7110.455520629883,250000.0,14
2025-07-30,CBOE-HIG,965.4048004150391,250000.0,14
2025-07-31,KEY-RF,-511.6133460998535,250000.0,14
2025-07-31,HPQ-TXN,-1433.8902282714844,250000.0,14
2025-07-31,CBOE-HIG,1131.484619140625,250000.0,14
2025-07-31,PPL-WEC,0.0,250000.0,14
2025-07-31,CHRW-LII,0.0,250000.0,14
2025-06-04,EQIX-SPG,0.0,250000.0,15
2025-06-05,EQIX-SPG,-679.7133026123047,250000.0,15
2025-06-06,EQIX-SPG,138.92872619628906,250000.0,15
2025-06-09,EQIX-SPG,2677.019241333008,250000.0,15
2025-06-10,EQIX-SPG,3451.1158447265625,250000.0,15
2025-06-10,CASY-KR,0.0,250000.0,15
2025-06-11,CASY-KR,-5815.894020080566,250000.0,15
2025-06-12,CASY-KR,-6310.667514801025,250000.0,15
2025-06-12,KEY-PNC,0.0,250000.0,15
2025-06-13,CASY-KR,-4158.3181800842285,250000.0,15
2025-06-13,KEY-PNC,-1210.2698278427124,250000.0,15
2025-06-13,KEYS-WDAY,0.0,250000.0,15
2025-06-16,CASY-KR,-2506.128574371338,250000.0,15
2025-06-16,KEY-PNC,777.9044198989868,250000.0,15
2025-06-16,KEYS-WDAY,-2713.0211029052734,250000.0,15
2025-06-17,CASY-KR,-3097.0592079162598,250000.0,15
2025-06-17,KEY-PNC,307.9220199584961,250000.0,15
2025-06-18,CASY-KR,-4354.910938262939,250000.0,15
2025-06-18,KKR-PYPL,0.0,250000.0,15
2025-06-20,KKR-PYPL,5139.5097732543945,250000.0,15
2025-06-23,AEE-NI,0.0,250000.0,15
2025-06-23,MS-NTRS,0.0,250000.0,15
2025-06-24,AEE-NI,507.40917205810547,250000.0,15
2025-06-24,MS-NTRS,8757.134857177734,250000.0,15
2025-06-24,PG-TSN,0.0,250000.0,15
2025-06-24,EXPD-TXT,0.0,250000.0,15
2025-06-25,MS-NTRS,305.16900634765625,250000.0,15
2025-06-25,VRSK-WM,0.0,250000.0,15
2025-06-25,CBOE-HIG,0.0,250000.0,15
2025-06-25,EQIX-SPG,0.0,250000.0,15
2025-06-26,MS-NTRS,5564.877227783203,250000.0,15
2025-06-26,VRSK-WM,-2421.062469482422,250000.0,15
2025-06-27,MS-NTRS,4225.819000244141,250000.0,15
2025-06-27,VRSK-WM,-2160.9024658203125,250000.0,15
2025-06-30,MS-NTRS,-401.8019256591797,250000.0,15
2025-06-30,VRSK-WM,-2694.0092010498047,250000.0,15
2025-07-01,MS-NTRS,-2518.1847229003906,250000.0,15
2025-07-01,VRSK-WM,-3300.7044525146484,250000.0,15
2025-07-02,MS-NTRS,-7815.552352905273,250000.0,15
2025-07-03,MS-NTRS,-4837.072982788086,250000.0,15
2025-07-07,MS-NTRS,1085.8768615722656,250000.0,15
2025-07-08,MS-NTRS,1786.6258697509766,250000.0,15
2025-07-09,MS-NTRS,367.77284240722656,250000.0,15
2025-07-10,MS-NTRS,3841.320816040039,250000.0,15
2025-07-10,KEYS-WDAY,0.0,250000.0,15
2025-07-11,MS-NTRS,3896.8773651123047,250000.0,15
2025-07-11,KEYS-WDAY,-5491.963806152344,250000.0,15
2025-07-11,KKR-PYPL,0.0,250000.0,15
2025-07-11,EXPD-TXT,0.0,250000.0,15
2025-07-14,MS-NTRS,5480.445983886719,250000.0,15
2025-07-14,KEYS-WDAY,-3681.1093139648438,250000.0,15
2025-07-14,EXPD-TXT,-3170.6318969726562,250000.0,15
2025-07-15,MS-NTRS,7472.254348754883,250000.0,15
2025-07-15,KEYS-WDAY,-2340.6140899658203,250000.0,15
2025-07-15,EXPD-TXT,-4812.332046508789,250000.0,15
2025-07-16,MS-NTRS,1827.6580200195312,250000.0,15
2025-07-16,KEYS-WDAY,1068.7935638427734,250000.0,15
2025-07-16,EXPD-TXT,-4968.8669509887695,250000.0,15
2025-07-16,CMCSA-OMC,0.0,250000.0,15
2025-07-17,KEYS-WDAY,3237.1949768066406,250000.0,15
2025-07-17,EXPD-TXT,-5912.705032348633,250000.0,15
2025-07-17,KEY-USB,0.0,250000.0,15
2025-07-18,KEY-USB,1226.0527420043945,250000.0,15
2025-07-18,KEY-RF,0.0,250000.0,15
2025-07-21,KEY-USB,4140.554466247559,250000.0,15
2025-07-21,KEY-RF,-3057.362222671509,250000.0,15
2025-07-22,KEY-USB,1517.9594802856445,250000.0,15
2025-07-22,KEY-RF,725.4167575836182,250000.0,15
2025-07-23,KEY-USB,1248.1441116333008,250000.0,15
2025-07-23,KEY-RF,185.0515308380127,250000.0,15
2025-07-23,LII-VRT,0.0,250000.0,15
2025-07-24,KEY-USB,3272.01602935791,250000.0,15
2025-07-24,KEY-RF,-2787.0899963378906,250000.0,15
2025-07-24,LII-VRT,-2502.9341735839844,250000.0,15
2025-07-24,VRSK-WM,0.0,250000.0,15
2025-07-24,EXPD-TXT,0.0,250000.0,15
2025-07-25,KEY-USB,3940.7343673706055,250000.0,15
2025-07-25,KEY-RF,-3089.942569732666,250000.0,15
2025-07-25,LII-VRT,13956.411895751953,250000.0,15
2025-07-25,VRSK-WM,1683.9325103759766,250000.0,15
2025-07-25,EXPD-TXT,-3944.498390197754,250000.0,15
2025-07-25,CASY-KR,0.0,250000.0,15
2025-07-28,KEY-USB,4097.038154602051,250000.0,15
2025-07-28,KEY-RF,-3516.0930919647217,250000.0,15
2025-07-28,LII-VRT,30226.483459472656,250000.0,15
2025-07-28,VRSK-WM,2346.0987854003906,250000.0,15
2025-07-28,EXPD-TXT,-2333.2195205688477,250000.0,15
2025-07-29,KEY-USB,4646.343650817871,250000.0,15
2025-07-29,KEY-RF,-3066.431812286377,250000.0,15
2025-07-29,EXPD-TXT,-598.3570861816406,250000.0,15
2025-07-29,CBOE-HIG,0.0,250000.0,15
2025-07-30,KEY-RF,-1151.6160507202148,250000.0,15
2025-07-30,EXPD-TXT,9533.280921936035,250000.0,15
2025-07-30,CBOE-HIG,965.4048004150391,250000.0,15
2025-07-31,KEY-RF,-511.6133460998535,250000.0,15
2025-07-31,EXPD-TXT,-7737.447074890137,250000.0,15
2025-07-31,CBOE-HIG,1131.484619140625,250000.0,15
2025-08-01,KEY-RF,436.67128562927246,250000.0,15
2025-08-01,EXPD-TXT,-4048.701820373535,250000.0,15
2025-08-01,GWW-PNR,0.0,250000.0,15
2025-08-04,EXPD-TXT,-9803.649765014648,250000.0,15
2025-08-04,GWW-PNR,-1348.904914855957,250000.0,15
2025-08-05,EXPD-TXT,-6583.544563293457,250000.0,15
2025-08-05,GWW-PNR,-7545.82356262207,250000.0,15
2025-08-06,GWW-PNR,7623.6152420043945,250000.0,15
2025-08-06,KEY-PNC,0.0,250000.0,15
2025-08-06,AEE-NI,0.0,250000.0,15
2025-08-07,GWW-PNR,915.8597946166992,250000.0,15
2025-08-07,KEY-PNC,914.1839294433594,250000.0,15
2025-08-07,AEE-NI,1224.9923973083496,250000.0,15
2025-08-08,GWW-PNR,2676.358558654785,250000.0,15
2025-08-08,KEY-PNC,-72.31562805175781,250000.0,15
2025-08-08,AEE-NI,3267.019260406494,250000.0,15
2025-08-11,GWW-PNR,-1348.7485122680664,250000.0,15
2025-08-11,KEY-PNC,-1451.8499603271484,250000.0,15
2025-08-11,AEE-NI,2573.483711242676,250000.0,15
2025-08-12,GWW-PNR,-57.134254455566406,250000.0,15
2025-08-12,KEY-PNC,1681.9197082519531,250000.0,15
2025-08-13,GWW-PNR,2346.158790588379,250000.0,15
2025-08-13,LII-VRT,0.0,250000.0,15
2025-08-14,GWW-PNR,4900.235214233398,250000.0,15
2025-08-14,LII-VRT,5382.8988037109375,250000.0,15
2025-08-15,GWW-PNR,6928.736221313477,250000.0,15
2025-08-15,LII-VRT,14918.554733276367,250000.0,15
2025-08-18,GWW-PNR,9056.208671569824,250000.0,15
2025-08-18,LII-VRT,10124.841262817383,250000.0,15
2025-08-19,GWW-PNR,13103.950798034668,250000.0,15
2025-08-19,LII-VRT,-17214.301803588867,250000.0,15
2025-08-20,GWW-PNR,20064.593620300293,250000.0,15
2025-08-20,LII-VRT,7795.551559448242,250000.0,15
2025-08-22,KEY-RF,0.0,250000.0,15
2025-08-22,KEY-USB,0.0,250000.0,15
2025-08-25,KEY-RF,-1592.4253768920898,250000.0,15
2025-08-25,KEY-USB,972.3593101501465,250000.0,15
2025-08-26,KEY-RF,-1529.7064170837402,250000.0,15
2025-08-26,KEY-USB,1306.8652172088623,250000.0,15
2025-08-27,KEY-RF,281.98265838623047,250000.0,15
2025-08-27,KEY-USB,1112.98362159729,250000.0,15
2025-08-28,KEY-RF,99.50814819335938,250000.0,15
2025-08-28,KEY-USB,1227.941120147705,250000.0,15
2025-08-29,KEY-RF,518.8252830505371,250000.0,15
2025-08-29,KEY-USB,487.2441883087158,250000.0,15
2025-07-01,EW-PFE,0.0,250000.0,16
2025-07-01,ADI-WDC,0.0,250000.0,16
2025-07-02,EW-PFE,-2695.5135803222656,250000.0,16
2025-07-02,ADI-WDC,62.247413635253906,250000.0,16
2025-07-03,EW-PFE,-3151.0247650146484,250000.0,16
2025-07-03,ADI-WDC,351.58931732177734,250000.0,16
2025-07-07,EW-PFE,-1690.9477844238281,250000.0,16
2025-07-07,ADI-WDC,3448.863426208496,250000.0,16
2025-07-08,EW-PFE,-5297.454971313477,250000.0,16
2025-07-09,EW-PFE,-5197.669815063477,250000.0,16
2025-07-10,EW-RVTY,0.0,250000.0,16
2025-07-11,EW-RVTY,4465.924453735352,250000.0,16
2025-07-11,EXPD-TXT,0.0,250000.0,16
2025-07-14,EXPD-TXT,-3170.6318969726562,250000.0,16
2025-07-14,HBAN-SYF,0.0,250000.0,16
2025-07-15,EXPD-TXT,-4812.332046508789,250000.0,16
2025-07-15,HBAN-SYF,-2512.1505670547485,250000.0,16
2025-07-16,EXPD-TXT,-4968.8669509887695,250000.0,16
2025-07-16,HBAN-SYF,-3444.477867126465,250000.0,16
2025-07-16,ABBV-JNJ,0.0,250000.0,16
2025-07-17,EXPD-TXT,-5912.705032348633,250000.0,16
2025-07-17,HBAN-SYF,546.1729679107666,250000.0,16
2025-07-17,ABBV-JNJ,3158.2440795898438,250000.0,16
2025-07-17,MTD-PFE,0.0,250000.0,16
2025-07-17,KEY-USB,0.0,250000.0,16
2025-07-18,HBAN-SYF,-4586.386501312256,250000.0,16
2025-07-18,ABBV-JNJ,947.6457366943359,250000.0,16
2025-07-18,MTD-PFE,581.6252174377441,250000.0,16
2025-07-18,KEY-USB,1226.0527420043945,250000.0,16
2025-07-18,KEY-RF,0.0,250000.0,16
2025-07-18,EXPD-NDSN,0.0,250000.0,16
2025-07-21,HBAN-SYF,-373.4774627685547,250000.0,16
2025-07-21,ABBV-JNJ,-2358.664794921875,250000.0,16
2025-07-21,MTD-PFE,2900.0162467956543,250000.0,16
2025-07-21,KEY-USB,4140.554466247559,250000.0,16
2025-07-21,KEY-RF,-3057.362222671509,250000.0,16
2025-07-22,ABBV-JNJ,-6590.882736206055,250000.0,16
2025-07-22,MTD-PFE,3610.235698699951,250000.0,16
2025-07-22,KEY-USB,1517.9594802856445,250000.0,16
2025-07-22,KEY-RF,725.4167575836182,250000.0,16
2025-07-22,MSCI-PYPL,0.0,250000.0,16
2025-07-23,ABBV-JNJ,-6566.768371582031,250000.0,16
2025-07-23,MTD-PFE,-156.06978797912598,250000.0,16
2025-07-23,KEY-USB,1248.1441116333008,250000.0,16
2025-07-23,KEY-RF,185.0515308380127,250000.0,16
2025-07-23,MSCI-PYPL,1634.6986618041992,250000.0,16
2025-07-23,ADI-WDC,0.0,250000.0,16
2025-07-24,MTD-PFE,-815.1022300720215,250000.0,16
2025-07-24,KEY-USB,3272.01602935791,250000.0,16
2025-07-24,KEY-RF,-2787.0899963378906,250000.0,16
2025-07-24,MSCI-PYPL,8635.474342346191,250000.0,16
2025-07-24,ADI-WDC,-2595.4529724121094,250000.0,16
2025-07-24,VRSK-WM,0.0,250000.0,16
2025-07-24,EXPD-TXT,0.0,250000.0,16
2025-07-25,MTD-PFE,-2668.6750869750977,250000.0,16
2025-07-25,KEY-USB,3940.7343673706055,250000.0,16
2025-07-25,KEY-RF,-3089.942569732666,250000.0,16
2025-07-25,MSCI-PYPL,10698.087356567383,250000.0,16
2025-07-25,ADI-WDC,1244.0084838867188,250000.0,16
2025-07-25,VRSK-WM,1683.9325103759766,250000.0,16
2025-07-25,EXPD-TXT,-3944.498390197754,250000.0,16
2025-07-28,MTD-PFE,-7169.786846160889,250000.0,16
2025-07-28,KEY-USB,4097.038154602051,250000.0,16
2025-07-28,KEY-RF,-3516.0930919647217,250000.0,16
2025-07-28,MSCI-PYPL,15555.56990814209,250000.0,16
2025-07-28,ADI-WDC,6974.9010009765625,250000.0,16
2025-07-28,VRSK-WM,2346.0987854003906,250000.0,16
2025-07-28,EXPD-TXT,-2333.2195205688477,250000.0,16
2025-07-29,KEY-USB,4646.343650817871,250000.0,16
2025-07-29,KEY-RF,-3066.431812286377,250000.0,16
2025-07-29,ADI-WDC,1089.7834167480469,250000.0,16
2025-07-29,EXPD-TXT,-598.3570861816406,250000.0,16
2025-07-29,CBOE-HIG,0.0,250000.0,16
2025-07-30,KEY-RF,-1151.6160507202148,250000.0,16
2025-07-30,ADI-WDC,-1093.1213073730469,250000.0,16
2025-07-30,EXPD-TXT,9533.280921936035,250000.0,16
2025-07-30,CBOE-HIG,965.4048004150391,250000.0,16
2025-07-31,KEY-RF,-511.6133460998535,250000.0,16
2025-07-31,EXPD-TXT,-7737.447074890137,250000.0,16
2025-07-31,CBOE-HIG,1131.484619140625,250000.0,16
2025-07-31,ALL-TRV,0.0,250000.0,16
2025-08-01,KEY-RF,436.67128562927246,250000.0,16
2025-08-01,EXPD-TXT,-4048.701820373535,250000.0,16
2025-08-01,ALL-TRV,1578.336685180664,250000.0,16
2025-08-04,EXPD-TXT,-9803.649765014648,250000.0,16
2025-08-04,ALL-TRV,2865.1477813720703,250000.0,16
2025-08-05,EXPD-TXT,-6583.544563293457,250000.0,16
2025-08-05,ALL-TRV,2470.5364685058594,250000.0,16
2025-08-06,ALL-TRV,1382.1100616455078,250000.0,16
2025-08-07,ALL-TRV,3193.542282104492,250000.0,16
2025-08-08,ALL-TRV,953.7686309814453,250000.0,16
2025-08-11,ALL-TRV,663.287841796875,250000.0,16
2025-08-12,ALL-TRV,90.95831298828125,250000.0,16
2025-08-13,ALL-TRV,3229.4705200195312,250000.0,16
2025-08-13,PNR-VRT,0.0,250000.0,16
2025-08-14,ALL-TRV,2656.20263671875,250000.0,16
2025-08-14,PNR-VRT,4595.777755737305,250000.0,16
2025-08-14,ABBV-JNJ,0.0,250000.0,16
2025-08-15,ALL-TRV,1664.4429626464844,250000.0,16
2025-08-15,PNR-VRT,14936.380279541016,250000.0,16
2025-08-15,ABBV-JNJ,823.4465026855469,250000.0,16
2025-08-18,ALL-TRV,716.6848754882812,250000.0,16
2025-08-18,PNR-VRT,16192.513229370117,250000.0,16
2025-08-18,ABBV-JNJ,380.49412536621094,250000.0,16
2025-08-19,ALL-TRV,1273.3759307861328,250000.0,16
2025-08-19,PNR-VRT,-4263.432815551758,250000.0,16
2025-08-19,ABBV-JNJ,2960.4676361083984,250000.0,16
2025-08-20,ALL-TRV,3386.10205078125,250000.0,16
2025-08-20,PNR-VRT,4537.678482055664,250000.0,16
2025-08-20,ABBV-JNJ,1616.9621276855469,250000.0,16
2025-08-21,PNR-VRT,6187.854331970215,250000.0,16
2025-08-21,ABBV-JNJ,1410.9209289550781,250000.0,16
2025-08-21,MTD-PFE,0.0,250000.0,16
2025-08-22,PNR-VRT,-18470.245307922363,250000.0,16
2025-08-22,MTD-PFE,3984.6793251037598,250000.0,16
2025-08-22,KEY-RF,0.0,250000.0,16
2025-08-22,KEY-USB,0.0,250000.0,16
2025-08-25,PNR-VRT,-16405.65151977539,250000.0,16
2025-08-25,KEY-RF,-1592.4253768920898,250000.0,16
2025-08-25,KEY-USB,972.3593101501465,250000.0,16
2025-08-26,PNR-VRT,-18131.6410446167,250000.0,16
2025-08-26,KEY-RF,-1529.7064170837402,250000.0,16
2025-08-26,KEY-USB,1306.8652172088623,250000.0,16
2025-08-27,PNR-VRT,-16583.730743408203,250000.0,16
2025-08-27,KEY-RF,281.98265838623047,250000.0,16
2025-08-27,KEY-USB,1112.98362159729,250000.0,16
2025-08-28,KEY-RF,99.50814819335938,250000.0,16
2025-08-28,KEY-USB,1227.941120147705,250000.0,16
2025-08-29,KEY-RF,518.8252830505371,250000.0,16
2025-08-29,KEY-USB,487.2441883087158,250000.0,16
2025-09-02,KEY-RF,1085.362174987793,250000.0,16
2025-09-02,KEY-USB,362.633996963501,250000.0,16
2025-09-03,KEY-RF,1699.7166709899902,250000.0,16
2025-09-03,KEY-USB,170.3737964630127,250000.0,16
2025-09-03,ADI-WDC,0.0,250000.0,16
2025-09-04,KEY-USB,-1051.3752326965332,250000.0,16
2025-09-04,ADI-WDC,-9813.995239257812,250000.0,16
2025-09-05,KEY-USB,-1264.4788360595703,250000.0,16
2025-09-05,ADI-WDC,-12144.917572021484,250000.0,16
2025-09-08,KEY-USB,1374.876636505127,250000.0,16
2025-09-08,ADI-WDC,-11446.849533081055,250000.0,16
2025-09-09,ADI-WDC,-16899.467208862305,250000.0,16
2025-09-10,ADI-WDC,-20497.52020263672,250000.0,16
2025-09-11,ADI-WDC,-21447.53498840332,250000.0,16
2025-09-15,PG-TSN,0.0,250000.0,16
2025-09-16,PG-TSN,1070.2335052490234,250000.0,16
2025-09-17,PG-TSN,-889.5351257324219,250000.0,16
2025-09-18,PG-TSN,-156.0453338623047,250000.0,16
2025-09-19,PG-TSN,-1571.8348236083984,250000.0,16
2025-09-19,L-SCHW,0.0,250000.0,16
2025-09-22,PG-TSN,-21.610198974609375,250000.0,16
2025-09-22,L-SCHW,955.3764953613281,250000.0,16
2025-09-23,PG-TSN,1093.261734008789,250000.0,16
2025-09-30,EW-RVTY,0.0,250000.0,16
2025-09-30,MTD-PFE,0.0,250000.0,16
2025-08-08,LUV-WAB,0.0,250000.0,17
2025-08-11,ABT-DGX,0.0,250000.0,17
2025-08-12,ABT-DGX,-938.2950744628906,250000.0,17
2025-08-12,REG-SPG,0.0,250000.0,17
2025-08-13,ABT-DGX,-3776.739044189453,250000.0,17
2025-08-13,REG-SPG,-4350.525299072266,250000.0,17
2025-08-14,ABT-DGX,-3108.7740478515625,250000.0,17
2025-08-14,ABBV-JNJ,0.0,250000.0,17
2025-08-15,ABT-DGX,-1414.1222839355469,250000.0,17
2025-08-15,ABBV-JNJ,823.4465026855469,250000.0,17
2025-08-18,ABT-DGX,-2397.1861419677734,250000.0,17
2025-08-18,ABBV-JNJ,380.49412536621094,250000.0,17
2025-08-19,ABBV-JNJ,2960.4676361083984,250000.0,17
2025-08-19,MSCI-TROW,0.0,250000.0,17
2025-08-20,ABBV-JNJ,1616.9621276855469,250000.0,17
2025-08-20,MSCI-TROW,-4307.505264282227,250000.0,17
2025-08-20,ADI-MU,0.0,250000.0,17
2025-08-21,ABBV-JNJ,1410.9209289550781,250000.0,17
2025-08-21,MSCI-TROW,-3717.3870697021484,250000.0,17
2025-08-21,ADI-MU,-7089.987930297852,250000.0,17
2025-08-21,ALL-TRV,0.0,250000.0,17
2025-08-21,DHR-MRK,0.0,250000.0,17
2025-08-21,MTD-PFE,0.0,250000.0,17
2025-08-22,ABBV-JNJ,873.7801971435547,250000.0,17
2025-08-22,MSCI-TROW,1351.2051086425781,250000.0,17
2025-08-22,ADI-MU,-13311.371383666992,250000.0,17
2025-08-22,ALL-TRV,-2085.3367919921875,250000.0,17
2025-08-22,DHR-MRK,4096.049385070801,250000.0,17
2025-08-22,MTD-PFE,3984.6793251037598,250000.0,17
2025-08-22,KEY-RF,0.0,250000.0,17
2025-08-25,ABBV-JNJ,2532.1818237304688,250000.0,17
2025-08-25,MSCI-TROW,-46.39642333984375,250000.0,17
2025-08-25,ADI-MU,-20470.25682067871,250000.0,17
2025-08-25,ALL-TRV,-1303.9884948730469,250000.0,17
2025-08-25,DHR-MRK,6037.923118591309,250000.0,17
2025-08-25,KEY-RF,-1592.4253768920898,250000.0,17
2025-08-26,MSCI-TROW,3682.070266723633,250000.0,17
2025-08-26,ADI-MU,-22525.838836669922,250000.0,17
2025-08-26,ALL-TRV,911.1157836914062,250000.0,17
2025-08-26,DHR-MRK,5498.048751831055,250000.0,17
2025-08-26,KEY-RF,-1529.7064170837402,250000.0,17
2025-08-27,ADI-MU,-19606.228637695312,250000.0,17
2025-08-27,ALL-TRV,225.97857666015625,250000.0,17
2025-08-27,KEY-RF,281.98265838623047,250000.0,17
2025-08-28,ADI-MU,-8101.861862182617,250000.0,17
2025-08-28,ALL-TRV,1938.6809692382812,250000.0,17
2025-08-28,KEY-RF,99.50814819335938,250000.0,17
2025-08-29,ADI-MU,-8737.145645141602,250000.0,17
2025-08-29,ALL-TRV,1387.0390014648438,250000.0,17
2025-08-29,KEY-RF,518.8252830505371,250000.0,17
2025-09-02,ADI-MU,-5946.421249389648,250000.0,17
2025-09-02,ALL-TRV,-374.8874206542969,250000.0,17
2025-09-02,KEY-RF,1085.362174987793,250000.0,17
2025-09-03,ADI-MU,1956.4330444335938,250000.0,17
2025-09-03,ALL-TRV,-2273.4317321777344,250000.0,17
2025-09-03,KEY-RF,1699.7166709899902,250000.0,17
2025-09-04,ADI-MU,10605.891632080078,250000.0,17
2025-09-04,ALL-TRV,-1806.3503723144531,250000.0,17
2025-09-04,MSCI-TROW,0.0,250000.0,17
2025-09-11,EXPD-VLTO,0.0,250000.0,17
2025-09-12,EXPD-VLTO,455.98421478271484,250000.0,17
2025-09-25,ADI-MU,0.0,250000.0,17
2025-09-26,ADI-MU,643.2514343261719,250000.0,17
2025-09-30,MTD-PFE,0.0,250000.0,17
2025-10-01,MTD-PFE,-10378.648202896118,250000.0,17
2025-10-01,DHR-MRK,0.0,250000.0,17
2025-10-01,ADI-MU,0.0,250000.0,17
2025-10-02,MTD-PFE,-7966.889961242676,250000.0,17
2025-10-02,DHR-MRK,-42.94337463378906,250000.0,17
2025-10-02,ADI-MU,2736.111373901367,250000.0,17
2025-10-03,MTD-PFE,-9381.077949523926,250000.0,17
2025-10-03,DHR-MRK,4065.2015686035156,250000.0,17
2025-10-03,ADI-MU,-2361.938522338867,250000.0,17
2025-10-06,MTD-PFE,3151.5699310302734,250000.0,17
2025-10-06,DHR-MRK,2879.868209838867,250000.0,17
2025-10-06,ADI-MU,-5606.137252807617,250000.0,17
2025-10-06,FDX-JBHT,0.0,250000.0,17
2025-10-07,MTD-PFE,889.426923751831,250000.0,17
2025-10-07,DHR-MRK,4148.220458984375,250000.0,17
2025-10-07,ADI-MU,-16425.233764648438,250000.0,17
2025-10-07,FDX-JBHT,1615.8251342773438,250000.0,17
2025-10-08,MTD-PFE,8735.350214004517,250000.0,17
2025-10-08,DHR-MRK,4870.738739013672,250000.0,17
2025-10-08,ADI-MU,-22694.359634399414,250000.0,17
2025-10-08,FDX-JBHT,-10621.691162109375,250000.0,17
2025-10-09,DHR-MRK,1488.3082275390625,250000.0,17
2025-10-09,ADI-MU,-17018.641555786133,250000.0,17
2025-10-09,FDX-JBHT,-4516.725723266602,250000.0,17
2025-10-09,EXPD-NDSN,0.0,250000.0,17
2025-10-10,DHR-MRK,4279.976791381836,250000.0,17
2025-10-10,ADI-MU,-28203.754470825195,250000.0,17
2025-10-10,FDX-JBHT,1738.2851257324219,250000.0,17
2025-10-10,EXPD-NDSN,1539.603515625,250000.0,17
2025-10-13,ADI-MU,-24245.45622253418,250000.0,17
2025-10-13,FDX-JBHT,1342.3973999023438,250000.0,17
2025-10-13,EXPD-NDSN,225.6349639892578,250000.0,17
2025-10-14,ADI-MU,-14901.457809448242,250000.0,17
2025-10-14,FDX-JBHT,558.2926483154297,250000.0,17
2025-10-14,EXPD-NDSN,2100.4580078125,250000.0,17
2025-10-15,ADI-MU,-15926.24836730957,250000.0,17
2025-10-15,EXPD-NDSN,3667.6632080078125,250000.0,17
2025-10-16,EXPD-NDSN,4802.403091430664,250000.0,17
2025-10-23,LUV-WAB,0.0,250000.0,17
2025-10-24,LUV-WAB,1354.656234741211,250000.0,17
2025-10-24,ADI-MU,0.0,250000.0,17
2025-10-27,LUV-WAB,-1882.9286041259766,250000.0,17
2025-10-27,ADI-MU,8061.5823974609375,250000.0,17
2025-10-28,LUV-WAB,-3577.792007446289,250000.0,17
2025-10-28,ADI-MU,-806.4404602050781,250000.0,17
2025-10-28,MSCI-USB,0.0,250000.0,17
2025-10-29,ADI-MU,-14202.652282714844,250000.0,17
2025-10-29,MSCI-USB,623.0792999267578,250000.0,17
2025-10-29,REG-SPG,0.0,250000.0,17
2025-10-30,ADI-MU,-15191.222717285156,250000.0,17
2025-10-30,REG-SPG,712.6199493408203,250000.0,17
2025-10-30,EXPD-NDSN,0.0,250000.0,17
2025-10-31,ADI-MU,-12631.182891845703,250000.0,17
2025-10-31,REG-SPG,-6002.778717041016,250000.0,17
2025-10-31,EXPD-NDSN,-1917.5675430297852,250000.0,17
2025-09-02,UHS-ZTS,0.0,250000.0,18
2025-09-03,UHS-ZTS,-772.3091125488281,250000.0,18
2025-09-04,UHS-ZTS,-2030.3123779296875,250000.0,18
2025-09-04,MSCI-TROW,0.0,250000.0,18
2025-09-05,MSCI-PRU,0.0,250000.0,18
2025-09-09,ABBV-MDT,0.0,250000.0,18
2025-09-11,ABBV-JNJ,0.0,250000.0,18
2025-09-12,ABBV-JNJ,1889.1998291015625,250000.0,18
2025-09-15,ABBV-JNJ,1937.7218933105469,250000.0,18
2025-09-16,ABBV-JNJ,2420.431365966797,250000.0,18
2025-09-17,ABBV-JNJ,-2606.8409729003906,250000.0,18
2025-09-22,REG-VICI,0.0,250000.0,18
2025-09-23,REG-VICI,3268.3018188476562,250000.0,18
2025-09-24,REG-VICI,3044.6373291015625,250000.0,18
2025-09-25,REG-VICI,4530.667556762695,250000.0,18
2025-09-26,LUV-TT,0.0,250000.0,18
2025-09-29,LUV-TT,814.2531471252441,250000.0,18
2025-09-30,LUV-TT,-4863.410526275635,250000.0,18
2025-10-01,MET-MSCI,0.0,250000.0,18
2025-10-01,DHR-MRK,0.0,250000.0,18
2025-10-01,ABBV-MDT,0.0,250000.0,18
2025-10-02,DHR-MRK,-42.94337463378906,250000.0,18
2025-10-03,DHR-MRK,4065.2015686035156,250000.0,18
2025-10-06,DHR-MRK,2879.868209838867,250000.0,18
2025-10-06,FDX-JBHT,0.0,250000.0,18
2025-10-06,HUM-ZBH,0.0,250000.0,18
2025-10-07,DHR-MRK,4148.220458984375,250000.0,18
2025-10-07,FDX-JBHT,1615.8251342773438,250000.0,18
2025-10-07,HUM-ZBH,561.5073394775391,250000.0,18
2025-10-08,DHR-MRK,4870.738739013672,250000.0,18
2025-10-08,FDX-JBHT,-10621.691162109375,250000.0,18
2025-10-08,HUM-ZBH,-2329.056785583496,250000.0,18
2025-10-09,DHR-MRK,1488.3082275390625,250000.0,18
2025-10-09,FDX-JBHT,-4516.725723266602,250000.0,18
2025-10-09,HUM-ZBH,-1844.3271408081055,250000.0,18
2025-10-10,DHR-MRK,4279.976791381836,250000.0,18
2025-10-10,HUM-ZBH,-4401.668319702148,250000.0,18
2025-10-10,MSCI-PRU,0.0,250000.0,18
2025-10-13,HUM-ZBH,262.15807342529297,250000.0,18
2025-10-22,LUV-TT,0.0,250000.0,18
2025-10-23,LUV-WAB,0.0,250000.0,18
2025-10-24,LUV-WAB,1354.656234741211,250000.0,18
2025-10-27,LUV-WAB,-1882.9286041259766,250000.0,18
2025-10-28,LUV-WAB,-3577.792007446289,250000.0,18
2025-10-28,MSCI-PRU,0.0,250000.0,18
2025-10-28,MET-MSCI,0.0,250000.0,18
2025-10-28,MSCI-USB,0.0,250000.0,18
2025-10-28,HUM-ZBH,0.0,250000.0,18
2025-10-29,MSCI-PRU,4736.061828613281,250000.0,18
2025-10-29,MET-MSCI,10749.844970703125,250000.0,18
2025-10-29,MSCI-USB,623.0792999267578,250000.0,18
2025-10-29,HUM-ZBH,-2785.667610168457,250000.0,18
2025-10-30,MSCI-PRU,6217.832763671875,250000.0,18
2025-10-30,MET-MSCI,4744.803405761719,250000.0,18
2025-10-30,MSCI-USB,-672.2468757629395,250000.0,18
2025-10-30,HUM-ZBH,-677.0578689575195,250000.0,18
2025-10-31,MET-MSCI,2908.895751953125,250000.0,18
2025-10-31,MSCI-USB,-2334.3920707702637,250000.0,18
2025-11-03,MET-MSCI,5637.0142822265625,250000.0,18
2025-11-03,MSCI-USB,-1528.0232734680176,250000.0,18
2025-11-03,DHR-MRK,0.0,250000.0,18
2025-11-04,MET-MSCI,8798.0322265625,250000.0,18
2025-11-04,MSCI-USB,-1597.6875648498535,250000.0,18
2025-11-04,DHR-MRK,4317.578521728516,250000.0,18
2025-11-04,KEY-RF,0.0,250000.0,18
2025-11-05,MET-MSCI,9522.762573242188,250000.0,18
2025-11-05,MSCI-USB,489.7912483215332,250000.0,18
2025-11-05,KEY-RF,1263.9916229248047,250000.0,18
2025-11-05,ABNB-MAR,0.0,250000.0,18
2025-11-05,HUM-ZBH,0.0,250000.0,18
2025-11-06,MET-MSCI,4135.693420410156,250000.0,18
2025-11-06,MSCI-USB,-204.55038833618164,250000.0,18
2025-11-06,ABNB-MAR,464.3576965332031,250000.0,18
2025-11-06,HUM-ZBH,7706.968780517578,250000.0,18
2025-11-07,MET-MSCI,3221.4188842773438,250000.0,18
2025-11-07,MSCI-USB,1910.0469512939453,250000.0,18
2025-11-07,ABNB-MAR,-8159.623817443848,250000.0,18
2025-11-07,HUM-ZBH,7344.47590637207,250000.0,18
2025-11-10,MET-MSCI,6398.95068359375,250000.0,18
2025-11-10,MSCI-USB,4174.975875854492,250000.0,18
2025-11-10,ABNB-MAR,-7978.320877075195,250000.0,18
2025-11-10,HUM-ZBH,12891.879760742188,250000.0,18
2025-11-11,MET-MSCI,3678.051025390625,250000.0,18
2025-11-11,MSCI-USB,3264.3049125671387,250000.0,18
2025-11-11,ABNB-MAR,-7774.932037353516,250000.0,18
2025-11-11,HUM-ZBH,10421.83920288086,250000.0,18
2025-11-12,MET-MSCI,6828.142028808594,250000.0,18
2025-11-12,MSCI-USB,5236.751007080078,250000.0,18
2025-11-12,ABNB-MAR,-8100.263916015625,250000.0,18
2025-11-12,KEY-RF,0.0,250000.0,18
2025-11-13,MET-MSCI,9461.456481933594,250000.0,18
2025-11-13,MSCI-USB,3291.5943641662598,250000.0,18
2025-11-13,KEY-RF,1280.4735679626465,250000.0,18
2025-11-14,MET-MSCI,11600.655090332031,250000.0,18
2025-11-14,MSCI-USB,3147.8303031921387,250000.0,18
2025-11-14,KEY-RF,1280.4735679626465,250000.0,18
2025-11-17,MET-MSCI,12554.255981445312,250000.0,18
2025-11-17,KEY-RF,-424.7498970031738,250000.0,18
2025-11-18,MET-MSCI,12910.933959960938,250000.0,18
2025-11-18,KEY-RF,1905.2384605407715,250000.0,18
2025-11-19,MET-MSCI,11334.468505859375,250000.0,18
2025-11-20,MET-MSCI,10561.591674804688,250000.0,18
2025-11-21,MET-MSCI,10529.848449707031,250000.0,18
2025-11-24,MET-MSCI,12886.851013183594,250000.0,18
2025-11-24,DHR-MRK,0.0,250000.0,18
2025-11-25,MET-MSCI,10588.546325683594,250000.0,18
2025-11-26,MET-MSCI,11062.025634765625,250000.0,18
2025-11-28,MET-MSCI,10803.16943359375,250000.0,18
2025-10-01,MET-MSCI,0.0,250000.0,19
2025-10-08,REG-VICI,0.0,250000.0,19
2025-10-09,REG-VICI,-3671.2262573242188,250000.0,19
2025-10-09,EXPD-GNRC,0.0,250000.0,19
2025-10-10,REG-VICI,-2569.287124633789,250000.0,19
2025-10-10,EXPD-GNRC,-18941.96142578125,250000.0,19
2025-10-10,MSCI-PRU,0.0,250000.0,19
2025-10-10,CB-KKR,0.0,250000.0,19
2025-10-13,REG-VICI,-4425.024139404297,250000.0,19
2025-10-13,EXPD-GNRC,-18939.55238342285,250000.0,19
2025-10-13,CB-KKR,4567.7770919799805,250000.0,19
2025-10-14,REG-VICI,-3188.167678833008,250000.0,19
2025-10-14,EXPD-GNRC,-9117.432708740234,250000.0,19
2025-10-15,REG-VICI,-2650.4107513427734,250000.0,19
2025-10-15,EXPD-GNRC,-20811.119598388672,250000.0,19
2025-10-16,REG-VICI,-6172.016067504883,250000.0,19
2025-10-16,EXPD-GNRC,-15925.187858581543,250000.0,19
2025-10-16,CB-KKR,0.0,250000.0,19
2025-10-17,REG-VICI,-5821.031524658203,250000.0,19
2025-10-17,EXPD-GNRC,-1115.9821548461914,250000.0,19
2025-10-17,CB-KKR,125.15950012207031,250000.0,19
2025-10-20,REG-VICI,-2997.7542724609375,250000.0,19
2025-10-20,EXPD-GNRC,-5155.212371826172,250000.0,19
2025-10-20,CB-KKR,5440.414657592773,250000.0,19
2025-10-20,J-URI,0.0,250000.0,19
2025-10-20,AAPL-TER,0.0,250000.0,19
2025-10-21,REG-VICI,-3091.1639251708984,250000.0,19
2025-10-21,EXPD-GNRC,3726.966133117676,250000.0,19
2025-10-21,CB-KKR,15417.638793945312,250000.0,19
2025-10-21,J-URI,-4223.9609375,250000.0,19
2025-10-21,AAPL-TER,6506.532043457031,250000.0,19
2025-10-22,EXPD-GNRC,479.04198455810547,250000.0,19
2025-10-22,AAPL-TER,5991.006408691406,250000.0,19
2025-10-22,LUV-TT,0.0,250000.0,19
2025-10-23,EXPD-GNRC,-9151.716079711914,250000.0,19
2025-10-23,LUV-WAB,0.0,250000.0,19
2025-10-24,LUV-WAB,1354.656234741211,250000.0,19
2025-10-27,LUV-WAB,-1882.9286041259766,250000.0,19
2025-10-28,LUV-WAB,-3577.792007446289,250000.0,19
2025-10-28,MSCI-PRU,0.0,250000.0,19
2025-10-28,MET-MSCI,0.0,250000.0,19
2025-10-29,MSCI-PRU,4736.061828613281,250000.0,19
2025-10-29,MET-MSCI,10749.844970703125,250000.0,19
2025-10-29,AAPL-TER,0.0,250000.0,19
2025-10-30,MSCI-PRU,6217.832763671875,250000.0,19
2025-10-30,MET-MSCI,4744.803405761719,250000.0,19
2025-10-30,AAPL-TER,-1381.9755096435547,250000.0,19
2025-10-30,EXPD-GNRC,0.0,250000.0,19
2025-10-31,MET-MSCI,2908.895751953125,250000.0,19
2025-10-31,AAPL-TER,-10115.377807617188,250000.0,19
2025-10-31,EXPD-GNRC,-3455.636245727539,250000.0,19
2025-11-03,MET-MSCI,5637.0142822265625,250000.0,19
2025-11-03,AAPL-TER,-14204.418014526367,250000.0,19
2025-11-03,EXPD-GNRC,-12132.659133911133,250000.0,19
2025-11-04,MET-MSCI,8798.0322265625,250000.0,19
2025-11-04,AAPL-TER,-1888.3916015625,250000.0,19
2025-11-04,KEY-RF,0.0,250000.0,19
2025-11-05,MET-MSCI,9522.762573242188,250000.0,19
2025-11-05,AAPL-TER,-18876.225051879883,250000.0,19
2025-11-05,KEY-RF,1263.9916229248047,250000.0,19
2025-11-06,MET-MSCI,4135.693420410156,250000.0,19
2025-11-06,AAPL-TER,-15802.409149169922,250000.0,19
2025-11-07,MET-MSCI,3221.4188842773438,250000.0,19
2025-11-07,AAPL-TER,-14039.014434814453,250000.0,19
2025-11-07,TROW-XYZ,0.0,250000.0,19
2025-11-10,MET-MSCI,6398.95068359375,250000.0,19
2025-11-10,AAPL-TER,-14583.64225769043,250000.0,19
2025-11-10,TROW-XYZ,3994.102752685547,250000.0,19
2025-11-11,MET-MSCI,3678.051025390625,250000.0,19
2025-11-11,AAPL-TER,4997.731674194336,250000.0,19
2025-11-11,TROW-XYZ,-1693.881820678711,250000.0,19
2025-11-12,MET-MSCI,6828.142028808594,250000.0,19
2025-11-12,AAPL-TER,-911.9912414550781,250000.0,19
2025-11-12,TROW-XYZ,-5986.742454528809,250000.0,19
2025-11-12,KEY-RF,0.0,250000.0,19
2025-11-13,MET-MSCI,9461.456481933594,250000.0,19
2025-11-13,AAPL-TER,12125.770080566406,250000.0,19
2025-11-13,TROW-XYZ,-15651.324657440186,250000.0,19
2025-11-13,KEY-RF,1280.4735679626465,250000.0,19
2025-11-14,MET-MSCI,11600.655090332031,250000.0,19
2025-11-14,AAPL-TER,10676.123062133789,250000.0,19
2025-11-14,TROW-XYZ,-15768.926685333252,250000.0,19
2025-11-14,KEY-RF,1280.4735679626465,250000.0,19
2025-11-17,MET-MSCI,12554.255981445312,250000.0,19
2025-11-17,AAPL-TER,6027.6107177734375,250000.0,19
2025-11-17,TROW-XYZ,-7150.113830566406,250000.0,19
2025-11-17,KEY-RF,-424.7498970031738,250000.0,19
2025-11-18,MET-MSCI,12910.933959960938,250000.0,19
2025-11-18,AAPL-TER,11338.851013183594,250000.0,19
2025-11-18,TROW-XYZ,-12128.872375488281,250000.0,19
2025-11-18,KEY-RF,1905.2384605407715,250000.0,19
2025-11-19,MET-MSCI,11334.468505859375,250000.0,19
2025-11-19,AAPL-TER,6733.358779907227,250000.0,19
2025-11-19,TROW-XYZ,4761.124008178711,250000.0,19
2025-11-20,MET-MSCI,10561.591674804688,250000.0,19
2025-11-20,TROW-XYZ,4911.848796844482,250000.0,19
2025-11-21,MET-MSCI,10529.848449707031,250000.0,19
2025-11-21,TROW-XYZ,-5337.684162139893,250000.0,19
2025-11-21,J-URI,0.0,250000.0,19
2025-11-24,MET-MSCI,12886.851013183594,250000.0,19
2025-11-24,J-URI,1739.1570663452148,250000.0,19
2025-11-25,MET-MSCI,10588.546325683594,250000.0,19
2025-11-25,J-URI,2896.4997482299805,250000.0,19
2025-11-26,MET-MSCI,11062.025634765625,250000.0,19
2025-11-26,J-URI,4272.16202545166,250000.0,19
2025-11-28,MET-MSCI,10803.16943359375,250000.0,19
2025-11-28,J-URI,2881.9879989624023,250000.0,19
2025-12-01,MET-MSCI,12349.2021484375,250000.0,19
2025-12-01,J-URI,3499.09366607666,250000.0,19
2025-12-02,J-URI,8036.996910095215,250000.0,19
2025-12-03,J-URI,8724.294410705566,250000.0,19
2025-12-09,KEY-RF,0.0,250000.0,19
2025-12-09,CB-KKR,0.0,250000.0,19
2025-12-10,KEY-RF,1698.8067893981934,250000.0,19
2025-12-10,CB-KKR,-4586.701080322266,250000.0,19
2025-12-11,KEY-RF,3784.9920921325684,250000.0,19
2025-12-11,CB-KKR,-18982.746002197266,250000.0,19
2025-12-12,KEY-RF,1915.1526432037354,250000.0,19
2025-12-12,CB-KKR,-10826.822708129883,250000.0,19
2025-12-15,KEY-RF,2592.2029876708984,250000.0,19
2025-12-15,CB-KKR,-12852.88558959961,250000.0,19
2025-12-16,KEY-RF,2129.234083175659,250000.0,19
2025-12-16,CB-KKR,-8203.258529663086,250000.0,19
2025-12-17,KEY-RF,-232.29812240600586,250000.0,19
2025-12-17,CB-KKR,-8406.998565673828,250000.0,19
2025-12-18,KEY-RF,-2852.5620193481445,250000.0,19
2025-12-18,CB-KKR,-5505.31086730957,250000.0,19
2025-12-18,ALL-TRV,0.0,250000.0,19
2025-12-19,KEY-RF,-1777.6782836914062,250000.0,19
2025-12-19,CB-KKR,-2539.564727783203,250000.0,19
2025-12-19,ALL-TRV,671.4781799316406,250000.0,19
2025-12-22,KEY-RF,-3326.8424797058105,250000.0,19
2025-12-22,CB-KKR,-4480.1927490234375,250000.0,19
2025-12-23,KEY-RF,-3749.686548233032,250000.0,19
2025-12-23,CB-KKR,-6727.3238525390625,250000.0,19
