date,pair,mark_pnl,target_notional,fold_id
2015-01-05,GD-UNP,0.0,250000.0,0
2015-01-05,A-ALGN,0.0,250000.0,0
2015-01-06,A-ALGN,-8106.861740112305,250000.0,0
2015-01-06,BKR-DVN,0.0,250000.0,0
2015-01-06,LIN-MOS,0.0,250000.0,0
2015-01-07,BKR-DVN,-3963.102970123291,250000.0,0
2015-01-07,LIN-MOS,2100.48530960083,250000.0,0
2015-01-07,DD-MLM,0.0,250000.0,0
2015-01-08,BKR-DVN,3005.7761878967285,250000.0,0
2015-01-08,LIN-MOS,4214.489162445068,250000.0,0
2015-01-08,DD-MLM,-3629.75724029541,250000.0,0
2015-01-08,IVZ-PFG,0.0,250000.0,0
2015-01-09,LIN-MOS,2022.050926208496,250000.0,0
2015-01-09,DD-MLM,923.5180130004883,250000.0,0
2015-01-09,IVZ-PFG,-746.5495014190674,250000.0,0
2015-01-09,ABBV-MDT,0.0,250000.0,0
2015-01-09,PFE-WAT,0.0,250000.0,0
2015-01-12,LIN-MOS,-857.034294128418,250000.0,0
2015-01-12,DD-MLM,-1233.3483581542969,250000.0,0
2015-01-12,ABBV-MDT,-292.0157699584961,250000.0,0
2015-01-12,PFE-WAT,-1332.7067375183105,250000.0,0
2015-01-12,AME-LHX,0.0,250000.0,0
2015-01-13,LIN-MOS,2013.6266784667969,250000.0,0
2015-01-13,DD-MLM,-1111.6183624267578,250000.0,0
2015-01-13,ABBV-MDT,-28.633563995361328,250000.0,0
2015-01-13,PFE-WAT,1034.4028816223145,250000.0,0
2015-01-13,AME-LHX,1632.9730606079102,250000.0,0
2015-01-14,LIN-MOS,-482.30821228027344,250000.0,0
2015-01-14,DD-MLM,2740.451873779297,250000.0,0
2015-01-14,PFE-WAT,-2841.835214614868,250000.0,0
2015-01-14,AME-LHX,-1716.9653511047363,250000.0,0
2015-01-14,D-FE,0.0,250000.0,0
2015-01-15,LIN-MOS,-390.9747123718262,250000.0,0
2015-01-15,AME-LHX,-1894.4619750976562,250000.0,0
2015-01-15,D-FE,244.8598175048828,250000.0,0
2015-01-15,HPQ-MPWR,0.0,250000.0,0
2015-01-16,LIN-MOS,-5759.345287322998,250000.0,0
2015-01-16,AME-LHX,-1835.7472839355469,250000.0,0
2015-01-16,D-FE,-3843.662757873535,250000.0,0
2015-01-16,HPQ-MPWR,-4237.021041870117,250000.0,0
2015-01-20,AME-LHX,-2345.714324951172,250000.0,0
2015-01-20,D-FE,-1854.1879844665527,250000.0,0
2015-01-20,HPQ-MPWR,-982.0607681274414,250000.0,0
2015-01-21,AME-LHX,-718.1756553649902,250000.0,0
2015-01-21,D-FE,-694.5627460479736,250000.0,0
2015-01-21,HPQ-MPWR,-370.13021087646484,250000.0,0
2015-01-22,D-FE,-61.85641670227051,250000.0,0
2015-01-22,HUBB-PAYX,0.0,250000.0,0
2015-01-23,D-FE,-913.970890045166,250000.0,0
2015-01-23,HUBB-PAYX,-506.68930435180664,250000.0,0
2015-01-26,D-FE,-2260.436834335327,250000.0,0
2015-01-26,HUBB-PAYX,-104.30903244018555,250000.0,0
2015-01-27,D-FE,-686.1555652618408,250000.0,0
2015-01-28,D-FE,-2375.1224327087402,250000.0,0
2015-02-12,IVZ-PFG,0.0,250000.0,0
2015-02-13,IVZ-PFG,-2759.1776790618896,250000.0,0
2015-02-17,IVZ-PFG,-2428.419198989868,250000.0,0
2015-02-18,IVZ-PFG,-2057.7162494659424,250000.0,0
2015-02-19,IVZ-PFG,-3231.86798286438,250000.0,0
2015-02-20,IVZ-PFG,-1263.0583992004395,250000.0,0
2015-02-23,IVZ-PFG,1029.857946395874,250000.0,0
2015-02-23,AME-LHX,0.0,250000.0,0
2015-02-24,IVZ-PFG,559.1184196472168,250000.0,0
2015-02-24,AME-LHX,720.3356475830078,250000.0,0
2015-02-25,IVZ-PFG,555.5639019012451,250000.0,0
2015-02-25,AME-LHX,-2055.5724334716797,250000.0,0
2015-02-26,IVZ-PFG,2464.8729343414307,250000.0,0
2015-02-26,AME-LHX,-4980.611343383789,250000.0,0
2015-02-27,AME-LHX,-4569.868301391602,250000.0,0
2015-03-02,AME-LHX,-3907.5925903320312,250000.0,0
2015-03-03,LIN-MOS,0.0,250000.0,0
2015-03-04,LIN-MOS,-2914.0874786376953,250000.0,0
2015-03-05,PFE-WAT,0.0,250000.0,0
2015-03-23,GD-UNP,0.0,250000.0,0
2015-03-24,GD-UNP,23.837867736816406,250000.0,0
2015-03-25,GD-UNP,-2404.096809387207,250000.0,0
2015-03-25,D-FE,0.0,250000.0,0
2015-03-26,D-FE,26.19178009033203,250000.0,0
2015-03-26,AME-LHX,0.0,250000.0,0
2015-03-27,D-FE,-610.0177001953125,250000.0,0
2015-02-12,IVZ-PFG,0.0,250000.0,1
2015-02-13,IVZ-PFG,-2759.1776790618896,250000.0,1
2015-02-17,IVZ-PFG,-2428.419198989868,250000.0,1
2015-02-18,IVZ-PFG,-2057.7162494659424,250000.0,1
2015-02-19,IVZ-PFG,-3231.86798286438,250000.0,1
2015-02-20,IVZ-PFG,-1263.0583992004395,250000.0,1
2015-02-23,IVZ-PFG,1029.857946395874,250000.0,1
2015-02-24,IVZ-PFG,559.1184196472168,250000.0,1
2015-02-25,IVZ-PFG,555.5639019012451,250000.0,1
2015-02-26,IVZ-PFG,2464.8729343414307,250000.0,1
2015-03-02,NXPI-SMCI,0.0,250000.0,1
2015-03-03,NXPI-SMCI,-1032.2964725494385,250000.0,1
2015-03-04,NXPI-SMCI,-6512.36691570282,250000.0,1
2015-03-05,NXPI-SMCI,-3658.8634815216064,250000.0,1
2015-03-06,NXPI-SMCI,-10829.59293270111,250000.0,1
2015-03-09,NXPI-SMCI,-11791.083895683289,250000.0,1
2015-03-10,NXPI-SMCI,-14875.770328521729,250000.0,1
2015-03-10,ABT-MCK,0.0,250000.0,1
2015-03-11,NXPI-SMCI,-8956.960516929626,250000.0,1
2015-03-11,ABT-MCK,676.4476318359375,250000.0,1
2015-03-12,NXPI-SMCI,-16060.115676879883,250000.0,1
2015-03-16,SNA-UNP,0.0,250000.0,1
2015-03-17,SNA-UNP,507.03914642333984,250000.0,1
2015-03-18,SNA-UNP,-1147.687271118164,250000.0,1
2015-03-19,SNA-UNP,-1680.594497680664,250000.0,1
2015-03-20,SNA-UNP,-1911.4091720581055,250000.0,1
2015-03-30,VTRS-WAT,0.0,250000.0,1
2015-03-31,VTRS-WAT,209.10282135009766,250000.0,1
2015-04-01,VTRS-WAT,-327.1805953979492,250000.0,1
2015-04-01,IQV-MCK,0.0,250000.0,1
2015-04-02,VTRS-WAT,-1533.399154663086,250000.0,1
2015-04-06,VTRS-WAT,-3790.707130432129,250000.0,1
2015-04-07,VTRS-WAT,-681.9905090332031,250000.0,1
2015-03-09,FRT-SPG,0.0,250000.0,2
2015-03-10,FRT-SPG,548.537727355957,250000.0,2
2015-03-10,LNT-NEE,0.0,250000.0,2
2015-03-11,FRT-SPG,-3330.213668823242,250000.0,2
2015-03-11,LNT-NEE,984.5981273651123,250000.0,2
2015-03-12,FRT-SPG,-54.591461181640625,250000.0,2
2015-03-12,CB-ERIE,0.0,250000.0,2
2015-03-12,EG-ERIE,0.0,250000.0,2
2015-03-13,FRT-SPG,-631.454475402832,250000.0,2
2015-03-13,CB-ERIE,-1071.1111450195312,250000.0,2
2015-03-13,EG-ERIE,-46.1456298828125,250000.0,2
2015-03-16,FRT-SPG,338.7225570678711,250000.0,2
2015-03-16,CB-ERIE,1269.6162185668945,250000.0,2
2015-03-16,EG-ERIE,-2106.3451538085938,250000.0,2
2015-03-17,FRT-SPG,-1275.8045196533203,250000.0,2
2015-03-17,CB-ERIE,-277.7302703857422,250000.0,2
2015-03-17,EG-ERIE,-2613.300956726074,250000.0,2
2015-03-17,AMGN-REGN,0.0,250000.0,2
2015-03-18,FRT-SPG,-1015.7822265625,250000.0,2
2015-03-18,CB-ERIE,2414.770683288574,250000.0,2
2015-03-18,EG-ERIE,-2589.347236633301,250000.0,2
2015-03-18,AMGN-REGN,-583.7157592773438,250000.0,2
2015-03-19,FRT-SPG,370.3529052734375,250000.0,2
2015-03-19,CB-ERIE,953.2823638916016,250000.0,2
2015-03-19,EG-ERIE,-2974.048698425293,250000.0,2
2015-03-19,AMGN-REGN,-6738.909439086914,250000.0,2
2015-03-19,DGX-MTD,0.0,250000.0,2
2015-03-20,FRT-SPG,2004.1865997314453,250000.0,2
2015-03-20,AMGN-REGN,-7770.624420166016,250000.0,2
2015-03-20,DGX-MTD,244.6254119873047,250000.0,2
2015-03-20,ITW-MMM,0.0,250000.0,2
2015-03-23,FRT-SPG,745.8100891113281,250000.0,2
2015-03-23,AMGN-REGN,-3899.615203857422,250000.0,2
2015-03-23,ITW-MMM,-762.3100128173828,250000.0,2
2015-03-24,FRT-SPG,2370.864112854004,250000.0,2
2015-03-24,AMGN-REGN,-1716.409408569336,250000.0,2
2015-03-24,ITW-MMM,-1647.2902069091797,250000.0,2
2015-03-25,AMGN-REGN,6161.200500488281,250000.0,2
2015-03-25,ITW-MMM,1492.454360961914,250000.0,2
2015-04-01,IQV-MCK,0.0,250000.0,2
2015-05-08,FRT-SPG,0.0,250000.0,2
2015-05-08,ITW-MMM,0.0,250000.0,2
2015-05-11,FRT-SPG,1566.8215942382812,250000.0,2
2015-05-11,ITW-MMM,845.1178283691406,250000.0,2
2015-05-12,FRT-SPG,2570.394172668457,250000.0,2
2015-05-12,ITW-MMM,301.26373291015625,250000.0,2
2015-05-13,FRT-SPG,1076.4424896240234,250000.0,2
2015-05-13,ITW-MMM,-1332.1401672363281,250000.0,2
2015-05-14,FRT-SPG,3198.7239837646484,250000.0,2
2015-05-14,ITW-MMM,-1280.5546493530273,250000.0,2
2015-05-15,ITW-MMM,-2107.5959396362305,250000.0,2
2015-05-15,CPAY-MCO,0.0,250000.0,2
2015-05-18,ITW-MMM,-1752.5279846191406,250000.0,2
2015-05-18,CPAY-MCO,483.35255432128906,250000.0,2
2015-05-19,ITW-MMM,-2613.1784286499023,250000.0,2
2015-05-19,CPAY-MCO,-2520.922592163086,250000.0,2
2015-05-20,ITW-MMM,-2290.214141845703,250000.0,2
2015-05-20,DGX-DXCM,0.0,250000.0,2
2015-05-21,ITW-MMM,-1091.6355056762695,250000.0,2
2015-05-21,DGX-DXCM,-1610.4086990356445,250000.0,2
2015-05-22,ITW-MMM,-499.9700698852539,250000.0,2
2015-05-22,DGX-MTD,0.0,250000.0,2
2015-05-22,BRO-GS,0.0,250000.0,2
2015-05-26,DGX-MTD,914.2934532165527,250000.0,2
2015-05-26,BRO-GS,1254.9136848449707,250000.0,2
2015-05-26,CB-ERIE,0.0,250000.0,2
2015-05-27,DGX-MTD,4986.128162384033,250000.0,2
2015-05-27,BRO-GS,-1152.986255645752,250000.0,2
2015-05-27,CB-ERIE,-511.8983840942383,250000.0,2
2015-05-28,DGX-MTD,6081.604774475098,250000.0,2
2015-05-28,BRO-GS,1477.300682067871,250000.0,2
2015-05-28,CB-ERIE,-1799.647258758545,250000.0,2
2015-05-29,DGX-MTD,5233.806690216064,250000.0,2
2015-05-29,CB-ERIE,-2955.9549407958984,250000.0,2
2015-04-09,AME-EME,0.0,250000.0,3
2015-04-10,AME-EME,618.4975891113281,250000.0,3
2015-04-27,ADBE-AMAT,0.0,250000.0,3
2015-04-28,ADBE-AMAT,1422.7437286376953,250000.0,3
2015-04-29,ADBE-AMAT,397.6015853881836,250000.0,3
2015-05-06,KO-PG,0.0,250000.0,3
2015-05-07,KO-PG,988.2894248962402,250000.0,3
2015-05-08,KO-PG,1190.1278533935547,250000.0,3
2015-06-01,ATO-NEE,0.0,250000.0,3
2015-06-02,ATO-NEE,23.62753677368164,250000.0,3
2015-06-02,ED-EIX,0.0,250000.0,3
2015-06-03,ED-EIX,-220.3172950744629,250000.0,3
2015-06-04,ED-EIX,924.148006439209,250000.0,3
2015-06-05,ED-EIX,-966.0175590515137,250000.0,3
2015-06-08,ED-EIX,-1417.0985221862793,250000.0,3
2015-06-09,KO-PG,0.0,250000.0,3
2015-06-10,KO-PG,-1315.4605159759521,250000.0,3
2015-06-11,KO-PG,-351.54919815063477,250000.0,3
2015-06-12,KO-PG,586.0237407684326,250000.0,3
2015-06-15,KO-PG,919.2729320526123,250000.0,3
2015-06-16,KO-PG,520.0100173950195,250000.0,3
2015-06-17,KO-PG,-1535.4621543884277,250000.0,3
2015-06-18,KO-PG,-1781.4733505249023,250000.0,3
2015-06-18,ABT-MCK,0.0,250000.0,3
2015-06-19,KO-PG,-2274.891647338867,250000.0,3
2015-06-19,ABT-MCK,30.34435272216797,250000.0,3
2015-06-22,KO-PG,-1548.054090499878,250000.0,3
2015-06-22,ABT-MCK,-712.6792831420898,250000.0,3
2015-06-23,KO-PG,-9.440217971801758,250000.0,3
2015-06-23,ABT-MCK,-251.68008041381836,250000.0,3
2015-06-24,ED-EIX,0.0,250000.0,3
2015-06-25,ED-EIX,1088.2059059143066,250000.0,3
2015-06-26,ED-EIX,1527.9474868774414,250000.0,3
2015-06-29,ED-EIX,-1066.2888679504395,250000.0,3
2015-06-29,FFIV-MSFT,0.0,250000.0,3
2015-06-29,BBY-MAR,0.0,250000.0,3
2015-06-30,ED-EIX,-485.93396377563477,250000.0,3
2015-06-30,FFIV-MSFT,2005.974967956543,250000.0,3
2015-06-30,BBY-MAR,2183.4302825927734,250000.0,3
2015-05-06,KO-PG,0.0,250000.0,4
2015-05-07,KO-PG,988.2894248962402,250000.0,4
2015-05-08,KO-PG,1190.1278533935547,250000.0,4
2015-05-19,STE-ZTS,0.0,250000.0,4
2015-05-20,STE-ZTS,563.0881156921387,250000.0,4
2015-05-27,STE-ZTS,0.0,250000.0,4
2015-05-27,REGN-ZTS,0.0,250000.0,4
2015-05-28,STE-ZTS,1737.746971130371,250000.0,4
2015-05-28,REGN-ZTS,1274.5502471923828,250000.0,4
2015-05-29,STE-ZTS,-314.18285369873047,250000.0,4
2015-05-29,REGN-ZTS,-2001.962516784668,250000.0,4
2015-06-01,STE-ZTS,1265.8073539733887,250000.0,4
2015-06-01,REGN-ZTS,-1881.5413055419922,250000.0,4
2015-06-02,STE-ZTS,1196.178108215332,250000.0,4
2015-06-02,REGN-ZTS,-1541.7391891479492,250000.0,4
2015-06-03,STE-ZTS,1120.35103225708,250000.0,4
2015-06-03,REGN-ZTS,-662.7771606445312,250000.0,4
2015-06-03,COF-MET,0.0,250000.0,4
2015-06-04,STE-ZTS,64.9345703125,250000.0,4
2015-06-04,REGN-ZTS,3224.80753326416,250000.0,4
2015-06-04,COF-MET,-1783.4034805297852,250000.0,4
2015-06-05,STE-ZTS,-889.2602729797363,250000.0,4
2015-06-05,REGN-ZTS,5509.568458557129,250000.0,4
2015-06-05,COF-MET,-621.3638763427734,250000.0,4
2015-06-05,O-PSA,0.0,250000.0,4
2015-06-08,STE-ZTS,-320.5736083984375,250000.0,4
2015-06-08,REGN-ZTS,4751.605018615723,250000.0,4
2015-06-08,COF-MET,-112.06502151489258,250000.0,4
2015-06-08,O-PSA,-2268.5525970458984,250000.0,4
2015-06-08,COP-CVX,0.0,250000.0,4
2015-06-08,ETR-PPL,0.0,250000.0,4
2015-06-09,REGN-ZTS,2527.1634521484375,250000.0,4
2015-06-09,COF-MET,-108.47443771362305,250000.0,4
2015-06-09,O-PSA,-2616.0941162109375,250000.0,4
2015-06-09,COP-CVX,981.7251205444336,250000.0,4
2015-06-09,ETR-PPL,1683.277235031128,250000.0,4
2015-06-09,KO-PG,0.0,250000.0,4
2015-06-10,REGN-ZTS,-1630.2853546142578,250000.0,4
2015-06-10,O-PSA,-1143.7695617675781,250000.0,4
2015-06-10,COP-CVX,1944.2981643676758,250000.0,4
2015-06-10,ETR-PPL,3004.557891845703,250000.0,4
2015-06-10,KO-PG,-1315.4605159759521,250000.0,4
2015-06-11,O-PSA,-38.921478271484375,250000.0,4
2015-06-11,COP-CVX,150.40085220336914,250000.0,4
2015-06-11,KO-PG,-351.54919815063477,250000.0,4
2015-06-12,O-PSA,161.9314727783203,250000.0,4
2015-06-12,COP-CVX,-1581.3369140625,250000.0,4
2015-06-12,KO-PG,586.0237407684326,250000.0,4
2015-06-12,ES-WEC,0.0,250000.0,4
2015-06-15,O-PSA,-905.0367431640625,250000.0,4
2015-06-15,COP-CVX,-2388.404239654541,250000.0,4
2015-06-15,KO-PG,919.2729320526123,250000.0,4
2015-06-15,ES-WEC,-235.16277885437012,250000.0,4
2015-06-16,O-PSA,1443.4170532226562,250000.0,4
2015-06-16,COP-CVX,-945.9906234741211,250000.0,4
2015-06-16,KO-PG,520.0100173950195,250000.0,4
2015-06-16,ES-WEC,662.8299884796143,250000.0,4
2015-06-17,O-PSA,2111.3741302490234,250000.0,4
2015-06-17,COP-CVX,-740.6840286254883,250000.0,4
2015-06-17,KO-PG,-1535.4621543884277,250000.0,4
2015-06-17,ES-WEC,551.3308620452881,250000.0,4
2015-06-18,COP-CVX,903.4410209655762,250000.0,4
2015-06-18,KO-PG,-1781.4733505249023,250000.0,4
2015-06-18,ES-WEC,-1082.4193325042725,250000.0,4
2015-06-19,COP-CVX,500.93869400024414,250000.0,4
2015-06-19,KO-PG,-2274.891647338867,250000.0,4
2015-06-19,ES-WEC,-1903.8581886291504,250000.0,4
2015-06-22,COP-CVX,1931.7468910217285,250000.0,4
2015-06-22,KO-PG,-1548.054090499878,250000.0,4
2015-06-22,ES-WEC,-1280.918836593628,250000.0,4
2015-06-23,KO-PG,-9.440217971801758,250000.0,4
2015-06-24,SYY-WMT,0.0,250000.0,4
2015-06-25,SYY-WMT,2800.128562927246,250000.0,4
2015-06-25,REGN-ZTS,0.0,250000.0,4
2015-06-26,SYY-WMT,2983.1994342803955,250000.0,4
2015-06-29,COF-MET,0.0,250000.0,4
2015-06-29,DHR-ZBH,0.0,250000.0,4
2015-06-30,COF-MET,1749.1496543884277,250000.0,4
2015-06-30,DHR-ZBH,-1730.7045364379883,250000.0,4
2015-07-01,COF-MET,2210.545181274414,250000.0,4
2015-07-01,DHR-ZBH,-3199.149627685547,250000.0,4
2015-07-01,KO-PG,0.0,250000.0,4
2015-07-02,COF-MET,1569.9482421875,250000.0,4
2015-07-02,KO-PG,-708.1868782043457,250000.0,4
2015-07-06,COF-MET,1982.9244117736816,250000.0,4
2015-07-06,KO-PG,-1433.0596885681152,250000.0,4
2015-07-07,COF-MET,478.15153884887695,250000.0,4
2015-07-07,KO-PG,-2537.3505058288574,250000.0,4
2015-07-07,O-PSA,0.0,250000.0,4
2015-07-08,COF-MET,-481.8510971069336,250000.0,4
2015-07-08,KO-PG,-2189.9896507263184,250000.0,4
2015-07-08,O-PSA,-862.3001480102539,250000.0,4
2015-07-09,COF-MET,727.3752746582031,250000.0,4
2015-07-09,KO-PG,-856.4056816101074,250000.0,4
2015-07-09,O-PSA,-1895.373540878296,250000.0,4
2015-07-10,COF-MET,2424.471366882324,250000.0,4
2015-07-10,KO-PG,574.1896324157715,250000.0,4
2015-07-10,O-PSA,-4432.16056060791,250000.0,4
2015-07-10,MAS-TDG,0.0,250000.0,4
2015-07-13,COF-MET,1634.9103698730469,250000.0,4
2015-07-13,KO-PG,-1091.7854194641113,250000.0,4
2015-07-13,O-PSA,-5452.144527435303,250000.0,4
2015-07-13,MAS-TDG,1630.3911838531494,250000.0,4
2015-07-14,COF-MET,2022.48486328125,250000.0,4
2015-07-14,KO-PG,1039.7857818603516,250000.0,4
2015-07-14,O-PSA,-6315.8092250823975,250000.0,4
2015-07-15,COF-MET,2665.2924575805664,250000.0,4
2015-07-15,KO-PG,495.7294731140137,250000.0,4
2015-07-16,COF-MET,1378.7220611572266,250000.0,4
2015-07-16,KO-PG,1767.9197807312012,250000.0,4
2015-07-17,COF-MET,351.2208137512207,250000.0,4
2015-07-17,KO-PG,811.0167999267578,250000.0,4
2015-07-20,KO-PG,1615.10404586792,250000.0,4
2015-06-03,MA-WFC,0.0,250000.0,5
2015-06-08,COP-CVX,0.0,250000.0,5
2015-06-09,COP-CVX,981.7251205444336,250000.0,5
2015-06-09,KO-PG,0.0,250000.0,5
2015-06-10,COP-CVX,1944.2981643676758,250000.0,5
2015-06-10,KO-PG,-1315.4605159759521,250000.0,5
2015-06-11,COP-CVX,150.40085220336914,250000.0,5
2015-06-11,KO-PG,-351.54919815063477,250000.0,5
2015-06-12,COP-CVX,-1581.3369140625,250000.0,5
2015-06-12,KO-PG,586.0237407684326,250000.0,5
2015-06-12,ES-WEC,0.0,250000.0,5
2015-06-12,DGX-IQV,0.0,250000.0,5
2015-06-15,COP-CVX,-2388.404239654541,250000.0,5
2015-06-15,KO-PG,919.2729320526123,250000.0,5
2015-06-15,ES-WEC,-235.16277885437012,250000.0,5
2015-06-15,DGX-IQV,206.4457244873047,250000.0,5
2015-06-16,COP-CVX,-945.9906234741211,250000.0,5
2015-06-16,KO-PG,520.0100173950195,250000.0,5
2015-06-16,ES-WEC,662.8299884796143,250000.0,5
2015-06-17,COP-CVX,-740.6840286254883,250000.0,5
2015-06-17,KO-PG,-1535.4621543884277,250000.0,5
2015-06-17,ES-WEC,551.3308620452881,250000.0,5
2015-06-18,COP-CVX,903.4410209655762,250000.0,5
2015-06-18,KO-PG,-1781.4733505249023,250000.0,5
2015-06-18,ES-WEC,-1082.4193325042725,250000.0,5
2015-06-18,ABT-MCK,0.0,250000.0,5
2015-06-19,COP-CVX,500.93869400024414,250000.0,5
2015-06-19,KO-PG,-2274.891647338867,250000.0,5
2015-06-19,ES-WEC,-1903.8581886291504,250000.0,5
2015-06-19,ABT-MCK,30.34435272216797,250000.0,5
2015-06-19,RSG-UAL,0.0,250000.0,5
2015-06-22,COP-CVX,1931.7468910217285,250000.0,5
2015-06-22,KO-PG,-1548.054090499878,250000.0,5
2015-06-22,ES-WEC,-1280.918836593628,250000.0,5
2015-06-22,ABT-MCK,-712.6792831420898,250000.0,5
2015-06-22,RSG-UAL,-6461.740646362305,250000.0,5
2015-06-23,KO-PG,-9.440217971801758,250000.0,5
2015-06-23,ABT-MCK,-251.68008041381836,250000.0,5
2015-06-29,FFIV-MSFT,0.0,250000.0,5
2015-06-30,FFIV-MSFT,2005.974967956543,250000.0,5
2015-06-30,AME-NDSN,0.0,250000.0,5
2015-07-01,FFIV-MSFT,85.82068634033203,250000.0,5
2015-07-01,AME-NDSN,-2779.613307952881,250000.0,5
2015-07-01,KO-PG,0.0,250000.0,5
2015-07-02,FFIV-MSFT,827.4320831298828,250000.0,5
2015-07-02,AME-NDSN,-4170.339488983154,250000.0,5
2015-07-02,KO-PG,-708.1868782043457,250000.0,5
2015-07-06,FFIV-MSFT,-6500.244323730469,250000.0,5
2015-07-06,AME-NDSN,-81.24307632446289,250000.0,5
2015-07-06,KO-PG,-1433.0596885681152,250000.0,5
2015-07-07,FFIV-MSFT,-4025.7787322998047,250000.0,5
2015-07-07,AME-NDSN,-1711.6808891296387,250000.0,5
2015-07-08,FFIV-MSFT,-4914.229690551758,250000.0,5
2015-07-08,AME-NDSN,-556.1579360961914,250000.0,5
2015-07-09,AME-NDSN,-5008.879356384277,250000.0,5
2015-07-10,MAS-TDG,0.0,250000.0,5
2015-07-13,MAS-TDG,1630.3911838531494,250000.0,5
2015-07-23,COST-KDP,0.0,250000.0,5
2015-07-24,COST-KDP,2676.984314918518,250000.0,5
2015-07-27,COST-KDP,2427.724370956421,250000.0,5
2015-08-07,MET-RF,0.0,250000.0,5
2015-08-10,MET-RF,534.3352627754211,250000.0,5
2015-08-11,MET-RF,1140.4662265777588,250000.0,5
2015-08-11,EIX-PNW,0.0,250000.0,5
2015-08-12,EIX-PNW,3735.907459259033,250000.0,5
2015-08-12,MA-WFC,0.0,250000.0,5
2015-08-13,EIX-PNW,2996.29988861084,250000.0,5
2015-08-13,MA-WFC,376.64038848876953,250000.0,5
2015-08-14,EIX-PNW,3080.901435852051,250000.0,5
2015-08-14,MA-WFC,1021.8160018920898,250000.0,5
2015-08-17,EIX-PNW,3475.808811187744,250000.0,5
2015-08-17,MA-WFC,1168.7926406860352,250000.0,5
2015-08-18,EIX-PNW,3385.895938873291,250000.0,5
2015-08-21,FFIV-MSFT,0.0,250000.0,5
2015-08-21,EIX-PNW,0.0,250000.0,5
2015-08-21,COP-CVX,0.0,250000.0,5
2015-08-24,FFIV-MSFT,-3244.9166946411133,250000.0,5
2015-08-24,COP-CVX,-1091.303295135498,250000.0,5
2015-08-24,COST-KDP,0.0,250000.0,5
2015-08-24,MA-WFC,0.0,250000.0,5
2015-08-24,MET-RF,0.0,250000.0,5
2015-08-24,DGX-IQV,0.0,250000.0,5
2015-08-25,COP-CVX,-4735.671859741211,250000.0,5
2015-08-25,MA-WFC,-3948.9044189453125,250000.0,5
2015-08-25,MET-RF,-2935.090509414673,250000.0,5
2015-08-25,DGX-IQV,5059.785301208496,250000.0,5
2015-08-25,AME-EME,0.0,250000.0,5
2015-08-26,COP-CVX,-21.409059524536133,250000.0,5
2015-08-26,MA-WFC,-2755.015411376953,250000.0,5
2015-08-26,MET-RF,2520.948450088501,250000.0,5
2015-08-26,COST-KDP,0.0,250000.0,5
2015-08-27,MET-RF,5364.677400588989,250000.0,5
2015-08-27,COST-KDP,-2147.9656620025635,250000.0,5
2015-08-28,MET-RF,7322.5586013793945,250000.0,5
2015-08-28,COST-KDP,-1530.2094898223877,250000.0,5
2015-08-31,MET-RF,7278.091550827026,250000.0,5
2015-08-31,COST-KDP,-2944.9299268722534,250000.0,5
2015-08-31,ES-WEC,0.0,250000.0,5
2015-07-01,KO-PG,0.0,250000.0,6
2015-07-02,KO-PG,-708.1868782043457,250000.0,6
2015-07-06,KO-PG,-1433.0596885681152,250000.0,6
2015-07-07,KO-PG,-2537.3505058288574,250000.0,6
2015-07-08,KO-PG,-2189.9896507263184,250000.0,6
2015-07-08,NEE-PCG,0.0,250000.0,6
2015-07-09,KO-PG,-856.4056816101074,250000.0,6
2015-07-10,KO-PG,574.1896324157715,250000.0,6
2015-07-13,KO-PG,-1091.7854194641113,250000.0,6
2015-07-14,KO-PG,1039.7857818603516,250000.0,6
2015-07-15,KO-PG,495.7294731140137,250000.0,6
2015-07-16,KO-PG,1767.9197807312012,250000.0,6
2015-07-17,KO-PG,811.0167999267578,250000.0,6
2015-07-20,KO-PG,1615.10404586792,250000.0,6
2015-07-23,COST-KDP,0.0,250000.0,6
2015-07-24,COST-KDP,2676.984314918518,250000.0,6
2015-07-27,COST-KDP,2427.724370956421,250000.0,6
2015-08-20,DGX-PFE,0.0,250000.0,6
2015-08-20,ORLY-TSCO,0.0,250000.0,6
2015-08-21,ORLY-TSCO,-4413.112196922302,250000.0,6
2015-08-21,PNR-RSG,0.0,250000.0,6
2015-08-24,APH-MPWR,0.0,250000.0,6
2015-08-24,COST-KDP,0.0,250000.0,6
2015-08-24,DGX-PFE,0.0,250000.0,6
2015-08-24,NEE-PCG,0.0,250000.0,6
2015-08-25,APH-MPWR,4962.433786392212,250000.0,6
2015-08-25,DGX-PFE,-3302.3435440063477,250000.0,6
2015-08-25,NEE-PCG,-3192.763521194458,250000.0,6
2015-08-25,AME-EME,0.0,250000.0,6
2015-08-26,APH-MPWR,1662.2840452194214,250000.0,6
2015-08-26,DGX-PFE,1765.1477737426758,250000.0,6
2015-08-26,NEE-PCG,-3919.170965194702,250000.0,6
2015-08-26,COST-KDP,0.0,250000.0,6
2015-08-26,ABT-WAT,0.0,250000.0,6
2015-08-27,DGX-PFE,6274.504196166992,250000.0,6
2015-08-27,NEE-PCG,-361.94947052001953,250000.0,6
2015-08-27,COST-KDP,-2147.9656620025635,250000.0,6
2015-08-27,ABT-WAT,-724.7581100463867,250000.0,6
2015-08-28,DGX-PFE,1876.505630493164,250000.0,6
2015-08-28,NEE-PCG,735.3239192962646,250000.0,6
2015-08-28,COST-KDP,-1530.2094898223877,250000.0,6
2015-08-28,ABT-WAT,2360.25439453125,250000.0,6
2015-08-31,DGX-PFE,3.29693603515625,250000.0,6
2015-08-31,NEE-PCG,1999.3788146972656,250000.0,6
2015-08-31,COST-KDP,-2944.9299268722534,250000.0,6
2015-09-01,DGX-PFE,-3701.335838317871,250000.0,6
2015-09-01,NEE-PCG,-1558.3717079162598,250000.0,6
2015-09-01,COST-KDP,-4192.753450393677,250000.0,6
2015-09-02,DGX-PFE,-178.3741226196289,250000.0,6
2015-09-02,NEE-PCG,-816.8237438201904,250000.0,6
2015-09-02,COST-KDP,-3983.17200756073,250000.0,6
2015-09-03,DGX-PFE,-1326.9427337646484,250000.0,6
2015-09-03,NEE-PCG,810.9010467529297,250000.0,6
2015-09-03,COST-KDP,-2978.777159690857,250000.0,6
2015-09-04,DGX-PFE,-2869.81583404541,250000.0,6
2015-09-04,NEE-PCG,-1784.5441627502441,250000.0,6
2015-09-04,COST-KDP,-3332.8558053970337,250000.0,6
2015-09-08,DGX-PFE,4548.417617797852,250000.0,6
2015-09-08,NEE-PCG,134.0854721069336,250000.0,6
2015-09-08,COST-KDP,-2290.2433223724365,250000.0,6
2015-09-08,ES-PNW,0.0,250000.0,6
2015-09-09,DGX-PFE,1109.0460968017578,250000.0,6
2015-09-09,COST-KDP,-4614.719473838806,250000.0,6
2015-09-09,ES-PNW,-1600.963212966919,250000.0,6
2015-09-10,DGX-PFE,6443.150695800781,250000.0,6
2015-09-10,ES-PNW,-611.9383201599121,250000.0,6
2015-09-10,AMT-WY,0.0,250000.0,6
2015-09-11,ES-PNW,-267.2782497406006,250000.0,6
2015-09-11,AMT-WY,1137.7815246582031,250000.0,6
2015-09-11,GLW-MRVL,0.0,250000.0,6
2015-09-14,ES-PNW,278.4927978515625,250000.0,6
2015-09-14,AMT-WY,1773.9409065246582,250000.0,6
2015-09-14,GLW-MRVL,-5430.294500350952,250000.0,6
2015-09-15,ES-PNW,1616.8761558532715,250000.0,6
2015-09-15,AMT-WY,1115.4266815185547,250000.0,6
2015-09-15,GLW-MRVL,-11353.814435958862,250000.0,6
2015-09-15,AME-EME,0.0,250000.0,6
2015-09-15,TAP-WMT,0.0,250000.0,6
2015-09-16,ES-PNW,-2137.042995452881,250000.0,6
2015-09-16,AMT-WY,-7199.68741607666,250000.0,6
2015-09-16,GLW-MRVL,-4473.539420127869,250000.0,6
2015-09-16,AME-EME,303.3672790527344,250000.0,6
2015-09-17,ES-PNW,493.430419921875,250000.0,6
2015-09-17,GLW-MRVL,-6216.785368919373,250000.0,6
2015-09-17,AME-EME,130.38486099243164,250000.0,6
2015-09-17,CPAY-RJF,0.0,250000.0,6
2015-09-18,ES-PNW,-2043.8217124938965,250000.0,6
2015-09-18,GLW-MRVL,-4581.827835083008,250000.0,6
2015-09-18,AME-EME,-1182.8663330078125,250000.0,6
2015-09-18,CPAY-RJF,-5378.015110015869,250000.0,6
2015-09-18,NEE-PCG,0.0,250000.0,6
2015-09-21,ES-PNW,-2549.4885025024414,250000.0,6
2015-09-21,GLW-MRVL,-2999.151756286621,250000.0,6
2015-09-21,AME-EME,-2062.849220275879,250000.0,6
2015-09-21,NEE-PCG,-1603.18430519104,250000.0,6
2015-09-22,ES-PNW,-2403.267074584961,250000.0,6
2015-09-22,GLW-MRVL,10920.775835037231,250000.0,6
2015-09-22,AME-EME,-562.1347236633301,250000.0,6
2015-09-22,NEE-PCG,-5060.327054977417,250000.0,6
2015-09-23,GLW-MRVL,10851.068490028381,250000.0,6
2015-09-23,AME-EME,1055.9804725646973,250000.0,6
2015-09-23,NEE-PCG,-7929.611722946167,250000.0,6
2015-09-24,GLW-MRVL,21042.22877883911,250000.0,6
2015-09-24,AME-EME,1395.8344230651855,250000.0,6
2015-09-25,AME-EME,1380.6382484436035,250000.0,6
2015-09-28,AME-EME,-1597.4037818908691,250000.0,6
2015-09-28,ELV-HUM,0.0,250000.0,6
2015-09-29,ELV-HUM,940.3226013183594,250000.0,6
2015-09-30,ELV-HUM,3397.5474700927734,250000.0,6
2015-09-30,AME-EME,0.0,250000.0,6
2015-08-06,ITW-MMM,0.0,250000.0,7
2015-08-07,ITW-MMM,-823.6571960449219,250000.0,7
2015-08-07,KEY-NTRS,0.0,250000.0,7
2015-08-10,ITW-MMM,-2190.0504989624023,250000.0,7
2015-08-10,KEY-NTRS,2966.1506385803223,250000.0,7
2015-08-11,ITW-MMM,-1306.2743301391602,250000.0,7
2015-08-11,KEY-NTRS,1409.3029556274414,250000.0,7
2015-08-11,BRO-TFC,0.0,250000.0,7
2015-08-12,ITW-MMM,-1545.0491943359375,250000.0,7
2015-08-12,KEY-NTRS,-913.2034902572632,250000.0,7
2015-08-12,BRO-TFC,-2431.300994873047,250000.0,7
2015-08-12,COF-FITB,0.0,250000.0,7
2015-08-13,KEY-NTRS,1255.4780654907227,250000.0,7
2015-08-13,BRO-TFC,-1723.810736656189,250000.0,7
2015-08-13,COF-FITB,1690.594241142273,250000.0,7
2015-08-14,KEY-NTRS,2213.8345651626587,250000.0,7
2015-08-14,BRO-TFC,-389.3158130645752,250000.0,7
2015-08-14,COF-FITB,4067.5418462753296,250000.0,7
2015-08-17,KEY-NTRS,2078.669334411621,250000.0,7
2015-08-17,BRO-TFC,-742.667854309082,250000.0,7
2015-08-17,COF-FITB,3648.2221670150757,250000.0,7
2015-08-18,KEY-NTRS,3256.339868545532,250000.0,7
2015-08-18,BRO-TFC,-2243.911687850952,250000.0,7
2015-08-19,KEY-NTRS,1029.933837890625,250000.0,7
2015-08-19,BRO-TFC,-1616.533356666565,250000.0,7
2015-08-20,KEY-NTRS,896.5725955963135,250000.0,7
2015-08-20,BRO-TFC,-2561.2754793167114,250000.0,7
2015-08-20,DHI-TSCO,0.0,250000.0,7
2015-08-20,EXPD-HON,0.0,250000.0,7
2015-08-21,KEY-NTRS,1226.6214818954468,250000.0,7
2015-08-21,BRO-TFC,-3665.4109258651733,250000.0,7
2015-08-21,DHI-TSCO,-9618.457648277283,250000.0,7
2015-08-21,ITW-MMM,0.0,250000.0,7
2015-08-21,FFIV-MSFT,0.0,250000.0,7
2015-08-24,DHI-TSCO,-11346.272124290466,250000.0,7
2015-08-24,ITW-MMM,-2649.4246673583984,250000.0,7
2015-08-24,FFIV-MSFT,-3244.9166946411133,250000.0,7
2015-08-24,APH-MPWR,0.0,250000.0,7
2015-08-24,SYF-V,0.0,250000.0,7
2015-08-24,COF-FITB,0.0,250000.0,7
2015-08-24,EXPD-HON,0.0,250000.0,7
2015-08-25,DHI-TSCO,-9577.417083740234,250000.0,7
2015-08-25,APH-MPWR,4962.433786392212,250000.0,7
2015-08-25,SYF-V,-4009.9516201019287,250000.0,7
2015-08-25,COF-FITB,-4551.659467697144,250000.0,7
2015-08-25,EXPD-HON,-4528.706802368164,250000.0,7
2015-08-26,APH-MPWR,1662.2840452194214,250000.0,7
2015-08-26,COF-FITB,5161.744375228882,250000.0,7
2015-08-26,EXPD-HON,3792.8345794677734,250000.0,7
2015-08-27,EXPD-HON,7906.4936447143555,250000.0,7
2015-09-11,GLW-MRVL,0.0,250000.0,7
2015-09-14,GLW-MRVL,-5430.294500350952,250000.0,7
2015-09-15,GLW-MRVL,-11353.814435958862,250000.0,7
2015-09-15,TAP-WMT,0.0,250000.0,7
2015-09-16,GLW-MRVL,-4473.539420127869,250000.0,7
2015-09-17,GLW-MRVL,-6216.785368919373,250000.0,7
2015-09-17,BRO-TFC,0.0,250000.0,7
2015-09-18,GLW-MRVL,-4581.827835083008,250000.0,7
2015-09-18,ITW-MMM,0.0,250000.0,7
2015-09-21,GLW-MRVL,-2999.151756286621,250000.0,7
2015-09-21,ITW-MMM,2100.184112548828,250000.0,7
2015-09-22,GLW-MRVL,10920.775835037231,250000.0,7
2015-09-22,ITW-MMM,388.0984649658203,250000.0,7
2015-09-22,KO-SJM,0.0,250000.0,7
2015-09-23,GLW-MRVL,10851.068490028381,250000.0,7
2015-09-23,ITW-MMM,642.6410903930664,250000.0,7
2015-09-23,KO-SJM,684.9107151031494,250000.0,7
2015-09-24,GLW-MRVL,21042.22877883911,250000.0,7
2015-09-24,ITW-MMM,1371.9620208740234,250000.0,7
2015-09-24,KO-SJM,988.1296539306641,250000.0,7
2015-09-25,KO-SJM,3726.336902618408,250000.0,7
2015-09-28,KO-SJM,614.3810119628906,250000.0,7
2015-09-28,SYF-V,0.0,250000.0,7
2015-09-28,CINF-JKHY,0.0,250000.0,7
2015-09-29,KO-SJM,-234.08590126037598,250000.0,7
2015-09-29,SYF-V,5424.974178314209,250000.0,7
2015-09-29,CINF-JKHY,170.0751075744629,250000.0,7
2015-09-29,DE-SWK,0.0,250000.0,7
2015-09-30,KO-SJM,3858.6029148101807,250000.0,7
2015-09-30,SYF-V,8593.650581359863,250000.0,7
2015-09-30,CINF-JKHY,795.6834526062012,250000.0,7
2015-10-01,KO-SJM,2332.553020477295,250000.0,7
2015-10-30,KEY-NTRS,0.0,250000.0,7
2015-09-08,AFL-WTW,0.0,250000.0,8
2015-09-08,ES-PNW,0.0,250000.0,8
2015-09-09,AFL-WTW,-2148.009662628174,250000.0,8
2015-09-09,ES-PNW,-1600.963212966919,250000.0,8
2015-09-10,AFL-WTW,1812.1965618133545,250000.0,8
2015-09-10,ES-PNW,-611.9383201599121,250000.0,8
2015-09-11,ES-PNW,-267.2782497406006,250000.0,8
2015-09-11,GLW-MRVL,0.0,250000.0,8
2015-09-14,ES-PNW,278.4927978515625,250000.0,8
2015-09-14,GLW-MRVL,-5430.294500350952,250000.0,8
2015-09-15,ES-PNW,1616.8761558532715,250000.0,8
2015-09-15,GLW-MRVL,-11353.814435958862,250000.0,8
2015-09-15,AME-EME,0.0,250000.0,8
2015-09-15,TAP-WMT,0.0,250000.0,8
2015-09-16,ES-PNW,-2137.042995452881,250000.0,8
2015-09-16,GLW-MRVL,-4473.539420127869,250000.0,8
2015-09-16,AME-EME,303.3672790527344,250000.0,8
2015-09-17,ES-PNW,493.430419921875,250000.0,8
2015-09-17,GLW-MRVL,-6216.785368919373,250000.0,8
2015-09-17,AME-EME,130.38486099243164,250000.0,8
2015-09-17,BRO-SCHW,0.0,250000.0,8
2015-09-18,ES-PNW,-2043.8217124938965,250000.0,8
2015-09-18,GLW-MRVL,-4581.827835083008,250000.0,8
2015-09-18,AME-EME,-1182.8663330078125,250000.0,8
2015-09-18,BRO-SCHW,1178.6391773223877,250000.0,8
2015-09-18,VRTX-WST,0.0,250000.0,8
2015-09-18,ITW-MMM,0.0,250000.0,8
2015-09-21,ES-PNW,-2549.4885025024414,250000.0,8
2015-09-21,GLW-MRVL,-2999.151756286621,250000.0,8
2015-09-21,AME-EME,-2062.849220275879,250000.0,8
2015-09-21,BRO-SCHW,1332.192050933838,250000.0,8
2015-09-21,VRTX-WST,-4786.034088134766,250000.0,8
2015-09-21,ITW-MMM,2100.184112548828,250000.0,8
2015-09-22,ES-PNW,-2403.267074584961,250000.0,8
2015-09-22,GLW-MRVL,10920.775835037231,250000.0,8
2015-09-22,AME-EME,-562.1347236633301,250000.0,8
2015-09-22,BRO-SCHW,35.7873477935791,250000.0,8
2015-09-22,ITW-MMM,388.0984649658203,250000.0,8
2015-09-23,GLW-MRVL,10851.068490028381,250000.0,8
2015-09-23,AME-EME,1055.9804725646973,250000.0,8
2015-09-23,BRO-SCHW,3736.4732780456543,250000.0,8
2015-09-23,ITW-MMM,642.6410903930664,250000.0,8
2015-09-24,GLW-MRVL,21042.22877883911,250000.0,8
2015-09-24,AME-EME,1395.8344230651855,250000.0,8
2015-09-24,BRO-SCHW,-757.6042060852051,250000.0,8
2015-09-24,ITW-MMM,1371.9620208740234,250000.0,8
2015-09-24,AFL-WTW,0.0,250000.0,8
2015-09-25,AME-EME,1380.6382484436035,250000.0,8
2015-09-25,BRO-SCHW,2418.8875370025635,250000.0,8
2015-09-25,AFL-WTW,-150.4643383026123,250000.0,8
2015-09-28,AME-EME,-1597.4037818908691,250000.0,8
2015-09-28,BRO-SCHW,173.84173011779785,250000.0,8
2015-09-28,AFL-WTW,757.9835929870605,250000.0,8
2015-09-28,SYF-V,0.0,250000.0,8
2015-09-28,ICE-MA,0.0,250000.0,8
2015-09-29,BRO-SCHW,2692.0853233337402,250000.0,8
2015-09-29,AFL-WTW,-1305.477487564087,250000.0,8
2015-09-29,SYF-V,5424.974178314209,250000.0,8
2015-09-29,ICE-MA,1236.430763244629,250000.0,8
2015-09-29,EFX-TDG,0.0,250000.0,8
2015-09-30,AFL-WTW,-683.7552165985107,250000.0,8
2015-09-30,SYF-V,8593.650581359863,250000.0,8
2015-09-30,ICE-MA,2177.904281616211,250000.0,8
2015-09-30,EFX-TDG,-2149.044189453125,250000.0,8
2015-09-30,AME-EME,0.0,250000.0,8
2015-10-01,AFL-WTW,63.25908279418945,250000.0,8
2015-10-01,ICE-MA,4488.744487762451,250000.0,8
2015-10-01,EFX-TDG,-432.815673828125,250000.0,8
2015-10-01,AME-EME,673.1933746337891,250000.0,8
2015-10-02,AFL-WTW,1142.369041442871,250000.0,8
2015-10-02,EFX-TDG,305.7860107421875,250000.0,8
2015-10-02,AME-EME,-4440.818542480469,250000.0,8
2015-10-05,AFL-WTW,1650.0856475830078,250000.0,8
2015-10-05,EFX-TDG,-1095.6618041992188,250000.0,8
2015-10-05,AME-EME,-3853.8956298828125,250000.0,8
2015-10-06,AFL-WTW,1390.973882675171,250000.0,8
2015-10-06,EFX-TDG,-7624.828552246094,250000.0,8
2015-10-06,AME-EME,-1552.7030639648438,250000.0,8
2015-10-06,EVRG-PNW,0.0,250000.0,8
2015-10-07,AFL-WTW,-1830.651237487793,250000.0,8
2015-10-07,EFX-TDG,-7747.201354980469,250000.0,8
2015-10-07,AME-EME,-2562.6136322021484,250000.0,8
2015-10-07,EVRG-PNW,-1136.1016483306885,250000.0,8
2015-10-07,ADBE-SNPS,0.0,250000.0,8
2015-10-08,AFL-WTW,-3681.3609409332275,250000.0,8
2015-10-08,EFX-TDG,-6589.505859375,250000.0,8
2015-10-08,AME-EME,-2491.179000854492,250000.0,8
2015-10-08,EVRG-PNW,-1653.2484550476074,250000.0,8
2015-10-08,ADBE-SNPS,1985.4865913391113,250000.0,8
2015-10-09,EFX-TDG,-7118.2364501953125,250000.0,8
2015-10-09,AME-EME,1596.9686737060547,250000.0,8
2015-10-09,EVRG-PNW,-1971.0304565429688,250000.0,8
2015-10-09,ADBE-SNPS,3260.5938262939453,250000.0,8
2015-10-09,PLD-WELL,0.0,250000.0,8
2015-10-12,EFX-TDG,-5973.90380859375,250000.0,8
2015-10-12,AME-EME,2989.653823852539,250000.0,8
2015-10-12,ADBE-SNPS,3108.4241485595703,250000.0,8
2015-10-12,PLD-WELL,-2926.888952255249,250000.0,8
2015-10-13,EFX-TDG,-5582.377685546875,250000.0,8
2015-10-13,AME-EME,1802.2243957519531,250000.0,8
2015-10-13,ADBE-SNPS,5291.449600219727,250000.0,8
2015-10-13,PLD-WELL,-533.3190574645996,250000.0,8
2015-10-14,AME-EME,2756.6570434570312,250000.0,8
2015-10-14,ADBE-SNPS,5744.75687789917,250000.0,8
2015-10-15,AME-EME,827.3983306884766,250000.0,8
2015-10-19,CRH-SW,0.0,250000.0,8
2015-10-20,CRH-SW,317.947021484375,250000.0,8
2015-10-21,CRH-SW,-1763.0626220703125,250000.0,8
2015-10-22,CRH-SW,-2225.4905700683594,250000.0,8
2015-10-22,ADBE-SNPS,0.0,250000.0,8
2015-10-23,CRH-SW,-3757.306396484375,250000.0,8
2015-10-23,ADBE-SNPS,-1860.486831665039,250000.0,8
2015-10-23,PLD-WELL,0.0,250000.0,8
2015-10-26,CRH-SW,-2398.8983154296875,250000.0,8
2015-10-26,ADBE-SNPS,-1660.9221954345703,250000.0,8
2015-10-26,PLD-WELL,-3128.087959289551,250000.0,8
2015-10-27,CRH-SW,-375.72772216796875,250000.0,8
2015-10-27,ADBE-SNPS,112.9273681640625,250000.0,8
2015-10-27,PLD-WELL,-1836.5379333496094,250000.0,8
2015-10-28,CRH-SW,-1965.3825988769531,250000.0,8
2015-10-29,CRH-SW,-780.3822631835938,250000.0,8
2015-10-30,CRH-SW,-1734.1649780273438,250000.0,8
2015-10-30,KEY-NTRS,0.0,250000.0,8
2015-11-02,CRH-SW,-3323.7979736328125,250000.0,8
2015-11-02,KEY-NTRS,3423.397886276245,250000.0,8
2015-11-03,KEY-NTRS,1860.8947429656982,250000.0,8
2015-11-04,KEY-NTRS,849.9010066986084,250000.0,8
2015-11-05,KEY-NTRS,217.8688678741455,250000.0,8
2015-11-06,KEY-NTRS,1571.3022136688232,250000.0,8
2015-11-06,BRO-SCHW,0.0,250000.0,8
2015-11-09,KEY-NTRS,828.7694244384766,250000.0,8
2015-11-09,BRO-SCHW,-4897.169689178467,250000.0,8
2015-11-10,KEY-NTRS,-1021.9270401000977,250000.0,8
2015-11-10,BRO-SCHW,-919.288745880127,250000.0,8
2015-11-11,KEY-NTRS,-2586.7373695373535,250000.0,8
2015-11-11,BRO-SCHW,-323.3652935028076,250000.0,8
2015-11-11,ITW-MMM,0.0,250000.0,8
2015-11-12,KEY-NTRS,-2345.389944076538,250000.0,8
2015-11-12,BRO-SCHW,499.2007532119751,250000.0,8
2015-11-12,ITW-MMM,383.1680145263672,250000.0,8
2015-11-12,AMCR-PPG,0.0,250000.0,8
2015-11-13,KEY-NTRS,-3833.6967792510986,250000.0,8
2015-11-13,BRO-SCHW,-4446.592535018921,250000.0,8
2015-11-13,ITW-MMM,651.0658874511719,250000.0,8
2015-11-13,AMCR-PPG,4082.2125244140625,250000.0,8
2015-11-16,BRO-SCHW,-444.97101306915283,250000.0,8
2015-11-16,ITW-MMM,687.9635162353516,250000.0,8
2015-11-16,AMCR-PPG,6904.316101074219,250000.0,8
2015-11-17,BRO-SCHW,-4348.564756393433,250000.0,8
2015-11-17,ITW-MMM,159.6872100830078,250000.0,8
2015-11-17,AMCR-PPG,6299.604797363281,250000.0,8
2015-11-18,BRO-SCHW,1864.622883796692,250000.0,8
2015-11-19,BRO-SCHW,5768.667845726013,250000.0,8
2015-11-20,BRO-SCHW,9446.964656829834,250000.0,8
2015-11-23,BRO-SCHW,7209.645669937134,250000.0,8
2015-11-24,BRO-SCHW,6861.133117675781,250000.0,8
2015-11-25,BRO-SCHW,3529.506893157959,250000.0,8
2015-11-25,CRH-SW,0.0,250000.0,8
2015-11-27,BRO-SCHW,3330.438896179199,250000.0,8
2015-11-27,CRH-SW,-2406.835433959961,250000.0,8
2015-11-30,BRO-SCHW,4598.4554052352905,250000.0,8
2015-11-30,CRH-SW,-1321.416893005371,250000.0,8
2015-10-01,BDX-PFE,0.0,250000.0,9
2015-10-02,BDX-PFE,-4214.936428070068,250000.0,9
2015-10-05,BDX-PFE,-4543.057544708252,250000.0,9
2015-10-06,BDX-PFE,-3292.1494178771973,250000.0,9
2015-10-07,BDX-PFE,-2617.296829223633,250000.0,9
2015-10-08,BDX-PFE,-1255.4495658874512,250000.0,9
2015-10-09,BDX-PFE,-1322.0124206542969,250000.0,9
2015-10-09,PLD-WELL,0.0,250000.0,9
2015-10-12,BDX-PFE,50.162994384765625,250000.0,9
2015-10-12,PLD-WELL,-2926.888952255249,250000.0,9
2015-10-13,BDX-PFE,-756.3558311462402,250000.0,9
2015-10-13,PLD-WELL,-533.3190574645996,250000.0,9
2015-10-14,BDX-PFE,-3223.8035621643066,250000.0,9
2015-10-23,PLD-WELL,0.0,250000.0,9
2015-10-26,PLD-WELL,-3128.087959289551,250000.0,9
2015-10-27,PLD-WELL,-1836.5379333496094,250000.0,9
2015-11-06,BRO-SCHW,0.0,250000.0,9
2015-11-09,BRO-SCHW,-4897.169689178467,250000.0,9
2015-11-10,BRO-SCHW,-919.288745880127,250000.0,9
2015-11-11,BRO-SCHW,-323.3652935028076,250000.0,9
2015-11-11,ITW-MMM,0.0,250000.0,9
2015-11-12,BRO-SCHW,499.2007532119751,250000.0,9
2015-11-12,ITW-MMM,383.1680145263672,250000.0,9
2015-11-13,BRO-SCHW,-4446.592535018921,250000.0,9
2015-11-13,ITW-MMM,651.0658874511719,250000.0,9
2015-11-13,F-MAR,0.0,250000.0,9
2015-11-16,BRO-SCHW,-444.97101306915283,250000.0,9
2015-11-16,ITW-MMM,687.9635162353516,250000.0,9
2015-11-16,F-MAR,1912.519184589386,250000.0,9
2015-11-17,BRO-SCHW,-4348.564756393433,250000.0,9
2015-11-17,ITW-MMM,159.6872100830078,250000.0,9
2015-11-17,F-MAR,-1834.6855473518372,250000.0,9
2015-11-18,BRO-SCHW,1864.622883796692,250000.0,9
2015-11-18,BDX-ZTS,0.0,250000.0,9
2015-11-19,BRO-SCHW,5768.667845726013,250000.0,9
2015-11-19,BDX-ZTS,-1174.421314239502,250000.0,9
2015-11-20,BRO-SCHW,9446.964656829834,250000.0,9
2015-11-20,BDX-ZTS,-1280.169017791748,250000.0,9
2015-11-20,PLD-WELL,0.0,250000.0,9
2015-11-23,BRO-SCHW,7209.645669937134,250000.0,9
2015-11-23,BDX-ZTS,122.65947723388672,250000.0,9
2015-11-24,BRO-SCHW,6861.133117675781,250000.0,9
2015-11-24,BDX-ZTS,-340.84232330322266,250000.0,9
2015-11-25,BRO-SCHW,3529.506893157959,250000.0,9
2015-11-25,BDX-ZTS,-1276.0733070373535,250000.0,9
2015-11-27,BRO-SCHW,3330.438896179199,250000.0,9
2015-11-27,BDX-ZTS,109.20528411865234,250000.0,9
2015-11-30,BRO-SCHW,4598.4554052352905,250000.0,9
2015-11-30,BDX-ZTS,373.183349609375,250000.0,9
2015-12-01,BRO-SCHW,8202.111510276794,250000.0,9
2015-12-01,BDX-ZTS,2801.5658645629883,250000.0,9
2015-12-01,AME-EME,0.0,250000.0,9
2015-12-02,BRO-SCHW,10018.001146316528,250000.0,9
2015-12-02,BDX-ZTS,4695.562103271484,250000.0,9
2015-12-02,AME-EME,-2333.4051971435547,250000.0,9
2015-12-03,BRO-SCHW,8304.269827842712,250000.0,9
2015-12-03,AME-EME,-4402.373805999756,250000.0,9
2015-12-03,BMY-ZTS,0.0,250000.0,9
2015-12-04,BRO-SCHW,8374.946629524231,250000.0,9
2015-12-04,AME-EME,-4527.293849945068,250000.0,9
2015-12-04,BMY-ZTS,2263.956474304199,250000.0,9
2015-12-04,BDX-HSIC,0.0,250000.0,9
2015-12-04,AFL-WTW,0.0,250000.0,9
2015-12-07,AME-EME,-2518.727897644043,250000.0,9
2015-12-07,BMY-ZTS,-300.3872375488281,250000.0,9
2015-12-07,AFL-WTW,-589.1755981445312,250000.0,9
2015-12-08,AME-EME,-3796.891632080078,250000.0,9
2015-12-08,BMY-ZTS,-1124.8649291992188,250000.0,9
2015-12-08,AFL-WTW,3693.7587394714355,250000.0,9
2015-12-09,AME-EME,1571.9999961853027,250000.0,9
2015-12-09,BMY-ZTS,-3676.518051147461,250000.0,9
2015-12-09,AFL-WTW,3629.014789581299,250000.0,9
2015-12-10,AME-EME,3438.370372772217,250000.0,9
2015-12-10,BMY-ZTS,573.6539306640625,250000.0,9
2015-12-10,AFL-WTW,2626.307216644287,250000.0,9
2015-12-11,BMY-ZTS,1414.9820709228516,250000.0,9
2015-12-15,ITW-MMM,0.0,250000.0,9
2015-12-16,ITW-MMM,-1468.053695678711,250000.0,9
2015-12-16,BDX-PFE,0.0,250000.0,9
2015-12-16,EG-NTRS,0.0,250000.0,9
2015-12-17,ITW-MMM,401.5504913330078,250000.0,9
2015-12-17,BDX-PFE,1926.6063041687012,250000.0,9
2015-12-18,ITW-MMM,1421.5226593017578,250000.0,9
2015-12-18,AME-SWK,0.0,250000.0,9
2015-12-21,ITW-MMM,-47.30644226074219,250000.0,9
2015-12-21,AME-SWK,-556.28662109375,250000.0,9
2015-12-22,ITW-MMM,-104.45780944824219,250000.0,9
2015-12-22,AME-SWK,636.135139465332,250000.0,9
2015-12-23,ITW-MMM,-56.01591491699219,250000.0,9
2015-12-23,AME-SWK,305.81939697265625,250000.0,9
2015-12-24,ITW-MMM,204.58059692382812,250000.0,9
2015-12-24,AME-SWK,-514.8945083618164,250000.0,9
2015-12-28,ITW-MMM,1304.5565795898438,250000.0,9
2015-12-28,AME-SWK,1207.3370056152344,250000.0,9
2015-12-29,ITW-MMM,1298.5718383789062,250000.0,9
2015-12-29,AME-SWK,595.4116744995117,250000.0,9
2015-12-30,ITW-MMM,2442.478271484375,250000.0,9
2015-12-30,AME-SWK,665.6600341796875,250000.0,9
2015-12-31,ITW-MMM,1645.4699249267578,250000.0,9
2015-12-31,AME-SWK,2212.4598999023438,250000.0,9
2015-11-06,BRO-SCHW,0.0,250000.0,10
2015-11-06,MRSH-RJF,0.0,250000.0,10
2015-11-09,BRO-SCHW,-4897.169689178467,250000.0,10
2015-11-09,MRSH-RJF,-945.1993103027344,250000.0,10
2015-11-10,BRO-SCHW,-919.288745880127,250000.0,10
2015-11-10,MRSH-RJF,-674.6996612548828,250000.0,10
2015-11-11,BRO-SCHW,-323.3652935028076,250000.0,10
2015-11-11,MRSH-RJF,-1595.7542419433594,250000.0,10
2015-11-12,BRO-SCHW,499.2007532119751,250000.0,10
2015-11-12,MRSH-RJF,-3206.6257095336914,250000.0,10
2015-11-13,BRO-SCHW,-4446.592535018921,250000.0,10
2015-11-13,MRSH-RJF,-5799.863876342773,250000.0,10
2015-11-13,F-MAR,0.0,250000.0,10
2015-11-16,BRO-SCHW,-444.97101306915283,250000.0,10
2015-11-16,MRSH-RJF,-2840.335838317871,250000.0,10
2015-11-16,F-MAR,1912.519184589386,250000.0,10
2015-11-16,TT-TXT,0.0,250000.0,10
2015-11-17,BRO-SCHW,-4348.564756393433,250000.0,10
2015-11-17,MRSH-RJF,-3878.336685180664,250000.0,10
2015-11-17,F-MAR,-1834.6855473518372,250000.0,10
2015-11-17,TT-TXT,2794.8138999938965,250000.0,10
2015-11-18,BRO-SCHW,1864.622883796692,250000.0,10
2015-11-18,MRSH-RJF,304.0138854980469,250000.0,10
2015-11-18,TT-TXT,-125.14823913574219,250000.0,10
2015-11-19,BRO-SCHW,5768.667845726013,250000.0,10
2015-11-19,MRSH-RJF,1761.5306549072266,250000.0,10
2015-11-19,TT-TXT,-2954.4510650634766,250000.0,10
2015-11-20,BRO-SCHW,9446.964656829834,250000.0,10
2015-11-20,MRSH-RJF,1629.7524871826172,250000.0,10
2015-11-20,TT-TXT,-4652.740821838379,250000.0,10
2015-11-23,BRO-SCHW,7209.645669937134,250000.0,10
2015-11-23,MRSH-RJF,757.3189392089844,250000.0,10
2015-11-23,TT-TXT,-4082.2261810302734,250000.0,10
2015-11-24,BRO-SCHW,6861.133117675781,250000.0,10
2015-11-24,TT-TXT,-2520.5216217041016,250000.0,10
2015-11-25,BRO-SCHW,3529.506893157959,250000.0,10
2015-11-25,TT-TXT,-3381.144313812256,250000.0,10
2015-11-27,BRO-SCHW,3330.438896179199,250000.0,10
2015-11-27,TT-TXT,-2804.9720764160156,250000.0,10
2015-11-30,BRO-SCHW,4598.4554052352905,250000.0,10
2015-11-30,TT-TXT,874.4105529785156,250000.0,10
2015-11-30,EMR-PH,0.0,250000.0,10
2015-12-01,BRO-SCHW,8202.111510276794,250000.0,10
2015-12-01,TT-TXT,1292.1689414978027,250000.0,10
2015-12-01,EMR-PH,1558.7582321166992,250000.0,10
2015-12-01,AME-EME,0.0,250000.0,10
2015-12-02,BRO-SCHW,10018.001146316528,250000.0,10
2015-12-02,AME-EME,-2333.4051971435547,250000.0,10
2015-12-03,BRO-SCHW,8304.269827842712,250000.0,10
2015-12-03,AME-EME,-4402.373805999756,250000.0,10
2015-12-03,SYK-UHS,0.0,250000.0,10
2015-12-04,BRO-SCHW,8374.946629524231,250000.0,10
2015-12-04,AME-EME,-4527.293849945068,250000.0,10
2015-12-07,AME-EME,-2518.727897644043,250000.0,10
2015-12-07,CPAY-MCO,0.0,250000.0,10
2015-12-08,AME-EME,-3796.891632080078,250000.0,10
2015-12-08,PRU-RF,0.0,250000.0,10
2015-12-09,AME-EME,1571.9999961853027,250000.0,10
2015-12-09,PRU-RF,-1332.6266741752625,250000.0,10
2015-12-09,AJG-STT,0.0,250000.0,10
2015-12-10,AME-EME,3438.370372772217,250000.0,10
2015-12-10,PRU-RF,3628.6093430519104,250000.0,10
2015-12-10,AJG-STT,-728.3604278564453,250000.0,10
2015-12-11,CSX-EMR,0.0,250000.0,10
2015-12-14,CSX-EMR,-582.3540525436401,250000.0,10
2015-12-15,CSX-EMR,-4227.630281448364,250000.0,10
2015-12-16,CSX-EMR,-77.85445499420166,250000.0,10
2015-12-16,EG-NTRS,0.0,250000.0,10
2015-12-17,CSX-EMR,-2049.359121322632,250000.0,10
2015-12-18,CSX-EMR,-2339.3402366638184,250000.0,10
2015-12-21,CSX-EMR,5144.176760673523,250000.0,10
2016-01-04,NCLH-ORLY,0.0,250000.0,10
2016-01-04,TT-TXT,0.0,250000.0,10
2016-01-05,TT-TXT,2528.481273651123,250000.0,10
2016-01-05,MTD-ZTS,0.0,250000.0,10
2016-01-06,TT-TXT,-1214.1024627685547,250000.0,10
2016-01-06,AME-EME,0.0,250000.0,10
2016-01-06,AJG-STT,0.0,250000.0,10
2016-01-07,TT-TXT,-1023.0483551025391,250000.0,10
2016-01-07,AME-EME,2159.3456268310547,250000.0,10
2016-01-07,IT-KEYS,0.0,250000.0,10
2016-01-08,TT-TXT,-2133.913444519043,250000.0,10
2016-01-08,AME-EME,1781.240810394287,250000.0,10
2016-01-08,IT-KEYS,-8624.748355865479,250000.0,10
2016-01-08,CPAY-MCO,0.0,250000.0,10
2016-01-11,TT-TXT,-3773.1552734375,250000.0,10
2016-01-11,AME-EME,-3165.308979034424,250000.0,10
2016-01-11,IT-KEYS,-13558.657642364502,250000.0,10
2016-01-11,CPAY-MCO,5294.6114501953125,250000.0,10
2016-01-11,CAH-DGX,0.0,250000.0,10
2016-01-12,AME-EME,-4944.913158416748,250000.0,10
2016-01-12,IT-KEYS,-8297.169826507568,250000.0,10
2016-01-12,CPAY-MCO,7229.203720092773,250000.0,10
2016-01-12,CAH-DGX,462.373836517334,250000.0,10
2016-01-13,AME-EME,-1152.880142211914,250000.0,10
2016-01-13,IT-KEYS,-22223.936191558838,250000.0,10
2016-01-13,CPAY-MCO,1572.4944763183594,250000.0,10
2016-01-13,CAH-DGX,1857.668327331543,250000.0,10
2016-01-14,AME-EME,-600.0751991271973,250000.0,10
2016-01-14,IT-KEYS,-16965.048385620117,250000.0,10
2016-01-14,CPAY-MCO,2378.485885620117,250000.0,10
2016-01-15,AME-EME,-1596.8127136230469,250000.0,10
2016-01-15,CPAY-MCO,-1958.3875122070312,250000.0,10
2016-01-19,AME-EME,2010.4955520629883,250000.0,10
2016-01-19,CPAY-MCO,2062.8700103759766,250000.0,10
2016-01-20,AME-EME,-2026.0762252807617,250000.0,10
2016-01-20,CPAY-MCO,1188.062484741211,250000.0,10
2016-01-21,CPAY-MCO,-1292.6928405761719,250000.0,10
2016-01-22,CPAY-MCO,131.5213623046875,250000.0,10
2015-12-01,AME-EME,0.0,250000.0,11
2015-12-01,MS-STT,0.0,250000.0,11
2015-12-01,FIS-MS,0.0,250000.0,11
2015-12-02,AME-EME,-2333.4051971435547,250000.0,11
2015-12-02,MS-STT,1576.0612182617188,250000.0,11
2015-12-02,FIS-MS,1451.7351760864258,250000.0,11
2015-12-03,AME-EME,-4402.373805999756,250000.0,11
2015-12-03,MS-STT,160.49153518676758,250000.0,11
2015-12-03,BRO-PFG,0.0,250000.0,11
2015-12-04,AME-EME,-4527.293849945068,250000.0,11
2015-12-04,BRO-PFG,-4323.762447357178,250000.0,11
2015-12-04,ORLY-SBUX,0.0,250000.0,11
2015-12-07,AME-EME,-2518.727897644043,250000.0,11
2015-12-07,BRO-PFG,-5487.315134048462,250000.0,11
2015-12-07,ORLY-SBUX,-2208.855743408203,250000.0,11
2015-12-07,BRO-MET,0.0,250000.0,11
2015-12-08,AME-EME,-3796.891632080078,250000.0,11
2015-12-08,BRO-PFG,-3225.0903396606445,250000.0,11
2015-12-08,ORLY-SBUX,-1525.5042266845703,250000.0,11
2015-12-08,BRO-MET,1281.7684717178345,250000.0,11
2015-12-08,PRU-RF,0.0,250000.0,11
2015-12-08,FIS-TROW,0.0,250000.0,11
2015-12-09,AME-EME,1571.9999961853027,250000.0,11
2015-12-09,BRO-PFG,-3636.949474334717,250000.0,11
2015-12-09,ORLY-SBUX,1452.990005493164,250000.0,11
2015-12-09,BRO-MET,2442.3989181518555,250000.0,11
2015-12-09,PRU-RF,-1332.6266741752625,250000.0,11
2015-12-09,FIS-TROW,-2667.3833084106445,250000.0,11
2015-12-09,AJG-STT,0.0,250000.0,11
2015-12-10,AME-EME,3438.370372772217,250000.0,11
2015-12-10,BRO-PFG,-1345.3046684265137,250000.0,11
2015-12-10,ORLY-SBUX,-2579.2437286376953,250000.0,11
2015-12-10,PRU-RF,3628.6093430519104,250000.0,11
2015-12-10,FIS-TROW,-2810.7204208374023,250000.0,11
2015-12-10,AJG-STT,-728.3604278564453,250000.0,11
2015-12-11,ORLY-SBUX,-1481.8169174194336,250000.0,11
2015-12-14,ORLY-SBUX,802.1011734008789,250000.0,11
2015-12-15,ORLY-SBUX,-362.6966323852539,250000.0,11
2015-12-16,EG-NTRS,0.0,250000.0,11
2015-12-16,BRO-MTB,0.0,250000.0,11
2015-12-17,BRO-MTB,-832.0073928833008,250000.0,11
2015-12-28,MS-STT,0.0,250000.0,11
2015-12-29,MS-STT,781.7236976623535,250000.0,11
2015-12-30,MS-STT,1386.9670295715332,250000.0,11
2015-12-31,MS-STT,-665.7597198486328,250000.0,11
2016-01-04,MS-STT,1667.4152870178223,250000.0,11
2016-01-05,MS-STT,-58.14885330200195,250000.0,11
2016-01-05,BRO-MET,0.0,250000.0,11
2016-01-06,AME-EME,0.0,250000.0,11
2016-01-06,AJG-STT,0.0,250000.0,11
2016-01-06,BRO-PFG,0.0,250000.0,11
2016-01-07,AME-EME,2159.3456268310547,250000.0,11
2016-01-07,BRO-PFG,-5823.1976146698,250000.0,11
2016-01-08,AME-EME,1781.240810394287,250000.0,11
2016-01-08,BRO-PFG,-4689.652030944824,250000.0,11
2016-01-11,AME-EME,-3165.308979034424,250000.0,11
2016-01-12,AME-EME,-4944.913158416748,250000.0,11
2016-01-13,AME-EME,-1152.880142211914,250000.0,11
2016-01-14,AME-EME,-600.0751991271973,250000.0,11
2016-01-15,AME-EME,-1596.8127136230469,250000.0,11
2016-01-19,AME-EME,2010.4955520629883,250000.0,11
2016-01-20,AME-EME,-2026.0762252807617,250000.0,11
2016-02-10,CRH-SW,0.0,250000.0,11
2016-02-11,CRH-SW,-1775.6499710083008,250000.0,11
2016-02-12,CRH-SW,-7388.233038902283,250000.0,11
2016-02-16,CRH-SW,-3973.4499654769897,250000.0,11
2016-02-17,CRH-SW,738.9758386611938,250000.0,11
2016-02-18,CRH-SW,807.2601251602173,250000.0,11
2016-02-19,CRH-SW,465.7869882583618,250000.0,11
2016-02-22,CRH-SW,1763.3952493667603,250000.0,11
2016-02-23,CRH-SW,216.44739437103271,250000.0,11
2016-02-24,CRH-SW,4375.220167160034,250000.0,11
2016-02-25,CRH-SW,4773.160466194153,250000.0,11
2016-02-26,CRH-SW,3748.672116279602,250000.0,11
2016-02-29,CRH-SW,5729.2438859939575,250000.0,11
2016-01-06,CMS-XEL,0.0,250000.0,12
2016-01-06,AJG-STT,0.0,250000.0,12
2016-01-07,CMS-XEL,394.32483100891113,250000.0,12
2016-01-12,AMGN-LH,0.0,250000.0,12
2016-01-13,AMGN-LH,-1142.485580444336,250000.0,12
2016-01-26,IQV-UHS,0.0,250000.0,12
2016-01-27,IQV-UHS,-4541.232292175293,250000.0,12
2016-01-28,IQV-UHS,-3795.766426086426,250000.0,12
2016-02-26,NOW-ROP,0.0,250000.0,12
2016-02-29,NOW-ROP,-2947.7610054016113,250000.0,12
2016-03-01,NOW-ROP,-386.14651584625244,250000.0,12
2016-03-01,AEP-SO,0.0,250000.0,12
2016-03-01,CSX-PH,0.0,250000.0,12
2016-03-02,NOW-ROP,-831.5424070358276,250000.0,12
2016-03-02,AEP-SO,2064.103401184082,250000.0,12
2016-03-02,CSX-PH,-3265.400135040283,250000.0,12
2016-03-03,NOW-ROP,-229.1839828491211,250000.0,12
2016-03-03,CSX-PH,-3828.0866193771362,250000.0,12
2016-03-04,NOW-ROP,-211.49553680419922,250000.0,12
2016-03-04,CSX-PH,-1520.0440311431885,250000.0,12
2016-03-04,GDDY-MPWR,0.0,250000.0,12
2016-03-07,NOW-ROP,1484.1652450561523,250000.0,12
2016-03-07,CSX-PH,-4851.3662033081055,250000.0,12
2016-03-07,GDDY-MPWR,3335.8594665527344,250000.0,12
2016-03-08,NOW-ROP,-4815.1520652771,250000.0,12
2016-03-08,CSX-PH,-4380.810236930847,250000.0,12
2016-03-08,HAL-SLB,0.0,250000.0,12
2016-03-09,CSX-PH,-4301.214542388916,250000.0,12
2016-03-09,HAL-SLB,-645.9624538421631,250000.0,12
2016-03-10,CSX-PH,-1980.5424795150757,250000.0,12
2016-03-10,HAL-SLB,1533.570888519287,250000.0,12
2016-03-10,AJG-STT,0.0,250000.0,12
2016-03-11,CSX-PH,-2328.392304420471,250000.0,12
2016-03-11,HAL-SLB,1521.4110641479492,250000.0,12
2016-03-11,AJG-STT,-5382.070667266846,250000.0,12
2016-03-14,CSX-PH,-2097.64119720459,250000.0,12
2016-03-14,HAL-SLB,-1427.7981128692627,250000.0,12
2016-03-14,AJG-STT,-4641.894721984863,250000.0,12
2016-03-15,CSX-PH,-2623.433469772339,250000.0,12
2016-03-15,HAL-SLB,-163.82618141174316,250000.0,12
2016-03-16,HAL-SLB,-1620.4809703826904,250000.0,12
2016-03-17,HAL-SLB,-1072.8030834197998,250000.0,12
2016-03-17,AEP-PCG,0.0,250000.0,12
2016-03-18,HAL-SLB,-4268.2388553619385,250000.0,12
2016-03-18,AEP-PCG,-466.7779769897461,250000.0,12
2016-03-18,IQV-UHS,0.0,250000.0,12
2016-03-21,HAL-SLB,130.6576442718506,250000.0,12
2016-03-21,AEP-PCG,235.59611129760742,250000.0,12
2016-03-21,IQV-UHS,-719.0239562988281,250000.0,12
2016-03-22,HAL-SLB,-2673.7227268218994,250000.0,12
2016-03-22,AEP-PCG,204.47913360595703,250000.0,12
2016-03-22,IQV-UHS,-3635.1470947265625,250000.0,12
2016-03-22,AMGN-LH,0.0,250000.0,12
2016-03-23,AEP-PCG,-688.0898780822754,250000.0,12
2016-03-23,IQV-UHS,-5198.088157653809,250000.0,12
2016-03-23,AMGN-LH,3583.4915771484375,250000.0,12
2016-03-24,AEP-PCG,-271.11079025268555,250000.0,12
2016-03-24,IQV-UHS,-4567.739273071289,250000.0,12
2016-03-24,AMGN-LH,2895.143325805664,250000.0,12
2016-03-28,AEP-PCG,979.9074287414551,250000.0,12
2016-03-28,IQV-UHS,-8546.598152160645,250000.0,12
2016-03-28,AMGN-LH,4781.897552490234,250000.0,12
2016-03-29,AEP-PCG,-1299.7696647644043,250000.0,12
2016-03-29,AMGN-LH,6197.089828491211,250000.0,12
2016-03-30,AEP-PCG,-2391.7337188720703,250000.0,12
2016-03-31,AEP-PCG,-2656.1082191467285,250000.0,12
2016-02-26,BALL-SHW,0.0,250000.0,13
2016-02-29,BALL-SHW,1487.690128326416,250000.0,13
2016-03-01,BALL-SHW,-6498.309875488281,250000.0,13
2016-03-01,AEP-SO,0.0,250000.0,13
2016-03-02,AEP-SO,2064.103401184082,250000.0,13
2016-03-04,GDDY-MPWR,0.0,250000.0,13
2016-03-07,GDDY-MPWR,3335.8594665527344,250000.0,13
2016-03-09,CHTR-OMC,0.0,250000.0,13
2016-03-10,CHTR-OMC,456.7367248535156,250000.0,13
2016-03-16,CHTR-T,0.0,250000.0,13
2016-03-17,CHTR-T,-3815.603977203369,250000.0,13
2016-03-18,CHTR-T,-193.78742218017578,250000.0,13
2016-03-18,IQV-UHS,0.0,250000.0,13
2016-03-21,CHTR-T,-3430.655303955078,250000.0,13
2016-03-21,IQV-UHS,-719.0239562988281,250000.0,13
2016-03-22,IQV-UHS,-3635.1470947265625,250000.0,13
2016-03-23,IQV-UHS,-5198.088157653809,250000.0,13
2016-03-24,IQV-UHS,-4567.739273071289,250000.0,13
2016-03-24,PRU-RF,0.0,250000.0,13
2016-03-24,NTRS-PRU,0.0,250000.0,13
2016-03-28,IQV-UHS,-8546.598152160645,250000.0,13
2016-03-29,NTRS-RF,0.0,250000.0,13
2016-03-30,NTRS-RF,-2220.216655731201,250000.0,13
2016-03-31,NTRS-RF,-2452.863537788391,250000.0,13
2016-04-01,CIEN-SNPS,0.0,250000.0,13
2016-04-04,CIEN-SNPS,956.539134979248,250000.0,13
2016-04-05,CIEN-SNPS,2233.3812217712402,250000.0,13
2016-04-05,GDDY-TXN,0.0,250000.0,13
2016-04-06,GDDY-TXN,257.1237373352051,250000.0,13
2016-04-06,AEP-SO,0.0,250000.0,13
2016-03-01,META-TTWO,0.0,250000.0,14
2016-03-02,META-TTWO,1319.8582382202148,250000.0,14
2016-03-03,META-TTWO,5977.88313293457,250000.0,14
2016-03-04,GDDY-MPWR,0.0,250000.0,14
2016-03-07,GDDY-MPWR,3335.8594665527344,250000.0,14
2016-03-07,ADI-PTC,0.0,250000.0,14
2016-03-07,DTE-PNW,0.0,250000.0,14
2016-03-08,ADI-PTC,2755.2774620056152,250000.0,14
2016-03-08,DTE-PNW,-468.0222396850586,250000.0,14
2016-03-09,DTE-PNW,-603.215461730957,250000.0,14
2016-03-10,DTE-PNW,1425.039909362793,250000.0,14
2016-03-11,DTE-PNW,-147.9802017211914,250000.0,14
2016-03-14,DTE-PNW,1681.9344482421875,250000.0,14
2016-03-14,LII-MAS,0.0,250000.0,14
2016-03-15,DTE-PNW,1739.1602210998535,250000.0,14
2016-03-16,DTE-PNW,296.8922462463379,250000.0,14
2016-03-17,DTE-PNW,938.8286361694336,250000.0,14
2016-03-18,DTE-PNW,411.4614448547363,250000.0,14
2016-03-21,DTE-PNW,989.5819053649902,250000.0,14
2016-03-21,CME-PYPL,0.0,250000.0,14
2016-03-22,DTE-PNW,2088.879383087158,250000.0,14
2016-03-22,CME-PYPL,-1827.3318786621094,250000.0,14
2016-03-23,DTE-PNW,827.3943557739258,250000.0,14
2016-03-24,DTE-PNW,1300.0758895874023,250000.0,14
2016-03-24,NTRS-PRU,0.0,250000.0,14
2016-03-24,NTRS-WFC,0.0,250000.0,14
2016-03-28,DTE-PNW,1726.5611686706543,250000.0,14
2016-03-28,NTRS-WFC,-639.8680648803711,250000.0,14
2016-03-29,DTE-PNW,415.0185966491699,250000.0,14
2016-03-29,NTRS-WFC,-3747.481189727783,250000.0,14
2016-03-29,NTRS-RF,0.0,250000.0,14
2016-03-29,META-TTWO,0.0,250000.0,14
2016-03-30,DTE-PNW,1131.8940124511719,250000.0,14
2016-03-30,NTRS-WFC,-1899.401023864746,250000.0,14
2016-03-30,NTRS-RF,-2220.216655731201,250000.0,14
2016-03-30,META-TTWO,-2921.867141723633,250000.0,14
2016-03-31,DTE-PNW,2719.446258544922,250000.0,14
2016-03-31,NTRS-WFC,-2640.8200721740723,250000.0,14
2016-03-31,NTRS-RF,-2452.863537788391,250000.0,14
2016-03-31,META-TTWO,-6368.774932861328,250000.0,14
2016-04-01,DTE-PNW,2842.9193420410156,250000.0,14
2016-04-01,NTRS-WFC,-3806.28182220459,250000.0,14
2016-04-01,META-TTWO,-6760.707473754883,250000.0,14
2016-04-01,CIEN-SNPS,0.0,250000.0,14
2016-04-04,DTE-PNW,3589.020420074463,250000.0,14
2016-04-04,NTRS-WFC,-3144.2654876708984,250000.0,14
2016-04-04,CIEN-SNPS,956.539134979248,250000.0,14
2016-04-04,GDDY-ROP,0.0,250000.0,14
2016-04-05,CIEN-SNPS,2233.3812217712402,250000.0,14
2016-04-05,GDDY-TXN,0.0,250000.0,14
2016-04-05,GDDY-VRSN,0.0,250000.0,14
2016-04-05,GDDY-NVDA,0.0,250000.0,14
2016-04-06,GDDY-TXN,257.1237373352051,250000.0,14
2016-04-06,GDDY-VRSN,1525.073070526123,250000.0,14
2016-04-06,GDDY-NVDA,5678.695229113102,250000.0,14
2016-04-06,VEEV-VRTX,0.0,250000.0,14
2016-04-08,CME-PYPL,0.0,250000.0,14
2016-04-11,CME-PYPL,4745.554641723633,250000.0,14
2016-04-12,CME-PYPL,7853.480903625488,250000.0,14
2016-04-13,CME-PYPL,2299.7195625305176,250000.0,14
2016-04-14,CME-PYPL,6107.666549682617,250000.0,14
2016-04-15,CME-PYPL,8399.142070770264,250000.0,14
2016-04-18,CME-PYPL,1661.68208694458,250000.0,14
2016-04-19,CME-PYPL,8876.335079193115,250000.0,14
2016-04-20,CME-PYPL,5350.663967132568,250000.0,14
2016-04-21,CME-PYPL,5018.28816986084,250000.0,14
2016-04-22,CME-PYPL,8303.04375076294,250000.0,14
2016-04-25,CME-PYPL,9469.7370262146,250000.0,14
2016-05-05,VEEV-VRTX,0.0,250000.0,14
2016-05-06,VEEV-VRTX,-2722.10684967041,250000.0,14
2016-05-09,VEEV-VRTX,-9194.89783859253,250000.0,14
2016-05-10,VEEV-VRTX,-11717.071043014526,250000.0,14
2016-05-11,VEEV-VRTX,5721.376007080078,250000.0,14
2016-05-16,GDDY-KLAC,0.0,250000.0,14
2016-05-17,GDDY-ROP,0.0,250000.0,14
2016-05-18,GDDY-ROP,1233.7411346435547,250000.0,14
2016-05-18,NTRS-RF,0.0,250000.0,14
2016-05-18,CME-PYPL,0.0,250000.0,14
2016-05-19,GDDY-ROP,3027.043357849121,250000.0,14
2016-05-19,NTRS-RF,2618.764596939087,250000.0,14
2016-05-19,CME-PYPL,-4265.05676651001,250000.0,14
2016-05-20,GDDY-ROP,2028.085132598877,250000.0,14
2016-05-20,CME-PYPL,-7863.933666229248,250000.0,14
2016-05-20,GDDY-VRSN,0.0,250000.0,14
2016-05-23,CME-PYPL,-5160.656806945801,250000.0,14
2016-05-23,GDDY-VRSN,2206.5556030273438,250000.0,14
2016-05-23,GDDY-MPWR,0.0,250000.0,14
2016-05-24,CME-PYPL,-5283.129245758057,250000.0,14
2016-05-24,GDDY-VRSN,3273.004150390625,250000.0,14
2016-05-24,GDDY-MPWR,-4470.485382080078,250000.0,14
2016-05-25,CME-PYPL,-5338.004207611084,250000.0,14
2016-05-25,GDDY-VRSN,2321.330253601074,250000.0,14
2016-05-25,GDDY-MPWR,-4376.853239059448,250000.0,14
2016-05-25,NTRS-WFC,0.0,250000.0,14
2016-05-26,CME-PYPL,-8707.614608764648,250000.0,14
2016-05-26,GDDY-VRSN,1203.718147277832,250000.0,14
2016-05-26,GDDY-MPWR,-6931.457670211792,250000.0,14
2016-05-26,NTRS-WFC,-479.6016616821289,250000.0,14
2016-05-26,NTRS-PRU,0.0,250000.0,14
2016-05-27,CME-PYPL,-13392.933513641357,250000.0,14
2016-05-27,GDDY-VRSN,-1363.0381698608398,250000.0,14
2016-05-27,GDDY-MPWR,-7988.56459236145,250000.0,14
2016-05-27,NTRS-WFC,-1588.4033393859863,250000.0,14
2016-05-27,NTRS-PRU,1904.7984161376953,250000.0,14
2016-05-31,CME-PYPL,-12276.881088256836,250000.0,14
2016-05-31,GDDY-VRSN,236.53760528564453,250000.0,14
2016-05-31,GDDY-MPWR,-7293.101583480835,250000.0,14
2016-05-31,NTRS-WFC,-1056.9408569335938,250000.0,14
2016-05-31,NTRS-PRU,1428.8759002685547,250000.0,14
2016-04-01,MTB-SYF,0.0,250000.0,15
2016-04-04,MTB-SYF,2625.2772827148438,250000.0,15
2016-04-05,MTB-SYF,1631.1423511505127,250000.0,15
2016-04-05,DTE-PNW,0.0,250000.0,15
2016-04-06,MTB-SYF,2933.6655445098877,250000.0,15
2016-04-06,DTE-PNW,228.95091247558594,250000.0,15
2016-04-07,DTE-PNW,-367.2027359008789,250000.0,15
2016-04-08,DTE-PNW,-409.26220703125,250000.0,15
2016-04-08,CME-PYPL,0.0,250000.0,15
2016-04-11,DTE-PNW,-959.0076675415039,250000.0,15
2016-04-11,CME-PYPL,4745.554641723633,250000.0,15
2016-04-12,DTE-PNW,-1038.7102355957031,250000.0,15
2016-04-12,CME-PYPL,7853.480903625488,250000.0,15
2016-04-13,DTE-PNW,-1082.654426574707,250000.0,15
2016-04-13,CME-PYPL,2299.7195625305176,250000.0,15
2016-04-14,DTE-PNW,-892.0793228149414,250000.0,15
2016-04-14,CME-PYPL,6107.666549682617,250000.0,15
2016-04-15,DTE-PNW,74.85457611083984,250000.0,15
2016-04-15,CME-PYPL,8399.142070770264,250000.0,15
2016-04-18,DTE-PNW,-820.5082244873047,250000.0,15
2016-04-18,CME-PYPL,1661.68208694458,250000.0,15
2016-04-19,DTE-PNW,-147.0821762084961,250000.0,15
2016-04-19,CME-PYPL,8876.335079193115,250000.0,15
2016-04-20,CME-PYPL,5350.663967132568,250000.0,15
2016-04-21,CME-PYPL,5018.28816986084,250000.0,15
2016-04-22,CME-PYPL,8303.04375076294,250000.0,15
2016-04-25,CME-PYPL,9469.7370262146,250000.0,15
2016-05-04,SCHW-USB,0.0,250000.0,15
2016-05-05,SCHW-USB,-419.5214729309082,250000.0,15
2016-05-06,SCHW-USB,1014.8211078643799,250000.0,15
2016-05-09,SCHW-USB,-309.20772552490234,250000.0,15
2016-05-10,SCHW-USB,697.7245864868164,250000.0,15
2016-05-11,SCHW-USB,-12.246593475341797,250000.0,15
2016-05-12,SCHW-USB,-21.28412628173828,250000.0,15
2016-05-13,SCHW-USB,-1905.8449363708496,250000.0,15
2016-05-16,SCHW-USB,-805.0876331329346,250000.0,15
2016-05-17,JPM-USB,0.0,250000.0,15
2016-05-18,JPM-USB,-1976.333209991455,250000.0,15
2016-05-18,CME-PYPL,0.0,250000.0,15
2016-05-18,PNC-RJF,0.0,250000.0,15
2016-05-19,JPM-USB,-541.41943359375,250000.0,15
2016-05-19,CME-PYPL,-4265.05676651001,250000.0,15
2016-05-19,PNC-RJF,-1466.2106380462646,250000.0,15
2016-05-19,MRSH-PYPL,0.0,250000.0,15
2016-05-20,JPM-USB,430.8837547302246,250000.0,15
2016-05-20,CME-PYPL,-7863.933666229248,250000.0,15
2016-05-20,PNC-RJF,304.87110900878906,250000.0,15
2016-05-20,MRSH-PYPL,-866.8800201416016,250000.0,15
2016-05-23,JPM-USB,97.37508773803711,250000.0,15
2016-05-23,CME-PYPL,-5160.656806945801,250000.0,15
2016-05-23,PNC-RJF,2509.809690475464,250000.0,15
2016-05-23,MRSH-PYPL,1772.20219039917,250000.0,15
2016-05-24,JPM-USB,499.6223602294922,250000.0,15
2016-05-24,CME-PYPL,-5283.129245758057,250000.0,15
2016-05-24,PNC-RJF,104.54169464111328,250000.0,15
2016-05-24,MRSH-PYPL,3701.0563583374023,250000.0,15
2016-05-25,JPM-USB,1585.3913497924805,250000.0,15
2016-05-25,CME-PYPL,-5338.004207611084,250000.0,15
2016-05-25,PNC-RJF,-4608.746572494507,250000.0,15
2016-05-25,MRSH-PYPL,2253.2433700561523,250000.0,15
2016-05-26,JPM-USB,1349.3953399658203,250000.0,15
2016-05-26,CME-PYPL,-8707.614608764648,250000.0,15
2016-05-26,PNC-RJF,1322.1089401245117,250000.0,15
2016-05-26,MRSH-PYPL,-2082.7380714416504,250000.0,15
2016-05-26,NTRS-PRU,0.0,250000.0,15
2016-05-27,JPM-USB,1807.6885414123535,250000.0,15
2016-05-27,CME-PYPL,-13392.933513641357,250000.0,15
2016-05-27,PNC-RJF,503.2585220336914,250000.0,15
2016-05-27,MRSH-PYPL,-3211.526054382324,250000.0,15
2016-05-27,NTRS-PRU,1904.7984161376953,250000.0,15
2016-05-31,JPM-USB,1513.799903869629,250000.0,15
2016-05-31,CME-PYPL,-12276.881088256836,250000.0,15
2016-05-31,PNC-RJF,7163.575435638428,250000.0,15
2016-05-31,MRSH-PYPL,-5693.915996551514,250000.0,15
2016-05-31,NTRS-PRU,1428.8759002685547,250000.0,15
2016-06-01,JPM-USB,1295.092975616455,250000.0,15
2016-06-01,CME-PYPL,-9448.621341705322,250000.0,15
2016-06-01,MRSH-PYPL,-2591.8834075927734,250000.0,15
2016-06-01,NTRS-PRU,-841.1649971008301,250000.0,15
2016-06-01,AAPL-ON,0.0,250000.0,15
2016-06-02,JPM-USB,1285.3529090881348,250000.0,15
2016-06-02,MRSH-PYPL,-1878.2262001037598,250000.0,15
2016-06-02,NTRS-PRU,-2188.925495147705,250000.0,15
2016-06-02,AAPL-ON,709.2130355834961,250000.0,15
2016-06-02,MAA-PSA,0.0,250000.0,15
2016-06-03,JPM-USB,736.9870948791504,250000.0,15
2016-06-03,AAPL-ON,4897.36642074585,250000.0,15
2016-06-03,AMP-STT,0.0,250000.0,15
2016-06-06,JPM-USB,1850.7509651184082,250000.0,15
2016-06-06,AAPL-ON,3874.039331436157,250000.0,15
2016-06-06,AMP-STT,3642.0179481506348,250000.0,15
2016-06-07,JPM-USB,1193.5563011169434,250000.0,15
2016-06-07,AAPL-ON,-1819.493405342102,250000.0,15
2016-06-07,AMP-STT,919.9962272644043,250000.0,15
2016-06-07,NXPI-SWKS,0.0,250000.0,15
2016-06-08,JPM-USB,1515.5706596374512,250000.0,15
2016-06-08,AAPL-ON,-752.0309476852417,250000.0,15
2016-06-08,AMP-STT,521.7279472351074,250000.0,15
2016-06-08,NXPI-SWKS,1065.690357208252,250000.0,15
2016-06-09,JPM-USB,1433.928611755371,250000.0,15
2016-06-09,AAPL-ON,737.06360912323,250000.0,15
2016-06-09,AMP-STT,-3248.429359436035,250000.0,15
2016-06-09,NXPI-SWKS,2349.798629760742,250000.0,15
2016-06-09,DTE-PNW,0.0,250000.0,15
2016-06-10,JPM-USB,741.3489074707031,250000.0,15
2016-06-10,AAPL-ON,4544.8135776519775,250000.0,15
2016-06-10,AMP-STT,-5830.513275146484,250000.0,15
2016-06-13,JPM-USB,819.0759773254395,250000.0,15
2016-06-13,AAPL-ON,-3102.7865686416626,250000.0,15
2016-06-13,AMP-STT,-4888.715190887451,250000.0,15
2016-06-14,JPM-USB,1561.602653503418,250000.0,15
2016-06-14,AAPL-ON,2425.172631263733,250000.0,15
2016-06-14,AMP-STT,-3866.3505325317383,250000.0,15
2016-06-14,PNC-RJF,0.0,250000.0,15
2016-06-14,MTB-SYF,0.0,250000.0,15
2016-06-14,BDX-TMO,0.0,250000.0,15
2016-06-15,JPM-USB,864.7071418762207,250000.0,15
2016-06-15,AAPL-ON,3512.7585773468018,250000.0,15
2016-06-15,AMP-STT,-6137.056324005127,250000.0,15
2016-06-15,PNC-RJF,-4512.494232177734,250000.0,15
2016-06-15,MTB-SYF,-1471.4188079833984,250000.0,15
2016-06-15,BDX-TMO,1972.3192520141602,250000.0,15
2016-06-15,SCHW-USB,0.0,250000.0,15
2016-06-16,JPM-USB,322.27380752563477,250000.0,15
2016-06-16,PNC-RJF,-7031.212890625,250000.0,15
2016-06-16,MTB-SYF,-5797.508346557617,250000.0,15
2016-06-16,BDX-TMO,963.8447723388672,250000.0,15
2016-06-16,SCHW-USB,71.16329765319824,250000.0,15
2016-06-17,JPM-USB,440.16445541381836,250000.0,15
2016-06-17,PNC-RJF,-8818.11068725586,250000.0,15
2016-06-17,MTB-SYF,-10927.383926391602,250000.0,15
2016-06-17,BDX-TMO,1261.434181213379,250000.0,15
2016-06-17,SCHW-USB,824.6281204223633,250000.0,15
2016-06-20,JPM-USB,831.7255668640137,250000.0,15
2016-06-20,PNC-RJF,-9247.129348754883,250000.0,15
2016-06-20,MTB-SYF,-13512.451553344727,250000.0,15
2016-06-20,BDX-TMO,1937.160873413086,250000.0,15
2016-06-20,SCHW-USB,562.9676322937012,250000.0,15
2016-06-21,PNC-RJF,-4195.912002563477,250000.0,15
2016-06-21,MTB-SYF,-11928.914688110352,250000.0,15
2016-06-21,BDX-TMO,253.2978973388672,250000.0,15
2016-06-21,SCHW-USB,2409.1855430603027,250000.0,15
2016-06-22,PNC-RJF,-3515.4835052490234,250000.0,15
2016-06-22,MTB-SYF,-13798.811019897461,250000.0,15
2016-06-22,BDX-TMO,1906.3633575439453,250000.0,15
2016-06-22,SCHW-USB,2425.31978225708,250000.0,15
2016-06-22,AAPL-HPQ,0.0,250000.0,15
2016-06-23,PNC-RJF,4505.287490844727,250000.0,15
2016-06-23,MTB-SYF,-17301.953079223633,250000.0,15
2016-06-23,BDX-TMO,2878.2002868652344,250000.0,15
2016-06-23,AAPL-HPQ,6142.086757659912,250000.0,15
2016-06-23,JPM-USB,0.0,250000.0,15
2016-06-24,MTB-SYF,-9436.829528808594,250000.0,15
2016-06-24,BDX-TMO,-1441.8813705444336,250000.0,15
2016-06-24,AAPL-HPQ,-4599.7744216918945,250000.0,15
2016-06-24,GL-MTB,0.0,250000.0,15
2016-06-24,AAPL-ON,0.0,250000.0,15
2016-06-24,DTE-PNW,0.0,250000.0,15
2016-06-27,MTB-SYF,-11254.84521484375,250000.0,15
2016-06-27,BDX-TMO,-4081.015884399414,250000.0,15
2016-06-27,GL-MTB,-3106.716995239258,250000.0,15
2016-06-27,MAA-PSA,0.0,250000.0,15
2016-06-27,CFG-RJF,0.0,250000.0,15
2016-06-27,ES-XEL,0.0,250000.0,15
2016-06-27,AMP-STT,0.0,250000.0,15
2016-06-28,MTB-SYF,-13244.367095947266,250000.0,15
2016-06-28,BDX-TMO,-1726.9896926879883,250000.0,15
2016-06-28,GL-MTB,324.9285125732422,250000.0,15
2016-06-28,MAA-PSA,-1488.657829284668,250000.0,15
2016-06-28,ES-XEL,1239.9180450439453,250000.0,15
2016-06-28,AMP-STT,2032.491600036621,250000.0,15
2016-06-29,GL-MTB,-297.40081787109375,250000.0,15
2016-06-29,MAA-PSA,-1820.5849685668945,250000.0,15
2016-06-29,ES-XEL,784.4150924682617,250000.0,15
2016-06-29,AMP-STT,2129.1074981689453,250000.0,15
2016-06-30,MAA-PSA,-2489.9683685302734,250000.0,15
2016-06-30,ES-XEL,678.1044464111328,250000.0,15
2016-05-04,JPM-RJF,0.0,250000.0,16
2016-05-05,JPM-RJF,-2016.5819129943848,250000.0,16
2016-05-05,EQIX-MAA,0.0,250000.0,16
2016-05-06,JPM-RJF,1421.3555088043213,250000.0,16
2016-05-06,EQIX-MAA,190.27767181396484,250000.0,16
2016-05-09,JPM-RJF,970.4367771148682,250000.0,16
2016-05-09,EQIX-MAA,1557.006980895996,250000.0,16
2016-05-10,JPM-RJF,-2893.991199493408,250000.0,16
2016-05-10,EQIX-MAA,1155.7401580810547,250000.0,16
2016-05-11,JPM-RJF,692.0741519927979,250000.0,16
2016-05-12,JPM-RJF,86.90299034118652,250000.0,16
2016-05-13,JPM-RJF,660.0856170654297,250000.0,16
2016-05-16,JPM-RJF,1912.7068309783936,250000.0,16
2016-05-17,JPM-RJF,1765.7469215393066,250000.0,16
2016-05-18,CME-PYPL,0.0,250000.0,16
2016-05-18,PNC-RJF,0.0,250000.0,16
2016-05-19,CME-PYPL,-4265.05676651001,250000.0,16
2016-05-19,PNC-RJF,-1466.2106380462646,250000.0,16
2016-05-19,AON-PYPL,0.0,250000.0,16
2016-05-20,CME-PYPL,-7863.933666229248,250000.0,16
2016-05-20,PNC-RJF,304.87110900878906,250000.0,16
2016-05-20,AON-PYPL,-2109.8399353027344,250000.0,16
2016-05-23,CME-PYPL,-5160.656806945801,250000.0,16
2016-05-23,PNC-RJF,2509.809690475464,250000.0,16
2016-05-23,AON-PYPL,2035.1672325134277,250000.0,16
2016-05-24,CME-PYPL,-5283.129245758057,250000.0,16
2016-05-24,PNC-RJF,104.54169464111328,250000.0,16
2016-05-24,AON-PYPL,3803.980842590332,250000.0,16
2016-05-25,CME-PYPL,-5338.004207611084,250000.0,16
2016-05-25,PNC-RJF,-4608.746572494507,250000.0,16
2016-05-25,AON-PYPL,3193.7545166015625,250000.0,16
2016-05-26,CME-PYPL,-8707.614608764648,250000.0,16
2016-05-26,PNC-RJF,1322.1089401245117,250000.0,16
2016-05-26,AON-PYPL,-1947.2110710144043,250000.0,16
2016-05-26,NTRS-PRU,0.0,250000.0,16
2016-05-27,CME-PYPL,-13392.933513641357,250000.0,16
2016-05-27,PNC-RJF,503.2585220336914,250000.0,16
2016-05-27,AON-PYPL,-5366.192405700684,250000.0,16
2016-05-27,NTRS-PRU,1904.7984161376953,250000.0,16
2016-05-31,CME-PYPL,-12276.881088256836,250000.0,16
2016-05-31,PNC-RJF,7163.575435638428,250000.0,16
2016-05-31,NTRS-PRU,1428.8759002685547,250000.0,16
2016-06-01,CME-PYPL,-9448.621341705322,250000.0,16
2016-06-01,NTRS-PRU,-841.1649971008301,250000.0,16
2016-06-01,IT-NOW,0.0,250000.0,16
2016-06-02,NTRS-PRU,-2188.925495147705,250000.0,16
2016-06-02,IT-NOW,-756.1375713348389,250000.0,16
2016-06-03,IT-NOW,828.6894550323486,250000.0,16
2016-06-06,IT-NOW,-4426.509092330933,250000.0,16
2016-06-06,HPE-KLAC,0.0,250000.0,16
2016-06-06,EQIX-MAA,0.0,250000.0,16
2016-06-07,IT-NOW,-8123.755984306335,250000.0,16
2016-06-07,HPE-KLAC,-368.0919542312622,250000.0,16
2016-06-07,EQIX-MAA,-660.7031631469727,250000.0,16
2016-06-07,META-TTWO,0.0,250000.0,16
2016-06-07,CTAS-LUV,0.0,250000.0,16
2016-06-08,HPE-KLAC,-433.4343523979187,250000.0,16
2016-06-08,EQIX-MAA,-1702.2488708496094,250000.0,16
2016-06-08,META-TTWO,1842.5331268310547,250000.0,16
2016-06-08,CTAS-LUV,-1761.998146057129,250000.0,16
2016-06-09,HPE-KLAC,-507.69549322128296,250000.0,16
2016-06-09,EQIX-MAA,-960.462776184082,250000.0,16
2016-06-09,META-TTWO,2486.006477355957,250000.0,16
2016-06-09,CTAS-LUV,-4522.62403678894,250000.0,16
2016-06-09,DTE-PNW,0.0,250000.0,16
2016-06-10,HPE-KLAC,-1191.763831615448,250000.0,16
2016-06-10,EQIX-MAA,-489.4339294433594,250000.0,16
2016-06-10,CTAS-LUV,-4526.264108657837,250000.0,16
2016-06-13,HPE-KLAC,506.5658211708069,250000.0,16
2016-06-13,CTAS-LUV,2697.5988159179688,250000.0,16
2016-06-14,PNC-RJF,0.0,250000.0,16
2016-06-15,PNC-RJF,-4512.494232177734,250000.0,16
2016-06-16,PNC-RJF,-7031.212890625,250000.0,16
2016-06-17,PNC-RJF,-8818.11068725586,250000.0,16
2016-06-20,PNC-RJF,-9247.129348754883,250000.0,16
2016-06-21,PNC-RJF,-4195.912002563477,250000.0,16
2016-06-21,EMR-GNRC,0.0,250000.0,16
2016-06-22,PNC-RJF,-3515.4835052490234,250000.0,16
2016-06-22,EMR-GNRC,-2777.739978790283,250000.0,16
2016-06-22,HPE-KLAC,0.0,250000.0,16
2016-06-23,PNC-RJF,4505.287490844727,250000.0,16
2016-06-23,EMR-GNRC,-3809.7130737304688,250000.0,16
2016-06-23,HPE-KLAC,-160.6569585800171,250000.0,16
2016-06-24,EMR-GNRC,-1684.602710723877,250000.0,16
2016-06-24,HPE-KLAC,1855.3430786132812,250000.0,16
2016-06-24,DTE-PNW,0.0,250000.0,16
2016-06-24,GL-MTB,0.0,250000.0,16
2016-06-27,EMR-GNRC,828.3300361633301,250000.0,16
2016-06-27,GL-MTB,-3106.716995239258,250000.0,16
2016-06-27,CAT-ROK,0.0,250000.0,16
2016-06-27,ES-XEL,0.0,250000.0,16
2016-06-27,CFG-RJF,0.0,250000.0,16
2016-06-27,IT-NOW,0.0,250000.0,16
2016-06-27,EQIX-MAA,0.0,250000.0,16
2016-06-28,EMR-GNRC,-1104.0978240966797,250000.0,16
2016-06-28,GL-MTB,324.9285125732422,250000.0,16
2016-06-28,CAT-ROK,1464.8549308776855,250000.0,16
2016-06-28,ES-XEL,1239.9180450439453,250000.0,16
2016-06-28,IT-NOW,1652.0118865966797,250000.0,16
2016-06-28,EQIX-MAA,-2800.7240982055664,250000.0,16
2016-06-29,EMR-GNRC,-3398.7280883789062,250000.0,16
2016-06-29,GL-MTB,-297.40081787109375,250000.0,16
2016-06-29,CAT-ROK,1661.9555702209473,250000.0,16
2016-06-29,ES-XEL,784.4150924682617,250000.0,16
2016-06-29,IT-NOW,3033.388702392578,250000.0,16
2016-06-29,EQIX-MAA,-2196.3339767456055,250000.0,16
2016-06-30,EMR-GNRC,-5771.748676300049,250000.0,16
2016-06-30,ES-XEL,678.1044464111328,250000.0,16
2016-06-30,IT-NOW,-3866.699935913086,250000.0,16
2016-06-30,EQIX-MAA,-4452.692031860352,250000.0,16
2016-07-01,EMR-GNRC,-2745.657829284668,250000.0,16
2016-07-01,IT-NOW,-4583.7718505859375,250000.0,16
2016-07-05,EMR-GNRC,-3773.2313117980957,250000.0,16
2016-07-05,IT-NOW,-7522.136276245117,250000.0,16
2016-07-06,IT-NOW,-8588.841796875,250000.0,16
2016-07-07,IT-NOW,-9063.922058105469,250000.0,16
2016-07-08,IT-NOW,4150.645645141602,250000.0,16
2016-07-08,EMR-GNRC,0.0,250000.0,16
2016-07-11,IT-NOW,2540.674606323242,250000.0,16
2016-07-11,EMR-GNRC,-3142.53426361084,250000.0,16
2016-07-12,IT-NOW,7299.407119750977,250000.0,16
2016-07-12,EMR-GNRC,1619.3518753051758,250000.0,16
2016-07-13,IT-NOW,7008.296844482422,250000.0,16
2016-07-13,RVTY-VEEV,0.0,250000.0,16
2016-07-14,IT-NOW,6208.295349121094,250000.0,16
2016-07-14,RVTY-VEEV,-2757.739284515381,250000.0,16
2016-07-15,RVTY-VEEV,2593.659996032715,250000.0,16
2016-07-18,RVTY-VEEV,6547.779064178467,250000.0,16
2016-07-19,RVTY-VEEV,3620.6391410827637,250000.0,16
2016-06-06,HPE-KLAC,0.0,250000.0,17
2016-06-07,HPE-KLAC,-368.0919542312622,250000.0,17
2016-06-07,META-TTWO,0.0,250000.0,17
2016-06-08,HPE-KLAC,-433.4343523979187,250000.0,17
2016-06-08,META-TTWO,1842.5331268310547,250000.0,17
2016-06-08,CME-L,0.0,250000.0,17
2016-06-09,HPE-KLAC,-507.69549322128296,250000.0,17
2016-06-09,META-TTWO,2486.006477355957,250000.0,17
2016-06-09,CME-L,1933.152416229248,250000.0,17
2016-06-09,DTE-PNW,0.0,250000.0,17
2016-06-10,HPE-KLAC,-1191.763831615448,250000.0,17
2016-06-13,HPE-KLAC,506.5658211708069,250000.0,17
2016-06-14,MTB-SYF,0.0,250000.0,17
2016-06-15,MTB-SYF,-1471.4188079833984,250000.0,17
2016-06-16,MTB-SYF,-5797.508346557617,250000.0,17
2016-06-17,MTB-SYF,-10927.383926391602,250000.0,17
2016-06-20,MTB-SYF,-13512.451553344727,250000.0,17
2016-06-21,MTB-SYF,-11928.914688110352,250000.0,17
2016-06-21,EMR-GNRC,0.0,250000.0,17
2016-06-22,MTB-SYF,-13798.811019897461,250000.0,17
2016-06-22,EMR-GNRC,-2777.739978790283,250000.0,17
2016-06-22,HPE-KLAC,0.0,250000.0,17
2016-06-23,MTB-SYF,-17301.953079223633,250000.0,17
2016-06-23,EMR-GNRC,-3809.7130737304688,250000.0,17
2016-06-23,HPE-KLAC,-160.6569585800171,250000.0,17
2016-06-23,JPM-USB,0.0,250000.0,17
2016-06-24,MTB-SYF,-9436.829528808594,250000.0,17
2016-06-24,EMR-GNRC,-1684.602710723877,250000.0,17
2016-06-24,HPE-KLAC,1855.3430786132812,250000.0,17
2016-06-24,CME-MRSH,0.0,250000.0,17
2016-06-24,DTE-PNW,0.0,250000.0,17
2016-06-24,JBHT-PH,0.0,250000.0,17
2016-06-24,ALLE-AOS,0.0,250000.0,17
2016-06-27,MTB-SYF,-11254.84521484375,250000.0,17
2016-06-27,EMR-GNRC,828.3300361633301,250000.0,17
2016-06-27,CME-MRSH,6476.257030487061,250000.0,17
2016-06-27,ALLE-AOS,-3544.927909851074,250000.0,17
2016-06-27,MCO-MTB,0.0,250000.0,17
2016-06-28,MTB-SYF,-13244.367095947266,250000.0,17
2016-06-28,EMR-GNRC,-1104.0978240966797,250000.0,17
2016-06-28,ALLE-AOS,4032.9283142089844,250000.0,17
2016-06-28,MCO-MTB,-3133.4963607788086,250000.0,17
2016-06-29,EMR-GNRC,-3398.7280883789062,250000.0,17
2016-06-29,MCO-MTB,-999.6956405639648,250000.0,17
2016-06-30,EMR-GNRC,-5771.748676300049,250000.0,17
2016-07-01,EMR-GNRC,-2745.657829284668,250000.0,17
2016-07-05,EMR-GNRC,-3773.2313117980957,250000.0,17
2016-07-05,IVZ-MET,0.0,250000.0,17
2016-07-06,IVZ-MET,1862.261160850525,250000.0,17
2016-07-07,IVZ-MET,221.2589406967163,250000.0,17
2016-07-08,IVZ-MET,3287.1490545272827,250000.0,17
2016-07-08,EMR-GNRC,0.0,250000.0,17
2016-07-11,EMR-GNRC,-3142.53426361084,250000.0,17
2016-07-12,EMR-GNRC,1619.3518753051758,250000.0,17
2016-07-26,ADI-HPQ,0.0,250000.0,17
2016-07-27,ADI-HPQ,-5939.190200805664,250000.0,17
2016-08-05,MCO-MTB,0.0,250000.0,17
2016-08-08,MCO-MTB,-1476.6145782470703,250000.0,17
2016-08-09,MCO-MTB,-1277.7772369384766,250000.0,17
2016-08-10,MCO-MTB,499.6674499511719,250000.0,17
2016-08-10,HPE-KLAC,0.0,250000.0,17
2016-08-11,MCO-MTB,534.2546234130859,250000.0,17
2016-08-11,HPE-KLAC,-6210.856845855713,250000.0,17
2016-08-12,MCO-MTB,896.6812591552734,250000.0,17
2016-08-12,HPE-KLAC,-3892.425247192383,250000.0,17
2016-08-15,MCO-MTB,-1906.7474822998047,250000.0,17
2016-08-15,HPE-KLAC,-202.84061431884766,250000.0,17
2016-08-15,META-TTWO,0.0,250000.0,17
2016-08-16,MCO-MTB,-954.4423370361328,250000.0,17
2016-08-16,HPE-KLAC,-1346.0032005310059,250000.0,17
2016-08-16,CMS-XEL,0.0,250000.0,17
2016-08-17,MCO-MTB,-1142.5994873046875,250000.0,17
2016-08-17,HPE-KLAC,2114.5051918029785,250000.0,17
2016-08-17,CMS-XEL,-227.4872531890869,250000.0,17
2016-08-18,MCO-MTB,-1775.163589477539,250000.0,17
2016-08-18,HPE-KLAC,1494.0566329956055,250000.0,17
2016-08-19,MCO-MTB,-1042.146224975586,250000.0,17
2016-08-19,HPE-KLAC,5831.484573364258,250000.0,17
2016-08-19,NKE-SBUX,0.0,250000.0,17
2016-08-22,HPE-KLAC,4014.273727416992,250000.0,17
2016-08-23,HPE-KLAC,-4898.351085662842,250000.0,17
2016-08-24,HPE-KLAC,-7056.4088706970215,250000.0,17
2016-08-25,IVZ-MET,0.0,250000.0,17
2016-08-25,CME-L,0.0,250000.0,17
2016-08-26,IVZ-MET,-2238.0113220214844,250000.0,17
2016-08-30,ALLE-AOS,0.0,250000.0,17
2016-08-31,ALLE-AOS,668.4213676452637,250000.0,17
2016-08-31,MTB-SYF,0.0,250000.0,17
2016-07-26,ADI-HPQ,0.0,250000.0,18
2016-07-27,ADI-HPQ,-5939.190200805664,250000.0,18
2016-08-10,HPE-KLAC,0.0,250000.0,18
2016-08-11,HPE-KLAC,-6210.856845855713,250000.0,18
2016-08-12,HPE-KLAC,-3892.425247192383,250000.0,18
2016-08-15,HPE-KLAC,-202.84061431884766,250000.0,18
2016-08-15,EFX-LMT,0.0,250000.0,18
2016-08-16,HPE-KLAC,-1346.0032005310059,250000.0,18
2016-08-16,CMS-XEL,0.0,250000.0,18
2016-08-16,NSC-SWK,0.0,250000.0,18
2016-08-16,CMS-NI,0.0,250000.0,18
2016-08-17,HPE-KLAC,2114.5051918029785,250000.0,18
2016-08-17,CMS-XEL,-227.4872531890869,250000.0,18
2016-08-17,NSC-SWK,-395.52081298828125,250000.0,18
2016-08-17,CMS-NI,599.2849884033203,250000.0,18
2016-08-18,HPE-KLAC,1494.0566329956055,250000.0,18
2016-08-18,MTD-TMO,0.0,250000.0,18
2016-08-18,EME-NSC,0.0,250000.0,18
2016-08-19,HPE-KLAC,5831.484573364258,250000.0,18
2016-08-19,MTD-TMO,-755.9807281494141,250000.0,18
2016-08-19,EME-NSC,-72.29701614379883,250000.0,18
2016-08-19,ETN-JBHT,0.0,250000.0,18
2016-08-22,HPE-KLAC,4014.273727416992,250000.0,18
2016-08-22,MTD-TMO,-429.77545166015625,250000.0,18
2016-08-22,EME-NSC,1206.29887008667,250000.0,18
2016-08-23,HPE-KLAC,-4898.351085662842,250000.0,18
2016-08-23,MTD-TMO,-374.4007873535156,250000.0,18
2016-08-23,EME-NSC,-187.36895751953125,250000.0,18
2016-08-24,HPE-KLAC,-7056.4088706970215,250000.0,18
2016-08-24,MTD-TMO,-2243.355926513672,250000.0,18
2016-08-24,EME-NSC,-768.059627532959,250000.0,18
2016-08-25,MTD-TMO,-3045.1537170410156,250000.0,18
2016-08-25,EME-NSC,-323.7135009765625,250000.0,18
2016-08-25,CME-L,0.0,250000.0,18
2016-08-26,MTD-TMO,-3419.283737182617,250000.0,18
2016-08-26,EME-NSC,-1462.654914855957,250000.0,18
2016-08-29,MTD-TMO,-915.7615814208984,250000.0,18
2016-08-29,EME-NSC,-5687.202823638916,250000.0,18
2016-08-30,MTD-TMO,219.36048889160156,250000.0,18
2016-08-30,EME-NSC,-6538.870868682861,250000.0,18
2016-08-30,ALLE-AOS,0.0,250000.0,18
2016-08-31,MTD-TMO,-786.9767303466797,250000.0,18
2016-08-31,EME-NSC,-5546.121559143066,250000.0,18
2016-08-31,ALLE-AOS,668.4213676452637,250000.0,18
2016-09-01,MTD-TMO,-3560.2899627685547,250000.0,18
2016-09-01,EME-NSC,-4984.639789581299,250000.0,18
2016-09-01,CME-L,0.0,250000.0,18
2016-09-02,AMAT-FICO,0.0,250000.0,18
2016-09-06,AMAT-FICO,-822.3922100067139,250000.0,18
2016-09-06,ADI-HPQ,0.0,250000.0,18
2016-09-06,NSC-SWK,0.0,250000.0,18
2016-09-07,AMAT-FICO,-727.4944648742676,250000.0,18
2016-09-07,NSC-SWK,2084.3747024536133,250000.0,18
2016-09-07,CMS-XEL,0.0,250000.0,18
2016-09-08,AMAT-FICO,-1891.7558326721191,250000.0,18
2016-09-08,NSC-SWK,1350.8290710449219,250000.0,18
2016-09-08,CMS-XEL,539.5150394439697,250000.0,18
2016-09-08,ALLE-AOS,0.0,250000.0,18
2016-09-09,AMAT-FICO,2584.65779876709,250000.0,18
2016-09-09,NSC-SWK,2569.3117065429688,250000.0,18
2016-09-09,ALLE-AOS,-6873.297435760498,250000.0,18
2016-09-09,CI-COR,0.0,250000.0,18
2016-09-09,MTD-TMO,0.0,250000.0,18
2016-09-09,EME-NSC,0.0,250000.0,18
2016-09-12,AMAT-FICO,-585.723804473877,250000.0,18
2016-09-12,NSC-SWK,2163.625862121582,250000.0,18
2016-09-12,ALLE-AOS,-7939.649040222168,250000.0,18
2016-09-12,MTD-TMO,2750.9795837402344,250000.0,18
2016-09-13,NSC-SWK,2549.9485778808594,250000.0,18
2016-09-13,ALLE-AOS,-9150.027568817139,250000.0,18
2016-09-13,MTD-TMO,1099.2281188964844,250000.0,18
2016-09-19,EFX-LMT,0.0,250000.0,18
2016-09-20,EFX-LMT,764.5604629516602,250000.0,18
2016-09-21,EFX-LMT,-1222.0271682739258,250000.0,18
2016-09-23,NSC-SWK,0.0,250000.0,18
2016-09-26,NSC-SWK,711.6954040527344,250000.0,18
2016-09-27,NSC-SWK,844.4197540283203,250000.0,18
2016-09-28,NSC-SWK,1123.330307006836,250000.0,18
2016-09-29,NSC-SWK,-1714.4871520996094,250000.0,18
2016-09-30,NSC-SWK,-3361.1641387939453,250000.0,18
2016-09-30,EME-NSC,0.0,250000.0,18
2016-09-30,AMAT-FICO,0.0,250000.0,18
2016-08-10,HPE-KLAC,0.0,250000.0,19
2016-08-11,HPE-KLAC,-6210.856845855713,250000.0,19
2016-08-12,HPE-KLAC,-3892.425247192383,250000.0,19
2016-08-15,HPE-KLAC,-202.84061431884766,250000.0,19
2016-08-15,EFX-LMT,0.0,250000.0,19
2016-08-16,HPE-KLAC,-1346.0032005310059,250000.0,19
2016-08-16,CMS-XEL,0.0,250000.0,19
2016-08-17,HPE-KLAC,2114.5051918029785,250000.0,19
2016-08-17,CMS-XEL,-227.4872531890869,250000.0,19
2016-08-18,HPE-KLAC,1494.0566329956055,250000.0,19
2016-08-19,HPE-KLAC,5831.484573364258,250000.0,19
2016-08-22,HPE-KLAC,4014.273727416992,250000.0,19
2016-08-23,HPE-KLAC,-4898.351085662842,250000.0,19
2016-08-24,HPE-KLAC,-7056.4088706970215,250000.0,19
2016-08-25,CME-L,0.0,250000.0,19
2016-08-30,CDNS-FLEX,0.0,250000.0,19
2016-08-31,CDNS-FLEX,423.0166664123535,250000.0,19
2016-09-01,CDNS-FLEX,1440.180679321289,250000.0,19
2016-09-01,CME-L,0.0,250000.0,19
2016-09-02,AON-BRO,0.0,250000.0,19
2016-09-06,AON-BRO,1066.135353088379,250000.0,19
2016-09-06,ADI-HPQ,0.0,250000.0,19
2016-09-07,CMS-XEL,0.0,250000.0,19
2016-09-08,CMS-XEL,539.5150394439697,250000.0,19
2016-09-09,MET-STT,0.0,250000.0,19
2016-09-09,CI-COR,0.0,250000.0,19
2016-09-12,MET-STT,1996.2582321166992,250000.0,19
2016-09-13,MET-STT,-2087.9565353393555,250000.0,19
2016-09-14,MET-STT,-521.6417083740234,250000.0,19
2016-09-15,MET-STT,212.30279159545898,250000.0,19
2016-09-16,MET-STT,-1173.6014213562012,250000.0,19
2016-09-19,MET-STT,-2587.6822929382324,250000.0,19
2016-09-19,EFX-LMT,0.0,250000.0,19
2016-09-20,MET-STT,597.0256233215332,250000.0,19
2016-09-20,EFX-LMT,764.5604629516602,250000.0,19
2016-09-21,MET-STT,1980.3701362609863,250000.0,19
2016-09-21,EFX-LMT,-1222.0271682739258,250000.0,19
2016-09-22,MET-STT,2244.1175422668457,250000.0,19
2016-09-23,MET-STT,1034.7502670288086,250000.0,19
2016-09-26,MET-STT,566.5198860168457,250000.0,19
2016-09-27,MET-STT,1956.9656066894531,250000.0,19
2016-09-28,MET-STT,1837.289794921875,250000.0,19
2016-10-06,MET-STT,0.0,250000.0,19
2016-10-07,MET-STT,-1270.2844696044922,250000.0,19
2016-10-10,MET-STT,-4995.274425506592,250000.0,19
2016-10-11,MET-STT,-8460.101211547852,250000.0,19
2016-10-12,MET-STT,-8788.174654006958,250000.0,19
2016-10-12,CI-COR,0.0,250000.0,19
2016-10-13,MET-STT,-9923.858499526978,250000.0,19
2016-10-13,CI-COR,-274.43589782714844,250000.0,19
2016-10-14,MET-STT,-10389.934791564941,250000.0,19
2016-10-14,CI-COR,1234.2360076904297,250000.0,19
2016-10-17,MET-STT,-10309.003051757812,250000.0,19
2016-10-17,CI-COR,-1400.6959228515625,250000.0,19
2016-10-18,MET-STT,-7200.106094360352,250000.0,19
2016-10-18,CI-COR,597.8119201660156,250000.0,19
2016-10-19,MET-STT,-4895.732795715332,250000.0,19
2016-10-19,CI-COR,2769.198501586914,250000.0,19
2016-10-20,MET-STT,-2159.6331272125244,250000.0,19
2016-10-20,CI-COR,1658.4911041259766,250000.0,19
2016-09-01,EMR-GNRC,0.0,250000.0,20
2016-09-01,GNRC-HON,0.0,250000.0,20
2016-09-02,EMR-GNRC,1919.5540084838867,250000.0,20
2016-09-02,GNRC-HON,752.6509056091309,250000.0,20
2016-09-02,AON-BRO,0.0,250000.0,20
2016-09-06,GNRC-HON,133.2797966003418,250000.0,20
2016-09-06,AON-BRO,1066.135353088379,250000.0,20
2016-09-06,ADI-HPQ,0.0,250000.0,20
2016-09-06,NSC-SWK,0.0,250000.0,20
2016-09-07,NSC-SWK,2084.3747024536133,250000.0,20
2016-09-07,CMS-XEL,0.0,250000.0,20
2016-09-08,NSC-SWK,1350.8290710449219,250000.0,20
2016-09-08,CMS-XEL,539.5150394439697,250000.0,20
2016-09-09,NSC-SWK,2569.3117065429688,250000.0,20
2016-09-12,NSC-SWK,2163.625862121582,250000.0,20
2016-09-13,NSC-SWK,2549.9485778808594,250000.0,20
2016-09-23,NSC-SWK,0.0,250000.0,20
2016-09-26,NSC-SWK,711.6954040527344,250000.0,20
2016-09-27,NSC-SWK,844.4197540283203,250000.0,20
2016-09-28,NSC-SWK,1123.330307006836,250000.0,20
2016-09-28,EMR-GNRC,0.0,250000.0,20
2016-09-29,NSC-SWK,-1714.4871520996094,250000.0,20
2016-09-29,EMR-GNRC,2789.5077018737793,250000.0,20
2016-09-30,NSC-SWK,-3361.1641387939453,250000.0,20
2016-09-30,EMR-GNRC,1511.0524635314941,250000.0,20
2016-09-30,DUK-ED,0.0,250000.0,20
2016-10-03,NSC-SWK,-3483.736541748047,250000.0,20
2016-10-03,EMR-GNRC,-2816.625560760498,250000.0,20
2016-10-03,DUK-ED,-715.8513298034668,250000.0,20
2016-10-04,NSC-SWK,-155.39935302734375,250000.0,20
2016-10-04,DUK-ED,-786.5893211364746,250000.0,20
2016-10-04,GNRC-HON,0.0,250000.0,20
2016-10-05,NSC-SWK,-195.38217163085938,250000.0,20
2016-10-05,DUK-ED,-591.2317085266113,250000.0,20
2016-10-05,GNRC-HON,1918.1365814208984,250000.0,20
2016-10-06,NSC-SWK,-1785.7344818115234,250000.0,20
2016-10-06,DUK-ED,-1155.5687370300293,250000.0,20
2016-10-06,GNRC-HON,2045.2637786865234,250000.0,20
2016-10-06,HBAN-MET,0.0,250000.0,20
2016-10-07,DUK-ED,-617.3161125183105,250000.0,20
2016-10-07,HBAN-MET,-174.5512833595276,250000.0,20
2016-10-10,DUK-ED,-1498.4980735778809,250000.0,20
2016-10-10,HBAN-MET,-2279.715156555176,250000.0,20
2016-10-11,DUK-ED,101.6405029296875,250000.0,20
2016-10-11,HBAN-MET,-3601.328920841217,250000.0,20
2016-10-12,DUK-ED,-720.5243301391602,250000.0,20
2016-10-12,HBAN-MET,-5697.834367275238,250000.0,20
2016-10-13,DUK-ED,-1638.3710746765137,250000.0,20
2016-10-13,HBAN-MET,-6160.398280620575,250000.0,20
2016-10-14,DUK-ED,-978.4672470092773,250000.0,20
2016-10-14,HBAN-MET,-5307.470281600952,250000.0,20
2016-11-09,ETR-XEL,0.0,250000.0,20
2016-11-09,CBOE-FDS,0.0,250000.0,20
2016-11-10,ETR-XEL,-3268.2695922851562,250000.0,20
2016-11-10,CBOE-FDS,-5156.32926940918,250000.0,20
2016-11-10,JPM-RJF,0.0,250000.0,20
2016-11-10,NSC-SWK,0.0,250000.0,20
2016-11-11,ETR-XEL,-1123.703140258789,250000.0,20
2016-11-11,CBOE-FDS,-4832.302917480469,250000.0,20
2016-11-11,JPM-RJF,1333.5648803710938,250000.0,20
2016-11-11,NSC-SWK,-1125.8663024902344,250000.0,20
2016-11-11,AON-BRO,0.0,250000.0,20
2016-11-14,CBOE-FDS,-11522.511543273926,250000.0,20
2016-11-14,JPM-RJF,-3265.8318214416504,250000.0,20
2016-11-14,AON-BRO,-7301.846620559692,250000.0,20
2016-11-15,CBOE-FDS,-11317.676609039307,250000.0,20
2016-11-15,JPM-RJF,4160.057155609131,250000.0,20
2016-11-17,CDNS-FLEX,0.0,250000.0,20
2016-11-18,CDNS-FLEX,667.039363861084,250000.0,20
2016-11-21,CDNS-FLEX,-1921.1387157440186,250000.0,20
2016-11-22,CDNS-FLEX,2749.3100986480713,250000.0,20
2016-11-29,EMR-GNRC,0.0,250000.0,20
2016-11-30,HPE-KLAC,0.0,250000.0,20
2016-11-30,EL-KO,0.0,250000.0,20
2016-11-30,MA-PRU,0.0,250000.0,20
2016-10-04,GE-GNRC,0.0,250000.0,21
2016-10-04,EMR-GNRC,0.0,250000.0,21
2016-10-05,EMR-GNRC,9443.976699829102,250000.0,21
2016-10-05,AEE-PNW,0.0,250000.0,21
2016-10-06,EMR-GNRC,3618.301712036133,250000.0,21
2016-10-06,AEE-PNW,1108.0789337158203,250000.0,21
2016-10-06,HBAN-MET,0.0,250000.0,21
2016-10-06,ALL-AON,0.0,250000.0,21
2016-10-07,AEE-PNW,891.9190559387207,250000.0,21
2016-10-07,HBAN-MET,-174.5512833595276,250000.0,21
2016-10-10,HBAN-MET,-2279.715156555176,250000.0,21
2016-10-11,HBAN-MET,-3601.328920841217,250000.0,21
2016-10-12,HBAN-MET,-5697.834367275238,250000.0,21
2016-10-13,HBAN-MET,-6160.398280620575,250000.0,21
2016-10-14,HBAN-MET,-5307.470281600952,250000.0,21
2016-11-10,GE-RTX,0.0,250000.0,21
2016-11-11,GE-RTX,298.2603645324707,250000.0,21
2016-11-11,AON-BRO,0.0,250000.0,21
2016-11-14,GE-RTX,1713.3540687561035,250000.0,21
2016-11-14,AON-BRO,-7301.846620559692,250000.0,21
2016-11-14,JKHY-NDAQ,0.0,250000.0,21
2016-11-15,GE-RTX,3197.0062828063965,250000.0,21
2016-11-15,JKHY-NDAQ,-942.2223129272461,250000.0,21
2016-11-16,GE-RTX,3291.581813812256,250000.0,21
2016-11-16,JKHY-NDAQ,-1224.170799255371,250000.0,21
2016-11-17,JKHY-NDAQ,-3851.3875999450684,250000.0,21
2016-11-18,JKHY-NDAQ,-402.3944206237793,250000.0,21
2016-11-21,JKHY-NDAQ,-3426.4279193878174,250000.0,21
2016-11-22,JKHY-NDAQ,-5424.080112457275,250000.0,21
2016-11-23,JKHY-NDAQ,-7544.790880203247,250000.0,21
2016-11-25,JKHY-NDAQ,-5865.285661697388,250000.0,21
2016-11-28,GE-ODFL,0.0,250000.0,21
2016-11-29,GE-ODFL,-980.7517108917236,250000.0,21
2016-11-29,GE-GNRC,0.0,250000.0,21
2016-11-29,EMR-GNRC,0.0,250000.0,21
2016-11-30,GE-ODFL,1597.913625717163,250000.0,21
2016-11-30,GE-GNRC,2250.0093994140625,250000.0,21
2016-11-30,AIG-BAC,0.0,250000.0,21
2016-12-01,GE-GNRC,810.6452331542969,250000.0,21
2016-12-01,AIG-BAC,2095.614944458008,250000.0,21
2016-12-01,GE-RTX,0.0,250000.0,21
2016-12-02,GE-GNRC,1181.6820678710938,250000.0,21
2016-12-02,AIG-BAC,2248.450294494629,250000.0,21
2016-12-02,GE-RTX,2113.6610145568848,250000.0,21
2016-12-02,AEE-PNW,0.0,250000.0,21
2016-12-05,AIG-BAC,-999.0877532958984,250000.0,21
2016-12-05,GE-RTX,2058.589946746826,250000.0,21
2016-12-05,AEE-PNW,1219.594123840332,250000.0,21
2016-12-06,AIG-BAC,-2238.1415100097656,250000.0,21
2016-12-06,GE-RTX,1610.8544960021973,250000.0,21
2016-12-06,JKHY-NDAQ,0.0,250000.0,21
2016-12-07,AIG-BAC,-974.4135208129883,250000.0,21
2016-12-07,JKHY-NDAQ,-1292.4302654266357,250000.0,21
2016-12-08,AIG-BAC,2173.5632553100586,250000.0,21
2016-12-08,JKHY-NDAQ,-1092.6741313934326,250000.0,21
2016-12-09,JKHY-NDAQ,-4181.680141448975,250000.0,21
2016-12-09,GE-ODFL,0.0,250000.0,21
2016-12-12,JKHY-NDAQ,-4609.716255187988,250000.0,21
2016-12-12,GE-ODFL,-1961.7079124450684,250000.0,21
2016-12-13,JKHY-NDAQ,-4478.747800827026,250000.0,21
2016-12-13,GE-ODFL,-3240.22607421875,250000.0,21
2016-12-13,CMS-XEL,0.0,250000.0,21
2016-12-13,GE-PWR,0.0,250000.0,21
2016-12-14,JKHY-NDAQ,-4103.768566131592,250000.0,21
2016-12-14,GE-ODFL,-2319.6669731140137,250000.0,21
2016-12-14,CMS-XEL,-249.75553512573242,250000.0,21
2016-12-14,GE-PWR,615.3876724243164,250000.0,21
2016-12-14,GE-UPS,0.0,250000.0,21
2016-12-15,JKHY-NDAQ,-5130.078205108643,250000.0,21
2016-12-15,GE-ODFL,1153.2970428466797,250000.0,21
2016-12-15,CMS-XEL,-856.1627922058105,250000.0,21
2016-12-15,GE-UPS,1384.2200012207031,250000.0,21
2016-12-16,JKHY-NDAQ,-3327.6756534576416,250000.0,21
2016-12-16,CMS-XEL,-2.6669349670410156,250000.0,21
2016-12-16,GE-RTX,0.0,250000.0,21
2016-12-19,JKHY-NDAQ,-2158.159267425537,250000.0,21
2016-12-20,JKHY-NDAQ,-2864.7651691436768,250000.0,21
2016-11-09,BNY-MTB,0.0,250000.0,22
2016-11-09,JPM-PFG,0.0,250000.0,22
2016-11-09,CBOE-FDS,0.0,250000.0,22
2016-11-09,MRK-WAT,0.0,250000.0,22
2016-11-10,BNY-MTB,-2192.482250213623,250000.0,22
2016-11-10,JPM-PFG,-17975.25015258789,250000.0,22
2016-11-10,CBOE-FDS,-5156.32926940918,250000.0,22
2016-11-10,MRK-WAT,-837.2588043212891,250000.0,22
2016-11-11,BNY-MTB,-5045.274459838867,250000.0,22
2016-11-11,CBOE-FDS,-4832.302917480469,250000.0,22
2016-11-11,MRK-WAT,224.33477783203125,250000.0,22
2016-11-11,AON-BRO,0.0,250000.0,22
2016-11-11,CDW-WDAY,0.0,250000.0,22
2016-11-14,CBOE-FDS,-11522.511543273926,250000.0,22
2016-11-14,MRK-WAT,-1788.5665130615234,250000.0,22
2016-11-14,AON-BRO,-7301.846620559692,250000.0,22
2016-11-15,CBOE-FDS,-11317.676609039307,250000.0,22
2016-11-15,MRK-WAT,92.79010009765625,250000.0,22
2016-11-16,MRK-WAT,1993.5952606201172,250000.0,22
2016-11-17,MRK-WAT,-1476.3512573242188,250000.0,22
2016-11-18,MRK-WAT,-5270.797149658203,250000.0,22
2016-11-21,MRK-WAT,-2306.9827423095703,250000.0,22
2016-11-21,GDDY-NXPI,0.0,250000.0,22
2016-11-22,MRK-WAT,-4518.191955566406,250000.0,22
2016-11-22,GDDY-NXPI,-4639.619033813477,250000.0,22
2016-11-23,MRK-WAT,1025.9105834960938,250000.0,22
2016-11-23,GDDY-NXPI,-5572.487854003906,250000.0,22
2016-11-25,GDDY-NXPI,-7555.048477172852,250000.0,22
2016-11-28,GDDY-NXPI,-5861.5904541015625,250000.0,22
2016-11-29,GDDY-NXPI,-5273.451370239258,250000.0,22
2016-11-30,GDDY-NXPI,1288.2516632080078,250000.0,22
2016-12-01,CBOE-FDS,0.0,250000.0,22
2016-12-06,MRK-WAT,0.0,250000.0,22
2016-12-07,MRK-WAT,3417.4073638916016,250000.0,22
2016-12-07,ABBV-ZBH,0.0,250000.0,22
2016-12-07,DECK-ORLY,0.0,250000.0,22
2016-12-07,JPM-PFG,0.0,250000.0,22
2016-12-08,MRK-WAT,1050.2968254089355,250000.0,22
2016-12-08,JPM-PFG,2311.0669746398926,250000.0,22
2016-12-09,MRK-WAT,1286.949234008789,250000.0,22
2016-12-12,MRK-WAT,2661.623279571533,250000.0,22
2016-12-13,MRK-WAT,3778.2746772766113,250000.0,22
2016-12-13,CMS-XEL,0.0,250000.0,22
2016-12-14,CMS-XEL,-249.75553512573242,250000.0,22
2016-12-15,CMS-XEL,-856.1627922058105,250000.0,22
2016-12-15,AFL-FIS,0.0,250000.0,22
2016-12-16,CMS-XEL,-2.6669349670410156,250000.0,22
2016-12-16,AFL-FIS,2657.350721359253,250000.0,22
2017-01-03,GDDY-NXPI,0.0,250000.0,22
2017-01-04,FITB-RJF,0.0,250000.0,22
2017-01-05,CMS-XEL,0.0,250000.0,22
2017-01-05,SNPS-TXN,0.0,250000.0,22
2017-01-06,CMS-XEL,-302.1625461578369,250000.0,22
2017-01-09,CMS-XEL,-405.71158027648926,250000.0,22
2017-01-10,CMS-XEL,-13.177801132202148,250000.0,22
2017-01-10,EXPD-UPS,0.0,250000.0,22
2017-01-10,ABBV-ZBH,0.0,250000.0,22
2017-01-11,CMS-XEL,-414.77311515808105,250000.0,22
2017-01-12,CMS-XEL,889.6666526794434,250000.0,22
2017-01-13,CMS-XEL,-595.0255451202393,250000.0,22
2017-01-20,MLM-VMC,0.0,250000.0,22
2017-01-23,MLM-VMC,394.59422302246094,250000.0,22
2017-01-24,MLM-VMC,-278.5061950683594,250000.0,22
2017-01-25,MLM-VMC,-923.7145385742188,250000.0,22
2017-01-26,MLM-VMC,-1119.0442657470703,250000.0,22
2017-01-27,MLM-VMC,-631.3034210205078,250000.0,22
2017-01-30,MLM-VMC,3377.896255493164,250000.0,22
2016-12-01,BR-DOV,0.0,250000.0,23
2016-12-02,BR-DOV,2849.0636596679688,250000.0,23
2016-12-02,AEE-PNW,0.0,250000.0,23
2016-12-05,BR-DOV,2741.808261871338,250000.0,23
2016-12-05,AEE-PNW,1219.594123840332,250000.0,23
2016-12-06,BR-DOV,2558.6520233154297,250000.0,23
2016-12-07,BR-DOV,-2119.304904937744,250000.0,23
2016-12-08,BR-DOV,-486.28674697875977,250000.0,23
2016-12-09,BR-DOV,-2135.969139099121,250000.0,23
2016-12-12,BR-DOV,-2272.974277496338,250000.0,23
2016-12-12,ABBV-JNJ,0.0,250000.0,23
2016-12-13,BR-DOV,-3325.858612060547,250000.0,23
2016-12-13,ABBV-JNJ,-1235.5292701721191,250000.0,23
2016-12-13,CMS-XEL,0.0,250000.0,23
2016-12-14,BR-DOV,1086.6951217651367,250000.0,23
2016-12-14,ABBV-JNJ,155.8454246520996,250000.0,23
2016-12-14,CMS-XEL,-249.75553512573242,250000.0,23
2016-12-15,BR-DOV,342.1714553833008,250000.0,23
2016-12-15,ABBV-JNJ,-1183.1792335510254,250000.0,23
2016-12-15,CMS-XEL,-856.1627922058105,250000.0,23
2016-12-16,BR-DOV,2036.511646270752,250000.0,23
2016-12-16,ABBV-JNJ,-812.3733711242676,250000.0,23
2016-12-16,CMS-XEL,-2.6669349670410156,250000.0,23
2016-12-19,BR-DOV,2298.5906372070312,250000.0,23
2016-12-19,ABBV-JNJ,-1115.7327461242676,250000.0,23
2016-12-20,ABBV-JNJ,-440.49891662597656,250000.0,23
2016-12-21,ABBV-JNJ,-921.3728904724121,250000.0,23
2016-12-22,ABBV-JNJ,-836.4730758666992,250000.0,23
2016-12-23,ABBV-JNJ,-776.2795257568359,250000.0,23
2017-01-05,CMS-XEL,0.0,250000.0,23
2017-01-06,CMS-XEL,-302.1625461578369,250000.0,23
2017-01-09,CMS-XEL,-405.71158027648926,250000.0,23
2017-01-10,CMS-XEL,-13.177801132202148,250000.0,23
2017-01-10,EXPD-UPS,0.0,250000.0,23
2017-01-11,CMS-XEL,-414.77311515808105,250000.0,23
2017-01-12,CMS-XEL,889.6666526794434,250000.0,23
2017-01-13,CMS-XEL,-595.0255451202393,250000.0,23
2017-02-10,ABBV-JNJ,0.0,250000.0,23
2017-02-13,ABBV-JNJ,-1312.735855102539,250000.0,23
2017-02-27,CMS-XEL,0.0,250000.0,23
2017-02-28,CMS-XEL,-1102.338550567627,250000.0,23
2017-01-03,DOV-PAYX,0.0,250000.0,24
2017-01-04,DOV-PAYX,163.5100555419922,250000.0,24
2017-01-05,DOV-PAYX,-1097.4727630615234,250000.0,24
2017-01-06,DOV-PAYX,-1950.078254699707,250000.0,24
2017-01-09,DOV-PAYX,-812.1070213317871,250000.0,24
2017-01-09,FFIV-TDY,0.0,250000.0,24
2017-01-10,DOV-PAYX,-2320.2790184020996,250000.0,24
2017-01-10,EXPD-UPS,0.0,250000.0,24
2017-01-10,ABBV-BSX,0.0,250000.0,24
2017-01-11,ABBV-BSX,-3652.7591400146484,250000.0,24
2017-01-11,ABBV-LH,0.0,250000.0,24
2017-01-12,ABBV-BSX,-5458.741020202637,250000.0,24
2017-01-12,ABBV-LH,952.7744979858398,250000.0,24
2017-01-13,ABBV-BSX,-6517.762985229492,250000.0,24
2017-01-13,ABBV-LH,3652.8506813049316,250000.0,24
2017-01-13,PFE-RVTY,0.0,250000.0,24
2017-01-17,ABBV-BSX,-7752.467124938965,250000.0,24
2017-01-17,ABBV-LH,3896.8786811828613,250000.0,24
2017-01-17,PFE-RVTY,2191.1270084381104,250000.0,24
2017-01-17,DUK-ED,0.0,250000.0,24
2017-01-18,ABBV-BSX,-8560.701698303223,250000.0,24
2017-01-18,ABBV-LH,2562.245761871338,250000.0,24
2017-01-18,DUK-ED,707.1463279724121,250000.0,24
2017-01-19,ABBV-BSX,-8972.155601501465,250000.0,24
2017-01-19,ABBV-LH,4787.89733505249,250000.0,24
2017-01-20,ABBV-LH,4735.077152252197,250000.0,24
2017-01-23,ABBV-LH,3911.8463172912598,250000.0,24
2017-01-24,ABBV-LH,1857.7988777160645,250000.0,24
2017-01-25,ABBV-LH,434.5037956237793,250000.0,24
2017-01-26,ABBV-LH,2442.1708488464355,250000.0,24
2017-02-16,GLW-LRCX,0.0,250000.0,24
2017-02-17,GLW-LRCX,1368.1654644012451,250000.0,24
2017-02-23,ABBV-BSX,0.0,250000.0,24
2017-02-23,DOV-PAYX,0.0,250000.0,24
2017-02-24,ABBV-BSX,2771.71004486084,250000.0,24
2017-02-27,ABBV-BSX,2825.075424194336,250000.0,24
2017-02-28,ABBV-BSX,909.4562759399414,250000.0,24
2017-03-01,ABBV-BSX,3169.667984008789,250000.0,24
2017-03-01,FITB-JPM,0.0,250000.0,24
2017-03-02,ABBV-BSX,2760.7383193969727,250000.0,24
2017-03-03,ABBV-BSX,2381.361442565918,250000.0,24
2017-03-06,ABBV-BSX,-273.9755630493164,250000.0,24
2017-03-07,ABBV-BSX,-3405.8119201660156,250000.0,24
2017-03-08,ABBV-BSX,-3873.126304626465,250000.0,24
2017-03-08,C-USB,0.0,250000.0,24
2017-03-09,ABBV-BSX,-2837.702163696289,250000.0,24
2017-03-09,C-USB,-1254.8527297973633,250000.0,24
2017-03-10,C-USB,-1040.2919311523438,250000.0,24
2017-03-10,GLW-LRCX,0.0,250000.0,24
2017-03-13,C-USB,-1274.3823471069336,250000.0,24
2017-03-13,GLW-LRCX,-2412.6227073669434,250000.0,24
2017-03-14,C-USB,-588.0549774169922,250000.0,24
2017-03-15,C-USB,1375.7024307250977,250000.0,24
2017-03-15,FITB-JPM,0.0,250000.0,24
2017-03-16,C-USB,585.7898254394531,250000.0,24
2017-03-16,FITB-JPM,2352.4281845092773,250000.0,24
2017-03-17,C-USB,1826.5260467529297,250000.0,24
2017-03-17,FITB-JPM,1807.634292602539,250000.0,24
2017-03-20,C-USB,2565.9560623168945,250000.0,24
2017-03-20,FITB-JPM,1893.404369354248,250000.0,24
2017-03-21,C-USB,1047.9437408447266,250000.0,24
2017-03-21,FITB-JPM,-4398.022068023682,250000.0,24
2017-03-21,FFIV-TDY,0.0,250000.0,24
2017-03-22,C-USB,1603.6063995361328,250000.0,24
2017-03-22,FITB-JPM,-5516.806644439697,250000.0,24
2017-03-22,FFIV-TDY,-1885.7312622070312,250000.0,24
2017-03-23,C-USB,511.17586517333984,250000.0,24
2017-03-23,FITB-JPM,-2817.6779289245605,250000.0,24
2017-03-23,FFIV-TDY,-1.50921630859375,250000.0,24
2017-03-24,C-USB,393.9365768432617,250000.0,24
2017-03-24,FITB-JPM,-4336.212585449219,250000.0,24
2017-03-27,FITB-JPM,-5885.663105010986,250000.0,24
2017-03-28,FITB-JPM,-4218.568397521973,250000.0,24
2017-03-29,FITB-JPM,-3955.0875930786133,250000.0,24
2017-03-30,FITB-JPM,1284.0442695617676,250000.0,24
2017-03-31,FITB-JPM,1030.7465019226074,250000.0,24
2017-03-31,ABBV-BSX,0.0,250000.0,24
2017-03-13,GDDY-MSFT,0.0,250000.0,25
2017-03-13,CDNS-MPWR,0.0,250000.0,25
2017-03-14,GDDY-MSFT,-413.8570861816406,250000.0,25
2017-03-14,CDNS-MPWR,-1409.9442520141602,250000.0,25
2017-03-15,GDDY-MSFT,666.7142906188965,250000.0,25
2017-03-15,ETN-GD,0.0,250000.0,25
2017-03-16,GDDY-MSFT,800.4578895568848,250000.0,25
2017-03-16,ETN-GD,1296.5633125305176,250000.0,25
2017-03-17,GDDY-MSFT,3039.1968536376953,250000.0,25
2017-03-17,ABBV-RVTY,0.0,250000.0,25
2017-03-20,GDDY-MSFT,3410.640998840332,250000.0,25
2017-03-20,ABBV-RVTY,842.4733963012695,250000.0,25
2017-03-21,GDDY-MSFT,3516.135841369629,250000.0,25
2017-03-21,ABBV-RVTY,-850.2702789306641,250000.0,25
2017-03-21,FFIV-TDY,0.0,250000.0,25
2017-03-22,ABBV-RVTY,-75.94134521484375,250000.0,25
2017-03-22,FFIV-TDY,-1885.7312622070312,250000.0,25
2017-03-23,ABBV-RVTY,-1496.7407684326172,250000.0,25
2017-03-23,FFIV-TDY,-1.50921630859375,250000.0,25
2017-03-24,ABBV-RVTY,-1266.2111511230469,250000.0,25
2017-03-27,ABBV-RVTY,-2291.8288497924805,250000.0,25
2017-03-28,ABBV-RVTY,-2286.4147567749023,250000.0,25
2017-03-29,ABBV-RVTY,-2593.33243560791,250000.0,25
2017-03-30,ABBV-RVTY,-3368.5830154418945,250000.0,25
2017-03-30,ON-TRMB,0.0,250000.0,25
2017-03-31,ABBV-RVTY,-4773.443634033203,250000.0,25
2017-03-31,ON-TRMB,1845.007339477539,250000.0,25
2017-03-31,CHRW-FIX,0.0,250000.0,25
2017-04-03,ON-TRMB,1643.25390625,250000.0,25
2017-04-10,CCL-RCL,0.0,250000.0,25
2017-03-15,ETN-EXPD,0.0,250000.0,26
2017-03-16,ETN-EXPD,-255.03379821777344,250000.0,26
2017-03-17,ETN-EXPD,1292.7707710266113,250000.0,26
2017-03-20,ETN-EXPD,365.15617752075195,250000.0,26
2017-03-21,ETN-EXPD,427.7330627441406,250000.0,26
2017-03-21,AXP-USB,0.0,250000.0,26
2017-03-22,ETN-EXPD,327.3555335998535,250000.0,26
2017-03-22,AXP-USB,-899.5960655212402,250000.0,26
2017-03-23,ETN-EXPD,-22.321388244628906,250000.0,26
2017-03-23,AXP-USB,-1568.4024505615234,250000.0,26
2017-03-24,ETN-EXPD,-375.34020614624023,250000.0,26
2017-03-24,AXP-USB,-2831.621856689453,250000.0,26
2017-03-24,DXCM-WAT,0.0,250000.0,26
2017-03-27,ETN-EXPD,-865.4789237976074,250000.0,26
2017-03-27,AXP-USB,-2561.0398483276367,250000.0,26
2017-03-27,DXCM-WAT,963.1911849975586,250000.0,26
2017-03-28,ETN-EXPD,1382.112419128418,250000.0,26
2017-03-28,DXCM-WAT,-365.8710289001465,250000.0,26
2017-03-29,ETN-EXPD,-531.667724609375,250000.0,26
2017-03-29,DXCM-WAT,-1573.1022930145264,250000.0,26
2017-03-30,ETN-EXPD,181.5963134765625,250000.0,26
2017-03-30,DXCM-WAT,-307.6510524749756,250000.0,26
2017-03-30,AME-GWW,0.0,250000.0,26
2017-03-31,DXCM-WAT,84.66672897338867,250000.0,26
2017-03-31,AME-GWW,-1048.0615425109863,250000.0,26
2017-04-03,DXCM-WAT,1585.66819190979,250000.0,26
2017-04-03,AME-GWW,-1409.8238792419434,250000.0,26
2017-04-04,DXCM-WAT,938.3632278442383,250000.0,26
2017-04-04,AME-GWW,-2123.921028137207,250000.0,26
2017-04-04,LLY-TMO,0.0,250000.0,26
2017-04-05,DXCM-WAT,3931.013135910034,250000.0,26
2017-04-05,AME-GWW,-907.0719718933105,250000.0,26
2017-04-05,LLY-TMO,745.9023590087891,250000.0,26
2017-04-06,DXCM-WAT,4622.328462600708,250000.0,26
2017-04-06,AME-GWW,-4614.793025970459,250000.0,26
2017-04-06,LLY-TMO,1456.1947021484375,250000.0,26
2017-04-07,AME-GWW,-5000.86833190918,250000.0,26
2017-04-07,LLY-TMO,1777.2559509277344,250000.0,26
2017-04-10,LLY-TMO,2111.793731689453,250000.0,26
2017-04-11,LLY-TMO,482.146484375,250000.0,26
2017-04-12,LLY-TMO,-662.1373977661133,250000.0,26
2017-04-13,LLY-TMO,-573.2406921386719,250000.0,26
2017-04-25,DELL-MRVL,0.0,250000.0,26
2017-05-24,BKNG-DPZ,0.0,250000.0,26
2017-05-25,BKNG-DPZ,-1694.7315368652344,250000.0,26
2017-05-26,BKNG-DPZ,-251.72267150878906,250000.0,26
2017-05-30,BKNG-DPZ,-2448.617660522461,250000.0,26
2017-05-31,BKNG-DPZ,-4995.47248840332,250000.0,26
2017-04-04,CHTR-TTWO,0.0,250000.0,27
2017-04-05,CHTR-TTWO,-338.42176055908203,250000.0,27
2017-04-05,MDLZ-PG,0.0,250000.0,27
2017-04-06,CHTR-TTWO,-3423.1557121276855,250000.0,27
2017-04-06,MDLZ-PG,-1848.4865798950195,250000.0,27
2017-04-07,CHTR-TTWO,3385.467903137207,250000.0,27
2017-04-07,MDLZ-PG,-2506.1264877319336,250000.0,27
2017-04-10,CHTR-TTWO,2627.982955932617,250000.0,27
2017-04-10,MDLZ-PG,-2366.0364265441895,250000.0,27
2017-04-10,MDLZ-SJM,0.0,250000.0,27
2017-04-11,CHTR-TTWO,1829.6096725463867,250000.0,27
2017-04-11,MDLZ-PG,-604.7687911987305,250000.0,27
2017-04-11,MDLZ-SJM,1151.2967834472656,250000.0,27
2017-04-12,CHTR-TTWO,-2390.1928901672363,250000.0,27
2017-04-12,MDLZ-PG,-61.18180465698242,250000.0,27
2017-04-12,MDLZ-SJM,1027.405517578125,250000.0,27
2017-04-13,CHTR-TTWO,-148.48760223388672,250000.0,27
2017-04-13,MDLZ-PG,87.27032852172852,250000.0,27
2017-04-13,MDLZ-SJM,446.62074279785156,250000.0,27
2017-04-13,MDLZ-TAP,0.0,250000.0,27
2017-04-17,CHTR-TTWO,3966.6262702941895,250000.0,27
2017-04-17,MDLZ-PG,822.861011505127,250000.0,27
2017-04-17,MDLZ-SJM,1387.0775299072266,250000.0,27
2017-04-18,MDLZ-PG,373.9466743469238,250000.0,27
2017-04-18,MDLZ-SJM,-172.75094604492188,250000.0,27
2017-05-08,ABBV-LH,0.0,250000.0,27
2017-05-09,ABBV-LH,166.91445922851562,250000.0,27
2017-05-10,ABBV-LH,203.7564239501953,250000.0,27
2017-05-11,ABBV-LH,-738.708812713623,250000.0,27
2017-05-12,C-SCHW,0.0,250000.0,27
2017-05-17,C-SCHW,0.0,250000.0,27
2017-05-18,C-SCHW,1232.4470481872559,250000.0,27
2017-05-19,C-SCHW,-702.167594909668,250000.0,27
2017-05-22,C-SCHW,1060.7344779968262,250000.0,27
2017-05-23,C-SCHW,2415.659652709961,250000.0,27
2017-06-09,C-SCHW,0.0,250000.0,27
2017-06-09,MDLZ-SYY,0.0,250000.0,27
2017-06-12,C-SCHW,-3718.050552368164,250000.0,27
2017-06-12,MDLZ-SYY,-1640.5706214904785,250000.0,27
2017-06-12,CHTR-TTWO,0.0,250000.0,27
2017-06-13,C-SCHW,-4330.802139282227,250000.0,27
2017-06-13,MDLZ-SYY,-776.4673004150391,250000.0,27
2017-06-13,CHTR-TTWO,-1534.1817779541016,250000.0,27
2017-06-13,DUK-ED,0.0,250000.0,27
2017-06-14,C-SCHW,-5810.457569122314,250000.0,27
2017-06-14,MDLZ-SYY,-578.8680801391602,250000.0,27
2017-06-14,DUK-ED,932.5980987548828,250000.0,27
2017-06-15,C-SCHW,-5418.50093460083,250000.0,27
2017-06-15,MDLZ-SYY,-446.0758399963379,250000.0,27
2017-06-15,DUK-ED,895.4445152282715,250000.0,27
2017-06-16,C-SCHW,-4444.075092315674,250000.0,27
2017-06-16,MDLZ-SYY,1859.571201324463,250000.0,27
2017-06-19,C-SCHW,-7049.181671142578,250000.0,27
2017-06-19,MDLZ-SYY,2536.08101272583,250000.0,27
2017-06-20,C-SCHW,-5753.414867401123,250000.0,27
2017-06-21,C-SCHW,-3482.431941986084,250000.0,27
2017-06-22,C-SCHW,-2992.444347381592,250000.0,27
2017-06-23,C-SCHW,-3168.124897003174,250000.0,27
2017-06-23,MDLZ-SYY,0.0,250000.0,27
2017-06-26,MDLZ-SYY,150.27557373046875,250000.0,27
2017-06-26,DUK-ED,0.0,250000.0,27
2017-06-27,MDLZ-SYY,960.9654693603516,250000.0,27
2017-06-27,DUK-ED,-244.27165603637695,250000.0,27
2017-06-28,MDLZ-SYY,2781.9478492736816,250000.0,27
2017-06-28,DUK-ED,23.80072021484375,250000.0,27
2017-06-29,MDLZ-SYY,6920.66650390625,250000.0,27
2017-06-29,DUK-ED,679.9053573608398,250000.0,27
2017-06-30,MDLZ-SYY,8955.771965026855,250000.0,27
2017-05-04,ACGL-XYZ,0.0,250000.0,28
2017-05-04,GL-XYZ,0.0,250000.0,28
2017-05-05,ACGL-XYZ,1656.7708263397217,250000.0,28
2017-05-05,GL-XYZ,2704.3183059692383,250000.0,28
2017-05-08,ACGL-XYZ,-359.009069442749,250000.0,28
2017-05-08,GL-XYZ,3373.474739074707,250000.0,28
2017-05-08,LH-LLY,0.0,250000.0,28
2017-05-09,ACGL-XYZ,-7804.811576843262,250000.0,28
2017-05-09,GL-XYZ,-5426.228435516357,250000.0,28
2017-05-09,LH-LLY,728.0023498535156,250000.0,28
2017-05-10,ACGL-XYZ,-9191.276653289795,250000.0,28
2017-05-10,GL-XYZ,-6512.42809677124,250000.0,28
2017-05-10,LH-LLY,2268.5287857055664,250000.0,28
2017-05-11,ACGL-XYZ,-6923.186664581299,250000.0,28
2017-05-11,GL-XYZ,-8883.170078277588,250000.0,28
2017-05-11,LH-LLY,2570.7738647460938,250000.0,28
2017-05-12,ACGL-XYZ,-12218.335542678833,250000.0,28
2017-05-12,GL-XYZ,-16922.08106994629,250000.0,28
2017-05-15,ACGL-XYZ,-11914.367485046387,250000.0,28
2017-05-15,GL-XYZ,-11278.35982131958,250000.0,28
2017-05-16,GL-XYZ,-16198.510097503662,250000.0,28
2017-05-17,ROK-ROL,0.0,250000.0,28
2017-05-18,ROK-ROL,50.95906448364258,250000.0,28
2017-05-19,ROK-ROL,1709.6240158081055,250000.0,28
2017-05-22,ROK-ROL,-953.1814842224121,250000.0,28
2017-05-22,ACGL-XYZ,0.0,250000.0,28
2017-05-22,LH-LLY,0.0,250000.0,28
2017-05-23,ROK-ROL,-2039.5099468231201,250000.0,28
2017-05-23,ACGL-XYZ,-6306.44038772583,250000.0,28
2017-05-23,FIS-XYZ,0.0,250000.0,28
2017-05-23,AXP-BEN,0.0,250000.0,28
2017-05-24,ACGL-XYZ,-7789.215368270874,250000.0,28
2017-05-24,FIS-XYZ,-104.60726928710938,250000.0,28
2017-05-24,AXP-BEN,-36.953453063964844,250000.0,28
2017-05-25,AXP-BEN,1016.4759864807129,250000.0,28
2017-05-26,AXP-BEN,950.2146949768066,250000.0,28
2017-05-30,AXP-BEN,1632.4016761779785,250000.0,28
2017-05-31,AXP-BEN,3216.0144996643066,250000.0,28
2017-06-05,ICE-XYZ,0.0,250000.0,28
2017-06-06,GL-XYZ,0.0,250000.0,28
2017-06-07,ICE-XYZ,0.0,250000.0,28
2017-06-07,MDLZ-TAP,0.0,250000.0,28
2017-06-07,CBOE-XYZ,0.0,250000.0,28
2017-06-08,ICE-XYZ,2556.0674362182617,250000.0,28
2017-06-08,MDLZ-TAP,-7786.370063781738,250000.0,28
2017-06-08,CBOE-XYZ,4063.5711822509766,250000.0,28
2017-06-08,FIS-XYZ,0.0,250000.0,28
2017-06-08,FIS-V,0.0,250000.0,28
2017-06-09,ICE-XYZ,-18088.48504638672,250000.0,28
2017-06-09,MDLZ-TAP,-8139.146945953369,250000.0,28
2017-06-09,FIS-XYZ,8667.868545532227,250000.0,28
2017-06-09,FIS-V,1644.443000793457,250000.0,28
2017-06-12,ICE-XYZ,-18952.251823425293,250000.0,28
2017-06-12,MDLZ-TAP,-6076.096252441406,250000.0,28
2017-06-12,FIS-XYZ,7146.4017333984375,250000.0,28
2017-06-13,ICE-XYZ,-20625.985092163086,250000.0,28
2017-06-13,MDLZ-TAP,-3713.0873680114746,250000.0,28
2017-06-14,MDLZ-TAP,-5988.466175079346,250000.0,28
2017-06-15,MDLZ-TAP,-7126.154411315918,250000.0,28
2017-06-16,MDLZ-TAP,-10240.966125488281,250000.0,28
2017-06-21,LH-LLY,0.0,250000.0,28
2017-06-22,LH-LLY,-4854.244537353516,250000.0,28
2017-07-11,ICE-XYZ,0.0,250000.0,28
2017-07-12,ICE-XYZ,-2864.7233142852783,250000.0,28
2017-07-13,ICE-XYZ,9948.614938735962,250000.0,28
2017-07-14,ICE-XYZ,-7387.618515014648,250000.0,28
2017-07-17,ICE-XYZ,-3190.6577682495117,250000.0,28
2017-07-18,ICE-XYZ,-8166.329717636108,250000.0,28
2017-07-19,ICE-XYZ,-5906.124216079712,250000.0,28
2017-07-20,ICE-XYZ,-4946.981943130493,250000.0,28
2017-07-21,ICE-XYZ,-1735.3315238952637,250000.0,28
2017-07-24,ICE-XYZ,1023.5043926239014,250000.0,28
2017-07-25,ICE-XYZ,-4218.1978931427,250000.0,28
2017-06-06,AES-VST,0.0,250000.0,29
2017-06-07,AES-VST,165.22238636016846,250000.0,29
2017-06-08,AES-VST,-398.32251739501953,250000.0,29
2017-06-08,DELL-TXN,0.0,250000.0,29
2017-06-09,AES-VST,-2977.5386600494385,250000.0,29
2017-06-09,DELL-TXN,5891.507341384888,250000.0,29
2017-06-12,AES-VST,-6441.028185844421,250000.0,29
2017-06-12,DELL-TXN,4904.683219909668,250000.0,29
2017-06-12,CDW-TEL,0.0,250000.0,29
2017-06-12,EIX-PCG,0.0,250000.0,29
2017-06-12,AEP-ED,0.0,250000.0,29
2017-06-13,AES-VST,-13530.580382347107,250000.0,29
2017-06-13,CDW-TEL,178.95338439941406,250000.0,29
2017-06-14,CDW-TEL,-218.25741577148438,250000.0,29
2017-06-15,CDW-TEL,-626.3377227783203,250000.0,29
2017-06-16,CDW-TEL,-794.25537109375,250000.0,29
2017-06-16,EMR-HII,0.0,250000.0,29
2017-06-16,LNT-XEL,0.0,250000.0,29
2017-06-16,LNT-PPL,0.0,250000.0,29
2017-06-19,CDW-TEL,2203.906509399414,250000.0,29
2017-06-19,EMR-HII,204.13594436645508,250000.0,29
2017-06-19,LNT-XEL,1576.335844039917,250000.0,29
2017-06-19,CNC-CRL,0.0,250000.0,29
2017-06-20,CDW-TEL,-865.9168548583984,250000.0,29
2017-06-20,EMR-HII,1277.925235748291,250000.0,29
2017-06-20,CNC-CRL,-3885.322685241699,250000.0,29
2017-06-21,CDW-TEL,-1671.9554748535156,250000.0,29
2017-06-21,EMR-HII,4832.733421325684,250000.0,29
2017-06-21,CNC-CRL,-2289.4399795532227,250000.0,29
2017-06-21,LH-LLY,0.0,250000.0,29
2017-06-22,CDW-TEL,-3005.4295043945312,250000.0,29
2017-06-22,EMR-HII,3257.4712715148926,250000.0,29
2017-06-22,CNC-CRL,-692.3655242919922,250000.0,29
2017-06-22,LH-LLY,-4854.244537353516,250000.0,29
2017-06-23,EMR-HII,4313.669723510742,250000.0,29
2017-06-23,CNC-CRL,1222.1836318969727,250000.0,29
2017-06-26,EMR-HII,3752.150619506836,250000.0,29
2017-06-26,CNC-CRL,-2163.5912704467773,250000.0,29
2017-06-27,EMR-HII,5356.810569763184,250000.0,29
2017-06-27,CNC-CRL,-2170.3070755004883,250000.0,29
2017-06-27,AAPL-SWKS,0.0,250000.0,29
2017-06-28,EMR-HII,5052.016788482666,250000.0,29
2017-06-28,CNC-CRL,-5005.097503662109,250000.0,29
2017-06-28,AAPL-SWKS,-1738.1613159179688,250000.0,29
2017-06-29,EMR-HII,3518.2664222717285,250000.0,29
2017-06-29,AAPL-SWKS,-4346.544403076172,250000.0,29
2017-06-29,COF-TFC,0.0,250000.0,29
2017-06-30,EMR-HII,2334.0415992736816,250000.0,29
2017-06-30,AAPL-SWKS,-5294.56916809082,250000.0,29
2017-06-30,COF-TFC,3681.284637451172,250000.0,29
2017-07-03,AAPL-SWKS,-6105.932075500488,250000.0,29
2017-07-03,COF-TFC,1902.7765007019043,250000.0,29
2017-07-05,AAPL-SWKS,-1359.630729675293,250000.0,29
2017-07-05,COF-TFC,-140.0001621246338,250000.0,29
2017-07-05,EMR-HII,0.0,250000.0,29
2017-07-06,AAPL-SWKS,1257.141227722168,250000.0,29
2017-07-06,COF-TFC,1877.1500453948975,250000.0,29
2017-07-06,EMR-HII,1741.1259994506836,250000.0,29
2017-07-06,BEN-CME,0.0,250000.0,29
2017-07-07,AAPL-SWKS,4053.4269104003906,250000.0,29
2017-07-07,COF-TFC,3082.695966720581,250000.0,29
2017-07-07,EMR-HII,430.78490447998047,250000.0,29
2017-07-07,BEN-CME,133.69569778442383,250000.0,29
2017-07-10,AAPL-SWKS,3683.667060852051,250000.0,29
2017-07-10,COF-TFC,2728.9029426574707,250000.0,29
2017-07-10,EMR-HII,551.0922927856445,250000.0,29
2017-07-10,BEN-CME,-1842.2243614196777,250000.0,29
2017-07-11,AAPL-SWKS,4745.677963256836,250000.0,29
2017-07-11,COF-TFC,293.860631942749,250000.0,29
2017-07-11,BEN-CME,-3154.3431243896484,250000.0,29
2017-07-12,COF-TFC,2627.4587230682373,250000.0,29
2017-07-13,COF-TFC,2791.6513290405273,250000.0,29
2017-08-14,EIX-PCG,0.0,250000.0,29
2017-08-16,EMR-HII,0.0,250000.0,29
2017-08-17,EMR-HII,782.0608596801758,250000.0,29
2017-08-17,LH-LLY,0.0,250000.0,29
2017-08-18,EMR-HII,-2021.1877059936523,250000.0,29
2017-08-18,LH-LLY,-2057.0479888916016,250000.0,29
2017-08-21,LH-LLY,-985.5879287719727,250000.0,29
2017-08-22,LH-LLY,1104.970687866211,250000.0,29
2017-08-22,LNT-XEL,0.0,250000.0,29
2017-08-23,LH-LLY,1524.0726013183594,250000.0,29
2017-08-23,LNT-XEL,-777.558837890625,250000.0,29
2017-08-23,LNT-PPL,0.0,250000.0,29
2017-08-24,LH-LLY,3468.0107650756836,250000.0,29
2017-08-24,LNT-XEL,154.60324096679688,250000.0,29
2017-08-24,LNT-PPL,-366.91308975219727,250000.0,29
2017-08-25,LH-LLY,3087.70263671875,250000.0,29
2017-08-25,LNT-XEL,187.33206176757812,250000.0,29
2017-08-25,LNT-PPL,-903.2028179168701,250000.0,29
2017-08-28,LH-LLY,3936.5081481933594,250000.0,29
2017-08-28,LNT-XEL,-395.02757263183594,250000.0,29
2017-08-28,LNT-PPL,167.05234336853027,250000.0,29
2017-08-28,CMI-GD,0.0,250000.0,29
2017-08-29,LH-LLY,3155.6839447021484,250000.0,29
2017-08-29,LNT-XEL,-460.67576599121094,250000.0,29
2017-08-30,LNT-XEL,1436.288833618164,250000.0,29
2017-08-31,LNT-XEL,1744.8987274169922,250000.0,29
2017-08-31,COR-RMD,0.0,250000.0,29
2017-08-31,BEN-CME,0.0,250000.0,29
2017-07-03,GRMN-HLT,0.0,250000.0,30
2017-07-05,GRMN-HLT,-1460.288200378418,250000.0,30
2017-07-05,GRMN-ULTA,0.0,250000.0,30
2017-07-06,GRMN-HLT,6709.392791748047,250000.0,30
2017-07-06,GRMN-ULTA,51.74171447753906,250000.0,30
2017-07-07,GRMN-HLT,7751.91784286499,250000.0,30
2017-07-07,GRMN-ULTA,2476.2143325805664,250000.0,30
2017-07-07,ATO-PPL,0.0,250000.0,30
2017-07-10,GRMN-ULTA,-440.99143981933594,250000.0,30
2017-07-10,ATO-PPL,96.23991966247559,250000.0,30
2017-07-11,ATO-PPL,1825.0345077514648,250000.0,30
2017-07-12,ATO-PPL,-1987.4592666625977,250000.0,30
2017-07-13,ATO-PPL,-2757.978370666504,250000.0,30
2017-08-14,EIX-PCG,0.0,250000.0,30
2017-08-18,GRMN-LEN,0.0,250000.0,30
2017-08-21,GRMN-LEN,1281.3225021362305,250000.0,30
2017-08-22,GRMN-LEN,-242.2040023803711,250000.0,30
2017-08-23,GRMN-LEN,-2190.292636871338,250000.0,30
2017-08-24,GRMN-LEN,-4245.235485076904,250000.0,30
2017-08-25,GRMN-LEN,-2540.592575073242,250000.0,30
2017-08-28,GRMN-LEN,-5427.742294311523,250000.0,30
2017-08-28,CMI-GD,0.0,250000.0,30
2017-08-30,GRMN-HLT,0.0,250000.0,30
2017-08-31,GRMN-HLT,-1107.6651763916016,250000.0,30
2017-08-31,COR-RMD,0.0,250000.0,30
2017-09-01,GRMN-HLT,-630.9748077392578,250000.0,30
2017-09-01,COR-RMD,-40.44877624511719,250000.0,30
2017-09-05,GRMN-HLT,1543.295265197754,250000.0,30
2017-09-06,GRMN-HLT,4291.861278533936,250000.0,30
2017-09-07,GRMN-HLT,2739.853958129883,250000.0,30
2017-09-07,GRMN-NCLH,0.0,250000.0,30
2017-09-08,GRMN-HLT,-723.7644424438477,250000.0,30
2017-09-08,GRMN-NCLH,-4066.6992378234863,250000.0,30
2017-09-11,GRMN-HLT,-4382.642532348633,250000.0,30
2017-09-11,GRMN-NCLH,3056.9747734069824,250000.0,30
2017-09-12,GRMN-HLT,-5499.607761383057,250000.0,30
2017-09-12,EIX-PCG,0.0,250000.0,30
2017-09-13,GRMN-HLT,-2989.4248580932617,250000.0,30
2017-09-15,GRMN-YUM,0.0,250000.0,30
2017-09-18,GRMN-YUM,1499.247947692871,250000.0,30
2017-09-19,GRMN-YUM,3252.31729888916,250000.0,30
2017-09-20,GRMN-YUM,4586.207443237305,250000.0,30
2017-09-21,GRMN-YUM,5470.892135620117,250000.0,30
2017-09-22,GRMN-YUM,2593.872688293457,250000.0,30
2017-09-26,GRMN-MCD,0.0,250000.0,30
2017-09-26,GRMN-YUM,0.0,250000.0,30
2017-09-27,GRMN-MCD,164.4968719482422,250000.0,30
2017-09-27,GRMN-YUM,-2134.0886039733887,250000.0,30
2017-09-28,GRMN-MCD,5743.794296264648,250000.0,30
2017-09-28,GRMN-YUM,-803.5537986755371,250000.0,30
2017-09-29,GRMN-MCD,4618.859596252441,250000.0,30
2017-09-29,GRMN-YUM,-206.5267448425293,250000.0,30
2017-08-02,CB-FISV,0.0,250000.0,31
2017-08-03,CB-FISV,-1395.2758255004883,250000.0,31
2017-08-04,CB-FISV,-3087.1576385498047,250000.0,31
2017-08-07,CB-FISV,-351.0962219238281,250000.0,31
2017-08-08,CB-FISV,-228.28945922851562,250000.0,31
2017-08-09,CB-FISV,-1894.5058898925781,250000.0,31
2017-08-10,CB-FISV,-2117.889659881592,250000.0,31
2017-08-11,CB-FISV,1363.7964630126953,250000.0,31
2017-08-14,CB-FISV,2393.8355865478516,250000.0,31
2017-08-14,INVH-REG,0.0,250000.0,31
2017-08-15,CB-FISV,2867.364486694336,250000.0,31
2017-08-16,CB-FISV,3056.0445556640625,250000.0,31
2017-08-31,MRK-RMD,0.0,250000.0,31
2017-08-31,COR-RMD,0.0,250000.0,31
2017-09-01,MRK-RMD,-87.73284912109375,250000.0,31
2017-09-01,COR-RMD,-40.44877624511719,250000.0,31
2017-09-05,MRK-RMD,2712.8824920654297,250000.0,31
2017-09-06,MRK-RMD,1.824859619140625,250000.0,31
2017-09-07,MRK-RMD,-3142.698013305664,250000.0,31
2017-09-14,MRVL-PTC,0.0,250000.0,31
2017-09-15,MRVL-PTC,-2718.506393432617,250000.0,31
2017-09-18,MRVL-PTC,-1969.6940002441406,250000.0,31
2017-09-19,MRVL-PTC,2151.2926330566406,250000.0,31
2017-09-19,INVH-SBAC,0.0,250000.0,31
2017-09-20,INVH-SBAC,7509.7838706970215,250000.0,31
2017-09-21,INVH-SBAC,4467.6484088897705,250000.0,31
2017-09-22,INVH-SBAC,5411.599443435669,250000.0,31
2017-09-25,INVH-SBAC,-792.4616146087646,250000.0,31
2017-09-26,INVH-SBAC,1321.6969470977783,250000.0,31
2017-09-27,INVH-SBAC,-104.42899131774902,250000.0,31
2017-09-28,INVH-SBAC,4003.03959274292,250000.0,31
2017-09-28,BMY-DXCM,0.0,250000.0,31
2017-09-29,INVH-SBAC,1855.1043548583984,250000.0,31
2017-10-02,INVH-SBAC,-4263.153886795044,250000.0,31
2017-10-03,INVH-SBAC,1614.4186058044434,250000.0,31
2017-10-04,INVH-SBAC,5241.864892959595,250000.0,31
2017-10-05,INVH-SBAC,5740.205207824707,250000.0,31
2017-10-05,MRVL-PTC,0.0,250000.0,31
2017-10-06,MRVL-PTC,-2887.902946472168,250000.0,31
2017-10-09,MRVL-PTC,-3058.0778045654297,250000.0,31
2017-10-10,MRVL-PTC,-4560.362354278564,250000.0,31
2017-10-24,INVH-PSA,0.0,250000.0,31
2017-10-25,INVH-PSA,-433.2181453704834,250000.0,31
2017-10-31,INVH-SBAC,0.0,250000.0,31
2017-09-07,ECHO-TTD,0.0,250000.0,32
2017-09-08,ECHO-TTD,260.3524532318115,250000.0,32
2017-09-08,NXPI-ROP,0.0,250000.0,32
2017-09-11,ECHO-TTD,-18019.03722190857,250000.0,32
2017-09-11,NXPI-ROP,-2166.106460571289,250000.0,32
2017-09-12,ECHO-TTD,-20329.317419052124,250000.0,32
2017-09-12,NXPI-ROP,-2351.5623474121094,250000.0,32
2017-09-13,NXPI-ROP,-704.3606796264648,250000.0,32
2017-09-13,ABT-BDX,0.0,250000.0,32
2017-09-13,CNC-CRL,0.0,250000.0,32
2017-09-14,NXPI-ROP,-1990.4893188476562,250000.0,32
2017-09-14,ABT-BDX,2169.714385986328,250000.0,32
2017-09-14,CNC-CRL,2605.6905059814453,250000.0,32
2017-09-15,NXPI-ROP,-2737.6346130371094,250000.0,32
2017-09-15,ABT-BDX,-912.2325897216797,250000.0,32
2017-09-15,CNC-CRL,1785.9757766723633,250000.0,32
2017-09-18,NXPI-ROP,-2454.617805480957,250000.0,32
2017-09-18,ABT-BDX,-1522.452392578125,250000.0,32
2017-09-18,CNC-CRL,8138.069412231445,250000.0,32
2017-09-19,NXPI-ROP,-3419.2289962768555,250000.0,32
2017-09-19,ABT-BDX,-2844.538398742676,250000.0,32
2017-09-20,ABT-BDX,-3003.396858215332,250000.0,32
2017-09-21,ABT-BDX,-4734.982864379883,250000.0,32
2017-09-22,DUK-SRE,0.0,250000.0,32
2017-09-25,DUK-SRE,964.8602600097656,250000.0,32
2017-09-26,DUK-SRE,1226.162124633789,250000.0,32
2017-09-27,DUK-SRE,2062.8597564697266,250000.0,32
2017-09-27,AES-VST,0.0,250000.0,32
2017-09-28,AES-VST,1414.865783214569,250000.0,32
2017-09-29,AES-VST,1775.825228691101,250000.0,32
2017-10-02,AES-VST,-2076.6256909370422,250000.0,32
2017-10-03,AES-VST,-3569.5684423446655,250000.0,32
2017-10-05,AES-VST,0.0,250000.0,32
2017-10-05,DUK-SRE,0.0,250000.0,32
2017-10-06,DUK-SRE,-1265.2600326538086,250000.0,32
2017-10-09,DUK-SRE,-318.22492599487305,250000.0,32
2017-10-10,DUK-SRE,-758.6178703308105,250000.0,32
2017-10-11,DUK-SRE,-138.30988311767578,250000.0,32
2017-10-12,DUK-SRE,300.0536422729492,250000.0,32
2017-10-13,DUK-SRE,-1561.9567604064941,250000.0,32
2017-10-16,DUK-SRE,-3554.2182388305664,250000.0,32
2017-10-17,DUK-SRE,-5695.639198303223,250000.0,32
2017-11-01,ESS-UDR,0.0,250000.0,32
2017-11-02,ESS-UDR,739.7618293762207,250000.0,32
2017-11-03,ESS-UDR,-1345.8153762817383,250000.0,32
2017-11-13,DPZ-HAS,0.0,250000.0,32
2017-11-14,DPZ-HAS,5029.259872436523,250000.0,32
2017-11-15,DPZ-HAS,8311.879859924316,250000.0,32
2017-11-16,DPZ-HAS,7186.899208068848,250000.0,32
2017-11-17,DPZ-HAS,8484.828308105469,250000.0,32
2017-11-17,APH-CTSH,0.0,250000.0,32
2017-11-20,DPZ-HAS,9781.881996154785,250000.0,32
2017-11-20,APH-CTSH,-3973.507987976074,250000.0,32
2017-11-21,DPZ-HAS,8744.893798828125,250000.0,32
2017-11-21,AOS-MMM,0.0,250000.0,32
2017-11-21,FLEX-PTC,0.0,250000.0,32
2017-11-22,DPZ-HAS,8440.884048461914,250000.0,32
2017-11-22,FLEX-PTC,3320.5253295898438,250000.0,32
2017-11-24,FLEX-PTC,810.232666015625,250000.0,32
2017-11-29,DPZ-HAS,0.0,250000.0,32
2017-11-29,FIX-UNP,0.0,250000.0,32
2017-11-30,DPZ-HAS,-2464.0449829101562,250000.0,32
2017-10-03,CTSH-TRMB,0.0,250000.0,33
2017-10-04,CTSH-TRMB,511.63708114624023,250000.0,33
2017-10-04,AES-VST,0.0,250000.0,33
2017-10-05,CTSH-TRMB,2558.0211868286133,250000.0,33
2017-10-05,AES-VST,-2664.2920837402344,250000.0,33
2017-10-06,AES-VST,3244.0509552955627,250000.0,33
2017-10-09,AES-VST,1240.1110768318176,250000.0,33
2017-10-10,AES-VST,2049.828221321106,250000.0,33
2017-10-11,AES-VST,-901.4570617675781,250000.0,33
2017-10-11,AES-EVRG,0.0,250000.0,33
2017-10-11,DD-SW,0.0,250000.0,33
2017-10-12,AES-VST,-1050.8116369247437,250000.0,33
2017-10-12,AES-EVRG,-1468.6297369003296,250000.0,33
2017-10-12,DD-SW,700.0925445556641,250000.0,33
2017-10-13,AES-EVRG,-78.86290264129639,250000.0,33
2017-10-13,DD-SW,604.6527099609375,250000.0,33
2017-10-16,AES-EVRG,-191.95724487304688,250000.0,33
2017-10-16,DD-SW,2195.863723754883,250000.0,33
2017-10-17,AES-EVRG,-3194.229339122772,250000.0,33
2017-10-17,DD-SW,2354.989700317383,250000.0,33
2017-10-18,AES-EVRG,-3814.5243821144104,250000.0,33
2017-10-18,DD-SW,2673.241653442383,250000.0,33
2017-10-19,AES-EVRG,-3856.3689918518066,250000.0,33
2017-10-19,DD-SW,2323.154754638672,250000.0,33
2017-10-20,AES-EVRG,-5877.918241977692,250000.0,33
2017-10-20,DD-SW,1400.2825927734375,250000.0,33
2017-10-23,AES-EVRG,-5398.063353061676,250000.0,33
2017-10-23,DD-SW,222.7796173095703,250000.0,33
2017-10-24,DD-SW,-763.7624359130859,250000.0,33
2017-10-25,DD-SW,1686.6670989990234,250000.0,33
2017-10-26,DD-SW,937.7722339630127,250000.0,33
2017-10-27,DD-SW,2560.736940383911,250000.0,33
2017-10-30,DD-SW,6240.926263809204,250000.0,33
2017-10-31,DD-SW,4235.942209243774,250000.0,33
2017-11-01,DD-SW,7625.185628890991,250000.0,33
2017-11-01,ESS-UDR,0.0,250000.0,33
2017-11-02,DD-SW,11698.69362449646,250000.0,33
2017-11-02,ESS-UDR,739.7618293762207,250000.0,33
2017-11-03,DD-SW,14499.161306381226,250000.0,33
2017-11-03,ESS-UDR,-1345.8153762817383,250000.0,33
2017-11-06,DD-SW,17427.03377342224,250000.0,33
2017-11-07,DD-SW,14562.847448348999,250000.0,33
2017-11-08,DD-SW,15612.99439048767,250000.0,33
2017-11-09,DD-SW,17458.819967269897,250000.0,33
2017-11-10,DD-SW,18286.28479576111,250000.0,33
2017-11-13,DD-SW,16726.811223983765,250000.0,33
2017-11-17,DD-SW,0.0,250000.0,33
2017-11-17,CTSH-TRMB,0.0,250000.0,33
2017-11-20,DD-SW,-145.23028564453125,250000.0,33
2017-11-20,CTSH-TRMB,-6366.835098266602,250000.0,33
2017-11-21,DD-SW,-686.6181564331055,250000.0,33
2017-11-21,FLEX-PTC,0.0,250000.0,33
2017-11-22,DD-SW,184.8775634765625,250000.0,33
2017-11-22,FLEX-PTC,3320.5253295898438,250000.0,33
2017-11-24,DD-SW,-554.5522155761719,250000.0,33
2017-11-24,FLEX-PTC,810.232666015625,250000.0,33
2017-11-28,ERIE-PFG,0.0,250000.0,33
2017-11-29,ITW-MAS,0.0,250000.0,33
2017-11-29,MPWR-ROP,0.0,250000.0,33
2017-11-30,ITW-MAS,-2722.0514068603516,250000.0,33
2017-11-30,MPWR-ROP,-3045.7312393188477,250000.0,33
2017-11-30,AMP-AXP,0.0,250000.0,33
2017-12-01,ITW-MAS,-3548.627471923828,250000.0,33
2017-12-01,MPWR-ROP,1666.634864807129,250000.0,33
2017-12-01,AMP-AXP,-1225.5204772949219,250000.0,33
2017-12-04,ITW-MAS,-7300.644088745117,250000.0,33
2017-12-04,MPWR-ROP,-6183.136787414551,250000.0,33
2017-12-04,AMP-AXP,319.2209167480469,250000.0,33
2017-12-05,ITW-MAS,-6291.724269866943,250000.0,33
2017-12-05,MPWR-ROP,-2639.0478134155273,250000.0,33
2017-12-05,AMP-AXP,-1306.029281616211,250000.0,33
2017-12-05,AES-VST,0.0,250000.0,33
2017-12-06,ITW-MAS,-400.7058639526367,250000.0,33
2017-12-06,MPWR-ROP,-3315.769691467285,250000.0,33
2017-12-06,AMP-AXP,427.00537109375,250000.0,33
2017-12-06,AES-VST,-1718.0600695610046,250000.0,33
2017-12-07,ITW-MAS,-1210.751796722412,250000.0,33
2017-12-07,MPWR-ROP,-4789.277000427246,250000.0,33
2017-12-07,AMP-AXP,2615.522674560547,250000.0,33
2017-12-07,AES-VST,-1014.5417976379395,250000.0,33
2017-12-08,ITW-MAS,-3649.498748779297,250000.0,33
2017-12-08,MPWR-ROP,-3124.0013122558594,250000.0,33
2017-12-08,AES-VST,64.35050582885742,250000.0,33
2017-12-11,ITW-MAS,-2953.3793716430664,250000.0,33
2017-12-11,MPWR-ROP,2057.1574783325195,250000.0,33
2017-12-11,AES-VST,7383.667951583862,250000.0,33
2017-12-12,ITW-MAS,-2442.713466644287,250000.0,33
2017-12-12,MPWR-ROP,1817.143669128418,250000.0,33
2017-12-12,AES-VST,3649.4811487197876,250000.0,33
2017-12-13,ITW-MAS,-1476.1720275878906,250000.0,33
2017-12-13,MPWR-ROP,-147.69359588623047,250000.0,33
2017-12-13,AES-VST,-6639.471479415894,250000.0,33
2017-12-14,MPWR-ROP,1780.5768203735352,250000.0,33
2017-12-14,AES-VST,-10040.35603094101,250000.0,33
2017-12-15,MPWR-ROP,4071.7981719970703,250000.0,33
2017-12-15,AES-VST,-5205.1715297698975,250000.0,33
2017-12-18,AES-VST,4931.5597314834595,250000.0,33
2017-12-18,DD-SW,0.0,250000.0,33
2017-12-19,AES-VST,1080.5262508392334,250000.0,33
2017-12-19,DD-SW,-40.23786926269531,250000.0,33
2017-12-20,AES-VST,1739.9828395843506,250000.0,33
2017-12-20,DD-SW,160.9923553466797,250000.0,33
2017-12-20,LNT-XEL,0.0,250000.0,33
2017-12-21,AES-VST,2646.5732760429382,250000.0,33
2017-12-21,DD-SW,-335.35872650146484,250000.0,33
2017-12-21,LNT-XEL,492.12804412841797,250000.0,33
2017-12-21,ITW-MAS,0.0,250000.0,33
2017-12-22,AES-VST,2159.636119365692,250000.0,33
2017-12-22,LNT-XEL,-1184.2897300720215,250000.0,33
2017-12-22,ITW-MAS,1150.287956237793,250000.0,33
2017-12-26,LNT-XEL,-1705.5082054138184,250000.0,33
2017-12-26,ITW-MAS,45.620845794677734,250000.0,33
2017-12-27,LNT-XEL,-1211.124755859375,250000.0,33
2017-12-27,ITW-MAS,867.7493515014648,250000.0,33
2017-12-28,LNT-XEL,-1029.521713256836,250000.0,33
2017-12-28,ITW-MAS,-115.13544464111328,250000.0,33
2017-12-29,LNT-XEL,-608.4163970947266,250000.0,33
2017-12-29,ITW-MAS,1047.2321662902832,250000.0,33
2017-12-29,ERIE-PFG,0.0,250000.0,33
2017-11-15,CMS-SRE,0.0,250000.0,34
2017-11-16,CMS-SRE,-930.5747566223145,250000.0,34
2017-11-16,AMP-PYPL,0.0,250000.0,34
2017-11-17,CMS-SRE,792.7074241638184,250000.0,34
2017-11-17,AMP-PYPL,6525.820610046387,250000.0,34
2017-11-17,CMI-SWK,0.0,250000.0,34
2017-11-20,CMS-SRE,78.83895492553711,250000.0,34
2017-11-20,CMI-SWK,-1177.1548614501953,250000.0,34
2017-11-21,CMS-SRE,-175.32633209228516,250000.0,34
2017-11-21,CMI-SWK,-1889.466781616211,250000.0,34
2017-11-22,CMS-SRE,-169.57873153686523,250000.0,34
2017-11-22,CMI-SWK,3194.942672729492,250000.0,34
2017-11-24,CMS-SRE,-255.49005508422852,250000.0,34
2017-11-24,CMI-SWK,-1852.357894897461,250000.0,34
2017-11-27,CMS-SRE,-49.22587203979492,250000.0,34
2017-11-27,CMI-SWK,-774.9429931640625,250000.0,34
2017-11-28,CMS-SRE,473.33006286621094,250000.0,34
2017-11-28,CMI-SWK,523.4236755371094,250000.0,34
2017-11-28,PRU-WTW,0.0,250000.0,34
2017-11-29,CMS-SRE,2265.2938957214355,250000.0,34
2017-11-29,CMI-SWK,2804.150924682617,250000.0,34
2017-11-29,PRU-WTW,-3994.7279510498047,250000.0,34
2017-11-29,CI-ISRG,0.0,250000.0,34
2017-11-29,PRU-V,0.0,250000.0,34
2017-11-29,AMP-PYPL,0.0,250000.0,34
2017-11-29,BAC-PYPL,0.0,250000.0,34
2017-11-30,CMS-SRE,2555.954132080078,250000.0,34
2017-11-30,CMI-SWK,4057.399612426758,250000.0,34
2017-11-30,PRU-WTW,-1247.4342041015625,250000.0,34
2017-11-30,CI-ISRG,-7528.600387573242,250000.0,34
2017-11-30,PRU-V,6232.119247436523,250000.0,34
2017-11-30,AMP-PYPL,9150.720458984375,250000.0,34
2017-11-30,BAC-PYPL,8337.996866226196,250000.0,34
2017-12-01,CMS-SRE,2172.9295616149902,250000.0,34
2017-12-01,CMI-SWK,1021.4384918212891,250000.0,34
2017-12-01,PRU-WTW,1059.0934753417969,250000.0,34
2017-12-01,CI-ISRG,-3315.1493072509766,250000.0,34
2017-12-01,PRU-V,2319.48690032959,250000.0,34
2017-12-01,AMP-PYPL,9267.221176147461,250000.0,34
2017-12-01,BAC-PYPL,7744.151872634888,250000.0,34
2017-12-04,CMS-SRE,2109.232795715332,250000.0,34
2017-12-04,PRU-WTW,-5937.949447631836,250000.0,34
2017-12-04,AMP-PYPL,-11927.596588134766,250000.0,34
2017-12-05,PRU-WTW,-6327.248031616211,250000.0,34
2017-12-05,AMP-PYPL,-8662.665725708008,250000.0,34
2017-12-05,PNW-SRE,0.0,250000.0,34
2017-12-05,PRU-V,0.0,250000.0,34
2017-12-05,ES-SRE,0.0,250000.0,34
2017-12-05,BAC-PYPL,0.0,250000.0,34
2017-12-06,PRU-WTW,-6523.431289672852,250000.0,34
2017-12-06,AMP-PYPL,-2896.9026641845703,250000.0,34
2017-12-06,PNW-SRE,-1131.169548034668,250000.0,34
2017-12-06,PRU-V,2791.3399200439453,250000.0,34
2017-12-06,ES-SRE,-550.3465843200684,250000.0,34
2017-12-06,BAC-PYPL,10098.74959564209,250000.0,34
2017-12-07,AMP-PYPL,-6917.955230712891,250000.0,34
2017-12-07,PNW-SRE,-1430.918327331543,250000.0,34
2017-12-07,PRU-V,5730.042060852051,250000.0,34
2017-12-07,ES-SRE,354.6264114379883,250000.0,34
2017-12-07,BAC-PYPL,10442.155899047852,250000.0,34
2017-12-07,CMI-SWK,0.0,250000.0,34
2017-12-08,AMP-PYPL,-14289.523422241211,250000.0,34
2017-12-08,PNW-SRE,-2266.186080932617,250000.0,34
2017-12-08,PRU-V,7730.509567260742,250000.0,34
2017-12-08,ES-SRE,-88.88436126708984,250000.0,34
2017-12-08,BAC-PYPL,4642.53369140625,250000.0,34
2017-12-08,CMI-SWK,-3659.8862915039062,250000.0,34
2017-12-08,PRU-WTW,0.0,250000.0,34
2017-12-11,AMP-PYPL,-8658.055633544922,250000.0,34
2017-12-11,PNW-SRE,-476.5116882324219,250000.0,34
2017-12-11,PRU-V,8028.167663574219,250000.0,34
2017-12-11,ES-SRE,1240.608299255371,250000.0,34
2017-12-11,BAC-PYPL,7223.772033691406,250000.0,34
2017-12-11,CMI-SWK,-4605.720413208008,250000.0,34
2017-12-11,PRU-WTW,817.2734375,250000.0,34
2017-12-12,AMP-PYPL,-9240.932418823242,250000.0,34
2017-12-12,PNW-SRE,-2779.4196701049805,250000.0,34
2017-12-12,PRU-V,10416.703651428223,250000.0,34
2017-12-12,ES-SRE,-1123.412940979004,250000.0,34
2017-12-12,BAC-PYPL,4073.582450866699,250000.0,34
2017-12-12,CMI-SWK,-3445.491226196289,250000.0,34
2017-12-12,PRU-WTW,526.966796875,250000.0,34
2017-12-13,AMP-PYPL,-3093.8433227539062,250000.0,34
2017-12-13,PNW-SRE,-2014.7442779541016,250000.0,34
2017-12-13,PRU-V,12338.984939575195,250000.0,34
2017-12-13,ES-SRE,-2754.6906700134277,250000.0,34
2017-12-13,BAC-PYPL,11166.105850219727,250000.0,34
2017-12-13,CMI-SWK,-3894.0972900390625,250000.0,34
2017-12-13,PRU-WTW,-89.13818359375,250000.0,34
2017-12-14,PNW-SRE,-86.28096008300781,250000.0,34
2017-12-14,PRU-V,10957.907806396484,250000.0,34
2017-12-14,ES-SRE,-622.7916030883789,250000.0,34
2017-12-14,BAC-PYPL,13010.166534423828,250000.0,34
2017-12-14,CMI-SWK,-3833.6798706054688,250000.0,34
2017-12-14,PRU-WTW,148.72915649414062,250000.0,34
2017-12-15,PNW-SRE,201.97187042236328,250000.0,34
2017-12-15,PRU-V,11858.870903015137,250000.0,34
2017-12-15,ES-SRE,-36.19086456298828,250000.0,34
2017-12-15,BAC-PYPL,14374.862991333008,250000.0,34
2017-12-15,CMI-SWK,-4481.796798706055,250000.0,34
2017-12-15,PRU-WTW,2634.1582946777344,250000.0,34
2017-12-15,A-CNC,0.0,250000.0,34
2017-12-15,CNC-CRL,0.0,250000.0,34
2017-12-18,PNW-SRE,106.57861328125,250000.0,34
2017-12-18,PRU-V,10874.845100402832,250000.0,34
2017-12-18,ES-SRE,-862.7262916564941,250000.0,34
2017-12-18,BAC-PYPL,8227.481498718262,250000.0,34
2017-12-18,CMI-SWK,-5657.949523925781,250000.0,34
2017-12-18,PRU-WTW,-166.33026123046875,250000.0,34
2017-12-18,A-CNC,7883.54460144043,250000.0,34
2017-12-18,CNC-CRL,1325.43607711792,250000.0,34
2017-12-19,PNW-SRE,-2276.165237426758,250000.0,34
2017-12-19,PRU-V,6941.006721496582,250000.0,34
2017-12-19,ES-SRE,-2755.7810821533203,250000.0,34
2017-12-19,BAC-PYPL,5688.894172668457,250000.0,34
2017-12-19,CMI-SWK,-7364.756851196289,250000.0,34
2017-12-19,PRU-WTW,-1745.9365234375,250000.0,34
2017-12-19,CNC-CRL,480.2704772949219,250000.0,34
2017-12-20,PRU-V,6662.715065002441,250000.0,34
2017-12-20,BAC-PYPL,3593.48087310791,250000.0,34
2017-12-20,PRU-WTW,-3713.163330078125,250000.0,34
2017-12-20,CNC-CRL,2602.260986328125,250000.0,34
2017-12-21,PRU-V,7674.1716232299805,250000.0,34
2017-12-21,PRU-WTW,-4458.986785888672,250000.0,34
2017-12-21,CMS-SRE,0.0,250000.0,34
2017-12-21,PNW-SRE,0.0,250000.0,34
2017-12-21,ES-SRE,0.0,250000.0,34
2017-12-22,PRU-V,8857.788703918457,250000.0,34
2017-12-22,PRU-WTW,-4750.814208984375,250000.0,34
2017-12-22,CMS-SRE,2989.5753326416016,250000.0,34
2017-12-22,PNW-SRE,3424.5179862976074,250000.0,34
2017-12-22,ES-SRE,2340.911952972412,250000.0,34
2017-12-26,PRU-V,10022.467826843262,250000.0,34
2017-12-26,CMS-SRE,3828.754837036133,250000.0,34
2017-12-26,PNW-SRE,4391.186195373535,250000.0,34
2017-12-26,ES-SRE,2456.2598724365234,250000.0,34
2017-12-27,CMS-SRE,2309.1451148986816,250000.0,34
2017-12-27,PNW-SRE,3422.926643371582,250000.0,34
2017-12-27,ES-SRE,835.9671974182129,250000.0,34
2017-12-28,CMS-SRE,1912.9784088134766,250000.0,34
2017-12-28,PNW-SRE,2344.8043098449707,250000.0,34
2017-12-28,ES-SRE,3.4724655151367188,250000.0,34
2017-12-29,CMS-SRE,1820.0580825805664,250000.0,34
2017-12-29,PNW-SRE,2011.008388519287,250000.0,34
2017-12-29,ES-SRE,-923.5833358764648,250000.0,34
2018-01-02,CMS-SRE,-774.6454086303711,250000.0,34
2018-01-02,PNW-SRE,1091.81498336792,250000.0,34
2018-01-02,ES-SRE,-4551.253391265869,250000.0,34
2018-01-03,CMS-SRE,6714.688423156738,250000.0,34
2018-01-03,ES-SRE,3362.065357208252,250000.0,34
2018-01-03,AMP-PYPL,0.0,250000.0,34
2018-01-04,CMS-SRE,6659.408016204834,250000.0,34
2018-01-04,ES-SRE,3770.1404304504395,250000.0,34
2018-01-04,AMP-PYPL,944.294807434082,250000.0,34
2018-01-05,ES-SRE,5934.053504943848,250000.0,34
2018-01-05,AMP-PYPL,-4649.264450073242,250000.0,34
2018-01-05,HRL-SJM,0.0,250000.0,34
2018-01-08,ES-SRE,4976.364757537842,250000.0,34
2018-01-08,AMP-PYPL,-3336.1782760620117,250000.0,34
2018-01-09,ES-SRE,4074.0245056152344,250000.0,34
2018-01-09,AMP-PYPL,-842.9734954833984,250000.0,34
2018-01-10,ES-SRE,4160.989406585693,250000.0,34
2018-01-10,AMP-PYPL,1052.0792846679688,250000.0,34
2018-01-11,ES-SRE,2528.0107612609863,250000.0,34
2018-01-11,AMP-PYPL,4280.83487701416,250000.0,34
2018-01-12,ES-SRE,3382.334083557129,250000.0,34
2018-01-12,AMP-PYPL,6046.719093322754,250000.0,34
2018-01-16,ES-SRE,4739.480262756348,250000.0,34
2018-01-16,AMP-PYPL,-269.08238220214844,250000.0,34
2018-01-17,ES-SRE,1957.890266418457,250000.0,34
2018-01-17,AMP-PYPL,-5300.756996154785,250000.0,34
2018-01-18,ES-SRE,2623.710304260254,250000.0,34
2018-01-19,ES-SRE,2600.859329223633,250000.0,34
2018-01-22,ES-SRE,457.7102470397949,250000.0,34
2018-01-23,ES-SRE,2353.6339073181152,250000.0,34
2018-01-24,ES-SRE,1057.310832977295,250000.0,34
2017-12-01,DOV-NOC,0.0,250000.0,35
2017-12-04,DOV-NOC,-825.3974990844727,250000.0,35
2017-12-05,DOV-NOC,687.9345474243164,250000.0,35
2017-12-05,ES-SRE,0.0,250000.0,35
2017-12-05,PNW-SRE,0.0,250000.0,35
2017-12-06,DOV-NOC,1931.1295013427734,250000.0,35
2017-12-06,ES-SRE,-550.3465843200684,250000.0,35
2017-12-06,PNW-SRE,-1131.169548034668,250000.0,35
2017-12-07,DOV-NOC,2956.752197265625,250000.0,35
2017-12-07,ES-SRE,354.6264114379883,250000.0,35
2017-12-07,PNW-SRE,-1430.918327331543,250000.0,35
2017-12-08,DOV-NOC,865.6013793945312,250000.0,35
2017-12-08,ES-SRE,-88.88436126708984,250000.0,35
2017-12-08,PNW-SRE,-2266.186080932617,250000.0,35
2017-12-11,ES-SRE,1240.608299255371,250000.0,35
2017-12-11,PNW-SRE,-476.5116882324219,250000.0,35
2017-12-12,ES-SRE,-1123.412940979004,250000.0,35
2017-12-12,PNW-SRE,-2779.4196701049805,250000.0,35
2017-12-13,ES-SRE,-2754.6906700134277,250000.0,35
2017-12-13,PNW-SRE,-2014.7442779541016,250000.0,35
2017-12-14,ES-SRE,-622.7916030883789,250000.0,35
2017-12-14,PNW-SRE,-86.28096008300781,250000.0,35
2017-12-15,ES-SRE,-36.19086456298828,250000.0,35
2017-12-15,PNW-SRE,201.97187042236328,250000.0,35
2017-12-18,ES-SRE,-862.7262916564941,250000.0,35
2017-12-18,PNW-SRE,106.57861328125,250000.0,35
2017-12-19,ES-SRE,-2755.7810821533203,250000.0,35
2017-12-19,PNW-SRE,-2276.165237426758,250000.0,35
2017-12-20,AXON-UAL,0.0,250000.0,35
2017-12-21,AXON-UAL,-3557.5498027801514,250000.0,35
2017-12-21,ES-SRE,0.0,250000.0,35
2017-12-21,PNW-SRE,0.0,250000.0,35
2017-12-22,AXON-UAL,-3270.3004627227783,250000.0,35
2017-12-22,ES-SRE,2340.911952972412,250000.0,35
2017-12-22,PNW-SRE,3424.5179862976074,250000.0,35
2017-12-22,ROK-SWK,0.0,250000.0,35
2017-12-26,AXON-UAL,-3562.8682041168213,250000.0,35
2017-12-26,ES-SRE,2456.2598724365234,250000.0,35
2017-12-26,PNW-SRE,4391.186195373535,250000.0,35
2017-12-26,ROK-SWK,570.7080688476562,250000.0,35
2017-12-27,AXON-UAL,-2083.3815422058105,250000.0,35
2017-12-27,ES-SRE,835.9671974182129,250000.0,35
2017-12-27,PNW-SRE,3422.926643371582,250000.0,35
2017-12-27,ROK-SWK,103.26805114746094,250000.0,35
2017-12-28,AXON-UAL,-2953.684597015381,250000.0,35
2017-12-28,ES-SRE,3.4724655151367188,250000.0,35
2017-12-28,PNW-SRE,2344.8043098449707,250000.0,35
2017-12-28,ROK-SWK,255.4754638671875,250000.0,35
2017-12-29,AXON-UAL,-3665.797794342041,250000.0,35
2017-12-29,ES-SRE,-923.5833358764648,250000.0,35
2017-12-29,PNW-SRE,2011.008388519287,250000.0,35
2017-12-29,ROK-SWK,1175.1861572265625,250000.0,35
2018-01-02,ES-SRE,-4551.253391265869,250000.0,35
2018-01-02,PNW-SRE,1091.81498336792,250000.0,35
2018-01-02,ROK-SWK,-2170.5204010009766,250000.0,35
2018-01-02,APTV-WYNN,0.0,250000.0,35
2018-01-03,ES-SRE,3362.065357208252,250000.0,35
2018-01-03,APTV-WYNN,-8991.542175292969,250000.0,35
2018-01-04,ES-SRE,3770.1404304504395,250000.0,35
2018-01-05,ES-SRE,5934.053504943848,250000.0,35
2018-01-08,ES-SRE,4976.364757537842,250000.0,35
2018-01-09,ES-SRE,4074.0245056152344,250000.0,35
2018-01-10,ES-SRE,4160.989406585693,250000.0,35
2018-01-10,ES-NI,0.0,250000.0,35
2018-01-11,ES-SRE,2528.0107612609863,250000.0,35
2018-01-11,ES-NI,-644.7626953125,250000.0,35
2018-01-12,ES-SRE,3382.334083557129,250000.0,35
2018-01-12,ES-NI,-718.371826171875,250000.0,35
2018-01-16,ES-SRE,4739.480262756348,250000.0,35
2018-01-16,ES-NI,156.7872657775879,250000.0,35
2018-01-17,ES-SRE,1957.890266418457,250000.0,35
2018-01-17,ES-NI,-856.6925048828125,250000.0,35
2018-01-18,ES-SRE,2623.710304260254,250000.0,35
2018-01-18,ES-NI,89.99222946166992,250000.0,35
2018-01-19,ES-SRE,2600.859329223633,250000.0,35
2018-01-19,ES-NI,-259.82836532592773,250000.0,35
2018-01-22,ES-SRE,457.7102470397949,250000.0,35
2018-01-22,ES-NI,-59.56512451171875,250000.0,35
2018-01-23,ES-SRE,2353.6339073181152,250000.0,35
2018-01-23,ES-NI,1059.1814155578613,250000.0,35
2018-01-24,ES-SRE,1057.310832977295,250000.0,35
2018-01-24,ES-NI,1130.6601333618164,250000.0,35
2018-01-26,CFG-FDS,0.0,250000.0,35
2018-01-26,CPAY-FDS,0.0,250000.0,35
2018-01-29,CFG-FDS,6619.656929016113,250000.0,35
2018-01-29,CPAY-FDS,5943.074523925781,250000.0,35
2018-01-30,CFG-FDS,7621.39102935791,250000.0,35
2018-01-31,CFG-FDS,7533.547981262207,250000.0,35
2018-02-01,CFG-FDS,5463.68302154541,250000.0,35
2018-02-02,AXON-WAB,0.0,250000.0,35
2018-02-05,AXON-WAB,-1545.1168308258057,250000.0,35
2018-02-06,AXON-WAB,912.8311023712158,250000.0,35
2018-02-07,AXON-WAB,-2488.4440269470215,250000.0,35
2018-02-08,AXON-WAB,-5158.546875,250000.0,35
2018-02-09,AXON-WAB,-2909.1676120758057,250000.0,35
2018-02-12,AXON-WAB,-3479.46541595459,250000.0,35
2018-02-13,AXON-WAB,-8724.756145477295,250000.0,35
2018-02-14,AXON-WAB,-9108.59301185608,250000.0,35
2018-02-15,AXON-WAB,-6318.926710128784,250000.0,35
2018-02-16,AXON-WAB,1324.2821788787842,250000.0,35
2018-02-20,AXON-WAB,13457.29296875,250000.0,35
2018-01-02,KKR-TROW,0.0,250000.0,36
2018-01-03,KKR-TROW,-5272.609516143799,250000.0,36
2018-01-04,KKR-TROW,-3662.1740951538086,250000.0,36
2018-01-04,DVA-HCA,0.0,250000.0,36
2018-01-05,KKR-TROW,2316.026824951172,250000.0,36
2018-01-05,DVA-HCA,1589.7539901733398,250000.0,36
2018-01-08,KKR-TROW,6663.070350646973,250000.0,36
2018-01-08,DVA-HCA,831.0230331420898,250000.0,36
2018-01-09,KKR-TROW,-895.0727615356445,250000.0,36
2018-01-09,DVA-HCA,-4625.910232543945,250000.0,36
2018-01-10,KKR-TROW,-3035.250648498535,250000.0,36
2018-01-10,DVA-HCA,-8735.85806274414,250000.0,36
2018-01-11,KKR-TROW,-4520.60111618042,250000.0,36
2018-01-11,DVA-HCA,-6438.9752197265625,250000.0,36
2018-01-12,KKR-TROW,87.4534912109375,250000.0,36
2018-01-12,DVA-HCA,511.15845489501953,250000.0,36
2018-01-16,KKR-TROW,3432.906280517578,250000.0,36
2018-01-16,DVA-HCA,445.82913970947266,250000.0,36
2018-01-17,KKR-TROW,6930.484596252441,250000.0,36
2018-01-17,DVA-HCA,2382.4466247558594,250000.0,36
2018-01-18,DVA-HCA,6021.632835388184,250000.0,36
2018-02-05,EXR-HST,0.0,250000.0,36
2018-02-06,EXR-HST,1213.124930381775,250000.0,36
2018-02-07,EXR-HST,79.54605388641357,250000.0,36
2018-02-08,EXR-HST,-2659.600425720215,250000.0,36
2018-02-08,MRVL-TXN,0.0,250000.0,36
2018-02-09,EXR-HST,1050.0639295578003,250000.0,36
2018-02-09,MRVL-TXN,3095.8880767822266,250000.0,36
2018-02-12,EXR-HST,-1145.7128686904907,250000.0,36
2018-02-12,MRVL-TXN,2215.493667602539,250000.0,36
2018-02-13,EXR-HST,-3777.848759651184,250000.0,36
2018-02-13,MRVL-TXN,-3203.610496520996,250000.0,36
2018-02-14,EXR-HST,947.0748767852783,250000.0,36
2018-02-14,MRVL-TXN,1591.6195449829102,250000.0,36
2018-02-15,EXR-HST,-3106.6187419891357,250000.0,36
2018-02-15,MRVL-TXN,2874.0660858154297,250000.0,36
2018-02-16,EXR-HST,1711.1151809692383,250000.0,36
2018-02-16,MRVL-TXN,3062.503562927246,250000.0,36
2018-02-20,EXR-HST,127.22773838043213,250000.0,36
2018-02-20,MRVL-TXN,1310.2680130004883,250000.0,36
2018-02-21,MRVL-TXN,-2787.310157775879,250000.0,36
2018-02-22,MRVL-TXN,-1652.0624237060547,250000.0,36
2018-02-23,MRVL-TXN,5419.018333435059,250000.0,36
2018-02-26,AXP-TROW,0.0,250000.0,36
2018-02-27,AXP-TROW,4839.337097167969,250000.0,36
2018-03-05,MCO-MSCI,0.0,250000.0,36
2018-03-06,PKG-SW,0.0,250000.0,36
2018-03-07,PKG-SW,-2312.903118133545,250000.0,36
2018-03-08,PKG-SW,-3355.4199180603027,250000.0,36
2018-03-08,DECK-LVS,0.0,250000.0,36
2018-03-09,PKG-SW,2619.2199745178223,250000.0,36
2018-03-09,DECK-LVS,2653.8409452438354,250000.0,36
2018-03-09,GDDY-INTU,0.0,250000.0,36
2018-03-12,PKG-SW,2995.0875205993652,250000.0,36
2018-03-12,DECK-LVS,-1807.3508520126343,250000.0,36
2018-03-12,GDDY-INTU,-788.6057510375977,250000.0,36
2018-03-13,PKG-SW,3371.206932067871,250000.0,36
2018-03-13,DECK-LVS,4556.173567771912,250000.0,36
2018-03-13,GDDY-INTU,-3199.6765174865723,250000.0,36
2018-03-14,PKG-SW,1331.4021759033203,250000.0,36
2018-03-14,DECK-LVS,4016.6782627105713,250000.0,36
2018-03-14,GDDY-INTU,-1294.9906158447266,250000.0,36
2018-03-15,PKG-SW,-425.1050720214844,250000.0,36
2018-03-15,DECK-LVS,1646.930606842041,250000.0,36
2018-03-15,GDDY-INTU,-2426.7509956359863,250000.0,36
2018-03-16,PKG-SW,688.241943359375,250000.0,36
2018-03-16,DECK-LVS,2269.5875730514526,250000.0,36
2018-03-16,GDDY-INTU,-4747.526515960693,250000.0,36
2018-03-19,PKG-SW,-2806.0003814697266,250000.0,36
2018-03-19,DECK-LVS,1810.7365837097168,250000.0,36
2018-03-19,GDDY-INTU,-1605.8258018493652,250000.0,36
2018-03-20,PKG-SW,1223.6191310882568,250000.0,36
2018-03-20,DECK-LVS,1673.950837135315,250000.0,36
2018-03-20,GDDY-INTU,-4003.591484069824,250000.0,36
2018-03-21,PKG-SW,3376.7576427459717,250000.0,36
2018-03-21,DECK-LVS,4734.4934186935425,250000.0,36
2018-03-21,GDDY-INTU,-2253.0832862854004,250000.0,36
2018-03-22,GDDY-INTU,-1746.6371116638184,250000.0,36
2018-03-23,DECK-LVS,0.0,250000.0,36
2018-03-26,DECK-LVS,2309.7451171875,250000.0,36
2018-03-26,DVA-HCA,0.0,250000.0,36
2018-03-26,PKG-SW,0.0,250000.0,36
2018-03-26,CRM-MSFT,0.0,250000.0,36
2018-03-27,DECK-LVS,6364.203094482422,250000.0,36
2018-03-27,DVA-HCA,-723.5835494995117,250000.0,36
2018-03-27,PKG-SW,2012.5665664672852,250000.0,36
2018-03-27,CRM-MSFT,4504.212593078613,250000.0,36
2018-03-28,DECK-LVS,4247.821350097656,250000.0,36
2018-03-28,DVA-HCA,-2933.5488204956055,250000.0,36
2018-03-28,PKG-SW,-1344.3336868286133,250000.0,36
2018-03-28,CRM-MSFT,3458.6005096435547,250000.0,36
2018-03-28,MRVL-TXN,0.0,250000.0,36
2018-03-29,DVA-HCA,-3180.3638610839844,250000.0,36
2018-03-29,CRM-MSFT,3076.5387115478516,250000.0,36
2018-03-29,MRVL-TXN,371.77991485595703,250000.0,36
2018-02-02,FITB-MS,0.0,250000.0,37
2018-02-05,FITB-MS,-3582.6214504241943,250000.0,37
2018-02-06,FITB-MS,2284.6403217315674,250000.0,37
2018-02-07,FITB-MS,1123.488302230835,250000.0,37
2018-02-08,FITB-MS,-2971.0827350616455,250000.0,37
2018-03-06,PKG-SW,0.0,250000.0,37
2018-03-07,PKG-SW,-2312.903118133545,250000.0,37
2018-03-08,PKG-SW,-3355.4199180603027,250000.0,37
2018-03-08,DECK-LVS,0.0,250000.0,37
2018-03-09,PKG-SW,2619.2199745178223,250000.0,37
2018-03-09,DECK-LVS,2653.8409452438354,250000.0,37
2018-03-12,PKG-SW,2995.0875205993652,250000.0,37
2018-03-12,DECK-LVS,-1807.3508520126343,250000.0,37
2018-03-13,PKG-SW,3371.206932067871,250000.0,37
2018-03-13,DECK-LVS,4556.173567771912,250000.0,37
2018-03-14,PKG-SW,1331.4021759033203,250000.0,37
2018-03-14,DECK-LVS,4016.6782627105713,250000.0,37
2018-03-15,PKG-SW,-425.1050720214844,250000.0,37
2018-03-15,DECK-LVS,1646.930606842041,250000.0,37
2018-03-15,CTSH-WDAY,0.0,250000.0,37
2018-03-16,PKG-SW,688.241943359375,250000.0,37
2018-03-16,DECK-LVS,2269.5875730514526,250000.0,37
2018-03-16,CTSH-WDAY,-966.9115753173828,250000.0,37
2018-03-19,PKG-SW,-2806.0003814697266,250000.0,37
2018-03-19,DECK-LVS,1810.7365837097168,250000.0,37
2018-03-19,CTSH-WDAY,-4262.516746520996,250000.0,37
2018-03-19,WAT-ZTS,0.0,250000.0,37
2018-03-20,PKG-SW,1223.6191310882568,250000.0,37
2018-03-20,DECK-LVS,1673.950837135315,250000.0,37
2018-03-20,CTSH-WDAY,-3790.2016372680664,250000.0,37
2018-03-20,WAT-ZTS,2281.9151306152344,250000.0,37
2018-03-20,MSCI-TROW,0.0,250000.0,37
2018-03-21,PKG-SW,3376.7576427459717,250000.0,37
2018-03-21,DECK-LVS,4734.4934186935425,250000.0,37
2018-03-21,CTSH-WDAY,1149.9031982421875,250000.0,37
2018-03-21,MSCI-TROW,1054.7165222167969,250000.0,37
2018-03-22,MSCI-TROW,-7133.138137817383,250000.0,37
2018-03-23,DECK-LVS,0.0,250000.0,37
2018-03-23,HST-WY,0.0,250000.0,37
2018-03-26,DECK-LVS,2309.7451171875,250000.0,37
2018-03-26,HST-WY,1733.5457925796509,250000.0,37
2018-03-26,PKG-SW,0.0,250000.0,37
2018-03-27,DECK-LVS,6364.203094482422,250000.0,37
2018-03-27,PKG-SW,2012.5665664672852,250000.0,37
2018-03-28,DECK-LVS,4247.821350097656,250000.0,37
2018-03-28,PKG-SW,-1344.3336868286133,250000.0,37
2018-04-02,BAX-HUM,0.0,250000.0,37
2018-04-03,BAX-HUM,1074.334243774414,250000.0,37
2018-04-04,BAX-HUM,-1196.2398071289062,250000.0,37
2018-04-05,BAX-HUM,3521.4112854003906,250000.0,37
2018-04-06,BAX-HUM,-630.5338897705078,250000.0,37
2018-04-09,BAX-HUM,2280.9444732666016,250000.0,37
2018-04-10,BAX-HUM,6975.471633911133,250000.0,37
2018-04-11,BAX-HUM,5374.847900390625,250000.0,37
2018-04-12,BAX-HUM,6183.517044067383,250000.0,37
2018-04-13,BAX-HUM,4125.975845336914,250000.0,37
2018-04-16,BAX-HUM,4612.388702392578,250000.0,37
2018-04-17,BAX-HUM,1530.6884002685547,250000.0,37
2018-04-18,BAX-HUM,1358.9408721923828,250000.0,37
2018-04-19,BAX-HUM,3217.4940490722656,250000.0,37
2018-04-20,BAX-HUM,4314.782501220703,250000.0,37
2018-04-23,BAX-HUM,4560.38703918457,250000.0,37
2018-04-24,BAX-HUM,424.4192199707031,250000.0,37
2018-03-05,MCO-MSCI,0.0,250000.0,38
2018-03-06,IR-URI,0.0,250000.0,38
2018-03-07,IR-URI,4991.570693969727,250000.0,38
2018-03-08,IR-URI,6415.491394042969,250000.0,38
2018-03-09,IR-URI,2998.367645263672,250000.0,38
2018-03-12,IR-URI,4030.637466430664,250000.0,38
2018-03-13,IR-URI,3175.923110961914,250000.0,38
2018-03-20,DOV-TXT,0.0,250000.0,38
2018-03-21,DOV-TXT,2809.3243370056152,250000.0,38
2018-03-22,SYK-TECH,0.0,250000.0,38
2018-03-23,SYK-TECH,-1758.722267150879,250000.0,38
2018-03-23,HST-WY,0.0,250000.0,38
2018-03-23,ICE-RJF,0.0,250000.0,38
2018-03-26,SYK-TECH,-3601.0979385375977,250000.0,38
2018-03-26,HST-WY,1733.5457925796509,250000.0,38
2018-03-26,ICE-RJF,-4771.00305557251,250000.0,38
2018-03-27,SYK-TECH,-3251.009078979492,250000.0,38
2018-03-27,ICE-RJF,-5017.738048553467,250000.0,38
2018-03-28,SYK-TECH,-4536.523910522461,250000.0,38
2018-03-28,ICE-RJF,-3176.5036659240723,250000.0,38
2018-03-28,MRVL-TXN,0.0,250000.0,38
2018-03-28,IR-URI,0.0,250000.0,38
2018-03-29,SYK-TECH,-4714.40364074707,250000.0,38
2018-03-29,ICE-RJF,-2375.9766960144043,250000.0,38
2018-03-29,MRVL-TXN,371.77991485595703,250000.0,38
2018-03-29,IR-URI,1571.1201782226562,250000.0,38
2018-03-29,A-CNC,0.0,250000.0,38
2018-04-02,SYK-TECH,-3712.528823852539,250000.0,38
2018-04-02,ICE-RJF,-5044.862796783447,250000.0,38
2018-04-02,MRVL-TXN,-394.9642562866211,250000.0,38
2018-04-02,IR-URI,1808.1984405517578,250000.0,38
2018-04-02,A-CNC,-5228.00235748291,250000.0,38
2018-04-02,HON-IR,0.0,250000.0,38
2018-04-03,SYK-TECH,-655.840576171875,250000.0,38
2018-04-03,MRVL-TXN,-1751.3948974609375,250000.0,38
2018-04-03,IR-URI,2495.2709884643555,250000.0,38
2018-04-03,A-CNC,-2285.981117248535,250000.0,38
2018-04-03,HON-IR,270.7903690338135,250000.0,38
2018-04-04,SYK-TECH,-2449.8300399780273,250000.0,38
2018-04-04,MRVL-TXN,-2591.447380065918,250000.0,38
2018-04-04,A-CNC,-2667.4419746398926,250000.0,38
2018-04-04,HON-IR,-760.4302024841309,250000.0,38
2018-04-05,SYK-TECH,-1631.0134582519531,250000.0,38
2018-04-05,A-CNC,-7946.7393226623535,250000.0,38
2018-04-05,HON-IR,3834.6472187042236,250000.0,38
2018-04-06,A-CNC,-9296.698219299316,250000.0,38
2018-04-09,A-CNC,-3813.187843322754,250000.0,38
2018-04-10,A-CNC,-2869.0250701904297,250000.0,38
2018-04-10,CL-HSY,0.0,250000.0,38
2018-04-11,A-CNC,267.92043685913086,250000.0,38
2018-04-11,CL-HSY,3894.7955474853516,250000.0,38
2018-04-12,A-CNC,3280.01407623291,250000.0,38
2018-04-12,CL-HSY,3385.4922485351562,250000.0,38
2018-04-13,A-CNC,1858.505844116211,250000.0,38
2018-04-13,CL-HSY,942.2679977416992,250000.0,38
2018-04-16,CL-HSY,-1271.4745483398438,250000.0,38
2018-04-17,CL-HSY,-431.1795883178711,250000.0,38
2018-04-18,CL-HSY,-3190.6689071655273,250000.0,38
2018-04-19,CL-HSY,2134.7972259521484,250000.0,38
2018-05-08,DTE-XEL,0.0,250000.0,38
2018-05-09,DTE-XEL,-1895.0666427612305,250000.0,38
2018-05-10,DTE-XEL,-599.6877365112305,250000.0,38
2018-05-10,MRVL-TXN,0.0,250000.0,38
2018-05-11,MRVL-TXN,-1542.334882736206,250000.0,38
2018-05-11,CSX-DAL,0.0,250000.0,38
2018-05-14,MRVL-TXN,2185.877918243408,250000.0,38
2018-05-15,MRVL-TXN,3695.0546379089355,250000.0,38
2018-05-16,MRVL-TXN,4.506134033203125,250000.0,38
2018-05-17,MRVL-TXN,619.8360557556152,250000.0,38
2018-05-18,MRVL-TXN,-1446.812427520752,250000.0,38
2018-05-21,MRVL-TXN,-999.9912643432617,250000.0,38
2018-05-21,FITB-JPM,0.0,250000.0,38
2018-05-21,CTAS-ODFL,0.0,250000.0,38
2018-05-22,MRVL-TXN,1610.0879974365234,250000.0,38
2018-05-22,FITB-JPM,2515.9570503234863,250000.0,38
2018-05-22,CTAS-ODFL,3516.5977821350098,250000.0,38
2018-05-23,MRVL-TXN,2116.745922088623,250000.0,38
2018-05-23,FITB-JPM,585.3638458251953,250000.0,38
2018-05-23,CTAS-ODFL,770.3008003234863,250000.0,38
2018-05-24,MRVL-TXN,2087.211793899536,250000.0,38
2018-05-24,FITB-JPM,5901.41996383667,250000.0,38
2018-05-24,CTAS-ODFL,-4829.189895629883,250000.0,38
2018-05-25,FITB-JPM,5380.739765167236,250000.0,38
2018-05-25,CTAS-ODFL,-6272.879055023193,250000.0,38
2018-05-29,CTAS-ODFL,-7216.587837219238,250000.0,38
2018-04-02,HON-IR,0.0,250000.0,39
2018-04-03,HON-IR,270.7903690338135,250000.0,39
2018-04-04,HON-IR,-760.4302024841309,250000.0,39
2018-04-05,HON-IR,3834.6472187042236,250000.0,39
2018-04-06,DOV-IR,0.0,250000.0,39
2018-04-09,DOV-IR,3244.221574783325,250000.0,39
2018-04-10,DOV-IR,-3946.6989574432373,250000.0,39
2018-04-10,CL-HSY,0.0,250000.0,39
2018-04-11,DOV-IR,-8488.683919906616,250000.0,39
2018-04-11,CL-HSY,3894.7955474853516,250000.0,39
2018-04-12,CL-HSY,3385.4922485351562,250000.0,39
2018-04-13,CL-HSY,942.2679977416992,250000.0,39
2018-04-16,CL-HSY,-1271.4745483398438,250000.0,39
2018-04-17,CL-HSY,-431.1795883178711,250000.0,39
2018-04-18,CL-HSY,-3190.6689071655273,250000.0,39
2018-04-19,CL-HSY,2134.7972259521484,250000.0,39
2018-04-27,DLR-MAA,0.0,250000.0,39
2018-04-30,DLR-MAA,3654.8213272094727,250000.0,39
2018-05-08,DTE-XEL,0.0,250000.0,39
2018-05-08,AEP-DTE,0.0,250000.0,39
2018-05-09,DTE-XEL,-1895.0666427612305,250000.0,39
2018-05-09,AEP-DTE,-1135.6421279907227,250000.0,39
2018-05-10,DTE-XEL,-599.6877365112305,250000.0,39
2018-05-10,AEP-DTE,-504.57286071777344,250000.0,39
2018-05-10,MRVL-TXN,0.0,250000.0,39
2018-05-11,MRVL-TXN,-1542.334882736206,250000.0,39
2018-05-11,CSX-DAL,0.0,250000.0,39
2018-05-14,MRVL-TXN,2185.877918243408,250000.0,39
2018-05-15,MRVL-TXN,3695.0546379089355,250000.0,39
2018-05-16,MRVL-TXN,4.506134033203125,250000.0,39
2018-05-17,MRVL-TXN,619.8360557556152,250000.0,39
2018-05-18,MRVL-TXN,-1446.812427520752,250000.0,39
2018-05-21,MRVL-TXN,-999.9912643432617,250000.0,39
2018-05-21,FITB-JPM,0.0,250000.0,39
2018-05-21,FITB-MS,0.0,250000.0,39
2018-05-22,MRVL-TXN,1610.0879974365234,250000.0,39
2018-05-22,FITB-JPM,2515.9570503234863,250000.0,39
2018-05-22,FITB-MS,2647.375913619995,250000.0,39
2018-05-23,MRVL-TXN,2116.745922088623,250000.0,39
2018-05-23,FITB-JPM,585.3638458251953,250000.0,39
2018-05-23,FITB-MS,1572.9307708740234,250000.0,39
2018-05-24,MRVL-TXN,2087.211793899536,250000.0,39
2018-05-24,FITB-JPM,5901.41996383667,250000.0,39
2018-05-24,FITB-MS,6032.740056991577,250000.0,39
2018-05-25,FITB-JPM,5380.739765167236,250000.0,39
2018-06-08,DHI-PHM,0.0,250000.0,39
2018-06-11,DHI-PHM,2049.8045654296875,250000.0,39
2018-06-11,HON-IR,0.0,250000.0,39
2018-06-11,DOV-IR,0.0,250000.0,39
2018-06-12,DHI-PHM,-1902.7033367156982,250000.0,39
2018-06-12,HON-IR,-3900.4698944091797,250000.0,39
2018-06-12,DOV-IR,-2574.267333984375,250000.0,39
2018-06-13,HON-IR,-3614.0235290527344,250000.0,39
2018-06-13,DOV-IR,-1691.8270263671875,250000.0,39
2018-06-13,DLR-MAA,0.0,250000.0,39
2018-06-14,HON-IR,3157.019729614258,250000.0,39
2018-06-14,DOV-IR,6776.221603393555,250000.0,39
2018-06-14,DLR-MAA,1931.1737213134766,250000.0,39
2018-06-14,NWS-NWSA,0.0,250000.0,39
2018-06-15,HON-IR,1752.6962032318115,250000.0,39
2018-06-15,DOV-IR,2338.274892807007,250000.0,39
2018-06-15,DLR-MAA,1977.3920669555664,250000.0,39
2018-06-18,HON-IR,4780.702764511108,250000.0,39
2018-06-18,DOV-IR,5396.6219692230225,250000.0,39
2018-06-18,DLR-MAA,2562.280548095703,250000.0,39
2018-06-19,HON-IR,5406.802730560303,250000.0,39
2018-06-19,DOV-IR,4519.982387542725,250000.0,39
2018-06-19,DLR-MAA,2592.9577407836914,250000.0,39
2018-06-20,HON-IR,-3542.916534423828,250000.0,39
2018-06-20,DOV-IR,-4353.092956542969,250000.0,39
2018-06-20,DLR-MAA,-263.1138687133789,250000.0,39
2018-06-21,HON-IR,-1508.0707721710205,250000.0,39
2018-06-21,DOV-IR,-5237.235231399536,250000.0,39
2018-06-21,DLR-MAA,-1728.0234603881836,250000.0,39
2018-06-22,HON-IR,6063.110609054565,250000.0,39
2018-06-22,DOV-IR,1613.8952007293701,250000.0,39
2018-06-22,DLR-MAA,-2236.237174987793,250000.0,39
2018-06-25,HON-IR,1548.0576286315918,250000.0,39
2018-06-25,DOV-IR,-3058.6649208068848,250000.0,39
2018-06-25,DLR-MAA,-2390.1505279541016,250000.0,39
2018-06-26,HON-IR,7720.754390716553,250000.0,39
2018-06-26,DOV-IR,3586.8231925964355,250000.0,39
2018-06-26,DLR-MAA,-387.1074981689453,250000.0,39
2018-06-27,HON-IR,11245.101892471313,250000.0,39
2018-06-27,DOV-IR,6025.570825576782,250000.0,39
2018-06-27,DLR-MAA,969.8289642333984,250000.0,39
2018-06-28,HON-IR,12185.273891448975,250000.0,39
2018-06-28,DOV-IR,6419.728130340576,250000.0,39
2018-06-28,MRVL-TXN,0.0,250000.0,39
2018-06-29,HON-IR,10664.39028930664,250000.0,39
2018-06-29,DOV-IR,5878.130905151367,250000.0,39
2018-06-29,MRVL-TXN,3955.310911178589,250000.0,39
2018-06-29,DLR-MAA,0.0,250000.0,39
2018-05-04,BLK-CPAY,0.0,250000.0,40
2018-05-07,BLK-CPAY,3136.029769897461,250000.0,40
2018-05-08,BLK-CPAY,4104.557907104492,250000.0,40
2018-05-08,DTE-XEL,0.0,250000.0,40
2018-05-08,AEP-DTE,0.0,250000.0,40
2018-05-09,BLK-CPAY,2864.4454956054688,250000.0,40
2018-05-09,DTE-XEL,-1895.0666427612305,250000.0,40
2018-05-09,AEP-DTE,-1135.6421279907227,250000.0,40
2018-05-10,BLK-CPAY,2031.8018493652344,250000.0,40
2018-05-10,DTE-XEL,-599.6877365112305,250000.0,40
2018-05-10,AEP-DTE,-504.57286071777344,250000.0,40
2018-05-11,BLK-CPAY,-886.5682373046875,250000.0,40
2018-05-14,BLK-CPAY,-1100.517578125,250000.0,40
2018-05-15,BLK-CPAY,101.93142700195312,250000.0,40
2018-05-16,BLK-CPAY,1373.4805908203125,250000.0,40
2018-05-17,BLK-CPAY,3743.3482208251953,250000.0,40
2018-05-18,BLK-CPAY,1867.1916961669922,250000.0,40
2018-05-21,GPN-SPGI,0.0,250000.0,40
2018-05-22,GPN-SPGI,-2600.078468322754,250000.0,40
2018-05-22,BLK-CPAY,0.0,250000.0,40
2018-05-23,GPN-SPGI,-3487.037452697754,250000.0,40
2018-05-23,BLK-CPAY,1843.7242736816406,250000.0,40
2018-05-24,GPN-SPGI,-519.6218109130859,250000.0,40
2018-06-07,WDAY-ZBRA,0.0,250000.0,40
2018-06-08,WDAY-ZBRA,-2447.0321044921875,250000.0,40
2018-06-08,DHI-PHM,0.0,250000.0,40
2018-06-11,WDAY-ZBRA,-1328.5946655273438,250000.0,40
2018-06-11,DHI-PHM,2049.8045654296875,250000.0,40
2018-06-11,HON-IR,0.0,250000.0,40
2018-06-12,WDAY-ZBRA,4658.695266723633,250000.0,40
2018-06-12,DHI-PHM,-1902.7033367156982,250000.0,40
2018-06-12,HON-IR,-3900.4698944091797,250000.0,40
2018-06-13,WDAY-ZBRA,8851.40950012207,250000.0,40
2018-06-13,HON-IR,-3614.0235290527344,250000.0,40
2018-06-13,DLR-MAA,0.0,250000.0,40
2018-06-14,HON-IR,3157.019729614258,250000.0,40
2018-06-14,DLR-MAA,1931.1737213134766,250000.0,40
2018-06-14,NWS-NWSA,0.0,250000.0,40
2018-06-15,HON-IR,1752.6962032318115,250000.0,40
2018-06-15,DLR-MAA,1977.3920669555664,250000.0,40
2018-06-15,BLDR-WM,0.0,250000.0,40
2018-06-15,AVGO-COHR,0.0,250000.0,40
2018-06-18,HON-IR,4780.702764511108,250000.0,40
2018-06-18,DLR-MAA,2562.280548095703,250000.0,40
2018-06-18,AVGO-COHR,7531.810638427734,250000.0,40
2018-06-19,HON-IR,5406.802730560303,250000.0,40
2018-06-19,DLR-MAA,2592.9577407836914,250000.0,40
2018-06-19,AVGO-COHR,4887.270057678223,250000.0,40
2018-06-20,HON-IR,-3542.916534423828,250000.0,40
2018-06-20,DLR-MAA,-263.1138687133789,250000.0,40
2018-06-20,AVGO-COHR,8696.148233413696,250000.0,40
2018-06-20,HLT-ROST,0.0,250000.0,40
2018-06-21,HON-IR,-1508.0707721710205,250000.0,40
2018-06-21,DLR-MAA,-1728.0234603881836,250000.0,40
2018-06-21,HLT-ROST,-2557.2818298339844,250000.0,40
2018-06-22,HON-IR,6063.110609054565,250000.0,40
2018-06-22,DLR-MAA,-2236.237174987793,250000.0,40
2018-06-22,HLT-ROST,-1093.3837890625,250000.0,40
2018-06-25,HON-IR,1548.0576286315918,250000.0,40
2018-06-25,DLR-MAA,-2390.1505279541016,250000.0,40
2018-06-25,HLT-ROST,-3102.0346908569336,250000.0,40
2018-06-25,CME-GPN,0.0,250000.0,40
2018-06-26,HON-IR,7720.754390716553,250000.0,40
2018-06-26,DLR-MAA,-387.1074981689453,250000.0,40
2018-06-26,HLT-ROST,-3768.1009674072266,250000.0,40
2018-06-26,CME-GPN,80.28630065917969,250000.0,40
2018-06-27,HON-IR,11245.101892471313,250000.0,40
2018-06-27,DLR-MAA,969.8289642333984,250000.0,40
2018-06-27,HLT-ROST,-4556.078399658203,250000.0,40
2018-06-27,CME-GPN,-1886.651596069336,250000.0,40
2018-06-28,HON-IR,12185.273891448975,250000.0,40
2018-06-28,HLT-ROST,-5245.2891845703125,250000.0,40
2018-06-28,CME-GPN,286.37176513671875,250000.0,40
2018-06-29,HON-IR,10664.39028930664,250000.0,40
2018-06-29,HLT-ROST,-1911.1564712524414,250000.0,40
2018-06-29,CME-GPN,3619.2237548828125,250000.0,40
2018-06-29,AKAM-ROP,0.0,250000.0,40
2018-06-29,DLR-MAA,0.0,250000.0,40
2018-07-02,HON-IR,2313.708972930908,250000.0,40
2018-07-02,HLT-ROST,-1034.2233276367188,250000.0,40
2018-07-02,AKAM-ROP,1903.8978652954102,250000.0,40
2018-07-02,DLR-MAA,-4057.6397399902344,250000.0,40
2018-07-03,HON-IR,3499.8930320739746,250000.0,40
2018-07-03,HLT-ROST,-2353.715675354004,250000.0,40
2018-07-03,DLR-MAA,-5534.828643798828,250000.0,40
2018-07-05,HON-IR,4039.445583343506,250000.0,40
2018-07-09,ADI-HPQ,0.0,250000.0,40
2018-07-10,ADI-HPQ,-3276.553596496582,250000.0,40
2018-07-11,ADI-HPQ,1853.6365966796875,250000.0,40
2018-07-11,WDAY-ZBRA,0.0,250000.0,40
2018-07-12,ADI-HPQ,147.1472625732422,250000.0,40
2018-07-12,WDAY-ZBRA,1693.242919921875,250000.0,40
2018-07-12,AVGO-COHR,0.0,250000.0,40
2018-07-13,ADI-HPQ,-2204.836151123047,250000.0,40
2018-07-13,WDAY-ZBRA,3107.9109497070312,250000.0,40
2018-07-13,AVGO-COHR,-6480.674524307251,250000.0,40
2018-07-16,ADI-HPQ,-1438.5768814086914,250000.0,40
2018-07-16,WDAY-ZBRA,-418.556640625,250000.0,40
2018-07-16,AVGO-COHR,-3933.670883178711,250000.0,40
2018-07-17,ADI-HPQ,-707.8886184692383,250000.0,40
2018-07-17,WDAY-ZBRA,1838.5642700195312,250000.0,40
2018-07-17,AVGO-COHR,-4616.775522232056,250000.0,40
2018-07-18,ADI-HPQ,1198.3074264526367,250000.0,40
2018-07-18,AVGO-COHR,-8126.342620849609,250000.0,40
2018-07-19,AVGO-COHR,-6739.631175994873,250000.0,40
2018-07-20,AVGO-COHR,-489.7389221191406,250000.0,40
2018-07-23,AVGO-COHR,512.3459339141846,250000.0,40
2018-07-24,AVGO-COHR,878.6075210571289,250000.0,40
2018-07-25,AVGO-COHR,6811.063137054443,250000.0,40
2018-07-26,AVGO-COHR,1302.0381832122803,250000.0,40
2018-07-27,DLR-MAA,0.0,250000.0,40
2018-07-30,DLR-MAA,624.9619522094727,250000.0,40
2018-06-06,LHX-XYL,0.0,250000.0,41
2018-06-07,LHX-XYL,-2416.5249633789062,250000.0,41
2018-06-08,LHX-XYL,-529.6900024414062,250000.0,41
2018-06-11,KKR-RJF,0.0,250000.0,41
2018-06-12,KKR-RJF,-129.1560287475586,250000.0,41
2018-06-13,KKR-RJF,-5344.083160400391,250000.0,41
2018-06-13,BAC-BLK,0.0,250000.0,41
2018-06-13,DLR-MAA,0.0,250000.0,41
2018-06-14,BAC-BLK,-2548.5183906555176,250000.0,41
2018-06-14,DLR-MAA,1931.1737213134766,250000.0,41
2018-06-14,MS-PNC,0.0,250000.0,41
2018-06-14,ICE-JKHY,0.0,250000.0,41
2018-06-14,NWS-NWSA,0.0,250000.0,41
2018-06-15,BAC-BLK,-975.2966651916504,250000.0,41
2018-06-15,DLR-MAA,1977.3920669555664,250000.0,41
2018-06-15,ICE-JKHY,-791.1327972412109,250000.0,41
2018-06-18,BAC-BLK,-117.84199905395508,250000.0,41
2018-06-18,DLR-MAA,2562.280548095703,250000.0,41
2018-06-18,ICE-JKHY,-2226.3471069335938,250000.0,41
2018-06-19,BAC-BLK,99.87181091308594,250000.0,41
2018-06-19,DLR-MAA,2592.9577407836914,250000.0,41
2018-06-20,BAC-BLK,179.22203826904297,250000.0,41
2018-06-20,DLR-MAA,-263.1138687133789,250000.0,41
2018-06-20,HLT-ROST,0.0,250000.0,41
2018-06-21,BAC-BLK,-805.9975891113281,250000.0,41
2018-06-21,DLR-MAA,-1728.0234603881836,250000.0,41
2018-06-21,HLT-ROST,-2557.2818298339844,250000.0,41
2018-06-22,BAC-BLK,-455.693172454834,250000.0,41
2018-06-22,DLR-MAA,-2236.237174987793,250000.0,41
2018-06-22,HLT-ROST,-1093.3837890625,250000.0,41
2018-06-25,BAC-BLK,-1641.3395881652832,250000.0,41
2018-06-25,DLR-MAA,-2390.1505279541016,250000.0,41
2018-06-25,HLT-ROST,-3102.0346908569336,250000.0,41
2018-06-26,BAC-BLK,-3936.636245727539,250000.0,41
2018-06-26,DLR-MAA,-387.1074981689453,250000.0,41
2018-06-26,HLT-ROST,-3768.1009674072266,250000.0,41
2018-06-27,DLR-MAA,969.8289642333984,250000.0,41
2018-06-27,HLT-ROST,-4556.078399658203,250000.0,41
2018-06-28,HLT-ROST,-5245.2891845703125,250000.0,41
2018-06-28,OMC-WBD,0.0,250000.0,41
2018-06-29,HLT-ROST,-1911.1564712524414,250000.0,41
2018-06-29,OMC-WBD,-8288.947860717773,250000.0,41
2018-06-29,DLR-MAA,0.0,250000.0,41
2018-07-02,HLT-ROST,-1034.2233276367188,250000.0,41
2018-07-02,OMC-WBD,-2955.472469329834,250000.0,41
2018-07-02,DLR-MAA,-4057.6397399902344,250000.0,41
2018-07-02,ICE-KKR,0.0,250000.0,41
2018-07-03,HLT-ROST,-2353.715675354004,250000.0,41
2018-07-03,OMC-WBD,-1287.4114151000977,250000.0,41
2018-07-03,DLR-MAA,-5534.828643798828,250000.0,41
2018-07-03,ICE-JKHY,0.0,250000.0,41
2018-07-05,OMC-WBD,-5100.422927856445,250000.0,41
2018-07-05,ICE-JKHY,-1223.9558944702148,250000.0,41
2018-07-06,ICE-JKHY,-1802.6234130859375,250000.0,41
2018-07-09,ICE-JKHY,1606.6311721801758,250000.0,41
2018-07-10,ICE-JKHY,1813.9615020751953,250000.0,41
2018-07-11,ICE-JKHY,528.3759460449219,250000.0,41
2018-07-12,ICE-JKHY,-2178.1982498168945,250000.0,41
2018-07-13,ICE-JKHY,588.6506195068359,250000.0,41
2018-07-16,ICE-JKHY,2718.9423904418945,250000.0,41
2018-07-17,ICE-JKHY,2116.121826171875,250000.0,41
2018-07-27,DLR-MAA,0.0,250000.0,41
2018-07-30,DLR-MAA,624.9619522094727,250000.0,41
2018-08-01,BAC-BLK,0.0,250000.0,41
2018-08-02,BAC-BLK,-2259.4687881469727,250000.0,41
2018-08-03,BAC-BLK,657.352180480957,250000.0,41
2018-08-06,BAC-BLK,1176.0188064575195,250000.0,41
2018-08-07,OMC-WBD,0.0,250000.0,41
2018-08-08,OMC-WBD,1974.308006286621,250000.0,41
2018-08-09,OMC-WBD,6080.452568054199,250000.0,41
2018-08-10,OMC-WBD,5173.686614990234,250000.0,41
2018-08-24,TYL-ZBRA,0.0,250000.0,41
2018-08-27,TYL-ZBRA,1372.708984375,250000.0,41
2018-08-28,TYL-ZBRA,-211.6300048828125,250000.0,41
2018-08-29,TYL-ZBRA,-1721.8699951171875,250000.0,41
2018-08-30,TYL-ZBRA,-2849.6790771484375,250000.0,41
2018-08-30,BDX-ELV,0.0,250000.0,41
2018-08-31,TYL-ZBRA,-2992.40185546875,250000.0,41
2018-08-31,BDX-ELV,-1840.8231811523438,250000.0,41
2018-07-17,KIM-VTR,0.0,250000.0,42
2018-07-17,DLR-IRM,0.0,250000.0,42
2018-07-18,KIM-VTR,-2213.3730278015137,250000.0,42
2018-07-18,DLR-IRM,-1019.0132789611816,250000.0,42
2018-07-19,KIM-VTR,-1950.2278366088867,250000.0,42
2018-07-19,DLR-IRM,1265.002342224121,250000.0,42
2018-07-20,KIM-VTR,980.0713691711426,250000.0,42
2018-07-20,DLR-IRM,-712.6111030578613,250000.0,42
2018-07-23,KIM-VTR,-1962.3163967132568,250000.0,42
2018-07-23,DLR-IRM,-1367.67578125,250000.0,42
2018-07-24,KIM-VTR,-1616.0408020019531,250000.0,42
2018-07-24,DLR-IRM,1499.0814208984375,250000.0,42
2018-07-25,KIM-VTR,122.63308143615723,250000.0,42
2018-07-25,DLR-IRM,77.13614273071289,250000.0,42
2018-07-26,KIM-VTR,-3256.1824645996094,250000.0,42
2018-07-26,DLR-IRM,831.3418159484863,250000.0,42
2018-07-27,DLR-MAA,0.0,250000.0,42
2018-07-30,DLR-MAA,624.9619522094727,250000.0,42
2018-08-13,NVR-PHM,0.0,250000.0,42
2018-08-14,NVR-PHM,482.9497184753418,250000.0,42
2018-08-15,NVR-PHM,608.172306060791,250000.0,42
2018-08-16,NVR-PHM,4281.615245819092,250000.0,42
2018-08-16,PWR-UPS,0.0,250000.0,42
2018-08-17,PWR-UPS,206.04830932617188,250000.0,42
2018-08-20,PWR-UPS,-1427.425880432129,250000.0,42
2018-08-21,PWR-UPS,-1169.3810424804688,250000.0,42
2018-08-22,PWR-UPS,170.88839721679688,250000.0,42
2018-08-22,RMD-ZTS,0.0,250000.0,42
2018-08-23,PWR-UPS,-122.13047790527344,250000.0,42
2018-08-23,RMD-ZTS,-1138.4989318847656,250000.0,42
2018-08-24,PWR-UPS,-3110.880760192871,250000.0,42
2018-08-24,RMD-ZTS,-2073.6151809692383,250000.0,42
2018-08-27,PWR-UPS,-4609.687721252441,250000.0,42
2018-08-27,RMD-ZTS,-4781.672149658203,250000.0,42
2018-08-27,AME-FAST,0.0,250000.0,42
2018-08-28,PWR-UPS,-1843.3779067993164,250000.0,42
2018-08-28,RMD-ZTS,-5207.261520385742,250000.0,42
2018-08-28,AME-FAST,-2636.1674156188965,250000.0,42
2018-08-29,PWR-UPS,-1242.7416076660156,250000.0,42
2018-08-29,RMD-ZTS,-5394.543998718262,250000.0,42
2018-08-29,AME-FAST,-2326.7030487060547,250000.0,42
2018-08-30,PWR-UPS,-836.6943359375,250000.0,42
2018-08-30,RMD-ZTS,-5473.089828491211,250000.0,42
2018-08-30,AME-FAST,-227.64442443847656,250000.0,42
2018-08-31,RMD-ZTS,-2144.0650329589844,250000.0,42
2018-08-31,AME-FAST,-2242.4815216064453,250000.0,42
2018-09-04,RMD-ZTS,-4401.004936218262,250000.0,42
2018-09-04,AME-FAST,1964.612392425537,250000.0,42
2018-09-05,AME-FAST,-4900.465431213379,250000.0,42
2018-09-06,AME-FAST,-6842.597301483154,250000.0,42
2018-09-07,KIM-WELL,0.0,250000.0,42
2018-09-10,KIM-WELL,2762.4058141708374,250000.0,42
2018-09-10,HD-ORLY,0.0,250000.0,42
2018-09-11,HD-ORLY,-5366.402765274048,250000.0,42
2018-09-12,HD-ORLY,-4125.463230133057,250000.0,42
2018-09-13,HD-ORLY,-323.7992992401123,250000.0,42
2018-09-13,AME-CHRW,0.0,250000.0,42
2018-09-14,HD-ORLY,-1745.4950942993164,250000.0,42
2018-09-14,AME-CHRW,3222.2928314208984,250000.0,42
2018-09-17,HD-ORLY,-1823.1105117797852,250000.0,42
2018-09-17,AME-CHRW,-5141.170806884766,250000.0,42
2018-09-18,HD-ORLY,-4608.54155921936,250000.0,42
2018-09-18,AME-CHRW,-7649.789337158203,250000.0,42
2018-09-19,HD-ORLY,-4249.23292350769,250000.0,42
2018-09-19,AME-CHRW,-5652.785293579102,250000.0,42
2018-09-20,HD-ORLY,-1758.7852821350098,250000.0,42
2018-09-20,AME-CHRW,-9125.2734375,250000.0,42
2018-09-21,HD-ORLY,-4595.764867782593,250000.0,42
2018-09-21,AME-CHRW,-6843.166763305664,250000.0,42
2018-09-24,HD-ORLY,3662.9090099334717,250000.0,42
2018-09-24,AME-CHRW,-4717.231063842773,250000.0,42
2018-09-25,HD-ORLY,5695.414152145386,250000.0,42
2018-09-25,AME-CHRW,-2524.2171936035156,250000.0,42
2018-09-26,HD-ORLY,6587.545642852783,250000.0,42
2018-09-26,AME-CHRW,3524.8134155273438,250000.0,42
2018-09-27,AME-CHRW,6344.606643676758,250000.0,42
2018-09-27,NVR-PHM,0.0,250000.0,42
2018-09-28,NVR-PHM,2100.526123046875,250000.0,42
2018-08-21,RMD-TECH,0.0,250000.0,43
2018-08-22,RMD-TECH,790.0273628234863,250000.0,43
2018-08-23,RMD-TECH,-1478.4911499023438,250000.0,43
2018-08-24,RMD-TECH,-638.7894706726074,250000.0,43
2018-08-27,AME-FAST,0.0,250000.0,43
2018-08-28,AME-FAST,-2636.1674156188965,250000.0,43
2018-08-29,AME-FAST,-2326.7030487060547,250000.0,43
2018-08-30,AME-FAST,-227.64442443847656,250000.0,43
2018-08-31,AME-FAST,-2242.4815216064453,250000.0,43
2018-09-04,AME-FAST,1964.612392425537,250000.0,43
2018-09-04,FITB-MTB,0.0,250000.0,43
2018-09-04,DAL-EME,0.0,250000.0,43
2018-09-05,AME-FAST,-4900.465431213379,250000.0,43
2018-09-05,FITB-MTB,-738.1614093780518,250000.0,43
2018-09-05,DAL-EME,2015.8997993469238,250000.0,43
2018-09-05,CSX-WAB,0.0,250000.0,43
2018-09-05,HIG-PFG,0.0,250000.0,43
2018-09-06,AME-FAST,-6842.597301483154,250000.0,43
2018-09-06,FITB-MTB,154.4535961151123,250000.0,43
2018-09-06,DAL-EME,2310.635684967041,250000.0,43
2018-09-06,CSX-WAB,-1715.329746246338,250000.0,43
2018-09-06,HIG-PFG,570.1327171325684,250000.0,43
2018-09-07,FITB-MTB,-117.18132781982422,250000.0,43
2018-09-07,DAL-EME,-1162.4459228515625,250000.0,43
2018-09-07,CSX-WAB,-6430.660575866699,250000.0,43
2018-09-07,HIG-PFG,2356.854293823242,250000.0,43
2018-09-10,FITB-MTB,57.284915924072266,250000.0,43
2018-09-10,DAL-EME,-931.960376739502,250000.0,43
2018-09-10,CSX-WAB,-25.391948699951172,250000.0,43
2018-09-10,HIG-PFG,624.3977508544922,250000.0,43
2018-09-11,FITB-MTB,-576.5656986236572,250000.0,43
2018-09-11,DAL-EME,-2775.6914558410645,250000.0,43
2018-09-11,CSX-WAB,-3155.4467849731445,250000.0,43
2018-09-11,HIG-PFG,1965.3987464904785,250000.0,43
2018-09-12,CSX-WAB,-1173.1180229187012,250000.0,43
2018-09-12,HIG-PFG,2163.7325325012207,250000.0,43
2018-09-13,CSX-WAB,-2550.9289741516113,250000.0,43
2018-09-13,HIG-PFG,2419.3108978271484,250000.0,43
2018-09-13,FITB-MTB,0.0,250000.0,43
2018-09-14,FITB-MTB,-525.3811798095703,250000.0,43
2018-09-17,FITB-MTB,-1718.638412475586,250000.0,43
2018-09-18,FITB-MTB,-3042.6394805908203,250000.0,43
2018-09-19,FITB-MTB,-1020.6502151489258,250000.0,43
2018-09-20,FITB-MTB,-662.7511253356934,250000.0,43
2018-09-20,HPQ-ROP,0.0,250000.0,43
2018-09-21,FITB-MTB,477.896484375,250000.0,43
2018-09-21,HPQ-ROP,-4049.6982707977295,250000.0,43
2018-09-24,FITB-MTB,-2055.5054054260254,250000.0,43
2018-09-25,FITB-MTB,-4235.352447509766,250000.0,43
2018-09-26,FITB-MTB,-4224.601596832275,250000.0,43
2018-09-27,FITB-MTB,-5734.799663543701,250000.0,43
2018-10-04,FTNT-GDDY,0.0,250000.0,43
2018-10-05,FTNT-GDDY,134.84355926513672,250000.0,43
2018-10-08,FTNT-GDDY,-5976.499862670898,250000.0,43
2018-10-09,FTNT-GDDY,-5862.549858093262,250000.0,43
2018-10-10,MA-MSCI,0.0,250000.0,43
2018-10-11,ANET-STX,0.0,250000.0,43
2018-10-12,ANET-STX,7562.096683502197,250000.0,43
2018-10-15,ANET-STX,7653.33415222168,250000.0,43
2018-09-05,CSX-WAB,0.0,250000.0,44
2018-09-05,HIG-PFG,0.0,250000.0,44
2018-09-06,CSX-WAB,-1715.329746246338,250000.0,44
2018-09-06,HIG-PFG,570.1327171325684,250000.0,44
2018-09-07,CSX-WAB,-6430.660575866699,250000.0,44
2018-09-07,HIG-PFG,2356.854293823242,250000.0,44
2018-09-10,CSX-WAB,-25.391948699951172,250000.0,44
2018-09-10,HIG-PFG,624.3977508544922,250000.0,44
2018-09-11,CSX-WAB,-3155.4467849731445,250000.0,44
2018-09-11,HIG-PFG,1965.3987464904785,250000.0,44
2018-09-12,CSX-WAB,-1173.1180229187012,250000.0,44
2018-09-12,HIG-PFG,2163.7325325012207,250000.0,44
2018-09-13,CSX-WAB,-2550.9289741516113,250000.0,44
2018-09-13,HIG-PFG,2419.3108978271484,250000.0,44
2018-09-13,ARES-TFC,0.0,250000.0,44
2018-09-14,ARES-TFC,-2148.4869346618652,250000.0,44
2018-09-14,ETN-RTX,0.0,250000.0,44
2018-09-17,ARES-TFC,-2423.318531036377,250000.0,44
2018-09-17,ETN-RTX,28.831863403320312,250000.0,44
2018-09-18,ARES-TFC,-9273.233127593994,250000.0,44
2018-09-18,ETN-RTX,-3709.5455474853516,250000.0,44
2018-09-18,BRO-V,0.0,250000.0,44
2018-09-19,ARES-TFC,-10668.866828918457,250000.0,44
2018-09-19,ETN-RTX,-3019.197235107422,250000.0,44
2018-09-19,BRO-V,2834.88077545166,250000.0,44
2018-09-20,ARES-TFC,-7241.617572784424,250000.0,44
2018-09-20,BRO-V,-245.39545440673828,250000.0,44
2018-09-20,HPQ-ROP,0.0,250000.0,44
2018-09-21,BRO-V,-2623.530590057373,250000.0,44
2018-09-21,HPQ-ROP,-4049.6982707977295,250000.0,44
2018-09-24,BRO-V,-3047.1774406433105,250000.0,44
2018-09-25,BRO-V,-6322.21089553833,250000.0,44
2018-09-26,BRO-V,-7037.352113723755,250000.0,44
2018-09-27,BRO-V,-7919.215797424316,250000.0,44
2018-09-28,BRO-V,-8115.100221633911,250000.0,44
2018-10-01,BRO-V,-9842.359483718872,250000.0,44
2018-10-02,BRO-V,-8566.640369415283,250000.0,44
2018-10-10,MA-MSCI,0.0,250000.0,44
2018-11-19,BRO-V,0.0,250000.0,44
2018-11-20,BRO-V,174.63927459716797,250000.0,44
2018-11-21,BRO-V,2964.547637939453,250000.0,44
2018-11-23,BRO-V,-921.1371688842773,250000.0,44
2018-11-26,BRO-V,4042.1634368896484,250000.0,44
2018-11-27,BRO-V,5727.791030883789,250000.0,44
2018-11-27,ETN-RTX,0.0,250000.0,44
2018-11-28,ETN-RTX,-1894.8421478271484,250000.0,44
2018-11-29,ETN-RTX,-4095.8350868225098,250000.0,44
2018-11-30,ETN-RTX,-4313.738388061523,250000.0,44
2018-10-01,ADBE-GDDY,0.0,250000.0,45
2018-10-01,NVDA-ZBRA,0.0,250000.0,45
2018-10-02,ADBE-GDDY,338.3426742553711,250000.0,45
2018-10-02,NVDA-ZBRA,-2737.385636329651,250000.0,45
2018-10-03,ADBE-GDDY,3545.0644302368164,250000.0,45
2018-10-03,NVDA-ZBRA,-2421.047231197357,250000.0,45
2018-10-04,NVDA-ZBRA,126.14033651351929,250000.0,45
2018-10-05,NVDA-ZBRA,6768.969707965851,250000.0,45
2018-10-08,NVDA-ZBRA,6126.5255489349365,250000.0,45
2018-10-09,NVDA-ZBRA,4776.836290359497,250000.0,45
2018-10-09,FTV-RSG,0.0,250000.0,45
2018-10-10,FTV-RSG,650.9394989013672,250000.0,45
2018-10-10,MA-MSCI,0.0,250000.0,45
2018-10-11,FTV-RSG,2031.7171363830566,250000.0,45
2018-10-11,NVDA-ZBRA,0.0,250000.0,45
2018-10-12,FTV-RSG,1481.2332763671875,250000.0,45
2018-10-12,NVDA-ZBRA,4018.172255039215,250000.0,45
2018-10-15,FTV-RSG,1121.0610427856445,250000.0,45
2018-10-15,NVDA-ZBRA,-15887.654729366302,250000.0,45
2018-10-15,ADBE-GDDY,0.0,250000.0,45
2018-10-16,FTV-RSG,-1999.0734405517578,250000.0,45
2018-10-16,NVDA-ZBRA,-14565.11893749237,250000.0,45
2018-10-17,FTV-RSG,-996.1046447753906,250000.0,45
2018-10-17,NVDA-ZBRA,-19378.523449897766,250000.0,45
2018-10-18,FTV-RSG,-1350.5794219970703,250000.0,45
2018-10-18,NVDA-ZBRA,-23113.97371149063,250000.0,45
2018-10-19,FTV-RSG,-2356.1707153320312,250000.0,45
2018-10-22,FTV-RSG,-5313.434181213379,250000.0,45
2018-10-23,FTV-RSG,-4014.5965614318848,250000.0,45
2018-10-26,ARE-SPG,0.0,250000.0,45
2018-10-29,ARE-SPG,2203.5857696533203,250000.0,45
2018-10-30,ARE-SPG,-6023.957656860352,250000.0,45
2018-10-31,ARE-SPG,-3200.812644958496,250000.0,45
2018-11-01,ARE-SPG,-480.60609436035156,250000.0,45
2018-11-02,ARE-SPG,-2627.7480239868164,250000.0,45
2018-11-05,ARE-SPG,-2046.6246032714844,250000.0,45
2018-11-05,ARE-INVH,0.0,250000.0,45
2018-11-06,ARE-SPG,-1558.4237670898438,250000.0,45
2018-11-06,ARE-INVH,1972.4607238769531,250000.0,45
2018-11-07,ARE-SPG,-2939.424819946289,250000.0,45
2018-11-07,ARE-INVH,230.5345344543457,250000.0,45
2018-11-08,ARE-SPG,-3322.6630096435547,250000.0,45
2018-11-08,ARE-INVH,4957.396043777466,250000.0,45
2018-11-09,ARE-SPG,-6424.319267272949,250000.0,45
2018-11-09,ARE-INVH,7084.912559509277,250000.0,45
2018-11-16,DIS-VZ,0.0,250000.0,45
2018-11-19,DIS-VZ,-3227.5635566711426,250000.0,45
2018-11-20,DIS-VZ,-5443.18643951416,250000.0,45
2018-11-20,ARE-CPT,0.0,250000.0,45
2018-11-21,DIS-VZ,-1899.94877243042,250000.0,45
2018-11-21,ARE-CPT,-445.5299835205078,250000.0,45
2018-11-23,DIS-VZ,-1622.6764183044434,250000.0,45
2018-11-23,ARE-CPT,355.0389938354492,250000.0,45
2018-11-26,DIS-VZ,-2892.2428245544434,250000.0,45
2018-11-26,ARE-CPT,1774.5307083129883,250000.0,45
2018-11-27,DIS-VZ,-6362.910224914551,250000.0,45
2018-11-27,ARE-CPT,904.9999923706055,250000.0,45
2018-11-28,DIS-VZ,444.4536361694336,250000.0,45
2018-11-28,ARE-CPT,2667.381690979004,250000.0,45
2018-11-29,ARE-CPT,652.8498153686523,250000.0,45
2018-11-30,ARE-CPT,-180.58880615234375,250000.0,45
2018-11-30,FAST-LII,0.0,250000.0,45
2018-12-03,ARE-CPT,2976.4584045410156,250000.0,45
2018-12-03,FAST-LII,1430.4908266067505,250000.0,45
2018-12-04,AAPL-TDY,0.0,250000.0,45
2018-12-06,AAPL-TDY,-6417.349014282227,250000.0,45
2018-12-10,DOV-ETN,0.0,250000.0,45
2018-12-12,AEP-XEL,0.0,250000.0,45
2018-12-13,AEP-XEL,899.2973403930664,250000.0,45
2018-12-14,AEP-XEL,-569.363410949707,250000.0,45
2018-12-17,AEP-XEL,1051.4130210876465,250000.0,45
2018-12-17,ARE-SPG,0.0,250000.0,45
2018-12-18,AEP-XEL,134.5481300354004,250000.0,45
2018-12-18,ARE-SPG,-1535.882698059082,250000.0,45
2018-12-18,ARE-FRT,0.0,250000.0,45
2018-12-19,AEP-XEL,-1321.2573051452637,250000.0,45
2018-12-19,ARE-SPG,-5577.718963623047,250000.0,45
2018-12-19,ARE-FRT,-4287.603424072266,250000.0,45
2018-12-20,AEP-XEL,-1544.2755737304688,250000.0,45
2018-12-20,ARE-SPG,-8474.211616516113,250000.0,45
2018-12-20,ARE-FRT,-2772.2251739501953,250000.0,45
2018-12-20,MA-MSCI,0.0,250000.0,45
2018-12-21,AEP-XEL,-87.56758499145508,250000.0,45
2018-12-21,ARE-FRT,-2521.9131088256836,250000.0,45
2018-12-21,MA-MSCI,-7899.208480834961,250000.0,45
2018-12-24,AEP-XEL,-2051.3557777404785,250000.0,45
2018-12-24,ARE-FRT,-2206.2570419311523,250000.0,45
2018-12-24,MA-MSCI,-5030.458053588867,250000.0,45
2018-12-24,LII-WM,0.0,250000.0,45
2018-12-24,L-SCHW,0.0,250000.0,45
2018-12-26,AEP-XEL,-20.465553283691406,250000.0,45
2018-12-26,ARE-FRT,186.63251495361328,250000.0,45
2018-12-26,LII-WM,6280.6409912109375,250000.0,45
2018-12-26,L-SCHW,3911.3527297973633,250000.0,45
2018-12-27,ARE-FRT,34.353538513183594,250000.0,45
2018-12-27,L-SCHW,5692.777019500732,250000.0,45
2018-12-28,ARE-FRT,-523.6081008911133,250000.0,45
2018-12-28,L-SCHW,5098.764053344727,250000.0,45
2018-11-05,ARE-INVH,0.0,250000.0,46
2018-11-06,ARE-INVH,1972.4607238769531,250000.0,46
2018-11-07,ARE-INVH,230.5345344543457,250000.0,46
2018-11-08,ARE-INVH,4957.396043777466,250000.0,46
2018-11-09,ARE-INVH,7084.912559509277,250000.0,46
2018-11-13,IDXX-RMD,0.0,250000.0,46
2018-11-14,IDXX-RMD,802.8095550537109,250000.0,46
2018-11-15,CPAY-KKR,0.0,250000.0,46
2018-11-16,CPAY-KKR,-5238.6600914001465,250000.0,46
2018-11-16,DIS-VZ,0.0,250000.0,46
2018-11-19,CPAY-KKR,-2853.975959777832,250000.0,46
2018-11-19,DIS-VZ,-3227.5635566711426,250000.0,46
2018-11-20,CPAY-KKR,-405.3874797821045,250000.0,46
2018-11-20,DIS-VZ,-5443.18643951416,250000.0,46
2018-11-21,DIS-VZ,-1899.94877243042,250000.0,46
2018-11-23,DIS-VZ,-1622.6764183044434,250000.0,46
2018-11-26,DIS-VZ,-2892.2428245544434,250000.0,46
2018-11-27,DIS-VZ,-6362.910224914551,250000.0,46
2018-11-28,DIS-VZ,444.4536361694336,250000.0,46
2018-11-29,ARE-KIM,0.0,250000.0,46
2018-11-30,ARE-KIM,707.3695907592773,250000.0,46
2018-12-03,ARE-KIM,1446.9135475158691,250000.0,46
2018-12-04,ARE-KIM,-400.63233947753906,250000.0,46
2018-12-06,ARE-KIM,-1709.5638313293457,250000.0,46
2018-12-06,ARE-VTR,0.0,250000.0,46
2018-12-07,ARE-KIM,-2645.5409088134766,250000.0,46
2018-12-07,ARE-VTR,-1061.3769149780273,250000.0,46
2018-12-10,ARE-KIM,-1703.088279724121,250000.0,46
2018-12-10,ARE-VTR,1144.8151779174805,250000.0,46
2018-12-11,ARE-VTR,-165.16781616210938,250000.0,46
2018-12-12,ARE-VTR,3212.8179931640625,250000.0,46
2018-12-12,ARE-DLR,0.0,250000.0,46
2018-12-13,ARE-DLR,6727.200744628906,250000.0,46
2018-12-13,ARE-PSA,0.0,250000.0,46
2018-12-14,ARE-DLR,6537.793884277344,250000.0,46
2018-12-17,ARE-DLR,2958.3997802734375,250000.0,46
2018-12-17,ARE-SBAC,0.0,250000.0,46
2018-12-17,ARE-REG,0.0,250000.0,46
2018-12-18,ARE-DLR,7033.175598144531,250000.0,46
2018-12-18,ARE-SBAC,1462.484764099121,250000.0,46
2018-12-18,ARE-REG,1787.2144889831543,250000.0,46
2018-12-18,ARE-FRT,0.0,250000.0,46
2018-12-19,ARE-DLR,6627.1907958984375,250000.0,46
2018-12-19,ARE-SBAC,905.6347045898438,250000.0,46
2018-12-19,ARE-REG,-4207.008983612061,250000.0,46
2018-12-19,ARE-FRT,-4287.603424072266,250000.0,46
2018-12-20,ARE-DLR,-504.15203857421875,250000.0,46
2018-12-20,ARE-SBAC,-2017.4882583618164,250000.0,46
2018-12-20,ARE-REG,-696.4668769836426,250000.0,46
2018-12-20,ARE-FRT,-2772.2251739501953,250000.0,46
2018-12-20,ARE-CPT,0.0,250000.0,46
2018-12-21,ARE-DLR,-10729.948486328125,250000.0,46
2018-12-21,ARE-SBAC,-4744.187271118164,250000.0,46
2018-12-21,ARE-REG,2680.099723815918,250000.0,46
2018-12-21,ARE-FRT,-2521.9131088256836,250000.0,46
2018-12-21,ARE-CPT,-1190.9841079711914,250000.0,46
2018-12-21,PODD-VEEV,0.0,250000.0,46
2018-12-24,ARE-REG,4328.058765411377,250000.0,46
2018-12-24,ARE-FRT,-2206.2570419311523,250000.0,46
2018-12-24,PODD-VEEV,-3206.6893920898438,250000.0,46
2018-12-24,ARE-INVH,0.0,250000.0,46
2018-12-26,ARE-FRT,186.63251495361328,250000.0,46
2018-12-26,ARE-INVH,5613.445823669434,250000.0,46
2018-12-27,ARE-FRT,34.353538513183594,250000.0,46
2018-12-27,ARE-INVH,6499.396690368652,250000.0,46
2018-12-28,ARE-FRT,-523.6081008911133,250000.0,46
2019-01-08,DIS-VZ,0.0,250000.0,46
2019-01-09,ARE-DLR,0.0,250000.0,46
2019-01-10,ARE-DLR,2165.891975402832,250000.0,46
2019-01-11,ARE-DLR,4023.907539367676,250000.0,46
2019-01-14,ARE-DLR,6649.741264343262,250000.0,46
2019-01-15,ARE-DLR,4108.804443359375,250000.0,46
2019-01-16,ARE-DLR,765.5890121459961,250000.0,46
2019-01-16,ARE-CPT,0.0,250000.0,46
2019-01-17,ARE-DLR,-2196.7489852905273,250000.0,46
2019-01-17,ARE-CPT,216.63876342773438,250000.0,46
2019-01-18,ARE-DLR,-4516.970649719238,250000.0,46
2019-01-18,ARE-CPT,2107.8201904296875,250000.0,46
2019-01-22,ARE-DLR,-10102.694610595703,250000.0,46
2019-01-23,ARE-DLR,-11244.195220947266,250000.0,46
2019-01-30,ARE-BXP,0.0,250000.0,46
2019-01-31,ARE-BXP,2298.0699157714844,250000.0,46
2019-01-31,ARE-KIM,0.0,250000.0,46
2019-01-31,ARE-MAA,0.0,250000.0,46
2018-12-06,ARE-VTR,0.0,250000.0,47
2018-12-06,ARE-HST,0.0,250000.0,47
2018-12-07,ARE-VTR,-1061.3769149780273,250000.0,47
2018-12-07,ARE-HST,-2520.564799308777,250000.0,47
2018-12-10,ARE-VTR,1144.8151779174805,250000.0,47
2018-12-10,ARE-HST,-4620.944319725037,250000.0,47
2018-12-11,ARE-VTR,-165.16781616210938,250000.0,47
2018-12-11,ARE-HST,-2032.4122533798218,250000.0,47
2018-12-11,DOC-O,0.0,250000.0,47
2018-12-12,ARE-VTR,3212.8179931640625,250000.0,47
2018-12-12,DOC-O,-970.7078342437744,250000.0,47
2018-12-12,ARE-DLR,0.0,250000.0,47
2018-12-13,ARE-DLR,6727.200744628906,250000.0,47
2018-12-13,ARE-PSA,0.0,250000.0,47
2018-12-14,ARE-DLR,6537.793884277344,250000.0,47
2018-12-17,ARE-DLR,2958.3997802734375,250000.0,47
2018-12-17,ARE-SBAC,0.0,250000.0,47
2018-12-17,ARE-REG,0.0,250000.0,47
2018-12-18,ARE-DLR,7033.175598144531,250000.0,47
2018-12-18,ARE-SBAC,1462.484764099121,250000.0,47
2018-12-18,ARE-REG,1787.2144889831543,250000.0,47
2018-12-18,ARE-FRT,0.0,250000.0,47
2018-12-19,ARE-DLR,6627.1907958984375,250000.0,47
2018-12-19,ARE-SBAC,905.6347045898438,250000.0,47
2018-12-19,ARE-REG,-4207.008983612061,250000.0,47
2018-12-19,ARE-FRT,-4287.603424072266,250000.0,47
2018-12-20,ARE-DLR,-504.15203857421875,250000.0,47
2018-12-20,ARE-SBAC,-2017.4882583618164,250000.0,47
2018-12-20,ARE-REG,-696.4668769836426,250000.0,47
2018-12-20,ARE-FRT,-2772.2251739501953,250000.0,47
2018-12-20,ARE-CPT,0.0,250000.0,47
2018-12-21,ARE-DLR,-10729.948486328125,250000.0,47
2018-12-21,ARE-SBAC,-4744.187271118164,250000.0,47
2018-12-21,ARE-REG,2680.099723815918,250000.0,47
2018-12-21,ARE-FRT,-2521.9131088256836,250000.0,47
2018-12-21,ARE-CPT,-1190.9841079711914,250000.0,47
2018-12-24,ARE-REG,4328.058765411377,250000.0,47
2018-12-24,ARE-FRT,-2206.2570419311523,250000.0,47
2018-12-24,ARE-INVH,0.0,250000.0,47
2018-12-24,ARE-HST,0.0,250000.0,47
2018-12-26,ARE-FRT,186.63251495361328,250000.0,47
2018-12-26,ARE-INVH,5613.445823669434,250000.0,47
2018-12-26,ARE-HST,4481.224388122559,250000.0,47
2018-12-27,ARE-FRT,34.353538513183594,250000.0,47
2018-12-27,ARE-INVH,6499.396690368652,250000.0,47
2018-12-27,ARE-HST,7101.82950592041,250000.0,47
2018-12-28,ARE-FRT,-523.6081008911133,250000.0,47
2018-12-28,ARE-HST,7803.917190551758,250000.0,47
2018-12-31,ARE-HST,14570.424021720886,250000.0,47
2019-01-02,ARE-HST,-641.897801399231,250000.0,47
2019-01-03,ARE-HST,4670.897892951965,250000.0,47
2019-01-03,COO-ELV,0.0,250000.0,47
2019-01-04,ARE-HST,2237.6988611221313,250000.0,47
2019-01-04,COO-ELV,1493.2852745056152,250000.0,47
2019-01-07,ARE-HST,4044.440839767456,250000.0,47
2019-01-07,COO-ELV,1612.6265602111816,250000.0,47
2019-01-08,ARE-HST,10827.383452415466,250000.0,47
2019-01-08,COO-ELV,-3216.8677558898926,250000.0,47
2019-01-09,ARE-HST,12464.30973148346,250000.0,47
2019-01-09,COO-ELV,-3784.380874633789,250000.0,47
2019-01-09,ARE-DLR,0.0,250000.0,47
2019-01-10,COO-ELV,-3627.9287033081055,250000.0,47
2019-01-10,ARE-DLR,2165.891975402832,250000.0,47
2019-01-11,COO-ELV,-262.9745330810547,250000.0,47
2019-01-11,ARE-DLR,4023.907539367676,250000.0,47
2019-01-14,COO-ELV,-1284.904296875,250000.0,47
2019-01-14,ARE-DLR,6649.741264343262,250000.0,47
2019-01-15,COO-ELV,-537.820930480957,250000.0,47
2019-01-15,ARE-DLR,4108.804443359375,250000.0,47
2019-01-16,COO-ELV,-892.1611633300781,250000.0,47
2019-01-16,ARE-DLR,765.5890121459961,250000.0,47
2019-01-16,ARE-CPT,0.0,250000.0,47
2019-01-17,COO-ELV,1668.944076538086,250000.0,47
2019-01-17,ARE-DLR,-2196.7489852905273,250000.0,47
2019-01-17,ARE-CPT,216.63876342773438,250000.0,47
2019-01-18,ARE-DLR,-4516.970649719238,250000.0,47
2019-01-18,ARE-CPT,2107.8201904296875,250000.0,47
2019-01-22,ARE-DLR,-10102.694610595703,250000.0,47
2019-01-23,ARE-DLR,-11244.195220947266,250000.0,47
2019-01-30,DOC-O,0.0,250000.0,47
2019-01-31,DOC-O,-517.2509765625,250000.0,47
2019-01-31,ARE-KIM,0.0,250000.0,47
2019-01-31,ARE-MAA,0.0,250000.0,47
2019-02-01,DOC-O,186.68254852294922,250000.0,47
2019-02-01,ARE-KIM,4437.948534011841,250000.0,47
2019-02-01,ARE-MAA,277.2198028564453,250000.0,47
2019-02-04,DOC-O,-3311.7478218078613,250000.0,47
2019-02-04,ARE-KIM,5428.475330352783,250000.0,47
2019-02-04,ARE-MAA,4479.50439453125,250000.0,47
2019-02-20,ARE-HST,0.0,250000.0,47
2019-02-21,ARE-HST,-905.9325323104858,250000.0,47
2019-02-21,ARE-PSA,0.0,250000.0,47
2019-02-22,ARE-HST,-4189.644727706909,250000.0,47
2019-02-22,ARE-PSA,49.618263244628906,250000.0,47
2019-02-25,ARE-HST,-532.0541019439697,250000.0,47
2019-02-26,ARE-HST,832.731104850769,250000.0,47
2019-02-27,ARE-HST,2267.6410818099976,250000.0,47
2019-02-28,ARE-HST,1758.640835762024,250000.0,47
2019-01-31,FRT-MAA,0.0,250000.0,48
2019-02-01,FRT-MAA,-736.301025390625,250000.0,48
2019-02-04,FRT-MAA,963.4014053344727,250000.0,48
2019-02-05,FRT-MAA,1234.5308837890625,250000.0,48
2019-02-06,FRT-MAA,2292.92138671875,250000.0,48
2019-02-07,FRT-MAA,1324.4584579467773,250000.0,48
2019-02-08,FRT-MAA,891.7917404174805,250000.0,48
2019-02-11,FRT-MAA,1119.2975616455078,250000.0,48
2019-02-12,FRT-MAA,1009.9280395507812,250000.0,48
2019-02-13,FRT-MAA,2695.5082473754883,250000.0,48
2019-02-20,ARE-HST,0.0,250000.0,48
2019-02-21,ARE-HST,-905.9325323104858,250000.0,48
2019-02-22,ARE-HST,-4189.644727706909,250000.0,48
2019-02-25,ARE-HST,-532.0541019439697,250000.0,48
2019-02-26,ARE-HST,832.731104850769,250000.0,48
2019-02-27,ARE-HST,2267.6410818099976,250000.0,48
2019-02-28,ARE-HST,1758.640835762024,250000.0,48
2019-02-28,COF-KEY,0.0,250000.0,48
2019-03-01,ARE-HST,2539.7614917755127,250000.0,48
2019-03-01,COF-KEY,-4350.599003791809,250000.0,48
2019-03-01,GNRC-NSC,0.0,250000.0,48
2019-03-04,ARE-HST,356.2797603607178,250000.0,48
2019-03-04,COF-KEY,-2525.6242322921753,250000.0,48
2019-03-04,GNRC-NSC,794.112361907959,250000.0,48
2019-03-05,ARE-HST,263.9364070892334,250000.0,48
2019-03-05,COF-KEY,-1983.9622917175293,250000.0,48
2019-03-05,GNRC-NSC,-302.09547424316406,250000.0,48
2019-03-06,ARE-HST,1803.0802774429321,250000.0,48
2019-03-06,COF-KEY,-4622.880958557129,250000.0,48
2019-03-06,FRT-MAA,0.0,250000.0,48
2019-03-07,ARE-HST,5445.900263786316,250000.0,48
2019-03-07,COF-KEY,-3739.345863342285,250000.0,48
2019-03-07,FRT-MAA,-1792.8064880371094,250000.0,48
2019-03-08,ARE-HST,7439.732838630676,250000.0,48
2019-03-08,COF-KEY,-3033.465600967407,250000.0,48
2019-03-11,ARE-HST,7225.799893379211,250000.0,48
2019-03-11,ARES-HBAN,0.0,250000.0,48
2019-03-12,ARE-HST,11501.008393287659,250000.0,48
2019-03-12,ARES-HBAN,-22.987668991088867,250000.0,48
2019-03-13,ARES-HBAN,653.201901435852,250000.0,48
2019-03-14,ARES-HBAN,3324.8318309783936,250000.0,48
2019-03-15,ARES-HBAN,-254.7951021194458,250000.0,48
2019-03-15,FITB-MS,0.0,250000.0,48
2019-03-15,ARES-JPM,0.0,250000.0,48
2019-03-18,ARES-HBAN,2813.0510988235474,250000.0,48
2019-03-18,FITB-MS,-1822.29833984375,250000.0,48
2019-03-18,ARES-JPM,-1468.4313354492188,250000.0,48
2019-03-19,ARES-HBAN,-2733.1144876480103,250000.0,48
2019-03-19,ARES-JPM,-917.3028717041016,250000.0,48
2019-03-19,AWK-CMS,0.0,250000.0,48
2019-03-20,AWK-CMS,451.79376220703125,250000.0,48
2019-03-20,COF-KEY,0.0,250000.0,48
2019-03-20,ARES-MTB,0.0,250000.0,48
2019-03-20,ARES-BAC,0.0,250000.0,48
2019-03-21,AWK-CMS,576.95849609375,250000.0,48
2019-03-21,ARES-MTB,-5428.501556396484,250000.0,48
2019-03-21,ARES-BAC,-4134.410140991211,250000.0,48
2019-03-21,ARES-HBAN,0.0,250000.0,48
2019-03-22,ARES-HBAN,-3391.631567001343,250000.0,48
2019-03-25,ARES-HBAN,-2189.515085220337,250000.0,48
2019-03-26,ARES-HBAN,1347.7142629623413,250000.0,48
2019-03-27,ARES-HBAN,3616.7990503311157,250000.0,48
2019-03-27,GDDY-PTC,0.0,250000.0,48
2019-03-28,ARES-HBAN,5863.391159057617,250000.0,48
2019-03-28,GDDY-PTC,-634.7728424072266,250000.0,48
2019-03-29,ARES-HBAN,4572.727766990662,250000.0,48
2019-02-01,BXP-IRM,0.0,250000.0,49
2019-02-04,BXP-IRM,1035.4947528839111,250000.0,49
2019-02-04,MTB-PNC,0.0,250000.0,49
2019-02-05,BXP-IRM,947.6603603363037,250000.0,49
2019-02-05,MTB-PNC,1301.4759140014648,250000.0,49
2019-02-06,BXP-IRM,488.11419105529785,250000.0,49
2019-02-06,MTB-PNC,1091.2334747314453,250000.0,49
2019-02-07,BXP-IRM,-1838.5658569335938,250000.0,49
2019-02-08,BXP-IRM,-1843.499792098999,250000.0,49
2019-02-08,CASY-HSY,0.0,250000.0,49
2019-02-11,CASY-HSY,1003.2039260864258,250000.0,49
2019-02-12,CASY-HSY,-848.2717132568359,250000.0,49
2019-02-13,CASY-HSY,424.8139190673828,250000.0,49
2019-02-14,CASY-HSY,3039.84375,250000.0,49
2019-02-15,CASY-HSY,1893.9522247314453,250000.0,49
2019-02-19,CASY-HSY,751.6795272827148,250000.0,49
2019-02-20,CASY-HSY,-1930.8096160888672,250000.0,49
2019-02-21,CASY-HSY,-5099.547805786133,250000.0,49
2019-02-22,CASY-HSY,-2192.246894836426,250000.0,49
2019-02-28,COF-KEY,0.0,250000.0,49
2019-02-28,CTAS-GWW,0.0,250000.0,49
2019-03-01,COF-KEY,-4350.599003791809,250000.0,49
2019-03-01,CTAS-GWW,-3176.5796813964844,250000.0,49
2019-03-01,GNRC-NSC,0.0,250000.0,49
2019-03-04,COF-KEY,-2525.6242322921753,250000.0,49
2019-03-04,CTAS-GWW,-1755.3405151367188,250000.0,49
2019-03-04,GNRC-NSC,794.112361907959,250000.0,49
2019-03-05,COF-KEY,-1983.9622917175293,250000.0,49
2019-03-05,CTAS-GWW,-1903.9081115722656,250000.0,49
2019-03-05,GNRC-NSC,-302.09547424316406,250000.0,49
2019-03-06,COF-KEY,-4622.880958557129,250000.0,49
2019-03-06,CTAS-GWW,685.1291198730469,250000.0,49
2019-03-07,COF-KEY,-3739.345863342285,250000.0,49
2019-03-07,CTAS-GWW,-2681.8323974609375,250000.0,49
2019-03-08,COF-KEY,-3033.465600967407,250000.0,49
2019-03-08,CVX-OXY,0.0,250000.0,49
2019-03-11,CVX-OXY,1747.451026916504,250000.0,49
2019-03-12,CVX-OXY,2614.7888946533203,250000.0,49
2019-03-15,FITB-MS,0.0,250000.0,49
2019-03-18,FITB-MS,-1822.29833984375,250000.0,49
2019-03-20,COF-KEY,0.0,250000.0,49
2019-03-26,ARE-CSGP,0.0,250000.0,49
2019-03-27,ARE-CSGP,174.7412338256836,250000.0,49
2019-03-27,GDDY-PTC,0.0,250000.0,49
2019-03-28,ARE-CSGP,-2090.4022064208984,250000.0,49
2019-03-28,GDDY-PTC,-634.7728424072266,250000.0,49
2019-03-29,ARE-CSGP,2126.69588470459,250000.0,49
2019-04-01,CTAS-GWW,0.0,250000.0,49
2019-04-02,CTAS-GWW,543.4479789733887,250000.0,49
2019-04-03,CTAS-GWW,940.4459266662598,250000.0,49
2019-04-04,CTAS-GWW,-1731.7631034851074,250000.0,49
2019-04-04,ROP-SNPS,0.0,250000.0,49
2019-04-05,CTAS-GWW,-3515.748218536377,250000.0,49
2019-04-05,COO-IQV,0.0,250000.0,49
2019-04-08,CTAS-GWW,-2309.334182739258,250000.0,49
2019-04-08,COO-IQV,1016.6133651733398,250000.0,49
2019-04-09,CTAS-GWW,4676.1640548706055,250000.0,49
2019-04-09,COO-IQV,-30.437637329101562,250000.0,49
2019-04-10,COO-IQV,1460.7885665893555,250000.0,49
2019-04-25,BXP-IRM,0.0,250000.0,49
2019-04-26,BXP-IRM,-2555.9855976104736,250000.0,49
2019-04-29,BXP-IRM,-4290.78689956665,250000.0,49
2019-04-30,BXP-IRM,-2849.0702381134033,250000.0,49
2019-03-14,L-NTRS,0.0,250000.0,50
2019-03-15,L-NTRS,-2021.5142059326172,250000.0,50
2019-03-18,L-NTRS,-160.3586883544922,250000.0,50
2019-03-19,L-NTRS,-302.70557022094727,250000.0,50
2019-03-20,L-NTRS,2423.15673828125,250000.0,50
2019-03-20,TT-VRSK,0.0,250000.0,50
2019-03-21,TT-VRSK,414.11295318603516,250000.0,50
2019-03-21,CPT-FRT,0.0,250000.0,50
2019-03-22,CPT-FRT,-981.3498764038086,250000.0,50
2019-03-25,CPT-FRT,-1693.9172897338867,250000.0,50
2019-03-26,CPT-FRT,-2755.4919967651367,250000.0,50
2019-03-26,COO-ELV,0.0,250000.0,50
2019-03-27,CPT-FRT,-2233.5036239624023,250000.0,50
2019-03-27,COO-ELV,-3552.3712997436523,250000.0,50
2019-03-27,GDDY-PTC,0.0,250000.0,50
2019-03-28,CPT-FRT,-3341.6193618774414,250000.0,50
2019-03-28,COO-ELV,-5865.923934936523,250000.0,50
2019-03-28,GDDY-PTC,-634.7728424072266,250000.0,50
2019-03-29,CPT-FRT,-2038.171875,250000.0,50
2019-03-29,COO-ELV,-2844.5807723999023,250000.0,50
2019-03-29,HUBB-LUV,0.0,250000.0,50
2019-04-01,CPT-FRT,-1610.2031936645508,250000.0,50
2019-04-01,COO-ELV,-1385.751075744629,250000.0,50
2019-04-01,HUBB-LUV,-827.6049194335938,250000.0,50
2019-04-01,ANET-COHR,0.0,250000.0,50
2019-04-02,CPT-FRT,-259.72635650634766,250000.0,50
2019-04-02,COO-ELV,-2959.7114868164062,250000.0,50
2019-04-02,HUBB-LUV,-1514.2418670654297,250000.0,50
2019-04-02,ANET-COHR,542.1914558410645,250000.0,50
2019-04-02,ABBV-VTRS,0.0,250000.0,50
2019-04-02,NEE-WEC,0.0,250000.0,50
2019-04-03,CPT-FRT,-226.0946807861328,250000.0,50
2019-04-03,COO-ELV,-2998.347213745117,250000.0,50
2019-04-03,HUBB-LUV,-779.4016647338867,250000.0,50
2019-04-03,ANET-COHR,-1332.7605934143066,250000.0,50
2019-04-03,ABBV-VTRS,-5717.472717285156,250000.0,50
2019-04-03,NEE-WEC,826.5282745361328,250000.0,50
2019-04-04,CPT-FRT,-1045.6959991455078,250000.0,50
2019-04-04,COO-ELV,5303.636047363281,250000.0,50
2019-04-04,HUBB-LUV,-809.3023986816406,250000.0,50
2019-04-04,ANET-COHR,-3705.2253074645996,250000.0,50
2019-04-04,ABBV-VTRS,-1377.8827896118164,250000.0,50
2019-04-04,NEE-WEC,841.1894226074219,250000.0,50
2019-04-04,CMS-FE,0.0,250000.0,50
2019-04-05,HUBB-LUV,1085.2890243530273,250000.0,50
2019-04-05,ANET-COHR,-7631.229640960693,250000.0,50
2019-04-05,ABBV-VTRS,-319.4799156188965,250000.0,50
2019-04-05,NEE-WEC,1012.965950012207,250000.0,50
2019-04-08,ANET-COHR,-7270.199939727783,250000.0,50
2019-04-08,ABBV-VTRS,249.92201232910156,250000.0,50
2019-04-09,ANET-COHR,-5033.100982666016,250000.0,50
2019-04-09,ABBV-VTRS,-3936.069290161133,250000.0,50
2019-04-10,ANET-COHR,-6592.563289642334,250000.0,50
2019-04-10,ABBV-VTRS,-3373.153968811035,250000.0,50
2019-04-11,ANET-COHR,-4480.354598999023,250000.0,50
2019-04-11,ABBV-VTRS,-3720.147041320801,250000.0,50
2019-04-12,ABBV-VTRS,-4189.127716064453,250000.0,50
2019-04-12,CHRW-HUBB,0.0,250000.0,50
2019-04-15,CHRW-HUBB,-1753.3197021484375,250000.0,50
2019-04-24,ACN-NTAP,0.0,250000.0,50
2019-04-25,ACN-NTAP,1171.6181106567383,250000.0,50
2019-04-26,ACN-NTAP,-5467.464546203613,250000.0,50
2019-04-29,ACN-NTAP,-2603.447063446045,250000.0,50
2019-04-30,ACN-NTAP,-4670.702732086182,250000.0,50
2019-05-01,ACN-NTAP,-6510.520473480225,250000.0,50
2019-05-02,ACN-NTAP,-4310.818649291992,250000.0,50
2019-05-03,ACN-NTAP,509.2728271484375,250000.0,50
2019-05-06,ACN-NTAP,-3401.273323059082,250000.0,50
2019-05-07,ACN-NTAP,-5739.578674316406,250000.0,50
2019-05-08,ACN-NTAP,-6329.0126304626465,250000.0,50
2019-05-13,IP-PKG,0.0,250000.0,50
2019-05-14,IP-PKG,1436.3825607299805,250000.0,50
2019-05-14,KEY-NTRS,0.0,250000.0,50
2019-05-15,IP-PKG,2350.0841217041016,250000.0,50
2019-05-17,KEY-NTRS,0.0,250000.0,50
2019-05-20,KEY-NTRS,-999.8548421859741,250000.0,50
2019-05-21,KEY-NTRS,1026.8672533035278,250000.0,50
2019-05-22,KEY-NTRS,244.13255882263184,250000.0,50
2019-05-28,CMS-FE,0.0,250000.0,50
2019-05-29,CMS-FE,-900.0116882324219,250000.0,50
2019-05-30,CMS-FE,-2227.9086570739746,250000.0,50
2019-05-31,CMS-FE,-2136.4619102478027,250000.0,50
2019-05-31,L-NTRS,0.0,250000.0,50
2019-04-02,MMM-XYL,0.0,250000.0,51
2019-04-02,NEE-WEC,0.0,250000.0,51
2019-04-03,MMM-XYL,-2757.241714477539,250000.0,51
2019-04-03,NEE-WEC,826.5282745361328,250000.0,51
2019-04-04,NEE-WEC,841.1894226074219,250000.0,51
2019-04-04,FE-WEC,0.0,250000.0,51
2019-04-05,NEE-WEC,1012.965950012207,250000.0,51
2019-04-05,VRT-WM,0.0,250000.0,51
2019-04-08,VRT-WM,-2968.715069770813,250000.0,51
2019-04-09,VRT-WM,-20.045564651489258,250000.0,51
2019-05-03,FRT-MAA,0.0,250000.0,51
2019-05-06,FRT-MAA,-214.1356201171875,250000.0,51
2019-05-07,FRT-MAA,-1679.723876953125,250000.0,51
2019-05-13,DG-HSY,0.0,250000.0,51
2019-05-14,DG-HSY,-2525.107391357422,250000.0,51
2019-05-15,DG-HSY,-1889.3691177368164,250000.0,51
2019-05-16,DG-HSY,997.7777557373047,250000.0,51
2019-05-16,LITE-TYL,0.0,250000.0,51
2019-05-17,DG-HSY,1411.626091003418,250000.0,51
2019-05-17,LITE-TYL,-3372.4097061157227,250000.0,51
2019-05-20,DG-HSY,-336.14022064208984,250000.0,51
2019-05-20,LITE-TYL,-5923.650413513184,250000.0,51
2019-05-21,DG-HSY,2169.4057540893555,250000.0,51
2019-05-21,LITE-TYL,-7607.607315063477,250000.0,51
2019-05-22,DG-HSY,1244.6320037841797,250000.0,51
2019-05-23,DG-HSY,-1431.7658920288086,250000.0,51
2019-05-24,DG-HSY,2055.3662338256836,250000.0,51
2019-05-28,DG-HSY,600.6056671142578,250000.0,51
2019-05-28,FRT-MAA,0.0,250000.0,51
2019-05-28,FE-WEC,0.0,250000.0,51
2019-05-29,FRT-MAA,1162.2828674316406,250000.0,51
2019-05-29,FE-WEC,-1174.9199752807617,250000.0,51
2019-05-30,FRT-MAA,2327.8988037109375,250000.0,51
2019-05-30,FE-WEC,-548.273494720459,250000.0,51
2019-05-31,FE-WEC,-250.33160018920898,250000.0,51
2019-05-31,EG-MS,0.0,250000.0,51
2019-06-03,FE-WEC,-374.44065856933594,250000.0,51
2019-06-03,EG-MS,-1812.6019134521484,250000.0,51
2019-06-03,LITE-TYL,0.0,250000.0,51
2019-06-04,FE-WEC,1538.6181335449219,250000.0,51
2019-06-04,LITE-TYL,1510.4908447265625,250000.0,51
2019-06-19,FE-WEC,0.0,250000.0,51
2019-06-20,FE-WEC,99.07880020141602,250000.0,51
2019-06-21,FE-WEC,75.40690612792969,250000.0,51
2019-06-21,VRT-WM,0.0,250000.0,51
2019-06-21,AEE-ATO,0.0,250000.0,51
2019-06-24,FE-WEC,93.32592391967773,250000.0,51
2019-06-24,AEE-ATO,-274.21887969970703,250000.0,51
2019-06-25,FE-WEC,64.58395385742188,250000.0,51
2019-06-25,AEE-ATO,-3145.5484466552734,250000.0,51
2019-06-26,FE-WEC,-1214.723237991333,250000.0,51
2019-06-26,AEE-ATO,1444.3931121826172,250000.0,51
2019-06-27,FE-WEC,-608.381139755249,250000.0,51
2019-06-27,AEE-ATO,-488.75399017333984,250000.0,51
2019-06-28,FE-WEC,479.34004402160645,250000.0,51
2019-06-28,AEE-ATO,-1101.3702545166016,250000.0,51
2019-05-16,ADBE-APH,0.0,250000.0,52
2019-05-17,ADBE-APH,159.99169540405273,250000.0,52
2019-05-20,ADBE-APH,-116.53550148010254,250000.0,52
2019-05-21,ADBE-APH,1183.3135719299316,250000.0,52
2019-05-22,ADBE-APH,-4806.140213012695,250000.0,52
2019-05-23,ADBE-APH,616.2508430480957,250000.0,52
2019-05-24,ADBE-APH,96.42607688903809,250000.0,52
2019-05-28,ADBE-APH,-5783.165365219116,250000.0,52
2019-05-28,FE-WEC,0.0,250000.0,52
2019-05-29,ADBE-APH,-3473.2697372436523,250000.0,52
2019-05-29,FE-WEC,-1174.9199752807617,250000.0,52
2019-05-29,ATO-LNT,0.0,250000.0,52
2019-05-30,ADBE-APH,-2329.378526687622,250000.0,52
2019-05-30,FE-WEC,-548.273494720459,250000.0,52
2019-05-30,ATO-LNT,298.046630859375,250000.0,52
2019-05-31,FE-WEC,-250.33160018920898,250000.0,52
2019-05-31,ATO-LNT,-120.69317626953125,250000.0,52
2019-05-31,ATO-XEL,0.0,250000.0,52
2019-06-03,FE-WEC,-374.44065856933594,250000.0,52
2019-06-03,ATO-LNT,-431.1740417480469,250000.0,52
2019-06-03,ATO-XEL,-1046.2283096313477,250000.0,52
2019-06-03,ADP-VRSK,0.0,250000.0,52
2019-06-04,FE-WEC,1538.6181335449219,250000.0,52
2019-06-04,GNRC-HWM,0.0,250000.0,52
2019-06-05,GNRC-HWM,3098.475072860718,250000.0,52
2019-06-06,GNRC-HWM,1418.7977657318115,250000.0,52
2019-06-07,GNRC-HWM,-5362.114917755127,250000.0,52
2019-06-18,ADP-VRSK,0.0,250000.0,52
2019-06-19,ADP-VRSK,1456.6649475097656,250000.0,52
2019-06-19,FE-WEC,0.0,250000.0,52
2019-06-20,ADP-VRSK,-421.0473327636719,250000.0,52
2019-06-20,FE-WEC,99.07880020141602,250000.0,52
2019-06-21,ADP-VRSK,1098.4739379882812,250000.0,52
2019-06-21,FE-WEC,75.40690612792969,250000.0,52
2019-06-21,ATO-LNT,0.0,250000.0,52
2019-06-21,LII-VRT,0.0,250000.0,52
2019-06-24,ADP-VRSK,2554.008758544922,250000.0,52
2019-06-24,FE-WEC,93.32592391967773,250000.0,52
2019-06-24,ATO-LNT,455.84366607666016,250000.0,52
2019-06-24,LII-VRT,1225.2805862426758,250000.0,52
2019-06-24,FIS-TRV,0.0,250000.0,52
2019-06-25,FE-WEC,64.58395385742188,250000.0,52
2019-06-25,ATO-LNT,-2189.2403411865234,250000.0,52
2019-06-25,FIS-TRV,-1741.0275115966797,250000.0,52
2019-06-25,ETR-EXC,0.0,250000.0,52
2019-06-25,ATO-DTE,0.0,250000.0,52
2019-06-25,ATO-XEL,0.0,250000.0,52
2019-06-26,FE-WEC,-1214.723237991333,250000.0,52
2019-06-27,FE-WEC,-608.381139755249,250000.0,52
2019-06-28,FE-WEC,479.34004402160645,250000.0,52
2019-07-01,FE-WEC,732.8242816925049,250000.0,52
2019-07-03,GEN-INTC,0.0,250000.0,52
2019-07-05,GEN-INTC,-1352.5325546264648,250000.0,52
2019-07-08,GEN-INTC,-8271.286640167236,250000.0,52
2019-07-09,GEN-INTC,-8174.543151855469,250000.0,52
2019-07-10,GEN-INTC,-7999.496601104736,250000.0,52
2019-07-11,GEN-INTC,-2697.4373817443848,250000.0,52
2019-07-12,GEN-INTC,2914.8768196105957,250000.0,52
2019-06-03,V-WRB,0.0,250000.0,53
2019-06-03,CB-FIS,0.0,250000.0,53
2019-06-04,V-WRB,4505.299470901489,250000.0,53
2019-06-04,DHR-MTD,0.0,250000.0,53
2019-06-05,DHR-MTD,-2925.0950088500977,250000.0,53
2019-06-18,FE-XEL,0.0,250000.0,53
2019-06-19,FE-WEC,0.0,250000.0,53
2019-06-19,ATO-FE,0.0,250000.0,53
2019-06-20,FE-WEC,99.07880020141602,250000.0,53
2019-06-20,ATO-FE,661.2165222167969,250000.0,53
2019-06-21,FE-WEC,75.40690612792969,250000.0,53
2019-06-21,ATO-FE,-3567.6044921875,250000.0,53
2019-06-21,ATO-LNT,0.0,250000.0,53
2019-06-24,FE-WEC,93.32592391967773,250000.0,53
2019-06-24,ATO-FE,-2761.4073791503906,250000.0,53
2019-06-24,ATO-LNT,455.84366607666016,250000.0,53
2019-06-24,FIS-TRV,0.0,250000.0,53
2019-06-25,FE-WEC,64.58395385742188,250000.0,53
2019-06-25,ATO-LNT,-2189.2403411865234,250000.0,53
2019-06-25,FIS-TRV,-1741.0275115966797,250000.0,53
2019-06-26,FE-WEC,-1214.723237991333,250000.0,53
2019-06-27,FE-WEC,-608.381139755249,250000.0,53
2019-06-28,FE-WEC,479.34004402160645,250000.0,53
2019-07-01,FE-WEC,732.8242816925049,250000.0,53
2019-07-01,DHR-MTD,0.0,250000.0,53
2019-07-02,DHR-MTD,2371.442596435547,250000.0,53
2019-07-02,TT-VRSK,0.0,250000.0,53
2019-07-03,TT-VRSK,-3795.1623153686523,250000.0,53
2019-07-05,TT-VRSK,-1810.2218322753906,250000.0,53
2019-07-08,TT-VRSK,-1048.9601974487305,250000.0,53
2019-07-08,ULTA-YUM,0.0,250000.0,53
2019-07-09,TT-VRSK,-4157.548477172852,250000.0,53
2019-07-09,ULTA-YUM,2801.3786010742188,250000.0,53
2019-07-10,TT-VRSK,-4574.013122558594,250000.0,53
2019-08-08,TFC-TROW,0.0,250000.0,53
2019-08-09,TFC-TROW,2869.6722831726074,250000.0,53
2019-08-12,TFC-TROW,3758.9928665161133,250000.0,53
2019-08-13,TFC-TROW,2180.6456756591797,250000.0,53
2019-08-14,TFC-TROW,1289.8969764709473,250000.0,53
2019-08-15,TFC-TROW,2211.409854888916,250000.0,53
2019-08-16,TFC-TROW,3894.706340789795,250000.0,53
2019-08-19,TFC-TROW,1034.7561073303223,250000.0,53
2019-08-20,TFC-TROW,140.8568992614746,250000.0,53
2019-08-20,JNJ-MRNA,0.0,250000.0,53
2019-08-21,TFC-TROW,-1083.6684074401855,250000.0,53
2019-08-21,JNJ-MRNA,3010.1930055618286,250000.0,53
2019-08-22,TFC-TROW,501.5633010864258,250000.0,53
2019-08-22,JNJ-MRNA,3774.0107707977295,250000.0,53
2019-08-23,TFC-TROW,777.7865371704102,250000.0,53
2019-08-23,JNJ-MRNA,-12152.366423606873,250000.0,53
2019-08-26,TFC-TROW,2606.9015350341797,250000.0,53
2019-08-26,JNJ-MRNA,-25350.126872062683,250000.0,53
2019-08-27,JNJ-MRNA,-6292.822006225586,250000.0,53
2019-08-27,ATO-LNT,0.0,250000.0,53
2019-08-28,JNJ-MRNA,-17472.49162864685,250000.0,53
2019-08-28,ATO-LNT,401.00599670410156,250000.0,53
2019-08-29,JNJ-MRNA,-26446.35507774353,250000.0,53
2019-07-02,TT-VRSK,0.0,250000.0,54
2019-07-03,TT-VRSK,-3795.1623153686523,250000.0,54
2019-07-05,TT-VRSK,-1810.2218322753906,250000.0,54
2019-07-08,TT-VRSK,-1048.9601974487305,250000.0,54
2019-07-09,TT-VRSK,-4157.548477172852,250000.0,54
2019-07-10,TT-VRSK,-4574.013122558594,250000.0,54
2019-08-05,TRV-V,0.0,250000.0,54
2019-08-06,TRV-V,1879.0032958984375,250000.0,54
2019-08-07,TRV-V,3683.0272827148438,250000.0,54
2019-08-08,TFC-TROW,0.0,250000.0,54
2019-08-09,TFC-TROW,2869.6722831726074,250000.0,54
2019-08-12,TFC-TROW,3758.9928665161133,250000.0,54
2019-08-13,TFC-TROW,2180.6456756591797,250000.0,54
2019-08-14,TFC-TROW,1289.8969764709473,250000.0,54
2019-08-15,TFC-TROW,2211.409854888916,250000.0,54
2019-08-16,TFC-TROW,3894.706340789795,250000.0,54
2019-08-19,TFC-TROW,1034.7561073303223,250000.0,54
2019-08-20,TFC-TROW,140.8568992614746,250000.0,54
2019-08-21,TFC-TROW,-1083.6684074401855,250000.0,54
2019-08-22,TFC-TROW,501.5633010864258,250000.0,54
2019-08-23,TFC-TROW,777.7865371704102,250000.0,54
2019-08-26,TFC-TROW,2606.9015350341797,250000.0,54
2019-08-27,ATO-LNT,0.0,250000.0,54
2019-08-28,ATO-LNT,401.00599670410156,250000.0,54
2019-09-05,TFC-TROW,0.0,250000.0,54
2019-09-06,TFC-TROW,-1080.1491088867188,250000.0,54
2019-09-09,TFC-TROW,-1931.9654235839844,250000.0,54
2019-09-09,ATO-FE,0.0,250000.0,54
2019-09-10,TFC-TROW,-223.0462875366211,250000.0,54
2019-09-10,ATO-FE,3322.5230102539062,250000.0,54
2019-09-11,TFC-TROW,-3076.2932205200195,250000.0,54
2019-09-11,ATO-FE,511.0867156982422,250000.0,54
2019-09-12,TFC-TROW,1063.1333084106445,250000.0,54
2019-09-12,ATO-FE,8.005615234375,250000.0,54
2019-09-13,TFC-TROW,-118.91900634765625,250000.0,54
2019-09-13,ATO-FE,2039.8309326171875,250000.0,54
2019-09-16,TFC-TROW,4134.461380004883,250000.0,54
2019-09-16,ATO-FE,1874.9848327636719,250000.0,54
2019-09-17,TFC-TROW,1388.8609085083008,250000.0,54
2019-09-17,ATO-FE,946.6088562011719,250000.0,54
2019-09-18,TFC-TROW,3995.8332748413086,250000.0,54
2019-09-18,ATO-FE,2713.0184936523438,250000.0,54
2019-09-19,ATO-FE,3783.2725219726562,250000.0,54
2019-09-19,ARES-MRSH,0.0,250000.0,54
2019-09-20,ARES-MRSH,3162.6831092834473,250000.0,54
2019-09-20,TDG-VRT,0.0,250000.0,54
2019-09-23,ARES-MRSH,3259.28395652771,250000.0,54
2019-09-24,ARES-MRSH,2481.0475482940674,250000.0,54
2019-09-27,CB-FIS,0.0,250000.0,54
2019-09-30,CB-FIS,2084.539749145508,250000.0,54
2019-09-30,TRV-V,0.0,250000.0,54
2019-08-08,TFC-TROW,0.0,250000.0,55
2019-08-09,TFC-TROW,2869.6722831726074,250000.0,55
2019-08-12,TFC-TROW,3758.9928665161133,250000.0,55
2019-08-12,AWK-CMS,0.0,250000.0,55
2019-08-13,TFC-TROW,2180.6456756591797,250000.0,55
2019-08-13,AWK-CMS,1579.6172180175781,250000.0,55
2019-08-14,TFC-TROW,1289.8969764709473,250000.0,55
2019-08-14,AWK-CMS,1128.7765884399414,250000.0,55
2019-08-15,TFC-TROW,2211.409854888916,250000.0,55
2019-08-16,TFC-TROW,3894.706340789795,250000.0,55
2019-08-19,TFC-TROW,1034.7561073303223,250000.0,55
2019-08-20,TFC-TROW,140.8568992614746,250000.0,55
2019-08-21,TFC-TROW,-1083.6684074401855,250000.0,55
2019-08-22,TFC-TROW,501.5633010864258,250000.0,55
2019-08-23,TFC-TROW,777.7865371704102,250000.0,55
2019-08-23,DRI-MAR,0.0,250000.0,55
2019-08-26,TFC-TROW,2606.9015350341797,250000.0,55
2019-08-26,DRI-MAR,1157.9959716796875,250000.0,55
2019-08-27,DRI-MAR,2157.5743103027344,250000.0,55
2019-08-27,ATO-LNT,0.0,250000.0,55
2019-08-28,DRI-MAR,1021.2603149414062,250000.0,55
2019-08-28,ATO-LNT,401.00599670410156,250000.0,55
2019-08-29,DRI-MAR,-891.613037109375,250000.0,55
2019-08-30,DRI-MAR,1179.4527282714844,250000.0,55
2019-09-03,DRI-MAR,-0.392303466796875,250000.0,55
2019-09-04,DRI-MAR,-1431.2817993164062,250000.0,55
2019-09-05,DRI-MAR,918.8663635253906,250000.0,55
2019-09-05,TFC-TROW,0.0,250000.0,55
2019-09-06,DRI-MAR,525.8848571777344,250000.0,55
2019-09-06,TFC-TROW,-1080.1491088867188,250000.0,55
2019-09-09,TFC-TROW,-1931.9654235839844,250000.0,55
2019-09-10,TFC-TROW,-223.0462875366211,250000.0,55
2019-09-11,TFC-TROW,-3076.2932205200195,250000.0,55
2019-09-12,TFC-TROW,1063.1333084106445,250000.0,55
2019-09-13,TFC-TROW,-118.91900634765625,250000.0,55
2019-09-16,TFC-TROW,4134.461380004883,250000.0,55
2019-09-17,TFC-TROW,1388.8609085083008,250000.0,55
2019-09-17,AWK-CMS,0.0,250000.0,55
2019-09-18,TFC-TROW,3995.8332748413086,250000.0,55
2019-09-18,AWK-CMS,-1484.2250137329102,250000.0,55
2019-09-19,AWK-CMS,-781.226016998291,250000.0,55
2019-09-20,AWK-CMS,-993.9304504394531,250000.0,55
2019-09-20,FE-SO,0.0,250000.0,55
2019-09-23,AWK-CMS,-1775.2074699401855,250000.0,55
2019-09-23,FE-SO,960.1751899719238,250000.0,55
2019-09-24,AWK-CMS,-1162.2633514404297,250000.0,55
2019-09-24,FE-SO,1652.9571571350098,250000.0,55
2019-09-24,MTD-TMO,0.0,250000.0,55
2019-09-25,AWK-CMS,-2676.852039337158,250000.0,55
2019-09-25,MTD-TMO,-3180.3997802734375,250000.0,55
2019-09-26,MTD-TMO,690.8489990234375,250000.0,55
2019-09-27,MTD-TMO,1265.9114990234375,250000.0,55
2019-09-30,MTD-TMO,4225.8021240234375,250000.0,55
2019-10-01,MTD-TMO,2201.6727294921875,250000.0,55
2019-10-02,MTD-TMO,-2605.7642822265625,250000.0,55
2019-10-02,CHTR-TMUS,0.0,250000.0,55
2019-10-03,MTD-TMO,-272.426513671875,250000.0,55
2019-10-03,CHTR-TMUS,702.3879623413086,250000.0,55
2019-10-04,CHTR-TMUS,1368.0692977905273,250000.0,55
2019-10-07,CHTR-TMUS,2451.5116271972656,250000.0,55
2019-10-08,CHTR-TMUS,46.41661071777344,250000.0,55
2019-10-08,AEE-XEL,0.0,250000.0,55
2019-10-09,CHTR-TMUS,364.28013610839844,250000.0,55
2019-10-09,AEE-XEL,-1647.3249893188477,250000.0,55
2019-10-10,CHTR-TMUS,2559.2273178100586,250000.0,55
2019-10-10,AEE-XEL,-3910.395767211914,250000.0,55
2019-10-11,AEE-XEL,-597.6202354431152,250000.0,55
2019-10-14,AEE-XEL,-3728.184871673584,250000.0,55
2019-10-14,ATO-LNT,0.0,250000.0,55
2019-10-15,AEE-XEL,-5362.386703491211,250000.0,55
2019-10-15,ATO-LNT,1882.8130798339844,250000.0,55
2019-10-16,ATO-LNT,253.73554229736328,250000.0,55
2019-10-17,ATO-LNT,406.39197540283203,250000.0,55
2019-10-18,ATO-LNT,2207.706413269043,250000.0,55
2019-10-21,ATO-LNT,2253.752311706543,250000.0,55
2019-10-22,ATO-LNT,2073.92041015625,250000.0,55
2019-10-23,ATO-LNT,1504.0900268554688,250000.0,55
2019-10-24,ATO-LNT,479.07621002197266,250000.0,55
2019-10-25,ATO-LNT,1249.1130828857422,250000.0,55
2019-09-03,ECL-MLM,0.0,250000.0,56
2019-09-04,ECL-MLM,3390.72021484375,250000.0,56
2019-09-04,BLDR-LHX,0.0,250000.0,56
2019-09-05,TFC-TROW,0.0,250000.0,56
2019-09-06,TFC-TROW,-1080.1491088867188,250000.0,56
2019-09-09,TFC-TROW,-1931.9654235839844,250000.0,56
2019-09-09,BLDR-NOC,0.0,250000.0,56
2019-09-09,SWK-XYL,0.0,250000.0,56
2019-09-10,TFC-TROW,-223.0462875366211,250000.0,56
2019-09-10,BLDR-NOC,-3386.197696685791,250000.0,56
2019-09-10,SWK-XYL,-2705.7333068847656,250000.0,56
2019-09-10,CDW-TER,0.0,250000.0,56
2019-09-10,ACGL-MA,0.0,250000.0,56
2019-09-11,TFC-TROW,-3076.2932205200195,250000.0,56
2019-09-11,BLDR-NOC,-2395.3427505493164,250000.0,56
2019-09-11,SWK-XYL,679.5666656494141,250000.0,56
2019-09-11,CDW-TER,225.9837188720703,250000.0,56
2019-09-11,ACGL-MA,-2005.1523704528809,250000.0,56
2019-09-12,TFC-TROW,1063.1333084106445,250000.0,56
2019-09-12,BLDR-NOC,1731.6172218322754,250000.0,56
2019-09-12,SWK-XYL,-3191.703155517578,250000.0,56
2019-09-12,CDW-TER,6630.730163574219,250000.0,56
2019-09-12,ACGL-MA,4496.131359100342,250000.0,56
2019-09-13,TFC-TROW,-118.91900634765625,250000.0,56
2019-09-13,BLDR-NOC,-1087.285816192627,250000.0,56
2019-09-13,SWK-XYL,-157.23294067382812,250000.0,56
2019-09-13,CDW-TER,-3682.4427642822266,250000.0,56
2019-09-13,ACGL-MA,4243.767250061035,250000.0,56
2019-09-16,TFC-TROW,4134.461380004883,250000.0,56
2019-09-16,BLDR-NOC,4009.04305267334,250000.0,56
2019-09-16,SWK-XYL,1186.685775756836,250000.0,56
2019-09-16,CDW-TER,-2.8886566162109375,250000.0,56
2019-09-16,ACGL-MA,1829.8662605285645,250000.0,56
2019-09-16,DTE-NI,0.0,250000.0,56
2019-09-17,TFC-TROW,1388.8609085083008,250000.0,56
2019-09-17,BLDR-NOC,5188.978874206543,250000.0,56
2019-09-17,SWK-XYL,1109.542739868164,250000.0,56
2019-09-17,CDW-TER,2287.99365234375,250000.0,56
2019-09-17,ACGL-MA,2030.9604835510254,250000.0,56
2019-09-17,DTE-NI,1805.7093811035156,250000.0,56
2019-09-18,TFC-TROW,3995.8332748413086,250000.0,56
2019-09-18,SWK-XYL,2326.8150939941406,250000.0,56
2019-09-18,ACGL-MA,1199.4870223999023,250000.0,56
2019-09-18,DTE-NI,42.699180603027344,250000.0,56
2019-09-19,SWK-XYL,1577.4606628417969,250000.0,56
2019-09-19,ACGL-MA,913.3421401977539,250000.0,56
2019-09-19,DTE-NI,-771.4014282226562,250000.0,56
2019-09-20,SWK-XYL,2500.998825073242,250000.0,56
2019-09-20,ACGL-MA,-2810.1133422851562,250000.0,56
2019-09-20,DTE-NI,-1399.64892578125,250000.0,56
2019-09-23,SWK-XYL,3023.1043243408203,250000.0,56
2019-09-23,ACGL-MA,-1485.3145294189453,250000.0,56
2019-09-23,DTE-NI,1658.223014831543,250000.0,56
2019-09-24,SWK-XYL,4065.5208129882812,250000.0,56
2019-09-24,ACGL-MA,-4377.82181930542,250000.0,56
2019-09-24,DTE-NI,-486.4501953125,250000.0,56
2019-09-25,SWK-XYL,4454.719223022461,250000.0,56
2019-09-25,DTE-NI,182.69520568847656,250000.0,56
2019-10-01,BLDR-LHX,0.0,250000.0,56
2019-10-02,BLDR-LHX,202.13798904418945,250000.0,56
2019-10-03,BLDR-LHX,4525.577247619629,250000.0,56
2019-10-03,ECL-MLM,0.0,250000.0,56
2019-10-04,BLDR-LHX,4690.585960388184,250000.0,56
2019-10-04,ECL-MLM,-1007.4815063476562,250000.0,56
2019-10-07,BLDR-LHX,3134.0765266418457,250000.0,56
2019-10-14,ATO-LNT,0.0,250000.0,56
2019-10-15,ATO-LNT,1882.8130798339844,250000.0,56
2019-10-16,ATO-LNT,253.73554229736328,250000.0,56
2019-10-17,ATO-LNT,406.39197540283203,250000.0,56
2019-10-18,ATO-LNT,2207.706413269043,250000.0,56
2019-10-21,ATO-LNT,2253.752311706543,250000.0,56
2019-10-22,ATO-LNT,2073.92041015625,250000.0,56
2019-10-23,ATO-LNT,1504.0900268554688,250000.0,56
2019-10-24,ATO-LNT,479.07621002197266,250000.0,56
2019-10-25,ATO-LNT,1249.1130828857422,250000.0,56
2019-10-31,BXP-FRT,0.0,250000.0,56
2019-11-01,BXP-FRT,-1034.5026168823242,250000.0,56
2019-11-04,BXP-FRT,-5933.649932861328,250000.0,56
2019-11-05,BXP-FRT,-3036.2793197631836,250000.0,56
2019-11-06,BXP-FRT,-3856.5049362182617,250000.0,56
2019-11-07,BXP-FRT,-8343.758110046387,250000.0,56
2019-11-08,BXP-FRT,-10007.519172668457,250000.0,56
2019-11-11,BXP-FRT,-10549.521881103516,250000.0,56
2019-11-12,BXP-FRT,-8414.481964111328,250000.0,56
2019-11-13,BXP-FRT,-9436.893295288086,250000.0,56
2019-11-14,BXP-FRT,-8783.590538024902,250000.0,56
2019-11-21,ATO-LNT,0.0,250000.0,56
2019-11-22,ATO-LNT,-433.868953704834,250000.0,56
2019-11-25,ATO-LNT,1067.7025260925293,250000.0,56
2019-11-26,ATO-LNT,1452.823226928711,250000.0,56
2019-11-27,ATO-LNT,90.02482604980469,250000.0,56
2019-11-27,BXP-FRT,0.0,250000.0,56
2019-11-29,ATO-LNT,431.0565071105957,250000.0,56
2019-11-29,BXP-FRT,492.48382568359375,250000.0,56
2019-10-14,ATO-LNT,0.0,250000.0,57
2019-10-15,ATO-LNT,1882.8130798339844,250000.0,57
2019-10-16,ATO-LNT,253.73554229736328,250000.0,57
2019-10-17,ATO-LNT,406.39197540283203,250000.0,57
2019-10-18,ATO-LNT,2207.706413269043,250000.0,57
2019-10-21,ATO-LNT,2253.752311706543,250000.0,57
2019-10-22,ATO-LNT,2073.92041015625,250000.0,57
2019-10-23,ATO-LNT,1504.0900268554688,250000.0,57
2019-10-24,ATO-LNT,479.07621002197266,250000.0,57
2019-10-24,REG-VICI,0.0,250000.0,57
2019-10-25,ATO-LNT,1249.1130828857422,250000.0,57
2019-10-25,REG-VICI,-1119.112979888916,250000.0,57
2019-11-01,REG-VICI,0.0,250000.0,57
2019-11-04,REG-VICI,-4049.2895278930664,250000.0,57
2019-11-05,REG-VICI,3226.8167877197266,250000.0,57
2019-11-06,REG-VICI,1866.0214767456055,250000.0,57
2019-11-07,REG-VICI,-1484.2537117004395,250000.0,57
2019-11-08,REG-VICI,-5947.303493499756,250000.0,57
2019-11-11,REG-VICI,-8215.978187561035,250000.0,57
2019-11-12,REG-VICI,-6270.560607910156,250000.0,57
2019-11-13,REG-VICI,-6521.513320922852,250000.0,57
2019-11-14,REG-VICI,-3957.846839904785,250000.0,57
2019-11-15,REG-VICI,-6322.750225067139,250000.0,57
2019-11-21,ATO-LNT,0.0,250000.0,57
2019-11-22,ATO-LNT,-433.868953704834,250000.0,57
2019-11-25,ATO-LNT,1067.7025260925293,250000.0,57
2019-11-26,ATO-LNT,1452.823226928711,250000.0,57
2019-11-27,ATO-LNT,90.02482604980469,250000.0,57
2019-11-29,ATO-LNT,431.0565071105957,250000.0,57
2019-12-02,ATO-LNT,-104.15335845947266,250000.0,57
2019-12-03,ATO-LNT,-2142.9209060668945,250000.0,57
2019-12-04,ATO-LNT,-284.8705596923828,250000.0,57
2019-12-05,ATO-LNT,-899.0767364501953,250000.0,57
2019-12-06,FTNT-SWKS,0.0,250000.0,57
2019-12-09,FTNT-SWKS,-4119.644882202148,250000.0,57
2019-12-10,FTNT-SWKS,-7546.740905761719,250000.0,57
2019-12-11,SWK-VRT,0.0,250000.0,57
2019-12-12,SWK-VRT,-140.21657943725586,250000.0,57
2019-12-13,SWK-VRT,2591.13720703125,250000.0,57
2019-12-16,SWK-VRT,3464.559684753418,250000.0,57
2019-12-17,SWK-VRT,3754.368815422058,250000.0,57
2019-12-18,SWK-VRT,4666.74951171875,250000.0,57
2019-12-18,CPAY-MA,0.0,250000.0,57
2019-12-19,SWK-VRT,4490.485892295837,250000.0,57
2019-12-20,SWK-VRT,1757.9290599822998,250000.0,57
2019-12-20,CRM-SMCI,0.0,250000.0,57
2019-12-23,SWK-VRT,2505.8983125686646,250000.0,57
2019-12-23,CRM-SMCI,3121.88618016243,250000.0,57
2019-12-24,SWK-VRT,3533.1914138793945,250000.0,57
2019-12-24,CRM-SMCI,5292.168946266174,250000.0,57
2019-12-26,SWK-VRT,3117.926586151123,250000.0,57
2019-12-26,CRM-SMCI,8549.410362482071,250000.0,57
2019-12-27,SWK-VRT,2680.8828735351562,250000.0,57
2019-12-27,CRM-SMCI,6343.507799625397,250000.0,57
2019-12-30,SWK-VRT,3118.5878257751465,250000.0,57
2019-12-30,CRM-SMCI,2836.0275361537933,250000.0,57
2019-12-31,SWK-VRT,632.2860622406006,250000.0,57
2019-12-31,CRM-SMCI,2989.181135892868,250000.0,57
