date,pair,mark_pnl,target_notional,fold_id
2015-01-02,DGX-EL,0.0,250000.0,0
2015-01-05,DGX-EL,-1054.506031036377,250000.0,0
2015-01-05,ALL-TRV,0.0,250000.0,0
2015-01-05,ICE-MAR,0.0,250000.0,0
2015-01-05,ICE-MA,0.0,250000.0,0
2015-01-06,DGX-EL,-2168.0438804626465,250000.0,0
2015-01-06,ICE-MAR,-227.4022560119629,250000.0,0
2015-01-06,ICE-MA,2958.867198944092,250000.0,0
2015-01-06,PG-SPG,0.0,250000.0,0
2015-01-07,DGX-EL,-2015.292667388916,250000.0,0
2015-01-07,ICE-MAR,2586.7786560058594,250000.0,0
2015-01-07,ICE-MA,3428.527587890625,250000.0,0
2015-01-07,PG-SPG,-3265.8651123046875,250000.0,0
2015-01-07,ICE-MCK,0.0,250000.0,0
2015-01-08,DGX-EL,-524.1926383972168,250000.0,0
2015-01-08,ICE-MA,4293.685195922852,250000.0,0
2015-01-08,PG-SPG,24.238677978515625,250000.0,0
2015-01-08,ICE-MCK,-1369.7582702636719,250000.0,0
2015-01-09,DGX-EL,-1991.53511428833,250000.0,0
2015-01-09,ICE-MA,870.5806083679199,250000.0,0
2015-01-09,PG-SPG,-5068.13606262207,250000.0,0
2015-01-09,ICE-MCK,-682.9955062866211,250000.0,0
2015-01-12,DGX-EL,-3770.7044067382812,250000.0,0
2015-01-12,ICE-MA,4106.585464477539,250000.0,0
2015-01-12,PG-SPG,-6253.367767333984,250000.0,0
2015-01-12,ICE-MCK,-1468.0940246582031,250000.0,0
2015-01-12,CMCSA-GPC,0.0,250000.0,0
2015-01-13,DGX-EL,-2701.9228019714355,250000.0,0
2015-01-13,PG-SPG,-5344.510040283203,250000.0,0
2015-01-13,CMCSA-GPC,-4874.140842437744,250000.0,0
2015-01-14,DGX-EL,-4268.598579406738,250000.0,0
2015-01-14,PG-SPG,-8498.662734985352,250000.0,0
2015-01-14,CMCSA-GPC,-3783.8775177001953,250000.0,0
2015-01-15,DGX-EL,-4915.417015075684,250000.0,0
2015-01-15,PG-SPG,-10749.489028930664,250000.0,0
2015-01-15,CMCSA-GPC,-5302.906646728516,250000.0,0
2015-01-16,DGX-EL,-5808.827930450439,250000.0,0
2015-01-16,PG-SPG,-7757.453872680664,250000.0,0
2015-01-16,CMCSA-GPC,-4431.461452484131,250000.0,0
2015-01-20,PG-SPG,-6398.599670410156,250000.0,0
2015-01-20,CMCSA-GPC,1884.8183765411377,250000.0,0
2015-01-20,COHR-WY,0.0,250000.0,0
2015-01-21,CMCSA-GPC,2851.709680557251,250000.0,0
2015-01-21,COHR-WY,-1301.4915285110474,250000.0,0
2015-01-22,CMCSA-GPC,479.92184257507324,250000.0,0
2015-01-22,COHR-WY,2614.1411895751953,250000.0,0
2015-01-23,CMCSA-GPC,1472.544147491455,250000.0,0
2015-01-23,COHR-WY,-79.60788917541504,250000.0,0
2015-01-23,EL-RMD,0.0,250000.0,0
2015-01-23,APH-EL,0.0,250000.0,0
2015-01-26,CMCSA-GPC,-11.633077621459961,250000.0,0
2015-01-26,COHR-WY,-753.4339218139648,250000.0,0
2015-01-26,EL-RMD,-12162.024993896484,250000.0,0
2015-01-26,APH-EL,-2703.380292892456,250000.0,0
2015-01-26,EL-MMM,0.0,250000.0,0
2015-01-26,DGX-EL,0.0,250000.0,0
2015-01-27,EL-RMD,-10911.849960327148,250000.0,0
2015-01-27,EL-MMM,-3837.205238342285,250000.0,0
2015-01-27,DGX-EL,-3634.6277618408203,250000.0,0
2015-01-27,ADSK-LYV,0.0,250000.0,0
2015-01-28,EL-RMD,-11368.213565826416,250000.0,0
2015-01-28,ADSK-LYV,1545.1999168395996,250000.0,0
2015-01-28,ICE-MCK,0.0,250000.0,0
2015-01-29,EL-RMD,-1348.0729675292969,250000.0,0
2015-01-29,ADSK-LYV,3679.6614379882812,250000.0,0
2015-01-29,ICE-MCK,-2247.6361236572266,250000.0,0
2015-01-30,EL-RMD,-7033.072448730469,250000.0,0
2015-02-02,EL-RMD,-456.4516067504883,250000.0,0
2015-02-03,EL-RMD,1672.6337776184082,250000.0,0
2015-02-04,EL-RMD,1598.0527572631836,250000.0,0
2015-02-04,CMCSA-GPC,0.0,250000.0,0
2015-02-05,CMCSA-GPC,709.0750503540039,250000.0,0
2015-02-05,EL-GPC,0.0,250000.0,0
2015-02-05,EL-MMM,0.0,250000.0,0
2015-02-05,ICE-MCHP,0.0,250000.0,0
2015-02-05,ICE-MAR,0.0,250000.0,0
2015-02-05,APH-EL,0.0,250000.0,0
2015-02-06,CMCSA-GPC,2718.867950439453,250000.0,0
2015-02-06,EL-GPC,-3060.5728454589844,250000.0,0
2015-02-06,EL-MMM,-3928.331085205078,250000.0,0
2015-02-06,ICE-MCHP,3263.6828956604004,250000.0,0
2015-02-06,ICE-MAR,-8702.611602783203,250000.0,0
2015-02-06,APH-EL,-3820.4954471588135,250000.0,0
2015-02-06,ALL-TRV,0.0,250000.0,0
2015-02-09,CMCSA-GPC,245.8603000640869,250000.0,0
2015-02-09,EL-GPC,-4018.905792236328,250000.0,0
2015-02-09,EL-MMM,-5523.107376098633,250000.0,0
2015-02-09,ICE-MAR,-11855.49984741211,250000.0,0
2015-02-09,APH-EL,-3735.4206371307373,250000.0,0
2015-02-09,ALL-TRV,713.0657157897949,250000.0,0
2015-02-10,CMCSA-GPC,-745.3778781890869,250000.0,0
2015-02-10,EL-GPC,-5133.955520629883,250000.0,0
2015-02-10,EL-MMM,-5586.622909545898,250000.0,0
2015-02-10,ICE-MAR,-2193.899688720703,250000.0,0
2015-02-10,APH-EL,-4729.852445602417,250000.0,0
2015-02-10,ALL-TRV,-977.6316375732422,250000.0,0
2015-02-11,CMCSA-GPC,-3484.761693954468,250000.0,0
2015-02-11,EL-GPC,-6833.345497131348,250000.0,0
2015-02-11,EL-MMM,-7038.527145385742,250000.0,0
2015-02-11,ICE-MAR,-3605.145721435547,250000.0,0
2015-02-11,APH-EL,-5999.385457992554,250000.0,0
2015-02-11,ALL-TRV,-601.1392822265625,250000.0,0
2015-02-12,CMCSA-GPC,-6534.067890167236,250000.0,0
2015-02-12,EL-GPC,-8130.501892089844,250000.0,0
2015-02-12,EL-MMM,-6413.31184387207,250000.0,0
2015-02-12,ICE-MAR,-444.6741027832031,250000.0,0
2015-02-12,APH-EL,-7389.568199157715,250000.0,0
2015-02-12,ALL-TRV,-94.60528564453125,250000.0,0
2015-02-13,EL-GPC,-14052.931739807129,250000.0,0
2015-02-13,EL-MMM,-10775.480331420898,250000.0,0
2015-02-13,ICE-MAR,2418.8196716308594,250000.0,0
2015-02-13,APH-EL,-12112.69915008545,250000.0,0
2015-02-13,ALL-TRV,-321.61579513549805,250000.0,0
2015-02-17,EL-GPC,-12176.222785949707,250000.0,0
2015-02-17,EL-MMM,-7315.091354370117,250000.0,0
2015-02-17,ICE-MAR,6545.745788574219,250000.0,0
2015-02-17,APH-EL,-10163.809135437012,250000.0,0
2015-02-17,ALL-TRV,-875.2228088378906,250000.0,0
2015-02-18,EL-GPC,-13786.411010742188,250000.0,0
2015-02-18,EL-MMM,-5809.086044311523,250000.0,0
2015-02-18,ICE-MAR,7127.1295166015625,250000.0,0
2015-02-18,APH-EL,-9068.972286224365,250000.0,0
2015-02-18,ALL-TRV,-2459.7701683044434,250000.0,0
2015-02-19,EL-GPC,-11642.963073730469,250000.0,0
2015-02-19,EL-MMM,-5105.648178100586,250000.0,0
2015-02-19,APH-EL,-7753.957983016968,250000.0,0
2015-02-19,ALL-TRV,-1143.2253112792969,250000.0,0
2015-02-19,ICE-REGN,0.0,250000.0,0
2015-02-20,ALL-TRV,505.7518730163574,250000.0,0
2015-02-20,ICE-REGN,2483.7022552490234,250000.0,0
2015-02-23,ALL-TRV,1241.070728302002,250000.0,0
2015-02-23,ICE-REGN,1254.9099807739258,250000.0,0
2015-02-24,ALL-TRV,1339.3708419799805,250000.0,0
2015-02-24,ICE-REGN,4704.548179626465,250000.0,0
2015-02-25,ALL-TRV,1229.8247909545898,250000.0,0
2015-02-25,ICE-REGN,5789.785415649414,250000.0,0
2015-02-26,ALL-TRV,540.9562911987305,250000.0,0
2015-02-26,ICE-REGN,7180.664886474609,250000.0,0
2015-03-04,EFX-EL,0.0,250000.0,0
2015-03-04,APH-EL,0.0,250000.0,0
2015-03-05,APH-EL,1591.805534362793,250000.0,0
2015-03-06,APH-EL,1388.4314460754395,250000.0,0
2015-03-06,EL-MMM,0.0,250000.0,0
2015-03-09,APH-EL,3357.0936431884766,250000.0,0
2015-03-09,EL-MMM,2116.306671142578,250000.0,0
2015-03-10,APH-EL,-206.88654708862305,250000.0,0
2015-03-10,EL-MMM,-1804.73388671875,250000.0,0
2015-03-11,APH-EL,-2636.314510345459,250000.0,0
2015-03-11,EL-MMM,-1496.9940490722656,250000.0,0
2015-03-11,CHD-EL,0.0,250000.0,0
2015-03-11,ACGL-EL,0.0,250000.0,0
2015-03-12,APH-EL,-3404.736629486084,250000.0,0
2015-03-12,EL-MMM,1628.0508117675781,250000.0,0
2015-03-12,CHD-EL,503.6287841796875,250000.0,0
2015-03-12,ACGL-EL,-2296.1666259765625,250000.0,0
2015-03-12,DHR-EL,0.0,250000.0,0
2015-03-13,APH-EL,-4497.019798278809,250000.0,0
2015-03-13,EL-MMM,-4.575164794921875,250000.0,0
2015-03-13,CHD-EL,-536.7214965820312,250000.0,0
2015-03-13,ACGL-EL,-5029.638214111328,250000.0,0
2015-03-16,CHD-EL,-855.1432800292969,250000.0,0
2015-03-16,ACGL-EL,-6716.737335205078,250000.0,0
2015-03-17,CHD-EL,-915.4659118652344,250000.0,0
2015-03-17,ACGL-EL,-7741.356994628906,250000.0,0
2015-03-18,CHD-EL,1330.960464477539,250000.0,0
2015-03-18,ACGL-EL,-9022.39811706543,250000.0,0
2015-03-19,CHD-EL,1074.2871398925781,250000.0,0
2015-03-19,ACGL-EL,-4379.774688720703,250000.0,0
2015-03-20,ACGL-EL,-3267.6665649414062,250000.0,0
2015-03-23,ACGL-EL,-5088.838714599609,250000.0,0
2015-03-24,ACGL-EL,-3270.0640563964844,250000.0,0
2015-03-25,ACGL-EL,1394.3020324707031,250000.0,0
2015-03-25,ICE-LRCX,0.0,250000.0,0
2015-03-25,EL-MMM,0.0,250000.0,0
2015-03-25,ICE-MAR,0.0,250000.0,0
2015-03-25,APH-EL,0.0,250000.0,0
2015-03-26,ICE-LRCX,-5052.097686767578,250000.0,0
2015-03-26,EL-MMM,1251.0841903686523,250000.0,0
2015-03-26,ICE-MAR,3350.3888931274414,250000.0,0
2015-03-26,APH-EL,3550.8510036468506,250000.0,0
2015-03-27,ICE-LRCX,-2822.8128051757812,250000.0,0
2015-03-27,EL-MMM,2095.7204208374023,250000.0,0
2015-03-27,ICE-MAR,2475.6824951171875,250000.0,0
2015-03-27,APH-EL,2617.4233837127686,250000.0,0
2015-03-30,ICE-LRCX,-3422.6388325691223,250000.0,0
2015-03-30,ICE-MAR,2418.1467361450195,250000.0,0
2015-03-30,APH-EL,4332.016883850098,250000.0,0
2015-03-31,ICE-LRCX,-9487.793148517609,250000.0,0
2015-03-31,ICE-MAR,-31.653778076171875,250000.0,0
2015-03-31,ADSK-LYV,0.0,250000.0,0
2015-02-02,DAL-FIS,0.0,250000.0,1
2015-02-03,UAL-ZBRA,0.0,250000.0,1
2015-02-04,GS-RL,0.0,250000.0,1
2015-02-04,AVGO-AWK,0.0,250000.0,1
2015-02-05,GS-RL,688.1949462890625,250000.0,1
2015-02-05,AVGO-AWK,3538.543531894684,250000.0,1
2015-02-05,AVGO-KDP,0.0,250000.0,1
2015-02-06,GS-RL,-8506.750366210938,250000.0,1
2015-02-06,AVGO-AWK,-2211.1038403511047,250000.0,1
2015-02-06,AVGO-KDP,3844.494725227356,250000.0,1
2015-02-06,HON-PPL,0.0,250000.0,1
2015-02-06,AVGO-DLR,0.0,250000.0,1
2015-02-06,AVGO-KIM,0.0,250000.0,1
2015-02-09,GS-RL,-11657.937561035156,250000.0,1
2015-02-09,AVGO-AWK,-4241.232404708862,250000.0,1
2015-02-09,HON-PPL,-3790.0216674804688,250000.0,1
2015-02-09,AVGO-DLR,-4293.008093357086,250000.0,1
2015-02-09,AVGO-KIM,1314.2100834846497,250000.0,1
2015-02-09,AVGO-MSCI,0.0,250000.0,1
2015-02-10,GS-RL,-16935.783401489258,250000.0,1
2015-02-10,HON-PPL,-534.4836959838867,250000.0,1
2015-02-10,AVGO-DLR,-3833.1604957580566,250000.0,1
2015-02-10,AVGO-KIM,-1613.3390378952026,250000.0,1
2015-02-10,AVGO-MSCI,5492.549434661865,250000.0,1
2015-02-11,GS-RL,-21482.455200195312,250000.0,1
2015-02-11,HON-PPL,-4564.267433166504,250000.0,1
2015-02-11,AVGO-DLR,-3171.1473064422607,250000.0,1
2015-02-11,AVGO-KIM,-3728.8094186782837,250000.0,1
2015-02-11,AVGO-CRL,0.0,250000.0,1
2015-02-12,GS-RL,-23563.661575317383,250000.0,1
2015-02-12,HON-PPL,-5422.150245666504,250000.0,1
2015-02-12,AVGO-DLR,-274.10810947418213,250000.0,1
2015-02-12,AVGO-KIM,-3231.235361099243,250000.0,1
2015-02-12,AVGO-CRL,-1252.4626426696777,250000.0,1
2015-02-13,GS-RL,-23462.341339111328,250000.0,1
2015-02-13,AVGO-DLR,-8045.6796407699585,250000.0,1
2015-02-13,AVGO-KIM,-6159.3470287323,250000.0,1
2015-02-13,AVGO-CRL,254.3649559020996,250000.0,1
2015-02-17,GS-RL,-22958.992218017578,250000.0,1
2015-02-17,AVGO-KIM,-7758.238387107849,250000.0,1
2015-02-17,AVGO-CRL,382.06785583496094,250000.0,1
2015-02-18,GS-RL,-20782.724502563477,250000.0,1
2015-02-18,AVGO-KIM,-4933.832902908325,250000.0,1
2015-02-18,AVGO-CRL,-3255.7664184570312,250000.0,1
2015-02-19,AVGO-CRL,-3352.4823989868164,250000.0,1
2015-02-24,BIIB-SWKS,0.0,250000.0,1
2015-02-25,BIIB-SWKS,4770.9144287109375,250000.0,1
2015-02-26,BIIB-SWKS,3362.130401611328,250000.0,1
2015-02-26,AVGO-IDXX,0.0,250000.0,1
2015-02-26,AVGO-KDP,0.0,250000.0,1
2015-02-26,AVGO-UDR,0.0,250000.0,1
2015-02-26,AVGO-MNST,0.0,250000.0,1
2015-02-26,AVGO-CRL,0.0,250000.0,1
2015-02-26,AVGO-KIM,0.0,250000.0,1
2015-02-26,AVGO-MSCI,0.0,250000.0,1
2015-02-27,BIIB-SWKS,5275.158660888672,250000.0,1
2015-02-27,AVGO-IDXX,-229.24844360351562,250000.0,1
2015-02-27,AVGO-KDP,3550.683307647705,250000.0,1
2015-02-27,AVGO-UDR,4784.068672180176,250000.0,1
2015-02-27,AVGO-CRL,1037.9960174560547,250000.0,1
2015-02-27,AVGO-KIM,2499.3197450637817,250000.0,1
2015-02-27,AVGO-MSCI,-941.5719985961914,250000.0,1
2015-03-02,BIIB-SWKS,1043.2749938964844,250000.0,1
2015-03-02,AVGO-IDXX,2496.9582195281982,250000.0,1
2015-03-02,AVGO-KDP,3459.5357837677,250000.0,1
2015-03-02,AVGO-UDR,6918.711782455444,250000.0,1
2015-03-02,AVGO-CRL,127.26807022094727,250000.0,1
2015-03-02,AVGO-KIM,1541.6791515350342,250000.0,1
2015-03-02,AVGO-MSCI,3723.171753883362,250000.0,1
2015-03-03,BIIB-SWKS,5230.080718994141,250000.0,1
2015-03-03,AVGO-IDXX,-210.8376064300537,250000.0,1
2015-03-03,AVGO-KDP,3589.285074234009,250000.0,1
2015-03-03,AVGO-UDR,6560.716917037964,250000.0,1
2015-03-03,AVGO-CRL,-2882.716693878174,250000.0,1
2015-03-03,AVGO-KIM,2634.7931051254272,250000.0,1
2015-03-03,AVGO-MSCI,3629.663020133972,250000.0,1
2015-03-04,BIIB-SWKS,2360.7894287109375,250000.0,1
2015-03-04,AVGO-IDXX,-881.0635223388672,250000.0,1
2015-03-04,AVGO-KDP,-693.7967529296875,250000.0,1
2015-03-04,AVGO-UDR,5524.815883636475,250000.0,1
2015-03-04,AVGO-CRL,-646.4634399414062,250000.0,1
2015-03-04,AVGO-KIM,-2808.13950920105,250000.0,1
2015-03-04,AVGO-MSCI,-233.01055526733398,250000.0,1
2015-03-05,AVGO-IDXX,-1572.6247119903564,250000.0,1
2015-03-05,AVGO-KDP,948.3602466583252,250000.0,1
2015-03-05,AVGO-UDR,5051.910715103149,250000.0,1
2015-03-05,AVGO-CRL,1923.8232765197754,250000.0,1
2015-03-05,AVGO-KIM,-1077.416654586792,250000.0,1
2015-03-05,AVGO-MSCI,-7780.678511619568,250000.0,1
2015-03-06,AVGO-IDXX,-4143.0950756073,250000.0,1
2015-03-06,AVGO-KDP,1873.4320316314697,250000.0,1
2015-03-06,AVGO-UDR,1884.1756916046143,250000.0,1
2015-03-06,AVGO-CRL,1137.7146110534668,250000.0,1
2015-03-06,AVGO-KIM,-7197.924929618835,250000.0,1
2015-03-06,AVGO-MSCI,-4186.877900123596,250000.0,1
2015-03-06,NSC-SCHW,0.0,250000.0,1
2015-03-09,AVGO-IDXX,-6691.850814819336,250000.0,1
2015-03-09,AVGO-KDP,4051.3637886047363,250000.0,1
2015-03-09,AVGO-UDR,4758.743846893311,250000.0,1
2015-03-09,AVGO-CRL,6275.161727905273,250000.0,1
2015-03-09,AVGO-KIM,-4316.595278739929,250000.0,1
2015-03-09,AVGO-MSCI,-2293.1567573547363,250000.0,1
2015-03-09,NSC-SCHW,1164.7114334106445,250000.0,1
2015-03-10,AVGO-IDXX,-7712.639106750488,250000.0,1
2015-03-10,AVGO-KDP,3368.3061561584473,250000.0,1
2015-03-10,AVGO-UDR,5213.528865814209,250000.0,1
2015-03-10,AVGO-KIM,-1775.0807991027832,250000.0,1
2015-03-10,AVGO-MSCI,-3913.483699798584,250000.0,1
2015-03-10,LDOS-META,0.0,250000.0,1
2015-03-11,AVGO-IDXX,-8048.303274154663,250000.0,1
2015-03-11,AVGO-KDP,375.9113597869873,250000.0,1
2015-03-11,AVGO-UDR,7063.829496383667,250000.0,1
2015-03-11,AVGO-KIM,-1270.806167602539,250000.0,1
2015-03-11,AVGO-MSCI,1551.9802503585815,250000.0,1
2015-03-11,LDOS-META,-479.95826148986816,250000.0,1
2015-03-11,GS-RL,0.0,250000.0,1
2015-03-12,AVGO-KDP,2678.259958267212,250000.0,1
2015-03-12,AVGO-KIM,1921.691104888916,250000.0,1
2015-03-12,AVGO-MSCI,5656.964694023132,250000.0,1
2015-03-12,LDOS-META,3227.442819595337,250000.0,1
2015-03-12,GS-RL,2162.960403442383,250000.0,1
2015-03-13,AVGO-KDP,1000.6746559143066,250000.0,1
2015-03-13,AVGO-KIM,2534.857392311096,250000.0,1
2015-03-13,AVGO-MSCI,5129.904365539551,250000.0,1
2015-03-13,LDOS-META,1523.5109558105469,250000.0,1
2015-03-13,GS-RL,1597.7368698120117,250000.0,1
2015-03-16,AVGO-KIM,1837.1473550796509,250000.0,1
2015-03-16,AVGO-MSCI,4105.789128303528,250000.0,1
2015-03-16,LDOS-META,1146.560489654541,250000.0,1
2015-03-16,GS-RL,-499.38523864746094,250000.0,1
2015-03-17,AVGO-KIM,1566.293948173523,250000.0,1
2015-03-17,AVGO-MSCI,7320.174294471741,250000.0,1
2015-03-17,GS-RL,-900.026481628418,250000.0,1
2015-03-17,UAL-ZBRA,0.0,250000.0,1
2015-03-18,AVGO-KIM,7102.283941268921,250000.0,1
2015-03-18,AVGO-MSCI,6425.267320632935,250000.0,1
2015-03-18,UAL-ZBRA,2517.7329177856445,250000.0,1
2015-03-18,NSC-SCHW,0.0,250000.0,1
2015-03-19,AVGO-KIM,5007.554448127747,250000.0,1
2015-03-19,AVGO-MSCI,4052.9505891799927,250000.0,1
2015-03-19,UAL-ZBRA,-2751.380645751953,250000.0,1
2015-03-19,NSC-SCHW,-2196.887565612793,250000.0,1
2015-03-20,AVGO-KIM,11058.043760299683,250000.0,1
2015-03-20,AVGO-MSCI,7184.899127006531,250000.0,1
2015-03-20,UAL-ZBRA,5252.579048156738,250000.0,1
2015-03-20,NSC-SCHW,2648.7574348449707,250000.0,1
2015-03-20,BIIB-SWKS,0.0,250000.0,1
2015-03-23,AVGO-KIM,9173.55498123169,250000.0,1
2015-03-23,AVGO-MSCI,7890.161183357239,250000.0,1
2015-03-23,NSC-SCHW,5311.513671875,250000.0,1
2015-03-23,BIIB-SWKS,6762.255989074707,250000.0,1
2015-03-23,AVGO-CRL,0.0,250000.0,1
2015-03-24,AVGO-KIM,7484.026246070862,250000.0,1
2015-03-24,AVGO-MSCI,7795.791681289673,250000.0,1
2015-03-24,NSC-SCHW,4747.316394805908,250000.0,1
2015-03-24,AVGO-CRL,-2854.5337629318237,250000.0,1
2015-03-25,AVGO-KIM,9497.436017990112,250000.0,1
2015-03-25,AVGO-MSCI,16742.565470695496,250000.0,1
2015-03-25,NSC-SCHW,1705.1173076629639,250000.0,1
2015-03-25,AVGO-CRL,-3468.7131786346436,250000.0,1
2015-03-26,AVGO-CRL,-991.368842124939,250000.0,1
2015-03-26,AVGO-KDP,0.0,250000.0,1
2015-03-27,AVGO-CRL,-3475.055093765259,250000.0,1
2015-03-27,AVGO-KDP,2423.94647026062,250000.0,1
2015-03-30,AVGO-KDP,1293.8765125274658,250000.0,1
2015-03-31,AVGO-KDP,3162.696357727051,250000.0,1
2015-04-01,AVGO-KDP,2383.9214477539062,250000.0,1
2015-04-02,AVGO-KDP,3261.583568572998,250000.0,1
2015-04-02,CL-LIN,0.0,250000.0,1
2015-04-06,AVGO-KDP,1921.0747718811035,250000.0,1
2015-04-06,CL-LIN,1318.2146644592285,250000.0,1
2015-04-07,AVGO-KDP,-228.7796745300293,250000.0,1
2015-04-07,CL-LIN,-226.71474075317383,250000.0,1
2015-04-08,AVGO-KDP,1987.4016075134277,250000.0,1
2015-04-08,CL-LIN,1009.0571937561035,250000.0,1
2015-04-09,AVGO-KDP,1583.175968170166,250000.0,1
2015-04-09,CL-LIN,705.410327911377,250000.0,1
2015-04-09,AVGO-UDR,0.0,250000.0,1
2015-04-10,AVGO-KDP,2319.3346195220947,250000.0,1
2015-04-10,CL-LIN,402.03962326049805,250000.0,1
2015-04-10,AVGO-UDR,786.2315502166748,250000.0,1
2015-04-13,AVGO-KDP,3499.700319290161,250000.0,1
2015-04-13,AVGO-UDR,-380.9587163925171,250000.0,1
2015-04-14,AVGO-KDP,2615.5295009613037,250000.0,1
2015-04-14,AVGO-UDR,2130.2098417282104,250000.0,1
2015-04-14,BIIB-SWKS,0.0,250000.0,1
2015-04-15,AVGO-KDP,4044.1239337921143,250000.0,1
2015-04-15,AVGO-UDR,-1484.4454717636108,250000.0,1
2015-04-15,BIIB-SWKS,-3919.4482192993164,250000.0,1
2015-04-16,AVGO-KDP,2667.312322616577,250000.0,1
2015-04-16,AVGO-UDR,531.9758377075195,250000.0,1
2015-04-16,BIIB-SWKS,-3649.656150817871,250000.0,1
2015-04-17,AVGO-KDP,5184.3111209869385,250000.0,1
2015-04-17,AVGO-UDR,2008.0060930252075,250000.0,1
2015-04-17,BIIB-SWKS,-502.0627975463867,250000.0,1
2015-04-17,AVGO-MNST,0.0,250000.0,1
2015-04-20,AVGO-KDP,3249.8421592712402,250000.0,1
2015-04-20,AVGO-UDR,1328.3049278259277,250000.0,1
2015-04-20,BIIB-SWKS,-1375.1199951171875,250000.0,1
2015-04-20,AVGO-MNST,-2807.5148181915283,250000.0,1
2015-04-20,CL-LIN,0.0,250000.0,1
2015-04-21,AVGO-UDR,2599.4369134902954,250000.0,1
2015-04-21,BIIB-SWKS,503.99231719970703,250000.0,1
2015-04-21,AVGO-MNST,-3177.8445587158203,250000.0,1
2015-04-22,AVGO-UDR,3981.9214181900024,250000.0,1
2015-04-22,BIIB-SWKS,3109.746208190918,250000.0,1
2015-04-23,BIIB-SWKS,-4488.401039123535,250000.0,1
2015-04-24,AVGO-MNST,0.0,250000.0,1
2015-04-24,AVGO-MSCI,0.0,250000.0,1
2015-04-27,AVGO-MNST,-1781.1346979141235,250000.0,1
2015-04-27,AVGO-MSCI,36.04812049865723,250000.0,1
2015-04-27,BIIB-SWKS,0.0,250000.0,1
2015-04-28,AVGO-MNST,-1780.0364170074463,250000.0,1
2015-04-28,AVGO-MSCI,-3634.8029804229736,250000.0,1
2015-04-28,BIIB-SWKS,-11292.657165527344,250000.0,1
2015-04-29,AVGO-MNST,265.44263076782227,250000.0,1
2015-04-29,AVGO-MSCI,-2909.777666091919,250000.0,1
2015-04-29,BIIB-SWKS,-1711.0150604248047,250000.0,1
2015-04-30,AVGO-MNST,3615.771697998047,250000.0,1
2015-04-30,AVGO-MSCI,2497.0846014022827,250000.0,1
2015-04-30,BIIB-SWKS,-5791.851089477539,250000.0,1
2015-04-30,AVGO-CRL,0.0,250000.0,1
2015-03-03,LIN-ZBH,0.0,250000.0,2
2015-03-03,GS-ZBH,0.0,250000.0,2
2015-03-04,LIN-ZBH,-157.00689697265625,250000.0,2
2015-03-04,GS-ZBH,-246.33311462402344,250000.0,2
2015-03-04,IEX-NDAQ,0.0,250000.0,2
2015-03-05,LIN-ZBH,710.3164825439453,250000.0,2
2015-03-05,IEX-NDAQ,1060.659439086914,250000.0,2
2015-03-05,BKR-COST,0.0,250000.0,2
2015-03-06,LIN-ZBH,-4166.977096557617,250000.0,2
2015-03-06,IEX-NDAQ,-585.7173843383789,250000.0,2
2015-03-06,BKR-COST,536.3361282348633,250000.0,2
2015-03-06,ICE-TFC,0.0,250000.0,2
2015-03-09,LIN-ZBH,-2877.5794372558594,250000.0,2
2015-03-09,IEX-NDAQ,-1661.8058891296387,250000.0,2
2015-03-09,BKR-COST,-1916.1157722473145,250000.0,2
2015-03-09,ICE-TFC,973.1915893554688,250000.0,2
2015-03-10,IEX-NDAQ,-966.9316253662109,250000.0,2
2015-03-10,BKR-COST,1263.1099910736084,250000.0,2
2015-03-11,IEX-NDAQ,1962.1617698669434,250000.0,2
2015-03-11,BKR-COST,2702.920904159546,250000.0,2
2015-03-12,IEX-NDAQ,2305.093334197998,250000.0,2
2015-03-12,BKR-COST,-1475.8290348052979,250000.0,2
2015-03-12,CINF-MDT,0.0,250000.0,2
2015-03-13,IEX-NDAQ,-4086.9316749572754,250000.0,2
2015-03-13,BKR-COST,-2784.910930633545,250000.0,2
2015-03-13,CINF-MDT,1189.8087844848633,250000.0,2
2015-03-16,BKR-COST,-2001.1054878234863,250000.0,2
2015-03-16,CINF-MDT,-4355.7265625,250000.0,2
2015-03-17,BKR-COST,-3329.88680267334,250000.0,2
2015-03-17,CINF-MDT,-5670.762634277344,250000.0,2
2015-03-18,BKR-COST,-2055.091522216797,250000.0,2
2015-03-18,CINF-MDT,-8201.205375671387,250000.0,2
2015-03-18,IEX-NDAQ,0.0,250000.0,2
2015-03-19,BKR-COST,-2372.441135406494,250000.0,2
2015-03-19,CINF-MDT,-5511.284217834473,250000.0,2
2015-03-25,BKR-COST,0.0,250000.0,2
2015-03-26,BKR-COST,-875.1830215454102,250000.0,2
2015-03-27,BKR-COST,-106.77945709228516,250000.0,2
2015-03-30,BKR-COST,1793.3949966430664,250000.0,2
2015-03-31,BKR-COST,173.51324081420898,250000.0,2
2015-04-01,BKR-COST,-2361.665760040283,250000.0,2
2015-04-02,BKR-COST,64.33214569091797,250000.0,2
2015-04-06,BKR-COST,-1920.6758079528809,250000.0,2
2015-04-07,BKR-COST,-714.8506240844727,250000.0,2
2015-04-08,BKR-COST,-152.6136016845703,250000.0,2
2015-04-08,GPN-MSCI,0.0,250000.0,2
2015-04-09,GPN-MSCI,-4445.936176300049,250000.0,2
2015-04-10,GPN-MSCI,-9244.36930847168,250000.0,2
2015-04-13,GPN-MSCI,-4068.6637229919434,250000.0,2
2015-04-14,GPN-MSCI,-3232.1931381225586,250000.0,2
2015-04-15,GPN-MSCI,-9144.230964660645,250000.0,2
2015-04-16,GPN-MSCI,-6938.315334320068,250000.0,2
2015-04-17,GPN-MSCI,-8351.38558959961,250000.0,2
2015-04-20,GPN-MSCI,-10305.042137145996,250000.0,2
2015-04-20,EXC-NDSN,0.0,250000.0,2
2015-04-21,EXC-NDSN,1628.9512767791748,250000.0,2
2015-04-22,EXC-NDSN,-875.8660297393799,250000.0,2
2015-04-22,ADM-MU,0.0,250000.0,2
2015-04-23,EXC-NDSN,125.46998405456543,250000.0,2
2015-04-23,ADM-MU,1488.102409362793,250000.0,2
2015-04-23,ICE-TFC,0.0,250000.0,2
2015-04-24,EXC-NDSN,-114.33473205566406,250000.0,2
2015-04-24,ADM-MU,3614.733627319336,250000.0,2
2015-04-24,ICE-TFC,767.7920036315918,250000.0,2
2015-04-24,DHR-IEX,0.0,250000.0,2
2015-04-27,EXC-NDSN,133.1407814025879,250000.0,2
2015-04-27,ADM-MU,6921.3263511657715,250000.0,2
2015-04-27,ICE-TFC,39.98689270019531,250000.0,2
2015-04-27,DHR-IEX,-1321.2790298461914,250000.0,2
2015-04-27,EW-TTWO,0.0,250000.0,2
2015-04-28,EXC-NDSN,-624.5232963562012,250000.0,2
2015-04-28,ICE-TFC,1308.2044143676758,250000.0,2
2015-04-28,DHR-IEX,-546.5279312133789,250000.0,2
2015-04-28,EW-TTWO,-6083.916687011719,250000.0,2
2015-04-29,EXC-NDSN,-2187.3573303222656,250000.0,2
2015-04-29,DHR-IEX,-1923.747947692871,250000.0,2
2015-04-29,EW-TTWO,-8453.673751831055,250000.0,2
2015-04-30,EXC-NDSN,41.138702392578125,250000.0,2
2015-04-30,DHR-IEX,-2471.159133911133,250000.0,2
2015-04-30,PFG-ZBH,0.0,250000.0,2
2015-05-01,DHR-IEX,-676.7520904541016,250000.0,2
2015-05-01,PFG-ZBH,981.882396697998,250000.0,2
2015-05-04,DHR-IEX,-1120.8623352050781,250000.0,2
2015-05-04,PFG-ZBH,1176.5562477111816,250000.0,2
2015-05-04,EXC-NDSN,0.0,250000.0,2
2015-05-05,DHR-IEX,-1262.379753112793,250000.0,2
2015-05-05,PFG-ZBH,1230.7992515563965,250000.0,2
2015-05-06,DHR-IEX,-4124.480606079102,250000.0,2
2015-05-06,PFG-ZBH,491.47285079956055,250000.0,2
2015-05-07,DHR-IEX,-20.66631317138672,250000.0,2
2015-05-07,PFG-ZBH,2383.523235321045,250000.0,2
2015-05-08,DHR-IEX,784.2139129638672,250000.0,2
2015-05-08,PFG-ZBH,6229.410724639893,250000.0,2
2015-05-11,PFG-ZBH,6792.860691070557,250000.0,2
2015-05-12,PFG-ZBH,5081.294830322266,250000.0,2
2015-05-12,DHR-IEX,0.0,250000.0,2
2015-05-13,PFG-ZBH,4697.642734527588,250000.0,2
2015-05-13,DHR-IEX,-115.93592834472656,250000.0,2
2015-05-13,PCAR-QCOM,0.0,250000.0,2
2015-05-14,PFG-ZBH,8415.428287506104,250000.0,2
2015-05-14,DHR-IEX,2494.8879928588867,250000.0,2
2015-05-14,PCAR-QCOM,-2387.939800262451,250000.0,2
2015-05-14,MU-WDC,0.0,250000.0,2
2015-05-15,PFG-ZBH,7980.60705947876,250000.0,2
2015-05-15,MU-WDC,-759.6979236602783,250000.0,2
2015-05-18,MU-WDC,1884.9977855682373,250000.0,2
2015-05-18,GPN-MSCI,0.0,250000.0,2
2015-05-19,MU-WDC,4377.580326080322,250000.0,2
2015-05-19,GPN-MSCI,48.69578552246094,250000.0,2
2015-05-19,EW-TTWO,0.0,250000.0,2
2015-05-20,GPN-MSCI,-562.4191131591797,250000.0,2
2015-05-20,EW-TTWO,7273.388473510742,250000.0,2
2015-05-21,EW-TTWO,7954.163330078125,250000.0,2
2015-05-22,EW-TTWO,12067.035804748535,250000.0,2
2015-05-26,EW-TTWO,11708.124423980713,250000.0,2
2015-05-26,CB-ZBH,0.0,250000.0,2
2015-05-27,EW-TTWO,6093.471755981445,250000.0,2
2015-05-27,CB-ZBH,-1242.5941009521484,250000.0,2
2015-05-28,EW-TTWO,8788.590616226196,250000.0,2
2015-05-28,CB-ZBH,1253.8138275146484,250000.0,2
2015-05-29,EW-TTWO,11256.126996994019,250000.0,2
2015-04-06,ETN-PH,0.0,250000.0,3
2015-04-06,ETN-PNR,0.0,250000.0,3
2015-04-07,ETN-PH,2714.8008575439453,250000.0,3
2015-04-08,ETN-PH,2741.9193725585938,250000.0,3
2015-04-09,COST-UDR,0.0,250000.0,3
2015-04-09,COST-ROL,0.0,250000.0,3
2015-04-10,COST-UDR,-73.73375701904297,250000.0,3
2015-04-13,COST-UDR,-1387.7197647094727,250000.0,3
2015-04-14,COST-UDR,101.68463134765625,250000.0,3
2015-04-15,COST-UDR,-2286.8152084350586,250000.0,3
2015-04-15,ETN-NOC,0.0,250000.0,3
2015-04-16,COST-UDR,1084.4600219726562,250000.0,3
2015-04-16,ETN-NOC,1258.4152374267578,250000.0,3
2015-04-17,ETN-NOC,-2594.090133666992,250000.0,3
2015-04-20,ETN-NOC,-1077.9169616699219,250000.0,3
2015-04-21,ETN-NOC,165.094970703125,250000.0,3
2015-04-22,ETN-NOC,-226.8839569091797,250000.0,3
2015-04-22,COST-REGN,0.0,250000.0,3
2015-04-23,ETN-NOC,1527.8941192626953,250000.0,3
2015-04-23,COST-REGN,-3555.9160537719727,250000.0,3
2015-04-23,COST-ROL,0.0,250000.0,3
2015-04-24,ETN-NOC,1671.643310546875,250000.0,3
2015-04-24,COST-REGN,-2592.894691467285,250000.0,3
2015-04-24,COST-ROL,3405.46107006073,250000.0,3
2015-04-27,ETN-NOC,-3549.5775451660156,250000.0,3
2015-04-27,COST-REGN,-472.49625396728516,250000.0,3
2015-04-28,ETN-NOC,-373.9756317138672,250000.0,3
2015-04-28,COST-REGN,2884.220039367676,250000.0,3
2015-04-29,COST-REGN,-962.128547668457,250000.0,3
2015-04-29,ADM-GD,0.0,250000.0,3
2015-04-30,COST-REGN,3831.1912155151367,250000.0,3
2015-04-30,ADM-GD,2099.3779907226562,250000.0,3
2015-04-30,ETN-NOC,0.0,250000.0,3
2015-04-30,DIS-EQIX,0.0,250000.0,3
2015-05-01,COST-REGN,-631.7722396850586,250000.0,3
2015-05-01,ADM-GD,-1913.202507019043,250000.0,3
2015-05-01,ETN-NOC,-2482.073776245117,250000.0,3
2015-05-01,DIS-EQIX,-1040.0448303222656,250000.0,3
2015-05-04,COST-REGN,-1794.8547668457031,250000.0,3
2015-05-04,ADM-GD,-2098.0021591186523,250000.0,3
2015-05-04,ETN-NOC,-3662.338897705078,250000.0,3
2015-05-04,DIS-EQIX,-762.9064559936523,250000.0,3
2015-05-05,COST-REGN,1302.8988876342773,250000.0,3
2015-05-05,ADM-GD,2664.788360595703,250000.0,3
2015-05-05,DIS-EQIX,915.7998733520508,250000.0,3
2015-05-05,COST-ESS,0.0,250000.0,3
2015-05-06,COST-REGN,-758.7123718261719,250000.0,3
2015-05-06,ADM-GD,2806.5133666992188,250000.0,3
2015-05-06,DIS-EQIX,-1271.9832305908203,250000.0,3
2015-05-06,COST-ESS,430.98636627197266,250000.0,3
2015-05-07,ADM-GD,2051.616943359375,250000.0,3
2015-05-07,DIS-EQIX,-5373.316604614258,250000.0,3
2015-05-08,ADM-GD,-2899.5585708618164,250000.0,3
2015-05-11,ADM-GD,116.71099090576172,250000.0,3
2015-05-12,ADM-GD,1924.3945541381836,250000.0,3
2015-05-13,ADM-GD,2950.7942504882812,250000.0,3
2015-05-14,ADM-GD,346.82057189941406,250000.0,3
2015-05-14,COST-REGN,0.0,250000.0,3
2015-05-15,ADM-GD,2035.4396896362305,250000.0,3
2015-05-15,COST-REGN,4134.280563354492,250000.0,3
2015-05-18,ADM-GD,1836.3025817871094,250000.0,3
2015-05-18,COST-REGN,505.4224090576172,250000.0,3
2015-05-19,ADM-GD,1854.9751052856445,250000.0,3
2015-05-19,COST-REGN,-3677.168815612793,250000.0,3
2015-05-20,ADM-GD,1927.3153381347656,250000.0,3
2015-05-20,COST-DGX,0.0,250000.0,3
2015-05-21,ADM-GD,855.9114990234375,250000.0,3
2015-05-21,COST-DGX,3164.170177459717,250000.0,3
2015-05-22,ADM-GD,2774.797348022461,250000.0,3
2015-05-26,ADM-GD,5127.262115478516,250000.0,3
2015-05-27,ADM-GD,1715.4387130737305,250000.0,3
2015-05-28,ADM-GD,1373.5168762207031,250000.0,3
2015-05-29,ADM-GD,2052.7634353637695,250000.0,3
2015-06-01,ADM-GD,2106.627914428711,250000.0,3
2015-06-02,ADM-GD,1150.8710174560547,250000.0,3
2015-06-03,ADM-GD,646.1698379516602,250000.0,3
2015-06-04,ADM-GD,2428.343376159668,250000.0,3
2015-06-05,ADM-GD,1538.9389343261719,250000.0,3
2015-06-08,ADM-GD,3126.5994415283203,250000.0,3
2015-06-09,ADM-GD,2513.2019119262695,250000.0,3
2015-05-01,NVR-TDY,0.0,250000.0,4
2015-05-04,NVR-TDY,1078.977310180664,250000.0,4
2015-05-05,NVR-TDY,1355.0952453613281,250000.0,4
2015-05-06,NVR-TDY,773.3449020385742,250000.0,4
2015-05-07,NVR-TDY,-314.6990509033203,250000.0,4
2015-05-07,HII-LOW,0.0,250000.0,4
2015-05-08,NVR-TDY,4111.951347351074,250000.0,4
2015-05-08,HII-LOW,-7316.68180847168,250000.0,4
2015-05-11,NVR-TDY,5637.488800048828,250000.0,4
2015-05-11,HII-LOW,-5354.690017700195,250000.0,4
2015-05-12,NVR-TDY,7124.530876159668,250000.0,4
2015-05-12,HII-LOW,-7142.918029785156,250000.0,4
2015-05-13,NVR-TDY,6301.88338470459,250000.0,4
2015-05-13,HII-LOW,-3614.945114135742,250000.0,4
2015-05-14,NVR-TDY,7947.010803222656,250000.0,4
2015-05-14,HII-LOW,617.6585845947266,250000.0,4
2015-05-14,AFL-JBL,0.0,250000.0,4
2015-05-15,NVR-TDY,7262.212493896484,250000.0,4
2015-05-15,HII-LOW,-3288.741241455078,250000.0,4
2015-05-15,AFL-JBL,-1173.413703918457,250000.0,4
2015-05-18,NVR-TDY,5506.642524719238,250000.0,4
2015-05-18,HII-LOW,-2687.6847534179688,250000.0,4
2015-05-18,AFL-JBL,-3583.7872676849365,250000.0,4
2015-05-19,NVR-TDY,544.8288421630859,250000.0,4
2015-05-19,HII-LOW,-929.139892578125,250000.0,4
2015-05-19,AFL-JBL,963.5654811859131,250000.0,4
2015-05-19,NVR-WDAY,0.0,250000.0,4
2015-05-20,NVR-TDY,280.3928680419922,250000.0,4
2015-05-20,AFL-JBL,1093.3894748687744,250000.0,4
2015-05-20,NVR-WDAY,-2948.886749267578,250000.0,4
2015-05-20,NVR-UAL,0.0,250000.0,4
2015-05-20,ADI-FICO,0.0,250000.0,4
2015-05-21,NVR-TDY,786.209587097168,250000.0,4
2015-05-21,AFL-JBL,-4491.869009017944,250000.0,4
2015-05-21,NVR-WDAY,2879.1849517822266,250000.0,4
2015-05-21,NVR-UAL,-3788.4725379943848,250000.0,4
2015-05-21,ADI-FICO,3316.629981994629,250000.0,4
2015-05-22,AFL-JBL,-6443.802862167358,250000.0,4
2015-05-22,NVR-WDAY,3961.800018310547,250000.0,4
2015-05-22,NVR-UAL,-5891.196964263916,250000.0,4
2015-05-22,ADI-FICO,-2368.6430892944336,250000.0,4
2015-05-26,AFL-JBL,-8374.466423034668,250000.0,4
2015-05-26,ADI-FICO,-6447.1113357543945,250000.0,4
2015-05-27,AFL-JBL,-8507.458892822266,250000.0,4
2015-05-27,NVR-WDAY,0.0,250000.0,4
2015-05-28,AFL-JBL,-7537.630811691284,250000.0,4
2015-05-28,NVR-WDAY,-7274.7320556640625,250000.0,4
2015-05-29,NVR-WDAY,-7130.4901123046875,250000.0,4
2015-06-01,NVR-WDAY,-7108.819091796875,250000.0,4
2015-06-02,NVR-WDAY,-4550.3299560546875,250000.0,4
2015-06-03,NVR-WDAY,-4731.923278808594,250000.0,4
2015-06-03,PNW-SRE,0.0,250000.0,4
2015-06-04,NVR-WDAY,-10271.306579589844,250000.0,4
2015-06-04,PNW-SRE,-749.1628112792969,250000.0,4
2015-06-05,NVR-WDAY,-7210.896301269531,250000.0,4
2015-06-05,PNW-SRE,-444.93426513671875,250000.0,4
2015-06-08,NVR-WDAY,-7701.527404785156,250000.0,4
2015-06-08,PNW-SRE,-1712.6228637695312,250000.0,4
2015-06-08,ETR-PPL,0.0,250000.0,4
2015-06-09,NVR-WDAY,-6232.412902832031,250000.0,4
2015-06-09,PNW-SRE,-1245.3716049194336,250000.0,4
2015-06-09,ETR-PPL,1683.3432388305664,250000.0,4
2015-06-10,PNW-SRE,-878.1269226074219,250000.0,4
2015-06-10,ETR-PPL,3004.7668781280518,250000.0,4
2015-06-11,PNW-SRE,-340.1377410888672,250000.0,4
2015-06-12,PNW-SRE,-1857.088523864746,250000.0,4
2015-06-15,PNW-SRE,-1946.9673690795898,250000.0,4
2015-06-16,PNW-SRE,-1936.875259399414,250000.0,4
2015-06-17,PNW-SRE,1270.9155960083008,250000.0,4
2015-06-18,PNW-SRE,806.9115982055664,250000.0,4
2015-06-18,AFL-JBL,0.0,250000.0,4
2015-06-18,NVR-PODD,0.0,250000.0,4
2015-06-19,AFL-JBL,4151.310821533203,250000.0,4
2015-06-19,NVR-PODD,233.31338500976562,250000.0,4
2015-06-22,AFL-JBL,3376.9319496154785,250000.0,4
2015-06-22,NVR-PODD,-989.1398315429688,250000.0,4
2015-06-22,NVR-WMB,0.0,250000.0,4
2015-06-23,AFL-JBL,2365.7440795898438,250000.0,4
2015-06-23,NVR-PODD,-536.5482482910156,250000.0,4
2015-06-23,NVR-WMB,7988.061492919922,250000.0,4
2015-06-24,AFL-JBL,1091.6817817687988,250000.0,4
2015-06-24,NVR-PODD,-205.38113403320312,250000.0,4
2015-06-24,NVR-WMB,14735.60901260376,250000.0,4
2015-06-25,AFL-JBL,-6867.4865798950195,250000.0,4
2015-06-25,NVR-PODD,-3388.809112548828,250000.0,4
2015-06-25,NVR-WMB,23306.971282958984,250000.0,4
2015-06-26,AFL-JBL,-9688.494590759277,250000.0,4
2015-06-26,NVR-PODD,-7491.6395263671875,250000.0,4
2015-06-26,NVR-WMB,15730.15754699707,250000.0,4
2015-06-29,AFL-JBL,-2606.3934059143066,250000.0,4
2015-06-29,NVR-PODD,3220.369415283203,250000.0,4
2015-06-29,NVR-WMB,16712.654418945312,250000.0,4
2015-06-29,CDNS-SNPS,0.0,250000.0,4
2015-06-30,AFL-JBL,-8173.791004180908,250000.0,4
2015-06-30,NVR-WMB,10403.985145568848,250000.0,4
2015-06-30,CDNS-SNPS,-1795.1891193389893,250000.0,4
2015-07-01,AFL-JBL,-11477.053764343262,250000.0,4
2015-07-01,NVR-WMB,12112.122020721436,250000.0,4
2015-07-01,CDNS-SNPS,-1703.400764465332,250000.0,4
2015-07-02,AFL-JBL,-8805.234909057617,250000.0,4
2015-07-02,NVR-WMB,12392.208171844482,250000.0,4
2015-07-02,CDNS-SNPS,-1600.7634944915771,250000.0,4
2015-07-06,NVR-WMB,15394.06016921997,250000.0,4
2015-07-06,CDNS-SNPS,-117.42022705078125,250000.0,4
2015-07-07,NVR-WMB,17663.255661010742,250000.0,4
2015-07-07,CDNS-SNPS,-1637.6505451202393,250000.0,4
2015-07-07,NVR-PPL,0.0,250000.0,4
2015-07-08,NVR-WMB,20592.073600769043,250000.0,4
2015-07-08,CDNS-SNPS,-2064.500759124756,250000.0,4
2015-07-08,NVR-PPL,386.6326484680176,250000.0,4
2015-07-09,NVR-WMB,19738.283962249756,250000.0,4
2015-07-09,CDNS-SNPS,-2565.899377822876,250000.0,4
2015-07-09,NVR-PPL,2445.3873805999756,250000.0,4
2015-07-10,NVR-WMB,14358.026153564453,250000.0,4
2015-07-10,CDNS-SNPS,-1365.9259452819824,250000.0,4
2015-07-13,NVR-WMB,13662.051166534424,250000.0,4
2015-07-13,CDNS-SNPS,-595.1745586395264,250000.0,4
2015-07-14,NVR-WMB,15814.156642913818,250000.0,4
2015-07-15,AFL-JBL,0.0,250000.0,4
2015-07-16,AFL-JBL,214.22242164611816,250000.0,4
2015-07-17,AFL-JBL,2780.874198913574,250000.0,4
2015-07-20,AFL-JBL,518.5621662139893,250000.0,4
2015-07-20,CDNS-SNPS,0.0,250000.0,4
2015-07-21,AFL-JBL,670.3243656158447,250000.0,4
2015-07-21,CDNS-SNPS,-1137.0931243896484,250000.0,4
2015-07-21,NVR-TDY,0.0,250000.0,4
2015-07-22,AFL-JBL,-4507.955755233765,250000.0,4
2015-07-22,NVR-TDY,-4738.907829284668,250000.0,4
2015-07-22,NVR-UAL,0.0,250000.0,4
2015-07-22,NVR-WMB,0.0,250000.0,4
2015-07-23,AFL-JBL,-4719.556703567505,250000.0,4
2015-07-23,NVR-TDY,-1861.3686828613281,250000.0,4
2015-07-23,NVR-UAL,3952.0066833496094,250000.0,4
2015-07-23,NVR-WMB,-1245.4131507873535,250000.0,4
2015-07-24,NVR-UAL,12687.864456176758,250000.0,4
2015-07-24,NVR-WMB,2974.9194946289062,250000.0,4
2015-07-27,NVR-UAL,4515.800704956055,250000.0,4
2015-07-27,NVR-WMB,-5315.432788848877,250000.0,4
2015-07-28,NVR-UAL,-9834.496002197266,250000.0,4
2015-07-28,NVR-WMB,-4781.305816650391,250000.0,4
2015-07-28,CDNS-SNPS,0.0,250000.0,4
2015-07-29,NVR-UAL,-12713.197326660156,250000.0,4
2015-07-29,NVR-WMB,-6363.638835906982,250000.0,4
2015-07-29,CDNS-SNPS,77.15196800231934,250000.0,4
2015-07-29,AFL-JBL,0.0,250000.0,4
2015-07-30,NVR-UAL,-17170.128860473633,250000.0,4
2015-07-30,NVR-WMB,-15471.107028961182,250000.0,4
2015-07-30,CDNS-SNPS,1641.2664031982422,250000.0,4
2015-07-30,AFL-JBL,8230.052108764648,250000.0,4
2015-07-31,NVR-UAL,-17393.620147705078,250000.0,4
2015-07-31,NVR-WMB,-19357.737880706787,250000.0,4
2015-07-31,CDNS-SNPS,873.3112087249756,250000.0,4
2015-07-31,AFL-JBL,9119.987350463867,250000.0,4
2015-06-01,MSI-WYNN,0.0,250000.0,5
2015-06-04,MSI-WYNN,0.0,250000.0,5
2015-06-05,MSI-WYNN,-847.5727386474609,250000.0,5
2015-06-05,O-VTR,0.0,250000.0,5
2015-06-08,MSI-WYNN,10269.960247039795,250000.0,5
2015-06-08,O-VTR,-499.0123710632324,250000.0,5
2015-06-09,MSI-WYNN,9092.002758026123,250000.0,5
2015-06-09,O-VTR,20.410720825195312,250000.0,5
2015-06-09,MSI-PG,0.0,250000.0,5
2015-06-09,APD-ERIE,0.0,250000.0,5
2015-06-10,MSI-WYNN,11704.601123809814,250000.0,5
2015-06-10,O-VTR,1084.3594818115234,250000.0,5
2015-06-10,MSI-PG,-1060.8898010253906,250000.0,5
2015-06-10,APD-ERIE,-148.6501007080078,250000.0,5
2015-06-11,MSI-WYNN,12141.056564331055,250000.0,5
2015-06-11,O-VTR,137.88924407958984,250000.0,5
2015-06-11,MSI-PG,10.080989837646484,250000.0,5
2015-06-11,APD-ERIE,-2983.7703247070312,250000.0,5
2015-06-12,MSI-WYNN,8629.714778900146,250000.0,5
2015-06-12,O-VTR,1118.0071601867676,250000.0,5
2015-06-12,MSI-PG,237.7250747680664,250000.0,5
2015-06-12,APD-ERIE,-5077.160758972168,250000.0,5
2015-06-12,MSI-PHM,0.0,250000.0,5
2015-06-15,MSI-WYNN,11063.833374023438,250000.0,5
2015-06-15,O-VTR,988.97998046875,250000.0,5
2015-06-15,APD-ERIE,-6213.139442443848,250000.0,5
2015-06-15,MSI-PHM,-237.8380012512207,250000.0,5
2015-06-15,MSI-WM,0.0,250000.0,5
2015-06-16,MSI-WYNN,12861.419021606445,250000.0,5
2015-06-16,O-VTR,2108.8487663269043,250000.0,5
2015-06-16,APD-ERIE,-5077.479454040527,250000.0,5
2015-06-16,MSI-PHM,673.8189506530762,250000.0,5
2015-06-16,MSI-WM,-86.457763671875,250000.0,5
2015-06-17,MSI-WYNN,7868.910415649414,250000.0,5
2015-06-17,O-VTR,-377.30300521850586,250000.0,5
2015-06-17,APD-ERIE,-3083.821258544922,250000.0,5
2015-06-17,MSI-PHM,-1326.2036895751953,250000.0,5
2015-06-17,MSI-WM,842.2661819458008,250000.0,5
2015-06-18,MSI-WYNN,8992.983707427979,250000.0,5
2015-06-18,O-VTR,-1500.9776306152344,250000.0,5
2015-06-18,APD-ERIE,-3498.148826599121,250000.0,5
2015-06-18,MSI-PHM,-828.9798164367676,250000.0,5
2015-06-19,MSI-WYNN,11144.422966003418,250000.0,5
2015-06-19,O-VTR,1905.8535537719727,250000.0,5
2015-06-22,O-VTR,1198.5578880310059,250000.0,5
2015-06-23,O-VTR,847.7611999511719,250000.0,5
2015-06-24,O-VTR,182.89584350585938,250000.0,5
2015-07-07,MSI-WELL,0.0,250000.0,5
2015-07-07,MSI-PG,0.0,250000.0,5
2015-07-08,MSI-WELL,-3870.3489303588867,250000.0,5
2015-07-08,MSI-PG,1185.7130126953125,250000.0,5
2015-07-09,MSI-WELL,-2037.24125289917,250000.0,5
2015-07-09,MSI-PG,2419.559944152832,250000.0,5
2015-07-10,MSI-WELL,-1681.3243255615234,250000.0,5
2015-07-10,MSI-PG,2340.6415405273438,250000.0,5
2015-07-13,MSI-WELL,2646.2894973754883,250000.0,5
2015-07-13,MSI-PG,825.3602142333984,250000.0,5
2015-07-14,MSI-WELL,4438.3805809021,250000.0,5
2015-07-14,MSI-PG,682.0976181030273,250000.0,5
2015-07-15,MSI-PG,779.60205078125,250000.0,5
2015-07-15,MSI-PHM,0.0,250000.0,5
2015-07-16,MSI-PG,919.3311309814453,250000.0,5
2015-07-16,MSI-PHM,-1281.2786102294922,250000.0,5
2015-07-17,MSI-PG,444.4873352050781,250000.0,5
2015-07-17,MSI-PHM,-4752.223943710327,250000.0,5
2015-07-20,MSI-PG,1420.3715591430664,250000.0,5
2015-07-21,MSI-PG,3387.707977294922,250000.0,5
2015-07-21,MSI-PLD,0.0,250000.0,5
2015-07-21,MSI-WTW,0.0,250000.0,5
2015-07-22,MSI-PG,3481.1025314331055,250000.0,5
2015-07-22,MSI-PLD,225.35026931762695,250000.0,5
2015-07-22,MSI-WTW,-13.458396911621094,250000.0,5
2015-07-22,MSI-TRV,0.0,250000.0,5
2015-07-23,MSI-PG,3133.927047729492,250000.0,5
2015-07-23,MSI-PLD,-294.13324546813965,250000.0,5
2015-07-23,MSI-WTW,444.3753433227539,250000.0,5
2015-07-23,MSI-TRV,-1413.4775123596191,250000.0,5
2015-07-24,MSI-WTW,-1816.050407409668,250000.0,5
2015-07-24,MSI-TRV,495.325870513916,250000.0,5
2015-07-24,MSI-VRSN,0.0,250000.0,5
2015-07-24,AMCR-NWSA,0.0,250000.0,5
2015-07-27,MSI-WTW,-1898.527214050293,250000.0,5
2015-07-27,MSI-TRV,-2497.6094970703125,250000.0,5
2015-07-27,MSI-VRSN,-2081.9269065856934,250000.0,5
2015-07-27,AMCR-NWSA,504.71220684051514,250000.0,5
2015-07-27,MSI-VTR,0.0,250000.0,5
2015-07-27,MSI-WELL,0.0,250000.0,5
2015-07-28,MSI-WTW,-1405.2374877929688,250000.0,5
2015-07-28,MSI-TRV,-2197.5167198181152,250000.0,5
2015-07-28,AMCR-NWSA,-7226.832786560059,250000.0,5
2015-07-28,MSI-VTR,1241.1166076660156,250000.0,5
2015-07-28,MSI-WELL,1992.8291816711426,250000.0,5
2015-07-29,MSI-TRV,-2031.8162078857422,250000.0,5
2015-07-29,AMCR-NWSA,-7899.776280403137,250000.0,5
2015-07-29,MSI-VTR,1815.106575012207,250000.0,5
2015-07-29,MSI-WELL,1761.3089218139648,250000.0,5
2015-07-30,MSI-TRV,-1406.3749160766602,250000.0,5
2015-07-30,AMCR-NWSA,-7395.1007652282715,250000.0,5
2015-07-30,MSI-VTR,4140.263290405273,250000.0,5
2015-07-30,MSI-PG,0.0,250000.0,5
2015-07-31,MSI-TRV,343.5800361633301,250000.0,5
2015-07-31,AMCR-NWSA,-6217.500102043152,250000.0,5
2015-07-31,MSI-VTR,2735.097671508789,250000.0,5
2015-07-31,MSI-PG,-2601.1844062805176,250000.0,5
2015-08-03,MSI-TRV,-2733.478469848633,250000.0,5
2015-08-03,AMCR-NWSA,-13526.68921661377,250000.0,5
2015-08-03,MSI-VTR,-397.3661346435547,250000.0,5
2015-08-03,MSI-PG,-3073.464874267578,250000.0,5
2015-08-04,MSI-TRV,-697.3086280822754,250000.0,5
2015-08-04,AMCR-NWSA,-13863.170136451721,250000.0,5
2015-08-04,MSI-VTR,4254.757995605469,250000.0,5
2015-08-04,MSI-PG,-5227.154399871826,250000.0,5
2015-08-05,AMCR-NWSA,-14536.131976127625,250000.0,5
2015-08-05,MSI-WM,0.0,250000.0,5
2015-08-05,MSI-WYNN,0.0,250000.0,5
2015-08-05,MSI-PHM,0.0,250000.0,5
2015-08-05,MSI-WELL,0.0,250000.0,5
2015-08-05,MSI-PLD,0.0,250000.0,5
2015-08-06,AMCR-NWSA,-4778.570563316345,250000.0,5
2015-08-06,MSI-WM,-1820.7200241088867,250000.0,5
2015-08-06,MSI-WYNN,761.725269317627,250000.0,5
2015-08-06,MSI-PHM,-1199.2854843139648,250000.0,5
2015-08-06,MSI-WELL,943.2494850158691,250000.0,5
2015-08-06,MSI-PLD,2306.1984901428223,250000.0,5
2015-08-07,AMCR-NWSA,-6292.633800506592,250000.0,5
2015-08-07,MSI-WM,-4808.744087219238,250000.0,5
2015-08-07,MSI-WYNN,4529.64049911499,250000.0,5
2015-08-07,MSI-PHM,-3414.957550048828,250000.0,5
2015-08-07,MSI-WELL,291.39699935913086,250000.0,5
2015-08-07,MSI-PLD,1098.3814392089844,250000.0,5
2015-08-10,MSI-WM,-770.9167785644531,250000.0,5
2015-08-10,MSI-WYNN,8469.406581878662,250000.0,5
2015-08-10,MSI-PHM,2223.809196472168,250000.0,5
2015-08-10,MSI-WELL,-1065.627368927002,250000.0,5
2015-08-10,MSI-PLD,1754.093053817749,250000.0,5
2015-08-11,MSI-WM,3013.26651763916,250000.0,5
2015-08-11,MSI-WYNN,3165.7574882507324,250000.0,5
2015-08-11,MSI-PHM,10423.524108886719,250000.0,5
2015-08-11,MSI-WELL,3657.3241233825684,250000.0,5
2015-08-11,MSI-PLD,6977.900508880615,250000.0,5
2015-08-12,MSI-WM,-1548.7266273498535,250000.0,5
2015-08-12,MSI-WYNN,-13286.279571533203,250000.0,5
2015-08-12,MSI-PHM,8810.437339782715,250000.0,5
2015-08-12,MSI-WELL,-955.4238128662109,250000.0,5
2015-08-12,MSI-PLD,1967.9324169158936,250000.0,5
2015-08-13,MSI-WM,-25.084766387939453,250000.0,5
2015-08-13,MSI-WYNN,-17956.037769317627,250000.0,5
2015-08-13,MSI-WELL,-988.3989295959473,250000.0,5
2015-08-13,MSI-PLD,3493.6424922943115,250000.0,5
2015-08-14,MSI-WM,-1483.8148040771484,250000.0,5
2015-08-14,MSI-WELL,-3792.0464477539062,250000.0,5
2015-08-14,MSI-PLD,1419.4984245300293,250000.0,5
2015-08-17,MSI-WM,-1023.6129035949707,250000.0,5
2015-08-17,MSI-WELL,45.09306716918945,250000.0,5
2015-08-17,MSI-PLD,3843.588689804077,250000.0,5
2015-08-18,MSI-WM,-3197.0350456237793,250000.0,5
2015-08-18,MSI-WELL,-2449.461925506592,250000.0,5
2015-08-18,MSI-PLD,3655.4220905303955,250000.0,5
2015-08-18,MSI-VTR,0.0,250000.0,5
2015-08-18,O-VTR,0.0,250000.0,5
2015-08-19,MSI-WM,-1611.6844902038574,250000.0,5
2015-08-19,MSI-WELL,-1412.6432304382324,250000.0,5
2015-08-19,MSI-PLD,4557.153299331665,250000.0,5
2015-08-19,MSI-VTR,2363.5025939941406,250000.0,5
2015-08-19,O-VTR,3735.020330429077,250000.0,5
2015-08-20,MSI-WM,5438.678897857666,250000.0,5
2015-08-20,MSI-WELL,6800.689628601074,250000.0,5
2015-08-20,MSI-PLD,7609.342239379883,250000.0,5
2015-08-20,O-VTR,5497.122852325439,250000.0,5
2015-08-20,ED-TXN,0.0,250000.0,5
2015-08-21,MSI-WM,8030.177589416504,250000.0,5
2015-08-21,MSI-WELL,10266.457534790039,250000.0,5
2015-08-21,MSI-PLD,7798.507520675659,250000.0,5
2015-08-21,O-VTR,4675.283758163452,250000.0,5
2015-08-21,ED-TXN,-8927.705642700195,250000.0,5
2015-08-21,AMCR-EXPD,0.0,250000.0,5
2015-08-24,MSI-WM,5698.700099945068,250000.0,5
2015-08-24,MSI-WELL,8485.638244628906,250000.0,5
2015-08-24,O-VTR,5073.208169937134,250000.0,5
2015-08-25,MSI-WM,5873.353420257568,250000.0,5
2015-08-25,MSI-WELL,1063.423984527588,250000.0,5
2015-08-25,O-VTR,5946.282669067383,250000.0,5
2015-08-25,MSI-PLD,0.0,250000.0,5
2015-08-26,O-VTR,4150.428077697754,250000.0,5
2015-08-26,MSI-PLD,307.8945941925049,250000.0,5
2015-08-27,O-VTR,2156.966432571411,250000.0,5
2015-08-27,MSI-PLD,5445.519540786743,250000.0,5
2015-08-28,O-VTR,2292.92893409729,250000.0,5
2015-08-28,MSI-PLD,5927.778314590454,250000.0,5
2015-08-31,O-VTR,3547.0752487182617,250000.0,5
2015-08-31,MSI-PLD,-885.7140769958496,250000.0,5
2015-07-08,AMCR-ROK,0.0,250000.0,6
2015-07-08,AMCR-APTV,0.0,250000.0,6
2015-07-09,AMCR-ROK,1594.0806503295898,250000.0,6
2015-07-09,AMCR-APTV,-926.6835250854492,250000.0,6
2015-07-10,AMCR-ROK,3001.962112426758,250000.0,6
2015-07-10,AMCR-APTV,3099.7190437316895,250000.0,6
2015-07-13,AMCR-APTV,5624.176242828369,250000.0,6
2015-07-14,AMCR-APTV,6359.172420501709,250000.0,6
2015-07-15,AMCR-APTV,7957.007572174072,250000.0,6
2015-07-23,EL-UPS,0.0,250000.0,6
2015-07-28,EL-UPS,0.0,250000.0,6
2015-07-29,EL-UPS,-1029.143798828125,250000.0,6
2015-07-30,EL-UPS,-2380.638153076172,250000.0,6
2015-07-31,EL-UPS,-5135.598014831543,250000.0,6
2015-08-03,EL-UPS,-5774.421600341797,250000.0,6
2015-08-04,EL-UPS,-4926.722587585449,250000.0,6
2015-08-05,EL-UPS,-4986.839065551758,250000.0,6
2015-08-05,AMCR-ROK,0.0,250000.0,6
2015-08-05,AMCR-PWR,0.0,250000.0,6
2015-08-06,EL-UPS,-4527.764625549316,250000.0,6
2015-08-06,AMCR-ROK,-840.1049423217773,250000.0,6
2015-08-06,AMCR-PWR,2488.011764526367,250000.0,6
2015-08-07,EL-UPS,-3440.259376525879,250000.0,6
2015-08-07,AMCR-ROK,280.0213851928711,250000.0,6
2015-08-07,AMCR-PWR,5733.194183349609,250000.0,6
2015-08-10,EL-UPS,-7155.45280456543,250000.0,6
2015-08-10,AMCR-ROK,-6268.55534362793,250000.0,6
2015-08-10,AMCR-PWR,14819.83120727539,250000.0,6
2015-08-11,EL-UPS,-5726.490867614746,250000.0,6
2015-08-11,AMCR-ROK,-1529.3397216796875,250000.0,6
2015-08-11,AMCR-PWR,14495.302444458008,250000.0,6
2015-08-12,AMCR-ROK,409.19300079345703,250000.0,6
2015-08-13,AMCR-ROK,409.21339416503906,250000.0,6
2015-08-14,AMCR-ROK,-1713.634620666504,250000.0,6
2015-08-17,AMCR-ROK,-3511.697799682617,250000.0,6
2015-08-17,EL-UPS,0.0,250000.0,6
2015-08-18,AMCR-ROK,-652.2615966796875,250000.0,6
2015-08-18,EL-UPS,1644.5201110839844,250000.0,6
2015-08-19,AMCR-ROK,2965.502128601074,250000.0,6
2015-08-19,EL-UPS,2226.0953521728516,250000.0,6
2015-08-20,EL-UPS,3701.0340576171875,250000.0,6
2015-08-20,AMCR-ROP,0.0,250000.0,6
2015-08-20,AMCR-CSGP,0.0,250000.0,6
2015-08-21,EL-UPS,5335.431198120117,250000.0,6
2015-08-21,AMCR-RVTY,0.0,250000.0,6
2015-08-21,EL-VRSN,0.0,250000.0,6
2015-08-24,EL-VRSN,-5823.431694030762,250000.0,6
2015-08-24,EL-KO,0.0,250000.0,6
2015-08-24,AMCR-ROP,0.0,250000.0,6
2015-08-24,AMCR-LRCX,0.0,250000.0,6
2015-08-24,AMCR-CSGP,0.0,250000.0,6
2015-08-25,EL-VRSN,-5625.659248352051,250000.0,6
2015-08-25,EL-KO,-2019.513828277588,250000.0,6
2015-08-25,AMCR-ROP,-1241.2914276123047,250000.0,6
2015-08-25,AMCR-LRCX,297.00846672058105,250000.0,6
2015-08-25,AMCR-CSGP,1088.1612491607666,250000.0,6
2015-08-26,EL-VRSN,1462.982780456543,250000.0,6
2015-08-26,EL-KO,1125.2565689086914,250000.0,6
2015-08-26,AMCR-ROP,3917.336654663086,250000.0,6
2015-08-26,AMCR-CSGP,7705.422468185425,250000.0,6
2015-08-27,EL-KO,3440.4167671203613,250000.0,6
2015-08-27,AMCR-ROK,0.0,250000.0,6
2015-08-27,AMCR-RVTY,0.0,250000.0,6
2015-08-27,AMCR-LRCX,0.0,250000.0,6
2015-08-27,AMCR-APTV,0.0,250000.0,6
2015-08-28,EL-KO,4436.598670959473,250000.0,6
2015-08-28,AMCR-ROK,-1011.3562927246094,250000.0,6
2015-08-28,AMCR-RVTY,-202.2581329345703,250000.0,6
2015-08-28,AMCR-LRCX,649.7276744842529,250000.0,6
2015-08-28,AMCR-APTV,-1066.0123977661133,250000.0,6
2015-08-31,EL-KO,3954.8965072631836,250000.0,6
2015-08-31,AMCR-ROK,-1370.8866424560547,250000.0,6
2015-08-31,AMCR-RVTY,3842.844638824463,250000.0,6
2015-08-31,AMCR-LRCX,1162.5797395706177,250000.0,6
2015-08-31,AMCR-APTV,-1632.3524475097656,250000.0,6
2015-09-01,EL-KO,1840.707691192627,250000.0,6
2015-09-01,AMCR-ROK,8247.745544433594,250000.0,6
2015-09-01,AMCR-RVTY,15270.489036560059,250000.0,6
2015-09-01,AMCR-LRCX,12139.009809494019,250000.0,6
2015-09-01,AMCR-APTV,9994.181678771973,250000.0,6
2015-09-02,EL-KO,1867.5406875610352,250000.0,6
2015-09-02,AMCR-ROK,6449.924545288086,250000.0,6
2015-09-02,AMCR-RVTY,9506.112285614014,250000.0,6
2015-09-02,AMCR-LRCX,6873.006646156311,250000.0,6
2015-09-02,AMCR-APTV,7495.676189422607,250000.0,6
2015-09-03,EL-KO,3227.479202270508,250000.0,6
2015-09-03,AMCR-ROK,7258.899566650391,250000.0,6
2015-09-03,AMCR-RVTY,7534.095489501953,250000.0,6
2015-09-03,AMCR-LRCX,4650.451718330383,250000.0,6
2015-09-03,AMCR-APTV,5896.545787811279,250000.0,6
2015-09-04,EL-KO,267.2500305175781,250000.0,6
2015-09-04,AMCR-ROK,11146.73137664795,250000.0,6
2015-09-04,AMCR-RVTY,10567.907596588135,250000.0,6
2015-09-04,AMCR-LRCX,10487.929990768433,250000.0,6
2015-09-04,AMCR-APTV,10060.833408355713,250000.0,6
2015-09-08,EL-KO,2553.4343185424805,250000.0,6
2015-09-08,AMCR-ROK,16812.79554748535,250000.0,6
2015-09-08,AMCR-RVTY,13744.930854797363,250000.0,6
2015-09-08,AMCR-LRCX,18326.984622001648,250000.0,6
2015-09-08,AMCR-APTV,18203.245834350586,250000.0,6
2015-09-09,AMCR-ROK,24521.1397857666,250000.0,6
2015-09-09,AMCR-RVTY,18194.58981704712,250000.0,6
2015-09-09,AMCR-LRCX,25331.95475578308,250000.0,6
2015-09-09,AMCR-APTV,17803.479206085205,250000.0,6
2015-09-10,AMCR-ROK,26858.404403686523,250000.0,6
2015-09-10,AMCR-RVTY,17688.984409332275,250000.0,6
2015-09-10,AMCR-LRCX,20833.683983802795,250000.0,6
2015-09-10,AMCR-APTV,19236.00424194336,250000.0,6
2015-09-11,AMCR-ROK,25172.881103515625,250000.0,6
2015-09-11,AMCR-RVTY,15211.242431640625,250000.0,6
2015-09-11,AMCR-LRCX,21074.017601966858,250000.0,6
2015-09-11,AMCR-APTV,15371.561557769775,250000.0,6
2015-09-14,AMCR-ROK,27330.338233947754,250000.0,6
2015-09-14,AMCR-RVTY,16121.503841400146,250000.0,6
2015-09-14,AMCR-LRCX,18773.418731689453,250000.0,6
2015-09-14,AMCR-APTV,15604.786708831787,250000.0,6
2015-09-15,AMCR-ROK,23712.10129547119,250000.0,6
2015-09-15,AMCR-RVTY,12834.849105834961,250000.0,6
2015-09-15,AMCR-LRCX,13553.995379447937,250000.0,6
2015-09-15,AMCR-APTV,12739.784553527832,250000.0,6
2015-09-16,AMCR-ROK,21397.304679870605,250000.0,6
2015-09-16,AMCR-RVTY,11722.309600830078,250000.0,6
2015-09-16,AMCR-LRCX,11012.949096679688,250000.0,6
2015-09-16,AMCR-APTV,4577.846622467041,250000.0,6
2015-09-16,EL-KO,0.0,250000.0,6
2015-09-17,AMCR-ROK,25307.794898986816,250000.0,6
2015-09-17,AMCR-RVTY,9699.82808303833,250000.0,6
2015-09-17,AMCR-LRCX,18292.675632476807,250000.0,6
2015-09-17,AMCR-APTV,6010.371658325195,250000.0,6
2015-09-17,EL-KO,-531.22412109375,250000.0,6
2015-09-18,AMCR-ROK,29914.7085647583,250000.0,6
2015-09-18,AMCR-RVTY,18093.520637512207,250000.0,6
2015-09-18,AMCR-LRCX,23168.705637931824,250000.0,6
2015-09-18,AMCR-APTV,11207.353797912598,250000.0,6
2015-09-18,EL-KO,497.9322509765625,250000.0,6
2015-09-21,AMCR-ROK,29420.2855758667,250000.0,6
2015-09-21,AMCR-RVTY,20773.440898895264,250000.0,6
2015-09-21,AMCR-LRCX,33985.27364444733,250000.0,6
2015-09-21,AMCR-APTV,12606.497066497803,250000.0,6
2015-09-21,EL-KO,244.46173095703125,250000.0,6
2015-09-22,AMCR-ROK,31465.40269470215,250000.0,6
2015-09-22,AMCR-LRCX,42329.41334724426,250000.0,6
2015-09-22,AMCR-APTV,21901.1150970459,250000.0,6
2015-09-22,EL-KO,1348.6876831054688,250000.0,6
2015-09-23,AMCR-APTV,23033.7632522583,250000.0,6
2015-09-23,AMCR-PWR,0.0,250000.0,6
2015-09-24,AMCR-APTV,27098.08126449585,250000.0,6
2015-09-24,AMCR-PWR,3897.888641357422,250000.0,6
2015-09-25,AMCR-APTV,25832.129650115967,250000.0,6
2015-09-28,AMCR-APTV,35459.894523620605,250000.0,6
2015-09-29,AMCR-APTV,26898.173992156982,250000.0,6
2015-09-30,AMCR-APTV,16570.87741470337,250000.0,6
2015-08-10,IRM-TT,0.0,250000.0,7
2015-08-10,COO-GWW,0.0,250000.0,7
2015-08-11,IRM-TT,1802.241958618164,250000.0,7
2015-08-11,COO-GWW,1944.9838790893555,250000.0,7
2015-08-12,IRM-TT,1491.8416137695312,250000.0,7
2015-08-12,COO-GWW,-407.69224548339844,250000.0,7
2015-08-13,IRM-TT,1987.53515625,250000.0,7
2015-08-14,IRM-TT,2927.5414810180664,250000.0,7
2015-08-17,IRM-TT,857.5363273620605,250000.0,7
2015-08-18,IRM-TT,606.0592918395996,250000.0,7
2015-08-19,IRM-TT,5387.057907104492,250000.0,7
2015-08-19,IRM-TPL,0.0,250000.0,7
2015-08-20,IRM-TPL,-5790.475471496582,250000.0,7
2015-08-20,DG-HSIC,0.0,250000.0,7
2015-08-20,IRM-MCK,0.0,250000.0,7
2015-08-20,COO-GWW,0.0,250000.0,7
2015-08-20,DG-KDP,0.0,250000.0,7
2015-08-21,IRM-TPL,1142.11962890625,250000.0,7
2015-08-21,DG-HSIC,-2265.863655090332,250000.0,7
2015-08-21,COO-GWW,-2224.5919227600098,250000.0,7
2015-08-21,DG-KDP,-2973.4682292938232,250000.0,7
2015-08-24,IRM-TPL,2302.9889907836914,250000.0,7
2015-08-24,COO-GWW,-3142.1510887145996,250000.0,7
2015-08-25,IRM-TPL,3899.7078170776367,250000.0,7
2015-08-25,COO-GWW,-4206.492572784424,250000.0,7
2015-08-26,IRM-TPL,-5695.68132019043,250000.0,7
2015-08-26,COO-GWW,-1751.511604309082,250000.0,7
2015-08-27,IRM-TPL,833.1184921264648,250000.0,7
2015-08-27,COO-GWW,-3532.5452423095703,250000.0,7
2015-08-28,IRM-TPL,5397.8198165893555,250000.0,7
2015-08-28,COO-GWW,-2043.4324684143066,250000.0,7
2015-08-31,COO-GWW,-6230.272388458252,250000.0,7
2015-09-01,COO-GWW,-6114.127269744873,250000.0,7
2015-09-02,COO-GWW,-5806.928321838379,250000.0,7
2015-09-03,COO-GWW,-5052.993984222412,250000.0,7
2015-09-04,COO-FAST,0.0,250000.0,7
2015-09-08,COO-GWW,0.0,250000.0,7
2015-09-09,COO-GWW,2485.386459350586,250000.0,7
2015-09-10,COO-GWW,2475.5441284179688,250000.0,7
2015-09-10,DG-KR,0.0,250000.0,7
2015-09-11,COO-GWW,4707.199234008789,250000.0,7
2015-09-11,IRM-MRVL,0.0,250000.0,7
2015-09-14,COO-GWW,6389.0794677734375,250000.0,7
2015-09-14,IRM-MRVL,-7571.4671630859375,250000.0,7
2015-09-15,COO-GWW,3145.8612670898438,250000.0,7
2015-09-15,IRM-MRVL,-9958.681832313538,250000.0,7
2015-09-16,COO-GWW,4518.778091430664,250000.0,7
2015-09-16,IRM-MRVL,-1177.8448333740234,250000.0,7
2015-09-16,EXPE-FIS,0.0,250000.0,7
2015-09-17,IRM-MRVL,-7583.6517162323,250000.0,7
2015-09-18,IRM-MRVL,-19040.892791748047,250000.0,7
2015-09-18,COO-FAST,0.0,250000.0,7
2015-09-18,COO-HUBB,0.0,250000.0,7
2015-09-21,IRM-MRVL,-17944.089752197266,250000.0,7
2015-09-21,COO-FAST,-1786.5252685546875,250000.0,7
2015-09-21,COO-HUBB,-7560.728130340576,250000.0,7
2015-09-22,IRM-MRVL,-9364.807891845703,250000.0,7
2015-09-22,COO-FAST,-5220.1306166648865,250000.0,7
2015-09-22,COO-HUBB,-13120.115531921387,250000.0,7
2015-09-23,IRM-MRVL,-15458.317997932434,250000.0,7
2015-09-23,COO-FAST,-6712.599501609802,250000.0,7
2015-09-23,COO-HUBB,-15619.274715423584,250000.0,7
2015-09-24,IRM-MRVL,-10909.810930252075,250000.0,7
2015-09-24,COO-FAST,-4236.359716892242,250000.0,7
2015-09-24,COO-HUBB,-16530.49814224243,250000.0,7
2015-09-24,IRM-PTC,0.0,250000.0,7
2015-09-25,IRM-MRVL,-4450.692358016968,250000.0,7
2015-09-25,COO-FAST,-195.55653285980225,250000.0,7
2015-09-25,IRM-PTC,-2595.3006477355957,250000.0,7
2015-09-25,PCAR-USB,0.0,250000.0,7
2015-09-25,PCAR-PNC,0.0,250000.0,7
2015-09-28,COO-FAST,751.0539336204529,250000.0,7
2015-09-28,IRM-PTC,-5713.140079498291,250000.0,7
2015-09-28,PCAR-USB,2052.870891571045,250000.0,7
2015-09-28,PCAR-PNC,1014.0943450927734,250000.0,7
2015-09-28,GPN-VRSK,0.0,250000.0,7
2015-09-29,COO-FAST,2667.966917514801,250000.0,7
2015-09-29,PCAR-USB,1915.916160583496,250000.0,7
2015-09-29,PCAR-PNC,1012.5737953186035,250000.0,7
2015-09-29,GPN-VRSK,595.7919006347656,250000.0,7
2015-09-30,COO-FAST,82.34203958511353,250000.0,7
2015-09-30,PCAR-USB,-370.8374481201172,250000.0,7
2015-09-30,PCAR-PNC,-2894.330177307129,250000.0,7
2015-10-01,COO-FAST,-5309.677102088928,250000.0,7
2015-10-01,PCAR-USB,-2545.569911956787,250000.0,7
2015-10-01,PCAR-PNC,-4123.176332473755,250000.0,7
2015-10-01,GPN-VRSK,0.0,250000.0,7
2015-10-02,COO-FAST,-4163.167861938477,250000.0,7
2015-10-02,PCAR-USB,885.7254981994629,250000.0,7
2015-10-02,PCAR-PNC,-332.1354503631592,250000.0,7
2015-10-02,GPN-VRSK,-4441.961437225342,250000.0,7
2015-10-05,COO-FAST,2073.2889456748962,250000.0,7
2015-10-05,PCAR-USB,2224.67289352417,250000.0,7
2015-10-05,PCAR-PNC,-175.59546279907227,250000.0,7
2015-10-05,GPN-VRSK,-9779.014099121094,250000.0,7
2015-10-05,DG-KR,0.0,250000.0,7
2015-10-06,COO-FAST,7051.711804389954,250000.0,7
2015-10-06,PCAR-USB,2192.001979827881,250000.0,7
2015-10-06,PCAR-PNC,1107.9283962249756,250000.0,7
2015-10-06,GPN-VRSK,-9156.171142578125,250000.0,7
2015-10-06,DG-KR,1998.9687957763672,250000.0,7
2015-10-07,PCAR-USB,3111.478832244873,250000.0,7
2015-10-07,PCAR-PNC,2450.891019821167,250000.0,7
2015-10-07,GPN-VRSK,-2425.947078704834,250000.0,7
2015-10-07,DG-KR,-2677.3760108947754,250000.0,7
2015-10-08,PCAR-USB,4580.379543304443,250000.0,7
2015-10-08,PCAR-PNC,3686.468692779541,250000.0,7
2015-10-08,GPN-VRSK,-1572.5603332519531,250000.0,7
2015-10-08,DG-KR,-8041.573875427246,250000.0,7
2015-10-09,PCAR-USB,5033.126972198486,250000.0,7
2015-10-09,PCAR-PNC,5253.679677963257,250000.0,7
2015-10-09,GPN-VRSK,-360.97231674194336,250000.0,7
2015-10-09,DG-KR,-6469.663185119629,250000.0,7
2015-10-09,IRM-PTC,0.0,250000.0,7
2015-10-12,PCAR-USB,3536.820789337158,250000.0,7
2015-10-12,PCAR-PNC,4226.878494262695,250000.0,7
2015-10-12,GPN-VRSK,-1017.1443672180176,250000.0,7
2015-10-12,DG-KR,-5370.297039031982,250000.0,7
2015-10-12,IRM-PTC,3357.2561836242676,250000.0,7
2015-10-13,PCAR-USB,2042.4212379455566,250000.0,7
2015-10-13,PCAR-PNC,2812.7278175354004,250000.0,7
2015-10-13,GPN-VRSK,-491.31005477905273,250000.0,7
2015-10-13,DG-KR,-1324.6945304870605,250000.0,7
2015-10-13,IRM-PTC,3940.348907470703,250000.0,7
2015-10-14,GPN-VRSK,2973.0438194274902,250000.0,7
2015-10-14,DG-KR,1051.9700736999512,250000.0,7
2015-10-14,IRM-PTC,2256.9988918304443,250000.0,7
2015-10-15,GPN-VRSK,3134.9972953796387,250000.0,7
2015-10-15,DG-KR,-1608.7449264526367,250000.0,7
2015-10-15,IRM-PTC,59.46967315673828,250000.0,7
2015-10-16,GPN-VRSK,3558.695659637451,250000.0,7
2015-10-16,DG-KR,-3192.5564460754395,250000.0,7
2015-10-16,IRM-PTC,-106.6356086730957,250000.0,7
2015-10-16,COO-GWW,0.0,250000.0,7
2015-10-19,GPN-VRSK,4639.052661895752,250000.0,7
2015-10-19,DG-KR,-5413.962650299072,250000.0,7
2015-10-19,IRM-PTC,1056.337905883789,250000.0,7
2015-10-19,COO-GWW,-6516.764137268066,250000.0,7
2015-10-20,GPN-VRSK,2588.0039978027344,250000.0,7
2015-10-20,IRM-PTC,150.37603378295898,250000.0,7
2015-10-20,COO-GWW,-7426.11438369751,250000.0,7
2015-10-21,GPN-VRSK,4819.227981567383,250000.0,7
2015-10-21,COO-GWW,-8131.714294433594,250000.0,7
2015-10-22,GPN-VRSK,3745.7604217529297,250000.0,7
2015-10-22,COO-GWW,2587.216636657715,250000.0,7
2015-10-22,IRM-SWKS,0.0,250000.0,7
2015-10-23,GPN-VRSK,85.20134735107422,250000.0,7
2015-10-23,COO-GWW,-794.037956237793,250000.0,7
2015-10-23,IRM-SWKS,-3697.840187072754,250000.0,7
2015-10-23,DG-HSIC,0.0,250000.0,7
2015-10-26,COO-GWW,-2804.334331512451,250000.0,7
2015-10-26,DG-HSIC,855.4075012207031,250000.0,7
2015-10-27,COO-GWW,-7380.548027038574,250000.0,7
2015-10-27,DG-HSIC,-2014.6876678466797,250000.0,7
2015-10-27,IRM-TPL,0.0,250000.0,7
2015-10-27,IRM-TPR,0.0,250000.0,7
2015-10-28,COO-GWW,-2881.0320167541504,250000.0,7
2015-10-28,DG-HSIC,505.0570068359375,250000.0,7
2015-10-28,IRM-TPL,4419.155332565308,250000.0,7
2015-10-28,IRM-TPR,6801.693752288818,250000.0,7
2015-10-28,GPN-VRSK,0.0,250000.0,7
2015-10-28,EL-LHX,0.0,250000.0,7
2015-10-29,COO-GWW,-2414.483222961426,250000.0,7
2015-10-29,DG-HSIC,409.2027282714844,250000.0,7
2015-10-29,IRM-TPR,6465.1171951293945,250000.0,7
2015-10-29,GPN-VRSK,-7513.289154052734,250000.0,7
2015-10-29,EL-LHX,-4176.494651794434,250000.0,7
2015-10-30,COO-GWW,-1384.5878410339355,250000.0,7
2015-10-30,DG-HSIC,-370.1587371826172,250000.0,7
2015-10-30,IRM-TPR,5312.1974449157715,250000.0,7
2015-10-30,GPN-VRSK,-2854.913200378418,250000.0,7
2015-10-30,EL-LHX,-6854.507438659668,250000.0,7
2015-09-18,COST-HBAN,0.0,250000.0,8
2015-09-21,COST-HBAN,2119.2296752929688,250000.0,8
2015-09-22,COST-HBAN,-1769.0688457489014,250000.0,8
2015-09-23,COST-HBAN,-4503.8864669799805,250000.0,8
2015-09-24,COST-HBAN,-4772.300273895264,250000.0,8
2015-09-24,CRL-STE,0.0,250000.0,8
2015-09-25,COST-HBAN,-1516.1943836212158,250000.0,8
2015-09-25,CRL-STE,-5391.298477172852,250000.0,8
2015-09-25,KEYS-TECH,0.0,250000.0,8
2015-09-25,SBUX-TECH,0.0,250000.0,8
2015-09-25,JNJ-MCO,0.0,250000.0,8
2015-09-25,CNC-INTU,0.0,250000.0,8
2015-09-28,COST-HBAN,-3853.9879474639893,250000.0,8
2015-09-28,CRL-STE,-2607.908290863037,250000.0,8
2015-09-28,KEYS-TECH,-9296.299987792969,250000.0,8
2015-09-28,SBUX-TECH,-1170.2746925354004,250000.0,8
2015-09-28,KEYS-PFE,0.0,250000.0,8
2015-09-28,KEYS-KMB,0.0,250000.0,8
2015-09-29,COST-HBAN,-445.82482528686523,250000.0,8
2015-09-29,CRL-STE,781.511531829834,250000.0,8
2015-09-29,KEYS-TECH,-4379.760795593262,250000.0,8
2015-09-29,SBUX-TECH,4150.520080566406,250000.0,8
2015-09-29,KEYS-PFE,1446.3119735717773,250000.0,8
2015-09-29,KEYS-KMB,1903.101993560791,250000.0,8
2015-09-30,COST-HBAN,2357.5778579711914,250000.0,8
2015-09-30,CRL-STE,873.5981407165527,250000.0,8
2015-09-30,KEYS-TECH,3599.7390880584717,250000.0,8
2015-09-30,KEYS-PFE,6573.515365600586,250000.0,8
2015-10-01,COST-HBAN,4541.784704208374,250000.0,8
2015-10-01,CRL-STE,-1311.775463104248,250000.0,8
2015-10-01,KEYS-TECH,-2336.1412143707275,250000.0,8
2015-10-01,KEYS-PFE,8859.641136169434,250000.0,8
2015-10-02,COST-HBAN,269.8632106781006,250000.0,8
2015-10-02,CRL-STE,1898.849021911621,250000.0,8
2015-10-05,COST-HBAN,2346.5102882385254,250000.0,8
2015-10-05,CRL-STE,-2692.625629425049,250000.0,8
2015-10-05,KEYS-PM,0.0,250000.0,8
2015-10-05,KEYS-KMB,0.0,250000.0,8
2015-10-06,COST-HBAN,1682.125566482544,250000.0,8
2015-10-06,CRL-STE,-3937.129592895508,250000.0,8
2015-10-06,KEYS-PM,519.912036895752,250000.0,8
2015-10-06,KEYS-KMB,1011.1404876708984,250000.0,8
2015-10-07,CRL-STE,-7065.816349029541,250000.0,8
2015-10-07,KEYS-PM,-4774.6842613220215,250000.0,8
2015-10-07,KEYS-KMB,-2613.1203994750977,250000.0,8
2015-10-08,CRL-STE,-10803.36046218872,250000.0,8
2015-10-08,KEYS-KMB,-8375.881233215332,250000.0,8
2015-10-09,KEYS-KMB,-8550.820449829102,250000.0,8
2015-10-12,KEYS-KMB,-8471.860389709473,250000.0,8
2015-10-13,KEYS-KMB,-6328.589859008789,250000.0,8
2015-10-14,KEYS-KMB,-7469.896903991699,250000.0,8
2015-10-15,KEYS-KMB,-12019.922050476074,250000.0,8
2015-10-15,KEYS-PFE,0.0,250000.0,8
2015-10-16,KEYS-PFE,-1960.4922847747803,250000.0,8
2015-10-19,KEYS-PFE,-1104.7598552703857,250000.0,8
2015-10-20,KEYS-PFE,2644.12007522583,250000.0,8
2015-10-21,AEP-NI,0.0,250000.0,8
2015-10-22,ESS-FDS,0.0,250000.0,8
2015-10-22,KEYS-KMB,0.0,250000.0,8
2015-10-22,CNC-INTU,0.0,250000.0,8
2015-10-23,ESS-FDS,-4623.182861328125,250000.0,8
2015-10-23,KEYS-KMB,-1680.1911697387695,250000.0,8
2015-10-23,CNC-INTU,1669.1818084716797,250000.0,8
2015-10-23,CCL-MSFT,0.0,250000.0,8
2015-10-26,ESS-FDS,-4837.4779052734375,250000.0,8
2015-10-26,KEYS-KMB,-1117.4618759155273,250000.0,8
2015-10-26,CNC-INTU,4334.974073410034,250000.0,8
2015-10-26,CCL-MSFT,-6721.3415451049805,250000.0,8
2015-10-27,ESS-FDS,-2926.276092529297,250000.0,8
2015-10-27,KEYS-KMB,60.720985412597656,250000.0,8
2015-10-27,CCL-MSFT,-3149.15287399292,250000.0,8
2015-10-28,ESS-FDS,-7200.0264892578125,250000.0,8
2015-10-28,KEYS-KMB,-2724.997024536133,250000.0,8
2015-10-28,CCL-MSFT,-6060.828617095947,250000.0,8
2015-10-28,CRL-STE,0.0,250000.0,8
2015-10-28,CMI-DPZ,0.0,250000.0,8
2015-10-28,KEYS-TECH,0.0,250000.0,8
2015-10-28,JNJ-WST,0.0,250000.0,8
2015-10-28,KEYS-LHX,0.0,250000.0,8
2015-10-29,ESS-FDS,-5414.573638916016,250000.0,8
2015-10-29,KEYS-KMB,-4793.959518432617,250000.0,8
2015-10-29,CCL-MSFT,-916.6359558105469,250000.0,8
2015-10-29,CRL-STE,2909.4327392578125,250000.0,8
2015-10-29,CMI-DPZ,858.1244812011719,250000.0,8
2015-10-29,KEYS-TECH,193.74143981933594,250000.0,8
2015-10-29,JNJ-WST,1628.891098022461,250000.0,8
2015-10-29,KEYS-LHX,-2559.725196838379,250000.0,8
2015-10-30,ESS-FDS,-7862.221130371094,250000.0,8
2015-10-30,KEYS-KMB,-584.1034240722656,250000.0,8
2015-10-30,CCL-MSFT,2487.754234313965,250000.0,8
2015-10-30,CMI-DPZ,7176.9322509765625,250000.0,8
2015-10-30,KEYS-TECH,2797.3725032806396,250000.0,8
2015-10-30,JNJ-WST,1184.5031547546387,250000.0,8
2015-10-30,KEYS-LHX,-1893.0081901550293,250000.0,8
2015-11-02,ESS-FDS,-5405.197296142578,250000.0,8
2015-11-02,CCL-MSFT,-1833.5523529052734,250000.0,8
2015-11-02,CMI-DPZ,5429.189872741699,250000.0,8
2015-11-02,JNJ-WST,611.8290596008301,250000.0,8
2015-11-02,KEYS-LHX,-5125.846641540527,250000.0,8
2015-11-03,ESS-FDS,-3262.3980407714844,250000.0,8
2015-11-03,CCL-MSFT,-7732.870956420898,250000.0,8
2015-11-03,JNJ-WST,-1045.7030868530273,250000.0,8
2015-11-03,KEYS-LHX,-7834.88415145874,250000.0,8
2015-11-04,ESS-FDS,-5371.181549072266,250000.0,8
2015-11-04,CCL-MSFT,-9419.109783172607,250000.0,8
2015-11-04,JNJ-WST,-4931.909122467041,250000.0,8
2015-11-04,KEYS-LHX,-2232.3885955810547,250000.0,8
2015-11-05,ESS-FDS,-5506.236999511719,250000.0,8
2015-11-05,CCL-MSFT,-9044.415218353271,250000.0,8
2015-11-05,JNJ-WST,-6070.307327270508,250000.0,8
2015-11-05,KEYS-LHX,845.3850708007812,250000.0,8
2015-11-06,CCL-MSFT,-10309.453102111816,250000.0,8
2015-11-06,KEYS-LHX,1901.4797916412354,250000.0,8
2015-11-09,KEYS-LHX,3769.1179962158203,250000.0,8
2015-11-13,ESS-FDS,0.0,250000.0,8
2015-11-16,ESS-FDS,1237.9351196289062,250000.0,8
2015-11-16,CCL-MSFT,0.0,250000.0,8
2015-11-17,ESS-FDS,999.9578857421875,250000.0,8
2015-11-17,CCL-MSFT,-2278.561477661133,250000.0,8
2015-11-18,ESS-FDS,2879.5734252929688,250000.0,8
2015-11-18,CCL-MSFT,-3487.8765449523926,250000.0,8
2015-11-19,ESS-FDS,-2029.2374267578125,250000.0,8
2015-11-20,ESS-FDS,-2027.8757934570312,250000.0,8
2015-11-23,ESS-FDS,-3226.523681640625,250000.0,8
2015-11-24,ESS-FDS,-1064.656982421875,250000.0,8
2015-11-25,ESS-FDS,-3930.7559814453125,250000.0,8
2015-11-27,ESS-FDS,-3927.0997314453125,250000.0,8
2015-10-01,ALL-MPC,0.0,250000.0,9
2015-10-02,ALL-MPC,2342.0412254333496,250000.0,9
2015-10-05,ALL-MPC,-6066.944236755371,250000.0,9
2015-10-05,ALL-AMT,0.0,250000.0,9
2015-10-06,ALL-MPC,-3330.6930351257324,250000.0,9
2015-10-06,ALL-AMT,210.7461700439453,250000.0,9
2015-10-07,ALL-MPC,-3991.83198928833,250000.0,9
2015-10-07,ALL-AMT,-1876.567237854004,250000.0,9
2015-10-08,ALL-MPC,-3772.7950477600098,250000.0,9
2015-10-08,ALL-AMT,-3815.5768280029297,250000.0,9
2015-10-09,ALL-MPC,1005.7287979125977,250000.0,9
2015-10-09,ALL-AMT,-3149.463897705078,250000.0,9
2015-10-12,ALL-MPC,2216.0851097106934,250000.0,9
2015-10-12,ALL-AMT,-2070.6959075927734,250000.0,9
2015-10-13,ALL-MPC,6294.970607757568,250000.0,9
2015-10-13,ALL-AMT,466.9800262451172,250000.0,9
2015-10-14,ALL-MPC,4151.785945892334,250000.0,9
2015-10-14,ALL-AMT,1009.8554916381836,250000.0,9
2015-10-15,ALL-MPC,3227.3007583618164,250000.0,9
2015-10-15,ALL-AMT,-650.4058990478516,250000.0,9
2015-10-16,ALL-AMT,-5193.662811279297,250000.0,9
2015-10-19,ALL-AMT,-6374.584564208984,250000.0,9
2015-10-21,ALL-NTRS,0.0,250000.0,9
2015-10-21,ALL-CB,0.0,250000.0,9
2015-10-22,ALL-NTRS,2740.0279693603516,250000.0,9
2015-10-22,ALL-CB,-2460.8212127685547,250000.0,9
2015-10-22,ALL-SNPS,0.0,250000.0,9
2015-10-22,ALL-CSCO,0.0,250000.0,9
2015-10-23,ALL-CB,-1713.8161849975586,250000.0,9
2015-10-23,ALL-SNPS,-940.3028106689453,250000.0,9
2015-10-23,ALL-CSCO,-2631.061004638672,250000.0,9
2015-10-26,ALL-CB,-2541.1276473999023,250000.0,9
2015-10-26,ALL-SNPS,-1506.0245819091797,250000.0,9
2015-10-26,ALL-CSCO,1137.5041465759277,250000.0,9
2015-10-27,ALL-CB,-2563.0059394836426,250000.0,9
2015-10-27,ALL-SNPS,-2082.2881622314453,250000.0,9
2015-10-27,ALL-CSCO,-3240.5289916992188,250000.0,9
2015-10-27,ALL-AON,0.0,250000.0,9
2015-10-28,ALL-CB,-2091.7796325683594,250000.0,9
2015-10-28,ALL-SNPS,-3966.0050506591797,250000.0,9
2015-10-28,ALL-CSCO,-1269.370864868164,250000.0,9
2015-10-28,ALL-AON,1380.979694366455,250000.0,9
2015-10-29,ALL-CB,-1586.5486488342285,250000.0,9
2015-10-29,ALL-SNPS,-81.38920593261719,250000.0,9
2015-10-29,ALL-CSCO,1729.6437587738037,250000.0,9
2015-10-29,ALL-AON,2077.070182800293,250000.0,9
2015-10-30,ALL-CB,1326.275806427002,250000.0,9
2015-10-30,ALL-SNPS,-1835.094467163086,250000.0,9
2015-10-30,ALL-CSCO,2137.2192401885986,250000.0,9
2015-10-30,ALL-AON,3123.6689529418945,250000.0,9
2015-11-02,ALL-CB,79.45991897583008,250000.0,9
2015-11-02,ALL-SNPS,-4225.455474853516,250000.0,9
2015-11-02,ALL-CSCO,2642.785135269165,250000.0,9
2015-11-02,ALL-AON,-902.7207183837891,250000.0,9
2015-11-03,ALL-CB,2394.8679733276367,250000.0,9
2015-11-03,ALL-SNPS,-1883.2806396484375,250000.0,9
2015-11-04,ALL-CB,3619.3010063171387,250000.0,9
2015-11-05,ALL-CB,3029.395881652832,250000.0,9
2015-11-06,ALL-CB,4653.228454589844,250000.0,9
2015-11-06,ALL-AMT,0.0,250000.0,9
2015-11-09,ALL-CB,5221.808788299561,250000.0,9
2015-11-09,ALL-AMT,-1339.5782165527344,250000.0,9
2015-11-10,ALL-CB,2753.9142875671387,250000.0,9
2015-11-10,ALL-AMT,-922.783576965332,250000.0,9
2015-11-11,ALL-CB,2948.6872634887695,250000.0,9
2015-11-11,ALL-AMT,692.3094635009766,250000.0,9
2015-11-12,ALL-AMT,1046.598533630371,250000.0,9
2015-11-13,ALL-AMT,-1170.4025421142578,250000.0,9
2015-11-13,ALL-CSCO,0.0,250000.0,9
2015-11-16,ALL-AMT,1788.7085494995117,250000.0,9
2015-11-16,ALL-CSCO,3864.139280319214,250000.0,9
2015-11-17,ALL-AMT,3303.5289611816406,250000.0,9
2015-11-17,ALL-CSCO,5018.191961288452,250000.0,9
2015-11-18,ALL-AMT,5198.453880310059,250000.0,9
2015-11-18,ALL-CSCO,6119.072364807129,250000.0,9
2015-11-19,ALL-AMT,5359.757011413574,250000.0,9
2015-11-19,ALL-CSCO,8809.06580543518,250000.0,9
2015-11-20,ALL-INTU,0.0,250000.0,9
2015-11-20,ALL-SNPS,0.0,250000.0,9
2015-11-23,ALL-INTU,4001.324863433838,250000.0,9
2015-11-23,ALL-SNPS,7111.959396362305,250000.0,9
2015-11-24,ALL-INTU,6150.505027770996,250000.0,9
2015-11-24,ALL-SNPS,7606.943618774414,250000.0,9
2015-11-24,CPRT-MGM,0.0,250000.0,9
2015-11-25,ALL-INTU,4782.385158538818,250000.0,9
2015-11-25,ALL-SNPS,9492.163696289062,250000.0,9
2015-11-25,CPRT-MGM,-5428.104347705841,250000.0,9
2015-11-27,ALL-INTU,6228.638565063477,250000.0,9
2015-11-27,CPRT-MGM,-8059.842297077179,250000.0,9
2015-11-30,ALL-INTU,5742.070545196533,250000.0,9
2015-11-30,CPRT-MGM,-6167.603621006012,250000.0,9
2015-12-01,ALL-INTU,5944.205322265625,250000.0,9
2015-12-01,CPRT-MGM,932.5342974662781,250000.0,9
2015-12-02,CPRT-MGM,3786.2341361045837,250000.0,9
2015-12-03,CPRT-MGM,-2988.901467323303,250000.0,9
2015-12-03,ALL-USB,0.0,250000.0,9
2015-12-03,ALL-AMT,0.0,250000.0,9
2015-12-03,ALL-GL,0.0,250000.0,9
2015-12-03,ALL-NTRS,0.0,250000.0,9
2015-12-03,ALL-PFG,0.0,250000.0,9
2015-12-03,ALL-PNC,0.0,250000.0,9
2015-12-03,ALL-CSCO,0.0,250000.0,9
2015-12-04,CPRT-MGM,-2594.6152052879333,250000.0,9
2015-12-04,ALL-USB,1907.8476886749268,250000.0,9
2015-12-04,ALL-GL,293.8394317626953,250000.0,9
2015-12-04,ALL-NTRS,3491.9068336486816,250000.0,9
2015-12-04,ALL-PFG,-1031.3054962158203,250000.0,9
2015-12-04,ALL-CSCO,-398.3040943145752,250000.0,9
2015-12-04,ALL-RMD,0.0,250000.0,9
2015-12-07,CPRT-MGM,-5415.257257461548,250000.0,9
2015-12-07,ALL-USB,849.4356212615967,250000.0,9
2015-12-07,ALL-GL,-562.353443145752,250000.0,9
2015-12-07,ALL-NTRS,680.088306427002,250000.0,9
2015-12-07,ALL-PFG,-1154.6824378967285,250000.0,9
2015-12-07,ALL-CSCO,3.509450912475586,250000.0,9
2015-12-07,ALL-RMD,-5100.666217803955,250000.0,9
2015-12-08,CPRT-MGM,-9546.574130535126,250000.0,9
2015-12-08,ALL-USB,-946.1861190795898,250000.0,9
2015-12-08,ALL-GL,-1606.3950576782227,250000.0,9
2015-12-08,ALL-NTRS,1529.2433128356934,250000.0,9
2015-12-08,ALL-PFG,-3483.643486022949,250000.0,9
2015-12-08,ALL-CSCO,-1512.8142414093018,250000.0,9
2015-12-08,ALL-RMD,-3498.5499954223633,250000.0,9
2015-12-09,ALL-USB,-1453.9710750579834,250000.0,9
2015-12-09,ALL-GL,-2129.9898529052734,250000.0,9
2015-12-09,ALL-NTRS,-1448.5871238708496,250000.0,9
2015-12-09,ALL-PFG,-5476.99408531189,250000.0,9
2015-12-09,ALL-CSCO,-2442.5026531219482,250000.0,9
2015-12-09,ALL-RMD,-5616.7578201293945,250000.0,9
2015-12-10,ALL-USB,674.7128448486328,250000.0,9
2015-12-10,ALL-GL,-965.2521781921387,250000.0,9
2015-12-10,ALL-NTRS,-1188.7788276672363,250000.0,9
2015-12-10,ALL-PFG,-2997.528705596924,250000.0,9
2015-12-10,ALL-CSCO,-773.7633056640625,250000.0,9
2015-12-11,ALL-USB,-2127.1186237335205,250000.0,9
2015-12-11,ALL-GL,-3250.9124641418457,250000.0,9
2015-12-11,ALL-NTRS,-4610.838344573975,250000.0,9
2015-12-11,ALL-CSCO,-3311.506383895874,250000.0,9
2015-12-14,ALL-USB,-693.8487186431885,250000.0,9
2015-12-14,ALL-NTRS,-4606.987575531006,250000.0,9
2015-12-14,ALL-CSCO,-3.0359573364257812,250000.0,9
2015-12-15,ALL-NTRS,-65.4704360961914,250000.0,9
2015-12-15,ALL-CSCO,-711.3350067138672,250000.0,9
2015-12-15,ALL-AON,0.0,250000.0,9
2015-12-16,ALL-NTRS,2272.8861503601074,250000.0,9
2015-12-16,ALL-CSCO,805.1827850341797,250000.0,9
2015-12-16,ALL-AON,1265.6662216186523,250000.0,9
2015-12-17,ALL-NTRS,-1355.2279319763184,250000.0,9
2015-12-17,ALL-CSCO,-897.6488285064697,250000.0,9
2015-11-05,ALL-NEM,0.0,250000.0,10
2015-11-06,ALL-NEM,-1700.5299530029297,250000.0,10
2015-11-06,AMCR-MNST,0.0,250000.0,10
2015-11-09,ALL-NEM,5273.755365371704,250000.0,10
2015-11-09,AMCR-MNST,1980.18310546875,250000.0,10
2015-11-10,ALL-NEM,433.4262533187866,250000.0,10
2015-11-10,AMCR-MNST,-2745.59619140625,250000.0,10
2015-11-10,CPRT-PSKY,0.0,250000.0,10
2015-11-11,ALL-NEM,6021.410431861877,250000.0,10
2015-11-11,AMCR-MNST,-3011.81689453125,250000.0,10
2015-11-11,CPRT-PSKY,-10056.618621349335,250000.0,10
2015-11-11,BSX-SWK,0.0,250000.0,10
2015-11-11,BSX-HON,0.0,250000.0,10
2015-11-11,HRL-INTC,0.0,250000.0,10
2015-11-12,ALL-NEM,1940.69469165802,250000.0,10
2015-11-12,AMCR-MNST,6436.670162200928,250000.0,10
2015-11-12,BSX-SWK,1966.1474304199219,250000.0,10
2015-11-12,BSX-HON,777.3764533996582,250000.0,10
2015-11-12,HRL-INTC,521.1343879699707,250000.0,10
2015-11-13,ALL-NEM,4980.768070220947,250000.0,10
2015-11-13,AMCR-MNST,9315.395748138428,250000.0,10
2015-11-13,BSX-SWK,1110.9011688232422,250000.0,10
2015-11-13,BSX-HON,934.0953140258789,250000.0,10
2015-11-13,HRL-INTC,-560.9341239929199,250000.0,10
2015-11-16,ALL-NEM,3735.790853500366,250000.0,10
2015-11-16,AMCR-MNST,8084.020259857178,250000.0,10
2015-11-16,BSX-SWK,495.2332763671875,250000.0,10
2015-11-16,BSX-HON,-1618.874080657959,250000.0,10
2015-11-16,HRL-INTC,-7727.285263061523,250000.0,10
2015-11-17,ALL-NEM,-5186.620562553406,250000.0,10
2015-11-17,AMCR-MNST,11179.073970794678,250000.0,10
2015-11-17,BSX-SWK,224.08323669433594,250000.0,10
2015-11-17,BSX-HON,-2825.8462524414062,250000.0,10
2015-11-17,HRL-INTC,-2840.9773330688477,250000.0,10
2015-11-18,ALL-NEM,2075.5771808624268,250000.0,10
2015-11-18,AMCR-MNST,5321.799556732178,250000.0,10
2015-11-18,BSX-SWK,-2262.779365539551,250000.0,10
2015-11-18,BSX-HON,-5484.762353897095,250000.0,10
2015-11-18,HRL-INTC,-2430.227550506592,250000.0,10
2015-11-19,ALL-NEM,8643.240758895874,250000.0,10
2015-11-19,AMCR-MNST,4939.073970794678,250000.0,10
2015-11-19,BSX-SWK,-4558.45036315918,250000.0,10
2015-11-19,HRL-INTC,4556.328355789185,250000.0,10
2015-11-20,ALL-NEM,3488.8338356018066,250000.0,10
2015-11-20,AMCR-MNST,7052.367427825928,250000.0,10
2015-11-20,BSX-SWK,-2942.5424575805664,250000.0,10
2015-11-23,ALL-NEM,2779.6210899353027,250000.0,10
2015-11-23,BSX-SWK,-1270.1348266601562,250000.0,10
2015-11-24,BSX-SWK,2123.168388366699,250000.0,10
2015-11-24,CPRT-PSKY,0.0,250000.0,10
2015-11-25,BSX-SWK,832.7212371826172,250000.0,10
2015-11-25,CPRT-PSKY,-5242.619200706482,250000.0,10
2015-11-27,CPRT-PSKY,-7864.020308494568,250000.0,10
2015-11-30,CPRT-PSKY,-5902.317934989929,250000.0,10
2015-12-01,CPRT-PSKY,-1021.944167137146,250000.0,10
2015-12-02,CPRT-PSKY,-4402.0869245529175,250000.0,10
2015-12-03,CPRT-PSKY,-1203.9413890838623,250000.0,10
2015-12-03,TSCO-WY,0.0,250000.0,10
2015-12-03,STT-VRTX,0.0,250000.0,10
2015-12-03,GL-RVTY,0.0,250000.0,10
2015-12-04,CPRT-PSKY,-1137.7096300125122,250000.0,10
2015-12-04,TSCO-WY,2837.7033824920654,250000.0,10
2015-12-04,STT-VRTX,-6176.648620605469,250000.0,10
2015-12-04,GL-RVTY,1965.2992095947266,250000.0,10
2015-12-04,ALL-NEM,0.0,250000.0,10
2015-12-07,CPRT-PSKY,1862.9752388000488,250000.0,10
2015-12-07,STT-VRTX,-6852.670913696289,250000.0,10
2015-12-07,GL-RVTY,-947.0008239746094,250000.0,10
2015-12-07,ALL-NEM,8415.663484573364,250000.0,10
2015-12-08,CPRT-PSKY,-659.6675806045532,250000.0,10
2015-12-08,STT-VRTX,4547.6302490234375,250000.0,10
2015-12-08,GL-RVTY,-1962.833236694336,250000.0,10
2015-12-08,ALL-NEM,11560.744334220886,250000.0,10
2015-12-08,BSX-HON,0.0,250000.0,10
2015-12-09,GL-RVTY,-1089.6847534179688,250000.0,10
2015-12-09,ALL-NEM,6071.623839378357,250000.0,10
2015-12-09,BSX-HON,121.96570587158203,250000.0,10
2015-12-09,AMCR-COHR,0.0,250000.0,10
2015-12-10,GL-RVTY,-684.6322326660156,250000.0,10
2015-12-10,ALL-NEM,7061.307634353638,250000.0,10
2015-12-10,BSX-HON,124.85665512084961,250000.0,10
2015-12-10,AMCR-COHR,2097.321334838867,250000.0,10
2015-12-11,ALL-NEM,8110.039763450623,250000.0,10
2015-12-11,AMCR-COHR,1258.3821334838867,250000.0,10
2015-12-14,AMCR-COHR,699.1160011291504,250000.0,10
2015-12-15,AMCR-COHR,4334.4392013549805,250000.0,10
2015-12-22,MAS-TT,0.0,250000.0,10
2015-12-24,CPRT-PSKY,0.0,250000.0,10
2015-12-28,CPRT-PSKY,3840.954818725586,250000.0,10
2015-12-29,CPRT-PSKY,4941.985874176025,250000.0,10
2015-12-30,CPRT-PSKY,2251.652557373047,250000.0,10
2015-12-31,CPRT-PSKY,-559.564151763916,250000.0,10
2015-12-31,AMCR-COHR,0.0,250000.0,10
2016-01-04,CPRT-PSKY,-693.5647239685059,250000.0,10
2016-01-04,ALL-NEM,0.0,250000.0,10
2016-01-05,CPRT-PSKY,2647.6960983276367,250000.0,10
2016-01-05,ALL-NEM,-519.528507232666,250000.0,10
2016-01-05,MSI-PG,0.0,250000.0,10
2016-01-05,GL-RVTY,0.0,250000.0,10
2016-01-06,CPRT-PSKY,-2809.7783203125,250000.0,10
2016-01-06,ALL-NEM,-6257.638236999512,250000.0,10
2016-01-06,MSI-PG,-991.2191925048828,250000.0,10
2016-01-06,EME-TROW,0.0,250000.0,10
2016-01-06,STT-VRTX,0.0,250000.0,10
2016-01-07,EME-TROW,-662.2256393432617,250000.0,10
2016-01-07,STT-VRTX,97.56925582885742,250000.0,10
2016-01-07,MSI-SRE,0.0,250000.0,10
2016-01-07,BSX-HON,0.0,250000.0,10
2016-01-07,TSCO-WY,0.0,250000.0,10
2016-01-07,HRL-INTC,0.0,250000.0,10
2016-01-07,GL-RVTY,0.0,250000.0,10
2016-01-08,EME-TROW,-3745.9757118225098,250000.0,10
2016-01-08,STT-VRTX,652.6855316162109,250000.0,10
2016-01-08,MSI-SRE,1952.071933746338,250000.0,10
2016-01-08,BSX-HON,-398.0406188964844,250000.0,10
2016-01-08,TSCO-WY,-415.1249580383301,250000.0,10
2016-01-08,HRL-INTC,-1623.8438606262207,250000.0,10
2016-01-08,GL-RVTY,-789.3816413879395,250000.0,10
2016-01-08,CPRT-PSKY,0.0,250000.0,10
2016-01-11,BSX-HON,1887.1294918060303,250000.0,10
2016-01-11,TSCO-WY,-5401.513199806213,250000.0,10
2016-01-11,HRL-INTC,2967.476779937744,250000.0,10
2016-01-11,CPRT-PSKY,-1380.147720336914,250000.0,10
2016-01-11,AMCR-LMT,0.0,250000.0,10
2016-01-12,BSX-HON,-1306.3756256103516,250000.0,10
2016-01-12,HRL-INTC,4744.724559783936,250000.0,10
2016-01-12,CPRT-PSKY,-2329.869140625,250000.0,10
2016-01-13,HRL-INTC,948.8896598815918,250000.0,10
2016-01-13,CPRT-PSKY,3224.3688201904297,250000.0,10
2016-01-14,HRL-INTC,6009.286277770996,250000.0,10
2016-01-14,CPRT-PSKY,-4100.775978088379,250000.0,10
2016-01-15,HRL-INTC,-11647.157382965088,250000.0,10
2016-01-15,CPRT-PSKY,-8667.161437988281,250000.0,10
2016-01-19,CPRT-PSKY,-9532.752151489258,250000.0,10
2016-01-20,CPRT-PSKY,-3442.3568801879883,250000.0,10
2016-01-21,CPRT-PSKY,-14054.587623596191,250000.0,10
2016-01-22,CPRT-PSKY,-11295.545936584473,250000.0,10
2016-01-26,BSX-HON,0.0,250000.0,10
2016-01-26,COHR-RTX,0.0,250000.0,10
2016-01-27,BSX-HON,2633.624683380127,250000.0,10
2016-01-27,COHR-RTX,768.7949523925781,250000.0,10
2016-01-28,BSX-HON,-2527.0383262634277,250000.0,10
2016-01-28,COHR-RTX,374.1424255371094,250000.0,10
2016-01-28,GL-RVTY,0.0,250000.0,10
2016-01-29,COHR-RTX,-3623.9710235595703,250000.0,10
2016-01-29,GL-RVTY,3063.0770874023438,250000.0,10
2015-12-03,ALL-BDX,0.0,250000.0,11
2015-12-07,ALL-BAC,0.0,250000.0,11
2015-12-08,ALL-BAC,-2779.0344409942627,250000.0,11
2015-12-09,ALL-BAC,-59.85677146911621,250000.0,11
2015-12-09,ALL-CME,0.0,250000.0,11
2015-12-10,ALL-BAC,3116.1708011627197,250000.0,11
2015-12-10,ALL-CME,3279.9489822387695,250000.0,11
2015-12-10,CIEN-RVTY,0.0,250000.0,11
2015-12-11,ALL-BAC,627.7374134063721,250000.0,11
2015-12-11,ALL-CME,-1755.7876892089844,250000.0,11
2015-12-11,CIEN-RVTY,-1824.4717063903809,250000.0,11
2015-12-14,ALL-BAC,1958.9666137695312,250000.0,11
2015-12-14,CIEN-RVTY,-10794.587947845459,250000.0,11
2015-12-14,CLX-FIX,0.0,250000.0,11
2015-12-14,C-SPGI,0.0,250000.0,11
2015-12-15,CIEN-RVTY,-11974.006298065186,250000.0,11
2015-12-15,CLX-FIX,-3836.2884998321533,250000.0,11
2015-12-16,CIEN-RVTY,-18582.10231781006,250000.0,11
2015-12-16,CLX-FIX,-6504.782907485962,250000.0,11
2015-12-17,CIEN-RVTY,-10768.150707244873,250000.0,11
2015-12-17,HSIC-LII,0.0,250000.0,11
2015-12-18,CIEN-RVTY,-4853.144645690918,250000.0,11
2015-12-18,HSIC-LII,516.1580963134766,250000.0,11
2015-12-21,CIEN-RVTY,-2980.6275634765625,250000.0,11
2015-12-21,HSIC-LII,-3098.2145462036133,250000.0,11
2015-12-22,CIEN-RVTY,-7532.746234893799,250000.0,11
2015-12-22,HSIC-LII,-1302.1951446533203,250000.0,11
2015-12-23,CIEN-RVTY,-6942.239223480225,250000.0,11
2015-12-23,HSIC-LII,-5855.212020874023,250000.0,11
2015-12-24,CIEN-RVTY,-8525.18888092041,250000.0,11
2015-12-24,HSIC-LII,-2782.5396728515625,250000.0,11
2015-12-28,HSIC-LII,-3620.987190246582,250000.0,11
2015-12-29,HSIC-LII,-4426.512104034424,250000.0,11
2015-12-29,AON-MAS,0.0,250000.0,11
2015-12-30,HSIC-LII,-6132.905746459961,250000.0,11
2015-12-30,AON-MAS,234.24961471557617,250000.0,11
2015-12-31,HSIC-LII,-6767.348682403564,250000.0,11
2015-12-31,JBHT-KO,0.0,250000.0,11
2016-01-04,JBHT-KO,-1604.3920269012451,250000.0,11
2016-01-04,LVS-NFLX,0.0,250000.0,11
2016-01-05,LVS-NFLX,-4299.053221702576,250000.0,11
2016-01-06,AOS-GOOG,0.0,250000.0,11
2016-01-07,ALL-BDX,0.0,250000.0,11
2016-01-08,ALL-BAC,0.0,250000.0,11
2016-01-11,ALL-BAC,2905.2051544189453,250000.0,11
2016-01-12,ALL-BAC,-383.16307067871094,250000.0,11
2016-01-13,ALL-BAC,-3263.986873626709,250000.0,11
2016-01-13,ALL-CME,0.0,250000.0,11
2016-01-14,ALL-BAC,-4445.682334899902,250000.0,11
2016-01-14,ALL-CME,248.5180778503418,250000.0,11
2016-01-15,ALL-CME,1031.8783912658691,250000.0,11
2016-02-02,ALL-BAC,0.0,250000.0,11
2016-02-03,ALL-BAC,-821.8681392669678,250000.0,11
2016-02-03,CLX-FIX,0.0,250000.0,11
2016-02-04,CLX-FIX,1615.7879638671875,250000.0,11
2016-02-04,BAX-ICE,0.0,250000.0,11
2016-02-04,ALL-CME,0.0,250000.0,11
2016-02-04,LVS-MNST,0.0,250000.0,11
2016-02-04,ALL-BDX,0.0,250000.0,11
2016-02-05,BAX-ICE,-6034.896514892578,250000.0,11
2016-02-05,ALL-CME,1238.1148414611816,250000.0,11
2016-02-05,LVS-MNST,-9558.166746139526,250000.0,11
2016-02-05,ALL-BDX,-10690.274116516113,250000.0,11
2016-02-05,AON-MAS,0.0,250000.0,11
2016-02-05,ALL-BAC,0.0,250000.0,11
2016-02-08,BAX-ICE,4289.815269470215,250000.0,11
2016-02-08,ALL-CME,6144.310703277588,250000.0,11
2016-02-08,ALL-BDX,-14808.066375732422,250000.0,11
2016-02-08,AON-MAS,-9145.100275039673,250000.0,11
2016-02-08,ALL-BAC,-12767.699687957764,250000.0,11
2016-02-09,BAX-ICE,7215.1955490112305,250000.0,11
2016-02-09,ALL-BDX,-10739.088386535645,250000.0,11
2016-02-09,AON-MAS,11167.432941436768,250000.0,11
2016-02-09,ALL-BAC,-11245.026260375977,250000.0,11
2016-02-10,BAX-ICE,-2844.8447761535645,250000.0,11
2016-02-10,ALL-BDX,-7343.214294433594,250000.0,11
2016-02-10,AON-MAS,12631.14028930664,250000.0,11
2016-02-10,ALL-BAC,-15222.559314727783,250000.0,11
2016-02-10,HSIC-LII,0.0,250000.0,11
2016-02-11,BAX-ICE,-988.4203834533691,250000.0,11
2016-02-11,ALL-BDX,-5876.723854064941,250000.0,11
2016-02-11,AON-MAS,7717.297721862793,250000.0,11
2016-02-11,ALL-BAC,-25124.07504272461,250000.0,11
2016-02-11,HSIC-LII,1275.7243881225586,250000.0,11
2016-02-12,BAX-ICE,-1519.3944053649902,250000.0,11
2016-02-12,ALL-BDX,-4826.1164474487305,250000.0,11
2016-02-12,AON-MAS,11375.756231307983,250000.0,11
2016-02-12,ALL-BAC,-24154.719078063965,250000.0,11
2016-02-12,HSIC-LII,3594.1587409973145,250000.0,11
2016-02-16,BAX-ICE,-3905.7110748291016,250000.0,11
2016-02-16,ALL-BDX,-3573.5799407958984,250000.0,11
2016-02-16,AON-MAS,16047.482181549072,250000.0,11
2016-02-16,ALL-BAC,-24291.289142608643,250000.0,11
2016-02-16,HSIC-LII,-1521.8485565185547,250000.0,11
2016-02-17,BAX-ICE,706.9403076171875,250000.0,11
2016-02-17,ALL-BDX,-1967.5376586914062,250000.0,11
2016-02-17,AON-MAS,20382.699756622314,250000.0,11
2016-02-17,ALL-BAC,-22348.806217193604,250000.0,11
2016-02-17,HSIC-LII,1256.7589874267578,250000.0,11
2016-02-18,BAX-ICE,-1067.8208198547363,250000.0,11
2016-02-18,ALL-BDX,-451.90564727783203,250000.0,11
2016-02-18,AON-MAS,20295.437145233154,250000.0,11
2016-02-18,ALL-BAC,-22059.311653137207,250000.0,11
2016-02-18,HSIC-LII,-1474.3878707885742,250000.0,11
2016-02-19,BAX-ICE,5228.816455841064,250000.0,11
2016-02-19,ALL-BDX,3999.563278198242,250000.0,11
2016-02-19,ALL-BAC,-21488.153537750244,250000.0,11
2016-02-19,HSIC-LII,-6828.719581604004,250000.0,11
2016-02-22,BAX-ICE,26.60660171508789,250000.0,11
2016-02-22,ALL-BDX,3457.0520782470703,250000.0,11
2016-02-22,HSIC-LII,-7904.122283935547,250000.0,11
2016-02-23,ALL-BDX,8027.558166503906,250000.0,11
2016-02-23,HSIC-LII,-2901.012725830078,250000.0,11
2016-02-24,ALL-BDX,8880.049438476562,250000.0,11
2016-02-24,HSIC-LII,1734.5243453979492,250000.0,11
2016-02-25,ALL-BDX,7524.185348510742,250000.0,11
2016-02-25,HSIC-LII,2972.8707275390625,250000.0,11
2016-02-25,C-SPGI,0.0,250000.0,11
2016-02-26,ALL-BDX,9684.720085144043,250000.0,11
2016-02-29,ALL-BDX,9558.91641998291,250000.0,11
2016-01-04,FIS-UPS,0.0,250000.0,12
2016-01-04,MO-OMC,0.0,250000.0,12
2016-01-04,BDX-PG,0.0,250000.0,12
2016-01-05,FIS-UPS,2237.0112380981445,250000.0,12
2016-01-05,BDX-PG,-204.76626586914062,250000.0,12
2016-01-05,MNST-NFLX,0.0,250000.0,12
2016-01-06,FIS-UPS,-644.7948951721191,250000.0,12
2016-01-06,BDX-PG,353.1038131713867,250000.0,12
2016-01-06,FIS-HAS,0.0,250000.0,12
2016-01-06,HII-PPG,0.0,250000.0,12
2016-01-06,MO-PM,0.0,250000.0,12
2016-01-06,MO-OMC,0.0,250000.0,12
2016-01-06,HII-TEL,0.0,250000.0,12
2016-01-06,HII-WY,0.0,250000.0,12
2016-01-07,BDX-PG,-517.0076103210449,250000.0,12
2016-01-07,FIS-HAS,2784.1673126220703,250000.0,12
2016-01-07,HII-PPG,-1036.9967575073242,250000.0,12
2016-01-07,MO-OMC,-486.7539176940918,250000.0,12
2016-01-07,FIS-JCI,0.0,250000.0,12
2016-01-07,FIS-SLB,0.0,250000.0,12
2016-01-07,FIS-PNR,0.0,250000.0,12
2016-01-07,FIS-WBD,0.0,250000.0,12
2016-01-07,FIS-HPQ,0.0,250000.0,12
2016-01-08,BDX-PG,606.054874420166,250000.0,12
2016-01-08,FIS-HAS,3460.024517059326,250000.0,12
2016-01-08,HII-PPG,-4924.438690185547,250000.0,12
2016-01-08,MO-OMC,-3041.906181335449,250000.0,12
2016-01-08,FIS-JCI,3035.47261428833,250000.0,12
2016-01-08,FIS-SLB,-2249.19633102417,250000.0,12
2016-01-08,FIS-PNR,-2339.4364643096924,250000.0,12
2016-01-08,FIS-HPQ,-2783.974416255951,250000.0,12
2016-01-11,FIS-HAS,-1150.765769958496,250000.0,12
2016-01-11,HII-PPG,-4410.686340332031,250000.0,12
2016-01-11,MO-OMC,-9219.901447296143,250000.0,12
2016-01-11,FIS-JCI,483.2482147216797,250000.0,12
2016-01-11,FIS-SLB,-4678.169319152832,250000.0,12
2016-01-11,FIS-PNR,-4757.029094696045,250000.0,12
2016-01-11,FIS-HPQ,-2401.918327331543,250000.0,12
2016-01-12,FIS-HAS,-926.6777954101562,250000.0,12
2016-01-12,HII-PPG,-4773.895416259766,250000.0,12
2016-01-12,MO-OMC,-4875.418113708496,250000.0,12
2016-01-12,FIS-JCI,-541.0763778686523,250000.0,12
2016-01-12,FIS-SLB,-6942.799537658691,250000.0,12
2016-01-12,FIS-PNR,-3580.2694129943848,250000.0,12
2016-01-12,FIS-HPQ,-66.8060827255249,250000.0,12
2016-01-13,FIS-HAS,4862.89045715332,250000.0,12
2016-01-13,MO-OMC,-3298.5063285827637,250000.0,12
2016-01-13,FIS-JCI,-3977.3061027526855,250000.0,12
2016-01-13,FIS-PNR,-7439.648637771606,250000.0,12
2016-01-13,FIS-HPQ,-4302.921742916107,250000.0,12
2016-01-14,FIS-HAS,2258.6694374084473,250000.0,12
2016-01-14,MO-OMC,-0.9221382141113281,250000.0,12
2016-01-14,FIS-JCI,-4435.036666870117,250000.0,12
2016-01-14,FIS-PNR,-7498.152894973755,250000.0,12
2016-01-14,FIS-HPQ,-5184.860391616821,250000.0,12
2016-01-15,MO-OMC,684.9468612670898,250000.0,12
2016-01-15,FIS-JCI,2127.0835494995117,250000.0,12
2016-01-19,MO-OMC,-7247.907646179199,250000.0,12
2016-01-19,FIS-JCI,3210.138240814209,250000.0,12
2016-01-20,MO-OMC,-5413.799549102783,250000.0,12
2016-01-20,FIS-JCI,1768.5720405578613,250000.0,12
2016-01-21,FIS-JCI,2659.1361122131348,250000.0,12
2016-01-22,FIS-JCI,3085.9085960388184,250000.0,12
2016-01-22,FIS-SLB,0.0,250000.0,12
2016-01-22,FIS-WBD,0.0,250000.0,12
2016-01-25,FIS-WBD,4859.364511489868,250000.0,12
2016-01-26,FIS-WBD,-3671.0068893432617,250000.0,12
2016-01-27,FIS-WBD,-3118.3962898254395,250000.0,12
2016-01-27,FIS-PNR,0.0,250000.0,12
2016-01-27,FIS-UPS,0.0,250000.0,12
2016-01-28,FIS-WBD,-861.0422382354736,250000.0,12
2016-01-28,FIS-PNR,-4215.60604095459,250000.0,12
2016-01-28,FIS-UPS,-1673.456943511963,250000.0,12
2016-01-28,FIS-SLB,0.0,250000.0,12
2016-01-29,FIS-WBD,-5861.005815505981,250000.0,12
2016-01-29,FIS-PNR,-7590.064016342163,250000.0,12
2016-01-29,FIS-UPS,-4392.191219329834,250000.0,12
2016-01-29,FIS-SLB,-4997.556930541992,250000.0,12
2016-02-01,FIS-WBD,-4475.332201004028,250000.0,12
2016-02-01,FIS-PNR,-1308.8382015228271,250000.0,12
2016-02-01,FIS-UPS,-4751.574333190918,250000.0,12
2016-02-01,FIS-SLB,962.6874313354492,250000.0,12
2016-02-02,FIS-WBD,4784.308208465576,250000.0,12
2016-02-02,FIS-PNR,5574.828449249268,250000.0,12
2016-02-02,FIS-SLB,6656.456756591797,250000.0,12
2016-02-03,FIS-WBD,-3044.717752456665,250000.0,12
2016-02-03,FIS-PNR,1358.6860637664795,250000.0,12
2016-02-03,FIS-SLB,-78.58011627197266,250000.0,12
2016-02-03,FIS-LIN,0.0,250000.0,12
2016-02-03,MO-T,0.0,250000.0,12
2016-02-04,FIS-WBD,-6056.501413345337,250000.0,12
2016-02-04,FIS-PNR,-4279.012897491455,250000.0,12
2016-02-04,FIS-SLB,2585.305793762207,250000.0,12
2016-02-04,FIS-LIN,-4402.3245849609375,250000.0,12
2016-02-04,MO-T,126.26773452758789,250000.0,12
2016-02-05,FIS-WBD,-4672.086099624634,250000.0,12
2016-02-05,FIS-PNR,-7284.908500671387,250000.0,12
2016-02-05,FIS-SLB,3587.2115783691406,250000.0,12
2016-02-05,FIS-LIN,-6638.646102905273,250000.0,12
2016-02-05,MO-T,-1219.0263538360596,250000.0,12
2016-02-05,MO-MSFT,0.0,250000.0,12
2016-02-08,FIS-WBD,1465.4888706207275,250000.0,12
2016-02-08,FIS-SLB,-8005.948143005371,250000.0,12
2016-02-08,FIS-LIN,-4056.7654724121094,250000.0,12
2016-02-08,MO-T,-1747.4746913909912,250000.0,12
2016-02-08,MO-MSFT,-5038.681190490723,250000.0,12
2016-02-08,FIS-JCI,0.0,250000.0,12
2016-02-08,MO-OMC,0.0,250000.0,12
2016-02-08,MNST-NFLX,0.0,250000.0,12
2016-02-09,FIS-SLB,5241.683303833008,250000.0,12
2016-02-09,FIS-LIN,-4783.039512634277,250000.0,12
2016-02-09,MO-T,2454.219446182251,250000.0,12
2016-02-09,MO-MSFT,-7027.857978820801,250000.0,12
2016-02-09,MNST-NFLX,-5090.989601135254,250000.0,12
2016-02-10,FIS-SLB,3775.2595596313477,250000.0,12
2016-02-10,FIS-LIN,-4772.983360290527,250000.0,12
2016-02-10,MO-T,2655.072332382202,250000.0,12
2016-02-10,MO-MSFT,-3258.879608154297,250000.0,12
2016-02-10,MNST-NFLX,-17918.242347717285,250000.0,12
2016-02-11,FIS-SLB,-3292.776611328125,250000.0,12
2016-02-11,FIS-LIN,-3557.1239318847656,250000.0,12
2016-02-11,MO-MSFT,-3114.8012046813965,250000.0,12
2016-02-11,MNST-NFLX,-5779.193437576294,250000.0,12
2016-02-12,FIS-LIN,-5540.064239501953,250000.0,12
2016-02-12,MNST-NFLX,810.1368045806885,250000.0,12
2016-02-16,FIS-LIN,-3753.2782974243164,250000.0,12
2016-02-16,MNST-NFLX,1304.7414684295654,250000.0,12
2016-02-17,FIS-LIN,-3151.6540603637695,250000.0,12
2016-02-17,MNST-NFLX,-12655.852964401245,250000.0,12
2016-02-17,MO-PM,0.0,250000.0,12
2016-02-18,MNST-NFLX,1924.153699874878,250000.0,12
2016-02-18,MO-PM,-463.70283126831055,250000.0,12
2016-02-19,MNST-NFLX,9942.99766921997,250000.0,12
2016-02-19,MO-PM,-1445.8049011230469,250000.0,12
2016-02-22,MNST-NFLX,8101.158889770508,250000.0,12
2016-02-22,MO-PM,-1059.7901420593262,250000.0,12
2016-02-23,MO-PM,1251.1280326843262,250000.0,12
2016-02-23,FIS-NDSN,0.0,250000.0,12
2016-02-24,FIS-NDSN,-1529.3923263549805,250000.0,12
2016-02-25,FIS-NDSN,808.9280014038086,250000.0,12
2016-02-26,FIS-NDSN,-5558.9499168396,250000.0,12
2016-02-29,FIS-NDSN,-10067.448886871338,250000.0,12
2016-03-01,FIS-NDSN,-8570.989963531494,250000.0,12
2016-03-02,FIS-NDSN,-9645.240242004395,250000.0,12
2016-03-02,FIS-PNR,0.0,250000.0,12
2016-03-03,FIS-NDSN,-10367.89623260498,250000.0,12
2016-03-03,FIS-PNR,746.5627098083496,250000.0,12
2016-03-04,FIS-NDSN,-11491.387218475342,250000.0,12
2016-03-04,FIS-LIN,0.0,250000.0,12
2016-03-07,FIS-NDSN,-16433.31427383423,250000.0,12
2016-03-07,FIS-LIN,-1467.368766784668,250000.0,12
2016-03-07,FIS-UPS,0.0,250000.0,12
2016-03-08,FIS-NDSN,-12936.92423248291,250000.0,12
2016-03-08,FIS-LIN,-2751.091022491455,250000.0,12
2016-03-08,FIS-UPS,-457.2188148498535,250000.0,12
2016-03-09,FIS-LIN,-2677.3614654541016,250000.0,12
2016-03-10,FIS-LIN,-2343.242385864258,250000.0,12
2016-03-10,FIS-JCI,0.0,250000.0,12
2016-03-10,FIS-SNPS,0.0,250000.0,12
2016-03-10,FIS-NDSN,0.0,250000.0,12
2016-03-11,FIS-LIN,-122.23494338989258,250000.0,12
2016-03-11,FIS-JCI,2959.4790840148926,250000.0,12
2016-03-11,FIS-SNPS,-2309.9682579040527,250000.0,12
2016-03-11,FIS-NDSN,-4025.2270545959473,250000.0,12
2016-03-14,FIS-LIN,2631.7322425842285,250000.0,12
2016-03-14,FIS-JCI,4113.63317489624,250000.0,12
2016-03-14,FIS-SNPS,-2206.8255043029785,250000.0,12
2016-03-14,FIS-NDSN,-4524.847492218018,250000.0,12
2016-03-15,FIS-LIN,3400.9256629943848,250000.0,12
2016-03-15,FIS-JCI,1918.196849822998,250000.0,12
2016-03-15,FIS-SNPS,-574.2488746643066,250000.0,12
2016-03-15,FIS-NDSN,-4105.0608253479,250000.0,12
2016-03-16,FIS-LIN,2678.541805267334,250000.0,12
2016-03-16,FIS-JCI,2928.683261871338,250000.0,12
2016-03-16,FIS-SNPS,-89.66622543334961,250000.0,12
2016-03-16,FIS-NDSN,-1015.1655387878418,250000.0,12
2016-03-17,FIS-LIN,-3406.413303375244,250000.0,12
2016-03-17,FIS-JCI,4508.203601837158,250000.0,12
2016-03-17,FIS-SNPS,430.6638374328613,250000.0,12
2016-03-17,FIS-NDSN,4688.119007110596,250000.0,12
2016-03-18,FIS-LIN,-4214.693740844727,250000.0,12
2016-03-18,FIS-JCI,4960.581512451172,250000.0,12
2016-03-21,FIS-JCI,4083.0395317077637,250000.0,12
2016-03-22,FIS-JCI,2432.927703857422,250000.0,12
2016-03-23,FIS-JCI,-1842.6281356811523,250000.0,12
2016-03-24,FIS-JCI,878.7942886352539,250000.0,12
2016-03-28,FIS-JCI,2507.835750579834,250000.0,12
2016-03-29,FIS-JCI,1187.8797149658203,250000.0,12
2016-03-30,FIS-JCI,3784.9486351013184,250000.0,12
2016-03-31,FIS-JCI,4095.391426086426,250000.0,12
2016-03-31,FIS-HAS,0.0,250000.0,12
2016-02-03,NWSA-TTWO,0.0,250000.0,13
2016-02-04,AME-PFE,0.0,250000.0,13
2016-02-04,AVGO-TAP,0.0,250000.0,13
2016-02-04,INTU-VMC,0.0,250000.0,13
2016-02-04,INTU-MRSH,0.0,250000.0,13
2016-02-05,AME-PFE,3788.5883407592773,250000.0,13
2016-02-05,AVGO-TAP,4190.682167053223,250000.0,13
2016-02-05,PFE-TYL,0.0,250000.0,13
2016-02-05,APO-MCO,0.0,250000.0,13
2016-02-08,AME-PFE,1299.7516975402832,250000.0,13
2016-02-08,AVGO-TAP,625.9282760620117,250000.0,13
2016-02-08,PFE-TYL,-7024.359931945801,250000.0,13
2016-02-09,AME-PFE,3260.2734451293945,250000.0,13
2016-02-09,AVGO-TAP,2238.7733192443848,250000.0,13
2016-02-09,PFE-TYL,-12500.52685546875,250000.0,13
2016-02-10,AVGO-TAP,3525.9412956237793,250000.0,13
2016-02-10,PFE-TYL,-7447.670497894287,250000.0,13
2016-02-11,AVGO-TAP,4240.206809997559,250000.0,13
2016-02-11,PFE-TYL,-3525.9026641845703,250000.0,13
2016-02-11,MA-PNC,0.0,250000.0,13
2016-02-12,AVGO-TAP,1468.4954872131348,250000.0,13
2016-02-12,PFE-TYL,-4204.873695373535,250000.0,13
2016-02-12,MA-PNC,3035.865020751953,250000.0,13
2016-02-16,AVGO-TAP,-666.3956718444824,250000.0,13
2016-02-16,PFE-TYL,564.8230972290039,250000.0,13
2016-02-17,AVGO-TAP,332.7543601989746,250000.0,13
2016-02-17,PFE-TYL,10792.800128936768,250000.0,13
2016-02-18,AVGO-TAP,-1122.4448204040527,250000.0,13
2016-02-18,APO-FDX,0.0,250000.0,13
2016-02-19,APO-FDX,4315.266758918762,250000.0,13
2016-02-25,CHTR-J,0.0,250000.0,13
2016-02-26,CHTR-J,5143.6994552612305,250000.0,13
2016-02-26,INTU-V,0.0,250000.0,13
2016-02-26,AVGO-TAP,0.0,250000.0,13
2016-02-26,INTU-VMC,0.0,250000.0,13
2016-02-29,INTU-V,3953.5947494506836,250000.0,13
2016-02-29,AVGO-TAP,-322.77866649627686,250000.0,13
2016-02-29,INTU-VMC,4873.104698181152,250000.0,13
2016-02-29,ALGN-GOOG,0.0,250000.0,13
2016-02-29,MA-PNC,0.0,250000.0,13
2016-03-01,INTU-V,3168.2802505493164,250000.0,13
2016-03-01,AVGO-TAP,512.2080593109131,250000.0,13
2016-03-01,INTU-VMC,7941.810813903809,250000.0,13
2016-03-01,ALGN-GOOG,3284.413101196289,250000.0,13
2016-03-01,MA-PNC,2717.532440185547,250000.0,13
2016-03-01,EOG-ORCL,0.0,250000.0,13
2016-03-02,INTU-V,3616.8886489868164,250000.0,13
2016-03-02,AVGO-TAP,1722.748538017273,250000.0,13
2016-03-02,INTU-VMC,5243.718040466309,250000.0,13
2016-03-02,ALGN-GOOG,1788.2300415039062,250000.0,13
2016-03-02,EOG-ORCL,4427.538486480713,250000.0,13
2016-03-02,MRSH-MTB,0.0,250000.0,13
2016-03-03,INTU-V,2078.182441711426,250000.0,13
2016-03-03,INTU-VMC,-460.12994384765625,250000.0,13
2016-03-03,ALGN-GOOG,-2676.618621826172,250000.0,13
2016-03-03,MRSH-MTB,-2511.0454864501953,250000.0,13
2016-03-03,AMZN-CRH,0.0,250000.0,13
2016-03-04,INTU-VMC,9157.356147766113,250000.0,13
2016-03-04,ALGN-GOOG,-5432.527877807617,250000.0,13
2016-03-04,MRSH-MTB,-2563.481231689453,250000.0,13
2016-03-04,AMZN-CRH,2713.258462905884,250000.0,13
2016-03-07,INTU-VMC,6948.498870849609,250000.0,13
2016-03-07,MRSH-MTB,-2378.7329025268555,250000.0,13
2016-03-07,AMZN-CRH,660.2726020812988,250000.0,13
2016-03-08,INTU-VMC,8662.269035339355,250000.0,13
2016-03-08,MRSH-MTB,1172.2095565795898,250000.0,13
2016-03-08,AMZN-CRH,794.267406463623,250000.0,13
2016-03-09,INTU-VMC,8554.572624206543,250000.0,13
2016-03-09,MRSH-MTB,1610.3787155151367,250000.0,13
2016-03-09,AMZN-CRH,-204.14411163330078,250000.0,13
2016-03-10,INTU-VMC,-230.46004486083984,250000.0,13
2016-03-10,MRSH-MTB,2155.6743698120117,250000.0,13
2016-03-10,AMZN-CRH,-735.2560710906982,250000.0,13
2016-03-11,INTU-VMC,6983.8956298828125,250000.0,13
2016-03-11,AMZN-CRH,-8669.784620285034,250000.0,13
2016-03-11,PFE-PTC,0.0,250000.0,13
2016-03-14,INTU-VMC,5345.711288452148,250000.0,13
2016-03-14,AMZN-CRH,-7980.246042251587,250000.0,13
2016-03-15,INTU-VMC,5437.217742919922,250000.0,13
2016-03-15,AMZN-CRH,-4090.0139236450195,250000.0,13
2016-03-15,PFE-TYL,0.0,250000.0,13
2016-03-16,INTU-VMC,9995.671646118164,250000.0,13
2016-03-16,AMZN-CRH,-5097.863428115845,250000.0,13
2016-03-16,PFE-TYL,-13262.605422973633,250000.0,13
2016-03-16,CHTR-J,0.0,250000.0,13
2016-03-16,MA-PNC,0.0,250000.0,13
2016-03-16,EOG-ORCL,0.0,250000.0,13
2016-03-17,INTU-VMC,9834.58829498291,250000.0,13
2016-03-17,PFE-TYL,-3698.5422286987305,250000.0,13
2016-03-17,CHTR-J,4568.6928634643555,250000.0,13
2016-03-17,MA-PNC,-1858.701805114746,250000.0,13
2016-03-17,EOG-ORCL,-436.3047409057617,250000.0,13
2016-03-17,APO-FDX,0.0,250000.0,13
2016-03-18,PFE-TYL,-10327.680488586426,250000.0,13
2016-03-18,CHTR-J,5895.53849029541,250000.0,13
2016-03-18,MA-PNC,-1187.805534362793,250000.0,13
2016-03-18,APO-FDX,-4769.23518371582,250000.0,13
2016-03-21,CHTR-J,3804.9757232666016,250000.0,13
2016-03-21,MA-PNC,-1165.8664283752441,250000.0,13
2016-03-21,APO-FDX,-6753.6005859375,250000.0,13
2016-03-22,CHTR-J,4393.296226501465,250000.0,13
2016-03-22,MA-PNC,-781.1473693847656,250000.0,13
2016-03-22,APO-FDX,-1126.3596801757812,250000.0,13
2016-03-23,CHTR-J,1497.4899673461914,250000.0,13
2016-03-23,MA-PNC,-3145.9844398498535,250000.0,13
2016-03-23,APO-FDX,-3994.3933486938477,250000.0,13
2016-03-24,CHTR-J,4987.940631866455,250000.0,13
2016-03-24,MA-PNC,-4240.57052230835,250000.0,13
2016-03-24,APO-FDX,-7318.866775512695,250000.0,13
2016-03-28,CHTR-J,3833.330451965332,250000.0,13
2016-03-28,MA-PNC,-2394.699478149414,250000.0,13
2016-03-28,APO-FDX,-7803.765350341797,250000.0,13
2016-03-29,CHTR-J,-302.3990020751953,250000.0,13
2016-03-29,APO-FDX,-6548.005714416504,250000.0,13
2016-03-30,CHTR-J,400.3641128540039,250000.0,13
2016-03-30,APO-FDX,-2551.8299255371094,250000.0,13
2016-03-31,CHTR-J,688.5915756225586,250000.0,13
2016-03-31,APO-FDX,-3534.964210510254,250000.0,13
2016-04-01,CHTR-J,414.0091896057129,250000.0,13
2016-04-04,AME-PFE,0.0,250000.0,13
2016-04-05,AME-PFE,-6313.813533782959,250000.0,13
2016-04-05,AVGO-TAP,0.0,250000.0,13
2016-04-06,AVGO-TAP,-1731.7274589538574,250000.0,13
2016-04-07,AVGO-TAP,-4425.793354988098,250000.0,13
2016-04-08,AVGO-TAP,-3071.72723197937,250000.0,13
2016-04-11,AVGO-TAP,-3411.5586795806885,250000.0,13
2016-04-11,INTU-MTB,0.0,250000.0,13
2016-04-12,AVGO-TAP,-3232.177333831787,250000.0,13
2016-04-12,INTU-MTB,-3715.2473754882812,250000.0,13
2016-04-21,PFE-PTC,0.0,250000.0,13
2016-04-21,INTU-VMC,0.0,250000.0,13
2016-04-22,PFE-PTC,3794.1160469055176,250000.0,13
2016-04-22,INTU-VMC,-2019.5839004516602,250000.0,13
2016-04-22,ALGN-GOOG,0.0,250000.0,13
2016-04-25,PFE-PTC,4393.990905761719,250000.0,13
2016-04-25,INTU-VMC,-2279.6639099121094,250000.0,13
2016-04-25,ALGN-GOOG,1147.304889678955,250000.0,13
2016-04-26,PFE-PTC,1711.002353668213,250000.0,13
2016-04-26,ALGN-GOOG,-4458.103042602539,250000.0,13
2016-04-26,INTU-MRSH,0.0,250000.0,13
2016-04-27,PFE-PTC,1800.4603958129883,250000.0,13
2016-04-27,ALGN-GOOG,-5331.311283111572,250000.0,13
2016-04-27,INTU-MRSH,34.59577178955078,250000.0,13
2016-04-28,PFE-PTC,2866.669750213623,250000.0,13
2016-04-28,ALGN-GOOG,-9495.12968826294,250000.0,13
2016-04-29,PFE-PTC,2558.5614166259766,250000.0,13
2016-04-29,ALGN-GOOG,-7418.331512451172,250000.0,13
2016-03-02,TXT-URI,0.0,250000.0,14
2016-03-04,AMP-RCL,0.0,250000.0,14
2016-03-07,AMP-RCL,423.9368438720703,250000.0,14
2016-03-08,AMP-RCL,-7348.36238861084,250000.0,14
2016-03-09,AMP-RCL,-8680.822315216064,250000.0,14
2016-03-10,AMP-RCL,-8699.607601165771,250000.0,14
2016-03-11,AMP-RCL,-9239.316177368164,250000.0,14
2016-03-14,AMP-RCL,-8340.604476928711,250000.0,14
2016-03-15,AMP-RCL,-3884.287109375,250000.0,14
2016-03-16,AMP-RCL,-296.2302017211914,250000.0,14
2016-03-17,AMP-RCL,-3846.2210083007812,250000.0,14
2016-03-17,MTD-SPG,0.0,250000.0,14
2016-03-17,BALL-COR,0.0,250000.0,14
2016-03-18,AMP-RCL,2680.174789428711,250000.0,14
2016-03-18,MTD-SPG,860.8639984130859,250000.0,14
2016-03-18,BALL-COR,11351.9189453125,250000.0,14
2016-03-21,AMP-RCL,5277.188911437988,250000.0,14
2016-03-21,MTD-SPG,3222.271308898926,250000.0,14
2016-03-28,CMS-FE,0.0,250000.0,14
2016-03-29,CMS-FE,1678.3332958221436,250000.0,14
2016-03-29,KLAC-PWR,0.0,250000.0,14
2016-03-30,CMS-FE,-2124.3618144989014,250000.0,14
2016-03-30,KLAC-PWR,-1052.9651012420654,250000.0,14
2016-03-30,FE-WEC,0.0,250000.0,14
2016-03-30,FE-PNW,0.0,250000.0,14
2016-03-30,FE-PCG,0.0,250000.0,14
2016-03-31,CMS-FE,-1837.376853942871,250000.0,14
2016-03-31,KLAC-PWR,-3586.923324584961,250000.0,14
2016-03-31,FE-WEC,-531.5987281799316,250000.0,14
2016-03-31,FE-PNW,24.58417320251465,250000.0,14
2016-03-31,FE-PCG,-219.44039726257324,250000.0,14
2016-03-31,AMP-RCL,0.0,250000.0,14
2016-04-01,FE-WEC,353.48634338378906,250000.0,14
2016-04-01,FE-PNW,-948.9360504150391,250000.0,14
2016-04-01,FE-PCG,-362.7044792175293,250000.0,14
2016-04-01,AMP-RCL,2583.9094009399414,250000.0,14
2016-04-04,FE-WEC,-2950.7079315185547,250000.0,14
2016-04-04,FE-PNW,-3068.3277015686035,250000.0,14
2016-04-04,FE-PCG,-921.8471603393555,250000.0,14
2016-04-04,AMP-RCL,-3311.810592651367,250000.0,14
2016-04-05,FE-WEC,-2947.713409423828,250000.0,14
2016-04-05,FE-PCG,1256.1044731140137,250000.0,14
2016-04-05,AMP-RCL,-99.78387451171875,250000.0,14
2016-04-06,FE-PCG,-3148.6852684020996,250000.0,14
2016-04-06,AMP-RCL,-260.72686767578125,250000.0,14
2016-04-06,AAPL-MRK,0.0,250000.0,14
2016-04-07,FE-PCG,-2580.301052093506,250000.0,14
2016-04-07,AMP-RCL,-2209.8500366210938,250000.0,14
2016-04-07,AAPL-MRK,-812.0096645355225,250000.0,14
2016-04-07,HPE-USB,0.0,250000.0,14
2016-04-08,FE-PCG,-2977.1482677459717,250000.0,14
2016-04-08,AMP-RCL,-2519.848991394043,250000.0,14
2016-04-08,AAPL-MRK,-455.37542724609375,250000.0,14
2016-04-08,HPE-USB,1478.5039081573486,250000.0,14
2016-04-11,FE-PCG,-17.786151885986328,250000.0,14
2016-04-11,AMP-RCL,4073.995330810547,250000.0,14
2016-04-11,AAPL-MRK,1198.7837104797363,250000.0,14
2016-04-11,HPE-USB,2769.9203300476074,250000.0,14
2016-04-12,FE-PCG,754.2456035614014,250000.0,14
2016-04-12,AMP-RCL,4839.507781982422,250000.0,14
2016-04-12,AAPL-MRK,925.8752059936523,250000.0,14
2016-04-13,FE-PCG,1819.9321269989014,250000.0,14
2016-04-13,AMP-RCL,2758.7616653442383,250000.0,14
2016-04-13,AAPL-MRK,-699.3225231170654,250000.0,14
2016-04-14,FE-PCG,458.6215763092041,250000.0,14
2016-04-14,AMP-RCL,6075.594345092773,250000.0,14
2016-04-14,AAPL-MRK,-2857.632303237915,250000.0,14
2016-04-15,AAPL-MRK,-3096.8749465942383,250000.0,14
2016-04-20,ABT-TXT,0.0,250000.0,14
2016-04-20,TXT-URI,0.0,250000.0,14
2016-04-21,ABT-TXT,1559.7473678588867,250000.0,14
2016-04-21,MTD-SPG,0.0,250000.0,14
2016-04-21,KLAC-PWR,0.0,250000.0,14
2016-04-22,ABT-TXT,1664.1154174804688,250000.0,14
2016-04-22,MTD-SPG,3247.031318664551,250000.0,14
2016-04-22,KLAC-PWR,-5626.347218513489,250000.0,14
2016-04-25,MTD-SPG,7611.032928466797,250000.0,14
2016-04-25,KLAC-PWR,-2735.957058906555,250000.0,14
2016-04-26,MTD-SPG,7841.6298828125,250000.0,14
2016-04-26,KLAC-PWR,-8433.137911319733,250000.0,14
2016-04-27,MTD-SPG,6420.715042114258,250000.0,14
2016-04-27,FE-XEL,0.0,250000.0,14
2016-04-27,FE-WEC,0.0,250000.0,14
2016-04-27,CMS-FE,0.0,250000.0,14
2016-04-27,AAPL-MRK,0.0,250000.0,14
2016-04-27,FE-PNW,0.0,250000.0,14
2016-04-27,FE-PCG,0.0,250000.0,14
2016-04-28,AAPL-MRK,-2532.7264556884766,250000.0,14
2016-04-28,ABT-TXT,0.0,250000.0,14
2016-04-29,AAPL-MRK,-383.23781967163086,250000.0,14
2016-04-29,ABT-TXT,-8462.159652709961,250000.0,14
2016-04-29,FLEX-TRMB,0.0,250000.0,14
2016-04-29,CRM-TSLA,0.0,250000.0,14
2016-05-02,AAPL-MRK,-2594.4910621643066,250000.0,14
2016-05-02,ABT-TXT,-10969.19129371643,250000.0,14
2016-05-02,FLEX-TRMB,-9257.764183044434,250000.0,14
2016-05-02,CRM-TSLA,-7003.088705062866,250000.0,14
2016-05-03,AAPL-MRK,989.8143920898438,250000.0,14
2016-05-03,ABT-TXT,-11254.974033355713,250000.0,14
2016-05-03,FLEX-TRMB,-8712.821083068848,250000.0,14
2016-05-03,CRM-TSLA,-3746.4203958511353,250000.0,14
2016-05-03,ADI-AZO,0.0,250000.0,14
2016-05-04,AAPL-MRK,511.97653579711914,250000.0,14
2016-05-04,ABT-TXT,-10984.348466873169,250000.0,14
2016-05-04,FLEX-TRMB,-6200.932773590088,250000.0,14
2016-05-04,ADI-AZO,-1102.5325927734375,250000.0,14
2016-05-05,AAPL-MRK,3060.6797981262207,250000.0,14
2016-05-05,ABT-TXT,-8609.975036621094,250000.0,14
2016-05-05,FLEX-TRMB,-6549.770378112793,250000.0,14
2016-05-05,ADI-AZO,2223.866054534912,250000.0,14
2016-05-05,BALL-COR,0.0,250000.0,14
2016-05-06,AAPL-MRK,4350.151695251465,250000.0,14
2016-05-06,ABT-TXT,-13190.125360488892,250000.0,14
2016-05-06,FLEX-TRMB,-6830.3369064331055,250000.0,14
2016-05-06,ADI-AZO,1074.3111190795898,250000.0,14
2016-05-06,BALL-COR,-4016.138683319092,250000.0,14
2016-05-09,AAPL-MRK,2249.7647972106934,250000.0,14
2016-05-09,ABT-TXT,-11963.721586227417,250000.0,14
2016-05-09,FLEX-TRMB,-7084.752799987793,250000.0,14
2016-05-09,ADI-AZO,-1815.1319160461426,250000.0,14
2016-05-09,BALL-COR,-2373.237216949463,250000.0,14
2016-05-10,AAPL-MRK,748.2280197143555,250000.0,14
2016-05-10,ABT-TXT,-12701.68950843811,250000.0,14
2016-05-10,FLEX-TRMB,-926.3312072753906,250000.0,14
2016-05-10,ADI-AZO,-1613.4652519226074,250000.0,14
2016-05-11,AAPL-MRK,840.4383926391602,250000.0,14
2016-05-11,ABT-TXT,-12354.925653457642,250000.0,14
2016-05-11,FLEX-TRMB,-929.4910507202148,250000.0,14
2016-05-11,ADI-AZO,3859.7126083374023,250000.0,14
2016-05-12,ABT-TXT,-10591.884363174438,250000.0,14
2016-05-12,FLEX-TRMB,-1118.8156204223633,250000.0,14
2016-05-12,ADI-AZO,-1579.0061874389648,250000.0,14
2016-05-13,FLEX-TRMB,-1689.5385246276855,250000.0,14
2016-05-13,ADI-AZO,1660.6903266906738,250000.0,14
2016-05-16,ADI-AZO,62.19866180419922,250000.0,14
2016-05-17,HPE-USB,0.0,250000.0,14
2016-05-17,TXT-URI,0.0,250000.0,14
2016-05-18,TXT-URI,-2936.0337295532227,250000.0,14
2016-05-19,TXT-URI,-5591.577850341797,250000.0,14
2016-05-20,TXT-URI,-6826.0859375,250000.0,14
2016-05-20,KLAC-PWR,0.0,250000.0,14
2016-05-23,KLAC-PWR,-682.9205703735352,250000.0,14
2016-05-26,ADI-DLTR,0.0,250000.0,14
2016-05-27,ADI-DLTR,-1453.8212585449219,250000.0,14
2016-05-31,ADI-DLTR,-5916.705448150635,250000.0,14
2016-04-01,DD-MRVL,0.0,250000.0,15
2016-04-04,DD-MRVL,-7887.641036987305,250000.0,15
2016-04-05,TECH-TXN,0.0,250000.0,15
2016-04-06,TECH-TXN,4872.641868591309,250000.0,15
2016-04-07,DD-SCHW,0.0,250000.0,15
2016-04-07,DD-J,0.0,250000.0,15
2016-04-07,DD-FFIV,0.0,250000.0,15
2016-04-07,DD-ORCL,0.0,250000.0,15
2016-04-07,DD-PSKY,0.0,250000.0,15
2016-04-08,DD-SCHW,251.86370849609375,250000.0,15
2016-04-08,DD-J,6.2158203125,250000.0,15
2016-04-08,DD-FFIV,-1542.3405456542969,250000.0,15
2016-04-08,DD-ORCL,1493.4084701538086,250000.0,15
2016-04-08,DD-PSKY,1641.7459831237793,250000.0,15
2016-04-11,DD-J,1691.4108276367188,250000.0,15
2016-04-11,DD-FFIV,-1951.3998336791992,250000.0,15
2016-04-11,DD-ORCL,1709.5995292663574,250000.0,15
2016-04-11,DD-PSKY,-1130.838478088379,250000.0,15
2016-04-12,DD-J,382.43730545043945,250000.0,15
2016-04-12,DD-FFIV,-9517.201866149902,250000.0,15
2016-04-12,DD-ORCL,374.8500862121582,250000.0,15
2016-04-12,DD-PSKY,-3137.9556427001953,250000.0,15
2016-04-12,DD-SWKS,0.0,250000.0,15
2016-04-12,DD-ON,0.0,250000.0,15
2016-04-13,DD-J,5117.118396759033,250000.0,15
2016-04-13,DD-FFIV,-6026.180709838867,250000.0,15
2016-04-13,DD-PSKY,-1394.4761009216309,250000.0,15
2016-04-13,DD-SWKS,4568.106986999512,250000.0,15
2016-04-13,EL-LII,0.0,250000.0,15
2016-04-14,DD-J,1061.6549491882324,250000.0,15
2016-04-14,DD-FFIV,-7180.722373962402,250000.0,15
2016-04-14,DD-PSKY,-4732.45051574707,250000.0,15
2016-04-14,DD-SWKS,2655.4427528381348,250000.0,15
2016-04-15,DD-J,-318.5577201843262,250000.0,15
2016-04-15,DD-PSKY,-3686.0849418640137,250000.0,15
2016-04-15,DD-SWKS,-3132.519054412842,250000.0,15
2016-04-18,DD-J,1708.0164909362793,250000.0,15
2016-04-18,DD-PSKY,-3018.4677543640137,250000.0,15
2016-04-18,DD-SWKS,-5233.224884033203,250000.0,15
2016-04-18,EL-LII,0.0,250000.0,15
2016-04-19,DD-J,1933.8898277282715,250000.0,15
2016-04-19,DD-PSKY,-502.52143478393555,250000.0,15
2016-04-19,EL-LII,339.33135986328125,250000.0,15
2016-04-20,EL-LII,-1252.7218017578125,250000.0,15
2016-04-20,DD-PPG,0.0,250000.0,15
2016-04-20,DD-ON,0.0,250000.0,15
2016-04-21,EL-LII,4878.050933837891,250000.0,15
2016-04-21,DD-ON,1454.1357650756836,250000.0,15
2016-04-21,DD-FFIV,0.0,250000.0,15
2016-04-21,DD-URI,0.0,250000.0,15
2016-04-22,DD-ON,3881.890703201294,250000.0,15
2016-04-22,DD-FFIV,-3532.639846801758,250000.0,15
2016-04-22,DD-URI,-907.0226631164551,250000.0,15
2016-04-22,DD-GE,0.0,250000.0,15
2016-04-25,DD-FFIV,-5602.485824584961,250000.0,15
2016-04-25,DD-URI,3291.4178771972656,250000.0,15
2016-04-25,DD-GE,-476.38531494140625,250000.0,15
2016-04-26,DD-FFIV,-3426.6295166015625,250000.0,15
2016-04-26,DD-URI,1529.0046997070312,250000.0,15
2016-04-26,DD-GE,-1493.6754302978516,250000.0,15
2016-04-27,DD-FFIV,-7300.612289428711,250000.0,15
2016-04-27,DD-URI,-3366.969337463379,250000.0,15
2016-04-27,DD-GE,-1076.1516723632812,250000.0,15
2016-04-28,DD-FFIV,-1185.4297180175781,250000.0,15
2016-04-28,DD-URI,492.42737579345703,250000.0,15
2016-04-28,DD-GE,-873.0400848388672,250000.0,15
2016-04-28,DD-TER,0.0,250000.0,15
2016-04-29,DD-FFIV,-4093.3880310058594,250000.0,15
2016-04-29,DD-URI,-4452.327964782715,250000.0,15
2016-04-29,DD-GE,-81.3282470703125,250000.0,15
2016-04-29,DD-TER,-1910.461317062378,250000.0,15
2016-05-02,DD-FFIV,-1329.3878936767578,250000.0,15
2016-05-02,DD-URI,239.20709228515625,250000.0,15
2016-05-02,DD-GE,957.26220703125,250000.0,15
2016-05-02,DD-TER,-837.7496032714844,250000.0,15
2016-05-03,DD-FFIV,3420.4632110595703,250000.0,15
2016-05-03,DD-URI,4155.824127197266,250000.0,15
2016-05-03,DD-GE,1028.9269561767578,250000.0,15
2016-05-03,DD-TER,-233.5048885345459,250000.0,15
2016-05-03,DD-J,0.0,250000.0,15
2016-05-03,TECH-TXN,0.0,250000.0,15
2016-05-04,DD-FFIV,2663.9227752685547,250000.0,15
2016-05-04,DD-URI,8295.73380279541,250000.0,15
2016-05-04,DD-GE,-2578.886978149414,250000.0,15
2016-05-04,DD-TER,-859.9346237182617,250000.0,15
2016-05-04,DD-J,2015.9324951171875,250000.0,15
2016-05-04,TECH-TXN,-1631.7180347442627,250000.0,15
2016-05-05,DD-FFIV,2456.3068084716797,250000.0,15
2016-05-05,DD-URI,8506.116455078125,250000.0,15
2016-05-05,DD-GE,-2701.3689880371094,250000.0,15
2016-05-05,DD-TER,989.6649036407471,250000.0,15
2016-05-05,TECH-TXN,-2021.3103675842285,250000.0,15
2016-05-06,DD-FFIV,2947.057647705078,250000.0,15
2016-05-06,DD-URI,8448.84428024292,250000.0,15
2016-05-06,DD-GE,-1601.6261901855469,250000.0,15
2016-05-06,DD-TER,-814.4220962524414,250000.0,15
2016-05-06,TECH-TXN,-1023.1777381896973,250000.0,15
2016-05-06,DD-J,0.0,250000.0,15
2016-05-09,DD-URI,8527.786685943604,250000.0,15
2016-05-09,DD-TER,1274.4950141906738,250000.0,15
2016-05-09,TECH-TXN,-4962.160377502441,250000.0,15
2016-05-09,DD-J,-4272.154914855957,250000.0,15
2016-05-10,DD-URI,5002.554405212402,250000.0,15
2016-05-10,DD-TER,1243.4401969909668,250000.0,15
2016-05-10,TECH-TXN,-2099.444532394409,250000.0,15
2016-05-10,DD-J,-7673.365272521973,250000.0,15
2016-05-11,DD-URI,7944.928966522217,250000.0,15
2016-05-11,DD-TER,395.4961738586426,250000.0,15
2016-05-11,TECH-TXN,-1130.126781463623,250000.0,15
2016-05-11,DD-J,-6947.792427062988,250000.0,15
2016-05-12,DD-TER,-4612.714653015137,250000.0,15
2016-05-12,TECH-TXN,-2870.765733718872,250000.0,15
2016-05-12,DD-J,-4487.529708862305,250000.0,15
2016-05-12,DD-SWKS,0.0,250000.0,15
2016-05-13,TECH-TXN,-5098.202991485596,250000.0,15
2016-05-13,DD-J,-4882.3597412109375,250000.0,15
2016-05-13,DD-SWKS,12.889728546142578,250000.0,15
2016-05-16,TECH-TXN,-4585.934171676636,250000.0,15
2016-05-16,DD-J,-5847.919586181641,250000.0,15
2016-05-16,DD-SWKS,2856.845317840576,250000.0,15
2016-05-17,TECH-TXN,-5482.48646736145,250000.0,15
2016-05-17,DD-J,-2086.0138244628906,250000.0,15
2016-05-17,DD-SWKS,2747.385917663574,250000.0,15
2016-05-17,DD-URI,0.0,250000.0,15
2016-05-18,DD-J,-5210.525810241699,250000.0,15
2016-05-18,DD-URI,-5575.790588378906,250000.0,15
2016-05-18,DD-SCHW,0.0,250000.0,15
2016-05-19,DD-J,-2899.209327697754,250000.0,15
2016-05-19,DD-URI,-2809.6688842773438,250000.0,15
2016-05-19,DD-SCHW,2695.03621673584,250000.0,15
2016-05-20,DD-J,-2153.746383666992,250000.0,15
2016-05-20,DD-URI,-4561.797454833984,250000.0,15
2016-05-20,DD-SCHW,390.8425521850586,250000.0,15
2016-05-23,DD-J,4315.415992736816,250000.0,15
2016-05-23,DD-URI,912.40576171875,250000.0,15
2016-05-23,DD-SCHW,4490.985046386719,250000.0,15
2016-05-24,DD-J,4636.2249755859375,250000.0,15
2016-05-24,DD-URI,495.9029235839844,250000.0,15
2016-05-24,DD-SCHW,-1830.4431838989258,250000.0,15
2016-05-24,DD-TER,0.0,250000.0,15
2016-05-24,DD-LEN,0.0,250000.0,15
2016-05-25,DD-URI,-8415.13003540039,250000.0,15
2016-05-25,DD-SCHW,-5293.603530883789,250000.0,15
2016-05-25,DD-TER,-585.9412536621094,250000.0,15
2016-05-25,DD-LEN,351.42276763916016,250000.0,15
2016-05-26,DD-SCHW,-3754.726448059082,250000.0,15
2016-05-26,DD-TER,-2903.598808288574,250000.0,15
2016-05-26,DD-LEN,-1492.8827781677246,250000.0,15
2016-05-27,DD-SCHW,-7274.315277099609,250000.0,15
2016-05-27,DD-TER,-6375.175693511963,250000.0,15
2016-05-27,DD-LEN,-2395.131893157959,250000.0,15
2016-05-31,DD-SCHW,-9338.962677001953,250000.0,15
2016-05-31,DD-TER,-8492.754402160645,250000.0,15
2016-05-31,DD-LEN,-4183.09362411499,250000.0,15
2016-06-01,DD-SCHW,-10633.607040405273,250000.0,15
2016-06-01,DD-TER,-7908.842205047607,250000.0,15
2016-06-01,DD-LEN,-4766.865207672119,250000.0,15
2016-06-02,DD-TER,-6286.477825164795,250000.0,15
2016-06-02,DD-LEN,-2415.0244178771973,250000.0,15
2016-06-03,DD-TER,-4538.575660705566,250000.0,15
2016-06-03,DD-LEN,1017.5898628234863,250000.0,15
2016-06-03,DD-SCHW,0.0,250000.0,15
2016-06-06,DD-TER,-3973.4651374816895,250000.0,15
2016-06-06,DD-LEN,2028.493251800537,250000.0,15
2016-06-06,DD-SCHW,2650.4656524658203,250000.0,15
2016-06-07,DD-TER,-6587.283527374268,250000.0,15
2016-06-07,DD-LEN,-4031.4776725769043,250000.0,15
2016-06-07,DD-SCHW,-260.2934856414795,250000.0,15
2016-06-07,DD-FFIV,0.0,250000.0,15
2016-06-08,DD-SCHW,-589.6605033874512,250000.0,15
2016-06-08,DD-FFIV,7162.74666595459,250000.0,15
2016-06-09,DD-SCHW,-3226.927536010742,250000.0,15
2016-06-09,DD-FFIV,8161.937187194824,250000.0,15
2016-06-10,DD-SCHW,-7669.4297885894775,250000.0,15
2016-06-10,DD-FFIV,7884.765167236328,250000.0,15
2016-06-13,DD-SCHW,-6928.1295528411865,250000.0,15
2016-06-13,DD-FFIV,7060.373176574707,250000.0,15
2016-06-14,DD-SCHW,-5542.898366928101,250000.0,15
2016-06-14,DD-FFIV,5675.752105712891,250000.0,15
2016-06-15,DD-SCHW,-108.64158630371094,250000.0,15
2016-06-15,DD-FFIV,2461.017265319824,250000.0,15
2016-06-16,DD-SCHW,-1303.662504196167,250000.0,15
2016-06-16,DD-FFIV,3994.3565673828125,250000.0,15
2016-06-17,DD-SCHW,-6055.238151550293,250000.0,15
2016-06-17,DD-FFIV,7838.269500732422,250000.0,15
2016-06-17,DD-WY,0.0,250000.0,15
2016-06-20,DD-FFIV,6994.343475341797,250000.0,15
2016-06-20,DD-WY,1370.2381896972656,250000.0,15
2016-06-21,DD-FFIV,7696.302635192871,250000.0,15
2016-06-21,DD-WY,-4613.986610412598,250000.0,15
2016-06-22,DD-FFIV,8872.208236694336,250000.0,15
2016-06-22,DD-WY,-3727.940963745117,250000.0,15
2016-06-22,DD-TSLA,0.0,250000.0,15
2016-06-23,DD-FFIV,4964.20866394043,250000.0,15
2016-06-23,DD-WY,-832.0013809204102,250000.0,15
2016-06-23,DD-TSLA,-5507.983016967773,250000.0,15
2016-06-24,DD-TSLA,14109.459300994873,250000.0,15
2016-06-24,EL-LII,0.0,250000.0,15
2016-06-27,EL-LII,-2372.477958679199,250000.0,15
2016-06-27,DD-MRVL,0.0,250000.0,15
2016-06-28,EL-LII,-2328.3640060424805,250000.0,15
2016-06-28,DD-MRVL,5759.475547790527,250000.0,15
2016-06-28,DD-LEN,0.0,250000.0,15
2016-06-28,DD-DHI,0.0,250000.0,15
2016-06-28,DD-J,0.0,250000.0,15
2016-06-28,DD-YUM,0.0,250000.0,15
2016-06-28,DD-WY,0.0,250000.0,15
2016-06-28,DD-PSKY,0.0,250000.0,15
2016-06-29,EL-LII,2687.906997680664,250000.0,15
2016-06-29,DD-MRVL,9070.445966720581,250000.0,15
2016-06-29,DD-LEN,-597.9789733886719,250000.0,15
2016-06-29,DD-DHI,93.41998481750488,250000.0,15
2016-06-29,DD-J,5131.027976989746,250000.0,15
2016-06-29,DD-YUM,1079.963581085205,250000.0,15
2016-06-29,DD-WY,-3538.2876415252686,250000.0,15
2016-06-29,DD-PSKY,1512.2144165039062,250000.0,15
2016-06-30,EL-LII,-759.3883590698242,250000.0,15
2016-06-30,DD-LEN,-847.5474739074707,250000.0,15
2016-06-30,DD-DHI,-1900.7204475402832,250000.0,15
2016-06-30,DD-J,2962.89998626709,250000.0,15
2016-06-30,DD-YUM,2117.0559616088867,250000.0,15
2016-06-30,DD-WY,-5429.377964019775,250000.0,15
2016-06-30,DD-PSKY,-4891.203525543213,250000.0,15
2016-05-04,KIM-PPG,0.0,250000.0,16
2016-05-05,KIM-PPG,-3351.548803329468,250000.0,16
2016-05-05,DLTR-IT,0.0,250000.0,16
2016-05-06,KIM-PPG,-8800.551816940308,250000.0,16
2016-05-06,DLTR-IT,-5066.010452270508,250000.0,16
2016-05-09,KIM-PPG,-11869.829513549805,250000.0,16
2016-05-09,DLTR-IT,237.9268341064453,250000.0,16
2016-05-10,KIM-PPG,-9948.247539520264,250000.0,16
2016-05-10,DLTR-IT,-5796.124038696289,250000.0,16
2016-05-11,KIM-PPG,-6318.021579742432,250000.0,16
2016-05-11,DLTR-IT,-7846.806259155273,250000.0,16
2016-05-12,KIM-PPG,-3584.202585220337,250000.0,16
2016-05-12,DLTR-IT,-8159.897903442383,250000.0,16
2016-05-13,KIM-PPG,1247.6977214813232,250000.0,16
2016-05-13,DLTR-IT,-10841.054512023926,250000.0,16
2016-05-16,KIM-PPG,-2036.0001621246338,250000.0,16
2016-05-16,DLTR-IT,-8597.752250671387,250000.0,16
2016-05-17,DLTR-IT,-9915.552085876465,250000.0,16
2016-05-18,ADSK-RJF,0.0,250000.0,16
2016-05-18,ADSK-STT,0.0,250000.0,16
2016-05-19,ADSK-RJF,4278.06450843811,250000.0,16
2016-05-19,ADSK-STT,2726.348056793213,250000.0,16
2016-05-20,ADSK-RJF,-3036.9553966522217,250000.0,16
2016-05-20,ADSK-STT,-2619.9986839294434,250000.0,16
2016-05-23,ADSK-RJF,-725.3957405090332,250000.0,16
2016-05-23,ADSK-STT,-463.81765365600586,250000.0,16
2016-05-24,ADSK-RJF,-2763.309247970581,250000.0,16
2016-05-24,ADSK-STT,-2972.8006553649902,250000.0,16
2016-05-25,ADSK-RJF,-5123.697208404541,250000.0,16
2016-05-25,ADSK-STT,-6733.188648223877,250000.0,16
2016-05-26,ADSK-RJF,-8035.016941070557,250000.0,16
2016-05-26,ADSK-STT,-4920.937976837158,250000.0,16
2016-05-26,DLTR-INTU,0.0,250000.0,16
2016-05-26,DLTR-ROK,0.0,250000.0,16
2016-05-26,DLTR-YUM,0.0,250000.0,16
2016-05-26,DLTR-SYY,0.0,250000.0,16
2016-05-26,DLTR-FIX,0.0,250000.0,16
2016-05-26,DLTR-OMC,0.0,250000.0,16
2016-05-26,DLTR-TXN,0.0,250000.0,16
2016-05-27,ADSK-RJF,-9198.683883666992,250000.0,16
2016-05-27,ADSK-STT,-4515.059700012207,250000.0,16
2016-05-27,DLTR-INTU,1209.9202880859375,250000.0,16
2016-05-27,DLTR-ROK,-2622.8194274902344,250000.0,16
2016-05-27,DLTR-YUM,-1586.537685394287,250000.0,16
2016-05-27,DLTR-SYY,-2044.830093383789,250000.0,16
2016-05-27,DLTR-FIX,-813.8674468994141,250000.0,16
2016-05-27,DLTR-OMC,-528.7575149536133,250000.0,16
2016-05-27,DLTR-TXN,-479.90982818603516,250000.0,16
2016-05-31,ADSK-STT,-5397.184257507324,250000.0,16
2016-05-31,DLTR-INTU,-5232.365737915039,250000.0,16
2016-05-31,DLTR-ROK,-9407.623405456543,250000.0,16
2016-05-31,DLTR-YUM,-8747.310279846191,250000.0,16
2016-05-31,DLTR-SYY,-8013.544715881348,250000.0,16
2016-05-31,DLTR-FIX,-3683.3288803100586,250000.0,16
2016-05-31,DLTR-OMC,-3756.492904663086,250000.0,16
2016-05-31,DLTR-TXN,-6441.093719482422,250000.0,16
2016-05-31,DLTR-IT,0.0,250000.0,16
2016-06-01,ADSK-STT,-4935.197525024414,250000.0,16
2016-06-01,DLTR-INTU,-4570.675102233887,250000.0,16
2016-06-01,DLTR-ROK,-10150.797233581543,250000.0,16
2016-06-01,DLTR-YUM,-8668.980262756348,250000.0,16
2016-06-01,DLTR-SYY,-4962.870414733887,250000.0,16
2016-06-01,DLTR-FIX,-4467.498825073242,250000.0,16
2016-06-01,DLTR-OMC,-5811.072486877441,250000.0,16
2016-06-01,DLTR-TXN,-5222.184543609619,250000.0,16
2016-06-01,DLTR-IT,-680.4919662475586,250000.0,16
2016-06-02,DLTR-INTU,-2953.0337829589844,250000.0,16
2016-06-02,DLTR-ROK,-8216.431144714355,250000.0,16
2016-06-02,DLTR-YUM,-9424.779140472412,250000.0,16
2016-06-02,DLTR-SYY,-5691.760116577148,250000.0,16
2016-06-02,DLTR-FIX,-4650.740493774414,250000.0,16
2016-06-02,DLTR-OMC,-6336.3923263549805,250000.0,16
2016-06-02,DLTR-TXN,-7132.435573577881,250000.0,16
2016-06-02,DLTR-IT,1510.8171920776367,250000.0,16
2016-06-03,DLTR-INTU,-4587.316917419434,250000.0,16
2016-06-03,DLTR-ROK,-6805.270797729492,250000.0,16
2016-06-03,DLTR-YUM,-9075.834976196289,250000.0,16
2016-06-03,DLTR-SYY,-5034.355773925781,250000.0,16
2016-06-03,DLTR-FIX,-4294.801490783691,250000.0,16
2016-06-03,DLTR-OMC,-9781.9310836792,250000.0,16
2016-06-03,DLTR-TXN,-8157.832908630371,250000.0,16
2016-06-03,DLTR-IT,754.6066818237305,250000.0,16
2016-06-03,ADSK-STT,0.0,250000.0,16
2016-06-06,DLTR-INTU,-1971.6316375732422,250000.0,16
2016-06-06,DLTR-ROK,-3574.919952392578,250000.0,16
2016-06-06,DLTR-YUM,-5694.343311309814,250000.0,16
2016-06-06,DLTR-SYY,-4741.9295654296875,250000.0,16
2016-06-06,DLTR-FIX,-2255.7837524414062,250000.0,16
2016-06-06,DLTR-OMC,-6729.724090576172,250000.0,16
2016-06-06,DLTR-TXN,-3814.5302734375,250000.0,16
2016-06-06,DLTR-IT,1386.4388885498047,250000.0,16
2016-06-06,MMM-PPG,0.0,250000.0,16
2016-06-07,DLTR-INTU,-2626.555732727051,250000.0,16
2016-06-07,DLTR-ROK,-6029.939796447754,250000.0,16
2016-06-07,DLTR-YUM,-6552.6533851623535,250000.0,16
2016-06-07,DLTR-SYY,-6495.459045410156,250000.0,16
2016-06-07,DLTR-FIX,-8498.16584777832,250000.0,16
2016-06-07,DLTR-OMC,-6302.601448059082,250000.0,16
2016-06-07,DLTR-TXN,-4370.904842376709,250000.0,16
2016-06-07,DLTR-IT,118.4290542602539,250000.0,16
2016-06-07,MMM-PPG,-2750.7898178100586,250000.0,16
2016-06-08,DLTR-INTU,-5725.910057067871,250000.0,16
2016-06-08,DLTR-ROK,-6783.233047485352,250000.0,16
2016-06-08,DLTR-YUM,-6013.899242401123,250000.0,16
2016-06-08,DLTR-SYY,-7126.178443908691,250000.0,16
2016-06-08,DLTR-FIX,-1512.3271179199219,250000.0,16
2016-06-08,DLTR-OMC,-980.5171051025391,250000.0,16
2016-06-08,DLTR-TXN,-3078.654308319092,250000.0,16
2016-06-08,DLTR-IT,-1273.0225219726562,250000.0,16
2016-06-09,DLTR-INTU,-6406.550331115723,250000.0,16
2016-06-09,DLTR-ROK,-8832.658668518066,250000.0,16
2016-06-09,DLTR-YUM,-8819.860828399658,250000.0,16
2016-06-09,DLTR-SYY,-6276.663391113281,250000.0,16
2016-06-09,DLTR-FIX,-2827.7941970825195,250000.0,16
2016-06-09,DLTR-OMC,-3597.969856262207,250000.0,16
2016-06-09,DLTR-TXN,-3890.3163452148438,250000.0,16
2016-06-09,DLTR-IT,-3172.208183288574,250000.0,16
2016-06-10,DLTR-IT,-3847.60848236084,250000.0,16
2016-06-13,DLTR-IT,-2178.021095275879,250000.0,16
2016-06-14,DLTR-IT,-1293.3858108520508,250000.0,16
2016-06-16,DLTR-SYY,0.0,250000.0,16
2016-06-17,DLTR-SYY,-469.36362075805664,250000.0,16
2016-06-17,DLTR-HLT,0.0,250000.0,16
2016-06-20,DLTR-SYY,-294.2160873413086,250000.0,16
2016-06-20,DLTR-HLT,-6967.464275360107,250000.0,16
2016-06-21,DLTR-SYY,-742.2707405090332,250000.0,16
2016-06-21,DLTR-HLT,-3623.354221343994,250000.0,16
2016-06-21,DLTR-VRSK,0.0,250000.0,16
2016-06-22,DLTR-SYY,-972.553768157959,250000.0,16
2016-06-22,DLTR-HLT,-4182.123500823975,250000.0,16
2016-06-22,DLTR-VRSK,3111.6216430664062,250000.0,16
2016-06-23,DLTR-SYY,-2105.5301628112793,250000.0,16
2016-06-23,DLTR-HLT,-10049.801906585693,250000.0,16
2016-06-23,DLTR-VRSK,-128.458740234375,250000.0,16
2016-06-23,DLTR-INTU,0.0,250000.0,16
2016-06-23,DLTR-ROK,0.0,250000.0,16
2016-06-23,KIM-PPG,0.0,250000.0,16
2016-06-23,DLTR-FIX,0.0,250000.0,16
2016-06-23,DLTR-TXN,0.0,250000.0,16
2016-06-24,DLTR-SYY,-752.3194541931152,250000.0,16
2016-06-27,DLTR-SYY,994.1843948364258,250000.0,16
2016-06-27,DLTR-IT,0.0,250000.0,16
2016-06-27,KIM-PPG,0.0,250000.0,16
2016-06-27,LDOS-OMC,0.0,250000.0,16
2016-06-27,ADSK-STT,0.0,250000.0,16
2016-06-27,DLTR-TXN,0.0,250000.0,16
2016-06-28,DLTR-SYY,1740.9566116333008,250000.0,16
2016-06-28,DLTR-IT,4325.699264526367,250000.0,16
2016-06-28,KIM-PPG,-126.96891593933105,250000.0,16
2016-06-28,LDOS-OMC,2884.2127475738525,250000.0,16
2016-06-28,ADSK-STT,-623.6748847961426,250000.0,16
2016-06-28,DLTR-TXN,5463.400543212891,250000.0,16
2016-06-28,MO-O,0.0,250000.0,16
2016-06-29,DLTR-SYY,-1238.2685623168945,250000.0,16
2016-06-29,DLTR-IT,3536.9962768554688,250000.0,16
2016-06-29,KIM-PPG,1826.8355083465576,250000.0,16
2016-06-29,LDOS-OMC,5100.665727615356,250000.0,16
2016-06-29,ADSK-STT,-56.994529724121094,250000.0,16
2016-06-29,MO-O,-1972.32666015625,250000.0,16
2016-06-30,KIM-PPG,2174.484785079956,250000.0,16
2016-06-30,ADSK-STT,5741.1528396606445,250000.0,16
2016-06-30,MO-O,-1308.4162521362305,250000.0,16
2016-07-01,KIM-PPG,2223.938430786133,250000.0,16
2016-07-01,ADSK-STT,4709.321582794189,250000.0,16
2016-07-01,MO-O,-2126.7698287963867,250000.0,16
2016-07-05,ADSK-STT,3457.559429168701,250000.0,16
2016-07-06,ADSK-STT,570.8429946899414,250000.0,16
2016-07-07,ADSK-STT,-1636.424560546875,250000.0,16
2016-07-08,ADSK-STT,-854.9703826904297,250000.0,16
2016-07-11,ADSK-STT,-83.94100570678711,250000.0,16
2016-07-11,LDOS-OMC,0.0,250000.0,16
2016-07-12,LDOS-OMC,1361.6840934753418,250000.0,16
2016-07-13,LDOS-OMC,3114.014087677002,250000.0,16
2016-07-26,DLTR-TXN,0.0,250000.0,16
2016-07-27,DLTR-TXN,-721.1454772949219,250000.0,16
2016-07-27,DLTR-HLT,0.0,250000.0,16
2016-07-27,ADSK-STT,0.0,250000.0,16
2016-07-27,DLTR-SPG,0.0,250000.0,16
2016-07-28,DLTR-TXN,2137.324848175049,250000.0,16
2016-07-28,DLTR-HLT,-3296.968536376953,250000.0,16
2016-07-28,ADSK-STT,-7551.087493896484,250000.0,16
2016-07-29,DLTR-TXN,4054.313735961914,250000.0,16
2016-07-29,DLTR-HLT,-177.5328826904297,250000.0,16
2016-07-29,ADSK-STT,-8845.137321472168,250000.0,16
2016-06-30,NOC-RSG,0.0,250000.0,17
2016-06-30,LMT-RSG,0.0,250000.0,17
2016-07-01,NOC-RSG,-1431.6749725341797,250000.0,17
2016-07-01,LMT-RSG,-683.3051147460938,250000.0,17
2016-07-05,NOC-RSG,-2371.2545585632324,250000.0,17
2016-07-05,LMT-RSG,-1439.108242034912,250000.0,17
2016-07-29,ICE-VMC,0.0,250000.0,17
2016-08-16,EW-TECH,0.0,250000.0,17
2016-08-17,LMT-RSG,0.0,250000.0,17
2016-08-18,LMT-RSG,390.59841537475586,250000.0,17
2016-08-19,LMT-RSG,-1249.8565216064453,250000.0,17
2016-08-22,LMT-RSG,-1618.154556274414,250000.0,17
2016-07-06,MRK-SNPS,0.0,250000.0,18
2016-07-07,MRK-SNPS,2246.7406616210938,250000.0,18
2016-07-08,MRK-SNPS,1435.190444946289,250000.0,18
2016-07-11,MRK-SNPS,3438.418128967285,250000.0,18
2016-07-12,MRK-SNPS,3272.2396087646484,250000.0,18
2016-07-12,EXPD-FIX,0.0,250000.0,18
2016-07-13,MRK-SNPS,3332.7879333496094,250000.0,18
2016-07-13,EXPD-FIX,14.12479019165039,250000.0,18
2016-07-14,MRK-SNPS,2467.3451919555664,250000.0,18
2016-07-14,EXPD-FIX,4495.134613037109,250000.0,18
2016-07-14,RTX-TAP,0.0,250000.0,18
2016-07-15,MRK-SNPS,844.8044128417969,250000.0,18
2016-07-15,EXPD-FIX,4083.0013675689697,250000.0,18
2016-07-15,RTX-TAP,-1194.1625137329102,250000.0,18
2016-07-18,MRK-SNPS,3342.2205352783203,250000.0,18
2016-07-18,EXPD-FIX,2366.8845233917236,250000.0,18
2016-07-18,RTX-TAP,290.56981658935547,250000.0,18
2016-07-19,EXPD-FIX,-2681.6194610595703,250000.0,18
2016-07-19,RTX-TAP,-2663.486602783203,250000.0,18
2016-07-20,EXPD-FIX,1632.7247142791748,250000.0,18
2016-07-20,RTX-TAP,3632.1220092773438,250000.0,18
2016-07-21,EXPD-FIX,1351.989601135254,250000.0,18
2016-07-21,RTX-TAP,2259.6569290161133,250000.0,18
2016-07-21,FIS-URI,0.0,250000.0,18
2016-07-22,EXPD-FIX,-2850.920757293701,250000.0,18
2016-07-22,FIS-URI,-6168.783958435059,250000.0,18
2016-07-25,EXPD-FIX,6.802333831787109,250000.0,18
2016-07-25,FIS-URI,-6716.055397033691,250000.0,18
2016-07-26,EXPD-FIX,-1487.0012168884277,250000.0,18
2016-07-26,FIS-URI,-6630.295928955078,250000.0,18
2016-07-27,EXPD-FIX,4041.3569011688232,250000.0,18
2016-07-27,FIS-URI,-8398.228477478027,250000.0,18
2016-07-27,RTX-TAP,0.0,250000.0,18
2016-07-27,FIS-MDLZ,0.0,250000.0,18
2016-07-27,FIS-ROK,0.0,250000.0,18
2016-07-28,EXPD-FIX,3173.2764644622803,250000.0,18
2016-07-28,FIS-URI,-6898.507347106934,250000.0,18
2016-07-28,FIS-MDLZ,2030.692367553711,250000.0,18
2016-07-28,FIS-ROK,-1214.1255569458008,250000.0,18
2016-07-28,AMZN-MCK,0.0,250000.0,18
2016-07-28,MA-SW,0.0,250000.0,18
2016-07-28,PFE-WST,0.0,250000.0,18
2016-07-29,FIS-URI,-7938.718788146973,250000.0,18
2016-07-29,FIS-MDLZ,2176.7845916748047,250000.0,18
2016-07-29,FIS-ROK,-4580.995765686035,250000.0,18
2016-07-29,AMZN-MCK,2.5675048828125,250000.0,18
2016-07-29,MA-SW,4110.047012329102,250000.0,18
2016-07-29,PFE-WST,226.4956283569336,250000.0,18
2016-07-29,TECH-WDC,0.0,250000.0,18
2016-07-29,FIS-MTD,0.0,250000.0,18
2016-07-29,EXPD-WST,0.0,250000.0,18
2016-08-01,FIS-URI,-969.1241607666016,250000.0,18
2016-08-01,FIS-MDLZ,-157.22034454345703,250000.0,18
2016-08-01,AMZN-MCK,-5268.426971435547,250000.0,18
2016-08-01,MA-SW,5017.468963623047,250000.0,18
2016-08-01,PFE-WST,235.9790802001953,250000.0,18
2016-08-01,TECH-WDC,-9405.227066040039,250000.0,18
2016-08-01,FIS-MTD,-158.8223114013672,250000.0,18
2016-08-01,EXPD-WST,-767.2744255065918,250000.0,18
2016-08-02,FIS-URI,4280.173568725586,250000.0,18
2016-08-02,FIS-MDLZ,-1588.2033920288086,250000.0,18
2016-08-02,AMZN-MCK,-1740.2997436523438,250000.0,18
2016-08-02,MA-SW,4056.6641693115234,250000.0,18
2016-08-02,PFE-WST,-3932.2350692749023,250000.0,18
2016-08-02,TECH-WDC,-13319.534538269043,250000.0,18
2016-08-02,FIS-MTD,5183.7801513671875,250000.0,18
2016-08-02,EXPD-FIX,0.0,250000.0,18
2016-08-03,FIS-URI,-531.4561920166016,250000.0,18
2016-08-03,FIS-MDLZ,-694.8634719848633,250000.0,18
2016-08-03,AMZN-MCK,1723.3046379089355,250000.0,18
2016-08-03,MA-SW,4963.870170593262,250000.0,18
2016-08-03,TECH-WDC,-14672.84545135498,250000.0,18
2016-08-03,FIS-MTD,5566.537261962891,250000.0,18
2016-08-03,MRK-SNPS,0.0,250000.0,18
2016-08-04,FIS-URI,-1478.3153762817383,250000.0,18
2016-08-04,FIS-MDLZ,-4216.766586303711,250000.0,18
2016-08-04,AMZN-MCK,-557.3201332092285,250000.0,18
2016-08-04,MA-SW,533.8284301757812,250000.0,18
2016-08-04,TECH-WDC,-16956.266120910645,250000.0,18
2016-08-04,MRK-SNPS,-388.42723846435547,250000.0,18
2016-08-05,FIS-MDLZ,-1398.494644165039,250000.0,18
2016-08-05,AMZN-MCK,-1538.4558753967285,250000.0,18
2016-08-05,MA-SW,-4643.573112487793,250000.0,18
2016-08-05,TECH-WDC,-11265.286529541016,250000.0,18
2016-08-05,FIS-TFC,0.0,250000.0,18
2016-08-08,FIS-MDLZ,-823.6343383789062,250000.0,18
2016-08-08,AMZN-MCK,-1105.1180686950684,250000.0,18
2016-08-08,MA-SW,-4109.874252319336,250000.0,18
2016-08-08,TECH-WDC,-10234.97331237793,250000.0,18
2016-08-08,FIS-TFC,629.4861450195312,250000.0,18
2016-08-09,FIS-MDLZ,-749.5213317871094,250000.0,18
2016-08-09,AMZN-MCK,24.439739227294922,250000.0,18
2016-08-09,MA-SW,-3682.8546981811523,250000.0,18
2016-08-09,TECH-WDC,-10172.904006958008,250000.0,18
2016-08-09,FIS-TFC,1047.8402099609375,250000.0,18
2016-08-10,FIS-MDLZ,-1219.7597122192383,250000.0,18
2016-08-10,AMZN-MCK,-860.5461883544922,250000.0,18
2016-08-10,MA-SW,-1494.5036544799805,250000.0,18
2016-08-11,AMZN-MCK,-231.77844619750977,250000.0,18
2016-08-11,MA-SW,-2775.432746887207,250000.0,18
2016-08-16,FIS-PKG,0.0,250000.0,18
2016-08-17,FIS-PKG,-606.8887405395508,250000.0,18
2016-08-17,PFE-WST,0.0,250000.0,18
2016-08-18,FIS-PKG,-1558.7864723205566,250000.0,18
2016-08-18,FIS-MTD,0.0,250000.0,18
2016-08-19,FIS-PKG,-1934.8573722839355,250000.0,18
2016-08-19,FIS-MTD,-1464.9739685058594,250000.0,18
2016-08-22,FIS-MTD,-1566.5658264160156,250000.0,18
2016-08-23,FIS-MTD,-1847.1727294921875,250000.0,18
2016-08-24,FIS-TMO,0.0,250000.0,18
2016-08-24,AMZN-MCK,0.0,250000.0,18
2016-08-24,FIS-WAT,0.0,250000.0,18
2016-08-25,FIS-TMO,81.07622528076172,250000.0,18
2016-08-25,FIS-WAT,46.146324157714844,250000.0,18
2016-08-26,FIS-TMO,1871.4979095458984,250000.0,18
2016-08-26,FIS-WAT,463.02232360839844,250000.0,18
2016-08-29,FIS-WAT,1956.9079818725586,250000.0,18
2016-08-29,FIS-SPGI,0.0,250000.0,18
2016-08-29,FIS-IT,0.0,250000.0,18
2016-08-30,FIS-SPGI,-373.84256744384766,250000.0,18
2016-08-31,FIS-SPGI,-2051.986541748047,250000.0,18
2016-09-01,FIS-SPGI,-2025.0730361938477,250000.0,18
2016-09-02,PFE-WST,0.0,250000.0,18
2016-09-06,PFE-WST,1576.4398956298828,250000.0,18
2016-09-06,FIS-TFC,0.0,250000.0,18
2016-09-06,MA-SW,0.0,250000.0,18
2016-09-07,PFE-WST,2258.6844635009766,250000.0,18
2016-09-07,FIS-TFC,832.0525360107422,250000.0,18
2016-09-07,MA-SW,2550.490264892578,250000.0,18
2016-09-07,TECH-WDC,0.0,250000.0,18
2016-09-08,MA-SW,3891.1017150878906,250000.0,18
2016-09-08,TECH-WDC,1595.8107681274414,250000.0,18
2016-09-09,MA-SW,-2092.7276000976562,250000.0,18
2016-09-09,TECH-WDC,-6571.121166229248,250000.0,18
2016-09-09,FIS-TMO,0.0,250000.0,18
2016-09-09,MRK-SNPS,0.0,250000.0,18
2016-09-12,MA-SW,4316.161376953125,250000.0,18
2016-09-12,TECH-WDC,-3154.2624015808105,250000.0,18
2016-09-12,FIS-TMO,3663.9947509765625,250000.0,18
2016-09-12,MRK-SNPS,396.52506256103516,250000.0,18
2016-09-13,MA-SW,1961.9155883789062,250000.0,18
2016-09-13,TECH-WDC,-12313.678634643555,250000.0,18
2016-09-13,FIS-TMO,3982.5074768066406,250000.0,18
2016-09-13,MRK-SNPS,-730.9460296630859,250000.0,18
2016-09-14,MA-SW,-261.7033996582031,250000.0,18
2016-09-14,TECH-WDC,-5011.5169105529785,250000.0,18
2016-09-14,MRK-SNPS,291.2209014892578,250000.0,18
2016-09-14,AMZN-MCK,0.0,250000.0,18
2016-09-15,MA-SW,2223.513153076172,250000.0,18
2016-09-15,TECH-WDC,-716.8303298950195,250000.0,18
2016-09-15,MRK-SNPS,-1098.2554168701172,250000.0,18
2016-09-15,AMZN-MCK,-259.1269226074219,250000.0,18
2016-09-16,MA-SW,1863.7272033691406,250000.0,18
2016-09-16,MRK-SNPS,-2394.776611328125,250000.0,18
2016-09-16,AMZN-MCK,-6656.086395263672,250000.0,18
2016-09-16,FIS-SPGI,0.0,250000.0,18
2016-09-19,MA-SW,2910.2232971191406,250000.0,18
2016-09-19,AMZN-MCK,-7529.0830078125,250000.0,18
2016-09-19,FIS-SPGI,999.1566390991211,250000.0,18
2016-09-20,MA-SW,5558.743194580078,250000.0,18
2016-09-20,AMZN-MCK,-9108.150009155273,250000.0,18
2016-09-20,FIS-SPGI,3987.6910552978516,250000.0,18
2016-09-21,MA-SW,8076.4775390625,250000.0,18
2016-09-21,AMZN-MCK,-9105.646774291992,250000.0,18
2016-09-21,FIS-SPGI,970.9822692871094,250000.0,18
2016-09-21,EXPD-WST,0.0,250000.0,18
2016-09-21,PFE-WST,0.0,250000.0,18
2016-09-22,MA-SW,10888.48599243164,250000.0,18
2016-09-22,AMZN-MCK,-10285.354476928711,250000.0,18
2016-09-22,FIS-SPGI,4356.048927307129,250000.0,18
2016-09-22,EXPD-WST,-2381.219455718994,250000.0,18
2016-09-22,PFE-WST,-483.0670223236084,250000.0,18
2016-09-23,MA-SW,9384.465362548828,250000.0,18
2016-09-23,EXPD-WST,-9040.133464813232,250000.0,18
2016-09-23,PFE-WST,-7963.6025466918945,250000.0,18
2016-09-26,MA-SW,7749.5533447265625,250000.0,18
2016-09-26,EXPD-WST,-10926.633769989014,250000.0,18
2016-09-26,PFE-WST,-7236.267444610596,250000.0,18
2016-09-26,FIS-TFC,0.0,250000.0,18
2016-09-27,MA-SW,8697.861053466797,250000.0,18
2016-09-27,EXPD-WST,-10210.110527038574,250000.0,18
2016-09-27,PFE-WST,-2500.779062271118,250000.0,18
2016-09-27,FIS-TFC,315.93223571777344,250000.0,18
2016-09-28,MA-SW,8893.94677734375,250000.0,18
2016-09-28,EXPD-WST,-6366.27645111084,250000.0,18
2016-09-28,PFE-WST,825.3131713867188,250000.0,18
2016-09-28,FIS-TFC,3282.7000045776367,250000.0,18
2016-09-29,MA-SW,3574.6489028930664,250000.0,18
2016-09-29,EXPD-WST,-8876.67126083374,250000.0,18
2016-09-29,PFE-WST,948.8525466918945,250000.0,18
2016-09-29,FIS-TFC,1762.7972793579102,250000.0,18
2016-09-30,MA-SW,7367.668067932129,250000.0,18
2016-09-30,EXPD-WST,-7799.608974456787,250000.0,18
2016-09-30,PFE-WST,589.6871604919434,250000.0,18
2016-09-30,FIS-ROK,0.0,250000.0,18
2016-08-15,AAPL-GOOG,0.0,250000.0,19
2016-08-15,AEP-MAA,0.0,250000.0,19
2016-08-16,AAPL-GOOG,-1561.0445823669434,250000.0,19
2016-08-16,AEP-MAA,-5470.671493530273,250000.0,19
2016-08-17,AAPL-GOOG,-464.53346252441406,250000.0,19
2016-08-17,AEP-MAA,-5418.7130126953125,250000.0,19
2016-08-18,AAPL-GOOG,-1049.3271369934082,250000.0,19
2016-08-18,SLB-WAT,0.0,250000.0,19
2016-08-18,SLB-TXN,0.0,250000.0,19
2016-08-19,AAPL-GOOG,-2084.087600708008,250000.0,19
2016-08-19,SLB-WAT,3967.170440673828,250000.0,19
2016-08-19,SLB-TXN,3102.1090087890625,250000.0,19
2016-08-22,AAPL-GOOG,-2004.8946952819824,250000.0,19
2016-08-23,AAPL-GOOG,-2476.8148193359375,250000.0,19
2016-08-24,AAPL-GOOG,-2172.1527061462402,250000.0,19
2016-08-25,AAPL-GOOG,-1637.3634567260742,250000.0,19
2016-08-26,AAPL-GOOG,-762.7962951660156,250000.0,19
2016-08-26,ATO-EIX,0.0,250000.0,19
2016-08-29,AAPL-GOOG,229.72355270385742,250000.0,19
2016-08-29,ATO-EIX,866.236328125,250000.0,19
2016-08-30,AAPL-GOOG,336.3279609680176,250000.0,19
2016-08-30,ATO-EIX,-119.58837890625,250000.0,19
2016-08-31,SLB-ZTS,0.0,250000.0,19
2016-09-01,SLB-ZTS,-163.16896057128906,250000.0,19
2016-09-01,CRM-GNRC,0.0,250000.0,19
2016-09-01,BSX-ZBH,0.0,250000.0,19
2016-09-02,SLB-ZTS,-638.21630859375,250000.0,19
2016-09-02,CRM-GNRC,33.98474884033203,250000.0,19
2016-09-02,BSX-ZBH,2758.463066101074,250000.0,19
2016-09-06,SLB-ZTS,-123.88054656982422,250000.0,19
2016-09-06,BSX-ZBH,3096.4615631103516,250000.0,19
2016-09-07,SLB-ZTS,-4281.369468688965,250000.0,19
2016-09-07,BSX-ZBH,2339.2704677581787,250000.0,19
2016-09-07,GIS-UDR,0.0,250000.0,19
2016-09-08,SLB-ZTS,1013.9292831420898,250000.0,19
2016-09-08,BSX-ZBH,1684.0483226776123,250000.0,19
2016-09-08,AES-UDR,0.0,250000.0,19
2016-09-09,SLB-ZTS,771.8052139282227,250000.0,19
2016-09-09,BSX-ZBH,2400.7392044067383,250000.0,19
2016-09-09,AES-UDR,-3919.145725250244,250000.0,19
2016-09-09,D-UDR,0.0,250000.0,19
2016-09-12,SLB-ZTS,618.5243453979492,250000.0,19
2016-09-12,BSX-ZBH,2407.714303970337,250000.0,19
2016-09-12,AES-UDR,-1730.3746089935303,250000.0,19
2016-09-12,D-UDR,1821.7572402954102,250000.0,19
2016-09-13,SLB-ZTS,-265.5465393066406,250000.0,19
2016-09-13,BSX-ZBH,1502.5124130249023,250000.0,19
2016-09-13,D-UDR,-3574.2550201416016,250000.0,19
2016-09-13,AAPL-GOOG,0.0,250000.0,19
2016-09-14,SLB-ZTS,-3431.579902648926,250000.0,19
2016-09-14,BSX-ZBH,2817.6009311676025,250000.0,19
2016-09-14,D-UDR,-557.2715454101562,250000.0,19
2016-09-14,AAPL-GOOG,-5319.48323059082,250000.0,19
2016-09-14,AAPL-GOOGL,0.0,250000.0,19
2016-09-15,BSX-ZBH,500.3196334838867,250000.0,19
2016-09-15,D-UDR,-60.278526306152344,250000.0,19
2016-09-15,AAPL-GOOGL,-3374.8421058654785,250000.0,19
2016-09-16,BSX-ZBH,574.7248477935791,250000.0,19
2016-09-16,D-UDR,-2245.356658935547,250000.0,19
2016-09-16,AAPL-GOOGL,-3245.910575866699,250000.0,19
2016-09-16,AFL-ORCL,0.0,250000.0,19
2016-09-19,BSX-ZBH,1777.5087051391602,250000.0,19
2016-09-19,D-UDR,601.2596282958984,250000.0,19
2016-09-19,AAPL-GOOGL,-1670.7269840240479,250000.0,19
2016-09-19,AFL-ORCL,176.6974639892578,250000.0,19
2016-09-20,BSX-ZBH,3466.0012550354004,250000.0,19
2016-09-20,D-UDR,2295.62020111084,250000.0,19
2016-09-20,AAPL-GOOGL,-264.495059967041,250000.0,19
2016-09-20,AFL-ORCL,-1998.4933395385742,250000.0,19
2016-09-21,D-UDR,3795.8615951538086,250000.0,19
2016-09-21,AAPL-GOOGL,1431.4757251739502,250000.0,19
2016-09-21,AFL-ORCL,-1974.242286682129,250000.0,19
2016-09-21,FICO-WST,0.0,250000.0,19
2016-09-22,AAPL-GOOGL,2975.5383625030518,250000.0,19
2016-09-22,AFL-ORCL,-2027.5411567687988,250000.0,19
2016-09-22,FICO-WST,-2622.1275329589844,250000.0,19
2016-09-23,AAPL-GOOGL,6070.732927322388,250000.0,19
2016-09-23,AFL-ORCL,-1744.5638523101807,250000.0,19
2016-09-23,FICO-WST,-8201.10139465332,250000.0,19
2016-09-26,AAPL-GOOGL,1874.3643436431885,250000.0,19
2016-09-26,AFL-ORCL,-1107.8474769592285,250000.0,19
2016-09-26,AEP-MAA,0.0,250000.0,19
2016-09-27,AAPL-GOOGL,4054.900863647461,250000.0,19
2016-09-27,AFL-ORCL,-441.104736328125,250000.0,19
2016-09-27,AEP-MAA,17.296253204345703,250000.0,19
2016-09-28,AAPL-GOOGL,2308.446750640869,250000.0,19
2016-09-28,AFL-ORCL,324.72248458862305,250000.0,19
2016-09-28,AEP-MAA,-4915.268795013428,250000.0,19
2016-09-28,SLB-VEEV,0.0,250000.0,19
2016-09-28,SLB-TXN,0.0,250000.0,19
2016-09-29,AAPL-GOOGL,3120.3132934570312,250000.0,19
2016-09-29,AFL-ORCL,697.5717716217041,250000.0,19
2016-09-29,AEP-MAA,-4743.858554840088,250000.0,19
2016-09-29,SLB-VEEV,1192.727424621582,250000.0,19
2016-09-29,SLB-TXN,3140.170841217041,250000.0,19
2016-09-30,AAPL-GOOGL,2016.9113502502441,250000.0,19
2016-09-30,AFL-ORCL,898.1354503631592,250000.0,19
2016-09-30,AEP-MAA,-431.4896926879883,250000.0,19
2016-09-30,SLB-VEEV,-5167.7439041137695,250000.0,19
2016-09-30,SLB-TXN,-1161.417407989502,250000.0,19
2016-10-03,AAPL-GOOGL,1798.9277687072754,250000.0,19
2016-10-03,AEP-MAA,1625.611427307129,250000.0,19
2016-10-03,SLB-VEEV,-6669.996322631836,250000.0,19
2016-10-03,SLB-TXN,-4155.390319824219,250000.0,19
2016-10-04,AAPL-GOOGL,1704.5585918426514,250000.0,19
2016-10-04,AEP-MAA,-199.54705810546875,250000.0,19
2016-10-04,SLB-VEEV,-10546.282371520996,250000.0,19
2016-10-04,SLB-TXN,-2841.4844856262207,250000.0,19
2016-10-05,AAPL-GOOGL,1121.9200172424316,250000.0,19
2016-10-05,SLB-TXN,-6219.146739959717,250000.0,19
2016-10-06,AAPL-GOOGL,208.02988243103027,250000.0,19
2016-10-06,AVGO-AXP,0.0,250000.0,19
2016-10-07,AVGO-AXP,-739.766884803772,250000.0,19
2016-10-10,AVGO-AXP,-547.9496383666992,250000.0,19
2016-10-11,AVGO-AXP,-2346.211893081665,250000.0,19
2016-10-12,AVGO-AXP,-2565.892149925232,250000.0,19
2016-10-13,AVGO-AXP,-2676.21977519989,250000.0,19
2016-10-13,AAPL-GOOG,0.0,250000.0,19
2016-10-14,AVGO-AXP,-4492.0239515304565,250000.0,19
2016-10-14,AAPL-GOOG,-735.4200706481934,250000.0,19
2016-10-17,AVGO-AXP,-4694.677245140076,250000.0,19
2016-10-17,AAPL-GOOG,-172.11191940307617,250000.0,19
2016-10-18,AVGO-AXP,-6160.647654533386,250000.0,19
2016-10-19,AVGO-AXP,-1238.7463388442993,250000.0,19
2016-10-21,SLB-TDG,0.0,250000.0,19
2016-10-21,SLB-TXN,0.0,250000.0,19
2016-10-24,SLB-TDG,-4143.946380615234,250000.0,19
2016-10-24,SLB-TXN,-6593.133140563965,250000.0,19
2016-10-24,SLB-TMUS,0.0,250000.0,19
2016-10-25,SLB-TDG,-5399.681671142578,250000.0,19
2016-10-25,SLB-TXN,-5150.7841796875,250000.0,19
2016-10-25,SLB-TMUS,7579.25439453125,250000.0,19
2016-10-25,SLB-WAT,0.0,250000.0,19
2016-10-26,SLB-TMUS,7655.746269226074,250000.0,19
2016-10-26,SLB-WAT,-1529.90771484375,250000.0,19
2016-10-26,BSX-ZBH,0.0,250000.0,19
2016-10-26,EW-FICO,0.0,250000.0,19
2016-10-27,SLB-TMUS,6791.059867858887,250000.0,19
2016-10-27,SLB-WAT,5819.0831298828125,250000.0,19
2016-10-27,EW-FICO,1351.986801147461,250000.0,19
2016-10-27,CSGP-FE,0.0,250000.0,19
2016-10-28,SLB-TMUS,6700.100524902344,250000.0,19
2016-10-28,SLB-WAT,5229.139862060547,250000.0,19
2016-10-28,EW-FICO,9955.362815856934,250000.0,19
2016-10-28,CSGP-FE,-2382.8564071655273,250000.0,19
2016-10-28,AFL-ORCL,0.0,250000.0,19
2016-10-31,SLB-TMUS,2847.282859802246,250000.0,19
2016-10-31,SLB-WAT,6919.424102783203,250000.0,19
2016-10-31,EW-FICO,5138.122179031372,250000.0,19
2016-10-31,CSGP-FE,-9499.39274597168,250000.0,19
2016-10-31,AFL-ORCL,-254.7369041442871,250000.0,19
2016-10-31,FICO-WST,0.0,250000.0,19
2016-10-31,AES-UDR,0.0,250000.0,19
2016-10-31,GIS-UDR,0.0,250000.0,19
2016-10-31,BSX-ZBH,0.0,250000.0,19
2016-09-06,HST-TRMB,0.0,250000.0,20
2016-09-07,HST-TRMB,1093.2001848220825,250000.0,20
2016-09-07,RCL-SYF,0.0,250000.0,20
2016-09-07,A-FFIV,0.0,250000.0,20
2016-09-08,HST-TRMB,2471.9377450942993,250000.0,20
2016-09-08,RCL-SYF,807.3067569732666,250000.0,20
2016-09-08,A-FFIV,-850.5644607543945,250000.0,20
2016-09-09,RCL-SYF,4254.568494796753,250000.0,20
2016-09-09,DXCM-ODFL,0.0,250000.0,20
2016-09-09,BG-BXP,0.0,250000.0,20
2016-09-12,RCL-SYF,6059.682266235352,250000.0,20
2016-09-12,DXCM-ODFL,4988.023181915283,250000.0,20
2016-09-12,BG-BXP,5421.952587127686,250000.0,20
2016-09-13,DXCM-ODFL,802.4413604736328,250000.0,20
2016-09-13,BG-BXP,288.3552703857422,250000.0,20
2016-09-14,DXCM-ODFL,2093.980327606201,250000.0,20
2016-09-14,BG-BXP,670.7794036865234,250000.0,20
2016-09-15,DXCM-ODFL,6094.208545684814,250000.0,20
2016-09-15,BG-BXP,624.9311065673828,250000.0,20
2016-09-16,DXCM-ODFL,4936.010047912598,250000.0,20
2016-09-16,BG-BXP,166.90160751342773,250000.0,20
2016-09-19,DXCM-ODFL,6272.126438140869,250000.0,20
2016-09-19,BG-BXP,2177.3618507385254,250000.0,20
2016-09-20,DXCM-ODFL,1232.3003196716309,250000.0,20
2016-09-20,BG-BXP,2730.2348670959473,250000.0,20
2016-09-21,DXCM-ODFL,2679.1916313171387,250000.0,20
2016-09-21,BG-BXP,5100.219879150391,250000.0,20
2016-09-22,DXCM-ODFL,511.40475845336914,250000.0,20
2016-09-23,DXCM-ODFL,-2042.058521270752,250000.0,20
2016-09-28,ADP-CSGP,0.0,250000.0,20
2016-09-29,PYPL-SPG,0.0,250000.0,20
2016-09-30,PYPL-SPG,-911.7248840332031,250000.0,20
2016-10-04,CSGP-HIG,0.0,250000.0,20
2016-10-05,CSGP-HIG,-731.1478843688965,250000.0,20
2016-10-05,PKG-USB,0.0,250000.0,20
2016-10-06,CSGP-HIG,401.6197967529297,250000.0,20
2016-10-06,PKG-USB,464.0522003173828,250000.0,20
2016-10-07,CSGP-HIG,-1366.0025329589844,250000.0,20
2016-10-07,PKG-USB,1127.1251678466797,250000.0,20
2016-10-10,CSGP-HIG,-808.6192588806152,250000.0,20
2016-10-10,PKG-USB,1436.524658203125,250000.0,20
2016-10-10,A-FFIV,0.0,250000.0,20
2016-10-11,CSGP-HIG,-1226.7878532409668,250000.0,20
2016-10-11,PKG-USB,3464.589385986328,250000.0,20
2016-10-12,CSGP-HIG,-2598.371307373047,250000.0,20
2016-10-12,FISV-HSIC,0.0,250000.0,20
2016-10-13,CSGP-HIG,-998.0693130493164,250000.0,20
2016-10-13,FISV-HSIC,-2732.8370933532715,250000.0,20
2016-10-14,CSGP-HIG,-2239.6820106506348,250000.0,20
2016-10-17,CSGP-HIG,-1855.2644233703613,250000.0,20
2016-10-18,CSGP-HIG,-879.6436500549316,250000.0,20
2016-10-19,COF-INTC,0.0,250000.0,20
2016-10-20,COF-INTC,-3537.504135131836,250000.0,20
2016-10-21,COF-INTC,-6778.30256652832,250000.0,20
2016-10-21,BXP-MCO,0.0,250000.0,20
2016-10-21,CSGP-HIG,0.0,250000.0,20
2016-10-21,RCL-SYF,0.0,250000.0,20
2016-10-21,BG-BXP,0.0,250000.0,20
2016-10-24,COF-INTC,-7708.52490234375,250000.0,20
2016-10-24,BXP-MCO,1157.463394165039,250000.0,20
2016-10-24,CSGP-HIG,-778.2587623596191,250000.0,20
2016-10-24,RCL-SYF,-4062.991943359375,250000.0,20
2016-10-24,BG-BXP,-1204.4488945007324,250000.0,20
2016-10-24,GNRC-TER,0.0,250000.0,20
2016-10-25,COF-INTC,-8801.347137451172,250000.0,20
2016-10-25,BXP-MCO,1863.1288681030273,250000.0,20
2016-10-25,CSGP-HIG,-1328.190185546875,250000.0,20
2016-10-25,RCL-SYF,-1947.2305183410645,250000.0,20
2016-10-25,BG-BXP,-3020.770195007324,250000.0,20
2016-10-25,GNRC-TER,-1344.8481140136719,250000.0,20
2016-10-25,BRO-LMT,0.0,250000.0,20
2016-10-25,A-FFIV,0.0,250000.0,20
2016-10-26,COF-INTC,-10202.004684448242,250000.0,20
2016-10-26,BXP-MCO,2815.547538757324,250000.0,20
2016-10-26,RCL-SYF,-3677.524658203125,250000.0,20
2016-10-26,GNRC-TER,1687.034652709961,250000.0,20
2016-10-26,BRO-LMT,-1978.7842750549316,250000.0,20
2016-10-26,A-FFIV,-5830.273086547852,250000.0,20
2016-10-26,DXCM-ODFL,0.0,250000.0,20
2016-10-27,COF-INTC,-8871.086013793945,250000.0,20
2016-10-27,BXP-MCO,6097.245315551758,250000.0,20
2016-10-27,RCL-SYF,-7494.620819091797,250000.0,20
2016-10-27,BRO-LMT,-68.96639823913574,250000.0,20
2016-10-27,ADP-CSGP,0.0,250000.0,20
2016-10-27,CSGP-HIG,0.0,250000.0,20
2016-10-28,COF-INTC,-8795.632141113281,250000.0,20
2016-10-28,BXP-MCO,4543.433006286621,250000.0,20
2016-10-28,RCL-SYF,-3040.4653091430664,250000.0,20
2016-10-28,BRO-LMT,-100.38933753967285,250000.0,20
2016-10-28,ADP-CSGP,-2822.829071044922,250000.0,20
2016-10-28,CSGP-HIG,-8424.133792877197,250000.0,20
2016-10-31,COF-INTC,-5908.79972076416,250000.0,20
2016-10-31,BXP-MCO,1365.583625793457,250000.0,20
2016-10-31,RCL-SYF,3670.627861022949,250000.0,20
2016-10-31,BRO-LMT,1090.4374504089355,250000.0,20
2016-10-31,ADP-CSGP,-7355.782775878906,250000.0,20
2016-10-31,CSGP-HIG,-11989.309749603271,250000.0,20
2016-11-01,COF-INTC,-5665.752227783203,250000.0,20
2016-11-01,BXP-MCO,1192.7456436157227,250000.0,20
2016-11-01,RCL-SYF,3341.8571548461914,250000.0,20
2016-11-01,BRO-LMT,4181.632436752319,250000.0,20
2016-11-01,ADP-CSGP,-10323.602821350098,250000.0,20
2016-11-02,COF-INTC,-3030.5883407592773,250000.0,20
2016-11-02,BXP-MCO,1451.2291641235352,250000.0,20
2016-11-02,RCL-SYF,3493.3702392578125,250000.0,20
2016-11-02,BRO-LMT,5176.762050628662,250000.0,20
2016-11-02,FISV-HSIC,0.0,250000.0,20
2016-11-02,BG-BXP,0.0,250000.0,20
2016-11-03,BXP-MCO,1963.8234481811523,250000.0,20
2016-11-03,RCL-SYF,5886.150566101074,250000.0,20
2016-11-03,FISV-HSIC,1693.7300872802734,250000.0,20
2016-11-03,BG-BXP,-1915.8367080688477,250000.0,20
2016-11-04,BXP-MCO,-1209.8180313110352,250000.0,20
2016-11-04,RCL-SYF,4299.016975402832,250000.0,20
2016-11-04,FISV-HSIC,-501.13085174560547,250000.0,20
2016-11-04,BG-BXP,2505.4735565185547,250000.0,20
2016-11-07,BXP-MCO,1615.5463562011719,250000.0,20
2016-11-07,FISV-HSIC,2950.386688232422,250000.0,20
2016-11-07,BG-BXP,7333.051727294922,250000.0,20
2016-11-08,BXP-MCO,1787.8173217773438,250000.0,20
2016-11-08,FISV-HSIC,2708.9839630126953,250000.0,20
2016-11-09,BXP-MCO,4496.961265563965,250000.0,20
2016-11-09,FISV-HSIC,3972.005485534668,250000.0,20
2016-11-09,PKG-USB,0.0,250000.0,20
2016-11-10,FISV-HSIC,6101.090957641602,250000.0,20
2016-11-10,PKG-USB,-5246.879135131836,250000.0,20
2016-11-11,FISV-HSIC,5434.879493713379,250000.0,20
2016-11-11,PKG-USB,-6122.638916015625,250000.0,20
2016-11-14,FISV-HSIC,2155.3632736206055,250000.0,20
2016-11-14,PKG-USB,-5810.874641418457,250000.0,20
2016-11-14,ADP-CSGP,0.0,250000.0,20
2016-11-15,PKG-USB,-5720.724586486816,250000.0,20
2016-11-15,ADP-CSGP,-1695.7224502563477,250000.0,20
2016-11-16,PKG-USB,-1557.1910247802734,250000.0,20
2016-11-16,ADP-CSGP,-2807.131546020508,250000.0,20
2016-11-17,PKG-USB,-4399.481842041016,250000.0,20
2016-11-17,ADP-CSGP,-3444.232204437256,250000.0,20
2016-11-17,FISV-HSIC,0.0,250000.0,20
2016-11-18,PKG-USB,-6314.893417358398,250000.0,20
2016-11-18,ADP-CSGP,2010.7959671020508,250000.0,20
2016-11-18,FISV-HSIC,-619.5134506225586,250000.0,20
2016-10-10,IDXX-MCHP,0.0,250000.0,21
2016-10-11,IDXX-MCHP,160.92010879516602,250000.0,21
2016-10-11,IDXX-WDAY,0.0,250000.0,21
2016-10-11,IDXX-WDC,0.0,250000.0,21
2016-10-12,IDXX-MCHP,-864.2543830871582,250000.0,21
2016-10-12,IDXX-WDAY,-653.5726776123047,250000.0,21
2016-10-12,IDXX-WDC,-82.91181182861328,250000.0,21
2016-10-13,IDXX-MCHP,-1658.9037590026855,250000.0,21
2016-10-13,IDXX-WDAY,-864.1461334228516,250000.0,21
2016-10-13,IDXX-WDC,-4479.098670959473,250000.0,21
2016-10-14,IDXX-MCHP,150.6834831237793,250000.0,21
2016-10-14,IDXX-WDAY,-1674.8789367675781,250000.0,21
2016-10-14,IDXX-WDC,-6673.551918029785,250000.0,21
2016-10-17,IDXX-MCHP,-1346.4113540649414,250000.0,21
2016-10-17,IDXX-WDAY,-4498.107749938965,250000.0,21
2016-10-18,IDXX-MCHP,-2788.324359893799,250000.0,21
2016-10-18,IDXX-WDAY,-4651.853759765625,250000.0,21
2016-10-19,IDXX-MCHP,1562.322422027588,250000.0,21
2016-10-19,IDXX-WDAY,-2735.486686706543,250000.0,21
2016-10-20,IDXX-MCHP,1499.0541763305664,250000.0,21
2016-10-20,IDXX-WDAY,250.77517700195312,250000.0,21
2016-10-21,IDXX-MCHP,3188.1522331237793,250000.0,21
2016-10-21,IDXX-WDAY,3181.0890502929688,250000.0,21
2016-10-24,IDXX-MCHP,3164.3736000061035,250000.0,21
2016-10-24,IDXX-WDAY,102.948974609375,250000.0,21
2016-10-25,IDXX-WDAY,441.2069549560547,250000.0,21
2016-10-26,IDXX-WDAY,2352.4862213134766,250000.0,21
2016-10-26,IDXX-MRVL,0.0,250000.0,21
2016-10-26,IDXX-LDOS,0.0,250000.0,21
2016-10-26,IDXX-PFG,0.0,250000.0,21
2016-10-26,IDXX-MCHP,0.0,250000.0,21
2016-10-27,IDXX-WDAY,1719.1652526855469,250000.0,21
2016-10-27,IDXX-MRVL,841.3756332397461,250000.0,21
2016-10-27,IDXX-LDOS,154.12966918945312,250000.0,21
2016-10-27,IDXX-PFG,-6039.663757324219,250000.0,21
2016-10-27,IDXX-MCHP,-2404.6787490844727,250000.0,21
2016-10-27,IDXX-WDC,0.0,250000.0,21
2016-10-28,IDXX-WDAY,2807.9912490844727,250000.0,21
2016-10-28,IDXX-MRVL,1563.1163005828857,250000.0,21
2016-10-28,IDXX-LDOS,-934.101318359375,250000.0,21
2016-10-28,IDXX-MCHP,-1903.3277626037598,250000.0,21
2016-10-28,IDXX-WDC,1666.4423522949219,250000.0,21
2016-10-31,IDXX-WDAY,1826.0848541259766,250000.0,21
2016-10-31,IDXX-MRVL,8073.1286153793335,250000.0,21
2016-10-31,IDXX-LDOS,1495.0989379882812,250000.0,21
2016-10-31,IDXX-MCHP,851.6422119140625,250000.0,21
2016-10-31,IDXX-WDC,6600.220504760742,250000.0,21
2016-11-01,IDXX-WDAY,495.9569549560547,250000.0,21
2016-11-01,IDXX-MRVL,1697.2500762939453,250000.0,21
2016-11-01,IDXX-LDOS,-2699.600814819336,250000.0,21
2016-11-01,IDXX-MCHP,-3346.708881378174,250000.0,21
2016-11-01,IDXX-WDC,9059.30379486084,250000.0,21
2016-11-01,AIG-ECL,0.0,250000.0,21
2016-11-02,IDXX-MRVL,5519.2188901901245,250000.0,21
2016-11-02,IDXX-LDOS,848.6818542480469,250000.0,21
2016-11-02,IDXX-MCHP,620.018985748291,250000.0,21
2016-11-02,AIG-HUBB,0.0,250000.0,21
2016-11-03,IDXX-MCHP,899.1707649230957,250000.0,21
2016-11-04,IDXX-MCHP,528.9349899291992,250000.0,21
2016-11-07,IDXX-MCHP,-3565.810131072998,250000.0,21
2016-11-08,IDXX-MCHP,-9041.371021270752,250000.0,21
2016-11-08,IDXX-ON,0.0,250000.0,21
2016-11-09,IDXX-MCHP,-11102.49946975708,250000.0,21
2016-11-09,IDXX-ON,1672.690764427185,250000.0,21
2016-11-09,AIG-SYF,0.0,250000.0,21
2016-11-10,IDXX-ON,-3563.642964363098,250000.0,21
2016-11-10,AIG-SYF,-10297.02749633789,250000.0,21
2016-11-11,IDXX-ON,1535.3563528060913,250000.0,21
2016-11-14,IDXX-ON,5262.740674972534,250000.0,21
2016-11-14,IDXX-UAL,0.0,250000.0,21
2016-11-14,AIG-WBD,0.0,250000.0,21
2016-11-15,IDXX-ON,-505.62139797210693,250000.0,21
2016-11-15,IDXX-UAL,-7734.7340087890625,250000.0,21
2016-11-15,AIG-WBD,4991.169185638428,250000.0,21
2016-11-16,IDXX-ON,-1516.2480745315552,250000.0,21
2016-11-16,IDXX-UAL,-5928.279205322266,250000.0,21
2016-11-16,AIG-WBD,6019.379989624023,250000.0,21
2016-11-17,IDXX-ON,-6430.58963394165,250000.0,21
2016-11-17,AIG-WBD,2614.6039428710938,250000.0,21
2016-11-18,IDXX-ON,-15514.135816574097,250000.0,21
2016-11-18,AIG-WBD,6986.79634475708,250000.0,21
2016-11-18,IDXX-MRVL,0.0,250000.0,21
2016-11-21,IDXX-ON,-14322.329934120178,250000.0,21
2016-11-21,AIG-WBD,6555.313915252686,250000.0,21
2016-11-21,IDXX-MRVL,4676.539875030518,250000.0,21
2016-11-22,IDXX-ON,-8221.574963569641,250000.0,21
2016-11-22,AIG-WBD,7424.267932891846,250000.0,21
2016-11-22,IDXX-MRVL,5793.611145973206,250000.0,21
2016-11-23,IDXX-ON,3659.638424873352,250000.0,21
2016-11-23,AIG-WBD,8705.01936340332,250000.0,21
2016-11-23,IDXX-MRVL,8265.832642555237,250000.0,21
2016-11-25,IDXX-ON,3184.2706985473633,250000.0,21
2016-11-25,AIG-WBD,7133.169040679932,250000.0,21
2016-11-25,IDXX-MRVL,8947.457056045532,250000.0,21
2016-11-28,AIG-WBD,8890.83358001709,250000.0,21
2016-11-28,IDXX-MRVL,10731.81567955017,250000.0,21
2016-11-30,IDXX-QCOM,0.0,250000.0,21
2016-12-01,IDXX-MPWR,0.0,250000.0,21
2016-12-01,IDXX-LDOS,0.0,250000.0,21
2016-12-01,IDXX-MCHP,0.0,250000.0,21
2016-12-02,IDXX-MPWR,67.39085388183594,250000.0,21
2016-12-02,IDXX-LDOS,-930.6716918945312,250000.0,21
2016-12-02,IDXX-MCHP,2799.292387008667,250000.0,21
2016-12-02,IDXX-WDAY,0.0,250000.0,21
2016-12-05,IDXX-MPWR,4908.397605895996,250000.0,21
2016-12-05,IDXX-LDOS,-3469.5407104492188,250000.0,21
2016-12-05,IDXX-WDAY,8200.197250366211,250000.0,21
2016-12-06,IDXX-MPWR,4218.411018371582,250000.0,21
2016-12-06,IDXX-LDOS,-2450.4031982421875,250000.0,21
2016-12-06,IDXX-WDAY,6834.534934997559,250000.0,21
2016-12-07,IDXX-MPWR,5343.503059387207,250000.0,21
2016-12-07,IDXX-LDOS,3731.9063720703125,250000.0,21
2016-12-07,IDXX-WDC,0.0,250000.0,21
2016-12-08,IDXX-MPWR,9320.47151184082,250000.0,21
2016-12-08,IDXX-WDC,5262.512908935547,250000.0,21
2016-12-08,AIG-HUBB,0.0,250000.0,21
2016-12-09,IDXX-MPWR,8318.95777130127,250000.0,21
2016-12-09,IDXX-WDC,5779.685642242432,250000.0,21
2016-12-12,IDXX-MPWR,5388.536590576172,250000.0,21
2016-12-12,AIG-XOM,0.0,250000.0,21
2016-12-13,AIG-XOM,-3926.9234466552734,250000.0,21
2016-12-14,AIG-XOM,1364.1985893249512,250000.0,21
2016-12-15,AIG-XOM,634.9942588806152,250000.0,21
2016-12-16,AIG-XOM,-87.2172737121582,250000.0,21
2016-12-19,AIG-XOM,2164.26851272583,250000.0,21
2016-12-20,AIG-XOM,2177.5510025024414,250000.0,21
2016-12-21,AIG-XOM,2630.4462242126465,250000.0,21
2016-12-22,AIG-XOM,716.9708824157715,250000.0,21
2016-12-23,AIG-XOM,1279.0555953979492,250000.0,21
2016-12-27,AIG-XOM,1366.3171195983887,250000.0,21
2016-12-27,IDXX-NXPI,0.0,250000.0,21
2016-12-28,AIG-XOM,2045.152816772461,250000.0,21
2016-12-28,IDXX-NXPI,-117.66056823730469,250000.0,21
2016-12-29,AIG-XOM,1649.3798828125,250000.0,21
2016-12-29,IDXX-NXPI,888.2636871337891,250000.0,21
2016-12-30,AIG-XOM,1767.5265502929688,250000.0,21
2016-12-30,IDXX-NXPI,443.97737884521484,250000.0,21
2016-11-02,AMCR-KEYS,0.0,250000.0,22
2016-11-03,AMCR-KEYS,0.0,250000.0,22
2016-11-04,AMCR-KEYS,-1250.718807220459,250000.0,22
2016-11-04,AMCR-MTD,0.0,250000.0,22
2016-11-07,AMCR-MTD,-5227.210876464844,250000.0,22
2016-11-08,AMCR-MTD,-5613.3072509765625,250000.0,22
2016-11-08,AMCR-ON,0.0,250000.0,22
2016-11-09,AMCR-MTD,-3314.5301513671875,250000.0,22
2016-11-09,AMCR-ON,894.4391469955444,250000.0,22
2016-11-09,AMCR-PWR,0.0,250000.0,22
2016-11-10,AMCR-MTD,-2839.3192749023438,250000.0,22
2016-11-10,AMCR-ON,-5143.041089057922,250000.0,22
2016-11-10,AMCR-PWR,-5457.442068099976,250000.0,22
2016-11-11,AMCR-MTD,-1092.9578247070312,250000.0,22
2016-11-11,AMCR-ON,894.4391469955444,250000.0,22
2016-11-11,AMCR-PWR,-5864.705114364624,250000.0,22
2016-11-14,AMCR-MTD,700.9156494140625,250000.0,22
2016-11-14,AMCR-PWR,-8959.945461273193,250000.0,22
2016-11-15,AMCR-MTD,-3629.3494262695312,250000.0,22
2016-11-16,AMCR-MTD,-516.777099609375,250000.0,22
2016-11-17,AMCR-MTD,1176.1083984375,250000.0,22
2016-11-18,AMCR-MTD,3261.05419921875,250000.0,22
2016-11-21,AMCR-MTD,1983.9578247070312,250000.0,22
2016-11-22,AMCR-MTD,2530.4276733398438,250000.0,22
2016-11-22,AMCR-FRT,0.0,250000.0,22
2016-11-23,AMCR-MTD,362.331298828125,250000.0,22
2016-11-23,AMCR-FRT,1048.0336303710938,250000.0,22
2016-11-23,AMCR-ON,0.0,250000.0,22
2016-11-25,AMCR-MTD,778.1385498046875,250000.0,22
2016-11-25,AMCR-FRT,-426.23121643066406,250000.0,22
2016-11-25,AMCR-ON,200.9454345703125,250000.0,22
2016-11-28,AMCR-MTD,2762.0963745117188,250000.0,22
2016-11-28,AMCR-FRT,-763.7607421875,250000.0,22
2016-11-28,AMCR-ON,6430.7138671875,250000.0,22
2016-11-29,AMCR-FRT,-1882.7636413574219,250000.0,22
2016-11-29,AMCR-ON,10650.874633789062,250000.0,22
2016-11-29,AMCR-BKR,0.0,250000.0,22
2016-11-30,AMCR-FRT,568.4270324707031,250000.0,22
2016-12-01,AMCR-CCI,0.0,250000.0,22
2016-12-02,AMCR-CCI,1073.003734588623,250000.0,22
2016-12-07,AMCR-IFF,0.0,250000.0,22
2016-12-07,AMCR-PSKY,0.0,250000.0,22
2016-12-08,AMCR-IFF,-2205.277633666992,250000.0,22
2016-12-08,AMCR-PSKY,-551.6287536621094,250000.0,22
2016-12-09,AMCR-MTD,0.0,250000.0,22
2016-12-09,AMCR-BKR,0.0,250000.0,22
2016-12-09,AMCR-CCI,0.0,250000.0,22
2016-12-09,AMCR-KEYS,0.0,250000.0,22
2016-12-09,AMCR-PWR,0.0,250000.0,22
2016-12-09,AMCR-ON,0.0,250000.0,22
2016-12-09,AMCR-DLR,0.0,250000.0,22
2016-12-09,AMCR-FRT,0.0,250000.0,22
2016-12-12,AMCR-MTD,-793.27783203125,250000.0,22
2016-12-12,AMCR-BKR,-75.42449951171875,250000.0,22
2016-12-12,AMCR-CCI,3739.0090408325195,250000.0,22
2016-12-12,AMCR-KEYS,0.0,250000.0,22
2016-12-12,AMCR-PWR,-632.2782325744629,250000.0,22
2016-12-12,AMCR-ON,5319.0846824646,250000.0,22
2016-12-12,AMCR-DLR,6541.5390625,250000.0,22
2016-12-12,AMCR-FRT,-247.32742309570312,250000.0,22
2016-12-13,AMCR-MTD,-4712.626953125,250000.0,22
2016-12-13,AMCR-BKR,-10674.056259155273,250000.0,22
2016-12-13,AMCR-CCI,1397.5652656555176,250000.0,22
2016-12-13,AMCR-KEYS,-11065.600929260254,250000.0,22
2016-12-13,AMCR-PWR,-9885.750255584717,250000.0,22
2016-12-13,AMCR-ON,-15507.499391555786,250000.0,22
2016-12-13,AMCR-DLR,2319.879638671875,250000.0,22
2016-12-13,AMCR-FRT,-7667.203521728516,250000.0,22
2016-12-14,AMCR-CCI,-964.8264770507812,250000.0,22
2016-12-14,AMCR-KEYS,-5678.3803787231445,250000.0,22
2016-12-14,AMCR-ON,-16939.553148269653,250000.0,22
2016-12-14,AMCR-DLR,-3449.874267578125,250000.0,22
2016-12-14,AMCR-FRT,-13815.115661621094,250000.0,22
2016-12-15,AMCR-CCI,-1909.7563247680664,250000.0,22
2016-12-15,AMCR-DLR,-3986.714111328125,250000.0,22
2016-12-15,AMCR-FRT,-14751.475830078125,250000.0,22
2016-12-16,AMCR-DLR,-3288.958251953125,250000.0,22
2016-12-19,AMCR-DLR,2105.183349609375,250000.0,22
2016-12-20,AMCR-DLR,-175.932861328125,250000.0,22
2016-12-21,AMCR-DLR,-1329.872314453125,250000.0,22
2016-12-22,AMCR-DLR,1004.825927734375,250000.0,22
2017-01-24,AMCR-SNPS,0.0,250000.0,22
2017-01-24,AMCR-NTAP,0.0,250000.0,22
2017-01-24,AMCR-IP,0.0,250000.0,22
2017-01-25,AMCR-SNPS,-1081.3518333435059,250000.0,22
2017-01-25,AMCR-NTAP,-2865.017686843872,250000.0,22
2017-01-25,AMCR-IP,-9346.459716796875,250000.0,22
2017-01-26,AMCR-SNPS,841.0463333129883,250000.0,22
2017-01-26,AMCR-NTAP,-533.0299129486084,250000.0,22
2017-01-26,AMCR-IP,-7199.949920654297,250000.0,22
2017-01-27,AMCR-SNPS,-360.45061111450195,250000.0,22
2017-01-27,AMCR-NTAP,-1599.0254001617432,250000.0,22
2017-01-27,AMCR-IP,-6439.721969604492,250000.0,22
2017-01-30,AMCR-SNPS,-841.0463333129883,250000.0,22
2017-01-30,AMCR-NTAP,-3664.474090576172,250000.0,22
2017-01-30,AMCR-IP,-4427.276184082031,250000.0,22
2017-01-31,AMCR-SNPS,-1922.3981666564941,250000.0,22
2017-01-31,AMCR-NTAP,-5330.18653678894,250000.0,22
2017-01-31,AMCR-IP,-3130.407028198242,250000.0,22
2016-12-01,SW-TYL,0.0,250000.0,23
2016-12-01,NCLH-TROW,0.0,250000.0,23
2016-12-01,CRM-INTC,0.0,250000.0,23
2016-12-02,SW-TYL,-1272.382553100586,250000.0,23
2016-12-02,NCLH-TROW,1242.4809951782227,250000.0,23
2016-12-02,CRM-INTC,2877.726863861084,250000.0,23
2016-12-05,SW-TYL,2544.791702270508,250000.0,23
2016-12-05,NCLH-TROW,3899.570640563965,250000.0,23
2016-12-05,CRM-INTC,8602.891334533691,250000.0,23
2016-12-05,NCLH-TGT,0.0,250000.0,23
2016-12-06,SW-TYL,2609.914093017578,250000.0,23
2016-12-06,NCLH-TROW,3552.6856231689453,250000.0,23
2016-12-06,CRM-INTC,10743.449020385742,250000.0,23
2016-12-06,NCLH-TGT,-2794.370391845703,250000.0,23
2016-12-07,SW-TYL,5294.12239074707,250000.0,23
2016-12-07,NCLH-TROW,2482.3428688049316,250000.0,23
2016-12-07,EME-HIG,0.0,250000.0,23
2016-12-08,SW-TYL,-5003.698331832886,250000.0,23
2016-12-08,NCLH-TROW,1302.0791282653809,250000.0,23
2016-12-08,EME-HIG,1102.491024017334,250000.0,23
2016-12-09,SW-TYL,-8175.944501876831,250000.0,23
2016-12-12,SW-TYL,-5474.289182662964,250000.0,23
2016-12-13,SW-TYL,678.4986896514893,250000.0,23
2016-12-14,SW-TYL,4984.901906967163,250000.0,23
2016-12-14,DOC-ZBH,0.0,250000.0,23
2016-12-15,SW-TYL,-5385.94277381897,250000.0,23
2016-12-15,DOC-ZBH,-1088.6755828857422,250000.0,23
2016-12-16,DOC-ZBH,4648.485374450684,250000.0,23
2017-01-03,SW-WAT,0.0,250000.0,23
2017-01-03,CB-V,0.0,250000.0,23
2017-01-03,BAX-V,0.0,250000.0,23
2017-01-04,SW-WAT,1722.0565185546875,250000.0,23
2017-01-04,CB-V,-1805.6783142089844,250000.0,23
2017-01-04,BAX-V,-874.5489349365234,250000.0,23
2017-01-04,NCLH-TROW,0.0,250000.0,23
2017-01-04,NCLH-ZBRA,0.0,250000.0,23
2017-01-05,BAX-V,-2698.806297302246,250000.0,23
2017-01-05,NCLH-TROW,-1034.2616653442383,250000.0,23
2017-01-05,NCLH-ZBRA,-5107.368499755859,250000.0,23
2017-01-05,EME-HIG,0.0,250000.0,23
2017-01-06,NCLH-TROW,-2223.300079345703,250000.0,23
2017-01-06,NCLH-ZBRA,332.44387435913086,250000.0,23
2017-01-06,HON-PSX,0.0,250000.0,23
2017-01-06,PTC-TROW,0.0,250000.0,23
2017-01-06,NCLH-TGT,0.0,250000.0,23
2017-01-09,NCLH-ZBRA,-555.6859931945801,250000.0,23
2017-01-09,HON-PSX,-2361.271469116211,250000.0,23
2017-01-09,NCLH-TGT,-482.2508850097656,250000.0,23
2017-01-09,EME-HIG,0.0,250000.0,23
2017-01-10,NCLH-ZBRA,-7513.5244789123535,250000.0,23
2017-01-10,HON-PSX,-3635.938446044922,250000.0,23
2017-01-10,NCLH-TGT,-3133.2767333984375,250000.0,23
2017-01-10,EME-HIG,-449.8500289916992,250000.0,23
2017-01-10,SW-ZBH,0.0,250000.0,23
2017-01-11,HON-PSX,-602.4193572998047,250000.0,23
2017-01-11,NCLH-TGT,-4196.226486206055,250000.0,23
2017-01-11,EME-HIG,-970.4387016296387,250000.0,23
2017-01-11,SW-ZBH,-2374.916404724121,250000.0,23
2017-01-12,HON-PSX,-1561.558090209961,250000.0,23
2017-01-12,NCLH-TGT,-4178.211364746094,250000.0,23
2017-01-12,EME-HIG,1050.9981842041016,250000.0,23
2017-01-12,SW-ZBH,-1671.2810668945312,250000.0,23
2017-01-13,HON-PSX,-5388.261032104492,250000.0,23
2017-01-13,EME-HIG,2143.2942276000977,250000.0,23
2017-01-13,SW-ZBH,6911.089639663696,250000.0,23
2017-01-17,HON-PSX,-3159.7466583251953,250000.0,23
2017-01-17,EME-HIG,-2843.423667907715,250000.0,23
2017-01-17,SW-ZBH,6361.338914871216,250000.0,23
2017-01-18,HON-PSX,-2912.5256958007812,250000.0,23
2017-01-18,EME-HIG,-6624.558837890625,250000.0,23
2017-01-18,SW-ZBH,6317.355867385864,250000.0,23
2017-01-18,NCLH-TGT,0.0,250000.0,23
2017-01-19,HON-PSX,-5992.506576538086,250000.0,23
2017-01-19,EME-HIG,14.863880157470703,250000.0,23
2017-01-19,SW-ZBH,8274.564111709595,250000.0,23
2017-01-19,NCLH-TGT,-5326.419055938721,250000.0,23
2017-01-20,HON-PSX,-5692.078201293945,250000.0,23
2017-01-20,EME-HIG,530.2438774108887,250000.0,23
2017-01-20,NCLH-TGT,-10176.892612457275,250000.0,23
2017-01-23,EME-HIG,2194.7051544189453,250000.0,23
2017-01-24,CB-V,0.0,250000.0,23
2017-01-24,BAX-V,0.0,250000.0,23
2017-01-24,LEN-MU,0.0,250000.0,23
2017-01-24,CRM-INTC,0.0,250000.0,23
2017-01-25,CB-V,-2991.7220611572266,250000.0,23
2017-01-25,BAX-V,-920.2488250732422,250000.0,23
2017-01-25,LEN-MU,582.3143672943115,250000.0,23
2017-01-25,CRM-INTC,-2522.39102935791,250000.0,23
2017-01-25,NCLH-ZBRA,0.0,250000.0,23
2017-01-26,CB-V,-1000.7936553955078,250000.0,23
2017-01-26,BAX-V,722.921875,250000.0,23
2017-01-26,LEN-MU,2898.933650970459,250000.0,23
2017-01-26,CRM-INTC,-420.4288787841797,250000.0,23
2017-01-26,NCLH-ZBRA,-9314.949264526367,250000.0,23
2017-01-26,NCLH-TROW,0.0,250000.0,23
2017-01-27,CB-V,-2806.1219024658203,250000.0,23
2017-01-27,BAX-V,3009.2082138061523,250000.0,23
2017-01-27,CRM-INTC,-3464.9524307250977,250000.0,23
2017-01-27,NCLH-ZBRA,-7625.228286743164,250000.0,23
2017-01-27,NCLH-TROW,-1963.9852714538574,250000.0,23
2017-01-30,CB-V,-1179.9399948120117,250000.0,23
2017-01-30,BAX-V,2541.7342834472656,250000.0,23
2017-01-30,NCLH-ZBRA,-1338.1201934814453,250000.0,23
2017-01-30,NCLH-TROW,-3438.9520568847656,250000.0,23
2017-01-31,CB-V,1989.104019165039,250000.0,23
2017-01-31,NCLH-ZBRA,3067.716522216797,250000.0,23
2017-01-31,NCLH-TROW,-1530.3515663146973,250000.0,23
2017-01-31,SW-ZBH,0.0,250000.0,23
2017-01-31,SW-WELL,0.0,250000.0,23
2017-02-01,NCLH-ZBRA,-7161.608367919922,250000.0,23
2017-02-01,NCLH-TROW,-7854.930191040039,250000.0,23
2017-02-01,SW-ZBH,-820.0642623901367,250000.0,23
2017-02-01,SW-WELL,3548.2062797546387,250000.0,23
2017-02-01,SW-WAT,0.0,250000.0,23
2017-02-02,NCLH-ZBRA,-3924.5669555664062,250000.0,23
2017-02-02,NCLH-TROW,-7460.796054840088,250000.0,23
2017-02-02,SW-ZBH,1059.5510940551758,250000.0,23
2017-02-02,SW-WELL,-485.9567413330078,250000.0,23
2017-02-03,NCLH-ZBRA,-2336.2554321289062,250000.0,23
2017-02-03,NCLH-TROW,-3270.1000175476074,250000.0,23
2017-02-03,SW-ZBH,-38.64226531982422,250000.0,23
2017-02-03,SW-WELL,-333.1771583557129,250000.0,23
2017-02-03,EME-HIG,0.0,250000.0,23
2017-02-06,NCLH-ZBRA,-2120.842010498047,250000.0,23
2017-02-06,NCLH-TROW,-3819.221347808838,250000.0,23
2017-02-06,SW-ZBH,1862.1474075317383,250000.0,23
2017-02-06,SW-WELL,-3160.21736907959,250000.0,23
2017-02-06,EME-HIG,2968.288505554199,250000.0,23
2017-02-07,NCLH-ZBRA,-1808.2977447509766,250000.0,23
2017-02-07,NCLH-TROW,-3693.382625579834,250000.0,23
2017-02-07,SW-ZBH,2144.220355987549,250000.0,23
2017-02-07,SW-WELL,-399.3821830749512,250000.0,23
2017-02-07,EME-HIG,2572.4683265686035,250000.0,23
2017-02-08,NCLH-ZBRA,-3009.2857055664062,250000.0,23
2017-02-08,NCLH-TROW,-4206.071174621582,250000.0,23
2017-02-08,SW-ZBH,4171.697040557861,250000.0,23
2017-02-08,SW-WELL,-1010.6220741271973,250000.0,23
2017-02-09,NCLH-TROW,-1805.1376266479492,250000.0,23
2017-02-09,SW-ZBH,2221.5063705444336,250000.0,23
2017-02-10,NCLH-TROW,2523.394027709961,250000.0,23
2017-02-10,SW-ZBH,4551.392013549805,250000.0,23
2017-02-10,LEN-MU,0.0,250000.0,23
2017-02-13,NCLH-TROW,3762.017532348633,250000.0,23
2017-02-13,SW-ZBH,3664.385543823242,250000.0,23
2017-02-13,LEN-MU,228.57538223266602,250000.0,23
2017-02-14,NCLH-TROW,4269.349536895752,250000.0,23
2017-02-14,SW-ZBH,4108.371479034424,250000.0,23
2017-02-14,LEN-MU,85.97738265991211,250000.0,23
2017-02-15,NCLH-TROW,9734.433025360107,250000.0,23
2017-02-15,SW-ZBH,4953.605484008789,250000.0,23
2017-02-15,LEN-MU,-12169.657573699951,250000.0,23
2017-02-16,NCLH-TROW,9974.397163391113,250000.0,23
2017-02-16,LEN-MU,-881.6399955749512,250000.0,23
2017-02-17,NCLH-TROW,8972.767440795898,250000.0,23
2017-02-17,LEN-MU,-1587.3517608642578,250000.0,23
2017-02-21,NCLH-TROW,7467.504718780518,250000.0,23
2017-02-21,LEN-MU,-6324.392070770264,250000.0,23
2017-02-22,LEN-MU,-11246.332740783691,250000.0,23
2017-02-22,NCLH-ZBRA,0.0,250000.0,23
2017-02-22,NCLH-NSC,0.0,250000.0,23
2017-02-23,LEN-MU,-11452.075519561768,250000.0,23
2017-02-23,NCLH-NSC,-227.83492279052734,250000.0,23
2017-02-23,EME-HIG,0.0,250000.0,23
2017-02-24,LEN-MU,-18498.5369682312,250000.0,23
2017-02-24,NCLH-NSC,2934.857738494873,250000.0,23
2017-02-24,EME-HIG,1526.0600471496582,250000.0,23
2017-02-27,NCLH-NSC,1582.1126899719238,250000.0,23
2017-02-27,EME-HIG,4185.181488037109,250000.0,23
2017-02-28,NCLH-NSC,1722.854290008545,250000.0,23
2017-02-28,EME-HIG,-829.3245239257812,250000.0,23
2017-01-05,DOC-SW,0.0,250000.0,24
2017-01-05,DOC-RMD,0.0,250000.0,24
2017-01-06,DOC-SW,338.1892776489258,250000.0,24
2017-01-06,DOC-RMD,818.6479873657227,250000.0,24
2017-01-09,DOC-SW,-1642.7942733764648,250000.0,24
2017-01-10,DOC-SW,-5314.847442626953,250000.0,24
2017-01-11,DOC-SW,-3623.762420654297,250000.0,24
2017-01-12,DOC-SW,-3575.4254608154297,250000.0,24
2017-01-19,ALGN-CME,0.0,250000.0,24
2017-01-20,ALGN-CME,3541.404830932617,250000.0,24
2017-01-23,ALGN-CME,5681.416763305664,250000.0,24
2017-01-24,ALGN-CME,1683.7128448486328,250000.0,24
2017-01-24,DOC-RMD,0.0,250000.0,24
2017-01-25,ALGN-CME,2267.7745819091797,250000.0,24
2017-01-25,DOC-RMD,-1646.4627590179443,250000.0,24
2017-01-26,ALGN-CME,-3295.0116271972656,250000.0,24
2017-01-26,DOC-RMD,2669.3681507110596,250000.0,24
2017-01-27,ALGN-CME,-7103.110855102539,250000.0,24
2017-01-27,DOC-RMD,3434.4976139068604,250000.0,24
2017-01-27,CHD-PYPL,0.0,250000.0,24
2017-01-30,ALGN-CME,-10840.485092163086,250000.0,24
2017-01-30,DOC-RMD,6684.22061920166,250000.0,24
2017-01-30,CHD-PYPL,-2505.329086303711,250000.0,24
2017-01-31,ALGN-CME,-5991.129425048828,250000.0,24
2017-01-31,DOC-RMD,8077.574531555176,250000.0,24
2017-01-31,CHD-PYPL,-2882.964454650879,250000.0,24
2017-02-01,DOC-RMD,9274.595703125,250000.0,24
2017-02-01,CNP-PAYX,0.0,250000.0,24
2017-02-02,DOC-RMD,11259.591323852539,250000.0,24
2017-02-02,CNP-PAYX,-1786.7299175262451,250000.0,24
2017-02-03,DOC-RMD,7085.705074310303,250000.0,24
2017-02-03,CNP-PAYX,-5074.3606605529785,250000.0,24
2017-02-06,DOC-RMD,5922.303846359253,250000.0,24
2017-02-06,CNP-PAYX,-5022.878782272339,250000.0,24
2017-02-07,DOC-RMD,3311.6123085021973,250000.0,24
2017-02-07,CNP-PAYX,-5825.72749710083,250000.0,24
2017-02-08,DOC-RMD,2287.36004447937,250000.0,24
2017-02-08,CNP-PAYX,-7325.13703918457,250000.0,24
2017-02-09,CNP-PAYX,-4105.026817321777,250000.0,24
2017-02-09,DOC-TKO,0.0,250000.0,24
2017-02-10,CNP-PAYX,-4380.525560379028,250000.0,24
2017-02-10,DOC-TKO,-11922.758321762085,250000.0,24
2017-02-13,CNP-PAYX,-3228.4665088653564,250000.0,24
2017-02-13,CPAY-EXPE,0.0,250000.0,24
2017-02-14,CNP-PAYX,372.6709384918213,250000.0,24
2017-02-14,CPAY-EXPE,609.2454528808594,250000.0,24
2017-02-15,CNP-PAYX,693.8223133087158,250000.0,24
2017-02-15,CPAY-EXPE,3052.0825576782227,250000.0,24
2017-02-16,CPAY-EXPE,1219.5098114013672,250000.0,24
2017-02-17,CPAY-EXPE,319.03526306152344,250000.0,24
2017-02-21,CPAY-EXPE,269.6506118774414,250000.0,24
2017-02-22,CPAY-EXPE,2547.974395751953,250000.0,24
2017-02-22,DOC-YUM,0.0,250000.0,24
2017-02-23,CPAY-EXPE,237.69790649414062,250000.0,24
2017-02-23,DOC-YUM,-2322.594097137451,250000.0,24
2017-02-23,DOC-RMD,0.0,250000.0,24
2017-02-24,CPAY-EXPE,-839.4403839111328,250000.0,24
2017-02-24,DOC-YUM,-2606.120517730713,250000.0,24
2017-02-24,DOC-SW,0.0,250000.0,24
2017-02-24,CNP-PAYX,0.0,250000.0,24
2017-02-27,CPAY-EXPE,-2158.947639465332,250000.0,24
2017-02-27,DOC-YUM,-4415.646226882935,250000.0,24
2017-02-27,DOC-SW,-482.6533031463623,250000.0,24
2017-02-27,CNP-PAYX,-33.14083671569824,250000.0,24
2017-02-28,DOC-YUM,-5294.282766342163,250000.0,24
2017-02-28,DOC-SW,-804.4672107696533,250000.0,24
2017-02-28,CNP-PAYX,3097.1118087768555,250000.0,24
2017-02-28,DOC-FLEX,0.0,250000.0,24
2017-02-28,DOC-LOW,0.0,250000.0,24
2017-02-28,CHD-PYPL,0.0,250000.0,24
2017-03-01,DOC-YUM,-3145.9861221313477,250000.0,24
2017-03-01,DOC-SW,2359.3718910217285,250000.0,24
2017-03-01,CNP-PAYX,-598.6037311553955,250000.0,24
2017-03-01,DOC-FLEX,5677.621652603149,250000.0,24
2017-03-01,CHD-PYPL,1656.5403442382812,250000.0,24
2017-03-02,DOC-YUM,-4323.743045806885,250000.0,24
2017-03-02,CNP-PAYX,1575.814754486084,250000.0,24
2017-03-02,DOC-FLEX,3177.5426025390625,250000.0,24
2017-03-03,DOC-YUM,-5187.927886962891,250000.0,24
2017-03-03,CNP-PAYX,1668.3761043548584,250000.0,24
2017-03-03,DOC-FLEX,2797.1285552978516,250000.0,24
2017-03-06,DOC-YUM,-5764.758876800537,250000.0,24
2017-03-06,CNP-PAYX,2336.2393894195557,250000.0,24
2017-03-06,DOC-FLEX,2117.4412155151367,250000.0,24
2017-03-07,DOC-YUM,-7172.093925476074,250000.0,24
2017-03-07,CNP-PAYX,3549.930061340332,250000.0,24
2017-03-08,DOC-YUM,-5028.562173843384,250000.0,24
2017-03-08,CNP-PAYX,65.57171821594238,250000.0,24
2017-03-09,CNP-PAYX,519.683385848999,250000.0,24
2017-03-10,CNP-PAYX,1190.904920578003,250000.0,24
2017-03-21,DOC-F,0.0,250000.0,24
2017-03-22,DOC-F,-805.7282991409302,250000.0,24
2017-03-22,DOC-FICO,0.0,250000.0,24
2017-03-23,DOC-F,-3250.888999938965,250000.0,24
2017-03-23,DOC-FICO,-1027.5751838684082,250000.0,24
2017-03-24,DOC-F,-4473.4146094322205,250000.0,24
2017-03-24,DOC-FICO,-1620.0386009216309,250000.0,24
2017-03-27,DOC-F,-8588.657519817352,250000.0,24
2017-03-27,DOC-FICO,-3018.080156326294,250000.0,24
2017-03-28,DOC-F,-5354.714887619019,250000.0,24
2017-03-28,DOC-FICO,-4157.389144897461,250000.0,24
2017-03-29,DOC-F,-4792.821971893311,250000.0,24
2017-03-29,DOC-FICO,-2379.622880935669,250000.0,24
2017-03-29,CNP-PAYX,0.0,250000.0,24
2017-03-30,DOC-F,-4675.755990982056,250000.0,24
2017-03-30,DOC-FICO,-1772.9958152770996,250000.0,24
2017-03-30,CNP-PAYX,1280.6778755187988,250000.0,24
2017-03-31,DOC-F,-6660.2252016067505,250000.0,24
2017-03-31,DOC-FICO,-3133.945415496826,250000.0,24
2017-03-31,CNP-PAYX,133.47528076171875,250000.0,24
2017-02-15,AFL-CSCO,0.0,250000.0,25
2017-02-16,AFL-CSCO,-5781.664323806763,250000.0,25
2017-02-22,AFL-HUBB,0.0,250000.0,25
2017-02-23,AFL-HUBB,-2395.689079284668,250000.0,25
2017-02-24,AFL-HUBB,-1330.4258728027344,250000.0,25
2017-02-27,AFL-HUBB,-956.5269546508789,250000.0,25
2017-02-27,AFL-WRB,0.0,250000.0,25
2017-02-27,CIEN-KDP,0.0,250000.0,25
2017-02-28,AFL-HUBB,-5447.253387451172,250000.0,25
2017-02-28,AFL-WRB,447.43105697631836,250000.0,25
2017-02-28,CIEN-KDP,263.90772438049316,250000.0,25
2017-03-01,AFL-HUBB,300.2898941040039,250000.0,25
2017-03-01,AFL-WRB,2901.918794631958,250000.0,25
2017-03-01,CIEN-KDP,-358.06506156921387,250000.0,25
2017-03-02,AFL-HUBB,-805.1611862182617,250000.0,25
2017-03-02,AFL-WRB,782.9729957580566,250000.0,25
2017-03-03,AFL-HUBB,-879.8119201660156,250000.0,25
2017-03-03,AFL-WRB,1056.1341648101807,250000.0,25
2017-03-03,ALLE-NKE,0.0,250000.0,25
2017-03-03,AFL-COST,0.0,250000.0,25
2017-03-06,AFL-HUBB,830.4506149291992,250000.0,25
2017-03-06,AFL-WRB,571.5340156555176,250000.0,25
2017-03-06,ALLE-NKE,1912.6670761108398,250000.0,25
2017-03-06,AFL-COST,-4913.4263916015625,250000.0,25
2017-03-07,AFL-HUBB,-995.3522644042969,250000.0,25
2017-03-07,AFL-WRB,1797.8544654846191,250000.0,25
2017-03-07,ALLE-NKE,1863.0859909057617,250000.0,25
2017-03-07,AFL-COST,-3709.1988525390625,250000.0,25
2017-03-08,AFL-HUBB,-1808.9703979492188,250000.0,25
2017-03-08,AFL-WRB,1866.3126888275146,250000.0,25
2017-03-08,ALLE-NKE,1029.3940467834473,250000.0,25
2017-03-08,AFL-COST,-4622.973388671875,250000.0,25
2017-03-08,AFL-ATO,0.0,250000.0,25
2017-03-08,AFL-XEL,0.0,250000.0,25
2017-03-09,AFL-WRB,3307.288637161255,250000.0,25
2017-03-09,ALLE-NKE,-552.2600555419922,250000.0,25
2017-03-09,AFL-COST,-5986.17431640625,250000.0,25
2017-03-09,AFL-ATO,-1587.4995803833008,250000.0,25
2017-03-09,AFL-XEL,-155.28419494628906,250000.0,25
2017-03-10,ALLE-NKE,-2899.6413192749023,250000.0,25
2017-03-10,AFL-COST,-6338.0423583984375,250000.0,25
2017-03-10,AFL-ATO,3687.787181854248,250000.0,25
2017-03-10,AFL-XEL,2436.80419921875,250000.0,25
2017-03-13,ALLE-NKE,-3027.4365882873535,250000.0,25
2017-03-13,AFL-COST,-7642.8839111328125,250000.0,25
2017-03-13,AFL-XEL,2923.0882835388184,250000.0,25
2017-03-14,ALLE-NKE,689.7868194580078,250000.0,25
2017-03-14,AFL-COST,-5922.949951171875,250000.0,25
2017-03-14,AFL-XEL,3325.1669120788574,250000.0,25
2017-03-15,ALLE-NKE,915.662281036377,250000.0,25
2017-03-15,AFL-COST,-5731.0919189453125,250000.0,25
2017-03-16,ALLE-NKE,45.14223098754883,250000.0,25
2017-03-16,AFL-COST,-5135.9375,250000.0,25
2017-03-17,ALLE-NKE,57.25956726074219,250000.0,25
2017-03-17,AFL-COST,-4472.2738037109375,250000.0,25
2017-03-20,FDS-V,0.0,250000.0,25
2017-03-21,FDS-V,2706.9188842773438,250000.0,25
2017-03-21,AFL-DUK,0.0,250000.0,25
2017-03-21,AFL-XEL,0.0,250000.0,25
2017-03-21,AFL-PNC,0.0,250000.0,25
2017-03-22,FDS-V,3352.4757690429688,250000.0,25
2017-03-22,AFL-DUK,418.56736755371094,250000.0,25
2017-03-22,AFL-XEL,-178.92938041687012,250000.0,25
2017-03-22,AFL-PNC,-787.5290870666504,250000.0,25
2017-03-22,AFL-WRB,0.0,250000.0,25
2017-03-22,ALLE-NKE,0.0,250000.0,25
2017-03-23,FDS-V,3228.2565307617188,250000.0,25
2017-03-23,AFL-DUK,1694.5939254760742,250000.0,25
2017-03-23,AFL-XEL,469.7659225463867,250000.0,25
2017-03-23,AFL-PNC,-529.0945053100586,250000.0,25
2017-03-23,AFL-WRB,-297.20952224731445,250000.0,25
2017-03-23,ALLE-NKE,6484.627174377441,250000.0,25
2017-03-23,AFL-ALL,0.0,250000.0,25
2017-03-24,AFL-DUK,728.6444244384766,250000.0,25
2017-03-24,AFL-XEL,-629.9692974090576,250000.0,25
2017-03-24,AFL-PNC,-246.71472549438477,250000.0,25
2017-03-24,AFL-WRB,-2113.4706268310547,250000.0,25
2017-03-24,AFL-ALL,-785.640474319458,250000.0,25
2017-03-27,AFL-DUK,902.4290466308594,250000.0,25
2017-03-27,AFL-XEL,-1064.5684566497803,250000.0,25
2017-03-27,AFL-PNC,-2328.7058448791504,250000.0,25
2017-03-27,AFL-WRB,-698.5123291015625,250000.0,25
2017-03-27,AFL-ALL,195.97951316833496,250000.0,25
2017-03-28,AFL-DUK,1829.146572113037,250000.0,25
2017-03-28,AFL-XEL,-604.4338607788086,250000.0,25
2017-03-28,AFL-PNC,635.8868026733398,250000.0,25
2017-03-28,AFL-WRB,-957.9994087219238,250000.0,25
2017-03-28,AFL-ALL,544.8067169189453,250000.0,25
2017-03-28,FDS-V,0.0,250000.0,25
2017-03-29,AFL-DUK,1274.469150543213,250000.0,25
2017-03-29,AFL-XEL,-127.32478904724121,250000.0,25
2017-03-29,AFL-PNC,843.3256340026855,250000.0,25
2017-03-29,AFL-WRB,-2462.290237426758,250000.0,25
2017-03-29,AFL-ALL,2287.2244396209717,250000.0,25
2017-03-29,FDS-V,-534.4432525634766,250000.0,25
2017-03-30,AFL-PNC,3259.478416442871,250000.0,25
2017-03-30,AFL-WRB,-1647.7768287658691,250000.0,25
2017-03-30,AFL-ALL,-269.2029342651367,250000.0,25
2017-03-30,FDS-V,64.34841918945312,250000.0,25
2017-03-30,AFL-ATO,0.0,250000.0,25
2017-03-31,AFL-PNC,246.2735939025879,250000.0,25
2017-03-31,AFL-WRB,-2190.958106994629,250000.0,25
2017-03-31,AFL-ALL,-1180.065450668335,250000.0,25
2017-03-31,FDS-V,1294.3085327148438,250000.0,25
2017-03-31,AFL-ATO,-419.51416969299316,250000.0,25
2017-04-03,AFL-PNC,-1308.1616592407227,250000.0,25
2017-04-03,AFL-ALL,-2781.608352661133,250000.0,25
2017-04-03,FDS-V,-1283.6426391601562,250000.0,25
2017-04-03,AFL-ATO,-1635.5459213256836,250000.0,25
2017-04-03,AFL-MSFT,0.0,250000.0,25
2017-04-04,AFL-PNC,-2612.6836585998535,250000.0,25
2017-04-04,AFL-ALL,-1603.1292667388916,250000.0,25
2017-04-04,FDS-V,-2918.2028198242188,250000.0,25
2017-04-04,AFL-ATO,931.8575839996338,250000.0,25
2017-04-04,AFL-MSFT,817.9752674102783,250000.0,25
2017-04-05,AFL-ALL,-361.6514472961426,250000.0,25
2017-04-05,FDS-V,-6131.049057006836,250000.0,25
2017-04-05,AFL-ATO,3763.71586227417,250000.0,25
2017-04-05,AFL-MSFT,1273.7332038879395,250000.0,25
2017-04-06,AFL-ALL,-3715.5409622192383,250000.0,25
2017-04-06,FDS-V,-5915.696838378906,250000.0,25
2017-04-06,AFL-ATO,1827.5793228149414,250000.0,25
2017-04-06,AFL-MSFT,-75.76126098632812,250000.0,25
2017-04-06,CIEN-KDP,0.0,250000.0,25
2017-04-07,FDS-V,-7061.8563232421875,250000.0,25
2017-04-07,AFL-ATO,1293.9256019592285,250000.0,25
2017-04-07,AFL-MSFT,-135.04630661010742,250000.0,25
2017-04-07,CIEN-KDP,1075.6036834716797,250000.0,25
2017-04-10,FDS-V,-7852.054946899414,250000.0,25
2017-04-10,AFL-ATO,-848.181734085083,250000.0,25
2017-04-10,AFL-MSFT,-2415.5763874053955,250000.0,25
2017-04-11,FDS-V,-6289.103363037109,250000.0,25
2017-04-11,AFL-ATO,-833.0080680847168,250000.0,25
2017-04-11,AFL-MSFT,-3131.995288848877,250000.0,25
2017-04-12,AFL-ATO,718.7471160888672,250000.0,25
2017-04-12,AFL-MSFT,-3033.8796768188477,250000.0,25
2017-04-13,AFL-ATO,1000.882495880127,250000.0,25
2017-04-17,AFL-ATO,1634.3427047729492,250000.0,25
2017-04-24,AFL-CCI,0.0,250000.0,25
2017-04-24,AFL-MSFT,0.0,250000.0,25
2017-04-25,AFL-CCI,-3054.110345840454,250000.0,25
2017-04-25,AFL-MSFT,-603.269926071167,250000.0,25
2017-04-26,AFL-CCI,-1342.9582786560059,250000.0,25
2017-04-26,AFL-MSFT,-760.4863014221191,250000.0,25
2017-04-26,AFL-COST,0.0,250000.0,25
2017-04-27,AFL-CCI,-1284.9133396148682,250000.0,25
2017-04-27,AFL-MSFT,-1805.5368251800537,250000.0,25
2017-04-27,AFL-COST,-312.0253620147705,250000.0,25
2017-04-27,AMAT-CMCSA,0.0,250000.0,25
2017-04-28,AFL-CCI,-1499.6463012695312,250000.0,25
2017-04-28,AFL-MSFT,-2905.782516479492,250000.0,25
2017-04-28,AFL-COST,-823.7050895690918,250000.0,25
2017-04-28,AMAT-CMCSA,1103.850975036621,250000.0,25
2017-04-28,AFL-CSCO,0.0,250000.0,25
2017-03-01,BXP-TRV,0.0,250000.0,26
2017-03-01,GDDY-ITW,0.0,250000.0,26
2017-03-02,BXP-TRV,-2036.1777725219727,250000.0,26
2017-03-02,GDDY-ITW,-5.1531982421875,250000.0,26
2017-03-02,ARES-ORCL,0.0,250000.0,26
2017-03-03,BXP-TRV,-1360.5210342407227,250000.0,26
2017-03-03,GDDY-ITW,423.36822509765625,250000.0,26
2017-03-03,ARES-ORCL,899.7336912155151,250000.0,26
2017-03-06,BXP-TRV,2194.147430419922,250000.0,26
2017-03-06,GDDY-ITW,1544.0066528320312,250000.0,26
2017-03-06,ARES-ORCL,933.8294696807861,250000.0,26
2017-03-07,BXP-TRV,2854.4639434814453,250000.0,26
2017-03-07,GDDY-ITW,1170.169677734375,250000.0,26
2017-03-07,ARES-ORCL,625.826997756958,250000.0,26
2017-03-08,BXP-TRV,1267.6116943359375,250000.0,26
2017-03-08,GDDY-ITW,2050.4165649414062,250000.0,26
2017-03-08,ARES-ORCL,108.60615730285645,250000.0,26
2017-03-08,HD-XEL,0.0,250000.0,26
2017-03-09,BXP-TRV,-2748.669364929199,250000.0,26
2017-03-09,ARES-ORCL,1099.395513534546,250000.0,26
2017-03-09,HD-XEL,355.0584030151367,250000.0,26
2017-03-10,ARES-ORCL,-299.4518184661865,250000.0,26
2017-03-10,HD-XEL,2668.9165115356445,250000.0,26
2017-03-10,ADBE-EL,0.0,250000.0,26
2017-03-10,CHTR-LRCX,0.0,250000.0,26
2017-03-13,ARES-ORCL,418.4713315963745,250000.0,26
2017-03-13,HD-XEL,2733.982563018799,250000.0,26
2017-03-13,ADBE-EL,1945.259506225586,250000.0,26
2017-03-13,CHTR-LRCX,-3229.9332599639893,250000.0,26
2017-03-13,GDDY-MTB,0.0,250000.0,26
2017-03-13,CMG-IT,0.0,250000.0,26
2017-03-14,ARES-ORCL,-940.6638240814209,250000.0,26
2017-03-14,HD-XEL,3066.171360015869,250000.0,26
2017-03-14,ADBE-EL,3283.9052352905273,250000.0,26
2017-03-14,CHTR-LRCX,-2951.3186626434326,250000.0,26
2017-03-14,GDDY-MTB,2660.817226409912,250000.0,26
2017-03-14,CMG-IT,-333.6192903518677,250000.0,26
2017-03-14,RJF-WFC,0.0,250000.0,26
2017-03-15,ADBE-EL,2389.4678344726562,250000.0,26
2017-03-15,GDDY-MTB,-1282.5027770996094,250000.0,26
2017-03-15,CMG-IT,-7332.427755355835,250000.0,26
2017-03-16,ADBE-EL,1914.7022399902344,250000.0,26
2017-03-16,GDDY-MTB,1287.1751823425293,250000.0,26
2017-03-16,CMG-IT,-6327.378437042236,250000.0,26
2017-03-16,ARES-ORCL,0.0,250000.0,26
2017-03-17,GDDY-MTB,1170.4692420959473,250000.0,26
2017-03-17,ARES-ORCL,382.58483505249023,250000.0,26
2017-03-20,GDDY-MTB,-203.8396873474121,250000.0,26
2017-03-20,ARES-ORCL,3031.5408792495728,250000.0,26
2017-03-21,GDDY-MTB,-1599.981128692627,250000.0,26
2017-03-21,ARES-ORCL,4297.618812561035,250000.0,26
2017-03-21,F-L,0.0,250000.0,26
2017-03-22,GDDY-MTB,-3852.947971343994,250000.0,26
2017-03-22,ARES-ORCL,4839.529365539551,250000.0,26
2017-03-22,F-L,2170.535966873169,250000.0,26
2017-03-23,GDDY-MTB,-3172.6862297058105,250000.0,26
2017-03-23,ARES-ORCL,3666.4774074554443,250000.0,26
2017-03-23,F-L,-180.24831008911133,250000.0,26
2017-03-24,GDDY-MTB,-26.92038345336914,250000.0,26
2017-03-24,ARES-ORCL,5157.056823730469,250000.0,26
2017-03-24,F-L,554.1046342849731,250000.0,26
2017-03-24,CRM-ELV,0.0,250000.0,26
2017-03-27,GDDY-MTB,-2082.4185676574707,250000.0,26
2017-03-27,ARES-ORCL,3969.277355194092,250000.0,26
2017-03-27,F-L,-1614.8317594528198,250000.0,26
2017-03-27,CRM-ELV,-859.9639892578125,250000.0,26
2017-03-28,GDDY-MTB,2708.5250091552734,250000.0,26
2017-03-28,ARES-ORCL,5833.849823951721,250000.0,26
2017-03-28,F-L,-1338.9880599975586,250000.0,26
2017-03-28,CRM-ELV,1399.0344848632812,250000.0,26
2017-03-29,ARES-ORCL,7807.82782459259,250000.0,26
2017-03-29,F-L,-58.12757110595703,250000.0,26
2017-03-29,CRM-ELV,1329.588623046875,250000.0,26
2017-03-29,GDDY-USB,0.0,250000.0,26
2017-03-30,ARES-ORCL,6336.325655937195,250000.0,26
2017-03-30,F-L,-2801.638557434082,250000.0,26
2017-03-30,GDDY-USB,1525.6721992492676,250000.0,26
2017-03-31,ARES-ORCL,7315.9948053359985,250000.0,26
2017-03-31,F-L,-3021.121374130249,250000.0,26
2017-03-31,GDDY-PGR,0.0,250000.0,26
2017-03-31,GDDY-ITW,0.0,250000.0,26
2017-04-03,ARES-ORCL,6569.757449150085,250000.0,26
2017-04-03,GDDY-PGR,4281.053533554077,250000.0,26
2017-04-03,GDDY-ITW,443.00402069091797,250000.0,26
2017-04-04,ARES-ORCL,8171.57643032074,250000.0,26
2017-04-04,GDDY-ITW,4081.462417602539,250000.0,26
2017-04-05,ARES-ORCL,7524.037199020386,250000.0,26
2017-04-05,GDDY-ITW,2778.1821212768555,250000.0,26
2017-04-05,CRM-ELV,0.0,250000.0,26
2017-04-06,ARES-ORCL,8472.307182312012,250000.0,26
2017-04-06,GDDY-ITW,3370.7596435546875,250000.0,26
2017-04-06,CRM-ELV,2641.7666549682617,250000.0,26
2017-04-07,ARES-ORCL,9811.260039329529,250000.0,26
2017-04-07,GDDY-ITW,2450.6700897216797,250000.0,26
2017-04-07,CRM-ELV,4737.877578735352,250000.0,26
2017-04-07,CSX-SWKS,0.0,250000.0,26
2017-04-10,CSX-SWKS,1792.7491207122803,250000.0,26
2017-04-13,RJF-WFC,0.0,250000.0,26
2017-04-13,GDDY-WFC,0.0,250000.0,26
2017-04-17,RJF-WFC,4355.717365264893,250000.0,26
2017-04-17,GDDY-WFC,2891.408145904541,250000.0,26
2017-04-18,RJF-WFC,4408.278591156006,250000.0,26
2017-04-18,GDDY-WFC,1146.542667388916,250000.0,26
2017-04-18,GDDY-USB,0.0,250000.0,26
2017-04-19,RJF-WFC,3473.8249740600586,250000.0,26
2017-04-19,GDDY-WFC,-3421.9985961914062,250000.0,26
2017-04-19,GDDY-USB,-3263.36576461792,250000.0,26
2017-04-19,CHTR-LRCX,0.0,250000.0,26
2017-04-20,GDDY-WFC,2528.13370513916,250000.0,26
2017-04-20,GDDY-USB,1163.9925231933594,250000.0,26
2017-04-20,CHTR-LRCX,-4187.505751609802,250000.0,26
2017-04-20,BSX-YUM,0.0,250000.0,26
2017-04-20,BXP-TRV,0.0,250000.0,26
2017-04-21,GDDY-WFC,715.667724609375,250000.0,26
2017-04-21,GDDY-USB,852.8051643371582,250000.0,26
2017-04-21,CHTR-LRCX,-2889.4982538223267,250000.0,26
2017-04-21,BSX-YUM,548.0038528442383,250000.0,26
2017-04-21,BXP-TRV,534.2315444946289,250000.0,26
2017-04-24,GDDY-WFC,867.2959442138672,250000.0,26
2017-04-24,CHTR-LRCX,-5949.685596466064,250000.0,26
2017-04-24,BSX-YUM,-1609.1051025390625,250000.0,26
2017-04-25,GDDY-WFC,2667.1235275268555,250000.0,26
2017-04-25,CHTR-LRCX,-8426.369905471802,250000.0,26
2017-04-25,BSX-YUM,-2273.5176544189453,250000.0,26
2017-04-25,CRM-ELV,0.0,250000.0,26
2017-04-26,GDDY-WFC,2043.705493927002,250000.0,26
2017-04-26,CHTR-LRCX,-7208.638910293579,250000.0,26
2017-04-26,BSX-YUM,-1461.3924865722656,250000.0,26
2017-04-26,F-SYF,0.0,250000.0,26
2017-04-27,GDDY-WFC,935.2334403991699,250000.0,26
2017-04-27,BSX-YUM,-1570.4317321777344,250000.0,26
2017-04-27,F-SYF,1230.905505180359,250000.0,26
2017-04-28,BSX-YUM,-199.15167999267578,250000.0,26
2017-05-01,BSX-YUM,-161.9508285522461,250000.0,26
2017-05-02,BSX-YUM,-2076.1596755981445,250000.0,26
2017-05-02,EBAY-TPR,0.0,250000.0,26
2017-05-03,EBAY-TPR,1122.4246730804443,250000.0,26
2017-05-03,ADBE-EL,0.0,250000.0,26
2017-05-04,EBAY-TPR,3418.0175857543945,250000.0,26
2017-05-04,ADBE-EL,-1738.1277313232422,250000.0,26
2017-05-04,ARES-ORCL,0.0,250000.0,26
2017-05-05,EBAY-TPR,2770.0522842407227,250000.0,26
2017-05-05,ADBE-EL,-4278.884307861328,250000.0,26
2017-05-05,ARES-ORCL,1952.9754781723022,250000.0,26
2017-05-05,ARES-MTD,0.0,250000.0,26
2017-05-08,EBAY-TPR,-10890.885864257812,250000.0,26
2017-05-08,ADBE-EL,-3355.1463928222656,250000.0,26
2017-05-08,ARES-ORCL,1494.5628633499146,250000.0,26
2017-05-08,ARES-MTD,-21.479387283325195,250000.0,26
2017-05-09,EBAY-TPR,-10434.21111869812,250000.0,26
2017-05-09,ADBE-EL,-3957.5191040039062,250000.0,26
2017-05-09,ARES-ORCL,655.5701351165771,250000.0,26
2017-05-09,ARES-MTD,-3892.089512825012,250000.0,26
2017-05-10,EBAY-TPR,-13622.693359375,250000.0,26
2017-05-10,ADBE-EL,-6498.361541748047,250000.0,26
2017-05-10,ARES-ORCL,-187.68600368499756,250000.0,26
2017-05-10,ARES-MTD,-6970.501653671265,250000.0,26
2017-05-11,EBAY-TPR,-10758.617471694946,250000.0,26
2017-05-11,ADBE-EL,-3148.6415100097656,250000.0,26
2017-05-11,ARES-MTD,-4313.871006965637,250000.0,26
2017-05-12,EBAY-TPR,-8436.978593826294,250000.0,26
2017-05-12,ADBE-EL,-2760.4408264160156,250000.0,26
2017-05-15,EBAY-TPR,-8492.747732162476,250000.0,26
2017-05-15,ADBE-EL,-1234.7369995117188,250000.0,26
2017-05-15,CSX-SWKS,0.0,250000.0,26
2017-05-16,ADBE-EL,1076.4190216064453,250000.0,26
2017-05-16,CSX-SWKS,-5149.629269599915,250000.0,26
2017-05-16,RJF-WFC,0.0,250000.0,26
2017-05-16,GDDY-PGR,0.0,250000.0,26
2017-05-16,GDDY-ITW,0.0,250000.0,26
2017-05-17,ADBE-EL,-2634.483612060547,250000.0,26
2017-05-17,CSX-SWKS,-405.31684494018555,250000.0,26
2017-05-18,CSX-SWKS,-3481.935908317566,250000.0,26
2017-05-19,CSX-SWKS,-4443.390607833862,250000.0,26
2017-05-22,CSX-SWKS,-2368.869861602783,250000.0,26
2017-05-23,CSX-SWKS,-1394.9232387542725,250000.0,26
2017-05-24,CSX-SWKS,309.56129264831543,250000.0,26
2017-04-04,FANG-KO,0.0,250000.0,27
2017-04-06,CDNS-ORCL,0.0,250000.0,27
2017-04-07,CDNS-ORCL,581.2247676849365,250000.0,27
2017-04-10,CDNS-ORCL,-686.5718994140625,250000.0,27
2017-04-10,CDNS-MU,0.0,250000.0,27
2017-04-11,CDNS-ORCL,-255.61899375915527,250000.0,27
2017-04-11,CDNS-MU,-5161.281858444214,250000.0,27
2017-04-11,CDNS-SBAC,0.0,250000.0,27
2017-04-12,CDNS-ORCL,665.4165210723877,250000.0,27
2017-04-12,CDNS-MU,-7976.238857269287,250000.0,27
2017-04-12,CDNS-SBAC,946.8301773071289,250000.0,27
2017-04-13,CDNS-ORCL,301.0271587371826,250000.0,27
2017-04-13,CDNS-MU,-6292.156036376953,250000.0,27
2017-04-13,CDNS-SBAC,-1292.029598236084,250000.0,27
2017-04-13,CDNS-LOW,0.0,250000.0,27
2017-04-17,CDNS-ORCL,837.8329010009766,250000.0,27
2017-04-17,CDNS-MU,-4843.552154541016,250000.0,27
2017-04-17,CDNS-SBAC,-2353.9353771209717,250000.0,27
2017-04-17,CDNS-LOW,1552.1640930175781,250000.0,27
2017-04-18,CDNS-ORCL,-1064.9082851409912,250000.0,27
2017-04-18,CDNS-SBAC,1026.5405349731445,250000.0,27
2017-04-18,CDNS-LOW,-1337.1556091308594,250000.0,27
2017-04-19,CDNS-SBAC,2579.4873046875,250000.0,27
2017-04-19,FANG-YUM,0.0,250000.0,27
2017-04-19,MSCI-SYK,0.0,250000.0,27
2017-04-20,FANG-YUM,-2230.3557777404785,250000.0,27
2017-04-20,MSCI-SYK,-1091.6233673095703,250000.0,27
2017-04-20,CDNS-DHI,0.0,250000.0,27
2017-04-20,CDNS-NVR,0.0,250000.0,27
2017-04-21,FANG-YUM,-329.02056884765625,250000.0,27
2017-04-21,CDNS-DHI,-2345.9885787963867,250000.0,27
2017-04-21,CDNS-NVR,2536.1356353759766,250000.0,27
2017-04-21,MSCI-SWK,0.0,250000.0,27
2017-04-24,FANG-YUM,-3300.7250900268555,250000.0,27
2017-04-24,CDNS-DHI,-4307.536600112915,250000.0,27
2017-04-24,CDNS-NVR,-1354.6530380249023,250000.0,27
2017-04-24,MSCI-SWK,1130.8422546386719,250000.0,27
2017-04-24,IDXX-MU,0.0,250000.0,27
2017-04-24,CDNS-MU,0.0,250000.0,27
2017-04-25,FANG-YUM,-1988.8963012695312,250000.0,27
2017-04-25,CDNS-DHI,1250.7680053710938,250000.0,27
2017-04-25,CDNS-NVR,7853.342250823975,250000.0,27
2017-04-25,MSCI-SWK,3188.5523986816406,250000.0,27
2017-04-25,IDXX-MU,3294.381664276123,250000.0,27
2017-04-25,CDNS-LOW,0.0,250000.0,27
2017-04-26,FANG-YUM,-2399.021194458008,250000.0,27
2017-04-26,CDNS-DHI,4814.889696121216,250000.0,27
2017-04-26,MSCI-SWK,4437.757049560547,250000.0,27
2017-04-26,IDXX-MU,954.6947555541992,250000.0,27
2017-04-26,CDNS-LOW,-2953.7194061279297,250000.0,27
2017-04-27,CDNS-DHI,5173.318382263184,250000.0,27
2017-04-27,MSCI-SWK,3610.705032348633,250000.0,27
2017-04-27,CDNS-LOW,-1744.4136428833008,250000.0,27
2017-04-28,CDNS-DHI,-479.0959224700928,250000.0,27
2017-04-28,CDNS-LOW,1835.5724258422852,250000.0,27
2017-05-01,CDNS-DHI,-2311.2539348602295,250000.0,27
2017-05-02,CDNS-DHI,-6303.747968673706,250000.0,27
2017-05-03,CDNS-DHI,-4622.499681472778,250000.0,27
2017-05-03,FANG-YUM,0.0,250000.0,27
2017-05-04,CDNS-DHI,-3637.626926422119,250000.0,27
2017-05-04,FANG-YUM,-6728.801811218262,250000.0,27
2017-05-04,FANG-KR,0.0,250000.0,27
2017-05-05,FANG-YUM,-4349.554176330566,250000.0,27
2017-05-08,CDNS-SBAC,0.0,250000.0,27
2017-05-10,CDNS-MU,0.0,250000.0,27
2017-05-11,CDNS-MU,2841.4441146850586,250000.0,27
2017-05-11,CDNS-LOW,0.0,250000.0,27
2017-05-12,CDNS-MU,3079.5521697998047,250000.0,27
2017-05-12,CDNS-LOW,877.1603088378906,250000.0,27
2017-05-15,CDNS-LOW,609.3667831420898,250000.0,27
2017-05-16,CDNS-LOW,640.4096145629883,250000.0,27
2017-05-16,IDXX-VEEV,0.0,250000.0,27
2017-05-16,HAS-VEEV,0.0,250000.0,27
2017-05-17,CDNS-LOW,334.2639617919922,250000.0,27
2017-05-17,IDXX-VEEV,3323.238395690918,250000.0,27
2017-05-17,HAS-VEEV,4148.7043533325195,250000.0,27
2017-05-17,IDXX-MU,0.0,250000.0,27
2017-05-17,CDNS-SBAC,0.0,250000.0,27
2017-05-18,CDNS-LOW,1585.7466049194336,250000.0,27
2017-05-18,IDXX-VEEV,-5337.118583679199,250000.0,27
2017-05-18,HAS-VEEV,-4990.761894226074,250000.0,27
2017-05-18,IDXX-MU,3818.394298553467,250000.0,27
2017-05-18,CDNS-SBAC,3455.726921081543,250000.0,27
2017-05-19,CDNS-LOW,773.766242980957,250000.0,27
2017-05-19,IDXX-VEEV,-8550.331146240234,250000.0,27
2017-05-19,HAS-VEEV,-5098.5048828125,250000.0,27
2017-05-19,IDXX-MU,6920.90128326416,250000.0,27
2017-05-19,CDNS-SBAC,4731.61083984375,250000.0,27
2017-05-22,IDXX-MU,7618.0981159210205,250000.0,27
2017-05-22,CDNS-HPQ,0.0,250000.0,27
2017-05-23,CDNS-HPQ,-5852.871419906616,250000.0,27
2017-05-23,CDNS-LOW,0.0,250000.0,27
2017-05-24,CDNS-LOW,-8874.774223327637,250000.0,27
2017-05-25,CDNS-LOW,-6963.331771850586,250000.0,27
2017-05-26,CDNS-LOW,-9133.513957977295,250000.0,27
2017-05-30,FANG-KR,0.0,250000.0,27
2017-05-31,FANG-KR,-4712.011791229248,250000.0,27
2017-06-01,FANG-KR,-5042.693109512329,250000.0,27
2017-06-01,IDXX-WYNN,0.0,250000.0,27
2017-06-02,FANG-KR,-10402.407194137573,250000.0,27
2017-06-02,IDXX-WYNN,340.67962646484375,250000.0,27
2017-06-05,FANG-KR,-13623.898096084595,250000.0,27
2017-06-05,IDXX-WYNN,3151.5645904541016,250000.0,27
2017-06-06,FANG-KR,-4963.969203948975,250000.0,27
2017-06-06,MSCI-SWK,0.0,250000.0,27
2017-06-07,FANG-KR,-16560.414457321167,250000.0,27
2017-06-07,MSCI-SWK,1872.2737426757812,250000.0,27
2017-06-08,FANG-KR,-23008.229442596436,250000.0,27
2017-06-09,FANG-KR,-20914.702617645264,250000.0,27
2017-06-12,FANG-KR,-13090.026384353638,250000.0,27
2017-06-12,IDXX-MU,0.0,250000.0,27
2017-06-13,FANG-KR,-10204.648262023926,250000.0,27
2017-06-13,IDXX-MU,3096.8992137908936,250000.0,27
2017-06-14,IDXX-MU,5676.710603713989,250000.0,27
2017-06-19,CDNS-ORCL,0.0,250000.0,27
2017-06-20,CDNS-ORCL,-1275.225486755371,250000.0,27
2017-06-20,MSCI-SWK,0.0,250000.0,27
2017-06-21,CDNS-ORCL,-3239.974594116211,250000.0,27
2017-06-21,MSCI-SWK,-3879.413398742676,250000.0,27
2017-06-22,MSCI-SWK,760.2874526977539,250000.0,27
2017-06-23,MSCI-SWK,2236.0896224975586,250000.0,27
2017-06-26,MSCI-SWK,2129.732032775879,250000.0,27
2017-06-27,MSCI-SWK,2234.188278198242,250000.0,27
2017-06-27,CDNS-SBAC,0.0,250000.0,27
2017-06-28,CDNS-SBAC,6584.45760345459,250000.0,27
2017-06-29,CDNS-SBAC,-269.4798126220703,250000.0,27
2017-06-30,CDNS-SBAC,-465.9804229736328,250000.0,27
2017-05-02,ARES-DVA,0.0,250000.0,28
2017-05-11,ARES-WY,0.0,250000.0,28
2017-05-12,ARES-WY,-758.2606983184814,250000.0,28
2017-05-15,ARES-WY,698.8968839645386,250000.0,28
2017-05-15,ARES-JNJ,0.0,250000.0,28
2017-05-16,ARES-WY,1280.7584743499756,250000.0,28
2017-05-16,ARES-JNJ,-1416.8417310714722,250000.0,28
2017-05-16,ARES-DVA,0.0,250000.0,28
2017-05-17,ARES-WY,415.23347759246826,250000.0,28
2017-05-17,ARES-JNJ,1262.3052368164062,250000.0,28
2017-05-17,ARES-DVA,8940.731185913086,250000.0,28
2017-05-18,ARES-WY,-1426.2580156326294,250000.0,28
2017-05-18,ARES-JNJ,289.5827922821045,250000.0,28
2017-05-18,ARES-DVA,8464.369316101074,250000.0,28
2017-05-19,ARES-WY,1433.486060142517,250000.0,28
2017-05-19,ARES-JNJ,349.9061508178711,250000.0,28
2017-05-22,ARES-WY,1256.502709388733,250000.0,28
2017-05-22,ARES-JNJ,-440.4617385864258,250000.0,28
2017-05-23,ARES-WY,1350.3247547149658,250000.0,28
2017-05-23,ARES-JNJ,-800.9912176132202,250000.0,28
2017-05-24,ARES-WY,2357.770025253296,250000.0,28
2017-05-24,ARES-JNJ,-733.5759592056274,250000.0,28
2017-05-25,ARES-JNJ,-2421.6751585006714,250000.0,28
2017-05-26,ARES-JNJ,-1333.1346607208252,250000.0,28
2017-06-15,KR-QCOM,0.0,250000.0,28
2017-06-16,ARES-JNJ,0.0,250000.0,28
2017-07-19,MNST-WBD,0.0,250000.0,28
2017-07-20,MNST-WBD,4824.976518630981,250000.0,28
2017-07-21,MNST-WBD,4520.898997306824,250000.0,28
2017-07-24,MNST-WBD,4527.059911727905,250000.0,28
2017-07-28,ARES-INTC,0.0,250000.0,28
2017-07-31,ARES-INTC,-865.5956726074219,250000.0,28
2017-07-31,MNST-WBD,0.0,250000.0,28
2017-06-01,HPE-TMO,0.0,250000.0,29
2017-06-01,HPE-PKG,0.0,250000.0,29
2017-06-01,HPE-TECH,0.0,250000.0,29
2017-06-02,HPE-TMO,-3689.507655143738,250000.0,29
2017-06-02,HPE-PKG,-1751.5294733047485,250000.0,29
2017-06-02,HPE-TECH,-5856.803734779358,250000.0,29
2017-06-05,HPE-TMO,-6649.848054885864,250000.0,29
2017-06-05,HPE-PKG,-4028.6190090179443,250000.0,29
2017-06-05,HPE-TECH,-5097.320606231689,250000.0,29
2017-06-06,HPE-TMO,-7685.668827056885,250000.0,29
2017-06-06,HPE-PKG,-3674.78422164917,250000.0,29
2017-06-07,HPE-TMO,-7951.3231382369995,250000.0,29
2017-06-07,HPE-PKG,-4482.139740943909,250000.0,29
2017-06-07,CPAY-TAP,0.0,250000.0,29
2017-06-08,HPE-TMO,-5643.104580879211,250000.0,29
2017-06-08,HPE-PKG,-4424.273726463318,250000.0,29
2017-06-08,CPAY-TAP,-7251.692153930664,250000.0,29
2017-06-08,CPT-SRE,0.0,250000.0,29
2017-06-08,ALGN-WST,0.0,250000.0,29
2017-06-09,HPE-TMO,-6537.021425247192,250000.0,29
2017-06-09,HPE-PKG,-7895.917333602905,250000.0,29
2017-06-09,CPAY-TAP,-5907.402671813965,250000.0,29
2017-06-09,CPT-SRE,-1860.1534461975098,250000.0,29
2017-06-09,ALGN-WST,-214.22792053222656,250000.0,29
2017-06-12,HPE-TMO,-5226.751544952393,250000.0,29
2017-06-12,HPE-PKG,-9294.032283782959,250000.0,29
2017-06-12,CPAY-TAP,-3007.745292663574,250000.0,29
2017-06-12,CPT-SRE,-2526.21475982666,250000.0,29
2017-06-12,ALGN-WST,-1255.4511184692383,250000.0,29
2017-06-13,HPE-PKG,-11852.592244148254,250000.0,29
2017-06-13,CPAY-TAP,-2956.4388885498047,250000.0,29
2017-06-13,CPT-SRE,-4457.862461090088,250000.0,29
2017-06-13,ALGN-WST,1991.898910522461,250000.0,29
2017-06-14,HPE-PKG,-11382.127630233765,250000.0,29
2017-06-14,CPAY-TAP,-5052.554290771484,250000.0,29
2017-06-14,CPT-SRE,-5257.828025817871,250000.0,29
2017-06-14,ALGN-WST,324.9195022583008,250000.0,29
2017-06-15,CPAY-TAP,-5489.314521789551,250000.0,29
2017-06-15,CPT-SRE,-5239.487007141113,250000.0,29
2017-06-15,ALGN-WST,-1284.0787963867188,250000.0,29
2017-06-16,CPAY-TAP,-7645.182571411133,250000.0,29
2017-06-16,CPT-SRE,-3326.3446350097656,250000.0,29
2017-06-16,ALGN-WST,-2796.621353149414,250000.0,29
2017-06-19,CPAY-TAP,-8015.088310241699,250000.0,29
2017-06-19,CPT-SRE,-4367.771987915039,250000.0,29
2017-06-19,ALGN-WST,-3211.6802825927734,250000.0,29
2017-06-19,LYV-RVTY,0.0,250000.0,29
2017-06-20,CPAY-TAP,-6602.593955993652,250000.0,29
2017-06-20,CPT-SRE,-5478.672439575195,250000.0,29
2017-06-20,ALGN-WST,-3701.0501098632812,250000.0,29
2017-06-20,LYV-RVTY,-5689.457008361816,250000.0,29
2017-06-20,STZ-TPR,0.0,250000.0,29
2017-06-21,CPAY-TAP,-8707.825088500977,250000.0,29
2017-06-21,CPT-SRE,-6288.8848304748535,250000.0,29
2017-06-21,ALGN-WST,-4087.01212310791,250000.0,29
2017-06-21,LYV-RVTY,-6545.747268676758,250000.0,29
2017-06-21,STZ-TPR,4732.838798522949,250000.0,29
2017-06-21,ACN-SPGI,0.0,250000.0,29
2017-06-22,CPT-SRE,-6543.820148468018,250000.0,29
2017-06-22,ALGN-WST,-4520.613494873047,250000.0,29
2017-06-22,LYV-RVTY,-6619.8905029296875,250000.0,29
2017-06-22,STZ-TPR,5000.037303924561,250000.0,29
2017-06-22,ISRG-WTW,0.0,250000.0,29
2017-06-22,DAL-WTW,0.0,250000.0,29
2017-06-22,ACN-WAT,0.0,250000.0,29
2017-06-23,LYV-RVTY,-6782.539482116699,250000.0,29
2017-06-23,STZ-TPR,5491.293212890625,250000.0,29
2017-06-23,ISRG-WTW,1393.922592163086,250000.0,29
2017-06-23,DAL-WTW,171.83501434326172,250000.0,29
2017-06-23,ACN-WAT,1540.7956771850586,250000.0,29
2017-06-26,LYV-RVTY,-5391.250183105469,250000.0,29
2017-06-26,ISRG-WTW,2310.91357421875,250000.0,29
2017-06-26,DAL-WTW,-146.05667114257812,250000.0,29
2017-06-26,ACN-WAT,875.2879791259766,250000.0,29
2017-06-27,LYV-RVTY,-4355.170539855957,250000.0,29
2017-06-27,ISRG-WTW,2747.394729614258,250000.0,29
2017-06-27,DAL-WTW,-340.1849136352539,250000.0,29
2017-06-27,ACN-WAT,2658.8067626953125,250000.0,29
2017-06-28,LYV-RVTY,-6353.833778381348,250000.0,29
2017-06-28,ISRG-WTW,5306.704635620117,250000.0,29
2017-06-28,DAL-WTW,619.3311386108398,250000.0,29
2017-06-28,ACN-WAT,6766.885231018066,250000.0,29
2017-06-29,LYV-RVTY,-5168.785591125488,250000.0,29
2017-06-29,DAL-WTW,295.4598617553711,250000.0,29
2017-06-29,ACN-WAT,5977.159774780273,250000.0,29
2017-06-29,STZ-TPR,0.0,250000.0,29
2017-06-30,LYV-RVTY,-5588.571212768555,250000.0,29
2017-06-30,DAL-WTW,-1438.342658996582,250000.0,29
2017-06-30,ACN-WAT,7055.770927429199,250000.0,29
2017-06-30,STZ-TPR,996.7216033935547,250000.0,29
2017-07-03,LYV-RVTY,-5715.488624572754,250000.0,29
2017-07-03,DAL-WTW,-884.2242584228516,250000.0,29
2017-07-03,STZ-TPR,4270.631271362305,250000.0,29
2017-07-05,DAL-WTW,-3331.04647064209,250000.0,29
2017-07-05,STZ-TPR,-599.6791343688965,250000.0,29
2017-07-06,DAL-WTW,-4258.498718261719,250000.0,29
2017-07-06,STZ-TPR,-2573.870922088623,250000.0,29
2017-07-07,STZ-TPR,3159.8301162719727,250000.0,29
2017-07-10,STZ-TPR,2073.9028244018555,250000.0,29
2017-07-10,ALGN-CSGP,0.0,250000.0,29
2017-07-11,STZ-TPR,-1029.8109703063965,250000.0,29
2017-07-11,ALGN-CSGP,-1419.8795013427734,250000.0,29
2017-07-12,STZ-TPR,-6156.614368438721,250000.0,29
2017-07-12,ALGN-CSGP,1539.8059387207031,250000.0,29
2017-07-12,ALGN-PYPL,0.0,250000.0,29
2017-07-13,STZ-TPR,-2662.000686645508,250000.0,29
2017-07-13,ALGN-CSGP,1609.6962280273438,250000.0,29
2017-07-13,ALGN-PYPL,-6348.4211769104,250000.0,29
2017-07-14,ALGN-PYPL,-568.3011856079102,250000.0,29
2017-07-14,CPAY-TAP,0.0,250000.0,29
2017-07-17,ALGN-PYPL,-154.0384864807129,250000.0,29
2017-07-17,CPAY-TAP,304.5977783203125,250000.0,29
2017-07-18,ALGN-PYPL,-6480.509895324707,250000.0,29
2017-07-18,CPAY-TAP,831.1750030517578,250000.0,29
2017-07-19,ALGN-PYPL,92.26192855834961,250000.0,29
2017-07-19,CPAY-TAP,-1503.9363098144531,250000.0,29
2017-07-19,LYV-RVTY,0.0,250000.0,29
2017-07-20,ALGN-PYPL,-2120.875072479248,250000.0,29
2017-07-20,CPAY-TAP,978.2303619384766,250000.0,29
2017-07-20,LYV-RVTY,311.0078582763672,250000.0,29
2017-07-20,CIEN-ROP,0.0,250000.0,29
2017-07-21,ALGN-PYPL,-1809.864055633545,250000.0,29
2017-07-21,CPAY-TAP,-704.3901824951172,250000.0,29
2017-07-21,LYV-RVTY,-1120.4933395385742,250000.0,29
2017-07-21,CIEN-ROP,-1676.5226192474365,250000.0,29
2017-07-24,ALGN-PYPL,1346.4823570251465,250000.0,29
2017-07-24,CPAY-TAP,-584.3000793457031,250000.0,29
2017-07-24,LYV-RVTY,-2837.5379638671875,250000.0,29
2017-07-25,ALGN-PYPL,-365.96181869506836,250000.0,29
2017-07-25,CPAY-TAP,-1117.3167419433594,250000.0,29
2017-07-25,LYV-RVTY,-5590.496002197266,250000.0,29
2017-07-25,ACN-WAT,0.0,250000.0,29
2017-07-26,ALGN-PYPL,-2554.3749656677246,250000.0,29
2017-07-26,CPAY-TAP,-556.8890380859375,250000.0,29
2017-07-26,ACN-WAT,-5608.685195922852,250000.0,29
2017-07-27,ACN-WAT,136.1255645751953,250000.0,29
2017-07-27,GOOGL-PYPL,0.0,250000.0,29
2017-07-27,GOOG-PYPL,0.0,250000.0,29
2017-07-28,ACN-WAT,535.5444946289062,250000.0,29
2017-07-28,GOOGL-PYPL,6294.757175445557,250000.0,29
2017-07-28,GOOG-PYPL,7006.2863845825195,250000.0,29
2017-07-28,ALGN-PYPL,0.0,250000.0,29
2017-07-28,ALGN-CSGP,0.0,250000.0,29
2017-07-28,ALGN-WST,0.0,250000.0,29
2017-07-31,ACN-WAT,-1919.3177032470703,250000.0,29
2017-07-31,GOOGL-PYPL,3823.427734375,250000.0,29
2017-07-31,GOOG-PYPL,5174.092308044434,250000.0,29
2017-07-31,ALGN-PYPL,4630.381126403809,250000.0,29
2017-07-31,ALGN-CSGP,8701.577444076538,250000.0,29
2017-07-31,ALGN-WST,2617.514091491699,250000.0,29
2017-08-01,ACN-WAT,-2348.2547912597656,250000.0,29
2017-08-01,GOOGL-PYPL,967.5877494812012,250000.0,29
2017-08-01,GOOG-PYPL,2026.4929428100586,250000.0,29
2017-08-01,ALGN-PYPL,5183.112083435059,250000.0,29
2017-08-01,ALGN-CSGP,5605.465099334717,250000.0,29
2017-08-01,ALGN-WST,-1778.0976486206055,250000.0,29
2017-08-02,ACN-WAT,3432.113540649414,250000.0,29
2017-08-02,GOOGL-PYPL,2317.2579917907715,250000.0,29
2017-08-02,GOOG-PYPL,2759.9162101745605,250000.0,29
2017-08-02,ALGN-PYPL,6075.736587524414,250000.0,29
2017-08-02,ALGN-CSGP,5921.319332122803,250000.0,29
2017-08-02,ALGN-WST,-1746.0111846923828,250000.0,29
2017-08-03,ACN-WAT,534.0365753173828,250000.0,29
2017-08-03,GOOGL-PYPL,2267.2559700012207,250000.0,29
2017-08-03,GOOG-PYPL,2898.847038269043,250000.0,29
2017-08-03,ALGN-PYPL,-4.513256072998047,250000.0,29
2017-08-03,ALGN-CSGP,4083.388931274414,250000.0,29
2017-08-03,ALGN-WST,-3469.4507598876953,250000.0,29
2017-08-03,APO-SPGI,0.0,250000.0,29
2017-08-04,ACN-WAT,-550.5988616943359,250000.0,29
2017-08-04,GOOGL-PYPL,2651.9945373535156,250000.0,29
2017-08-04,GOOG-PYPL,2841.7007598876953,250000.0,29
2017-08-04,ALGN-PYPL,3320.777446746826,250000.0,29
2017-08-04,ALGN-CSGP,5298.1573696136475,250000.0,29
2017-08-04,ALGN-WST,-5575.224182128906,250000.0,29
2017-08-04,APO-SPGI,-2943.981155395508,250000.0,29
2017-08-07,ACN-WAT,1447.6719360351562,250000.0,29
2017-08-07,GOOGL-PYPL,-522.6943969726562,250000.0,29
2017-08-07,GOOG-PYPL,258.62621688842773,250000.0,29
2017-08-07,ALGN-PYPL,571.6728401184082,250000.0,29
2017-08-07,ALGN-CSGP,2427.9504375457764,250000.0,29
2017-08-07,ALGN-WST,-7764.447486877441,250000.0,29
2017-08-08,ACN-WAT,1540.9446258544922,250000.0,29
2017-08-08,GOOGL-PYPL,-569.8531913757324,250000.0,29
2017-08-08,GOOG-PYPL,-215.83572006225586,250000.0,29
2017-08-08,ALGN-PYPL,473.88240814208984,250000.0,29
2017-08-08,ALGN-CSGP,4140.8927574157715,250000.0,29
2017-08-08,ALGN-WST,-8407.72388458252,250000.0,29
2017-08-09,GOOGL-PYPL,-3016.4668579101562,250000.0,29
2017-08-09,GOOG-PYPL,-2604.4079055786133,250000.0,29
2017-08-09,ALGN-PYPL,-1443.6286506652832,250000.0,29
2017-08-09,ALGN-CSGP,2877.6149768829346,250000.0,29
2017-08-09,ALGN-WST,-11225.269546508789,250000.0,29
2017-08-10,GOOGL-PYPL,-2807.406841278076,250000.0,29
2017-08-10,GOOG-PYPL,-2183.7296295166016,250000.0,29
2017-08-10,ALGN-PYPL,-2667.501247406006,250000.0,29
2017-08-10,ALGN-CSGP,6869.926992416382,250000.0,29
2017-08-10,LYV-RVTY,0.0,250000.0,29
2017-08-10,CIEN-SW,0.0,250000.0,29
2017-08-11,GOOG-PYPL,672.0186996459961,250000.0,29
2017-08-11,ALGN-PYPL,-5530.518966674805,250000.0,29
2017-08-11,ALGN-CSGP,4527.85124206543,250000.0,29
2017-08-11,CIEN-SW,1546.3826217651367,250000.0,29
2017-08-14,ALGN-CSGP,8106.845872879028,250000.0,29
2017-08-14,ALGN-WST,0.0,250000.0,29
2017-08-15,ALGN-CSGP,802.6195697784424,250000.0,29
2017-08-15,ALGN-WST,622.0505142211914,250000.0,29
2017-08-15,ISRG-WTW,0.0,250000.0,29
2017-08-15,STZ-TPR,0.0,250000.0,29
2017-08-16,ALGN-CSGP,1359.1448707580566,250000.0,29
2017-08-16,ALGN-WST,-851.2365188598633,250000.0,29
2017-08-16,ISRG-WTW,-2058.8081588745117,250000.0,29
2017-08-16,STZ-TPR,694.3830318450928,250000.0,29
2017-08-17,ALGN-CSGP,10819.021423339844,250000.0,29
2017-08-17,ISRG-WTW,-2466.5942001342773,250000.0,29
2017-08-17,STZ-TPR,4734.331312179565,250000.0,29
2017-08-17,ALGN-PYPL,0.0,250000.0,29
2017-08-18,ALGN-CSGP,10039.924562454224,250000.0,29
2017-08-18,ISRG-WTW,-3834.6615142822266,250000.0,29
2017-08-18,STZ-TPR,-323.74156379699707,250000.0,29
2017-08-18,ALGN-PYPL,-1552.7228088378906,250000.0,29
2017-08-21,ALGN-CSGP,10273.852331161499,250000.0,29
2017-08-21,ISRG-WTW,-2733.815803527832,250000.0,29
2017-08-21,STZ-TPR,2439.963140487671,250000.0,29
2017-08-21,ALGN-PYPL,-2157.0750579833984,250000.0,29
2017-08-22,ALGN-CSGP,8713.758047103882,250000.0,29
2017-08-22,ISRG-WTW,-4303.547790527344,250000.0,29
2017-08-22,STZ-TPR,5140.058156967163,250000.0,29
2017-08-22,ALGN-PYPL,-2621.4247703552246,250000.0,29
2017-08-23,ALGN-CSGP,9194.962871551514,250000.0,29
2017-08-23,ISRG-WTW,-4341.58740234375,250000.0,29
2017-08-23,STZ-TPR,4971.285848617554,250000.0,29
2017-08-23,ALGN-PYPL,1077.7067604064941,250000.0,29
2017-08-24,ALGN-CSGP,6166.43127822876,250000.0,29
2017-08-24,ISRG-WTW,-5093.814788818359,250000.0,29
2017-08-24,STZ-TPR,7013.710317611694,250000.0,29
2017-08-25,ALGN-CSGP,9169.601091384888,250000.0,29
2017-08-25,ISRG-WTW,-2085.2519760131836,250000.0,29
2017-08-25,STZ-TPR,8218.529176712036,250000.0,29
2017-08-28,ALGN-CSGP,3897.6144676208496,250000.0,29
2017-08-28,ISRG-WTW,-4867.1796798706055,250000.0,29
2017-08-28,STZ-TPR,9026.015954971313,250000.0,29
2017-08-29,ALGN-CSGP,6328.331775665283,250000.0,29
2017-08-29,ISRG-WTW,-5334.033874511719,250000.0,29
2017-08-29,STZ-TPR,7048.417303085327,250000.0,29
2017-08-30,ALGN-CSGP,6927.809419631958,250000.0,29
2017-08-30,STZ-TPR,2138.179063796997,250000.0,29
2017-08-31,ALGN-CSGP,6592.7571144104,250000.0,29
2017-08-31,STZ-TPR,4342.6059856414795,250000.0,29
2017-08-31,CIEN-RVTY,0.0,250000.0,29
2017-07-05,ADM-SJM,0.0,250000.0,30
2017-07-06,ADM-SJM,614.292064666748,250000.0,30
2017-07-07,ADM-SJM,581.5766429901123,250000.0,30
2017-07-07,ADM-HUBB,0.0,250000.0,30
2017-07-10,ADM-SJM,423.78861808776855,250000.0,30
2017-07-10,ADM-HUBB,-706.7999954223633,250000.0,30
2017-07-11,ADM-SJM,2865.711950302124,250000.0,30
2017-07-12,ADM-SJM,1627.766508102417,250000.0,30
2017-07-13,ADM-SJM,1988.773199081421,250000.0,30
2017-07-14,ADM-SJM,2416.8905334472656,250000.0,30
2017-07-25,ADM-HUBB,0.0,250000.0,30
2017-07-26,ADM-HUBB,4285.228584289551,250000.0,30
2017-07-27,ADM-HUBB,2244.056478500366,250000.0,30
2017-07-28,ADM-HUBB,2036.8587856292725,250000.0,30
2017-07-28,ADM-INTC,0.0,250000.0,30
2017-07-31,ADM-HUBB,4277.007358551025,250000.0,30
2017-07-31,ADM-INTC,-468.8860492706299,250000.0,30
2017-08-08,ADM-MKC,0.0,250000.0,30
2017-08-15,ADM-INTC,0.0,250000.0,30
2017-08-16,ADM-INTC,-1576.302495956421,250000.0,30
2017-08-16,ADM-COST,0.0,250000.0,30
2017-08-17,ADM-COST,707.9368877410889,250000.0,30
2017-08-18,ADM-COST,2077.551103591919,250000.0,30
2017-08-18,ADM-ROST,0.0,250000.0,30
2017-08-21,ADM-ROST,4199.930244445801,250000.0,30
2017-08-22,ADM-ROST,2773.860305786133,250000.0,30
2017-08-22,ADM-HWM,0.0,250000.0,30
2017-08-22,ADM-SBUX,0.0,250000.0,30
2017-08-23,ADM-ROST,4305.501068115234,250000.0,30
2017-08-23,ADM-HWM,1414.2387428283691,250000.0,30
2017-08-23,ADM-SBUX,1746.4011039733887,250000.0,30
2017-08-24,ADM-ROST,1447.4377326965332,250000.0,30
2017-08-24,ADM-HWM,-1015.7783241271973,250000.0,30
2017-08-24,ADM-SBUX,1729.0622253417969,250000.0,30
2017-08-24,ADM-GIS,0.0,250000.0,30
2017-08-24,ADM-SJM,0.0,250000.0,30
2017-08-24,ADM-COST,0.0,250000.0,30
2017-08-24,ADM-MDLZ,0.0,250000.0,30
2017-08-25,ADM-ROST,2201.9447746276855,250000.0,30
2017-08-25,ADM-HWM,4429.670959472656,250000.0,30
2017-08-25,ADM-SBUX,441.9200859069824,250000.0,30
2017-08-25,ADM-SJM,-7906.635009765625,250000.0,30
2017-08-25,ADM-COST,-402.0760154724121,250000.0,30
2017-08-25,ADM-MDLZ,-3219.821765899658,250000.0,30
2017-08-25,ADM-SYY,0.0,250000.0,30
2017-08-28,ADM-ROST,3881.9571685791016,250000.0,30
2017-08-28,ADM-HWM,5306.796230316162,250000.0,30
2017-08-28,ADM-SBUX,277.38918685913086,250000.0,30
2017-08-28,ADM-SJM,-7397.529182434082,250000.0,30
2017-08-28,ADM-COST,-304.10768127441406,250000.0,30
2017-08-28,ADM-MDLZ,-4319.18856048584,250000.0,30
2017-08-28,ADM-SYY,905.9144554138184,250000.0,30
2017-08-29,ADM-ROST,5046.788494110107,250000.0,30
2017-08-29,ADM-HWM,3407.1503143310547,250000.0,30
2017-08-29,ADM-SBUX,1625.9480094909668,250000.0,30
2017-08-29,ADM-SJM,-8916.876953125,250000.0,30
2017-08-29,ADM-COST,1464.8603706359863,250000.0,30
2017-08-29,ADM-MDLZ,-760.1001129150391,250000.0,30
2017-08-29,ADM-SYY,120.32537841796875,250000.0,30
2017-08-30,ADM-ROST,7079.6224937438965,250000.0,30
2017-08-30,ADM-HWM,3512.4662742614746,250000.0,30
2017-08-30,ADM-SBUX,-187.35787963867188,250000.0,30
2017-08-30,ADM-SJM,-10419.816986083984,250000.0,30
2017-08-30,ADM-COST,2514.8765716552734,250000.0,30
2017-08-30,ADM-MDLZ,-2461.157402038574,250000.0,30
2017-08-30,ADM-SYY,-1610.8891639709473,250000.0,30
2017-08-31,ADM-ROST,2802.4638328552246,250000.0,30
2017-08-31,ADM-HWM,167.90577697753906,250000.0,30
2017-08-31,ADM-SBUX,-2264.914005279541,250000.0,30
2017-08-31,ADM-SJM,-7261.029823303223,250000.0,30
2017-08-31,ADM-SYY,-2658.9582138061523,250000.0,30
2017-08-31,ADM-LDOS,0.0,250000.0,30
2017-09-01,ADM-ROST,7643.961456298828,250000.0,30
2017-09-01,ADM-HWM,4118.930797576904,250000.0,30
2017-09-01,ADM-SBUX,-1744.3482513427734,250000.0,30
2017-09-01,ADM-SJM,-10252.10082244873,250000.0,30
2017-09-01,ADM-SYY,-2072.994243621826,250000.0,30
2017-09-01,ADM-LDOS,-634.1445960998535,250000.0,30
2017-09-05,ADM-ROST,5328.765384674072,250000.0,30
2017-09-05,ADM-SBUX,-2911.2619667053223,250000.0,30
2017-09-05,ADM-SJM,-6429.961654663086,250000.0,30
2017-09-05,ADM-SYY,-2908.5743827819824,250000.0,30
2017-09-05,ADM-LDOS,3050.064037322998,250000.0,30
2017-09-05,ADM-HAL,0.0,250000.0,30
2017-09-06,ADM-ROST,7541.2742919921875,250000.0,30
2017-09-06,ADM-SJM,-7788.577491760254,250000.0,30
2017-09-06,ADM-SYY,-1327.3808822631836,250000.0,30
2017-09-06,ADM-LDOS,2973.8713989257812,250000.0,30
2017-09-06,ADM-HAL,-6181.379535675049,250000.0,30
2017-09-07,ADM-ROST,11564.371631622314,250000.0,30
2017-09-07,ADM-SJM,-8916.27212524414,250000.0,30
2017-09-07,ADM-SYY,-1846.993637084961,250000.0,30
2017-09-07,ADM-LDOS,4339.920600891113,250000.0,30
2017-09-08,ADM-ROST,9983.80199432373,250000.0,30
2017-09-08,ADM-SYY,-1444.0681953430176,250000.0,30
2017-09-11,ADM-ROST,10059.400215148926,250000.0,30
2017-09-12,ADM-ROST,7374.458278656006,250000.0,30
2017-09-13,ADM-ROST,4852.865447998047,250000.0,30
2017-09-14,ADM-ROST,9534.874843597412,250000.0,30
2017-09-15,ADM-ROST,12095.696445465088,250000.0,30
2017-09-19,ADM-HWM,0.0,250000.0,30
2017-09-20,ADM-HWM,-5291.527719497681,250000.0,30
2017-09-20,ADM-GIS,0.0,250000.0,30
2017-09-21,ADM-GIS,-2234.656909942627,250000.0,30
2017-09-21,ADM-MKC,0.0,250000.0,30
2017-09-22,ADM-GIS,-4635.6353759765625,250000.0,30
2017-09-25,ADM-GIS,-67.23183059692383,250000.0,30
2017-09-28,ADM-MKC,0.0,250000.0,30
2017-09-29,ADM-MKC,-2702.958843231201,250000.0,30
2017-08-02,USB-VRSK,0.0,250000.0,31
2017-08-03,USB-VRSK,-2808.980869293213,250000.0,31
2017-08-04,USB-VRSK,-3597.280101776123,250000.0,31
2017-08-04,COO-CTSH,0.0,250000.0,31
2017-08-07,USB-VRSK,-4670.662425994873,250000.0,31
2017-08-08,USB-VRSK,-6944.672924041748,250000.0,31
2017-08-09,USB-VRSK,-8244.27779006958,250000.0,31
2017-08-10,USB-VRSK,-6270.715774536133,250000.0,31
2017-08-10,COO-KKR,0.0,250000.0,31
2017-08-11,USB-VRSK,-4285.657466888428,250000.0,31
2017-08-11,COO-KKR,-2467.6962127685547,250000.0,31
2017-08-14,USB-VRSK,-6024.816635131836,250000.0,31
2017-08-14,COO-KKR,810.7819976806641,250000.0,31
2017-08-15,USB-VRSK,-7218.271167755127,250000.0,31
2017-08-15,COO-KKR,-1503.4285774230957,250000.0,31
2017-08-16,USB-VRSK,-5737.892017364502,250000.0,31
2017-08-16,COO-KKR,-3126.6825637817383,250000.0,31
2017-08-23,COO-SYK,0.0,250000.0,31
2017-08-24,COO-SYK,996.541088104248,250000.0,31
2017-08-25,COO-SYK,2756.1751594543457,250000.0,31
2017-08-25,ADSK-AVGO,0.0,250000.0,31
2017-08-28,COO-SYK,1720.7231216430664,250000.0,31
2017-08-28,ADSK-AVGO,1806.1540832519531,250000.0,31
2017-08-29,COO-SYK,1973.2214469909668,250000.0,31
2017-08-29,ADSK-AVGO,511.0316162109375,250000.0,31
2017-08-30,COO-SYK,1843.2670288085938,250000.0,31
2017-08-30,ADSK-AVGO,2453.6148681640625,250000.0,31
2017-08-30,COO-MSFT,0.0,250000.0,31
2017-08-31,COO-SYK,3800.921661376953,250000.0,31
2017-08-31,ADSK-AVGO,7207.801803588867,250000.0,31
2017-08-31,COO-MSFT,-1057.9915466308594,250000.0,31
2017-09-01,COO-MSFT,-2937.5494079589844,250000.0,31
2017-09-01,COO-CTSH,0.0,250000.0,31
2017-09-01,COO-NVDA,0.0,250000.0,31
2017-09-01,COO-PYPL,0.0,250000.0,31
2017-09-01,COO-FIS,0.0,250000.0,31
2017-09-05,COO-MSFT,-630.6620635986328,250000.0,31
2017-09-05,COO-CTSH,3097.8108444213867,250000.0,31
2017-09-05,COO-NVDA,13862.84754562378,250000.0,31
2017-09-05,COO-PYPL,4437.933025360107,250000.0,31
2017-09-05,COO-FIS,1852.3880882263184,250000.0,31
2017-09-06,COO-MSFT,471.6563415527344,250000.0,31
2017-09-06,COO-CTSH,2405.4135360717773,250000.0,31
2017-09-06,COO-NVDA,16380.503204345703,250000.0,31
2017-09-06,COO-PYPL,5768.61194229126,250000.0,31
2017-09-06,COO-FIS,1643.4425468444824,250000.0,31
2017-09-07,COO-MSFT,-1529.946792602539,250000.0,31
2017-09-07,COO-CTSH,2717.1976165771484,250000.0,31
2017-09-07,COO-PYPL,6284.179500579834,250000.0,31
2017-09-08,COO-MSFT,1817.8544006347656,250000.0,31
2017-09-11,COO-MSFT,-205.9059600830078,250000.0,31
2017-09-12,COO-MSFT,-1009.7956695556641,250000.0,31
2017-09-18,COO-TDG,0.0,250000.0,31
2017-09-19,COO-JKHY,0.0,250000.0,31
2017-09-19,COO-MSFT,0.0,250000.0,31
2017-09-19,COO-PYPL,0.0,250000.0,31
2017-09-19,COO-FIS,0.0,250000.0,31
2017-09-19,COO-LMT,0.0,250000.0,31
2017-09-20,COO-JKHY,1618.511962890625,250000.0,31
2017-09-20,COO-MSFT,1711.5575866699219,250000.0,31
2017-09-20,COO-PYPL,-3428.4831619262695,250000.0,31
2017-09-20,COO-FIS,-17.313751220703125,250000.0,31
2017-09-20,COO-LMT,-1775.348159790039,250000.0,31
2017-09-21,COO-JKHY,-386.2830619812012,250000.0,31
2017-09-21,COO-MSFT,2441.565414428711,250000.0,31
2017-09-21,COO-PYPL,-7164.754486083984,250000.0,31
2017-09-21,COO-FIS,-1764.2463302612305,250000.0,31
2017-09-21,COO-LMT,-3841.6895790100098,250000.0,31
2017-09-22,COO-JKHY,850.6941375732422,250000.0,31
2017-09-22,COO-PYPL,-637.9477310180664,250000.0,31
2017-09-22,COO-FIS,1250.4479293823242,250000.0,31
2017-09-22,COO-LMT,-343.5321960449219,250000.0,31
2017-09-25,COO-PYPL,5639.612884521484,250000.0,31
2017-09-25,COO-FIS,1885.645263671875,250000.0,31
2017-09-25,COO-LMT,1080.8413543701172,250000.0,31
2017-09-26,COO-PYPL,3327.6712799072266,250000.0,31
2017-09-26,COO-FIS,248.93441772460938,250000.0,31
2017-09-26,COO-LMT,-3287.6932067871094,250000.0,31
2017-09-27,COO-PYPL,1316.0726928710938,250000.0,31
2017-09-27,COO-FIS,-921.9739379882812,250000.0,31
2017-09-27,COO-LMT,-3967.087013244629,250000.0,31
2017-09-28,COO-PYPL,-5335.803260803223,250000.0,31
2017-09-28,COO-FIS,-3864.216781616211,250000.0,31
2017-09-28,COO-LMT,-5189.965663909912,250000.0,31
2017-09-29,COO-PYPL,478.1785583496094,250000.0,31
2017-09-29,COO-FIS,-1076.416374206543,250000.0,31
2017-09-29,COO-LMT,-3195.062831878662,250000.0,31
2017-10-02,COO-PYPL,3776.265068054199,250000.0,31
2017-10-02,COO-FIS,915.1312713623047,250000.0,31
2017-10-02,COO-LMT,-2202.3995628356934,250000.0,31
2017-10-03,COO-PYPL,3124.067497253418,250000.0,31
2017-10-03,COO-FIS,493.11939239501953,250000.0,31
2017-10-03,COO-LMT,-3688.3218383789062,250000.0,31
2017-10-04,COO-PYPL,4971.313133239746,250000.0,31
2017-10-04,COO-FIS,140.6590805053711,250000.0,31
2017-10-05,COO-FIS,183.7840576171875,250000.0,31
2017-10-09,AVGO-GEN,0.0,250000.0,31
2017-10-27,ADSK-AVGO,0.0,250000.0,31
2017-09-05,FFIV-MO,0.0,250000.0,32
2017-09-06,FFIV-MO,-1200.742275238037,250000.0,32
2017-09-07,FFIV-MO,-1811.721607208252,250000.0,32
2017-09-08,FFIV-MO,-123.4115219116211,250000.0,32
2017-09-08,AJG-UNP,0.0,250000.0,32
2017-09-11,AJG-UNP,-2936.770118713379,250000.0,32
2017-09-11,AZO-LIN,0.0,250000.0,32
2017-09-11,DHI-ROK,0.0,250000.0,32
2017-09-12,AJG-UNP,-4512.244010925293,250000.0,32
2017-09-12,AZO-LIN,-63.76226043701172,250000.0,32
2017-09-12,DHI-ROK,1870.569107055664,250000.0,32
2017-09-13,AJG-UNP,-4045.31400680542,250000.0,32
2017-09-13,AZO-LIN,518.3311462402344,250000.0,32
2017-09-13,DHI-ROK,-905.5564880371094,250000.0,32
2017-09-14,AZO-LIN,843.3660736083984,250000.0,32
2017-09-14,DHI-ROK,-3771.7183685302734,250000.0,32
2017-09-15,AZO-LIN,368.38716888427734,250000.0,32
2017-09-27,ECL-VMC,0.0,250000.0,32
2017-09-28,ECL-VMC,441.24076080322266,250000.0,32
2017-09-29,ECL-VMC,-2881.064598083496,250000.0,32
2017-10-02,ECL-VMC,5676.20662689209,250000.0,32
2017-10-02,FFIV-MO,0.0,250000.0,32
2017-10-03,ECL-VMC,3720.129440307617,250000.0,32
2017-10-04,ECL-VMC,6777.004776000977,250000.0,32
2017-10-05,ECL-VMC,5393.634262084961,250000.0,32
2017-10-06,ECL-VMC,7524.734184265137,250000.0,32
2017-10-09,ECL-VMC,7966.316032409668,250000.0,32
2017-10-12,AZO-T,0.0,250000.0,32
2017-10-13,AZO-T,-1924.648078918457,250000.0,32
2017-10-16,AZO-T,1404.1965379714966,250000.0,32
2017-10-16,AZO-PSX,0.0,250000.0,32
2017-10-17,AZO-T,1021.0125389099121,250000.0,32
2017-10-17,AZO-PSX,-1713.4877319335938,250000.0,32
2017-10-18,AZO-T,-2469.9279775619507,250000.0,32
2017-10-18,AZO-PSX,-2610.0326538085938,250000.0,32
2017-10-19,AZO-T,-1659.8647394180298,250000.0,32
2017-10-19,AZO-PSX,-949.8993530273438,250000.0,32
2017-10-20,AZO-T,-2257.4242582321167,250000.0,32
2017-10-20,AZO-PSX,766.7538757324219,250000.0,32
2017-10-23,AZO-T,-4187.950319290161,250000.0,32
2017-10-23,AZO-PSX,2097.0247192382812,250000.0,32
2017-10-24,AZO-T,-6634.0224714279175,250000.0,32
2017-10-24,AZO-PSX,4078.3396911621094,250000.0,32
2017-10-25,AZO-PSX,3570.7063903808594,250000.0,32
2017-10-26,AZO-PSX,1718.371337890625,250000.0,32
2017-11-07,AZO-TFC,0.0,250000.0,32
2017-11-08,AZO-TFC,-1802.819564819336,250000.0,32
2017-11-09,AZO-TFC,-6204.2456703186035,250000.0,32
2017-11-15,FFIV-WST,0.0,250000.0,32
2017-11-16,FFIV-WST,-1903.5013122558594,250000.0,32
2017-11-16,ORLY-UHS,0.0,250000.0,32
2017-11-17,FFIV-WST,-3078.993522644043,250000.0,32
2017-11-17,ORLY-UHS,2101.1225452423096,250000.0,32
2017-11-20,FFIV-WST,-1161.9595642089844,250000.0,32
2017-11-20,ORLY-UHS,3076.9818954467773,250000.0,32
2017-11-21,FFIV-WST,395.23805236816406,250000.0,32
2017-11-21,ORLY-UHS,3054.893424987793,250000.0,32
2017-11-22,FFIV-WST,-2160.1092529296875,250000.0,32
2017-11-22,ORLY-UHS,-4559.954460144043,250000.0,32
2017-11-24,ORLY-UHS,-1870.2841300964355,250000.0,32
2017-11-27,ORLY-UHS,-2612.3340015411377,250000.0,32
2017-11-27,ECL-VMC,0.0,250000.0,32
2017-11-28,ECL-VMC,874.2522125244141,250000.0,32
2017-11-29,AZO-TFC,0.0,250000.0,32
2017-11-29,AZO-STT,0.0,250000.0,32
2017-11-29,ORLY-UHS,0.0,250000.0,32
2017-11-30,AZO-TFC,-1641.206298828125,250000.0,32
2017-11-30,AZO-STT,-1842.2866973876953,250000.0,32
2017-11-30,ORLY-UHS,-2195.6949672698975,250000.0,32
2017-10-09,DVA-FLEX,0.0,250000.0,33
2017-10-09,DVA-IBM,0.0,250000.0,33
2017-10-10,DVA-FLEX,-1674.3032855987549,250000.0,33
2017-10-10,DVA-IBM,-1101.0297775268555,250000.0,33
2017-10-10,CAH-CVNA,0.0,250000.0,33
2017-10-11,DVA-FLEX,-3501.3867893218994,250000.0,33
2017-10-11,DVA-IBM,827.3240242004395,250000.0,33
2017-10-11,CAH-CVNA,6087.165071487427,250000.0,33
2017-10-12,DVA-FLEX,-4783.241512298584,250000.0,33
2017-10-12,DVA-IBM,1537.2192916870117,250000.0,33
2017-10-12,CAH-CVNA,-878.9036502838135,250000.0,33
2017-10-13,DVA-FLEX,-6321.254570007324,250000.0,33
2017-10-13,DVA-IBM,2018.0349159240723,250000.0,33
2017-10-13,CAH-CVNA,6418.268846511841,250000.0,33
2017-10-16,DVA-FLEX,-4173.140779495239,250000.0,33
2017-10-16,DVA-IBM,6473.335472106934,250000.0,33
2017-10-16,CAH-CVNA,7772.921718597412,250000.0,33
2017-10-17,DVA-FLEX,-4720.383777618408,250000.0,33
2017-10-17,DVA-IBM,6165.652156829834,250000.0,33
2017-10-17,CAH-CVNA,5255.351737976074,250000.0,33
2017-10-18,CAH-CVNA,7229.448135375977,250000.0,33
2017-10-19,CAH-CVNA,-9835.79308128357,250000.0,33
2017-10-19,COHR-DOV,0.0,250000.0,33
2017-10-20,COHR-DOV,2535.410614013672,250000.0,33
2017-10-23,COHR-DOV,4599.333190917969,250000.0,33
2017-10-24,COHR-DOV,2748.1994247436523,250000.0,33
2017-10-25,COHR-DOV,-653.0404281616211,250000.0,33
2017-10-26,COHR-DOV,2413.078384399414,250000.0,33
2017-10-27,COHR-DOV,268.2618713378906,250000.0,33
2017-10-27,LDOS-ODFL,0.0,250000.0,33
2017-10-27,CAH-ORCL,0.0,250000.0,33
2017-10-30,COHR-DOV,889.2615127563477,250000.0,33
2017-10-30,LDOS-ODFL,5160.348342895508,250000.0,33
2017-10-30,CAH-ORCL,824.4112014770508,250000.0,33
2017-10-31,COHR-DOV,-3860.333595275879,250000.0,33
2017-10-31,LDOS-ODFL,5987.863349914551,250000.0,33
2017-10-31,CAH-ORCL,-154.33733367919922,250000.0,33
2017-10-31,GRMN-MET,0.0,250000.0,33
2017-11-01,COHR-DOV,-2769.8751831054688,250000.0,33
2017-11-01,LDOS-ODFL,9332.584274291992,250000.0,33
2017-11-01,CAH-ORCL,1265.8089981079102,250000.0,33
2017-11-02,LDOS-ODFL,6353.291221618652,250000.0,33
2017-11-02,CAH-ORCL,2467.976028442383,250000.0,33
2017-11-02,CPAY-MET,0.0,250000.0,33
2017-11-03,LDOS-ODFL,9879.144836425781,250000.0,33
2017-11-03,CAH-ORCL,3117.3868560791016,250000.0,33
2017-11-03,CPAY-MET,765.1585807800293,250000.0,33
2017-11-06,LDOS-ODFL,8368.579410552979,250000.0,33
2017-11-06,CAH-ORCL,1460.060806274414,250000.0,33
2017-11-06,CPAY-MET,-1776.3499717712402,250000.0,33
2017-11-07,LDOS-ODFL,6000.365173339844,250000.0,33
2017-11-07,CPAY-MET,-2777.715888977051,250000.0,33
2017-11-08,LDOS-ODFL,5380.379508972168,250000.0,33
2017-11-08,CPAY-MET,-3319.606269836426,250000.0,33
2017-11-09,LDOS-ODFL,7249.566539764404,250000.0,33
2017-11-09,CPAY-MET,-5443.291774749756,250000.0,33
2017-11-10,LDOS-ODFL,8385.454166412354,250000.0,33
2017-11-13,LDOS-ODFL,8940.945529937744,250000.0,33
2017-11-14,LDOS-ODFL,6537.188907623291,250000.0,33
2017-11-15,LDOS-ODFL,11315.791625976562,250000.0,33
2017-11-15,TDY-WST,0.0,250000.0,33
2017-11-16,LDOS-ODFL,7904.850257873535,250000.0,33
2017-11-16,TDY-WST,-731.3042907714844,250000.0,33
2017-11-17,LDOS-ODFL,5719.863437652588,250000.0,33
2017-11-17,TDY-WST,864.286506652832,250000.0,33
2017-11-20,LDOS-ODFL,4552.854473114014,250000.0,33
2017-11-20,TDY-WST,1348.5975646972656,250000.0,33
2017-11-21,TDY-WST,-260.52781677246094,250000.0,33
2017-11-22,TDY-WST,-2635.5940551757812,250000.0,33
2017-11-22,ANET-JBHT,0.0,250000.0,33
2017-11-24,TDY-WST,-6263.805824279785,250000.0,33
2017-11-24,ANET-JBHT,886.3922662734985,250000.0,33
2017-11-27,TDY-WST,-6111.2033767700195,250000.0,33
2017-11-27,ANET-JBHT,737.9137954711914,250000.0,33
2017-11-28,ANET-JBHT,-2998.3199100494385,250000.0,33
2017-11-28,CPAY-MET,0.0,250000.0,33
2017-11-29,CPAY-MET,-4725.602630615234,250000.0,33
2017-11-29,CAH-CVNA,0.0,250000.0,33
2017-11-29,GRMN-MET,0.0,250000.0,33
2017-11-29,COHR-DOV,0.0,250000.0,33
2017-11-30,CPAY-MET,-3599.1369018554688,250000.0,33
2017-11-30,CAH-CVNA,9597.437292575836,250000.0,33
2017-11-30,GRMN-MET,-1394.2126579284668,250000.0,33
2017-11-30,COHR-DOV,-5566.825210571289,250000.0,33
2017-12-01,CPAY-MET,-4031.02587890625,250000.0,33
2017-12-01,GRMN-MET,-3158.762683868408,250000.0,33
2017-12-01,COHR-DOV,-7119.748001098633,250000.0,33
2017-12-04,CPAY-MET,-2030.5626831054688,250000.0,33
2017-12-04,GRMN-MET,-4140.3736572265625,250000.0,33
2017-12-05,CPAY-MET,923.4390258789062,250000.0,33
2017-12-05,GRMN-MET,215.62117385864258,250000.0,33
2017-12-06,CPAY-MET,1566.0374450683594,250000.0,33
2017-12-06,GRMN-MET,254.80284881591797,250000.0,33
2017-12-06,DVA-IBM,0.0,250000.0,33
2017-12-07,CPAY-MET,-457.52630615234375,250000.0,33
2017-12-07,GRMN-MET,-3107.007682800293,250000.0,33
2017-12-07,DVA-IBM,654.327507019043,250000.0,33
2017-12-08,CPAY-MET,-595.3798217773438,250000.0,33
2017-12-08,GRMN-MET,-1300.1317100524902,250000.0,33
2017-12-08,DVA-IBM,2246.9411087036133,250000.0,33
2017-12-11,CPAY-MET,1977.768310546875,250000.0,33
2017-12-11,GRMN-MET,-1502.6662673950195,250000.0,33
2017-12-11,DVA-IBM,1897.2330856323242,250000.0,33
2017-12-12,CPAY-MET,1954.0388488769531,250000.0,33
2017-12-12,GRMN-MET,-3684.868938446045,250000.0,33
2017-12-12,DVA-IBM,3400.648536682129,250000.0,33
2017-12-13,GRMN-MET,-548.3887329101562,250000.0,33
2017-12-13,DVA-IBM,-1851.709327697754,250000.0,33
2017-12-14,DVA-IBM,-37.292022705078125,250000.0,33
2017-12-15,DVA-IBM,-3565.7696533203125,250000.0,33
2017-12-15,CPAY-MET,0.0,250000.0,33
2017-12-18,DVA-IBM,-2623.4917068481445,250000.0,33
2017-12-18,CPAY-MET,-2683.286376953125,250000.0,33
2017-12-18,CAH-DRI,0.0,250000.0,33
2017-12-19,DVA-IBM,-3322.3597717285156,250000.0,33
2017-12-19,CPAY-MET,-2248.3569946289062,250000.0,33
2017-12-20,DVA-IBM,-3739.8514556884766,250000.0,33
2017-12-20,CPAY-MET,-1981.6878509521484,250000.0,33
2017-12-21,CPAY-MET,-2503.596450805664,250000.0,33
2017-12-22,CPAY-MET,-3375.037666320801,250000.0,33
2017-12-26,CPAY-MET,-4352.027275085449,250000.0,33
2017-12-27,CPAY-MET,-4018.273017883301,250000.0,33
2017-12-28,CPAY-MET,-4630.172660827637,250000.0,33
2017-12-29,CPAY-MET,-5555.118675231934,250000.0,33
2017-11-01,PLD-STE,0.0,250000.0,34
2017-11-02,ALL-CSCO,0.0,250000.0,34
2017-11-02,ACGL-CHRW,0.0,250000.0,34
2017-11-03,ALL-CSCO,1920.201156616211,250000.0,34
2017-11-03,ACGL-CHRW,-3854.102247238159,250000.0,34
2017-11-06,ALL-CSCO,-1063.0461120605469,250000.0,34
2017-11-06,ACGL-CHRW,2288.333013534546,250000.0,34
2017-11-06,ALL-NWS,0.0,250000.0,34
2017-11-07,ALL-CSCO,-1319.4005737304688,250000.0,34
2017-11-07,ACGL-CHRW,-1935.1496124267578,250000.0,34
2017-11-07,ALL-NWS,2613.270565032959,250000.0,34
2017-11-07,CHRW-SYF,0.0,250000.0,34
2017-11-08,ALL-CSCO,-405.4375915527344,250000.0,34
2017-11-08,ACGL-CHRW,-3059.4181022644043,250000.0,34
2017-11-08,ALL-NWS,1718.2604141235352,250000.0,34
2017-11-08,CHRW-SYF,-2392.440574645996,250000.0,34
2017-11-09,ALL-CSCO,-3408.6610412597656,250000.0,34
2017-11-09,ACGL-CHRW,-1021.2386856079102,250000.0,34
2017-11-09,ALL-NWS,-3492.194564819336,250000.0,34
2017-11-09,CHRW-SYF,-2296.5092544555664,250000.0,34
2017-11-10,ALL-CSCO,-4193.158462524414,250000.0,34
2017-11-10,ACGL-CHRW,-2593.947389602661,250000.0,34
2017-11-10,CHRW-SYF,-2041.4267501831055,250000.0,34
2017-11-10,CB-NWS,0.0,250000.0,34
2017-11-13,ALL-CSCO,-5136.971649169922,250000.0,34
2017-11-13,ACGL-CHRW,-1017.9418449401855,250000.0,34
2017-11-13,CHRW-SYF,1940.7032852172852,250000.0,34
2017-11-13,CB-NWS,-812.3981084823608,250000.0,34
2017-11-14,ALL-CSCO,-5497.141876220703,250000.0,34
2017-11-14,ACGL-CHRW,-1717.4780712127686,250000.0,34
2017-11-14,CHRW-SYF,1697.2581176757812,250000.0,34
2017-11-14,CB-NWS,-562.4846954345703,250000.0,34
2017-11-14,AJG-FANG,0.0,250000.0,34
2017-11-15,ALL-CSCO,-5881.460174560547,250000.0,34
2017-11-15,ACGL-CHRW,3897.6242904663086,250000.0,34
2017-11-15,CHRW-SYF,1956.7770195007324,250000.0,34
2017-11-15,CB-NWS,-161.94090270996094,250000.0,34
2017-11-15,AJG-FANG,-5307.158668518066,250000.0,34
2017-11-15,CDW-F,0.0,250000.0,34
2017-11-16,ACGL-CHRW,-1191.3207149505615,250000.0,34
2017-11-16,CB-NWS,-9356.668457984924,250000.0,34
2017-11-16,AJG-FANG,-8769.703945159912,250000.0,34
2017-11-16,CDW-F,1280.4559445381165,250000.0,34
2017-11-17,ACGL-CHRW,6256.072116851807,250000.0,34
2017-11-17,AJG-FANG,-7348.797332763672,250000.0,34
2017-11-17,CDW-F,912.6078128814697,250000.0,34
2017-11-20,ACGL-CHRW,5523.883735656738,250000.0,34
2017-11-20,AJG-FANG,-6616.266975402832,250000.0,34
2017-11-20,CDW-F,462.46002435684204,250000.0,34
2017-11-21,ACGL-CHRW,10167.482475280762,250000.0,34
2017-11-21,AJG-FANG,-10075.294841766357,250000.0,34
2017-11-21,CDW-F,-418.23145389556885,250000.0,34
2017-11-22,ACGL-CHRW,2024.1348419189453,250000.0,34
2017-11-22,AJG-FANG,-7631.222301483154,250000.0,34
2017-11-22,CDW-F,944.8362612724304,250000.0,34
2017-11-24,ACGL-CHRW,959.3200149536133,250000.0,34
2017-11-24,AJG-FANG,2799.5889320373535,250000.0,34
2017-11-24,CDW-F,544.7977900505066,250000.0,34
2017-11-27,ACGL-CHRW,4326.886375427246,250000.0,34
2017-11-27,AJG-FANG,-6302.698497772217,250000.0,34
2017-11-27,CDW-F,593.3735513687134,250000.0,34
2017-11-28,AJG-FANG,-10051.488258361816,250000.0,34
2017-11-28,NSC-WAB,0.0,250000.0,34
2017-11-29,NSC-WAB,-4428.533462524414,250000.0,34
2017-11-29,PLD-STE,0.0,250000.0,34
2017-11-29,ACGL-CHRW,0.0,250000.0,34
2017-11-30,NSC-WAB,-3130.892921447754,250000.0,34
2017-11-30,PLD-STE,-1208.1896591186523,250000.0,34
2017-11-30,ACGL-CHRW,-8795.25942993164,250000.0,34
2017-11-30,NOC-RTX,0.0,250000.0,34
2017-11-30,FTV-RTX,0.0,250000.0,34
2017-12-01,NSC-WAB,-1617.9455947875977,250000.0,34
2017-12-01,PLD-STE,-439.87741470336914,250000.0,34
2017-12-01,ACGL-CHRW,-8204.410890579224,250000.0,34
2017-12-01,NOC-RTX,1451.9353942871094,250000.0,34
2017-12-01,FTV-RTX,2696.2750244140625,250000.0,34
2017-12-04,NSC-WAB,-4921.403709411621,250000.0,34
2017-12-04,PLD-STE,-548.9688301086426,250000.0,34
2017-12-04,ACGL-CHRW,-10775.508951187134,250000.0,34
2017-12-04,NOC-RTX,1793.2846221923828,250000.0,34
2017-12-04,FTV-RTX,2654.632125854492,250000.0,34
2017-12-04,CHRW-SYF,0.0,250000.0,34
2017-12-05,NSC-WAB,-3139.8957748413086,250000.0,34
2017-12-05,PLD-STE,-3132.2390937805176,250000.0,34
2017-12-05,NOC-RTX,745.1314239501953,250000.0,34
2017-12-05,FTV-RTX,1385.332046508789,250000.0,34
2017-12-05,CHRW-SYF,-382.4274158477783,250000.0,34
2017-12-05,APO-LEN,0.0,250000.0,34
2017-12-06,PLD-STE,-2222.9813957214355,250000.0,34
2017-12-06,NOC-RTX,-662.716064453125,250000.0,34
2017-12-06,FTV-RTX,-287.2715759277344,250000.0,34
2017-12-06,CHRW-SYF,1012.0009994506836,250000.0,34
2017-12-06,APO-LEN,347.3345031738281,250000.0,34
2017-12-07,PLD-STE,1197.1099472045898,250000.0,34
2017-12-07,NOC-RTX,-2661.912551879883,250000.0,34
2017-12-07,FTV-RTX,-2574.646011352539,250000.0,34
2017-12-07,CHRW-SYF,1769.0586280822754,250000.0,34
2017-12-07,APO-LEN,355.7687454223633,250000.0,34
2017-12-08,PLD-STE,2840.142192840576,250000.0,34
2017-12-08,NOC-RTX,-2938.035202026367,250000.0,34
2017-12-08,FTV-RTX,-3365.502243041992,250000.0,34
2017-12-08,CHRW-SYF,2206.2801265716553,250000.0,34
2017-12-11,NOC-RTX,-4157.396621704102,250000.0,34
2017-12-11,FTV-RTX,-4775.020645141602,250000.0,34
2017-12-11,CHRW-SYF,962.6435470581055,250000.0,34
2017-12-11,APO-LEN,0.0,250000.0,34
2017-12-12,NOC-RTX,-4011.344924926758,250000.0,34
2017-12-12,CHRW-SYF,2544.9796199798584,250000.0,34
2017-12-12,APO-LEN,-3161.8350524902344,250000.0,34
2017-12-13,APO-LEN,-430.03385162353516,250000.0,34
2017-12-13,HD-SYF,0.0,250000.0,34
2017-12-14,APO-LEN,407.65102767944336,250000.0,34
2017-12-14,HD-SYF,3662.9196395874023,250000.0,34
2017-12-15,APO-LEN,-508.03971099853516,250000.0,34
2017-12-15,HD-SYF,4390.014925003052,250000.0,34
2017-12-18,APO-LEN,517.7887496948242,250000.0,34
2017-12-19,APO-LEN,-263.63892364501953,250000.0,34
2017-12-19,PLD-STE,0.0,250000.0,34
2017-12-20,APO-LEN,1507.5229187011719,250000.0,34
2017-12-20,PLD-STE,1391.209774017334,250000.0,34
2017-12-21,APO-LEN,-3069.9236183166504,250000.0,34
2017-12-21,AJG-FANG,0.0,250000.0,34
2017-12-22,APO-LEN,-5190.039627075195,250000.0,34
2017-12-22,AJG-FANG,-5134.6469650268555,250000.0,34
2017-12-26,AJG-FANG,-6298.980587005615,250000.0,34
2017-12-27,AJG-FANG,1431.3533668518066,250000.0,34
2017-12-28,AJG-FANG,-543.0287780761719,250000.0,34
2017-12-29,AJG-FANG,-4379.306858062744,250000.0,34
2018-01-02,AJG-FANG,-15154.475368499756,250000.0,34
2018-01-02,DG-WRB,0.0,250000.0,34
2018-01-02,ALL-CSCO,0.0,250000.0,34
2018-01-03,AJG-FANG,-14613.37060546875,250000.0,34
2018-01-03,DG-WRB,-1994.9093379974365,250000.0,34
2018-01-03,ALL-CSCO,-1830.2548904418945,250000.0,34
2018-01-03,NOC-RTX,0.0,250000.0,34
2018-01-03,FTV-RTX,0.0,250000.0,34
2018-01-04,AJG-FANG,-12662.21057510376,250000.0,34
2018-01-04,DG-WRB,-2177.671398162842,250000.0,34
2018-01-04,ALL-CSCO,-5769.096603393555,250000.0,34
2018-01-04,NOC-RTX,235.07022094726562,250000.0,34
2018-01-04,F-RTX,0.0,250000.0,34
2018-01-05,DG-WRB,-3889.963539123535,250000.0,34
2018-01-05,NOC-RTX,-2095.4989624023438,250000.0,34
2018-01-05,F-RTX,-844.0205230712891,250000.0,34
2018-01-08,DG-WRB,-3727.4033794403076,250000.0,34
2018-01-09,BMY-STT,0.0,250000.0,34
2018-01-09,APO-LEN,0.0,250000.0,34
2018-01-16,HD-SYF,0.0,250000.0,34
2018-01-17,HD-SYF,-5714.151679992676,250000.0,34
2018-01-17,F-RTX,0.0,250000.0,34
2018-01-17,CDW-F,0.0,250000.0,34
2018-01-18,HD-SYF,-7933.543907165527,250000.0,34
2018-01-18,F-RTX,-3277.878276348114,250000.0,34
2018-01-18,CDW-F,-2995.879189014435,250000.0,34
2018-01-19,HD-SYF,-5838.998756408691,250000.0,34
2018-01-19,F-RTX,-7537.612242698669,250000.0,34
2018-01-19,CDW-F,-7812.95271396637,250000.0,34
2018-01-22,HD-SYF,-4778.689888000488,250000.0,34
2018-01-22,F-RTX,-5722.846462726593,250000.0,34
2018-01-22,CDW-F,-6926.363891124725,250000.0,34
2018-01-23,HD-SYF,-3888.9829711914062,250000.0,34
2018-01-23,F-RTX,-8842.868853092194,250000.0,34
2018-01-23,CDW-F,-9562.452996730804,250000.0,34
2018-01-23,ALL-CSCO,0.0,250000.0,34
2018-01-23,CB-NWS,0.0,250000.0,34
2018-01-24,HD-SYF,-6623.7054443359375,250000.0,34
2018-01-24,F-RTX,-5799.243392944336,250000.0,34
2018-01-24,CDW-F,-6382.081855773926,250000.0,34
2018-01-24,ALL-CSCO,-4726.918544769287,250000.0,34
2018-01-24,CB-NWS,-860.0243453979492,250000.0,34
2018-01-25,HD-SYF,-6086.832275390625,250000.0,34
2018-01-25,ALL-CSCO,-437.1088409423828,250000.0,34
2018-01-25,CB-NWS,-2141.9487133026123,250000.0,34
2018-01-26,HD-SYF,-5416.985458374023,250000.0,34
2018-01-26,ALL-CSCO,-4980.878791809082,250000.0,34
2018-01-26,CB-NWS,-186.02417850494385,250000.0,34
2018-01-26,AJG-FANG,0.0,250000.0,34
2018-01-29,HD-SYF,-1421.9754943847656,250000.0,34
2018-01-29,CB-NWS,-776.25,250000.0,34
2018-01-29,AJG-FANG,2401.2877807617188,250000.0,34
2018-01-30,HD-SYF,907.3293151855469,250000.0,34
2018-01-30,CB-NWS,-505.3538646697998,250000.0,34
2018-01-30,AJG-FANG,-251.4933624267578,250000.0,34
2018-01-31,HD-SYF,2940.2989044189453,250000.0,34
2018-01-31,CB-NWS,-1233.768991470337,250000.0,34
2018-01-31,AJG-FANG,4440.28409576416,250000.0,34
2017-12-01,NOC-SWK,0.0,250000.0,35
2017-12-04,NOC-SWK,-633.1060791015625,250000.0,35
2017-12-04,PAYX-PEG,0.0,250000.0,35
2017-12-04,PWR-STE,0.0,250000.0,35
2017-12-05,NOC-SWK,-1376.7924499511719,250000.0,35
2017-12-05,PWR-STE,694.1992797851562,250000.0,35
2017-12-05,IT-PLD,0.0,250000.0,35
2017-12-05,EXR-PLD,0.0,250000.0,35
2017-12-06,NOC-SWK,977.8805847167969,250000.0,35
2017-12-06,PWR-STE,1080.9391326904297,250000.0,35
2017-12-06,IT-PLD,-298.7623825073242,250000.0,35
2017-12-06,EXR-PLD,30.361164093017578,250000.0,35
2017-12-07,PWR-STE,-396.4270324707031,250000.0,35
2017-12-08,PWR-STE,-5665.753852844238,250000.0,35
2017-12-12,CASY-MAR,0.0,250000.0,35
2017-12-13,CASY-MAR,3139.056221008301,250000.0,35
2017-12-13,FTV-PRU,0.0,250000.0,35
2017-12-14,CASY-MAR,-7035.278770446777,250000.0,35
2017-12-15,CASY-MAR,-5656.478355407715,250000.0,35
2017-12-15,MCK-SMCI,0.0,250000.0,35
2017-12-18,CASY-MAR,-6086.865783691406,250000.0,35
2017-12-18,MCK-SMCI,4199.872741699219,250000.0,35
2017-12-18,PAYX-PGR,0.0,250000.0,35
2017-12-19,CASY-MAR,-5736.503448486328,250000.0,35
2017-12-19,IT-PLD,0.0,250000.0,35
2017-12-19,EXR-PLD,0.0,250000.0,35
2017-12-20,CASY-MAR,1655.5842666625977,250000.0,35
2017-12-20,IT-PLD,-1250.6002960205078,250000.0,35
2017-12-20,EXR-PLD,-519.2085189819336,250000.0,35
2017-12-21,CASY-MAR,949.6236801147461,250000.0,35
2017-12-21,IT-PLD,-1563.8406600952148,250000.0,35
2017-12-21,EXR-PLD,33.133811950683594,250000.0,35
2017-12-22,CASY-MAR,4585.456008911133,250000.0,35
2017-12-22,IT-PLD,1808.9603424072266,250000.0,35
2017-12-22,EXR-PLD,1890.8207168579102,250000.0,35
2017-12-26,CASY-MAR,4257.070327758789,250000.0,35
2017-12-26,IT-PLD,1648.0354461669922,250000.0,35
2017-12-26,EXR-PLD,866.0413665771484,250000.0,35
2017-12-27,CASY-MAR,727.9964599609375,250000.0,35
2017-12-27,IT-PLD,3676.2992401123047,250000.0,35
2017-12-27,EXR-PLD,1796.529426574707,250000.0,35
2017-12-28,CASY-MAR,4917.933410644531,250000.0,35
2017-12-28,EXR-PLD,3182.5423698425293,250000.0,35
2017-12-29,CASY-MAR,4502.771926879883,250000.0,35
2017-12-29,EXR-PLD,2645.7319259643555,250000.0,35
2018-01-02,CASY-MAR,10051.125564575195,250000.0,35
2018-01-02,EXR-PLD,3238.3890991210938,250000.0,35
2018-01-03,CASY-MAR,34434.60703277588,250000.0,35
2018-01-03,EXR-PLD,2504.2587280273438,250000.0,35
2018-01-03,PAYX-PGR,0.0,250000.0,35
2018-01-04,PAYX-PGR,-2098.551986694336,250000.0,35
2018-01-04,PAYX-PEG,0.0,250000.0,35
2018-01-04,DOV-FTV,0.0,250000.0,35
2018-01-04,FTV-PRU,0.0,250000.0,35
2018-01-05,PAYX-PGR,-475.9369430541992,250000.0,35
2018-01-05,PAYX-PEG,2616.519313812256,250000.0,35
2018-01-05,DOV-FTV,1672.0499992370605,250000.0,35
2018-01-08,PAYX-PGR,1671.7340087890625,250000.0,35
2018-01-08,PAYX-PEG,4474.466770172119,250000.0,35
2018-01-08,DOV-FTV,2276.234966278076,250000.0,35
2018-01-08,NOC-SWK,0.0,250000.0,35
2018-01-08,PWR-STE,0.0,250000.0,35
2018-01-09,PAYX-PEG,4734.094371795654,250000.0,35
2018-01-09,NOC-SWK,608.3116455078125,250000.0,35
2018-01-09,PWR-STE,-3828.3664894104004,250000.0,35
2018-01-09,PAYX-RF,0.0,250000.0,35
2018-01-09,ERIE-JNJ,0.0,250000.0,35
2018-01-10,PAYX-PEG,4280.773323059082,250000.0,35
2018-01-10,NOC-SWK,1740.3479919433594,250000.0,35
2018-01-10,PWR-STE,-4752.6283531188965,250000.0,35
2018-01-10,ERIE-JNJ,225.47357177734375,250000.0,35
2018-01-10,FTV-PRU,0.0,250000.0,35
2018-01-10,DAL-LUV,0.0,250000.0,35
2018-01-11,NOC-SWK,1389.6729125976562,250000.0,35
2018-01-11,PWR-STE,-4598.600566864014,250000.0,35
2018-01-11,ERIE-JNJ,499.5260009765625,250000.0,35
2018-01-11,FTV-PRU,-1503.1391296386719,250000.0,35
2018-01-11,DAL-LUV,-7534.979843139648,250000.0,35
2018-01-12,ERIE-JNJ,-1442.0479278564453,250000.0,35
2018-01-12,FTV-PRU,1024.9212951660156,250000.0,35
2018-01-16,ERIE-JNJ,-5616.453239440918,250000.0,35
2018-01-16,FTV-PRU,3083.9075927734375,250000.0,35
2018-01-17,ERIE-JNJ,-3332.638717651367,250000.0,35
2018-01-17,FTV-PRU,3613.974678039551,250000.0,35
2018-01-18,ERIE-JNJ,-3643.951187133789,250000.0,35
2018-01-18,FTV-PRU,2646.843437194824,250000.0,35
2018-01-18,CSGP-MA,0.0,250000.0,35
2018-01-19,FTV-PRU,1401.1561813354492,250000.0,35
2018-01-19,CSGP-MA,-678.9553871154785,250000.0,35
2018-01-19,MCK-SMCI,0.0,250000.0,35
2018-01-22,FTV-PRU,-597.4808578491211,250000.0,35
2018-01-22,CSGP-MA,1085.6801376342773,250000.0,35
2018-01-22,MCK-SMCI,-4360.81737112999,250000.0,35
2018-01-23,FTV-PRU,3461.7737045288086,250000.0,35
2018-01-23,MCK-SMCI,-942.3545854091644,250000.0,35
2018-01-23,PAYX-PGR,0.0,250000.0,35
2018-01-23,EXR-PLD,0.0,250000.0,35
2018-01-24,FTV-PRU,3488.568603515625,250000.0,35
2018-01-24,MCK-SMCI,2710.325958251953,250000.0,35
2018-01-24,PAYX-PGR,129.51075744628906,250000.0,35
2018-01-24,EXR-PLD,1022.9083595275879,250000.0,35
2018-01-25,FTV-PRU,1948.0132369995117,250000.0,35
2018-01-25,MCK-SMCI,4753.262535572052,250000.0,35
2018-01-25,PAYX-PGR,-360.0706100463867,250000.0,35
2018-01-25,EXR-PLD,1628.651523590088,250000.0,35
2018-01-25,NOC-SWK,0.0,250000.0,35
2018-01-26,MCK-SMCI,-7428.3717312812805,250000.0,35
2018-01-26,EXR-PLD,397.3852882385254,250000.0,35
2018-01-26,NOC-SWK,-9318.456665039062,250000.0,35
2018-01-26,DOV-FTV,0.0,250000.0,35
2018-01-26,FICO-ZTS,0.0,250000.0,35
2018-01-29,EXR-PLD,3207.021312713623,250000.0,35
2018-01-29,DOV-FTV,-369.39697265625,250000.0,35
2018-01-30,DOV-FTV,3225.6953353881836,250000.0,35
2018-01-30,SHW-UNH,0.0,250000.0,35
2018-01-31,DOV-FTV,2647.0313415527344,250000.0,35
2018-01-31,SHW-UNH,2965.9063568115234,250000.0,35
2018-01-31,PAYX-TSN,0.0,250000.0,35
2018-02-05,IT-PLD,0.0,250000.0,35
2018-02-05,DOV-FTV,0.0,250000.0,35
2018-02-05,PWR-STE,0.0,250000.0,35
2018-02-06,IT-PLD,-3987.886100769043,250000.0,35
2018-02-06,DOV-FTV,559.1615982055664,250000.0,35
2018-02-06,PWR-STE,-336.8215866088867,250000.0,35
2018-02-07,IT-PLD,-9081.416240692139,250000.0,35
2018-02-07,DOV-FTV,-978.1703834533691,250000.0,35
2018-02-08,DOV-FTV,-6890.395168304443,250000.0,35
2018-02-08,PAYX-TSN,0.0,250000.0,35
2018-02-09,DOV-FTV,3734.5086975097656,250000.0,35
2018-02-09,PAYX-TSN,9112.307258605957,250000.0,35
2018-01-04,MSCI-TYL,0.0,250000.0,36
2018-01-05,MSCI-TYL,389.045654296875,250000.0,36
2018-01-05,CPAY-NSC,0.0,250000.0,36
2018-01-08,MSCI-TYL,-568.4264373779297,250000.0,36
2018-01-09,MSCI-TYL,-2196.7923889160156,250000.0,36
2018-01-10,MSCI-TYL,-1429.7313537597656,250000.0,36
2018-01-10,CPAY-VLO,0.0,250000.0,36
2018-01-10,BKNG-NI,0.0,250000.0,36
2018-01-11,MSCI-TYL,-3121.083984375,250000.0,36
2018-01-11,CPAY-VLO,-771.7439575195312,250000.0,36
2018-01-11,BKNG-NI,574.1222534179688,250000.0,36
2018-01-12,MSCI-TYL,-2388.4991455078125,250000.0,36
2018-01-12,BKNG-NI,700.3750152587891,250000.0,36
2018-01-16,BKNG-NI,287.9351806640625,250000.0,36
2018-01-17,BKNG-NI,2396.594997406006,250000.0,36
2018-01-18,BKNG-NI,-24.182090759277344,250000.0,36
2018-01-19,BKNG-NI,-907.7989158630371,250000.0,36
2018-01-19,CPAY-NSC,0.0,250000.0,36
2018-01-22,CPAY-NSC,42.51397705078125,250000.0,36
2018-01-23,CPAY-NSC,-910.4949035644531,250000.0,36
2018-01-24,CPAY-NSC,-3128.5767669677734,250000.0,36
2018-01-24,CPAY-LUV,0.0,250000.0,36
2018-01-25,CPAY-LUV,-11076.881385803223,250000.0,36
2018-01-25,CPAY-VLO,0.0,250000.0,36
2018-01-25,CPAY-UNP,0.0,250000.0,36
2018-01-26,CPAY-LUV,-8483.267601013184,250000.0,36
2018-01-26,CPAY-VLO,3981.3229370117188,250000.0,36
2018-01-26,CPAY-UNP,1263.446662902832,250000.0,36
2018-01-29,CPAY-LUV,-8930.998168945312,250000.0,36
2018-01-29,CPAY-VLO,270.49652099609375,250000.0,36
2018-01-29,CPAY-UNP,6579.124580383301,250000.0,36
2018-01-30,CPAY-LUV,-10777.711456298828,250000.0,36
2018-01-30,CPAY-VLO,-4556.700927734375,250000.0,36
2018-01-30,CPAY-UNP,5673.819595336914,250000.0,36
2018-01-31,CPAY-LUV,-8887.958847045898,250000.0,36
2018-01-31,CPAY-VLO,-3524.7453002929688,250000.0,36
2018-01-31,CPAY-UNP,-544.6986999511719,250000.0,36
2018-01-31,CPAY-STLD,0.0,250000.0,36
2018-01-31,MSCI-STE,0.0,250000.0,36
2018-02-01,CPAY-LUV,-9994.379722595215,250000.0,36
2018-02-01,CPAY-VLO,-5459.2451171875,250000.0,36
2018-02-01,CPAY-UNP,-1464.116310119629,250000.0,36
2018-02-01,CPAY-STLD,2383.537700653076,250000.0,36
2018-02-01,MSCI-STE,-333.0099792480469,250000.0,36
2018-02-01,MSCI-TYL,0.0,250000.0,36
2018-02-01,MSCI-TECH,0.0,250000.0,36
2018-02-02,CPAY-VLO,-5255.535186767578,250000.0,36
2018-02-02,CPAY-UNP,-3595.399383544922,250000.0,36
2018-02-02,CPAY-STLD,-885.2342071533203,250000.0,36
2018-02-02,MSCI-STE,-1636.1847534179688,250000.0,36
2018-02-02,MSCI-TYL,113.39117431640625,250000.0,36
2018-02-02,MSCI-TECH,2531.6952362060547,250000.0,36
2018-02-02,ALL-CHD,0.0,250000.0,36
2018-02-05,CPAY-VLO,-6264.811828613281,250000.0,36
2018-02-05,CPAY-UNP,-6615.448699951172,250000.0,36
2018-02-05,CPAY-STLD,2667.2427940368652,250000.0,36
2018-02-05,MSCI-TYL,-79.63338470458984,250000.0,36
2018-02-05,MSCI-TECH,2889.5090713500977,250000.0,36
2018-02-05,CPAY-WFC,0.0,250000.0,36
2018-02-06,CPAY-UNP,3574.2936630249023,250000.0,36
2018-02-06,CPAY-STLD,4765.825134277344,250000.0,36
2018-02-06,MSCI-TYL,-4086.854072570801,250000.0,36
2018-02-06,MSCI-TECH,7333.369964599609,250000.0,36
2018-02-06,CPAY-WFC,-6354.0297775268555,250000.0,36
2018-02-07,CPAY-UNP,-401.07786560058594,250000.0,36
2018-02-07,CPAY-STLD,5307.5188636779785,250000.0,36
2018-02-07,MSCI-TYL,-4133.568946838379,250000.0,36
2018-02-07,MSCI-TECH,3663.3365173339844,250000.0,36
2018-02-07,CPAY-WFC,-5129.117279052734,250000.0,36
2018-02-08,CPAY-UNP,123.6539077758789,250000.0,36
2018-02-08,MSCI-TYL,-1046.0667114257812,250000.0,36
2018-02-08,MSCI-TECH,4750.824508666992,250000.0,36
2018-02-08,CPAY-WFC,-7123.113563537598,250000.0,36
2018-02-09,CPAY-UNP,9064.958938598633,250000.0,36
2018-02-09,MSCI-TYL,2805.834846496582,250000.0,36
2018-02-09,MSCI-TECH,3575.7595443725586,250000.0,36
2018-02-09,CPAY-WFC,-107.18202209472656,250000.0,36
2018-02-12,CPAY-UNP,9003.053802490234,250000.0,36
2018-02-12,MSCI-TYL,285.23201751708984,250000.0,36
2018-02-12,MSCI-TECH,5272.121231079102,250000.0,36
2018-02-12,CPAY-WFC,-807.7889556884766,250000.0,36
2018-02-13,CPAY-UNP,6946.016311645508,250000.0,36
2018-02-13,MSCI-TYL,-1220.8484344482422,250000.0,36
2018-02-13,MSCI-TECH,3375.3438110351562,250000.0,36
2018-02-13,CPAY-WFC,4390.132354736328,250000.0,36
2018-02-14,MSCI-TYL,-1200.5756072998047,250000.0,36
2018-02-14,MSCI-TECH,2882.0523071289062,250000.0,36
2018-02-14,CPAY-WFC,10580.253288269043,250000.0,36
2018-02-15,MSCI-TYL,4639.072235107422,250000.0,36
2018-02-15,MSCI-TECH,-298.9413299560547,250000.0,36
2018-02-15,CPAY-WFC,11285.33895111084,250000.0,36
2018-02-16,MSCI-TECH,4119.358322143555,250000.0,36
2018-02-16,CPAY-WFC,9131.938926696777,250000.0,36
2018-02-20,MSCI-TECH,2046.165054321289,250000.0,36
2018-02-20,CPAY-WFC,8428.99649810791,250000.0,36
2018-02-21,MSCI-TECH,4557.092620849609,250000.0,36
2018-02-21,CPAY-WFC,4018.354835510254,250000.0,36
2018-02-22,MSCI-TECH,4344.797286987305,250000.0,36
2018-02-23,MSCI-TECH,5548.39128112793,250000.0,36
2018-02-26,MSCI-TECH,7496.449203491211,250000.0,36
2018-02-27,MSCI-TECH,8059.095779418945,250000.0,36
2018-03-08,MSCI-TYL,0.0,250000.0,36
2018-03-09,MSCI-TYL,-2673.0765075683594,250000.0,36
2018-03-13,CPAY-KEY,0.0,250000.0,36
2018-03-14,CPAY-KEY,-5274.223329544067,250000.0,36
2018-03-14,CPAY-NSC,0.0,250000.0,36
2018-03-15,CPAY-KEY,-3995.7592735290527,250000.0,36
2018-03-15,CPAY-NSC,2852.4854736328125,250000.0,36
2018-03-16,CPAY-KEY,-6189.232647895813,250000.0,36
2018-03-16,CPAY-NSC,2534.4491271972656,250000.0,36
2018-03-19,CPAY-KEY,-1822.8170185089111,250000.0,36
2018-03-20,CPAY-KEY,-5643.194930076599,250000.0,36
2018-03-21,CPAY-KEY,-5611.185316085815,250000.0,36
2018-03-23,CPAY-HUBB,0.0,250000.0,36
2018-03-26,CPAY-HUBB,663.8192138671875,250000.0,36
2018-03-27,CPAY-HUBB,2302.117706298828,250000.0,36
2018-03-27,MSCI-TYL,0.0,250000.0,36
2018-03-28,MSCI-TYL,-1588.3854064941406,250000.0,36
2018-03-28,MSCI-TECH,0.0,250000.0,36
2018-02-01,BAC-HLT,0.0,250000.0,37
2018-02-01,NOW-WFC,0.0,250000.0,37
2018-02-01,JKHY-PYPL,0.0,250000.0,37
2018-02-01,A-BAC,0.0,250000.0,37
2018-02-02,BAC-HLT,-5263.778377532959,250000.0,37
2018-02-02,NOW-WFC,-1358.914939880371,250000.0,37
2018-02-02,JKHY-PYPL,-1891.1500854492188,250000.0,37
2018-02-02,A-BAC,-4319.8977394104,250000.0,37
2018-02-05,BAC-HLT,-1572.286413192749,250000.0,37
2018-02-05,JKHY-PYPL,3738.133140563965,250000.0,37
2018-02-05,A-BAC,-7718.221979141235,250000.0,37
2018-02-05,ORLY-TRMB,0.0,250000.0,37
2018-02-05,CPAY-TMO,0.0,250000.0,37
2018-02-05,COR-RVTY,0.0,250000.0,37
2018-02-05,DLTR-HPQ,0.0,250000.0,37
2018-02-06,JKHY-PYPL,6846.861167907715,250000.0,37
2018-02-06,ORLY-TRMB,-3944.8476638793945,250000.0,37
2018-02-06,CPAY-TMO,57.24266052246094,250000.0,37
2018-02-06,COR-RVTY,4459.041389465332,250000.0,37
2018-02-06,DLTR-HPQ,-470.20103931427,250000.0,37
2018-02-06,BAC-BR,0.0,250000.0,37
2018-02-07,JKHY-PYPL,8276.464302062988,250000.0,37
2018-02-07,ORLY-TRMB,-100.1810188293457,250000.0,37
2018-02-07,CPAY-TMO,-2202.2381896972656,250000.0,37
2018-02-07,COR-RVTY,853.7596893310547,250000.0,37
2018-02-07,DLTR-HPQ,-1619.8729419708252,250000.0,37
2018-02-07,BAC-BR,1859.4551315307617,250000.0,37
2018-02-08,JKHY-PYPL,4485.089218139648,250000.0,37
2018-02-08,ORLY-TRMB,-9253.489875793457,250000.0,37
2018-02-08,CPAY-TMO,-9014.079391479492,250000.0,37
2018-02-08,COR-RVTY,-8721.540092468262,250000.0,37
2018-02-08,DLTR-HPQ,-13122.310452461243,250000.0,37
2018-02-09,CPAY-TMO,-5243.410568237305,250000.0,37
2018-02-09,COR-RVTY,-3649.834785461426,250000.0,37
2018-02-12,CPAY-TMO,-1247.2259216308594,250000.0,37
2018-02-12,COR-RVTY,1657.2708206176758,250000.0,37
2018-02-13,CPAY-TMO,-3112.9390411376953,250000.0,37
2018-02-13,COR-RVTY,-8084.759101867676,250000.0,37
2018-02-14,CPAY-TMO,2411.8065643310547,250000.0,37
2018-02-14,COR-RVTY,-2489.856513977051,250000.0,37
2018-02-15,CPAY-TMO,4615.104263305664,250000.0,37
2018-02-15,COR-RVTY,-517.5712738037109,250000.0,37
2018-02-16,CPAY-TMO,3513.3240356445312,250000.0,37
2018-02-16,COR-RVTY,-2967.618621826172,250000.0,37
2018-02-16,ALGN-JKHY,0.0,250000.0,37
2018-02-26,A-CSCO,0.0,250000.0,37
2018-02-26,BAC-HLT,0.0,250000.0,37
2018-02-27,A-CSCO,-8096.836280822754,250000.0,37
2018-02-27,BAC-HLT,-6397.818241119385,250000.0,37
2018-02-28,BAC-HLT,-1972.8773460388184,250000.0,37
2018-03-01,BAC-HLT,-2557.1368293762207,250000.0,37
2018-03-01,ALGN-NTAP,0.0,250000.0,37
2018-03-02,BAC-HLT,-4933.32071685791,250000.0,37
2018-03-02,ALGN-NTAP,6161.776840209961,250000.0,37
2018-03-05,ALGN-NTAP,1751.3414688110352,250000.0,37
2018-03-06,ALGN-NTAP,-4488.273342132568,250000.0,37
2018-03-07,ALGN-NTAP,3161.4068908691406,250000.0,37
2018-03-08,ALGN-NTAP,5389.286403656006,250000.0,37
2018-03-09,ALGN-NTAP,2673.209945678711,250000.0,37
2018-03-12,ALGN-NTAP,8919.708106994629,250000.0,37
2018-03-13,ALGN-NTAP,2749.829261779785,250000.0,37
2018-03-14,ALGN-NTAP,6220.5610427856445,250000.0,37
2018-03-15,ALGN-NTAP,10176.375034332275,250000.0,37
2018-03-16,ALGN-NTAP,7047.334785461426,250000.0,37
2018-03-19,ALGN-NTAP,7346.677383422852,250000.0,37
2018-03-20,ALGN-NTAP,9596.383880615234,250000.0,37
2018-03-20,COR-RVTY,0.0,250000.0,37
2018-03-21,ALGN-NTAP,6079.149253845215,250000.0,37
2018-03-21,COR-RVTY,1848.8764953613281,250000.0,37
2018-03-22,ALGN-NTAP,5754.113700866699,250000.0,37
2018-03-22,COR-RVTY,3275.4199600219727,250000.0,37
2018-03-23,ALGN-NTAP,2220.5692596435547,250000.0,37
2018-03-23,BAC-BR,0.0,250000.0,37
2018-03-23,A-BAC,0.0,250000.0,37
2018-03-26,ALGN-NTAP,2213.8657836914062,250000.0,37
2018-03-26,BAC-BR,646.0420608520508,250000.0,37
2018-03-26,A-BAC,2260.059295654297,250000.0,37
2018-03-27,BAC-BR,-3970.5162048339844,250000.0,37
2018-03-27,A-BAC,-788.677433013916,250000.0,37
2018-03-28,BAC-BR,-4368.141021728516,250000.0,37
2018-03-28,A-BAC,515.1509208679199,250000.0,37
2018-03-28,A-CSCO,0.0,250000.0,37
2018-03-28,ALGN-NTAP,0.0,250000.0,37
2018-03-29,BAC-BR,-6417.256393432617,250000.0,37
2018-03-29,A-BAC,3642.47469329834,250000.0,37
2018-04-02,BAC-BR,-5789.820175170898,250000.0,37
2018-04-03,BAC-BR,-5051.069602966309,250000.0,37
2018-04-03,BSX-PODD,0.0,250000.0,37
2018-04-04,BAC-BR,-4507.803649902344,250000.0,37
2018-04-04,BSX-PODD,-4597.941068649292,250000.0,37
2018-04-05,BAC-BR,-2572.8392791748047,250000.0,37
2018-04-05,BSX-PODD,-2978.340030670166,250000.0,37
2018-04-06,BAC-BR,-1344.233741760254,250000.0,37
2018-04-06,BSX-PODD,-2815.7974224090576,250000.0,37
2018-04-06,BAC-RVTY,0.0,250000.0,37
2018-04-06,AME-BAC,0.0,250000.0,37
2018-04-09,BSX-PODD,-645.8559894561768,250000.0,37
2018-04-09,BAC-RVTY,2026.3002853393555,250000.0,37
2018-04-09,AME-BAC,-2806.8270530700684,250000.0,37
2018-04-09,BAC-HLT,0.0,250000.0,37
2018-04-10,BSX-PODD,-988.3859119415283,250000.0,37
2018-04-10,AME-BAC,-2617.8479080200195,250000.0,37
2018-04-11,BSX-PODD,-3091.6904296875,250000.0,37
2018-04-11,AME-BAC,159.88720703125,250000.0,37
2018-04-12,BSX-PODD,-5468.278781890869,250000.0,37
2018-04-12,AME-BAC,-1200.3123931884766,250000.0,37
2018-04-13,BSX-PODD,-8393.671789169312,250000.0,37
2018-04-13,A-BAC,0.0,250000.0,37
2018-04-16,A-BAC,-1753.8503341674805,250000.0,37
2018-04-16,BAC-CVS,0.0,250000.0,37
2018-04-17,A-BAC,-1631.0243453979492,250000.0,37
2018-04-17,BAC-CVS,-3535.3822479248047,250000.0,37
2018-04-18,BAC-CVS,-2960.9794483184814,250000.0,37
2018-04-19,BAC-CVS,1553.0152645111084,250000.0,37
2018-04-19,ALGN-NTAP,0.0,250000.0,37
2018-04-19,ALGN-JKHY,0.0,250000.0,37
2018-04-20,BAC-CVS,2673.9776363372803,250000.0,37
2018-04-20,ALGN-NTAP,-2791.904411315918,250000.0,37
2018-04-20,ALGN-JKHY,-324.22216796875,250000.0,37
2018-04-23,BAC-CVS,694.9800205230713,250000.0,37
2018-04-23,ALGN-NTAP,-1576.4850769042969,250000.0,37
2018-04-23,ALGN-JKHY,-604.2504272460938,250000.0,37
2018-04-24,BAC-CVS,-3146.2799758911133,250000.0,37
2018-04-24,ALGN-NTAP,-5126.0667724609375,250000.0,37
2018-04-24,ALGN-JKHY,-1466.4974670410156,250000.0,37
2018-04-24,COR-RVTY,0.0,250000.0,37
2018-04-24,JKHY-PYPL,0.0,250000.0,37
2018-04-25,BAC-CVS,-7581.227701187134,250000.0,37
2018-04-25,ALGN-NTAP,1292.1461181640625,250000.0,37
2018-04-25,COR-RVTY,-757.1398162841797,250000.0,37
2018-04-25,JKHY-PYPL,-70.59078979492188,250000.0,37
2018-04-25,BSX-PODD,0.0,250000.0,37
2018-04-26,COR-RVTY,1768.1717376708984,250000.0,37
2018-04-26,JKHY-PYPL,-519.9547729492188,250000.0,37
2018-04-26,BSX-PODD,4115.687511444092,250000.0,37
2018-04-26,ORLY-TRMB,0.0,250000.0,37
2018-04-27,COR-RVTY,301.2287139892578,250000.0,37
2018-04-27,JKHY-PYPL,-2152.3537826538086,250000.0,37
2018-04-27,ORLY-TRMB,-7889.4202880859375,250000.0,37
2018-04-27,FIX-PSKY,0.0,250000.0,37
2018-04-30,COR-RVTY,648.7900161743164,250000.0,37
2018-04-30,JKHY-PYPL,1282.52490234375,250000.0,37
2018-04-30,ORLY-TRMB,-1767.7526092529297,250000.0,37
2018-03-01,D-ESS,0.0,250000.0,38
2018-03-01,CASY-J,0.0,250000.0,38
2018-03-02,D-ESS,2436.38631439209,250000.0,38
2018-03-02,CASY-J,3738.3352584838867,250000.0,38
2018-03-05,D-ESS,2412.129425048828,250000.0,38
2018-03-05,CASY-J,4526.599899291992,250000.0,38
2018-03-06,D-ESS,-4945.642784118652,250000.0,38
2018-03-06,CASY-J,5455.507942199707,250000.0,38
2018-03-07,CASY-J,3411.612724304199,250000.0,38
2018-03-08,CASY-J,5902.190895080566,250000.0,38
2018-03-13,EMR-MRVL,0.0,250000.0,38
2018-03-14,EMR-MRVL,6168.2180519104,250000.0,38
2018-03-15,EMR-MRVL,3431.7582664489746,250000.0,38
2018-03-15,D-ED,0.0,250000.0,38
2018-03-15,D-WEC,0.0,250000.0,38
2018-03-16,EMR-MRVL,-96.69797134399414,250000.0,38
2018-03-16,D-ED,-5566.803691864014,250000.0,38
2018-03-16,D-WEC,-4101.289810180664,250000.0,38
2018-03-19,EMR-MRVL,-128.69242477416992,250000.0,38
2018-03-19,D-WEC,-6375.505149841309,250000.0,38
2018-03-20,EMR-MRVL,3565.058364868164,250000.0,38
2018-03-20,D-WEC,-7853.208435058594,250000.0,38
2018-03-20,ORCL-V,0.0,250000.0,38
2018-03-21,EMR-MRVL,842.4414939880371,250000.0,38
2018-03-21,ORCL-V,3215.6492614746094,250000.0,38
2018-03-21,D-GM,0.0,250000.0,38
2018-03-22,EMR-MRVL,-3788.2919120788574,250000.0,38
2018-03-22,ORCL-V,3424.1237182617188,250000.0,38
2018-03-22,CASY-J,0.0,250000.0,38
2018-03-23,EMR-MRVL,-6783.691951751709,250000.0,38
2018-03-23,ORCL-V,3318.430709838867,250000.0,38
2018-03-23,CASY-J,-5736.708831787109,250000.0,38
2018-03-23,A-RJF,0.0,250000.0,38
2018-03-26,EMR-MRVL,-3898.887519836426,250000.0,38
2018-03-26,ORCL-V,5389.105545043945,250000.0,38
2018-03-26,CASY-J,2910.203887939453,250000.0,38
2018-03-26,A-RJF,-1138.1907348632812,250000.0,38
2018-03-26,FIX-PCAR,0.0,250000.0,38
2018-03-27,EMR-MRVL,-9084.973197937012,250000.0,38
2018-03-27,ORCL-V,5783.582473754883,250000.0,38
2018-03-27,CASY-J,-2741.5744018554688,250000.0,38
2018-03-27,A-RJF,-2102.1519737243652,250000.0,38
2018-03-27,FIX-PCAR,1299.3027439117432,250000.0,38
2018-03-27,NVDA-TYL,0.0,250000.0,38
2018-03-27,CASY-ES,0.0,250000.0,38
2018-03-28,ORCL-V,4389.885543823242,250000.0,38
2018-03-28,CASY-J,-367.3977813720703,250000.0,38
2018-03-28,A-RJF,470.4991798400879,250000.0,38
2018-03-28,FIX-PCAR,1999.3148174285889,250000.0,38
2018-03-28,NVDA-TYL,584.863452911377,250000.0,38
2018-03-28,CASY-ES,768.4808387756348,250000.0,38
2018-03-29,ORCL-V,3389.3898010253906,250000.0,38
2018-03-29,A-RJF,4054.612350463867,250000.0,38
2018-03-29,FIX-PCAR,-104.17500686645508,250000.0,38
2018-03-29,NVDA-TYL,1790.1077008247375,250000.0,38
2018-03-29,CASY-ES,1051.3030586242676,250000.0,38
2018-04-02,ORCL-V,1754.7313842773438,250000.0,38
2018-04-02,A-RJF,3946.261028289795,250000.0,38
2018-04-02,FIX-PCAR,1420.088222503662,250000.0,38
2018-04-02,NVDA-TYL,2703.5965490341187,250000.0,38
2018-04-02,CASY-ES,1576.7470664978027,250000.0,38
2018-04-03,ORCL-V,-530.1998291015625,250000.0,38
2018-04-03,A-RJF,3578.982509613037,250000.0,38
2018-04-03,FIX-PCAR,1972.5815696716309,250000.0,38
2018-04-03,NVDA-TYL,3292.727620601654,250000.0,38
2018-04-03,CASY-ES,-1168.4038848876953,250000.0,38
2018-04-04,ORCL-V,1680.9438171386719,250000.0,38
2018-04-04,A-RJF,5249.244483947754,250000.0,38
2018-04-04,NVDA-TYL,526.6366076469421,250000.0,38
2018-04-04,CASY-ES,-1731.9222145080566,250000.0,38
2018-04-04,PODD-TJX,0.0,250000.0,38
2018-04-05,ORCL-V,1410.3948211669922,250000.0,38
2018-04-05,A-RJF,5101.144691467285,250000.0,38
2018-04-05,NVDA-TYL,-2418.592276573181,250000.0,38
2018-04-05,CASY-ES,-5622.199535369873,250000.0,38
2018-04-05,PODD-TJX,-772.8600769042969,250000.0,38
2018-04-06,ORCL-V,2139.1564178466797,250000.0,38
2018-04-06,A-RJF,2543.7247352600098,250000.0,38
2018-04-06,NVDA-TYL,-4602.8666162490845,250000.0,38
2018-04-06,CASY-ES,-4522.825160980225,250000.0,38
2018-04-06,PODD-TJX,744.4157409667969,250000.0,38
2018-04-09,ORCL-V,345.4976348876953,250000.0,38
2018-04-09,NVDA-TYL,-6735.264623165131,250000.0,38
2018-04-09,CASY-ES,-4551.052169799805,250000.0,38
2018-04-09,PODD-TJX,4842.693832397461,250000.0,38
2018-04-10,ORCL-V,1575.8138122558594,250000.0,38
2018-04-10,NVDA-TYL,-2808.1427526474,250000.0,38
2018-04-10,CASY-ES,-2749.3119773864746,250000.0,38
2018-04-11,ORCL-V,2294.4678955078125,250000.0,38
2018-04-11,EMR-MRVL,0.0,250000.0,38
2018-04-12,ORCL-V,1207.728515625,250000.0,38
2018-04-12,EMR-MRVL,-516.9708347320557,250000.0,38
2018-04-13,ORCL-V,2955.0151977539062,250000.0,38
2018-04-13,EMR-MRVL,4804.449987411499,250000.0,38
2018-04-16,ORCL-V,1583.1566162109375,250000.0,38
2018-04-16,EMR-MRVL,8836.799821853638,250000.0,38
2018-04-17,ORCL-V,1131.7813110351562,250000.0,38
2018-04-17,EMR-MRVL,5071.928358078003,250000.0,38
2018-04-17,PEP-TRMB,0.0,250000.0,38
2018-04-18,ORCL-V,2105.4579162597656,250000.0,38
2018-04-18,PEP-TRMB,-9239.511451721191,250000.0,38
2018-04-18,IBM-NWSA,0.0,250000.0,38
2018-04-18,FIX-JCI,0.0,250000.0,38
2018-04-19,ORCL-V,1700.8644561767578,250000.0,38
2018-04-19,PEP-TRMB,-11018.001731872559,250000.0,38
2018-04-19,IBM-NWSA,-3865.4603633880615,250000.0,38
2018-04-19,FIX-JCI,1309.2503852844238,250000.0,38
2018-04-20,IBM-NWSA,-7073.619092941284,250000.0,38
2018-04-23,IBM-NWSA,-6022.7452392578125,250000.0,38
2018-04-24,IBM-NWSA,-2033.2931690216064,250000.0,38
2018-04-24,FIX-PCAR,0.0,250000.0,38
2018-04-25,IBM-NWSA,-1243.719518661499,250000.0,38
2018-04-25,FIX-PCAR,285.5187397003174,250000.0,38
2018-04-25,DIS-PWR,0.0,250000.0,38
2018-04-26,IBM-NWSA,-1666.5895252227783,250000.0,38
2018-04-26,FIX-PCAR,-1453.3592433929443,250000.0,38
2018-04-26,DIS-PWR,4710.645561218262,250000.0,38
2018-04-27,IBM-NWSA,-2592.20103263855,250000.0,38
2018-04-30,IBM-NWSA,-4035.192777633667,250000.0,38
2018-05-01,IBM-NWSA,-4452.800519943237,250000.0,38
2018-05-01,CASY-IVZ,0.0,250000.0,38
2018-05-01,FIX-JCI,0.0,250000.0,38
2018-05-02,IBM-NWSA,-2980.0059356689453,250000.0,38
2018-05-02,CASY-IVZ,-4212.418487548828,250000.0,38
2018-05-02,FIX-JCI,4381.917816162109,250000.0,38
2018-05-03,CASY-IVZ,-5324.269241333008,250000.0,38
2018-05-03,FIX-JCI,6820.690311431885,250000.0,38
2018-05-03,DIS-PWR,0.0,250000.0,38
2018-05-04,CASY-IVZ,-3284.7061157226562,250000.0,38
2018-05-04,FIX-JCI,2835.841423034668,250000.0,38
2018-05-04,DIS-PWR,1999.8599281311035,250000.0,38
2018-05-07,CASY-IVZ,-5920.499130249023,250000.0,38
2018-05-07,FIX-JCI,1384.9617462158203,250000.0,38
2018-05-07,DIS-PWR,5353.312271118164,250000.0,38
2018-05-07,IBM-NWSA,0.0,250000.0,38
2018-05-08,CASY-IVZ,-3483.508987426758,250000.0,38
2018-05-08,DIS-PWR,27.713985443115234,250000.0,38
2018-05-08,IBM-NWSA,99.48002624511719,250000.0,38
2018-05-09,CASY-IVZ,-6653.382797241211,250000.0,38
2018-05-09,DIS-PWR,-10505.988681793213,250000.0,38
2018-05-09,IBM-NWSA,-921.2705841064453,250000.0,38
2018-05-10,CASY-IVZ,-2307.5931701660156,250000.0,38
2018-05-10,DIS-PWR,-5722.6623458862305,250000.0,38
2018-05-10,IBM-NWSA,-601.774658203125,250000.0,38
2018-05-11,CASY-IVZ,-2738.539764404297,250000.0,38
2018-05-11,DIS-PWR,-5211.2714195251465,250000.0,38
2018-05-14,CASY-IVZ,-733.968994140625,250000.0,38
2018-05-14,DIS-PWR,-4697.702167510986,250000.0,38
2018-05-15,CASY-IVZ,-2330.4918060302734,250000.0,38
2018-05-15,DIS-PWR,-3057.631862640381,250000.0,38
2018-05-15,A-RJF,0.0,250000.0,38
2018-05-16,DIS-PWR,2749.0621032714844,250000.0,38
2018-05-16,A-RJF,-8553.933723449707,250000.0,38
2018-05-17,DIS-PWR,396.8773956298828,250000.0,38
2018-05-17,A-RJF,-8621.937377929688,250000.0,38
2018-05-18,A-RJF,-7041.03178024292,250000.0,38
2018-05-18,IBKR-WDAY,0.0,250000.0,38
2018-05-21,A-RJF,-6859.585567474365,250000.0,38
2018-05-22,A-RJF,-12306.38468170166,250000.0,38
2018-05-22,CASY-IVZ,0.0,250000.0,38
2018-05-23,A-RJF,-11529.337177276611,250000.0,38
2018-05-24,A-RJF,-11616.377941131592,250000.0,38
2018-05-25,A-RJF,-12355.29104232788,250000.0,38
2018-05-29,A-RJF,-7067.529052734375,250000.0,38
2018-05-31,D-GM,0.0,250000.0,38
2018-04-02,EL-TECH,0.0,250000.0,39
2018-04-03,EL-TECH,436.9320831298828,250000.0,39
2018-04-04,EL-TECH,242.95518493652344,250000.0,39
2018-04-05,EL-TECH,649.0966186523438,250000.0,39
2018-04-06,EL-TECH,-2685.497543334961,250000.0,39
2018-04-09,EL-TECH,-1066.6457977294922,250000.0,39
2018-04-10,EL-TECH,767.3832550048828,250000.0,39
2018-04-11,EL-TECH,1435.9541931152344,250000.0,39
2018-04-11,MA-MSI,0.0,250000.0,39
2018-04-12,EL-TECH,2309.2014770507812,250000.0,39
2018-04-12,MA-MSI,1695.2872467041016,250000.0,39
2018-04-13,MA-MSI,2460.482063293457,250000.0,39
2018-04-16,MA-MSI,-940.8922882080078,250000.0,39
2018-04-17,MA-MSI,1125.2880554199219,250000.0,39
2018-04-18,MA-MSI,861.3599090576172,250000.0,39
2018-04-18,ISRG-TROW,0.0,250000.0,39
2018-04-18,KLAC-MSI,0.0,250000.0,39
2018-04-19,MA-MSI,1897.8228454589844,250000.0,39
2018-04-19,ISRG-TROW,2802.7369995117188,250000.0,39
2018-04-19,IQV-ON,0.0,250000.0,39
2018-04-19,IQV-URI,0.0,250000.0,39
2018-04-20,MA-MSI,-403.9297180175781,250000.0,39
2018-04-20,ISRG-TROW,4165.639129638672,250000.0,39
2018-04-20,IQV-ON,-2274.9647064208984,250000.0,39
2018-04-20,IQV-URI,-5959.118103027344,250000.0,39
2018-04-23,MA-MSI,-907.780158996582,250000.0,39
2018-04-23,ISRG-TROW,7534.979064941406,250000.0,39
2018-04-23,IQV-ON,-5392.252281188965,250000.0,39
2018-04-23,IQV-URI,-6737.696853637695,250000.0,39
2018-04-24,MA-MSI,-3470.6566009521484,250000.0,39
2018-04-24,ISRG-TROW,8652.049285888672,250000.0,39
2018-04-24,IQV-ON,-4492.744094848633,250000.0,39
2018-04-25,MA-MSI,-4007.7526321411133,250000.0,39
2018-04-25,IQV-ON,-5945.509796142578,250000.0,39
2018-04-26,IQV-ON,593.016975402832,250000.0,39
2018-04-27,IQV-ON,-7319.121376037598,250000.0,39
2018-04-30,CVX-TMUS,0.0,250000.0,39
2018-05-01,CVX-TMUS,-4264.521202087402,250000.0,39
2018-05-02,MA-MSI,0.0,250000.0,39
2018-05-02,EL-TECH,0.0,250000.0,39
2018-05-02,SYY-VRSK,0.0,250000.0,39
2018-05-02,TYL-ZTS,0.0,250000.0,39
2018-05-03,MA-MSI,-905.1379165649414,250000.0,39
2018-05-03,EL-TECH,2644.724937438965,250000.0,39
2018-05-03,SYY-VRSK,2794.590286254883,250000.0,39
2018-05-03,TYL-ZTS,1140.5197448730469,250000.0,39
2018-05-04,MA-MSI,-2790.0872955322266,250000.0,39
2018-05-04,EL-TECH,2712.9023971557617,250000.0,39
2018-05-04,SYY-VRSK,6947.034805297852,250000.0,39
2018-05-04,TYL-ZTS,2380.6668014526367,250000.0,39
2018-05-07,MA-MSI,-5934.15966796875,250000.0,39
2018-05-07,EL-TECH,-1601.6397399902344,250000.0,39
2018-05-07,SYY-VRSK,7872.622055053711,250000.0,39
2018-05-07,TYL-ZTS,4226.202598571777,250000.0,39
2018-05-08,MA-MSI,-6966.186218261719,250000.0,39
2018-05-08,EL-TECH,1273.2441482543945,250000.0,39
2018-05-08,SYY-VRSK,9189.317810058594,250000.0,39
2018-05-08,TYL-ZTS,2103.9903106689453,250000.0,39
2018-05-09,MA-MSI,-11909.196395874023,250000.0,39
2018-05-09,EL-TECH,3915.609062194824,250000.0,39
2018-05-09,SYY-VRSK,10556.707221984863,250000.0,39
2018-05-09,TYL-ZTS,-321.7689971923828,250000.0,39
2018-05-09,MSI-STE,0.0,250000.0,39
2018-05-10,MA-MSI,-8840.767959594727,250000.0,39
2018-05-10,EL-TECH,3323.0278549194336,250000.0,39
2018-05-10,TYL-ZTS,1332.0243911743164,250000.0,39
2018-05-10,MSI-STE,-1256.6551971435547,250000.0,39
2018-05-11,MA-MSI,-10198.160652160645,250000.0,39
2018-05-11,EL-TECH,2549.751075744629,250000.0,39
2018-05-11,TYL-ZTS,2994.2242126464844,250000.0,39
2018-05-11,MSI-STE,-4166.999084472656,250000.0,39
2018-05-14,MA-MSI,-10551.09368133545,250000.0,39
2018-05-14,EL-TECH,2339.411460876465,250000.0,39
2018-05-14,TYL-ZTS,3617.3457107543945,250000.0,39
2018-05-14,MSI-STE,-2387.1983489990234,250000.0,39
2018-05-15,MA-MSI,-8967.50912475586,250000.0,39
2018-05-15,TYL-ZTS,2682.088088989258,250000.0,39
2018-05-15,MSI-STE,1549.0991668701172,250000.0,39
2018-05-16,MA-MSI,-11148.3295211792,250000.0,39
2018-05-16,TYL-ZTS,1874.8024368286133,250000.0,39
2018-05-16,MSI-STE,-3255.174530029297,250000.0,39
2018-05-17,TYL-ZTS,1893.152359008789,250000.0,39
2018-05-17,MSI-STE,-5120.389663696289,250000.0,39
2018-05-18,MSI-STE,-5438.287887573242,250000.0,39
2018-05-21,MSI-STE,-6532.965438842773,250000.0,39
2018-05-21,TYL-ZTS,0.0,250000.0,39
2018-05-22,MSI-STE,-4212.831161499023,250000.0,39
2018-05-22,TYL-ZTS,1687.7447357177734,250000.0,39
2018-05-22,ETN-ORLY,0.0,250000.0,39
2018-05-23,MSI-STE,-4241.568267822266,250000.0,39
2018-05-23,TYL-ZTS,1983.0992279052734,250000.0,39
2018-05-23,ETN-ORLY,3782.6441917419434,250000.0,39
2018-05-24,TYL-ZTS,3774.2118530273438,250000.0,39
2018-05-24,ETN-ORLY,1487.2991275787354,250000.0,39
2018-05-25,ETN-ORLY,2120.1165466308594,250000.0,39
2018-05-25,IQV-ON,0.0,250000.0,39
2018-05-29,IQV-ON,411.9510841369629,250000.0,39
2018-05-30,IQV-ON,2561.7427253723145,250000.0,39
2018-05-31,IQV-ON,3082.092559814453,250000.0,39
2018-06-01,IQV-ON,942.3784084320068,250000.0,39
2018-06-04,IQV-ON,-1555.5789699554443,250000.0,39
2018-06-05,IQV-ON,-166.9064598083496,250000.0,39
2018-06-05,MSI-STE,0.0,250000.0,39
2018-06-06,IQV-ON,4887.681200027466,250000.0,39
2018-06-06,MSI-STE,-1445.115493774414,250000.0,39
2018-06-07,IQV-ON,7857.475803375244,250000.0,39
2018-06-07,MSI-STE,-1156.712287902832,250000.0,39
2018-06-07,TYL-ZTS,0.0,250000.0,39
2018-06-08,MSI-STE,3083.9228515625,250000.0,39
2018-06-08,TYL-ZTS,-792.9562301635742,250000.0,39
2018-06-11,MSI-STE,3159.9536743164062,250000.0,39
2018-06-11,TYL-ZTS,-1282.8174591064453,250000.0,39
2018-06-12,MSI-STE,-540.1390838623047,250000.0,39
2018-06-12,TYL-ZTS,1243.9523010253906,250000.0,39
2018-06-13,MSI-STE,-3039.586685180664,250000.0,39
2018-06-13,TYL-ZTS,269.52537536621094,250000.0,39
2018-06-14,MSI-STE,-2004.2502136230469,250000.0,39
2018-06-14,TYL-ZTS,-1176.6902542114258,250000.0,39
2018-06-15,MSI-STE,-4867.3442459106445,250000.0,39
2018-06-15,TYL-ZTS,-4466.15811920166,250000.0,39
2018-06-18,MSI-STE,-3803.591583251953,250000.0,39
2018-06-18,TYL-ZTS,-2852.9350357055664,250000.0,39
2018-06-18,CPAY-NTAP,0.0,250000.0,39
2018-06-19,TYL-ZTS,2241.0699157714844,250000.0,39
2018-06-19,CPAY-NTAP,-237.86109924316406,250000.0,39
2018-06-19,IQV-MCHP,0.0,250000.0,39
2018-06-20,CPAY-NTAP,-2659.64412689209,250000.0,39
2018-06-20,IQV-MCHP,3415.8716583251953,250000.0,39
2018-06-21,CPAY-NTAP,1838.402488708496,250000.0,39
2018-06-21,IQV-MCHP,609.6529731750488,250000.0,39
2018-06-21,SYY-VRSK,0.0,250000.0,39
2018-06-22,CPAY-NTAP,4340.703010559082,250000.0,39
2018-06-22,IQV-MCHP,-289.5313415527344,250000.0,39
2018-06-22,SYY-VRSK,1351.6977577209473,250000.0,39
2018-06-22,CVX-MCHP,0.0,250000.0,39
2018-06-25,CPAY-NTAP,14952.750061035156,250000.0,39
2018-06-25,IQV-MCHP,2574.4974517822266,250000.0,39
2018-06-25,SYY-VRSK,-2522.0995025634766,250000.0,39
2018-06-25,CVX-MCHP,-7383.339332580566,250000.0,39
2018-06-26,IQV-MCHP,2762.0668907165527,250000.0,39
2018-06-26,SYY-VRSK,-3316.675594329834,250000.0,39
2018-06-26,CVX-MCHP,-8954.116985321045,250000.0,39
2018-06-26,ISRG-TROW,0.0,250000.0,39
2018-06-27,IQV-MCHP,3629.4190368652344,250000.0,39
2018-06-27,SYY-VRSK,-3466.726303100586,250000.0,39
2018-06-27,ISRG-TROW,-3758.2706909179688,250000.0,39
2018-06-27,EL-TECH,0.0,250000.0,39
2018-06-28,IQV-MCHP,2033.0815963745117,250000.0,39
2018-06-28,SYY-VRSK,-3192.0553283691406,250000.0,39
2018-06-28,EL-TECH,4775.720703125,250000.0,39
2018-06-29,IQV-MCHP,802.3440780639648,250000.0,39
2018-06-29,SYY-VRSK,-277.78607177734375,250000.0,39
2018-06-29,EL-TECH,6002.669921875,250000.0,39
2018-05-03,CTAS-ICE,0.0,250000.0,40
2018-05-03,NRG-TECH,0.0,250000.0,40
2018-05-03,PKG-PRU,0.0,250000.0,40
2018-05-03,NRG-PCG,0.0,250000.0,40
2018-05-04,CTAS-ICE,-881.4781036376953,250000.0,40
2018-05-04,NRG-TECH,-804.8054676055908,250000.0,40
2018-05-04,PKG-PRU,6485.895690917969,250000.0,40
2018-05-04,NRG-PCG,-1021.6714344024658,250000.0,40
2018-05-04,KEYS-MPWR,0.0,250000.0,40
2018-05-07,CTAS-ICE,-39.158382415771484,250000.0,40
2018-05-07,NRG-TECH,-2151.067163467407,250000.0,40
2018-05-07,PKG-PRU,6219.837005615234,250000.0,40
2018-05-07,NRG-PCG,-6012.336954116821,250000.0,40
2018-05-07,KEYS-MPWR,-121.3293571472168,250000.0,40
2018-05-08,CTAS-ICE,-2331.8663215637207,250000.0,40
2018-05-08,NRG-TECH,-652.2464408874512,250000.0,40
2018-05-08,PKG-PRU,6173.048049926758,250000.0,40
2018-05-08,KEYS-MPWR,-197.10919570922852,250000.0,40
2018-05-09,CTAS-ICE,2798.8648071289062,250000.0,40
2018-05-09,NRG-TECH,-2021.7658996582031,250000.0,40
2018-05-09,PKG-PRU,1390.0000076293945,250000.0,40
2018-05-09,KEYS-MPWR,-3951.3297119140625,250000.0,40
2018-05-09,EMR-TRMB,0.0,250000.0,40
2018-05-10,CTAS-ICE,-714.5269088745117,250000.0,40
2018-05-10,NRG-TECH,-1824.938528060913,250000.0,40
2018-05-10,PKG-PRU,1023.0098419189453,250000.0,40
2018-05-10,EMR-TRMB,-1207.6067543029785,250000.0,40
2018-05-10,FIX-V,0.0,250000.0,40
2018-05-11,CTAS-ICE,-1690.5201797485352,250000.0,40
2018-05-11,NRG-TECH,605.7396717071533,250000.0,40
2018-05-11,PKG-PRU,-2615.053268432617,250000.0,40
2018-05-11,EMR-TRMB,-123.46197128295898,250000.0,40
2018-05-11,FIX-V,2298.88973236084,250000.0,40
2018-05-14,CTAS-ICE,-254.12096405029297,250000.0,40
2018-05-14,NRG-TECH,1885.8396759033203,250000.0,40
2018-05-14,PKG-PRU,-2927.9946517944336,250000.0,40
2018-05-14,EMR-TRMB,1534.1438102722168,250000.0,40
2018-05-14,FIX-V,2223.48575592041,250000.0,40
2018-05-15,NRG-TECH,724.7977199554443,250000.0,40
2018-05-15,PKG-PRU,3935.46768951416,250000.0,40
2018-05-15,EMR-TRMB,1392.6422882080078,250000.0,40
2018-05-15,FIX-V,2013.6503219604492,250000.0,40
2018-05-16,NRG-TECH,4913.512319564819,250000.0,40
2018-05-16,PKG-PRU,-6270.106880187988,250000.0,40
2018-05-16,EMR-TRMB,2120.2477073669434,250000.0,40
2018-05-16,FIX-V,-971.5250015258789,250000.0,40
2018-05-17,NRG-TECH,5311.398426055908,250000.0,40
2018-05-17,PKG-PRU,-6291.554016113281,250000.0,40
2018-05-17,EMR-TRMB,-5724.693431854248,250000.0,40
2018-05-17,FIX-V,-3492.8552627563477,250000.0,40
2018-05-18,NRG-TECH,7096.010738372803,250000.0,40
2018-05-18,EMR-TRMB,-8050.877952575684,250000.0,40
2018-05-18,FIX-V,-3356.8479537963867,250000.0,40
2018-05-21,NRG-TECH,6774.315835952759,250000.0,40
2018-05-21,EMR-TRMB,-13999.756412506104,250000.0,40
2018-05-21,FIX-V,-3458.3118438720703,250000.0,40
2018-05-22,NRG-TECH,6510.464897155762,250000.0,40
2018-05-22,EMR-TRMB,-9753.624668121338,250000.0,40
2018-05-22,FIX-V,-1730.4542541503906,250000.0,40
2018-05-23,EMR-TRMB,-6930.652141571045,250000.0,40
2018-05-23,FIX-V,1185.2588653564453,250000.0,40
2018-05-23,LOW-PG,0.0,250000.0,40
2018-05-24,FIX-V,-155.87425231933594,250000.0,40
2018-05-24,LOW-PG,-4645.8979568481445,250000.0,40
2018-05-24,NRG-OXY,0.0,250000.0,40
2018-05-25,LOW-PG,-3188.895408630371,250000.0,40
2018-05-25,NRG-OXY,-2879.3872108459473,250000.0,40
2018-05-25,DGX-SNPS,0.0,250000.0,40
2018-05-29,LOW-PG,-2414.747173309326,250000.0,40
2018-05-29,NRG-OXY,-3727.5821647644043,250000.0,40
2018-05-29,DGX-SNPS,-3045.1780548095703,250000.0,40
2018-05-29,EFX-MS,0.0,250000.0,40
2018-05-30,LOW-PG,-2558.0811347961426,250000.0,40
2018-05-30,NRG-OXY,691.4085350036621,250000.0,40
2018-05-30,EFX-MS,4176.389762878418,250000.0,40
2018-05-31,LOW-PG,-3983.9358825683594,250000.0,40
2018-05-31,NRG-OXY,1667.8682899475098,250000.0,40
2018-05-31,EFX-MS,828.6435928344727,250000.0,40
2018-05-31,KEYS-MPWR,0.0,250000.0,40
2018-06-01,LOW-PG,-4527.419460296631,250000.0,40
2018-06-01,NRG-OXY,5397.73352432251,250000.0,40
2018-06-01,EFX-MS,5708.025924682617,250000.0,40
2018-06-01,KEYS-MPWR,747.025390625,250000.0,40
2018-06-01,HCA-VRTX,0.0,250000.0,40
2018-06-04,LOW-PG,-5259.133056640625,250000.0,40
2018-06-04,EFX-MS,3814.4489936828613,250000.0,40
2018-06-04,KEYS-MPWR,838.6737289428711,250000.0,40
2018-06-04,HCA-VRTX,-3936.758087158203,250000.0,40
2018-06-04,CTAS-LVS,0.0,250000.0,40
2018-06-05,LOW-PG,-5803.645004272461,250000.0,40
2018-06-05,EFX-MS,-1087.9787635803223,250000.0,40
2018-06-05,KEYS-MPWR,2400.6128005981445,250000.0,40
2018-06-06,LOW-PG,-6318.38249206543,250000.0,40
2018-06-06,EFX-MS,-5786.82995223999,250000.0,40
2018-06-06,KEYS-MPWR,4024.4213485717773,250000.0,40
2018-06-06,L-V,0.0,250000.0,40
2018-06-07,EFX-MS,-7181.187355041504,250000.0,40
2018-06-07,KEYS-MPWR,-266.2098159790039,250000.0,40
2018-06-08,EFX-MS,-10244.345272064209,250000.0,40
2018-06-08,KEYS-MPWR,275.4518585205078,250000.0,40
2018-06-08,LOW-PG,0.0,250000.0,40
2018-06-11,EFX-MS,-6034.65043258667,250000.0,40
2018-06-11,KEYS-MPWR,4755.430252075195,250000.0,40
2018-06-11,LOW-PG,-870.7887420654297,250000.0,40
2018-06-12,EFX-MS,-8638.255531311035,250000.0,40
2018-06-12,LOW-PG,68.48332214355469,250000.0,40
2018-06-13,LOW-PG,1586.375,250000.0,40
2018-06-14,LOW-PG,2859.3903579711914,250000.0,40
2018-06-15,LOW-PG,-1623.7873840332031,250000.0,40
2018-06-18,KEYS-TMO,0.0,250000.0,40
2018-06-19,KEYS-TMO,-3214.0875091552734,250000.0,40
2018-06-20,KEYS-TMO,-4361.241226196289,250000.0,40
2018-06-20,ERIE-FDX,0.0,250000.0,40
2018-06-21,ERIE-FDX,-4315.697479248047,250000.0,40
2018-06-21,FIX-V,0.0,250000.0,40
2018-06-22,ERIE-FDX,-10376.137268066406,250000.0,40
2018-06-22,FIX-V,-1856.4943389892578,250000.0,40
2018-06-25,DGX-SNPS,0.0,250000.0,40
2018-06-25,KEYS-WST,0.0,250000.0,40
2018-06-25,CTAS-LVS,0.0,250000.0,40
2018-06-26,DGX-SNPS,1250.6916427612305,250000.0,40
2018-06-26,KEYS-WST,468.3719787597656,250000.0,40
2018-06-26,CTAS-LVS,3265.7862243652344,250000.0,40
2018-06-27,DGX-SNPS,-1633.2034149169922,250000.0,40
2018-06-27,KEYS-WST,-1110.5659790039062,250000.0,40
2018-06-27,CTAS-LVS,1750.5577239990234,250000.0,40
2018-06-27,NRG-TECH,0.0,250000.0,40
2018-06-28,DGX-SNPS,-218.3979949951172,250000.0,40
2018-06-28,KEYS-WST,-566.5915222167969,250000.0,40
2018-06-28,CTAS-LVS,-765.9804611206055,250000.0,40
2018-06-28,NRG-TECH,2332.604934692383,250000.0,40
2018-06-29,DGX-SNPS,1860.153450012207,250000.0,40
2018-06-29,KEYS-WST,1060.3023376464844,250000.0,40
2018-06-29,CTAS-LVS,2277.57710647583,250000.0,40
2018-06-29,NRG-TECH,3763.6573181152344,250000.0,40
2018-07-02,DGX-SNPS,3869.473846435547,250000.0,40
2018-07-02,KEYS-WST,-1775.9214782714844,250000.0,40
2018-07-02,NRG-TECH,3462.2587890625,250000.0,40
2018-07-03,DGX-SNPS,3709.7693939208984,250000.0,40
2018-07-03,KEYS-WST,-727.4693603515625,250000.0,40
2018-07-03,NRG-TECH,3230.393081665039,250000.0,40
2018-07-05,DGX-SNPS,5230.656791687012,250000.0,40
2018-07-05,KEYS-WST,413.0924377441406,250000.0,40
2018-07-05,NRG-TECH,4294.67936706543,250000.0,40
2018-07-06,KEYS-WST,2659.437225341797,250000.0,40
2018-07-06,NRG-TECH,6756.244293212891,250000.0,40
2018-07-09,KEYS-WST,3223.080352783203,250000.0,40
2018-07-09,NRG-TECH,12051.449768066406,250000.0,40
2018-07-09,NRG-ULTA,0.0,250000.0,40
2018-07-10,KEYS-WST,2073.548797607422,250000.0,40
2018-07-10,NRG-TECH,11297.017364501953,250000.0,40
2018-07-10,NRG-ULTA,105.74963188171387,250000.0,40
2018-07-11,KEYS-WST,1422.4797973632812,250000.0,40
2018-07-11,NRG-TECH,10981.885330200195,250000.0,40
2018-07-11,NRG-ULTA,-494.51160430908203,250000.0,40
2018-07-12,KEYS-WST,2204.158966064453,250000.0,40
2018-07-12,NRG-TECH,10744.97250366211,250000.0,40
2018-07-12,NRG-ULTA,6945.682800292969,250000.0,40
2018-07-13,KEYS-WST,1033.0334167480469,250000.0,40
2018-07-13,NRG-TECH,10131.158508300781,250000.0,40
2018-07-13,NRG-ULTA,867.6513500213623,250000.0,40
2018-07-16,NRG-TECH,5822.969177246094,250000.0,40
2018-07-17,NRG-TECH,7057.602249145508,250000.0,40
2018-07-18,NRG-TECH,5996.134750366211,250000.0,40
2018-07-19,NRG-TECH,9401.835235595703,250000.0,40
2018-07-24,DGX-SNPS,0.0,250000.0,40
2018-07-24,MTD-VEEV,0.0,250000.0,40
2018-07-25,DGX-SNPS,-763.6098709106445,250000.0,40
2018-07-25,MTD-VEEV,3637.4132537841797,250000.0,40
2018-07-25,KEYS-MPWR,0.0,250000.0,40
2018-07-26,DGX-SNPS,-1089.3696594238281,250000.0,40
2018-07-26,MTD-VEEV,1715.0278930664062,250000.0,40
2018-07-26,KEYS-MPWR,-1937.7168884277344,250000.0,40
2018-07-26,KEYS-WST,0.0,250000.0,40
2018-07-27,DGX-SNPS,-224.0185317993164,250000.0,40
2018-07-27,MTD-VEEV,1739.2655029296875,250000.0,40
2018-07-27,KEYS-MPWR,-3566.7927627563477,250000.0,40
2018-07-27,KEYS-WST,-1523.0348205566406,250000.0,40
2018-07-27,FIX-V,0.0,250000.0,40
2018-07-30,MTD-VEEV,-6774.751007080078,250000.0,40
2018-07-30,KEYS-MPWR,638.6219444274902,250000.0,40
2018-07-30,KEYS-WST,-5884.356708526611,250000.0,40
2018-07-30,FIX-V,-8937.607238769531,250000.0,40
2018-07-31,MTD-VEEV,-9857.286170959473,250000.0,40
2018-07-31,KEYS-MPWR,1448.4496879577637,250000.0,40
2018-07-31,KEYS-WST,-5490.752895355225,250000.0,40
2018-07-31,FIX-V,-11327.531127929688,250000.0,40
2018-06-04,CDNS-NSC,0.0,250000.0,41
2018-06-05,CDNS-NSC,-2524.819362640381,250000.0,41
2018-06-06,CDNS-NSC,-2508.239459991455,250000.0,41
2018-06-06,PHM-TEL,0.0,250000.0,41
2018-06-06,AKAM-SPGI,0.0,250000.0,41
2018-06-06,EFX-GD,0.0,250000.0,41
2018-06-07,CDNS-NSC,-2106.1505126953125,250000.0,41
2018-06-07,PHM-TEL,-539.6471481323242,250000.0,41
2018-06-07,AKAM-SPGI,1584.4560012817383,250000.0,41
2018-06-07,EFX-GD,-1749.9991989135742,250000.0,41
2018-06-08,CDNS-NSC,1279.5690536499023,250000.0,41
2018-06-08,PHM-TEL,-2362.125663757324,250000.0,41
2018-06-08,AKAM-SPGI,561.5959625244141,250000.0,41
2018-06-08,EFX-GD,-4648.219100952148,250000.0,41
2018-06-11,CDNS-NSC,3619.886032104492,250000.0,41
2018-06-11,PHM-TEL,-1616.7816543579102,250000.0,41
2018-06-11,AKAM-SPGI,905.0743103027344,250000.0,41
2018-06-11,EFX-GD,775.227294921875,250000.0,41
2018-06-12,CDNS-NSC,2768.1867637634277,250000.0,41
2018-06-12,PHM-TEL,-3841.5320434570312,250000.0,41
2018-06-12,EFX-GD,-3597.4280319213867,250000.0,41
2018-06-13,CDNS-NSC,-1006.6547241210938,250000.0,41
2018-06-13,PHM-TEL,1581.6808242797852,250000.0,41
2018-06-13,EFX-GD,-2789.4616088867188,250000.0,41
2018-06-14,CDNS-NSC,-3703.328624725342,250000.0,41
2018-06-14,PHM-TEL,-4024.162353515625,250000.0,41
2018-06-14,EFX-GD,-8250.407196044922,250000.0,41
2018-06-14,DOV-RTX,0.0,250000.0,41
2018-06-15,CDNS-NSC,-2086.9139976501465,250000.0,41
2018-06-15,PHM-TEL,-2344.6693267822266,250000.0,41
2018-06-15,DOV-RTX,2152.6331787109375,250000.0,41
2018-06-18,CDNS-NSC,-4222.2155685424805,250000.0,41
2018-06-18,PHM-TEL,1044.6157608032227,250000.0,41
2018-06-18,DOV-RTX,101.57814025878906,250000.0,41
2018-06-19,PHM-TEL,5410.312255859375,250000.0,41
2018-06-19,DOV-RTX,-767.9897842407227,250000.0,41
2018-06-20,PHM-TEL,5743.943405151367,250000.0,41
2018-06-20,DOV-RTX,-3775.051170349121,250000.0,41
2018-06-20,AMT-WM,0.0,250000.0,41
2018-06-20,APD-PLD,0.0,250000.0,41
2018-06-21,DOV-RTX,-3075.253547668457,250000.0,41
2018-06-21,AMT-WM,-3181.2840270996094,250000.0,41
2018-06-21,APD-PLD,-992.7336730957031,250000.0,41
2018-06-22,DOV-RTX,-4517.838684082031,250000.0,41
2018-06-22,AMT-WM,-2517.742416381836,250000.0,41
2018-06-22,APD-PLD,-51.5800895690918,250000.0,41
2018-06-25,DOV-RTX,-3620.1381759643555,250000.0,41
2018-06-25,AMT-WM,-2363.026351928711,250000.0,41
2018-06-25,APD-PLD,-2767.6651725769043,250000.0,41
2018-06-26,AMT-WM,-3770.453269958496,250000.0,41
2018-06-26,APD-PLD,-2154.0828437805176,250000.0,41
2018-06-27,APD-PLD,-4694.165187835693,250000.0,41
2018-06-27,AKAM-SPGI,0.0,250000.0,41
2018-06-28,APD-PLD,-6312.219463348389,250000.0,41
2018-06-28,AKAM-SPGI,-2263.095230102539,250000.0,41
2018-06-29,APD-PLD,-7244.2416915893555,250000.0,41
2018-06-29,AKAM-SPGI,-1038.4871063232422,250000.0,41
2018-07-02,APD-PLD,-3034.5673599243164,250000.0,41
2018-07-02,AKAM-SPGI,804.4923477172852,250000.0,41
2018-07-03,APD-PLD,-5819.71951675415,250000.0,41
2018-07-03,AKAM-SPGI,2360.3981170654297,250000.0,41
2018-07-05,AKAM-SPGI,1.5940017700195312,250000.0,41
2018-07-06,AKAM-SPGI,-300.3242874145508,250000.0,41
2018-07-09,AKAM-SPGI,-1574.1450653076172,250000.0,41
2018-07-09,PHM-ROL,0.0,250000.0,41
2018-07-10,AKAM-SPGI,-3201.0043411254883,250000.0,41
2018-07-10,PHM-ROL,32.320823669433594,250000.0,41
2018-07-10,CDNS-NSC,0.0,250000.0,41
2018-07-11,AKAM-SPGI,-1509.3939208984375,250000.0,41
2018-07-11,PHM-ROL,-280.1356506347656,250000.0,41
2018-07-11,DOV-RTX,0.0,250000.0,41
2018-07-12,PHM-ROL,-3901.313919067383,250000.0,41
2018-07-13,PHM-ROL,-1190.9620819091797,250000.0,41
2018-07-13,DOV-RTX,0.0,250000.0,41
2018-07-16,PHM-ROL,-658.6154174804688,250000.0,41
2018-07-16,DOV-RTX,-96.87055969238281,250000.0,41
2018-07-17,PHM-ROL,-899.1283645629883,250000.0,41
2018-07-17,DOV-RTX,-2841.6025009155273,250000.0,41
2018-07-17,HCA-VICI,0.0,250000.0,41
2018-07-18,PHM-ROL,-3534.769729614258,250000.0,41
2018-07-18,HCA-VICI,3567.1833324432373,250000.0,41
2018-07-18,ABT-VICI,0.0,250000.0,41
2018-07-18,DHI-WMB,0.0,250000.0,41
2018-07-19,PHM-ROL,-3816.385940551758,250000.0,41
2018-07-19,HCA-VICI,221.2034397125244,250000.0,41
2018-07-19,ABT-VICI,6359.9085693359375,250000.0,41
2018-07-20,HCA-VICI,-1257.1578941345215,250000.0,41
2018-07-20,ABT-VICI,8722.20597076416,250000.0,41
2018-07-23,HCA-VICI,-4009.7016372680664,250000.0,41
2018-07-23,ABT-VICI,7897.256126403809,250000.0,41
2018-07-24,HCA-VICI,-4774.343111038208,250000.0,41
2018-07-24,ABT-VICI,-969.4568023681641,250000.0,41
2018-07-24,CSGP-CVX,0.0,250000.0,41
2018-07-25,ABT-VICI,-5137.676918029785,250000.0,41
2018-07-25,CSGP-CVX,1179.2118301391602,250000.0,41
2018-07-25,AMT-WM,0.0,250000.0,41
2018-07-26,ABT-VICI,-8519.883102416992,250000.0,41
2018-07-26,CSGP-CVX,1717.956039428711,250000.0,41
2018-07-26,AMT-WM,-1308.9156341552734,250000.0,41
2018-07-26,AKAM-MCO,0.0,250000.0,41
2018-07-27,ABT-VICI,-8215.966934204102,250000.0,41
2018-07-27,CSGP-CVX,-4834.105304718018,250000.0,41
2018-07-27,AMT-WM,-4576.743103027344,250000.0,41
2018-07-27,FLEX-LMT,0.0,250000.0,41
2018-07-27,AKAM-SPGI,0.0,250000.0,41
2018-07-30,ABT-VICI,-6574.575820922852,250000.0,41
2018-07-30,AMT-WM,-3019.247543334961,250000.0,41
2018-07-30,FLEX-LMT,2211.0158462524414,250000.0,41
2018-07-30,PHM-ROL,0.0,250000.0,41
2018-07-31,ABT-VICI,-9585.735977172852,250000.0,41
2018-07-31,AMT-WM,-4032.838882446289,250000.0,41
2018-07-31,FLEX-LMT,-2560.8865661621094,250000.0,41
2018-07-31,PHM-ROL,2382.7064208984375,250000.0,41
2018-08-01,ABT-VICI,-9104.969909667969,250000.0,41
2018-08-01,AMT-WM,-2892.8377380371094,250000.0,41
2018-08-01,FLEX-LMT,-1270.0415420532227,250000.0,41
2018-08-02,AMT-WM,-4357.883987426758,250000.0,41
2018-08-02,FLEX-LMT,194.2840347290039,250000.0,41
2018-08-03,AMT-WM,-1683.3441162109375,250000.0,41
2018-08-03,FLEX-LMT,2572.384696960449,250000.0,41
2018-08-06,AMT-WM,-2455.3715209960938,250000.0,41
2018-08-07,AMT-WM,-3062.565704345703,250000.0,41
2018-08-08,AMT-WM,-3687.384719848633,250000.0,41
2018-08-13,PHM-VRTX,0.0,250000.0,41
2018-08-14,PHM-VRTX,2501.6487579345703,250000.0,41
2018-08-15,PHM-VRTX,-2367.130796432495,250000.0,41
2018-08-16,PHM-VRTX,2361.687812805176,250000.0,41
2018-08-16,FLEX-LMT,0.0,250000.0,41
2018-08-17,PHM-VRTX,4209.993743896484,250000.0,41
2018-08-17,FLEX-LMT,2308.1643962860107,250000.0,41
2018-08-20,PHM-VRTX,3930.7361011505127,250000.0,41
2018-08-20,FLEX-LMT,3558.5218238830566,250000.0,41
2018-08-21,FLEX-LMT,4777.107782363892,250000.0,41
2018-08-21,PHM-ROL,0.0,250000.0,41
2018-08-22,PHM-ROL,880.9205455780029,250000.0,41
2018-08-23,PHM-ROL,2855.8205947875977,250000.0,41
2018-08-24,PHM-ROL,1975.3897342681885,250000.0,41
2018-08-27,PHM-ROL,-4207.863147735596,250000.0,41
2018-08-28,PHM-ROL,-1792.7522048950195,250000.0,41
2018-08-28,AMT-WM,0.0,250000.0,41
2018-08-29,PHM-ROL,-2008.3961067199707,250000.0,41
2018-08-29,AMT-WM,-22.517723083496094,250000.0,41
2018-08-30,PHM-ROL,-1067.1931819915771,250000.0,41
2018-08-31,PHM-ROL,-1489.0544528961182,250000.0,41
2018-07-03,CDW-NDAQ,0.0,250000.0,42
2018-07-05,CDW-NDAQ,1299.4688034057617,250000.0,42
2018-07-05,ALL-IBKR,0.0,250000.0,42
2018-07-06,CDW-NDAQ,-1444.4882183074951,250000.0,42
2018-07-06,ALL-IBKR,-1007.286003112793,250000.0,42
2018-07-09,CDW-NDAQ,271.9896583557129,250000.0,42
2018-07-09,ALL-IBKR,-2378.0816078186035,250000.0,42
2018-07-09,AME-EMR,0.0,250000.0,42
2018-07-10,CDW-NDAQ,-2217.1817207336426,250000.0,42
2018-07-10,ALL-IBKR,859.2298793792725,250000.0,42
2018-07-10,AME-EMR,24.449554443359375,250000.0,42
2018-07-11,CDW-NDAQ,54.05147171020508,250000.0,42
2018-07-11,ALL-IBKR,-374.02244091033936,250000.0,42
2018-07-12,ALL-IBKR,-2421.6853532791138,250000.0,42
2018-07-13,ALL-IBKR,-1155.3579874038696,250000.0,42
2018-07-16,ALL-IBKR,853.773027420044,250000.0,42
2018-07-17,ALL-IBKR,5415.370162963867,250000.0,42
2018-07-18,ALL-IBKR,1220.3289442062378,250000.0,42
2018-07-19,ALL-IBKR,954.6323184967041,250000.0,42
2018-07-19,CMI-PH,0.0,250000.0,42
2018-07-20,ALL-IBKR,913.4920310974121,250000.0,42
2018-07-20,CMI-PH,1016.7366333007812,250000.0,42
2018-07-20,CTAS-VRSK,0.0,250000.0,42
2018-07-23,ALL-IBKR,5708.729070663452,250000.0,42
2018-07-23,CTAS-VRSK,-534.3399200439453,250000.0,42
2018-07-24,ALL-IBKR,1413.384183883667,250000.0,42
2018-07-24,CTAS-VRSK,-1305.2163162231445,250000.0,42
2018-07-25,CTAS-VRSK,1180.0422744750977,250000.0,42
2018-07-25,CMS-NI,0.0,250000.0,42
2018-07-25,ADI-VRSK,0.0,250000.0,42
2018-07-26,CTAS-VRSK,-418.37364196777344,250000.0,42
2018-07-26,CMS-NI,1596.661075592041,250000.0,42
2018-07-27,CTAS-VRSK,-3283.75634765625,250000.0,42
2018-07-27,CMS-NI,2204.557025909424,250000.0,42
2018-07-27,AAPL-VRSK,0.0,250000.0,42
2018-07-27,ADBE-VRSK,0.0,250000.0,42
2018-07-27,TDY-VRSK,0.0,250000.0,42
2018-07-30,ADBE-VRSK,245.89431762695312,250000.0,42
2018-07-30,TDY-VRSK,-3700.0770568847656,250000.0,42
2018-07-30,MA-VRSK,0.0,250000.0,42
2018-07-30,ED-NI,0.0,250000.0,42
2018-07-30,PRU-SCHW,0.0,250000.0,42
2018-07-30,ALL-WDAY,0.0,250000.0,42
2018-07-31,TDY-VRSK,-3110.4395446777344,250000.0,42
2018-07-31,PRU-SCHW,-1850.1276550292969,250000.0,42
2018-07-31,ALL-WDAY,-389.5414505004883,250000.0,42
2018-08-01,PRU-SCHW,-2423.8001022338867,250000.0,42
2018-08-01,ALL-WDAY,4930.6800537109375,250000.0,42
2018-08-01,MA-VRSK,0.0,250000.0,42
2018-08-01,ADBE-VRSK,0.0,250000.0,42
2018-08-01,SPGI-VRSK,0.0,250000.0,42
2018-08-01,ALL-MGM,0.0,250000.0,42
2018-08-01,GDDY-VRSK,0.0,250000.0,42
2018-08-02,PRU-SCHW,-5599.856475830078,250000.0,42
2018-08-02,MA-VRSK,646.2040252685547,250000.0,42
2018-08-02,ADBE-VRSK,1993.0346984863281,250000.0,42
2018-08-02,SPGI-VRSK,-28.812271118164062,250000.0,42
2018-08-02,ALL-MGM,-14316.081768035889,250000.0,42
2018-08-02,GDDY-VRSK,1744.7748413085938,250000.0,42
2018-08-02,ED-NI,0.0,250000.0,42
2018-08-02,CMI-PH,0.0,250000.0,42
2018-08-02,ALL-NEM,0.0,250000.0,42
2018-08-03,PRU-SCHW,-4471.777080535889,250000.0,42
2018-08-03,MA-VRSK,914.4310760498047,250000.0,42
2018-08-03,ADBE-VRSK,3027.7027893066406,250000.0,42
2018-08-03,SPGI-VRSK,1173.7916412353516,250000.0,42
2018-08-03,GDDY-VRSK,1787.693344116211,250000.0,42
2018-08-03,ED-NI,-198.2217903137207,250000.0,42
2018-08-03,CMI-PH,-255.22866821289062,250000.0,42
2018-08-03,ALL-NEM,-149.45275688171387,250000.0,42
2018-08-06,PRU-SCHW,-4125.407390594482,250000.0,42
2018-08-06,MA-VRSK,644.0527954101562,250000.0,42
2018-08-06,ADBE-VRSK,2946.865234375,250000.0,42
2018-08-06,SPGI-VRSK,1093.7704772949219,250000.0,42
2018-08-06,GDDY-VRSK,1541.2453384399414,250000.0,42
2018-08-06,CMI-PH,-2715.980682373047,250000.0,42
2018-08-06,ALL-NEM,-3065.7946281433105,250000.0,42
2018-08-07,PRU-SCHW,-2725.7550659179688,250000.0,42
2018-08-07,MA-VRSK,-2362.478561401367,250000.0,42
2018-08-07,ADBE-VRSK,-803.5514221191406,250000.0,42
2018-08-07,SPGI-VRSK,374.93402099609375,250000.0,42
2018-08-07,GDDY-VRSK,-1307.3145141601562,250000.0,42
2018-08-07,CMI-PH,-1351.0160522460938,250000.0,42
2018-08-07,ALL-NEM,-5291.571491241455,250000.0,42
2018-08-07,AME-EMR,0.0,250000.0,42
2018-08-08,PRU-SCHW,-5040.357925415039,250000.0,42
2018-08-08,MA-VRSK,-2718.4927673339844,250000.0,42
2018-08-08,ADBE-VRSK,-1084.3172454833984,250000.0,42
2018-08-08,SPGI-VRSK,-734.6120758056641,250000.0,42
2018-08-08,GDDY-VRSK,-2247.5981979370117,250000.0,42
2018-08-08,CMI-PH,-268.98748779296875,250000.0,42
2018-08-08,ALL-NEM,-6168.350158691406,250000.0,42
2018-08-08,AME-EMR,1394.1166229248047,250000.0,42
2018-08-09,PRU-SCHW,-2084.738899230957,250000.0,42
2018-08-09,MA-VRSK,-3103.308074951172,250000.0,42
2018-08-09,ADBE-VRSK,-1793.0503234863281,250000.0,42
2018-08-09,SPGI-VRSK,-1727.8580322265625,250000.0,42
2018-08-09,GDDY-VRSK,-2581.992332458496,250000.0,42
2018-08-09,CMI-PH,2210.0372619628906,250000.0,42
2018-08-09,ALL-NEM,-10192.634353637695,250000.0,42
2018-08-09,AME-EMR,273.73705291748047,250000.0,42
2018-08-10,PRU-SCHW,-419.74763107299805,250000.0,42
2018-08-10,MA-VRSK,-4048.0676879882812,250000.0,42
2018-08-10,ADBE-VRSK,-2377.489013671875,250000.0,42
2018-08-10,SPGI-VRSK,-1997.9044494628906,250000.0,42
2018-08-10,GDDY-VRSK,-3693.019142150879,250000.0,42
2018-08-10,ALL-NEM,-8057.74312210083,250000.0,42
2018-08-10,AME-EMR,-752.3102874755859,250000.0,42
2018-08-13,PRU-SCHW,-2475.1739501953125,250000.0,42
2018-08-13,MA-VRSK,-2819.713088989258,250000.0,42
2018-08-13,ADBE-VRSK,-1070.0126037597656,250000.0,42
2018-08-13,SPGI-VRSK,-1211.8995666503906,250000.0,42
2018-08-13,GDDY-VRSK,-3027.4232482910156,250000.0,42
2018-08-13,ALL-NEM,-13012.456575393677,250000.0,42
2018-08-13,AME-EMR,151.59397888183594,250000.0,42
2018-08-14,MA-VRSK,-5293.126861572266,250000.0,42
2018-08-14,ADBE-VRSK,-3198.627182006836,250000.0,42
2018-08-14,SPGI-VRSK,-2464.0850524902344,250000.0,42
2018-08-14,GDDY-VRSK,-5623.723922729492,250000.0,42
2018-08-14,AME-EMR,-2152.6789474487305,250000.0,42
2018-08-15,MA-VRSK,-4911.413528442383,250000.0,42
2018-08-15,ADBE-VRSK,-3500.2638092041016,250000.0,42
2018-08-15,SPGI-VRSK,-1548.9597930908203,250000.0,42
2018-08-15,GDDY-VRSK,-5733.057441711426,250000.0,42
2018-08-15,AME-EMR,-1410.099494934082,250000.0,42
2018-08-15,ALL-NEM,0.0,250000.0,42
2018-08-16,AME-EMR,-3050.5022506713867,250000.0,42
2018-08-17,AME-EMR,-4847.952331542969,250000.0,42
2018-08-22,ALL-WDAY,0.0,250000.0,42
2018-08-23,ALL-WDAY,-65.68775939941406,250000.0,42
2018-08-24,CMI-PH,0.0,250000.0,42
2018-08-24,CDW-NDAQ,0.0,250000.0,42
2018-08-27,CDW-NDAQ,258.4525394439697,250000.0,42
2018-08-28,CDW-NDAQ,625.3897819519043,250000.0,42
2018-08-29,CDW-NDAQ,1562.1349868774414,250000.0,42
2018-08-30,CDW-NDAQ,1618.6507472991943,250000.0,42
2018-08-30,AAPL-VRSK,0.0,250000.0,42
2018-08-31,CDW-NDAQ,-946.3026866912842,250000.0,42
2018-08-31,AAPL-VRSK,-987.9985389709473,250000.0,42
2018-09-04,AAPL-VRSK,1496.402172088623,250000.0,42
2018-09-05,AAPL-VRSK,1462.6753616333008,250000.0,42
2018-09-05,ALL-WDAY,0.0,250000.0,42
2018-09-06,ALL-WDAY,5265.488861083984,250000.0,42
2018-09-06,AME-EMR,0.0,250000.0,42
2018-09-07,ALL-WDAY,10290.761032104492,250000.0,42
2018-09-07,AME-EMR,-624.9483642578125,250000.0,42
2018-09-07,ADI-VRSK,0.0,250000.0,42
2018-09-10,AME-EMR,-3904.510814666748,250000.0,42
2018-09-10,ADI-VRSK,70.35870361328125,250000.0,42
2018-09-11,AME-EMR,-4482.378791809082,250000.0,42
2018-09-11,ADI-VRSK,-1694.771583557129,250000.0,42
2018-09-12,AME-EMR,-2503.8606491088867,250000.0,42
2018-09-12,ADI-VRSK,-7004.154754638672,250000.0,42
2018-09-12,CTAS-VRSK,0.0,250000.0,42
2018-09-12,CMI-PH,0.0,250000.0,42
2018-09-13,AME-EMR,-4513.475715637207,250000.0,42
2018-09-13,ADI-VRSK,-7041.8417892456055,250000.0,42
2018-09-13,CTAS-VRSK,-1898.0096435546875,250000.0,42
2018-09-13,CMI-PH,-1396.3911590576172,250000.0,42
2018-09-14,AME-EMR,-5729.961112976074,250000.0,42
2018-09-14,ADI-VRSK,-4817.142112731934,250000.0,42
2018-09-14,CTAS-VRSK,978.8764915466309,250000.0,42
2018-09-14,CMI-PH,-2702.0072021484375,250000.0,42
2018-09-14,CMS-NI,0.0,250000.0,42
2018-09-14,ED-NI,0.0,250000.0,42
2018-09-14,SPGI-VRSK,0.0,250000.0,42
2018-09-17,AME-EMR,-4824.693153381348,250000.0,42
2018-09-17,CTAS-VRSK,1605.1997337341309,250000.0,42
2018-09-17,CMI-PH,-280.9226837158203,250000.0,42
2018-09-17,CMS-NI,9879.535228729248,250000.0,42
2018-09-17,ED-NI,9210.106113433838,250000.0,42
2018-09-17,SPGI-VRSK,245.63018035888672,250000.0,42
2018-09-18,AME-EMR,-5401.923156738281,250000.0,42
2018-09-18,CTAS-VRSK,123.69359588623047,250000.0,42
2018-09-18,CMI-PH,146.94862365722656,250000.0,42
2018-09-18,CMS-NI,11995.619384765625,250000.0,42
2018-09-18,ED-NI,12336.850967407227,250000.0,42
2018-09-18,SPGI-VRSK,1550.297264099121,250000.0,42
2018-09-19,CTAS-VRSK,1756.0836067199707,250000.0,42
2018-09-19,CMS-NI,14620.627258300781,250000.0,42
2018-09-19,SPGI-VRSK,-2748.716552734375,250000.0,42
2018-09-20,CTAS-VRSK,492.17390060424805,250000.0,42
2018-09-20,CMS-NI,10793.705093383789,250000.0,42
2018-09-20,SPGI-VRSK,-920.0601196289062,250000.0,42
2018-09-21,CMS-NI,12919.445762634277,250000.0,42
2018-09-21,SPGI-VRSK,-926.9954681396484,250000.0,42
2018-09-24,CMS-NI,12299.85013961792,250000.0,42
2018-09-24,SPGI-VRSK,234.2149658203125,250000.0,42
2018-09-25,CMS-NI,11119.264316558838,250000.0,42
2018-09-26,CMS-NI,10844.719055175781,250000.0,42
2018-09-26,CTAS-VRSK,0.0,250000.0,42
2018-09-27,CMS-NI,10210.316299438477,250000.0,42
2018-09-27,CTAS-VRSK,-3417.954132080078,250000.0,42
2018-09-28,CMS-NI,8218.295162200928,250000.0,42
2018-09-28,CTAS-VRSK,-2704.9728240966797,250000.0,42
2018-09-28,SPGI-VRSK,0.0,250000.0,42
2018-08-01,BBY-VICI,0.0,250000.0,43
2018-08-02,TJX-WMB,0.0,250000.0,43
2018-08-03,TJX-WMB,-1090.8762340545654,250000.0,43
2018-08-06,TJX-WMB,-1672.8951034545898,250000.0,43
2018-08-07,TJX-WMB,-2789.576889038086,250000.0,43
2018-08-08,TJX-WMB,-1103.5712394714355,250000.0,43
2018-08-09,TJX-WMB,-2917.005250930786,250000.0,43
2018-08-10,TJX-WMB,-1546.371187210083,250000.0,43
2018-08-14,TJX-WMB,0.0,250000.0,43
2018-08-14,ROST-WMB,0.0,250000.0,43
2018-08-15,TJX-WMB,349.5213432312012,250000.0,43
2018-08-15,ROST-WMB,2787.123332977295,250000.0,43
2018-08-16,TJX-WMB,-536.7501983642578,250000.0,43
2018-08-16,ROST-WMB,1056.4917221069336,250000.0,43
2018-08-17,TJX-WMB,1786.026596069336,250000.0,43
2018-08-17,ROST-WMB,4436.859649658203,250000.0,43
2018-08-20,TJX-WMB,-958.4559593200684,250000.0,43
2018-08-20,ROST-WMB,2593.036876678467,250000.0,43
2018-08-20,DG-ETR,0.0,250000.0,43
2018-08-20,EXPE-LUV,0.0,250000.0,43
2018-08-21,TJX-WMB,-8762.402996063232,250000.0,43
2018-08-21,ROST-WMB,1604.7947731018066,250000.0,43
2018-08-21,DG-ETR,-1093.5175495147705,250000.0,43
2018-08-21,EXPE-LUV,1878.438720703125,250000.0,43
2018-08-22,TJX-WMB,-7754.056722640991,250000.0,43
2018-08-22,ROST-WMB,-296.7705593109131,250000.0,43
2018-08-22,DG-ETR,-2399.738983154297,250000.0,43
2018-08-22,EXPE-LUV,1935.838710784912,250000.0,43
2018-08-22,TGT-WM,0.0,250000.0,43
2018-08-23,ROST-WMB,-8748.652320861816,250000.0,43
2018-08-23,DG-ETR,-2515.9141483306885,250000.0,43
2018-08-23,EXPE-LUV,335.50765228271484,250000.0,43
2018-08-23,TGT-WM,-1062.6940002441406,250000.0,43
2018-08-24,ROST-WMB,-9021.985467910767,250000.0,43
2018-08-24,DG-ETR,-1070.377586364746,250000.0,43
2018-08-24,EXPE-LUV,1277.210376739502,250000.0,43
2018-08-24,TGT-WM,-1762.054931640625,250000.0,43
2018-08-27,ROST-WMB,-4402.52826499939,250000.0,43
2018-08-27,EXPE-LUV,2714.33455657959,250000.0,43
2018-08-27,TGT-WM,-788.6415710449219,250000.0,43
2018-08-28,ROST-WMB,-7495.226053237915,250000.0,43
2018-08-28,EXPE-LUV,781.2313919067383,250000.0,43
2018-08-28,TGT-WM,-1571.8941955566406,250000.0,43
2018-08-29,EXPE-LUV,2035.9722213745117,250000.0,43
2018-08-29,TGT-WM,-2431.185028076172,250000.0,43
2018-08-30,EXPE-LUV,2782.6242485046387,250000.0,43
2018-08-30,TGT-WM,-1596.5402221679688,250000.0,43
2018-08-31,EXPE-LUV,201.7447624206543,250000.0,43
2018-08-31,TGT-WM,-1492.8260192871094,250000.0,43
2018-09-04,TGT-WM,-3042.854461669922,250000.0,43
2018-09-04,TGT-TMO,0.0,250000.0,43
2018-09-05,TGT-WM,-1363.521728515625,250000.0,43
2018-09-05,TGT-TMO,942.6417541503906,250000.0,43
2018-09-06,TGT-WM,451.8642883300781,250000.0,43
2018-09-06,TGT-TMO,-218.10986328125,250000.0,43
2018-09-07,TGT-WM,466.0816955566406,250000.0,43
2018-09-07,TGT-TMO,267.0609893798828,250000.0,43
2018-09-10,TGT-WM,53.126373291015625,250000.0,43
2018-09-10,TGT-TMO,672.2705993652344,250000.0,43
2018-09-10,TXT-WRB,0.0,250000.0,43
2018-09-11,TGT-WM,1846.4286804199219,250000.0,43
2018-09-11,TGT-TMO,661.1186065673828,250000.0,43
2018-09-11,TXT-WRB,971.5316162109375,250000.0,43
2018-09-12,TGT-WM,433.6408386230469,250000.0,43
2018-09-12,TXT-WRB,1270.2881240844727,250000.0,43
2018-09-13,TGT-WM,2057.843048095703,250000.0,43
2018-09-14,TGT-WM,2266.098175048828,250000.0,43
2018-09-17,TGT-WM,3469.7162170410156,250000.0,43
2018-09-17,DG-ETR,0.0,250000.0,43
2018-09-17,BBY-VICI,0.0,250000.0,43
2018-09-18,TGT-WM,3983.861785888672,250000.0,43
2018-09-18,BBY-VICI,-437.9054899215698,250000.0,43
2018-09-19,TGT-WM,1152.6957702636719,250000.0,43
2018-09-19,BBY-VICI,869.7195978164673,250000.0,43
2018-09-19,DG-ETR,0.0,250000.0,43
2018-09-19,DG-EVRG,0.0,250000.0,43
2018-09-20,TGT-WM,2239.5548400878906,250000.0,43
2018-09-20,DG-ETR,1495.879135131836,250000.0,43
2018-09-20,DG-EVRG,-891.8462791442871,250000.0,43
2018-09-21,TGT-WM,1511.9049987792969,250000.0,43
2018-09-21,DG-EVRG,1057.8569068908691,250000.0,43
2018-09-24,DG-EVRG,1195.3671264648438,250000.0,43
2018-09-25,DG-EVRG,-2812.0980834960938,250000.0,43
2018-10-02,TGT-TMO,0.0,250000.0,43
2018-10-03,TGT-TMO,-1100.7600402832031,250000.0,43
2018-10-04,TGT-TMO,288.8722229003906,250000.0,43
2018-10-04,EXPE-LUV,0.0,250000.0,43
2018-10-05,TGT-TMO,2261.708221435547,250000.0,43
2018-10-09,ROST-UAL,0.0,250000.0,43
2018-10-10,ROST-UAL,221.58493041992188,250000.0,43
2018-10-10,TGT-TMO,0.0,250000.0,43
2018-10-10,MAS-ROP,0.0,250000.0,43
2018-10-11,ROST-UAL,6469.97713470459,250000.0,43
2018-10-11,TGT-TMO,1534.8598327636719,250000.0,43
2018-10-11,MAS-ROP,-5072.105735778809,250000.0,43
2018-10-12,ROST-UAL,907.925895690918,250000.0,43
2018-10-12,TGT-TMO,2406.508285522461,250000.0,43
2018-10-12,MAS-ROP,845.7620887756348,250000.0,43
2018-10-15,ROST-UAL,1651.4894409179688,250000.0,43
2018-10-15,TGT-TMO,-1151.7648010253906,250000.0,43
2018-10-15,MAS-ROP,1642.2536277770996,250000.0,43
2018-10-16,ROST-UAL,2078.90291595459,250000.0,43
2018-10-16,TGT-TMO,3215.0389251708984,250000.0,43
2018-10-18,TXT-WRB,0.0,250000.0,43
2018-10-19,TXT-WRB,-2459.288824081421,250000.0,43
2018-10-22,TXT-WRB,-2645.761116027832,250000.0,43
2018-10-23,TXT-WRB,-2642.7251300811768,250000.0,43
2018-10-24,TXT-WRB,-14675.613109588623,250000.0,43
2018-10-24,FSLR-MCK,0.0,250000.0,43
2018-10-25,TXT-WRB,-15428.28691291809,250000.0,43
2018-10-25,FSLR-MCK,610.6896171569824,250000.0,43
2018-10-25,EXPE-LUV,0.0,250000.0,43
2018-10-26,TXT-WRB,-15861.347911834717,250000.0,43
2018-10-26,FSLR-MCK,-5907.631992340088,250000.0,43
2018-10-26,EXPE-LUV,-6800.105812072754,250000.0,43
2018-10-29,EXPE-LUV,-17325.609008789062,250000.0,43
2018-10-30,EXPE-LUV,-15963.181518554688,250000.0,43
2018-10-31,EXPE-LUV,-17865.01194000244,250000.0,43
2018-09-06,BX-TJX,0.0,250000.0,44
2018-09-07,BX-TJX,38.461429595947266,250000.0,44
2018-09-10,BX-TJX,2772.1108741760254,250000.0,44
2018-09-11,BX-TJX,1802.8775024414062,250000.0,44
2018-09-12,BX-TJX,3209.449031829834,250000.0,44
2018-09-27,BMY-RF,0.0,250000.0,44
2018-09-28,BMY-RF,-2711.9199028015137,250000.0,44
2018-10-01,BMY-RF,-5566.6998081207275,250000.0,44
2018-10-02,BMY-RF,-6778.338040351868,250000.0,44
2018-10-02,BMY-UHS,0.0,250000.0,44
2018-10-03,BMY-RF,-1751.054617881775,250000.0,44
2018-10-03,BMY-UHS,-631.0030517578125,250000.0,44
2018-10-03,HPE-HUM,0.0,250000.0,44
2018-10-04,BMY-RF,818.124135017395,250000.0,44
2018-10-04,BMY-UHS,-665.6354064941406,250000.0,44
2018-10-04,HPE-HUM,-2514.918312072754,250000.0,44
2018-10-05,BMY-RF,-992.7569274902344,250000.0,44
2018-10-05,BMY-UHS,-429.5870666503906,250000.0,44
2018-10-08,BMY-RF,461.1970682144165,250000.0,44
2018-10-08,BMY-UHS,225.81649780273438,250000.0,44
2018-10-09,BMY-RF,-1270.1767845153809,250000.0,44
2018-10-09,BMY-UHS,1755.4120635986328,250000.0,44
2018-10-09,FAST-IQV,0.0,250000.0,44
2018-10-10,BMY-RF,-2730.4991397857666,250000.0,44
2018-10-11,BMY-RF,-6082.555858612061,250000.0,44
2018-10-11,ATO-DVN,0.0,250000.0,44
2018-10-12,ATO-DVN,3071.0982971191406,250000.0,44
2018-10-15,ATO-DVN,651.1978607177734,250000.0,44
2018-10-16,ATO-DVN,9395.08585357666,250000.0,44
2018-10-17,ATO-DVN,1489.437484741211,250000.0,44
2018-10-18,ATO-DVN,-3704.419235229492,250000.0,44
2018-10-19,ATO-DVN,-2495.3014602661133,250000.0,44
2018-10-22,ATO-DVN,-3753.8545455932617,250000.0,44
2018-10-23,ATO-DVN,-12807.272087097168,250000.0,44
2018-10-24,LNT-T,0.0,250000.0,44
2018-10-24,FAST-IQV,0.0,250000.0,44
2018-10-24,BX-TJX,0.0,250000.0,44
2018-10-25,LNT-T,1115.498706817627,250000.0,44
2018-10-25,FAST-IQV,7039.456897735596,250000.0,44
2018-10-25,BX-TJX,4380.683464050293,250000.0,44
2018-10-25,BMY-RF,0.0,250000.0,44
2018-10-25,LUV-MRK,0.0,250000.0,44
2018-10-26,LNT-T,-2796.749526977539,250000.0,44
2018-10-26,BX-TJX,1728.5310401916504,250000.0,44
2018-10-26,BMY-RF,4107.7474365234375,250000.0,44
2018-10-26,LUV-MRK,-2792.9053115844727,250000.0,44
2018-10-26,ATO-DVN,0.0,250000.0,44
2018-10-29,LNT-T,-2253.624465942383,250000.0,44
2018-10-29,BMY-RF,-4008.6708583831787,250000.0,44
2018-10-29,LUV-MRK,-12722.310859680176,250000.0,44
2018-10-29,ATO-DVN,-4641.4736251831055,250000.0,44
2018-10-30,LNT-T,3459.4212608337402,250000.0,44
2018-10-30,BMY-RF,-4433.269135475159,250000.0,44
2018-10-30,LUV-MRK,-13209.529041290283,250000.0,44
2018-10-30,ATO-DVN,7902.309797286987,250000.0,44
2018-10-31,LNT-T,7953.112903594971,250000.0,44
2018-10-31,LUV-MRK,-16038.758712768555,250000.0,44
2018-10-31,ATO-DVN,-3673.8251342773438,250000.0,44
2018-11-01,LNT-T,7014.617874145508,250000.0,44
2018-11-01,LUV-MRK,-7444.589000701904,250000.0,44
2018-11-01,ATO-DVN,-1114.6068725585938,250000.0,44
2018-11-02,LNT-T,9295.899528503418,250000.0,44
2018-11-02,LUV-MRK,-1189.1930122375488,250000.0,44
2018-11-02,ATO-DVN,-11264.398889541626,250000.0,44
2018-11-05,LNT-T,7697.938907623291,250000.0,44
2018-11-05,LUV-MRK,-5706.074352264404,250000.0,44
2018-11-05,ATO-DVN,3219.4579315185547,250000.0,44
2018-11-06,LNT-T,8276.561408996582,250000.0,44
2018-11-06,LUV-MRK,-4757.364280700684,250000.0,44
2018-11-07,LNT-T,6977.777751922607,250000.0,44
2018-11-07,LUV-MRK,-7309.101829528809,250000.0,44
2018-11-07,ATO-DVN,0.0,250000.0,44
2018-11-08,LNT-T,6483.700454711914,250000.0,44
2018-11-08,LUV-MRK,-9330.30862045288,250000.0,44
2018-11-08,ATO-DVN,16423.668983459473,250000.0,44
2018-11-09,ATO-DVN,6368.087669372559,250000.0,44
2018-11-09,BEN-CL,0.0,250000.0,44
2018-11-12,ATO-DVN,17333.134841918945,250000.0,44
2018-11-14,BX-PGR,0.0,250000.0,44
2018-11-15,BX-PGR,7041.953628540039,250000.0,44
2018-11-16,BX-PGR,7315.73575592041,250000.0,44
2018-11-19,BX-PGR,4158.750720977783,250000.0,44
2018-10-03,ECL-ETN,0.0,250000.0,45
2018-10-04,ECL-ETN,57.0230712890625,250000.0,45
2018-10-04,CF-PTC,0.0,250000.0,45
2018-10-04,GPN-TT,0.0,250000.0,45
2018-10-05,CF-PTC,294.79285430908203,250000.0,45
2018-10-05,GPN-TT,2013.1310119628906,250000.0,45
2018-10-05,CTSH-MTD,0.0,250000.0,45
2018-10-08,CF-PTC,-4777.100250244141,250000.0,45
2018-10-08,GPN-TT,-7497.17520904541,250000.0,45
2018-10-08,GPN-HON,0.0,250000.0,45
2018-10-08,CDW-HON,0.0,250000.0,45
2018-10-08,CTSH-WAT,0.0,250000.0,45
2018-10-09,CF-PTC,-2043.3578491210938,250000.0,45
2018-10-09,GPN-TT,-5349.875747680664,250000.0,45
2018-10-09,GPN-HON,5463.761825561523,250000.0,45
2018-10-09,CTSH-WAT,-1816.1080627441406,250000.0,45
2018-10-10,GPN-TT,-4574.555236816406,250000.0,45
2018-10-10,GPN-HON,2613.424186706543,250000.0,45
2018-10-10,CTSH-WAT,-4333.145668029785,250000.0,45
2018-10-10,PH-ROK,0.0,250000.0,45
2018-10-10,CTSH-MTD,0.0,250000.0,45
2018-10-11,GPN-TT,-924.1419296264648,250000.0,45
2018-10-11,GPN-HON,6474.823989868164,250000.0,45
2018-10-11,CTSH-WAT,-1833.7304763793945,250000.0,45
2018-10-11,PH-ROK,-843.9643249511719,250000.0,45
2018-10-11,CTSH-MTD,-5088.55712890625,250000.0,45
2018-10-11,DXCM-XYZ,0.0,250000.0,45
2018-10-12,CTSH-WAT,709.8136787414551,250000.0,45
2018-10-12,PH-ROK,478.142822265625,250000.0,45
2018-10-12,CTSH-MTD,-4456.853790283203,250000.0,45
2018-10-12,DXCM-XYZ,10338.696800231934,250000.0,45
2018-10-15,CTSH-WAT,1075.4297637939453,250000.0,45
2018-10-15,PH-ROK,-910.9483642578125,250000.0,45
2018-10-15,CTSH-MTD,-5326.902160644531,250000.0,45
2018-10-15,DXCM-XYZ,12685.832691192627,250000.0,45
2018-10-16,CTSH-MTD,1631.8896484375,250000.0,45
2018-10-16,DXCM-XYZ,17629.306240081787,250000.0,45
2018-10-17,CTSH-MTD,3616.217041015625,250000.0,45
2018-10-17,DXCM-XYZ,16108.478923797607,250000.0,45
2018-10-18,CTSH-MTD,-1601.4181518554688,250000.0,45
2018-10-18,DXCM-XYZ,4580.098705291748,250000.0,45
2018-10-19,CTSH-MTD,-5178.8092041015625,250000.0,45
2018-10-19,DXCM-XYZ,7580.945781707764,250000.0,45
2018-10-19,ECL-ETN,0.0,250000.0,45
2018-10-19,CTSH-MAR,0.0,250000.0,45
2018-10-22,CTSH-MTD,-5227.013854980469,250000.0,45
2018-10-22,DXCM-XYZ,9611.33736038208,250000.0,45
2018-10-22,ECL-ETN,496.6871109008789,250000.0,45
2018-10-22,CTSH-MAR,-957.6588134765625,250000.0,45
2018-10-23,CTSH-MTD,-12127.613525390625,250000.0,45
2018-10-23,DXCM-XYZ,4395.167278289795,250000.0,45
2018-10-23,CTSH-MAR,1445.0204620361328,250000.0,45
2018-10-24,DXCM-XYZ,-2821.7504539489746,250000.0,45
2018-10-24,CTSH-MAR,-1428.6763458251953,250000.0,45
2018-10-24,CTSH-RJF,0.0,250000.0,45
2018-10-25,DXCM-XYZ,10879.863231658936,250000.0,45
2018-10-25,CTSH-MAR,4830.570816040039,250000.0,45
2018-10-25,CTSH-RJF,-11177.838287353516,250000.0,45
2018-10-26,DXCM-XYZ,2766.897392272949,250000.0,45
2018-10-26,PH-ROK,0.0,250000.0,45
2018-10-26,CF-TKO,0.0,250000.0,45
2018-10-26,CTSH-PNR,0.0,250000.0,45
2018-10-29,PH-ROK,3713.8076782226562,250000.0,45
2018-10-29,CF-TKO,-14914.01071548462,250000.0,45
2018-10-29,CTSH-PNR,-791.0604629516602,250000.0,45
2018-10-30,PH-ROK,-51.347900390625,250000.0,45
2018-10-30,CF-TKO,-12529.475383758545,250000.0,45
2018-10-30,CTSH-PNR,-10852.079189300537,250000.0,45
2018-10-30,CTSH-WAT,0.0,250000.0,45
2018-10-30,CTSH-MAR,0.0,250000.0,45
2018-10-31,PH-ROK,2789.29541015625,250000.0,45
2018-10-31,CF-TKO,-5719.4647216796875,250000.0,45
2018-10-31,CTSH-PNR,-8024.51708984375,250000.0,45
2018-10-31,CTSH-WAT,4139.975727081299,250000.0,45
2018-10-31,CTSH-MAR,5210.172092437744,250000.0,45
2018-10-31,CDW-HON,0.0,250000.0,45
2018-11-01,PH-ROK,-480.15045166015625,250000.0,45
2018-11-01,CTSH-WAT,-1285.8935508728027,250000.0,45
2018-11-01,CTSH-MAR,-4767.68314743042,250000.0,45
2018-11-01,CDW-HON,1630.509017944336,250000.0,45
2018-11-01,ALL-TRV,0.0,250000.0,45
2018-11-02,PH-ROK,3907.426025390625,250000.0,45
2018-11-02,CTSH-WAT,-112.16349792480469,250000.0,45
2018-11-02,CTSH-MAR,-1918.269271850586,250000.0,45
2018-11-02,CDW-HON,6870.964530944824,250000.0,45
2018-11-02,ALL-TRV,-206.11192321777344,250000.0,45
2018-11-05,CTSH-WAT,-3149.007556915283,250000.0,45
2018-11-05,CTSH-MAR,-1515.097354888916,250000.0,45
2018-11-05,CDW-HON,10765.698280334473,250000.0,45
2018-11-05,ALL-TRV,-1850.3219833374023,250000.0,45
2018-11-06,CTSH-WAT,-4271.0131912231445,250000.0,45
2018-11-06,CTSH-MAR,12440.032737731934,250000.0,45
2018-11-06,CDW-HON,12056.044486999512,250000.0,45
2018-11-06,ALL-TRV,-4756.3204345703125,250000.0,45
2018-11-07,CTSH-WAT,-2140.7834396362305,250000.0,45
2018-11-07,CDW-HON,8734.355575561523,250000.0,45
2018-11-07,ALL-TRV,-5254.405548095703,250000.0,45
2018-11-08,CTSH-WAT,-4771.610179901123,250000.0,45
2018-11-08,CDW-HON,4887.041427612305,250000.0,45
2018-11-08,ALL-TRV,-4410.259376525879,250000.0,45
2018-11-08,PH-ROK,0.0,250000.0,45
2018-11-09,CTSH-WAT,-6007.116012573242,250000.0,45
2018-11-09,CDW-HON,6381.141128540039,250000.0,45
2018-11-09,ALL-TRV,-4451.665237426758,250000.0,45
2018-11-09,PH-ROK,-472.1349334716797,250000.0,45
2018-11-12,CTSH-WAT,-2734.2039833068848,250000.0,45
2018-11-12,CDW-HON,8099.644248962402,250000.0,45
2018-11-12,ALL-TRV,-625.8512573242188,250000.0,45
2018-11-12,PH-ROK,-2821.642318725586,250000.0,45
2018-11-13,CTSH-WAT,-2846.0181465148926,250000.0,45
2018-11-13,CDW-HON,6013.475852966309,250000.0,45
2018-11-13,ALL-TRV,-511.7176513671875,250000.0,45
2018-11-13,PH-ROK,-748.3180389404297,250000.0,45
2018-11-14,CDW-HON,12766.528770446777,250000.0,45
2018-11-14,ALL-TRV,1763.172233581543,250000.0,45
2018-11-14,PH-ROK,-2953.0947875976562,250000.0,45
2018-11-14,CF-LOW,0.0,250000.0,45
2018-11-15,CDW-HON,10736.796798706055,250000.0,45
2018-11-15,ALL-TRV,-2082.0485610961914,250000.0,45
2018-11-15,PH-ROK,1713.2549743652344,250000.0,45
2018-11-15,CF-PTC,0.0,250000.0,45
2018-11-16,CDW-HON,9530.529991149902,250000.0,45
2018-11-16,PH-ROK,-1346.4442749023438,250000.0,45
2018-11-16,CF-PTC,7259.848388671875,250000.0,45
2018-11-19,CDW-HON,12252.696189880371,250000.0,45
2018-11-19,PH-ROK,-2512.6159057617188,250000.0,45
2018-11-20,CDW-HON,11727.714500427246,250000.0,45
2018-11-20,PH-ROK,1888.39453125,250000.0,45
2018-11-20,ETN-PH,0.0,250000.0,45
2018-11-20,GPN-TT,0.0,250000.0,45
2018-11-20,LOW-TRMB,0.0,250000.0,45
2018-11-21,CDW-HON,9690.600540161133,250000.0,45
2018-11-21,PH-ROK,3164.736602783203,250000.0,45
2018-11-21,ETN-PH,-2282.3085708618164,250000.0,45
2018-11-21,GPN-TT,3420.16845703125,250000.0,45
2018-11-21,LOW-TRMB,2128.4062423706055,250000.0,45
2018-11-23,CDW-HON,4043.0138397216797,250000.0,45
2018-11-23,PH-ROK,735.7534790039062,250000.0,45
2018-11-23,ETN-PH,-3732.0275344848633,250000.0,45
2018-11-23,LOW-TRMB,-1748.1350708007812,250000.0,45
2018-11-26,PH-ROK,1466.117202758789,250000.0,45
2018-11-26,ETN-PH,-2581.369728088379,250000.0,45
2018-11-26,LOW-TRMB,-3152.4917755126953,250000.0,45
2018-11-27,PH-ROK,1294.5421142578125,250000.0,45
2018-11-27,ETN-PH,-6379.96231842041,250000.0,45
2018-11-27,LOW-TRMB,5138.608001708984,250000.0,45
2018-11-28,PH-ROK,2745.4161071777344,250000.0,45
2018-11-28,ETN-PH,-3075.7575912475586,250000.0,45
2018-11-28,LOW-TRMB,4907.131797790527,250000.0,45
2018-11-28,CF-TKO,0.0,250000.0,45
2018-11-29,PH-ROK,1475.9830627441406,250000.0,45
2018-11-29,ETN-PH,-1400.4538650512695,250000.0,45
2018-11-29,LOW-TRMB,6083.648361206055,250000.0,45
2018-11-29,CF-TKO,1740.3755722045898,250000.0,45
2018-11-30,PH-ROK,1847.5265808105469,250000.0,45
2018-11-30,ETN-PH,558.8004531860352,250000.0,45
2018-11-30,LOW-TRMB,4891.174591064453,250000.0,45
2018-11-30,CF-TKO,-12635.984092712402,250000.0,45
2018-11-30,CTSH-VMC,0.0,250000.0,45
2018-11-30,CTSH-MAR,0.0,250000.0,45
2018-12-03,PH-ROK,3887.0277099609375,250000.0,45
2018-12-03,ETN-PH,2091.7028884887695,250000.0,45
2018-12-03,LOW-TRMB,-3851.524833679199,250000.0,45
2018-12-03,CF-TKO,-1443.665626525879,250000.0,45
2018-12-03,CTSH-VMC,-1417.5658912658691,250000.0,45
2018-12-04,PH-ROK,3623.416534423828,250000.0,45
2018-12-04,ETN-PH,-2001.9003829956055,250000.0,45
2018-12-04,LOW-TRMB,520.6563949584961,250000.0,45
2018-12-04,CF-TKO,-2054.8045654296875,250000.0,45
2018-12-04,CTSH-PNR,0.0,250000.0,45
2018-12-06,PH-ROK,883.8328857421875,250000.0,45
2018-12-06,LOW-TRMB,3225.5262756347656,250000.0,45
2018-12-06,CF-TKO,-25555.348320007324,250000.0,45
2018-12-06,CTSH-PNR,-797.5447196960449,250000.0,45
2018-12-07,LOW-TRMB,8998.057716369629,250000.0,45
2018-12-07,CF-TKO,-23342.72866821289,250000.0,45
2018-12-07,CTSH-PNR,-1875.0967979431152,250000.0,45
2018-12-10,LOW-TRMB,7954.523696899414,250000.0,45
2018-12-10,CF-TKO,-24910.73519897461,250000.0,45
2018-12-10,CTSH-PNR,-579.5196647644043,250000.0,45
2018-12-11,CF-TKO,-22820.7564163208,250000.0,45
2018-12-11,CTSH-PNR,-436.46571350097656,250000.0,45
2018-12-12,CF-TKO,-14021.996070861816,250000.0,45
2018-12-12,CTSH-PNR,-2726.7257232666016,250000.0,45
2018-12-13,CTSH-PNR,-3890.002658843994,250000.0,45
2018-12-14,CTSH-PNR,-5243.228801727295,250000.0,45
2018-12-17,CTSH-PNR,-4856.941307067871,250000.0,45
2018-12-18,CTSH-PNR,-3232.185832977295,250000.0,45
2018-12-19,GPN-HON,0.0,250000.0,45
2018-12-20,GPN-HON,-1440.6258697509766,250000.0,45
2018-12-21,GPN-HON,-178.39581298828125,250000.0,45
2018-12-21,PH-ROK,0.0,250000.0,45
2018-12-24,PH-ROK,1361.0698776245117,250000.0,45
2018-12-26,PH-ROK,2760.9225006103516,250000.0,45
2018-12-27,PH-ROK,2223.967041015625,250000.0,45
2018-12-28,PH-ROK,3230.705123901367,250000.0,45
2018-11-01,ALL-HPE,0.0,250000.0,46
2018-11-01,ALL-NKE,0.0,250000.0,46
2018-11-01,ALL-ROK,0.0,250000.0,46
2018-11-01,ALL-TDY,0.0,250000.0,46
2018-11-02,ALL-HPE,-2675.9821224212646,250000.0,46
2018-11-02,ALL-NKE,-578.8431930541992,250000.0,46
2018-11-02,ALL-ROK,-37.28014373779297,250000.0,46
2018-11-02,ALL-TDY,-2018.2015686035156,250000.0,46
2018-11-05,ALL-HPE,-804.9925804138184,250000.0,46
2018-11-05,ALL-NKE,-1146.223648071289,250000.0,46
2018-11-05,ALL-ROK,1796.2191314697266,250000.0,46
2018-11-05,ALL-TDY,2777.250244140625,250000.0,46
2018-11-06,ALL-HPE,1893.9260063171387,250000.0,46
2018-11-06,ALL-NKE,3902.2794494628906,250000.0,46
2018-11-06,ALL-ROK,-2016.0379943847656,250000.0,46
2018-11-06,ALL-TDY,1762.8956909179688,250000.0,46
2018-11-07,ALL-HPE,639.1131267547607,250000.0,46
2018-11-07,ALL-NKE,3823.9981994628906,250000.0,46
2018-11-07,ALL-ROK,-70.96476745605469,250000.0,46
2018-11-07,ALL-TDY,4043.072021484375,250000.0,46
2018-11-08,ALL-HPE,3998.268285751343,250000.0,46
2018-11-08,ALL-NKE,7989.220390319824,250000.0,46
2018-11-08,ALL-ROK,11901.301078796387,250000.0,46
2018-11-08,ALL-TDY,15251.647369384766,250000.0,46
2018-11-09,ALL-HPE,12444.082584381104,250000.0,46
2018-11-09,ALL-NKE,12671.361251831055,250000.0,46
2018-11-09,ALL-ROK,16356.313957214355,250000.0,46
2018-11-12,ALL-HPE,12967.399660110474,250000.0,46
2018-11-12,ALL-NKE,10280.006591796875,250000.0,46
2018-11-12,ALL-ROK,14348.874603271484,250000.0,46
2018-11-12,GS-IRM,0.0,250000.0,46
2018-11-13,ALL-HPE,11481.436260223389,250000.0,46
2018-11-13,ALL-NKE,9413.401016235352,250000.0,46
2018-11-13,ALL-ROK,12362.49520111084,250000.0,46
2018-11-13,GS-IRM,-2692.8634910583496,250000.0,46
2018-11-14,ALL-HPE,6320.338901519775,250000.0,46
2018-11-14,ALL-NKE,1177.5295867919922,250000.0,46
2018-11-14,ALL-ROK,3516.332450866699,250000.0,46
2018-11-14,GS-IRM,-5362.894268035889,250000.0,46
2018-11-15,ALL-HPE,5567.9698123931885,250000.0,46
2018-11-15,ALL-NKE,5963.093330383301,250000.0,46
2018-11-15,ALL-ROK,-2543.1903228759766,250000.0,46
2018-11-15,GS-IRM,-5516.656074523926,250000.0,46
2018-11-15,HUM-NTAP,0.0,250000.0,46
2018-11-16,ALL-HPE,8092.619911193848,250000.0,46
2018-11-16,ALL-NKE,5259.85774230957,250000.0,46
2018-11-16,GS-IRM,-13674.526229858398,250000.0,46
2018-11-16,HUM-NTAP,9636.449378967285,250000.0,46
2018-11-19,ALL-HPE,10817.252653121948,250000.0,46
2018-11-19,ALL-NKE,9329.65609741211,250000.0,46
2018-11-19,GS-IRM,-15147.70450592041,250000.0,46
2018-11-19,HUM-NTAP,49.24952697753906,250000.0,46
2018-11-20,ALL-NKE,12804.21908569336,250000.0,46
2018-11-20,GS-IRM,-20467.83737564087,250000.0,46
2018-11-20,HUM-NTAP,3911.718307495117,250000.0,46
2018-11-20,ALL-LOW,0.0,250000.0,46
2018-11-21,ALL-NKE,8675.586608886719,250000.0,46
2018-11-21,GS-IRM,-14871.146751403809,250000.0,46
2018-11-21,HUM-NTAP,-844.2366561889648,250000.0,46
2018-11-21,ALL-LOW,6422.2396240234375,250000.0,46
2018-11-23,ALL-NKE,10517.845218658447,250000.0,46
2018-11-23,GS-IRM,-17792.178546905518,250000.0,46
2018-11-23,HUM-NTAP,-2382.583168029785,250000.0,46
2018-11-23,ALL-LOW,5988.192199707031,250000.0,46
2018-11-26,ALL-NKE,8620.890045166016,250000.0,46
2018-11-26,GS-IRM,-18204.63649749756,250000.0,46
2018-11-26,HUM-NTAP,-632.7314987182617,250000.0,46
2018-11-26,ALL-LOW,7923.6177978515625,250000.0,46
2018-11-27,ALL-NKE,7873.621932983398,250000.0,46
2018-11-27,HUM-NTAP,605.5410003662109,250000.0,46
2018-11-28,ALL-NKE,4498.214614868164,250000.0,46
2018-11-28,HUM-NTAP,-6202.424118041992,250000.0,46
2018-11-29,ALL-NKE,4875.1126708984375,250000.0,46
2018-11-29,HUM-NTAP,-14820.655632019043,250000.0,46
2018-11-30,ALL-NKE,3755.6923446655273,250000.0,46
2018-11-30,FSLR-LUV,0.0,250000.0,46
2018-12-03,ALL-ROK,0.0,250000.0,46
2018-12-06,ALL-HPE,0.0,250000.0,46
2018-12-13,FSLR-LUV,0.0,250000.0,46
2018-12-13,ALL-LOW,0.0,250000.0,46
2018-12-14,FSLR-LUV,5958.004299163818,250000.0,46
2018-12-14,ALL-LOW,-2300.884651184082,250000.0,46
2018-12-17,ALL-LOW,8589.618019104004,250000.0,46
2018-12-17,ALL-NKE,0.0,250000.0,46
2018-12-18,ALL-LOW,10900.186637878418,250000.0,46
2018-12-18,ALL-NKE,1514.1416130065918,250000.0,46
2018-12-18,ALL-TRMB,0.0,250000.0,46
2018-12-18,HUM-NTAP,0.0,250000.0,46
2018-12-19,ALL-NKE,-5120.847526550293,250000.0,46
2018-12-19,ALL-TRMB,-2889.9201164245605,250000.0,46
2018-12-19,HUM-NTAP,-8480.763137817383,250000.0,46
2018-12-20,ALL-NKE,-7708.371181488037,250000.0,46
2018-12-20,ALL-TRMB,-5758.977006912231,250000.0,46
2018-12-20,HUM-NTAP,-13832.176879882812,250000.0,46
2018-12-21,ALL-TRMB,-14346.997619628906,250000.0,46
2018-12-21,HUM-NTAP,-16946.821060180664,250000.0,46
2018-12-24,ALL-TRMB,-8911.907718658447,250000.0,46
2018-12-24,HUM-NTAP,-11984.122573852539,250000.0,46
2018-12-24,VRT-WM,0.0,250000.0,46
2018-12-26,ALL-TRMB,-9888.461406707764,250000.0,46
2018-12-26,HUM-NTAP,-3931.15714263916,250000.0,46
2018-12-27,ALL-TRMB,-8501.268241882324,250000.0,46
2018-12-27,HUM-NTAP,-6094.4731521606445,250000.0,46
2018-12-28,ALL-TRMB,-10197.298913955688,250000.0,46
2018-12-28,HUM-NTAP,-8480.44474029541,250000.0,46
2018-12-31,ALL-TRMB,-4759.546604156494,250000.0,46
2018-12-31,HUM-NTAP,-1564.1997985839844,250000.0,46
2019-01-03,FSLR-LUV,0.0,250000.0,46
2019-01-04,FSLR-LUV,-6701.638126373291,250000.0,46
2019-01-07,FSLR-LUV,-3144.092182159424,250000.0,46
2019-01-08,FSLR-LUV,-7860.726596832275,250000.0,46
2019-01-08,ALL-TRMB,0.0,250000.0,46
2019-01-08,ALL-LOW,0.0,250000.0,46
2019-01-09,FSLR-LUV,-4244.5465965271,250000.0,46
2019-01-09,ALL-TRMB,-3002.6071701049805,250000.0,46
2019-01-09,ALL-LOW,3482.543296813965,250000.0,46
2019-01-10,FSLR-LUV,-9892.917938232422,250000.0,46
2019-01-10,ALL-TRMB,-8722.910270690918,250000.0,46
2019-01-11,FSLR-LUV,-10882.777290344238,250000.0,46
2019-01-11,ALL-TRMB,-8389.606315612793,250000.0,46
2019-01-14,FSLR-LUV,-4478.471797943115,250000.0,46
2019-01-14,ALL-TRMB,-8124.313995361328,250000.0,46
2019-01-15,FSLR-LUV,-678.7367706298828,250000.0,46
2019-01-15,ALL-TRMB,-3991.2969360351562,250000.0,46
2019-01-16,FSLR-LUV,-2654.8496589660645,250000.0,46
2019-01-16,ALL-TRMB,-4024.1053161621094,250000.0,46
2019-01-17,FSLR-LUV,-5353.014289855957,250000.0,46
2019-01-17,ALL-TRMB,-7555.80143737793,250000.0,46
2019-01-18,FSLR-LUV,2926.3673515319824,250000.0,46
2019-01-18,ALL-TRMB,-10253.954368591309,250000.0,46
2019-01-22,ALL-TRMB,-1997.6466598510742,250000.0,46
2019-01-25,ALL-HPE,0.0,250000.0,46
2019-01-28,ALL-HPE,-4211.640190124512,250000.0,46
2019-01-29,ALL-HPE,1225.3902168273926,250000.0,46
2019-01-29,ALL-ROK,0.0,250000.0,46
2019-01-30,ALL-HPE,161.09942054748535,250000.0,46
2019-01-30,ALL-ROK,4004.590774536133,250000.0,46
2019-01-30,ALL-AXP,0.0,250000.0,46
2019-01-31,ALL-HPE,325.84926414489746,250000.0,46
2019-01-31,ALL-AXP,568.2804260253906,250000.0,46
2018-12-04,GL-VMC,0.0,250000.0,47
2018-12-04,ARE-FIX,0.0,250000.0,47
2018-12-06,GL-VMC,-17175.388664245605,250000.0,47
2018-12-06,ARE-FIX,-10328.981651306152,250000.0,47
2018-12-06,HD-PRU,0.0,250000.0,47
2018-12-07,ARE-FIX,-15770.948299407959,250000.0,47
2018-12-07,HD-PRU,-2070.4685668945312,250000.0,47
2018-12-10,ARE-FIX,-16249.356239318848,250000.0,47
2018-12-10,HD-PRU,-8684.883625030518,250000.0,47
2018-12-11,ARE-FIX,-10481.38521194458,250000.0,47
2018-12-11,HD-PRU,-12355.68964767456,250000.0,47
2018-12-12,ARE-FIX,-1841.558578491211,250000.0,47
2018-12-12,HD-PRU,-11671.708683013916,250000.0,47
2018-12-13,ARE-FIX,-9159.50061416626,250000.0,47
2018-12-13,HD-PRU,-11757.329326629639,250000.0,47
2018-12-14,ARE-FIX,-14071.193302154541,250000.0,47
2018-12-14,HD-PRU,-11751.25855255127,250000.0,47
2018-12-14,ARE-COST,0.0,250000.0,47
2018-12-17,ARE-FIX,-8859.871467590332,250000.0,47
2018-12-17,HD-PRU,-10957.160549163818,250000.0,47
2018-12-17,ARE-COST,-2248.8435134887695,250000.0,47
2018-12-17,HUBB-WST,0.0,250000.0,47
2018-12-18,ARE-FIX,-13093.169540405273,250000.0,47
2018-12-18,HD-PRU,-11637.082229614258,250000.0,47
2018-12-18,ARE-COST,-2754.2203063964844,250000.0,47
2018-12-18,HUBB-WST,-786.0629348754883,250000.0,47
2018-12-19,ARE-COST,-4374.862266540527,250000.0,47
2018-12-19,HUBB-WST,-1017.1882400512695,250000.0,47
2018-12-19,HSY-MKC,0.0,250000.0,47
2018-12-20,ARE-COST,-7134.358016967773,250000.0,47
2018-12-20,HUBB-WST,-4110.090469360352,250000.0,47
2018-12-20,HSY-MKC,-625.5085220336914,250000.0,47
2018-12-21,ARE-COST,-8298.271461486816,250000.0,47
2018-12-21,HSY-MKC,361.2534408569336,250000.0,47
2018-12-21,DVA-LHX,0.0,250000.0,47
2018-12-24,ARE-COST,-8934.297554016113,250000.0,47
2018-12-24,HSY-MKC,5807.26628112793,250000.0,47
2018-12-24,DVA-LHX,577.483829498291,250000.0,47
2018-12-24,VRT-WM,0.0,250000.0,47
2018-12-24,ARE-FIX,0.0,250000.0,47
2018-12-26,HSY-MKC,2107.8321113586426,250000.0,47
2018-12-26,DVA-LHX,-3675.5937423706055,250000.0,47
2018-12-26,ARE-FIX,6798.822021484375,250000.0,47
2018-12-27,HSY-MKC,2612.033061981201,250000.0,47
2018-12-27,DVA-LHX,3363.300247192383,250000.0,47
2018-12-27,ARE-FIX,12835.048320770264,250000.0,47
2018-12-28,HSY-MKC,951.7608032226562,250000.0,47
2018-12-28,DVA-LHX,3379.7474098205566,250000.0,47
2018-12-31,HSY-MKC,-3023.6008834838867,250000.0,47
2019-01-02,HSY-MKC,-760.077465057373,250000.0,47
2019-01-02,ALGN-FLEX,0.0,250000.0,47
2019-01-03,ALGN-FLEX,-7784.048127174377,250000.0,47
2019-01-04,HD-PRU,0.0,250000.0,47
2019-01-07,HD-PRU,4074.7152214050293,250000.0,47
2019-01-08,HD-PRU,3588.281810760498,250000.0,47
2019-01-08,NXPI-VRSN,0.0,250000.0,47
2019-01-08,HUBB-WST,0.0,250000.0,47
2019-01-09,HD-PRU,1660.4492568969727,250000.0,47
2019-01-09,HUBB-WST,-3272.645179748535,250000.0,47
2019-01-10,HD-PRU,-378.92635345458984,250000.0,47
2019-01-10,HUBB-WST,-1355.9444580078125,250000.0,47
2019-01-11,HD-PRU,-1238.0192756652832,250000.0,47
2019-01-11,HUBB-WST,1636.0376434326172,250000.0,47
2019-01-14,HD-PRU,-4254.736988067627,250000.0,47
2019-01-14,HUBB-WST,3313.929473876953,250000.0,47
2019-01-15,HUBB-WST,-357.5499801635742,250000.0,47
2019-01-16,HUBB-WST,-864.8062438964844,250000.0,47
2019-01-17,HUBB-WST,2068.860420227051,250000.0,47
2019-01-17,HD-JBHT,0.0,250000.0,47
2019-01-18,HUBB-WST,1232.858787536621,250000.0,47
2019-01-18,HD-JBHT,-8162.836219787598,250000.0,47
2019-01-18,DVA-LHX,0.0,250000.0,47
2019-01-18,CASY-MRSH,0.0,250000.0,47
2019-01-22,HUBB-WST,-2005.2322463989258,250000.0,47
2019-01-22,HD-JBHT,-6223.788475036621,250000.0,47
2019-01-22,CASY-MRSH,1977.568603515625,250000.0,47
2019-01-23,HD-JBHT,-1788.055061340332,250000.0,47
2019-01-23,CASY-MRSH,1932.8842163085938,250000.0,47
2019-01-24,HD-JBHT,-3217.444107055664,250000.0,47
2019-01-24,CASY-MRSH,3114.8609924316406,250000.0,47
2019-01-24,HSY-MKC,0.0,250000.0,47
2019-01-24,CASY-KR,0.0,250000.0,47
2019-01-25,HD-JBHT,-2510.996124267578,250000.0,47
2019-01-25,CASY-MRSH,1433.9320983886719,250000.0,47
2019-01-25,HSY-MKC,-1132.1604766845703,250000.0,47
2019-01-28,HD-JBHT,-3621.9926681518555,250000.0,47
2019-01-28,CASY-MRSH,1705.2128601074219,250000.0,47
2019-01-28,HSY-MKC,-3110.690986633301,250000.0,47
2019-01-29,HD-JBHT,-5940.7101974487305,250000.0,47
2019-01-29,CASY-MRSH,1189.9329833984375,250000.0,47
2019-01-29,HSY-MKC,-4710.922668457031,250000.0,47
2019-01-29,DVA-LHX,0.0,250000.0,47
2019-01-29,BA-LHX,0.0,250000.0,47
2019-01-30,HD-JBHT,-6297.9483642578125,250000.0,47
2019-01-30,CASY-MRSH,-2495.788360595703,250000.0,47
2019-01-30,HSY-MKC,-4435.079051971436,250000.0,47
2019-01-30,DVA-LHX,-1582.855541229248,250000.0,47
2019-01-31,HD-JBHT,-4349.741638183594,250000.0,47
2019-01-31,HSY-MKC,-4755.419094085693,250000.0,47
2019-01-31,DVA-LHX,1977.5674095153809,250000.0,47
2019-02-01,HSY-MKC,96.85019302368164,250000.0,47
2019-02-01,DVA-LHX,1490.5507011413574,250000.0,47
2019-02-01,VRT-WM,0.0,250000.0,47
2019-02-01,HUBB-WST,0.0,250000.0,47
2019-02-04,HSY-MKC,-6807.619720458984,250000.0,47
2019-02-04,DVA-LHX,-3264.53816986084,250000.0,47
2019-02-04,HUBB-WST,2162.7593688964844,250000.0,47
2019-02-05,HSY-MKC,-2443.742362976074,250000.0,47
2019-02-05,DVA-LHX,-3501.360679626465,250000.0,47
2019-02-05,HUBB-WST,-4203.923385620117,250000.0,47
2019-02-06,HSY-MKC,-5902.720481872559,250000.0,47
2019-02-06,DVA-LHX,-5151.112007141113,250000.0,47
2019-02-06,HUBB-WST,-6165.173210144043,250000.0,47
2019-02-06,NXPI-VRSN,0.0,250000.0,47
2019-02-06,CSGP-REGN,0.0,250000.0,47
2019-02-07,HSY-MKC,-6244.00182723999,250000.0,47
2019-02-07,DVA-LHX,-2414.9344482421875,250000.0,47
2019-02-07,HUBB-WST,-8454.603942871094,250000.0,47
2019-02-07,NXPI-VRSN,2058.001922607422,250000.0,47
2019-02-07,CSGP-REGN,-933.6105499267578,250000.0,47
2019-02-08,DVA-LHX,-9264.258808135986,250000.0,47
2019-02-08,HUBB-WST,-9219.966369628906,250000.0,47
2019-02-08,CSGP-REGN,-2928.853302001953,250000.0,47
2019-02-11,DVA-LHX,-10450.940738677979,250000.0,47
2019-02-11,HUBB-WST,-7026.709548950195,250000.0,47
2019-02-11,CSGP-REGN,713.6012382507324,250000.0,47
2019-02-11,CASY-KR,0.0,250000.0,47
2019-02-12,DVA-LHX,-9004.742614746094,250000.0,47
2019-02-12,HUBB-WST,-4721.241104125977,250000.0,47
2019-02-12,CSGP-REGN,2163.5543251037598,250000.0,47
2019-02-13,HUBB-WST,-4040.463424682617,250000.0,47
2019-02-13,CSGP-REGN,-1147.8526878356934,250000.0,47
2019-02-14,CSGP-REGN,274.66450119018555,250000.0,47
2019-02-14,ARE-ZTS,0.0,250000.0,47
2019-02-15,CSGP-REGN,4446.27140045166,250000.0,47
2019-02-15,ARE-ZTS,-5145.9189453125,250000.0,47
2019-02-19,CSGP-REGN,2898.0447158813477,250000.0,47
2019-02-19,ARE-ZTS,-3477.6453247070312,250000.0,47
2019-02-20,CSGP-REGN,4146.279834747314,250000.0,47
2019-02-20,ARE-ZTS,-2461.7844848632812,250000.0,47
2019-02-21,CSGP-REGN,3935.3656311035156,250000.0,47
2019-02-21,ARE-ZTS,276.53521728515625,250000.0,47
2019-02-22,CSGP-REGN,3226.0036964416504,250000.0,47
2019-02-22,ARE-ZTS,-2133.39111328125,250000.0,47
2019-02-22,HSY-MKC,0.0,250000.0,47
2019-02-25,CSGP-REGN,2145.3126258850098,250000.0,47
2019-02-25,ARE-ZTS,-1910.94677734375,250000.0,47
2019-02-25,HSY-MKC,2716.1286811828613,250000.0,47
2019-02-26,CSGP-REGN,7663.080883026123,250000.0,47
2019-02-26,ARE-ZTS,553.4813537597656,250000.0,47
2019-02-26,HSY-MKC,3987.929756164551,250000.0,47
2019-02-27,ARE-ZTS,-891.0843200683594,250000.0,47
2019-02-27,HSY-MKC,510.9184036254883,250000.0,47
2019-02-28,ARE-ZTS,-1550.423828125,250000.0,47
2019-02-28,HSY-MKC,501.13935470581055,250000.0,47
2019-01-04,FTNT-SNPS,0.0,250000.0,48
2019-01-07,FTNT-SNPS,1587.3425903320312,250000.0,48
2019-01-07,KHC-TXT,0.0,250000.0,48
2019-01-08,FTNT-SNPS,3847.238136291504,250000.0,48
2019-01-08,KHC-TXT,5689.116588592529,250000.0,48
2019-01-09,FTNT-SNPS,4714.941581726074,250000.0,48
2019-01-09,KHC-TXT,6280.184734344482,250000.0,48
2019-01-09,KHC-STZ,0.0,250000.0,48
2019-01-10,FTNT-SNPS,2444.4080200195312,250000.0,48
2019-01-10,KHC-TXT,5721.4063358306885,250000.0,48
2019-01-10,KHC-STZ,12175.06672668457,250000.0,48
2019-01-11,FTNT-SNPS,2906.596778869629,250000.0,48
2019-01-11,KHC-TXT,6120.815483093262,250000.0,48
2019-01-11,KHC-STZ,10925.645782470703,250000.0,48
2019-01-14,FTNT-SNPS,1536.2602157592773,250000.0,48
2019-01-14,KHC-TXT,721.4549198150635,250000.0,48
2019-01-14,KHC-STZ,9970.261184692383,250000.0,48
2019-01-15,FTNT-SNPS,3691.1192321777344,250000.0,48
2019-01-15,KHC-TXT,-4202.005422592163,250000.0,48
2019-01-15,KHC-STZ,5622.012405395508,250000.0,48
2019-01-16,FTNT-SNPS,-2872.0434036254883,250000.0,48
2019-01-16,KHC-TXT,-4251.679605484009,250000.0,48
2019-01-16,KHC-STZ,4949.195297241211,250000.0,48
2019-01-16,HST-USB,0.0,250000.0,48
2019-01-16,SYY-USB,0.0,250000.0,48
2019-01-17,FTNT-SNPS,-2743.1722869873047,250000.0,48
2019-01-17,KHC-TXT,-3120.043493270874,250000.0,48
2019-01-17,KHC-STZ,4361.312942504883,250000.0,48
2019-01-17,HST-USB,-2670.219476699829,250000.0,48
2019-01-17,SYY-USB,-3285.687629699707,250000.0,48
2019-01-17,BR-FFIV,0.0,250000.0,48
2019-01-17,HST-MTB,0.0,250000.0,48
2019-01-18,KHC-TXT,-2754.9503955841064,250000.0,48
2019-01-18,KHC-STZ,8043.129318237305,250000.0,48
2019-01-18,HST-USB,-5160.623224258423,250000.0,48
2019-01-18,SYY-USB,-4451.148548126221,250000.0,48
2019-01-18,BR-FFIV,2164.500946044922,250000.0,48
2019-01-18,HST-MTB,-3753.955593109131,250000.0,48
2019-01-22,KHC-STZ,10443.477310180664,250000.0,48
2019-01-22,HST-USB,-7299.305067062378,250000.0,48
2019-01-22,SYY-USB,-4099.670761108398,250000.0,48
2019-01-22,BR-FFIV,1947.9801483154297,250000.0,48
2019-01-22,HST-MTB,-8271.002506256104,250000.0,48
2019-01-23,KHC-STZ,13134.518508911133,250000.0,48
2019-01-23,SYY-USB,-5443.503814697266,250000.0,48
2019-01-23,BR-FFIV,5491.362503051758,250000.0,48
2019-01-23,HST-MTB,-11903.456010818481,250000.0,48
2019-01-23,SYY-VTRS,0.0,250000.0,48
2019-01-24,KHC-STZ,14805.566757202148,250000.0,48
2019-01-24,SYY-USB,-8279.92236328125,250000.0,48
2019-01-24,BR-FFIV,-1322.6388092041016,250000.0,48
2019-01-24,HST-MTB,-11702.028862953186,250000.0,48
2019-01-24,SYY-VTRS,3287.8399200439453,250000.0,48
2019-01-24,SYY-TXT,0.0,250000.0,48
2019-01-24,KHC-TXT,0.0,250000.0,48
2019-01-25,BR-FFIV,1329.8995513916016,250000.0,48
2019-01-25,HST-MTB,-8247.504959106445,250000.0,48
2019-01-25,SYY-TXT,-7916.013561248779,250000.0,48
2019-01-25,KHC-TXT,-1568.109375,250000.0,48
2019-01-28,BR-FFIV,3216.215850830078,250000.0,48
2019-01-28,HST-MTB,-5186.252469062805,250000.0,48
2019-01-28,SYY-TXT,-6603.289039611816,250000.0,48
2019-01-28,KHC-TXT,-1313.0346374511719,250000.0,48
2019-01-29,BR-FFIV,2175.635986328125,250000.0,48
2019-01-29,HST-MTB,-3391.237166404724,250000.0,48
2019-01-29,SYY-TXT,-8364.898918151855,250000.0,48
2019-01-29,KHC-TXT,-1234.7241325378418,250000.0,48
2019-01-29,DOV-KHC,0.0,250000.0,48
2019-01-30,BR-FFIV,4350.266067504883,250000.0,48
2019-01-30,HST-MTB,2353.1955528259277,250000.0,48
2019-01-30,SYY-TXT,-4142.269515991211,250000.0,48
2019-01-30,KHC-TXT,-5804.702739715576,250000.0,48
2019-01-30,DOV-KHC,-8810.928817749023,250000.0,48
2019-01-31,BR-FFIV,6409.097412109375,250000.0,48
2019-01-31,HST-MTB,3768.929657936096,250000.0,48
2019-01-31,SYY-TXT,5708.72127532959,250000.0,48
2019-01-31,KHC-TXT,6037.055213928223,250000.0,48
2019-01-31,DOV-KHC,1196.1850509643555,250000.0,48
2019-02-01,BR-FFIV,3563.5101776123047,250000.0,48
2019-02-01,HST-MTB,4376.8030042648315,250000.0,48
2019-02-01,SYY-TXT,1812.1289901733398,250000.0,48
2019-02-01,KHC-TXT,2252.844394683838,250000.0,48
2019-02-01,DOV-KHC,267.7486267089844,250000.0,48
2019-02-04,BR-FFIV,6444.155471801758,250000.0,48
2019-02-04,HST-MTB,6639.364711761475,250000.0,48
2019-02-04,KHC-TXT,1286.971492767334,250000.0,48
2019-02-04,DOV-KHC,1084.29541015625,250000.0,48
2019-02-05,BR-FFIV,4685.14128112793,250000.0,48
2019-02-05,HST-MTB,9878.488017082214,250000.0,48
2019-02-05,KHC-TXT,1150.1406784057617,250000.0,48
2019-02-05,DOV-KHC,524.0333633422852,250000.0,48
2019-02-06,HST-MTB,9822.044903755188,250000.0,48
2019-02-06,KHC-TXT,-1204.4833297729492,250000.0,48
2019-02-06,DOV-KHC,-1082.2583541870117,250000.0,48
2019-02-07,HST-MTB,1900.8708171844482,250000.0,48
2019-02-07,KHC-TXT,66.92052459716797,250000.0,48
2019-02-07,DOV-KHC,-452.88922119140625,250000.0,48
2019-02-08,HST-MTB,1466.3340511322021,250000.0,48
2019-02-08,KHC-TXT,4293.702056884766,250000.0,48
2019-02-08,DOV-KHC,1078.7726516723633,250000.0,48
2019-02-08,KHC-NWS,0.0,250000.0,48
2019-02-11,KHC-TXT,2419.691150665283,250000.0,48
2019-02-11,DOV-KHC,-1353.9677963256836,250000.0,48
2019-02-11,KHC-NWS,-4731.778926849365,250000.0,48
2019-02-12,KHC-TXT,3746.9890899658203,250000.0,48
2019-02-12,DOV-KHC,-5190.296730041504,250000.0,48
2019-02-12,KHC-NWS,-2780.8003845214844,250000.0,48
2019-02-13,KHC-NWS,-748.8837738037109,250000.0,48
2019-02-13,HST-USB,0.0,250000.0,48
2019-02-14,KHC-NWS,762.1281852722168,250000.0,48
2019-02-14,HST-USB,-1960.009271621704,250000.0,48
2019-02-15,HST-USB,-1528.800838470459,250000.0,48
2019-02-19,HST-USB,-31.885334014892578,250000.0,48
2019-02-20,KHC-STZ,0.0,250000.0,48
2019-02-20,DOV-KHC,0.0,250000.0,48
2019-02-21,KHC-STZ,-1442.131980895996,250000.0,48
2019-02-21,DOV-KHC,-409.6930389404297,250000.0,48
2019-02-21,FTNT-SNPS,0.0,250000.0,48
2019-02-21,HST-MTB,0.0,250000.0,48
2019-02-22,FTNT-SNPS,-1991.277458190918,250000.0,48
2019-02-22,HST-MTB,-5174.111887931824,250000.0,48
2019-02-22,KHC-LDOS,0.0,250000.0,48
2019-02-22,KHC-NWS,0.0,250000.0,48
2019-02-22,KHC-TXT,0.0,250000.0,48
2019-02-22,EME-KHC,0.0,250000.0,48
2019-02-25,FTNT-SNPS,-1011.8659744262695,250000.0,48
2019-02-25,HST-MTB,-1003.4969253540039,250000.0,48
2019-02-25,KHC-LDOS,-5214.144412994385,250000.0,48
2019-02-25,KHC-NWS,-4191.73966217041,250000.0,48
2019-02-25,KHC-TXT,-4772.86873626709,250000.0,48
2019-02-25,EME-KHC,-5481.388862609863,250000.0,48
2019-02-26,FTNT-SNPS,-1659.6506633758545,250000.0,48
2019-02-26,HST-MTB,-2607.373641014099,250000.0,48
2019-02-26,KHC-LDOS,-7933.599058151245,250000.0,48
2019-02-26,KHC-NWS,-9849.500427246094,250000.0,48
2019-02-26,KHC-TXT,-9844.078777313232,250000.0,48
2019-02-26,EME-KHC,-10074.846633911133,250000.0,48
2019-02-27,FTNT-SNPS,-3126.1088104248047,250000.0,48
2019-02-27,HST-MTB,2762.9547910690308,250000.0,48
2019-02-27,KHC-LDOS,-15188.299263000488,250000.0,48
2019-02-27,KHC-NWS,-13754.665885925293,250000.0,48
2019-02-27,KHC-TXT,-17206.533935546875,250000.0,48
2019-02-27,EME-KHC,-18373.244163513184,250000.0,48
2019-02-27,SYY-VTRS,0.0,250000.0,48
2019-02-28,FTNT-SNPS,-3518.344223022461,250000.0,48
2019-02-28,HST-MTB,2178.953073501587,250000.0,48
2019-02-28,KHC-LDOS,-11522.258417129517,250000.0,48
2019-02-28,KHC-NWS,-9363.163650512695,250000.0,48
2019-02-28,KHC-TXT,-8549.711933135986,250000.0,48
2019-02-28,EME-KHC,-13010.327346801758,250000.0,48
2019-02-28,SYY-VTRS,1987.3395462036133,250000.0,48
2019-03-01,FTNT-SNPS,-44.851890563964844,250000.0,48
2019-03-01,HST-MTB,3684.7858686447144,250000.0,48
2019-03-01,KHC-LDOS,-18032.014902114868,250000.0,48
2019-03-01,KHC-TXT,-14526.314609527588,250000.0,48
2019-03-01,EME-KHC,-19806.08070373535,250000.0,48
2019-03-01,SYY-VTRS,12061.417251586914,250000.0,48
2019-03-04,HST-MTB,981.4198226928711,250000.0,48
2019-03-04,EME-KHC,-10795.170227050781,250000.0,48
2019-03-04,SYY-VTRS,19894.79468345642,250000.0,48
2019-03-05,HST-MTB,243.8794174194336,250000.0,48
2019-03-05,EME-KHC,-11732.174858093262,250000.0,48
2019-03-05,SYY-VTRS,15268.615783691406,250000.0,48
2019-03-05,WTW-XYL,0.0,250000.0,48
2019-03-06,HST-MTB,-2430.259271621704,250000.0,48
2019-03-06,EME-KHC,-11301.582023620605,250000.0,48
2019-03-06,SYY-VTRS,13232.102645874023,250000.0,48
2019-03-07,HST-MTB,-1419.6609392166138,250000.0,48
2019-03-07,EME-KHC,-13740.842185974121,250000.0,48
2019-03-07,SYY-VTRS,12476.79499053955,250000.0,48
2019-03-07,SYY-TXT,0.0,250000.0,48
2019-03-08,EME-KHC,-12793.037841796875,250000.0,48
2019-03-08,SYY-VTRS,10799.031589508057,250000.0,48
2019-03-08,SYY-TXT,-3491.7700424194336,250000.0,48
2019-03-11,SYY-VTRS,13512.115756988525,250000.0,48
2019-03-11,SYY-TXT,-1860.1573181152344,250000.0,48
2019-03-12,SYY-VTRS,16589.92009162903,250000.0,48
2019-03-12,SYY-TXT,-1311.1007995605469,250000.0,48
2019-03-12,BR-FFIV,0.0,250000.0,48
2019-03-13,SYY-VTRS,16529.349756240845,250000.0,48
2019-03-13,SYY-TXT,-466.39598083496094,250000.0,48
2019-03-13,BR-FFIV,-1462.4865341186523,250000.0,48
2019-03-14,SYY-VTRS,22871.896856307983,250000.0,48
2019-03-14,SYY-TXT,-1665.6500854492188,250000.0,48
2019-03-14,BR-FFIV,-84.49722290039062,250000.0,48
2019-03-15,SYY-VTRS,23169.257362365723,250000.0,48
2019-03-15,SYY-TXT,-2346.7814865112305,250000.0,48
2019-03-15,BR-FFIV,865.7956314086914,250000.0,48
2019-03-18,SYY-VTRS,23315.344593048096,250000.0,48
2019-03-18,SYY-TXT,403.3812942504883,250000.0,48
2019-03-18,BR-FFIV,2345.996856689453,250000.0,48
2019-03-18,SYY-VRSK,0.0,250000.0,48
2019-03-19,SYY-TXT,-733.860710144043,250000.0,48
2019-03-19,BR-FFIV,2770.2742767333984,250000.0,48
2019-03-19,KHC-STZ,0.0,250000.0,48
2019-03-20,SYY-TXT,-224.6497039794922,250000.0,48
2019-03-20,BR-FFIV,3471.702079772949,250000.0,48
2019-03-20,KHC-STZ,-3866.1842041015625,250000.0,48
2019-03-21,SYY-TXT,-326.9435501098633,250000.0,48
2019-03-21,BR-FFIV,5704.23828125,250000.0,48
2019-03-21,KHC-STZ,1890.7479972839355,250000.0,48
2019-03-21,BR-DXCM,0.0,250000.0,48
2019-03-21,SYY-USB,0.0,250000.0,48
2019-03-22,BR-FFIV,3667.0981216430664,250000.0,48
2019-03-22,BR-DXCM,-11672.742736816406,250000.0,48
2019-03-22,SYY-USB,-5301.593528747559,250000.0,48
2019-03-25,BR-FFIV,1862.9896926879883,250000.0,48
2019-03-25,SYY-TXT,0.0,250000.0,48
2019-03-26,BR-FFIV,4061.99275970459,250000.0,48
2019-03-26,SYY-TXT,-15.628005981445312,250000.0,48
2019-03-27,BR-FFIV,2216.8686294555664,250000.0,48
2019-03-27,SYY-TXT,3014.4117279052734,250000.0,48
2019-03-27,SYY-VRSK,0.0,250000.0,48
2019-03-27,FTNT-SNPS,0.0,250000.0,48
2019-03-28,BR-FFIV,2295.253219604492,250000.0,48
2019-03-28,SYY-TXT,614.3599472045898,250000.0,48
2019-03-28,SYY-VRSK,1963.100112915039,250000.0,48
2019-03-28,FTNT-SNPS,-1555.027976989746,250000.0,48
2019-03-29,BR-FFIV,6046.6389083862305,250000.0,48
2019-03-29,SYY-TXT,191.28362274169922,250000.0,48
2019-03-29,FTNT-SNPS,857.8860626220703,250000.0,48
2019-02-01,CTAS-TJX,0.0,250000.0,49
2019-02-04,CTAS-TJX,-1787.3441848754883,250000.0,49
2019-02-04,AME-TTD,0.0,250000.0,49
2019-02-05,CTAS-TJX,-2460.852378845215,250000.0,49
2019-02-05,AME-TTD,-1112.2297086715698,250000.0,49
2019-02-06,CTAS-TJX,-4491.252777099609,250000.0,49
2019-02-06,ORCL-WMB,0.0,250000.0,49
2019-02-08,MS-PSX,0.0,250000.0,49
2019-02-11,MS-PSX,-6863.9124755859375,250000.0,49
2019-02-12,MS-PSX,1531.6859588623047,250000.0,49
2019-02-13,MS-PSX,-3803.0502548217773,250000.0,49
2019-02-13,AME-VST,0.0,250000.0,49
2019-02-14,MS-PSX,-6437.404937744141,250000.0,49
2019-02-15,MS-PSX,1002.851318359375,250000.0,49
2019-02-19,MS-PSX,361.85033416748047,250000.0,49
2019-02-19,ODFL-PAYX,0.0,250000.0,49
2019-02-20,MS-PSX,627.3906784057617,250000.0,49
2019-02-20,ODFL-PAYX,-3025.570198059082,250000.0,49
2019-02-20,AME-TTD,0.0,250000.0,49
2019-02-20,CAT-DXCM,0.0,250000.0,49
2019-02-21,MS-PSX,-1455.4124374389648,250000.0,49
2019-02-21,ODFL-PAYX,-2309.952537536621,250000.0,49
2019-02-21,AME-TTD,3292.4658966064453,250000.0,49
2019-02-21,CAT-DXCM,3198.770637512207,250000.0,49
2019-02-22,MS-PSX,-4344.8725509643555,250000.0,49
2019-02-22,ODFL-PAYX,-340.81614685058594,250000.0,49
2019-02-22,CAT-DXCM,-12651.699890136719,250000.0,49
2019-02-22,MMM-TSCO,0.0,250000.0,49
2019-02-22,FRT-LDOS,0.0,250000.0,49
2019-02-25,ODFL-PAYX,-642.6352958679199,250000.0,49
2019-02-25,CAT-DXCM,-9491.677558898926,250000.0,49
2019-02-25,MMM-TSCO,-4644.85050201416,250000.0,49
2019-02-25,FRT-LDOS,-1583.5879974365234,250000.0,49
2019-02-26,ODFL-PAYX,1350.411735534668,250000.0,49
2019-02-26,CAT-DXCM,-6994.012886047363,250000.0,49
2019-02-26,MMM-TSCO,-3262.3992233276367,250000.0,49
2019-02-26,FRT-LDOS,2247.2565727233887,250000.0,49
2019-02-27,ODFL-PAYX,3479.3226432800293,250000.0,49
2019-02-27,CAT-DXCM,-8349.905799865723,250000.0,49
2019-02-27,MMM-TSCO,-1401.4293403625488,250000.0,49
2019-02-27,FRT-LDOS,203.19818878173828,250000.0,49
2019-02-28,ODFL-PAYX,4761.210865020752,250000.0,49
2019-02-28,CAT-DXCM,-6554.661849975586,250000.0,49
2019-02-28,MMM-TSCO,462.14204025268555,250000.0,49
2019-02-28,FRT-LDOS,-1931.7408027648926,250000.0,49
2019-02-28,JPM-WM,0.0,250000.0,49
2019-03-01,ODFL-PAYX,3859.188591003418,250000.0,49
2019-03-01,CAT-DXCM,410.17926025390625,250000.0,49
2019-03-01,MMM-TSCO,-668.270149230957,250000.0,49
2019-03-01,FRT-LDOS,-4554.965061187744,250000.0,49
2019-03-01,JPM-WM,648.8228530883789,250000.0,49
2019-03-01,A-KIM,0.0,250000.0,49
2019-03-04,ODFL-PAYX,5666.602165222168,250000.0,49
2019-03-04,CAT-DXCM,-4225.682334899902,250000.0,49
2019-03-04,MMM-TSCO,-2753.774829864502,250000.0,49
2019-03-04,FRT-LDOS,-543.698543548584,250000.0,49
2019-03-04,A-KIM,1390.47993850708,250000.0,49
2019-03-05,CAT-DXCM,6843.841331481934,250000.0,49
2019-03-05,MMM-TSCO,-237.5152244567871,250000.0,49
2019-03-05,FRT-LDOS,2681.754463195801,250000.0,49
2019-03-06,CAT-DXCM,3926.919090270996,250000.0,49
2019-03-06,MMM-TSCO,-2475.3521575927734,250000.0,49
2019-03-06,FRT-LDOS,3309.0795707702637,250000.0,49
2019-03-07,CAT-DXCM,6152.8205642700195,250000.0,49
2019-03-07,MMM-TSCO,1016.0653495788574,250000.0,49
2019-03-08,CAT-DXCM,8451.79833984375,250000.0,49
2019-03-08,MMM-TSCO,-4960.205104827881,250000.0,49
2019-03-11,CAT-DXCM,7475.541801452637,250000.0,49
2019-03-12,CAT-DXCM,7832.379150390625,250000.0,49
2019-03-19,AMD-JCI,0.0,250000.0,49
2019-03-20,AMD-JCI,1487.5463676452637,250000.0,49
2019-03-20,EG-IT,0.0,250000.0,49
2019-03-20,ORCL-WMB,0.0,250000.0,49
2019-03-21,AMD-JCI,-4882.227279663086,250000.0,49
2019-03-21,EG-IT,3429.5967559814453,250000.0,49
2019-03-21,ORCL-WMB,3674.379358291626,250000.0,49
2019-03-22,AMD-JCI,-3399.366003036499,250000.0,49
2019-03-22,EG-IT,6727.137802124023,250000.0,49
2019-03-22,ORCL-WMB,-241.96354866027832,250000.0,49
2019-03-22,AME-VST,0.0,250000.0,49
2019-03-22,A-KIM,0.0,250000.0,49
2019-03-22,CTAS-TJX,0.0,250000.0,49
2019-03-22,CAT-DXCM,0.0,250000.0,49
2019-03-22,JPM-WM,0.0,250000.0,49
2019-03-25,AMD-JCI,-1301.4977626800537,250000.0,49
2019-03-25,EG-IT,6040.086990356445,250000.0,49
2019-03-25,ORCL-WMB,-2458.530584335327,250000.0,49
2019-03-25,AME-VST,-548.0650978088379,250000.0,49
2019-03-25,A-KIM,1083.8515644073486,250000.0,49
2019-03-25,CTAS-TJX,-83.524169921875,250000.0,49
2019-03-25,CAT-DXCM,-14780.379737854004,250000.0,49
2019-03-25,JPM-WM,-1670.7765426635742,250000.0,49
2019-03-26,AMD-JCI,2771.97784614563,250000.0,49
2019-03-26,EG-IT,4027.057174682617,250000.0,49
2019-03-26,ORCL-WMB,1725.0238151550293,250000.0,49
2019-03-26,AME-VST,3206.3769149780273,250000.0,49
2019-03-26,A-KIM,-1808.6708354949951,250000.0,49
2019-03-26,CTAS-TJX,1651.6720504760742,250000.0,49
2019-03-26,JPM-WM,-3710.916404724121,250000.0,49
2019-03-26,AME-TTD,0.0,250000.0,49
2019-03-26,CCL-FRT,0.0,250000.0,49
2019-03-27,AMD-JCI,5936.673881530762,250000.0,49
2019-03-27,EG-IT,1673.8275146484375,250000.0,49
2019-03-27,ORCL-WMB,-167.35429000854492,250000.0,49
2019-03-27,AME-VST,3856.562713623047,250000.0,49
2019-03-27,A-KIM,-3973.1177883148193,250000.0,49
2019-03-27,CTAS-TJX,341.57701873779297,250000.0,49
2019-03-27,JPM-WM,-2789.1808166503906,250000.0,49
2019-03-27,AME-TTD,-9037.623765945435,250000.0,49
2019-03-27,CCL-FRT,-2246.4356231689453,250000.0,49
2019-03-28,EG-IT,402.9506530761719,250000.0,49
2019-03-28,ORCL-WMB,719.3078842163086,250000.0,49
2019-03-28,A-KIM,-5210.9668617248535,250000.0,49
2019-03-28,CTAS-TJX,1646.318618774414,250000.0,49
2019-03-28,JPM-WM,-2627.238815307617,250000.0,49
2019-03-28,AME-TTD,-14535.644159317017,250000.0,49
2019-03-28,CCL-FRT,-6199.490905761719,250000.0,49
2019-03-29,EG-IT,-1269.7416076660156,250000.0,49
2019-03-29,ORCL-WMB,3454.4955081939697,250000.0,49
2019-03-29,A-KIM,-1536.1767807006836,250000.0,49
2019-03-29,CTAS-TJX,2167.818878173828,250000.0,49
2019-03-29,JPM-WM,-3188.4246215820312,250000.0,49
2019-03-29,AME-TTD,-5775.538991928101,250000.0,49
2019-03-29,CCL-FRT,-3563.5592498779297,250000.0,49
2019-04-01,EG-IT,-4286.658721923828,250000.0,49
2019-04-01,ORCL-WMB,4066.275981903076,250000.0,49
2019-04-01,A-KIM,2478.574733734131,250000.0,49
2019-04-01,CTAS-TJX,4568.2565994262695,250000.0,49
2019-04-01,JPM-WM,583.7302093505859,250000.0,49
2019-04-01,AME-TTD,-3937.312131881714,250000.0,49
2019-04-01,CCL-FRT,1423.8825988769531,250000.0,49
2019-04-01,MS-PSX,0.0,250000.0,49
2019-04-02,EG-IT,-5737.03547668457,250000.0,49
2019-04-02,ORCL-WMB,661.515941619873,250000.0,49
2019-04-02,A-KIM,-561.0934810638428,250000.0,49
2019-04-02,JPM-WM,1225.4491806030273,250000.0,49
2019-04-02,AME-TTD,-513.7565441131592,250000.0,49
2019-04-02,CCL-FRT,1204.5610122680664,250000.0,49
2019-04-02,MS-PSX,-2359.2289695739746,250000.0,49
2019-04-03,EG-IT,-3589.0303649902344,250000.0,49
2019-04-03,ORCL-WMB,3976.3224964141846,250000.0,49
2019-04-03,A-KIM,3455.3342247009277,250000.0,49
2019-04-03,JPM-WM,1425.3239364624023,250000.0,49
2019-04-03,AME-TTD,-5408.7184982299805,250000.0,49
2019-04-03,CCL-FRT,3775.678291320801,250000.0,49
2019-04-03,MS-PSX,-4644.702003479004,250000.0,49
2019-04-03,AMD-JCI,0.0,250000.0,49
2019-04-04,ORCL-WMB,3263.1894607543945,250000.0,49
2019-04-04,A-KIM,742.0845603942871,250000.0,49
2019-04-04,AME-TTD,-14897.98857498169,250000.0,49
2019-04-04,CCL-FRT,3084.330596923828,250000.0,49
2019-04-04,MS-PSX,-2813.2060203552246,250000.0,49
2019-04-04,AMD-JCI,596.3979187011719,250000.0,49
2019-04-05,ORCL-WMB,1396.568344116211,250000.0,49
2019-04-05,A-KIM,-1533.013282775879,250000.0,49
2019-04-05,AME-TTD,-19351.11922454834,250000.0,49
2019-04-05,CCL-FRT,657.1258163452148,250000.0,49
2019-04-05,MS-PSX,-206.5118179321289,250000.0,49
2019-04-05,AMD-JCI,1424.4622745513916,250000.0,49
2019-04-08,ORCL-WMB,1048.3220329284668,250000.0,49
2019-04-08,A-KIM,1132.638542175293,250000.0,49
2019-04-08,AME-TTD,-20956.11720275879,250000.0,49
2019-04-08,CCL-FRT,1025.9074096679688,250000.0,49
2019-04-08,MS-PSX,704.7363243103027,250000.0,49
2019-04-08,AMD-JCI,4850.073766708374,250000.0,49
2019-04-09,ORCL-WMB,4295.987194061279,250000.0,49
2019-04-09,A-KIM,2398.668170928955,250000.0,49
2019-04-09,AME-TTD,-15085.909944534302,250000.0,49
2019-04-09,CCL-FRT,1117.798095703125,250000.0,49
2019-04-09,MS-PSX,2126.818428039551,250000.0,49
2019-04-09,AMD-JCI,6812.134502410889,250000.0,49
2019-04-10,MS-PSX,4366.8697509765625,250000.0,49
2019-04-10,AMD-JCI,3884.955368041992,250000.0,49
2019-04-11,MS-PSX,2223.9922981262207,250000.0,49
2019-04-11,AMD-JCI,3990.400197982788,250000.0,49
2019-04-11,ROL-V,0.0,250000.0,49
2019-04-12,MS-PSX,-11451.963943481445,250000.0,49
2019-04-12,AMD-JCI,5602.399042129517,250000.0,49
2019-04-12,ROL-V,-277.2709503173828,250000.0,49
2019-04-12,EG-IT,0.0,250000.0,49
2019-04-15,MS-PSX,-10620.89051437378,250000.0,49
2019-04-15,ROL-V,215.3758888244629,250000.0,49
2019-04-15,EG-IT,1116.1456909179688,250000.0,49
2019-04-15,CCL-FRT,0.0,250000.0,49
2019-04-16,ROL-V,-652.5222969055176,250000.0,49
2019-04-16,EG-IT,-6749.102966308594,250000.0,49
2019-04-16,BR-KIM,0.0,250000.0,49
2019-04-16,BLK-CRM,0.0,250000.0,49
2019-04-16,FRT-LDOS,0.0,250000.0,49
2019-04-17,ROL-V,870.0157165527344,250000.0,49
2019-04-17,EG-IT,-8992.492614746094,250000.0,49
2019-04-17,BR-KIM,-4413.462040901184,250000.0,49
2019-04-17,BLK-CRM,-5923.691070556641,250000.0,49
2019-04-17,FRT-LDOS,-3703.839195251465,250000.0,49
2019-04-18,ROL-V,-1655.9889297485352,250000.0,49
2019-04-18,EG-IT,-8687.788391113281,250000.0,49
2019-04-18,BR-KIM,3918.439108848572,250000.0,49
2019-04-18,BLK-CRM,-3671.7910766601562,250000.0,49
2019-04-18,FRT-LDOS,-1208.9368896484375,250000.0,49
2019-04-22,ROL-V,-2168.7911987304688,250000.0,49
2019-04-22,EG-IT,-6242.2401123046875,250000.0,49
2019-04-22,BR-KIM,-4479.863635063171,250000.0,49
2019-04-22,BLK-CRM,1829.9017639160156,250000.0,49
2019-04-22,FRT-LDOS,-8519.202354431152,250000.0,49
2019-04-23,ROL-V,-1959.7901496887207,250000.0,49
2019-04-23,EG-IT,-6537.5076904296875,250000.0,49
2019-04-23,BR-KIM,-3945.246555328369,250000.0,49
2019-04-23,BLK-CRM,-1111.5386352539062,250000.0,49
2019-04-23,FRT-LDOS,-7980.278835296631,250000.0,49
2019-04-24,EG-IT,-9468.811462402344,250000.0,49
2019-04-24,BR-KIM,-6210.107702255249,250000.0,49
2019-04-24,BLK-CRM,-7931.551849365234,250000.0,49
2019-04-24,FRT-LDOS,-3747.7927627563477,250000.0,49
2019-04-25,EG-IT,-6316.787780761719,250000.0,49
2019-04-25,BR-KIM,-6705.808933258057,250000.0,49
2019-04-25,BLK-CRM,1530.8573913574219,250000.0,49
2019-04-25,FRT-LDOS,-1662.4011688232422,250000.0,49
2019-04-25,MMM-TSCO,0.0,250000.0,49
2019-04-25,AME-VST,0.0,250000.0,49
2019-04-25,AME-TTD,0.0,250000.0,49
2019-04-25,AJG-EXPD,0.0,250000.0,49
2019-04-26,EG-IT,-9312.957153320312,250000.0,49
2019-04-26,BR-KIM,-8478.53028678894,250000.0,49
2019-04-26,BLK-CRM,2959.038848876953,250000.0,49
2019-04-26,FRT-LDOS,-1811.9639167785645,250000.0,49
2019-04-26,MMM-TSCO,1446.5619201660156,250000.0,49
2019-04-26,AME-VST,347.1338424682617,250000.0,49
2019-04-26,AME-TTD,9351.809993743896,250000.0,49
2019-04-26,AJG-EXPD,391.7724609375,250000.0,49
2019-04-29,BR-KIM,-15023.489588737488,250000.0,49
2019-04-29,BLK-CRM,1427.2102661132812,250000.0,49
2019-04-29,FRT-LDOS,-6343.007328033447,250000.0,49
2019-04-29,MMM-TSCO,14.182222366333008,250000.0,49
2019-04-29,AME-VST,309.00443267822266,250000.0,49
2019-04-29,AME-TTD,-2046.4289417266846,250000.0,49
2019-04-29,AJG-EXPD,-1840.306625366211,250000.0,49
2019-04-30,BR-KIM,-15166.162176132202,250000.0,49
2019-04-30,BLK-CRM,-2273.532440185547,250000.0,49
2019-04-30,MMM-TSCO,1657.102186203003,250000.0,49
2019-04-30,AME-VST,-296.579439163208,250000.0,49
2019-04-30,AME-TTD,8298.103931427002,250000.0,49
2019-04-30,AJG-EXPD,-932.0778656005859,250000.0,49
2019-04-30,EG-IT,0.0,250000.0,49
2019-03-07,AVGO-ESS,0.0,250000.0,50
2019-03-08,AVGO-ESS,-1614.5601768493652,250000.0,50
2019-03-08,BMY-COP,0.0,250000.0,50
2019-03-11,AVGO-ESS,-1581.7962837219238,250000.0,50
2019-03-11,BMY-COP,2362.5441131591797,250000.0,50
2019-03-12,AVGO-ESS,-2462.055206298828,250000.0,50
2019-03-12,BMY-COP,2168.8485984802246,250000.0,50
2019-03-13,AVGO-ESS,-3775.765914916992,250000.0,50
2019-03-15,AVGO-UDR,0.0,250000.0,50
2019-03-18,AVGO-UDR,-4435.150680541992,250000.0,50
2019-03-18,CCL-DOC,0.0,250000.0,50
2019-03-19,CCL-DOC,-995.8219261169434,250000.0,50
2019-03-20,CCL-DOC,2852.470920562744,250000.0,50
2019-03-20,AAPL-MRSH,0.0,250000.0,50
2019-03-21,AAPL-MRSH,-1857.170352935791,250000.0,50
2019-03-22,AAPL-MRSH,-2090.7127952575684,250000.0,50
2019-03-25,AAPL-MRSH,-169.8939323425293,250000.0,50
2019-03-25,TSN-UHS,0.0,250000.0,50
2019-03-25,INCY-NCLH,0.0,250000.0,50
2019-03-26,AAPL-MRSH,2259.83304977417,250000.0,50
2019-03-26,TSN-UHS,-1367.319751739502,250000.0,50
2019-03-27,AAPL-MRSH,-653.2924461364746,250000.0,50
2019-03-27,TSN-UHS,-4276.5620765686035,250000.0,50
2019-03-28,AAPL-MRSH,1686.614112854004,250000.0,50
2019-03-29,AAPL-MRSH,3554.459762573242,250000.0,50
2019-04-01,AAPL-O,0.0,250000.0,50
2019-04-02,AAPL-O,-2383.900791168213,250000.0,50
2019-04-03,AAPL-O,-5290.430885314941,250000.0,50
2019-04-04,AAPL-O,-6056.158805847168,250000.0,50
2019-04-05,AAPL-O,-5203.883411407471,250000.0,50
2019-04-08,AAPL-O,-8134.663578033447,250000.0,50
2019-04-12,INCY-NCLH,0.0,250000.0,50
2019-04-15,INCY-NCLH,-3174.868698120117,250000.0,50
2019-04-16,INCY-NCLH,-9663.78815460205,250000.0,50
2019-04-16,ARE-MTD,0.0,250000.0,50
2019-04-16,AVGO-UDR,0.0,250000.0,50
2019-04-16,TSN-UHS,0.0,250000.0,50
2019-04-16,CCL-DOC,0.0,250000.0,50
2019-04-16,AAPL-O,0.0,250000.0,50
2019-04-16,AVGO-ESS,0.0,250000.0,50
2019-04-16,AVGO-REG,0.0,250000.0,50
2019-04-17,INCY-NCLH,-8446.931373596191,250000.0,50
2019-04-17,ARE-MTD,-416.35491943359375,250000.0,50
2019-04-17,AVGO-UDR,-5232.181175231934,250000.0,50
2019-04-17,CCL-DOC,-5164.734268188477,250000.0,50
2019-04-17,AAPL-O,-8373.82795715332,250000.0,50
2019-04-17,AVGO-ESS,-4486.317985534668,250000.0,50
2019-04-17,AVGO-REG,-3759.1619987487793,250000.0,50
2019-04-18,INCY-NCLH,-5350.564315795898,250000.0,50
2019-04-18,ARE-MTD,-57.43646240234375,250000.0,50
2019-04-18,AVGO-UDR,-1455.084285736084,250000.0,50
2019-04-18,CCL-DOC,2403.127670288086,250000.0,50
2019-04-18,AAPL-O,-6144.751796722412,250000.0,50
2019-04-18,AVGO-ESS,-248.4194450378418,250000.0,50
2019-04-18,AVGO-REG,-351.8554916381836,250000.0,50
2019-04-22,INCY-NCLH,-4675.735084533691,250000.0,50
2019-04-22,ARE-MTD,-4446.242431640625,250000.0,50
2019-04-22,AVGO-UDR,-3987.5499591827393,250000.0,50
2019-04-22,CCL-DOC,-1139.6596240997314,250000.0,50
2019-04-22,AAPL-O,-8920.556777954102,250000.0,50
2019-04-22,AVGO-ESS,-1238.08371925354,250000.0,50
2019-04-22,AVGO-REG,-5356.678894042969,250000.0,50
2019-04-23,INCY-NCLH,-3635.1883392333984,250000.0,50
2019-04-23,AVGO-UDR,-939.5306091308594,250000.0,50
2019-04-23,CCL-DOC,-22.182369232177734,250000.0,50
2019-04-23,AAPL-O,-6766.062118530273,250000.0,50
2019-04-23,AVGO-ESS,-5.99212646484375,250000.0,50
2019-04-23,AVGO-REG,-626.6409873962402,250000.0,50
2019-04-24,INCY-NCLH,-6618.975791931152,250000.0,50
2019-04-24,AVGO-UDR,1631.4578857421875,250000.0,50
2019-04-24,CCL-DOC,1946.4446830749512,250000.0,50
2019-04-24,AAPL-O,-3441.944507598877,250000.0,50
2019-04-24,AVGO-ESS,2227.6331787109375,250000.0,50
2019-04-24,AVGO-REG,3578.533832550049,250000.0,50
2019-04-25,INCY-NCLH,-4884.661148071289,250000.0,50
2019-04-25,AVGO-UDR,3973.54185295105,250000.0,50
2019-04-25,CCL-DOC,2746.648693084717,250000.0,50
2019-04-25,AAPL-O,-1550.0057525634766,250000.0,50
2019-04-25,AVGO-ESS,3195.022497177124,250000.0,50
2019-04-25,AVGO-REG,6451.219806671143,250000.0,50
2019-04-25,CNP-DAL,0.0,250000.0,50
2019-04-26,INCY-NCLH,-4381.604782104492,250000.0,50
2019-04-26,CCL-DOC,4300.426797866821,250000.0,50
2019-04-26,AAPL-O,937.967170715332,250000.0,50
2019-04-26,AVGO-ESS,6671.665557861328,250000.0,50
2019-04-26,CNP-DAL,1983.2579345703125,250000.0,50
2019-04-29,CCL-DOC,-1586.5370464324951,250000.0,50
2019-04-29,AAPL-O,-3172.3551750183105,250000.0,50
2019-04-29,AVGO-ESS,2126.2042808532715,250000.0,50
2019-04-30,CCL-DOC,-542.2282218933105,250000.0,50
2019-04-30,AAPL-O,2245.6367721557617,250000.0,50
2019-04-30,AVGO-ESS,3638.3029174804688,250000.0,50
2019-04-30,INCY-NCLH,0.0,250000.0,50
2019-05-01,AVGO-ESS,4447.021684646606,250000.0,50
2019-05-01,INCY-NCLH,1543.5210876464844,250000.0,50
2019-05-01,INCY-KLAC,0.0,250000.0,50
2019-05-02,AVGO-ESS,5430.097469329834,250000.0,50
2019-05-02,INCY-NCLH,-8714.29891204834,250000.0,50
2019-05-02,INCY-KLAC,-1488.621431350708,250000.0,50
2019-05-02,INCY-URI,0.0,250000.0,50
2019-05-03,AVGO-ESS,6633.3674030303955,250000.0,50
2019-05-03,INCY-NCLH,-8349.862731933594,250000.0,50
2019-05-03,INCY-KLAC,-7028.547065734863,250000.0,50
2019-05-03,INCY-URI,2518.634719848633,250000.0,50
2019-05-06,INCY-URI,-5492.689361572266,250000.0,50
2019-05-07,INCY-URI,-8644.275207519531,250000.0,50
2019-05-07,AAPL-O,0.0,250000.0,50
2019-05-08,INCY-URI,-8547.029113769531,250000.0,50
2019-05-08,AAPL-O,694.0141983032227,250000.0,50
2019-05-09,INCY-URI,-7583.880767822266,250000.0,50
2019-05-09,AAPL-O,3750.664878845215,250000.0,50
2019-05-09,CNP-DAL,0.0,250000.0,50
2019-05-10,INCY-URI,-7774.993553161621,250000.0,50
2019-05-10,CNP-DAL,4610.150604248047,250000.0,50
2019-05-10,ARE-MTD,0.0,250000.0,50
2019-05-10,AVGO-UDR,0.0,250000.0,50
2019-05-10,AVGO-REG,0.0,250000.0,50
2019-05-13,ARE-MTD,-8790.750732421875,250000.0,50
2019-05-13,AVGO-UDR,-3552.9020614624023,250000.0,50
2019-05-14,ARE-MTD,-4317.909240722656,250000.0,50
2019-05-14,AVGO-UDR,-453.85457611083984,250000.0,50
2019-05-15,ARE-MTD,-9456.398010253906,250000.0,50
2019-05-15,AVGO-UDR,-1096.6408920288086,250000.0,50
2019-05-16,ARE-MTD,-2777.8310546875,250000.0,50
2019-05-17,ARE-MTD,-8725.565795898438,250000.0,50
2019-05-20,ARE-MTD,-8798.331359863281,250000.0,50
2019-05-20,INCY-KEYS,0.0,250000.0,50
2019-05-21,INCY-KEYS,-817.7868804931641,250000.0,50
2019-05-22,INCY-KEYS,-119.8548355102539,250000.0,50
2019-05-23,INCY-KEYS,-10296.636535644531,250000.0,50
2019-05-23,BMY-COP,0.0,250000.0,50
2019-05-24,INCY-KEYS,-12225.730163574219,250000.0,50
2019-05-24,BMY-COP,3021.7286796569824,250000.0,50
2019-05-28,INCY-KEYS,-14122.351600646973,250000.0,50
2019-05-28,BMY-COP,6499.109218597412,250000.0,50
2019-05-29,INCY-KEYS,-11966.327560424805,250000.0,50
2019-05-30,INCY-KEYS,12916.57852935791,250000.0,50
2019-05-31,CNP-DAL,0.0,250000.0,50
2019-04-04,EL-TGT,0.0,250000.0,51
2019-04-04,CLX-WM,0.0,250000.0,51
2019-04-05,EL-TGT,1734.25341796875,250000.0,51
2019-04-05,CLX-WM,1523.3985748291016,250000.0,51
2019-04-08,EL-TGT,-131.85345458984375,250000.0,51
2019-04-11,CLX-WM,0.0,250000.0,51
2019-04-12,CLX-WM,2872.589584350586,250000.0,51
2019-04-16,CLX-TRV,0.0,250000.0,51
2019-04-22,CLX-PNW,0.0,250000.0,51
2019-04-22,CLX-CMS,0.0,250000.0,51
2019-04-23,CLX-PNW,2496.360397338867,250000.0,51
2019-04-23,CLX-CMS,2976.8530807495117,250000.0,51
2019-04-23,CLX-VZ,0.0,250000.0,51
2019-04-24,CLX-PNW,1955.045639038086,250000.0,51
2019-04-24,CLX-CMS,2701.106918334961,250000.0,51
2019-04-24,CLX-VZ,-872.1148529052734,250000.0,51
2019-04-25,CLX-PNW,1170.2445983886719,250000.0,51
2019-04-25,CLX-CMS,2797.7580337524414,250000.0,51
2019-04-25,CLX-DHI,0.0,250000.0,51
2019-04-26,CLX-PNW,-3769.7308959960938,250000.0,51
2019-04-26,CLX-CMS,-1044.7856941223145,250000.0,51
2019-04-26,CLX-DHI,-7317.225128173828,250000.0,51
2019-04-26,CLX-LITE,0.0,250000.0,51
2019-04-26,CLX-ETR,0.0,250000.0,51
2019-04-26,EL-TGT,0.0,250000.0,51
2019-04-29,CLX-PNW,-3396.7684020996094,250000.0,51
2019-04-29,CLX-CMS,-157.15850448608398,250000.0,51
2019-04-29,CLX-DHI,-5311.699028015137,250000.0,51
2019-04-29,CLX-LITE,6670.91886138916,250000.0,51
2019-04-29,CLX-ETR,2180.752975463867,250000.0,51
2019-04-29,EL-TGT,2241.825695037842,250000.0,51
2019-04-30,CLX-CMS,-1960.8094749450684,250000.0,51
2019-04-30,CLX-DHI,-9779.401153564453,250000.0,51
2019-04-30,CLX-LITE,623.3069114685059,250000.0,51
2019-04-30,CLX-ETR,12.763370513916016,250000.0,51
2019-04-30,EL-TGT,1619.9596138000488,250000.0,51
2019-05-01,EL-TGT,-2635.875648498535,250000.0,51
2019-05-01,CLX-TRV,0.0,250000.0,51
2019-05-01,CLX-EXC,0.0,250000.0,51
2019-05-01,CLX-CMCSA,0.0,250000.0,51
2019-05-01,CLX-FDS,0.0,250000.0,51
2019-05-01,CLX-NEE,0.0,250000.0,51
2019-05-01,CLX-D,0.0,250000.0,51
2019-05-02,EL-TGT,-157.92759323120117,250000.0,51
2019-05-02,CLX-TRV,2229.848861694336,250000.0,51
2019-05-02,CLX-EXC,4058.589937210083,250000.0,51
2019-05-02,CLX-CMCSA,6123.139408111572,250000.0,51
2019-05-02,CLX-FDS,-116.68782043457031,250000.0,51
2019-05-02,CLX-NEE,3432.790252685547,250000.0,51
2019-05-02,CLX-D,1796.5235290527344,250000.0,51
2019-05-03,EL-TGT,-5635.430290222168,250000.0,51
2019-05-03,CLX-TRV,-417.45314025878906,250000.0,51
2019-05-03,CLX-EXC,2082.0852069854736,250000.0,51
2019-05-03,CLX-CMCSA,806.8021850585938,250000.0,51
2019-05-03,CLX-FDS,-6190.01171875,250000.0,51
2019-05-03,CLX-NEE,1161.5089492797852,250000.0,51
2019-05-03,CLX-D,1178.26953125,250000.0,51
2019-05-06,EL-TGT,-1396.4263000488281,250000.0,51
2019-05-06,CLX-TRV,-368.1566467285156,250000.0,51
2019-05-06,CLX-EXC,4671.723970413208,250000.0,51
2019-05-06,CLX-CMCSA,953.2981719970703,250000.0,51
2019-05-06,CLX-FDS,-10509.16088104248,250000.0,51
2019-05-06,CLX-NEE,3287.0182723999023,250000.0,51
2019-05-06,CLX-D,5545.17073059082,250000.0,51
2019-05-06,SYY-UNP,0.0,250000.0,51
2019-05-07,EL-TGT,-1853.9722290039062,250000.0,51
2019-05-07,CLX-TRV,3203.0655975341797,250000.0,51
2019-05-07,CLX-EXC,6674.2325077056885,250000.0,51
2019-05-07,CLX-CMCSA,4674.028656005859,250000.0,51
2019-05-07,CLX-FDS,-4577.483444213867,250000.0,51
2019-05-07,CLX-NEE,5291.327438354492,250000.0,51
2019-05-07,CLX-D,7466.038238525391,250000.0,51
2019-05-07,SYY-UNP,-3150.5706939697266,250000.0,51
2019-05-08,EL-TGT,-147.99385452270508,250000.0,51
2019-05-08,CLX-TRV,4489.629486083984,250000.0,51
2019-05-08,CLX-CMCSA,6932.121593475342,250000.0,51
2019-05-08,CLX-FDS,-1678.1462783813477,250000.0,51
2019-05-08,CLX-NEE,8596.629333496094,250000.0,51
2019-05-08,SYY-UNP,-2379.377025604248,250000.0,51
2019-05-09,EL-TGT,211.77559280395508,250000.0,51
2019-05-09,CLX-TRV,-1056.629409790039,250000.0,51
2019-05-09,CLX-CMCSA,-617.0390014648438,250000.0,51
2019-05-09,CLX-FDS,-10429.03662109375,250000.0,51
2019-05-09,CLX-NEE,3072.546043395996,250000.0,51
2019-05-09,SYY-UNP,-5158.012287139893,250000.0,51
2019-05-10,EL-TGT,-392.1382255554199,250000.0,51
2019-05-10,CLX-TRV,-1456.0691528320312,250000.0,51
2019-05-10,CLX-CMCSA,1642.094871520996,250000.0,51
2019-05-10,CLX-FDS,-7943.551361083984,250000.0,51
2019-05-10,CLX-NEE,2026.8764572143555,250000.0,51
2019-05-10,SYY-UNP,-6948.17403793335,250000.0,51
2019-05-13,CLX-TRV,2069.779296875,250000.0,51
2019-05-13,CLX-CMCSA,9418.832862854004,250000.0,51
2019-05-13,CLX-FDS,3512.89102935791,250000.0,51
2019-05-13,CLX-NEE,265.9842224121094,250000.0,51
2019-05-13,SYY-UNP,-9676.488708496094,250000.0,51
2019-05-14,CLX-TRV,-7104.904861450195,250000.0,51
2019-05-14,CLX-CMCSA,227.15027618408203,250000.0,51
2019-05-14,CLX-FDS,-7935.352020263672,250000.0,51
2019-05-14,CLX-NEE,-4398.03515625,250000.0,51
2019-05-14,SYY-UNP,-7166.40193939209,250000.0,51
2019-05-15,CLX-TRV,-5576.60871887207,250000.0,51
2019-05-15,CLX-CMCSA,5820.851661682129,250000.0,51
2019-05-15,CLX-NEE,-1662.570411682129,250000.0,51
2019-05-15,SYY-UNP,-9531.930969238281,250000.0,51
2019-05-16,CLX-CMCSA,2955.621353149414,250000.0,51
2019-05-16,SYY-UNP,-10606.410221099854,250000.0,51
2019-05-22,EL-TGT,0.0,250000.0,51
2019-05-23,EL-TGT,-7181.17919921875,250000.0,51
2019-05-23,EL-GIS,0.0,250000.0,51
2019-05-24,EL-TGT,-14402.157859802246,250000.0,51
2019-05-24,EL-GIS,2521.9077529907227,250000.0,51
2019-05-28,EL-TGT,-10928.55266571045,250000.0,51
2019-05-28,CRL-IQV,0.0,250000.0,51
2019-05-29,EL-TGT,-8862.027702331543,250000.0,51
2019-05-29,CRL-IQV,-435.51810455322266,250000.0,51
2019-05-29,CLX-EXC,0.0,250000.0,51
2019-05-29,EL-GIS,0.0,250000.0,51
2019-05-30,EL-TGT,-10056.091995239258,250000.0,51
2019-05-30,CRL-IQV,-1676.3205337524414,250000.0,51
2019-05-30,CLX-EXC,-2493.958854675293,250000.0,51
2019-05-30,EL-GIS,814.6608505249023,250000.0,51
2019-05-30,CLX-D,0.0,250000.0,51
2019-05-31,EL-TGT,-13064.762115478516,250000.0,51
2019-05-31,CRL-IQV,-1494.385482788086,250000.0,51
2019-05-31,CLX-EXC,-1765.7148895263672,250000.0,51
2019-05-31,EL-GIS,8948.060764312744,250000.0,51
2019-05-31,CLX-D,3633.518154144287,250000.0,51
2019-05-31,SYY-UNP,0.0,250000.0,51
2019-06-03,EL-TGT,-19204.61811065674,250000.0,51
2019-06-03,CRL-IQV,1207.0870895385742,250000.0,51
2019-06-03,CLX-EXC,-1852.599552154541,250000.0,51
2019-06-03,CLX-D,3044.8812675476074,250000.0,51
2019-06-03,SYY-UNP,933.5772514343262,250000.0,51
2019-06-04,CRL-IQV,377.98189544677734,250000.0,51
2019-06-04,CLX-EXC,-1006.3031711578369,250000.0,51
2019-06-04,CLX-D,2891.014171600342,250000.0,51
2019-06-04,SYY-UNP,-4303.729190826416,250000.0,51
2019-06-05,CRL-IQV,-3020.03173828125,250000.0,51
2019-06-05,CLX-EXC,2594.4728031158447,250000.0,51
2019-06-05,SYY-UNP,-4585.74768447876,250000.0,51
2019-06-06,CRL-IQV,-1680.073257446289,250000.0,51
2019-06-06,CLX-EXC,3002.229597091675,250000.0,51
2019-06-06,SYY-UNP,-1658.0236358642578,250000.0,51
2019-06-07,CRL-IQV,-3186.1520385742188,250000.0,51
2019-06-07,CLX-EXC,3013.993022918701,250000.0,51
2019-06-07,SYY-UNP,-2528.984230041504,250000.0,51
2019-06-10,CRL-IQV,-2043.5373229980469,250000.0,51
2019-06-10,SYY-UNP,-2727.570831298828,250000.0,51
2019-06-11,CRL-IQV,-584.9777221679688,250000.0,51
2019-06-11,SYY-UNP,1377.143669128418,250000.0,51
2019-06-12,CRL-IQV,512.2515106201172,250000.0,51
2019-06-12,SYY-UNP,1478.299072265625,250000.0,51
2019-06-18,CRL-IQV,0.0,250000.0,51
2019-06-26,EL-GIS,0.0,250000.0,51
2019-05-01,AON-JKHY,0.0,250000.0,52
2019-05-01,CPAY-WTW,0.0,250000.0,52
2019-05-02,AON-JKHY,-3975.407501220703,250000.0,52
2019-05-02,LEN-VMC,0.0,250000.0,52
2019-05-03,LEN-VMC,786.5994987487793,250000.0,52
2019-05-06,LEN-VMC,-814.2219390869141,250000.0,52
2019-05-07,LEN-VMC,-3784.9815711975098,250000.0,52
2019-05-07,LEN-LVS,0.0,250000.0,52
2019-05-08,LEN-VMC,-4112.212097167969,250000.0,52
2019-05-09,LEN-VMC,-1003.8287925720215,250000.0,52
2019-05-10,LEN-VMC,-1679.7512702941895,250000.0,52
2019-05-10,IEX-SMCI,0.0,250000.0,52
2019-05-10,LEN-MAR,0.0,250000.0,52
2019-05-13,LEN-VMC,-1041.698055267334,250000.0,52
2019-05-13,IEX-SMCI,9485.818128108978,250000.0,52
2019-05-13,LEN-MAR,-8701.307189941406,250000.0,52
2019-05-14,LEN-VMC,1760.5787734985352,250000.0,52
2019-05-14,IEX-SMCI,10545.960587978363,250000.0,52
2019-05-14,LEN-MAR,-8314.435718536377,250000.0,52
2019-05-15,LEN-VMC,1226.029842376709,250000.0,52
2019-05-15,IEX-SMCI,7475.791144371033,250000.0,52
2019-05-15,LEN-MAR,-5516.901809692383,250000.0,52
2019-05-16,LEN-VMC,3121.7594604492188,250000.0,52
2019-05-16,IEX-SMCI,930.4572639465332,250000.0,52
2019-05-16,LEN-MAR,-8237.195499420166,250000.0,52
2019-05-17,IEX-SMCI,9907.457961559296,250000.0,52
2019-05-17,LEN-MAR,-8400.554592132568,250000.0,52
2019-05-20,IEX-SMCI,9516.442947864532,250000.0,52
2019-05-20,LEN-MAR,-7033.922939300537,250000.0,52
2019-05-20,AON-PAYX,0.0,250000.0,52
2019-05-21,IEX-SMCI,2446.9451303482056,250000.0,52
2019-05-21,LEN-MAR,-6656.3379554748535,250000.0,52
2019-05-21,AON-PAYX,171.12217712402344,250000.0,52
2019-05-21,D-DTE,0.0,250000.0,52
2019-05-22,IEX-SMCI,9052.805866241455,250000.0,52
2019-05-22,LEN-MAR,-6933.610683441162,250000.0,52
2019-05-22,AON-PAYX,1036.210464477539,250000.0,52
2019-05-22,D-DTE,456.14320373535156,250000.0,52
2019-05-22,COHR-GM,0.0,250000.0,52
2019-05-23,IEX-SMCI,9401.586562633514,250000.0,52
2019-05-23,LEN-MAR,-9685.65650177002,250000.0,52
2019-05-23,AON-PAYX,-160.24937438964844,250000.0,52
2019-05-23,D-DTE,500.27857971191406,250000.0,52
2019-05-23,COHR-GM,-1073.4800987243652,250000.0,52
2019-05-24,IEX-SMCI,1664.2336287498474,250000.0,52
2019-05-24,AON-PAYX,-1219.3611145019531,250000.0,52
2019-05-24,D-DTE,355.545654296875,250000.0,52
2019-05-24,COHR-GM,-2731.608543395996,250000.0,52
2019-05-28,IEX-SMCI,4369.940611362457,250000.0,52
2019-05-28,AON-PAYX,1225.4889678955078,250000.0,52
2019-05-28,D-DTE,-1319.8822021484375,250000.0,52
2019-05-28,COHR-GM,-3845.327220916748,250000.0,52
2019-05-29,D-DTE,-660.4869384765625,250000.0,52
2019-05-29,COHR-GM,-3902.1852684020996,250000.0,52
2019-05-29,AON-CPAY,0.0,250000.0,52
2019-05-30,D-DTE,844.8474884033203,250000.0,52
2019-05-30,COHR-GM,-4019.821731567383,250000.0,52
2019-05-30,AON-CPAY,-5807.652770996094,250000.0,52
2019-05-30,AON-PAYX,0.0,250000.0,52
2019-05-30,AON-V,0.0,250000.0,52
2019-05-31,D-DTE,885.1643676757812,250000.0,52
2019-05-31,AON-CPAY,-4048.790008544922,250000.0,52
2019-05-31,AON-PAYX,1597.5627136230469,250000.0,52
2019-05-31,AON-V,322.39599609375,250000.0,52
2019-05-31,ATO-WEC,0.0,250000.0,52
2019-06-03,D-DTE,1411.3155517578125,250000.0,52
2019-06-03,ATO-WEC,-444.9675483703613,250000.0,52
2019-06-03,LEN-LVS,0.0,250000.0,52
2019-06-04,D-DTE,499.23504638671875,250000.0,52
2019-06-04,CINF-LDOS,0.0,250000.0,52
2019-06-04,IEX-SMCI,0.0,250000.0,52
2019-06-05,D-DTE,1329.2001342773438,250000.0,52
2019-06-05,IEX-SMCI,-4399.930019617081,250000.0,52
2019-06-06,IEX-SMCI,-12335.924238681793,250000.0,52
2019-06-11,MMM-ROL,0.0,250000.0,52
2019-06-12,MMM-ROL,1601.5008583068848,250000.0,52
2019-06-13,MMM-ROL,1436.5543098449707,250000.0,52
2019-06-14,MMM-ROL,2139.979480743408,250000.0,52
2019-06-17,MMM-ROL,950.8364334106445,250000.0,52
2019-06-18,MMM-ROL,-871.1039848327637,250000.0,52
2019-06-19,MMM-ROL,898.0884552001953,250000.0,52
2019-06-20,MMM-ROL,-325.0649223327637,250000.0,52
2019-06-21,MMM-ROL,-2548.2160568237305,250000.0,52
2019-06-21,ATO-WEC,0.0,250000.0,52
2019-06-21,VRT-WRB,0.0,250000.0,52
2019-06-24,ATO-WEC,1027.1183776855469,250000.0,52
2019-06-25,ATO-WEC,-3002.0384826660156,250000.0,52
2019-06-25,AON-PAYX,0.0,250000.0,52
2019-06-25,COHR-GM,0.0,250000.0,52
2019-06-25,LEN-MSCI,0.0,250000.0,52
2019-06-26,AON-PAYX,-4759.781631469727,250000.0,52
2019-06-26,COHR-GM,-1889.1115608215332,250000.0,52
2019-06-26,LEN-MSCI,-7982.367664337158,250000.0,52
2019-06-26,CPAY-WTW,0.0,250000.0,52
2019-06-27,COHR-GM,-1247.0236206054688,250000.0,52
2019-06-27,LEN-MSCI,-1387.0408363342285,250000.0,52
2019-06-27,CPAY-WTW,2863.6140747070312,250000.0,52
2019-06-28,COHR-GM,488.01548767089844,250000.0,52
2019-06-28,LEN-MSCI,-6146.045883178711,250000.0,52
2019-07-01,COHR-GM,1769.6062240600586,250000.0,52
2019-07-01,LEN-MSCI,-12063.276138305664,250000.0,52
2019-07-01,LEN-LVS,0.0,250000.0,52
2019-07-02,COHR-GM,2006.5899543762207,250000.0,52
2019-07-02,LEN-MSCI,-11455.955253601074,250000.0,52
2019-07-02,LEN-LVS,301.16744232177734,250000.0,52
2019-07-03,LEN-MSCI,-5379.459159851074,250000.0,52
2019-07-03,LEN-LVS,1287.5005264282227,250000.0,52
2019-07-05,LEN-MSCI,-11856.97675704956,250000.0,52
2019-07-05,LEN-LVS,927.1982917785645,250000.0,52
2019-07-08,LEN-MSCI,-3743.9246520996094,250000.0,52
2019-07-08,LEN-LVS,181.01856994628906,250000.0,52
2019-07-09,LEN-MSCI,-16920.499130249023,250000.0,52
2019-07-09,LEN-LVS,-5181.430389404297,250000.0,52
2019-07-10,LEN-LVS,-362.3231391906738,250000.0,52
2019-07-10,LEN-VMC,0.0,250000.0,52
2019-07-11,LEN-LVS,-3346.339542388916,250000.0,52
2019-07-11,LEN-VMC,2640.5211029052734,250000.0,52
2019-07-12,LEN-LVS,-5565.242240905762,250000.0,52
2019-07-12,LEN-VMC,195.81605911254883,250000.0,52
2019-07-15,LEN-VMC,155.11892318725586,250000.0,52
2019-07-16,LEN-VMC,3663.739402770996,250000.0,52
2019-07-23,ATO-WEC,0.0,250000.0,52
2019-07-23,LDOS-WRB,0.0,250000.0,52
2019-07-24,ATO-WEC,79.71246337890625,250000.0,52
2019-07-24,MMM-ROL,0.0,250000.0,52
2019-07-25,MMM-ROL,-134.68222045898438,250000.0,52
2019-07-25,AON-CPAY,0.0,250000.0,52
2019-07-26,MMM-ROL,4484.146591186523,250000.0,52
2019-07-26,AON-PAYX,0.0,250000.0,52
2019-07-29,MMM-ROL,-214.27871704101562,250000.0,52
2019-07-29,AON-PAYX,1730.4055633544922,250000.0,52
2019-07-29,CINF-LDOS,0.0,250000.0,52
2019-07-30,MMM-ROL,136.97438049316406,250000.0,52
2019-07-30,AON-PAYX,456.68507385253906,250000.0,52
2019-07-30,CINF-LDOS,-4157.545623779297,250000.0,52
2019-07-31,MMM-ROL,-1368.4424743652344,250000.0,52
2019-07-31,ATO-WEC,0.0,250000.0,52
2019-06-03,DAL-PPG,0.0,250000.0,53
2019-06-04,DAL-PPG,-4187.229560852051,250000.0,53
2019-06-05,DAL-PPG,-4266.953178405762,250000.0,53
2019-06-10,KMB-NOC,0.0,250000.0,53
2019-06-20,DAL-ETN,0.0,250000.0,53
2019-06-21,DAL-ETN,-1728.5052947998047,250000.0,53
2019-06-24,DAL-ETN,1248.3543701171875,250000.0,53
2019-06-25,DAL-ETN,1629.2920455932617,250000.0,53
2019-06-26,DAL-ETN,559.7831649780273,250000.0,53
2019-06-27,DAL-ETN,855.8563995361328,250000.0,53
2019-06-28,DAL-ETN,-928.4914245605469,250000.0,53
2019-06-28,DAL-GS,0.0,250000.0,53
2019-07-01,DAL-ETN,717.2852020263672,250000.0,53
2019-07-01,DAL-GS,-1577.9758758544922,250000.0,53
2019-07-02,DAL-GS,349.14892578125,250000.0,53
2019-07-03,DAL-GS,969.0759429931641,250000.0,53
2019-07-05,DAL-GS,-1813.684684753418,250000.0,53
2019-07-08,DAL-GS,1573.2052383422852,250000.0,53
2019-07-08,DAL-SWK,0.0,250000.0,53
2019-07-08,DAL-PPG,0.0,250000.0,53
2019-07-09,DAL-GS,-1359.518898010254,250000.0,53
2019-07-09,DAL-SWK,-11.45330810546875,250000.0,53
2019-07-09,DAL-PPG,-267.3872985839844,250000.0,53
2019-07-10,DAL-GS,1418.2101440429688,250000.0,53
2019-07-10,DAL-SWK,-3604.7642822265625,250000.0,53
2019-07-10,DAL-PPG,-2248.4840545654297,250000.0,53
2019-07-11,DAL-GS,-4367.465682983398,250000.0,53
2019-07-11,DAL-SWK,-3724.7859954833984,250000.0,53
2019-07-11,DAL-PPG,-2121.715042114258,250000.0,53
2019-07-12,DAL-GS,-5836.98713684082,250000.0,53
2019-07-12,DAL-SWK,-2386.8336639404297,250000.0,53
2019-07-12,DAL-PPG,-2350.6478424072266,250000.0,53
2019-07-15,DAL-SWK,-3369.7657165527344,250000.0,53
2019-07-15,DAL-PPG,-994.3077392578125,250000.0,53
2019-07-16,DAL-PPG,-3106.6656951904297,250000.0,53
2019-07-17,DAL-PPG,-4265.820938110352,250000.0,53
2019-07-17,HLT-VMC,0.0,250000.0,53
2019-07-18,DAL-PPG,-4105.854248046875,250000.0,53
2019-07-18,HLT-VMC,298.54701232910156,250000.0,53
2019-07-19,DAL-PPG,-118.23004150390625,250000.0,53
2019-07-19,HLT-VMC,-5965.034866333008,250000.0,53
2019-07-22,DAL-PPG,-1948.9833374023438,250000.0,53
2019-07-24,SNPS-TER,0.0,250000.0,53
2019-07-24,KMB-NOC,0.0,250000.0,53
2019-07-25,SNPS-TER,8671.154010772705,250000.0,53
2019-07-25,KMB-NOC,-6758.061370849609,250000.0,53
2019-07-26,SNPS-TER,6281.82084274292,250000.0,53
2019-07-26,KMB-NOC,-825.9257965087891,250000.0,53
2019-07-29,SNPS-TER,-29.459529876708984,250000.0,53
2019-07-29,KMB-NOC,-318.36888885498047,250000.0,53
2019-07-30,SNPS-TER,45.62808609008789,250000.0,53
2019-07-30,KMB-NOC,1638.4689712524414,250000.0,53
2019-07-31,SNPS-TER,4228.658592224121,250000.0,53
2019-07-31,KMB-NOC,538.5185928344727,250000.0,53
2019-08-01,SNPS-TER,7979.278713226318,250000.0,53
2019-08-01,KMB-NOC,-58.04645538330078,250000.0,53
2019-08-01,DAL-GS,0.0,250000.0,53
2019-08-01,MPWR-XYL,0.0,250000.0,53
2019-08-01,DAL-EXPD,0.0,250000.0,53
2019-08-02,SNPS-TER,10256.351875305176,250000.0,53
2019-08-02,KMB-NOC,4285.735816955566,250000.0,53
2019-08-02,DAL-GS,-2054.4099197387695,250000.0,53
2019-08-02,MPWR-XYL,-2570.609550476074,250000.0,53
2019-08-02,DAL-EXPD,-301.7975845336914,250000.0,53
2019-08-02,DAL-PPG,0.0,250000.0,53
2019-08-05,SNPS-TER,12762.730213165283,250000.0,53
2019-08-05,KMB-NOC,-2364.6032638549805,250000.0,53
2019-08-05,DAL-GS,-4101.76443862915,250000.0,53
2019-08-05,DAL-PPG,-3108.364101409912,250000.0,53
2019-08-05,DAL-ETN,0.0,250000.0,53
2019-08-06,SNPS-TER,16385.03728866577,250000.0,53
2019-08-06,KMB-NOC,-8531.849388122559,250000.0,53
2019-08-06,DAL-GS,-1942.4169464111328,250000.0,53
2019-08-07,SNPS-TER,20764.495193481445,250000.0,53
2019-08-07,KMB-NOC,-9837.865921020508,250000.0,53
2019-08-07,DAL-GS,-3630.9980278015137,250000.0,53
2019-08-08,SNPS-TER,17734.195461273193,250000.0,53
2019-08-08,DAL-GS,-4548.152118682861,250000.0,53
2019-08-09,SNPS-TER,17667.4022026062,250000.0,53
2019-08-09,DAL-GS,-3144.226188659668,250000.0,53
2019-08-12,SNPS-TER,14220.932029724121,250000.0,53
2019-08-13,SNPS-TER,12806.531536102295,250000.0,53
2019-08-14,SNPS-TER,16779.738452911377,250000.0,53
2019-08-14,ADM-DAL,0.0,250000.0,53
2019-08-15,SNPS-TER,14220.134868621826,250000.0,53
2019-08-15,ADM-DAL,-510.175724029541,250000.0,53
2019-08-16,SNPS-TER,12095.969444274902,250000.0,53
2019-08-16,ADM-DAL,2055.534267425537,250000.0,53
2019-08-19,SNPS-TER,12410.824836730957,250000.0,53
2019-08-19,ADM-DAL,2447.47615814209,250000.0,53
2019-08-20,SNPS-TER,12691.510047912598,250000.0,53
2019-08-20,ADM-DAL,981.9392967224121,250000.0,53
2019-08-21,SNPS-TER,13147.992874145508,250000.0,53
2019-08-21,ADM-DAL,1640.141544342041,250000.0,53
2019-08-22,SNPS-TER,20017.471035003662,250000.0,53
2019-08-22,ADM-DAL,1086.1211013793945,250000.0,53
2019-08-23,SNPS-TER,22866.62886428833,250000.0,53
2019-08-23,ADM-DAL,-5901.729984283447,250000.0,53
2019-08-23,DAL-PPG,0.0,250000.0,53
2019-08-26,SNPS-TER,22596.248794555664,250000.0,53
2019-08-26,ADM-DAL,-6083.725891113281,250000.0,53
2019-08-26,DAL-PPG,1327.3767395019531,250000.0,53
2019-08-27,SNPS-TER,24743.77708053589,250000.0,53
2019-08-27,ADM-DAL,-6149.786510467529,250000.0,53
2019-08-27,DAL-PPG,2153.795852661133,250000.0,53
2019-08-27,AMD-SJM,0.0,250000.0,53
2019-08-28,SNPS-TER,25585.985538482666,250000.0,53
2019-08-28,ADM-DAL,-4001.034278869629,250000.0,53
2019-08-28,AMD-SJM,3225.621141433716,250000.0,53
2019-08-29,SNPS-TER,26854.75450515747,250000.0,53
2019-08-29,ADM-DAL,1016.4471817016602,250000.0,53
2019-08-29,AMD-SJM,1345.5686416625977,250000.0,53
2019-08-30,SNPS-TER,26020.028663635254,250000.0,53
2019-08-30,ADM-DAL,481.57711029052734,250000.0,53
2019-08-30,AMD-SJM,6962.509986877441,250000.0,53
2019-07-10,MET-STE,0.0,250000.0,54
2019-07-11,MET-STE,283.66758728027344,250000.0,54
2019-07-22,IDXX-WMT,0.0,250000.0,54
2019-07-23,IDXX-WMT,-1505.7439727783203,250000.0,54
2019-07-23,MET-WMT,0.0,250000.0,54
2019-07-24,IDXX-WMT,-1070.4622650146484,250000.0,54
2019-07-24,MET-WMT,-1184.0717735290527,250000.0,54
2019-07-24,MPWR-ON,0.0,250000.0,54
2019-07-24,MET-TROW,0.0,250000.0,54
2019-07-25,IDXX-WMT,239.6328582763672,250000.0,54
2019-07-25,MET-WMT,290.0347900390625,250000.0,54
2019-07-25,MPWR-ON,455.0807342529297,250000.0,54
2019-07-25,MET-TROW,-1933.967861175537,250000.0,54
2019-07-26,IDXX-WMT,1842.300765991211,250000.0,54
2019-07-26,MET-WMT,-277.3394660949707,250000.0,54
2019-07-26,MPWR-ON,-92.32073974609375,250000.0,54
2019-07-26,MET-TROW,-3563.4655227661133,250000.0,54
2019-07-26,MET-SBUX,0.0,250000.0,54
2019-07-29,IDXX-WMT,-253.12783813476562,250000.0,54
2019-07-29,MET-WMT,1000.0047378540039,250000.0,54
2019-07-29,MPWR-ON,-2676.286163330078,250000.0,54
2019-07-29,MET-TROW,-4533.005237579346,250000.0,54
2019-07-29,MET-SBUX,-1150.855068206787,250000.0,54
2019-07-29,MET-STE,0.0,250000.0,54
2019-07-30,IDXX-WMT,-1228.0053100585938,250000.0,54
2019-07-30,MET-WMT,488.9244956970215,250000.0,54
2019-07-30,MPWR-ON,-2093.275177001953,250000.0,54
2019-07-30,MET-SBUX,2360.826316833496,250000.0,54
2019-07-30,MET-STE,1420.238380432129,250000.0,54
2019-07-31,IDXX-WMT,-3162.3577423095703,250000.0,54
2019-07-31,MET-WMT,-735.2953300476074,250000.0,54
2019-07-31,MPWR-ON,1936.5552673339844,250000.0,54
2019-07-31,MET-SBUX,3969.3003845214844,250000.0,54
2019-07-31,MET-STE,-864.2767105102539,250000.0,54
2019-07-31,BRO-HII,0.0,250000.0,54
2019-07-31,MET-SPGI,0.0,250000.0,54
2019-07-31,HIG-HII,0.0,250000.0,54
2019-08-01,IDXX-WMT,768.2016143798828,250000.0,54
2019-08-01,MET-WMT,1694.6875305175781,250000.0,54
2019-08-01,MET-SBUX,-3931.567897796631,250000.0,54
2019-08-01,MET-ZTS,0.0,250000.0,54
2019-08-01,HII-LMT,0.0,250000.0,54
2019-08-02,IDXX-WMT,629.1899719238281,250000.0,54
2019-08-02,MET-SBUX,-10137.67021560669,250000.0,54
2019-08-02,MET-ZTS,-6454.797157287598,250000.0,54
2019-08-02,HII-LMT,-9575.332946777344,250000.0,54
2019-08-02,BRO-HII,0.0,250000.0,54
2019-08-02,HIG-HII,0.0,250000.0,54
2019-08-02,MET-WTW,0.0,250000.0,54
2019-08-05,IDXX-WMT,-3440.988670349121,250000.0,54
2019-08-05,MET-ZTS,-4515.434051513672,250000.0,54
2019-08-05,BRO-HII,-3082.3553504943848,250000.0,54
2019-08-05,HIG-HII,-2933.5475425720215,250000.0,54
2019-08-05,MPWR-ON,0.0,250000.0,54
2019-08-06,BRO-HII,-998.6858215332031,250000.0,54
2019-08-06,HIG-HII,-479.61631774902344,250000.0,54
2019-08-06,MPWR-ON,-6931.277791976929,250000.0,54
2019-08-07,BRO-HII,-62.566768646240234,250000.0,54
2019-08-07,HIG-HII,27.20278549194336,250000.0,54
2019-08-07,MPWR-ON,-9807.14739227295,250000.0,54
2019-08-08,BRO-HII,3000.4175186157227,250000.0,54
2019-08-08,HIG-HII,3957.352794647217,250000.0,54
2019-08-08,MPWR-ON,-13350.529413223267,250000.0,54
2019-08-09,BRO-HII,-63.03402328491211,250000.0,54
2019-08-09,HIG-HII,877.221866607666,250000.0,54
2019-08-09,MPWR-ON,-20643.9518699646,250000.0,54
2019-08-12,BRO-HII,-4496.941761016846,250000.0,54
2019-08-12,HIG-HII,-4060.1494102478027,250000.0,54
2019-08-12,MPWR-ON,-18739.801601409912,250000.0,54
2019-08-13,BRO-HII,-5908.910778045654,250000.0,54
2019-08-13,HIG-HII,-6727.6288414001465,250000.0,54
2019-08-13,MPWR-ON,-13495.115762710571,250000.0,54
2019-08-14,BRO-HII,-5118.1210861206055,250000.0,54
2019-08-14,HIG-HII,-5911.1820640563965,250000.0,54
2019-08-14,MPWR-ON,-12566.297760009766,250000.0,54
2019-08-14,MET-WMT,0.0,250000.0,54
2019-08-15,BRO-HII,-2277.6398544311523,250000.0,54
2019-08-15,HIG-HII,-3799.855339050293,250000.0,54
2019-08-15,MPWR-ON,-17839.076206207275,250000.0,54
2019-08-16,HIG-HII,-1856.8853721618652,250000.0,54
2019-08-16,MPWR-ON,-17294.351358413696,250000.0,54
2019-08-19,MPWR-ON,-13748.090198516846,250000.0,54
2019-08-28,MET-TMO,0.0,250000.0,54
2019-08-29,MET-TMO,-6798.795936584473,250000.0,54
2019-09-03,MET-MGM,0.0,250000.0,54
2019-09-04,MET-MGM,1853.1425971984863,250000.0,54
2019-09-05,MET-MGM,1916.0437507629395,250000.0,54
2019-09-05,CTSH-NCLH,0.0,250000.0,54
2019-09-06,MET-MGM,3996.154754638672,250000.0,54
2019-09-06,CTSH-NCLH,635.7408561706543,250000.0,54
2019-09-09,CTSH-NCLH,-2896.083034515381,250000.0,54
2019-09-09,CTSH-EQT,0.0,250000.0,54
2019-09-09,HII-LMT,0.0,250000.0,54
2019-09-09,IDXX-WMT,0.0,250000.0,54
2019-09-10,CTSH-EQT,-3443.4860496520996,250000.0,54
2019-09-10,HII-LMT,151.23410034179688,250000.0,54
2019-09-10,IDXX-WMT,923.8229217529297,250000.0,54
2019-09-10,MET-VRSN,0.0,250000.0,54
2019-09-11,CTSH-EQT,-16906.060565948486,250000.0,54
2019-09-11,HII-LMT,-292.3693542480469,250000.0,54
2019-09-11,IDXX-WMT,3504.948287963867,250000.0,54
2019-09-11,MET-VRSN,-9436.4400100708,250000.0,54
2019-09-12,CTSH-EQT,-14042.853244781494,250000.0,54
2019-09-12,IDXX-WMT,1615.8079376220703,250000.0,54
2019-09-12,MET-VRSN,-8550.7991065979,250000.0,54
2019-09-13,CTSH-EQT,-9303.596046447754,250000.0,54
2019-09-13,IDXX-WMT,-3659.6609954833984,250000.0,54
2019-09-13,MET-VRSN,-13347.231010437012,250000.0,54
2019-09-16,CTSH-EQT,-7987.896858215332,250000.0,54
2019-09-16,IDXX-WMT,464.96405029296875,250000.0,54
2019-09-16,MET-VRSN,-9534.265846252441,250000.0,54
2019-09-17,CTSH-EQT,-13983.796787261963,250000.0,54
2019-09-17,IDXX-WMT,3103.4500732421875,250000.0,54
2019-09-17,MET-VRSN,-7031.391265869141,250000.0,54
2019-09-18,CTSH-EQT,-8045.341716766357,250000.0,54
2019-09-18,IDXX-WMT,2358.363983154297,250000.0,54
2019-09-18,MET-VRSN,-10108.44542312622,250000.0,54
2019-09-19,CTSH-EQT,7853.65270614624,250000.0,54
2019-09-19,IDXX-WMT,3259.6517639160156,250000.0,54
2019-09-19,MET-VRSN,-8631.14119720459,250000.0,54
2019-09-20,CTSH-EQT,15379.491245269775,250000.0,54
2019-09-20,IDXX-WMT,3823.7144622802734,250000.0,54
2019-09-20,MET-VRSN,-7713.010276794434,250000.0,54
2019-09-23,CTSH-EQT,18494.65281677246,250000.0,54
2019-09-23,IDXX-WMT,3661.6739349365234,250000.0,54
2019-09-23,MET-VRSN,-9802.558639526367,250000.0,54
2019-09-24,MET-VRSN,-12305.06925201416,250000.0,54
2019-09-24,MET-TMO,0.0,250000.0,54
2019-09-25,MET-TMO,-2603.346782684326,250000.0,54
2019-09-26,MET-TMO,2258.3075103759766,250000.0,54
2019-09-27,MET-TMO,1868.9948692321777,250000.0,54
2019-08-01,EVRG-SO,0.0,250000.0,55
2019-08-02,EVRG-SO,-479.78517150878906,250000.0,55
2019-08-02,PCAR-PWR,0.0,250000.0,55
2019-08-05,PCAR-PWR,4839.488178253174,250000.0,55
2019-08-06,PCAR-PWR,3489.8941650390625,250000.0,55
2019-08-07,PCAR-PWR,3079.946220397949,250000.0,55
2019-08-08,PCAR-PWR,4004.160015106201,250000.0,55
2019-08-08,C-ECHO,0.0,250000.0,55
2019-08-09,C-ECHO,-1733.815170288086,250000.0,55
2019-08-12,C-ECHO,9093.635837554932,250000.0,55
2019-08-13,C-ECHO,10673.094635009766,250000.0,55
2019-08-13,EVRG-SO,0.0,250000.0,55
2019-08-14,C-ECHO,9051.088855743408,250000.0,55
2019-08-14,EVRG-SO,-698.9107398986816,250000.0,55
2019-08-14,NKE-PSKY,0.0,250000.0,55
2019-08-15,C-ECHO,7054.2626304626465,250000.0,55
2019-08-15,EVRG-SO,-604.5671768188477,250000.0,55
2019-08-15,NKE-PSKY,-3190.66837310791,250000.0,55
2019-08-16,C-ECHO,1364.8966217041016,250000.0,55
2019-08-16,EVRG-SO,861.7444610595703,250000.0,55
2019-08-16,NKE-PSKY,-2741.955352783203,250000.0,55
2019-08-19,C-ECHO,3327.177745819092,250000.0,55
2019-08-19,EVRG-SO,192.10895919799805,250000.0,55
2019-08-19,NKE-PSKY,-2676.3191680908203,250000.0,55
2019-08-19,EL-WSM,0.0,250000.0,55
2019-08-20,C-ECHO,7540.939113616943,250000.0,55
2019-08-20,EVRG-SO,-171.57061386108398,250000.0,55
2019-08-20,NKE-PSKY,-1510.6311111450195,250000.0,55
2019-08-20,EL-WSM,-2660.409210205078,250000.0,55
2019-08-21,C-ECHO,10275.36315536499,250000.0,55
2019-08-21,EVRG-SO,-68.78669738769531,250000.0,55
2019-08-21,NKE-PSKY,-7789.929168701172,250000.0,55
2019-08-21,EL-WSM,-2849.38272857666,250000.0,55
2019-08-22,C-ECHO,9028.772037506104,250000.0,55
2019-08-22,EVRG-SO,2314.4885444641113,250000.0,55
2019-08-22,NKE-PSKY,-12738.14437866211,250000.0,55
2019-08-22,EL-WSM,10504.408603668213,250000.0,55
2019-08-23,C-ECHO,12399.086799621582,250000.0,55
2019-08-23,EVRG-SO,1571.00341796875,250000.0,55
2019-08-23,NKE-PSKY,-16553.432472229004,250000.0,55
2019-08-23,EL-WSM,17685.762725830078,250000.0,55
2019-08-26,EVRG-SO,1479.8169403076172,250000.0,55
2019-08-26,NKE-PSKY,-19461.476402282715,250000.0,55
2019-08-26,EL-WSM,11954.646404266357,250000.0,55
2019-08-27,EVRG-SO,-1561.8958129882812,250000.0,55
2019-08-27,EL-WSM,14920.690483093262,250000.0,55
2019-08-28,EVRG-SO,402.22723388671875,250000.0,55
2019-08-28,EL-WSM,12291.090698242188,250000.0,55
2019-08-29,EVRG-SO,213.28403854370117,250000.0,55
2019-08-29,EL-WSM,-8501.905242919922,250000.0,55
2019-08-30,EL-WSM,9309.195106506348,250000.0,55
2019-08-30,CL-ULTA,0.0,250000.0,55
2019-09-03,EVRG-SO,0.0,250000.0,55
2019-09-04,EVRG-SO,-582.9231224060059,250000.0,55
2019-09-05,EVRG-SO,-1455.6185035705566,250000.0,55
2019-09-05,GPN-RSG,0.0,250000.0,55
2019-09-05,CIEN-MU,0.0,250000.0,55
2019-09-05,CIEN-MPWR,0.0,250000.0,55
2019-09-06,GPN-RSG,530.6875228881836,250000.0,55
2019-09-06,CIEN-MU,-13.70574951171875,250000.0,55
2019-09-06,CIEN-MPWR,-170.4613037109375,250000.0,55
2019-09-09,GPN-RSG,-480.6558074951172,250000.0,55
2019-09-09,CIEN-MU,-2778.9859924316406,250000.0,55
2019-09-09,CIEN-MPWR,1597.3834533691406,250000.0,55
2019-09-10,GPN-RSG,-1528.7563705444336,250000.0,55
2019-09-10,CIEN-MU,-1739.4280090332031,250000.0,55
2019-09-10,CIEN-MPWR,5146.297874450684,250000.0,55
2019-09-11,GPN-RSG,-3944.54532623291,250000.0,55
2019-09-11,CIEN-MU,-4803.376007080078,250000.0,55
2019-09-11,CIEN-MPWR,-33.517295837402344,250000.0,55
2019-09-12,GPN-RSG,-3305.6825103759766,250000.0,55
2019-09-12,CIEN-MU,-7443.87451171875,250000.0,55
2019-09-12,CIEN-MPWR,-8635.1996383667,250000.0,55
2019-09-12,C-ECHO,0.0,250000.0,55
2019-09-13,GPN-RSG,-5138.845634460449,250000.0,55
2019-09-13,CIEN-MU,-6663.123397827148,250000.0,55
2019-09-13,CIEN-MPWR,-8042.797073364258,250000.0,55
2019-09-13,C-ECHO,7251.093452453613,250000.0,55
2019-09-16,GPN-RSG,-4819.867340087891,250000.0,55
2019-09-16,CIEN-MU,-372.5022735595703,250000.0,55
2019-09-16,CIEN-MPWR,-2055.8776931762695,250000.0,55
2019-09-16,C-ECHO,3140.3604125976562,250000.0,55
2019-09-17,GPN-RSG,-1188.293960571289,250000.0,55
2019-09-17,CIEN-MU,-6606.697784423828,250000.0,55
2019-09-17,CIEN-MPWR,-613.8442840576172,250000.0,55
2019-09-17,C-ECHO,2499.119659423828,250000.0,55
2019-09-18,GPN-RSG,-73.57603454589844,250000.0,55
2019-09-18,CIEN-MU,-5218.859420776367,250000.0,55
2019-09-18,CIEN-MPWR,-1714.2720336914062,250000.0,55
2019-09-18,C-ECHO,807.6919555664062,250000.0,55
2019-09-19,GPN-RSG,830.8268051147461,250000.0,55
2019-09-19,CIEN-MU,-2812.953643798828,250000.0,55
2019-09-19,CIEN-MPWR,625.4227981567383,250000.0,55
2019-09-19,C-ECHO,-52.477020263671875,250000.0,55
2019-09-20,CIEN-MPWR,2770.040885925293,250000.0,55
2019-09-20,C-ECHO,-410.09163665771484,250000.0,55
2019-09-23,C-ECHO,-858.7476654052734,250000.0,55
2019-09-24,C-ECHO,-4320.420639038086,250000.0,55
2019-09-25,C-ECHO,-2511.963638305664,250000.0,55
2019-09-26,C-ECHO,-2780.8750076293945,250000.0,55
2019-09-26,GOOG-GOOGL,0.0,250000.0,55
2019-09-27,C-ECHO,2249.280715942383,250000.0,55
2019-09-27,GOOG-GOOGL,45.07652282714844,250000.0,55
2019-09-27,CIEN-MU,0.0,250000.0,55
2019-09-30,C-ECHO,888.5868072509766,250000.0,55
2019-09-30,GOOG-GOOGL,-198.67616271972656,250000.0,55
2019-09-30,CIEN-MU,-1770.2531776428223,250000.0,55
2019-10-01,C-ECHO,2595.7020950317383,250000.0,55
2019-10-01,GOOG-GOOGL,82.39694213867188,250000.0,55
2019-10-01,CIEN-MU,2832.0731468200684,250000.0,55
2019-10-02,GOOG-GOOGL,68.51993560791016,250000.0,55
2019-10-02,CIEN-MU,100.00086212158203,250000.0,55
2019-10-02,CIEN-MPWR,0.0,250000.0,55
2019-10-03,GOOG-GOOGL,-19.290916442871094,250000.0,55
2019-10-03,CIEN-MU,6617.000629425049,250000.0,55
2019-10-03,CIEN-MPWR,1789.5933532714844,250000.0,55
2019-10-04,GOOG-GOOGL,-139.760009765625,250000.0,55
2019-10-04,C-ECHO,0.0,250000.0,55
2019-10-07,C-ECHO,-2024.68656539917,250000.0,55
2019-10-08,C-ECHO,-3557.264492034912,250000.0,55
2019-10-09,C-ECHO,-6490.217720031738,250000.0,55
2019-10-09,EVRG-SO,0.0,250000.0,55
2019-10-10,C-ECHO,-7132.465621948242,250000.0,55
2019-10-10,EVRG-SO,-964.6300163269043,250000.0,55
2019-10-11,EVRG-SO,2156.5664405822754,250000.0,55
2019-10-14,EVRG-SO,3999.319595336914,250000.0,55
2019-10-17,ARES-CPRT,0.0,250000.0,55
2019-10-18,ARES-CPRT,1446.138198852539,250000.0,55
2019-10-18,GPN-RSG,0.0,250000.0,55
2019-10-21,GPN-RSG,1736.3085327148438,250000.0,55
2019-10-22,PCAR-PWR,0.0,250000.0,55
2019-10-23,PCAR-PWR,8167.992500305176,250000.0,55
2019-10-24,PCAR-PWR,6990.148834228516,250000.0,55
2019-10-25,PCAR-PWR,1115.9093933105469,250000.0,55
2019-10-28,PCAR-PWR,2231.6509590148926,250000.0,55
2019-10-29,PCAR-PWR,1696.5930137634277,250000.0,55
2019-10-30,PCAR-PWR,6392.785415649414,250000.0,55
2019-10-31,PCAR-PWR,8702.500019073486,250000.0,55
2019-10-31,UBER-XYL,0.0,250000.0,55
2019-09-03,EFX-GNRC,0.0,250000.0,56
2019-09-04,EFX-GNRC,4499.715469360352,250000.0,56
2019-09-04,HWM-MDLZ,0.0,250000.0,56
2019-09-05,HWM-MDLZ,383.3357448577881,250000.0,56
2019-09-06,HWM-MDLZ,-1873.6688690185547,250000.0,56
2019-09-06,DRI-LULU,0.0,250000.0,56
2019-09-09,HWM-MDLZ,-2.842611312866211,250000.0,56
2019-09-16,CAT-COP,0.0,250000.0,56
2019-09-17,CAT-COP,3801.5261192321777,250000.0,56
2019-09-18,CAT-COP,7027.388214111328,250000.0,56
2019-09-19,CAT-COP,5795.4533042907715,250000.0,56
2019-09-20,CAT-COP,-474.235897064209,250000.0,56
2019-09-23,CAT-COP,2465.300811767578,250000.0,56
2019-09-24,CAT-COP,2423.350513458252,250000.0,56
2019-09-25,CAT-COP,2612.0168495178223,250000.0,56
2019-09-26,CAT-COP,9485.95133972168,250000.0,56
2019-09-26,GOOG-GOOGL,0.0,250000.0,56
2019-09-27,CAT-COP,8899.445182800293,250000.0,56
2019-09-27,GOOG-GOOGL,45.07652282714844,250000.0,56
2019-09-30,CAT-COP,12167.254302978516,250000.0,56
2019-09-30,GOOG-GOOGL,-198.67616271972656,250000.0,56
2019-10-01,GOOG-GOOGL,82.39694213867188,250000.0,56
2019-10-01,EFX-KO,0.0,250000.0,56
2019-10-01,IT-RJF,0.0,250000.0,56
2019-10-02,GOOG-GOOGL,68.51993560791016,250000.0,56
2019-10-02,EFX-KO,2536.528030395508,250000.0,56
2019-10-02,IT-RJF,-2597.1756286621094,250000.0,56
2019-10-02,EFX-GNRC,0.0,250000.0,56
2019-10-03,GOOG-GOOGL,-19.290916442871094,250000.0,56
2019-10-03,EFX-KO,1569.6982650756836,250000.0,56
2019-10-03,IT-RJF,-5442.664108276367,250000.0,56
2019-10-03,EFX-GNRC,4629.7183837890625,250000.0,56
2019-10-04,GOOG-GOOGL,-139.760009765625,250000.0,56
2019-10-04,EFX-KO,225.66669464111328,250000.0,56
2019-10-04,IT-RJF,-3806.0230560302734,250000.0,56
2019-10-07,IT-RJF,-4964.598983764648,250000.0,56
2019-10-08,IT-RJF,-9166.708084106445,250000.0,56
2019-10-09,IT-RJF,-6309.649383544922,250000.0,56
2019-10-09,BSX-FDS,0.0,250000.0,56
2019-10-10,IT-RJF,-4577.035583496094,250000.0,56
2019-10-10,BSX-FDS,-3974.2884635925293,250000.0,56
2019-10-10,DRI-LULU,0.0,250000.0,56
2019-10-11,IT-RJF,1291.3679656982422,250000.0,56
2019-10-11,BSX-FDS,-6619.792064666748,250000.0,56
2019-10-11,DRI-LULU,-3095.1448974609375,250000.0,56
2019-10-11,EFX-KO,0.0,250000.0,56
2019-10-11,PH-USB,0.0,250000.0,56
2019-10-14,IT-RJF,2839.530807495117,250000.0,56
2019-10-14,BSX-FDS,-6714.548629760742,250000.0,56
2019-10-14,EFX-KO,755.0398712158203,250000.0,56
2019-10-14,PH-USB,104.58868408203125,250000.0,56
2019-10-15,BSX-FDS,-6295.188423156738,250000.0,56
2019-10-15,EFX-KO,-311.39215087890625,250000.0,56
2019-10-15,PH-USB,541.1711654663086,250000.0,56
2019-10-16,BSX-FDS,-10677.958717346191,250000.0,56
2019-10-16,EFX-KO,-681.9958953857422,250000.0,56
2019-10-17,BSX-FDS,-13656.745239257812,250000.0,56
2019-10-17,EFX-KO,-1187.817611694336,250000.0,56
2019-10-18,BSX-FDS,-9911.097518920898,250000.0,56
2019-10-21,BSX-FDS,-9206.6294631958,250000.0,56
2019-10-22,BSX-FDS,-12430.308265686035,250000.0,56
2019-10-22,CBRE-FOX,0.0,250000.0,56
2019-10-22,ORCL-XOM,0.0,250000.0,56
2019-10-23,BSX-FDS,-4441.963497161865,250000.0,56
2019-10-23,CBRE-FOX,3025.021797180176,250000.0,56
2019-10-23,ORCL-XOM,-2325.677661895752,250000.0,56
2019-10-23,PNR-SWKS,0.0,250000.0,56
2019-10-24,ORCL-XOM,466.54261779785156,250000.0,56
2019-10-24,PNR-SWKS,57.842079162597656,250000.0,56
2019-10-25,ORCL-XOM,-392.23299407958984,250000.0,56
2019-10-25,PNR-SWKS,4034.00919342041,250000.0,56
2019-10-28,ORCL-XOM,3276.665874481201,250000.0,56
2019-10-28,PNR-SWKS,5980.634994506836,250000.0,56
2019-10-29,PNR-SWKS,2679.054485321045,250000.0,56
2019-10-30,PNR-SWKS,2088.9431762695312,250000.0,56
2019-10-31,PNR-SWKS,4954.5683670043945,250000.0,56
2019-10-31,IT-RJF,0.0,250000.0,56
2019-11-01,IT-RJF,3950.9336547851562,250000.0,56
2019-11-07,CBRE-FOX,0.0,250000.0,56
2019-11-07,CBRE-FOXA,0.0,250000.0,56
2019-11-08,CBRE-FOX,-93.87459564208984,250000.0,56
2019-11-08,CBRE-FOXA,-135.00399589538574,250000.0,56
2019-11-11,CBRE-FOX,2283.4781799316406,250000.0,56
2019-11-11,CBRE-FOXA,1835.4402332305908,250000.0,56
2019-11-12,CBRE-FOX,4931.912986755371,250000.0,56
2019-11-12,CBRE-FOXA,5083.055320739746,250000.0,56
2019-11-13,CBRE-FOX,6746.187782287598,250000.0,56
2019-11-13,CBRE-FOXA,6759.395761489868,250000.0,56
2019-11-14,CBRE-FOX,9186.044464111328,250000.0,56
2019-11-14,CBRE-FOXA,8707.05134010315,250000.0,56
2019-11-18,CPAY-SYY,0.0,250000.0,56
2019-11-19,CPAY-SYY,-3519.953842163086,250000.0,56
2019-11-20,CPAY-SYY,-4372.080001831055,250000.0,56
2019-11-20,CAT-COP,0.0,250000.0,56
2019-11-21,CPAY-SYY,-2471.4678955078125,250000.0,56
2019-11-21,CAT-COP,-1968.5142669677734,250000.0,56
2019-11-22,CPAY-SYY,-2907.9911041259766,250000.0,56
2019-11-22,CAT-COP,-207.72116088867188,250000.0,56
2019-11-25,CPAY-SYY,-3401.1927947998047,250000.0,56
2019-11-25,CAT-COP,-2826.5374755859375,250000.0,56
2019-11-26,CAT-COP,843.1448669433594,250000.0,56
2019-11-27,CAT-COP,-475.70489501953125,250000.0,56
2019-11-29,CAT-COP,368.1970520019531,250000.0,56
2019-10-02,ANET-UAL,0.0,250000.0,57
2019-10-02,GDDY-UAL,0.0,250000.0,57
2019-10-02,GDDY-XOM,0.0,250000.0,57
2019-10-03,ANET-UAL,559.6483030319214,250000.0,57
2019-10-03,GDDY-UAL,-2067.1398849487305,250000.0,57
2019-10-03,GDDY-XOM,1524.8740844726562,250000.0,57
2019-10-04,ANET-UAL,1683.0679445266724,250000.0,57
2019-10-04,GDDY-UAL,120.33102416992188,250000.0,57
2019-10-04,GDDY-XOM,3555.4200553894043,250000.0,57
2019-10-07,ANET-UAL,2278.173497200012,250000.0,57
2019-10-07,GDDY-UAL,1914.4682922363281,250000.0,57
2019-10-07,GDDY-XOM,252.53568649291992,250000.0,57
2019-10-08,ANET-UAL,2636.8886823654175,250000.0,57
2019-10-08,GDDY-UAL,4005.06014251709,250000.0,57
2019-10-08,GDDY-XOM,285.5871391296387,250000.0,57
2019-10-09,GDDY-XOM,2950.6380348205566,250000.0,57
2019-10-10,GDDY-NUE,0.0,250000.0,57
2019-10-10,GDDY-GILD,0.0,250000.0,57
2019-10-11,GDDY-GILD,-798.4159278869629,250000.0,57
2019-10-14,GDDY-GILD,-2341.81640625,250000.0,57
2019-10-15,GDDY-GILD,-3808.024612426758,250000.0,57
2019-10-15,GDDY-SW,0.0,250000.0,57
2019-10-15,CIEN-ELV,0.0,250000.0,57
2019-10-16,GDDY-GILD,-3023.069496154785,250000.0,57
2019-10-16,GDDY-SW,915.4194259643555,250000.0,57
2019-10-16,CIEN-ELV,280.7479705810547,250000.0,57
2019-10-17,GDDY-GILD,-2171.9977684020996,250000.0,57
2019-10-17,GDDY-SW,10642.023044586182,250000.0,57
2019-10-17,CIEN-ELV,3257.9158630371094,250000.0,57
2019-10-18,GDDY-GILD,-2347.618885040283,250000.0,57
2019-10-18,GDDY-SW,9300.248210906982,250000.0,57
2019-10-18,CIEN-ELV,6506.614166259766,250000.0,57
2019-10-21,GDDY-GILD,-4784.950695037842,250000.0,57
2019-10-21,GDDY-SW,-626.6899814605713,250000.0,57
2019-10-21,CIEN-ELV,2057.8105697631836,250000.0,57
2019-10-22,GDDY-SW,-288.10940742492676,250000.0,57
2019-10-22,CIEN-ELV,-8293.893005371094,250000.0,57
2019-10-23,GDDY-SW,200.94982719421387,250000.0,57
2019-10-23,CIEN-ELV,-13775.71762084961,250000.0,57
2019-10-23,BLDR-NKE,0.0,250000.0,57
2019-10-24,GDDY-SW,2232.433271408081,250000.0,57
2019-10-24,CIEN-ELV,-16878.737922668457,250000.0,57
2019-10-24,BLDR-NKE,-2017.146183013916,250000.0,57
2019-10-25,GDDY-SW,-473.3189334869385,250000.0,57
2019-10-25,CIEN-ELV,-17413.122871398926,250000.0,57
2019-10-25,BLDR-NKE,-4147.017715454102,250000.0,57
2019-10-25,GDDY-GILD,0.0,250000.0,57
2019-10-28,GDDY-SW,-2810.3282051086426,250000.0,57
2019-10-28,BLDR-NKE,-4133.184909820557,250000.0,57
2019-10-28,GDDY-GILD,1351.2340469360352,250000.0,57
2019-10-29,GDDY-SW,-4076.8708839416504,250000.0,57
2019-10-29,BLDR-NKE,-8460.862487792969,250000.0,57
2019-10-29,GDDY-GILD,1473.041519165039,250000.0,57
2019-10-30,BLDR-NKE,-4700.199077606201,250000.0,57
2019-10-30,GDDY-GILD,-598.2515258789062,250000.0,57
2019-10-30,GDDY-YUM,0.0,250000.0,57
2019-10-31,BLDR-NKE,-7068.800533294678,250000.0,57
2019-10-31,GDDY-GILD,1989.1439590454102,250000.0,57
2019-10-31,GDDY-YUM,-4126.284973144531,250000.0,57
2019-11-01,GDDY-GILD,5350.7998123168945,250000.0,57
2019-11-01,GDDY-YUM,-8920.546501159668,250000.0,57
2019-11-01,ANET-UAL,0.0,250000.0,57
2019-11-01,BLDR-JBL,0.0,250000.0,57
2019-11-04,ANET-UAL,1590.8915634155273,250000.0,57
2019-11-04,GDDY-SW,0.0,250000.0,57
2019-11-05,ANET-UAL,-1905.0359115600586,250000.0,57
2019-11-05,GDDY-SW,-3738.5951042175293,250000.0,57
2019-11-05,GDDY-UAL,0.0,250000.0,57
2019-11-05,GDDY-IVZ,0.0,250000.0,57
2019-11-05,GDDY-XOM,0.0,250000.0,57
2019-11-05,GDDY-NSC,0.0,250000.0,57
2019-11-06,ANET-UAL,-1507.537124633789,250000.0,57
2019-11-06,GDDY-SW,-2622.5961685180664,250000.0,57
2019-11-06,GDDY-UAL,975.1357078552246,250000.0,57
2019-11-06,GDDY-IVZ,5493.3747482299805,250000.0,57
2019-11-06,GDDY-XOM,7288.133811950684,250000.0,57
2019-11-06,GDDY-NSC,3257.354652404785,250000.0,57
2019-11-07,ANET-UAL,-337.9245300292969,250000.0,57
2019-11-07,GDDY-RVTY,0.0,250000.0,57
2019-11-08,ANET-UAL,-462.43897247314453,250000.0,57
2019-11-08,GDDY-RVTY,12260.332397460938,250000.0,57
2019-11-11,ANET-UAL,-1578.340461730957,250000.0,57
2019-11-11,GDDY-RVTY,12834.556800842285,250000.0,57
2019-11-12,ANET-UAL,2323.124725341797,250000.0,57
2019-11-13,ANET-UAL,1134.2886199951172,250000.0,57
2019-11-14,ANET-UAL,807.1899948120117,250000.0,57
2019-11-26,GDDY-YUM,0.0,250000.0,57
2019-11-27,GDDY-RVTY,0.0,250000.0,57
2019-11-29,GDDY-RVTY,1166.1633529663086,250000.0,57
2019-12-02,GDDY-RVTY,1255.9661254882812,250000.0,57
2019-12-03,GDDY-RVTY,3744.1522827148438,250000.0,57
2019-12-04,GDDY-RVTY,3823.4284744262695,250000.0,57
2019-12-05,GDDY-RVTY,4638.654640197754,250000.0,57
2019-12-06,GDDY-RVTY,337.72188568115234,250000.0,57
2019-12-06,BLDR-NKE,0.0,250000.0,57
2019-12-09,GDDY-RVTY,221.748291015625,250000.0,57
2019-12-09,BLDR-NKE,2314.0480213165283,250000.0,57
2019-12-10,GDDY-RVTY,-3693.548698425293,250000.0,57
2019-12-10,BLDR-NKE,1265.1878490447998,250000.0,57
2019-12-11,GDDY-RVTY,-3196.7799911499023,250000.0,57
2019-12-11,BLDR-NKE,1699.334035873413,250000.0,57
2019-12-11,MSFT-O,0.0,250000.0,57
2019-12-12,BLDR-NKE,-1855.111213684082,250000.0,57
2019-12-12,CINF-O,0.0,250000.0,57
2019-12-13,BLDR-NKE,-1774.666805267334,250000.0,57
2019-12-13,CINF-O,-1519.1539306640625,250000.0,57
2019-12-16,BLDR-NKE,-4558.883527755737,250000.0,57
2019-12-16,CINF-O,97.59398651123047,250000.0,57
2019-12-17,BLDR-NKE,-5990.548458099365,250000.0,57
2019-12-17,CINF-O,-4269.802444458008,250000.0,57
2019-12-17,BLDR-JBL,0.0,250000.0,57
2019-12-17,BLDR-LEN,0.0,250000.0,57
2019-12-18,CINF-O,-1994.5430068969727,250000.0,57
2019-12-18,BLDR-JBL,8715.763589859009,250000.0,57
2019-12-18,BLDR-LEN,-2766.8564472198486,250000.0,57
2019-12-19,CINF-O,-559.164436340332,250000.0,57
2019-12-19,BLDR-JBL,1400.9732627868652,250000.0,57
2019-12-20,CINF-O,-819.2652587890625,250000.0,57
2019-12-20,BLDR-JBL,5370.388660430908,250000.0,57
2019-12-23,CINF-O,-1650.1620330810547,250000.0,57
2019-12-23,BLDR-JBL,4136.183660507202,250000.0,57
2019-12-24,CINF-O,-506.5354232788086,250000.0,57
2019-12-24,BLDR-JBL,10511.11823272705,250000.0,57
2019-12-26,CINF-O,876.442512512207,250000.0,57
2019-12-26,BLDR-JBL,9394.035743713379,250000.0,57
2019-12-27,CINF-O,1955.4751434326172,250000.0,57
2019-12-30,CINF-O,1458.6484832763672,250000.0,57
2019-12-31,CINF-O,2889.779670715332,250000.0,57
