date,pair,mark_pnl,target_notional,fold_id
2015-01-05,CVX-SLB,0.0,250000.0,0
2015-01-05,GD-UNP,0.0,250000.0,0
2015-01-05,A-ALGN,0.0,250000.0,0
2015-01-06,A-ALGN,-8106.861740112305,250000.0,0
2015-01-06,BKR-DVN,0.0,250000.0,0
2015-01-06,LIN-MOS,0.0,250000.0,0
2015-01-07,BKR-DVN,-3963.102970123291,250000.0,0
2015-01-07,LIN-MOS,2100.48530960083,250000.0,0
2015-01-07,DD-MLM,0.0,250000.0,0
2015-01-08,BKR-DVN,3005.7761878967285,250000.0,0
2015-01-08,LIN-MOS,4214.489162445068,250000.0,0
2015-01-08,DD-MLM,-3629.75724029541,250000.0,0
2015-01-08,IVZ-PFG,0.0,250000.0,0
2015-01-09,LIN-MOS,2022.050926208496,250000.0,0
2015-01-09,DD-MLM,923.5180130004883,250000.0,0
2015-01-09,IVZ-PFG,-746.5495014190674,250000.0,0
2015-01-09,ABBV-MDT,0.0,250000.0,0
2015-01-09,PFE-WAT,0.0,250000.0,0
2015-01-12,LIN-MOS,-857.034294128418,250000.0,0
2015-01-12,DD-MLM,-1233.3483581542969,250000.0,0
2015-01-12,ABBV-MDT,-292.0157699584961,250000.0,0
2015-01-12,PFE-WAT,-1332.7067375183105,250000.0,0
2015-01-12,AME-LHX,0.0,250000.0,0
2015-01-13,LIN-MOS,2013.6266784667969,250000.0,0
2015-01-13,DD-MLM,-1111.6183624267578,250000.0,0
2015-01-13,ABBV-MDT,-28.633563995361328,250000.0,0
2015-01-13,PFE-WAT,1034.4028816223145,250000.0,0
2015-01-13,AME-LHX,1632.9730606079102,250000.0,0
2015-01-14,LIN-MOS,-482.30821228027344,250000.0,0
2015-01-14,DD-MLM,2740.451873779297,250000.0,0
2015-01-14,PFE-WAT,-2841.835214614868,250000.0,0
2015-01-14,AME-LHX,-1716.9653511047363,250000.0,0
2015-01-14,D-FE,0.0,250000.0,0
2015-01-15,LIN-MOS,-390.9747123718262,250000.0,0
2015-01-15,AME-LHX,-1894.4619750976562,250000.0,0
2015-01-15,D-FE,244.8598175048828,250000.0,0
2015-01-15,HPQ-MPWR,0.0,250000.0,0
2015-01-15,QCOM-TYL,0.0,250000.0,0
2015-01-16,LIN-MOS,-5759.345287322998,250000.0,0
2015-01-16,AME-LHX,-1835.7472839355469,250000.0,0
2015-01-16,D-FE,-3843.662757873535,250000.0,0
2015-01-16,HPQ-MPWR,-4237.021041870117,250000.0,0
2015-01-20,AME-LHX,-2345.714324951172,250000.0,0
2015-01-20,D-FE,-1854.1879844665527,250000.0,0
2015-01-20,HPQ-MPWR,-982.0607681274414,250000.0,0
2015-01-21,AME-LHX,-718.1756553649902,250000.0,0
2015-01-21,D-FE,-694.5627460479736,250000.0,0
2015-01-21,HPQ-MPWR,-370.13021087646484,250000.0,0
2015-01-22,D-FE,-61.85641670227051,250000.0,0
2015-01-22,ABBV-MDT,0.0,250000.0,0
2015-01-22,HUBB-PAYX,0.0,250000.0,0
2015-01-23,D-FE,-913.970890045166,250000.0,0
2015-01-23,ABBV-MDT,-6602.242980957031,250000.0,0
2015-01-23,HUBB-PAYX,-506.68930435180664,250000.0,0
2015-01-26,D-FE,-2260.436834335327,250000.0,0
2015-01-26,ABBV-MDT,-837.182544708252,250000.0,0
2015-01-26,HUBB-PAYX,-104.30903244018555,250000.0,0
2015-01-27,D-FE,-686.1555652618408,250000.0,0
2015-01-27,ABBV-MDT,1106.9517822265625,250000.0,0
2015-01-27,HPQ-MPWR,0.0,250000.0,0
2015-01-28,D-FE,-2375.1224327087402,250000.0,0
2015-01-28,ABBV-MDT,3291.892765045166,250000.0,0
2015-01-28,HPQ-MPWR,-2283.976573944092,250000.0,0
2015-01-29,HPQ-MPWR,-2777.8003158569336,250000.0,0
2015-01-29,IVZ-PFG,0.0,250000.0,0
2015-01-30,HPQ-MPWR,-9247.193565368652,250000.0,0
2015-01-30,IVZ-PFG,-278.2138023376465,250000.0,0
2015-01-30,A-ALGN,0.0,250000.0,0
2015-02-02,HPQ-MPWR,-6029.293173789978,250000.0,0
2015-02-02,IVZ-PFG,1242.7819004058838,250000.0,0
2015-02-02,A-ALGN,4023.8729553222656,250000.0,0
2015-02-03,HPQ-MPWR,-688.4374074935913,250000.0,0
2015-02-03,IVZ-PFG,-618.2258148193359,250000.0,0
2015-02-03,A-ALGN,-4410.234344482422,250000.0,0
2015-02-03,D-FE,0.0,250000.0,0
2015-02-04,HPQ-MPWR,4244.787336349487,250000.0,0
2015-02-04,IVZ-PFG,-1858.7589569091797,250000.0,0
2015-02-04,A-ALGN,-2867.6375732421875,250000.0,0
2015-02-05,HPQ-MPWR,6085.942397117615,250000.0,0
2015-02-05,IVZ-PFG,-1939.5713653564453,250000.0,0
2015-02-05,A-ALGN,-2314.3164978027344,250000.0,0
2015-02-06,HPQ-MPWR,2524.5603704452515,250000.0,0
2015-02-06,IVZ-PFG,2242.764181137085,250000.0,0
2015-02-06,A-ALGN,-2815.9584350585938,250000.0,0
2015-02-06,AME-LHX,0.0,250000.0,0
2015-02-09,HPQ-MPWR,4276.565185546875,250000.0,0
2015-02-09,IVZ-PFG,971.1286640167236,250000.0,0
2015-02-09,A-ALGN,982.503662109375,250000.0,0
2015-02-09,AME-LHX,3023.037757873535,250000.0,0
2015-02-10,HPQ-MPWR,-2648.9292612075806,250000.0,0
2015-02-10,IVZ-PFG,-243.9935531616211,250000.0,0
2015-02-10,A-ALGN,257.66265869140625,250000.0,0
2015-02-10,AME-LHX,2582.848388671875,250000.0,0
2015-02-10,DD-MLM,0.0,250000.0,0
2015-02-11,IVZ-PFG,1679.9509048461914,250000.0,0
2015-02-11,A-ALGN,2762.3511352539062,250000.0,0
2015-02-11,AME-LHX,198.70355987548828,250000.0,0
2015-02-11,DD-MLM,-7290.072158813477,250000.0,0
2015-02-12,A-ALGN,5038.130432128906,250000.0,0
2015-02-12,AME-LHX,1503.5276374816895,250000.0,0
2015-02-12,DD-MLM,-5561.929214477539,250000.0,0
2015-02-13,A-ALGN,2586.419158935547,250000.0,0
2015-02-13,AME-LHX,4294.756694793701,250000.0,0
2015-02-13,DD-MLM,-9847.206436157227,250000.0,0
2015-02-17,A-ALGN,3608.08837890625,250000.0,0
2015-02-17,AME-LHX,3483.958122253418,250000.0,0
2015-02-17,DD-MLM,-6356.561965942383,250000.0,0
2015-02-18,AME-LHX,1742.7393493652344,250000.0,0
2015-02-18,DD-MLM,-9487.52572631836,250000.0,0
2015-02-18,D-FE,0.0,250000.0,0
2015-02-18,BKR-DVN,0.0,250000.0,0
2015-02-19,AME-LHX,264.0086135864258,250000.0,0
2015-02-19,DD-MLM,-8228.067855834961,250000.0,0
2015-02-19,D-FE,4014.194751739502,250000.0,0
2015-02-19,BKR-DVN,2163.5985260009766,250000.0,0
2015-02-20,AME-LHX,3387.459270477295,250000.0,0
2015-02-20,DD-MLM,-5773.67546081543,250000.0,0
2015-02-20,D-FE,659.8617496490479,250000.0,0
2015-02-20,BKR-DVN,1440.6695098876953,250000.0,0
2015-02-23,AME-LHX,8456.440483093262,250000.0,0
2015-02-23,DD-MLM,-6319.701644897461,250000.0,0
2015-02-23,D-FE,-745.1074275970459,250000.0,0
2015-02-23,BKR-DVN,3106.052215576172,250000.0,0
2015-02-24,AME-LHX,7805.841445922852,250000.0,0
2015-02-24,DD-MLM,-4464.237808227539,250000.0,0
2015-02-24,D-FE,1929.7412567138672,250000.0,0
2015-02-25,AME-LHX,10811.44563293457,250000.0,0
2015-02-25,D-FE,2968.780511856079,250000.0,0
2015-02-25,HPQ-MPWR,0.0,250000.0,0
2015-02-26,D-FE,4081.1552448272705,250000.0,0
2015-02-26,HPQ-MPWR,-7762.358957290649,250000.0,0
2015-02-27,D-FE,-791.3297138214111,250000.0,0
2015-02-27,HPQ-MPWR,1691.2930240631104,250000.0,0
2015-03-02,D-FE,891.8584308624268,250000.0,0
2015-03-02,HPQ-MPWR,-4334.401259422302,250000.0,0
2015-03-03,D-FE,-995.8902168273926,250000.0,0
2015-03-03,HPQ-MPWR,-4777.935450553894,250000.0,0
2015-03-03,LIN-MOS,0.0,250000.0,0
2015-03-04,D-FE,-28.102373123168945,250000.0,0
2015-03-04,HPQ-MPWR,-6403.60946559906,250000.0,0
2015-03-04,LIN-MOS,-2914.0874786376953,250000.0,0
2015-03-05,D-FE,937.5925407409668,250000.0,0
2015-03-05,HPQ-MPWR,-6007.9582986831665,250000.0,0
2015-03-05,PFE-WAT,0.0,250000.0,0
2015-03-06,D-FE,2277.2664470672607,250000.0,0
2015-03-06,HPQ-MPWR,-9111.967297554016,250000.0,0
2015-03-09,D-FE,2659.971462249756,250000.0,0
2015-03-10,D-FE,5522.0881690979,250000.0,0
2015-03-11,D-FE,5791.266490936279,250000.0,0
2015-03-23,GD-UNP,0.0,250000.0,0
2015-03-24,GD-UNP,23.837867736816406,250000.0,0
2015-03-25,GD-UNP,-2404.096809387207,250000.0,0
2015-03-25,D-FE,0.0,250000.0,0
2015-03-26,D-FE,26.19178009033203,250000.0,0
2015-03-26,AME-LHX,0.0,250000.0,0
2015-03-27,D-FE,-610.0177001953125,250000.0,0
2015-02-06,IQV-MCK,0.0,250000.0,1
2015-02-09,IQV-MCK,286.32421112060547,250000.0,1
2015-02-10,IQV-MCK,-1018.0908355712891,250000.0,1
2015-02-11,IQV-MCK,-229.39553833007812,250000.0,1
2015-02-11,TROW-WTW,0.0,250000.0,1
2015-02-11,AKAM-JBL,0.0,250000.0,1
2015-02-12,TROW-WTW,-2176.6159057617188,250000.0,1
2015-02-12,IVZ-PFG,0.0,250000.0,1
2015-02-12,ADBE-AKAM,0.0,250000.0,1
2015-02-13,TROW-WTW,1103.661865234375,250000.0,1
2015-02-13,IVZ-PFG,-2759.1776790618896,250000.0,1
2015-02-13,ADBE-AKAM,1279.2559127807617,250000.0,1
2015-02-17,TROW-WTW,1954.6582641601562,250000.0,1
2015-02-17,IVZ-PFG,-2428.419198989868,250000.0,1
2015-02-17,ADBE-AKAM,-2778.4131088256836,250000.0,1
2015-02-18,TROW-WTW,1044.6619567871094,250000.0,1
2015-02-18,IVZ-PFG,-2057.7162494659424,250000.0,1
2015-02-18,ADBE-AKAM,-756.1362991333008,250000.0,1
2015-02-18,BKR-DVN,0.0,250000.0,1
2015-02-19,TROW-WTW,2825.104034423828,250000.0,1
2015-02-19,IVZ-PFG,-3231.86798286438,250000.0,1
2015-02-19,ADBE-AKAM,-5452.583885192871,250000.0,1
2015-02-19,BKR-DVN,2163.5985260009766,250000.0,1
2015-02-20,TROW-WTW,4120.979644775391,250000.0,1
2015-02-20,IVZ-PFG,-1263.0583992004395,250000.0,1
2015-02-20,ADBE-AKAM,-3264.5039672851562,250000.0,1
2015-02-20,BKR-DVN,1440.6695098876953,250000.0,1
2015-02-23,TROW-WTW,3061.806884765625,250000.0,1
2015-02-23,IVZ-PFG,1029.857946395874,250000.0,1
2015-02-23,ADBE-AKAM,516.1906356811523,250000.0,1
2015-02-23,BKR-DVN,3106.052215576172,250000.0,1
2015-02-24,TROW-WTW,5404.92041015625,250000.0,1
2015-02-24,IVZ-PFG,559.1184196472168,250000.0,1
2015-02-24,ADBE-AKAM,-274.4420394897461,250000.0,1
2015-02-25,TROW-WTW,4775.512451171875,250000.0,1
2015-02-25,IVZ-PFG,555.5639019012451,250000.0,1
2015-02-25,ADBE-AKAM,3349.447608947754,250000.0,1
2015-02-26,TROW-WTW,4659.446105957031,250000.0,1
2015-02-26,IVZ-PFG,2464.8729343414307,250000.0,1
2015-02-26,ADBE-AKAM,5558.373558044434,250000.0,1
2015-02-27,TROW-WTW,2038.8704528808594,250000.0,1
2015-02-27,ADBE-AKAM,6154.7148361206055,250000.0,1
2015-03-02,TROW-WTW,1904.7671813964844,250000.0,1
2015-03-02,ADBE-AKAM,2191.890068054199,250000.0,1
2015-03-02,NXPI-SMCI,0.0,250000.0,1
2015-03-03,TROW-WTW,865.8373107910156,250000.0,1
2015-03-03,ADBE-AKAM,4537.128684997559,250000.0,1
2015-03-03,NXPI-SMCI,-1032.2964725494385,250000.0,1
2015-03-04,TROW-WTW,2777.8550415039062,250000.0,1
2015-03-04,NXPI-SMCI,-6512.36691570282,250000.0,1
2015-03-05,TROW-WTW,2740.7543334960938,250000.0,1
2015-03-05,NXPI-SMCI,-3658.8634815216064,250000.0,1
2015-03-06,TROW-WTW,3569.4459228515625,250000.0,1
2015-03-06,NXPI-SMCI,-10829.59293270111,250000.0,1
2015-03-09,TROW-WTW,3243.207489013672,250000.0,1
2015-03-09,NXPI-SMCI,-11791.083895683289,250000.0,1
2015-03-10,TROW-WTW,1756.4513244628906,250000.0,1
2015-03-10,NXPI-SMCI,-14875.770328521729,250000.0,1
2015-03-10,ABT-MCK,0.0,250000.0,1
2015-03-10,AKAM-JBL,0.0,250000.0,1
2015-03-11,NXPI-SMCI,-8956.960516929626,250000.0,1
2015-03-11,ABT-MCK,676.4476318359375,250000.0,1
2015-03-11,AKAM-JBL,657.4711608886719,250000.0,1
2015-03-12,NXPI-SMCI,-16060.115676879883,250000.0,1
2015-03-12,AKAM-JBL,1977.3645782470703,250000.0,1
2015-03-16,SNA-UNP,0.0,250000.0,1
2015-03-17,SNA-UNP,507.03914642333984,250000.0,1
2015-03-17,AKAM-JBL,0.0,250000.0,1
2015-03-18,SNA-UNP,-1147.687271118164,250000.0,1
2015-03-18,AKAM-JBL,1012.878116607666,250000.0,1
2015-03-19,SNA-UNP,-1680.594497680664,250000.0,1
2015-03-19,AKAM-JBL,-6894.297264099121,250000.0,1
2015-03-20,SNA-UNP,-1911.4091720581055,250000.0,1
2015-03-30,VTRS-WAT,0.0,250000.0,1
2015-03-31,VTRS-WAT,209.10282135009766,250000.0,1
2015-04-01,VTRS-WAT,-327.1805953979492,250000.0,1
2015-04-01,IQV-MCK,0.0,250000.0,1
2015-04-02,VTRS-WAT,-1533.399154663086,250000.0,1
2015-04-06,VTRS-WAT,-3790.707130432129,250000.0,1
2015-04-07,VTRS-WAT,-681.9905090332031,250000.0,1
2015-04-07,ABT-MCK,0.0,250000.0,1
2015-04-08,ABT-MCK,-1787.7843170166016,250000.0,1
2015-04-09,CVX-SLB,0.0,250000.0,1
2015-04-10,CVX-SLB,-1943.743507385254,250000.0,1
2015-04-13,CVX-SLB,329.7720947265625,250000.0,1
2015-04-14,CVX-SLB,2729.0505294799805,250000.0,1
2015-04-15,CVX-SLB,-3224.8776245117188,250000.0,1
2015-04-15,BRO-GS,0.0,250000.0,1
2015-04-16,CVX-SLB,-3405.8442764282227,250000.0,1
2015-04-16,BRO-GS,262.03772735595703,250000.0,1
2015-04-16,TROW-WTW,0.0,250000.0,1
2015-04-17,BRO-GS,-2513.7933225631714,250000.0,1
2015-04-17,TROW-WTW,-1578.5138130187988,250000.0,1
2015-04-17,CHRW-RSG,0.0,250000.0,1
2015-04-20,BRO-GS,985.6440858840942,250000.0,1
2015-04-20,TROW-WTW,-1378.0425033569336,250000.0,1
2015-04-20,CHRW-RSG,1556.3374557495117,250000.0,1
2015-04-21,BRO-GS,-3040.4759435653687,250000.0,1
2015-04-21,TROW-WTW,-1490.9417037963867,250000.0,1
2015-04-21,CHRW-RSG,-61.84269714355469,250000.0,1
2015-04-21,LLY-ZTS,0.0,250000.0,1
2015-04-21,VTRS-WAT,0.0,250000.0,1
2015-04-22,BRO-GS,-7412.332407951355,250000.0,1
2015-04-22,TROW-WTW,-2256.1486053466797,250000.0,1
2015-04-22,CHRW-RSG,1039.5656433105469,250000.0,1
2015-04-22,VTRS-WAT,1775.3865051269531,250000.0,1
2015-04-23,TROW-WTW,-621.9459686279297,250000.0,1
2015-04-23,CHRW-RSG,2416.9506301879883,250000.0,1
2015-04-23,VTRS-WAT,823.0656509399414,250000.0,1
2015-04-24,TROW-WTW,902.9145278930664,250000.0,1
2015-04-24,VTRS-WAT,-3555.593650817871,250000.0,1
2015-04-27,TROW-WTW,-651.328010559082,250000.0,1
2015-04-27,VTRS-WAT,-1623.1668548583984,250000.0,1
2015-04-28,TROW-WTW,400.0333023071289,250000.0,1
2015-04-29,TROW-WTW,-124.6768798828125,250000.0,1
2015-04-29,BKR-DVN,0.0,250000.0,1
2015-04-30,TROW-WTW,-1973.7600898742676,250000.0,1
2015-04-30,BKR-DVN,2117.9449462890625,250000.0,1
2015-03-09,FRT-SPG,0.0,250000.0,2
2015-03-10,FRT-SPG,548.537727355957,250000.0,2
2015-03-10,LNT-NEE,0.0,250000.0,2
2015-03-11,FRT-SPG,-3330.213668823242,250000.0,2
2015-03-11,LNT-NEE,984.5981273651123,250000.0,2
2015-03-12,FRT-SPG,-54.591461181640625,250000.0,2
2015-03-12,CB-ERIE,0.0,250000.0,2
2015-03-12,EG-ERIE,0.0,250000.0,2
2015-03-13,FRT-SPG,-631.454475402832,250000.0,2
2015-03-13,CB-ERIE,-1071.1111450195312,250000.0,2
2015-03-13,EG-ERIE,-46.1456298828125,250000.0,2
2015-03-16,FRT-SPG,338.7225570678711,250000.0,2
2015-03-16,CB-ERIE,1269.6162185668945,250000.0,2
2015-03-16,EG-ERIE,-2106.3451538085938,250000.0,2
2015-03-17,FRT-SPG,-1275.8045196533203,250000.0,2
2015-03-17,CB-ERIE,-277.7302703857422,250000.0,2
2015-03-17,EG-ERIE,-2613.300956726074,250000.0,2
2015-03-17,AMGN-REGN,0.0,250000.0,2
2015-03-18,FRT-SPG,-1015.7822265625,250000.0,2
2015-03-18,CB-ERIE,2414.770683288574,250000.0,2
2015-03-18,EG-ERIE,-2589.347236633301,250000.0,2
2015-03-18,AMGN-REGN,-583.7157592773438,250000.0,2
2015-03-19,FRT-SPG,370.3529052734375,250000.0,2
2015-03-19,CB-ERIE,953.2823638916016,250000.0,2
2015-03-19,EG-ERIE,-2974.048698425293,250000.0,2
2015-03-19,AMGN-REGN,-6738.909439086914,250000.0,2
2015-03-19,DGX-MTD,0.0,250000.0,2
2015-03-20,FRT-SPG,2004.1865997314453,250000.0,2
2015-03-20,AMGN-REGN,-7770.624420166016,250000.0,2
2015-03-20,DGX-MTD,244.6254119873047,250000.0,2
2015-03-20,ITW-MMM,0.0,250000.0,2
2015-03-23,FRT-SPG,745.8100891113281,250000.0,2
2015-03-23,AMGN-REGN,-3899.615203857422,250000.0,2
2015-03-23,ITW-MMM,-762.3100128173828,250000.0,2
2015-03-24,FRT-SPG,2370.864112854004,250000.0,2
2015-03-24,AMGN-REGN,-1716.409408569336,250000.0,2
2015-03-24,ITW-MMM,-1647.2902069091797,250000.0,2
2015-03-25,AMGN-REGN,6161.200500488281,250000.0,2
2015-03-25,ITW-MMM,1492.454360961914,250000.0,2
2015-04-01,IQV-MCK,0.0,250000.0,2
2015-04-09,CVX-SLB,0.0,250000.0,2
2015-04-10,CVX-SLB,-1943.743507385254,250000.0,2
2015-04-13,CVX-SLB,329.7720947265625,250000.0,2
2015-04-14,CVX-SLB,2729.0505294799805,250000.0,2
2015-04-14,DGX-MCK,0.0,250000.0,2
2015-04-15,CVX-SLB,-3224.8776245117188,250000.0,2
2015-04-15,DGX-MCK,2992.0765838623047,250000.0,2
2015-04-15,AMGN-REGN,0.0,250000.0,2
2015-04-15,BRO-GS,0.0,250000.0,2
2015-04-16,CVX-SLB,-3405.8442764282227,250000.0,2
2015-04-16,DGX-MCK,2227.000961303711,250000.0,2
2015-04-16,AMGN-REGN,-81.96434020996094,250000.0,2
2015-04-16,BRO-GS,262.03772735595703,250000.0,2
2015-04-17,DGX-MCK,-802.5663604736328,250000.0,2
2015-04-17,AMGN-REGN,-771.5636138916016,250000.0,2
2015-04-17,BRO-GS,-2513.7933225631714,250000.0,2
2015-04-20,DGX-MCK,-715.3732452392578,250000.0,2
2015-04-20,AMGN-REGN,-1530.7056579589844,250000.0,2
2015-04-20,BRO-GS,985.6440858840942,250000.0,2
2015-04-20,BBY-MAR,0.0,250000.0,2
2015-04-21,DGX-MCK,-2890.510902404785,250000.0,2
2015-04-21,AMGN-REGN,809.5097351074219,250000.0,2
2015-04-21,BRO-GS,-3040.4759435653687,250000.0,2
2015-04-21,BBY-MAR,-2624.030921936035,250000.0,2
2015-04-22,DGX-MCK,-2730.332836151123,250000.0,2
2015-04-22,BRO-GS,-7412.332407951355,250000.0,2
2015-04-22,DHR-SYK,0.0,250000.0,2
2015-04-23,DGX-MCK,-2204.2173957824707,250000.0,2
2015-04-23,DHR-SYK,-2865.591567993164,250000.0,2
2015-04-24,DGX-MCK,-1268.6785316467285,250000.0,2
2015-04-24,DHR-SYK,-4557.581001281738,250000.0,2
2015-04-27,DGX-MCK,-1248.7234344482422,250000.0,2
2015-04-27,DHR-SYK,959.2473754882812,250000.0,2
2015-04-28,DHR-SYK,37.023223876953125,250000.0,2
2015-04-29,DHR-SYK,1258.1906127929688,250000.0,2
2015-04-29,NEE-PCG,0.0,250000.0,2
2015-04-29,BKR-DVN,0.0,250000.0,2
2015-04-30,NEE-PCG,-746.0586128234863,250000.0,2
2015-04-30,BKR-DVN,2117.9449462890625,250000.0,2
2015-05-01,NEE-PCG,-500.0220527648926,250000.0,2
2015-05-01,BKR-DVN,1758.9747009277344,250000.0,2
2015-05-01,CB-ERIE,0.0,250000.0,2
2015-05-04,NEE-PCG,1341.3754405975342,250000.0,2
2015-05-04,BKR-DVN,450.5580139160156,250000.0,2
2015-05-04,CB-ERIE,1777.6944198608398,250000.0,2
2015-05-05,NEE-PCG,-475.3007621765137,250000.0,2
2015-05-05,CB-ERIE,1490.3009490966797,250000.0,2
2015-05-06,NEE-PCG,1106.9361724853516,250000.0,2
2015-05-06,CB-ERIE,2121.90763092041,250000.0,2
2015-05-07,NEE-PCG,3581.7940616607666,250000.0,2
2015-05-07,CB-ERIE,2678.8725051879883,250000.0,2
2015-05-08,NEE-PCG,2515.962703704834,250000.0,2
2015-05-08,CB-ERIE,2358.8583602905273,250000.0,2
2015-05-08,IQV-MCK,0.0,250000.0,2
2015-05-08,DGX-MCK,0.0,250000.0,2
2015-05-08,FRT-SPG,0.0,250000.0,2
2015-05-08,ITW-MMM,0.0,250000.0,2
2015-05-11,NEE-PCG,443.3590507507324,250000.0,2
2015-05-11,CB-ERIE,1637.2356872558594,250000.0,2
2015-05-11,IQV-MCK,-325.9989547729492,250000.0,2
2015-05-11,DGX-MCK,-220.07594299316406,250000.0,2
2015-05-11,FRT-SPG,1566.8215942382812,250000.0,2
2015-05-11,ITW-MMM,845.1178283691406,250000.0,2
2015-05-12,NEE-PCG,1901.1097774505615,250000.0,2
2015-05-12,CB-ERIE,2667.8180541992188,250000.0,2
2015-05-12,IQV-MCK,-1221.939079284668,250000.0,2
2015-05-12,DGX-MCK,-1820.5560150146484,250000.0,2
2015-05-12,FRT-SPG,2570.394172668457,250000.0,2
2015-05-12,ITW-MMM,301.26373291015625,250000.0,2
2015-05-13,NEE-PCG,6213.365325927734,250000.0,2
2015-05-13,CB-ERIE,3614.545150756836,250000.0,2
2015-05-13,IQV-MCK,-2422.508560180664,250000.0,2
2015-05-13,DGX-MCK,-3839.688705444336,250000.0,2
2015-05-13,FRT-SPG,1076.4424896240234,250000.0,2
2015-05-13,ITW-MMM,-1332.1401672363281,250000.0,2
2015-05-14,CB-ERIE,3325.4633178710938,250000.0,2
2015-05-14,FRT-SPG,3198.7239837646484,250000.0,2
2015-05-14,ITW-MMM,-1280.5546493530273,250000.0,2
2015-05-15,CB-ERIE,1496.9161834716797,250000.0,2
2015-05-15,ITW-MMM,-2107.5959396362305,250000.0,2
2015-05-15,CPAY-MCO,0.0,250000.0,2
2015-05-18,CB-ERIE,2368.6481018066406,250000.0,2
2015-05-18,ITW-MMM,-1752.5279846191406,250000.0,2
2015-05-18,CPAY-MCO,483.35255432128906,250000.0,2
2015-05-19,CB-ERIE,2413.829116821289,250000.0,2
2015-05-19,ITW-MMM,-2613.1784286499023,250000.0,2
2015-05-19,CPAY-MCO,-2520.922592163086,250000.0,2
2015-05-20,CB-ERIE,2013.842384338379,250000.0,2
2015-05-20,ITW-MMM,-2290.214141845703,250000.0,2
2015-05-20,DGX-DXCM,0.0,250000.0,2
2015-05-21,CB-ERIE,832.0297470092773,250000.0,2
2015-05-21,ITW-MMM,-1091.6355056762695,250000.0,2
2015-05-21,DGX-DXCM,-1610.4086990356445,250000.0,2
2015-05-22,CB-ERIE,765.1137847900391,250000.0,2
2015-05-22,ITW-MMM,-499.9700698852539,250000.0,2
2015-05-22,DGX-MTD,0.0,250000.0,2
2015-05-22,BRO-GS,0.0,250000.0,2
2015-05-26,CB-ERIE,3435.3042526245117,250000.0,2
2015-05-26,DGX-MTD,914.2934532165527,250000.0,2
2015-05-26,BRO-GS,1254.9136848449707,250000.0,2
2015-05-27,CB-ERIE,4967.041358947754,250000.0,2
2015-05-27,DGX-MTD,4986.128162384033,250000.0,2
2015-05-27,BRO-GS,-1152.986255645752,250000.0,2
2015-05-28,DGX-MTD,6081.604774475098,250000.0,2
2015-05-28,BRO-GS,1477.300682067871,250000.0,2
2015-05-29,DGX-MTD,5233.806690216064,250000.0,2
2015-04-07,ABT-MCK,0.0,250000.0,3
2015-04-08,ABT-MCK,-1787.7843170166016,250000.0,3
2015-04-08,NOW-ROP,0.0,250000.0,3
2015-04-09,NOW-ROP,-304.0057830810547,250000.0,3
2015-04-09,CVX-SLB,0.0,250000.0,3
2015-04-09,AME-EME,0.0,250000.0,3
2015-04-10,NOW-ROP,-1468.2509803771973,250000.0,3
2015-04-10,CVX-SLB,-1943.743507385254,250000.0,3
2015-04-10,AME-EME,618.4975891113281,250000.0,3
2015-04-13,NOW-ROP,-791.7176284790039,250000.0,3
2015-04-13,CVX-SLB,329.7720947265625,250000.0,3
2015-04-14,NOW-ROP,723.7380523681641,250000.0,3
2015-04-14,CVX-SLB,2729.0505294799805,250000.0,3
2015-04-15,NOW-ROP,2254.0553092956543,250000.0,3
2015-04-15,CVX-SLB,-3224.8776245117188,250000.0,3
2015-04-15,D-DTE,0.0,250000.0,3
2015-04-16,NOW-ROP,-1717.309585571289,250000.0,3
2015-04-16,CVX-SLB,-3405.8442764282227,250000.0,3
2015-04-16,D-DTE,724.7446899414062,250000.0,3
2015-04-17,D-DTE,1255.9648704528809,250000.0,3
2015-04-20,D-DTE,419.9623146057129,250000.0,3
2015-04-20,BBY-MAR,0.0,250000.0,3
2015-04-21,D-DTE,316.3883247375488,250000.0,3
2015-04-21,BBY-MAR,-2624.030921936035,250000.0,3
2015-04-21,TRV-V,0.0,250000.0,3
2015-04-22,D-DTE,965.9797630310059,250000.0,3
2015-04-22,APH-SNPS,0.0,250000.0,3
2015-04-22,DHR-SYK,0.0,250000.0,3
2015-04-23,D-DTE,1115.143138885498,250000.0,3
2015-04-23,APH-SNPS,-2626.205032348633,250000.0,3
2015-04-23,DHR-SYK,-2865.591567993164,250000.0,3
2015-04-24,D-DTE,-221.39975357055664,250000.0,3
2015-04-24,APH-SNPS,-2798.8046493530273,250000.0,3
2015-04-24,DHR-SYK,-4557.581001281738,250000.0,3
2015-04-24,FFIV-MSFT,0.0,250000.0,3
2015-04-24,MSFT-NTAP,0.0,250000.0,3
2015-04-27,D-DTE,-606.8213920593262,250000.0,3
2015-04-27,APH-SNPS,-978.901538848877,250000.0,3
2015-04-27,DHR-SYK,959.2473754882812,250000.0,3
2015-04-27,FFIV-MSFT,-404.9629669189453,250000.0,3
2015-04-27,MSFT-NTAP,1022.8526840209961,250000.0,3
2015-04-27,ADBE-AMAT,0.0,250000.0,3
2015-04-28,D-DTE,-32.57854080200195,250000.0,3
2015-04-28,APH-SNPS,-3482.42244720459,250000.0,3
2015-04-28,DHR-SYK,37.023223876953125,250000.0,3
2015-04-28,FFIV-MSFT,-3158.1489791870117,250000.0,3
2015-04-28,MSFT-NTAP,-2381.512092590332,250000.0,3
2015-04-28,ADBE-AMAT,1422.7437286376953,250000.0,3
2015-04-29,D-DTE,-122.10298538208008,250000.0,3
2015-04-29,APH-SNPS,-3663.6264457702637,250000.0,3
2015-04-29,DHR-SYK,1258.1906127929688,250000.0,3
2015-04-29,FFIV-MSFT,-5368.2641525268555,250000.0,3
2015-04-29,MSFT-NTAP,-555.1045055389404,250000.0,3
2015-04-29,ADBE-AMAT,397.6015853881836,250000.0,3
2015-04-29,CTAS-WM,0.0,250000.0,3
2015-04-29,LMT-WM,0.0,250000.0,3
2015-04-30,APH-SNPS,-1998.770076751709,250000.0,3
2015-04-30,FFIV-MSFT,-5743.881156921387,250000.0,3
2015-04-30,MSFT-NTAP,-2504.7959518432617,250000.0,3
2015-04-30,CTAS-WM,-11.45962905883789,250000.0,3
2015-04-30,LMT-WM,4028.367931365967,250000.0,3
2015-04-30,AME-EME,0.0,250000.0,3
2015-05-01,APH-SNPS,1150.7003440856934,250000.0,3
2015-05-01,FFIV-MSFT,-3843.629348754883,250000.0,3
2015-05-01,MSFT-NTAP,452.1258735656738,250000.0,3
2015-05-01,CTAS-WM,-313.48899841308594,250000.0,3
2015-05-01,LMT-WM,3875.7910537719727,250000.0,3
2015-05-01,AME-EME,2240.7984771728516,250000.0,3
2015-05-04,APH-SNPS,1705.956630706787,250000.0,3
2015-05-04,FFIV-MSFT,-105.76665496826172,250000.0,3
2015-05-04,MSFT-NTAP,2447.545305252075,250000.0,3
2015-05-04,CTAS-WM,-2104.948251724243,250000.0,3
2015-05-04,LMT-WM,1822.2504386901855,250000.0,3
2015-05-04,AME-EME,113.06819915771484,250000.0,3
2015-05-05,APH-SNPS,1457.1516189575195,250000.0,3
2015-05-05,FFIV-MSFT,-401.72962188720703,250000.0,3
2015-05-05,MSFT-NTAP,-259.7503147125244,250000.0,3
2015-05-05,CTAS-WM,-5841.759748458862,250000.0,3
2015-05-05,LMT-WM,-253.87403869628906,250000.0,3
2015-05-05,AME-EME,2913.424690246582,250000.0,3
2015-05-06,APH-SNPS,-429.9784698486328,250000.0,3
2015-05-06,FFIV-MSFT,8006.578895568848,250000.0,3
2015-05-06,MSFT-NTAP,1977.4224643707275,250000.0,3
2015-05-06,CTAS-WM,-7160.337860107422,250000.0,3
2015-05-06,LMT-WM,-1567.2735786437988,250000.0,3
2015-05-06,KO-PG,0.0,250000.0,3
2015-05-07,FFIV-MSFT,7966.503150939941,250000.0,3
2015-05-07,MSFT-NTAP,1366.427541732788,250000.0,3
2015-05-07,CTAS-WM,-6124.337890625,250000.0,3
2015-05-07,LMT-WM,-1314.2049865722656,250000.0,3
2015-05-07,KO-PG,988.2894248962402,250000.0,3
2015-05-08,FFIV-MSFT,4888.623954772949,250000.0,3
2015-05-08,MSFT-NTAP,-2722.5186042785645,250000.0,3
2015-05-08,CTAS-WM,-6806.714832305908,250000.0,3
2015-05-08,LMT-WM,-1757.8366584777832,250000.0,3
2015-05-08,KO-PG,1190.1278533935547,250000.0,3
2015-05-11,FFIV-MSFT,7214.684494018555,250000.0,3
2015-05-11,LMT-WM,-1244.2051391601562,250000.0,3
2015-05-12,FFIV-MSFT,5462.848335266113,250000.0,3
2015-05-12,LMT-WM,-1015.7447090148926,250000.0,3
2015-05-13,FFIV-MSFT,5797.389419555664,250000.0,3
2015-05-13,LMT-WM,-2198.3473777770996,250000.0,3
2015-05-13,ABT-MCK,0.0,250000.0,3
2015-05-14,FFIV-MSFT,2124.6027221679688,250000.0,3
2015-05-14,ABT-MCK,-174.90750122070312,250000.0,3
2015-05-15,FFIV-MSFT,4600.124267578125,250000.0,3
2015-05-15,ABT-MCK,-476.89878845214844,250000.0,3
2015-05-18,FFIV-MSFT,5461.293502807617,250000.0,3
2015-05-18,ABT-MCK,-2919.0979919433594,250000.0,3
2015-05-19,FFIV-MSFT,5468.306266784668,250000.0,3
2015-05-19,ABT-MCK,-1984.0226440429688,250000.0,3
2015-05-20,FFIV-MSFT,5512.854454040527,250000.0,3
2015-05-20,ABT-MCK,-531.8217468261719,250000.0,3
2015-05-21,FFIV-MSFT,6264.883850097656,250000.0,3
2015-05-21,ABT-MCK,2917.2645874023438,250000.0,3
2015-05-21,APH-SNPS,0.0,250000.0,3
2015-05-22,FFIV-MSFT,8805.105857849121,250000.0,3
2015-05-22,ABT-MCK,247.7651824951172,250000.0,3
2015-05-22,APH-SNPS,2108.5758743286133,250000.0,3
2015-05-26,FFIV-MSFT,9409.88931274414,250000.0,3
2015-05-26,ABT-MCK,1249.4583740234375,250000.0,3
2015-05-26,APH-SNPS,1849.5695190429688,250000.0,3
2015-05-27,FFIV-MSFT,3870.1944580078125,250000.0,3
2015-05-27,ABT-MCK,1673.7263641357422,250000.0,3
2015-05-27,APH-SNPS,-2206.913604736328,250000.0,3
2015-05-28,FFIV-MSFT,6003.134185791016,250000.0,3
2015-05-28,APH-SNPS,-1428.7292175292969,250000.0,3
2015-05-29,FFIV-MSFT,7411.566719055176,250000.0,3
2015-06-01,FFIV-MSFT,4605.331428527832,250000.0,3
2015-06-01,ATO-NEE,0.0,250000.0,3
2015-06-02,FFIV-MSFT,6457.57950592041,250000.0,3
2015-06-02,ATO-NEE,23.62753677368164,250000.0,3
2015-06-02,ED-EIX,0.0,250000.0,3
2015-06-03,FFIV-MSFT,8295.685287475586,250000.0,3
2015-06-03,ED-EIX,-220.3172950744629,250000.0,3
2015-06-04,FFIV-MSFT,8391.33391571045,250000.0,3
2015-06-04,ED-EIX,924.148006439209,250000.0,3
2015-06-05,FFIV-MSFT,9458.625267028809,250000.0,3
2015-06-05,ED-EIX,-966.0175590515137,250000.0,3
2015-06-08,FFIV-MSFT,12103.816101074219,250000.0,3
2015-06-08,ED-EIX,-1417.0985221862793,250000.0,3
2015-06-09,FFIV-MSFT,12286.72649383545,250000.0,3
2015-06-09,KO-PG,0.0,250000.0,3
2015-06-10,FFIV-MSFT,10567.092658996582,250000.0,3
2015-06-10,KO-PG,-1315.4605159759521,250000.0,3
2015-06-11,FFIV-MSFT,10792.284973144531,250000.0,3
2015-06-11,KO-PG,-351.54919815063477,250000.0,3
2015-06-12,FFIV-MSFT,11347.138427734375,250000.0,3
2015-06-12,KO-PG,586.0237407684326,250000.0,3
2015-06-15,KO-PG,919.2729320526123,250000.0,3
2015-06-16,KO-PG,520.0100173950195,250000.0,3
2015-06-17,KO-PG,-1535.4621543884277,250000.0,3
2015-06-18,KO-PG,-1781.4733505249023,250000.0,3
2015-06-18,ABT-MCK,0.0,250000.0,3
2015-06-19,KO-PG,-2274.891647338867,250000.0,3
2015-06-19,ABT-MCK,30.34435272216797,250000.0,3
2015-06-22,KO-PG,-1548.054090499878,250000.0,3
2015-06-22,ABT-MCK,-712.6792831420898,250000.0,3
2015-06-23,KO-PG,-9.440217971801758,250000.0,3
2015-06-23,ABT-MCK,-251.68008041381836,250000.0,3
2015-06-24,ED-EIX,0.0,250000.0,3
2015-06-25,ED-EIX,1088.2059059143066,250000.0,3
2015-06-26,ED-EIX,1527.9474868774414,250000.0,3
2015-06-29,ED-EIX,-1066.2888679504395,250000.0,3
2015-06-29,FFIV-MSFT,0.0,250000.0,3
2015-06-29,BBY-MAR,0.0,250000.0,3
2015-06-30,ED-EIX,-485.93396377563477,250000.0,3
2015-06-30,FFIV-MSFT,2005.974967956543,250000.0,3
2015-06-30,BBY-MAR,2183.4302825927734,250000.0,3
2015-05-04,SYY-WMT,0.0,250000.0,4
2015-05-05,SYY-WMT,-1624.5331993103027,250000.0,4
2015-05-06,SYY-WMT,-3003.614902496338,250000.0,4
2015-05-06,KO-PG,0.0,250000.0,4
2015-05-07,SYY-WMT,-618.4693984985352,250000.0,4
2015-05-07,KO-PG,988.2894248962402,250000.0,4
2015-05-08,SYY-WMT,-51.576210021972656,250000.0,4
2015-05-08,KO-PG,1190.1278533935547,250000.0,4
2015-05-08,NVDA-SNPS,0.0,250000.0,4
2015-05-08,AOS-BR,0.0,250000.0,4
2015-05-11,SYY-WMT,236.8792610168457,250000.0,4
2015-05-11,NVDA-SNPS,-2797.5284707546234,250000.0,4
2015-05-11,AOS-BR,909.3864898681641,250000.0,4
2015-05-12,SYY-WMT,-1417.6527099609375,250000.0,4
2015-05-12,NVDA-SNPS,520.9920501708984,250000.0,4
2015-05-12,AOS-BR,1748.0005378723145,250000.0,4
2015-05-12,MCK-MDT,0.0,250000.0,4
2015-05-13,SYY-WMT,3279.452438354492,250000.0,4
2015-05-13,NVDA-SNPS,-436.74959540367126,250000.0,4
2015-05-13,AOS-BR,-439.94873046875,250000.0,4
2015-05-14,NVDA-SNPS,-536.7077977657318,250000.0,4
2015-05-14,AOS-BR,-1355.3469543457031,250000.0,4
2015-05-14,CAH-MCK,0.0,250000.0,4
2015-05-15,NVDA-SNPS,108.59040403366089,250000.0,4
2015-05-15,AOS-BR,2788.0929946899414,250000.0,4
2015-05-15,CAH-MCK,-1270.8602142333984,250000.0,4
2015-05-18,NVDA-SNPS,-1931.3794648647308,250000.0,4
2015-05-18,AOS-BR,7516.79407119751,250000.0,4
2015-05-18,CAH-MCK,-3679.931312561035,250000.0,4
2015-05-19,NVDA-SNPS,-3096.5336134433746,250000.0,4
2015-05-19,AOS-BR,8440.609718322754,250000.0,4
2015-05-19,CAH-MCK,-4502.673965454102,250000.0,4
2015-05-19,STE-ZTS,0.0,250000.0,4
2015-05-19,SYY-WMT,0.0,250000.0,4
2015-05-20,NVDA-SNPS,-4346.942358255386,250000.0,4
2015-05-20,AOS-BR,10746.612400054932,250000.0,4
2015-05-20,CAH-MCK,-2296.678253173828,250000.0,4
2015-05-20,STE-ZTS,563.0881156921387,250000.0,4
2015-05-20,SYY-WMT,87.4582405090332,250000.0,4
2015-05-21,NVDA-SNPS,-8351.673343658447,250000.0,4
2015-05-21,AOS-BR,9920.637638092041,250000.0,4
2015-05-21,CAH-MCK,1217.0711822509766,250000.0,4
2015-05-21,SYY-WMT,536.7529277801514,250000.0,4
2015-05-22,NVDA-SNPS,-6224.612409353256,250000.0,4
2015-05-22,AOS-BR,7400.892471313477,250000.0,4
2015-05-22,CAH-MCK,-288.91490173339844,250000.0,4
2015-05-22,SYY-WMT,3123.3332138061523,250000.0,4
2015-05-26,AOS-BR,6358.276134490967,250000.0,4
2015-05-26,CAH-MCK,960.7107391357422,250000.0,4
2015-05-26,SYY-WMT,1487.5972347259521,250000.0,4
2015-05-27,AOS-BR,6765.708950042725,250000.0,4
2015-05-27,CAH-MCK,1520.963737487793,250000.0,4
2015-05-27,SYY-WMT,1882.0451641082764,250000.0,4
2015-05-27,STE-ZTS,0.0,250000.0,4
2015-05-27,REGN-ZTS,0.0,250000.0,4
2015-05-28,AOS-BR,5185.230129241943,250000.0,4
2015-05-28,CAH-MCK,1907.561668395996,250000.0,4
2015-05-28,SYY-WMT,3112.1546421051025,250000.0,4
2015-05-28,STE-ZTS,1737.746971130371,250000.0,4
2015-05-28,REGN-ZTS,1274.5502471923828,250000.0,4
2015-05-29,AOS-BR,4085.1278190612793,250000.0,4
2015-05-29,CAH-MCK,2651.0577239990234,250000.0,4
2015-05-29,SYY-WMT,1960.429054260254,250000.0,4
2015-05-29,STE-ZTS,-314.18285369873047,250000.0,4
2015-05-29,REGN-ZTS,-2001.962516784668,250000.0,4
2015-06-01,AOS-BR,3024.604808807373,250000.0,4
2015-06-01,CAH-MCK,2010.7660751342773,250000.0,4
2015-06-01,SYY-WMT,2910.8896827697754,250000.0,4
2015-06-01,STE-ZTS,1265.8073539733887,250000.0,4
2015-06-01,REGN-ZTS,-1881.5413055419922,250000.0,4
2015-06-02,AOS-BR,2977.2360305786133,250000.0,4
2015-06-02,CAH-MCK,3038.3643188476562,250000.0,4
2015-06-02,SYY-WMT,1702.487340927124,250000.0,4
2015-06-02,STE-ZTS,1196.178108215332,250000.0,4
2015-06-02,REGN-ZTS,-1541.7391891479492,250000.0,4
2015-06-03,AOS-BR,1088.229434967041,250000.0,4
2015-06-03,CAH-MCK,2603.032669067383,250000.0,4
2015-06-03,SYY-WMT,742.3667545318604,250000.0,4
2015-06-03,STE-ZTS,1120.35103225708,250000.0,4
2015-06-03,REGN-ZTS,-662.7771606445312,250000.0,4
2015-06-03,COF-MET,0.0,250000.0,4
2015-06-04,AOS-BR,1010.8363342285156,250000.0,4
2015-06-04,CAH-MCK,4025.1220703125,250000.0,4
2015-06-04,STE-ZTS,64.9345703125,250000.0,4
2015-06-04,REGN-ZTS,3224.80753326416,250000.0,4
2015-06-04,COF-MET,-1783.4034805297852,250000.0,4
2015-06-05,AOS-BR,681.6057891845703,250000.0,4
2015-06-05,CAH-MCK,4028.225341796875,250000.0,4
2015-06-05,STE-ZTS,-889.2602729797363,250000.0,4
2015-06-05,REGN-ZTS,5509.568458557129,250000.0,4
2015-06-05,COF-MET,-621.3638763427734,250000.0,4
2015-06-05,O-PSA,0.0,250000.0,4
2015-06-08,AOS-BR,368.8554000854492,250000.0,4
2015-06-08,STE-ZTS,-320.5736083984375,250000.0,4
2015-06-08,REGN-ZTS,4751.605018615723,250000.0,4
2015-06-08,COF-MET,-112.06502151489258,250000.0,4
2015-06-08,O-PSA,-2268.5525970458984,250000.0,4
2015-06-08,COP-CVX,0.0,250000.0,4
2015-06-08,ETR-PPL,0.0,250000.0,4
2015-06-09,REGN-ZTS,2527.1634521484375,250000.0,4
2015-06-09,COF-MET,-108.47443771362305,250000.0,4
2015-06-09,O-PSA,-2616.0941162109375,250000.0,4
2015-06-09,COP-CVX,981.7251205444336,250000.0,4
2015-06-09,ETR-PPL,1683.277235031128,250000.0,4
2015-06-09,KO-PG,0.0,250000.0,4
2015-06-10,REGN-ZTS,-1630.2853546142578,250000.0,4
2015-06-10,O-PSA,-1143.7695617675781,250000.0,4
2015-06-10,COP-CVX,1944.2981643676758,250000.0,4
2015-06-10,ETR-PPL,3004.557891845703,250000.0,4
2015-06-10,KO-PG,-1315.4605159759521,250000.0,4
2015-06-11,O-PSA,-38.921478271484375,250000.0,4
2015-06-11,COP-CVX,150.40085220336914,250000.0,4
2015-06-11,KO-PG,-351.54919815063477,250000.0,4
2015-06-12,O-PSA,161.9314727783203,250000.0,4
2015-06-12,COP-CVX,-1581.3369140625,250000.0,4
2015-06-12,KO-PG,586.0237407684326,250000.0,4
2015-06-12,ES-WEC,0.0,250000.0,4
2015-06-15,O-PSA,-905.0367431640625,250000.0,4
2015-06-15,COP-CVX,-2388.404239654541,250000.0,4
2015-06-15,KO-PG,919.2729320526123,250000.0,4
2015-06-15,ES-WEC,-235.16277885437012,250000.0,4
2015-06-16,O-PSA,1443.4170532226562,250000.0,4
2015-06-16,COP-CVX,-945.9906234741211,250000.0,4
2015-06-16,KO-PG,520.0100173950195,250000.0,4
2015-06-16,ES-WEC,662.8299884796143,250000.0,4
2015-06-17,O-PSA,2111.3741302490234,250000.0,4
2015-06-17,COP-CVX,-740.6840286254883,250000.0,4
2015-06-17,KO-PG,-1535.4621543884277,250000.0,4
2015-06-17,ES-WEC,551.3308620452881,250000.0,4
2015-06-18,COP-CVX,903.4410209655762,250000.0,4
2015-06-18,KO-PG,-1781.4733505249023,250000.0,4
2015-06-18,ES-WEC,-1082.4193325042725,250000.0,4
2015-06-19,COP-CVX,500.93869400024414,250000.0,4
2015-06-19,KO-PG,-2274.891647338867,250000.0,4
2015-06-19,ES-WEC,-1903.8581886291504,250000.0,4
2015-06-22,COP-CVX,1931.7468910217285,250000.0,4
2015-06-22,KO-PG,-1548.054090499878,250000.0,4
2015-06-22,ES-WEC,-1280.918836593628,250000.0,4
2015-06-23,KO-PG,-9.440217971801758,250000.0,4
2015-06-24,SYY-WMT,0.0,250000.0,4
2015-06-25,SYY-WMT,2800.128562927246,250000.0,4
2015-06-25,REGN-ZTS,0.0,250000.0,4
2015-06-26,SYY-WMT,2983.1994342803955,250000.0,4
2015-06-29,COF-MET,0.0,250000.0,4
2015-06-29,DHR-ZBH,0.0,250000.0,4
2015-06-30,COF-MET,1749.1496543884277,250000.0,4
2015-06-30,DHR-ZBH,-1730.7045364379883,250000.0,4
2015-07-01,COF-MET,2210.545181274414,250000.0,4
2015-07-01,DHR-ZBH,-3199.149627685547,250000.0,4
2015-07-01,KO-PG,0.0,250000.0,4
2015-07-02,COF-MET,1569.9482421875,250000.0,4
2015-07-02,KO-PG,-708.1868782043457,250000.0,4
2015-07-06,COF-MET,1982.9244117736816,250000.0,4
2015-07-06,KO-PG,-1433.0596885681152,250000.0,4
2015-07-07,COF-MET,478.15153884887695,250000.0,4
2015-07-07,KO-PG,-2537.3505058288574,250000.0,4
2015-07-07,O-PSA,0.0,250000.0,4
2015-07-08,COF-MET,-481.8510971069336,250000.0,4
2015-07-08,KO-PG,-2189.9896507263184,250000.0,4
2015-07-08,O-PSA,-862.3001480102539,250000.0,4
2015-07-09,COF-MET,727.3752746582031,250000.0,4
2015-07-09,KO-PG,-856.4056816101074,250000.0,4
2015-07-09,O-PSA,-1895.373540878296,250000.0,4
2015-07-10,COF-MET,2424.471366882324,250000.0,4
2015-07-10,KO-PG,574.1896324157715,250000.0,4
2015-07-10,O-PSA,-4432.16056060791,250000.0,4
2015-07-10,MAS-TDG,0.0,250000.0,4
2015-07-13,COF-MET,1634.9103698730469,250000.0,4
2015-07-13,KO-PG,-1091.7854194641113,250000.0,4
2015-07-13,O-PSA,-5452.144527435303,250000.0,4
2015-07-13,MAS-TDG,1630.3911838531494,250000.0,4
2015-07-14,COF-MET,2022.48486328125,250000.0,4
2015-07-14,KO-PG,1039.7857818603516,250000.0,4
2015-07-14,O-PSA,-6315.8092250823975,250000.0,4
2015-07-15,COF-MET,2665.2924575805664,250000.0,4
2015-07-15,KO-PG,495.7294731140137,250000.0,4
2015-07-16,COF-MET,1378.7220611572266,250000.0,4
2015-07-16,KO-PG,1767.9197807312012,250000.0,4
2015-07-17,COF-MET,351.2208137512207,250000.0,4
2015-07-17,KO-PG,811.0167999267578,250000.0,4
2015-07-20,KO-PG,1615.10404586792,250000.0,4
2015-07-23,AME-EME,0.0,250000.0,4
2015-07-24,AME-EME,-876.8529853820801,250000.0,4
2015-07-24,COF-MET,0.0,250000.0,4
2015-07-27,AME-EME,3034.37650680542,250000.0,4
2015-07-27,COF-MET,1617.0289611816406,250000.0,4
2015-07-28,AME-EME,2870.534683227539,250000.0,4
2015-07-28,COF-MET,-1232.909065246582,250000.0,4
2015-07-29,COF-MET,-2235.1375122070312,250000.0,4
2015-07-30,COF-MET,5755.943511962891,250000.0,4
2015-07-30,KO-PG,0.0,250000.0,4
2015-07-31,COF-MET,9943.322006225586,250000.0,4
2015-07-31,KO-PG,-4013.9483070373535,250000.0,4
2015-06-03,MA-WFC,0.0,250000.0,5
2015-06-08,COP-CVX,0.0,250000.0,5
2015-06-09,COP-CVX,981.7251205444336,250000.0,5
2015-06-09,KO-PG,0.0,250000.0,5
2015-06-10,COP-CVX,1944.2981643676758,250000.0,5
2015-06-10,KO-PG,-1315.4605159759521,250000.0,5
2015-06-11,COP-CVX,150.40085220336914,250000.0,5
2015-06-11,KO-PG,-351.54919815063477,250000.0,5
2015-06-12,COP-CVX,-1581.3369140625,250000.0,5
2015-06-12,KO-PG,586.0237407684326,250000.0,5
2015-06-12,ES-WEC,0.0,250000.0,5
2015-06-12,DGX-IQV,0.0,250000.0,5
2015-06-15,COP-CVX,-2388.404239654541,250000.0,5
2015-06-15,KO-PG,919.2729320526123,250000.0,5
2015-06-15,ES-WEC,-235.16277885437012,250000.0,5
2015-06-15,DGX-IQV,206.4457244873047,250000.0,5
2015-06-16,COP-CVX,-945.9906234741211,250000.0,5
2015-06-16,KO-PG,520.0100173950195,250000.0,5
2015-06-16,ES-WEC,662.8299884796143,250000.0,5
2015-06-17,COP-CVX,-740.6840286254883,250000.0,5
2015-06-17,KO-PG,-1535.4621543884277,250000.0,5
2015-06-17,ES-WEC,551.3308620452881,250000.0,5
2015-06-18,COP-CVX,903.4410209655762,250000.0,5
2015-06-18,KO-PG,-1781.4733505249023,250000.0,5
2015-06-18,ES-WEC,-1082.4193325042725,250000.0,5
2015-06-18,ABT-MCK,0.0,250000.0,5
2015-06-19,COP-CVX,500.93869400024414,250000.0,5
2015-06-19,KO-PG,-2274.891647338867,250000.0,5
2015-06-19,ES-WEC,-1903.8581886291504,250000.0,5
2015-06-19,ABT-MCK,30.34435272216797,250000.0,5
2015-06-19,RSG-UAL,0.0,250000.0,5
2015-06-22,COP-CVX,1931.7468910217285,250000.0,5
2015-06-22,KO-PG,-1548.054090499878,250000.0,5
2015-06-22,ES-WEC,-1280.918836593628,250000.0,5
2015-06-22,ABT-MCK,-712.6792831420898,250000.0,5
2015-06-22,RSG-UAL,-6461.740646362305,250000.0,5
2015-06-23,KO-PG,-9.440217971801758,250000.0,5
2015-06-23,ABT-MCK,-251.68008041381836,250000.0,5
2015-06-29,FFIV-MSFT,0.0,250000.0,5
2015-06-30,FFIV-MSFT,2005.974967956543,250000.0,5
2015-06-30,AME-NDSN,0.0,250000.0,5
2015-07-01,FFIV-MSFT,85.82068634033203,250000.0,5
2015-07-01,AME-NDSN,-2779.613307952881,250000.0,5
2015-07-01,KO-PG,0.0,250000.0,5
2015-07-02,FFIV-MSFT,827.4320831298828,250000.0,5
2015-07-02,AME-NDSN,-4170.339488983154,250000.0,5
2015-07-02,KO-PG,-708.1868782043457,250000.0,5
2015-07-06,FFIV-MSFT,-6500.244323730469,250000.0,5
2015-07-06,AME-NDSN,-81.24307632446289,250000.0,5
2015-07-06,KO-PG,-1433.0596885681152,250000.0,5
2015-07-07,FFIV-MSFT,-4025.7787322998047,250000.0,5
2015-07-07,AME-NDSN,-1711.6808891296387,250000.0,5
2015-07-08,FFIV-MSFT,-4914.229690551758,250000.0,5
2015-07-08,AME-NDSN,-556.1579360961914,250000.0,5
2015-07-08,CPAY-RJF,0.0,250000.0,5
2015-07-09,AME-NDSN,-5008.879356384277,250000.0,5
2015-07-09,CPAY-RJF,2471.846176147461,250000.0,5
2015-07-10,MAS-TDG,0.0,250000.0,5
2015-07-13,MAS-TDG,1630.3911838531494,250000.0,5
2015-07-17,MET-RF,0.0,250000.0,5
2015-07-22,MET-RF,0.0,250000.0,5
2015-07-23,MET-RF,-66.93685150146484,250000.0,5
2015-07-23,COST-KDP,0.0,250000.0,5
2015-07-23,AME-EME,0.0,250000.0,5
2015-07-23,FFIV-MSFT,0.0,250000.0,5
2015-07-24,MET-RF,-667.8051986694336,250000.0,5
2015-07-24,COST-KDP,2676.984314918518,250000.0,5
2015-07-24,AME-EME,-876.8529853820801,250000.0,5
2015-07-24,FFIV-MSFT,-510.46136474609375,250000.0,5
2015-07-24,BIIB-LH,0.0,250000.0,5
2015-07-27,MET-RF,1000.810676574707,250000.0,5
2015-07-27,COST-KDP,2427.724370956421,250000.0,5
2015-07-27,AME-EME,3034.37650680542,250000.0,5
2015-07-27,FFIV-MSFT,-4401.513137817383,250000.0,5
2015-07-27,BIIB-LH,4420.574043273926,250000.0,5
2015-07-28,MET-RF,3470.9274978637695,250000.0,5
2015-07-28,AME-EME,2870.534683227539,250000.0,5
2015-07-28,FFIV-MSFT,-12484.088905334473,250000.0,5
2015-07-28,BIIB-LH,7261.836570739746,250000.0,5
2015-07-29,MET-RF,3838.2010803222656,250000.0,5
2015-07-29,FFIV-MSFT,-9433.07925415039,250000.0,5
2015-07-29,BIIB-LH,-3570.6071014404297,250000.0,5
2015-07-30,MET-RF,1368.2470703125,250000.0,5
2015-07-30,FFIV-MSFT,-10173.017822265625,250000.0,5
2015-07-30,BIIB-LH,-791.8243255615234,250000.0,5
2015-07-30,KO-PG,0.0,250000.0,5
2015-07-31,MET-RF,1935.5058975219727,250000.0,5
2015-07-31,FFIV-MSFT,-10780.961929321289,250000.0,5
2015-07-31,KO-PG,-4013.9483070373535,250000.0,5
2015-08-03,MET-RF,2369.362907409668,250000.0,5
2015-08-03,FFIV-MSFT,-3822.40323638916,250000.0,5
2015-08-03,COP-CVX,0.0,250000.0,5
2015-08-04,MET-RF,3036.866035461426,250000.0,5
2015-08-04,FFIV-MSFT,-211.201171875,250000.0,5
2015-08-04,COP-CVX,-1774.1780853271484,250000.0,5
2015-08-05,MET-RF,315.7969055175781,250000.0,5
2015-08-05,FFIV-MSFT,-1812.0588302612305,250000.0,5
2015-08-05,COP-CVX,-2241.2246322631836,250000.0,5
2015-08-06,FFIV-MSFT,-1931.084861755371,250000.0,5
2015-08-06,COP-CVX,-3460.5559005737305,250000.0,5
2015-08-07,COP-CVX,-1946.8741302490234,250000.0,5
2015-08-07,MET-RF,0.0,250000.0,5
2015-08-10,COP-CVX,-1099.1003532409668,250000.0,5
2015-08-10,MET-RF,534.3352627754211,250000.0,5
2015-08-11,COP-CVX,-2214.4624824523926,250000.0,5
2015-08-11,MET-RF,1140.4662265777588,250000.0,5
2015-08-11,EIX-PNW,0.0,250000.0,5
2015-08-12,COP-CVX,-3792.5395698547363,250000.0,5
2015-08-12,EIX-PNW,3735.907459259033,250000.0,5
2015-08-12,MA-WFC,0.0,250000.0,5
2015-08-13,COP-CVX,-818.6449203491211,250000.0,5
2015-08-13,EIX-PNW,2996.29988861084,250000.0,5
2015-08-13,MA-WFC,376.64038848876953,250000.0,5
2015-08-14,COP-CVX,900.4696731567383,250000.0,5
2015-08-14,EIX-PNW,3080.901435852051,250000.0,5
2015-08-14,MA-WFC,1021.8160018920898,250000.0,5
2015-08-17,COP-CVX,-3262.399971008301,250000.0,5
2015-08-17,EIX-PNW,3475.808811187744,250000.0,5
2015-08-17,MA-WFC,1168.7926406860352,250000.0,5
2015-08-18,EIX-PNW,3385.895938873291,250000.0,5
2015-08-21,FFIV-MSFT,0.0,250000.0,5
2015-08-21,EIX-PNW,0.0,250000.0,5
2015-08-21,COP-CVX,0.0,250000.0,5
2015-08-24,FFIV-MSFT,-3244.9166946411133,250000.0,5
2015-08-24,COP-CVX,-1091.303295135498,250000.0,5
2015-08-24,COST-KDP,0.0,250000.0,5
2015-08-24,MA-WFC,0.0,250000.0,5
2015-08-24,MET-RF,0.0,250000.0,5
2015-08-24,DGX-IQV,0.0,250000.0,5
2015-08-25,COP-CVX,-4735.671859741211,250000.0,5
2015-08-25,MA-WFC,-3948.9044189453125,250000.0,5
2015-08-25,MET-RF,-2935.090509414673,250000.0,5
2015-08-25,DGX-IQV,5059.785301208496,250000.0,5
2015-08-25,AME-EME,0.0,250000.0,5
2015-08-26,COP-CVX,-21.409059524536133,250000.0,5
2015-08-26,MA-WFC,-2755.015411376953,250000.0,5
2015-08-26,MET-RF,2520.948450088501,250000.0,5
2015-08-26,COST-KDP,0.0,250000.0,5
2015-08-27,MET-RF,5364.677400588989,250000.0,5
2015-08-27,COST-KDP,-2147.9656620025635,250000.0,5
2015-08-28,MET-RF,7322.5586013793945,250000.0,5
2015-08-28,COST-KDP,-1530.2094898223877,250000.0,5
2015-08-31,MET-RF,7278.091550827026,250000.0,5
2015-08-31,COST-KDP,-2944.9299268722534,250000.0,5
2015-08-31,ES-WEC,0.0,250000.0,5
2015-07-01,KO-PG,0.0,250000.0,6
2015-07-02,KO-PG,-708.1868782043457,250000.0,6
2015-07-06,KO-PG,-1433.0596885681152,250000.0,6
2015-07-07,KO-PG,-2537.3505058288574,250000.0,6
2015-07-08,KO-PG,-2189.9896507263184,250000.0,6
2015-07-08,NEE-PCG,0.0,250000.0,6
2015-07-08,CPAY-RJF,0.0,250000.0,6
2015-07-09,KO-PG,-856.4056816101074,250000.0,6
2015-07-09,CPAY-RJF,2471.846176147461,250000.0,6
2015-07-10,KO-PG,574.1896324157715,250000.0,6
2015-07-13,KO-PG,-1091.7854194641113,250000.0,6
2015-07-14,KO-PG,1039.7857818603516,250000.0,6
2015-07-15,KO-PG,495.7294731140137,250000.0,6
2015-07-16,KO-PG,1767.9197807312012,250000.0,6
2015-07-17,KO-PG,811.0167999267578,250000.0,6
2015-07-20,KO-PG,1615.10404586792,250000.0,6
2015-07-23,AME-EME,0.0,250000.0,6
2015-07-23,COST-KDP,0.0,250000.0,6
2015-07-24,AME-EME,-876.8529853820801,250000.0,6
2015-07-24,COST-KDP,2676.984314918518,250000.0,6
2015-07-24,BIIB-LH,0.0,250000.0,6
2015-07-24,DGX-PFE,0.0,250000.0,6
2015-07-27,AME-EME,3034.37650680542,250000.0,6
2015-07-27,COST-KDP,2427.724370956421,250000.0,6
2015-07-27,BIIB-LH,4420.574043273926,250000.0,6
2015-07-27,DGX-PFE,1808.7373542785645,250000.0,6
2015-07-28,AME-EME,2870.534683227539,250000.0,6
2015-07-28,BIIB-LH,7261.836570739746,250000.0,6
2015-07-28,ALLE-TT,0.0,250000.0,6
2015-07-28,TAP-WMT,0.0,250000.0,6
2015-07-29,BIIB-LH,-3570.6071014404297,250000.0,6
2015-07-29,ALLE-TT,1258.2418899536133,250000.0,6
2015-07-30,BIIB-LH,-791.8243255615234,250000.0,6
2015-07-30,KO-PG,0.0,250000.0,6
2015-07-31,KO-PG,-4013.9483070373535,250000.0,6
2015-08-20,DGX-PFE,0.0,250000.0,6
2015-08-20,ORLY-TSCO,0.0,250000.0,6
2015-08-21,ORLY-TSCO,-4413.112196922302,250000.0,6
2015-08-21,PNR-RSG,0.0,250000.0,6
2015-08-24,APH-MPWR,0.0,250000.0,6
2015-08-24,COST-KDP,0.0,250000.0,6
2015-08-24,DGX-PFE,0.0,250000.0,6
2015-08-24,NEE-PCG,0.0,250000.0,6
2015-08-25,APH-MPWR,4962.433786392212,250000.0,6
2015-08-25,DGX-PFE,-3302.3435440063477,250000.0,6
2015-08-25,NEE-PCG,-3192.763521194458,250000.0,6
2015-08-25,AME-EME,0.0,250000.0,6
2015-08-26,APH-MPWR,1662.2840452194214,250000.0,6
2015-08-26,DGX-PFE,1765.1477737426758,250000.0,6
2015-08-26,NEE-PCG,-3919.170965194702,250000.0,6
2015-08-26,COST-KDP,0.0,250000.0,6
2015-08-26,ABT-WAT,0.0,250000.0,6
2015-08-27,DGX-PFE,6274.504196166992,250000.0,6
2015-08-27,NEE-PCG,-361.94947052001953,250000.0,6
2015-08-27,COST-KDP,-2147.9656620025635,250000.0,6
2015-08-27,ABT-WAT,-724.7581100463867,250000.0,6
2015-08-28,DGX-PFE,1876.505630493164,250000.0,6
2015-08-28,NEE-PCG,735.3239192962646,250000.0,6
2015-08-28,COST-KDP,-1530.2094898223877,250000.0,6
2015-08-28,ABT-WAT,2360.25439453125,250000.0,6
2015-08-31,DGX-PFE,3.29693603515625,250000.0,6
2015-08-31,NEE-PCG,1999.3788146972656,250000.0,6
2015-08-31,COST-KDP,-2944.9299268722534,250000.0,6
2015-09-01,DGX-PFE,-3701.335838317871,250000.0,6
2015-09-01,NEE-PCG,-1558.3717079162598,250000.0,6
2015-09-01,COST-KDP,-4192.753450393677,250000.0,6
2015-09-02,DGX-PFE,-178.3741226196289,250000.0,6
2015-09-02,NEE-PCG,-816.8237438201904,250000.0,6
2015-09-02,COST-KDP,-3983.17200756073,250000.0,6
2015-09-03,DGX-PFE,-1326.9427337646484,250000.0,6
2015-09-03,NEE-PCG,810.9010467529297,250000.0,6
2015-09-03,COST-KDP,-2978.777159690857,250000.0,6
2015-09-04,DGX-PFE,-2869.81583404541,250000.0,6
2015-09-04,NEE-PCG,-1784.5441627502441,250000.0,6
2015-09-04,COST-KDP,-3332.8558053970337,250000.0,6
2015-09-08,DGX-PFE,4548.417617797852,250000.0,6
2015-09-08,NEE-PCG,134.0854721069336,250000.0,6
2015-09-08,COST-KDP,-2290.2433223724365,250000.0,6
2015-09-08,ES-PNW,0.0,250000.0,6
2015-09-09,DGX-PFE,1109.0460968017578,250000.0,6
2015-09-09,COST-KDP,-4614.719473838806,250000.0,6
2015-09-09,ES-PNW,-1600.963212966919,250000.0,6
2015-09-10,DGX-PFE,6443.150695800781,250000.0,6
2015-09-10,ES-PNW,-611.9383201599121,250000.0,6
2015-09-10,AMT-WY,0.0,250000.0,6
2015-09-11,ES-PNW,-267.2782497406006,250000.0,6
2015-09-11,AMT-WY,1137.7815246582031,250000.0,6
2015-09-11,GLW-MRVL,0.0,250000.0,6
2015-09-14,ES-PNW,278.4927978515625,250000.0,6
2015-09-14,AMT-WY,1773.9409065246582,250000.0,6
2015-09-14,GLW-MRVL,-5430.294500350952,250000.0,6
2015-09-15,ES-PNW,1616.8761558532715,250000.0,6
2015-09-15,AMT-WY,1115.4266815185547,250000.0,6
2015-09-15,GLW-MRVL,-11353.814435958862,250000.0,6
2015-09-15,AME-EME,0.0,250000.0,6
2015-09-15,TAP-WMT,0.0,250000.0,6
2015-09-16,ES-PNW,-2137.042995452881,250000.0,6
2015-09-16,AMT-WY,-7199.68741607666,250000.0,6
2015-09-16,GLW-MRVL,-4473.539420127869,250000.0,6
2015-09-16,AME-EME,303.3672790527344,250000.0,6
2015-09-17,ES-PNW,493.430419921875,250000.0,6
2015-09-17,GLW-MRVL,-6216.785368919373,250000.0,6
2015-09-17,AME-EME,130.38486099243164,250000.0,6
2015-09-17,CPAY-RJF,0.0,250000.0,6
2015-09-18,ES-PNW,-2043.8217124938965,250000.0,6
2015-09-18,GLW-MRVL,-4581.827835083008,250000.0,6
2015-09-18,AME-EME,-1182.8663330078125,250000.0,6
2015-09-18,CPAY-RJF,-5378.015110015869,250000.0,6
2015-09-18,NEE-PCG,0.0,250000.0,6
2015-09-21,ES-PNW,-2549.4885025024414,250000.0,6
2015-09-21,GLW-MRVL,-2999.151756286621,250000.0,6
2015-09-21,AME-EME,-2062.849220275879,250000.0,6
2015-09-21,NEE-PCG,-1603.18430519104,250000.0,6
2015-09-22,ES-PNW,-2403.267074584961,250000.0,6
2015-09-22,GLW-MRVL,10920.775835037231,250000.0,6
2015-09-22,AME-EME,-562.1347236633301,250000.0,6
2015-09-22,NEE-PCG,-5060.327054977417,250000.0,6
2015-09-23,GLW-MRVL,10851.068490028381,250000.0,6
2015-09-23,AME-EME,1055.9804725646973,250000.0,6
2015-09-23,NEE-PCG,-7929.611722946167,250000.0,6
2015-09-23,COST-KDP,0.0,250000.0,6
2015-09-24,GLW-MRVL,21042.22877883911,250000.0,6
2015-09-24,AME-EME,1395.8344230651855,250000.0,6
2015-09-24,COST-KDP,1732.9069089889526,250000.0,6
2015-09-25,AME-EME,1380.6382484436035,250000.0,6
2015-09-25,COST-KDP,1627.437147140503,250000.0,6
2015-09-28,AME-EME,-1597.4037818908691,250000.0,6
2015-09-28,COST-KDP,2346.8102922439575,250000.0,6
2015-09-28,ELV-HUM,0.0,250000.0,6
2015-09-29,ELV-HUM,940.3226013183594,250000.0,6
2015-09-30,ELV-HUM,3397.5474700927734,250000.0,6
2015-09-30,AME-EME,0.0,250000.0,6
2015-08-06,ITW-MMM,0.0,250000.0,7
2015-08-07,ITW-MMM,-823.6571960449219,250000.0,7
2015-08-07,KEY-NTRS,0.0,250000.0,7
2015-08-07,FLEX-NVDA,0.0,250000.0,7
2015-08-10,ITW-MMM,-2190.0504989624023,250000.0,7
2015-08-10,KEY-NTRS,2966.1506385803223,250000.0,7
2015-08-10,FLEX-NVDA,-5365.002168893814,250000.0,7
2015-08-11,ITW-MMM,-1306.2743301391602,250000.0,7
2015-08-11,KEY-NTRS,1409.3029556274414,250000.0,7
2015-08-11,FLEX-NVDA,-7094.245670795441,250000.0,7
2015-08-11,BRO-TFC,0.0,250000.0,7
2015-08-12,ITW-MMM,-1545.0491943359375,250000.0,7
2015-08-12,KEY-NTRS,-913.2034902572632,250000.0,7
2015-08-12,FLEX-NVDA,-6533.074640989304,250000.0,7
2015-08-12,BRO-TFC,-2431.300994873047,250000.0,7
2015-08-12,COF-FITB,0.0,250000.0,7
2015-08-13,KEY-NTRS,1255.4780654907227,250000.0,7
2015-08-13,FLEX-NVDA,-4964.348670005798,250000.0,7
2015-08-13,BRO-TFC,-1723.810736656189,250000.0,7
2015-08-13,COF-FITB,1690.594241142273,250000.0,7
2015-08-14,KEY-NTRS,2213.8345651626587,250000.0,7
2015-08-14,FLEX-NVDA,-4119.6492747068405,250000.0,7
2015-08-14,BRO-TFC,-389.3158130645752,250000.0,7
2015-08-14,COF-FITB,4067.5418462753296,250000.0,7
2015-08-17,KEY-NTRS,2078.669334411621,250000.0,7
2015-08-17,FLEX-NVDA,-2336.117077589035,250000.0,7
2015-08-17,BRO-TFC,-742.667854309082,250000.0,7
2015-08-17,COF-FITB,3648.2221670150757,250000.0,7
2015-08-18,KEY-NTRS,3256.339868545532,250000.0,7
2015-08-18,FLEX-NVDA,-1385.6649034023285,250000.0,7
2015-08-18,BRO-TFC,-2243.911687850952,250000.0,7
2015-08-19,KEY-NTRS,1029.933837890625,250000.0,7
2015-08-19,FLEX-NVDA,-2375.0697333812714,250000.0,7
2015-08-19,BRO-TFC,-1616.533356666565,250000.0,7
2015-08-20,KEY-NTRS,896.5725955963135,250000.0,7
2015-08-20,FLEX-NVDA,3202.424276828766,250000.0,7
2015-08-20,BRO-TFC,-2561.2754793167114,250000.0,7
2015-08-20,DHI-TSCO,0.0,250000.0,7
2015-08-20,EXPD-HON,0.0,250000.0,7
2015-08-21,KEY-NTRS,1226.6214818954468,250000.0,7
2015-08-21,FLEX-NVDA,7402.307745814323,250000.0,7
2015-08-21,BRO-TFC,-3665.4109258651733,250000.0,7
2015-08-21,DHI-TSCO,-9618.457648277283,250000.0,7
2015-08-21,ITW-MMM,0.0,250000.0,7
2015-08-21,FFIV-MSFT,0.0,250000.0,7
2015-08-24,FLEX-NVDA,9180.205306172371,250000.0,7
2015-08-24,DHI-TSCO,-11346.272124290466,250000.0,7
2015-08-24,ITW-MMM,-2649.4246673583984,250000.0,7
2015-08-24,FFIV-MSFT,-3244.9166946411133,250000.0,7
2015-08-24,APH-MPWR,0.0,250000.0,7
2015-08-24,SYF-V,0.0,250000.0,7
2015-08-24,COF-FITB,0.0,250000.0,7
2015-08-24,EXPD-HON,0.0,250000.0,7
2015-08-25,FLEX-NVDA,11146.538842082024,250000.0,7
2015-08-25,DHI-TSCO,-9577.417083740234,250000.0,7
2015-08-25,APH-MPWR,4962.433786392212,250000.0,7
2015-08-25,SYF-V,-4009.9516201019287,250000.0,7
2015-08-25,COF-FITB,-4551.659467697144,250000.0,7
2015-08-25,EXPD-HON,-4528.706802368164,250000.0,7
2015-08-26,FLEX-NVDA,804.7371071577072,250000.0,7
2015-08-26,APH-MPWR,1662.2840452194214,250000.0,7
2015-08-26,COF-FITB,5161.744375228882,250000.0,7
2015-08-26,EXPD-HON,3792.8345794677734,250000.0,7
2015-08-26,CINF-JKHY,0.0,250000.0,7
2015-08-27,EXPD-HON,7906.4936447143555,250000.0,7
2015-09-11,GLW-MRVL,0.0,250000.0,7
2015-09-14,GLW-MRVL,-5430.294500350952,250000.0,7
2015-09-15,GLW-MRVL,-11353.814435958862,250000.0,7
2015-09-15,TAP-WMT,0.0,250000.0,7
2015-09-16,GLW-MRVL,-4473.539420127869,250000.0,7
2015-09-17,GLW-MRVL,-6216.785368919373,250000.0,7
2015-09-17,BRO-TFC,0.0,250000.0,7
2015-09-18,GLW-MRVL,-4581.827835083008,250000.0,7
2015-09-18,ITW-MMM,0.0,250000.0,7
2015-09-21,GLW-MRVL,-2999.151756286621,250000.0,7
2015-09-21,ITW-MMM,2100.184112548828,250000.0,7
2015-09-22,GLW-MRVL,10920.775835037231,250000.0,7
2015-09-22,ITW-MMM,388.0984649658203,250000.0,7
2015-09-22,KO-SJM,0.0,250000.0,7
2015-09-23,GLW-MRVL,10851.068490028381,250000.0,7
2015-09-23,ITW-MMM,642.6410903930664,250000.0,7
2015-09-23,KO-SJM,684.9107151031494,250000.0,7
2015-09-24,GLW-MRVL,21042.22877883911,250000.0,7
2015-09-24,ITW-MMM,1371.9620208740234,250000.0,7
2015-09-24,KO-SJM,988.1296539306641,250000.0,7
2015-09-25,KO-SJM,3726.336902618408,250000.0,7
2015-09-28,KO-SJM,614.3810119628906,250000.0,7
2015-09-28,SYF-V,0.0,250000.0,7
2015-09-28,JNJ-PODD,0.0,250000.0,7
2015-09-28,CINF-JKHY,0.0,250000.0,7
2015-09-29,KO-SJM,-234.08590126037598,250000.0,7
2015-09-29,SYF-V,5424.974178314209,250000.0,7
2015-09-29,JNJ-PODD,-4285.24861907959,250000.0,7
2015-09-29,CINF-JKHY,170.0751075744629,250000.0,7
2015-09-29,DE-SWK,0.0,250000.0,7
2015-09-30,KO-SJM,3858.6029148101807,250000.0,7
2015-09-30,SYF-V,8593.650581359863,250000.0,7
2015-09-30,JNJ-PODD,-2414.087127685547,250000.0,7
2015-09-30,CINF-JKHY,795.6834526062012,250000.0,7
2015-10-01,KO-SJM,2332.553020477295,250000.0,7
2015-10-01,JNJ-PODD,2410.7216796875,250000.0,7
2015-10-02,JNJ-PODD,11752.468021392822,250000.0,7
2015-10-02,KEY-NTRS,0.0,250000.0,7
2015-10-05,KEY-NTRS,15.303352355957031,250000.0,7
2015-10-06,KEY-NTRS,-750.7226943969727,250000.0,7
2015-10-07,KEY-NTRS,499.7101364135742,250000.0,7
2015-10-08,KEY-NTRS,447.29067611694336,250000.0,7
2015-10-14,ITW-MMM,0.0,250000.0,7
2015-10-15,ITW-MMM,55.37931823730469,250000.0,7
2015-10-15,CINF-JKHY,0.0,250000.0,7
2015-10-16,ITW-MMM,-2290.58895111084,250000.0,7
2015-10-16,CINF-JKHY,-1045.8427047729492,250000.0,7
2015-10-19,ITW-MMM,-1807.2581024169922,250000.0,7
2015-10-19,CINF-JKHY,-1096.2425231933594,250000.0,7
2015-10-20,ITW-MMM,-892.8990783691406,250000.0,7
2015-10-21,ITW-MMM,-1006.3635559082031,250000.0,7
2015-10-21,KEY-NTRS,0.0,250000.0,7
2015-10-21,COF-FITB,0.0,250000.0,7
2015-10-21,JNJ-PODD,0.0,250000.0,7
2015-10-22,ITW-MMM,-1157.4529113769531,250000.0,7
2015-10-22,KEY-NTRS,3123.900852203369,250000.0,7
2015-10-22,COF-FITB,3444.8376331329346,250000.0,7
2015-10-22,DE-SWK,0.0,250000.0,7
2015-10-23,ITW-MMM,1929.6176223754883,250000.0,7
2015-10-23,KEY-NTRS,1746.4862594604492,250000.0,7
2015-10-23,COF-FITB,-3031.5120029449463,250000.0,7
2015-10-23,DE-SWK,-381.46783447265625,250000.0,7
2015-10-23,FFIV-MSFT,0.0,250000.0,7
2015-10-26,ITW-MMM,1026.7912368774414,250000.0,7
2015-10-26,KEY-NTRS,2081.332139968872,250000.0,7
2015-10-26,COF-FITB,-2377.975082397461,250000.0,7
2015-10-26,DE-SWK,-3690.4816131591797,250000.0,7
2015-10-26,FFIV-MSFT,-6228.613468170166,250000.0,7
2015-10-27,ITW-MMM,319.8179016113281,250000.0,7
2015-10-27,COF-FITB,-4494.397607803345,250000.0,7
2015-10-27,DE-SWK,-4662.196220397949,250000.0,7
2015-10-27,FFIV-MSFT,-3344.7232818603516,250000.0,7
2015-10-28,ITW-MMM,2041.698226928711,250000.0,7
2015-10-28,DE-SWK,-4394.384078979492,250000.0,7
2015-10-28,FFIV-MSFT,-4008.32430267334,250000.0,7
2015-10-29,DE-SWK,-3557.457015991211,250000.0,7
2015-10-29,FFIV-MSFT,-8666.005859375,250000.0,7
2015-10-29,FLEX-NVDA,0.0,250000.0,7
2015-10-30,DE-SWK,-2681.7528076171875,250000.0,7
2015-10-30,FFIV-MSFT,-5180.613739013672,250000.0,7
2015-10-30,FLEX-NVDA,6724.6598097682,250000.0,7
2015-10-30,KEY-NTRS,0.0,250000.0,7
2015-09-08,AFL-WTW,0.0,250000.0,8
2015-09-08,ES-PNW,0.0,250000.0,8
2015-09-09,AFL-WTW,-2148.009662628174,250000.0,8
2015-09-09,ES-PNW,-1600.963212966919,250000.0,8
2015-09-10,AFL-WTW,1812.1965618133545,250000.0,8
2015-09-10,ES-PNW,-611.9383201599121,250000.0,8
2015-09-11,ES-PNW,-267.2782497406006,250000.0,8
2015-09-11,GLW-MRVL,0.0,250000.0,8
2015-09-14,ES-PNW,278.4927978515625,250000.0,8
2015-09-14,GLW-MRVL,-5430.294500350952,250000.0,8
2015-09-15,ES-PNW,1616.8761558532715,250000.0,8
2015-09-15,GLW-MRVL,-11353.814435958862,250000.0,8
2015-09-15,AME-EME,0.0,250000.0,8
2015-09-15,TAP-WMT,0.0,250000.0,8
2015-09-16,ES-PNW,-2137.042995452881,250000.0,8
2015-09-16,GLW-MRVL,-4473.539420127869,250000.0,8
2015-09-16,AME-EME,303.3672790527344,250000.0,8
2015-09-17,ES-PNW,493.430419921875,250000.0,8
2015-09-17,GLW-MRVL,-6216.785368919373,250000.0,8
2015-09-17,AME-EME,130.38486099243164,250000.0,8
2015-09-17,BRO-SCHW,0.0,250000.0,8
2015-09-18,ES-PNW,-2043.8217124938965,250000.0,8
2015-09-18,GLW-MRVL,-4581.827835083008,250000.0,8
2015-09-18,AME-EME,-1182.8663330078125,250000.0,8
2015-09-18,BRO-SCHW,1178.6391773223877,250000.0,8
2015-09-18,ADBE-SNPS,0.0,250000.0,8
2015-09-18,VRTX-WST,0.0,250000.0,8
2015-09-18,ITW-MMM,0.0,250000.0,8
2015-09-21,ES-PNW,-2549.4885025024414,250000.0,8
2015-09-21,GLW-MRVL,-2999.151756286621,250000.0,8
2015-09-21,AME-EME,-2062.849220275879,250000.0,8
2015-09-21,BRO-SCHW,1332.192050933838,250000.0,8
2015-09-21,ADBE-SNPS,-3655.292381286621,250000.0,8
2015-09-21,VRTX-WST,-4786.034088134766,250000.0,8
2015-09-21,ITW-MMM,2100.184112548828,250000.0,8
2015-09-22,ES-PNW,-2403.267074584961,250000.0,8
2015-09-22,GLW-MRVL,10920.775835037231,250000.0,8
2015-09-22,AME-EME,-562.1347236633301,250000.0,8
2015-09-22,BRO-SCHW,35.7873477935791,250000.0,8
2015-09-22,ITW-MMM,388.0984649658203,250000.0,8
2015-09-23,GLW-MRVL,10851.068490028381,250000.0,8
2015-09-23,AME-EME,1055.9804725646973,250000.0,8
2015-09-23,BRO-SCHW,3736.4732780456543,250000.0,8
2015-09-23,ITW-MMM,642.6410903930664,250000.0,8
2015-09-24,GLW-MRVL,21042.22877883911,250000.0,8
2015-09-24,AME-EME,1395.8344230651855,250000.0,8
2015-09-24,BRO-SCHW,-757.6042060852051,250000.0,8
2015-09-24,ITW-MMM,1371.9620208740234,250000.0,8
2015-09-24,AFL-WTW,0.0,250000.0,8
2015-09-25,AME-EME,1380.6382484436035,250000.0,8
2015-09-25,BRO-SCHW,2418.8875370025635,250000.0,8
2015-09-25,AFL-WTW,-150.4643383026123,250000.0,8
2015-09-28,AME-EME,-1597.4037818908691,250000.0,8
2015-09-28,BRO-SCHW,173.84173011779785,250000.0,8
2015-09-28,AFL-WTW,757.9835929870605,250000.0,8
2015-09-28,SYF-V,0.0,250000.0,8
2015-09-28,ICE-MA,0.0,250000.0,8
2015-09-29,BRO-SCHW,2692.0853233337402,250000.0,8
2015-09-29,AFL-WTW,-1305.477487564087,250000.0,8
2015-09-29,SYF-V,5424.974178314209,250000.0,8
2015-09-29,ICE-MA,1236.430763244629,250000.0,8
2015-09-29,EFX-TDG,0.0,250000.0,8
2015-09-30,AFL-WTW,-683.7552165985107,250000.0,8
2015-09-30,SYF-V,8593.650581359863,250000.0,8
2015-09-30,ICE-MA,2177.904281616211,250000.0,8
2015-09-30,EFX-TDG,-2149.044189453125,250000.0,8
2015-09-30,AME-EME,0.0,250000.0,8
2015-10-01,AFL-WTW,63.25908279418945,250000.0,8
2015-10-01,ICE-MA,4488.744487762451,250000.0,8
2015-10-01,EFX-TDG,-432.815673828125,250000.0,8
2015-10-01,AME-EME,673.1933746337891,250000.0,8
2015-10-02,AFL-WTW,1142.369041442871,250000.0,8
2015-10-02,EFX-TDG,305.7860107421875,250000.0,8
2015-10-02,AME-EME,-4440.818542480469,250000.0,8
2015-10-02,KEY-NTRS,0.0,250000.0,8
2015-10-05,AFL-WTW,1650.0856475830078,250000.0,8
2015-10-05,EFX-TDG,-1095.6618041992188,250000.0,8
2015-10-05,AME-EME,-3853.8956298828125,250000.0,8
2015-10-05,KEY-NTRS,15.303352355957031,250000.0,8
2015-10-06,AFL-WTW,1390.973882675171,250000.0,8
2015-10-06,EFX-TDG,-7624.828552246094,250000.0,8
2015-10-06,AME-EME,-1552.7030639648438,250000.0,8
2015-10-06,KEY-NTRS,-750.7226943969727,250000.0,8
2015-10-06,EVRG-PNW,0.0,250000.0,8
2015-10-07,AFL-WTW,-1830.651237487793,250000.0,8
2015-10-07,EFX-TDG,-7747.201354980469,250000.0,8
2015-10-07,AME-EME,-2562.6136322021484,250000.0,8
2015-10-07,KEY-NTRS,499.7101364135742,250000.0,8
2015-10-07,EVRG-PNW,-1136.1016483306885,250000.0,8
2015-10-07,ADBE-SNPS,0.0,250000.0,8
2015-10-08,AFL-WTW,-3681.3609409332275,250000.0,8
2015-10-08,EFX-TDG,-6589.505859375,250000.0,8
2015-10-08,AME-EME,-2491.179000854492,250000.0,8
2015-10-08,KEY-NTRS,447.29067611694336,250000.0,8
2015-10-08,EVRG-PNW,-1653.2484550476074,250000.0,8
2015-10-08,ADBE-SNPS,1985.4865913391113,250000.0,8
2015-10-09,EFX-TDG,-7118.2364501953125,250000.0,8
2015-10-09,AME-EME,1596.9686737060547,250000.0,8
2015-10-09,EVRG-PNW,-1971.0304565429688,250000.0,8
2015-10-09,ADBE-SNPS,3260.5938262939453,250000.0,8
2015-10-09,PLD-WELL,0.0,250000.0,8
2015-10-12,EFX-TDG,-5973.90380859375,250000.0,8
2015-10-12,AME-EME,2989.653823852539,250000.0,8
2015-10-12,ADBE-SNPS,3108.4241485595703,250000.0,8
2015-10-12,PLD-WELL,-2926.888952255249,250000.0,8
2015-10-13,EFX-TDG,-5582.377685546875,250000.0,8
2015-10-13,AME-EME,1802.2243957519531,250000.0,8
2015-10-13,ADBE-SNPS,5291.449600219727,250000.0,8
2015-10-13,PLD-WELL,-533.3190574645996,250000.0,8
2015-10-14,AME-EME,2756.6570434570312,250000.0,8
2015-10-14,ADBE-SNPS,5744.75687789917,250000.0,8
2015-10-14,ITW-MMM,0.0,250000.0,8
2015-10-15,AME-EME,827.3983306884766,250000.0,8
2015-10-15,ITW-MMM,55.37931823730469,250000.0,8
2015-10-16,ITW-MMM,-2290.58895111084,250000.0,8
2015-10-19,ITW-MMM,-1807.2581024169922,250000.0,8
2015-10-19,CRH-SW,0.0,250000.0,8
2015-10-20,ITW-MMM,-892.8990783691406,250000.0,8
2015-10-20,CRH-SW,317.947021484375,250000.0,8
2015-10-21,ITW-MMM,-1006.3635559082031,250000.0,8
2015-10-21,CRH-SW,-1763.0626220703125,250000.0,8
2015-10-21,AME-EME,0.0,250000.0,8
2015-10-21,KEY-NTRS,0.0,250000.0,8
2015-10-22,ITW-MMM,-1157.4529113769531,250000.0,8
2015-10-22,CRH-SW,-2225.4905700683594,250000.0,8
2015-10-22,KEY-NTRS,3123.900852203369,250000.0,8
2015-10-22,ADBE-SNPS,0.0,250000.0,8
2015-10-23,ITW-MMM,1929.6176223754883,250000.0,8
2015-10-23,CRH-SW,-3757.306396484375,250000.0,8
2015-10-23,KEY-NTRS,1746.4862594604492,250000.0,8
2015-10-23,ADBE-SNPS,-1860.486831665039,250000.0,8
2015-10-23,PLD-WELL,0.0,250000.0,8
2015-10-26,ITW-MMM,1026.7912368774414,250000.0,8
2015-10-26,CRH-SW,-2398.8983154296875,250000.0,8
2015-10-26,KEY-NTRS,2081.332139968872,250000.0,8
2015-10-26,ADBE-SNPS,-1660.9221954345703,250000.0,8
2015-10-26,PLD-WELL,-3128.087959289551,250000.0,8
2015-10-27,ITW-MMM,319.8179016113281,250000.0,8
2015-10-27,CRH-SW,-375.72772216796875,250000.0,8
2015-10-27,ADBE-SNPS,112.9273681640625,250000.0,8
2015-10-27,PLD-WELL,-1836.5379333496094,250000.0,8
2015-10-27,ICE-MA,0.0,250000.0,8
2015-10-28,ITW-MMM,2041.698226928711,250000.0,8
2015-10-28,CRH-SW,-1965.3825988769531,250000.0,8
2015-10-28,ICE-MA,3001.38419342041,250000.0,8
2015-10-28,AME-EME,0.0,250000.0,8
2015-10-28,AIG-JPM,0.0,250000.0,8
2015-10-28,VRTX-WST,0.0,250000.0,8
2015-10-29,CRH-SW,-780.3822631835938,250000.0,8
2015-10-29,ICE-MA,1688.1360702514648,250000.0,8
2015-10-29,AME-EME,722.1109275817871,250000.0,8
2015-10-29,AIG-JPM,683.3903961181641,250000.0,8
2015-10-29,VRTX-WST,3259.4409790039062,250000.0,8
2015-10-30,CRH-SW,-1734.1649780273438,250000.0,8
2015-10-30,ICE-MA,3472.2593841552734,250000.0,8
2015-10-30,AME-EME,-2042.4837760925293,250000.0,8
2015-10-30,AIG-JPM,-1055.9776802062988,250000.0,8
2015-10-30,VRTX-WST,2761.190887451172,250000.0,8
2015-10-30,KEY-NTRS,0.0,250000.0,8
2015-11-02,CRH-SW,-3323.7979736328125,250000.0,8
2015-11-02,ICE-MA,-1081.159954071045,250000.0,8
2015-11-02,AME-EME,-4757.9744873046875,250000.0,8
2015-11-02,AIG-JPM,823.976375579834,250000.0,8
2015-11-02,VRTX-WST,708.8263397216797,250000.0,8
2015-11-02,KEY-NTRS,3423.397886276245,250000.0,8
2015-11-03,ICE-MA,1324.5888366699219,250000.0,8
2015-11-03,AME-EME,-6447.483173370361,250000.0,8
2015-11-03,VRTX-WST,492.0058135986328,250000.0,8
2015-11-03,KEY-NTRS,1860.8947429656982,250000.0,8
2015-11-04,ICE-MA,2495.178478240967,250000.0,8
2015-11-04,AME-EME,-3411.1807823181152,250000.0,8
2015-11-04,VRTX-WST,-5557.989639282227,250000.0,8
2015-11-04,KEY-NTRS,849.9010066986084,250000.0,8
2015-11-05,ICE-MA,2152.7120056152344,250000.0,8
2015-11-05,AME-EME,-2249.597099304199,250000.0,8
2015-11-05,KEY-NTRS,217.8688678741455,250000.0,8
2015-11-06,ICE-MA,3701.61824798584,250000.0,8
2015-11-06,AME-EME,-3263.326301574707,250000.0,8
2015-11-06,KEY-NTRS,1571.3022136688232,250000.0,8
2015-11-06,BRO-SCHW,0.0,250000.0,8
2015-11-09,ICE-MA,1717.8737487792969,250000.0,8
2015-11-09,AME-EME,-604.8316917419434,250000.0,8
2015-11-09,KEY-NTRS,828.7694244384766,250000.0,8
2015-11-09,BRO-SCHW,-4897.169689178467,250000.0,8
2015-11-10,ICE-MA,694.5086860656738,250000.0,8
2015-11-10,AME-EME,-2130.800594329834,250000.0,8
2015-11-10,KEY-NTRS,-1021.9270401000977,250000.0,8
2015-11-10,BRO-SCHW,-919.288745880127,250000.0,8
2015-11-11,ICE-MA,1099.0112915039062,250000.0,8
2015-11-11,AME-EME,-4816.234241485596,250000.0,8
2015-11-11,KEY-NTRS,-2586.7373695373535,250000.0,8
2015-11-11,BRO-SCHW,-323.3652935028076,250000.0,8
2015-11-11,ITW-MMM,0.0,250000.0,8
2015-11-12,KEY-NTRS,-2345.389944076538,250000.0,8
2015-11-12,BRO-SCHW,499.2007532119751,250000.0,8
2015-11-12,ITW-MMM,383.1680145263672,250000.0,8
2015-11-12,AMCR-PPG,0.0,250000.0,8
2015-11-13,KEY-NTRS,-3833.6967792510986,250000.0,8
2015-11-13,BRO-SCHW,-4446.592535018921,250000.0,8
2015-11-13,ITW-MMM,651.0658874511719,250000.0,8
2015-11-13,AMCR-PPG,4082.2125244140625,250000.0,8
2015-11-16,BRO-SCHW,-444.97101306915283,250000.0,8
2015-11-16,ITW-MMM,687.9635162353516,250000.0,8
2015-11-16,AMCR-PPG,6904.316101074219,250000.0,8
2015-11-17,BRO-SCHW,-4348.564756393433,250000.0,8
2015-11-17,ITW-MMM,159.6872100830078,250000.0,8
2015-11-17,AMCR-PPG,6299.604797363281,250000.0,8
2015-11-18,BRO-SCHW,1864.622883796692,250000.0,8
2015-11-19,BRO-SCHW,5768.667845726013,250000.0,8
2015-11-20,BRO-SCHW,9446.964656829834,250000.0,8
2015-11-20,ADBE-SNPS,0.0,250000.0,8
2015-11-23,BRO-SCHW,7209.645669937134,250000.0,8
2015-11-23,ADBE-SNPS,6388.610401153564,250000.0,8
2015-11-24,BRO-SCHW,6861.133117675781,250000.0,8
2015-11-24,ADBE-SNPS,6440.591590881348,250000.0,8
2015-11-25,BRO-SCHW,3529.506893157959,250000.0,8
2015-11-25,ADBE-SNPS,8137.168300628662,250000.0,8
2015-11-25,CRH-SW,0.0,250000.0,8
2015-11-27,BRO-SCHW,3330.438896179199,250000.0,8
2015-11-27,CRH-SW,-2406.835433959961,250000.0,8
2015-11-30,BRO-SCHW,4598.4554052352905,250000.0,8
2015-11-30,CRH-SW,-1321.416893005371,250000.0,8
2015-10-01,BDX-PFE,0.0,250000.0,9
2015-10-02,BDX-PFE,-4214.936428070068,250000.0,9
2015-10-05,BDX-PFE,-4543.057544708252,250000.0,9
2015-10-06,BDX-PFE,-3292.1494178771973,250000.0,9
2015-10-07,BDX-PFE,-2617.296829223633,250000.0,9
2015-10-08,BDX-PFE,-1255.4495658874512,250000.0,9
2015-10-09,BDX-PFE,-1322.0124206542969,250000.0,9
2015-10-09,PLD-WELL,0.0,250000.0,9
2015-10-12,BDX-PFE,50.162994384765625,250000.0,9
2015-10-12,PLD-WELL,-2926.888952255249,250000.0,9
2015-10-13,BDX-PFE,-756.3558311462402,250000.0,9
2015-10-13,PLD-WELL,-533.3190574645996,250000.0,9
2015-10-14,BDX-PFE,-3223.8035621643066,250000.0,9
2015-10-14,ITW-MMM,0.0,250000.0,9
2015-10-15,ITW-MMM,55.37931823730469,250000.0,9
2015-10-16,ITW-MMM,-2290.58895111084,250000.0,9
2015-10-19,ITW-MMM,-1807.2581024169922,250000.0,9
2015-10-20,ITW-MMM,-892.8990783691406,250000.0,9
2015-10-21,ITW-MMM,-1006.3635559082031,250000.0,9
2015-10-21,AME-EME,0.0,250000.0,9
2015-10-21,EG-NTRS,0.0,250000.0,9
2015-10-21,BDX-ZTS,0.0,250000.0,9
2015-10-22,ITW-MMM,-1157.4529113769531,250000.0,9
2015-10-22,EG-NTRS,-26.88602066040039,250000.0,9
2015-10-22,BDX-ZTS,-2289.5981941223145,250000.0,9
2015-10-22,BMY-ZTS,0.0,250000.0,9
2015-10-22,BDX-HSIC,0.0,250000.0,9
2015-10-22,BDX-CVS,0.0,250000.0,9
2015-10-22,BDX-MTD,0.0,250000.0,9
2015-10-22,AME-SWK,0.0,250000.0,9
2015-10-23,ITW-MMM,1929.6176223754883,250000.0,9
2015-10-23,BDX-ZTS,4272.521366119385,250000.0,9
2015-10-23,BMY-ZTS,4366.582809448242,250000.0,9
2015-10-23,BDX-HSIC,17.932579040527344,250000.0,9
2015-10-23,BDX-MTD,1623.447509765625,250000.0,9
2015-10-23,AME-SWK,-525.6311874389648,250000.0,9
2015-10-23,KO-PG,0.0,250000.0,9
2015-10-23,PLD-WELL,0.0,250000.0,9
2015-10-26,ITW-MMM,1026.7912368774414,250000.0,9
2015-10-26,BDX-ZTS,3833.79093170166,250000.0,9
2015-10-26,BMY-ZTS,5141.643608093262,250000.0,9
2015-10-26,BDX-HSIC,123.08484649658203,250000.0,9
2015-10-26,BDX-MTD,3740.658447265625,250000.0,9
2015-10-26,AME-SWK,790.1307067871094,250000.0,9
2015-10-26,KO-PG,-2496.89102935791,250000.0,9
2015-10-26,PLD-WELL,-3128.087959289551,250000.0,9
2015-10-27,ITW-MMM,319.8179016113281,250000.0,9
2015-10-27,BDX-ZTS,4311.212936401367,250000.0,9
2015-10-27,BMY-ZTS,378.22618865966797,250000.0,9
2015-10-27,BDX-HSIC,-679.2437400817871,250000.0,9
2015-10-27,KO-PG,-1747.5479316711426,250000.0,9
2015-10-27,PLD-WELL,-1836.5379333496094,250000.0,9
2015-10-27,F-MAR,0.0,250000.0,9
2015-10-28,ITW-MMM,2041.698226928711,250000.0,9
2015-10-28,BMY-ZTS,1543.03662109375,250000.0,9
2015-10-28,BDX-HSIC,915.4885406494141,250000.0,9
2015-10-28,KO-PG,1386.0139770507812,250000.0,9
2015-10-28,F-MAR,6065.6501121521,250000.0,9
2015-10-28,AME-EME,0.0,250000.0,9
2015-10-29,BMY-ZTS,3719.840866088867,250000.0,9
2015-10-29,BDX-HSIC,2975.178985595703,250000.0,9
2015-10-29,KO-PG,32.48462677001953,250000.0,9
2015-10-29,F-MAR,3126.372667312622,250000.0,9
2015-10-29,AME-EME,722.1109275817871,250000.0,9
2015-10-30,BMY-ZTS,4734.888885498047,250000.0,9
2015-10-30,BDX-HSIC,484.5558433532715,250000.0,9
2015-10-30,KO-PG,-100.42792510986328,250000.0,9
2015-10-30,F-MAR,4650.955820083618,250000.0,9
2015-10-30,AME-EME,-2042.4837760925293,250000.0,9
2015-10-30,BDX-CVS,0.0,250000.0,9
2015-11-02,BDX-HSIC,76.58982849121094,250000.0,9
2015-11-02,KO-PG,-1366.814640045166,250000.0,9
2015-11-02,F-MAR,1809.0656967163086,250000.0,9
2015-11-02,AME-EME,-4757.9744873046875,250000.0,9
2015-11-02,BDX-CVS,-101.46450805664062,250000.0,9
2015-11-03,KO-PG,-3228.7087211608887,250000.0,9
2015-11-03,F-MAR,4875.239725112915,250000.0,9
2015-11-03,AME-EME,-6447.483173370361,250000.0,9
2015-11-03,BDX-CVS,-4640.317207336426,250000.0,9
2015-11-03,BMY-ZTS,0.0,250000.0,9
2015-11-03,BDX-ZTS,0.0,250000.0,9
2015-11-04,KO-PG,-4215.13907623291,250000.0,9
2015-11-04,F-MAR,2114.7311115264893,250000.0,9
2015-11-04,AME-EME,-3411.1807823181152,250000.0,9
2015-11-04,BMY-ZTS,-598.1876487731934,250000.0,9
2015-11-04,BDX-MTD,0.0,250000.0,9
2015-11-05,KO-PG,-233.31275939941406,250000.0,9
2015-11-05,F-MAR,2192.6171379089355,250000.0,9
2015-11-05,AME-EME,-2249.597099304199,250000.0,9
2015-11-05,BMY-ZTS,5088.456512451172,250000.0,9
2015-11-05,BDX-MTD,-3523.5581970214844,250000.0,9
2015-11-06,KO-PG,569.2343101501465,250000.0,9
2015-11-06,F-MAR,1768.433557510376,250000.0,9
2015-11-06,AME-EME,-3263.326301574707,250000.0,9
2015-11-06,BMY-ZTS,2131.342975616455,250000.0,9
2015-11-06,BDX-MTD,8044.124313354492,250000.0,9
2015-11-06,BRO-SCHW,0.0,250000.0,9
2015-11-09,F-MAR,2618.3834266662598,250000.0,9
2015-11-09,AME-EME,-604.8316917419434,250000.0,9
2015-11-09,BMY-ZTS,2015.5793685913086,250000.0,9
2015-11-09,BDX-MTD,8615.164978027344,250000.0,9
2015-11-09,BRO-SCHW,-4897.169689178467,250000.0,9
2015-11-10,F-MAR,-369.5206871032715,250000.0,9
2015-11-10,AME-EME,-2130.800594329834,250000.0,9
2015-11-10,BMY-ZTS,1720.763656616211,250000.0,9
2015-11-10,BRO-SCHW,-919.288745880127,250000.0,9
2015-11-11,F-MAR,3358.9743452072144,250000.0,9
2015-11-11,AME-EME,-4816.234241485596,250000.0,9
2015-11-11,BMY-ZTS,4200.710716247559,250000.0,9
2015-11-11,BRO-SCHW,-323.3652935028076,250000.0,9
2015-11-11,ITW-MMM,0.0,250000.0,9
2015-11-12,F-MAR,3389.3819494247437,250000.0,9
2015-11-12,BMY-ZTS,5987.965866088867,250000.0,9
2015-11-12,BRO-SCHW,499.2007532119751,250000.0,9
2015-11-12,ITW-MMM,383.1680145263672,250000.0,9
2015-11-13,F-MAR,7768.461957931519,250000.0,9
2015-11-13,BMY-ZTS,5232.71374130249,250000.0,9
2015-11-13,BRO-SCHW,-4446.592535018921,250000.0,9
2015-11-13,ITW-MMM,651.0658874511719,250000.0,9
2015-11-16,F-MAR,5953.196791648865,250000.0,9
2015-11-16,BMY-ZTS,4762.844692230225,250000.0,9
2015-11-16,BRO-SCHW,-444.97101306915283,250000.0,9
2015-11-16,ITW-MMM,687.9635162353516,250000.0,9
2015-11-17,BMY-ZTS,3828.6414909362793,250000.0,9
2015-11-17,BRO-SCHW,-4348.564756393433,250000.0,9
2015-11-17,ITW-MMM,159.6872100830078,250000.0,9
2015-11-18,BMY-ZTS,467.6543502807617,250000.0,9
2015-11-18,BRO-SCHW,1864.622883796692,250000.0,9
2015-11-18,BDX-ZTS,0.0,250000.0,9
2015-11-19,BMY-ZTS,472.64565658569336,250000.0,9
2015-11-19,BRO-SCHW,5768.667845726013,250000.0,9
2015-11-19,BDX-ZTS,-1174.421314239502,250000.0,9
2015-11-19,MDT-TMO,0.0,250000.0,9
2015-11-20,BMY-ZTS,186.00905227661133,250000.0,9
2015-11-20,BRO-SCHW,9446.964656829834,250000.0,9
2015-11-20,BDX-ZTS,-1280.169017791748,250000.0,9
2015-11-20,MDT-TMO,249.97491455078125,250000.0,9
2015-11-20,PLD-WELL,0.0,250000.0,9
2015-11-23,BMY-ZTS,2495.3549575805664,250000.0,9
2015-11-23,BRO-SCHW,7209.645669937134,250000.0,9
2015-11-23,BDX-ZTS,122.65947723388672,250000.0,9
2015-11-23,MDT-TMO,2138.6575927734375,250000.0,9
2015-11-24,BMY-ZTS,2276.5114974975586,250000.0,9
2015-11-24,BRO-SCHW,6861.133117675781,250000.0,9
2015-11-24,BDX-ZTS,-340.84232330322266,250000.0,9
2015-11-24,MDT-TMO,1483.7245788574219,250000.0,9
2015-11-25,BMY-ZTS,2642.6325874328613,250000.0,9
2015-11-25,BRO-SCHW,3529.506893157959,250000.0,9
2015-11-25,BDX-ZTS,-1276.0733070373535,250000.0,9
2015-11-25,MDT-TMO,210.19436645507812,250000.0,9
2015-11-27,BMY-ZTS,1539.4814376831055,250000.0,9
2015-11-27,BRO-SCHW,3330.438896179199,250000.0,9
2015-11-27,BDX-ZTS,109.20528411865234,250000.0,9
2015-11-27,MDT-TMO,-2463.798553466797,250000.0,9
2015-11-30,BMY-ZTS,1701.1196403503418,250000.0,9
2015-11-30,BRO-SCHW,4598.4554052352905,250000.0,9
2015-11-30,BDX-ZTS,373.183349609375,250000.0,9
2015-11-30,MDT-TMO,-3085.9922790527344,250000.0,9
2015-12-01,BMY-ZTS,2830.0744438171387,250000.0,9
2015-12-01,BRO-SCHW,8202.111510276794,250000.0,9
2015-12-01,BDX-ZTS,2801.5658645629883,250000.0,9
2015-12-01,MDT-TMO,619.81494140625,250000.0,9
2015-12-01,AME-EME,0.0,250000.0,9
2015-12-02,BMY-ZTS,5189.255199432373,250000.0,9
2015-12-02,BRO-SCHW,10018.001146316528,250000.0,9
2015-12-02,BDX-ZTS,4695.562103271484,250000.0,9
2015-12-02,MDT-TMO,2258.468536376953,250000.0,9
2015-12-02,AME-EME,-2333.4051971435547,250000.0,9
2015-12-03,BMY-ZTS,8491.516590118408,250000.0,9
2015-12-03,BRO-SCHW,8304.269827842712,250000.0,9
2015-12-03,AME-EME,-4402.373805999756,250000.0,9
2015-12-04,BMY-ZTS,7676.123497009277,250000.0,9
2015-12-04,BRO-SCHW,8374.946629524231,250000.0,9
2015-12-04,AME-EME,-4527.293849945068,250000.0,9
2015-12-04,BDX-HSIC,0.0,250000.0,9
2015-12-04,AFL-WTW,0.0,250000.0,9
2015-12-07,BMY-ZTS,10021.585906982422,250000.0,9
2015-12-07,AME-EME,-2518.727897644043,250000.0,9
2015-12-07,AFL-WTW,-589.1755981445312,250000.0,9
2015-12-08,BMY-ZTS,11110.982685089111,250000.0,9
2015-12-08,AME-EME,-3796.891632080078,250000.0,9
2015-12-08,AFL-WTW,3693.7587394714355,250000.0,9
2015-12-09,AME-EME,1571.9999961853027,250000.0,9
2015-12-09,AFL-WTW,3629.014789581299,250000.0,9
2015-12-10,AME-EME,3438.370372772217,250000.0,9
2015-12-10,AFL-WTW,2626.307216644287,250000.0,9
2015-12-15,ITW-MMM,0.0,250000.0,9
2015-12-16,ITW-MMM,-1468.053695678711,250000.0,9
2015-12-16,BDX-PFE,0.0,250000.0,9
2015-12-16,EG-NTRS,0.0,250000.0,9
2015-12-17,ITW-MMM,401.5504913330078,250000.0,9
2015-12-17,BDX-PFE,1926.6063041687012,250000.0,9
2015-12-18,ITW-MMM,1421.5226593017578,250000.0,9
2015-12-18,AME-SWK,0.0,250000.0,9
2015-12-21,ITW-MMM,-47.30644226074219,250000.0,9
2015-12-21,AME-SWK,-556.28662109375,250000.0,9
2015-12-22,ITW-MMM,-104.45780944824219,250000.0,9
2015-12-22,AME-SWK,636.135139465332,250000.0,9
2015-12-23,ITW-MMM,-56.01591491699219,250000.0,9
2015-12-23,AME-SWK,305.81939697265625,250000.0,9
2015-12-24,ITW-MMM,204.58059692382812,250000.0,9
2015-12-24,AME-SWK,-514.8945083618164,250000.0,9
2015-12-28,ITW-MMM,1304.5565795898438,250000.0,9
2015-12-28,AME-SWK,1207.3370056152344,250000.0,9
2015-12-29,ITW-MMM,1298.5718383789062,250000.0,9
2015-12-29,AME-SWK,595.4116744995117,250000.0,9
2015-12-29,AFL-WTW,0.0,250000.0,9
2015-12-30,ITW-MMM,2442.478271484375,250000.0,9
2015-12-30,AME-SWK,665.6600341796875,250000.0,9
2015-12-30,AFL-WTW,242.50396347045898,250000.0,9
2015-12-31,ITW-MMM,1645.4699249267578,250000.0,9
2015-12-31,AME-SWK,2212.4598999023438,250000.0,9
2015-12-31,AFL-WTW,605.3198394775391,250000.0,9
2015-11-03,MTD-ZTS,0.0,250000.0,10
2015-11-04,MTD-ZTS,-364.4424476623535,250000.0,10
2015-11-04,CDW-NVDA,0.0,250000.0,10
2015-11-05,MTD-ZTS,5177.4584312438965,250000.0,10
2015-11-05,CDW-NVDA,-5132.984577655792,250000.0,10
2015-11-06,AVGO-FICO,0.0,250000.0,10
2015-11-06,BRO-SCHW,0.0,250000.0,10
2015-11-06,MRSH-RJF,0.0,250000.0,10
2015-11-09,AVGO-FICO,1323.3569679260254,250000.0,10
2015-11-09,BRO-SCHW,-4897.169689178467,250000.0,10
2015-11-09,MRSH-RJF,-945.1993103027344,250000.0,10
2015-11-10,AVGO-FICO,6767.7456130981445,250000.0,10
2015-11-10,BRO-SCHW,-919.288745880127,250000.0,10
2015-11-10,MRSH-RJF,-674.6996612548828,250000.0,10
2015-11-11,AVGO-FICO,5842.603907585144,250000.0,10
2015-11-11,BRO-SCHW,-323.3652935028076,250000.0,10
2015-11-11,MRSH-RJF,-1595.7542419433594,250000.0,10
2015-11-12,AVGO-FICO,4457.840980529785,250000.0,10
2015-11-12,BRO-SCHW,499.2007532119751,250000.0,10
2015-11-12,MRSH-RJF,-3206.6257095336914,250000.0,10
2015-11-13,AVGO-FICO,7946.452350616455,250000.0,10
2015-11-13,BRO-SCHW,-4446.592535018921,250000.0,10
2015-11-13,MRSH-RJF,-5799.863876342773,250000.0,10
2015-11-13,F-MAR,0.0,250000.0,10
2015-11-16,AVGO-FICO,6631.059675216675,250000.0,10
2015-11-16,BRO-SCHW,-444.97101306915283,250000.0,10
2015-11-16,MRSH-RJF,-2840.335838317871,250000.0,10
2015-11-16,F-MAR,1912.519184589386,250000.0,10
2015-11-16,TT-TXT,0.0,250000.0,10
2015-11-17,AVGO-FICO,6765.243954658508,250000.0,10
2015-11-17,BRO-SCHW,-4348.564756393433,250000.0,10
2015-11-17,MRSH-RJF,-3878.336685180664,250000.0,10
2015-11-17,F-MAR,-1834.6855473518372,250000.0,10
2015-11-17,TT-TXT,2794.8138999938965,250000.0,10
2015-11-18,AVGO-FICO,9449.843761444092,250000.0,10
2015-11-18,BRO-SCHW,1864.622883796692,250000.0,10
2015-11-18,MRSH-RJF,304.0138854980469,250000.0,10
2015-11-18,TT-TXT,-125.14823913574219,250000.0,10
2015-11-19,BRO-SCHW,5768.667845726013,250000.0,10
2015-11-19,MRSH-RJF,1761.5306549072266,250000.0,10
2015-11-19,TT-TXT,-2954.4510650634766,250000.0,10
2015-11-20,BRO-SCHW,9446.964656829834,250000.0,10
2015-11-20,MRSH-RJF,1629.7524871826172,250000.0,10
2015-11-20,TT-TXT,-4652.740821838379,250000.0,10
2015-11-23,BRO-SCHW,7209.645669937134,250000.0,10
2015-11-23,MRSH-RJF,757.3189392089844,250000.0,10
2015-11-23,TT-TXT,-4082.2261810302734,250000.0,10
2015-11-24,BRO-SCHW,6861.133117675781,250000.0,10
2015-11-24,TT-TXT,-2520.5216217041016,250000.0,10
2015-11-25,BRO-SCHW,3529.506893157959,250000.0,10
2015-11-25,TT-TXT,-3381.144313812256,250000.0,10
2015-11-27,BRO-SCHW,3330.438896179199,250000.0,10
2015-11-27,TT-TXT,-2804.9720764160156,250000.0,10
2015-11-30,BRO-SCHW,4598.4554052352905,250000.0,10
2015-11-30,TT-TXT,874.4105529785156,250000.0,10
2015-11-30,EMR-PH,0.0,250000.0,10
2015-12-01,BRO-SCHW,8202.111510276794,250000.0,10
2015-12-01,TT-TXT,1292.1689414978027,250000.0,10
2015-12-01,EMR-PH,1558.7582321166992,250000.0,10
2015-12-01,AME-EME,0.0,250000.0,10
2015-12-02,BRO-SCHW,10018.001146316528,250000.0,10
2015-12-02,AME-EME,-2333.4051971435547,250000.0,10
2015-12-03,BRO-SCHW,8304.269827842712,250000.0,10
2015-12-03,AME-EME,-4402.373805999756,250000.0,10
2015-12-03,SYK-UHS,0.0,250000.0,10
2015-12-04,BRO-SCHW,8374.946629524231,250000.0,10
2015-12-04,AME-EME,-4527.293849945068,250000.0,10
2015-12-07,AME-EME,-2518.727897644043,250000.0,10
2015-12-07,CPAY-MCO,0.0,250000.0,10
2015-12-08,AME-EME,-3796.891632080078,250000.0,10
2015-12-08,PRU-RF,0.0,250000.0,10
2015-12-09,AME-EME,1571.9999961853027,250000.0,10
2015-12-09,PRU-RF,-1332.6266741752625,250000.0,10
2015-12-09,AJG-STT,0.0,250000.0,10
2015-12-10,AME-EME,3438.370372772217,250000.0,10
2015-12-10,PRU-RF,3628.6093430519104,250000.0,10
2015-12-10,AJG-STT,-728.3604278564453,250000.0,10
2015-12-11,CSX-EMR,0.0,250000.0,10
2015-12-14,CSX-EMR,-582.3540525436401,250000.0,10
2015-12-15,CSX-EMR,-4227.630281448364,250000.0,10
2015-12-16,CSX-EMR,-77.85445499420166,250000.0,10
2015-12-16,EG-NTRS,0.0,250000.0,10
2015-12-17,CSX-EMR,-2049.359121322632,250000.0,10
2015-12-18,CSX-EMR,-2339.3402366638184,250000.0,10
2015-12-21,CSX-EMR,5144.176760673523,250000.0,10
2016-01-04,NCLH-ORLY,0.0,250000.0,10
2016-01-04,TT-TXT,0.0,250000.0,10
2016-01-05,TT-TXT,2528.481273651123,250000.0,10
2016-01-05,MTD-ZTS,0.0,250000.0,10
2016-01-06,TT-TXT,-1214.1024627685547,250000.0,10
2016-01-06,AME-EME,0.0,250000.0,10
2016-01-06,AJG-STT,0.0,250000.0,10
2016-01-07,TT-TXT,-1023.0483551025391,250000.0,10
2016-01-07,AME-EME,2159.3456268310547,250000.0,10
2016-01-07,IT-KEYS,0.0,250000.0,10
2016-01-07,EG-NTRS,0.0,250000.0,10
2016-01-07,CSX-EMR,0.0,250000.0,10
2016-01-08,TT-TXT,-2133.913444519043,250000.0,10
2016-01-08,AME-EME,1781.240810394287,250000.0,10
2016-01-08,IT-KEYS,-8624.748355865479,250000.0,10
2016-01-08,EG-NTRS,-1535.047004699707,250000.0,10
2016-01-08,CSX-EMR,-2392.54265832901,250000.0,10
2016-01-08,CPAY-MCO,0.0,250000.0,10
2016-01-11,TT-TXT,-3773.1552734375,250000.0,10
2016-01-11,AME-EME,-3165.308979034424,250000.0,10
2016-01-11,IT-KEYS,-13558.657642364502,250000.0,10
2016-01-11,EG-NTRS,-2607.176597595215,250000.0,10
2016-01-11,CSX-EMR,-4206.787145137787,250000.0,10
2016-01-11,CPAY-MCO,5294.6114501953125,250000.0,10
2016-01-11,CAH-DGX,0.0,250000.0,10
2016-01-12,AME-EME,-4944.913158416748,250000.0,10
2016-01-12,IT-KEYS,-8297.169826507568,250000.0,10
2016-01-12,EG-NTRS,-1060.816291809082,250000.0,10
2016-01-12,CSX-EMR,-2451.560549259186,250000.0,10
2016-01-12,CPAY-MCO,7229.203720092773,250000.0,10
2016-01-12,CAH-DGX,462.373836517334,250000.0,10
2016-01-13,AME-EME,-1152.880142211914,250000.0,10
2016-01-13,IT-KEYS,-22223.936191558838,250000.0,10
2016-01-13,EG-NTRS,-2116.9867248535156,250000.0,10
2016-01-13,CSX-EMR,-3342.563210964203,250000.0,10
2016-01-13,CPAY-MCO,1572.4944763183594,250000.0,10
2016-01-13,CAH-DGX,1857.668327331543,250000.0,10
2016-01-13,PRU-RF,0.0,250000.0,10
2016-01-14,AME-EME,-600.0751991271973,250000.0,10
2016-01-14,IT-KEYS,-16965.048385620117,250000.0,10
2016-01-14,EG-NTRS,-1351.6628036499023,250000.0,10
2016-01-14,CSX-EMR,-3174.035514831543,250000.0,10
2016-01-14,CPAY-MCO,2378.485885620117,250000.0,10
2016-01-14,PRU-RF,184.4264907836914,250000.0,10
2016-01-15,AME-EME,-1596.8127136230469,250000.0,10
2016-01-15,CSX-EMR,-5658.517433166504,250000.0,10
2016-01-15,CPAY-MCO,-1958.3875122070312,250000.0,10
2016-01-15,PRU-RF,823.0464477539062,250000.0,10
2016-01-19,AME-EME,2010.4955520629883,250000.0,10
2016-01-19,CSX-EMR,-5278.5224533081055,250000.0,10
2016-01-19,CPAY-MCO,2062.8700103759766,250000.0,10
2016-01-19,PRU-RF,-258.5427131652832,250000.0,10
2016-01-20,AME-EME,-2026.0762252807617,250000.0,10
2016-01-20,CSX-EMR,-6617.58505821228,250000.0,10
2016-01-20,CPAY-MCO,1188.062484741211,250000.0,10
2016-01-20,PRU-RF,-134.2171974182129,250000.0,10
2016-01-21,CSX-EMR,-5169.185461997986,250000.0,10
2016-01-21,CPAY-MCO,-1292.6928405761719,250000.0,10
2016-01-21,PRU-RF,-4439.972755432129,250000.0,10
2016-01-21,EG-NTRS,0.0,250000.0,10
2016-01-22,CPAY-MCO,131.5213623046875,250000.0,10
2016-01-22,PRU-RF,-6421.044773101807,250000.0,10
2016-01-22,EG-NTRS,-539.2205657958984,250000.0,10
2016-01-22,EMR-PH,0.0,250000.0,10
2016-01-25,EG-NTRS,-3060.6159477233887,250000.0,10
2016-01-25,EMR-PH,1100.44677734375,250000.0,10
2016-01-26,EG-NTRS,-4155.147842407227,250000.0,10
2016-01-26,EMR-PH,-5715.667419433594,250000.0,10
2016-01-27,EG-NTRS,-2786.250804901123,250000.0,10
2016-01-27,EMR-PH,-4337.7677001953125,250000.0,10
2016-01-27,TT-TXT,0.0,250000.0,10
2016-01-27,CSX-EMR,0.0,250000.0,10
2016-01-28,EG-NTRS,-7550.116729736328,250000.0,10
2016-01-28,EMR-PH,-5955.918182373047,250000.0,10
2016-01-28,TT-TXT,7144.798664093018,250000.0,10
2016-01-28,CSX-EMR,-5049.6008949279785,250000.0,10
2016-01-29,EG-NTRS,-7205.919532775879,250000.0,10
2016-01-29,TT-TXT,6257.878684997559,250000.0,10
2016-01-29,AVGO-FICO,0.0,250000.0,10
2015-12-01,AME-EME,0.0,250000.0,11
2015-12-01,MS-STT,0.0,250000.0,11
2015-12-01,FIS-MS,0.0,250000.0,11
2015-12-02,AME-EME,-2333.4051971435547,250000.0,11
2015-12-02,MS-STT,1576.0612182617188,250000.0,11
2015-12-02,FIS-MS,1451.7351760864258,250000.0,11
2015-12-03,AME-EME,-4402.373805999756,250000.0,11
2015-12-03,MS-STT,160.49153518676758,250000.0,11
2015-12-03,BRO-PFG,0.0,250000.0,11
2015-12-04,AME-EME,-4527.293849945068,250000.0,11
2015-12-04,BRO-PFG,-4323.762447357178,250000.0,11
2015-12-04,ORLY-SBUX,0.0,250000.0,11
2015-12-07,AME-EME,-2518.727897644043,250000.0,11
2015-12-07,BRO-PFG,-5487.315134048462,250000.0,11
2015-12-07,ORLY-SBUX,-2208.855743408203,250000.0,11
2015-12-07,BRO-MET,0.0,250000.0,11
2015-12-08,AME-EME,-3796.891632080078,250000.0,11
2015-12-08,BRO-PFG,-3225.0903396606445,250000.0,11
2015-12-08,ORLY-SBUX,-1525.5042266845703,250000.0,11
2015-12-08,BRO-MET,1281.7684717178345,250000.0,11
2015-12-08,PRU-RF,0.0,250000.0,11
2015-12-08,FIS-TROW,0.0,250000.0,11
2015-12-09,AME-EME,1571.9999961853027,250000.0,11
2015-12-09,BRO-PFG,-3636.949474334717,250000.0,11
2015-12-09,ORLY-SBUX,1452.990005493164,250000.0,11
2015-12-09,BRO-MET,2442.3989181518555,250000.0,11
2015-12-09,PRU-RF,-1332.6266741752625,250000.0,11
2015-12-09,FIS-TROW,-2667.3833084106445,250000.0,11
2015-12-09,AJG-STT,0.0,250000.0,11
2015-12-10,AME-EME,3438.370372772217,250000.0,11
2015-12-10,BRO-PFG,-1345.3046684265137,250000.0,11
2015-12-10,ORLY-SBUX,-2579.2437286376953,250000.0,11
2015-12-10,PRU-RF,3628.6093430519104,250000.0,11
2015-12-10,FIS-TROW,-2810.7204208374023,250000.0,11
2015-12-10,AJG-STT,-728.3604278564453,250000.0,11
2015-12-11,ORLY-SBUX,-1481.8169174194336,250000.0,11
2015-12-14,ORLY-SBUX,802.1011734008789,250000.0,11
2015-12-15,ORLY-SBUX,-362.6966323852539,250000.0,11
2015-12-16,EG-NTRS,0.0,250000.0,11
2015-12-16,BRO-MTB,0.0,250000.0,11
2015-12-17,BRO-MTB,-832.0073928833008,250000.0,11
2015-12-28,MS-STT,0.0,250000.0,11
2015-12-29,MS-STT,781.7236976623535,250000.0,11
2015-12-30,MS-STT,1386.9670295715332,250000.0,11
2015-12-31,MS-STT,-665.7597198486328,250000.0,11
2016-01-04,MS-STT,1667.4152870178223,250000.0,11
2016-01-04,BRO-MTB,0.0,250000.0,11
2016-01-05,MS-STT,-58.14885330200195,250000.0,11
2016-01-05,BRO-MTB,-1321.7645072937012,250000.0,11
2016-01-05,BRO-MET,0.0,250000.0,11
2016-01-06,BRO-MTB,-1448.5228080749512,250000.0,11
2016-01-06,AME-EME,0.0,250000.0,11
2016-01-06,COF-GS,0.0,250000.0,11
2016-01-06,AJG-STT,0.0,250000.0,11
2016-01-06,BRO-PFG,0.0,250000.0,11
2016-01-07,BRO-MTB,89.89522552490234,250000.0,11
2016-01-07,AME-EME,2159.3456268310547,250000.0,11
2016-01-07,COF-GS,1925.8118896484375,250000.0,11
2016-01-07,BRO-PFG,-5823.1976146698,250000.0,11
2016-01-07,EG-NTRS,0.0,250000.0,11
2016-01-08,BRO-MTB,-2661.788516998291,250000.0,11
2016-01-08,AME-EME,1781.240810394287,250000.0,11
2016-01-08,BRO-PFG,-4689.652030944824,250000.0,11
2016-01-08,EG-NTRS,-1535.047004699707,250000.0,11
2016-01-11,BRO-MTB,-5866.667289733887,250000.0,11
2016-01-11,AME-EME,-3165.308979034424,250000.0,11
2016-01-11,EG-NTRS,-2607.176597595215,250000.0,11
2016-01-12,BRO-MTB,-3693.9908599853516,250000.0,11
2016-01-12,AME-EME,-4944.913158416748,250000.0,11
2016-01-12,EG-NTRS,-1060.816291809082,250000.0,11
2016-01-13,AME-EME,-1152.880142211914,250000.0,11
2016-01-13,EG-NTRS,-2116.9867248535156,250000.0,11
2016-01-13,PRU-RF,0.0,250000.0,11
2016-01-13,CSX-PH,0.0,250000.0,11
2016-01-14,AME-EME,-600.0751991271973,250000.0,11
2016-01-14,EG-NTRS,-1351.6628036499023,250000.0,11
2016-01-14,PRU-RF,184.4264907836914,250000.0,11
2016-01-15,AME-EME,-1596.8127136230469,250000.0,11
2016-01-15,PRU-RF,823.0464477539062,250000.0,11
2016-01-19,AME-EME,2010.4955520629883,250000.0,11
2016-01-19,PRU-RF,-258.5427131652832,250000.0,11
2016-01-20,AME-EME,-2026.0762252807617,250000.0,11
2016-01-20,PRU-RF,-134.2171974182129,250000.0,11
2016-01-21,PRU-RF,-4439.972755432129,250000.0,11
2016-01-21,EG-NTRS,0.0,250000.0,11
2016-01-22,PRU-RF,-6421.044773101807,250000.0,11
2016-01-22,EG-NTRS,-539.2205657958984,250000.0,11
2016-01-25,EG-NTRS,-3060.6159477233887,250000.0,11
2016-01-26,EG-NTRS,-4155.147842407227,250000.0,11
2016-01-27,EG-NTRS,-2786.250804901123,250000.0,11
2016-01-27,MS-STT,0.0,250000.0,11
2016-01-28,EG-NTRS,-7550.116729736328,250000.0,11
2016-01-28,MS-STT,2079.190746307373,250000.0,11
2016-01-29,EG-NTRS,-7205.919532775879,250000.0,11
2016-02-03,AEP-SO,0.0,250000.0,11
2016-02-04,AEP-SO,3725.5443077087402,250000.0,11
2016-02-04,BRO-MET,0.0,250000.0,11
2016-02-05,AEP-SO,436.02596282958984,250000.0,11
2016-02-05,BRO-MET,-6825.22518825531,250000.0,11
2016-02-05,ORLY-SBUX,0.0,250000.0,11
2016-02-08,AEP-SO,2657.653896331787,250000.0,11
2016-02-08,BRO-MET,-20397.81931591034,250000.0,11
2016-02-08,ORLY-SBUX,3486.9619874954224,250000.0,11
2016-02-08,EG-NTRS,0.0,250000.0,11
2016-02-09,AEP-SO,5112.99959564209,250000.0,11
2016-02-09,BRO-MET,-17985.23596096039,250000.0,11
2016-02-09,ORLY-SBUX,3125.6947355270386,250000.0,11
2016-02-09,EG-NTRS,-277.2254333496094,250000.0,11
2016-02-10,AEP-SO,2968.0245323181152,250000.0,11
2016-02-10,BRO-MET,-15501.328357696533,250000.0,11
2016-02-10,ORLY-SBUX,6184.275790214539,250000.0,11
2016-02-10,EG-NTRS,3578.7514266967773,250000.0,11
2016-02-10,CRH-SW,0.0,250000.0,11
2016-02-11,AEP-SO,6342.459754943848,250000.0,11
2016-02-11,BRO-MET,-23591.212196350098,250000.0,11
2016-02-11,ORLY-SBUX,-2475.9547786712646,250000.0,11
2016-02-11,EG-NTRS,-2501.08536529541,250000.0,11
2016-02-11,CRH-SW,-1775.6499710083008,250000.0,11
2016-02-12,BRO-MET,-13807.032302856445,250000.0,11
2016-02-12,ORLY-SBUX,-244.79647827148438,250000.0,11
2016-02-12,EG-NTRS,598.1048812866211,250000.0,11
2016-02-12,CRH-SW,-7388.233038902283,250000.0,11
2016-02-16,BRO-MET,-10357.603506088257,250000.0,11
2016-02-16,ORLY-SBUX,644.4772453308105,250000.0,11
2016-02-16,EG-NTRS,9166.604507446289,250000.0,11
2016-02-16,CRH-SW,-3973.4499654769897,250000.0,11
2016-02-17,BRO-MET,-3671.350152015686,250000.0,11
2016-02-17,ORLY-SBUX,6921.263050079346,250000.0,11
2016-02-17,EG-NTRS,13428.651756286621,250000.0,11
2016-02-17,CRH-SW,738.9758386611938,250000.0,11
2016-02-18,BRO-MET,-5416.884262084961,250000.0,11
2016-02-18,ORLY-SBUX,4569.076101303101,250000.0,11
2016-02-18,EG-NTRS,9557.71166229248,250000.0,11
2016-02-18,CRH-SW,807.2601251602173,250000.0,11
2016-02-19,ORLY-SBUX,5184.582281112671,250000.0,11
2016-02-19,EG-NTRS,9255.195343017578,250000.0,11
2016-02-19,CRH-SW,465.7869882583618,250000.0,11
2016-02-22,EG-NTRS,17103.68221282959,250000.0,11
2016-02-22,CRH-SW,1763.3952493667603,250000.0,11
2016-02-23,EG-NTRS,10917.860549926758,250000.0,11
2016-02-23,CRH-SW,216.44739437103271,250000.0,11
2016-02-24,EG-NTRS,3555.6951599121094,250000.0,11
2016-02-24,CRH-SW,4375.220167160034,250000.0,11
2016-02-25,EG-NTRS,2783.7887954711914,250000.0,11
2016-02-25,CRH-SW,4773.160466194153,250000.0,11
2016-02-26,EG-NTRS,12153.094398498535,250000.0,11
2016-02-26,CRH-SW,3748.672116279602,250000.0,11
2016-02-29,EG-NTRS,10340.2587890625,250000.0,11
2016-02-29,CRH-SW,5729.2438859939575,250000.0,11
2016-01-06,CMS-XEL,0.0,250000.0,12
2016-01-06,AJG-STT,0.0,250000.0,12
2016-01-07,CMS-XEL,394.32483100891113,250000.0,12
2016-01-07,EG-FITB,0.0,250000.0,12
2016-01-07,EG-JPM,0.0,250000.0,12
2016-01-08,EG-FITB,-1510.766700744629,250000.0,12
2016-01-08,EG-JPM,-2254.4813537597656,250000.0,12
2016-01-08,EXPE-SBUX,0.0,250000.0,12
2016-01-11,EG-FITB,-5269.633707046509,250000.0,12
2016-01-11,EG-JPM,-3618.7975006103516,250000.0,12
2016-01-12,EG-FITB,-3947.9902667999268,250000.0,12
2016-01-12,EG-JPM,-3097.1468048095703,250000.0,12
2016-01-12,AMGN-LH,0.0,250000.0,12
2016-01-13,EG-JPM,-4719.354690551758,250000.0,12
2016-01-13,AMGN-LH,-1142.485580444336,250000.0,12
2016-01-13,CSX-PH,0.0,250000.0,12
2016-01-14,EG-JPM,-4284.950592041016,250000.0,12
2016-01-19,AEE-XEL,0.0,250000.0,12
2016-01-20,AEE-XEL,-1232.254867553711,250000.0,12
2016-01-21,AEE-XEL,1131.6984367370605,250000.0,12
2016-01-22,AEE-XEL,1576.7629928588867,250000.0,12
2016-01-25,AEE-XEL,949.6798782348633,250000.0,12
2016-01-26,AEE-XEL,-245.19275665283203,250000.0,12
2016-01-26,IQV-UHS,0.0,250000.0,12
2016-01-27,AEE-XEL,2400.692771911621,250000.0,12
2016-01-27,IQV-UHS,-4541.232292175293,250000.0,12
2016-01-28,AEE-XEL,-562.8080711364746,250000.0,12
2016-01-28,IQV-UHS,-3795.766426086426,250000.0,12
2016-01-28,NOW-ROP,0.0,250000.0,12
2016-01-29,AEE-XEL,34.488765716552734,250000.0,12
2016-01-29,NOW-ROP,-13363.28018951416,250000.0,12
2016-01-29,EG-SCHW,0.0,250000.0,12
2016-02-01,AEE-XEL,1183.3494300842285,250000.0,12
2016-02-01,NOW-ROP,3375.3047313690186,250000.0,12
2016-02-01,EG-SCHW,-9380.238256454468,250000.0,12
2016-02-01,GDDY-ROP,0.0,250000.0,12
2016-02-01,EG-JPM,0.0,250000.0,12
2016-02-02,AEE-XEL,1702.0139656066895,250000.0,12
2016-02-02,NOW-ROP,-5429.651306152344,250000.0,12
2016-02-02,EG-SCHW,-4703.261695861816,250000.0,12
2016-02-02,GDDY-ROP,-5078.158561706543,250000.0,12
2016-02-02,EG-JPM,1554.3551177978516,250000.0,12
2016-02-02,GDDY-MPWR,0.0,250000.0,12
2016-02-03,NOW-ROP,-3237.11124420166,250000.0,12
2016-02-03,EG-SCHW,-6144.498310089111,250000.0,12
2016-02-03,GDDY-ROP,-762.407392501831,250000.0,12
2016-02-03,EG-JPM,806.7190704345703,250000.0,12
2016-02-03,GDDY-MPWR,-3910.829658508301,250000.0,12
2016-02-03,AEP-SO,0.0,250000.0,12
2016-02-04,NOW-ROP,-12694.813526153564,250000.0,12
2016-02-04,EG-SCHW,-20420.566537857056,250000.0,12
2016-02-04,AEP-SO,3725.5443077087402,250000.0,12
2016-02-04,GDDY-KLAC,0.0,250000.0,12
2016-02-05,EG-SCHW,-15871.791625976562,250000.0,12
2016-02-05,AEP-SO,436.02596282958984,250000.0,12
2016-02-05,EXPE-SBUX,0.0,250000.0,12
2016-02-08,AEP-SO,2657.653896331787,250000.0,12
2016-02-08,EXPE-SBUX,-605.1935501098633,250000.0,12
2016-02-08,EG-FITB,0.0,250000.0,12
2016-02-08,EG-JPM,0.0,250000.0,12
2016-02-09,AEP-SO,5112.99959564209,250000.0,12
2016-02-09,EXPE-SBUX,126.88392639160156,250000.0,12
2016-02-09,EG-FITB,-1173.328628540039,250000.0,12
2016-02-09,EG-JPM,-2829.6572341918945,250000.0,12
2016-02-10,AEP-SO,2968.0245323181152,250000.0,12
2016-02-10,EXPE-SBUX,2578.7601280212402,250000.0,12
2016-02-10,EG-FITB,6085.481597900391,250000.0,12
2016-02-10,EG-JPM,2027.5102615356445,250000.0,12
2016-02-11,AEP-SO,6342.459754943848,250000.0,12
2016-02-11,EXPE-SBUX,-2920.464084625244,250000.0,12
2016-02-11,EG-FITB,-1235.0771484375,250000.0,12
2016-02-11,EG-JPM,-4849.913955688477,250000.0,12
2016-02-11,IQV-UHS,0.0,250000.0,12
2016-02-12,EXPE-SBUX,1949.4017066955566,250000.0,12
2016-02-12,EG-FITB,6253.198104858398,250000.0,12
2016-02-12,EG-JPM,8203.47191619873,250000.0,12
2016-02-12,IQV-UHS,1897.1733322143555,250000.0,12
2016-02-16,EXPE-SBUX,2884.7423210144043,250000.0,12
2016-02-16,EG-JPM,14303.529922485352,250000.0,12
2016-02-16,IQV-UHS,2122.2316360473633,250000.0,12
2016-02-17,EXPE-SBUX,5773.799026489258,250000.0,12
2016-02-17,EG-JPM,14668.192337036133,250000.0,12
2016-02-17,IQV-UHS,1792.3827667236328,250000.0,12
2016-02-18,EXPE-SBUX,4397.460433959961,250000.0,12
2016-02-18,EG-JPM,8978.70442199707,250000.0,12
2016-02-18,IQV-UHS,2150.609874725342,250000.0,12
2016-02-19,EXPE-SBUX,7057.398086547852,250000.0,12
2016-02-19,EG-JPM,7554.269668579102,250000.0,12
2016-02-19,IQV-UHS,-873.4586868286133,250000.0,12
2016-02-22,EG-JPM,12031.096389770508,250000.0,12
2016-02-22,IQV-UHS,9540.871978759766,250000.0,12
2016-02-23,EG-JPM,132.68563842773438,250000.0,12
2016-02-23,IQV-UHS,11490.072288513184,250000.0,12
2016-02-24,IQV-UHS,12354.346733093262,250000.0,12
2016-02-24,AEE-XEL,0.0,250000.0,12
2016-02-25,IQV-UHS,11476.305953979492,250000.0,12
2016-02-25,AEE-XEL,-2636.3752059936523,250000.0,12
2016-02-26,AEE-XEL,2773.611427307129,250000.0,12
2016-02-26,NOW-ROP,0.0,250000.0,12
2016-02-29,AEE-XEL,1313.5248413085938,250000.0,12
2016-02-29,NOW-ROP,-2947.7610054016113,250000.0,12
2016-03-01,AEE-XEL,949.4644317626953,250000.0,12
2016-03-01,NOW-ROP,-386.14651584625244,250000.0,12
2016-03-01,AEP-SO,0.0,250000.0,12
2016-03-01,CSX-PH,0.0,250000.0,12
2016-03-02,AEE-XEL,1558.2694854736328,250000.0,12
2016-03-02,NOW-ROP,-831.5424070358276,250000.0,12
2016-03-02,AEP-SO,2064.103401184082,250000.0,12
2016-03-02,CSX-PH,-3265.400135040283,250000.0,12
2016-03-03,AEE-XEL,1346.6430740356445,250000.0,12
2016-03-03,NOW-ROP,-229.1839828491211,250000.0,12
2016-03-03,CSX-PH,-3828.0866193771362,250000.0,12
2016-03-04,AEE-XEL,1078.6567687988281,250000.0,12
2016-03-04,NOW-ROP,-211.49553680419922,250000.0,12
2016-03-04,CSX-PH,-1520.0440311431885,250000.0,12
2016-03-04,GDDY-MPWR,0.0,250000.0,12
2016-03-07,AEE-XEL,413.0844192504883,250000.0,12
2016-03-07,NOW-ROP,1484.1652450561523,250000.0,12
2016-03-07,CSX-PH,-4851.3662033081055,250000.0,12
2016-03-07,GDDY-MPWR,3335.8594665527344,250000.0,12
2016-03-08,AEE-XEL,-805.9529571533203,250000.0,12
2016-03-08,NOW-ROP,-4815.1520652771,250000.0,12
2016-03-08,CSX-PH,-4380.810236930847,250000.0,12
2016-03-08,HAL-SLB,0.0,250000.0,12
2016-03-09,AEE-XEL,-3333.712028503418,250000.0,12
2016-03-09,CSX-PH,-4301.214542388916,250000.0,12
2016-03-09,HAL-SLB,-645.9624538421631,250000.0,12
2016-03-10,CSX-PH,-1980.5424795150757,250000.0,12
2016-03-10,HAL-SLB,1533.570888519287,250000.0,12
2016-03-10,AJG-STT,0.0,250000.0,12
2016-03-11,CSX-PH,-2328.392304420471,250000.0,12
2016-03-11,HAL-SLB,1521.4110641479492,250000.0,12
2016-03-11,AJG-STT,-5382.070667266846,250000.0,12
2016-03-14,CSX-PH,-2097.64119720459,250000.0,12
2016-03-14,HAL-SLB,-1427.7981128692627,250000.0,12
2016-03-14,AJG-STT,-4641.894721984863,250000.0,12
2016-03-15,CSX-PH,-2623.433469772339,250000.0,12
2016-03-15,HAL-SLB,-163.82618141174316,250000.0,12
2016-03-16,HAL-SLB,-1620.4809703826904,250000.0,12
2016-03-17,HAL-SLB,-1072.8030834197998,250000.0,12
2016-03-17,AEP-PCG,0.0,250000.0,12
2016-03-18,HAL-SLB,-4268.2388553619385,250000.0,12
2016-03-18,AEP-PCG,-466.7779769897461,250000.0,12
2016-03-18,IQV-UHS,0.0,250000.0,12
2016-03-21,HAL-SLB,130.6576442718506,250000.0,12
2016-03-21,AEP-PCG,235.59611129760742,250000.0,12
2016-03-21,IQV-UHS,-719.0239562988281,250000.0,12
2016-03-22,HAL-SLB,-2673.7227268218994,250000.0,12
2016-03-22,AEP-PCG,204.47913360595703,250000.0,12
2016-03-22,IQV-UHS,-3635.1470947265625,250000.0,12
2016-03-22,AMGN-LH,0.0,250000.0,12
2016-03-23,AEP-PCG,-688.0898780822754,250000.0,12
2016-03-23,IQV-UHS,-5198.088157653809,250000.0,12
2016-03-23,AMGN-LH,3583.4915771484375,250000.0,12
2016-03-24,AEP-PCG,-271.11079025268555,250000.0,12
2016-03-24,IQV-UHS,-4567.739273071289,250000.0,12
2016-03-24,AMGN-LH,2895.143325805664,250000.0,12
2016-03-28,AEP-PCG,979.9074287414551,250000.0,12
2016-03-28,IQV-UHS,-8546.598152160645,250000.0,12
2016-03-28,AMGN-LH,4781.897552490234,250000.0,12
2016-03-29,AEP-PCG,-1299.7696647644043,250000.0,12
2016-03-29,AMGN-LH,6197.089828491211,250000.0,12
2016-03-30,AEP-PCG,-2391.7337188720703,250000.0,12
2016-03-31,AEP-PCG,-2656.1082191467285,250000.0,12
2016-02-02,GDDY-MPWR,0.0,250000.0,13
2016-02-03,GDDY-MPWR,-3910.829658508301,250000.0,13
2016-02-03,AEP-SO,0.0,250000.0,13
2016-02-04,AEP-SO,3725.5443077087402,250000.0,13
2016-02-04,GDDY-KLAC,0.0,250000.0,13
2016-02-05,AEP-SO,436.02596282958984,250000.0,13
2016-02-08,AEP-SO,2657.653896331787,250000.0,13
2016-02-09,AEP-SO,5112.99959564209,250000.0,13
2016-02-10,AEP-SO,2968.0245323181152,250000.0,13
2016-02-10,AEP-CMS,0.0,250000.0,13
2016-02-11,AEP-SO,6342.459754943848,250000.0,13
2016-02-11,IQV-UHS,0.0,250000.0,13
2016-02-12,IQV-UHS,1897.1733322143555,250000.0,13
2016-02-16,IQV-UHS,2122.2316360473633,250000.0,13
2016-02-17,IQV-UHS,1792.3827667236328,250000.0,13
2016-02-18,IQV-UHS,2150.609874725342,250000.0,13
2016-02-19,IQV-UHS,-873.4586868286133,250000.0,13
2016-02-22,IQV-UHS,9540.871978759766,250000.0,13
2016-02-23,IQV-UHS,11490.072288513184,250000.0,13
2016-02-24,IQV-UHS,12354.346733093262,250000.0,13
2016-02-25,IQV-UHS,11476.305953979492,250000.0,13
2016-02-26,BALL-SHW,0.0,250000.0,13
2016-02-29,BALL-SHW,1487.690128326416,250000.0,13
2016-03-01,BALL-SHW,-6498.309875488281,250000.0,13
2016-03-01,AEP-SO,0.0,250000.0,13
2016-03-02,AEP-SO,2064.103401184082,250000.0,13
2016-03-03,CIEN-SNPS,0.0,250000.0,13
2016-03-04,CIEN-SNPS,507.61515045166016,250000.0,13
2016-03-04,GDDY-MPWR,0.0,250000.0,13
2016-03-07,CIEN-SNPS,-1666.8573608398438,250000.0,13
2016-03-07,GDDY-MPWR,3335.8594665527344,250000.0,13
2016-03-08,CIEN-SNPS,-1690.0967254638672,250000.0,13
2016-03-09,CIEN-SNPS,4321.389091491699,250000.0,13
2016-03-09,CHTR-OMC,0.0,250000.0,13
2016-03-10,CIEN-SNPS,3073.4066009521484,250000.0,13
2016-03-10,CHTR-OMC,456.7367248535156,250000.0,13
2016-03-11,CIEN-SNPS,2865.165573120117,250000.0,13
2016-03-14,CIEN-SNPS,2810.67472076416,250000.0,13
2016-03-15,CIEN-SNPS,-3442.6805419921875,250000.0,13
2016-03-16,CIEN-SNPS,-2598.883186340332,250000.0,13
2016-03-16,CHTR-T,0.0,250000.0,13
2016-03-17,CIEN-SNPS,1518.549674987793,250000.0,13
2016-03-17,CHTR-T,-3815.603977203369,250000.0,13
2016-03-18,CHTR-T,-193.78742218017578,250000.0,13
2016-03-18,IQV-UHS,0.0,250000.0,13
2016-03-21,CHTR-T,-3430.655303955078,250000.0,13
2016-03-21,IQV-UHS,-719.0239562988281,250000.0,13
2016-03-22,IQV-UHS,-3635.1470947265625,250000.0,13
2016-03-23,IQV-UHS,-5198.088157653809,250000.0,13
2016-03-24,IQV-UHS,-4567.739273071289,250000.0,13
2016-03-24,PRU-RF,0.0,250000.0,13
2016-03-24,NTRS-PRU,0.0,250000.0,13
2016-03-28,IQV-UHS,-8546.598152160645,250000.0,13
2016-03-29,NTRS-RF,0.0,250000.0,13
2016-03-30,NTRS-RF,-2220.216655731201,250000.0,13
2016-03-31,NTRS-RF,-2452.863537788391,250000.0,13
2016-04-01,CIEN-SNPS,0.0,250000.0,13
2016-04-04,CIEN-SNPS,956.539134979248,250000.0,13
2016-04-05,CIEN-SNPS,2233.3812217712402,250000.0,13
2016-04-05,GDDY-TXN,0.0,250000.0,13
2016-04-06,GDDY-TXN,257.1237373352051,250000.0,13
2016-04-06,AEP-SO,0.0,250000.0,13
2016-04-07,BALL-SHW,0.0,250000.0,13
2016-04-08,BALL-SHW,-3327.256378173828,250000.0,13
2016-04-11,BALL-SHW,-2011.297248840332,250000.0,13
2016-04-12,BALL-SHW,-3248.011764526367,250000.0,13
2016-04-13,BALL-SHW,-1394.9786682128906,250000.0,13
2016-04-13,PRU-RF,0.0,250000.0,13
2016-04-14,BALL-SHW,770.397819519043,250000.0,13
2016-04-14,PRU-RF,-699.8607325553894,250000.0,13
2016-04-15,BALL-SHW,-66.77813720703125,250000.0,13
2016-04-15,NTRS-RF,0.0,250000.0,13
2016-04-18,NTRS-RF,2241.8662543296814,250000.0,13
2016-04-19,NTRS-PRU,0.0,250000.0,13
2016-04-19,AEP-XEL,0.0,250000.0,13
2016-04-20,NTRS-PRU,2935.7252197265625,250000.0,13
2016-04-20,AEP-XEL,427.27331924438477,250000.0,13
2016-04-21,NTRS-PRU,3742.07470703125,250000.0,13
2016-04-22,NTRS-PRU,4746.121154785156,250000.0,13
2016-04-25,NTRS-PRU,4995.786682128906,250000.0,13
2016-04-26,NTRS-PRU,4750.264923095703,250000.0,13
2016-04-26,IQV-UHS,0.0,250000.0,13
2016-04-26,FAST-HUBB,0.0,250000.0,13
2016-04-27,NTRS-PRU,5311.623138427734,250000.0,13
2016-04-27,IQV-UHS,-598.1980743408203,250000.0,13
2016-04-27,FAST-HUBB,-3799.7930908203125,250000.0,13
2016-04-27,MS-STT,0.0,250000.0,13
2016-04-28,NTRS-PRU,2287.231979370117,250000.0,13
2016-04-28,IQV-UHS,-5424.879241943359,250000.0,13
2016-04-28,FAST-HUBB,-5863.728675842285,250000.0,13
2016-04-28,MS-STT,2728.503318786621,250000.0,13
2016-04-28,AEP-SO,0.0,250000.0,13
2016-04-28,AEP-XEL,0.0,250000.0,13
2016-04-29,NTRS-PRU,3319.9099731445312,250000.0,13
2016-04-29,IQV-UHS,-5655.7811279296875,250000.0,13
2016-04-29,FAST-HUBB,-3858.637161254883,250000.0,13
2016-04-29,AEP-SO,407.8967590332031,250000.0,13
2016-04-29,AEP-XEL,1252.1347846984863,250000.0,13
2016-04-29,GDDY-TXN,0.0,250000.0,13
2016-03-01,META-TTWO,0.0,250000.0,14
2016-03-02,META-TTWO,1319.8582382202148,250000.0,14
2016-03-03,META-TTWO,5977.88313293457,250000.0,14
2016-03-03,CIEN-SNPS,0.0,250000.0,14
2016-03-04,CIEN-SNPS,507.61515045166016,250000.0,14
2016-03-04,GDDY-MPWR,0.0,250000.0,14
2016-03-07,CIEN-SNPS,-1666.8573608398438,250000.0,14
2016-03-07,GDDY-MPWR,3335.8594665527344,250000.0,14
2016-03-07,ADI-PTC,0.0,250000.0,14
2016-03-07,DTE-PNW,0.0,250000.0,14
2016-03-08,CIEN-SNPS,-1690.0967254638672,250000.0,14
2016-03-08,ADI-PTC,2755.2774620056152,250000.0,14
2016-03-08,DTE-PNW,-468.0222396850586,250000.0,14
2016-03-09,CIEN-SNPS,4321.389091491699,250000.0,14
2016-03-09,DTE-PNW,-603.215461730957,250000.0,14
2016-03-10,CIEN-SNPS,3073.4066009521484,250000.0,14
2016-03-10,DTE-PNW,1425.039909362793,250000.0,14
2016-03-11,CIEN-SNPS,2865.165573120117,250000.0,14
2016-03-11,DTE-PNW,-147.9802017211914,250000.0,14
2016-03-14,CIEN-SNPS,2810.67472076416,250000.0,14
2016-03-14,DTE-PNW,1681.9344482421875,250000.0,14
2016-03-14,LII-MAS,0.0,250000.0,14
2016-03-15,CIEN-SNPS,-3442.6805419921875,250000.0,14
2016-03-15,DTE-PNW,1739.1602210998535,250000.0,14
2016-03-16,CIEN-SNPS,-2598.883186340332,250000.0,14
2016-03-16,DTE-PNW,296.8922462463379,250000.0,14
2016-03-17,CIEN-SNPS,1518.549674987793,250000.0,14
2016-03-17,DTE-PNW,938.8286361694336,250000.0,14
2016-03-18,DTE-PNW,411.4614448547363,250000.0,14
2016-03-21,DTE-PNW,989.5819053649902,250000.0,14
2016-03-21,CME-PYPL,0.0,250000.0,14
2016-03-22,DTE-PNW,2088.879383087158,250000.0,14
2016-03-22,CME-PYPL,-1827.3318786621094,250000.0,14
2016-03-23,DTE-PNW,827.3943557739258,250000.0,14
2016-03-24,DTE-PNW,1300.0758895874023,250000.0,14
2016-03-24,NTRS-PRU,0.0,250000.0,14
2016-03-24,NTRS-WFC,0.0,250000.0,14
2016-03-28,DTE-PNW,1726.5611686706543,250000.0,14
2016-03-28,NTRS-WFC,-639.8680648803711,250000.0,14
2016-03-29,DTE-PNW,415.0185966491699,250000.0,14
2016-03-29,NTRS-WFC,-3747.481189727783,250000.0,14
2016-03-29,NTRS-RF,0.0,250000.0,14
2016-03-29,META-TTWO,0.0,250000.0,14
2016-03-30,DTE-PNW,1131.8940124511719,250000.0,14
2016-03-30,NTRS-WFC,-1899.401023864746,250000.0,14
2016-03-30,NTRS-RF,-2220.216655731201,250000.0,14
2016-03-30,META-TTWO,-2921.867141723633,250000.0,14
2016-03-31,DTE-PNW,2719.446258544922,250000.0,14
2016-03-31,NTRS-WFC,-2640.8200721740723,250000.0,14
2016-03-31,NTRS-RF,-2452.863537788391,250000.0,14
2016-03-31,META-TTWO,-6368.774932861328,250000.0,14
2016-04-01,DTE-PNW,2842.9193420410156,250000.0,14
2016-04-01,NTRS-WFC,-3806.28182220459,250000.0,14
2016-04-01,META-TTWO,-6760.707473754883,250000.0,14
2016-04-01,CIEN-SNPS,0.0,250000.0,14
2016-04-04,DTE-PNW,3589.020420074463,250000.0,14
2016-04-04,NTRS-WFC,-3144.2654876708984,250000.0,14
2016-04-04,CIEN-SNPS,956.539134979248,250000.0,14
2016-04-04,GDDY-ROP,0.0,250000.0,14
2016-04-05,CIEN-SNPS,2233.3812217712402,250000.0,14
2016-04-05,GDDY-TXN,0.0,250000.0,14
2016-04-05,GDDY-VRSN,0.0,250000.0,14
2016-04-05,GDDY-NVDA,0.0,250000.0,14
2016-04-06,GDDY-TXN,257.1237373352051,250000.0,14
2016-04-06,GDDY-VRSN,1525.073070526123,250000.0,14
2016-04-06,GDDY-NVDA,5678.695229113102,250000.0,14
2016-04-06,VEEV-VRTX,0.0,250000.0,14
2016-04-08,CME-PYPL,0.0,250000.0,14
2016-04-11,CME-PYPL,4745.554641723633,250000.0,14
2016-04-12,CME-PYPL,7853.480903625488,250000.0,14
2016-04-13,CME-PYPL,2299.7195625305176,250000.0,14
2016-04-14,CME-PYPL,6107.666549682617,250000.0,14
2016-04-15,CME-PYPL,8399.142070770264,250000.0,14
2016-04-15,NTRS-RF,0.0,250000.0,14
2016-04-15,ADI-PTC,0.0,250000.0,14
2016-04-18,CME-PYPL,1661.68208694458,250000.0,14
2016-04-18,NTRS-RF,2241.8662543296814,250000.0,14
2016-04-18,ADI-PTC,-552.5820503234863,250000.0,14
2016-04-18,LII-MAS,0.0,250000.0,14
2016-04-18,AAPL-HPQ,0.0,250000.0,14
2016-04-19,CME-PYPL,8876.335079193115,250000.0,14
2016-04-19,ADI-PTC,-4253.648262023926,250000.0,14
2016-04-19,LII-MAS,4637.441497802734,250000.0,14
2016-04-19,AAPL-HPQ,-4016.6046953201294,250000.0,14
2016-04-19,NTRS-PRU,0.0,250000.0,14
2016-04-20,CME-PYPL,5350.663967132568,250000.0,14
2016-04-20,ADI-PTC,-5305.800598144531,250000.0,14
2016-04-20,LII-MAS,-1291.5659866333008,250000.0,14
2016-04-20,AAPL-HPQ,-3698.6190757751465,250000.0,14
2016-04-20,NTRS-PRU,2935.7252197265625,250000.0,14
2016-04-21,CME-PYPL,5018.28816986084,250000.0,14
2016-04-21,LII-MAS,435.26985931396484,250000.0,14
2016-04-21,AAPL-HPQ,-3312.283902168274,250000.0,14
2016-04-21,NTRS-PRU,3742.07470703125,250000.0,14
2016-04-22,CME-PYPL,8303.04375076294,250000.0,14
2016-04-22,LII-MAS,565.2032775878906,250000.0,14
2016-04-22,AAPL-HPQ,-4646.137663841248,250000.0,14
2016-04-22,NTRS-PRU,4746.121154785156,250000.0,14
2016-04-25,CME-PYPL,9469.7370262146,250000.0,14
2016-04-25,LII-MAS,585.9133834838867,250000.0,14
2016-04-25,AAPL-HPQ,-5800.3302392959595,250000.0,14
2016-04-25,NTRS-PRU,4995.786682128906,250000.0,14
2016-04-26,NTRS-PRU,4750.264923095703,250000.0,14
2016-04-27,NTRS-PRU,5311.623138427734,250000.0,14
2016-04-27,AAPL-HPQ,0.0,250000.0,14
2016-04-27,MS-STT,0.0,250000.0,14
2016-04-28,NTRS-PRU,2287.231979370117,250000.0,14
2016-04-28,AAPL-HPQ,-9076.248252868652,250000.0,14
2016-04-28,MS-STT,2728.503318786621,250000.0,14
2016-04-28,META-TTWO,0.0,250000.0,14
2016-04-29,NTRS-PRU,3319.9099731445312,250000.0,14
2016-04-29,AAPL-HPQ,-7864.483287811279,250000.0,14
2016-04-29,META-TTWO,-2130.4161529541016,250000.0,14
2016-04-29,GDDY-TXN,0.0,250000.0,14
2016-04-29,GDDY-VRSN,0.0,250000.0,14
2016-04-29,GDDY-NVDA,0.0,250000.0,14
2016-05-02,NTRS-PRU,3698.173873901367,250000.0,14
2016-05-02,AAPL-HPQ,-5353.77681350708,250000.0,14
2016-05-02,META-TTWO,5844.934951782227,250000.0,14
2016-05-02,GDDY-TXN,-132.80620956420898,250000.0,14
2016-05-02,GDDY-VRSN,-637.5341262817383,250000.0,14
2016-05-02,GDDY-NVDA,-4946.627819299698,250000.0,14
2016-05-03,AAPL-HPQ,9271.236068725586,250000.0,14
2016-05-03,META-TTWO,-1086.3910522460938,250000.0,14
2016-05-03,GDDY-TXN,2007.9652404785156,250000.0,14
2016-05-03,GDDY-NVDA,3210.180503845215,250000.0,14
2016-05-04,AAPL-HPQ,7384.405303955078,250000.0,14
2016-05-04,META-TTWO,-4568.506744384766,250000.0,14
2016-05-04,GDDY-TXN,-3742.680595397949,250000.0,14
2016-05-04,GDDY-NVDA,-7814.13040971756,250000.0,14
2016-05-05,AAPL-HPQ,8490.85270690918,250000.0,14
2016-05-05,META-TTWO,-3556.4906616210938,250000.0,14
2016-05-05,GDDY-TXN,1375.2909507751465,250000.0,14
2016-05-05,GDDY-NVDA,3070.998615026474,250000.0,14
2016-05-05,VEEV-VRTX,0.0,250000.0,14
2016-05-06,AAPL-HPQ,3508.5704917907715,250000.0,14
2016-05-06,META-TTWO,1086.9994354248047,250000.0,14
2016-05-06,GDDY-TXN,1334.7724914550781,250000.0,14
2016-05-06,GDDY-NVDA,12.791060447692871,250000.0,14
2016-05-06,VEEV-VRTX,-2722.10684967041,250000.0,14
2016-05-06,CMS-XEL,0.0,250000.0,14
2016-05-09,AAPL-HPQ,6944.807300567627,250000.0,14
2016-05-09,META-TTWO,-303.41529846191406,250000.0,14
2016-05-09,GDDY-TXN,63.83815002441406,250000.0,14
2016-05-09,GDDY-NVDA,-338.98076367378235,250000.0,14
2016-05-09,VEEV-VRTX,-9194.89783859253,250000.0,14
2016-05-10,AAPL-HPQ,6131.390289306641,250000.0,14
2016-05-10,META-TTWO,-1152.4090576171875,250000.0,14
2016-05-10,GDDY-TXN,684.920955657959,250000.0,14
2016-05-10,GDDY-NVDA,-1234.3534610271454,250000.0,14
2016-05-10,VEEV-VRTX,-11717.071043014526,250000.0,14
2016-05-11,AAPL-HPQ,644.9837875366211,250000.0,14
2016-05-11,META-TTWO,6731.31950378418,250000.0,14
2016-05-11,GDDY-TXN,645.3200492858887,250000.0,14
2016-05-11,GDDY-NVDA,-619.4760837554932,250000.0,14
2016-05-11,VEEV-VRTX,5721.376007080078,250000.0,14
2016-05-12,META-TTWO,10163.138595581055,250000.0,14
2016-05-12,GDDY-TXN,1278.232089996338,250000.0,14
2016-05-12,GDDY-NVDA,1967.685920715332,250000.0,14
2016-05-13,GDDY-TXN,944.6329956054688,250000.0,14
2016-05-16,GDDY-TXN,1483.4512557983398,250000.0,14
2016-05-16,GDDY-KLAC,0.0,250000.0,14
2016-05-17,GDDY-TXN,3966.4243774414062,250000.0,14
2016-05-17,GDDY-ROP,0.0,250000.0,14
2016-05-18,GDDY-TXN,3815.624397277832,250000.0,14
2016-05-18,GDDY-ROP,1233.7411346435547,250000.0,14
2016-05-18,NTRS-RF,0.0,250000.0,14
2016-05-18,CME-PYPL,0.0,250000.0,14
2016-05-19,GDDY-TXN,159.4282569885254,250000.0,14
2016-05-19,GDDY-ROP,3027.043357849121,250000.0,14
2016-05-19,NTRS-RF,2618.764596939087,250000.0,14
2016-05-19,CME-PYPL,-4265.05676651001,250000.0,14
2016-05-20,GDDY-TXN,1936.6066970825195,250000.0,14
2016-05-20,GDDY-ROP,2028.085132598877,250000.0,14
2016-05-20,CME-PYPL,-7863.933666229248,250000.0,14
2016-05-20,GDDY-VRSN,0.0,250000.0,14
2016-05-23,GDDY-TXN,3961.48934173584,250000.0,14
2016-05-23,CME-PYPL,-5160.656806945801,250000.0,14
2016-05-23,GDDY-VRSN,2206.5556030273438,250000.0,14
2016-05-23,GDDY-MPWR,0.0,250000.0,14
2016-05-24,CME-PYPL,-5283.129245758057,250000.0,14
2016-05-24,GDDY-VRSN,3273.004150390625,250000.0,14
2016-05-24,GDDY-MPWR,-4470.485382080078,250000.0,14
2016-05-25,CME-PYPL,-5338.004207611084,250000.0,14
2016-05-25,GDDY-VRSN,2321.330253601074,250000.0,14
2016-05-25,GDDY-MPWR,-4376.853239059448,250000.0,14
2016-05-25,NTRS-WFC,0.0,250000.0,14
2016-05-26,CME-PYPL,-8707.614608764648,250000.0,14
2016-05-26,GDDY-VRSN,1203.718147277832,250000.0,14
2016-05-26,GDDY-MPWR,-6931.457670211792,250000.0,14
2016-05-26,NTRS-WFC,-479.6016616821289,250000.0,14
2016-05-26,NTRS-PRU,0.0,250000.0,14
2016-05-27,CME-PYPL,-13392.933513641357,250000.0,14
2016-05-27,GDDY-VRSN,-1363.0381698608398,250000.0,14
2016-05-27,GDDY-MPWR,-7988.56459236145,250000.0,14
2016-05-27,NTRS-WFC,-1588.4033393859863,250000.0,14
2016-05-27,NTRS-PRU,1904.7984161376953,250000.0,14
2016-05-31,CME-PYPL,-12276.881088256836,250000.0,14
2016-05-31,GDDY-VRSN,236.53760528564453,250000.0,14
2016-05-31,GDDY-MPWR,-7293.101583480835,250000.0,14
2016-05-31,NTRS-WFC,-1056.9408569335938,250000.0,14
2016-05-31,NTRS-PRU,1428.8759002685547,250000.0,14
2016-04-01,MTB-SYF,0.0,250000.0,15
2016-04-04,MTB-SYF,2625.2772827148438,250000.0,15
2016-04-05,MTB-SYF,1631.1423511505127,250000.0,15
2016-04-05,DTE-PNW,0.0,250000.0,15
2016-04-06,MTB-SYF,2933.6655445098877,250000.0,15
2016-04-06,DTE-PNW,228.95091247558594,250000.0,15
2016-04-07,DTE-PNW,-367.2027359008789,250000.0,15
2016-04-08,DTE-PNW,-409.26220703125,250000.0,15
2016-04-08,CME-PYPL,0.0,250000.0,15
2016-04-11,DTE-PNW,-959.0076675415039,250000.0,15
2016-04-11,CME-PYPL,4745.554641723633,250000.0,15
2016-04-12,DTE-PNW,-1038.7102355957031,250000.0,15
2016-04-12,CME-PYPL,7853.480903625488,250000.0,15
2016-04-12,MRSH-PYPL,0.0,250000.0,15
2016-04-13,DTE-PNW,-1082.654426574707,250000.0,15
2016-04-13,CME-PYPL,2299.7195625305176,250000.0,15
2016-04-13,MRSH-PYPL,3362.4232063293457,250000.0,15
2016-04-14,DTE-PNW,-892.0793228149414,250000.0,15
2016-04-14,CME-PYPL,6107.666549682617,250000.0,15
2016-04-14,MRSH-PYPL,3252.3826904296875,250000.0,15
2016-04-15,DTE-PNW,74.85457611083984,250000.0,15
2016-04-15,CME-PYPL,8399.142070770264,250000.0,15
2016-04-15,MRSH-PYPL,1140.4004135131836,250000.0,15
2016-04-18,DTE-PNW,-820.5082244873047,250000.0,15
2016-04-18,CME-PYPL,1661.68208694458,250000.0,15
2016-04-18,AAPL-HPQ,0.0,250000.0,15
2016-04-18,AAPL-ON,0.0,250000.0,15
2016-04-19,DTE-PNW,-147.0821762084961,250000.0,15
2016-04-19,CME-PYPL,8876.335079193115,250000.0,15
2016-04-19,AAPL-HPQ,-4016.6046953201294,250000.0,15
2016-04-19,AAPL-ON,-126.99763870239258,250000.0,15
2016-04-19,NTRS-PRU,0.0,250000.0,15
2016-04-20,CME-PYPL,5350.663967132568,250000.0,15
2016-04-20,AAPL-HPQ,-3698.6190757751465,250000.0,15
2016-04-20,AAPL-ON,-6631.716966629028,250000.0,15
2016-04-20,NTRS-PRU,2935.7252197265625,250000.0,15
2016-04-20,JPM-USB,0.0,250000.0,15
2016-04-21,CME-PYPL,5018.28816986084,250000.0,15
2016-04-21,AAPL-HPQ,-3312.283902168274,250000.0,15
2016-04-21,AAPL-ON,-9285.324625015259,250000.0,15
2016-04-21,NTRS-PRU,3742.07470703125,250000.0,15
2016-04-21,JPM-USB,-581.3231964111328,250000.0,15
2016-04-21,CFG-RJF,0.0,250000.0,15
2016-04-21,ES-XEL,0.0,250000.0,15
2016-04-22,CME-PYPL,8303.04375076294,250000.0,15
2016-04-22,AAPL-HPQ,-4646.137663841248,250000.0,15
2016-04-22,AAPL-ON,-10790.682472229004,250000.0,15
2016-04-22,NTRS-PRU,4746.121154785156,250000.0,15
2016-04-22,CFG-RJF,-2335.4365043640137,250000.0,15
2016-04-22,ES-XEL,943.2271995544434,250000.0,15
2016-04-22,NKE-SBUX,0.0,250000.0,15
2016-04-25,CME-PYPL,9469.7370262146,250000.0,15
2016-04-25,AAPL-HPQ,-5800.3302392959595,250000.0,15
2016-04-25,AAPL-ON,-6615.818218231201,250000.0,15
2016-04-25,NTRS-PRU,4995.786682128906,250000.0,15
2016-04-25,CFG-RJF,-2902.6699075698853,250000.0,15
2016-04-25,ES-XEL,1089.0710983276367,250000.0,15
2016-04-25,NKE-SBUX,808.056770324707,250000.0,15
2016-04-26,NTRS-PRU,4750.264923095703,250000.0,15
2016-04-26,CFG-RJF,-3874.995164871216,250000.0,15
2016-04-26,ES-XEL,2050.2704849243164,250000.0,15
2016-04-26,NKE-SBUX,-35.70729064941406,250000.0,15
2016-04-27,NTRS-PRU,5311.623138427734,250000.0,15
2016-04-27,CFG-RJF,-2100.5953407287598,250000.0,15
2016-04-27,ES-XEL,1956.8928604125977,250000.0,15
2016-04-27,NKE-SBUX,-3076.433982849121,250000.0,15
2016-04-27,AAPL-HPQ,0.0,250000.0,15
2016-04-27,AAPL-ON,0.0,250000.0,15
2016-04-27,AMP-STT,0.0,250000.0,15
2016-04-28,NTRS-PRU,2287.231979370117,250000.0,15
2016-04-28,CFG-RJF,-1425.0318508148193,250000.0,15
2016-04-28,NKE-SBUX,-3769.77579498291,250000.0,15
2016-04-28,AAPL-HPQ,-9076.248252868652,250000.0,15
2016-04-28,AAPL-ON,-5601.073959350586,250000.0,15
2016-04-28,AMP-STT,-1208.3690872192383,250000.0,15
2016-04-29,NTRS-PRU,3319.9099731445312,250000.0,15
2016-04-29,CFG-RJF,-2264.28595161438,250000.0,15
2016-04-29,NKE-SBUX,-5353.230285644531,250000.0,15
2016-04-29,AAPL-HPQ,-7864.483287811279,250000.0,15
2016-04-29,AAPL-ON,-2921.448196411133,250000.0,15
2016-04-29,AMP-STT,-3452.346893310547,250000.0,15
2016-05-02,NTRS-PRU,3698.173873901367,250000.0,15
2016-05-02,CFG-RJF,-1712.7961988449097,250000.0,15
2016-05-02,NKE-SBUX,-1690.8236465454102,250000.0,15
2016-05-02,AAPL-HPQ,-5353.77681350708,250000.0,15
2016-05-02,AAPL-ON,-8567.842597961426,250000.0,15
2016-05-02,AMP-STT,-2188.4544982910156,250000.0,15
2016-05-03,CFG-RJF,-800.1266222000122,250000.0,15
2016-05-03,NKE-SBUX,-5515.570106506348,250000.0,15
2016-05-03,AAPL-HPQ,9271.236068725586,250000.0,15
2016-05-03,AAPL-ON,2286.208511352539,250000.0,15
2016-05-03,AMP-STT,768.8902740478516,250000.0,15
2016-05-04,CFG-RJF,-4829.286120414734,250000.0,15
2016-05-04,NKE-SBUX,-4127.649658203125,250000.0,15
2016-05-04,AAPL-HPQ,7384.405303955078,250000.0,15
2016-05-04,AAPL-ON,3862.116912841797,250000.0,15
2016-05-04,AMP-STT,3333.93896484375,250000.0,15
2016-05-04,SCHW-USB,0.0,250000.0,15
2016-05-05,CFG-RJF,-3411.634546279907,250000.0,15
2016-05-05,NKE-SBUX,-2988.5418701171875,250000.0,15
2016-05-05,AAPL-HPQ,8490.85270690918,250000.0,15
2016-05-05,AAPL-ON,1846.7787551879883,250000.0,15
2016-05-05,AMP-STT,2781.177391052246,250000.0,15
2016-05-05,SCHW-USB,-419.5214729309082,250000.0,15
2016-05-06,NKE-SBUX,-3183.552879333496,250000.0,15
2016-05-06,AAPL-HPQ,3508.5704917907715,250000.0,15
2016-05-06,AAPL-ON,-3226.7099075317383,250000.0,15
2016-05-06,AMP-STT,2856.264114379883,250000.0,15
2016-05-06,SCHW-USB,1014.8211078643799,250000.0,15
2016-05-06,CMS-XEL,0.0,250000.0,15
2016-05-06,RVTY-VEEV,0.0,250000.0,15
2016-05-09,AAPL-HPQ,6944.807300567627,250000.0,15
2016-05-09,AAPL-ON,4552.382064819336,250000.0,15
2016-05-09,AMP-STT,2086.810203552246,250000.0,15
2016-05-09,SCHW-USB,-309.20772552490234,250000.0,15
2016-05-09,RVTY-VEEV,3245.3322944641113,250000.0,15
2016-05-10,AAPL-HPQ,6131.390289306641,250000.0,15
2016-05-10,AAPL-ON,314.6570510864258,250000.0,15
2016-05-10,AMP-STT,1351.663963317871,250000.0,15
2016-05-10,SCHW-USB,697.7245864868164,250000.0,15
2016-05-10,RVTY-VEEV,-2220.3190784454346,250000.0,15
2016-05-11,AAPL-HPQ,644.9837875366211,250000.0,15
2016-05-11,AAPL-ON,-3564.1511154174805,250000.0,15
2016-05-11,SCHW-USB,-12.246593475341797,250000.0,15
2016-05-11,RVTY-VEEV,2348.2187576293945,250000.0,15
2016-05-12,SCHW-USB,-21.28412628173828,250000.0,15
2016-05-12,RVTY-VEEV,1977.8502807617188,250000.0,15
2016-05-13,SCHW-USB,-1905.8449363708496,250000.0,15
2016-05-13,RVTY-VEEV,1803.4933605194092,250000.0,15
2016-05-16,SCHW-USB,-805.0876331329346,250000.0,15
2016-05-16,RVTY-VEEV,3536.804916381836,250000.0,15
2016-05-17,RVTY-VEEV,6351.133857727051,250000.0,15
2016-05-17,JPM-USB,0.0,250000.0,15
2016-05-18,RVTY-VEEV,12870.004348754883,250000.0,15
2016-05-18,JPM-USB,-1976.333209991455,250000.0,15
2016-05-18,CME-PYPL,0.0,250000.0,15
2016-05-18,PNC-RJF,0.0,250000.0,15
2016-05-19,RVTY-VEEV,11513.12314414978,250000.0,15
2016-05-19,JPM-USB,-541.41943359375,250000.0,15
2016-05-19,CME-PYPL,-4265.05676651001,250000.0,15
2016-05-19,PNC-RJF,-1466.2106380462646,250000.0,15
2016-05-19,MRSH-PYPL,0.0,250000.0,15
2016-05-20,JPM-USB,430.8837547302246,250000.0,15
2016-05-20,CME-PYPL,-7863.933666229248,250000.0,15
2016-05-20,PNC-RJF,304.87110900878906,250000.0,15
2016-05-20,MRSH-PYPL,-866.8800201416016,250000.0,15
2016-05-23,JPM-USB,97.37508773803711,250000.0,15
2016-05-23,CME-PYPL,-5160.656806945801,250000.0,15
2016-05-23,PNC-RJF,2509.809690475464,250000.0,15
2016-05-23,MRSH-PYPL,1772.20219039917,250000.0,15
2016-05-24,JPM-USB,499.6223602294922,250000.0,15
2016-05-24,CME-PYPL,-5283.129245758057,250000.0,15
2016-05-24,PNC-RJF,104.54169464111328,250000.0,15
2016-05-24,MRSH-PYPL,3701.0563583374023,250000.0,15
2016-05-25,JPM-USB,1585.3913497924805,250000.0,15
2016-05-25,CME-PYPL,-5338.004207611084,250000.0,15
2016-05-25,PNC-RJF,-4608.746572494507,250000.0,15
2016-05-25,MRSH-PYPL,2253.2433700561523,250000.0,15
2016-05-26,JPM-USB,1349.3953399658203,250000.0,15
2016-05-26,CME-PYPL,-8707.614608764648,250000.0,15
2016-05-26,PNC-RJF,1322.1089401245117,250000.0,15
2016-05-26,MRSH-PYPL,-2082.7380714416504,250000.0,15
2016-05-26,NTRS-PRU,0.0,250000.0,15
2016-05-27,JPM-USB,1807.6885414123535,250000.0,15
2016-05-27,CME-PYPL,-13392.933513641357,250000.0,15
2016-05-27,PNC-RJF,503.2585220336914,250000.0,15
2016-05-27,MRSH-PYPL,-3211.526054382324,250000.0,15
2016-05-27,NTRS-PRU,1904.7984161376953,250000.0,15
2016-05-31,JPM-USB,1513.799903869629,250000.0,15
2016-05-31,CME-PYPL,-12276.881088256836,250000.0,15
2016-05-31,PNC-RJF,7163.575435638428,250000.0,15
2016-05-31,MRSH-PYPL,-5693.915996551514,250000.0,15
2016-05-31,NTRS-PRU,1428.8759002685547,250000.0,15
2016-06-01,JPM-USB,1295.092975616455,250000.0,15
2016-06-01,CME-PYPL,-9448.621341705322,250000.0,15
2016-06-01,MRSH-PYPL,-2591.8834075927734,250000.0,15
2016-06-01,NTRS-PRU,-841.1649971008301,250000.0,15
2016-06-01,AAPL-ON,0.0,250000.0,15
2016-06-02,JPM-USB,1285.3529090881348,250000.0,15
2016-06-02,MRSH-PYPL,-1878.2262001037598,250000.0,15
2016-06-02,NTRS-PRU,-2188.925495147705,250000.0,15
2016-06-02,AAPL-ON,709.2130355834961,250000.0,15
2016-06-02,MAA-PSA,0.0,250000.0,15
2016-06-03,JPM-USB,736.9870948791504,250000.0,15
2016-06-03,AAPL-ON,4897.36642074585,250000.0,15
2016-06-03,AMP-STT,0.0,250000.0,15
2016-06-06,JPM-USB,1850.7509651184082,250000.0,15
2016-06-06,AAPL-ON,3874.039331436157,250000.0,15
2016-06-06,AMP-STT,3642.0179481506348,250000.0,15
2016-06-07,JPM-USB,1193.5563011169434,250000.0,15
2016-06-07,AAPL-ON,-1819.493405342102,250000.0,15
2016-06-07,AMP-STT,919.9962272644043,250000.0,15
2016-06-07,NXPI-SWKS,0.0,250000.0,15
2016-06-08,JPM-USB,1515.5706596374512,250000.0,15
2016-06-08,AAPL-ON,-752.0309476852417,250000.0,15
2016-06-08,AMP-STT,521.7279472351074,250000.0,15
2016-06-08,NXPI-SWKS,1065.690357208252,250000.0,15
2016-06-09,JPM-USB,1433.928611755371,250000.0,15
2016-06-09,AAPL-ON,737.06360912323,250000.0,15
2016-06-09,AMP-STT,-3248.429359436035,250000.0,15
2016-06-09,NXPI-SWKS,2349.798629760742,250000.0,15
2016-06-09,DTE-PNW,0.0,250000.0,15
2016-06-10,JPM-USB,741.3489074707031,250000.0,15
2016-06-10,AAPL-ON,4544.8135776519775,250000.0,15
2016-06-10,AMP-STT,-5830.513275146484,250000.0,15
2016-06-13,JPM-USB,819.0759773254395,250000.0,15
2016-06-13,AAPL-ON,-3102.7865686416626,250000.0,15
2016-06-13,AMP-STT,-4888.715190887451,250000.0,15
2016-06-14,JPM-USB,1561.602653503418,250000.0,15
2016-06-14,AAPL-ON,2425.172631263733,250000.0,15
2016-06-14,AMP-STT,-3866.3505325317383,250000.0,15
2016-06-14,PNC-RJF,0.0,250000.0,15
2016-06-14,MTB-SYF,0.0,250000.0,15
2016-06-14,BDX-TMO,0.0,250000.0,15
2016-06-15,JPM-USB,864.7071418762207,250000.0,15
2016-06-15,AAPL-ON,3512.7585773468018,250000.0,15
2016-06-15,AMP-STT,-6137.056324005127,250000.0,15
2016-06-15,PNC-RJF,-4512.494232177734,250000.0,15
2016-06-15,MTB-SYF,-1471.4188079833984,250000.0,15
2016-06-15,BDX-TMO,1972.3192520141602,250000.0,15
2016-06-15,SCHW-USB,0.0,250000.0,15
2016-06-16,JPM-USB,322.27380752563477,250000.0,15
2016-06-16,PNC-RJF,-7031.212890625,250000.0,15
2016-06-16,MTB-SYF,-5797.508346557617,250000.0,15
2016-06-16,BDX-TMO,963.8447723388672,250000.0,15
2016-06-16,SCHW-USB,71.16329765319824,250000.0,15
2016-06-17,JPM-USB,440.16445541381836,250000.0,15
2016-06-17,PNC-RJF,-8818.11068725586,250000.0,15
2016-06-17,MTB-SYF,-10927.383926391602,250000.0,15
2016-06-17,BDX-TMO,1261.434181213379,250000.0,15
2016-06-17,SCHW-USB,824.6281204223633,250000.0,15
2016-06-20,JPM-USB,831.7255668640137,250000.0,15
2016-06-20,PNC-RJF,-9247.129348754883,250000.0,15
2016-06-20,MTB-SYF,-13512.451553344727,250000.0,15
2016-06-20,BDX-TMO,1937.160873413086,250000.0,15
2016-06-20,SCHW-USB,562.9676322937012,250000.0,15
2016-06-21,PNC-RJF,-4195.912002563477,250000.0,15
2016-06-21,MTB-SYF,-11928.914688110352,250000.0,15
2016-06-21,BDX-TMO,253.2978973388672,250000.0,15
2016-06-21,SCHW-USB,2409.1855430603027,250000.0,15
2016-06-22,PNC-RJF,-3515.4835052490234,250000.0,15
2016-06-22,MTB-SYF,-13798.811019897461,250000.0,15
2016-06-22,BDX-TMO,1906.3633575439453,250000.0,15
2016-06-22,SCHW-USB,2425.31978225708,250000.0,15
2016-06-22,AAPL-HPQ,0.0,250000.0,15
2016-06-23,PNC-RJF,4505.287490844727,250000.0,15
2016-06-23,MTB-SYF,-17301.953079223633,250000.0,15
2016-06-23,BDX-TMO,2878.2002868652344,250000.0,15
2016-06-23,AAPL-HPQ,6142.086757659912,250000.0,15
2016-06-23,JPM-USB,0.0,250000.0,15
2016-06-24,MTB-SYF,-9436.829528808594,250000.0,15
2016-06-24,BDX-TMO,-1441.8813705444336,250000.0,15
2016-06-24,AAPL-HPQ,-4599.7744216918945,250000.0,15
2016-06-24,GL-MTB,0.0,250000.0,15
2016-06-24,AAPL-ON,0.0,250000.0,15
2016-06-24,DTE-PNW,0.0,250000.0,15
2016-06-27,MTB-SYF,-11254.84521484375,250000.0,15
2016-06-27,BDX-TMO,-4081.015884399414,250000.0,15
2016-06-27,GL-MTB,-3106.716995239258,250000.0,15
2016-06-27,MAA-PSA,0.0,250000.0,15
2016-06-27,CFG-RJF,0.0,250000.0,15
2016-06-27,ES-XEL,0.0,250000.0,15
2016-06-27,AMP-STT,0.0,250000.0,15
2016-06-28,MTB-SYF,-13244.367095947266,250000.0,15
2016-06-28,BDX-TMO,-1726.9896926879883,250000.0,15
2016-06-28,GL-MTB,324.9285125732422,250000.0,15
2016-06-28,MAA-PSA,-1488.657829284668,250000.0,15
2016-06-28,ES-XEL,1239.9180450439453,250000.0,15
2016-06-28,AMP-STT,2032.491600036621,250000.0,15
2016-06-29,GL-MTB,-297.40081787109375,250000.0,15
2016-06-29,MAA-PSA,-1820.5849685668945,250000.0,15
2016-06-29,ES-XEL,784.4150924682617,250000.0,15
2016-06-29,AMP-STT,2129.1074981689453,250000.0,15
2016-06-30,MAA-PSA,-2489.9683685302734,250000.0,15
2016-06-30,ES-XEL,678.1044464111328,250000.0,15
2016-05-04,JPM-RJF,0.0,250000.0,16
2016-05-04,IT-NOW,0.0,250000.0,16
2016-05-05,JPM-RJF,-2016.5819129943848,250000.0,16
2016-05-05,EQIX-MAA,0.0,250000.0,16
2016-05-06,JPM-RJF,1421.3555088043213,250000.0,16
2016-05-06,EQIX-MAA,190.27767181396484,250000.0,16
2016-05-06,CMS-XEL,0.0,250000.0,16
2016-05-06,RVTY-VEEV,0.0,250000.0,16
2016-05-09,JPM-RJF,970.4367771148682,250000.0,16
2016-05-09,EQIX-MAA,1557.006980895996,250000.0,16
2016-05-09,RVTY-VEEV,3245.3322944641113,250000.0,16
2016-05-10,JPM-RJF,-2893.991199493408,250000.0,16
2016-05-10,EQIX-MAA,1155.7401580810547,250000.0,16
2016-05-10,RVTY-VEEV,-2220.3190784454346,250000.0,16
2016-05-11,JPM-RJF,692.0741519927979,250000.0,16
2016-05-11,RVTY-VEEV,2348.2187576293945,250000.0,16
2016-05-12,JPM-RJF,86.90299034118652,250000.0,16
2016-05-12,RVTY-VEEV,1977.8502807617188,250000.0,16
2016-05-13,JPM-RJF,660.0856170654297,250000.0,16
2016-05-13,RVTY-VEEV,1803.4933605194092,250000.0,16
2016-05-16,JPM-RJF,1912.7068309783936,250000.0,16
2016-05-16,RVTY-VEEV,3536.804916381836,250000.0,16
2016-05-16,HPE-KLAC,0.0,250000.0,16
2016-05-17,JPM-RJF,1765.7469215393066,250000.0,16
2016-05-17,RVTY-VEEV,6351.133857727051,250000.0,16
2016-05-17,HPE-KLAC,240.75262355804443,250000.0,16
2016-05-18,RVTY-VEEV,12870.004348754883,250000.0,16
2016-05-18,CME-PYPL,0.0,250000.0,16
2016-05-18,PNC-RJF,0.0,250000.0,16
2016-05-19,RVTY-VEEV,11513.12314414978,250000.0,16
2016-05-19,CME-PYPL,-4265.05676651001,250000.0,16
2016-05-19,PNC-RJF,-1466.2106380462646,250000.0,16
2016-05-19,AON-PYPL,0.0,250000.0,16
2016-05-20,CME-PYPL,-7863.933666229248,250000.0,16
2016-05-20,PNC-RJF,304.87110900878906,250000.0,16
2016-05-20,AON-PYPL,-2109.8399353027344,250000.0,16
2016-05-23,CME-PYPL,-5160.656806945801,250000.0,16
2016-05-23,PNC-RJF,2509.809690475464,250000.0,16
2016-05-23,AON-PYPL,2035.1672325134277,250000.0,16
2016-05-24,CME-PYPL,-5283.129245758057,250000.0,16
2016-05-24,PNC-RJF,104.54169464111328,250000.0,16
2016-05-24,AON-PYPL,3803.980842590332,250000.0,16
2016-05-25,CME-PYPL,-5338.004207611084,250000.0,16
2016-05-25,PNC-RJF,-4608.746572494507,250000.0,16
2016-05-25,AON-PYPL,3193.7545166015625,250000.0,16
2016-05-26,CME-PYPL,-8707.614608764648,250000.0,16
2016-05-26,PNC-RJF,1322.1089401245117,250000.0,16
2016-05-26,AON-PYPL,-1947.2110710144043,250000.0,16
2016-05-26,NTRS-PRU,0.0,250000.0,16
2016-05-27,CME-PYPL,-13392.933513641357,250000.0,16
2016-05-27,PNC-RJF,503.2585220336914,250000.0,16
2016-05-27,AON-PYPL,-5366.192405700684,250000.0,16
2016-05-27,NTRS-PRU,1904.7984161376953,250000.0,16
2016-05-31,CME-PYPL,-12276.881088256836,250000.0,16
2016-05-31,PNC-RJF,7163.575435638428,250000.0,16
2016-05-31,NTRS-PRU,1428.8759002685547,250000.0,16
2016-06-01,CME-PYPL,-9448.621341705322,250000.0,16
2016-06-01,NTRS-PRU,-841.1649971008301,250000.0,16
2016-06-01,IT-NOW,0.0,250000.0,16
2016-06-02,NTRS-PRU,-2188.925495147705,250000.0,16
2016-06-02,IT-NOW,-756.1375713348389,250000.0,16
2016-06-03,IT-NOW,828.6894550323486,250000.0,16
2016-06-06,IT-NOW,-4426.509092330933,250000.0,16
2016-06-06,HPE-KLAC,0.0,250000.0,16
2016-06-06,EQIX-MAA,0.0,250000.0,16
2016-06-07,IT-NOW,-8123.755984306335,250000.0,16
2016-06-07,HPE-KLAC,-368.0919542312622,250000.0,16
2016-06-07,EQIX-MAA,-660.7031631469727,250000.0,16
2016-06-07,META-TTWO,0.0,250000.0,16
2016-06-07,CTAS-LUV,0.0,250000.0,16
2016-06-08,HPE-KLAC,-433.4343523979187,250000.0,16
2016-06-08,EQIX-MAA,-1702.2488708496094,250000.0,16
2016-06-08,META-TTWO,1842.5331268310547,250000.0,16
2016-06-08,CTAS-LUV,-1761.998146057129,250000.0,16
2016-06-09,HPE-KLAC,-507.69549322128296,250000.0,16
2016-06-09,EQIX-MAA,-960.462776184082,250000.0,16
2016-06-09,META-TTWO,2486.006477355957,250000.0,16
2016-06-09,CTAS-LUV,-4522.62403678894,250000.0,16
2016-06-09,DTE-PNW,0.0,250000.0,16
2016-06-10,HPE-KLAC,-1191.763831615448,250000.0,16
2016-06-10,EQIX-MAA,-489.4339294433594,250000.0,16
2016-06-10,CTAS-LUV,-4526.264108657837,250000.0,16
2016-06-13,HPE-KLAC,506.5658211708069,250000.0,16
2016-06-13,CTAS-LUV,2697.5988159179688,250000.0,16
2016-06-14,PNC-RJF,0.0,250000.0,16
2016-06-15,PNC-RJF,-4512.494232177734,250000.0,16
2016-06-16,PNC-RJF,-7031.212890625,250000.0,16
2016-06-17,PNC-RJF,-8818.11068725586,250000.0,16
2016-06-20,PNC-RJF,-9247.129348754883,250000.0,16
2016-06-21,PNC-RJF,-4195.912002563477,250000.0,16
2016-06-21,EMR-GNRC,0.0,250000.0,16
2016-06-22,PNC-RJF,-3515.4835052490234,250000.0,16
2016-06-22,EMR-GNRC,-2777.739978790283,250000.0,16
2016-06-22,HPE-KLAC,0.0,250000.0,16
2016-06-23,PNC-RJF,4505.287490844727,250000.0,16
2016-06-23,EMR-GNRC,-3809.7130737304688,250000.0,16
2016-06-23,HPE-KLAC,-160.6569585800171,250000.0,16
2016-06-24,EMR-GNRC,-1684.602710723877,250000.0,16
2016-06-24,HPE-KLAC,1855.3430786132812,250000.0,16
2016-06-24,DTE-PNW,0.0,250000.0,16
2016-06-24,GL-MTB,0.0,250000.0,16
2016-06-27,EMR-GNRC,828.3300361633301,250000.0,16
2016-06-27,GL-MTB,-3106.716995239258,250000.0,16
2016-06-27,CAT-ROK,0.0,250000.0,16
2016-06-27,ES-XEL,0.0,250000.0,16
2016-06-27,CFG-RJF,0.0,250000.0,16
2016-06-27,IT-NOW,0.0,250000.0,16
2016-06-27,EQIX-MAA,0.0,250000.0,16
2016-06-28,EMR-GNRC,-1104.0978240966797,250000.0,16
2016-06-28,GL-MTB,324.9285125732422,250000.0,16
2016-06-28,CAT-ROK,1464.8549308776855,250000.0,16
2016-06-28,ES-XEL,1239.9180450439453,250000.0,16
2016-06-28,IT-NOW,1652.0118865966797,250000.0,16
2016-06-28,EQIX-MAA,-2800.7240982055664,250000.0,16
2016-06-29,EMR-GNRC,-3398.7280883789062,250000.0,16
2016-06-29,GL-MTB,-297.40081787109375,250000.0,16
2016-06-29,CAT-ROK,1661.9555702209473,250000.0,16
2016-06-29,ES-XEL,784.4150924682617,250000.0,16
2016-06-29,IT-NOW,3033.388702392578,250000.0,16
2016-06-29,EQIX-MAA,-2196.3339767456055,250000.0,16
2016-06-30,EMR-GNRC,-5771.748676300049,250000.0,16
2016-06-30,ES-XEL,678.1044464111328,250000.0,16
2016-06-30,IT-NOW,-3866.699935913086,250000.0,16
2016-06-30,EQIX-MAA,-4452.692031860352,250000.0,16
2016-07-01,EMR-GNRC,-2745.657829284668,250000.0,16
2016-07-01,IT-NOW,-4583.7718505859375,250000.0,16
2016-07-05,EMR-GNRC,-3773.2313117980957,250000.0,16
2016-07-05,IT-NOW,-7522.136276245117,250000.0,16
2016-07-06,IT-NOW,-8588.841796875,250000.0,16
2016-07-07,IT-NOW,-9063.922058105469,250000.0,16
2016-07-08,IT-NOW,4150.645645141602,250000.0,16
2016-07-08,NTRS-PRU,0.0,250000.0,16
2016-07-08,EMR-GNRC,0.0,250000.0,16
2016-07-11,IT-NOW,2540.674606323242,250000.0,16
2016-07-11,NTRS-PRU,-1382.4625053405762,250000.0,16
2016-07-11,EMR-GNRC,-3142.53426361084,250000.0,16
2016-07-12,IT-NOW,7299.407119750977,250000.0,16
2016-07-12,NTRS-PRU,-3505.6789321899414,250000.0,16
2016-07-12,EMR-GNRC,1619.3518753051758,250000.0,16
2016-07-13,IT-NOW,7008.296844482422,250000.0,16
2016-07-13,NTRS-PRU,-3396.5139083862305,250000.0,16
2016-07-13,RVTY-VEEV,0.0,250000.0,16
2016-07-14,IT-NOW,6208.295349121094,250000.0,16
2016-07-14,RVTY-VEEV,-2757.739284515381,250000.0,16
2016-07-15,RVTY-VEEV,2593.659996032715,250000.0,16
2016-07-18,RVTY-VEEV,6547.779064178467,250000.0,16
2016-07-19,RVTY-VEEV,3620.6391410827637,250000.0,16
2016-07-27,NTRS-PRU,0.0,250000.0,16
2016-07-27,CAT-ROK,0.0,250000.0,16
2016-07-28,CAT-ROK,-53.066673278808594,250000.0,16
2016-07-28,IT-NOW,0.0,250000.0,16
2016-07-29,CAT-ROK,-3768.9776763916016,250000.0,16
2016-07-29,IT-NOW,7205.8742599487305,250000.0,16
2016-07-29,HPE-KLAC,0.0,250000.0,16
2016-06-06,HPE-KLAC,0.0,250000.0,17
2016-06-07,HPE-KLAC,-368.0919542312622,250000.0,17
2016-06-07,META-TTWO,0.0,250000.0,17
2016-06-08,HPE-KLAC,-433.4343523979187,250000.0,17
2016-06-08,META-TTWO,1842.5331268310547,250000.0,17
2016-06-08,CME-L,0.0,250000.0,17
2016-06-09,HPE-KLAC,-507.69549322128296,250000.0,17
2016-06-09,META-TTWO,2486.006477355957,250000.0,17
2016-06-09,CME-L,1933.152416229248,250000.0,17
2016-06-09,DTE-PNW,0.0,250000.0,17
2016-06-10,HPE-KLAC,-1191.763831615448,250000.0,17
2016-06-13,HPE-KLAC,506.5658211708069,250000.0,17
2016-06-14,MTB-SYF,0.0,250000.0,17
2016-06-15,MTB-SYF,-1471.4188079833984,250000.0,17
2016-06-16,MTB-SYF,-5797.508346557617,250000.0,17
2016-06-17,MTB-SYF,-10927.383926391602,250000.0,17
2016-06-20,MTB-SYF,-13512.451553344727,250000.0,17
2016-06-21,MTB-SYF,-11928.914688110352,250000.0,17
2016-06-21,EMR-GNRC,0.0,250000.0,17
2016-06-22,MTB-SYF,-13798.811019897461,250000.0,17
2016-06-22,EMR-GNRC,-2777.739978790283,250000.0,17
2016-06-22,HPE-KLAC,0.0,250000.0,17
2016-06-23,MTB-SYF,-17301.953079223633,250000.0,17
2016-06-23,EMR-GNRC,-3809.7130737304688,250000.0,17
2016-06-23,HPE-KLAC,-160.6569585800171,250000.0,17
2016-06-23,JPM-USB,0.0,250000.0,17
2016-06-24,MTB-SYF,-9436.829528808594,250000.0,17
2016-06-24,EMR-GNRC,-1684.602710723877,250000.0,17
2016-06-24,HPE-KLAC,1855.3430786132812,250000.0,17
2016-06-24,CME-MRSH,0.0,250000.0,17
2016-06-24,DTE-PNW,0.0,250000.0,17
2016-06-24,JBHT-PH,0.0,250000.0,17
2016-06-24,ALLE-AOS,0.0,250000.0,17
2016-06-27,MTB-SYF,-11254.84521484375,250000.0,17
2016-06-27,EMR-GNRC,828.3300361633301,250000.0,17
2016-06-27,CME-MRSH,6476.257030487061,250000.0,17
2016-06-27,ALLE-AOS,-3544.927909851074,250000.0,17
2016-06-27,MCO-MTB,0.0,250000.0,17
2016-06-28,MTB-SYF,-13244.367095947266,250000.0,17
2016-06-28,EMR-GNRC,-1104.0978240966797,250000.0,17
2016-06-28,ALLE-AOS,4032.9283142089844,250000.0,17
2016-06-28,MCO-MTB,-3133.4963607788086,250000.0,17
2016-06-29,EMR-GNRC,-3398.7280883789062,250000.0,17
2016-06-29,MCO-MTB,-999.6956405639648,250000.0,17
2016-06-30,EMR-GNRC,-5771.748676300049,250000.0,17
2016-07-01,EMR-GNRC,-2745.657829284668,250000.0,17
2016-07-05,EMR-GNRC,-3773.2313117980957,250000.0,17
2016-07-05,IVZ-MET,0.0,250000.0,17
2016-07-06,IVZ-MET,1862.261160850525,250000.0,17
2016-07-07,IVZ-MET,221.2589406967163,250000.0,17
2016-07-08,IVZ-MET,3287.1490545272827,250000.0,17
2016-07-08,EMR-GNRC,0.0,250000.0,17
2016-07-11,EMR-GNRC,-3142.53426361084,250000.0,17
2016-07-12,EMR-GNRC,1619.3518753051758,250000.0,17
2016-07-15,JPM-USB,0.0,250000.0,17
2016-07-18,JPM-USB,-482.2548942565918,250000.0,17
2016-07-19,JPM-USB,-1265.566005706787,250000.0,17
2016-07-20,JPM-USB,-1093.0972709655762,250000.0,17
2016-07-20,MCO-MTB,0.0,250000.0,17
2016-07-21,JPM-USB,-1147.4530296325684,250000.0,17
2016-07-21,MCO-MTB,-2502.1234436035156,250000.0,17
2016-07-22,JPM-USB,-2135.0490436553955,250000.0,17
2016-07-22,MCO-MTB,-257.7464904785156,250000.0,17
2016-07-25,JPM-USB,-1240.9503135681152,250000.0,17
2016-07-25,MCO-MTB,-3386.242332458496,250000.0,17
2016-07-26,JPM-USB,-600.4045372009277,250000.0,17
2016-07-26,MCO-MTB,-1791.8984756469727,250000.0,17
2016-07-26,ADI-HPQ,0.0,250000.0,17
2016-07-27,JPM-USB,-346.4269428253174,250000.0,17
2016-07-27,MCO-MTB,1007.7730560302734,250000.0,17
2016-07-27,ADI-HPQ,-5939.190200805664,250000.0,17
2016-07-28,JPM-USB,-1330.7644748687744,250000.0,17
2016-07-28,MCO-MTB,-941.046745300293,250000.0,17
2016-07-29,JPM-USB,-2188.2050971984863,250000.0,17
2016-07-29,MCO-MTB,-1256.6876831054688,250000.0,17
2016-07-29,HPE-KLAC,0.0,250000.0,17
2016-07-29,CME-MRSH,0.0,250000.0,17
2016-08-01,JPM-USB,317.0153007507324,250000.0,17
2016-08-01,MCO-MTB,-3958.4258346557617,250000.0,17
2016-08-01,HPE-KLAC,2592.239080429077,250000.0,17
2016-08-01,CME-MRSH,-781.0087089538574,250000.0,17
2016-08-01,EMR-GNRC,0.0,250000.0,17
2016-08-01,CME-L,0.0,250000.0,17
2016-08-02,JPM-USB,1439.3255577087402,250000.0,17
2016-08-02,MCO-MTB,-3909.5759658813477,250000.0,17
2016-08-02,HPE-KLAC,1201.7385063171387,250000.0,17
2016-08-02,CME-MRSH,-564.2954635620117,250000.0,17
2016-08-02,EMR-GNRC,-9422.491645812988,250000.0,17
2016-08-02,CME-L,-2400.8098754882812,250000.0,17
2016-08-03,MCO-MTB,-389.5472183227539,250000.0,17
2016-08-03,HPE-KLAC,-1036.000964164734,250000.0,17
2016-08-03,CME-MRSH,-224.86152267456055,250000.0,17
2016-08-03,EMR-GNRC,-3796.944061279297,250000.0,17
2016-08-03,CME-L,-649.3837280273438,250000.0,17
2016-08-04,MCO-MTB,873.5386047363281,250000.0,17
2016-08-04,HPE-KLAC,139.51519536972046,250000.0,17
2016-08-04,CME-MRSH,110.17739868164062,250000.0,17
2016-08-04,EMR-GNRC,4651.5166015625,250000.0,17
2016-08-04,CME-L,-1128.2260360717773,250000.0,17
2016-08-04,IVZ-MET,0.0,250000.0,17
2016-08-04,MTB-PRU,0.0,250000.0,17
2016-08-04,JBHT-PH,0.0,250000.0,17
2016-08-05,MCO-MTB,6106.9848709106445,250000.0,17
2016-08-05,HPE-KLAC,2178.9639892578125,250000.0,17
2016-08-05,CME-MRSH,-739.8430061340332,250000.0,17
2016-08-05,CME-L,2121.3485794067383,250000.0,17
2016-08-05,IVZ-MET,6624.790029525757,250000.0,17
2016-08-05,MTB-PRU,4155.346290588379,250000.0,17
2016-08-05,JBHT-PH,-3547.3799438476562,250000.0,17
2016-08-08,HPE-KLAC,1380.2804493904114,250000.0,17
2016-08-08,CME-MRSH,1587.3831748962402,250000.0,17
2016-08-08,CME-L,2383.612205505371,250000.0,17
2016-08-08,IVZ-MET,7816.713438034058,250000.0,17
2016-08-08,JBHT-PH,-7038.362716674805,250000.0,17
2016-08-09,HPE-KLAC,2434.2809596061707,250000.0,17
2016-08-09,CME-L,3496.249687194824,250000.0,17
2016-08-09,IVZ-MET,7897.78021812439,250000.0,17
2016-08-09,JBHT-PH,-5137.63069152832,250000.0,17
2016-08-10,CME-L,1928.591323852539,250000.0,17
2016-08-10,IVZ-MET,1252.2930145263672,250000.0,17
2016-08-10,JBHT-PH,-5788.213706970215,250000.0,17
2016-08-11,IVZ-MET,-465.55590629577637,250000.0,17
2016-08-12,IVZ-MET,-3263.841485977173,250000.0,17
2016-08-15,IVZ-MET,-1234.3609428405762,250000.0,17
2016-08-15,META-TTWO,0.0,250000.0,17
2016-08-16,IVZ-MET,-607.0515060424805,250000.0,17
2016-08-16,CMS-XEL,0.0,250000.0,17
2016-08-17,IVZ-MET,-1900.900239944458,250000.0,17
2016-08-17,CMS-XEL,-227.4872531890869,250000.0,17
2016-08-18,IVZ-MET,-2625.7473373413086,250000.0,17
2016-08-19,NKE-SBUX,0.0,250000.0,17
2016-08-25,IVZ-MET,0.0,250000.0,17
2016-08-25,CME-L,0.0,250000.0,17
2016-08-26,IVZ-MET,-2238.0113220214844,250000.0,17
2016-08-30,ALLE-AOS,0.0,250000.0,17
2016-08-31,ALLE-AOS,668.4213676452637,250000.0,17
2016-08-31,MTB-SYF,0.0,250000.0,17
2016-07-12,FIX-MAS,0.0,250000.0,18
2016-07-13,FIX-MAS,-2038.0664405822754,250000.0,18
2016-07-13,EME-NSC,0.0,250000.0,18
2016-07-14,FIX-MAS,-1296.4599857330322,250000.0,18
2016-07-14,EME-NSC,-1475.9291229248047,250000.0,18
2016-07-15,FIX-MAS,-2569.444097518921,250000.0,18
2016-07-15,EME-NSC,-1003.3917694091797,250000.0,18
2016-07-18,FIX-MAS,-1997.6239547729492,250000.0,18
2016-07-18,EME-NSC,-1823.6583557128906,250000.0,18
2016-07-18,ETN-JBHT,0.0,250000.0,18
2016-07-19,FIX-MAS,-4518.320594787598,250000.0,18
2016-07-19,EME-NSC,-2877.71240234375,250000.0,18
2016-07-19,ETN-JBHT,-199.2708740234375,250000.0,18
2016-07-20,FIX-MAS,-6572.956130981445,250000.0,18
2016-07-20,EME-NSC,-3134.1278381347656,250000.0,18
2016-07-20,ETN-JBHT,832.7221298217773,250000.0,18
2016-07-20,EFX-LMT,0.0,250000.0,18
2016-07-21,FIX-MAS,-352.7757759094238,250000.0,18
2016-07-21,EME-NSC,-3726.4180603027344,250000.0,18
2016-07-21,ETN-JBHT,1346.5130233764648,250000.0,18
2016-07-21,EFX-LMT,-1122.0033721923828,250000.0,18
2016-07-21,CI-COR,0.0,250000.0,18
2016-07-22,FIX-MAS,-4082.1701831817627,250000.0,18
2016-07-22,EME-NSC,-4285.491516113281,250000.0,18
2016-07-22,ETN-JBHT,6708.196075439453,250000.0,18
2016-07-22,EFX-LMT,482.6976623535156,250000.0,18
2016-07-22,CI-COR,-14561.012992858887,250000.0,18
2016-07-25,FIX-MAS,-6309.151336669922,250000.0,18
2016-07-25,EME-NSC,-3766.8841247558594,250000.0,18
2016-07-25,ETN-JBHT,4792.675827026367,250000.0,18
2016-07-25,EFX-LMT,-2175.672149658203,250000.0,18
2016-07-25,CI-COR,-880.2560234069824,250000.0,18
2016-07-26,EME-NSC,-3902.0408325195312,250000.0,18
2016-07-26,ETN-JBHT,6105.644073486328,250000.0,18
2016-07-26,EFX-LMT,-2404.863800048828,250000.0,18
2016-07-26,CI-COR,511.3999557495117,250000.0,18
2016-07-26,ADI-HPQ,0.0,250000.0,18
2016-07-27,EME-NSC,4537.181793212891,250000.0,18
2016-07-27,ETN-JBHT,3329.7268981933594,250000.0,18
2016-07-27,EFX-LMT,-1959.914894104004,250000.0,18
2016-07-27,CI-COR,4534.430408477783,250000.0,18
2016-07-27,ADI-HPQ,-5939.190200805664,250000.0,18
2016-07-28,ETN-JBHT,4370.345664978027,250000.0,18
2016-07-28,EFX-LMT,1366.1149444580078,250000.0,18
2016-07-28,CI-COR,8327.56181716919,250000.0,18
2016-07-28,MTD-TMO,0.0,250000.0,18
2016-07-29,ETN-JBHT,5946.618377685547,250000.0,18
2016-07-29,EFX-LMT,1200.2206268310547,250000.0,18
2016-07-29,HPE-KLAC,0.0,250000.0,18
2016-07-29,AMAT-FICO,0.0,250000.0,18
2016-08-01,ETN-JBHT,2538.831314086914,250000.0,18
2016-08-01,HPE-KLAC,2592.239080429077,250000.0,18
2016-08-01,AMAT-FICO,-7139.625595092773,250000.0,18
2016-08-01,CME-L,0.0,250000.0,18
2016-08-02,HPE-KLAC,1201.7385063171387,250000.0,18
2016-08-02,AMAT-FICO,-4950.190097808838,250000.0,18
2016-08-02,CME-L,-2400.8098754882812,250000.0,18
2016-08-03,HPE-KLAC,-1036.000964164734,250000.0,18
2016-08-03,AMAT-FICO,-4254.607496261597,250000.0,18
2016-08-03,CME-L,-649.3837280273438,250000.0,18
2016-08-04,HPE-KLAC,139.51519536972046,250000.0,18
2016-08-04,AMAT-FICO,-2315.7830142974854,250000.0,18
2016-08-04,CME-L,-1128.2260360717773,250000.0,18
2016-08-05,HPE-KLAC,2178.9639892578125,250000.0,18
2016-08-05,AMAT-FICO,-2971.149938583374,250000.0,18
2016-08-05,CME-L,2121.3485794067383,250000.0,18
2016-08-08,HPE-KLAC,1380.2804493904114,250000.0,18
2016-08-08,AMAT-FICO,-332.40505599975586,250000.0,18
2016-08-08,CME-L,2383.612205505371,250000.0,18
2016-08-09,HPE-KLAC,2434.2809596061707,250000.0,18
2016-08-09,AMAT-FICO,75.3342113494873,250000.0,18
2016-08-09,CME-L,3496.249687194824,250000.0,18
2016-08-10,AMAT-FICO,-1282.404748916626,250000.0,18
2016-08-10,CME-L,1928.591323852539,250000.0,18
2016-08-11,AMAT-FICO,124.84715461730957,250000.0,18
2016-08-12,AMAT-FICO,2851.190986633301,250000.0,18
2016-08-15,AMAT-FICO,2678.4983863830566,250000.0,18
2016-08-15,EFX-LMT,0.0,250000.0,18
2016-08-16,AMAT-FICO,5404.527973175049,250000.0,18
2016-08-16,CMS-XEL,0.0,250000.0,18
2016-08-16,NSC-SWK,0.0,250000.0,18
2016-08-16,CMS-NI,0.0,250000.0,18
2016-08-17,AMAT-FICO,6309.7127895355225,250000.0,18
2016-08-17,CMS-XEL,-227.4872531890869,250000.0,18
2016-08-17,NSC-SWK,-395.52081298828125,250000.0,18
2016-08-17,CMS-NI,599.2849884033203,250000.0,18
2016-08-18,AMAT-FICO,5650.708852767944,250000.0,18
2016-08-18,MTD-TMO,0.0,250000.0,18
2016-08-18,EME-NSC,0.0,250000.0,18
2016-08-19,AMAT-FICO,11314.666151046753,250000.0,18
2016-08-19,MTD-TMO,-755.9807281494141,250000.0,18
2016-08-19,EME-NSC,-72.29701614379883,250000.0,18
2016-08-19,ETN-JBHT,0.0,250000.0,18
2016-08-22,AMAT-FICO,9854.256202697754,250000.0,18
2016-08-22,MTD-TMO,-429.77545166015625,250000.0,18
2016-08-22,EME-NSC,1206.29887008667,250000.0,18
2016-08-23,MTD-TMO,-374.4007873535156,250000.0,18
2016-08-23,EME-NSC,-187.36895751953125,250000.0,18
2016-08-23,DOV-NDSN,0.0,250000.0,18
2016-08-24,MTD-TMO,-2243.355926513672,250000.0,18
2016-08-24,EME-NSC,-768.059627532959,250000.0,18
2016-08-24,DOV-NDSN,2809.2097549438477,250000.0,18
2016-08-25,MTD-TMO,-3045.1537170410156,250000.0,18
2016-08-25,EME-NSC,-323.7135009765625,250000.0,18
2016-08-25,DOV-NDSN,2861.586181640625,250000.0,18
2016-08-25,CME-L,0.0,250000.0,18
2016-08-26,MTD-TMO,-3419.283737182617,250000.0,18
2016-08-26,EME-NSC,-1462.654914855957,250000.0,18
2016-08-26,DOV-NDSN,3504.2127227783203,250000.0,18
2016-08-29,MTD-TMO,-915.7615814208984,250000.0,18
2016-08-29,EME-NSC,-5687.202823638916,250000.0,18
2016-08-29,DOV-NDSN,5296.249931335449,250000.0,18
2016-08-30,MTD-TMO,219.36048889160156,250000.0,18
2016-08-30,EME-NSC,-6538.870868682861,250000.0,18
2016-08-30,DOV-NDSN,5768.719398498535,250000.0,18
2016-08-30,ALLE-AOS,0.0,250000.0,18
2016-08-31,MTD-TMO,-786.9767303466797,250000.0,18
2016-08-31,EME-NSC,-5546.121559143066,250000.0,18
2016-08-31,DOV-NDSN,3369.2777709960938,250000.0,18
2016-08-31,ALLE-AOS,668.4213676452637,250000.0,18
2016-09-01,MTD-TMO,-3560.2899627685547,250000.0,18
2016-09-01,EME-NSC,-4984.639789581299,250000.0,18
2016-09-01,DOV-NDSN,2391.163185119629,250000.0,18
2016-09-01,CME-L,0.0,250000.0,18
2016-09-02,DOV-NDSN,-206.7266845703125,250000.0,18
2016-09-02,AMAT-FICO,0.0,250000.0,18
2016-09-06,DOV-NDSN,-928.8813781738281,250000.0,18
2016-09-06,AMAT-FICO,-822.3922100067139,250000.0,18
2016-09-06,ADI-HPQ,0.0,250000.0,18
2016-09-06,NSC-SWK,0.0,250000.0,18
2016-09-07,AMAT-FICO,-727.4944648742676,250000.0,18
2016-09-07,NSC-SWK,2084.3747024536133,250000.0,18
2016-09-07,CMS-XEL,0.0,250000.0,18
2016-09-08,AMAT-FICO,-1891.7558326721191,250000.0,18
2016-09-08,NSC-SWK,1350.8290710449219,250000.0,18
2016-09-08,CMS-XEL,539.5150394439697,250000.0,18
2016-09-08,ALLE-AOS,0.0,250000.0,18
2016-09-09,AMAT-FICO,2584.65779876709,250000.0,18
2016-09-09,NSC-SWK,2569.3117065429688,250000.0,18
2016-09-09,ALLE-AOS,-6873.297435760498,250000.0,18
2016-09-09,CI-COR,0.0,250000.0,18
2016-09-09,MTD-TMO,0.0,250000.0,18
2016-09-09,EME-NSC,0.0,250000.0,18
2016-09-12,AMAT-FICO,-585.723804473877,250000.0,18
2016-09-12,NSC-SWK,2163.625862121582,250000.0,18
2016-09-12,ALLE-AOS,-7939.649040222168,250000.0,18
2016-09-12,MTD-TMO,2750.9795837402344,250000.0,18
2016-09-13,NSC-SWK,2549.9485778808594,250000.0,18
2016-09-13,ALLE-AOS,-9150.027568817139,250000.0,18
2016-09-13,MTD-TMO,1099.2281188964844,250000.0,18
2016-09-19,EFX-LMT,0.0,250000.0,18
2016-09-20,EFX-LMT,764.5604629516602,250000.0,18
2016-09-21,EFX-LMT,-1222.0271682739258,250000.0,18
2016-09-23,NSC-SWK,0.0,250000.0,18
2016-09-26,NSC-SWK,711.6954040527344,250000.0,18
2016-09-27,NSC-SWK,844.4197540283203,250000.0,18
2016-09-28,NSC-SWK,1123.330307006836,250000.0,18
2016-09-29,NSC-SWK,-1714.4871520996094,250000.0,18
2016-09-30,NSC-SWK,-3361.1641387939453,250000.0,18
2016-09-30,EME-NSC,0.0,250000.0,18
2016-09-30,AMAT-FICO,0.0,250000.0,18
2016-08-01,CME-L,0.0,250000.0,19
2016-08-02,CME-L,-2400.8098754882812,250000.0,19
2016-08-02,IDXX-UNH,0.0,250000.0,19
2016-08-03,CME-L,-649.3837280273438,250000.0,19
2016-08-03,IDXX-UNH,-3238.1065826416016,250000.0,19
2016-08-04,CME-L,-1128.2260360717773,250000.0,19
2016-08-04,IDXX-UNH,-3547.873809814453,250000.0,19
2016-08-05,CME-L,2121.3485794067383,250000.0,19
2016-08-05,IDXX-UNH,-4457.517425537109,250000.0,19
2016-08-08,CME-L,2383.612205505371,250000.0,19
2016-08-08,IDXX-UNH,-5396.965919494629,250000.0,19
2016-08-09,CME-L,3496.249687194824,250000.0,19
2016-08-09,IDXX-UNH,-9022.643417358398,250000.0,19
2016-08-10,CME-L,1928.591323852539,250000.0,19
2016-08-10,IDXX-UNH,-6952.057304382324,250000.0,19
2016-08-10,HPE-KLAC,0.0,250000.0,19
2016-08-11,IDXX-UNH,-7582.443389892578,250000.0,19
2016-08-11,HPE-KLAC,-6210.856845855713,250000.0,19
2016-08-11,EL-KO,0.0,250000.0,19
2016-08-12,IDXX-UNH,-6910.773391723633,250000.0,19
2016-08-12,HPE-KLAC,-3892.425247192383,250000.0,19
2016-08-12,EL-KO,-1121.7320861816406,250000.0,19
2016-08-15,HPE-KLAC,-202.84061431884766,250000.0,19
2016-08-15,EL-KO,-2237.853958129883,250000.0,19
2016-08-15,EFX-LMT,0.0,250000.0,19
2016-08-16,HPE-KLAC,-1346.0032005310059,250000.0,19
2016-08-16,EL-KO,-549.4240951538086,250000.0,19
2016-08-16,CMS-XEL,0.0,250000.0,19
2016-08-17,HPE-KLAC,2114.5051918029785,250000.0,19
2016-08-17,EL-KO,-1360.2667922973633,250000.0,19
2016-08-17,CMS-XEL,-227.4872531890869,250000.0,19
2016-08-18,HPE-KLAC,1494.0566329956055,250000.0,19
2016-08-18,EL-KO,156.2590789794922,250000.0,19
2016-08-19,HPE-KLAC,5831.484573364258,250000.0,19
2016-08-19,EL-KO,-1642.6244049072266,250000.0,19
2016-08-19,AMAT-HPE,0.0,250000.0,19
2016-08-22,HPE-KLAC,4014.273727416992,250000.0,19
2016-08-22,EL-KO,-907.7945938110352,250000.0,19
2016-08-22,AMAT-HPE,4385.43908405304,250000.0,19
2016-08-23,HPE-KLAC,-4898.351085662842,250000.0,19
2016-08-23,EL-KO,-1376.8447189331055,250000.0,19
2016-08-23,AMAT-HPE,-2548.150303840637,250000.0,19
2016-08-23,DOV-NDSN,0.0,250000.0,19
2016-08-24,HPE-KLAC,-7056.4088706970215,250000.0,19
2016-08-24,EL-KO,-2274.601722717285,250000.0,19
2016-08-24,AMAT-HPE,-3395.9344272613525,250000.0,19
2016-08-24,DOV-NDSN,2809.2097549438477,250000.0,19
2016-08-25,EL-KO,-633.6186676025391,250000.0,19
2016-08-25,AMAT-HPE,-1303.293601989746,250000.0,19
2016-08-25,DOV-NDSN,2861.586181640625,250000.0,19
2016-08-25,CME-L,0.0,250000.0,19
2016-08-26,AMAT-HPE,-4413.391307830811,250000.0,19
2016-08-26,DOV-NDSN,3504.2127227783203,250000.0,19
2016-08-29,AMAT-HPE,-4334.046852111816,250000.0,19
2016-08-29,DOV-NDSN,5296.249931335449,250000.0,19
2016-08-30,AMAT-HPE,-6850.1784381866455,250000.0,19
2016-08-30,DOV-NDSN,5768.719398498535,250000.0,19
2016-08-30,CDNS-FLEX,0.0,250000.0,19
2016-08-30,GLW-HPE,0.0,250000.0,19
2016-08-31,AMAT-HPE,-6856.209897041321,250000.0,19
2016-08-31,DOV-NDSN,3369.2777709960938,250000.0,19
2016-08-31,CDNS-FLEX,423.0166664123535,250000.0,19
2016-08-31,GLW-HPE,176.76442909240723,250000.0,19
2016-09-01,AMAT-HPE,-2496.2491121292114,250000.0,19
2016-09-01,DOV-NDSN,2391.163185119629,250000.0,19
2016-09-01,CDNS-FLEX,1440.180679321289,250000.0,19
2016-09-01,CME-L,0.0,250000.0,19
2016-09-02,AMAT-HPE,120.73308277130127,250000.0,19
2016-09-02,DOV-NDSN,-206.7266845703125,250000.0,19
2016-09-02,AON-BRO,0.0,250000.0,19
2016-09-06,DOV-NDSN,-928.8813781738281,250000.0,19
2016-09-06,AON-BRO,1066.135353088379,250000.0,19
2016-09-06,ADI-HPQ,0.0,250000.0,19
2016-09-07,CMS-XEL,0.0,250000.0,19
2016-09-08,CMS-XEL,539.5150394439697,250000.0,19
2016-09-09,MET-STT,0.0,250000.0,19
2016-09-09,CI-COR,0.0,250000.0,19
2016-09-12,MET-STT,1996.2582321166992,250000.0,19
2016-09-12,AZO-ORLY,0.0,250000.0,19
2016-09-13,MET-STT,-2087.9565353393555,250000.0,19
2016-09-13,AZO-ORLY,-1584.741928100586,250000.0,19
2016-09-14,MET-STT,-521.6417083740234,250000.0,19
2016-09-14,AZO-ORLY,-2195.2408905029297,250000.0,19
2016-09-15,MET-STT,212.30279159545898,250000.0,19
2016-09-15,AZO-ORLY,-2566.3469371795654,250000.0,19
2016-09-16,MET-STT,-1173.6014213562012,250000.0,19
2016-09-16,AZO-ORLY,-4755.917615890503,250000.0,19
2016-09-19,MET-STT,-2587.6822929382324,250000.0,19
2016-09-19,AZO-ORLY,-4736.307355880737,250000.0,19
2016-09-19,EFX-LMT,0.0,250000.0,19
2016-09-20,MET-STT,597.0256233215332,250000.0,19
2016-09-20,AZO-ORLY,-4491.743337631226,250000.0,19
2016-09-20,EFX-LMT,764.5604629516602,250000.0,19
2016-09-21,MET-STT,1980.3701362609863,250000.0,19
2016-09-21,AZO-ORLY,-2237.471487045288,250000.0,19
2016-09-21,EFX-LMT,-1222.0271682739258,250000.0,19
2016-09-22,MET-STT,2244.1175422668457,250000.0,19
2016-09-22,AZO-ORLY,2113.567071914673,250000.0,19
2016-09-23,MET-STT,1034.7502670288086,250000.0,19
2016-09-23,AZO-ORLY,1254.812879562378,250000.0,19
2016-09-26,MET-STT,566.5198860168457,250000.0,19
2016-09-26,AZO-ORLY,-1773.9326553344727,250000.0,19
2016-09-27,MET-STT,1956.9656066894531,250000.0,19
2016-09-28,MET-STT,1837.289794921875,250000.0,19
2016-10-06,MET-STT,0.0,250000.0,19
2016-10-07,MET-STT,-1270.2844696044922,250000.0,19
2016-10-10,MET-STT,-4995.274425506592,250000.0,19
2016-10-10,DOV-NDSN,0.0,250000.0,19
2016-10-11,MET-STT,-8460.101211547852,250000.0,19
2016-10-11,DOV-NDSN,4713.433628082275,250000.0,19
2016-10-12,MET-STT,-8788.174654006958,250000.0,19
2016-10-12,DOV-NDSN,5233.51708984375,250000.0,19
2016-10-12,CI-COR,0.0,250000.0,19
2016-10-13,MET-STT,-9923.858499526978,250000.0,19
2016-10-13,DOV-NDSN,6930.183025360107,250000.0,19
2016-10-13,CI-COR,-274.43589782714844,250000.0,19
2016-10-14,MET-STT,-10389.934791564941,250000.0,19
2016-10-14,CI-COR,1234.2360076904297,250000.0,19
2016-10-17,MET-STT,-10309.003051757812,250000.0,19
2016-10-17,CI-COR,-1400.6959228515625,250000.0,19
2016-10-18,MET-STT,-7200.106094360352,250000.0,19
2016-10-18,CI-COR,597.8119201660156,250000.0,19
2016-10-19,MET-STT,-4895.732795715332,250000.0,19
2016-10-19,CI-COR,2769.198501586914,250000.0,19
2016-10-20,MET-STT,-2159.6331272125244,250000.0,19
2016-10-20,CI-COR,1658.4911041259766,250000.0,19
2016-10-20,EL-KO,0.0,250000.0,19
2016-10-21,EL-KO,-708.107048034668,250000.0,19
2016-10-21,IVZ-SYF,0.0,250000.0,19
2016-10-24,EL-KO,-2994.869468688965,250000.0,19
2016-10-24,IVZ-SYF,-4317.4963302612305,250000.0,19
2016-10-24,AON-BRO,0.0,250000.0,19
2016-10-25,EL-KO,-3913.068313598633,250000.0,19
2016-10-25,IVZ-SYF,-3693.664695739746,250000.0,19
2016-10-25,AEP-ETR,0.0,250000.0,19
2016-10-25,EFX-LMT,0.0,250000.0,19
2016-10-26,EL-KO,-4285.201225280762,250000.0,19
2016-10-26,IVZ-SYF,-4471.159133911133,250000.0,19
2016-10-26,AEP-ETR,-869.6293544769287,250000.0,19
2016-10-26,EFX-LMT,-2519.2176361083984,250000.0,19
2016-10-27,EL-KO,-2008.6766738891602,250000.0,19
2016-10-27,IVZ-SYF,-8046.231582641602,250000.0,19
2016-10-27,AEP-ETR,-1375.5801239013672,250000.0,19
2016-10-27,EFX-LMT,-6390.46760559082,250000.0,19
2016-10-27,JPM-RJF,0.0,250000.0,19
2016-10-27,CDNS-FLEX,0.0,250000.0,19
2016-10-28,EL-KO,-1534.7574768066406,250000.0,19
2016-10-28,IVZ-SYF,-10770.162490844727,250000.0,19
2016-10-28,AEP-ETR,-285.3365783691406,250000.0,19
2016-10-28,EFX-LMT,-7007.14444732666,250000.0,19
2016-10-28,JPM-RJF,4119.546314239502,250000.0,19
2016-10-28,ANET-SMCI,0.0,250000.0,19
2016-10-28,CI-COR,0.0,250000.0,19
2016-10-31,EL-KO,-888.3282775878906,250000.0,19
2016-10-31,IVZ-SYF,-7323.318618774414,250000.0,19
2016-10-31,AEP-ETR,592.7798385620117,250000.0,19
2016-10-31,EFX-LMT,-3450.805130004883,250000.0,19
2016-10-31,ANET-SMCI,7388.55601978302,250000.0,19
2016-10-31,CI-COR,7526.7009201049805,250000.0,19
2016-10-31,CME-L,0.0,250000.0,19
2016-09-01,EMR-GNRC,0.0,250000.0,20
2016-09-01,GNRC-HON,0.0,250000.0,20
2016-09-02,EMR-GNRC,1919.5540084838867,250000.0,20
2016-09-02,GNRC-HON,752.6509056091309,250000.0,20
2016-09-02,AON-BRO,0.0,250000.0,20
2016-09-06,GNRC-HON,133.2797966003418,250000.0,20
2016-09-06,AON-BRO,1066.135353088379,250000.0,20
2016-09-06,ADI-HPQ,0.0,250000.0,20
2016-09-06,NSC-SWK,0.0,250000.0,20
2016-09-07,NSC-SWK,2084.3747024536133,250000.0,20
2016-09-07,CMS-XEL,0.0,250000.0,20
2016-09-08,NSC-SWK,1350.8290710449219,250000.0,20
2016-09-08,CMS-XEL,539.5150394439697,250000.0,20
2016-09-09,NSC-SWK,2569.3117065429688,250000.0,20
2016-09-12,NSC-SWK,2163.625862121582,250000.0,20
2016-09-12,CBOE-FDS,0.0,250000.0,20
2016-09-13,NSC-SWK,2549.9485778808594,250000.0,20
2016-09-13,CBOE-FDS,2094.6333389282227,250000.0,20
2016-09-23,NSC-SWK,0.0,250000.0,20
2016-09-26,NSC-SWK,711.6954040527344,250000.0,20
2016-09-27,NSC-SWK,844.4197540283203,250000.0,20
2016-09-28,NSC-SWK,1123.330307006836,250000.0,20
2016-09-28,EMR-GNRC,0.0,250000.0,20
2016-09-29,NSC-SWK,-1714.4871520996094,250000.0,20
2016-09-29,EMR-GNRC,2789.5077018737793,250000.0,20
2016-09-30,NSC-SWK,-3361.1641387939453,250000.0,20
2016-09-30,EMR-GNRC,1511.0524635314941,250000.0,20
2016-09-30,DUK-ED,0.0,250000.0,20
2016-10-03,NSC-SWK,-3483.736541748047,250000.0,20
2016-10-03,EMR-GNRC,-2816.625560760498,250000.0,20
2016-10-03,DUK-ED,-715.8513298034668,250000.0,20
2016-10-04,NSC-SWK,-155.39935302734375,250000.0,20
2016-10-04,DUK-ED,-786.5893211364746,250000.0,20
2016-10-04,GNRC-HON,0.0,250000.0,20
2016-10-05,NSC-SWK,-195.38217163085938,250000.0,20
2016-10-05,DUK-ED,-591.2317085266113,250000.0,20
2016-10-05,GNRC-HON,1918.1365814208984,250000.0,20
2016-10-05,TJX-YUM,0.0,250000.0,20
2016-10-06,NSC-SWK,-1785.7344818115234,250000.0,20
2016-10-06,DUK-ED,-1155.5687370300293,250000.0,20
2016-10-06,GNRC-HON,2045.2637786865234,250000.0,20
2016-10-06,TJX-YUM,-3364.185070037842,250000.0,20
2016-10-06,HBAN-MET,0.0,250000.0,20
2016-10-07,DUK-ED,-617.3161125183105,250000.0,20
2016-10-07,TJX-YUM,-1722.0628662109375,250000.0,20
2016-10-07,HBAN-MET,-174.5512833595276,250000.0,20
2016-10-10,DUK-ED,-1498.4980735778809,250000.0,20
2016-10-10,TJX-YUM,-4588.28581237793,250000.0,20
2016-10-10,HBAN-MET,-2279.715156555176,250000.0,20
2016-10-11,DUK-ED,101.6405029296875,250000.0,20
2016-10-11,TJX-YUM,-1097.0790977478027,250000.0,20
2016-10-11,HBAN-MET,-3601.328920841217,250000.0,20
2016-10-11,NSC-SWK,0.0,250000.0,20
2016-10-12,DUK-ED,-720.5243301391602,250000.0,20
2016-10-12,TJX-YUM,-1210.0690612792969,250000.0,20
2016-10-12,HBAN-MET,-5697.834367275238,250000.0,20
2016-10-13,DUK-ED,-1638.3710746765137,250000.0,20
2016-10-13,TJX-YUM,1636.423397064209,250000.0,20
2016-10-13,HBAN-MET,-6160.398280620575,250000.0,20
2016-10-14,DUK-ED,-978.4672470092773,250000.0,20
2016-10-14,TJX-YUM,1526.4694480895996,250000.0,20
2016-10-14,HBAN-MET,-5307.470281600952,250000.0,20
2016-10-17,TJX-YUM,-2361.9845809936523,250000.0,20
2016-10-17,CBOE-FDS,0.0,250000.0,20
2016-10-18,TJX-YUM,-3695.1950073242188,250000.0,20
2016-10-18,CBOE-FDS,754.7087631225586,250000.0,20
2016-10-19,TJX-YUM,-1163.568759918213,250000.0,20
2016-10-19,CBOE-FDS,624.7379837036133,250000.0,20
2016-10-19,MA-PRU,0.0,250000.0,20
2016-10-20,CBOE-FDS,-2492.7991523742676,250000.0,20
2016-10-20,MA-PRU,-1171.68212890625,250000.0,20
2016-10-20,EL-KO,0.0,250000.0,20
2016-10-21,CBOE-FDS,-4259.007209777832,250000.0,20
2016-10-21,EL-KO,-708.107048034668,250000.0,20
2016-10-24,CBOE-FDS,-989.9615478515625,250000.0,20
2016-10-24,EL-KO,-2994.869468688965,250000.0,20
2016-10-24,AON-BRO,0.0,250000.0,20
2016-10-25,CBOE-FDS,-1221.7433853149414,250000.0,20
2016-10-25,EL-KO,-3913.068313598633,250000.0,20
2016-10-25,ETR-XEL,0.0,250000.0,20
2016-10-26,CBOE-FDS,-6348.595832824707,250000.0,20
2016-10-26,EL-KO,-4285.201225280762,250000.0,20
2016-10-26,ETR-XEL,-1429.6479167938232,250000.0,20
2016-10-27,EL-KO,-2008.6766738891602,250000.0,20
2016-10-27,ETR-XEL,-1818.9112300872803,250000.0,20
2016-10-27,CDNS-FLEX,0.0,250000.0,20
2016-10-27,JPM-RJF,0.0,250000.0,20
2016-10-27,FICO-HPE,0.0,250000.0,20
2016-10-28,EL-KO,-1534.7574768066406,250000.0,20
2016-10-28,ETR-XEL,-1648.3422012329102,250000.0,20
2016-10-28,JPM-RJF,4119.546314239502,250000.0,20
2016-10-28,FICO-HPE,-1263.527780532837,250000.0,20
2016-10-31,EL-KO,-888.3282775878906,250000.0,20
2016-10-31,ETR-XEL,-2476.101083755493,250000.0,20
2016-10-31,FICO-HPE,-1130.7180633544922,250000.0,20
2016-10-31,DUK-ED,0.0,250000.0,20
2016-11-01,EL-KO,-1132.6437377929688,250000.0,20
2016-11-01,ETR-XEL,-4240.407344818115,250000.0,20
2016-11-01,FICO-HPE,-5506.786901473999,250000.0,20
2016-11-01,DUK-ED,670.0743370056152,250000.0,20
2016-11-02,ETR-XEL,-3526.164087295532,250000.0,20
2016-11-02,FICO-HPE,-7599.078845977783,250000.0,20
2016-11-02,DUK-ED,-256.5205879211426,250000.0,20
2016-11-03,ETR-XEL,-4617.540887832642,250000.0,20
2016-11-03,FICO-HPE,-6586.02596282959,250000.0,20
2016-11-03,DUK-ED,-481.1590003967285,250000.0,20
2016-11-09,ETR-XEL,0.0,250000.0,20
2016-11-09,CBOE-FDS,0.0,250000.0,20
2016-11-10,ETR-XEL,-3268.2695922851562,250000.0,20
2016-11-10,CBOE-FDS,-5156.32926940918,250000.0,20
2016-11-10,JPM-RJF,0.0,250000.0,20
2016-11-10,NSC-SWK,0.0,250000.0,20
2016-11-11,ETR-XEL,-1123.703140258789,250000.0,20
2016-11-11,CBOE-FDS,-4832.302917480469,250000.0,20
2016-11-11,JPM-RJF,1333.5648803710938,250000.0,20
2016-11-11,NSC-SWK,-1125.8663024902344,250000.0,20
2016-11-11,AON-BRO,0.0,250000.0,20
2016-11-14,CBOE-FDS,-11522.511543273926,250000.0,20
2016-11-14,JPM-RJF,-3265.8318214416504,250000.0,20
2016-11-14,AON-BRO,-7301.846620559692,250000.0,20
2016-11-15,CBOE-FDS,-11317.676609039307,250000.0,20
2016-11-15,JPM-RJF,4160.057155609131,250000.0,20
2016-11-17,CDNS-FLEX,0.0,250000.0,20
2016-11-18,CDNS-FLEX,667.039363861084,250000.0,20
2016-11-21,CDNS-FLEX,-1921.1387157440186,250000.0,20
2016-11-22,CDNS-FLEX,2749.3100986480713,250000.0,20
2016-11-23,ADI-HPQ,0.0,250000.0,20
2016-11-25,ADI-HPQ,3412.5474891662598,250000.0,20
2016-11-28,ADI-HPQ,1849.4021492004395,250000.0,20
2016-11-29,ADI-HPQ,1935.0071754455566,250000.0,20
2016-11-29,EMR-GNRC,0.0,250000.0,20
2016-11-30,ADI-HPQ,5752.290664672852,250000.0,20
2016-11-30,HPE-KLAC,0.0,250000.0,20
2016-11-30,EL-KO,0.0,250000.0,20
2016-11-30,MA-PRU,0.0,250000.0,20
2016-10-04,GE-GNRC,0.0,250000.0,21
2016-10-04,EMR-GNRC,0.0,250000.0,21
2016-10-05,EMR-GNRC,9443.976699829102,250000.0,21
2016-10-05,AEE-PNW,0.0,250000.0,21
2016-10-06,EMR-GNRC,3618.301712036133,250000.0,21
2016-10-06,AEE-PNW,1108.0789337158203,250000.0,21
2016-10-06,ALL-BRO,0.0,250000.0,21
2016-10-06,HBAN-MET,0.0,250000.0,21
2016-10-06,ALL-AON,0.0,250000.0,21
2016-10-07,AEE-PNW,891.9190559387207,250000.0,21
2016-10-07,ALL-BRO,4791.531560897827,250000.0,21
2016-10-07,HBAN-MET,-174.5512833595276,250000.0,21
2016-10-10,HBAN-MET,-2279.715156555176,250000.0,21
2016-10-11,HBAN-MET,-3601.328920841217,250000.0,21
2016-10-11,GE-RTX,0.0,250000.0,21
2016-10-12,HBAN-MET,-5697.834367275238,250000.0,21
2016-10-12,GE-RTX,505.1096420288086,250000.0,21
2016-10-13,HBAN-MET,-6160.398280620575,250000.0,21
2016-10-13,FITB-RJF,0.0,250000.0,21
2016-10-14,HBAN-MET,-5307.470281600952,250000.0,21
2016-10-14,FITB-RJF,-2746.566478729248,250000.0,21
2016-10-20,AIG-BAC,0.0,250000.0,21
2016-10-21,AIG-BAC,-2045.1532745361328,250000.0,21
2016-10-24,AIG-BAC,-1797.2166442871094,250000.0,21
2016-10-24,AON-BRO,0.0,250000.0,21
2016-10-25,AIG-BAC,220.9021987915039,250000.0,21
2016-10-25,GE-RTX,0.0,250000.0,21
2016-10-26,AIG-BAC,1031.8961486816406,250000.0,21
2016-10-26,GE-RTX,2017.716781616211,250000.0,21
2016-10-27,AIG-BAC,2130.7671432495117,250000.0,21
2016-10-27,GE-RTX,3076.1759071350098,250000.0,21
2016-10-27,FICO-HPE,0.0,250000.0,21
2016-10-28,GE-RTX,1807.7552909851074,250000.0,21
2016-10-28,FICO-HPE,-1263.527780532837,250000.0,21
2016-10-28,ALL-AON,0.0,250000.0,21
2016-10-31,GE-RTX,290.3108558654785,250000.0,21
2016-10-31,FICO-HPE,-1130.7180633544922,250000.0,21
2016-10-31,ALL-AON,2395.8334884643555,250000.0,21
2016-11-01,GE-RTX,-395.6923408508301,250000.0,21
2016-11-01,FICO-HPE,-5506.786901473999,250000.0,21
2016-11-02,GE-RTX,-1283.5021934509277,250000.0,21
2016-11-02,FICO-HPE,-7599.078845977783,250000.0,21
2016-11-02,CLX-DLTR,0.0,250000.0,21
2016-11-03,GE-RTX,-1177.245491027832,250000.0,21
2016-11-03,FICO-HPE,-6586.02596282959,250000.0,21
2016-11-03,CLX-DLTR,281.0166244506836,250000.0,21
2016-11-04,GE-RTX,-1028.0026550292969,250000.0,21
2016-11-04,CLX-DLTR,-4370.770225524902,250000.0,21
2016-11-04,AEE-PNW,0.0,250000.0,21
2016-11-07,GE-RTX,-703.6606292724609,250000.0,21
2016-11-07,CLX-DLTR,-6488.886116027832,250000.0,21
2016-11-08,GE-RTX,-915.4696884155273,250000.0,21
2016-11-08,CLX-DLTR,-3218.0037994384766,250000.0,21
2016-11-09,CLX-DLTR,-4612.170356750488,250000.0,21
2016-11-10,GE-RTX,0.0,250000.0,21
2016-11-11,GE-RTX,298.2603645324707,250000.0,21
2016-11-11,AON-BRO,0.0,250000.0,21
2016-11-14,GE-RTX,1713.3540687561035,250000.0,21
2016-11-14,AON-BRO,-7301.846620559692,250000.0,21
2016-11-14,JKHY-NDAQ,0.0,250000.0,21
2016-11-15,GE-RTX,3197.0062828063965,250000.0,21
2016-11-15,JKHY-NDAQ,-942.2223129272461,250000.0,21
2016-11-16,GE-RTX,3291.581813812256,250000.0,21
2016-11-16,JKHY-NDAQ,-1224.170799255371,250000.0,21
2016-11-17,JKHY-NDAQ,-3851.3875999450684,250000.0,21
2016-11-18,JKHY-NDAQ,-402.3944206237793,250000.0,21
2016-11-21,JKHY-NDAQ,-3426.4279193878174,250000.0,21
2016-11-22,JKHY-NDAQ,-5424.080112457275,250000.0,21
2016-11-23,JKHY-NDAQ,-7544.790880203247,250000.0,21
2016-11-23,DE-ROL,0.0,250000.0,21
2016-11-25,JKHY-NDAQ,-5865.285661697388,250000.0,21
2016-11-25,DE-ROL,-279.09048080444336,250000.0,21
2016-11-28,DE-ROL,2935.568447113037,250000.0,21
2016-11-28,GE-ODFL,0.0,250000.0,21
2016-11-29,DE-ROL,3000.559669494629,250000.0,21
2016-11-29,GE-ODFL,-980.7517108917236,250000.0,21
2016-11-29,GE-GNRC,0.0,250000.0,21
2016-11-29,EMR-GNRC,0.0,250000.0,21
2016-11-30,DE-ROL,1108.3972129821777,250000.0,21
2016-11-30,GE-ODFL,1597.913625717163,250000.0,21
2016-11-30,GE-GNRC,2250.0093994140625,250000.0,21
2016-11-30,AIG-BAC,0.0,250000.0,21
2016-12-01,DE-ROL,-306.84559631347656,250000.0,21
2016-12-01,GE-GNRC,810.6452331542969,250000.0,21
2016-12-01,AIG-BAC,2095.614944458008,250000.0,21
2016-12-01,GE-RTX,0.0,250000.0,21
2016-12-02,DE-ROL,2578.5022506713867,250000.0,21
2016-12-02,GE-GNRC,1181.6820678710938,250000.0,21
2016-12-02,AIG-BAC,2248.450294494629,250000.0,21
2016-12-02,GE-RTX,2113.6610145568848,250000.0,21
2016-12-02,AEE-PNW,0.0,250000.0,21
2016-12-05,DE-ROL,5096.400775909424,250000.0,21
2016-12-05,AIG-BAC,-999.0877532958984,250000.0,21
2016-12-05,GE-RTX,2058.589946746826,250000.0,21
2016-12-05,AEE-PNW,1219.594123840332,250000.0,21
2016-12-06,DE-ROL,5807.304126739502,250000.0,21
2016-12-06,AIG-BAC,-2238.1415100097656,250000.0,21
2016-12-06,GE-RTX,1610.8544960021973,250000.0,21
2016-12-06,JKHY-NDAQ,0.0,250000.0,21
2016-12-07,AIG-BAC,-974.4135208129883,250000.0,21
2016-12-07,JKHY-NDAQ,-1292.4302654266357,250000.0,21
2016-12-08,AIG-BAC,2173.5632553100586,250000.0,21
2016-12-08,JKHY-NDAQ,-1092.6741313934326,250000.0,21
2016-12-09,JKHY-NDAQ,-4181.680141448975,250000.0,21
2016-12-09,GE-ODFL,0.0,250000.0,21
2016-12-12,JKHY-NDAQ,-4609.716255187988,250000.0,21
2016-12-12,GE-ODFL,-1961.7079124450684,250000.0,21
2016-12-13,JKHY-NDAQ,-4478.747800827026,250000.0,21
2016-12-13,GE-ODFL,-3240.22607421875,250000.0,21
2016-12-13,CMS-XEL,0.0,250000.0,21
2016-12-13,GE-PWR,0.0,250000.0,21
2016-12-14,JKHY-NDAQ,-4103.768566131592,250000.0,21
2016-12-14,GE-ODFL,-2319.6669731140137,250000.0,21
2016-12-14,CMS-XEL,-249.75553512573242,250000.0,21
2016-12-14,GE-PWR,615.3876724243164,250000.0,21
2016-12-14,GE-UPS,0.0,250000.0,21
2016-12-15,JKHY-NDAQ,-5130.078205108643,250000.0,21
2016-12-15,GE-ODFL,1153.2970428466797,250000.0,21
2016-12-15,CMS-XEL,-856.1627922058105,250000.0,21
2016-12-15,GE-UPS,1384.2200012207031,250000.0,21
2016-12-16,JKHY-NDAQ,-3327.6756534576416,250000.0,21
2016-12-16,CMS-XEL,-2.6669349670410156,250000.0,21
2016-12-16,GE-RTX,0.0,250000.0,21
2016-12-19,JKHY-NDAQ,-2158.159267425537,250000.0,21
2016-12-20,JKHY-NDAQ,-2864.7651691436768,250000.0,21
2016-11-01,AFL-FIS,0.0,250000.0,22
2016-11-02,CHTR-META,0.0,250000.0,22
2016-11-03,GDDY-NXPI,0.0,250000.0,22
2016-11-04,GDDY-NXPI,-11618.827518463135,250000.0,22
2016-11-07,GDDY-NXPI,-3275.3539505004883,250000.0,22
2016-11-07,LNT-PNW,0.0,250000.0,22
2016-11-08,GDDY-NXPI,2642.553478240967,250000.0,22
2016-11-08,LNT-PNW,-1158.8166961669922,250000.0,22
2016-11-09,GDDY-NXPI,2032.7563171386719,250000.0,22
2016-11-09,BNY-MTB,0.0,250000.0,22
2016-11-09,JPM-PFG,0.0,250000.0,22
2016-11-09,CBOE-FDS,0.0,250000.0,22
2016-11-09,MRK-WAT,0.0,250000.0,22
2016-11-10,GDDY-NXPI,-1209.4989891052246,250000.0,22
2016-11-10,BNY-MTB,-2192.482250213623,250000.0,22
2016-11-10,JPM-PFG,-17975.25015258789,250000.0,22
2016-11-10,CBOE-FDS,-5156.32926940918,250000.0,22
2016-11-10,MRK-WAT,-837.2588043212891,250000.0,22
2016-11-11,GDDY-NXPI,1448.0062103271484,250000.0,22
2016-11-11,BNY-MTB,-5045.274459838867,250000.0,22
2016-11-11,CBOE-FDS,-4832.302917480469,250000.0,22
2016-11-11,MRK-WAT,224.33477783203125,250000.0,22
2016-11-11,AON-BRO,0.0,250000.0,22
2016-11-11,CDW-WDAY,0.0,250000.0,22
2016-11-14,GDDY-NXPI,1182.374282836914,250000.0,22
2016-11-14,CBOE-FDS,-11522.511543273926,250000.0,22
2016-11-14,MRK-WAT,-1788.5665130615234,250000.0,22
2016-11-14,AON-BRO,-7301.846620559692,250000.0,22
2016-11-15,GDDY-NXPI,2458.651153564453,250000.0,22
2016-11-15,CBOE-FDS,-11317.676609039307,250000.0,22
2016-11-15,MRK-WAT,92.79010009765625,250000.0,22
2016-11-16,GDDY-NXPI,2065.9775390625,250000.0,22
2016-11-16,MRK-WAT,1993.5952606201172,250000.0,22
2016-11-17,GDDY-NXPI,6789.539665222168,250000.0,22
2016-11-17,MRK-WAT,-1476.3512573242188,250000.0,22
2016-11-18,GDDY-NXPI,8435.748229980469,250000.0,22
2016-11-18,MRK-WAT,-5270.797149658203,250000.0,22
2016-11-21,MRK-WAT,-2306.9827423095703,250000.0,22
2016-11-22,MRK-WAT,-4518.191955566406,250000.0,22
2016-11-23,MRK-WAT,1025.9105834960938,250000.0,22
2016-12-01,CBOE-FDS,0.0,250000.0,22
2016-12-06,MRK-WAT,0.0,250000.0,22
2016-12-07,MRK-WAT,3417.4073638916016,250000.0,22
2016-12-07,ABBV-ZBH,0.0,250000.0,22
2016-12-07,DECK-ORLY,0.0,250000.0,22
2016-12-07,JPM-PFG,0.0,250000.0,22
2016-12-08,MRK-WAT,1050.2968254089355,250000.0,22
2016-12-08,JPM-PFG,2311.0669746398926,250000.0,22
2016-12-09,MRK-WAT,1286.949234008789,250000.0,22
2016-12-12,MRK-WAT,2661.623279571533,250000.0,22
2016-12-13,MRK-WAT,3778.2746772766113,250000.0,22
2016-12-13,CMS-XEL,0.0,250000.0,22
2016-12-14,CMS-XEL,-249.75553512573242,250000.0,22
2016-12-15,CMS-XEL,-856.1627922058105,250000.0,22
2016-12-15,AFL-FIS,0.0,250000.0,22
2016-12-16,CMS-XEL,-2.6669349670410156,250000.0,22
2016-12-16,AFL-FIS,2657.350721359253,250000.0,22
2017-01-03,GDDY-NXPI,0.0,250000.0,22
2017-01-04,FITB-RJF,0.0,250000.0,22
2017-01-04,JPM-PFG,0.0,250000.0,22
2017-01-05,JPM-PFG,991.7512969970703,250000.0,22
2017-01-05,CMS-XEL,0.0,250000.0,22
2017-01-05,SNPS-TXN,0.0,250000.0,22
2017-01-06,JPM-PFG,-469.13024139404297,250000.0,22
2017-01-06,CMS-XEL,-302.1625461578369,250000.0,22
2017-01-09,CMS-XEL,-405.71158027648926,250000.0,22
2017-01-10,CMS-XEL,-13.177801132202148,250000.0,22
2017-01-10,EXPD-UPS,0.0,250000.0,22
2017-01-10,ABBV-ZBH,0.0,250000.0,22
2017-01-11,CMS-XEL,-414.77311515808105,250000.0,22
2017-01-12,CMS-XEL,889.6666526794434,250000.0,22
2017-01-13,CMS-XEL,-595.0255451202393,250000.0,22
2017-01-18,JPM-PFG,0.0,250000.0,22
2017-01-19,JPM-PFG,3810.879707336426,250000.0,22
2017-01-19,DECK-ORLY,0.0,250000.0,22
2017-01-20,DECK-ORLY,-1024.250129699707,250000.0,22
2017-01-20,MLM-VMC,0.0,250000.0,22
2017-01-23,MLM-VMC,394.59422302246094,250000.0,22
2017-01-24,MLM-VMC,-278.5061950683594,250000.0,22
2017-01-25,MLM-VMC,-923.7145385742188,250000.0,22
2017-01-26,MLM-VMC,-1119.0442657470703,250000.0,22
2017-01-26,FITB-RJF,0.0,250000.0,22
2017-01-27,MLM-VMC,-631.3034210205078,250000.0,22
2017-01-27,FITB-RJF,1074.9430541992188,250000.0,22
2017-01-27,ABBV-ZBH,0.0,250000.0,22
2017-01-30,MLM-VMC,3377.896255493164,250000.0,22
2017-01-30,FITB-RJF,-868.4429607391357,250000.0,22
2017-01-30,ABBV-ZBH,5010.015281677246,250000.0,22
2017-01-31,FITB-RJF,-611.8988628387451,250000.0,22
2017-01-31,ABBV-ZBH,1343.8757781982422,250000.0,22
2017-01-31,SNPS-TXN,0.0,250000.0,22
2016-12-01,BR-DOV,0.0,250000.0,23
2016-12-02,BR-DOV,2849.0636596679688,250000.0,23
2016-12-02,AEE-PNW,0.0,250000.0,23
2016-12-05,BR-DOV,2741.808261871338,250000.0,23
2016-12-05,AEE-PNW,1219.594123840332,250000.0,23
2016-12-06,BR-DOV,2558.6520233154297,250000.0,23
2016-12-07,BR-DOV,-2119.304904937744,250000.0,23
2016-12-08,BR-DOV,-486.28674697875977,250000.0,23
2016-12-09,BR-DOV,-2135.969139099121,250000.0,23
2016-12-12,BR-DOV,-2272.974277496338,250000.0,23
2016-12-12,ABBV-JNJ,0.0,250000.0,23
2016-12-13,BR-DOV,-3325.858612060547,250000.0,23
2016-12-13,ABBV-JNJ,-1235.5292701721191,250000.0,23
2016-12-13,CMS-XEL,0.0,250000.0,23
2016-12-14,BR-DOV,1086.6951217651367,250000.0,23
2016-12-14,ABBV-JNJ,155.8454246520996,250000.0,23
2016-12-14,CMS-XEL,-249.75553512573242,250000.0,23
2016-12-15,BR-DOV,342.1714553833008,250000.0,23
2016-12-15,ABBV-JNJ,-1183.1792335510254,250000.0,23
2016-12-15,CMS-XEL,-856.1627922058105,250000.0,23
2016-12-16,BR-DOV,2036.511646270752,250000.0,23
2016-12-16,ABBV-JNJ,-812.3733711242676,250000.0,23
2016-12-16,CMS-XEL,-2.6669349670410156,250000.0,23
2016-12-19,BR-DOV,2298.5906372070312,250000.0,23
2016-12-19,ABBV-JNJ,-1115.7327461242676,250000.0,23
2016-12-20,ABBV-JNJ,-440.49891662597656,250000.0,23
2016-12-21,ABBV-JNJ,-921.3728904724121,250000.0,23
2016-12-22,ABBV-JNJ,-836.4730758666992,250000.0,23
2016-12-23,ABBV-JNJ,-776.2795257568359,250000.0,23
2017-01-05,CMS-XEL,0.0,250000.0,23
2017-01-06,CMS-XEL,-302.1625461578369,250000.0,23
2017-01-09,CMS-XEL,-405.71158027648926,250000.0,23
2017-01-10,CMS-XEL,-13.177801132202148,250000.0,23
2017-01-10,EXPD-UPS,0.0,250000.0,23
2017-01-11,CMS-XEL,-414.77311515808105,250000.0,23
2017-01-12,CMS-XEL,889.6666526794434,250000.0,23
2017-01-13,CMS-XEL,-595.0255451202393,250000.0,23
2017-01-17,BAC-CFG,0.0,250000.0,23
2017-01-18,BAC-CFG,-256.9271984100342,250000.0,23
2017-01-19,BAC-CFG,-1018.5749416351318,250000.0,23
2017-01-24,ORLY-PHM,0.0,250000.0,23
2017-01-24,ABBV-JNJ,0.0,250000.0,23
2017-01-25,ORLY-PHM,-1925.1017532348633,250000.0,23
2017-01-25,ABBV-JNJ,1420.229965209961,250000.0,23
2017-01-26,ORLY-PHM,-12557.694496154785,250000.0,23
2017-01-26,ABBV-JNJ,-602.1326293945312,250000.0,23
2017-01-27,ORLY-PHM,-13145.325653076172,250000.0,23
2017-02-01,EXPD-UPS,0.0,250000.0,23
2017-02-01,CMS-XEL,0.0,250000.0,23
2017-02-02,EXPD-UPS,-1288.6612396240234,250000.0,23
2017-02-02,CMS-XEL,648.0177478790283,250000.0,23
2017-02-03,EXPD-UPS,-980.2066345214844,250000.0,23
2017-02-03,MRK-MTD,0.0,250000.0,23
2017-02-06,EXPD-UPS,-1236.850326538086,250000.0,23
2017-02-06,MRK-MTD,-1052.5600090026855,250000.0,23
2017-02-07,EXPD-UPS,-3876.803741455078,250000.0,23
2017-02-07,MRK-MTD,-393.64864349365234,250000.0,23
2017-02-08,EXPD-UPS,-3874.653823852539,250000.0,23
2017-02-08,MRK-MTD,732.4410171508789,250000.0,23
2017-02-09,EXPD-UPS,-5713.309875488281,250000.0,23
2017-02-09,MRK-MTD,-1388.9553146362305,250000.0,23
2017-02-10,EXPD-UPS,-6593.380081176758,250000.0,23
2017-02-10,MRK-MTD,-1616.1507263183594,250000.0,23
2017-02-10,ABBV-JNJ,0.0,250000.0,23
2017-02-13,EXPD-UPS,-5510.633651733398,250000.0,23
2017-02-13,MRK-MTD,-150.37397003173828,250000.0,23
2017-02-13,ABBV-JNJ,-1312.735855102539,250000.0,23
2017-02-13,ADSK-ON,0.0,250000.0,23
2017-02-13,GDDY-ON,0.0,250000.0,23
2017-02-14,EXPD-UPS,-4904.450531005859,250000.0,23
2017-02-14,MRK-MTD,1043.850730895996,250000.0,23
2017-02-14,ADSK-ON,-5444.75790977478,250000.0,23
2017-02-14,GDDY-ON,-4613.814226150513,250000.0,23
2017-02-15,EXPD-UPS,-8914.035552978516,250000.0,23
2017-02-15,MRK-MTD,-500.05877685546875,250000.0,23
2017-02-15,GDDY-ON,-3173.335599899292,250000.0,23
2017-02-16,MRK-MTD,-965.6241340637207,250000.0,23
2017-02-16,GDDY-ON,-11085.877182006836,250000.0,23
2017-02-17,MRK-MTD,-3679.5698776245117,250000.0,23
2017-02-17,GDDY-ON,-7342.9428453445435,250000.0,23
2017-02-27,CMS-XEL,0.0,250000.0,23
2017-02-28,CMS-XEL,-1102.338550567627,250000.0,23
2017-01-03,DOV-PAYX,0.0,250000.0,24
2017-01-04,DOV-PAYX,163.5100555419922,250000.0,24
2017-01-05,DOV-PAYX,-1097.4727630615234,250000.0,24
2017-01-06,DOV-PAYX,-1950.078254699707,250000.0,24
2017-01-09,DOV-PAYX,-812.1070213317871,250000.0,24
2017-01-09,FFIV-TDY,0.0,250000.0,24
2017-01-10,DOV-PAYX,-2320.2790184020996,250000.0,24
2017-01-10,EXPD-UPS,0.0,250000.0,24
2017-01-10,ABBV-BSX,0.0,250000.0,24
2017-01-11,ABBV-BSX,-3652.7591400146484,250000.0,24
2017-01-11,ABBV-LH,0.0,250000.0,24
2017-01-12,ABBV-BSX,-5458.741020202637,250000.0,24
2017-01-12,ABBV-LH,952.7744979858398,250000.0,24
2017-01-13,ABBV-BSX,-6517.762985229492,250000.0,24
2017-01-13,ABBV-LH,3652.8506813049316,250000.0,24
2017-01-13,PFE-RVTY,0.0,250000.0,24
2017-01-17,ABBV-BSX,-7752.467124938965,250000.0,24
2017-01-17,ABBV-LH,3896.8786811828613,250000.0,24
2017-01-17,PFE-RVTY,2191.1270084381104,250000.0,24
2017-01-17,DUK-ED,0.0,250000.0,24
2017-01-17,BAC-CFG,0.0,250000.0,24
2017-01-17,GLW-LRCX,0.0,250000.0,24
2017-01-18,ABBV-BSX,-8560.701698303223,250000.0,24
2017-01-18,ABBV-LH,2562.245761871338,250000.0,24
2017-01-18,DUK-ED,707.1463279724121,250000.0,24
2017-01-18,BAC-CFG,-256.9271984100342,250000.0,24
2017-01-18,GLW-LRCX,1199.1655139923096,250000.0,24
2017-01-19,ABBV-BSX,-8972.155601501465,250000.0,24
2017-01-19,ABBV-LH,4787.89733505249,250000.0,24
2017-01-19,BAC-CFG,-1018.5749416351318,250000.0,24
2017-01-19,GLW-LRCX,-193.3645133972168,250000.0,24
2017-01-19,DECK-ORLY,0.0,250000.0,24
2017-01-20,ABBV-LH,4735.077152252197,250000.0,24
2017-01-20,GLW-LRCX,2449.4114475250244,250000.0,24
2017-01-20,DECK-ORLY,-1024.250129699707,250000.0,24
2017-01-23,ABBV-LH,3911.8463172912598,250000.0,24
2017-01-23,GLW-LRCX,1157.1136856079102,250000.0,24
2017-01-24,ABBV-LH,1857.7988777160645,250000.0,24
2017-01-24,ORLY-PHM,0.0,250000.0,24
2017-01-25,ABBV-LH,434.5037956237793,250000.0,24
2017-01-25,ORLY-PHM,-1925.1017532348633,250000.0,24
2017-01-26,ABBV-LH,2442.1708488464355,250000.0,24
2017-01-26,ORLY-PHM,-12557.694496154785,250000.0,24
2017-01-26,FFIV-TDY,0.0,250000.0,24
2017-01-27,ORLY-PHM,-13145.325653076172,250000.0,24
2017-01-27,FFIV-TDY,2963.851516723633,250000.0,24
2017-01-27,FITB-JPM,0.0,250000.0,24
2017-01-30,FFIV-TDY,2979.1187133789062,250000.0,24
2017-01-30,FITB-JPM,-902.6714954376221,250000.0,24
2017-01-31,FFIV-TDY,232.76065063476562,250000.0,24
2017-01-31,FITB-JPM,1255.7498378753662,250000.0,24
2017-02-01,FFIV-TDY,-2734.6337280273438,250000.0,24
2017-02-01,FITB-JPM,1472.079481124878,250000.0,24
2017-02-01,EXPD-UPS,0.0,250000.0,24
2017-02-01,DOV-PAYX,0.0,250000.0,24
2017-02-02,FITB-JPM,71.93585205078125,250000.0,24
2017-02-02,EXPD-UPS,-1288.6612396240234,250000.0,24
2017-02-02,DOV-PAYX,1010.6975250244141,250000.0,24
2017-02-02,DUK-ED,0.0,250000.0,24
2017-02-02,ABBV-BSX,0.0,250000.0,24
2017-02-03,FITB-JPM,-2667.0777683258057,250000.0,24
2017-02-03,EXPD-UPS,-980.2066345214844,250000.0,24
2017-02-03,DOV-PAYX,-3652.255081176758,250000.0,24
2017-02-03,DUK-ED,426.2477035522461,250000.0,24
2017-02-03,ABBV-BSX,-1685.4221725463867,250000.0,24
2017-02-06,FITB-JPM,460.0071105957031,250000.0,24
2017-02-06,EXPD-UPS,-1236.850326538086,250000.0,24
2017-02-06,DOV-PAYX,-3403.3182678222656,250000.0,24
2017-02-06,DUK-ED,-183.67034530639648,250000.0,24
2017-02-06,ABBV-BSX,-933.1689834594727,250000.0,24
2017-02-07,FITB-JPM,-1587.8769969940186,250000.0,24
2017-02-07,EXPD-UPS,-3876.803741455078,250000.0,24
2017-02-07,DOV-PAYX,-2860.5434036254883,250000.0,24
2017-02-07,DUK-ED,-271.52494049072266,250000.0,24
2017-02-07,ABBV-BSX,-2030.128288269043,250000.0,24
2017-02-08,EXPD-UPS,-3874.653823852539,250000.0,24
2017-02-08,DOV-PAYX,-2749.9048194885254,250000.0,24
2017-02-08,DUK-ED,295.69340896606445,250000.0,24
2017-02-08,ABBV-BSX,-2218.8352394104004,250000.0,24
2017-02-09,EXPD-UPS,-5713.309875488281,250000.0,24
2017-02-09,DOV-PAYX,-1451.8603172302246,250000.0,24
2017-02-09,DUK-ED,131.20057678222656,250000.0,24
2017-02-09,ABBV-BSX,-2501.825695037842,250000.0,24
2017-02-10,EXPD-UPS,-6593.380081176758,250000.0,24
2017-02-10,DOV-PAYX,-2483.6004333496094,250000.0,24
2017-02-10,DUK-ED,122.86917495727539,250000.0,24
2017-02-10,ABBV-BSX,-2043.2759284973145,250000.0,24
2017-02-13,EXPD-UPS,-5510.633651733398,250000.0,24
2017-02-13,DOV-PAYX,-678.2416687011719,250000.0,24
2017-02-13,DUK-ED,1163.1663665771484,250000.0,24
2017-02-13,ABBV-BSX,-2838.7155151367188,250000.0,24
2017-02-14,EXPD-UPS,-4904.450531005859,250000.0,24
2017-02-14,DOV-PAYX,-10.983722686767578,250000.0,24
2017-02-14,DUK-ED,1170.7240753173828,250000.0,24
2017-02-14,ABBV-BSX,-952.7984046936035,250000.0,24
2017-02-15,EXPD-UPS,-8914.035552978516,250000.0,24
2017-02-15,DOV-PAYX,-381.54781341552734,250000.0,24
2017-02-15,DUK-ED,-267.01777267456055,250000.0,24
2017-02-15,ABBV-BSX,-1394.1785621643066,250000.0,24
2017-02-16,DOV-PAYX,445.58606719970703,250000.0,24
2017-02-16,ABBV-BSX,-1274.9658584594727,250000.0,24
2017-02-16,GLW-LRCX,0.0,250000.0,24
2017-02-17,GLW-LRCX,1368.1654644012451,250000.0,24
2017-02-23,ABBV-BSX,0.0,250000.0,24
2017-02-23,DOV-PAYX,0.0,250000.0,24
2017-02-24,ABBV-BSX,2771.71004486084,250000.0,24
2017-02-27,ABBV-BSX,2825.075424194336,250000.0,24
2017-02-28,ABBV-BSX,909.4562759399414,250000.0,24
2017-03-01,ABBV-BSX,3169.667984008789,250000.0,24
2017-03-01,FITB-JPM,0.0,250000.0,24
2017-03-02,ABBV-BSX,2760.7383193969727,250000.0,24
2017-03-03,ABBV-BSX,2381.361442565918,250000.0,24
2017-03-06,ABBV-BSX,-273.9755630493164,250000.0,24
2017-03-07,ABBV-BSX,-3405.8119201660156,250000.0,24
2017-03-08,ABBV-BSX,-3873.126304626465,250000.0,24
2017-03-08,C-USB,0.0,250000.0,24
2017-03-09,ABBV-BSX,-2837.702163696289,250000.0,24
2017-03-09,C-USB,-1254.8527297973633,250000.0,24
2017-03-10,C-USB,-1040.2919311523438,250000.0,24
2017-03-10,GLW-LRCX,0.0,250000.0,24
2017-03-13,C-USB,-1274.3823471069336,250000.0,24
2017-03-13,GLW-LRCX,-2412.6227073669434,250000.0,24
2017-03-14,C-USB,-588.0549774169922,250000.0,24
2017-03-15,C-USB,1375.7024307250977,250000.0,24
2017-03-15,FITB-JPM,0.0,250000.0,24
2017-03-16,C-USB,585.7898254394531,250000.0,24
2017-03-16,FITB-JPM,2352.4281845092773,250000.0,24
2017-03-17,C-USB,1826.5260467529297,250000.0,24
2017-03-17,FITB-JPM,1807.634292602539,250000.0,24
2017-03-20,C-USB,2565.9560623168945,250000.0,24
2017-03-20,FITB-JPM,1893.404369354248,250000.0,24
2017-03-21,C-USB,1047.9437408447266,250000.0,24
2017-03-21,FITB-JPM,-4398.022068023682,250000.0,24
2017-03-21,FFIV-TDY,0.0,250000.0,24
2017-03-22,C-USB,1603.6063995361328,250000.0,24
2017-03-22,FITB-JPM,-5516.806644439697,250000.0,24
2017-03-22,FFIV-TDY,-1885.7312622070312,250000.0,24
2017-03-23,C-USB,511.17586517333984,250000.0,24
2017-03-23,FITB-JPM,-2817.6779289245605,250000.0,24
2017-03-23,FFIV-TDY,-1.50921630859375,250000.0,24
2017-03-24,C-USB,393.9365768432617,250000.0,24
2017-03-24,FITB-JPM,-4336.212585449219,250000.0,24
2017-03-27,FITB-JPM,-5885.663105010986,250000.0,24
2017-03-28,FITB-JPM,-4218.568397521973,250000.0,24
2017-03-28,DOV-PAYX,0.0,250000.0,24
2017-03-29,FITB-JPM,-3955.0875930786133,250000.0,24
2017-03-30,FITB-JPM,1284.0442695617676,250000.0,24
2017-03-31,FITB-JPM,1030.7465019226074,250000.0,24
2017-03-31,ABBV-BSX,0.0,250000.0,24
2017-02-01,EXPD-UPS,0.0,250000.0,25
2017-02-01,LHX-UPS,0.0,250000.0,25
2017-02-01,CB-ICE,0.0,250000.0,25
2017-02-02,EXPD-UPS,-1288.6612396240234,250000.0,25
2017-02-02,LHX-UPS,-4743.828483581543,250000.0,25
2017-02-02,CB-ICE,4663.615905761719,250000.0,25
2017-02-02,CHRW-SNA,0.0,250000.0,25
2017-02-02,CDNS-MPWR,0.0,250000.0,25
2017-02-03,EXPD-UPS,-980.2066345214844,250000.0,25
2017-02-03,LHX-UPS,541.4591293334961,250000.0,25
2017-02-03,CB-ICE,5097.581886291504,250000.0,25
2017-02-03,CHRW-SNA,1068.234115600586,250000.0,25
2017-02-03,CDNS-MPWR,-82.10672378540039,250000.0,25
2017-02-06,EXPD-UPS,-1236.850326538086,250000.0,25
2017-02-06,LHX-UPS,-2663.764373779297,250000.0,25
2017-02-06,CB-ICE,5542.788719177246,250000.0,25
2017-02-06,CHRW-SNA,1865.5024681091309,250000.0,25
2017-02-06,CDNS-MPWR,-4517.37659072876,250000.0,25
2017-02-07,EXPD-UPS,-3876.803741455078,250000.0,25
2017-02-07,LHX-UPS,-3818.2872314453125,250000.0,25
2017-02-07,CB-ICE,-1976.7588348388672,250000.0,25
2017-02-07,CHRW-SNA,-3720.894916534424,250000.0,25
2017-02-07,CDNS-MPWR,-2167.019702911377,250000.0,25
2017-02-08,EXPD-UPS,-3874.653823852539,250000.0,25
2017-02-08,LHX-UPS,-2136.6390380859375,250000.0,25
2017-02-08,CHRW-SNA,-6646.392677307129,250000.0,25
2017-02-08,CDNS-MPWR,1005.4564476013184,250000.0,25
2017-02-09,EXPD-UPS,-5713.309875488281,250000.0,25
2017-02-09,LHX-UPS,-871.370361328125,250000.0,25
2017-02-09,CHRW-SNA,-906.6249580383301,250000.0,25
2017-02-09,CDNS-MPWR,-5182.008354187012,250000.0,25
2017-02-09,ON-TRMB,0.0,250000.0,25
2017-02-10,EXPD-UPS,-6593.380081176758,250000.0,25
2017-02-10,LHX-UPS,-430.67627716064453,250000.0,25
2017-02-10,CHRW-SNA,-3938.148208618164,250000.0,25
2017-02-10,CDNS-MPWR,-6674.552890777588,250000.0,25
2017-02-10,ON-TRMB,4358.347389221191,250000.0,25
2017-02-13,EXPD-UPS,-5510.633651733398,250000.0,25
2017-02-13,LHX-UPS,647.9731750488281,250000.0,25
2017-02-13,CHRW-SNA,-3139.3043785095215,250000.0,25
2017-02-13,CDNS-MPWR,-17129.6785736084,250000.0,25
2017-02-14,EXPD-UPS,-4904.450531005859,250000.0,25
2017-02-14,LHX-UPS,585.1652145385742,250000.0,25
2017-02-14,CHRW-SNA,-2679.0250663757324,250000.0,25
2017-02-14,CDNS-MPWR,-20512.47929763794,250000.0,25
2017-02-15,EXPD-UPS,-8914.035552978516,250000.0,25
2017-02-15,LHX-UPS,1473.2908096313477,250000.0,25
2017-02-15,CHRW-SNA,-2522.7635345458984,250000.0,25
2017-02-15,CDNS-MPWR,-20104.908603668213,250000.0,25
2017-02-16,CHRW-SNA,-6498.17854309082,250000.0,25
2017-02-16,CDNS-MPWR,-21351.8097114563,250000.0,25
2017-02-23,HPE-HPQ,0.0,250000.0,25
2017-02-24,CHRW-FIX,0.0,250000.0,25
2017-02-27,CHRW-FIX,502.95831298828125,250000.0,25
2017-02-28,CHRW-FIX,4440.623710632324,250000.0,25
2017-03-01,CHRW-FIX,7253.640686035156,250000.0,25
2017-03-02,CHRW-FIX,5908.297752380371,250000.0,25
2017-03-03,CHRW-FIX,7239.53084564209,250000.0,25
2017-03-06,CHRW-FIX,8965.605163574219,250000.0,25
2017-03-07,CHRW-FIX,8863.250331878662,250000.0,25
2017-03-08,CHRW-FIX,10264.000911712646,250000.0,25
2017-03-13,GDDY-MSFT,0.0,250000.0,25
2017-03-13,CDNS-MPWR,0.0,250000.0,25
2017-03-14,GDDY-MSFT,-413.8570861816406,250000.0,25
2017-03-14,CDNS-MPWR,-1409.9442520141602,250000.0,25
2017-03-15,GDDY-MSFT,666.7142906188965,250000.0,25
2017-03-15,ETN-GD,0.0,250000.0,25
2017-03-16,GDDY-MSFT,800.4578895568848,250000.0,25
2017-03-16,ETN-GD,1296.5633125305176,250000.0,25
2017-03-17,GDDY-MSFT,3039.1968536376953,250000.0,25
2017-03-17,ABBV-RVTY,0.0,250000.0,25
2017-03-20,GDDY-MSFT,3410.640998840332,250000.0,25
2017-03-20,ABBV-RVTY,842.4733963012695,250000.0,25
2017-03-21,GDDY-MSFT,3516.135841369629,250000.0,25
2017-03-21,ABBV-RVTY,-850.2702789306641,250000.0,25
2017-03-21,FFIV-TDY,0.0,250000.0,25
2017-03-22,ABBV-RVTY,-75.94134521484375,250000.0,25
2017-03-22,FFIV-TDY,-1885.7312622070312,250000.0,25
2017-03-23,ABBV-RVTY,-1496.7407684326172,250000.0,25
2017-03-23,FFIV-TDY,-1.50921630859375,250000.0,25
2017-03-24,ABBV-RVTY,-1266.2111511230469,250000.0,25
2017-03-27,ABBV-RVTY,-2291.8288497924805,250000.0,25
2017-03-28,ABBV-RVTY,-2286.4147567749023,250000.0,25
2017-03-28,FDS-NDAQ,0.0,250000.0,25
2017-03-29,ABBV-RVTY,-2593.33243560791,250000.0,25
2017-03-29,FDS-NDAQ,1466.1894397735596,250000.0,25
2017-03-30,ABBV-RVTY,-3368.5830154418945,250000.0,25
2017-03-30,FDS-NDAQ,-1059.4253578186035,250000.0,25
2017-03-30,ON-TRMB,0.0,250000.0,25
2017-03-31,ABBV-RVTY,-4773.443634033203,250000.0,25
2017-03-31,FDS-NDAQ,-743.7028656005859,250000.0,25
2017-03-31,ON-TRMB,1845.007339477539,250000.0,25
2017-03-31,CHRW-FIX,0.0,250000.0,25
2017-04-03,FDS-NDAQ,443.10647773742676,250000.0,25
2017-04-03,ON-TRMB,1643.25390625,250000.0,25
2017-04-04,FDS-NDAQ,-619.9801254272461,250000.0,25
2017-04-05,FDS-NDAQ,-3881.3466968536377,250000.0,25
2017-04-06,FDS-NDAQ,-3781.8488121032715,250000.0,25
2017-04-07,FDS-NDAQ,-5461.255462646484,250000.0,25
2017-04-10,CCL-RCL,0.0,250000.0,25
2017-04-11,CHRW-FIX,0.0,250000.0,25
2017-04-12,CHRW-FIX,1519.7730712890625,250000.0,25
2017-04-19,GDDY-MSFT,0.0,250000.0,25
2017-04-20,GDDY-MSFT,1219.0549354553223,250000.0,25
2017-04-20,ABBV-LH,0.0,250000.0,25
2017-04-20,ETN-ITW,0.0,250000.0,25
2017-04-21,ETN-ITW,-1036.2660865783691,250000.0,25
2017-04-24,ETN-ITW,-5613.681228637695,250000.0,25
2017-04-24,ON-TRMB,0.0,250000.0,25
2017-04-25,ETN-ITW,-1810.4151916503906,250000.0,25
2017-04-25,ON-TRMB,-5936.465463638306,250000.0,25
2017-04-25,ABBV-LH,0.0,250000.0,25
2017-04-26,ETN-ITW,-1034.7434921264648,250000.0,25
2017-04-26,ON-TRMB,-3242.9551887512207,250000.0,25
2017-04-26,ABBV-LH,-111.41548919677734,250000.0,25
2017-04-26,CHRW-FIX,0.0,250000.0,25
2017-04-26,ABBV-RVTY,0.0,250000.0,25
2017-04-27,ETN-ITW,-2190.5510749816895,250000.0,25
2017-04-27,ON-TRMB,-4403.346643447876,250000.0,25
2017-04-27,ABBV-LH,-2595.5028381347656,250000.0,25
2017-04-27,CHRW-FIX,2698.9721603393555,250000.0,25
2017-04-28,ETN-ITW,-2069.5538597106934,250000.0,25
2017-04-28,ABBV-LH,-1211.3534851074219,250000.0,25
2017-04-28,CHRW-FIX,1955.48189163208,250000.0,25
2017-04-28,CCL-RCL,0.0,250000.0,25
2017-03-08,CIEN-TRMB,0.0,250000.0,26
2017-03-09,CIEN-TRMB,-39.841983795166016,250000.0,26
2017-03-10,CIEN-TRMB,-1084.7556953430176,250000.0,26
2017-03-13,CIEN-TRMB,-4137.775177001953,250000.0,26
2017-03-14,CIEN-TRMB,-6018.678035736084,250000.0,26
2017-03-15,CIEN-TRMB,-3154.6737213134766,250000.0,26
2017-03-15,ETN-EXPD,0.0,250000.0,26
2017-03-16,CIEN-TRMB,-4161.534648895264,250000.0,26
2017-03-16,ETN-EXPD,-255.03379821777344,250000.0,26
2017-03-17,CIEN-TRMB,-2289.3090171813965,250000.0,26
2017-03-17,ETN-EXPD,1292.7707710266113,250000.0,26
2017-03-20,CIEN-TRMB,-2600.4161376953125,250000.0,26
2017-03-20,ETN-EXPD,365.15617752075195,250000.0,26
2017-03-21,CIEN-TRMB,1566.2515869140625,250000.0,26
2017-03-21,ETN-EXPD,427.7330627441406,250000.0,26
2017-03-21,AXP-USB,0.0,250000.0,26
2017-03-22,CIEN-TRMB,1949.6222877502441,250000.0,26
2017-03-22,ETN-EXPD,327.3555335998535,250000.0,26
2017-03-22,AXP-USB,-899.5960655212402,250000.0,26
2017-03-23,CIEN-TRMB,699.5998382568359,250000.0,26
2017-03-23,ETN-EXPD,-22.321388244628906,250000.0,26
2017-03-23,AXP-USB,-1568.4024505615234,250000.0,26
2017-03-24,ETN-EXPD,-375.34020614624023,250000.0,26
2017-03-24,AXP-USB,-2831.621856689453,250000.0,26
2017-03-24,DXCM-WAT,0.0,250000.0,26
2017-03-27,ETN-EXPD,-865.4789237976074,250000.0,26
2017-03-27,AXP-USB,-2561.0398483276367,250000.0,26
2017-03-27,DXCM-WAT,963.1911849975586,250000.0,26
2017-03-28,ETN-EXPD,1382.112419128418,250000.0,26
2017-03-28,DXCM-WAT,-365.8710289001465,250000.0,26
2017-03-28,FDS-NDAQ,0.0,250000.0,26
2017-03-29,ETN-EXPD,-531.667724609375,250000.0,26
2017-03-29,DXCM-WAT,-1573.1022930145264,250000.0,26
2017-03-29,FDS-NDAQ,1466.1894397735596,250000.0,26
2017-03-30,ETN-EXPD,181.5963134765625,250000.0,26
2017-03-30,DXCM-WAT,-307.6510524749756,250000.0,26
2017-03-30,FDS-NDAQ,-1059.4253578186035,250000.0,26
2017-03-30,AME-GWW,0.0,250000.0,26
2017-03-31,DXCM-WAT,84.66672897338867,250000.0,26
2017-03-31,FDS-NDAQ,-743.7028656005859,250000.0,26
2017-03-31,AME-GWW,-1048.0615425109863,250000.0,26
2017-04-03,DXCM-WAT,1585.66819190979,250000.0,26
2017-04-03,FDS-NDAQ,443.10647773742676,250000.0,26
2017-04-03,AME-GWW,-1409.8238792419434,250000.0,26
2017-04-04,DXCM-WAT,938.3632278442383,250000.0,26
2017-04-04,FDS-NDAQ,-619.9801254272461,250000.0,26
2017-04-04,AME-GWW,-2123.921028137207,250000.0,26
2017-04-04,LLY-TMO,0.0,250000.0,26
2017-04-05,DXCM-WAT,3931.013135910034,250000.0,26
2017-04-05,FDS-NDAQ,-3881.3466968536377,250000.0,26
2017-04-05,AME-GWW,-907.0719718933105,250000.0,26
2017-04-05,LLY-TMO,745.9023590087891,250000.0,26
2017-04-06,DXCM-WAT,4622.328462600708,250000.0,26
2017-04-06,FDS-NDAQ,-3781.8488121032715,250000.0,26
2017-04-06,AME-GWW,-4614.793025970459,250000.0,26
2017-04-06,LLY-TMO,1456.1947021484375,250000.0,26
2017-04-07,FDS-NDAQ,-5461.255462646484,250000.0,26
2017-04-07,AME-GWW,-5000.86833190918,250000.0,26
2017-04-07,LLY-TMO,1777.2559509277344,250000.0,26
2017-04-10,LLY-TMO,2111.793731689453,250000.0,26
2017-04-11,LLY-TMO,482.146484375,250000.0,26
2017-04-12,LLY-TMO,-662.1373977661133,250000.0,26
2017-04-12,CIEN-TRMB,0.0,250000.0,26
2017-04-12,AME-GWW,0.0,250000.0,26
2017-04-13,LLY-TMO,-573.2406921386719,250000.0,26
2017-04-13,CIEN-TRMB,-3209.1075115203857,250000.0,26
2017-04-13,AME-GWW,-1872.7594413757324,250000.0,26
2017-04-17,AME-GWW,-1663.242748260498,250000.0,26
2017-04-19,DELL-IBM,0.0,250000.0,26
2017-04-20,DELL-IBM,338.24013900756836,250000.0,26
2017-04-20,AXP-USB,0.0,250000.0,26
2017-04-21,DELL-IBM,-1845.2317352294922,250000.0,26
2017-04-21,AXP-USB,386.2020721435547,250000.0,26
2017-04-24,DELL-IBM,-4149.453102111816,250000.0,26
2017-04-24,AXP-USB,3115.6376190185547,250000.0,26
2017-04-25,DELL-IBM,-4983.717998504639,250000.0,26
2017-04-25,DXCM-WAT,0.0,250000.0,26
2017-04-25,DELL-MRVL,0.0,250000.0,26
2017-04-26,DELL-IBM,-6654.109180450439,250000.0,26
2017-04-26,DXCM-WAT,1696.6685199737549,250000.0,26
2017-04-26,AMCR-MOS,0.0,250000.0,26
2017-04-26,PFE-RVTY,0.0,250000.0,26
2017-04-26,LLY-TMO,0.0,250000.0,26
2017-04-27,DELL-IBM,-6856.868804931641,250000.0,26
2017-04-27,DXCM-WAT,4856.420808792114,250000.0,26
2017-04-27,AMCR-MOS,-273.5776901245117,250000.0,26
2017-04-27,PFE-RVTY,362.93056297302246,250000.0,26
2017-04-27,LLY-TMO,2612.2598571777344,250000.0,26
2017-04-28,DELL-IBM,-6380.349159240723,250000.0,26
2017-04-28,DXCM-WAT,6119.181421279907,250000.0,26
2017-04-28,AMCR-MOS,6687.475624084473,250000.0,26
2017-04-28,PFE-RVTY,2874.0997409820557,250000.0,26
2017-04-28,LLY-TMO,5959.299133300781,250000.0,26
2017-04-28,AES-VST,0.0,250000.0,26
2017-05-01,DXCM-WAT,3591.8253078460693,250000.0,26
2017-05-01,PFE-RVTY,-290.01939582824707,250000.0,26
2017-05-01,LLY-TMO,3610.1101837158203,250000.0,26
2017-05-01,AES-VST,501.63965129852295,250000.0,26
2017-05-02,DXCM-WAT,5171.146127700806,250000.0,26
2017-05-02,PFE-RVTY,-291.60369300842285,250000.0,26
2017-05-02,LLY-TMO,2457.792282104492,250000.0,26
2017-05-02,AES-VST,-6092.34042263031,250000.0,26
2017-05-02,ETN-EXPD,0.0,250000.0,26
2017-05-03,DXCM-WAT,-2793.4399337768555,250000.0,26
2017-05-03,PFE-RVTY,-1288.3165588378906,250000.0,26
2017-05-03,LLY-TMO,59.04957580566406,250000.0,26
2017-05-03,ETN-EXPD,527.8461837768555,250000.0,26
2017-05-04,DXCM-WAT,-2707.8823413848877,250000.0,26
2017-05-04,PFE-RVTY,-4973.535037994385,250000.0,26
2017-05-04,LLY-TMO,592.2964019775391,250000.0,26
2017-05-04,ETN-EXPD,3264.8819732666016,250000.0,26
2017-05-04,DUK-ED,0.0,250000.0,26
2017-05-05,DXCM-WAT,-2092.636968612671,250000.0,26
2017-05-05,LLY-TMO,-1756.5730895996094,250000.0,26
2017-05-05,ETN-EXPD,952.5510330200195,250000.0,26
2017-05-08,DXCM-WAT,-4300.487051010132,250000.0,26
2017-05-08,LLY-TMO,-4060.3612670898438,250000.0,26
2017-05-08,ETN-EXPD,-2179.330825805664,250000.0,26
2017-05-08,AON-ICE,0.0,250000.0,26
2017-05-09,DXCM-WAT,-8173.653516769409,250000.0,26
2017-05-09,LLY-TMO,-6418.50749206543,250000.0,26
2017-05-09,ETN-EXPD,-3575.1794395446777,250000.0,26
2017-05-09,AON-ICE,-3418.5452156066895,250000.0,26
2017-05-10,LLY-TMO,-4241.439697265625,250000.0,26
2017-05-10,ETN-EXPD,-5267.478302001953,250000.0,26
2017-05-10,AON-ICE,-2663.188335418701,250000.0,26
2017-05-11,ETN-EXPD,-4598.168704986572,250000.0,26
2017-05-11,AON-ICE,-2741.6014251708984,250000.0,26
2017-05-12,ETN-EXPD,-4856.800323486328,250000.0,26
2017-05-12,AON-ICE,-3819.099864959717,250000.0,26
2017-05-15,ETN-EXPD,-3928.7741737365723,250000.0,26
2017-05-15,AON-ICE,-4414.462055206299,250000.0,26
2017-05-15,HPE-NTAP,0.0,250000.0,26
2017-05-16,ETN-EXPD,-5830.618263244629,250000.0,26
2017-05-16,AON-ICE,-6033.584186553955,250000.0,26
2017-05-16,HPE-NTAP,-339.46770191192627,250000.0,26
2017-05-19,ADSK-DELL,0.0,250000.0,26
2017-05-22,ADSK-DELL,4836.356157302856,250000.0,26
2017-05-23,ADSK-DELL,5360.515336990356,250000.0,26
2017-05-24,ADSK-DELL,8676.120929718018,250000.0,26
2017-05-24,BKNG-DPZ,0.0,250000.0,26
2017-05-25,ADSK-DELL,9053.139999389648,250000.0,26
2017-05-25,BKNG-DPZ,-1694.7315368652344,250000.0,26
2017-05-26,ADSK-DELL,10748.111726760864,250000.0,26
2017-05-26,BKNG-DPZ,-251.72267150878906,250000.0,26
2017-05-30,ADSK-DELL,10380.786964416504,250000.0,26
2017-05-30,BKNG-DPZ,-2448.617660522461,250000.0,26
2017-05-31,BKNG-DPZ,-4995.47248840332,250000.0,26
2017-04-04,CHTR-TTWO,0.0,250000.0,27
2017-04-05,CHTR-TTWO,-338.42176055908203,250000.0,27
2017-04-05,MDLZ-PG,0.0,250000.0,27
2017-04-06,CHTR-TTWO,-3423.1557121276855,250000.0,27
2017-04-06,MDLZ-PG,-1848.4865798950195,250000.0,27
2017-04-07,CHTR-TTWO,3385.467903137207,250000.0,27
2017-04-07,MDLZ-PG,-2506.1264877319336,250000.0,27
2017-04-10,CHTR-TTWO,2627.982955932617,250000.0,27
2017-04-10,MDLZ-PG,-2366.0364265441895,250000.0,27
2017-04-10,MDLZ-SJM,0.0,250000.0,27
2017-04-11,CHTR-TTWO,1829.6096725463867,250000.0,27
2017-04-11,MDLZ-PG,-604.7687911987305,250000.0,27
2017-04-11,MDLZ-SJM,1151.2967834472656,250000.0,27
2017-04-11,CHRW-FIX,0.0,250000.0,27
2017-04-12,CHTR-TTWO,-2390.1928901672363,250000.0,27
2017-04-12,MDLZ-PG,-61.18180465698242,250000.0,27
2017-04-12,MDLZ-SJM,1027.405517578125,250000.0,27
2017-04-12,CHRW-FIX,1519.7730712890625,250000.0,27
2017-04-12,GD-PH,0.0,250000.0,27
2017-04-13,CHTR-TTWO,-148.48760223388672,250000.0,27
2017-04-13,MDLZ-PG,87.27032852172852,250000.0,27
2017-04-13,MDLZ-SJM,446.62074279785156,250000.0,27
2017-04-13,GD-PH,-3591.081558227539,250000.0,27
2017-04-13,MDLZ-TAP,0.0,250000.0,27
2017-04-17,CHTR-TTWO,3966.6262702941895,250000.0,27
2017-04-17,MDLZ-PG,822.861011505127,250000.0,27
2017-04-17,MDLZ-SJM,1387.0775299072266,250000.0,27
2017-04-17,GD-PH,-3757.9940643310547,250000.0,27
2017-04-18,MDLZ-PG,373.9466743469238,250000.0,27
2017-04-18,MDLZ-SJM,-172.75094604492188,250000.0,27
2017-04-18,GD-PH,-1182.751953125,250000.0,27
2017-04-19,GD-PH,-3309.4175567626953,250000.0,27
2017-04-20,GD-PH,-323.4722900390625,250000.0,27
2017-04-20,ABBV-LH,0.0,250000.0,27
2017-04-21,GD-PH,-2892.5784454345703,250000.0,27
2017-04-24,GD-PH,-917.0352172851562,250000.0,27
2017-04-25,ABBV-LH,0.0,250000.0,27
2017-04-26,ABBV-LH,-111.41548919677734,250000.0,27
2017-04-26,CHRW-FIX,0.0,250000.0,27
2017-04-27,ABBV-LH,-2595.5028381347656,250000.0,27
2017-04-27,CHRW-FIX,2698.9721603393555,250000.0,27
2017-04-27,MDLZ-SYY,0.0,250000.0,27
2017-04-28,ABBV-LH,-1211.3534851074219,250000.0,27
2017-04-28,CHRW-FIX,1955.48189163208,250000.0,27
2017-05-01,ABBV-LH,-1900.0882263183594,250000.0,27
2017-05-01,CHRW-FIX,-959.8508605957031,250000.0,27
2017-05-01,MDLZ-SYY,0.0,250000.0,27
2017-05-02,ABBV-LH,-2413.3212127685547,250000.0,27
2017-05-02,CHRW-FIX,5403.198432922363,250000.0,27
2017-05-02,MDLZ-SYY,-1486.0544738769531,250000.0,27
2017-05-02,CMI-GD,0.0,250000.0,27
2017-05-02,ETN-EXPD,0.0,250000.0,27
2017-05-03,ABBV-LH,-3714.701126098633,250000.0,27
2017-05-03,CHRW-FIX,9335.712272644043,250000.0,27
2017-05-03,CMI-GD,2720.3541412353516,250000.0,27
2017-05-03,ETN-EXPD,527.8461837768555,250000.0,27
2017-05-03,CHTR-TTWO,0.0,250000.0,27
2017-05-04,ABBV-LH,-5204.157157897949,250000.0,27
2017-05-04,CHRW-FIX,5824.479202270508,250000.0,27
2017-05-04,CMI-GD,6657.275604248047,250000.0,27
2017-05-04,ETN-EXPD,3264.8819732666016,250000.0,27
2017-05-04,CHTR-TTWO,-729.5158996582031,250000.0,27
2017-05-04,DUK-ED,0.0,250000.0,27
2017-05-04,MDLZ-SYY,0.0,250000.0,27
2017-05-05,ABBV-LH,-1546.8921661376953,250000.0,27
2017-05-05,ETN-EXPD,952.5510330200195,250000.0,27
2017-05-05,CHTR-TTWO,5404.1628341674805,250000.0,27
2017-05-05,MDLZ-SYY,-4173.724250793457,250000.0,27
2017-05-08,ABBV-LH,1341.5702362060547,250000.0,27
2017-05-08,ETN-EXPD,-2179.330825805664,250000.0,27
2017-05-08,CHTR-TTWO,-4905.636085510254,250000.0,27
2017-05-08,MDLZ-SYY,-3303.9288940429688,250000.0,27
2017-05-09,ABBV-LH,1219.2753448486328,250000.0,27
2017-05-09,ETN-EXPD,-3575.1794395446777,250000.0,27
2017-05-09,CHTR-TTWO,-3274.677131652832,250000.0,27
2017-05-09,MDLZ-SYY,-4566.794082641602,250000.0,27
2017-05-10,ABBV-LH,1412.2836074829102,250000.0,27
2017-05-10,ETN-EXPD,-5267.478302001953,250000.0,27
2017-05-10,CHTR-TTWO,-17155.018547058105,250000.0,27
2017-05-10,MDLZ-SYY,-3082.7221069335938,250000.0,27
2017-05-11,ABBV-LH,3202.7840423583984,250000.0,27
2017-05-11,ETN-EXPD,-4598.168704986572,250000.0,27
2017-05-11,MDLZ-SYY,-3513.712417602539,250000.0,27
2017-05-12,ETN-EXPD,-4856.800323486328,250000.0,27
2017-05-12,MDLZ-SYY,2220.353645324707,250000.0,27
2017-05-12,C-SCHW,0.0,250000.0,27
2017-05-15,ETN-EXPD,-3928.7741737365723,250000.0,27
2017-05-16,ETN-EXPD,-5830.618263244629,250000.0,27
2017-05-17,C-SCHW,0.0,250000.0,27
2017-05-18,C-SCHW,1232.4470481872559,250000.0,27
2017-05-19,C-SCHW,-702.167594909668,250000.0,27
2017-05-19,ADSK-DELL,0.0,250000.0,27
2017-05-22,C-SCHW,1060.7344779968262,250000.0,27
2017-05-22,ADSK-DELL,4836.356157302856,250000.0,27
2017-05-23,C-SCHW,2415.659652709961,250000.0,27
2017-05-23,ADSK-DELL,5360.515336990356,250000.0,27
2017-05-24,ADSK-DELL,8676.120929718018,250000.0,27
2017-05-25,ADSK-DELL,9053.139999389648,250000.0,27
2017-05-26,ADSK-DELL,10748.111726760864,250000.0,27
2017-05-30,ADSK-DELL,10380.786964416504,250000.0,27
2017-06-09,C-SCHW,0.0,250000.0,27
2017-06-09,MDLZ-SYY,0.0,250000.0,27
2017-06-12,C-SCHW,-3718.050552368164,250000.0,27
2017-06-12,MDLZ-SYY,-1640.5706214904785,250000.0,27
2017-06-12,CHTR-TTWO,0.0,250000.0,27
2017-06-13,C-SCHW,-4330.802139282227,250000.0,27
2017-06-13,MDLZ-SYY,-776.4673004150391,250000.0,27
2017-06-13,CHTR-TTWO,-1534.1817779541016,250000.0,27
2017-06-13,DUK-ED,0.0,250000.0,27
2017-06-14,C-SCHW,-5810.457569122314,250000.0,27
2017-06-14,MDLZ-SYY,-578.8680801391602,250000.0,27
2017-06-14,DUK-ED,932.5980987548828,250000.0,27
2017-06-15,C-SCHW,-5418.50093460083,250000.0,27
2017-06-15,MDLZ-SYY,-446.0758399963379,250000.0,27
2017-06-15,DUK-ED,895.4445152282715,250000.0,27
2017-06-16,C-SCHW,-4444.075092315674,250000.0,27
2017-06-16,MDLZ-SYY,1859.571201324463,250000.0,27
2017-06-16,MDLZ-MKC,0.0,250000.0,27
2017-06-19,C-SCHW,-7049.181671142578,250000.0,27
2017-06-19,MDLZ-SYY,2536.08101272583,250000.0,27
2017-06-19,MDLZ-MKC,-464.89818572998047,250000.0,27
2017-06-20,C-SCHW,-5753.414867401123,250000.0,27
2017-06-20,MDLZ-MKC,-1088.536605834961,250000.0,27
2017-06-21,C-SCHW,-3482.431941986084,250000.0,27
2017-06-21,MDLZ-MKC,-3520.032272338867,250000.0,27
2017-06-22,C-SCHW,-2992.444347381592,250000.0,27
2017-06-22,MDLZ-MKC,-3709.3508911132812,250000.0,27
2017-06-23,C-SCHW,-3168.124897003174,250000.0,27
2017-06-23,MDLZ-MKC,-2652.6813888549805,250000.0,27
2017-06-23,MDLZ-SYY,0.0,250000.0,27
2017-06-26,MDLZ-MKC,-2210.904426574707,250000.0,27
2017-06-26,MDLZ-SYY,150.27557373046875,250000.0,27
2017-06-26,DUK-ED,0.0,250000.0,27
2017-06-27,MDLZ-MKC,-2737.0410537719727,250000.0,27
2017-06-27,MDLZ-SYY,960.9654693603516,250000.0,27
2017-06-27,DUK-ED,-244.27165603637695,250000.0,27
2017-06-28,MDLZ-MKC,-2854.04483795166,250000.0,27
2017-06-28,MDLZ-SYY,2781.9478492736816,250000.0,27
2017-06-28,DUK-ED,23.80072021484375,250000.0,27
2017-06-29,MDLZ-SYY,6920.66650390625,250000.0,27
2017-06-29,DUK-ED,679.9053573608398,250000.0,27
2017-06-30,MDLZ-SYY,8955.771965026855,250000.0,27
2017-05-02,ERIE-XYZ,0.0,250000.0,28
2017-05-03,ERIE-XYZ,6509.519989013672,250000.0,28
2017-05-04,ACGL-XYZ,0.0,250000.0,28
2017-05-04,FIS-XYZ,0.0,250000.0,28
2017-05-04,GL-XYZ,0.0,250000.0,28
2017-05-04,ED-LNT,0.0,250000.0,28
2017-05-05,ACGL-XYZ,1656.7708263397217,250000.0,28
2017-05-05,FIS-XYZ,-2111.6480255126953,250000.0,28
2017-05-05,GL-XYZ,2704.3183059692383,250000.0,28
2017-05-05,ED-LNT,1397.5791397094727,250000.0,28
2017-05-08,ACGL-XYZ,-359.009069442749,250000.0,28
2017-05-08,FIS-XYZ,2885.2928161621094,250000.0,28
2017-05-08,GL-XYZ,3373.474739074707,250000.0,28
2017-05-08,ED-LNT,1921.5025482177734,250000.0,28
2017-05-08,LH-LLY,0.0,250000.0,28
2017-05-09,ACGL-XYZ,-7804.811576843262,250000.0,28
2017-05-09,FIS-XYZ,-1592.901538848877,250000.0,28
2017-05-09,GL-XYZ,-5426.228435516357,250000.0,28
2017-05-09,ED-LNT,1686.351432800293,250000.0,28
2017-05-09,LH-LLY,728.0023498535156,250000.0,28
2017-05-10,ACGL-XYZ,-9191.276653289795,250000.0,28
2017-05-10,FIS-XYZ,-166.02155685424805,250000.0,28
2017-05-10,GL-XYZ,-6512.42809677124,250000.0,28
2017-05-10,LH-LLY,2268.5287857055664,250000.0,28
2017-05-11,ACGL-XYZ,-6923.186664581299,250000.0,28
2017-05-11,FIS-XYZ,3002.88716506958,250000.0,28
2017-05-11,GL-XYZ,-8883.170078277588,250000.0,28
2017-05-11,LH-LLY,2570.7738647460938,250000.0,28
2017-05-12,ACGL-XYZ,-12218.335542678833,250000.0,28
2017-05-12,FIS-XYZ,-5418.005805969238,250000.0,28
2017-05-12,GL-XYZ,-16922.08106994629,250000.0,28
2017-05-15,ACGL-XYZ,-11914.367485046387,250000.0,28
2017-05-15,FIS-XYZ,-5243.572025299072,250000.0,28
2017-05-15,GL-XYZ,-11278.35982131958,250000.0,28
2017-05-16,FIS-XYZ,-3525.117519378662,250000.0,28
2017-05-16,GL-XYZ,-16198.510097503662,250000.0,28
2017-05-17,FIS-XYZ,-887.999153137207,250000.0,28
2017-05-17,ROK-ROL,0.0,250000.0,28
2017-05-18,FIS-XYZ,-2703.5348777770996,250000.0,28
2017-05-18,ROK-ROL,50.95906448364258,250000.0,28
2017-05-19,ROK-ROL,1709.6240158081055,250000.0,28
2017-05-19,ADSK-DELL,0.0,250000.0,28
2017-05-22,ROK-ROL,-953.1814842224121,250000.0,28
2017-05-22,ADSK-DELL,4836.356157302856,250000.0,28
2017-05-22,ACGL-XYZ,0.0,250000.0,28
2017-05-22,LH-LLY,0.0,250000.0,28
2017-05-23,ROK-ROL,-2039.5099468231201,250000.0,28
2017-05-23,ADSK-DELL,5360.515336990356,250000.0,28
2017-05-23,ACGL-XYZ,-6306.44038772583,250000.0,28
2017-05-23,FIS-XYZ,0.0,250000.0,28
2017-05-23,AXP-BEN,0.0,250000.0,28
2017-05-24,ADSK-DELL,8676.120929718018,250000.0,28
2017-05-24,ACGL-XYZ,-7789.215368270874,250000.0,28
2017-05-24,FIS-XYZ,-104.60726928710938,250000.0,28
2017-05-24,AXP-BEN,-36.953453063964844,250000.0,28
2017-05-25,ADSK-DELL,9053.139999389648,250000.0,28
2017-05-25,AXP-BEN,1016.4759864807129,250000.0,28
2017-05-26,ADSK-DELL,10748.111726760864,250000.0,28
2017-05-26,AXP-BEN,950.2146949768066,250000.0,28
2017-05-30,ADSK-DELL,10380.786964416504,250000.0,28
2017-05-30,AXP-BEN,1632.4016761779785,250000.0,28
2017-05-31,AXP-BEN,3216.0144996643066,250000.0,28
2017-06-05,ICE-XYZ,0.0,250000.0,28
2017-06-06,GL-XYZ,0.0,250000.0,28
2017-06-07,ICE-XYZ,0.0,250000.0,28
2017-06-07,MDLZ-TAP,0.0,250000.0,28
2017-06-07,CBOE-XYZ,0.0,250000.0,28
2017-06-08,ICE-XYZ,2556.0674362182617,250000.0,28
2017-06-08,MDLZ-TAP,-7786.370063781738,250000.0,28
2017-06-08,CBOE-XYZ,4063.5711822509766,250000.0,28
2017-06-08,FIS-XYZ,0.0,250000.0,28
2017-06-08,FIS-V,0.0,250000.0,28
2017-06-09,ICE-XYZ,-18088.48504638672,250000.0,28
2017-06-09,MDLZ-TAP,-8139.146945953369,250000.0,28
2017-06-09,FIS-XYZ,8667.868545532227,250000.0,28
2017-06-09,FIS-V,1644.443000793457,250000.0,28
2017-06-12,ICE-XYZ,-18952.251823425293,250000.0,28
2017-06-12,MDLZ-TAP,-6076.096252441406,250000.0,28
2017-06-12,FIS-XYZ,7146.4017333984375,250000.0,28
2017-06-13,ICE-XYZ,-20625.985092163086,250000.0,28
2017-06-13,MDLZ-TAP,-3713.0873680114746,250000.0,28
2017-06-14,MDLZ-TAP,-5988.466175079346,250000.0,28
2017-06-15,MDLZ-TAP,-7126.154411315918,250000.0,28
2017-06-16,MDLZ-TAP,-10240.966125488281,250000.0,28
2017-06-21,LH-LLY,0.0,250000.0,28
2017-06-22,LH-LLY,-4854.244537353516,250000.0,28
2017-07-11,ICE-XYZ,0.0,250000.0,28
2017-07-12,ICE-XYZ,-2864.7233142852783,250000.0,28
2017-07-13,ICE-XYZ,9948.614938735962,250000.0,28
2017-07-14,ICE-XYZ,-7387.618515014648,250000.0,28
2017-07-17,ICE-XYZ,-3190.6577682495117,250000.0,28
2017-07-18,ICE-XYZ,-8166.329717636108,250000.0,28
2017-07-19,ICE-XYZ,-5906.124216079712,250000.0,28
2017-07-20,ICE-XYZ,-4946.981943130493,250000.0,28
2017-07-20,AXP-BEN,0.0,250000.0,28
2017-07-21,ICE-XYZ,-1735.3315238952637,250000.0,28
2017-07-21,FIS-MCO,0.0,250000.0,28
2017-07-24,ICE-XYZ,1023.5043926239014,250000.0,28
2017-07-24,FIS-MCO,-1551.8406600952148,250000.0,28
2017-07-25,ICE-XYZ,-4218.1978931427,250000.0,28
2017-07-25,FIS-MCO,-1173.6471405029297,250000.0,28
2017-07-25,FIS-MSCI,0.0,250000.0,28
2017-07-25,LH-LLY,0.0,250000.0,28
2017-07-26,FIS-MCO,580.3764038085938,250000.0,28
2017-07-26,FIS-MSCI,2373.1780014038086,250000.0,28
2017-07-26,LH-LLY,-3945.201774597168,250000.0,28
2017-07-26,EG-XYZ,0.0,250000.0,28
2017-07-27,FIS-MCO,4202.521957397461,250000.0,28
2017-07-27,LH-LLY,370.201171875,250000.0,28
2017-07-27,EG-XYZ,11268.054412841797,250000.0,28
2017-07-27,FIS-XYZ,0.0,250000.0,28
2017-07-27,CME-XYZ,0.0,250000.0,28
2017-07-28,FIS-MCO,2987.160087585449,250000.0,28
2017-07-28,LH-LLY,633.9458618164062,250000.0,28
2017-07-28,EG-XYZ,9685.475002288818,250000.0,28
2017-07-28,FIS-XYZ,5169.458307266235,250000.0,28
2017-07-28,ERIE-XYZ,0.0,250000.0,28
2017-07-28,AXP-BEN,0.0,250000.0,28
2017-07-31,FIS-MCO,5165.349822998047,250000.0,28
2017-07-31,LH-LLY,84.0732421875,250000.0,28
2017-07-31,FIS-XYZ,2239.8715896606445,250000.0,28
2017-07-31,ERIE-XYZ,5592.814817428589,250000.0,28
2017-07-31,AXP-BEN,-785.7007217407227,250000.0,28
2017-06-06,AES-VST,0.0,250000.0,29
2017-06-07,AES-VST,165.22238636016846,250000.0,29
2017-06-08,AES-VST,-398.32251739501953,250000.0,29
2017-06-08,DELL-TXN,0.0,250000.0,29
2017-06-09,AES-VST,-2977.5386600494385,250000.0,29
2017-06-09,DELL-TXN,5891.507341384888,250000.0,29
2017-06-12,AES-VST,-6441.028185844421,250000.0,29
2017-06-12,DELL-TXN,4904.683219909668,250000.0,29
2017-06-12,CDW-TEL,0.0,250000.0,29
2017-06-12,EIX-PCG,0.0,250000.0,29
2017-06-12,AEP-ED,0.0,250000.0,29
2017-06-13,AES-VST,-13530.580382347107,250000.0,29
2017-06-13,CDW-TEL,178.95338439941406,250000.0,29
2017-06-14,CDW-TEL,-218.25741577148438,250000.0,29
2017-06-15,CDW-TEL,-626.3377227783203,250000.0,29
2017-06-16,CDW-TEL,-794.25537109375,250000.0,29
2017-06-16,EMR-HII,0.0,250000.0,29
2017-06-16,LNT-XEL,0.0,250000.0,29
2017-06-16,LNT-PPL,0.0,250000.0,29
2017-06-19,CDW-TEL,2203.906509399414,250000.0,29
2017-06-19,EMR-HII,204.13594436645508,250000.0,29
2017-06-19,LNT-XEL,1576.335844039917,250000.0,29
2017-06-19,CNC-CRL,0.0,250000.0,29
2017-06-20,CDW-TEL,-865.9168548583984,250000.0,29
2017-06-20,EMR-HII,1277.925235748291,250000.0,29
2017-06-20,CNC-CRL,-3885.322685241699,250000.0,29
2017-06-21,CDW-TEL,-1671.9554748535156,250000.0,29
2017-06-21,EMR-HII,4832.733421325684,250000.0,29
2017-06-21,CNC-CRL,-2289.4399795532227,250000.0,29
2017-06-21,LH-LLY,0.0,250000.0,29
2017-06-22,CDW-TEL,-3005.4295043945312,250000.0,29
2017-06-22,EMR-HII,3257.4712715148926,250000.0,29
2017-06-22,CNC-CRL,-692.3655242919922,250000.0,29
2017-06-22,LH-LLY,-4854.244537353516,250000.0,29
2017-06-23,EMR-HII,4313.669723510742,250000.0,29
2017-06-23,CNC-CRL,1222.1836318969727,250000.0,29
2017-06-26,EMR-HII,3752.150619506836,250000.0,29
2017-06-26,CNC-CRL,-2163.5912704467773,250000.0,29
2017-06-27,EMR-HII,5356.810569763184,250000.0,29
2017-06-27,CNC-CRL,-2170.3070755004883,250000.0,29
2017-06-27,AAPL-SWKS,0.0,250000.0,29
2017-06-28,EMR-HII,5052.016788482666,250000.0,29
2017-06-28,CNC-CRL,-5005.097503662109,250000.0,29
2017-06-28,AAPL-SWKS,-1738.1613159179688,250000.0,29
2017-06-29,EMR-HII,3518.2664222717285,250000.0,29
2017-06-29,AAPL-SWKS,-4346.544403076172,250000.0,29
2017-06-29,COF-TFC,0.0,250000.0,29
2017-06-30,EMR-HII,2334.0415992736816,250000.0,29
2017-06-30,AAPL-SWKS,-5294.56916809082,250000.0,29
2017-06-30,COF-TFC,3681.284637451172,250000.0,29
2017-07-03,AAPL-SWKS,-6105.932075500488,250000.0,29
2017-07-03,COF-TFC,1902.7765007019043,250000.0,29
2017-07-05,AAPL-SWKS,-1359.630729675293,250000.0,29
2017-07-05,COF-TFC,-140.0001621246338,250000.0,29
2017-07-05,EMR-HII,0.0,250000.0,29
2017-07-06,AAPL-SWKS,1257.141227722168,250000.0,29
2017-07-06,COF-TFC,1877.1500453948975,250000.0,29
2017-07-06,EMR-HII,1741.1259994506836,250000.0,29
2017-07-06,BEN-CME,0.0,250000.0,29
2017-07-07,AAPL-SWKS,4053.4269104003906,250000.0,29
2017-07-07,COF-TFC,3082.695966720581,250000.0,29
2017-07-07,EMR-HII,430.78490447998047,250000.0,29
2017-07-07,BEN-CME,133.69569778442383,250000.0,29
2017-07-10,AAPL-SWKS,3683.667060852051,250000.0,29
2017-07-10,COF-TFC,2728.9029426574707,250000.0,29
2017-07-10,EMR-HII,551.0922927856445,250000.0,29
2017-07-10,BEN-CME,-1842.2243614196777,250000.0,29
2017-07-11,AAPL-SWKS,4745.677963256836,250000.0,29
2017-07-11,COF-TFC,293.860631942749,250000.0,29
2017-07-11,BEN-CME,-3154.3431243896484,250000.0,29
2017-07-12,COF-TFC,2627.4587230682373,250000.0,29
2017-07-12,AEP-ED,0.0,250000.0,29
2017-07-13,COF-TFC,2791.6513290405273,250000.0,29
2017-07-13,AEP-ED,-234.00629806518555,250000.0,29
2017-07-20,AAPL-SWKS,0.0,250000.0,29
2017-07-21,AAPL-SWKS,303.02575302124023,250000.0,29
2017-07-25,LH-LLY,0.0,250000.0,29
2017-07-26,LH-LLY,-3945.201774597168,250000.0,29
2017-07-26,CMI-GD,0.0,250000.0,29
2017-07-26,CDW-TEL,0.0,250000.0,29
2017-07-27,LH-LLY,370.201171875,250000.0,29
2017-07-27,CMI-GD,-858.5993041992188,250000.0,29
2017-07-27,CDW-TEL,1682.4292831420898,250000.0,29
2017-07-27,AEP-ED,0.0,250000.0,29
2017-07-28,LH-LLY,633.9458618164062,250000.0,29
2017-07-28,CMI-GD,2933.7176513671875,250000.0,29
2017-07-28,AEP-ED,1130.0257682800293,250000.0,29
2017-07-31,LH-LLY,84.0732421875,250000.0,29
2017-07-31,CMI-GD,171.96176147460938,250000.0,29
2017-07-31,AEP-ED,2195.261821746826,250000.0,29
2017-08-01,LH-LLY,-1850.9399871826172,250000.0,29
2017-08-01,AEP-ED,1545.1546478271484,250000.0,29
2017-08-02,LH-LLY,-3109.163803100586,250000.0,29
2017-08-02,AEP-ED,317.0114326477051,250000.0,29
2017-08-02,COR-RMD,0.0,250000.0,29
2017-08-02,AAPL-SWKS,0.0,250000.0,29
2017-08-03,LH-LLY,-3257.020332336426,250000.0,29
2017-08-03,AEP-ED,629.0339851379395,250000.0,29
2017-08-03,AAPL-SWKS,-4256.495807647705,250000.0,29
2017-08-04,LH-LLY,-803.7316741943359,250000.0,29
2017-08-04,AEP-ED,799.2543601989746,250000.0,29
2017-08-04,AAPL-SWKS,-2740.6440963745117,250000.0,29
2017-08-07,LH-LLY,-1234.5945892333984,250000.0,29
2017-08-07,AEP-ED,1104.806137084961,250000.0,29
2017-08-07,AAPL-SWKS,-1238.1260070800781,250000.0,29
2017-08-08,LH-LLY,-1008.7736053466797,250000.0,29
2017-08-08,AEP-ED,826.1023902893066,250000.0,29
2017-08-08,AAPL-SWKS,-2354.673629760742,250000.0,29
2017-08-08,AES-VST,0.0,250000.0,29
2017-08-09,LH-LLY,598.4977722167969,250000.0,29
2017-08-09,AEP-ED,-200.03728866577148,250000.0,29
2017-08-09,AAPL-SWKS,-3618.5507049560547,250000.0,29
2017-08-09,AES-VST,2785.6138191223145,250000.0,29
2017-08-10,AEP-ED,-485.66070556640625,250000.0,29
2017-08-10,AAPL-SWKS,-4417.327880859375,250000.0,29
2017-08-10,AES-VST,2763.1523666381836,250000.0,29
2017-08-11,AEP-ED,55.245704650878906,250000.0,29
2017-08-11,AAPL-SWKS,-3472.7959632873535,250000.0,29
2017-08-11,AES-VST,1949.9817066192627,250000.0,29
2017-08-14,AAPL-SWKS,-1100.320426940918,250000.0,29
2017-08-14,AES-VST,-602.3385124206543,250000.0,29
2017-08-14,EIX-PCG,0.0,250000.0,29
2017-08-15,AAPL-SWKS,-2616.5490951538086,250000.0,29
2017-08-15,AES-VST,-2412.912700653076,250000.0,29
2017-08-16,AAPL-SWKS,-1446.8711242675781,250000.0,29
2017-08-16,AES-VST,-5234.654278755188,250000.0,29
2017-08-16,EMR-HII,0.0,250000.0,29
2017-08-17,AES-VST,3979.14914226532,250000.0,29
2017-08-17,EMR-HII,782.0608596801758,250000.0,29
2017-08-17,LH-LLY,0.0,250000.0,29
2017-08-18,AES-VST,-2609.2227244377136,250000.0,29
2017-08-18,EMR-HII,-2021.1877059936523,250000.0,29
2017-08-18,LH-LLY,-2057.0479888916016,250000.0,29
2017-08-21,AES-VST,-5634.782081604004,250000.0,29
2017-08-21,LH-LLY,-985.5879287719727,250000.0,29
2017-08-22,AES-VST,-6886.079626083374,250000.0,29
2017-08-22,LH-LLY,1104.970687866211,250000.0,29
2017-08-22,LNT-XEL,0.0,250000.0,29
2017-08-23,LH-LLY,1524.0726013183594,250000.0,29
2017-08-23,LNT-XEL,-777.558837890625,250000.0,29
2017-08-23,LNT-PPL,0.0,250000.0,29
2017-08-24,LH-LLY,3468.0107650756836,250000.0,29
2017-08-24,LNT-XEL,154.60324096679688,250000.0,29
2017-08-24,LNT-PPL,-366.91308975219727,250000.0,29
2017-08-25,LH-LLY,3087.70263671875,250000.0,29
2017-08-25,LNT-XEL,187.33206176757812,250000.0,29
2017-08-25,LNT-PPL,-903.2028179168701,250000.0,29
2017-08-28,LH-LLY,3936.5081481933594,250000.0,29
2017-08-28,LNT-XEL,-395.02757263183594,250000.0,29
2017-08-28,LNT-PPL,167.05234336853027,250000.0,29
2017-08-28,CMI-GD,0.0,250000.0,29
2017-08-29,LH-LLY,3155.6839447021484,250000.0,29
2017-08-29,LNT-XEL,-460.67576599121094,250000.0,29
2017-08-30,LNT-XEL,1436.288833618164,250000.0,29
2017-08-31,LNT-XEL,1744.8987274169922,250000.0,29
2017-08-31,COR-RMD,0.0,250000.0,29
2017-08-31,BEN-CME,0.0,250000.0,29
2017-07-03,GRMN-HLT,0.0,250000.0,30
2017-07-05,GRMN-HLT,-1460.288200378418,250000.0,30
2017-07-05,GRMN-ULTA,0.0,250000.0,30
2017-07-06,GRMN-HLT,6709.392791748047,250000.0,30
2017-07-06,GRMN-ULTA,51.74171447753906,250000.0,30
2017-07-07,GRMN-HLT,7751.91784286499,250000.0,30
2017-07-07,GRMN-ULTA,2476.2143325805664,250000.0,30
2017-07-07,ATO-PPL,0.0,250000.0,30
2017-07-10,GRMN-ULTA,-440.99143981933594,250000.0,30
2017-07-10,ATO-PPL,96.23991966247559,250000.0,30
2017-07-11,ATO-PPL,1825.0345077514648,250000.0,30
2017-07-12,ATO-PPL,-1987.4592666625977,250000.0,30
2017-07-13,ATO-PPL,-2757.978370666504,250000.0,30
2017-07-20,GRMN-HD,0.0,250000.0,30
2017-07-21,GRMN-HD,-1715.5839157104492,250000.0,30
2017-07-24,GRMN-HD,-5605.377689361572,250000.0,30
2017-07-25,GRMN-HD,-5161.856575012207,250000.0,30
2017-07-26,GRMN-HD,-4362.581630706787,250000.0,30
2017-07-26,CMI-GD,0.0,250000.0,30
2017-07-27,GRMN-HD,-1072.4060974121094,250000.0,30
2017-07-27,CMI-GD,-858.5993041992188,250000.0,30
2017-07-28,GRMN-HD,1826.5061645507812,250000.0,30
2017-07-28,CMI-GD,2933.7176513671875,250000.0,30
2017-07-28,FIX-WM,0.0,250000.0,30
2017-07-31,CMI-GD,171.96176147460938,250000.0,30
2017-07-31,FIX-WM,-2559.4271354675293,250000.0,30
2017-08-01,FIX-WM,-2175.6377754211426,250000.0,30
2017-08-01,GRMN-NCLH,0.0,250000.0,30
2017-08-02,FIX-WM,-3665.7398109436035,250000.0,30
2017-08-02,COR-RMD,0.0,250000.0,30
2017-08-08,GRMN-NCLH,0.0,250000.0,30
2017-08-14,EIX-PCG,0.0,250000.0,30
2017-08-18,GRMN-LEN,0.0,250000.0,30
2017-08-21,GRMN-LEN,1281.3225021362305,250000.0,30
2017-08-22,GRMN-LEN,-242.2040023803711,250000.0,30
2017-08-23,GRMN-LEN,-2190.292636871338,250000.0,30
2017-08-24,GRMN-LEN,-4245.235485076904,250000.0,30
2017-08-25,GRMN-LEN,-2540.592575073242,250000.0,30
2017-08-28,GRMN-LEN,-5427.742294311523,250000.0,30
2017-08-28,CMI-GD,0.0,250000.0,30
2017-08-30,GRMN-HLT,0.0,250000.0,30
2017-08-31,GRMN-HLT,-1107.6651763916016,250000.0,30
2017-08-31,COR-RMD,0.0,250000.0,30
2017-09-01,GRMN-HLT,-630.9748077392578,250000.0,30
2017-09-01,COR-RMD,-40.44877624511719,250000.0,30
2017-09-05,GRMN-HLT,1543.295265197754,250000.0,30
2017-09-06,GRMN-HLT,4291.861278533936,250000.0,30
2017-09-07,GRMN-HLT,2739.853958129883,250000.0,30
2017-09-07,GRMN-NCLH,0.0,250000.0,30
2017-09-08,GRMN-HLT,-723.7644424438477,250000.0,30
2017-09-08,GRMN-NCLH,-4066.6992378234863,250000.0,30
2017-09-11,GRMN-HLT,-4382.642532348633,250000.0,30
2017-09-11,GRMN-NCLH,3056.9747734069824,250000.0,30
2017-09-12,GRMN-HLT,-5499.607761383057,250000.0,30
2017-09-12,EIX-PCG,0.0,250000.0,30
2017-09-13,GRMN-HLT,-2989.4248580932617,250000.0,30
2017-09-15,GRMN-YUM,0.0,250000.0,30
2017-09-18,GRMN-YUM,1499.247947692871,250000.0,30
2017-09-19,GRMN-YUM,3252.31729888916,250000.0,30
2017-09-20,GRMN-YUM,4586.207443237305,250000.0,30
2017-09-21,GRMN-YUM,5470.892135620117,250000.0,30
2017-09-22,GRMN-YUM,2593.872688293457,250000.0,30
2017-09-26,GRMN-MCD,0.0,250000.0,30
2017-09-26,GRMN-YUM,0.0,250000.0,30
2017-09-27,GRMN-MCD,164.4968719482422,250000.0,30
2017-09-27,GRMN-YUM,-2134.0886039733887,250000.0,30
2017-09-28,GRMN-MCD,5743.794296264648,250000.0,30
2017-09-28,GRMN-YUM,-803.5537986755371,250000.0,30
2017-09-29,GRMN-MCD,4618.859596252441,250000.0,30
2017-09-29,GRMN-YUM,-206.5267448425293,250000.0,30
2017-08-01,ETN-FTV,0.0,250000.0,31
2017-08-02,ETN-FTV,-3026.1764183044434,250000.0,31
2017-08-02,CB-FISV,0.0,250000.0,31
2017-08-02,MRK-RMD,0.0,250000.0,31
2017-08-02,COR-RMD,0.0,250000.0,31
2017-08-02,BMY-DXCM,0.0,250000.0,31
2017-08-03,ETN-FTV,-5226.0154457092285,250000.0,31
2017-08-03,CB-FISV,-1395.2758255004883,250000.0,31
2017-08-03,MRK-RMD,2881.5414276123047,250000.0,31
2017-08-04,ETN-FTV,-5349.447937011719,250000.0,31
2017-08-04,CB-FISV,-3087.1576385498047,250000.0,31
2017-08-07,ETN-FTV,-6909.091739654541,250000.0,31
2017-08-07,CB-FISV,-351.0962219238281,250000.0,31
2017-08-08,ETN-FTV,-8292.016376495361,250000.0,31
2017-08-08,CB-FISV,-228.28945922851562,250000.0,31
2017-08-09,ETN-FTV,-7528.5093994140625,250000.0,31
2017-08-09,CB-FISV,-1894.5058898925781,250000.0,31
2017-08-09,GDDY-TRMB,0.0,250000.0,31
2017-08-10,ETN-FTV,-6356.9251136779785,250000.0,31
2017-08-10,CB-FISV,-2117.889659881592,250000.0,31
2017-08-11,ETN-FTV,-7055.864055633545,250000.0,31
2017-08-11,CB-FISV,1363.7964630126953,250000.0,31
2017-08-14,ETN-FTV,-7014.980499267578,250000.0,31
2017-08-14,CB-FISV,2393.8355865478516,250000.0,31
2017-08-14,INVH-REG,0.0,250000.0,31
2017-08-15,CB-FISV,2867.364486694336,250000.0,31
2017-08-16,CB-FISV,3056.0445556640625,250000.0,31
2017-08-31,MRK-RMD,0.0,250000.0,31
2017-08-31,COR-RMD,0.0,250000.0,31
2017-09-01,MRK-RMD,-87.73284912109375,250000.0,31
2017-09-01,COR-RMD,-40.44877624511719,250000.0,31
2017-09-05,MRK-RMD,2712.8824920654297,250000.0,31
2017-09-06,MRK-RMD,1.824859619140625,250000.0,31
2017-09-07,MRK-RMD,-3142.698013305664,250000.0,31
2017-09-14,MRVL-PTC,0.0,250000.0,31
2017-09-15,MRVL-PTC,-2718.506393432617,250000.0,31
2017-09-18,MRVL-PTC,-1969.6940002441406,250000.0,31
2017-09-19,MRVL-PTC,2151.2926330566406,250000.0,31
2017-09-19,INVH-SBAC,0.0,250000.0,31
2017-09-20,INVH-SBAC,7509.7838706970215,250000.0,31
2017-09-21,INVH-SBAC,4467.6484088897705,250000.0,31
2017-09-22,INVH-SBAC,5411.599443435669,250000.0,31
2017-09-25,INVH-SBAC,-792.4616146087646,250000.0,31
2017-09-26,INVH-SBAC,1321.6969470977783,250000.0,31
2017-09-27,INVH-SBAC,-104.42899131774902,250000.0,31
2017-09-28,INVH-SBAC,4003.03959274292,250000.0,31
2017-09-28,BMY-DXCM,0.0,250000.0,31
2017-09-29,INVH-SBAC,1855.1043548583984,250000.0,31
2017-10-02,INVH-SBAC,-4263.153886795044,250000.0,31
2017-10-03,INVH-SBAC,1614.4186058044434,250000.0,31
2017-10-04,INVH-SBAC,5241.864892959595,250000.0,31
2017-10-05,INVH-SBAC,5740.205207824707,250000.0,31
2017-10-05,MRVL-PTC,0.0,250000.0,31
2017-10-06,MRVL-PTC,-2887.902946472168,250000.0,31
2017-10-09,MRVL-PTC,-3058.0778045654297,250000.0,31
2017-10-10,MRVL-PTC,-4560.362354278564,250000.0,31
2017-10-17,AEP-LNT,0.0,250000.0,31
2017-10-18,AEP-LNT,-302.3494987487793,250000.0,31
2017-10-19,AEP-LNT,-212.02126693725586,250000.0,31
2017-10-20,AEP-LNT,184.32323455810547,250000.0,31
2017-10-23,AEP-LNT,555.1591873168945,250000.0,31
2017-10-24,INVH-PSA,0.0,250000.0,31
2017-10-25,INVH-PSA,-433.2181453704834,250000.0,31
2017-10-26,MRVL-PTC,0.0,250000.0,31
2017-10-27,MRVL-PTC,-6595.947883605957,250000.0,31
2017-10-27,CB-FISV,0.0,250000.0,31
2017-10-27,MRK-RMD,0.0,250000.0,31
2017-10-30,MRVL-PTC,-6636.379753112793,250000.0,31
2017-10-30,CB-FISV,1468.9066772460938,250000.0,31
2017-10-30,MRK-RMD,-7998.95597076416,250000.0,31
2017-10-31,MRVL-PTC,-6518.368854522705,250000.0,31
2017-10-31,CB-FISV,511.98101806640625,250000.0,31
2017-10-31,INVH-SBAC,0.0,250000.0,31
2017-09-07,ECHO-TTD,0.0,250000.0,32
2017-09-08,ECHO-TTD,260.3524532318115,250000.0,32
2017-09-08,NXPI-ROP,0.0,250000.0,32
2017-09-11,ECHO-TTD,-18019.03722190857,250000.0,32
2017-09-11,NXPI-ROP,-2166.106460571289,250000.0,32
2017-09-12,ECHO-TTD,-20329.317419052124,250000.0,32
2017-09-12,NXPI-ROP,-2351.5623474121094,250000.0,32
2017-09-13,NXPI-ROP,-704.3606796264648,250000.0,32
2017-09-13,ABT-BDX,0.0,250000.0,32
2017-09-13,CNC-CRL,0.0,250000.0,32
2017-09-14,NXPI-ROP,-1990.4893188476562,250000.0,32
2017-09-14,ABT-BDX,2169.714385986328,250000.0,32
2017-09-14,CNC-CRL,2605.6905059814453,250000.0,32
2017-09-15,NXPI-ROP,-2737.6346130371094,250000.0,32
2017-09-15,ABT-BDX,-912.2325897216797,250000.0,32
2017-09-15,CNC-CRL,1785.9757766723633,250000.0,32
2017-09-18,NXPI-ROP,-2454.617805480957,250000.0,32
2017-09-18,ABT-BDX,-1522.452392578125,250000.0,32
2017-09-18,CNC-CRL,8138.069412231445,250000.0,32
2017-09-19,NXPI-ROP,-3419.2289962768555,250000.0,32
2017-09-19,ABT-BDX,-2844.538398742676,250000.0,32
2017-09-20,ABT-BDX,-3003.396858215332,250000.0,32
2017-09-21,ABT-BDX,-4734.982864379883,250000.0,32
2017-09-22,DUK-SRE,0.0,250000.0,32
2017-09-25,DUK-SRE,964.8602600097656,250000.0,32
2017-09-26,DUK-SRE,1226.162124633789,250000.0,32
2017-09-27,DUK-SRE,2062.8597564697266,250000.0,32
2017-09-27,AES-VST,0.0,250000.0,32
2017-09-28,AES-VST,1414.865783214569,250000.0,32
2017-09-29,AES-VST,1775.825228691101,250000.0,32
2017-10-02,AES-VST,-2076.6256909370422,250000.0,32
2017-10-03,AES-VST,-3569.5684423446655,250000.0,32
2017-10-05,AES-VST,0.0,250000.0,32
2017-10-05,DUK-SRE,0.0,250000.0,32
2017-10-06,DUK-SRE,-1265.2600326538086,250000.0,32
2017-10-09,DUK-SRE,-318.22492599487305,250000.0,32
2017-10-10,DUK-SRE,-758.6178703308105,250000.0,32
2017-10-11,DUK-SRE,-138.30988311767578,250000.0,32
2017-10-12,DUK-SRE,300.0536422729492,250000.0,32
2017-10-13,DUK-SRE,-1561.9567604064941,250000.0,32
2017-10-16,DUK-SRE,-3554.2182388305664,250000.0,32
2017-10-17,DUK-SRE,-5695.639198303223,250000.0,32
2017-10-17,AEP-LNT,0.0,250000.0,32
2017-10-18,AEP-LNT,-302.3494987487793,250000.0,32
2017-10-19,AEP-LNT,-212.02126693725586,250000.0,32
2017-10-19,FLEX-PTC,0.0,250000.0,32
2017-10-20,AEP-LNT,184.32323455810547,250000.0,32
2017-10-23,AEP-LNT,555.1591873168945,250000.0,32
2017-10-24,AOS-MMM,0.0,250000.0,32
2017-10-26,FLEX-PTC,0.0,250000.0,32
2017-10-27,FLEX-PTC,1767.4244604110718,250000.0,32
2017-10-30,FLEX-PTC,1204.1231470108032,250000.0,32
2017-10-31,FLEX-PTC,-854.0260925292969,250000.0,32
2017-11-01,FLEX-PTC,4699.342206954956,250000.0,32
2017-11-01,ESS-UDR,0.0,250000.0,32
2017-11-02,FLEX-PTC,1824.043454170227,250000.0,32
2017-11-02,ESS-UDR,739.7618293762207,250000.0,32
2017-11-02,ABT-BDX,0.0,250000.0,32
2017-11-03,FLEX-PTC,6212.426394462585,250000.0,32
2017-11-03,ESS-UDR,-1345.8153762817383,250000.0,32
2017-11-03,ABT-BDX,729.499568939209,250000.0,32
2017-11-03,NXPI-ROP,0.0,250000.0,32
2017-11-06,FLEX-PTC,11387.527883529663,250000.0,32
2017-11-06,ABT-BDX,2707.5617332458496,250000.0,32
2017-11-07,FLEX-PTC,10005.612933158875,250000.0,32
2017-11-07,ABT-BDX,3903.687774658203,250000.0,32
2017-11-08,FLEX-PTC,12094.210083007812,250000.0,32
2017-11-08,ABT-BDX,3820.5706901550293,250000.0,32
2017-11-09,ABT-BDX,630.3161926269531,250000.0,32
2017-11-09,CNC-CRL,0.0,250000.0,32
2017-11-10,ABT-BDX,5797.988506317139,250000.0,32
2017-11-10,CNC-CRL,-2615.69282913208,250000.0,32
2017-11-13,ABT-BDX,5468.514934539795,250000.0,32
2017-11-13,CNC-CRL,-4508.459403991699,250000.0,32
2017-11-13,DPZ-HAS,0.0,250000.0,32
2017-11-14,ABT-BDX,4648.465969085693,250000.0,32
2017-11-14,CNC-CRL,-4163.775741577148,250000.0,32
2017-11-14,DPZ-HAS,5029.259872436523,250000.0,32
2017-11-15,ABT-BDX,5974.776794433594,250000.0,32
2017-11-15,CNC-CRL,-3502.516330718994,250000.0,32
2017-11-15,DPZ-HAS,8311.879859924316,250000.0,32
2017-11-16,ABT-BDX,4027.0437393188477,250000.0,32
2017-11-16,CNC-CRL,-8951.371032714844,250000.0,32
2017-11-16,DPZ-HAS,7186.899208068848,250000.0,32
2017-11-17,ABT-BDX,5397.899085998535,250000.0,32
2017-11-17,CNC-CRL,-7462.169059753418,250000.0,32
2017-11-17,DPZ-HAS,8484.828308105469,250000.0,32
2017-11-17,APH-CTSH,0.0,250000.0,32
2017-11-20,ABT-BDX,3784.7975006103516,250000.0,32
2017-11-20,CNC-CRL,-4308.441101074219,250000.0,32
2017-11-20,DPZ-HAS,9781.881996154785,250000.0,32
2017-11-20,APH-CTSH,-3973.507987976074,250000.0,32
2017-11-21,CNC-CRL,-2367.474266052246,250000.0,32
2017-11-21,DPZ-HAS,8744.893798828125,250000.0,32
2017-11-21,AOS-MMM,0.0,250000.0,32
2017-11-21,FLEX-PTC,0.0,250000.0,32
2017-11-22,CNC-CRL,-9084.305213928223,250000.0,32
2017-11-22,DPZ-HAS,8440.884048461914,250000.0,32
2017-11-22,FLEX-PTC,3320.5253295898438,250000.0,32
2017-11-24,FLEX-PTC,810.232666015625,250000.0,32
2017-11-29,DPZ-HAS,0.0,250000.0,32
2017-11-29,FIX-UNP,0.0,250000.0,32
2017-11-30,DPZ-HAS,-2464.0449829101562,250000.0,32
2017-10-03,CTSH-TRMB,0.0,250000.0,33
2017-10-04,CTSH-TRMB,511.63708114624023,250000.0,33
2017-10-04,AES-VST,0.0,250000.0,33
2017-10-05,CTSH-TRMB,2558.0211868286133,250000.0,33
2017-10-05,AES-VST,-2664.2920837402344,250000.0,33
2017-10-06,AES-VST,3244.0509552955627,250000.0,33
2017-10-09,AES-VST,1240.1110768318176,250000.0,33
2017-10-10,AES-VST,2049.828221321106,250000.0,33
2017-10-11,AES-VST,-901.4570617675781,250000.0,33
2017-10-11,AES-EVRG,0.0,250000.0,33
2017-10-11,DD-SW,0.0,250000.0,33
2017-10-12,AES-VST,-1050.8116369247437,250000.0,33
2017-10-12,AES-EVRG,-1468.6297369003296,250000.0,33
2017-10-12,DD-SW,700.0925445556641,250000.0,33
2017-10-13,AES-EVRG,-78.86290264129639,250000.0,33
2017-10-13,DD-SW,604.6527099609375,250000.0,33
2017-10-16,AES-EVRG,-191.95724487304688,250000.0,33
2017-10-16,DD-SW,2195.863723754883,250000.0,33
2017-10-17,AES-EVRG,-3194.229339122772,250000.0,33
2017-10-17,DD-SW,2354.989700317383,250000.0,33
2017-10-18,AES-EVRG,-3814.5243821144104,250000.0,33
2017-10-18,DD-SW,2673.241653442383,250000.0,33
2017-10-19,AES-EVRG,-3856.3689918518066,250000.0,33
2017-10-19,DD-SW,2323.154754638672,250000.0,33
2017-10-19,FLEX-PTC,0.0,250000.0,33
2017-10-20,AES-EVRG,-5877.918241977692,250000.0,33
2017-10-20,DD-SW,1400.2825927734375,250000.0,33
2017-10-20,ITW-MAS,0.0,250000.0,33
2017-10-23,AES-EVRG,-5398.063353061676,250000.0,33
2017-10-23,DD-SW,222.7796173095703,250000.0,33
2017-10-23,ITW-MAS,293.7031135559082,250000.0,33
2017-10-24,DD-SW,-763.7624359130859,250000.0,33
2017-10-24,ITW-MAS,-1658.301902770996,250000.0,33
2017-10-24,LNT-XEL,0.0,250000.0,33
2017-10-25,DD-SW,1686.6670989990234,250000.0,33
2017-10-25,LNT-XEL,-742.7613220214844,250000.0,33
2017-10-26,DD-SW,937.7722339630127,250000.0,33
2017-10-26,LNT-XEL,1573.2099685668945,250000.0,33
2017-10-26,CB-JKHY,0.0,250000.0,33
2017-10-26,FLEX-PTC,0.0,250000.0,33
2017-10-27,DD-SW,2560.736940383911,250000.0,33
2017-10-27,CB-JKHY,-5220.217041015625,250000.0,33
2017-10-27,FLEX-PTC,1767.4244604110718,250000.0,33
2017-10-27,DECK-LVS,0.0,250000.0,33
2017-10-27,CTSH-TRMB,0.0,250000.0,33
2017-10-27,CVS-MDT,0.0,250000.0,33
2017-10-30,DD-SW,6240.926263809204,250000.0,33
2017-10-30,CB-JKHY,-5341.638275146484,250000.0,33
2017-10-30,FLEX-PTC,1204.1231470108032,250000.0,33
2017-10-30,DECK-LVS,1645.473476409912,250000.0,33
2017-10-30,CVS-MDT,1899.660629272461,250000.0,33
2017-10-31,DD-SW,4235.942209243774,250000.0,33
2017-10-31,FLEX-PTC,-854.0260925292969,250000.0,33
2017-10-31,CVS-MDT,1999.5689697265625,250000.0,33
2017-11-01,DD-SW,7625.185628890991,250000.0,33
2017-11-01,FLEX-PTC,4699.342206954956,250000.0,33
2017-11-01,CVS-MDT,3052.3404693603516,250000.0,33
2017-11-01,ESS-UDR,0.0,250000.0,33
2017-11-02,DD-SW,11698.69362449646,250000.0,33
2017-11-02,FLEX-PTC,1824.043454170227,250000.0,33
2017-11-02,ESS-UDR,739.7618293762207,250000.0,33
2017-11-03,DD-SW,14499.161306381226,250000.0,33
2017-11-03,FLEX-PTC,6212.426394462585,250000.0,33
2017-11-03,ESS-UDR,-1345.8153762817383,250000.0,33
2017-11-06,DD-SW,17427.03377342224,250000.0,33
2017-11-06,FLEX-PTC,11387.527883529663,250000.0,33
2017-11-07,DD-SW,14562.847448348999,250000.0,33
2017-11-07,FLEX-PTC,10005.612933158875,250000.0,33
2017-11-08,DD-SW,15612.99439048767,250000.0,33
2017-11-08,FLEX-PTC,12094.210083007812,250000.0,33
2017-11-09,DD-SW,17458.819967269897,250000.0,33
2017-11-09,AES-VST,0.0,250000.0,33
2017-11-10,DD-SW,18286.28479576111,250000.0,33
2017-11-10,AES-VST,3856.1825556755066,250000.0,33
2017-11-13,DD-SW,16726.811223983765,250000.0,33
2017-11-13,AES-VST,11692.951539516449,250000.0,33
2017-11-17,DD-SW,0.0,250000.0,33
2017-11-17,CTSH-TRMB,0.0,250000.0,33
2017-11-20,DD-SW,-145.23028564453125,250000.0,33
2017-11-20,CTSH-TRMB,-6366.835098266602,250000.0,33
2017-11-21,DD-SW,-686.6181564331055,250000.0,33
2017-11-21,CVS-MDT,0.0,250000.0,33
2017-11-21,FLEX-PTC,0.0,250000.0,33
2017-11-22,DD-SW,184.8775634765625,250000.0,33
2017-11-22,CVS-MDT,954.4818725585938,250000.0,33
2017-11-22,FLEX-PTC,3320.5253295898438,250000.0,33
2017-11-24,DD-SW,-554.5522155761719,250000.0,33
2017-11-24,CVS-MDT,-2411.20751953125,250000.0,33
2017-11-24,FLEX-PTC,810.232666015625,250000.0,33
2017-11-27,CVS-MDT,3053.555206298828,250000.0,33
2017-11-28,CVS-MDT,1396.9798278808594,250000.0,33
2017-11-28,ERIE-PFG,0.0,250000.0,33
2017-11-29,CVS-MDT,2917.4478149414062,250000.0,33
2017-11-29,ITW-MAS,0.0,250000.0,33
2017-11-29,MPWR-ROP,0.0,250000.0,33
2017-11-30,CVS-MDT,4969.603515625,250000.0,33
2017-11-30,ITW-MAS,-2722.0514068603516,250000.0,33
2017-11-30,MPWR-ROP,-3045.7312393188477,250000.0,33
2017-11-30,AMP-AXP,0.0,250000.0,33
2017-12-01,ITW-MAS,-3548.627471923828,250000.0,33
2017-12-01,MPWR-ROP,1666.634864807129,250000.0,33
2017-12-01,AMP-AXP,-1225.5204772949219,250000.0,33
2017-12-04,ITW-MAS,-7300.644088745117,250000.0,33
2017-12-04,MPWR-ROP,-6183.136787414551,250000.0,33
2017-12-04,AMP-AXP,319.2209167480469,250000.0,33
2017-12-05,ITW-MAS,-6291.724269866943,250000.0,33
2017-12-05,MPWR-ROP,-2639.0478134155273,250000.0,33
2017-12-05,AMP-AXP,-1306.029281616211,250000.0,33
2017-12-05,AES-VST,0.0,250000.0,33
2017-12-06,ITW-MAS,-400.7058639526367,250000.0,33
2017-12-06,MPWR-ROP,-3315.769691467285,250000.0,33
2017-12-06,AMP-AXP,427.00537109375,250000.0,33
2017-12-06,AES-VST,-1718.0600695610046,250000.0,33
2017-12-07,ITW-MAS,-1210.751796722412,250000.0,33
2017-12-07,MPWR-ROP,-4789.277000427246,250000.0,33
2017-12-07,AMP-AXP,2615.522674560547,250000.0,33
2017-12-07,AES-VST,-1014.5417976379395,250000.0,33
2017-12-08,ITW-MAS,-3649.498748779297,250000.0,33
2017-12-08,MPWR-ROP,-3124.0013122558594,250000.0,33
2017-12-08,AES-VST,64.35050582885742,250000.0,33
2017-12-11,ITW-MAS,-2953.3793716430664,250000.0,33
2017-12-11,MPWR-ROP,2057.1574783325195,250000.0,33
2017-12-11,AES-VST,7383.667951583862,250000.0,33
2017-12-12,ITW-MAS,-2442.713466644287,250000.0,33
2017-12-12,MPWR-ROP,1817.143669128418,250000.0,33
2017-12-12,AES-VST,3649.4811487197876,250000.0,33
2017-12-13,ITW-MAS,-1476.1720275878906,250000.0,33
2017-12-13,MPWR-ROP,-147.69359588623047,250000.0,33
2017-12-13,AES-VST,-6639.471479415894,250000.0,33
2017-12-14,MPWR-ROP,1780.5768203735352,250000.0,33
2017-12-14,AES-VST,-10040.35603094101,250000.0,33
2017-12-15,MPWR-ROP,4071.7981719970703,250000.0,33
2017-12-15,AES-VST,-5205.1715297698975,250000.0,33
2017-12-18,AES-VST,4931.5597314834595,250000.0,33
2017-12-18,DD-SW,0.0,250000.0,33
2017-12-19,AES-VST,1080.5262508392334,250000.0,33
2017-12-19,DD-SW,-40.23786926269531,250000.0,33
2017-12-20,AES-VST,1739.9828395843506,250000.0,33
2017-12-20,DD-SW,160.9923553466797,250000.0,33
2017-12-20,LNT-XEL,0.0,250000.0,33
2017-12-21,AES-VST,2646.5732760429382,250000.0,33
2017-12-21,DD-SW,-335.35872650146484,250000.0,33
2017-12-21,LNT-XEL,492.12804412841797,250000.0,33
2017-12-21,ITW-MAS,0.0,250000.0,33
2017-12-22,AES-VST,2159.636119365692,250000.0,33
2017-12-22,LNT-XEL,-1184.2897300720215,250000.0,33
2017-12-22,ITW-MAS,1150.287956237793,250000.0,33
2017-12-26,LNT-XEL,-1705.5082054138184,250000.0,33
2017-12-26,ITW-MAS,45.620845794677734,250000.0,33
2017-12-27,LNT-XEL,-1211.124755859375,250000.0,33
2017-12-27,ITW-MAS,867.7493515014648,250000.0,33
2017-12-28,LNT-XEL,-1029.521713256836,250000.0,33
2017-12-28,ITW-MAS,-115.13544464111328,250000.0,33
2017-12-29,LNT-XEL,-608.4163970947266,250000.0,33
2017-12-29,ITW-MAS,1047.2321662902832,250000.0,33
2017-12-29,ERIE-PFG,0.0,250000.0,33
2017-11-02,HRL-SJM,0.0,250000.0,34
2017-11-03,HRL-SJM,81.09409141540527,250000.0,34
2017-11-06,HRL-SJM,1295.0509433746338,250000.0,34
2017-11-07,HRL-SJM,-3175.7646198272705,250000.0,34
2017-11-07,GDDY-INTU,0.0,250000.0,34
2017-11-07,CRH-IFF,0.0,250000.0,34
2017-11-08,HRL-SJM,-7095.996576309204,250000.0,34
2017-11-08,GDDY-INTU,4263.433410644531,250000.0,34
2017-11-09,HRL-SJM,-4689.114370346069,250000.0,34
2017-11-09,GDDY-INTU,3600.944320678711,250000.0,34
2017-11-09,CNC-CRL,0.0,250000.0,34
2017-11-10,HRL-SJM,-5550.149261474609,250000.0,34
2017-11-10,GDDY-INTU,4043.811264038086,250000.0,34
2017-11-10,CNC-CRL,-2615.69282913208,250000.0,34
2017-11-13,HRL-SJM,-1206.3291034698486,250000.0,34
2017-11-13,GDDY-INTU,4140.028564453125,250000.0,34
2017-11-13,CNC-CRL,-4508.459403991699,250000.0,34
2017-11-14,HRL-SJM,-3433.0142765045166,250000.0,34
2017-11-14,GDDY-INTU,4186.482833862305,250000.0,34
2017-11-14,CNC-CRL,-4163.775741577148,250000.0,34
2017-11-15,HRL-SJM,-8739.291896820068,250000.0,34
2017-11-15,GDDY-INTU,419.9286804199219,250000.0,34
2017-11-15,CNC-CRL,-3502.516330718994,250000.0,34
2017-11-15,CMS-SRE,0.0,250000.0,34
2017-11-16,GDDY-INTU,843.9005584716797,250000.0,34
2017-11-16,CNC-CRL,-8951.371032714844,250000.0,34
2017-11-16,CMS-SRE,-930.5747566223145,250000.0,34
2017-11-16,AMP-PYPL,0.0,250000.0,34
2017-11-17,GDDY-INTU,1004.5144958496094,250000.0,34
2017-11-17,CNC-CRL,-7462.169059753418,250000.0,34
2017-11-17,CMS-SRE,792.7074241638184,250000.0,34
2017-11-17,AMP-PYPL,6525.820610046387,250000.0,34
2017-11-17,CMI-SWK,0.0,250000.0,34
2017-11-20,GDDY-INTU,-744.4689788818359,250000.0,34
2017-11-20,CNC-CRL,-4308.441101074219,250000.0,34
2017-11-20,CMS-SRE,78.83895492553711,250000.0,34
2017-11-20,CMI-SWK,-1177.1548614501953,250000.0,34
2017-11-21,CNC-CRL,-2367.474266052246,250000.0,34
2017-11-21,CMS-SRE,-175.32633209228516,250000.0,34
2017-11-21,CMI-SWK,-1889.466781616211,250000.0,34
2017-11-22,CNC-CRL,-9084.305213928223,250000.0,34
2017-11-22,CMS-SRE,-169.57873153686523,250000.0,34
2017-11-22,CMI-SWK,3194.942672729492,250000.0,34
2017-11-24,CMS-SRE,-255.49005508422852,250000.0,34
2017-11-24,CMI-SWK,-1852.357894897461,250000.0,34
2017-11-27,CMS-SRE,-49.22587203979492,250000.0,34
2017-11-27,CMI-SWK,-774.9429931640625,250000.0,34
2017-11-28,CMS-SRE,473.33006286621094,250000.0,34
2017-11-28,CMI-SWK,523.4236755371094,250000.0,34
2017-11-28,PRU-WTW,0.0,250000.0,34
2017-11-29,CMS-SRE,2265.2938957214355,250000.0,34
2017-11-29,CMI-SWK,2804.150924682617,250000.0,34
2017-11-29,PRU-WTW,-3994.7279510498047,250000.0,34
2017-11-29,CI-ISRG,0.0,250000.0,34
2017-11-29,PRU-V,0.0,250000.0,34
2017-11-29,AMP-PYPL,0.0,250000.0,34
2017-11-29,BAC-PYPL,0.0,250000.0,34
2017-11-30,CMS-SRE,2555.954132080078,250000.0,34
2017-11-30,CMI-SWK,4057.399612426758,250000.0,34
2017-11-30,PRU-WTW,-1247.4342041015625,250000.0,34
2017-11-30,CI-ISRG,-7528.600387573242,250000.0,34
2017-11-30,PRU-V,6232.119247436523,250000.0,34
2017-11-30,AMP-PYPL,9150.720458984375,250000.0,34
2017-11-30,BAC-PYPL,8337.996866226196,250000.0,34
2017-12-01,CMS-SRE,2172.9295616149902,250000.0,34
2017-12-01,CMI-SWK,1021.4384918212891,250000.0,34
2017-12-01,PRU-WTW,1059.0934753417969,250000.0,34
2017-12-01,CI-ISRG,-3315.1493072509766,250000.0,34
2017-12-01,PRU-V,2319.48690032959,250000.0,34
2017-12-01,AMP-PYPL,9267.221176147461,250000.0,34
2017-12-01,BAC-PYPL,7744.151872634888,250000.0,34
2017-12-04,CMS-SRE,2109.232795715332,250000.0,34
2017-12-04,PRU-WTW,-5937.949447631836,250000.0,34
2017-12-04,AMP-PYPL,-11927.596588134766,250000.0,34
2017-12-05,PRU-WTW,-6327.248031616211,250000.0,34
2017-12-05,AMP-PYPL,-8662.665725708008,250000.0,34
2017-12-05,PNW-SRE,0.0,250000.0,34
2017-12-05,PRU-V,0.0,250000.0,34
2017-12-05,ES-SRE,0.0,250000.0,34
2017-12-05,BAC-PYPL,0.0,250000.0,34
2017-12-06,PRU-WTW,-6523.431289672852,250000.0,34
2017-12-06,AMP-PYPL,-2896.9026641845703,250000.0,34
2017-12-06,PNW-SRE,-1131.169548034668,250000.0,34
2017-12-06,PRU-V,2791.3399200439453,250000.0,34
2017-12-06,ES-SRE,-550.3465843200684,250000.0,34
2017-12-06,BAC-PYPL,10098.74959564209,250000.0,34
2017-12-07,AMP-PYPL,-6917.955230712891,250000.0,34
2017-12-07,PNW-SRE,-1430.918327331543,250000.0,34
2017-12-07,PRU-V,5730.042060852051,250000.0,34
2017-12-07,ES-SRE,354.6264114379883,250000.0,34
2017-12-07,BAC-PYPL,10442.155899047852,250000.0,34
2017-12-07,CMI-SWK,0.0,250000.0,34
2017-12-08,AMP-PYPL,-14289.523422241211,250000.0,34
2017-12-08,PNW-SRE,-2266.186080932617,250000.0,34
2017-12-08,PRU-V,7730.509567260742,250000.0,34
2017-12-08,ES-SRE,-88.88436126708984,250000.0,34
2017-12-08,BAC-PYPL,4642.53369140625,250000.0,34
2017-12-08,CMI-SWK,-3659.8862915039062,250000.0,34
2017-12-08,PRU-WTW,0.0,250000.0,34
2017-12-11,AMP-PYPL,-8658.055633544922,250000.0,34
2017-12-11,PNW-SRE,-476.5116882324219,250000.0,34
2017-12-11,PRU-V,8028.167663574219,250000.0,34
2017-12-11,ES-SRE,1240.608299255371,250000.0,34
2017-12-11,BAC-PYPL,7223.772033691406,250000.0,34
2017-12-11,CMI-SWK,-4605.720413208008,250000.0,34
2017-12-11,PRU-WTW,817.2734375,250000.0,34
2017-12-12,AMP-PYPL,-9240.932418823242,250000.0,34
2017-12-12,PNW-SRE,-2779.4196701049805,250000.0,34
2017-12-12,PRU-V,10416.703651428223,250000.0,34
2017-12-12,ES-SRE,-1123.412940979004,250000.0,34
2017-12-12,BAC-PYPL,4073.582450866699,250000.0,34
2017-12-12,CMI-SWK,-3445.491226196289,250000.0,34
2017-12-12,PRU-WTW,526.966796875,250000.0,34
2017-12-13,AMP-PYPL,-3093.8433227539062,250000.0,34
2017-12-13,PNW-SRE,-2014.7442779541016,250000.0,34
2017-12-13,PRU-V,12338.984939575195,250000.0,34
2017-12-13,ES-SRE,-2754.6906700134277,250000.0,34
2017-12-13,BAC-PYPL,11166.105850219727,250000.0,34
2017-12-13,CMI-SWK,-3894.0972900390625,250000.0,34
2017-12-13,PRU-WTW,-89.13818359375,250000.0,34
2017-12-14,PNW-SRE,-86.28096008300781,250000.0,34
2017-12-14,PRU-V,10957.907806396484,250000.0,34
2017-12-14,ES-SRE,-622.7916030883789,250000.0,34
2017-12-14,BAC-PYPL,13010.166534423828,250000.0,34
2017-12-14,CMI-SWK,-3833.6798706054688,250000.0,34
2017-12-14,PRU-WTW,148.72915649414062,250000.0,34
2017-12-15,PNW-SRE,201.97187042236328,250000.0,34
2017-12-15,PRU-V,11858.870903015137,250000.0,34
2017-12-15,ES-SRE,-36.19086456298828,250000.0,34
2017-12-15,BAC-PYPL,14374.862991333008,250000.0,34
2017-12-15,CMI-SWK,-4481.796798706055,250000.0,34
2017-12-15,PRU-WTW,2634.1582946777344,250000.0,34
2017-12-15,A-CNC,0.0,250000.0,34
2017-12-15,CNC-CRL,0.0,250000.0,34
2017-12-18,PNW-SRE,106.57861328125,250000.0,34
2017-12-18,PRU-V,10874.845100402832,250000.0,34
2017-12-18,ES-SRE,-862.7262916564941,250000.0,34
2017-12-18,BAC-PYPL,8227.481498718262,250000.0,34
2017-12-18,CMI-SWK,-5657.949523925781,250000.0,34
2017-12-18,PRU-WTW,-166.33026123046875,250000.0,34
2017-12-18,A-CNC,7883.54460144043,250000.0,34
2017-12-18,CNC-CRL,1325.43607711792,250000.0,34
2017-12-19,PNW-SRE,-2276.165237426758,250000.0,34
2017-12-19,PRU-V,6941.006721496582,250000.0,34
2017-12-19,ES-SRE,-2755.7810821533203,250000.0,34
2017-12-19,BAC-PYPL,5688.894172668457,250000.0,34
2017-12-19,CMI-SWK,-7364.756851196289,250000.0,34
2017-12-19,PRU-WTW,-1745.9365234375,250000.0,34
2017-12-19,CNC-CRL,480.2704772949219,250000.0,34
2017-12-20,PRU-V,6662.715065002441,250000.0,34
2017-12-20,BAC-PYPL,3593.48087310791,250000.0,34
2017-12-20,PRU-WTW,-3713.163330078125,250000.0,34
2017-12-20,CNC-CRL,2602.260986328125,250000.0,34
2017-12-21,PRU-V,7674.1716232299805,250000.0,34
2017-12-21,PRU-WTW,-4458.986785888672,250000.0,34
2017-12-21,CMS-SRE,0.0,250000.0,34
2017-12-21,PNW-SRE,0.0,250000.0,34
2017-12-21,ES-SRE,0.0,250000.0,34
2017-12-22,PRU-V,8857.788703918457,250000.0,34
2017-12-22,PRU-WTW,-4750.814208984375,250000.0,34
2017-12-22,CMS-SRE,2989.5753326416016,250000.0,34
2017-12-22,PNW-SRE,3424.5179862976074,250000.0,34
2017-12-22,ES-SRE,2340.911952972412,250000.0,34
2017-12-26,PRU-V,10022.467826843262,250000.0,34
2017-12-26,CMS-SRE,3828.754837036133,250000.0,34
2017-12-26,PNW-SRE,4391.186195373535,250000.0,34
2017-12-26,ES-SRE,2456.2598724365234,250000.0,34
2017-12-27,CMS-SRE,2309.1451148986816,250000.0,34
2017-12-27,PNW-SRE,3422.926643371582,250000.0,34
2017-12-27,ES-SRE,835.9671974182129,250000.0,34
2017-12-28,CMS-SRE,1912.9784088134766,250000.0,34
2017-12-28,PNW-SRE,2344.8043098449707,250000.0,34
2017-12-28,ES-SRE,3.4724655151367188,250000.0,34
2017-12-29,CMS-SRE,1820.0580825805664,250000.0,34
2017-12-29,PNW-SRE,2011.008388519287,250000.0,34
2017-12-29,ES-SRE,-923.5833358764648,250000.0,34
2018-01-02,CMS-SRE,-774.6454086303711,250000.0,34
2018-01-02,PNW-SRE,1091.81498336792,250000.0,34
2018-01-02,ES-SRE,-4551.253391265869,250000.0,34
2018-01-03,CMS-SRE,6714.688423156738,250000.0,34
2018-01-03,ES-SRE,3362.065357208252,250000.0,34
2018-01-03,AMP-PYPL,0.0,250000.0,34
2018-01-04,CMS-SRE,6659.408016204834,250000.0,34
2018-01-04,ES-SRE,3770.1404304504395,250000.0,34
2018-01-04,AMP-PYPL,944.294807434082,250000.0,34
2018-01-05,ES-SRE,5934.053504943848,250000.0,34
2018-01-05,AMP-PYPL,-4649.264450073242,250000.0,34
2018-01-05,HRL-SJM,0.0,250000.0,34
2018-01-05,BAC-PYPL,0.0,250000.0,34
2018-01-08,ES-SRE,4976.364757537842,250000.0,34
2018-01-08,AMP-PYPL,-3336.1782760620117,250000.0,34
2018-01-08,BAC-PYPL,-2610.2200622558594,250000.0,34
2018-01-09,ES-SRE,4074.0245056152344,250000.0,34
2018-01-09,AMP-PYPL,-842.9734954833984,250000.0,34
2018-01-09,BAC-PYPL,-1984.7039794921875,250000.0,34
2018-01-10,ES-SRE,4160.989406585693,250000.0,34
2018-01-10,AMP-PYPL,1052.0792846679688,250000.0,34
2018-01-10,BAC-PYPL,-558.6306762695312,250000.0,34
2018-01-10,CI-ISRG,0.0,250000.0,34
2018-01-11,ES-SRE,2528.0107612609863,250000.0,34
2018-01-11,AMP-PYPL,4280.83487701416,250000.0,34
2018-01-11,BAC-PYPL,-980.8241271972656,250000.0,34
2018-01-11,CI-ISRG,5284.177764892578,250000.0,34
2018-01-12,ES-SRE,3382.334083557129,250000.0,34
2018-01-12,AMP-PYPL,6046.719093322754,250000.0,34
2018-01-12,BAC-PYPL,291.2646789550781,250000.0,34
2018-01-12,CI-ISRG,9207.281707763672,250000.0,34
2018-01-16,ES-SRE,4739.480262756348,250000.0,34
2018-01-16,AMP-PYPL,-269.08238220214844,250000.0,34
2018-01-16,BAC-PYPL,1029.2131958007812,250000.0,34
2018-01-16,CI-ISRG,9986.680679321289,250000.0,34
2018-01-17,ES-SRE,1957.890266418457,250000.0,34
2018-01-17,AMP-PYPL,-5300.756996154785,250000.0,34
2018-01-17,BAC-PYPL,-5910.674224853516,250000.0,34
2018-01-17,CI-ISRG,9203.089340209961,250000.0,34
2018-01-18,ES-SRE,2623.710304260254,250000.0,34
2018-01-18,BAC-PYPL,-5263.12109375,250000.0,34
2018-01-18,CI-ISRG,7917.402725219727,250000.0,34
2018-01-18,CTSH-NOW,0.0,250000.0,34
2018-01-19,ES-SRE,2600.859329223633,250000.0,34
2018-01-19,BAC-PYPL,-6409.596374511719,250000.0,34
2018-01-19,CI-ISRG,7733.005676269531,250000.0,34
2018-01-19,CTSH-NOW,249.32751846313477,250000.0,34
2018-01-22,ES-SRE,457.7102470397949,250000.0,34
2018-01-22,CI-ISRG,7926.127655029297,250000.0,34
2018-01-22,CTSH-NOW,940.5399932861328,250000.0,34
2018-01-23,ES-SRE,2353.6339073181152,250000.0,34
2018-01-23,CI-ISRG,3639.2303161621094,250000.0,34
2018-01-23,CTSH-NOW,896.0651206970215,250000.0,34
2018-01-24,ES-SRE,1057.310832977295,250000.0,34
2018-01-24,CI-ISRG,6093.663482666016,250000.0,34
2018-01-24,CTSH-NOW,2062.33740234375,250000.0,34
2018-01-24,CMI-SWK,0.0,250000.0,34
2018-01-25,CMI-SWK,-2944.7430419921875,250000.0,34
2018-01-26,CMI-SWK,-4632.870422363281,250000.0,34
2018-01-26,CI-ISRG,0.0,250000.0,34
2018-01-29,CMI-SWK,-5052.689025878906,250000.0,34
2018-01-29,CI-ISRG,449.5950164794922,250000.0,34
2018-01-30,CMI-SWK,-5307.1336669921875,250000.0,34
2018-01-31,PRU-V,0.0,250000.0,34
2018-01-31,AMP-PYPL,0.0,250000.0,34
2017-12-01,DOV-NOC,0.0,250000.0,35
2017-12-04,DOV-NOC,-825.3974990844727,250000.0,35
2017-12-05,DOV-NOC,687.9345474243164,250000.0,35
2017-12-05,ES-SRE,0.0,250000.0,35
2017-12-05,PNW-SRE,0.0,250000.0,35
2017-12-06,DOV-NOC,1931.1295013427734,250000.0,35
2017-12-06,ES-SRE,-550.3465843200684,250000.0,35
2017-12-06,PNW-SRE,-1131.169548034668,250000.0,35
2017-12-07,DOV-NOC,2956.752197265625,250000.0,35
2017-12-07,ES-SRE,354.6264114379883,250000.0,35
2017-12-07,PNW-SRE,-1430.918327331543,250000.0,35
2017-12-07,CPAY-FDS,0.0,250000.0,35
2017-12-08,DOV-NOC,865.6013793945312,250000.0,35
2017-12-08,ES-SRE,-88.88436126708984,250000.0,35
2017-12-08,PNW-SRE,-2266.186080932617,250000.0,35
2017-12-08,CPAY-FDS,1699.9735565185547,250000.0,35
2017-12-11,ES-SRE,1240.608299255371,250000.0,35
2017-12-11,PNW-SRE,-476.5116882324219,250000.0,35
2017-12-11,CPAY-FDS,803.9572906494141,250000.0,35
2017-12-12,ES-SRE,-1123.412940979004,250000.0,35
2017-12-12,PNW-SRE,-2779.4196701049805,250000.0,35
2017-12-12,CPAY-FDS,591.844482421875,250000.0,35
2017-12-13,ES-SRE,-2754.6906700134277,250000.0,35
2017-12-13,PNW-SRE,-2014.7442779541016,250000.0,35
2017-12-13,CPAY-FDS,-2480.896774291992,250000.0,35
2017-12-14,ES-SRE,-622.7916030883789,250000.0,35
2017-12-14,PNW-SRE,-86.28096008300781,250000.0,35
2017-12-14,CPAY-FDS,-396.13160705566406,250000.0,35
2017-12-15,ES-SRE,-36.19086456298828,250000.0,35
2017-12-15,PNW-SRE,201.97187042236328,250000.0,35
2017-12-15,CPAY-FDS,605.3652191162109,250000.0,35
2017-12-18,ES-SRE,-862.7262916564941,250000.0,35
2017-12-18,PNW-SRE,106.57861328125,250000.0,35
2017-12-18,CPAY-FDS,-280.8116455078125,250000.0,35
2017-12-19,ES-SRE,-2755.7810821533203,250000.0,35
2017-12-19,PNW-SRE,-2276.165237426758,250000.0,35
2017-12-19,CFG-FDS,0.0,250000.0,35
2017-12-20,CFG-FDS,11063.180559158325,250000.0,35
2017-12-20,AXON-UAL,0.0,250000.0,35
2017-12-21,CFG-FDS,1109.1270866394043,250000.0,35
2017-12-21,AXON-UAL,-3557.5498027801514,250000.0,35
2017-12-21,ES-SRE,0.0,250000.0,35
2017-12-21,PNW-SRE,0.0,250000.0,35
2017-12-22,CFG-FDS,2296.054998397827,250000.0,35
2017-12-22,AXON-UAL,-3270.3004627227783,250000.0,35
2017-12-22,ES-SRE,2340.911952972412,250000.0,35
2017-12-22,PNW-SRE,3424.5179862976074,250000.0,35
2017-12-22,ROK-SWK,0.0,250000.0,35
2017-12-26,CFG-FDS,1703.3748931884766,250000.0,35
2017-12-26,AXON-UAL,-3562.8682041168213,250000.0,35
2017-12-26,ES-SRE,2456.2598724365234,250000.0,35
2017-12-26,PNW-SRE,4391.186195373535,250000.0,35
2017-12-26,ROK-SWK,570.7080688476562,250000.0,35
2017-12-27,CFG-FDS,5158.764696121216,250000.0,35
2017-12-27,AXON-UAL,-2083.3815422058105,250000.0,35
2017-12-27,ES-SRE,835.9671974182129,250000.0,35
2017-12-27,PNW-SRE,3422.926643371582,250000.0,35
2017-12-27,ROK-SWK,103.26805114746094,250000.0,35
2017-12-28,CFG-FDS,4950.870685577393,250000.0,35
2017-12-28,AXON-UAL,-2953.684597015381,250000.0,35
2017-12-28,ES-SRE,3.4724655151367188,250000.0,35
2017-12-28,PNW-SRE,2344.8043098449707,250000.0,35
2017-12-28,ROK-SWK,255.4754638671875,250000.0,35
2017-12-29,CFG-FDS,7775.2435512542725,250000.0,35
2017-12-29,AXON-UAL,-3665.797794342041,250000.0,35
2017-12-29,ES-SRE,-923.5833358764648,250000.0,35
2017-12-29,PNW-SRE,2011.008388519287,250000.0,35
2017-12-29,ROK-SWK,1175.1861572265625,250000.0,35
2018-01-02,CFG-FDS,1301.4069747924805,250000.0,35
2018-01-02,ES-SRE,-4551.253391265869,250000.0,35
2018-01-02,PNW-SRE,1091.81498336792,250000.0,35
2018-01-02,ROK-SWK,-2170.5204010009766,250000.0,35
2018-01-02,APTV-WYNN,0.0,250000.0,35
2018-01-03,ES-SRE,3362.065357208252,250000.0,35
2018-01-03,APTV-WYNN,-8991.542175292969,250000.0,35
2018-01-04,ES-SRE,3770.1404304504395,250000.0,35
2018-01-05,ES-SRE,5934.053504943848,250000.0,35
2018-01-08,ES-SRE,4976.364757537842,250000.0,35
2018-01-08,COF-GS,0.0,250000.0,35
2018-01-09,ES-SRE,4074.0245056152344,250000.0,35
2018-01-09,COF-GS,790.2628631591797,250000.0,35
2018-01-10,ES-SRE,4160.989406585693,250000.0,35
2018-01-10,COF-GS,-980.2514190673828,250000.0,35
2018-01-10,ES-NI,0.0,250000.0,35
2018-01-10,AXON-UAL,0.0,250000.0,35
2018-01-11,ES-SRE,2528.0107612609863,250000.0,35
2018-01-11,COF-GS,-2090.9011001586914,250000.0,35
2018-01-11,ES-NI,-644.7626953125,250000.0,35
2018-01-11,AXON-UAL,-9464.302375793457,250000.0,35
2018-01-12,ES-SRE,3382.334083557129,250000.0,35
2018-01-12,COF-GS,-1707.5357360839844,250000.0,35
2018-01-12,ES-NI,-718.371826171875,250000.0,35
2018-01-16,ES-SRE,4739.480262756348,250000.0,35
2018-01-16,COF-GS,1215.1674728393555,250000.0,35
2018-01-16,ES-NI,156.7872657775879,250000.0,35
2018-01-16,CFG-FDS,0.0,250000.0,35
2018-01-17,ES-SRE,1957.890266418457,250000.0,35
2018-01-17,ES-NI,-856.6925048828125,250000.0,35
2018-01-17,CFG-FDS,2273.4734115600586,250000.0,35
2018-01-17,HSY-MKC,0.0,250000.0,35
2018-01-18,ES-SRE,2623.710304260254,250000.0,35
2018-01-18,ES-NI,89.99222946166992,250000.0,35
2018-01-18,CFG-FDS,925.5509185791016,250000.0,35
2018-01-18,HSY-MKC,-2297.855094909668,250000.0,35
2018-01-19,ES-SRE,2600.859329223633,250000.0,35
2018-01-19,ES-NI,-259.82836532592773,250000.0,35
2018-01-22,ES-SRE,457.7102470397949,250000.0,35
2018-01-22,ES-NI,-59.56512451171875,250000.0,35
2018-01-22,COF-GS,0.0,250000.0,35
2018-01-23,ES-SRE,2353.6339073181152,250000.0,35
2018-01-23,ES-NI,1059.1814155578613,250000.0,35
2018-01-23,COF-GS,1613.250831604004,250000.0,35
2018-01-24,ES-SRE,1057.310832977295,250000.0,35
2018-01-24,ES-NI,1130.6601333618164,250000.0,35
2018-01-24,COF-GS,-4233.434425354004,250000.0,35
2018-01-24,AXON-UAL,0.0,250000.0,35
2018-01-25,AXON-UAL,-13470.11646270752,250000.0,35
2018-01-25,CFG-FDS,0.0,250000.0,35
2018-01-25,DOV-NOC,0.0,250000.0,35
2018-01-26,AXON-UAL,-11381.723899841309,250000.0,35
2018-01-26,DOV-NOC,-7163.469512939453,250000.0,35
2018-01-26,CPAY-FDS,0.0,250000.0,35
2018-01-29,AXON-UAL,-13591.422157287598,250000.0,35
2018-01-29,CPAY-FDS,5943.074523925781,250000.0,35
2018-01-30,AXON-UAL,-8700.316696166992,250000.0,35
2018-01-30,IQV-UNH,0.0,250000.0,35
2018-01-31,AXON-UAL,2124.8878479003906,250000.0,35
2018-01-31,IQV-UNH,4076.4539108276367,250000.0,35
2018-02-01,AXON-UAL,5136.885108947754,250000.0,35
2018-02-01,IQV-UNH,-1057.7666015625,250000.0,35
2018-02-02,AXON-UAL,-9.11529541015625,250000.0,35
2018-02-02,IQV-UNH,1885.5164337158203,250000.0,35
2018-02-02,AXON-WAB,0.0,250000.0,35
2018-02-02,DECK-LVS,0.0,250000.0,35
2018-02-05,AXON-UAL,-1334.4195747375488,250000.0,35
2018-02-05,IQV-UNH,-3785.8942947387695,250000.0,35
2018-02-05,AXON-WAB,-1545.1168308258057,250000.0,35
2018-02-05,DECK-LVS,-11553.613984107971,250000.0,35
2018-02-06,AXON-UAL,-395.8129692077637,250000.0,35
2018-02-06,IQV-UNH,-705.9602737426758,250000.0,35
2018-02-06,AXON-WAB,912.8311023712158,250000.0,35
2018-02-06,DECK-LVS,-5978.859555244446,250000.0,35
2018-02-07,AXON-UAL,-2307.6235580444336,250000.0,35
2018-02-07,IQV-UNH,-301.4183044433594,250000.0,35
2018-02-07,AXON-WAB,-2488.4440269470215,250000.0,35
2018-02-07,DECK-LVS,-9459.153273582458,250000.0,35
2018-02-08,IQV-UNH,-4797.308212280273,250000.0,35
2018-02-08,AXON-WAB,-5158.546875,250000.0,35
2018-02-08,DECK-LVS,-8715.960313796997,250000.0,35
2018-02-09,IQV-UNH,-1528.6209030151367,250000.0,35
2018-02-09,AXON-WAB,-2909.1676120758057,250000.0,35
2018-02-09,DECK-LVS,-13242.81989479065,250000.0,35
2018-02-12,IQV-UNH,-1197.604019165039,250000.0,35
2018-02-12,AXON-WAB,-3479.46541595459,250000.0,35
2018-02-12,DECK-LVS,-12808.479257583618,250000.0,35
2018-02-13,IQV-UNH,-2778.733711242676,250000.0,35
2018-02-13,AXON-WAB,-8724.756145477295,250000.0,35
2018-02-13,DECK-LVS,-7968.573866844177,250000.0,35
2018-02-14,AXON-WAB,-9108.59301185608,250000.0,35
2018-02-14,DECK-LVS,-5732.301249504089,250000.0,35
2018-02-14,AXON-UAL,0.0,250000.0,35
2018-02-15,AXON-WAB,-6318.926710128784,250000.0,35
2018-02-15,DECK-LVS,-5319.44665145874,250000.0,35
2018-02-15,AXON-UAL,264.4343032836914,250000.0,35
2018-02-15,GDDY-INTU,0.0,250000.0,35
2018-02-16,AXON-WAB,1324.2821788787842,250000.0,35
2018-02-16,DECK-LVS,-2228.808938026428,250000.0,35
2018-02-16,AXON-UAL,-3243.2515411376953,250000.0,35
2018-02-16,GDDY-INTU,-3484.613296508789,250000.0,35
2018-02-20,AXON-WAB,13457.29296875,250000.0,35
2018-02-20,AXON-UAL,2285.3478965759277,250000.0,35
2018-02-20,GDDY-INTU,-4985.817321777344,250000.0,35
2018-02-21,AXON-UAL,3610.1964416503906,250000.0,35
2018-02-21,GDDY-INTU,-6111.617584228516,250000.0,35
2018-02-21,PNW-SRE,0.0,250000.0,35
2018-02-22,AXON-UAL,1761.5236282348633,250000.0,35
2018-02-22,GDDY-INTU,-5058.427215576172,250000.0,35
2018-02-23,AXON-UAL,2009.698875427246,250000.0,35
2018-02-27,ES-SRE,0.0,250000.0,35
2018-02-28,ES-SRE,851.8309478759766,250000.0,35
2018-02-28,AXON-UAL,0.0,250000.0,35
2018-01-02,KKR-TROW,0.0,250000.0,36
2018-01-03,KKR-TROW,-5272.609516143799,250000.0,36
2018-01-04,KKR-TROW,-3662.1740951538086,250000.0,36
2018-01-04,DVA-HCA,0.0,250000.0,36
2018-01-04,MS-PNC,0.0,250000.0,36
2018-01-05,KKR-TROW,2316.026824951172,250000.0,36
2018-01-05,DVA-HCA,1589.7539901733398,250000.0,36
2018-01-05,MS-PNC,399.8447952270508,250000.0,36
2018-01-08,KKR-TROW,6663.070350646973,250000.0,36
2018-01-08,DVA-HCA,831.0230331420898,250000.0,36
2018-01-08,MS-PNC,1842.119369506836,250000.0,36
2018-01-08,MS-RJF,0.0,250000.0,36
2018-01-09,KKR-TROW,-895.0727615356445,250000.0,36
2018-01-09,DVA-HCA,-4625.910232543945,250000.0,36
2018-01-09,MS-RJF,-2264.7175827026367,250000.0,36
2018-01-10,KKR-TROW,-3035.250648498535,250000.0,36
2018-01-10,DVA-HCA,-8735.85806274414,250000.0,36
2018-01-10,MS-RJF,-3036.210624694824,250000.0,36
2018-01-11,KKR-TROW,-4520.60111618042,250000.0,36
2018-01-11,DVA-HCA,-6438.9752197265625,250000.0,36
2018-01-12,KKR-TROW,87.4534912109375,250000.0,36
2018-01-12,DVA-HCA,511.15845489501953,250000.0,36
2018-01-16,KKR-TROW,3432.906280517578,250000.0,36
2018-01-16,DVA-HCA,445.82913970947266,250000.0,36
2018-01-17,KKR-TROW,6930.484596252441,250000.0,36
2018-01-17,DVA-HCA,2382.4466247558594,250000.0,36
2018-01-17,MRVL-TXN,0.0,250000.0,36
2018-01-18,DVA-HCA,6021.632835388184,250000.0,36
2018-01-18,MRVL-TXN,6442.164093017578,250000.0,36
2018-01-19,MRVL-TXN,5493.82438659668,250000.0,36
2018-01-22,MRVL-TXN,-384.9231262207031,250000.0,36
2018-01-23,MRVL-TXN,-1935.7388458251953,250000.0,36
2018-01-23,PKG-SW,0.0,250000.0,36
2018-01-24,PKG-SW,-375.2835693359375,250000.0,36
2018-01-24,MCO-MSCI,0.0,250000.0,36
2018-01-25,PKG-SW,-1139.1484680175781,250000.0,36
2018-01-25,MCO-MSCI,-1441.2004852294922,250000.0,36
2018-01-25,CSX-IEX,0.0,250000.0,36
2018-01-26,PKG-SW,8790.723266601562,250000.0,36
2018-01-26,CSX-IEX,834.4756202697754,250000.0,36
2018-01-29,PKG-SW,7504.168273925781,250000.0,36
2018-01-29,CSX-IEX,2557.5333137512207,250000.0,36
2018-01-30,PKG-SW,6285.3349609375,250000.0,36
2018-01-30,CSX-IEX,-4941.0498695373535,250000.0,36
2018-01-31,PKG-SW,12685.898696899414,250000.0,36
2018-01-31,CSX-IEX,-3406.9216957092285,250000.0,36
2018-02-01,PKG-SW,2703.978935241699,250000.0,36
2018-02-01,CSX-IEX,-5702.512342453003,250000.0,36
2018-02-02,PKG-SW,2114.313377380371,250000.0,36
2018-02-02,CSX-IEX,-4181.407760620117,250000.0,36
2018-02-02,DECK-LVS,0.0,250000.0,36
2018-02-05,PKG-SW,1361.7816925048828,250000.0,36
2018-02-05,CSX-IEX,1016.9304208755493,250000.0,36
2018-02-05,DECK-LVS,-11553.613984107971,250000.0,36
2018-02-05,EXR-HST,0.0,250000.0,36
2018-02-06,PKG-SW,8176.529960632324,250000.0,36
2018-02-06,DECK-LVS,-5978.859555244446,250000.0,36
2018-02-06,EXR-HST,1213.124930381775,250000.0,36
2018-02-07,PKG-SW,8945.473236083984,250000.0,36
2018-02-07,DECK-LVS,-9459.153273582458,250000.0,36
2018-02-07,EXR-HST,79.54605388641357,250000.0,36
2018-02-08,PKG-SW,2003.4900817871094,250000.0,36
2018-02-08,DECK-LVS,-8715.960313796997,250000.0,36
2018-02-08,EXR-HST,-2659.600425720215,250000.0,36
2018-02-08,MRVL-TXN,0.0,250000.0,36
2018-02-09,PKG-SW,9529.635749816895,250000.0,36
2018-02-09,DECK-LVS,-13242.81989479065,250000.0,36
2018-02-09,EXR-HST,1050.0639295578003,250000.0,36
2018-02-09,MRVL-TXN,3095.8880767822266,250000.0,36
2018-02-09,TYL-ZBRA,0.0,250000.0,36
2018-02-12,PKG-SW,8154.463684082031,250000.0,36
2018-02-12,DECK-LVS,-12808.479257583618,250000.0,36
2018-02-12,EXR-HST,-1145.7128686904907,250000.0,36
2018-02-12,MRVL-TXN,2215.493667602539,250000.0,36
2018-02-12,TYL-ZBRA,3677.827079772949,250000.0,36
2018-02-13,PKG-SW,7269.906158447266,250000.0,36
2018-02-13,DECK-LVS,-7968.573866844177,250000.0,36
2018-02-13,EXR-HST,-3777.848759651184,250000.0,36
2018-02-13,MRVL-TXN,-3203.610496520996,250000.0,36
2018-02-13,TYL-ZBRA,3081.0927658081055,250000.0,36
2018-02-14,PKG-SW,7216.320526123047,250000.0,36
2018-02-14,DECK-LVS,-5732.301249504089,250000.0,36
2018-02-14,EXR-HST,947.0748767852783,250000.0,36
2018-02-14,MRVL-TXN,1591.6195449829102,250000.0,36
2018-02-14,TYL-ZBRA,1573.7159729003906,250000.0,36
2018-02-15,PKG-SW,9816.210174560547,250000.0,36
2018-02-15,DECK-LVS,-5319.44665145874,250000.0,36
2018-02-15,EXR-HST,-3106.6187419891357,250000.0,36
2018-02-15,MRVL-TXN,2874.0660858154297,250000.0,36
2018-02-15,TYL-ZBRA,-4108.5178298950195,250000.0,36
2018-02-15,GDDY-INTU,0.0,250000.0,36
2018-02-16,DECK-LVS,-2228.808938026428,250000.0,36
2018-02-16,EXR-HST,1711.1151809692383,250000.0,36
2018-02-16,MRVL-TXN,3062.503562927246,250000.0,36
2018-02-16,TYL-ZBRA,-4663.132919311523,250000.0,36
2018-02-16,GDDY-INTU,-3484.613296508789,250000.0,36
2018-02-20,EXR-HST,127.22773838043213,250000.0,36
2018-02-20,MRVL-TXN,1310.2680130004883,250000.0,36
2018-02-20,TYL-ZBRA,-7224.632102966309,250000.0,36
2018-02-20,GDDY-INTU,-4985.817321777344,250000.0,36
2018-02-21,MRVL-TXN,-2787.310157775879,250000.0,36
2018-02-21,TYL-ZBRA,-3595.408561706543,250000.0,36
2018-02-21,GDDY-INTU,-6111.617584228516,250000.0,36
2018-02-22,MRVL-TXN,-1652.0624237060547,250000.0,36
2018-02-22,GDDY-INTU,-5058.427215576172,250000.0,36
2018-02-23,MRVL-TXN,5419.018333435059,250000.0,36
2018-02-26,AXP-TROW,0.0,250000.0,36
2018-02-27,AXP-TROW,4839.337097167969,250000.0,36
2018-03-01,CRM-MSFT,0.0,250000.0,36
2018-03-02,CRM-MSFT,-5049.462699890137,250000.0,36
2018-03-05,CRM-MSFT,-4762.680252075195,250000.0,36
2018-03-05,MCO-MSCI,0.0,250000.0,36
2018-03-06,PKG-SW,0.0,250000.0,36
2018-03-07,PKG-SW,-2312.903118133545,250000.0,36
2018-03-08,PKG-SW,-3355.4199180603027,250000.0,36
2018-03-08,DECK-LVS,0.0,250000.0,36
2018-03-09,PKG-SW,2619.2199745178223,250000.0,36
2018-03-09,DECK-LVS,2653.8409452438354,250000.0,36
2018-03-09,GDDY-INTU,0.0,250000.0,36
2018-03-12,PKG-SW,2995.0875205993652,250000.0,36
2018-03-12,DECK-LVS,-1807.3508520126343,250000.0,36
2018-03-12,GDDY-INTU,-788.6057510375977,250000.0,36
2018-03-13,PKG-SW,3371.206932067871,250000.0,36
2018-03-13,DECK-LVS,4556.173567771912,250000.0,36
2018-03-13,GDDY-INTU,-3199.6765174865723,250000.0,36
2018-03-13,MRVL-TXN,0.0,250000.0,36
2018-03-14,PKG-SW,1331.4021759033203,250000.0,36
2018-03-14,DECK-LVS,4016.6782627105713,250000.0,36
2018-03-14,GDDY-INTU,-1294.9906158447266,250000.0,36
2018-03-15,PKG-SW,-425.1050720214844,250000.0,36
2018-03-15,DECK-LVS,1646.930606842041,250000.0,36
2018-03-15,GDDY-INTU,-2426.7509956359863,250000.0,36
2018-03-16,PKG-SW,688.241943359375,250000.0,36
2018-03-16,DECK-LVS,2269.5875730514526,250000.0,36
2018-03-16,GDDY-INTU,-4747.526515960693,250000.0,36
2018-03-19,PKG-SW,-2806.0003814697266,250000.0,36
2018-03-19,DECK-LVS,1810.7365837097168,250000.0,36
2018-03-19,GDDY-INTU,-1605.8258018493652,250000.0,36
2018-03-20,PKG-SW,1223.6191310882568,250000.0,36
2018-03-20,DECK-LVS,1673.950837135315,250000.0,36
2018-03-20,GDDY-INTU,-4003.591484069824,250000.0,36
2018-03-21,PKG-SW,3376.7576427459717,250000.0,36
2018-03-21,DECK-LVS,4734.4934186935425,250000.0,36
2018-03-21,GDDY-INTU,-2253.0832862854004,250000.0,36
2018-03-22,GDDY-INTU,-1746.6371116638184,250000.0,36
2018-03-23,DECK-LVS,0.0,250000.0,36
2018-03-26,DECK-LVS,2309.7451171875,250000.0,36
2018-03-26,DVA-HCA,0.0,250000.0,36
2018-03-26,PKG-SW,0.0,250000.0,36
2018-03-26,CRM-MSFT,0.0,250000.0,36
2018-03-27,DECK-LVS,6364.203094482422,250000.0,36
2018-03-27,DVA-HCA,-723.5835494995117,250000.0,36
2018-03-27,PKG-SW,2012.5665664672852,250000.0,36
2018-03-27,CRM-MSFT,4504.212593078613,250000.0,36
2018-03-28,DECK-LVS,4247.821350097656,250000.0,36
2018-03-28,DVA-HCA,-2933.5488204956055,250000.0,36
2018-03-28,PKG-SW,-1344.3336868286133,250000.0,36
2018-03-28,CRM-MSFT,3458.6005096435547,250000.0,36
2018-03-28,MRVL-TXN,0.0,250000.0,36
2018-03-29,DVA-HCA,-3180.3638610839844,250000.0,36
2018-03-29,CRM-MSFT,3076.5387115478516,250000.0,36
2018-03-29,MRVL-TXN,371.77991485595703,250000.0,36
2018-02-01,CBOE-MSCI,0.0,250000.0,37
2018-02-01,MA-MSCI,0.0,250000.0,37
2018-02-01,MSCI-TROW,0.0,250000.0,37
2018-02-02,CBOE-MSCI,4323.377624511719,250000.0,37
2018-02-02,MA-MSCI,3262.4078063964844,250000.0,37
2018-02-02,MSCI-TROW,5081.26847076416,250000.0,37
2018-02-02,DECK-LVS,0.0,250000.0,37
2018-02-02,FITB-MS,0.0,250000.0,37
2018-02-05,MSCI-TROW,13067.755393981934,250000.0,37
2018-02-05,DECK-LVS,-11553.613984107971,250000.0,37
2018-02-05,FITB-MS,-3582.6214504241943,250000.0,37
2018-02-05,EL-MNST,0.0,250000.0,37
2018-02-06,MSCI-TROW,8312.644508361816,250000.0,37
2018-02-06,DECK-LVS,-5978.859555244446,250000.0,37
2018-02-06,FITB-MS,2284.6403217315674,250000.0,37
2018-02-06,EL-MNST,-3231.137966156006,250000.0,37
2018-02-06,CBOE-MSCI,0.0,250000.0,37
2018-02-07,MSCI-TROW,4982.407051086426,250000.0,37
2018-02-07,DECK-LVS,-9459.153273582458,250000.0,37
2018-02-07,FITB-MS,1123.488302230835,250000.0,37
2018-02-07,EL-MNST,2089.0722103118896,250000.0,37
2018-02-07,CBOE-MSCI,-4771.521278381348,250000.0,37
2018-02-08,MSCI-TROW,10806.232276916504,250000.0,37
2018-02-08,DECK-LVS,-8715.960313796997,250000.0,37
2018-02-08,FITB-MS,-2971.0827350616455,250000.0,37
2018-02-08,EL-MNST,-2768.9468297958374,250000.0,37
2018-02-08,CBOE-MSCI,1307.747947692871,250000.0,37
2018-02-08,WAT-ZTS,0.0,250000.0,37
2018-02-09,MSCI-TROW,6827.231910705566,250000.0,37
2018-02-09,DECK-LVS,-13242.81989479065,250000.0,37
2018-02-09,EL-MNST,-4473.801820755005,250000.0,37
2018-02-09,CBOE-MSCI,-8961.90062713623,250000.0,37
2018-02-09,WAT-ZTS,-90.62629699707031,250000.0,37
2018-02-12,MSCI-TROW,7405.272727966309,250000.0,37
2018-02-12,DECK-LVS,-12808.479257583618,250000.0,37
2018-02-12,EL-MNST,-3438.018648147583,250000.0,37
2018-02-12,CBOE-MSCI,-6021.554458618164,250000.0,37
2018-02-12,WAT-ZTS,4656.661148071289,250000.0,37
2018-02-13,MSCI-TROW,1001.5172424316406,250000.0,37
2018-02-13,DECK-LVS,-7968.573866844177,250000.0,37
2018-02-13,EL-MNST,-6886.5087604522705,250000.0,37
2018-02-13,CBOE-MSCI,-9444.062873840332,250000.0,37
2018-02-14,MSCI-TROW,-6764.2665939331055,250000.0,37
2018-02-14,DECK-LVS,-5732.301249504089,250000.0,37
2018-02-14,EL-MNST,-8433.594860076904,250000.0,37
2018-02-14,CBOE-MSCI,-14787.706283569336,250000.0,37
2018-02-15,MSCI-TROW,-11940.860931396484,250000.0,37
2018-02-15,DECK-LVS,-5319.44665145874,250000.0,37
2018-02-15,EL-MNST,-1579.7471866607666,250000.0,37
2018-02-15,CBOE-MSCI,-16813.25119781494,250000.0,37
2018-02-16,DECK-LVS,-2228.808938026428,250000.0,37
2018-02-16,EL-MNST,-4329.498352050781,250000.0,37
2018-02-22,SNPS-TDY,0.0,250000.0,37
2018-02-23,SNPS-TDY,1836.8641204833984,250000.0,37
2018-02-26,SNPS-TDY,1391.8738632202148,250000.0,37
2018-02-27,SNPS-TDY,4124.567756652832,250000.0,37
2018-02-28,SNPS-TDY,5040.388603210449,250000.0,37
2018-03-01,EL-MNST,0.0,250000.0,37
2018-03-02,EL-MNST,-2897.7271299362183,250000.0,37
2018-03-02,CTSH-WDAY,0.0,250000.0,37
2018-03-05,EL-MNST,3157.378441810608,250000.0,37
2018-03-05,CTSH-WDAY,933.2678451538086,250000.0,37
2018-03-06,EL-MNST,1542.6687965393066,250000.0,37
2018-03-06,CTSH-WDAY,-1558.3519592285156,250000.0,37
2018-03-06,PKG-SW,0.0,250000.0,37
2018-03-07,EL-MNST,-91.38046932220459,250000.0,37
2018-03-07,CTSH-WDAY,-3924.4646911621094,250000.0,37
2018-03-07,PKG-SW,-2312.903118133545,250000.0,37
2018-03-08,EL-MNST,4766.873928070068,250000.0,37
2018-03-08,CTSH-WDAY,-2828.784896850586,250000.0,37
2018-03-08,PKG-SW,-3355.4199180603027,250000.0,37
2018-03-08,DECK-LVS,0.0,250000.0,37
2018-03-09,EL-MNST,9618.267550468445,250000.0,37
2018-03-09,CTSH-WDAY,1980.6518325805664,250000.0,37
2018-03-09,PKG-SW,2619.2199745178223,250000.0,37
2018-03-09,DECK-LVS,2653.8409452438354,250000.0,37
2018-03-12,EL-MNST,10926.661390304565,250000.0,37
2018-03-12,CTSH-WDAY,-3401.9704818725586,250000.0,37
2018-03-12,PKG-SW,2995.0875205993652,250000.0,37
2018-03-12,DECK-LVS,-1807.3508520126343,250000.0,37
2018-03-13,EL-MNST,11616.172238349915,250000.0,37
2018-03-13,CTSH-WDAY,-1255.2089614868164,250000.0,37
2018-03-13,PKG-SW,3371.206932067871,250000.0,37
2018-03-13,DECK-LVS,4556.173567771912,250000.0,37
2018-03-14,CTSH-WDAY,-4671.488494873047,250000.0,37
2018-03-14,PKG-SW,1331.4021759033203,250000.0,37
2018-03-14,DECK-LVS,4016.6782627105713,250000.0,37
2018-03-15,CTSH-WDAY,4757.175651550293,250000.0,37
2018-03-15,PKG-SW,-425.1050720214844,250000.0,37
2018-03-15,DECK-LVS,1646.930606842041,250000.0,37
2018-03-16,CTSH-WDAY,5890.266273498535,250000.0,37
2018-03-16,PKG-SW,688.241943359375,250000.0,37
2018-03-16,DECK-LVS,2269.5875730514526,250000.0,37
2018-03-19,PKG-SW,-2806.0003814697266,250000.0,37
2018-03-19,DECK-LVS,1810.7365837097168,250000.0,37
2018-03-19,WAT-ZTS,0.0,250000.0,37
2018-03-20,PKG-SW,1223.6191310882568,250000.0,37
2018-03-20,DECK-LVS,1673.950837135315,250000.0,37
2018-03-20,WAT-ZTS,2281.9151306152344,250000.0,37
2018-03-20,MSCI-TROW,0.0,250000.0,37
2018-03-21,PKG-SW,3376.7576427459717,250000.0,37
2018-03-21,DECK-LVS,4734.4934186935425,250000.0,37
2018-03-21,MSCI-TROW,1054.7165222167969,250000.0,37
2018-03-22,MSCI-TROW,-7133.138137817383,250000.0,37
2018-03-23,DECK-LVS,0.0,250000.0,37
2018-03-23,HST-WY,0.0,250000.0,37
2018-03-26,DECK-LVS,2309.7451171875,250000.0,37
2018-03-26,HST-WY,1733.5457925796509,250000.0,37
2018-03-26,PKG-SW,0.0,250000.0,37
2018-03-27,DECK-LVS,6364.203094482422,250000.0,37
2018-03-27,PKG-SW,2012.5665664672852,250000.0,37
2018-03-28,DECK-LVS,4247.821350097656,250000.0,37
2018-03-28,PKG-SW,-1344.3336868286133,250000.0,37
2018-04-02,BAX-HUM,0.0,250000.0,37
2018-04-03,BAX-HUM,1074.334243774414,250000.0,37
2018-04-04,BAX-HUM,-1196.2398071289062,250000.0,37
2018-04-05,BAX-HUM,3521.4112854003906,250000.0,37
2018-04-06,BAX-HUM,-630.5338897705078,250000.0,37
2018-04-09,BAX-HUM,2280.9444732666016,250000.0,37
2018-04-10,BAX-HUM,6975.471633911133,250000.0,37
2018-04-11,BAX-HUM,5374.847900390625,250000.0,37
2018-04-12,BAX-HUM,6183.517044067383,250000.0,37
2018-04-13,BAX-HUM,4125.975845336914,250000.0,37
2018-04-16,BAX-HUM,4612.388702392578,250000.0,37
2018-04-17,BAX-HUM,1530.6884002685547,250000.0,37
2018-04-18,BAX-HUM,1358.9408721923828,250000.0,37
2018-04-19,BAX-HUM,3217.4940490722656,250000.0,37
2018-04-20,BAX-HUM,4314.782501220703,250000.0,37
2018-04-23,BAX-HUM,4560.38703918457,250000.0,37
2018-04-24,BAX-HUM,424.4192199707031,250000.0,37
2018-04-24,WAT-ZTS,0.0,250000.0,37
2018-04-24,FITB-MS,0.0,250000.0,37
2018-04-25,WAT-ZTS,-2390.703788757324,250000.0,37
2018-04-25,FITB-MS,-6619.309734344482,250000.0,37
2018-04-26,WAT-ZTS,-3425.332878112793,250000.0,37
2018-04-26,FITB-MS,-6353.19123840332,250000.0,37
2018-04-26,BAX-HUM,0.0,250000.0,37
2018-04-27,WAT-ZTS,-4517.716773986816,250000.0,37
2018-04-27,FITB-MS,-8059.002067565918,250000.0,37
2018-04-27,BAX-HUM,121.41120529174805,250000.0,37
2018-04-30,WAT-ZTS,-2878.9924850463867,250000.0,37
2018-04-30,FITB-MS,-5172.605255126953,250000.0,37
2018-04-30,BAX-HUM,-759.4609413146973,250000.0,37
2018-03-05,MCO-MSCI,0.0,250000.0,38
2018-03-06,IR-URI,0.0,250000.0,38
2018-03-07,IR-URI,4991.570693969727,250000.0,38
2018-03-08,IR-URI,6415.491394042969,250000.0,38
2018-03-09,IR-URI,2998.367645263672,250000.0,38
2018-03-12,IR-URI,4030.637466430664,250000.0,38
2018-03-13,IR-URI,3175.923110961914,250000.0,38
2018-03-13,MRVL-TXN,0.0,250000.0,38
2018-03-20,DOV-TXT,0.0,250000.0,38
2018-03-21,DOV-TXT,2809.3243370056152,250000.0,38
2018-03-22,SYK-TECH,0.0,250000.0,38
2018-03-23,SYK-TECH,-1758.722267150879,250000.0,38
2018-03-23,HST-WY,0.0,250000.0,38
2018-03-23,ICE-RJF,0.0,250000.0,38
2018-03-26,SYK-TECH,-3601.0979385375977,250000.0,38
2018-03-26,HST-WY,1733.5457925796509,250000.0,38
2018-03-26,ICE-RJF,-4771.00305557251,250000.0,38
2018-03-27,SYK-TECH,-3251.009078979492,250000.0,38
2018-03-27,ICE-RJF,-5017.738048553467,250000.0,38
2018-03-28,SYK-TECH,-4536.523910522461,250000.0,38
2018-03-28,ICE-RJF,-3176.5036659240723,250000.0,38
2018-03-28,MRVL-TXN,0.0,250000.0,38
2018-03-28,IR-URI,0.0,250000.0,38
2018-03-29,SYK-TECH,-4714.40364074707,250000.0,38
2018-03-29,ICE-RJF,-2375.9766960144043,250000.0,38
2018-03-29,MRVL-TXN,371.77991485595703,250000.0,38
2018-03-29,IR-URI,1571.1201782226562,250000.0,38
2018-03-29,A-CNC,0.0,250000.0,38
2018-04-02,SYK-TECH,-3712.528823852539,250000.0,38
2018-04-02,ICE-RJF,-5044.862796783447,250000.0,38
2018-04-02,MRVL-TXN,-394.9642562866211,250000.0,38
2018-04-02,IR-URI,1808.1984405517578,250000.0,38
2018-04-02,A-CNC,-5228.00235748291,250000.0,38
2018-04-02,HON-IR,0.0,250000.0,38
2018-04-02,CSX-DAL,0.0,250000.0,38
2018-04-03,SYK-TECH,-655.840576171875,250000.0,38
2018-04-03,MRVL-TXN,-1751.3948974609375,250000.0,38
2018-04-03,IR-URI,2495.2709884643555,250000.0,38
2018-04-03,A-CNC,-2285.981117248535,250000.0,38
2018-04-03,HON-IR,270.7903690338135,250000.0,38
2018-04-03,CSX-DAL,4864.446399688721,250000.0,38
2018-04-04,SYK-TECH,-2449.8300399780273,250000.0,38
2018-04-04,MRVL-TXN,-2591.447380065918,250000.0,38
2018-04-04,A-CNC,-2667.4419746398926,250000.0,38
2018-04-04,HON-IR,-760.4302024841309,250000.0,38
2018-04-04,CSX-DAL,6497.500333786011,250000.0,38
2018-04-05,SYK-TECH,-1631.0134582519531,250000.0,38
2018-04-05,A-CNC,-7946.7393226623535,250000.0,38
2018-04-05,HON-IR,3834.6472187042236,250000.0,38
2018-04-06,A-CNC,-9296.698219299316,250000.0,38
2018-04-09,A-CNC,-3813.187843322754,250000.0,38
2018-04-10,A-CNC,-2869.0250701904297,250000.0,38
2018-04-10,CL-HSY,0.0,250000.0,38
2018-04-11,A-CNC,267.92043685913086,250000.0,38
2018-04-11,CL-HSY,3894.7955474853516,250000.0,38
2018-04-12,A-CNC,3280.01407623291,250000.0,38
2018-04-12,CL-HSY,3385.4922485351562,250000.0,38
2018-04-13,A-CNC,1858.505844116211,250000.0,38
2018-04-13,CL-HSY,942.2679977416992,250000.0,38
2018-04-13,ICE-RJF,0.0,250000.0,38
2018-04-16,CL-HSY,-1271.4745483398438,250000.0,38
2018-04-16,ICE-RJF,145.76451110839844,250000.0,38
2018-04-17,CL-HSY,-431.1795883178711,250000.0,38
2018-04-17,ICE-RJF,335.7091369628906,250000.0,38
2018-04-18,CL-HSY,-3190.6689071655273,250000.0,38
2018-04-18,ICE-RJF,-4763.823791503906,250000.0,38
2018-04-18,DOV-TXT,0.0,250000.0,38
2018-04-19,CL-HSY,2134.7972259521484,250000.0,38
2018-04-19,ICE-RJF,-1900.2125854492188,250000.0,38
2018-04-19,DOV-TXT,-5809.270248413086,250000.0,38
2018-04-19,IR-URI,0.0,250000.0,38
2018-04-20,ICE-RJF,-1417.9804992675781,250000.0,38
2018-04-20,DOV-TXT,-6216.717086791992,250000.0,38
2018-04-20,IR-URI,-6780.068157196045,250000.0,38
2018-04-20,ROK-SWK,0.0,250000.0,38
2018-04-23,ICE-RJF,28.716445922851562,250000.0,38
2018-04-23,DOV-TXT,-3777.670120239258,250000.0,38
2018-04-23,IR-URI,-5499.8770179748535,250000.0,38
2018-04-23,ROK-SWK,1057.6700897216797,250000.0,38
2018-04-23,CL-HSY,0.0,250000.0,38
2018-04-24,ICE-RJF,1855.2855987548828,250000.0,38
2018-04-24,CL-HSY,2587.908061981201,250000.0,38
2018-04-24,FITB-JPM,0.0,250000.0,38
2018-04-25,ICE-RJF,803.3458099365234,250000.0,38
2018-04-25,CL-HSY,-736.7905120849609,250000.0,38
2018-04-25,FITB-JPM,-2758.448501586914,250000.0,38
2018-04-25,MRVL-TXN,0.0,250000.0,38
2018-04-26,CL-HSY,964.0802917480469,250000.0,38
2018-04-26,FITB-JPM,-3007.968286514282,250000.0,38
2018-04-26,MRVL-TXN,5615.494155883789,250000.0,38
2018-04-26,CTAS-ODFL,0.0,250000.0,38
2018-04-27,CL-HSY,665.4023170471191,250000.0,38
2018-04-27,FITB-JPM,-5901.877550125122,250000.0,38
2018-04-27,MRVL-TXN,898.6758842468262,250000.0,38
2018-04-27,CTAS-ODFL,1501.8031311035156,250000.0,38
2018-04-30,CL-HSY,-3199.3558044433594,250000.0,38
2018-04-30,FITB-JPM,-3191.935094833374,250000.0,38
2018-04-30,MRVL-TXN,712.7256412506104,250000.0,38
2018-04-30,CTAS-ODFL,4779.8702392578125,250000.0,38
2018-05-01,CL-HSY,-2852.9818077087402,250000.0,38
2018-05-01,FITB-JPM,-4376.173547744751,250000.0,38
2018-05-01,MRVL-TXN,-1551.3431186676025,250000.0,38
2018-05-01,CTAS-ODFL,-1575.4198913574219,250000.0,38
2018-05-02,CL-HSY,-8725.318992614746,250000.0,38
2018-05-02,FITB-JPM,-2521.3622646331787,250000.0,38
2018-05-02,MRVL-TXN,1839.1790752410889,250000.0,38
2018-05-02,CTAS-ODFL,2582.5692443847656,250000.0,38
2018-05-02,MA-MSCI,0.0,250000.0,38
2018-05-03,CL-HSY,-8124.169616699219,250000.0,38
2018-05-03,FITB-JPM,-1131.4459190368652,250000.0,38
2018-05-03,MRVL-TXN,2609.0855503082275,250000.0,38
2018-05-03,CTAS-ODFL,310.8670349121094,250000.0,38
2018-05-03,MA-MSCI,-3010.5153198242188,250000.0,38
2018-05-04,CL-HSY,-11470.790157318115,250000.0,38
2018-05-04,FITB-JPM,-618.6941986083984,250000.0,38
2018-05-04,MRVL-TXN,2789.8729877471924,250000.0,38
2018-05-04,CTAS-ODFL,-143.320068359375,250000.0,38
2018-05-04,MA-MSCI,-574.4096984863281,250000.0,38
2018-05-07,FITB-JPM,325.4975280761719,250000.0,38
2018-05-07,MRVL-TXN,-1126.0341320037842,250000.0,38
2018-05-07,CTAS-ODFL,6055.571380615234,250000.0,38
2018-05-07,MA-MSCI,2723.2373962402344,250000.0,38
2018-05-08,FITB-JPM,2248.282121658325,250000.0,38
2018-05-08,MRVL-TXN,-735.1883945465088,250000.0,38
2018-05-08,CTAS-ODFL,11577.11929321289,250000.0,38
2018-05-08,MA-MSCI,1312.9448547363281,250000.0,38
2018-05-08,DTE-XEL,0.0,250000.0,38
2018-05-09,FITB-JPM,4174.860271453857,250000.0,38
2018-05-09,MRVL-TXN,-3780.4382724761963,250000.0,38
2018-05-09,MA-MSCI,3362.6519775390625,250000.0,38
2018-05-09,DTE-XEL,-1895.0666427612305,250000.0,38
2018-05-10,FITB-JPM,4484.4436111450195,250000.0,38
2018-05-10,MA-MSCI,5230.072601318359,250000.0,38
2018-05-10,DTE-XEL,-599.6877365112305,250000.0,38
2018-05-11,FITB-JPM,3261.488067626953,250000.0,38
2018-05-11,CSX-DAL,0.0,250000.0,38
2018-05-14,FITB-JPM,3040.43341255188,250000.0,38
2018-05-21,FITB-JPM,0.0,250000.0,38
2018-05-21,CTAS-ODFL,0.0,250000.0,38
2018-05-22,FITB-JPM,2515.9570503234863,250000.0,38
2018-05-22,CTAS-ODFL,3516.5977821350098,250000.0,38
2018-05-23,FITB-JPM,585.3638458251953,250000.0,38
2018-05-23,CTAS-ODFL,770.3008003234863,250000.0,38
2018-05-24,FITB-JPM,5901.41996383667,250000.0,38
2018-05-24,CTAS-ODFL,-4829.189895629883,250000.0,38
2018-05-25,FITB-JPM,5380.739765167236,250000.0,38
2018-05-25,CTAS-ODFL,-6272.879055023193,250000.0,38
2018-05-29,CTAS-ODFL,-7216.587837219238,250000.0,38
2018-04-02,CSX-DAL,0.0,250000.0,39
2018-04-02,HON-IR,0.0,250000.0,39
2018-04-03,CSX-DAL,4864.446399688721,250000.0,39
2018-04-03,HON-IR,270.7903690338135,250000.0,39
2018-04-04,CSX-DAL,6497.500333786011,250000.0,39
2018-04-04,HON-IR,-760.4302024841309,250000.0,39
2018-04-05,HON-IR,3834.6472187042236,250000.0,39
2018-04-06,DOV-IR,0.0,250000.0,39
2018-04-09,DOV-IR,3244.221574783325,250000.0,39
2018-04-10,DOV-IR,-3946.6989574432373,250000.0,39
2018-04-10,CL-HSY,0.0,250000.0,39
2018-04-11,DOV-IR,-8488.683919906616,250000.0,39
2018-04-11,CL-HSY,3894.7955474853516,250000.0,39
2018-04-12,CL-HSY,3385.4922485351562,250000.0,39
2018-04-13,CL-HSY,942.2679977416992,250000.0,39
2018-04-13,ICE-RJF,0.0,250000.0,39
2018-04-16,CL-HSY,-1271.4745483398438,250000.0,39
2018-04-16,ICE-RJF,145.76451110839844,250000.0,39
2018-04-17,CL-HSY,-431.1795883178711,250000.0,39
2018-04-17,ICE-RJF,335.7091369628906,250000.0,39
2018-04-17,BAC-CPAY,0.0,250000.0,39
2018-04-18,CL-HSY,-3190.6689071655273,250000.0,39
2018-04-18,ICE-RJF,-4763.823791503906,250000.0,39
2018-04-18,BAC-CPAY,-5409.443513870239,250000.0,39
2018-04-18,DOV-TXT,0.0,250000.0,39
2018-04-19,CL-HSY,2134.7972259521484,250000.0,39
2018-04-19,ICE-RJF,-1900.2125854492188,250000.0,39
2018-04-19,BAC-CPAY,116.52329063415527,250000.0,39
2018-04-19,DOV-TXT,-5809.270248413086,250000.0,39
2018-04-20,ICE-RJF,-1417.9804992675781,250000.0,39
2018-04-20,BAC-CPAY,1504.4677639007568,250000.0,39
2018-04-20,DOV-TXT,-6216.717086791992,250000.0,39
2018-04-20,ROK-SWK,0.0,250000.0,39
2018-04-20,AEP-DTE,0.0,250000.0,39
2018-04-23,ICE-RJF,28.716445922851562,250000.0,39
2018-04-23,BAC-CPAY,4941.378684997559,250000.0,39
2018-04-23,DOV-TXT,-3777.670120239258,250000.0,39
2018-04-23,ROK-SWK,1057.6700897216797,250000.0,39
2018-04-23,AEP-DTE,1513.1044845581055,250000.0,39
2018-04-23,CL-HSY,0.0,250000.0,39
2018-04-24,ICE-RJF,1855.2855987548828,250000.0,39
2018-04-24,BAC-CPAY,4875.822917938232,250000.0,39
2018-04-24,CL-HSY,2587.908061981201,250000.0,39
2018-04-24,FITB-JPM,0.0,250000.0,39
2018-04-24,FITB-MS,0.0,250000.0,39
2018-04-24,AME-CTAS,0.0,250000.0,39
2018-04-24,DHI-PHM,0.0,250000.0,39
2018-04-25,ICE-RJF,803.3458099365234,250000.0,39
2018-04-25,CL-HSY,-736.7905120849609,250000.0,39
2018-04-25,FITB-JPM,-2758.448501586914,250000.0,39
2018-04-25,FITB-MS,-6619.309734344482,250000.0,39
2018-04-25,AME-CTAS,966.8040924072266,250000.0,39
2018-04-25,DHI-PHM,-935.3594131469727,250000.0,39
2018-04-25,MRVL-TXN,0.0,250000.0,39
2018-04-26,CL-HSY,964.0802917480469,250000.0,39
2018-04-26,FITB-JPM,-3007.968286514282,250000.0,39
2018-04-26,FITB-MS,-6353.19123840332,250000.0,39
2018-04-26,AME-CTAS,-3293.52779006958,250000.0,39
2018-04-26,DHI-PHM,-2545.8337173461914,250000.0,39
2018-04-26,MRVL-TXN,5615.494155883789,250000.0,39
2018-04-27,CL-HSY,665.4023170471191,250000.0,39
2018-04-27,FITB-JPM,-5901.877550125122,250000.0,39
2018-04-27,FITB-MS,-8059.002067565918,250000.0,39
2018-04-27,AME-CTAS,-6084.251602172852,250000.0,39
2018-04-27,DHI-PHM,-4314.152416229248,250000.0,39
2018-04-27,MRVL-TXN,898.6758842468262,250000.0,39
2018-04-27,DLR-MAA,0.0,250000.0,39
2018-04-30,CL-HSY,-3199.3558044433594,250000.0,39
2018-04-30,FITB-JPM,-3191.935094833374,250000.0,39
2018-04-30,FITB-MS,-5172.605255126953,250000.0,39
2018-04-30,AME-CTAS,-6251.948696136475,250000.0,39
2018-04-30,DHI-PHM,-3806.679542541504,250000.0,39
2018-04-30,MRVL-TXN,712.7256412506104,250000.0,39
2018-04-30,DLR-MAA,3654.8213272094727,250000.0,39
2018-05-01,CL-HSY,-2852.9818077087402,250000.0,39
2018-05-01,FITB-JPM,-4376.173547744751,250000.0,39
2018-05-01,FITB-MS,-5431.2369384765625,250000.0,39
2018-05-01,MRVL-TXN,-1551.3431186676025,250000.0,39
2018-05-02,CL-HSY,-8725.318992614746,250000.0,39
2018-05-02,FITB-JPM,-2521.3622646331787,250000.0,39
2018-05-02,FITB-MS,-2234.3833045959473,250000.0,39
2018-05-02,MRVL-TXN,1839.1790752410889,250000.0,39
2018-05-02,MA-MSCI,0.0,250000.0,39
2018-05-03,CL-HSY,-8124.169616699219,250000.0,39
2018-05-03,FITB-JPM,-1131.4459190368652,250000.0,39
2018-05-03,FITB-MS,-2304.6061782836914,250000.0,39
2018-05-03,MRVL-TXN,2609.0855503082275,250000.0,39
2018-05-03,MA-MSCI,-3010.5153198242188,250000.0,39
2018-05-03,FTV-LDOS,0.0,250000.0,39
2018-05-04,CL-HSY,-11470.790157318115,250000.0,39
2018-05-04,FITB-JPM,-618.6941986083984,250000.0,39
2018-05-04,FITB-MS,-2923.0653915405273,250000.0,39
2018-05-04,MRVL-TXN,2789.8729877471924,250000.0,39
2018-05-04,MA-MSCI,-574.4096984863281,250000.0,39
2018-05-04,FTV-LDOS,-1988.398681640625,250000.0,39
2018-05-07,FITB-JPM,325.4975280761719,250000.0,39
2018-05-07,FITB-MS,605.0247421264648,250000.0,39
2018-05-07,MRVL-TXN,-1126.0341320037842,250000.0,39
2018-05-07,MA-MSCI,2723.2373962402344,250000.0,39
2018-05-07,FTV-LDOS,463.8450698852539,250000.0,39
2018-05-08,FITB-JPM,2248.282121658325,250000.0,39
2018-05-08,FITB-MS,3584.622459411621,250000.0,39
2018-05-08,MRVL-TXN,-735.1883945465088,250000.0,39
2018-05-08,MA-MSCI,1312.9448547363281,250000.0,39
2018-05-08,FTV-LDOS,2085.853240966797,250000.0,39
2018-05-08,DTE-XEL,0.0,250000.0,39
2018-05-08,AEP-DTE,0.0,250000.0,39
2018-05-09,FITB-JPM,4174.860271453857,250000.0,39
2018-05-09,FITB-MS,3708.0481338500977,250000.0,39
2018-05-09,MRVL-TXN,-3780.4382724761963,250000.0,39
2018-05-09,MA-MSCI,3362.6519775390625,250000.0,39
2018-05-09,FTV-LDOS,4482.94921875,250000.0,39
2018-05-09,DTE-XEL,-1895.0666427612305,250000.0,39
2018-05-09,AEP-DTE,-1135.6421279907227,250000.0,39
2018-05-10,FITB-JPM,4484.4436111450195,250000.0,39
2018-05-10,FITB-MS,6322.523365020752,250000.0,39
2018-05-10,MA-MSCI,5230.072601318359,250000.0,39
2018-05-10,FTV-LDOS,6186.791458129883,250000.0,39
2018-05-10,DTE-XEL,-599.6877365112305,250000.0,39
2018-05-10,AEP-DTE,-504.57286071777344,250000.0,39
2018-05-11,FITB-JPM,3261.488067626953,250000.0,39
2018-05-11,FITB-MS,6836.092433929443,250000.0,39
2018-05-11,FTV-LDOS,6830.39022064209,250000.0,39
2018-05-11,CSX-DAL,0.0,250000.0,39
2018-05-14,FITB-JPM,3040.43341255188,250000.0,39
2018-05-14,FITB-MS,6626.002590179443,250000.0,39
2018-05-14,FTV-LDOS,1579.8422241210938,250000.0,39
2018-05-15,FITB-MS,3168.3764305114746,250000.0,39
2018-05-15,FTV-LDOS,-1523.6566467285156,250000.0,39
2018-05-16,FITB-MS,3492.5237998962402,250000.0,39
2018-05-16,FTV-LDOS,-2687.5565643310547,250000.0,39
2018-05-17,FITB-MS,3263.025192260742,250000.0,39
2018-05-17,FTV-LDOS,-6702.661590576172,250000.0,39
2018-05-18,FITB-MS,3337.0515327453613,250000.0,39
2018-05-21,FITB-JPM,0.0,250000.0,39
2018-05-22,FITB-JPM,2515.9570503234863,250000.0,39
2018-05-23,FITB-JPM,585.3638458251953,250000.0,39
2018-05-24,FITB-JPM,5901.41996383667,250000.0,39
2018-05-25,FITB-JPM,5380.739765167236,250000.0,39
2018-06-08,DHI-PHM,0.0,250000.0,39
2018-06-11,DHI-PHM,2049.8045654296875,250000.0,39
2018-06-11,HON-IR,0.0,250000.0,39
2018-06-11,DOV-IR,0.0,250000.0,39
2018-06-12,DHI-PHM,-1902.7033367156982,250000.0,39
2018-06-12,HON-IR,-3900.4698944091797,250000.0,39
2018-06-12,DOV-IR,-2574.267333984375,250000.0,39
2018-06-13,HON-IR,-3614.0235290527344,250000.0,39
2018-06-13,DOV-IR,-1691.8270263671875,250000.0,39
2018-06-13,DLR-MAA,0.0,250000.0,39
2018-06-14,HON-IR,3157.019729614258,250000.0,39
2018-06-14,DOV-IR,6776.221603393555,250000.0,39
2018-06-14,DLR-MAA,1931.1737213134766,250000.0,39
2018-06-14,NWS-NWSA,0.0,250000.0,39
2018-06-15,HON-IR,1752.6962032318115,250000.0,39
2018-06-15,DOV-IR,2338.274892807007,250000.0,39
2018-06-15,DLR-MAA,1977.3920669555664,250000.0,39
2018-06-18,HON-IR,4780.702764511108,250000.0,39
2018-06-18,DOV-IR,5396.6219692230225,250000.0,39
2018-06-18,DLR-MAA,2562.280548095703,250000.0,39
2018-06-19,HON-IR,5406.802730560303,250000.0,39
2018-06-19,DOV-IR,4519.982387542725,250000.0,39
2018-06-19,DLR-MAA,2592.9577407836914,250000.0,39
2018-06-20,HON-IR,-3542.916534423828,250000.0,39
2018-06-20,DOV-IR,-4353.092956542969,250000.0,39
2018-06-20,DLR-MAA,-263.1138687133789,250000.0,39
2018-06-21,HON-IR,-1508.0707721710205,250000.0,39
2018-06-21,DOV-IR,-5237.235231399536,250000.0,39
2018-06-21,DLR-MAA,-1728.0234603881836,250000.0,39
2018-06-22,HON-IR,6063.110609054565,250000.0,39
2018-06-22,DOV-IR,1613.8952007293701,250000.0,39
2018-06-22,DLR-MAA,-2236.237174987793,250000.0,39
2018-06-25,HON-IR,1548.0576286315918,250000.0,39
2018-06-25,DOV-IR,-3058.6649208068848,250000.0,39
2018-06-25,DLR-MAA,-2390.1505279541016,250000.0,39
2018-06-26,HON-IR,7720.754390716553,250000.0,39
2018-06-26,DOV-IR,3586.8231925964355,250000.0,39
2018-06-26,DLR-MAA,-387.1074981689453,250000.0,39
2018-06-27,HON-IR,11245.101892471313,250000.0,39
2018-06-27,DOV-IR,6025.570825576782,250000.0,39
2018-06-27,DLR-MAA,969.8289642333984,250000.0,39
2018-06-28,HON-IR,12185.273891448975,250000.0,39
2018-06-28,DOV-IR,6419.728130340576,250000.0,39
2018-06-28,MRVL-TXN,0.0,250000.0,39
2018-06-29,HON-IR,10664.39028930664,250000.0,39
2018-06-29,DOV-IR,5878.130905151367,250000.0,39
2018-06-29,MRVL-TXN,3955.310911178589,250000.0,39
2018-06-29,DLR-MAA,0.0,250000.0,39
2018-05-02,AVGO-COHR,0.0,250000.0,40
2018-05-03,AVGO-COHR,-3944.246753692627,250000.0,40
2018-05-04,AVGO-COHR,2757.135025024414,250000.0,40
2018-05-04,BLK-CPAY,0.0,250000.0,40
2018-05-07,AVGO-COHR,3096.5755729675293,250000.0,40
2018-05-07,BLK-CPAY,3136.029769897461,250000.0,40
2018-05-07,CTSH-WDAY,0.0,250000.0,40
2018-05-08,BLK-CPAY,4104.557907104492,250000.0,40
2018-05-08,CTSH-WDAY,-14344.995391845703,250000.0,40
2018-05-08,DTE-XEL,0.0,250000.0,40
2018-05-08,EOG-FANG,0.0,250000.0,40
2018-05-08,AEP-DTE,0.0,250000.0,40
2018-05-09,BLK-CPAY,2864.4454956054688,250000.0,40
2018-05-09,DTE-XEL,-1895.0666427612305,250000.0,40
2018-05-09,EOG-FANG,-1798.7444381713867,250000.0,40
2018-05-09,AEP-DTE,-1135.6421279907227,250000.0,40
2018-05-10,BLK-CPAY,2031.8018493652344,250000.0,40
2018-05-10,DTE-XEL,-599.6877365112305,250000.0,40
2018-05-10,AEP-DTE,-504.57286071777344,250000.0,40
2018-05-11,BLK-CPAY,-886.5682373046875,250000.0,40
2018-05-14,BLK-CPAY,-1100.517578125,250000.0,40
2018-05-15,BLK-CPAY,101.93142700195312,250000.0,40
2018-05-15,ADI-HPQ,0.0,250000.0,40
2018-05-16,BLK-CPAY,1373.4805908203125,250000.0,40
2018-05-16,ADI-HPQ,-1215.9042949676514,250000.0,40
2018-05-17,BLK-CPAY,3743.3482208251953,250000.0,40
2018-05-17,ADI-HPQ,-1174.0986557006836,250000.0,40
2018-05-18,BLK-CPAY,1867.1916961669922,250000.0,40
2018-05-18,ADI-HPQ,-2543.0769596099854,250000.0,40
2018-05-21,ADI-HPQ,-4280.339841842651,250000.0,40
2018-05-21,GPN-SPGI,0.0,250000.0,40
2018-05-22,ADI-HPQ,-5649.438302993774,250000.0,40
2018-05-22,GPN-SPGI,-2600.078468322754,250000.0,40
2018-05-22,BLK-CPAY,0.0,250000.0,40
2018-05-23,ADI-HPQ,-3900.3235473632812,250000.0,40
2018-05-23,GPN-SPGI,-3487.037452697754,250000.0,40
2018-05-23,BLK-CPAY,1843.7242736816406,250000.0,40
2018-05-24,ADI-HPQ,-5484.420558929443,250000.0,40
2018-05-24,GPN-SPGI,-519.6218109130859,250000.0,40
2018-05-25,ADI-HPQ,-6739.976875305176,250000.0,40
2018-05-25,HLT-ROST,0.0,250000.0,40
2018-05-29,HLT-ROST,3022.4066848754883,250000.0,40
2018-05-30,HLT-ROST,5265.669456481934,250000.0,40
2018-05-31,HLT-ROST,7476.074615478516,250000.0,40
2018-06-01,CTSH-WDAY,0.0,250000.0,40
2018-06-04,CTSH-WDAY,3115.160575866699,250000.0,40
2018-06-05,CTSH-WDAY,4530.598602294922,250000.0,40
2018-06-06,CTSH-WDAY,1944.7063064575195,250000.0,40
2018-06-07,CTSH-WDAY,-5536.183433532715,250000.0,40
2018-06-07,WDAY-ZBRA,0.0,250000.0,40
2018-06-08,CTSH-WDAY,-5117.761100769043,250000.0,40
2018-06-08,WDAY-ZBRA,-2447.0321044921875,250000.0,40
2018-06-08,DHI-PHM,0.0,250000.0,40
2018-06-11,CTSH-WDAY,-6197.571334838867,250000.0,40
2018-06-11,WDAY-ZBRA,-1328.5946655273438,250000.0,40
2018-06-11,DHI-PHM,2049.8045654296875,250000.0,40
2018-06-11,HON-IR,0.0,250000.0,40
2018-06-12,CTSH-WDAY,-1637.0033340454102,250000.0,40
2018-06-12,WDAY-ZBRA,4658.695266723633,250000.0,40
2018-06-12,DHI-PHM,-1902.7033367156982,250000.0,40
2018-06-12,HON-IR,-3900.4698944091797,250000.0,40
2018-06-13,CTSH-WDAY,-1562.0448760986328,250000.0,40
2018-06-13,WDAY-ZBRA,8851.40950012207,250000.0,40
2018-06-13,HON-IR,-3614.0235290527344,250000.0,40
2018-06-13,DLR-MAA,0.0,250000.0,40
2018-06-14,CTSH-WDAY,1064.271987915039,250000.0,40
2018-06-14,HON-IR,3157.019729614258,250000.0,40
2018-06-14,DLR-MAA,1931.1737213134766,250000.0,40
2018-06-14,NWS-NWSA,0.0,250000.0,40
2018-06-15,CTSH-WDAY,-2628.7780685424805,250000.0,40
2018-06-15,HON-IR,1752.6962032318115,250000.0,40
2018-06-15,DLR-MAA,1977.3920669555664,250000.0,40
2018-06-15,BLDR-WM,0.0,250000.0,40
2018-06-15,AVGO-COHR,0.0,250000.0,40
2018-06-18,CTSH-WDAY,4502.773979187012,250000.0,40
2018-06-18,HON-IR,4780.702764511108,250000.0,40
2018-06-18,DLR-MAA,2562.280548095703,250000.0,40
2018-06-18,AVGO-COHR,7531.810638427734,250000.0,40
2018-06-19,HON-IR,5406.802730560303,250000.0,40
2018-06-19,DLR-MAA,2592.9577407836914,250000.0,40
2018-06-19,AVGO-COHR,4887.270057678223,250000.0,40
2018-06-20,HON-IR,-3542.916534423828,250000.0,40
2018-06-20,DLR-MAA,-263.1138687133789,250000.0,40
2018-06-20,AVGO-COHR,8696.148233413696,250000.0,40
2018-06-20,HLT-ROST,0.0,250000.0,40
2018-06-21,HON-IR,-1508.0707721710205,250000.0,40
2018-06-21,DLR-MAA,-1728.0234603881836,250000.0,40
2018-06-21,HLT-ROST,-2557.2818298339844,250000.0,40
2018-06-22,HON-IR,6063.110609054565,250000.0,40
2018-06-22,DLR-MAA,-2236.237174987793,250000.0,40
2018-06-22,HLT-ROST,-1093.3837890625,250000.0,40
2018-06-25,HON-IR,1548.0576286315918,250000.0,40
2018-06-25,DLR-MAA,-2390.1505279541016,250000.0,40
2018-06-25,HLT-ROST,-3102.0346908569336,250000.0,40
2018-06-25,CME-GPN,0.0,250000.0,40
2018-06-26,HON-IR,7720.754390716553,250000.0,40
2018-06-26,DLR-MAA,-387.1074981689453,250000.0,40
2018-06-26,HLT-ROST,-3768.1009674072266,250000.0,40
2018-06-26,CME-GPN,80.28630065917969,250000.0,40
2018-06-27,HON-IR,11245.101892471313,250000.0,40
2018-06-27,DLR-MAA,969.8289642333984,250000.0,40
2018-06-27,HLT-ROST,-4556.078399658203,250000.0,40
2018-06-27,CME-GPN,-1886.651596069336,250000.0,40
2018-06-28,HON-IR,12185.273891448975,250000.0,40
2018-06-28,HLT-ROST,-5245.2891845703125,250000.0,40
2018-06-28,CME-GPN,286.37176513671875,250000.0,40
2018-06-29,HON-IR,10664.39028930664,250000.0,40
2018-06-29,HLT-ROST,-1911.1564712524414,250000.0,40
2018-06-29,CME-GPN,3619.2237548828125,250000.0,40
2018-06-29,AKAM-ROP,0.0,250000.0,40
2018-06-29,DLR-MAA,0.0,250000.0,40
2018-07-02,HON-IR,2313.708972930908,250000.0,40
2018-07-02,HLT-ROST,-1034.2233276367188,250000.0,40
2018-07-02,AKAM-ROP,1903.8978652954102,250000.0,40
2018-07-02,DLR-MAA,-4057.6397399902344,250000.0,40
2018-07-03,HON-IR,3499.8930320739746,250000.0,40
2018-07-03,HLT-ROST,-2353.715675354004,250000.0,40
2018-07-03,DLR-MAA,-5534.828643798828,250000.0,40
2018-07-05,HON-IR,4039.445583343506,250000.0,40
2018-07-09,ADI-HPQ,0.0,250000.0,40
2018-07-10,ADI-HPQ,-3276.553596496582,250000.0,40
2018-07-11,ADI-HPQ,1853.6365966796875,250000.0,40
2018-07-11,WDAY-ZBRA,0.0,250000.0,40
2018-07-12,ADI-HPQ,147.1472625732422,250000.0,40
2018-07-12,WDAY-ZBRA,1693.242919921875,250000.0,40
2018-07-12,AVGO-COHR,0.0,250000.0,40
2018-07-12,AEP-DTE,0.0,250000.0,40
2018-07-13,ADI-HPQ,-2204.836151123047,250000.0,40
2018-07-13,WDAY-ZBRA,3107.9109497070312,250000.0,40
2018-07-13,AVGO-COHR,-6480.674524307251,250000.0,40
2018-07-13,AEP-DTE,-735.4083976745605,250000.0,40
2018-07-16,ADI-HPQ,-1438.5768814086914,250000.0,40
2018-07-16,WDAY-ZBRA,-418.556640625,250000.0,40
2018-07-16,AVGO-COHR,-3933.670883178711,250000.0,40
2018-07-16,AEP-DTE,-765.6524658203125,250000.0,40
2018-07-17,ADI-HPQ,-707.8886184692383,250000.0,40
2018-07-17,WDAY-ZBRA,1838.5642700195312,250000.0,40
2018-07-17,AVGO-COHR,-4616.775522232056,250000.0,40
2018-07-17,AEP-DTE,-888.7932777404785,250000.0,40
2018-07-18,ADI-HPQ,1198.3074264526367,250000.0,40
2018-07-18,AVGO-COHR,-8126.342620849609,250000.0,40
2018-07-18,AEP-DTE,-789.229793548584,250000.0,40
2018-07-19,AVGO-COHR,-6739.631175994873,250000.0,40
2018-07-20,AVGO-COHR,-489.7389221191406,250000.0,40
2018-07-20,ROK-SWK,0.0,250000.0,40
2018-07-20,BLDR-HON,0.0,250000.0,40
2018-07-23,AVGO-COHR,512.3459339141846,250000.0,40
2018-07-23,ROK-SWK,5534.674179077148,250000.0,40
2018-07-23,BLDR-HON,-1780.3234062194824,250000.0,40
2018-07-24,AVGO-COHR,878.6075210571289,250000.0,40
2018-07-24,ROK-SWK,6086.545928955078,250000.0,40
2018-07-24,BLDR-HON,-5698.607139587402,250000.0,40
2018-07-25,AVGO-COHR,6811.063137054443,250000.0,40
2018-07-25,BLDR-WM,0.0,250000.0,40
2018-07-26,AVGO-COHR,1302.0381832122803,250000.0,40
2018-07-26,BLDR-WM,-999.6327209472656,250000.0,40
2018-07-26,AKAM-ROP,0.0,250000.0,40
2018-07-26,DHI-PHM,0.0,250000.0,40
2018-07-27,AKAM-ROP,2955.7456970214844,250000.0,40
2018-07-27,DHI-PHM,-7474.688179016113,250000.0,40
2018-07-27,GPN-SPGI,0.0,250000.0,40
2018-07-27,DLR-MAA,0.0,250000.0,40
2018-07-30,AKAM-ROP,2949.848388671875,250000.0,40
2018-07-30,DHI-PHM,-6914.608909606934,250000.0,40
2018-07-30,GPN-SPGI,3972.0761108398438,250000.0,40
2018-07-30,DLR-MAA,624.9619522094727,250000.0,40
2018-07-31,AKAM-ROP,-3365.0548095703125,250000.0,40
2018-07-31,DHI-PHM,-3895.317165374756,250000.0,40
2018-07-31,GPN-SPGI,2642.275192260742,250000.0,40
2018-06-06,LHX-XYL,0.0,250000.0,41
2018-06-07,LHX-XYL,-2416.5249633789062,250000.0,41
2018-06-08,LHX-XYL,-529.6900024414062,250000.0,41
2018-06-11,KKR-RJF,0.0,250000.0,41
2018-06-12,KKR-RJF,-129.1560287475586,250000.0,41
2018-06-13,KKR-RJF,-5344.083160400391,250000.0,41
2018-06-13,BAC-BLK,0.0,250000.0,41
2018-06-13,DLR-MAA,0.0,250000.0,41
2018-06-14,BAC-BLK,-2548.5183906555176,250000.0,41
2018-06-14,DLR-MAA,1931.1737213134766,250000.0,41
2018-06-14,MS-PNC,0.0,250000.0,41
2018-06-14,ICE-JKHY,0.0,250000.0,41
2018-06-14,NWS-NWSA,0.0,250000.0,41
2018-06-15,BAC-BLK,-975.2966651916504,250000.0,41
2018-06-15,DLR-MAA,1977.3920669555664,250000.0,41
2018-06-15,ICE-JKHY,-791.1327972412109,250000.0,41
2018-06-18,BAC-BLK,-117.84199905395508,250000.0,41
2018-06-18,DLR-MAA,2562.280548095703,250000.0,41
2018-06-18,ICE-JKHY,-2226.3471069335938,250000.0,41
2018-06-19,BAC-BLK,99.87181091308594,250000.0,41
2018-06-19,DLR-MAA,2592.9577407836914,250000.0,41
2018-06-20,BAC-BLK,179.22203826904297,250000.0,41
2018-06-20,DLR-MAA,-263.1138687133789,250000.0,41
2018-06-20,HLT-ROST,0.0,250000.0,41
2018-06-21,BAC-BLK,-805.9975891113281,250000.0,41
2018-06-21,DLR-MAA,-1728.0234603881836,250000.0,41
2018-06-21,HLT-ROST,-2557.2818298339844,250000.0,41
2018-06-22,BAC-BLK,-455.693172454834,250000.0,41
2018-06-22,DLR-MAA,-2236.237174987793,250000.0,41
2018-06-22,HLT-ROST,-1093.3837890625,250000.0,41
2018-06-25,BAC-BLK,-1641.3395881652832,250000.0,41
2018-06-25,DLR-MAA,-2390.1505279541016,250000.0,41
2018-06-25,HLT-ROST,-3102.0346908569336,250000.0,41
2018-06-26,BAC-BLK,-3936.636245727539,250000.0,41
2018-06-26,DLR-MAA,-387.1074981689453,250000.0,41
2018-06-26,HLT-ROST,-3768.1009674072266,250000.0,41
2018-06-27,DLR-MAA,969.8289642333984,250000.0,41
2018-06-27,HLT-ROST,-4556.078399658203,250000.0,41
2018-06-28,HLT-ROST,-5245.2891845703125,250000.0,41
2018-06-28,OMC-WBD,0.0,250000.0,41
2018-06-29,HLT-ROST,-1911.1564712524414,250000.0,41
2018-06-29,OMC-WBD,-8288.947860717773,250000.0,41
2018-06-29,DLR-MAA,0.0,250000.0,41
2018-07-02,HLT-ROST,-1034.2233276367188,250000.0,41
2018-07-02,OMC-WBD,-2955.472469329834,250000.0,41
2018-07-02,DLR-MAA,-4057.6397399902344,250000.0,41
2018-07-02,ICE-KKR,0.0,250000.0,41
2018-07-03,HLT-ROST,-2353.715675354004,250000.0,41
2018-07-03,OMC-WBD,-1287.4114151000977,250000.0,41
2018-07-03,DLR-MAA,-5534.828643798828,250000.0,41
2018-07-03,ICE-JKHY,0.0,250000.0,41
2018-07-05,OMC-WBD,-5100.422927856445,250000.0,41
2018-07-05,ICE-JKHY,-1223.9558944702148,250000.0,41
2018-07-06,ICE-JKHY,-1802.6234130859375,250000.0,41
2018-07-09,ICE-JKHY,1606.6311721801758,250000.0,41
2018-07-10,ICE-JKHY,1813.9615020751953,250000.0,41
2018-07-11,ICE-JKHY,528.3759460449219,250000.0,41
2018-07-12,ICE-JKHY,-2178.1982498168945,250000.0,41
2018-07-13,ICE-JKHY,588.6506195068359,250000.0,41
2018-07-16,ICE-JKHY,2718.9423904418945,250000.0,41
2018-07-16,FITB-JPM,0.0,250000.0,41
2018-07-16,LHX-XYL,0.0,250000.0,41
2018-07-17,ICE-JKHY,2116.121826171875,250000.0,41
2018-07-17,FITB-JPM,433.69474029541016,250000.0,41
2018-07-17,LHX-XYL,-2537.855537414551,250000.0,41
2018-07-17,OMC-WBD,0.0,250000.0,41
2018-07-18,FITB-JPM,1140.4336624145508,250000.0,41
2018-07-18,LHX-XYL,-2082.26309967041,250000.0,41
2018-07-18,OMC-WBD,-2841.5038146972656,250000.0,41
2018-07-19,FITB-JPM,-3287.788803100586,250000.0,41
2018-07-19,LHX-XYL,2511.3373260498047,250000.0,41
2018-07-19,OMC-WBD,-14291.685752868652,250000.0,41
2018-07-20,FITB-JPM,-5671.009658813477,250000.0,41
2018-07-20,OMC-WBD,-28282.93337249756,250000.0,41
2018-07-23,FITB-JPM,-7399.384162902832,250000.0,41
2018-07-23,OMC-WBD,-28368.614723205566,250000.0,41
2018-07-24,FITB-JPM,-8617.550590515137,250000.0,41
2018-07-24,OMC-WBD,-29547.640159606934,250000.0,41
2018-07-25,OMC-WBD,-25549.664932250977,250000.0,41
2018-07-25,KLAC-ROP,0.0,250000.0,41
2018-07-26,OMC-WBD,-18112.088554382324,250000.0,41
2018-07-27,OMC-WBD,-14660.371276855469,250000.0,41
2018-07-27,DLR-MAA,0.0,250000.0,41
2018-07-30,OMC-WBD,-22315.764442443848,250000.0,41
2018-07-30,DLR-MAA,624.9619522094727,250000.0,41
2018-07-30,C-CBOE,0.0,250000.0,41
2018-07-31,OMC-WBD,-21449.41429901123,250000.0,41
2018-08-01,BAC-BLK,0.0,250000.0,41
2018-08-02,BAC-BLK,-2259.4687881469727,250000.0,41
2018-08-02,ICE-JKHY,0.0,250000.0,41
2018-08-02,TYL-ZBRA,0.0,250000.0,41
2018-08-03,BAC-BLK,657.352180480957,250000.0,41
2018-08-03,ICE-JKHY,-1252.142967224121,250000.0,41
2018-08-03,TYL-ZBRA,-1616.8220520019531,250000.0,41
2018-08-06,BAC-BLK,1176.0188064575195,250000.0,41
2018-08-06,ICE-JKHY,-4592.4840087890625,250000.0,41
2018-08-07,ICE-JKHY,390.23931884765625,250000.0,41
2018-08-07,PANW-ZBRA,0.0,250000.0,41
2018-08-07,OMC-WBD,0.0,250000.0,41
2018-08-07,TYL-ZBRA,0.0,250000.0,41
2018-08-08,ICE-JKHY,-2368.3899536132812,250000.0,41
2018-08-08,PANW-ZBRA,13659.726524353027,250000.0,41
2018-08-08,OMC-WBD,1974.308006286621,250000.0,41
2018-08-08,TYL-ZBRA,14447.579833984375,250000.0,41
2018-08-09,ICE-JKHY,-3253.8598251342773,250000.0,41
2018-08-09,PANW-ZBRA,7539.147758483887,250000.0,41
2018-08-09,OMC-WBD,6080.452568054199,250000.0,41
2018-08-09,TYL-ZBRA,6983.8350830078125,250000.0,41
2018-08-10,ICE-JKHY,-2510.3412322998047,250000.0,41
2018-08-10,PANW-ZBRA,8203.168487548828,250000.0,41
2018-08-10,OMC-WBD,5173.686614990234,250000.0,41
2018-08-10,TYL-ZBRA,7832.084777832031,250000.0,41
2018-08-10,NWS-NWSA,0.0,250000.0,41
2018-08-13,ICE-JKHY,-5872.681114196777,250000.0,41
2018-08-13,PANW-ZBRA,5647.901153564453,250000.0,41
2018-08-13,TYL-ZBRA,5085.4295654296875,250000.0,41
2018-08-13,NWS-NWSA,-1820.016025543213,250000.0,41
2018-08-14,ICE-JKHY,-5499.392807006836,250000.0,41
2018-08-14,PANW-ZBRA,2743.3101654052734,250000.0,41
2018-08-14,TYL-ZBRA,4553.7548828125,250000.0,41
2018-08-15,ICE-JKHY,-7201.961769104004,250000.0,41
2018-08-15,PANW-ZBRA,625.5548477172852,250000.0,41
2018-08-15,TYL-ZBRA,4938.220397949219,250000.0,41
2018-08-16,ICE-JKHY,-5674.73176574707,250000.0,41
2018-08-16,PANW-ZBRA,5685.814476013184,250000.0,41
2018-08-16,TYL-ZBRA,7881.469177246094,250000.0,41
2018-08-17,PANW-ZBRA,5086.722183227539,250000.0,41
2018-08-17,TYL-ZBRA,5460.8978271484375,250000.0,41
2018-08-20,PANW-ZBRA,1513.1584167480469,250000.0,41
2018-08-20,TYL-ZBRA,2489.02587890625,250000.0,41
2018-08-21,PANW-ZBRA,-3471.598434448242,250000.0,41
2018-08-21,TYL-ZBRA,-831.6929931640625,250000.0,41
2018-08-22,ICE-JKHY,0.0,250000.0,41
2018-08-23,ICE-JKHY,-4045.810501098633,250000.0,41
2018-08-24,ICE-JKHY,-6135.503067016602,250000.0,41
2018-08-24,PANW-ZBRA,0.0,250000.0,41
2018-08-24,TYL-ZBRA,0.0,250000.0,41
2018-08-27,ICE-JKHY,493.76768493652344,250000.0,41
2018-08-27,PANW-ZBRA,358.077880859375,250000.0,41
2018-08-27,TYL-ZBRA,1372.708984375,250000.0,41
2018-08-28,ICE-JKHY,3285.761520385742,250000.0,41
2018-08-28,PANW-ZBRA,-2317.5938720703125,250000.0,41
2018-08-28,TYL-ZBRA,-211.6300048828125,250000.0,41
2018-08-29,ICE-JKHY,7131.130477905273,250000.0,41
2018-08-29,PANW-ZBRA,-3069.34912109375,250000.0,41
2018-08-29,TYL-ZBRA,-1721.8699951171875,250000.0,41
2018-08-30,ICE-JKHY,6762.452850341797,250000.0,41
2018-08-30,PANW-ZBRA,-2893.8917236328125,250000.0,41
2018-08-30,TYL-ZBRA,-2849.6790771484375,250000.0,41
2018-08-30,BDX-ELV,0.0,250000.0,41
2018-08-31,ICE-JKHY,8636.400421142578,250000.0,41
2018-08-31,PANW-ZBRA,-1699.39306640625,250000.0,41
2018-08-31,TYL-ZBRA,-2992.40185546875,250000.0,41
2018-08-31,BDX-ELV,-1840.8231811523438,250000.0,41
2018-07-11,AME-FAST,0.0,250000.0,42
2018-07-11,BLDR-FAST,0.0,250000.0,42
2018-07-12,AME-FAST,1537.6603546142578,250000.0,42
2018-07-12,BLDR-FAST,-4050.148635864258,250000.0,42
2018-07-13,AME-FAST,4142.617584228516,250000.0,42
2018-07-13,BLDR-FAST,-3236.177749633789,250000.0,42
2018-07-16,AME-FAST,-62.95600891113281,250000.0,42
2018-07-16,BLDR-FAST,-6678.126998901367,250000.0,42
2018-07-16,FITB-JPM,0.0,250000.0,42
2018-07-16,PWR-UPS,0.0,250000.0,42
2018-07-17,AME-FAST,-1442.722640991211,250000.0,42
2018-07-17,BLDR-FAST,-4881.959854125977,250000.0,42
2018-07-17,FITB-JPM,433.69474029541016,250000.0,42
2018-07-17,PWR-UPS,-1487.763038635254,250000.0,42
2018-07-17,KIM-VTR,0.0,250000.0,42
2018-07-17,DLR-IRM,0.0,250000.0,42
2018-07-18,AME-FAST,-1086.7238159179688,250000.0,42
2018-07-18,BLDR-FAST,-7510.296646118164,250000.0,42
2018-07-18,FITB-JPM,1140.4336624145508,250000.0,42
2018-07-18,PWR-UPS,-4010.377731323242,250000.0,42
2018-07-18,KIM-VTR,-2213.3730278015137,250000.0,42
2018-07-18,DLR-IRM,-1019.0132789611816,250000.0,42
2018-07-18,CPRT-GWW,0.0,250000.0,42
2018-07-19,AME-FAST,-3377.574234008789,250000.0,42
2018-07-19,BLDR-FAST,-6235.6119384765625,250000.0,42
2018-07-19,FITB-JPM,-3287.788803100586,250000.0,42
2018-07-19,PWR-UPS,-4229.430702209473,250000.0,42
2018-07-19,KIM-VTR,-1950.2278366088867,250000.0,42
2018-07-19,DLR-IRM,1265.002342224121,250000.0,42
2018-07-19,CPRT-GWW,-2380.886456489563,250000.0,42
2018-07-19,BLDR-DOV,0.0,250000.0,42
2018-07-20,AME-FAST,-6632.426559448242,250000.0,42
2018-07-20,BLDR-FAST,-12970.58120727539,250000.0,42
2018-07-20,FITB-JPM,-5671.009658813477,250000.0,42
2018-07-20,PWR-UPS,-3148.3599548339844,250000.0,42
2018-07-20,KIM-VTR,980.0713691711426,250000.0,42
2018-07-20,DLR-IRM,-712.6111030578613,250000.0,42
2018-07-20,CPRT-GWW,-1945.8411207199097,250000.0,42
2018-07-20,BLDR-HON,0.0,250000.0,42
2018-07-20,NVR-PHM,0.0,250000.0,42
2018-07-23,AME-FAST,-12578.417495727539,250000.0,42
2018-07-23,BLDR-FAST,-18453.047592163086,250000.0,42
2018-07-23,FITB-JPM,-7399.384162902832,250000.0,42
2018-07-23,PWR-UPS,-7408.285026550293,250000.0,42
2018-07-23,KIM-VTR,-1962.3163967132568,250000.0,42
2018-07-23,DLR-IRM,-1367.67578125,250000.0,42
2018-07-23,CPRT-GWW,-5853.935320854187,250000.0,42
2018-07-23,BLDR-HON,-1780.3234062194824,250000.0,42
2018-07-23,NVR-PHM,1087.759428024292,250000.0,42
2018-07-24,AME-FAST,-5180.390029907227,250000.0,42
2018-07-24,FITB-JPM,-8617.550590515137,250000.0,42
2018-07-24,PWR-UPS,-5301.454917907715,250000.0,42
2018-07-24,KIM-VTR,-1616.0408020019531,250000.0,42
2018-07-24,DLR-IRM,1499.0814208984375,250000.0,42
2018-07-24,CPRT-GWW,-4480.442420005798,250000.0,42
2018-07-24,BLDR-HON,-5698.607139587402,250000.0,42
2018-07-24,NVR-PHM,1228.8230018615723,250000.0,42
2018-07-25,AME-FAST,-749.7928161621094,250000.0,42
2018-07-25,KIM-VTR,122.63308143615723,250000.0,42
2018-07-25,DLR-IRM,77.13614273071289,250000.0,42
2018-07-25,CPRT-GWW,-6056.909734725952,250000.0,42
2018-07-25,NVR-PHM,8626.263858795166,250000.0,42
2018-07-25,BLDR-WM,0.0,250000.0,42
2018-07-26,AME-FAST,10936.534194946289,250000.0,42
2018-07-26,KIM-VTR,-3256.1824645996094,250000.0,42
2018-07-26,DLR-IRM,831.3418159484863,250000.0,42
2018-07-26,CPRT-GWW,-4733.241370201111,250000.0,42
2018-07-26,BLDR-WM,-999.6327209472656,250000.0,42
2018-07-26,HD-ORLY,0.0,250000.0,42
2018-07-27,AME-FAST,10902.826126098633,250000.0,42
2018-07-27,CPRT-GWW,-7373.242581367493,250000.0,42
2018-07-27,HD-ORLY,-1413.7856693267822,250000.0,42
2018-07-27,DLR-MAA,0.0,250000.0,42
2018-07-30,AME-FAST,9326.011413574219,250000.0,42
2018-07-30,CPRT-GWW,-7451.093242645264,250000.0,42
2018-07-30,HD-ORLY,-4572.350147247314,250000.0,42
2018-07-30,DLR-MAA,624.9619522094727,250000.0,42
2018-07-30,COST-SYY,0.0,250000.0,42
2018-07-31,AME-FAST,13302.283584594727,250000.0,42
2018-07-31,CPRT-GWW,-11352.84923362732,250000.0,42
2018-07-31,HD-ORLY,-5292.511758804321,250000.0,42
2018-07-31,COST-SYY,2512.731155395508,250000.0,42
2018-08-01,AME-FAST,14645.011917114258,250000.0,42
2018-08-01,CPRT-GWW,-7432.75439453125,250000.0,42
2018-08-01,HD-ORLY,-4814.808605194092,250000.0,42
2018-08-01,COST-SYY,3915.276741027832,250000.0,42
2018-08-01,MA-MSCI,0.0,250000.0,42
2018-08-02,AME-FAST,10907.458236694336,250000.0,42
2018-08-02,COST-SYY,2684.6540145874023,250000.0,42
2018-08-02,RMD-ZTS,0.0,250000.0,42
2018-08-03,AME-FAST,10778.430725097656,250000.0,42
2018-08-03,COST-SYY,3561.707588195801,250000.0,42
2018-08-03,RMD-ZTS,-3489.731231689453,250000.0,42
2018-08-06,AME-FAST,7373.724060058594,250000.0,42
2018-08-06,COST-SYY,7031.80436706543,250000.0,42
2018-08-06,RMD-ZTS,-4520.742530822754,250000.0,42
2018-08-07,AME-FAST,10223.869262695312,250000.0,42
2018-08-07,COST-SYY,5003.753143310547,250000.0,42
2018-08-07,RMD-ZTS,-3559.8465576171875,250000.0,42
2018-08-08,AME-FAST,6453.200042724609,250000.0,42
2018-08-08,COST-SYY,5250.1264724731445,250000.0,42
2018-08-08,RMD-ZTS,-5446.294334411621,250000.0,42
2018-08-09,AME-FAST,5416.951629638672,250000.0,42
2018-08-09,RMD-ZTS,-3047.722930908203,250000.0,42
2018-08-10,AME-FAST,930.6042938232422,250000.0,42
2018-08-10,RMD-ZTS,-1369.337646484375,250000.0,42
2018-08-10,NWS-NWSA,0.0,250000.0,42
2018-08-13,AME-FAST,1634.5672302246094,250000.0,42
2018-08-13,RMD-ZTS,-964.8463592529297,250000.0,42
2018-08-13,NWS-NWSA,-1820.016025543213,250000.0,42
2018-08-13,NVR-PHM,0.0,250000.0,42
2018-08-13,COST-SYY,0.0,250000.0,42
2018-08-14,RMD-ZTS,-102.1864013671875,250000.0,42
2018-08-14,NVR-PHM,482.9497184753418,250000.0,42
2018-08-14,COST-SYY,-2363.3456115722656,250000.0,42
2018-08-14,HD-ORLY,0.0,250000.0,42
2018-08-15,RMD-ZTS,747.3910217285156,250000.0,42
2018-08-15,NVR-PHM,608.172306060791,250000.0,42
2018-08-15,COST-SYY,-5118.381286621094,250000.0,42
2018-08-15,HD-ORLY,853.136474609375,250000.0,42
2018-08-16,RMD-ZTS,-1368.1035079956055,250000.0,42
2018-08-16,NVR-PHM,4281.615245819092,250000.0,42
2018-08-16,COST-SYY,-37.386810302734375,250000.0,42
2018-08-16,HD-ORLY,1064.6212463378906,250000.0,42
2018-08-16,PWR-UPS,0.0,250000.0,42
2018-08-17,COST-SYY,-664.1774597167969,250000.0,42
2018-08-17,HD-ORLY,348.045166015625,250000.0,42
2018-08-17,PWR-UPS,206.04830932617188,250000.0,42
2018-08-20,COST-SYY,-97.69032287597656,250000.0,42
2018-08-20,HD-ORLY,5551.73876953125,250000.0,42
2018-08-20,PWR-UPS,-1427.425880432129,250000.0,42
2018-08-21,COST-SYY,3946.390853881836,250000.0,42
2018-08-21,PWR-UPS,-1169.3810424804688,250000.0,42
2018-08-22,COST-SYY,2216.4500122070312,250000.0,42
2018-08-22,PWR-UPS,170.88839721679688,250000.0,42
2018-08-22,RMD-ZTS,0.0,250000.0,42
2018-08-23,COST-SYY,2087.5428314208984,250000.0,42
2018-08-23,PWR-UPS,-122.13047790527344,250000.0,42
2018-08-23,RMD-ZTS,-1138.4989318847656,250000.0,42
2018-08-24,COST-SYY,2004.0077819824219,250000.0,42
2018-08-24,PWR-UPS,-3110.880760192871,250000.0,42
2018-08-24,RMD-ZTS,-2073.6151809692383,250000.0,42
2018-08-27,COST-SYY,4940.794036865234,250000.0,42
2018-08-27,PWR-UPS,-4609.687721252441,250000.0,42
2018-08-27,RMD-ZTS,-4781.672149658203,250000.0,42
2018-08-27,AME-FAST,0.0,250000.0,42
2018-08-28,COST-SYY,5665.536575317383,250000.0,42
2018-08-28,PWR-UPS,-1843.3779067993164,250000.0,42
2018-08-28,RMD-ZTS,-5207.261520385742,250000.0,42
2018-08-28,AME-FAST,-2636.1674156188965,250000.0,42
2018-08-29,COST-SYY,6347.332855224609,250000.0,42
2018-08-29,PWR-UPS,-1242.7416076660156,250000.0,42
2018-08-29,RMD-ZTS,-5394.543998718262,250000.0,42
2018-08-29,AME-FAST,-2326.7030487060547,250000.0,42
2018-08-30,COST-SYY,8354.06364440918,250000.0,42
2018-08-30,PWR-UPS,-836.6943359375,250000.0,42
2018-08-30,RMD-ZTS,-5473.089828491211,250000.0,42
2018-08-30,AME-FAST,-227.64442443847656,250000.0,42
2018-08-31,COST-SYY,7875.782272338867,250000.0,42
2018-08-31,RMD-ZTS,-2144.0650329589844,250000.0,42
2018-08-31,AME-FAST,-2242.4815216064453,250000.0,42
2018-09-04,COST-SYY,7700.670120239258,250000.0,42
2018-09-04,RMD-ZTS,-4401.004936218262,250000.0,42
2018-09-04,AME-FAST,1964.612392425537,250000.0,42
2018-09-05,AME-FAST,-4900.465431213379,250000.0,42
2018-09-06,AME-FAST,-6842.597301483154,250000.0,42
2018-09-07,KIM-WELL,0.0,250000.0,42
2018-09-10,KIM-WELL,2762.4058141708374,250000.0,42
2018-09-10,HD-ORLY,0.0,250000.0,42
2018-09-11,HD-ORLY,-5366.402765274048,250000.0,42
2018-09-12,HD-ORLY,-4125.463230133057,250000.0,42
2018-09-13,HD-ORLY,-323.7992992401123,250000.0,42
2018-09-13,AME-CHRW,0.0,250000.0,42
2018-09-14,HD-ORLY,-1745.4950942993164,250000.0,42
2018-09-14,AME-CHRW,3222.2928314208984,250000.0,42
2018-09-17,HD-ORLY,-1823.1105117797852,250000.0,42
2018-09-17,AME-CHRW,-5141.170806884766,250000.0,42
2018-09-18,HD-ORLY,-4608.54155921936,250000.0,42
2018-09-18,AME-CHRW,-7649.789337158203,250000.0,42
2018-09-19,HD-ORLY,-4249.23292350769,250000.0,42
2018-09-19,AME-CHRW,-5652.785293579102,250000.0,42
2018-09-19,CPRT-GWW,0.0,250000.0,42
2018-09-20,HD-ORLY,-1758.7852821350098,250000.0,42
2018-09-20,AME-CHRW,-9125.2734375,250000.0,42
2018-09-20,CPRT-GWW,-283.41668224334717,250000.0,42
2018-09-21,HD-ORLY,-4595.764867782593,250000.0,42
2018-09-21,AME-CHRW,-6843.166763305664,250000.0,42
2018-09-21,CPRT-GWW,-16301.832092285156,250000.0,42
2018-09-24,HD-ORLY,3662.9090099334717,250000.0,42
2018-09-24,AME-CHRW,-4717.231063842773,250000.0,42
2018-09-24,CPRT-GWW,-18782.437324523926,250000.0,42
2018-09-25,HD-ORLY,5695.414152145386,250000.0,42
2018-09-25,AME-CHRW,-2524.2171936035156,250000.0,42
2018-09-25,CPRT-GWW,-20060.45897579193,250000.0,42
2018-09-26,HD-ORLY,6587.545642852783,250000.0,42
2018-09-26,AME-CHRW,3524.8134155273438,250000.0,42
2018-09-26,CPRT-GWW,-20519.274686813354,250000.0,42
2018-09-27,AME-CHRW,6344.606643676758,250000.0,42
2018-09-27,CPRT-GWW,-21992.92396259308,250000.0,42
2018-09-27,NVR-PHM,0.0,250000.0,42
2018-09-28,CPRT-GWW,-21753.731731414795,250000.0,42
2018-09-28,NVR-PHM,2100.526123046875,250000.0,42
2018-08-01,MA-MSCI,0.0,250000.0,43
2018-08-02,FTNT-GDDY,0.0,250000.0,43
2018-08-03,FTNT-GDDY,-1522.1955795288086,250000.0,43
2018-08-06,FTNT-GDDY,-934.4945831298828,250000.0,43
2018-08-07,FTNT-GDDY,3278.7650299072266,250000.0,43
2018-08-07,RMD-TECH,0.0,250000.0,43
2018-08-08,FTNT-GDDY,1617.1025924682617,250000.0,43
2018-08-08,RMD-TECH,4147.532096862793,250000.0,43
2018-08-09,FTNT-GDDY,-2526.3528442382812,250000.0,43
2018-08-09,RMD-TECH,3036.5606689453125,250000.0,43
2018-08-10,FTNT-GDDY,-7190.2885665893555,250000.0,43
2018-08-10,RMD-TECH,2078.180393218994,250000.0,43
2018-08-10,NWS-NWSA,0.0,250000.0,43
2018-08-10,EVRG-EXC,0.0,250000.0,43
2018-08-13,FTNT-GDDY,-7829.996490478516,250000.0,43
2018-08-13,RMD-TECH,2072.1026649475098,250000.0,43
2018-08-13,NWS-NWSA,-1820.016025543213,250000.0,43
2018-08-13,EVRG-EXC,1340.1470336914062,250000.0,43
2018-08-14,FTNT-GDDY,-11605.876853942871,250000.0,43
2018-08-14,RMD-TECH,676.5,250000.0,43
2018-08-15,RMD-TECH,-80.50436401367188,250000.0,43
2018-08-16,RMD-TECH,-555.4640274047852,250000.0,43
2018-08-17,RMD-TECH,-1692.0153198242188,250000.0,43
2018-08-20,RMD-TECH,-3312.350555419922,250000.0,43
2018-08-21,RMD-TECH,-7675.65417098999,250000.0,43
2018-08-27,AME-FAST,0.0,250000.0,43
2018-08-28,AME-FAST,-2636.1674156188965,250000.0,43
2018-08-29,AME-FAST,-2326.7030487060547,250000.0,43
2018-08-30,AME-FAST,-227.64442443847656,250000.0,43
2018-08-31,AME-FAST,-2242.4815216064453,250000.0,43
2018-09-04,AME-FAST,1964.612392425537,250000.0,43
2018-09-04,FITB-MTB,0.0,250000.0,43
2018-09-04,DAL-EME,0.0,250000.0,43
2018-09-05,AME-FAST,-4900.465431213379,250000.0,43
2018-09-05,FITB-MTB,-738.1614093780518,250000.0,43
2018-09-05,DAL-EME,2015.8997993469238,250000.0,43
2018-09-05,CSX-WAB,0.0,250000.0,43
2018-09-05,HIG-PFG,0.0,250000.0,43
2018-09-06,AME-FAST,-6842.597301483154,250000.0,43
2018-09-06,FITB-MTB,154.4535961151123,250000.0,43
2018-09-06,DAL-EME,2310.635684967041,250000.0,43
2018-09-06,CSX-WAB,-1715.329746246338,250000.0,43
2018-09-06,HIG-PFG,570.1327171325684,250000.0,43
2018-09-07,FITB-MTB,-117.18132781982422,250000.0,43
2018-09-07,DAL-EME,-1162.4459228515625,250000.0,43
2018-09-07,CSX-WAB,-6430.660575866699,250000.0,43
2018-09-07,HIG-PFG,2356.854293823242,250000.0,43
2018-09-10,FITB-MTB,57.284915924072266,250000.0,43
2018-09-10,DAL-EME,-931.960376739502,250000.0,43
2018-09-10,CSX-WAB,-25.391948699951172,250000.0,43
2018-09-10,HIG-PFG,624.3977508544922,250000.0,43
2018-09-11,FITB-MTB,-576.5656986236572,250000.0,43
2018-09-11,DAL-EME,-2775.6914558410645,250000.0,43
2018-09-11,CSX-WAB,-3155.4467849731445,250000.0,43
2018-09-11,HIG-PFG,1965.3987464904785,250000.0,43
2018-09-12,CSX-WAB,-1173.1180229187012,250000.0,43
2018-09-12,HIG-PFG,2163.7325325012207,250000.0,43
2018-09-13,CSX-WAB,-2550.9289741516113,250000.0,43
2018-09-13,HIG-PFG,2419.3108978271484,250000.0,43
2018-09-13,FITB-MTB,0.0,250000.0,43
2018-09-14,FITB-MTB,-525.3811798095703,250000.0,43
2018-09-17,FITB-MTB,-1718.638412475586,250000.0,43
2018-09-18,FITB-MTB,-3042.6394805908203,250000.0,43
2018-09-19,FITB-MTB,-1020.6502151489258,250000.0,43
2018-09-20,FITB-MTB,-662.7511253356934,250000.0,43
2018-09-20,HPQ-ROP,0.0,250000.0,43
2018-09-21,FITB-MTB,477.896484375,250000.0,43
2018-09-21,HPQ-ROP,-4049.6982707977295,250000.0,43
2018-09-24,FITB-MTB,-2055.5054054260254,250000.0,43
2018-09-25,FITB-MTB,-4235.352447509766,250000.0,43
2018-09-26,FITB-MTB,-4224.601596832275,250000.0,43
2018-09-26,DAL-NDSN,0.0,250000.0,43
2018-09-27,FITB-MTB,-5734.799663543701,250000.0,43
2018-09-27,DAL-NDSN,-2999.256706237793,250000.0,43
2018-09-28,DAL-NDSN,-4153.899002075195,250000.0,43
2018-10-01,DAL-NDSN,-3380.606689453125,250000.0,43
2018-10-02,DAL-DE,0.0,250000.0,43
2018-10-03,DAL-DE,-6048.191299438477,250000.0,43
2018-10-04,FTNT-GDDY,0.0,250000.0,43
2018-10-05,FTNT-GDDY,134.84355926513672,250000.0,43
2018-10-08,FTNT-GDDY,-5976.499862670898,250000.0,43
2018-10-09,FTNT-GDDY,-5862.549858093262,250000.0,43
2018-10-10,MA-MSCI,0.0,250000.0,43
2018-10-11,DAL-NDSN,0.0,250000.0,43
2018-10-11,ANET-STX,0.0,250000.0,43
2018-10-11,DAL-FDX,0.0,250000.0,43
2018-10-11,FAST-LII,0.0,250000.0,43
2018-10-12,DAL-NDSN,-333.58458709716797,250000.0,43
2018-10-12,ANET-STX,7562.096683502197,250000.0,43
2018-10-12,DAL-FDX,2894.960235595703,250000.0,43
2018-10-12,FAST-LII,-3583.522659301758,250000.0,43
2018-10-12,CSX-WAB,0.0,250000.0,43
2018-10-15,DAL-NDSN,1921.5605430603027,250000.0,43
2018-10-15,ANET-STX,7653.33415222168,250000.0,43
2018-10-15,DAL-FDX,3367.5127716064453,250000.0,43
2018-10-15,FAST-LII,-1848.16259765625,250000.0,43
2018-10-15,CSX-WAB,2807.405906677246,250000.0,43
2018-10-16,DAL-NDSN,4627.328632354736,250000.0,43
2018-10-16,DAL-FDX,6580.279922485352,250000.0,43
2018-10-16,FAST-LII,2686.2742614746094,250000.0,43
2018-10-17,DAL-NDSN,-922.7923469543457,250000.0,43
2018-10-17,DAL-FDX,906.4699554443359,250000.0,43
2018-10-17,FAST-LII,-503.9959259033203,250000.0,43
2018-10-18,DAL-NDSN,-3451.6636276245117,250000.0,43
2018-10-18,DAL-FDX,-3681.371109008789,250000.0,43
2018-10-19,DAL-NDSN,-9589.298866271973,250000.0,43
2018-10-19,DAL-FDX,-1352.7023620605469,250000.0,43
2018-10-22,DAL-NDSN,-13916.746990203857,250000.0,43
2018-10-22,DAL-FDX,-4781.435958862305,250000.0,43
2018-10-23,DAL-FDX,-3113.4100341796875,250000.0,43
2018-10-24,DAL-FDX,-9512.73812866211,250000.0,43
2018-10-25,DAL-FDX,-8957.503189086914,250000.0,43
2018-10-26,ANET-STX,0.0,250000.0,43
2018-10-29,ANET-STX,-4512.644685745239,250000.0,43
2018-10-30,CSX-WAB,0.0,250000.0,43
2018-10-31,CSX-WAB,-10580.175458908081,250000.0,43
2018-09-05,CSX-WAB,0.0,250000.0,44
2018-09-05,HIG-PFG,0.0,250000.0,44
2018-09-06,CSX-WAB,-1715.329746246338,250000.0,44
2018-09-06,HIG-PFG,570.1327171325684,250000.0,44
2018-09-07,CSX-WAB,-6430.660575866699,250000.0,44
2018-09-07,HIG-PFG,2356.854293823242,250000.0,44
2018-09-10,CSX-WAB,-25.391948699951172,250000.0,44
2018-09-10,HIG-PFG,624.3977508544922,250000.0,44
2018-09-11,CSX-WAB,-3155.4467849731445,250000.0,44
2018-09-11,HIG-PFG,1965.3987464904785,250000.0,44
2018-09-12,CSX-WAB,-1173.1180229187012,250000.0,44
2018-09-12,HIG-PFG,2163.7325325012207,250000.0,44
2018-09-13,CSX-WAB,-2550.9289741516113,250000.0,44
2018-09-13,HIG-PFG,2419.3108978271484,250000.0,44
2018-09-13,ARES-TFC,0.0,250000.0,44
2018-09-14,ARES-TFC,-2148.4869346618652,250000.0,44
2018-09-14,ETN-RTX,0.0,250000.0,44
2018-09-17,ARES-TFC,-2423.318531036377,250000.0,44
2018-09-17,ETN-RTX,28.831863403320312,250000.0,44
2018-09-18,ARES-TFC,-9273.233127593994,250000.0,44
2018-09-18,ETN-RTX,-3709.5455474853516,250000.0,44
2018-09-18,BRO-V,0.0,250000.0,44
2018-09-19,ARES-TFC,-10668.866828918457,250000.0,44
2018-09-19,ETN-RTX,-3019.197235107422,250000.0,44
2018-09-19,BRO-V,2834.88077545166,250000.0,44
2018-09-20,ARES-TFC,-7241.617572784424,250000.0,44
2018-09-20,BRO-V,-245.39545440673828,250000.0,44
2018-09-20,HPQ-ROP,0.0,250000.0,44
2018-09-21,BRO-V,-2623.530590057373,250000.0,44
2018-09-21,HPQ-ROP,-4049.6982707977295,250000.0,44
2018-09-24,BRO-V,-3047.1774406433105,250000.0,44
2018-09-25,BRO-V,-6322.21089553833,250000.0,44
2018-09-26,BRO-V,-7037.352113723755,250000.0,44
2018-09-27,BRO-V,-7919.215797424316,250000.0,44
2018-09-28,BRO-V,-8115.100221633911,250000.0,44
2018-10-01,BRO-V,-9842.359483718872,250000.0,44
2018-10-02,BRO-V,-8566.640369415283,250000.0,44
2018-10-05,COST-SYY,0.0,250000.0,44
2018-10-08,COST-SYY,2052.3627891540527,250000.0,44
2018-10-08,BRO-V,0.0,250000.0,44
2018-10-09,COST-SYY,5272.371047973633,250000.0,44
2018-10-09,BRO-V,2273.0022583007812,250000.0,44
2018-10-09,ETN-RTX,0.0,250000.0,44
2018-10-10,BRO-V,-4065.5570068359375,250000.0,44
2018-10-10,ETN-RTX,-1588.8452453613281,250000.0,44
2018-10-10,MA-MSCI,0.0,250000.0,44
2018-10-11,BRO-V,-2618.7452697753906,250000.0,44
2018-10-11,ETN-RTX,195.80630493164062,250000.0,44
2018-10-12,ETN-RTX,133.20335388183594,250000.0,44
2018-10-12,CSX-WAB,0.0,250000.0,44
2018-10-15,CSX-WAB,2807.405906677246,250000.0,44
2018-10-22,FTV-ROL,0.0,250000.0,44
2018-10-23,FTV-ROL,-115.15788269042969,250000.0,44
2018-10-23,ETN-RTX,0.0,250000.0,44
2018-10-24,COST-SYY,0.0,250000.0,44
2018-10-25,COST-SYY,2879.6775665283203,250000.0,44
2018-10-26,COST-SYY,3473.993698120117,250000.0,44
2018-10-30,CSX-WAB,0.0,250000.0,44
2018-10-31,CSX-WAB,-10580.175458908081,250000.0,44
2018-11-01,CSX-WAB,-3997.179307937622,250000.0,44
2018-11-02,CSX-WAB,-2240.6009216308594,250000.0,44
2018-11-05,CSX-WAB,-5023.144083023071,250000.0,44
2018-11-05,COST-SYY,0.0,250000.0,44
2018-11-06,CSX-WAB,-6680.245435714722,250000.0,44
2018-11-06,COST-SYY,-1862.7344284057617,250000.0,44
2018-11-07,CSX-WAB,-4120.028413772583,250000.0,44
2018-11-07,COST-SYY,3553.6729774475098,250000.0,44
2018-11-08,CSX-WAB,-1641.430778503418,250000.0,44
2018-11-08,COST-SYY,4680.596214294434,250000.0,44
2018-11-09,CSX-WAB,-397.5702896118164,250000.0,44
2018-11-09,COST-SYY,6260.287017822266,250000.0,44
2018-11-12,CSX-WAB,-6779.946912765503,250000.0,44
2018-11-12,COST-SYY,10505.966445922852,250000.0,44
2018-11-13,CSX-WAB,-10923.306438446045,250000.0,44
2018-11-13,COST-SYY,8748.115016937256,250000.0,44
2018-11-14,COST-SYY,7767.138317108154,250000.0,44
2018-11-15,COST-SYY,8946.864967346191,250000.0,44
2018-11-16,COST-SYY,8916.692707061768,250000.0,44
2018-11-19,COST-SYY,8937.190692901611,250000.0,44
2018-11-19,BRO-V,0.0,250000.0,44
2018-11-20,COST-SYY,11346.066814422607,250000.0,44
2018-11-20,BRO-V,174.63927459716797,250000.0,44
2018-11-21,COST-SYY,9455.999568939209,250000.0,44
2018-11-21,BRO-V,2964.547637939453,250000.0,44
2018-11-23,COST-SYY,10132.491348266602,250000.0,44
2018-11-23,BRO-V,-921.1371688842773,250000.0,44
2018-11-26,COST-SYY,10521.224838256836,250000.0,44
2018-11-26,BRO-V,4042.1634368896484,250000.0,44
2018-11-27,COST-SYY,9878.651515960693,250000.0,44
2018-11-27,BRO-V,5727.791030883789,250000.0,44
2018-11-27,ETN-RTX,0.0,250000.0,44
2018-11-28,COST-SYY,11131.116031646729,250000.0,44
2018-11-28,ETN-RTX,-1894.8421478271484,250000.0,44
2018-11-29,COST-SYY,13381.852840423584,250000.0,44
2018-11-29,ETN-RTX,-4095.8350868225098,250000.0,44
2018-11-30,COST-SYY,12661.439758300781,250000.0,44
2018-11-30,ETN-RTX,-4313.738388061523,250000.0,44
2018-10-01,ADBE-GDDY,0.0,250000.0,45
2018-10-01,NVDA-ZBRA,0.0,250000.0,45
2018-10-02,ADBE-GDDY,338.3426742553711,250000.0,45
2018-10-02,NVDA-ZBRA,-2737.385636329651,250000.0,45
2018-10-03,ADBE-GDDY,3545.0644302368164,250000.0,45
2018-10-03,NVDA-ZBRA,-2421.047231197357,250000.0,45
2018-10-04,NVDA-ZBRA,126.14033651351929,250000.0,45
2018-10-05,NVDA-ZBRA,6768.969707965851,250000.0,45
2018-10-08,NVDA-ZBRA,6126.5255489349365,250000.0,45
2018-10-09,NVDA-ZBRA,4776.836290359497,250000.0,45
2018-10-09,LII-WM,0.0,250000.0,45
2018-10-09,FTV-RSG,0.0,250000.0,45
2018-10-10,LII-WM,-5197.962478637695,250000.0,45
2018-10-10,FTV-RSG,650.9394989013672,250000.0,45
2018-10-10,MA-MSCI,0.0,250000.0,45
2018-10-10,DOV-ETN,0.0,250000.0,45
2018-10-11,LII-WM,-6813.79133605957,250000.0,45
2018-10-11,FTV-RSG,2031.7171363830566,250000.0,45
2018-10-11,DOV-ETN,-3988.4474029541016,250000.0,45
2018-10-11,FAST-LII,0.0,250000.0,45
2018-10-11,NVDA-ZBRA,0.0,250000.0,45
2018-10-12,FTV-RSG,1481.2332763671875,250000.0,45
2018-10-12,DOV-ETN,-4910.359939575195,250000.0,45
2018-10-12,FAST-LII,-3583.522659301758,250000.0,45
2018-10-12,NVDA-ZBRA,4018.172255039215,250000.0,45
2018-10-12,AAPL-TDY,0.0,250000.0,45
2018-10-15,FTV-RSG,1121.0610427856445,250000.0,45
2018-10-15,FAST-LII,-1848.16259765625,250000.0,45
2018-10-15,NVDA-ZBRA,-15887.654729366302,250000.0,45
2018-10-15,AAPL-TDY,4322.237285614014,250000.0,45
2018-10-15,ADBE-GDDY,0.0,250000.0,45
2018-10-16,FTV-RSG,-1999.0734405517578,250000.0,45
2018-10-16,FAST-LII,2686.2742614746094,250000.0,45
2018-10-16,NVDA-ZBRA,-14565.11893749237,250000.0,45
2018-10-17,FTV-RSG,-996.1046447753906,250000.0,45
2018-10-17,FAST-LII,-503.9959259033203,250000.0,45
2018-10-17,NVDA-ZBRA,-19378.523449897766,250000.0,45
2018-10-18,FTV-RSG,-1350.5794219970703,250000.0,45
2018-10-18,NVDA-ZBRA,-23113.97371149063,250000.0,45
2018-10-19,FTV-RSG,-2356.1707153320312,250000.0,45
2018-10-22,FTV-RSG,-5313.434181213379,250000.0,45
2018-10-23,FTV-RSG,-4014.5965614318848,250000.0,45
2018-10-23,ETR-SRE,0.0,250000.0,45
2018-10-24,ETR-SRE,1261.3300514221191,250000.0,45
2018-10-24,DIS-VZ,0.0,250000.0,45
2018-10-25,ETR-SRE,1476.3732738494873,250000.0,45
2018-10-25,DIS-VZ,9128.494567871094,250000.0,45
2018-10-25,LII-WM,0.0,250000.0,45
2018-10-26,ETR-SRE,-2230.0463581085205,250000.0,45
2018-10-26,LII-WM,4631.04753112793,250000.0,45
2018-10-26,ARE-SPG,0.0,250000.0,45
2018-10-29,LII-WM,8431.165008544922,250000.0,45
2018-10-29,ARE-SPG,2203.5857696533203,250000.0,45
2018-10-30,LII-WM,8721.458679199219,250000.0,45
2018-10-30,ARE-SPG,-6023.957656860352,250000.0,45
2018-10-31,LII-WM,9507.616836547852,250000.0,45
2018-10-31,ARE-SPG,-3200.812644958496,250000.0,45
2018-11-01,LII-WM,4139.338073730469,250000.0,45
2018-11-01,ARE-SPG,-480.60609436035156,250000.0,45
2018-11-02,LII-WM,1092.8114776611328,250000.0,45
2018-11-02,ARE-SPG,-2627.7480239868164,250000.0,45
2018-11-02,AAPL-TDY,0.0,250000.0,45
2018-11-05,LII-WM,2039.0605773925781,250000.0,45
2018-11-05,ARE-SPG,-2046.6246032714844,250000.0,45
2018-11-05,AAPL-TDY,-5239.733196258545,250000.0,45
2018-11-05,ARE-INVH,0.0,250000.0,45
2018-11-06,LII-WM,3380.4152069091797,250000.0,45
2018-11-06,ARE-SPG,-1558.4237670898438,250000.0,45
2018-11-06,AAPL-TDY,-7312.248825073242,250000.0,45
2018-11-06,ARE-INVH,1972.4607238769531,250000.0,45
2018-11-07,LII-WM,5182.134201049805,250000.0,45
2018-11-07,ARE-SPG,-2939.424819946289,250000.0,45
2018-11-07,AAPL-TDY,-6399.065574645996,250000.0,45
2018-11-07,ARE-INVH,230.5345344543457,250000.0,45
2018-11-07,ADBE-GDDY,0.0,250000.0,45
2018-11-08,LII-WM,7544.564437866211,250000.0,45
2018-11-08,ARE-SPG,-3322.6630096435547,250000.0,45
2018-11-08,AAPL-TDY,-1827.4722061157227,250000.0,45
2018-11-08,ARE-INVH,4957.396043777466,250000.0,45
2018-11-08,ADBE-GDDY,5585.271041870117,250000.0,45
2018-11-09,LII-WM,11806.277114868164,250000.0,45
2018-11-09,ARE-SPG,-6424.319267272949,250000.0,45
2018-11-09,AAPL-TDY,-1015.3649368286133,250000.0,45
2018-11-09,ARE-INVH,7084.912559509277,250000.0,45
2018-11-09,ADBE-GDDY,2601.109588623047,250000.0,45
2018-11-12,LII-WM,12272.950744628906,250000.0,45
2018-11-12,AAPL-TDY,-4804.266895294189,250000.0,45
2018-11-12,ADBE-GDDY,7373.306594848633,250000.0,45
2018-11-13,LII-WM,7434.042755126953,250000.0,45
2018-11-13,AAPL-TDY,-7818.944034576416,250000.0,45
2018-11-13,ADBE-GDDY,6457.807327270508,250000.0,45
2018-11-14,LII-WM,10938.376556396484,250000.0,45
2018-11-14,AAPL-TDY,-12050.03409576416,250000.0,45
2018-11-14,ADBE-GDDY,5108.847808837891,250000.0,45
2018-11-15,ADBE-GDDY,8781.533126831055,250000.0,45
2018-11-16,ADBE-GDDY,6166.954818725586,250000.0,45
2018-11-16,DIS-VZ,0.0,250000.0,45
2018-11-19,ADBE-GDDY,12864.555786132812,250000.0,45
2018-11-19,DIS-VZ,-3227.5635566711426,250000.0,45
2018-11-20,ADBE-GDDY,16013.078018188477,250000.0,45
2018-11-20,DIS-VZ,-5443.18643951416,250000.0,45
2018-11-20,ARE-CPT,0.0,250000.0,45
2018-11-21,ADBE-GDDY,10211.129165649414,250000.0,45
2018-11-21,DIS-VZ,-1899.94877243042,250000.0,45
2018-11-21,ARE-CPT,-445.5299835205078,250000.0,45
2018-11-23,ADBE-GDDY,9995.272155761719,250000.0,45
2018-11-23,DIS-VZ,-1622.6764183044434,250000.0,45
2018-11-23,ARE-CPT,355.0389938354492,250000.0,45
2018-11-26,ADBE-GDDY,12249.657272338867,250000.0,45
2018-11-26,DIS-VZ,-2892.2428245544434,250000.0,45
2018-11-26,ARE-CPT,1774.5307083129883,250000.0,45
2018-11-27,ADBE-GDDY,7167.841552734375,250000.0,45
2018-11-27,DIS-VZ,-6362.910224914551,250000.0,45
2018-11-27,ARE-CPT,904.9999923706055,250000.0,45
2018-11-28,ADBE-GDDY,3580.304977416992,250000.0,45
2018-11-28,DIS-VZ,444.4536361694336,250000.0,45
2018-11-28,ARE-CPT,2667.381690979004,250000.0,45
2018-11-29,ADBE-GDDY,2820.3653259277344,250000.0,45
2018-11-29,ARE-CPT,652.8498153686523,250000.0,45
2018-11-30,ARE-CPT,-180.58880615234375,250000.0,45
2018-11-30,FAST-LII,0.0,250000.0,45
2018-12-03,ARE-CPT,2976.4584045410156,250000.0,45
2018-12-03,FAST-LII,1430.4908266067505,250000.0,45
2018-12-04,AAPL-TDY,0.0,250000.0,45
2018-12-06,AAPL-TDY,-6417.349014282227,250000.0,45
2018-12-10,DOV-ETN,0.0,250000.0,45
2018-12-12,AEP-XEL,0.0,250000.0,45
2018-12-13,AEP-XEL,899.2973403930664,250000.0,45
2018-12-14,AEP-XEL,-569.363410949707,250000.0,45
2018-12-14,ADBE-GDDY,0.0,250000.0,45
2018-12-17,AEP-XEL,1051.4130210876465,250000.0,45
2018-12-17,ADBE-GDDY,-10021.007610321045,250000.0,45
2018-12-17,ARE-SPG,0.0,250000.0,45
2018-12-18,AEP-XEL,134.5481300354004,250000.0,45
2018-12-18,ADBE-GDDY,-4677.136432647705,250000.0,45
2018-12-18,ARE-SPG,-1535.882698059082,250000.0,45
2018-12-18,ARE-FRT,0.0,250000.0,45
2018-12-19,AEP-XEL,-1321.2573051452637,250000.0,45
2018-12-19,ADBE-GDDY,-8164.873550415039,250000.0,45
2018-12-19,ARE-SPG,-5577.718963623047,250000.0,45
2018-12-19,ARE-FRT,-4287.603424072266,250000.0,45
2018-12-20,AEP-XEL,-1544.2755737304688,250000.0,45
2018-12-20,ADBE-GDDY,-18418.4701461792,250000.0,45
2018-12-20,ARE-SPG,-8474.211616516113,250000.0,45
2018-12-20,ARE-FRT,-2772.2251739501953,250000.0,45
2018-12-20,MA-MSCI,0.0,250000.0,45
2018-12-21,AEP-XEL,-87.56758499145508,250000.0,45
2018-12-21,ARE-FRT,-2521.9131088256836,250000.0,45
2018-12-21,MA-MSCI,-7899.208480834961,250000.0,45
2018-12-24,AEP-XEL,-2051.3557777404785,250000.0,45
2018-12-24,ARE-FRT,-2206.2570419311523,250000.0,45
2018-12-24,MA-MSCI,-5030.458053588867,250000.0,45
2018-12-24,LII-WM,0.0,250000.0,45
2018-12-24,L-SCHW,0.0,250000.0,45
2018-12-26,AEP-XEL,-20.465553283691406,250000.0,45
2018-12-26,ARE-FRT,186.63251495361328,250000.0,45
2018-12-26,LII-WM,6280.6409912109375,250000.0,45
2018-12-26,L-SCHW,3911.3527297973633,250000.0,45
2018-12-27,ARE-FRT,34.353538513183594,250000.0,45
2018-12-27,L-SCHW,5692.777019500732,250000.0,45
2018-12-28,ARE-FRT,-523.6081008911133,250000.0,45
2018-12-28,L-SCHW,5098.764053344727,250000.0,45
2018-11-05,ARE-INVH,0.0,250000.0,46
2018-11-06,ARE-INVH,1972.4607238769531,250000.0,46
2018-11-07,ARE-INVH,230.5345344543457,250000.0,46
2018-11-07,COO-CRL,0.0,250000.0,46
2018-11-08,ARE-INVH,4957.396043777466,250000.0,46
2018-11-08,COO-CRL,2000.078140258789,250000.0,46
2018-11-09,ARE-INVH,7084.912559509277,250000.0,46
2018-11-09,COO-CRL,1526.0921020507812,250000.0,46
2018-11-12,COO-CRL,603.3984985351562,250000.0,46
2018-11-13,COO-CRL,-1489.1274490356445,250000.0,46
2018-11-13,IDXX-RMD,0.0,250000.0,46
2018-11-14,COO-CRL,2131.423553466797,250000.0,46
2018-11-14,IDXX-RMD,802.8095550537109,250000.0,46
2018-11-15,COO-CRL,1817.3612060546875,250000.0,46
2018-11-15,CPAY-KKR,0.0,250000.0,46
2018-11-16,COO-CRL,9005.741409301758,250000.0,46
2018-11-16,CPAY-KKR,-5238.6600914001465,250000.0,46
2018-11-16,DIS-VZ,0.0,250000.0,46
2018-11-19,CPAY-KKR,-2853.975959777832,250000.0,46
2018-11-19,DIS-VZ,-3227.5635566711426,250000.0,46
2018-11-20,CPAY-KKR,-405.3874797821045,250000.0,46
2018-11-20,DIS-VZ,-5443.18643951416,250000.0,46
2018-11-21,DIS-VZ,-1899.94877243042,250000.0,46
2018-11-23,DIS-VZ,-1622.6764183044434,250000.0,46
2018-11-26,DIS-VZ,-2892.2428245544434,250000.0,46
2018-11-27,DIS-VZ,-6362.910224914551,250000.0,46
2018-11-28,DIS-VZ,444.4536361694336,250000.0,46
2018-11-29,ARE-KIM,0.0,250000.0,46
2018-11-30,ARE-KIM,707.3695907592773,250000.0,46
2018-12-03,ARE-KIM,1446.9135475158691,250000.0,46
2018-12-04,ARE-KIM,-400.63233947753906,250000.0,46
2018-12-06,ARE-KIM,-1709.5638313293457,250000.0,46
2018-12-06,ARE-VTR,0.0,250000.0,46
2018-12-07,ARE-KIM,-2645.5409088134766,250000.0,46
2018-12-07,ARE-VTR,-1061.3769149780273,250000.0,46
2018-12-07,COO-CRL,0.0,250000.0,46
2018-12-10,ARE-KIM,-1703.088279724121,250000.0,46
2018-12-10,ARE-VTR,1144.8151779174805,250000.0,46
2018-12-10,COO-CRL,13471.864967346191,250000.0,46
2018-12-11,ARE-VTR,-165.16781616210938,250000.0,46
2018-12-11,COO-CRL,13224.352462768555,250000.0,46
2018-12-12,ARE-VTR,3212.8179931640625,250000.0,46
2018-12-12,COO-CRL,11297.884643554688,250000.0,46
2018-12-12,ARE-DLR,0.0,250000.0,46
2018-12-13,ARE-DLR,6727.200744628906,250000.0,46
2018-12-13,ARE-PSA,0.0,250000.0,46
2018-12-14,ARE-DLR,6537.793884277344,250000.0,46
2018-12-17,ARE-DLR,2958.3997802734375,250000.0,46
2018-12-17,ARE-SBAC,0.0,250000.0,46
2018-12-17,ARE-REG,0.0,250000.0,46
2018-12-18,ARE-DLR,7033.175598144531,250000.0,46
2018-12-18,ARE-SBAC,1462.484764099121,250000.0,46
2018-12-18,ARE-REG,1787.2144889831543,250000.0,46
2018-12-18,ARE-FRT,0.0,250000.0,46
2018-12-19,ARE-DLR,6627.1907958984375,250000.0,46
2018-12-19,ARE-SBAC,905.6347045898438,250000.0,46
2018-12-19,ARE-REG,-4207.008983612061,250000.0,46
2018-12-19,ARE-FRT,-4287.603424072266,250000.0,46
2018-12-20,ARE-DLR,-504.15203857421875,250000.0,46
2018-12-20,ARE-SBAC,-2017.4882583618164,250000.0,46
2018-12-20,ARE-REG,-696.4668769836426,250000.0,46
2018-12-20,ARE-FRT,-2772.2251739501953,250000.0,46
2018-12-20,ARE-CPT,0.0,250000.0,46
2018-12-21,ARE-DLR,-10729.948486328125,250000.0,46
2018-12-21,ARE-SBAC,-4744.187271118164,250000.0,46
2018-12-21,ARE-REG,2680.099723815918,250000.0,46
2018-12-21,ARE-FRT,-2521.9131088256836,250000.0,46
2018-12-21,ARE-CPT,-1190.9841079711914,250000.0,46
2018-12-21,PODD-VEEV,0.0,250000.0,46
2018-12-24,ARE-REG,4328.058765411377,250000.0,46
2018-12-24,ARE-FRT,-2206.2570419311523,250000.0,46
2018-12-24,PODD-VEEV,-3206.6893920898438,250000.0,46
2018-12-24,ARE-INVH,0.0,250000.0,46
2018-12-26,ARE-FRT,186.63251495361328,250000.0,46
2018-12-26,ARE-INVH,5613.445823669434,250000.0,46
2018-12-27,ARE-FRT,34.353538513183594,250000.0,46
2018-12-27,ARE-INVH,6499.396690368652,250000.0,46
2018-12-28,ARE-FRT,-523.6081008911133,250000.0,46
2019-01-08,DIS-VZ,0.0,250000.0,46
2019-01-09,ARE-DLR,0.0,250000.0,46
2019-01-10,ARE-DLR,2165.891975402832,250000.0,46
2019-01-11,ARE-DLR,4023.907539367676,250000.0,46
2019-01-14,ARE-DLR,6649.741264343262,250000.0,46
2019-01-15,ARE-DLR,4108.804443359375,250000.0,46
2019-01-16,ARE-DLR,765.5890121459961,250000.0,46
2019-01-16,ARE-CPT,0.0,250000.0,46
2019-01-17,ARE-DLR,-2196.7489852905273,250000.0,46
2019-01-17,ARE-CPT,216.63876342773438,250000.0,46
2019-01-18,ARE-DLR,-4516.970649719238,250000.0,46
2019-01-18,ARE-CPT,2107.8201904296875,250000.0,46
2019-01-22,ARE-DLR,-10102.694610595703,250000.0,46
2019-01-23,ARE-DLR,-11244.195220947266,250000.0,46
2019-01-28,DIS-VZ,0.0,250000.0,46
2019-01-29,DIS-VZ,-8180.926475524902,250000.0,46
2019-01-30,DIS-VZ,-4437.63346862793,250000.0,46
2019-01-30,ARE-BXP,0.0,250000.0,46
2019-01-31,DIS-VZ,-483.3599090576172,250000.0,46
2019-01-31,ARE-BXP,2298.0699157714844,250000.0,46
2019-01-31,ARE-KIM,0.0,250000.0,46
2019-01-31,ARE-MAA,0.0,250000.0,46
2018-12-06,ARE-VTR,0.0,250000.0,47
2018-12-06,ARE-HST,0.0,250000.0,47
2018-12-07,ARE-VTR,-1061.3769149780273,250000.0,47
2018-12-07,ARE-HST,-2520.564799308777,250000.0,47
2018-12-07,AMGN-COO,0.0,250000.0,47
2018-12-10,ARE-VTR,1144.8151779174805,250000.0,47
2018-12-10,ARE-HST,-4620.944319725037,250000.0,47
2018-12-10,AMGN-COO,7793.487167358398,250000.0,47
2018-12-11,ARE-VTR,-165.16781616210938,250000.0,47
2018-12-11,ARE-HST,-2032.4122533798218,250000.0,47
2018-12-11,AMGN-COO,7509.261749267578,250000.0,47
2018-12-11,DOC-O,0.0,250000.0,47
2018-12-12,ARE-VTR,3212.8179931640625,250000.0,47
2018-12-12,AMGN-COO,7245.5147705078125,250000.0,47
2018-12-12,DOC-O,-970.7078342437744,250000.0,47
2018-12-12,ARE-DLR,0.0,250000.0,47
2018-12-13,AMGN-COO,8373.105422973633,250000.0,47
2018-12-13,ARE-DLR,6727.200744628906,250000.0,47
2018-12-13,ARE-PSA,0.0,250000.0,47
2018-12-14,AMGN-COO,6549.3405838012695,250000.0,47
2018-12-14,ARE-DLR,6537.793884277344,250000.0,47
2018-12-17,AMGN-COO,2807.619140625,250000.0,47
2018-12-17,ARE-DLR,2958.3997802734375,250000.0,47
2018-12-17,ARE-SBAC,0.0,250000.0,47
2018-12-17,ARE-REG,0.0,250000.0,47
2018-12-18,AMGN-COO,8530.37361907959,250000.0,47
2018-12-18,ARE-DLR,7033.175598144531,250000.0,47
2018-12-18,ARE-SBAC,1462.484764099121,250000.0,47
2018-12-18,ARE-REG,1787.2144889831543,250000.0,47
2018-12-18,ARE-FRT,0.0,250000.0,47
2018-12-19,AMGN-COO,6354.625183105469,250000.0,47
2018-12-19,ARE-DLR,6627.1907958984375,250000.0,47
2018-12-19,ARE-SBAC,905.6347045898438,250000.0,47
2018-12-19,ARE-REG,-4207.008983612061,250000.0,47
2018-12-19,ARE-FRT,-4287.603424072266,250000.0,47
2018-12-20,AMGN-COO,-137.22695922851562,250000.0,47
2018-12-20,ARE-DLR,-504.15203857421875,250000.0,47
2018-12-20,ARE-SBAC,-2017.4882583618164,250000.0,47
2018-12-20,ARE-REG,-696.4668769836426,250000.0,47
2018-12-20,ARE-FRT,-2772.2251739501953,250000.0,47
2018-12-20,ARE-CPT,0.0,250000.0,47
2018-12-21,AMGN-COO,4253.841384887695,250000.0,47
2018-12-21,ARE-DLR,-10729.948486328125,250000.0,47
2018-12-21,ARE-SBAC,-4744.187271118164,250000.0,47
2018-12-21,ARE-REG,2680.099723815918,250000.0,47
2018-12-21,ARE-FRT,-2521.9131088256836,250000.0,47
2018-12-21,ARE-CPT,-1190.9841079711914,250000.0,47
2018-12-24,AMGN-COO,2014.4536972045898,250000.0,47
2018-12-24,ARE-REG,4328.058765411377,250000.0,47
2018-12-24,ARE-FRT,-2206.2570419311523,250000.0,47
2018-12-24,ARE-INVH,0.0,250000.0,47
2018-12-24,ARE-HST,0.0,250000.0,47
2018-12-26,AMGN-COO,5089.689529418945,250000.0,47
2018-12-26,ARE-FRT,186.63251495361328,250000.0,47
2018-12-26,ARE-INVH,5613.445823669434,250000.0,47
2018-12-26,ARE-HST,4481.224388122559,250000.0,47
2018-12-27,AMGN-COO,10506.4125289917,250000.0,47
2018-12-27,ARE-FRT,34.353538513183594,250000.0,47
2018-12-27,ARE-INVH,6499.396690368652,250000.0,47
2018-12-27,ARE-HST,7101.82950592041,250000.0,47
2018-12-28,AMGN-COO,7516.924743652344,250000.0,47
2018-12-28,ARE-FRT,-523.6081008911133,250000.0,47
2018-12-28,ARE-HST,7803.917190551758,250000.0,47
2018-12-31,AMGN-COO,8692.760162353516,250000.0,47
2018-12-31,ARE-HST,14570.424021720886,250000.0,47
2019-01-02,AMGN-COO,7392.7783279418945,250000.0,47
2019-01-02,ARE-HST,-641.897801399231,250000.0,47
2019-01-03,AMGN-COO,5641.308670043945,250000.0,47
2019-01-03,ARE-HST,4670.897892951965,250000.0,47
2019-01-03,COO-ELV,0.0,250000.0,47
2019-01-04,ARE-HST,2237.6988611221313,250000.0,47
2019-01-04,COO-ELV,1493.2852745056152,250000.0,47
2019-01-07,ARE-HST,4044.440839767456,250000.0,47
2019-01-07,COO-ELV,1612.6265602111816,250000.0,47
2019-01-08,ARE-HST,10827.383452415466,250000.0,47
2019-01-08,COO-ELV,-3216.8677558898926,250000.0,47
2019-01-09,ARE-HST,12464.30973148346,250000.0,47
2019-01-09,COO-ELV,-3784.380874633789,250000.0,47
2019-01-09,ARE-DLR,0.0,250000.0,47
2019-01-09,HUM-ISRG,0.0,250000.0,47
2019-01-10,COO-ELV,-3627.9287033081055,250000.0,47
2019-01-10,ARE-DLR,2165.891975402832,250000.0,47
2019-01-10,HUM-ISRG,-1465.0173645019531,250000.0,47
2019-01-11,COO-ELV,-262.9745330810547,250000.0,47
2019-01-11,ARE-DLR,4023.907539367676,250000.0,47
2019-01-11,HUM-ISRG,11574.390197753906,250000.0,47
2019-01-14,COO-ELV,-1284.904296875,250000.0,47
2019-01-14,ARE-DLR,6649.741264343262,250000.0,47
2019-01-14,HUM-ISRG,11704.656982421875,250000.0,47
2019-01-15,COO-ELV,-537.820930480957,250000.0,47
2019-01-15,ARE-DLR,4108.804443359375,250000.0,47
2019-01-15,HUM-ISRG,10856.564758300781,250000.0,47
2019-01-16,COO-ELV,-892.1611633300781,250000.0,47
2019-01-16,ARE-DLR,765.5890121459961,250000.0,47
2019-01-16,ARE-CPT,0.0,250000.0,47
2019-01-16,FAST-LII,0.0,250000.0,47
2019-01-17,COO-ELV,1668.944076538086,250000.0,47
2019-01-17,ARE-DLR,-2196.7489852905273,250000.0,47
2019-01-17,ARE-CPT,216.63876342773438,250000.0,47
2019-01-18,ARE-DLR,-4516.970649719238,250000.0,47
2019-01-18,ARE-CPT,2107.8201904296875,250000.0,47
2019-01-22,ARE-DLR,-10102.694610595703,250000.0,47
2019-01-23,ARE-DLR,-11244.195220947266,250000.0,47
2019-01-23,GDDY-PTC,0.0,250000.0,47
2019-01-28,HUM-ISRG,0.0,250000.0,47
2019-01-29,HUM-ISRG,-805.43798828125,250000.0,47
2019-01-30,HUM-ISRG,3312.8228607177734,250000.0,47
2019-01-30,DOC-O,0.0,250000.0,47
2019-01-30,COO-ELV,0.0,250000.0,47
2019-01-31,HUM-ISRG,9519.555572509766,250000.0,47
2019-01-31,DOC-O,-517.2509765625,250000.0,47
2019-01-31,COO-ELV,-3596.6446685791016,250000.0,47
2019-01-31,ARE-KIM,0.0,250000.0,47
2019-01-31,ARE-MAA,0.0,250000.0,47
2019-02-01,DOC-O,186.68254852294922,250000.0,47
2019-02-01,COO-ELV,-4343.459495544434,250000.0,47
2019-02-01,ARE-KIM,4437.948534011841,250000.0,47
2019-02-01,ARE-MAA,277.2198028564453,250000.0,47
2019-02-04,DOC-O,-3311.7478218078613,250000.0,47
2019-02-04,COO-ELV,-5348.34610748291,250000.0,47
2019-02-04,ARE-KIM,5428.475330352783,250000.0,47
2019-02-04,ARE-MAA,4479.50439453125,250000.0,47
2019-02-05,COO-ELV,-4498.881660461426,250000.0,47
2019-02-06,COO-ELV,-11731.251365661621,250000.0,47
2019-02-07,COO-ELV,-10712.454223632812,250000.0,47
2019-02-08,COO-ELV,-5948.0350341796875,250000.0,47
2019-02-11,COO-ELV,-4607.560974121094,250000.0,47
2019-02-12,COO-ELV,-6810.120475769043,250000.0,47
2019-02-13,COO-ELV,-6232.134826660156,250000.0,47
2019-02-20,ARE-HST,0.0,250000.0,47
2019-02-21,ARE-HST,-905.9325323104858,250000.0,47
2019-02-21,ARE-PSA,0.0,250000.0,47
2019-02-22,ARE-HST,-4189.644727706909,250000.0,47
2019-02-22,ARE-PSA,49.618263244628906,250000.0,47
2019-02-25,ARE-HST,-532.0541019439697,250000.0,47
2019-02-26,ARE-HST,832.731104850769,250000.0,47
2019-02-27,ARE-HST,2267.6410818099976,250000.0,47
2019-02-28,ARE-HST,1758.640835762024,250000.0,47
2019-01-16,ARES-BAC,0.0,250000.0,48
2019-01-17,ARES-BAC,-4825.301824569702,250000.0,48
2019-01-17,COF-KEY,0.0,250000.0,48
2019-01-17,FITB-MS,0.0,250000.0,48
2019-01-17,ARES-MTB,0.0,250000.0,48
2019-01-18,ARES-BAC,-5545.168951034546,250000.0,48
2019-01-18,COF-KEY,2958.875907897949,250000.0,48
2019-01-18,FITB-MS,1743.0579223632812,250000.0,48
2019-01-18,ARES-MTB,-1767.1415519714355,250000.0,48
2019-01-22,ARES-BAC,-2417.148166656494,250000.0,48
2019-01-22,ARES-MTB,-2234.836850166321,250000.0,48
2019-01-23,ARES-BAC,2042.8465671539307,250000.0,48
2019-01-23,ARES-MTB,-788.9489078521729,250000.0,48
2019-01-23,GDDY-PTC,0.0,250000.0,48
2019-01-23,COF-KEY,0.0,250000.0,48
2019-01-24,ARES-BAC,1197.9880142211914,250000.0,48
2019-01-24,ARES-MTB,-1595.4640817642212,250000.0,48
2019-01-24,COF-KEY,8113.696632385254,250000.0,48
2019-01-25,ARES-BAC,-630.2056331634521,250000.0,48
2019-01-25,ARES-MTB,975.5714321136475,250000.0,48
2019-01-25,COF-KEY,6896.88840675354,250000.0,48
2019-01-28,ARES-BAC,-428.28708839416504,250000.0,48
2019-01-28,ARES-MTB,2556.1979484558105,250000.0,48
2019-01-28,COF-KEY,5741.61923789978,250000.0,48
2019-01-29,ARES-BAC,77.29025077819824,250000.0,48
2019-01-29,ARES-MTB,549.2368984222412,250000.0,48
2019-01-29,COF-KEY,7691.5821895599365,250000.0,48
2019-01-29,BRO-V,0.0,250000.0,48
2019-01-30,ARES-BAC,2328.0932331085205,250000.0,48
2019-01-30,ARES-MTB,2810.484209060669,250000.0,48
2019-01-30,BRO-V,-4703.115943908691,250000.0,48
2019-01-31,ARES-BAC,8241.667200088501,250000.0,48
2019-01-31,ARES-MTB,5922.4146366119385,250000.0,48
2019-01-31,BRO-V,4547.8572635650635,250000.0,48
2019-01-31,FRT-MAA,0.0,250000.0,48
2019-01-31,AME-ETN,0.0,250000.0,48
2019-02-01,ARES-BAC,8551.537149429321,250000.0,48
2019-02-01,ARES-MTB,6298.7202072143555,250000.0,48
2019-02-01,BRO-V,2937.6503562927246,250000.0,48
2019-02-01,FRT-MAA,-736.301025390625,250000.0,48
2019-02-01,AME-ETN,1493.1560516357422,250000.0,48
2019-02-04,BRO-V,549.2259407043457,250000.0,48
2019-02-04,FRT-MAA,963.4014053344727,250000.0,48
2019-02-04,AME-ETN,738.5280227661133,250000.0,48
2019-02-05,BRO-V,1434.3392944335938,250000.0,48
2019-02-05,FRT-MAA,1234.5308837890625,250000.0,48
2019-02-05,AME-ETN,5862.279937744141,250000.0,48
2019-02-06,BRO-V,2131.3991832733154,250000.0,48
2019-02-06,FRT-MAA,2292.92138671875,250000.0,48
2019-02-06,AME-ETN,5317.154296875,250000.0,48
2019-02-07,BRO-V,3123.628704071045,250000.0,48
2019-02-07,FRT-MAA,1324.4584579467773,250000.0,48
2019-02-08,BRO-V,2958.2230052948,250000.0,48
2019-02-08,FRT-MAA,891.7917404174805,250000.0,48
2019-02-11,BRO-V,5531.317096710205,250000.0,48
2019-02-11,FRT-MAA,1119.2975616455078,250000.0,48
2019-02-12,FRT-MAA,1009.9280395507812,250000.0,48
2019-02-13,FRT-MAA,2695.5082473754883,250000.0,48
2019-02-14,COO-IQV,0.0,250000.0,48
2019-02-15,COO-IQV,967.684814453125,250000.0,48
2019-02-15,EME-FDX,0.0,250000.0,48
2019-02-19,COO-IQV,4793.490676879883,250000.0,48
2019-02-19,EME-FDX,878.478874206543,250000.0,48
2019-02-20,COO-IQV,6204.311111450195,250000.0,48
2019-02-20,EME-FDX,-1645.9718322753906,250000.0,48
2019-02-20,ARE-HST,0.0,250000.0,48
2019-02-21,COO-IQV,5987.716445922852,250000.0,48
2019-02-21,EME-FDX,-12079.402549743652,250000.0,48
2019-02-21,ARE-HST,-905.9325323104858,250000.0,48
2019-02-22,COO-IQV,9796.697280883789,250000.0,48
2019-02-22,ARE-HST,-4189.644727706909,250000.0,48
2019-02-25,ARE-HST,-532.0541019439697,250000.0,48
2019-02-25,AWK-WEC,0.0,250000.0,48
2019-02-26,ARE-HST,832.731104850769,250000.0,48
2019-02-26,AWK-WEC,-956.1972808837891,250000.0,48
2019-02-27,ARE-HST,2267.6410818099976,250000.0,48
2019-02-27,AWK-WEC,-95.5324935913086,250000.0,48
2019-02-28,ARE-HST,1758.640835762024,250000.0,48
2019-02-28,AWK-WEC,848.9743804931641,250000.0,48
2019-02-28,COF-KEY,0.0,250000.0,48
2019-03-01,ARE-HST,2539.7614917755127,250000.0,48
2019-03-01,AWK-WEC,426.90006256103516,250000.0,48
2019-03-01,COF-KEY,-4350.599003791809,250000.0,48
2019-03-01,GNRC-NSC,0.0,250000.0,48
2019-03-04,ARE-HST,356.2797603607178,250000.0,48
2019-03-04,AWK-WEC,579.9002838134766,250000.0,48
2019-03-04,COF-KEY,-2525.6242322921753,250000.0,48
2019-03-04,GNRC-NSC,794.112361907959,250000.0,48
2019-03-05,ARE-HST,263.9364070892334,250000.0,48
2019-03-05,AWK-WEC,1537.9969787597656,250000.0,48
2019-03-05,COF-KEY,-1983.9622917175293,250000.0,48
2019-03-05,GNRC-NSC,-302.09547424316406,250000.0,48
2019-03-06,ARE-HST,1803.0802774429321,250000.0,48
2019-03-06,COF-KEY,-4622.880958557129,250000.0,48
2019-03-06,FRT-MAA,0.0,250000.0,48
2019-03-07,ARE-HST,5445.900263786316,250000.0,48
2019-03-07,COF-KEY,-3739.345863342285,250000.0,48
2019-03-07,FRT-MAA,-1792.8064880371094,250000.0,48
2019-03-07,COO-IQV,0.0,250000.0,48
2019-03-08,ARE-HST,7439.732838630676,250000.0,48
2019-03-08,COF-KEY,-3033.465600967407,250000.0,48
2019-03-08,COO-IQV,-471.4720764160156,250000.0,48
2019-03-11,ARE-HST,7225.799893379211,250000.0,48
2019-03-11,COO-IQV,2408.313621520996,250000.0,48
2019-03-11,ARES-HBAN,0.0,250000.0,48
2019-03-12,ARE-HST,11501.008393287659,250000.0,48
2019-03-12,COO-IQV,-973.974494934082,250000.0,48
2019-03-12,ARES-HBAN,-22.987668991088867,250000.0,48
2019-03-13,COO-IQV,2988.1740493774414,250000.0,48
2019-03-13,ARES-HBAN,653.201901435852,250000.0,48
2019-03-14,COO-IQV,-745.240234375,250000.0,48
2019-03-14,ARES-HBAN,3324.8318309783936,250000.0,48
2019-03-15,COO-IQV,-168.10773468017578,250000.0,48
2019-03-15,ARES-HBAN,-254.7951021194458,250000.0,48
2019-03-15,FITB-MS,0.0,250000.0,48
2019-03-15,ARES-JPM,0.0,250000.0,48
2019-03-18,ARES-HBAN,2813.0510988235474,250000.0,48
2019-03-18,FITB-MS,-1822.29833984375,250000.0,48
2019-03-18,ARES-JPM,-1468.4313354492188,250000.0,48
2019-03-19,ARES-HBAN,-2733.1144876480103,250000.0,48
2019-03-19,ARES-JPM,-917.3028717041016,250000.0,48
2019-03-19,AWK-CMS,0.0,250000.0,48
2019-03-20,AWK-CMS,451.79376220703125,250000.0,48
2019-03-20,COF-KEY,0.0,250000.0,48
2019-03-20,ARES-MTB,0.0,250000.0,48
2019-03-20,ARES-BAC,0.0,250000.0,48
2019-03-21,AWK-CMS,576.95849609375,250000.0,48
2019-03-21,ARES-MTB,-5428.501556396484,250000.0,48
2019-03-21,ARES-BAC,-4134.410140991211,250000.0,48
2019-03-21,ARES-HBAN,0.0,250000.0,48
2019-03-22,ARES-HBAN,-3391.631567001343,250000.0,48
2019-03-25,ARES-HBAN,-2189.515085220337,250000.0,48
2019-03-26,ARES-HBAN,1347.7142629623413,250000.0,48
2019-03-27,ARES-HBAN,3616.7990503311157,250000.0,48
2019-03-27,GDDY-PTC,0.0,250000.0,48
2019-03-28,ARES-HBAN,5863.391159057617,250000.0,48
2019-03-28,GDDY-PTC,-634.7728424072266,250000.0,48
2019-03-29,ARES-HBAN,4572.727766990662,250000.0,48
2019-02-01,BXP-IRM,0.0,250000.0,49
2019-02-04,BXP-IRM,1035.4947528839111,250000.0,49
2019-02-04,MTB-PNC,0.0,250000.0,49
2019-02-05,BXP-IRM,947.6603603363037,250000.0,49
2019-02-05,MTB-PNC,1301.4759140014648,250000.0,49
2019-02-06,BXP-IRM,488.11419105529785,250000.0,49
2019-02-06,MTB-PNC,1091.2334747314453,250000.0,49
2019-02-07,BXP-IRM,-1838.5658569335938,250000.0,49
2019-02-08,BXP-IRM,-1843.499792098999,250000.0,49
2019-02-08,CASY-HSY,0.0,250000.0,49
2019-02-11,CASY-HSY,1003.2039260864258,250000.0,49
2019-02-12,CASY-HSY,-848.2717132568359,250000.0,49
2019-02-13,CASY-HSY,424.8139190673828,250000.0,49
2019-02-14,CASY-HSY,3039.84375,250000.0,49
2019-02-14,COO-IQV,0.0,250000.0,49
2019-02-15,CASY-HSY,1893.9522247314453,250000.0,49
2019-02-15,COO-IQV,967.684814453125,250000.0,49
2019-02-19,CASY-HSY,751.6795272827148,250000.0,49
2019-02-19,COO-IQV,4793.490676879883,250000.0,49
2019-02-20,CASY-HSY,-1930.8096160888672,250000.0,49
2019-02-20,COO-IQV,6204.311111450195,250000.0,49
2019-02-21,CASY-HSY,-5099.547805786133,250000.0,49
2019-02-21,COO-IQV,5987.716445922852,250000.0,49
2019-02-21,ROP-SNPS,0.0,250000.0,49
2019-02-22,CASY-HSY,-2192.246894836426,250000.0,49
2019-02-22,COO-IQV,9796.697280883789,250000.0,49
2019-02-22,ROP-SNPS,171.2921905517578,250000.0,49
2019-02-25,ROP-SNPS,-68.29829406738281,250000.0,49
2019-02-26,ROP-SNPS,-1263.930076599121,250000.0,49
2019-02-27,ROP-SNPS,-4007.92733001709,250000.0,49
2019-02-27,ARE-CSGP,0.0,250000.0,49
2019-02-28,ARE-CSGP,199.25469970703125,250000.0,49
2019-02-28,COF-KEY,0.0,250000.0,49
2019-02-28,CTAS-GWW,0.0,250000.0,49
2019-03-01,ARE-CSGP,-10405.458229064941,250000.0,49
2019-03-01,COF-KEY,-4350.599003791809,250000.0,49
2019-03-01,CTAS-GWW,-3176.5796813964844,250000.0,49
2019-03-01,GNRC-NSC,0.0,250000.0,49
2019-03-04,ARE-CSGP,-2241.0866317749023,250000.0,49
2019-03-04,COF-KEY,-2525.6242322921753,250000.0,49
2019-03-04,CTAS-GWW,-1755.3405151367188,250000.0,49
2019-03-04,GNRC-NSC,794.112361907959,250000.0,49
2019-03-05,ARE-CSGP,-157.26683044433594,250000.0,49
2019-03-05,COF-KEY,-1983.9622917175293,250000.0,49
2019-03-05,CTAS-GWW,-1903.9081115722656,250000.0,49
2019-03-05,GNRC-NSC,-302.09547424316406,250000.0,49
2019-03-06,ARE-CSGP,3071.4727935791016,250000.0,49
2019-03-06,COF-KEY,-4622.880958557129,250000.0,49
2019-03-06,CTAS-GWW,685.1291198730469,250000.0,49
2019-03-07,ARE-CSGP,2212.606246948242,250000.0,49
2019-03-07,COF-KEY,-3739.345863342285,250000.0,49
2019-03-07,CTAS-GWW,-2681.8323974609375,250000.0,49
2019-03-07,COO-IQV,0.0,250000.0,49
2019-03-08,ARE-CSGP,2416.472412109375,250000.0,49
2019-03-08,COF-KEY,-3033.465600967407,250000.0,49
2019-03-08,COO-IQV,-471.4720764160156,250000.0,49
2019-03-08,CVX-OXY,0.0,250000.0,49
2019-03-11,ARE-CSGP,3122.4277420043945,250000.0,49
2019-03-11,COO-IQV,2408.313621520996,250000.0,49
2019-03-11,CVX-OXY,1747.451026916504,250000.0,49
2019-03-12,ARE-CSGP,4684.982383728027,250000.0,49
2019-03-12,COO-IQV,-973.974494934082,250000.0,49
2019-03-12,CVX-OXY,2614.7888946533203,250000.0,49
2019-03-13,ARE-CSGP,5443.9304275512695,250000.0,49
2019-03-13,COO-IQV,2988.1740493774414,250000.0,49
2019-03-14,ARE-CSGP,8167.657577514648,250000.0,49
2019-03-14,COO-IQV,-745.240234375,250000.0,49
2019-03-15,ARE-CSGP,3470.245460510254,250000.0,49
2019-03-15,COO-IQV,-168.10773468017578,250000.0,49
2019-03-15,FITB-MS,0.0,250000.0,49
2019-03-18,ARE-CSGP,3394.873359680176,250000.0,49
2019-03-18,FITB-MS,-1822.29833984375,250000.0,49
2019-03-19,ARE-CSGP,2928.1605682373047,250000.0,49
2019-03-20,ARE-CSGP,5306.974815368652,250000.0,49
2019-03-20,COF-KEY,0.0,250000.0,49
2019-03-21,ARE-CSGP,4985.284629821777,250000.0,49
2019-03-22,ARE-CSGP,8200.421516418457,250000.0,49
2019-03-25,ARE-CSGP,7567.905067443848,250000.0,49
2019-03-26,ARE-CSGP,13226.771675109863,250000.0,49
2019-03-27,ARE-CSGP,13641.581130981445,250000.0,49
2019-03-27,GDDY-PTC,0.0,250000.0,49
2019-03-28,ARE-CSGP,15117.084564208984,250000.0,49
2019-03-28,GDDY-PTC,-634.7728424072266,250000.0,49
2019-03-29,ARE-CSGP,11245.768753051758,250000.0,49
2019-04-01,ARE-CSGP,1918.8766708374023,250000.0,49
2019-04-01,CTAS-GWW,0.0,250000.0,49
2019-04-02,ARE-CSGP,5873.722885131836,250000.0,49
2019-04-02,CTAS-GWW,543.4479789733887,250000.0,49
2019-04-03,ARE-CSGP,3730.4932250976562,250000.0,49
2019-04-03,CTAS-GWW,940.4459266662598,250000.0,49
2019-04-04,ARE-CSGP,6246.993110656738,250000.0,49
2019-04-04,CTAS-GWW,-1731.7631034851074,250000.0,49
2019-04-04,ROP-SNPS,0.0,250000.0,49
2019-04-05,ARE-CSGP,4544.055519104004,250000.0,49
2019-04-05,CTAS-GWW,-3515.748218536377,250000.0,49
2019-04-05,COO-IQV,0.0,250000.0,49
2019-04-08,ARE-CSGP,6020.218841552734,250000.0,49
2019-04-08,CTAS-GWW,-2309.334182739258,250000.0,49
2019-04-08,COO-IQV,1016.6133651733398,250000.0,49
2019-04-09,ARE-CSGP,7502.520484924316,250000.0,49
2019-04-09,CTAS-GWW,4676.1640548706055,250000.0,49
2019-04-09,COO-IQV,-30.437637329101562,250000.0,49
2019-04-10,ARE-CSGP,7192.697044372559,250000.0,49
2019-04-10,COO-IQV,1460.7885665893555,250000.0,49
2019-04-11,ARE-CSGP,4877.859550476074,250000.0,49
2019-04-12,ARE-CSGP,3471.0941619873047,250000.0,49
2019-04-12,FITB-MS,0.0,250000.0,49
2019-04-12,MTB-PNC,0.0,250000.0,49
2019-04-15,ARE-CSGP,1136.8624649047852,250000.0,49
2019-04-15,FITB-MS,908.9055290222168,250000.0,49
2019-04-15,MTB-PNC,-1766.8743515014648,250000.0,49
2019-04-15,CVX-OXY,0.0,250000.0,49
2019-04-16,FITB-MS,-1455.4311065673828,250000.0,49
2019-04-16,MTB-PNC,-2260.3767318725586,250000.0,49
2019-04-16,CVX-OXY,191.43041610717773,250000.0,49
2019-04-17,MTB-PNC,-3474.0757064819336,250000.0,49
2019-04-17,CVX-OXY,-2931.0616035461426,250000.0,49
2019-04-17,ARE-CSGP,0.0,250000.0,49
2019-04-18,MTB-PNC,-3813.344871520996,250000.0,49
2019-04-18,CVX-OXY,-5794.748737335205,250000.0,49
2019-04-18,ARE-CSGP,5860.111587524414,250000.0,49
2019-04-22,CVX-OXY,-2985.4250450134277,250000.0,49
2019-04-22,ARE-CSGP,-216.32674026489258,250000.0,49
2019-04-22,CTAS-GWW,0.0,250000.0,49
2019-04-23,CVX-OXY,-5827.496360778809,250000.0,49
2019-04-23,ARE-CSGP,4270.975051879883,250000.0,49
2019-04-23,CTAS-GWW,301.04309463500977,250000.0,49
2019-04-23,COHR-TYL,0.0,250000.0,49
2019-04-23,BRO-V,0.0,250000.0,49
2019-04-24,CVX-OXY,-3502.341739654541,250000.0,49
2019-04-24,CTAS-GWW,29.310077667236328,250000.0,49
2019-04-24,COHR-TYL,-554.8921737670898,250000.0,49
2019-04-24,BRO-V,1134.785982131958,250000.0,49
2019-04-25,CVX-OXY,-3752.970199584961,250000.0,49
2019-04-25,CTAS-GWW,1110.1552352905273,250000.0,49
2019-04-25,BRO-V,-100.11862754821777,250000.0,49
2019-04-25,CASY-HSY,0.0,250000.0,49
2019-04-25,GDDY-PTC,0.0,250000.0,49
2019-04-25,BXP-IRM,0.0,250000.0,49
2019-04-26,CVX-OXY,-5042.626934051514,250000.0,49
2019-04-26,CTAS-GWW,-2594.5504264831543,250000.0,49
2019-04-26,BRO-V,565.6502647399902,250000.0,49
2019-04-26,CASY-HSY,-5233.950996398926,250000.0,49
2019-04-26,GDDY-PTC,1555.3395233154297,250000.0,49
2019-04-26,BXP-IRM,-2555.9855976104736,250000.0,49
2019-04-26,AME-ETN,0.0,250000.0,49
2019-04-29,CTAS-GWW,-8701.711193084717,250000.0,49
2019-04-29,BRO-V,4103.199905395508,250000.0,49
2019-04-29,CASY-HSY,-2772.029899597168,250000.0,49
2019-04-29,GDDY-PTC,-547.0578231811523,250000.0,49
2019-04-29,BXP-IRM,-4290.78689956665,250000.0,49
2019-04-29,AME-ETN,281.7939682006836,250000.0,49
2019-04-30,BRO-V,1995.0405826568604,250000.0,49
2019-04-30,CASY-HSY,-3215.1664810180664,250000.0,49
2019-04-30,GDDY-PTC,-2636.3279571533203,250000.0,49
2019-04-30,BXP-IRM,-2849.0702381134033,250000.0,49
2019-04-30,CVX-OXY,0.0,250000.0,49
2019-03-14,L-NTRS,0.0,250000.0,50
2019-03-15,L-NTRS,-2021.5142059326172,250000.0,50
2019-03-18,L-NTRS,-160.3586883544922,250000.0,50
2019-03-19,L-NTRS,-302.70557022094727,250000.0,50
2019-03-20,L-NTRS,2423.15673828125,250000.0,50
2019-03-20,TT-VRSK,0.0,250000.0,50
2019-03-21,TT-VRSK,414.11295318603516,250000.0,50
2019-03-21,CPT-FRT,0.0,250000.0,50
2019-03-22,CPT-FRT,-981.3498764038086,250000.0,50
2019-03-25,CPT-FRT,-1693.9172897338867,250000.0,50
2019-03-26,CPT-FRT,-2755.4919967651367,250000.0,50
2019-03-26,COO-ELV,0.0,250000.0,50
2019-03-27,CPT-FRT,-2233.5036239624023,250000.0,50
2019-03-27,COO-ELV,-3552.3712997436523,250000.0,50
2019-03-27,GDDY-PTC,0.0,250000.0,50
2019-03-28,CPT-FRT,-3341.6193618774414,250000.0,50
2019-03-28,COO-ELV,-5865.923934936523,250000.0,50
2019-03-28,GDDY-PTC,-634.7728424072266,250000.0,50
2019-03-29,CPT-FRT,-2038.171875,250000.0,50
2019-03-29,COO-ELV,-2844.5807723999023,250000.0,50
2019-03-29,HUBB-LUV,0.0,250000.0,50
2019-04-01,CPT-FRT,-1610.2031936645508,250000.0,50
2019-04-01,COO-ELV,-1385.751075744629,250000.0,50
2019-04-01,HUBB-LUV,-827.6049194335938,250000.0,50
2019-04-01,ANET-COHR,0.0,250000.0,50
2019-04-02,CPT-FRT,-259.72635650634766,250000.0,50
2019-04-02,COO-ELV,-2959.7114868164062,250000.0,50
2019-04-02,HUBB-LUV,-1514.2418670654297,250000.0,50
2019-04-02,ANET-COHR,542.1914558410645,250000.0,50
2019-04-02,ABBV-VTRS,0.0,250000.0,50
2019-04-02,NEE-WEC,0.0,250000.0,50
2019-04-03,CPT-FRT,-226.0946807861328,250000.0,50
2019-04-03,COO-ELV,-2998.347213745117,250000.0,50
2019-04-03,HUBB-LUV,-779.4016647338867,250000.0,50
2019-04-03,ANET-COHR,-1332.7605934143066,250000.0,50
2019-04-03,ABBV-VTRS,-5717.472717285156,250000.0,50
2019-04-03,NEE-WEC,826.5282745361328,250000.0,50
2019-04-04,CPT-FRT,-1045.6959991455078,250000.0,50
2019-04-04,COO-ELV,5303.636047363281,250000.0,50
2019-04-04,HUBB-LUV,-809.3023986816406,250000.0,50
2019-04-04,ANET-COHR,-3705.2253074645996,250000.0,50
2019-04-04,ABBV-VTRS,-1377.8827896118164,250000.0,50
2019-04-04,NEE-WEC,841.1894226074219,250000.0,50
2019-04-04,CMS-FE,0.0,250000.0,50
2019-04-05,HUBB-LUV,1085.2890243530273,250000.0,50
2019-04-05,ANET-COHR,-7631.229640960693,250000.0,50
2019-04-05,ABBV-VTRS,-319.4799156188965,250000.0,50
2019-04-05,NEE-WEC,1012.965950012207,250000.0,50
2019-04-08,ANET-COHR,-7270.199939727783,250000.0,50
2019-04-08,ABBV-VTRS,249.92201232910156,250000.0,50
2019-04-09,ANET-COHR,-5033.100982666016,250000.0,50
2019-04-09,ABBV-VTRS,-3936.069290161133,250000.0,50
2019-04-10,ANET-COHR,-6592.563289642334,250000.0,50
2019-04-10,ABBV-VTRS,-3373.153968811035,250000.0,50
2019-04-11,ANET-COHR,-4480.354598999023,250000.0,50
2019-04-11,ABBV-VTRS,-3720.147041320801,250000.0,50
2019-04-12,ABBV-VTRS,-4189.127716064453,250000.0,50
2019-04-12,COO-ELV,0.0,250000.0,50
2019-04-12,CHRW-HUBB,0.0,250000.0,50
2019-04-15,COO-ELV,7944.597282409668,250000.0,50
2019-04-15,CHRW-HUBB,-1753.3197021484375,250000.0,50
2019-04-16,COO-ELV,-4719.174049377441,250000.0,50
2019-04-17,COO-ELV,-6369.654167175293,250000.0,50
2019-04-17,KEY-NTRS,0.0,250000.0,50
2019-04-18,COO-ELV,-4457.769836425781,250000.0,50
2019-04-18,KEY-NTRS,2267.4576082229614,250000.0,50
2019-04-22,COO-ELV,-2400.682586669922,250000.0,50
2019-04-22,KEY-NTRS,291.1723566055298,250000.0,50
2019-04-22,IP-PKG,0.0,250000.0,50
2019-04-23,COO-ELV,2376.321273803711,250000.0,50
2019-04-23,IP-PKG,700.1958160400391,250000.0,50
2019-04-23,COHR-TYL,0.0,250000.0,50
2019-04-23,BRO-V,0.0,250000.0,50
2019-04-24,COO-ELV,5880.938339233398,250000.0,50
2019-04-24,IP-PKG,-2404.279857635498,250000.0,50
2019-04-24,COHR-TYL,-554.8921737670898,250000.0,50
2019-04-24,BRO-V,1134.785982131958,250000.0,50
2019-04-24,ACN-NTAP,0.0,250000.0,50
2019-04-25,COO-ELV,11441.533088684082,250000.0,50
2019-04-25,BRO-V,-100.11862754821777,250000.0,50
2019-04-25,ACN-NTAP,1171.6181106567383,250000.0,50
2019-04-25,CASY-HSY,0.0,250000.0,50
2019-04-25,GDDY-PTC,0.0,250000.0,50
2019-04-26,COO-ELV,16809.953407287598,250000.0,50
2019-04-26,BRO-V,565.6502647399902,250000.0,50
2019-04-26,ACN-NTAP,-5467.464546203613,250000.0,50
2019-04-26,CASY-HSY,-5233.950996398926,250000.0,50
2019-04-26,GDDY-PTC,1555.3395233154297,250000.0,50
2019-04-29,BRO-V,4103.199905395508,250000.0,50
2019-04-29,ACN-NTAP,-2603.447063446045,250000.0,50
2019-04-29,CASY-HSY,-2772.029899597168,250000.0,50
2019-04-29,GDDY-PTC,-547.0578231811523,250000.0,50
2019-04-29,CHRW-HUBB,0.0,250000.0,50
2019-04-29,TT-VRSK,0.0,250000.0,50
2019-04-29,CHRW-LUV,0.0,250000.0,50
2019-04-30,BRO-V,1995.0405826568604,250000.0,50
2019-04-30,ACN-NTAP,-4670.702732086182,250000.0,50
2019-04-30,CASY-HSY,-3215.1664810180664,250000.0,50
2019-04-30,GDDY-PTC,-2636.3279571533203,250000.0,50
2019-04-30,CHRW-HUBB,-9518.57233428955,250000.0,50
2019-04-30,TT-VRSK,-3332.226760864258,250000.0,50
2019-04-30,CHRW-LUV,-2353.8414306640625,250000.0,50
2019-05-01,BRO-V,4795.819650650024,250000.0,50
2019-05-01,ACN-NTAP,-6510.520473480225,250000.0,50
2019-05-01,CASY-HSY,249.72577667236328,250000.0,50
2019-05-01,GDDY-PTC,-8803.60733795166,250000.0,50
2019-05-01,CHRW-HUBB,-10126.748931884766,250000.0,50
2019-05-01,TT-VRSK,-4350.5811767578125,250000.0,50
2019-05-01,CHRW-LUV,-2038.719482421875,250000.0,50
2019-05-02,BRO-V,-3883.769784927368,250000.0,50
2019-05-02,ACN-NTAP,-4310.818649291992,250000.0,50
2019-05-02,CASY-HSY,809.7868347167969,250000.0,50
2019-05-02,GDDY-PTC,-9236.140663146973,250000.0,50
2019-05-02,CHRW-HUBB,4042.2924270629883,250000.0,50
2019-05-02,TT-VRSK,-6182.4688720703125,250000.0,50
2019-05-02,CHRW-LUV,12553.317840576172,250000.0,50
2019-05-03,BRO-V,-9195.223211288452,250000.0,50
2019-05-03,ACN-NTAP,509.2728271484375,250000.0,50
2019-05-03,CASY-HSY,2185.0416107177734,250000.0,50
2019-05-03,GDDY-PTC,-3917.090705871582,250000.0,50
2019-05-03,CHRW-HUBB,5211.691703796387,250000.0,50
2019-05-03,TT-VRSK,-4196.727668762207,250000.0,50
2019-05-03,CHRW-LUV,13556.83772277832,250000.0,50
2019-05-06,BRO-V,-10348.720575332642,250000.0,50
2019-05-06,ACN-NTAP,-3401.273323059082,250000.0,50
2019-05-06,CASY-HSY,-1552.320053100586,250000.0,50
2019-05-06,GDDY-PTC,-4130.853775024414,250000.0,50
2019-05-06,CHRW-HUBB,3095.9878463745117,250000.0,50
2019-05-06,TT-VRSK,-1141.816520690918,250000.0,50
2019-05-06,CHRW-LUV,11095.448867797852,250000.0,50
2019-05-07,BRO-V,-9218.216981887817,250000.0,50
2019-05-07,ACN-NTAP,-5739.578674316406,250000.0,50
2019-05-07,CASY-HSY,-4237.799095153809,250000.0,50
2019-05-07,GDDY-PTC,-7933.646224975586,250000.0,50
2019-05-07,CHRW-HUBB,3264.691360473633,250000.0,50
2019-05-07,TT-VRSK,-3137.325370788574,250000.0,50
2019-05-07,CHRW-LUV,14016.998794555664,250000.0,50
2019-05-08,ACN-NTAP,-6329.0126304626465,250000.0,50
2019-05-08,CASY-HSY,-3826.7377395629883,250000.0,50
2019-05-08,GDDY-PTC,-7857.19580078125,250000.0,50
2019-05-08,CHRW-HUBB,7842.913513183594,250000.0,50
2019-05-08,TT-VRSK,-1936.8601913452148,250000.0,50
2019-05-08,CHRW-LUV,16290.063186645508,250000.0,50
2019-05-09,CASY-HSY,-4215.422187805176,250000.0,50
2019-05-09,GDDY-PTC,-7488.345649719238,250000.0,50
2019-05-09,CHRW-HUBB,5918.579704284668,250000.0,50
2019-05-09,TT-VRSK,-2131.1389236450195,250000.0,50
2019-05-09,CHRW-LUV,13442.17300415039,250000.0,50
2019-05-10,CHRW-HUBB,-1139.8891296386719,250000.0,50
2019-05-10,TT-VRSK,-4588.645584106445,250000.0,50
2019-05-10,CHRW-LUV,7857.725479125977,250000.0,50
2019-05-13,CHRW-HUBB,1205.022560119629,250000.0,50
2019-05-13,TT-VRSK,-3277.7038040161133,250000.0,50
2019-05-13,CHRW-LUV,8176.642852783203,250000.0,50
2019-05-13,IP-PKG,0.0,250000.0,50
2019-05-14,CHRW-HUBB,7303.944053649902,250000.0,50
2019-05-14,CHRW-LUV,11386.642379760742,250000.0,50
2019-05-14,IP-PKG,1436.3825607299805,250000.0,50
2019-05-14,KEY-NTRS,0.0,250000.0,50
2019-05-15,CHRW-HUBB,9807.024696350098,250000.0,50
2019-05-15,CHRW-LUV,11834.270889282227,250000.0,50
2019-05-15,IP-PKG,2350.0841217041016,250000.0,50
2019-05-16,CHRW-LUV,13875.718200683594,250000.0,50
2019-05-17,CHRW-LUV,12389.560470581055,250000.0,50
2019-05-17,KEY-NTRS,0.0,250000.0,50
2019-05-20,CHRW-LUV,11518.602066040039,250000.0,50
2019-05-20,KEY-NTRS,-999.8548421859741,250000.0,50
2019-05-21,CHRW-LUV,5653.507354736328,250000.0,50
2019-05-21,KEY-NTRS,1026.8672533035278,250000.0,50
2019-05-21,COO-ELV,0.0,250000.0,50
2019-05-22,CHRW-LUV,6167.085388183594,250000.0,50
2019-05-22,KEY-NTRS,244.13255882263184,250000.0,50
2019-05-22,COO-ELV,399.6616973876953,250000.0,50
2019-05-23,CHRW-LUV,11659.854598999023,250000.0,50
2019-05-23,COO-ELV,-861.0423431396484,250000.0,50
2019-05-23,ACN-NTAP,0.0,250000.0,50
2019-05-24,CHRW-LUV,6177.567611694336,250000.0,50
2019-05-24,COO-ELV,-762.4109649658203,250000.0,50
2019-05-24,ACN-NTAP,765.4224586486816,250000.0,50
2019-05-28,CHRW-LUV,8177.0552978515625,250000.0,50
2019-05-28,ACN-NTAP,-4027.8961181640625,250000.0,50
2019-05-28,CMS-FE,0.0,250000.0,50
2019-05-29,CHRW-LUV,13426.393417358398,250000.0,50
2019-05-29,ACN-NTAP,-4723.613243103027,250000.0,50
2019-05-29,CMS-FE,-900.0116882324219,250000.0,50
2019-05-30,CHRW-LUV,10157.287078857422,250000.0,50
2019-05-30,ACN-NTAP,-5529.49649810791,250000.0,50
2019-05-30,CMS-FE,-2227.9086570739746,250000.0,50
2019-05-31,CHRW-LUV,22258.16862487793,250000.0,50
2019-05-31,ACN-NTAP,-9745.625057220459,250000.0,50
2019-05-31,CMS-FE,-2136.4619102478027,250000.0,50
2019-05-31,L-NTRS,0.0,250000.0,50
2019-04-02,MMM-XYL,0.0,250000.0,51
2019-04-02,NEE-WEC,0.0,250000.0,51
2019-04-03,MMM-XYL,-2757.241714477539,250000.0,51
2019-04-03,NEE-WEC,826.5282745361328,250000.0,51
2019-04-04,NEE-WEC,841.1894226074219,250000.0,51
2019-04-04,FE-WEC,0.0,250000.0,51
2019-04-05,NEE-WEC,1012.965950012207,250000.0,51
2019-04-05,VRT-WM,0.0,250000.0,51
2019-04-08,VRT-WM,-2968.715069770813,250000.0,51
2019-04-09,VRT-WM,-20.045564651489258,250000.0,51
2019-04-09,ITW-PNR,0.0,250000.0,51
2019-04-10,ITW-PNR,-395.08272552490234,250000.0,51
2019-04-11,ITW-PNR,496.8244514465332,250000.0,51
2019-04-12,ITW-PNR,-2049.255630493164,250000.0,51
2019-04-15,ITW-PNR,-1983.3323669433594,250000.0,51
2019-04-16,ITW-PNR,-1423.999656677246,250000.0,51
2019-04-17,ITW-PNR,-11509.368850708008,250000.0,51
2019-04-18,ITW-PNR,-15563.254707336426,250000.0,51
2019-04-18,BRO-BX,0.0,250000.0,51
2019-04-22,ITW-PNR,-17601.21242904663,250000.0,51
2019-04-22,BRO-BX,-3309.3625888824463,250000.0,51
2019-04-23,ITW-PNR,-15935.065937042236,250000.0,51
2019-04-23,BRO-BX,4816.146629333496,250000.0,51
2019-04-23,COHR-TYL,0.0,250000.0,51
2019-04-24,BRO-BX,2201.2254695892334,250000.0,51
2019-04-24,COHR-TYL,-554.8921737670898,250000.0,51
2019-04-24,TFC-TROW,0.0,250000.0,51
2019-04-24,AEE-ATO,0.0,250000.0,51
2019-04-25,BRO-BX,1322.0148944854736,250000.0,51
2019-04-25,MMM-XYL,0.0,250000.0,51
2019-04-25,GDDY-PTC,0.0,250000.0,51
2019-04-25,DG-HSY,0.0,250000.0,51
2019-04-26,BRO-BX,738.235237121582,250000.0,51
2019-04-26,MMM-XYL,-962.8119659423828,250000.0,51
2019-04-26,GDDY-PTC,1555.3395233154297,250000.0,51
2019-04-29,BRO-BX,-2912.6619033813477,250000.0,51
2019-04-29,MMM-XYL,-5990.1929931640625,250000.0,51
2019-04-29,GDDY-PTC,-547.0578231811523,250000.0,51
2019-04-29,CHRW-LUV,0.0,250000.0,51
2019-04-29,TFC-TROW,0.0,250000.0,51
2019-04-30,BRO-BX,6347.75775718689,250000.0,51
2019-04-30,MMM-XYL,-6087.604843139648,250000.0,51
2019-04-30,GDDY-PTC,-2636.3279571533203,250000.0,51
2019-04-30,CHRW-LUV,-2353.8414306640625,250000.0,51
2019-04-30,TFC-TROW,815.1147689819336,250000.0,51
2019-05-01,BRO-BX,-1240.9132442474365,250000.0,51
2019-05-01,MMM-XYL,-12509.863693237305,250000.0,51
2019-05-01,GDDY-PTC,-8803.60733795166,250000.0,51
2019-05-01,CHRW-LUV,-2038.719482421875,250000.0,51
2019-05-01,TFC-TROW,-943.2146759033203,250000.0,51
2019-05-02,BRO-BX,6349.012041091919,250000.0,51
2019-05-02,MMM-XYL,-3696.2247467041016,250000.0,51
2019-05-02,GDDY-PTC,-9236.140663146973,250000.0,51
2019-05-02,CHRW-LUV,12553.317840576172,250000.0,51
2019-05-02,TFC-TROW,-2406.746696472168,250000.0,51
2019-05-02,LITE-TYL,0.0,250000.0,51
2019-05-03,BRO-BX,9508.451494216919,250000.0,51
2019-05-03,MMM-XYL,-11137.687698364258,250000.0,51
2019-05-03,GDDY-PTC,-3917.090705871582,250000.0,51
2019-05-03,CHRW-LUV,13556.83772277832,250000.0,51
2019-05-03,TFC-TROW,19.927528381347656,250000.0,51
2019-05-03,LITE-TYL,701.2111053466797,250000.0,51
2019-05-03,FRT-MAA,0.0,250000.0,51
2019-05-06,MMM-XYL,-8697.583267211914,250000.0,51
2019-05-06,GDDY-PTC,-4130.853775024414,250000.0,51
2019-05-06,CHRW-LUV,11095.448867797852,250000.0,51
2019-05-06,TFC-TROW,-2044.8668746948242,250000.0,51
2019-05-06,FRT-MAA,-214.1356201171875,250000.0,51
2019-05-07,MMM-XYL,-13629.266387939453,250000.0,51
2019-05-07,GDDY-PTC,-7933.646224975586,250000.0,51
2019-05-07,CHRW-LUV,14016.998794555664,250000.0,51
2019-05-07,TFC-TROW,-4794.760635375977,250000.0,51
2019-05-07,FRT-MAA,-1679.723876953125,250000.0,51
2019-05-07,EG-MS,0.0,250000.0,51
2019-05-08,MMM-XYL,-14548.620727539062,250000.0,51
2019-05-08,GDDY-PTC,-7857.19580078125,250000.0,51
2019-05-08,CHRW-LUV,16290.063186645508,250000.0,51
2019-05-08,TFC-TROW,-4034.547073364258,250000.0,51
2019-05-08,EG-MS,6162.607887268066,250000.0,51
2019-05-09,MMM-XYL,-20898.10089111328,250000.0,51
2019-05-09,GDDY-PTC,-7488.345649719238,250000.0,51
2019-05-09,CHRW-LUV,13442.17300415039,250000.0,51
2019-05-09,TFC-TROW,-4898.369483947754,250000.0,51
2019-05-09,EG-MS,361.56551361083984,250000.0,51
2019-05-10,CHRW-LUV,7857.725479125977,250000.0,51
2019-05-10,TFC-TROW,419.4404754638672,250000.0,51
2019-05-10,EG-MS,-4616.7360916137695,250000.0,51
2019-05-13,CHRW-LUV,8176.642852783203,250000.0,51
2019-05-13,TFC-TROW,-5039.741111755371,250000.0,51
2019-05-13,EG-MS,-13069.430717468262,250000.0,51
2019-05-13,AEE-ATO,0.0,250000.0,51
2019-05-13,DG-HSY,0.0,250000.0,51
2019-05-14,CHRW-LUV,11386.642379760742,250000.0,51
2019-05-14,EG-MS,-16672.867797851562,250000.0,51
2019-05-14,AEE-ATO,-290.6438179016113,250000.0,51
2019-05-14,DG-HSY,-2525.107391357422,250000.0,51
2019-05-15,CHRW-LUV,11834.270889282227,250000.0,51
2019-05-15,EG-MS,-16990.691444396973,250000.0,51
2019-05-15,AEE-ATO,-1599.8063583374023,250000.0,51
2019-05-15,DG-HSY,-1889.3691177368164,250000.0,51
2019-05-16,CHRW-LUV,13875.718200683594,250000.0,51
2019-05-16,EG-MS,-16610.228797912598,250000.0,51
2019-05-16,AEE-ATO,-971.3370933532715,250000.0,51
2019-05-16,DG-HSY,997.7777557373047,250000.0,51
2019-05-16,LITE-TYL,0.0,250000.0,51
2019-05-17,CHRW-LUV,12389.560470581055,250000.0,51
2019-05-17,EG-MS,-17097.722297668457,250000.0,51
2019-05-17,AEE-ATO,53.711204528808594,250000.0,51
2019-05-17,DG-HSY,1411.626091003418,250000.0,51
2019-05-17,LITE-TYL,-3372.4097061157227,250000.0,51
2019-05-20,CHRW-LUV,11518.602066040039,250000.0,51
2019-05-20,EG-MS,-18932.81072998047,250000.0,51
2019-05-20,AEE-ATO,578.0972671508789,250000.0,51
2019-05-20,DG-HSY,-336.14022064208984,250000.0,51
2019-05-20,LITE-TYL,-5923.650413513184,250000.0,51
2019-05-21,CHRW-LUV,5653.507354736328,250000.0,51
2019-05-21,EG-MS,-15893.389419555664,250000.0,51
2019-05-21,AEE-ATO,-124.58576583862305,250000.0,51
2019-05-21,DG-HSY,2169.4057540893555,250000.0,51
2019-05-21,LITE-TYL,-7607.607315063477,250000.0,51
2019-05-22,CHRW-LUV,6167.085388183594,250000.0,51
2019-05-22,AEE-ATO,125.05868530273438,250000.0,51
2019-05-22,DG-HSY,1244.6320037841797,250000.0,51
2019-05-23,CHRW-LUV,11659.854598999023,250000.0,51
2019-05-23,AEE-ATO,-1298.2866554260254,250000.0,51
2019-05-23,DG-HSY,-1431.7658920288086,250000.0,51
2019-05-24,CHRW-LUV,6177.567611694336,250000.0,51
2019-05-24,AEE-ATO,-350.1225242614746,250000.0,51
2019-05-24,DG-HSY,2055.3662338256836,250000.0,51
2019-05-28,CHRW-LUV,8177.0552978515625,250000.0,51
2019-05-28,DG-HSY,600.6056671142578,250000.0,51
2019-05-28,FRT-MAA,0.0,250000.0,51
2019-05-28,FE-WEC,0.0,250000.0,51
2019-05-29,CHRW-LUV,13426.393417358398,250000.0,51
2019-05-29,FRT-MAA,1162.2828674316406,250000.0,51
2019-05-29,FE-WEC,-1174.9199752807617,250000.0,51
2019-05-30,CHRW-LUV,10157.287078857422,250000.0,51
2019-05-30,FRT-MAA,2327.8988037109375,250000.0,51
2019-05-30,FE-WEC,-548.273494720459,250000.0,51
2019-05-31,CHRW-LUV,22258.16862487793,250000.0,51
2019-05-31,FE-WEC,-250.33160018920898,250000.0,51
2019-05-31,EG-MS,0.0,250000.0,51
2019-06-03,CHRW-LUV,22142.311920166016,250000.0,51
2019-06-03,FE-WEC,-374.44065856933594,250000.0,51
2019-06-03,EG-MS,-1812.6019134521484,250000.0,51
2019-06-03,LITE-TYL,0.0,250000.0,51
2019-06-04,CHRW-LUV,17879.89697265625,250000.0,51
2019-06-04,FE-WEC,1538.6181335449219,250000.0,51
2019-06-04,LITE-TYL,1510.4908447265625,250000.0,51
2019-06-05,CHRW-LUV,15386.938171386719,250000.0,51
2019-06-06,CHRW-LUV,12240.45004272461,250000.0,51
2019-06-07,CHRW-LUV,11012.446029663086,250000.0,51
2019-06-10,CHRW-LUV,13652.819259643555,250000.0,51
2019-06-11,CHRW-LUV,13300.409378051758,250000.0,51
2019-06-12,CHRW-LUV,20441.3819732666,250000.0,51
2019-06-13,CHRW-LUV,19248.42886352539,250000.0,51
2019-06-14,CHRW-LUV,22448.800720214844,250000.0,51
2019-06-17,CHRW-LUV,19034.21014404297,250000.0,51
2019-06-18,CHRW-LUV,22100.556762695312,250000.0,51
2019-06-19,CHRW-LUV,22396.327026367188,250000.0,51
2019-06-19,FE-WEC,0.0,250000.0,51
2019-06-20,FE-WEC,99.07880020141602,250000.0,51
2019-06-21,FE-WEC,75.40690612792969,250000.0,51
2019-06-21,VRT-WM,0.0,250000.0,51
2019-06-21,AEE-ATO,0.0,250000.0,51
2019-06-24,FE-WEC,93.32592391967773,250000.0,51
2019-06-24,AEE-ATO,-274.21887969970703,250000.0,51
2019-06-25,FE-WEC,64.58395385742188,250000.0,51
2019-06-25,AEE-ATO,-3145.5484466552734,250000.0,51
2019-06-26,FE-WEC,-1214.723237991333,250000.0,51
2019-06-26,AEE-ATO,1444.3931121826172,250000.0,51
2019-06-27,FE-WEC,-608.381139755249,250000.0,51
2019-06-27,AEE-ATO,-488.75399017333984,250000.0,51
2019-06-28,FE-WEC,479.34004402160645,250000.0,51
2019-06-28,AEE-ATO,-1101.3702545166016,250000.0,51
2019-05-01,ADP-VRSK,0.0,250000.0,52
2019-05-02,ADP-VRSK,578.8393707275391,250000.0,52
2019-05-02,CNC-HUM,0.0,250000.0,52
2019-05-02,ETR-EXC,0.0,250000.0,52
2019-05-02,GNRC-SNA,0.0,250000.0,52
2019-05-03,ADP-VRSK,-1860.678482055664,250000.0,52
2019-05-03,CNC-HUM,-1540.325439453125,250000.0,52
2019-05-03,ETR-EXC,-218.08110809326172,250000.0,52
2019-05-03,GNRC-SNA,-8549.901145935059,250000.0,52
2019-05-06,ADP-VRSK,-2091.7568969726562,250000.0,52
2019-05-06,ETR-EXC,-1685.3555717468262,250000.0,52
2019-05-06,GNRC-SNA,-7143.920928955078,250000.0,52
2019-05-07,ADP-VRSK,205.088134765625,250000.0,52
2019-05-07,GNRC-SNA,-7041.72966003418,250000.0,52
2019-05-08,ADP-VRSK,1365.8470001220703,250000.0,52
2019-05-08,GNRC-SNA,-4755.216110229492,250000.0,52
2019-05-09,ADP-VRSK,3555.839096069336,250000.0,52
2019-05-09,GNRC-SNA,-5206.894439697266,250000.0,52
2019-05-10,ADP-VRSK,3928.3719940185547,250000.0,52
2019-05-10,GNRC-SNA,-4351.409973144531,250000.0,52
2019-05-13,ADP-VRSK,2169.916778564453,250000.0,52
2019-05-14,ADP-VRSK,2555.452880859375,250000.0,52
2019-05-15,ADP-VRSK,1244.220199584961,250000.0,52
2019-05-16,ADP-VRSK,2091.8844299316406,250000.0,52
2019-05-16,ADBE-APH,0.0,250000.0,52
2019-05-17,ADP-VRSK,2664.4846801757812,250000.0,52
2019-05-17,ADBE-APH,159.99169540405273,250000.0,52
2019-05-20,ADP-VRSK,3288.2870025634766,250000.0,52
2019-05-20,ADBE-APH,-116.53550148010254,250000.0,52
2019-05-20,ROP-SNPS,0.0,250000.0,52
2019-05-21,ADP-VRSK,2416.348373413086,250000.0,52
2019-05-21,ADBE-APH,1183.3135719299316,250000.0,52
2019-05-21,ROP-SNPS,-2796.493766784668,250000.0,52
2019-05-22,ADP-VRSK,1777.3172149658203,250000.0,52
2019-05-22,ADBE-APH,-4806.140213012695,250000.0,52
2019-05-22,ROP-SNPS,-2811.340446472168,250000.0,52
2019-05-23,ADP-VRSK,1434.5177154541016,250000.0,52
2019-05-23,ADBE-APH,616.2508430480957,250000.0,52
2019-05-24,ADP-VRSK,2431.8536224365234,250000.0,52
2019-05-24,ADBE-APH,96.42607688903809,250000.0,52
2019-05-28,ADP-VRSK,2831.7650604248047,250000.0,52
2019-05-28,ADBE-APH,-5783.165365219116,250000.0,52
2019-05-28,FE-WEC,0.0,250000.0,52
2019-05-29,ADP-VRSK,3982.543670654297,250000.0,52
2019-05-29,ADBE-APH,-3473.2697372436523,250000.0,52
2019-05-29,FE-WEC,-1174.9199752807617,250000.0,52
2019-05-29,ATO-LNT,0.0,250000.0,52
2019-05-30,ADP-VRSK,4033.1903228759766,250000.0,52
2019-05-30,ADBE-APH,-2329.378526687622,250000.0,52
2019-05-30,FE-WEC,-548.273494720459,250000.0,52
2019-05-30,ATO-LNT,298.046630859375,250000.0,52
2019-05-31,ADP-VRSK,3770.106689453125,250000.0,52
2019-05-31,FE-WEC,-250.33160018920898,250000.0,52
2019-05-31,ATO-LNT,-120.69317626953125,250000.0,52
2019-05-31,ATO-XEL,0.0,250000.0,52
2019-06-03,FE-WEC,-374.44065856933594,250000.0,52
2019-06-03,ATO-LNT,-431.1740417480469,250000.0,52
2019-06-03,ATO-XEL,-1046.2283096313477,250000.0,52
2019-06-03,ADBE-APH,0.0,250000.0,52
2019-06-04,FE-WEC,1538.6181335449219,250000.0,52
2019-06-04,ADBE-APH,-205.20132446289062,250000.0,52
2019-06-04,GNRC-HWM,0.0,250000.0,52
2019-06-05,ADBE-APH,-804.4211120605469,250000.0,52
2019-06-05,GNRC-HWM,3098.475072860718,250000.0,52
2019-06-06,ADBE-APH,-2718.8723526000977,250000.0,52
2019-06-06,GNRC-HWM,1418.7977657318115,250000.0,52
2019-06-07,ADBE-APH,-3985.130983352661,250000.0,52
2019-06-07,GNRC-HWM,-5362.114917755127,250000.0,52
2019-06-10,ADBE-APH,-5215.403673171997,250000.0,52
2019-06-18,ADP-VRSK,0.0,250000.0,52
2019-06-19,ADP-VRSK,1456.6649475097656,250000.0,52
2019-06-19,FE-WEC,0.0,250000.0,52
2019-06-20,ADP-VRSK,-421.0473327636719,250000.0,52
2019-06-20,FE-WEC,99.07880020141602,250000.0,52
2019-06-21,ADP-VRSK,1098.4739379882812,250000.0,52
2019-06-21,FE-WEC,75.40690612792969,250000.0,52
2019-06-21,ATO-LNT,0.0,250000.0,52
2019-06-21,LII-VRT,0.0,250000.0,52
2019-06-24,ADP-VRSK,2554.008758544922,250000.0,52
2019-06-24,FE-WEC,93.32592391967773,250000.0,52
2019-06-24,ATO-LNT,455.84366607666016,250000.0,52
2019-06-24,LII-VRT,1225.2805862426758,250000.0,52
2019-06-24,FIS-TRV,0.0,250000.0,52
2019-06-25,FE-WEC,64.58395385742188,250000.0,52
2019-06-25,ATO-LNT,-2189.2403411865234,250000.0,52
2019-06-25,FIS-TRV,-1741.0275115966797,250000.0,52
2019-06-25,ETR-EXC,0.0,250000.0,52
2019-06-25,ATO-DTE,0.0,250000.0,52
2019-06-25,ATO-XEL,0.0,250000.0,52
2019-06-26,FE-WEC,-1214.723237991333,250000.0,52
2019-06-27,FE-WEC,-608.381139755249,250000.0,52
2019-06-28,FE-WEC,479.34004402160645,250000.0,52
2019-07-01,FE-WEC,732.8242816925049,250000.0,52
2019-07-03,GEN-INTC,0.0,250000.0,52
2019-07-05,GEN-INTC,-1352.5325546264648,250000.0,52
2019-07-08,GEN-INTC,-8271.286640167236,250000.0,52
2019-07-09,GEN-INTC,-8174.543151855469,250000.0,52
2019-07-10,GEN-INTC,-7999.496601104736,250000.0,52
2019-07-11,GEN-INTC,-2697.4373817443848,250000.0,52
2019-07-11,CNC-HUM,0.0,250000.0,52
2019-07-11,AWK-NEE,0.0,250000.0,52
2019-07-12,GEN-INTC,2914.8768196105957,250000.0,52
2019-07-12,AWK-NEE,720.2833404541016,250000.0,52
2019-07-15,AWK-NEE,-400.2505645751953,250000.0,52
2019-07-16,AWK-NEE,421.1683654785156,250000.0,52
2019-07-17,AWK-NEE,-1494.1216125488281,250000.0,52
2019-07-22,LII-VRT,0.0,250000.0,52
2019-07-23,LII-VRT,65.95303344726562,250000.0,52
2019-07-24,LII-VRT,-706.8247985839844,250000.0,52
2019-07-24,CNC-HUM,0.0,250000.0,52
2019-07-25,LII-VRT,70.35293579101562,250000.0,52
2019-07-25,CNC-HUM,901.1086654663086,250000.0,52
2019-07-26,LII-VRT,-854.5437316894531,250000.0,52
2019-07-26,CNC-HUM,1170.2996253967285,250000.0,52
2019-07-29,LII-VRT,-1530.2545471191406,250000.0,52
2019-07-29,CNC-HUM,4299.308120727539,250000.0,52
2019-07-30,LII-VRT,-1768.3760986328125,250000.0,52
2019-07-31,LII-VRT,-708.7203063964844,250000.0,52
2019-07-31,CNC-HUM,0.0,250000.0,52
2019-07-31,ATO-XEL,0.0,250000.0,52
2019-06-03,V-WRB,0.0,250000.0,53
2019-06-03,CB-FIS,0.0,250000.0,53
2019-06-04,V-WRB,4505.299470901489,250000.0,53
2019-06-04,DHR-MTD,0.0,250000.0,53
2019-06-05,DHR-MTD,-2925.0950088500977,250000.0,53
2019-06-18,FE-XEL,0.0,250000.0,53
2019-06-19,FE-WEC,0.0,250000.0,53
2019-06-19,ATO-FE,0.0,250000.0,53
2019-06-20,FE-WEC,99.07880020141602,250000.0,53
2019-06-20,ATO-FE,661.2165222167969,250000.0,53
2019-06-21,FE-WEC,75.40690612792969,250000.0,53
2019-06-21,ATO-FE,-3567.6044921875,250000.0,53
2019-06-21,ATO-LNT,0.0,250000.0,53
2019-06-24,FE-WEC,93.32592391967773,250000.0,53
2019-06-24,ATO-FE,-2761.4073791503906,250000.0,53
2019-06-24,ATO-LNT,455.84366607666016,250000.0,53
2019-06-24,FIS-TRV,0.0,250000.0,53
2019-06-25,FE-WEC,64.58395385742188,250000.0,53
2019-06-25,ATO-LNT,-2189.2403411865234,250000.0,53
2019-06-25,FIS-TRV,-1741.0275115966797,250000.0,53
2019-06-26,FE-WEC,-1214.723237991333,250000.0,53
2019-06-27,FE-WEC,-608.381139755249,250000.0,53
2019-06-28,FE-WEC,479.34004402160645,250000.0,53
2019-07-01,FE-WEC,732.8242816925049,250000.0,53
2019-07-01,DHR-MTD,0.0,250000.0,53
2019-07-02,DHR-MTD,2371.442596435547,250000.0,53
2019-07-02,TT-VRSK,0.0,250000.0,53
2019-07-03,TT-VRSK,-3795.1623153686523,250000.0,53
2019-07-05,TT-VRSK,-1810.2218322753906,250000.0,53
2019-07-08,TT-VRSK,-1048.9601974487305,250000.0,53
2019-07-08,ULTA-YUM,0.0,250000.0,53
2019-07-09,TT-VRSK,-4157.548477172852,250000.0,53
2019-07-09,ULTA-YUM,2801.3786010742188,250000.0,53
2019-07-10,TT-VRSK,-4574.013122558594,250000.0,53
2019-07-15,DHR-MTD,0.0,250000.0,53
2019-07-16,DHR-MTD,2467.376106262207,250000.0,53
2019-07-17,DHR-MTD,1833.9888916015625,250000.0,53
2019-07-17,CTAS-JCI,0.0,250000.0,53
2019-07-18,DHR-MTD,-4016.583168029785,250000.0,53
2019-07-18,CTAS-JCI,452.4639549255371,250000.0,53
2019-07-18,TFC-TROW,0.0,250000.0,53
2019-07-19,DHR-MTD,-4795.1276931762695,250000.0,53
2019-07-19,CTAS-JCI,3538.5463066101074,250000.0,53
2019-07-19,TFC-TROW,-1229.926872253418,250000.0,53
2019-07-22,DHR-MTD,-3357.7233352661133,250000.0,53
2019-07-22,CTAS-JCI,674.6208038330078,250000.0,53
2019-07-22,TFC-TROW,464.0792045593262,250000.0,53
2019-07-23,CTAS-JCI,-325.89992904663086,250000.0,53
2019-07-23,TFC-TROW,2238.2306480407715,250000.0,53
2019-07-24,CTAS-JCI,875.1215400695801,250000.0,53
2019-07-25,CTAS-JCI,62.636173248291016,250000.0,53
2019-07-25,FE-XEL,0.0,250000.0,53
2019-07-26,CTAS-JCI,-171.9578971862793,250000.0,53
2019-07-26,FE-XEL,-24.105445861816406,250000.0,53
2019-07-29,CTAS-JCI,-1161.6324844360352,250000.0,53
2019-07-29,FE-XEL,-991.9214324951172,250000.0,53
2019-07-30,CTAS-JCI,-645.9363174438477,250000.0,53
2019-07-30,FE-XEL,-2683.0401916503906,250000.0,53
2019-07-31,CTAS-JCI,8347.751567840576,250000.0,53
2019-07-31,FE-XEL,-3120.9540481567383,250000.0,53
2019-08-01,CTAS-JCI,6823.878005981445,250000.0,53
2019-08-01,FE-XEL,-1264.741943359375,250000.0,53
2019-08-01,ULTA-YUM,0.0,250000.0,53
2019-08-02,CTAS-JCI,6818.029266357422,250000.0,53
2019-08-02,FE-XEL,-4243.056289672852,250000.0,53
2019-08-02,ULTA-YUM,-5155.241752624512,250000.0,53
2019-08-05,CTAS-JCI,9248.25553894043,250000.0,53
2019-08-05,FE-XEL,736.741081237793,250000.0,53
2019-08-05,ULTA-YUM,-3749.973587036133,250000.0,53
2019-08-05,ARES-WRB,0.0,250000.0,53
2019-08-05,ATO-LNT,0.0,250000.0,53
2019-08-06,CTAS-JCI,7399.431304931641,250000.0,53
2019-08-06,FE-XEL,1472.76171875,250000.0,53
2019-08-06,ULTA-YUM,-733.8820495605469,250000.0,53
2019-08-06,ARES-WRB,855.427131652832,250000.0,53
2019-08-06,ATO-LNT,-46.83972930908203,250000.0,53
2019-08-07,CTAS-JCI,6482.575054168701,250000.0,53
2019-08-07,FE-XEL,1890.4486999511719,250000.0,53
2019-08-07,ULTA-YUM,530.896614074707,250000.0,53
2019-08-07,ARES-WRB,-1245.8012371063232,250000.0,53
2019-08-07,ATO-LNT,-2321.6957473754883,250000.0,53
2019-08-08,CTAS-JCI,6334.278747558594,250000.0,53
2019-08-08,FE-XEL,534.8980178833008,250000.0,53
2019-08-08,ULTA-YUM,2982.92520904541,250000.0,53
2019-08-08,ARES-WRB,-1633.5916900634766,250000.0,53
2019-08-08,ATO-LNT,-1949.2452850341797,250000.0,53
2019-08-08,TFC-TROW,0.0,250000.0,53
2019-08-09,CTAS-JCI,5243.888809204102,250000.0,53
2019-08-09,FE-XEL,1434.060562133789,250000.0,53
2019-08-09,ULTA-YUM,-3845.6352310180664,250000.0,53
2019-08-09,ARES-WRB,-945.7042827606201,250000.0,53
2019-08-09,TFC-TROW,2869.6722831726074,250000.0,53
2019-08-12,CTAS-JCI,4010.614963531494,250000.0,53
2019-08-12,ULTA-YUM,-3681.1496200561523,250000.0,53
2019-08-12,ARES-WRB,-4314.489715576172,250000.0,53
2019-08-12,TFC-TROW,3758.9928665161133,250000.0,53
2019-08-13,CTAS-JCI,6519.215900421143,250000.0,53
2019-08-13,ULTA-YUM,-2578.3822631835938,250000.0,53
2019-08-13,ARES-WRB,-3912.1234760284424,250000.0,53
2019-08-13,TFC-TROW,2180.6456756591797,250000.0,53
2019-08-14,CTAS-JCI,5572.219566345215,250000.0,53
2019-08-14,ARES-WRB,-5038.333358764648,250000.0,53
2019-08-14,TFC-TROW,1289.8969764709473,250000.0,53
2019-08-15,CTAS-JCI,3194.0900497436523,250000.0,53
2019-08-15,ARES-WRB,-7931.974388122559,250000.0,53
2019-08-15,TFC-TROW,2211.409854888916,250000.0,53
2019-08-16,CTAS-JCI,4605.04035949707,250000.0,53
2019-08-16,ARES-WRB,-1895.3642864227295,250000.0,53
2019-08-16,TFC-TROW,3894.706340789795,250000.0,53
2019-08-16,NXPI-SMCI,0.0,250000.0,53
2019-08-19,CTAS-JCI,3838.49658203125,250000.0,53
2019-08-19,ARES-WRB,1530.170467376709,250000.0,53
2019-08-19,TFC-TROW,1034.7561073303223,250000.0,53
2019-08-19,NXPI-SMCI,-4006.8056601285934,250000.0,53
2019-08-20,CTAS-JCI,2179.1257553100586,250000.0,53
2019-08-20,ARES-WRB,1481.2327899932861,250000.0,53
2019-08-20,TFC-TROW,140.8568992614746,250000.0,53
2019-08-20,NXPI-SMCI,-8994.19579589367,250000.0,53
2019-08-20,JNJ-MRNA,0.0,250000.0,53
2019-08-21,CTAS-JCI,5553.4651222229,250000.0,53
2019-08-21,ARES-WRB,4211.672718048096,250000.0,53
2019-08-21,TFC-TROW,-1083.6684074401855,250000.0,53
2019-08-21,NXPI-SMCI,-8661.270606517792,250000.0,53
2019-08-21,JNJ-MRNA,3010.1930055618286,250000.0,53
2019-08-22,CTAS-JCI,3340.777561187744,250000.0,53
2019-08-22,ARES-WRB,1082.1923484802246,250000.0,53
2019-08-22,TFC-TROW,501.5633010864258,250000.0,53
2019-08-22,NXPI-SMCI,-9393.519461512566,250000.0,53
2019-08-22,JNJ-MRNA,3774.0107707977295,250000.0,53
2019-08-22,ROP-SNPS,0.0,250000.0,53
2019-08-23,CTAS-JCI,4760.4326820373535,250000.0,53
2019-08-23,TFC-TROW,777.7865371704102,250000.0,53
2019-08-23,NXPI-SMCI,-7377.147506117821,250000.0,53
2019-08-23,JNJ-MRNA,-12152.366423606873,250000.0,53
2019-08-23,ROP-SNPS,-551.2655639648438,250000.0,53
2019-08-26,CTAS-JCI,3250.137741088867,250000.0,53
2019-08-26,TFC-TROW,2606.9015350341797,250000.0,53
2019-08-26,NXPI-SMCI,-6118.673656702042,250000.0,53
2019-08-26,JNJ-MRNA,-25350.126872062683,250000.0,53
2019-08-26,ROP-SNPS,-3233.1680603027344,250000.0,53
2019-08-27,CTAS-JCI,5057.022678375244,250000.0,53
2019-08-27,NXPI-SMCI,-2609.19014275074,250000.0,53
2019-08-27,JNJ-MRNA,-6292.822006225586,250000.0,53
2019-08-27,ROP-SNPS,2542.8257751464844,250000.0,53
2019-08-27,ATO-LNT,0.0,250000.0,53
2019-08-28,CTAS-JCI,7606.327110290527,250000.0,53
2019-08-28,NXPI-SMCI,-5258.130888342857,250000.0,53
2019-08-28,JNJ-MRNA,-17472.49162864685,250000.0,53
2019-08-28,ROP-SNPS,4880.2254638671875,250000.0,53
2019-08-28,ATO-LNT,401.00599670410156,250000.0,53
2019-08-29,CTAS-JCI,6215.5039138793945,250000.0,53
2019-08-29,NXPI-SMCI,-6043.250411629677,250000.0,53
2019-08-29,JNJ-MRNA,-26446.35507774353,250000.0,53
2019-08-29,ROP-SNPS,6592.048431396484,250000.0,53
2019-08-29,COO-TMO,0.0,250000.0,53
2019-08-30,CTAS-JCI,7262.474254608154,250000.0,53
2019-08-30,NXPI-SMCI,3465.7275953292847,250000.0,53
2019-08-30,ROP-SNPS,8620.428985595703,250000.0,53
2019-08-30,COO-TMO,-7416.490051269531,250000.0,53
2019-07-02,TT-VRSK,0.0,250000.0,54
2019-07-03,TT-VRSK,-3795.1623153686523,250000.0,54
2019-07-05,TT-VRSK,-1810.2218322753906,250000.0,54
2019-07-08,TT-VRSK,-1048.9601974487305,250000.0,54
2019-07-09,TT-VRSK,-4157.548477172852,250000.0,54
2019-07-10,TT-VRSK,-4574.013122558594,250000.0,54
2019-07-10,TRV-V,0.0,250000.0,54
2019-07-10,ARES-TRV,0.0,250000.0,54
2019-07-11,TRV-V,-3249.1729431152344,250000.0,54
2019-07-11,ARES-TRV,-1467.30810546875,250000.0,54
2019-07-12,TRV-V,-1337.4615783691406,250000.0,54
2019-07-12,ARES-TRV,-4017.427629470825,250000.0,54
2019-07-15,TRV-V,338.8486633300781,250000.0,54
2019-07-15,ARES-TRV,562.2148551940918,250000.0,54
2019-07-16,TRV-V,1759.2918548583984,250000.0,54
2019-07-16,ARES-TRV,-247.54705810546875,250000.0,54
2019-07-16,MU-WDC,0.0,250000.0,54
2019-07-17,TRV-V,-1103.5258026123047,250000.0,54
2019-07-17,ARES-TRV,-2664.862325668335,250000.0,54
2019-07-17,MU-WDC,-2151.988666534424,250000.0,54
2019-07-17,CTAS-JCI,0.0,250000.0,54
2019-07-18,TRV-V,-2565.659225463867,250000.0,54
2019-07-18,ARES-TRV,-4149.556579589844,250000.0,54
2019-07-18,MU-WDC,-4428.71968460083,250000.0,54
2019-07-18,CTAS-JCI,452.4639549255371,250000.0,54
2019-07-18,TFC-TROW,0.0,250000.0,54
2019-07-19,CTAS-JCI,3538.5463066101074,250000.0,54
2019-07-19,TFC-TROW,-1229.926872253418,250000.0,54
2019-07-22,CTAS-JCI,674.6208038330078,250000.0,54
2019-07-22,TFC-TROW,464.0792045593262,250000.0,54
2019-07-22,LII-VRT,0.0,250000.0,54
2019-07-23,CTAS-JCI,-325.89992904663086,250000.0,54
2019-07-23,TFC-TROW,2238.2306480407715,250000.0,54
2019-07-23,LII-VRT,65.95303344726562,250000.0,54
2019-07-24,CTAS-JCI,875.1215400695801,250000.0,54
2019-07-24,LII-VRT,-706.8247985839844,250000.0,54
2019-07-24,JBL-TXN,0.0,250000.0,54
2019-07-25,CTAS-JCI,62.636173248291016,250000.0,54
2019-07-25,LII-VRT,70.35293579101562,250000.0,54
2019-07-25,JBL-TXN,2794.175506591797,250000.0,54
2019-07-26,CTAS-JCI,-171.9578971862793,250000.0,54
2019-07-26,LII-VRT,-854.5437316894531,250000.0,54
2019-07-26,JBL-TXN,2311.1934089660645,250000.0,54
2019-07-29,CTAS-JCI,-1161.6324844360352,250000.0,54
2019-07-29,LII-VRT,-1530.2545471191406,250000.0,54
2019-07-29,JBL-TXN,-752.6420364379883,250000.0,54
2019-07-30,CTAS-JCI,-645.9363174438477,250000.0,54
2019-07-30,LII-VRT,-1768.3760986328125,250000.0,54
2019-07-30,JBL-TXN,1257.6242027282715,250000.0,54
2019-07-30,ARES-MRSH,0.0,250000.0,54
2019-07-31,CTAS-JCI,8347.751567840576,250000.0,54
2019-07-31,LII-VRT,-708.7203063964844,250000.0,54
2019-07-31,JBL-TXN,6004.579475402832,250000.0,54
2019-07-31,ARES-MRSH,-3192.4732666015625,250000.0,54
2019-08-01,CTAS-JCI,6823.878005981445,250000.0,54
2019-08-01,LII-VRT,-1253.1329040527344,250000.0,54
2019-08-01,JBL-TXN,5866.661647796631,250000.0,54
2019-08-01,ARES-MRSH,-1419.369857788086,250000.0,54
2019-08-01,MU-WDC,0.0,250000.0,54
2019-08-02,CTAS-JCI,6818.029266357422,250000.0,54
2019-08-02,JBL-TXN,5221.442150115967,250000.0,54
2019-08-02,ARES-MRSH,-851.4484329223633,250000.0,54
2019-08-02,MU-WDC,8231.77486038208,250000.0,54
2019-08-05,CTAS-JCI,9248.25553894043,250000.0,54
2019-08-05,JBL-TXN,9722.441410064697,250000.0,54
2019-08-05,ARES-MRSH,-1048.9854202270508,250000.0,54
2019-08-05,MU-WDC,1404.029769897461,250000.0,54
2019-08-05,TRV-V,0.0,250000.0,54
2019-08-05,ATO-LNT,0.0,250000.0,54
2019-08-05,ARES-TRV,0.0,250000.0,54
2019-08-06,CTAS-JCI,7399.431304931641,250000.0,54
2019-08-06,JBL-TXN,5447.08097076416,250000.0,54
2019-08-06,ARES-MRSH,442.0276794433594,250000.0,54
2019-08-06,MU-WDC,2182.6152534484863,250000.0,54
2019-08-06,TRV-V,1879.0032958984375,250000.0,54
2019-08-06,ATO-LNT,-46.83972930908203,250000.0,54
2019-08-06,ARES-TRV,595.021354675293,250000.0,54
2019-08-07,CTAS-JCI,6482.575054168701,250000.0,54
2019-08-07,JBL-TXN,3060.6645698547363,250000.0,54
2019-08-07,ARES-MRSH,-1304.392780303955,250000.0,54
2019-08-07,MU-WDC,-218.1443214416504,250000.0,54
2019-08-07,TRV-V,3683.0272827148438,250000.0,54
2019-08-07,ATO-LNT,-2321.6957473754883,250000.0,54
2019-08-07,ARES-TRV,-1551.9365234375,250000.0,54
2019-08-08,CTAS-JCI,6334.278747558594,250000.0,54
2019-08-08,ARES-MRSH,2906.7338943481445,250000.0,54
2019-08-08,MU-WDC,-5046.33016204834,250000.0,54
2019-08-08,ATO-LNT,-1949.2452850341797,250000.0,54
2019-08-08,ARES-TRV,-203.86129760742188,250000.0,54
2019-08-08,TFC-TROW,0.0,250000.0,54
2019-08-09,CTAS-JCI,5243.888809204102,250000.0,54
2019-08-09,ARES-MRSH,1999.1221504211426,250000.0,54
2019-08-09,MU-WDC,-8185.563201904297,250000.0,54
2019-08-09,ARES-TRV,-1727.2850646972656,250000.0,54
2019-08-09,TFC-TROW,2869.6722831726074,250000.0,54
2019-08-12,CTAS-JCI,4010.614963531494,250000.0,54
2019-08-12,ARES-MRSH,251.6966781616211,250000.0,54
2019-08-12,MU-WDC,-3728.753978729248,250000.0,54
2019-08-12,ARES-TRV,-19.06877899169922,250000.0,54
2019-08-12,TFC-TROW,3758.9928665161133,250000.0,54
2019-08-13,CTAS-JCI,6519.215900421143,250000.0,54
2019-08-13,ARES-MRSH,2382.7069358825684,250000.0,54
2019-08-13,MU-WDC,3380.4450454711914,250000.0,54
2019-08-13,ARES-TRV,-914.2307434082031,250000.0,54
2019-08-13,TFC-TROW,2180.6456756591797,250000.0,54
2019-08-14,CTAS-JCI,5572.219566345215,250000.0,54
2019-08-14,MU-WDC,-5497.291088104248,250000.0,54
2019-08-14,ARES-TRV,3291.5318450927734,250000.0,54
2019-08-14,TFC-TROW,1289.8969764709473,250000.0,54
2019-08-15,CTAS-JCI,3194.0900497436523,250000.0,54
2019-08-15,MU-WDC,-2502.8571739196777,250000.0,54
2019-08-15,ARES-TRV,-893.5530853271484,250000.0,54
2019-08-15,TFC-TROW,2211.409854888916,250000.0,54
2019-08-16,CTAS-JCI,4605.04035949707,250000.0,54
2019-08-16,MU-WDC,1109.0123405456543,250000.0,54
2019-08-16,ARES-TRV,2813.0289611816406,250000.0,54
2019-08-16,TFC-TROW,3894.706340789795,250000.0,54
2019-08-19,CTAS-JCI,3838.49658203125,250000.0,54
2019-08-19,MU-WDC,1528.8974647521973,250000.0,54
2019-08-19,TFC-TROW,1034.7561073303223,250000.0,54
2019-08-20,CTAS-JCI,2179.1257553100586,250000.0,54
2019-08-20,MU-WDC,1121.9519729614258,250000.0,54
2019-08-20,TFC-TROW,140.8568992614746,250000.0,54
2019-08-21,CTAS-JCI,5553.4651222229,250000.0,54
2019-08-21,MU-WDC,2.9097824096679688,250000.0,54
2019-08-21,TFC-TROW,-1083.6684074401855,250000.0,54
2019-08-22,CTAS-JCI,3340.777561187744,250000.0,54
2019-08-22,MU-WDC,1487.4034423828125,250000.0,54
2019-08-22,TFC-TROW,501.5633010864258,250000.0,54
2019-08-23,CTAS-JCI,4760.4326820373535,250000.0,54
2019-08-23,TFC-TROW,777.7865371704102,250000.0,54
2019-08-26,CTAS-JCI,3250.137741088867,250000.0,54
2019-08-26,TFC-TROW,2606.9015350341797,250000.0,54
2019-08-27,CTAS-JCI,5057.022678375244,250000.0,54
2019-08-27,ATO-LNT,0.0,250000.0,54
2019-08-28,CTAS-JCI,7606.327110290527,250000.0,54
2019-08-28,ATO-LNT,401.00599670410156,250000.0,54
2019-08-29,CTAS-JCI,6215.5039138793945,250000.0,54
2019-08-30,CTAS-JCI,7262.474254608154,250000.0,54
2019-09-03,CTAS-JCI,6125.4700355529785,250000.0,54
2019-09-04,CTAS-JCI,5333.8762283325195,250000.0,54
2019-09-05,CTAS-JCI,5567.245487213135,250000.0,54
2019-09-05,TFC-TROW,0.0,250000.0,54
2019-09-06,CTAS-JCI,6199.3499755859375,250000.0,54
2019-09-06,TFC-TROW,-1080.1491088867188,250000.0,54
2019-09-09,TFC-TROW,-1931.9654235839844,250000.0,54
2019-09-09,ATO-FE,0.0,250000.0,54
2019-09-10,TFC-TROW,-223.0462875366211,250000.0,54
2019-09-10,ATO-FE,3322.5230102539062,250000.0,54
2019-09-10,CTAS-JCI,0.0,250000.0,54
2019-09-11,TFC-TROW,-3076.2932205200195,250000.0,54
2019-09-11,ATO-FE,511.0867156982422,250000.0,54
2019-09-12,TFC-TROW,1063.1333084106445,250000.0,54
2019-09-12,ATO-FE,8.005615234375,250000.0,54
2019-09-13,TFC-TROW,-118.91900634765625,250000.0,54
2019-09-13,ATO-FE,2039.8309326171875,250000.0,54
2019-09-16,TFC-TROW,4134.461380004883,250000.0,54
2019-09-16,ATO-FE,1874.9848327636719,250000.0,54
2019-09-17,TFC-TROW,1388.8609085083008,250000.0,54
2019-09-17,ATO-FE,946.6088562011719,250000.0,54
2019-09-18,TFC-TROW,3995.8332748413086,250000.0,54
2019-09-18,ATO-FE,2713.0184936523438,250000.0,54
2019-09-19,ATO-FE,3783.2725219726562,250000.0,54
2019-09-19,ARES-MRSH,0.0,250000.0,54
2019-09-20,ARES-MRSH,3162.6831092834473,250000.0,54
2019-09-20,TDG-VRT,0.0,250000.0,54
2019-09-23,ARES-MRSH,3259.28395652771,250000.0,54
2019-09-24,ARES-MRSH,2481.0475482940674,250000.0,54
2019-09-24,JBL-TXN,0.0,250000.0,54
2019-09-25,JBL-TXN,-6901.381816864014,250000.0,54
2019-09-25,CTAS-JCI,0.0,250000.0,54
2019-09-26,JBL-TXN,-5874.991355895996,250000.0,54
2019-09-26,CTAS-JCI,-1305.60498046875,250000.0,54
2019-09-27,JBL-TXN,-7261.075584411621,250000.0,54
2019-09-27,CTAS-JCI,65.053955078125,250000.0,54
2019-09-27,MU-WDC,0.0,250000.0,54
2019-09-27,CB-FIS,0.0,250000.0,54
2019-09-30,JBL-TXN,-5336.1879959106445,250000.0,54
2019-09-30,CTAS-JCI,371.7699279785156,250000.0,54
2019-09-30,MU-WDC,949.8953323364258,250000.0,54
2019-09-30,CB-FIS,2084.539749145508,250000.0,54
2019-09-30,TRV-V,0.0,250000.0,54
2019-08-01,MU-WDC,0.0,250000.0,55
2019-08-02,MU-WDC,8231.77486038208,250000.0,55
2019-08-02,AEE-SO,0.0,250000.0,55
2019-08-05,MU-WDC,1404.029769897461,250000.0,55
2019-08-05,AEE-SO,3637.4163665771484,250000.0,55
2019-08-05,ATO-LNT,0.0,250000.0,55
2019-08-05,ARES-WRB,0.0,250000.0,55
2019-08-05,DRI-MAR,0.0,250000.0,55
2019-08-06,MU-WDC,2182.6152534484863,250000.0,55
2019-08-06,AEE-SO,-952.3744354248047,250000.0,55
2019-08-06,ATO-LNT,-46.83972930908203,250000.0,55
2019-08-06,ARES-WRB,855.427131652832,250000.0,55
2019-08-06,DRI-MAR,-3339.0314865112305,250000.0,55
2019-08-06,AEE-XEL,0.0,250000.0,55
2019-08-07,MU-WDC,-218.1443214416504,250000.0,55
2019-08-07,AEE-SO,-2347.716262817383,250000.0,55
2019-08-07,ATO-LNT,-2321.6957473754883,250000.0,55
2019-08-07,ARES-WRB,-1245.8012371063232,250000.0,55
2019-08-07,DRI-MAR,-6294.626106262207,250000.0,55
2019-08-07,AEE-XEL,-509.40504455566406,250000.0,55
2019-08-08,MU-WDC,-5046.33016204834,250000.0,55
2019-08-08,AEE-SO,-1435.9980163574219,250000.0,55
2019-08-08,ATO-LNT,-1949.2452850341797,250000.0,55
2019-08-08,ARES-WRB,-1633.5916900634766,250000.0,55
2019-08-08,AEE-XEL,873.5001182556152,250000.0,55
2019-08-08,GEN-INTC,0.0,250000.0,55
2019-08-08,TFC-TROW,0.0,250000.0,55
2019-08-09,MU-WDC,-8185.563201904297,250000.0,55
2019-08-09,AEE-SO,-654.5867156982422,250000.0,55
2019-08-09,ARES-WRB,-945.7042827606201,250000.0,55
2019-08-09,AEE-XEL,1983.6872291564941,250000.0,55
2019-08-09,GEN-INTC,-6798.819595336914,250000.0,55
2019-08-09,TFC-TROW,2869.6722831726074,250000.0,55
2019-08-12,MU-WDC,-3728.753978729248,250000.0,55
2019-08-12,AEE-SO,-2367.9522857666016,250000.0,55
2019-08-12,ARES-WRB,-4314.489715576172,250000.0,55
2019-08-12,AEE-XEL,2753.717845916748,250000.0,55
2019-08-12,GEN-INTC,472.5413932800293,250000.0,55
2019-08-12,TFC-TROW,3758.9928665161133,250000.0,55
2019-08-12,AWK-CMS,0.0,250000.0,55
2019-08-13,MU-WDC,3380.4450454711914,250000.0,55
2019-08-13,AEE-SO,3593.2635345458984,250000.0,55
2019-08-13,ARES-WRB,-3912.1234760284424,250000.0,55
2019-08-13,AEE-XEL,2795.145206451416,250000.0,55
2019-08-13,GEN-INTC,-3155.6811447143555,250000.0,55
2019-08-13,TFC-TROW,2180.6456756591797,250000.0,55
2019-08-13,AWK-CMS,1579.6172180175781,250000.0,55
2019-08-14,MU-WDC,-5497.291088104248,250000.0,55
2019-08-14,AEE-SO,-535.1979370117188,250000.0,55
2019-08-14,ARES-WRB,-5038.333358764648,250000.0,55
2019-08-14,AEE-XEL,-334.38451766967773,250000.0,55
2019-08-14,GEN-INTC,-7803.821887969971,250000.0,55
2019-08-14,TFC-TROW,1289.8969764709473,250000.0,55
2019-08-14,AWK-CMS,1128.7765884399414,250000.0,55
2019-08-15,MU-WDC,-2502.8571739196777,250000.0,55
2019-08-15,AEE-SO,-913.3340301513672,250000.0,55
2019-08-15,ARES-WRB,-7931.974388122559,250000.0,55
2019-08-15,AEE-XEL,-942.713436126709,250000.0,55
2019-08-15,GEN-INTC,-9337.81151008606,250000.0,55
2019-08-15,TFC-TROW,2211.409854888916,250000.0,55
2019-08-16,MU-WDC,1109.0123405456543,250000.0,55
2019-08-16,AEE-SO,137.47879028320312,250000.0,55
2019-08-16,ARES-WRB,-1895.3642864227295,250000.0,55
2019-08-16,AEE-XEL,1636.9384231567383,250000.0,55
2019-08-16,GEN-INTC,-7700.862749099731,250000.0,55
2019-08-16,TFC-TROW,3894.706340789795,250000.0,55
2019-08-16,CRM-PANW,0.0,250000.0,55
2019-08-19,MU-WDC,1528.8974647521973,250000.0,55
2019-08-19,ARES-WRB,1530.170467376709,250000.0,55
2019-08-19,AEE-XEL,1658.9014320373535,250000.0,55
2019-08-19,GEN-INTC,-6223.831051826477,250000.0,55
2019-08-19,TFC-TROW,1034.7561073303223,250000.0,55
2019-08-19,CRM-PANW,-1168.9443969726562,250000.0,55
2019-08-20,MU-WDC,1121.9519729614258,250000.0,55
2019-08-20,ARES-WRB,1481.2327899932861,250000.0,55
2019-08-20,AEE-XEL,-755.8991317749023,250000.0,55
2019-08-20,GEN-INTC,-8929.528772354126,250000.0,55
2019-08-20,TFC-TROW,140.8568992614746,250000.0,55
2019-08-20,CRM-PANW,-2385.7307167053223,250000.0,55
2019-08-21,MU-WDC,2.9097824096679688,250000.0,55
2019-08-21,ARES-WRB,4211.672718048096,250000.0,55
2019-08-21,GEN-INTC,-5662.97755241394,250000.0,55
2019-08-21,TFC-TROW,-1083.6684074401855,250000.0,55
2019-08-21,CRM-PANW,-488.77734375,250000.0,55
2019-08-22,MU-WDC,1487.4034423828125,250000.0,55
2019-08-22,ARES-WRB,1082.1923484802246,250000.0,55
2019-08-22,GEN-INTC,-6357.67622756958,250000.0,55
2019-08-22,TFC-TROW,501.5633010864258,250000.0,55
2019-08-22,CRM-PANW,-1009.2831573486328,250000.0,55
2019-08-23,TFC-TROW,777.7865371704102,250000.0,55
2019-08-23,CRM-PANW,-10613.005313873291,250000.0,55
2019-08-23,DRI-MAR,0.0,250000.0,55
2019-08-26,TFC-TROW,2606.9015350341797,250000.0,55
2019-08-26,CRM-PANW,-14278.22276687622,250000.0,55
2019-08-26,DRI-MAR,1157.9959716796875,250000.0,55
2019-08-27,CRM-PANW,-13488.404033660889,250000.0,55
2019-08-27,DRI-MAR,2157.5743103027344,250000.0,55
2019-08-27,ATO-LNT,0.0,250000.0,55
2019-08-28,CRM-PANW,-15297.614238739014,250000.0,55
2019-08-28,DRI-MAR,1021.2603149414062,250000.0,55
2019-08-28,ATO-LNT,401.00599670410156,250000.0,55
2019-08-29,CRM-PANW,-20057.489685058594,250000.0,55
2019-08-29,DRI-MAR,-891.613037109375,250000.0,55
2019-08-30,CRM-PANW,-15950.399105072021,250000.0,55
2019-08-30,DRI-MAR,1179.4527282714844,250000.0,55
2019-09-03,DRI-MAR,-0.392303466796875,250000.0,55
2019-09-04,DRI-MAR,-1431.2817993164062,250000.0,55
2019-09-05,DRI-MAR,918.8663635253906,250000.0,55
2019-09-05,TFC-TROW,0.0,250000.0,55
2019-09-06,DRI-MAR,525.8848571777344,250000.0,55
2019-09-06,TFC-TROW,-1080.1491088867188,250000.0,55
2019-09-06,CRM-PANW,0.0,250000.0,55
2019-09-09,TFC-TROW,-1931.9654235839844,250000.0,55
2019-09-09,CRM-PANW,3555.499183654785,250000.0,55
2019-09-10,TFC-TROW,-223.0462875366211,250000.0,55
2019-09-10,CRM-PANW,8719.448333740234,250000.0,55
2019-09-11,TFC-TROW,-3076.2932205200195,250000.0,55
2019-09-11,CRM-PANW,5562.99808883667,250000.0,55
2019-09-11,DRI-MAR,0.0,250000.0,55
2019-09-12,TFC-TROW,1063.1333084106445,250000.0,55
2019-09-12,DRI-MAR,-768.0378570556641,250000.0,55
2019-09-13,TFC-TROW,-118.91900634765625,250000.0,55
2019-09-13,DRI-MAR,-1462.2583236694336,250000.0,55
2019-09-16,TFC-TROW,4134.461380004883,250000.0,55
2019-09-17,TFC-TROW,1388.8609085083008,250000.0,55
2019-09-17,AWK-CMS,0.0,250000.0,55
2019-09-18,TFC-TROW,3995.8332748413086,250000.0,55
2019-09-18,AWK-CMS,-1484.2250137329102,250000.0,55
2019-09-19,AWK-CMS,-781.226016998291,250000.0,55
2019-09-20,AWK-CMS,-993.9304504394531,250000.0,55
2019-09-20,FE-SO,0.0,250000.0,55
2019-09-23,AWK-CMS,-1775.2074699401855,250000.0,55
2019-09-23,FE-SO,960.1751899719238,250000.0,55
2019-09-24,AWK-CMS,-1162.2633514404297,250000.0,55
2019-09-24,FE-SO,1652.9571571350098,250000.0,55
2019-09-24,MTD-TMO,0.0,250000.0,55
2019-09-25,AWK-CMS,-2676.852039337158,250000.0,55
2019-09-25,MTD-TMO,-3180.3997802734375,250000.0,55
2019-09-26,MTD-TMO,690.8489990234375,250000.0,55
2019-09-27,MTD-TMO,1265.9114990234375,250000.0,55
2019-09-27,MU-WDC,0.0,250000.0,55
2019-09-30,MTD-TMO,4225.8021240234375,250000.0,55
2019-09-30,MU-WDC,949.8953323364258,250000.0,55
2019-10-01,MTD-TMO,2201.6727294921875,250000.0,55
2019-10-01,MU-WDC,1373.592384338379,250000.0,55
2019-10-02,MTD-TMO,-2605.7642822265625,250000.0,55
2019-10-02,MU-WDC,6409.85514831543,250000.0,55
2019-10-02,CHTR-TMUS,0.0,250000.0,55
2019-10-03,MTD-TMO,-272.426513671875,250000.0,55
2019-10-03,MU-WDC,10858.61245727539,250000.0,55
2019-10-03,CHTR-TMUS,702.3879623413086,250000.0,55
2019-10-04,MU-WDC,15324.230995178223,250000.0,55
2019-10-04,CHTR-TMUS,1368.0692977905273,250000.0,55
2019-10-07,MU-WDC,14966.022903442383,250000.0,55
2019-10-07,CHTR-TMUS,2451.5116271972656,250000.0,55
2019-10-08,MU-WDC,14443.303588867188,250000.0,55
2019-10-08,CHTR-TMUS,46.41661071777344,250000.0,55
2019-10-08,MTD-TMO,0.0,250000.0,55
2019-10-08,AEE-XEL,0.0,250000.0,55
2019-10-09,MU-WDC,11941.097534179688,250000.0,55
2019-10-09,CHTR-TMUS,364.28013610839844,250000.0,55
2019-10-09,MTD-TMO,3168.3416748046875,250000.0,55
2019-10-09,AEE-XEL,-1647.3249893188477,250000.0,55
2019-10-10,MU-WDC,11411.640037536621,250000.0,55
2019-10-10,CHTR-TMUS,2559.2273178100586,250000.0,55
2019-10-10,AEE-XEL,-3910.395767211914,250000.0,55
2019-10-10,AWK-CMS,0.0,250000.0,55
2019-10-11,MU-WDC,20156.50887298584,250000.0,55
2019-10-11,AEE-XEL,-597.6202354431152,250000.0,55
2019-10-14,MU-WDC,14570.865913391113,250000.0,55
2019-10-14,AEE-XEL,-3728.184871673584,250000.0,55
2019-10-14,ATO-LNT,0.0,250000.0,55
2019-10-15,MU-WDC,19540.357566833496,250000.0,55
2019-10-15,AEE-XEL,-5362.386703491211,250000.0,55
2019-10-15,ATO-LNT,1882.8130798339844,250000.0,55
2019-10-15,FE-SO,0.0,250000.0,55
2019-10-16,MU-WDC,15956.085319519043,250000.0,55
2019-10-16,ATO-LNT,253.73554229736328,250000.0,55
2019-10-16,FE-SO,586.4337387084961,250000.0,55
2019-10-17,MU-WDC,17709.330741882324,250000.0,55
2019-10-17,ATO-LNT,406.39197540283203,250000.0,55
2019-10-17,FE-SO,-1117.6777954101562,250000.0,55
2019-10-18,MU-WDC,9470.5439453125,250000.0,55
2019-10-18,ATO-LNT,2207.706413269043,250000.0,55
2019-10-18,FE-SO,-2164.7118530273438,250000.0,55
2019-10-21,MU-WDC,19968.531799316406,250000.0,55
2019-10-21,ATO-LNT,2253.752311706543,250000.0,55
2019-10-21,FE-SO,-923.2575874328613,250000.0,55
2019-10-22,MU-WDC,14898.18244934082,250000.0,55
2019-10-22,ATO-LNT,2073.92041015625,250000.0,55
2019-10-22,FE-SO,-827.2469024658203,250000.0,55
2019-10-22,ARES-WRB,0.0,250000.0,55
2019-10-22,TFC-TROW,0.0,250000.0,55
2019-10-23,MU-WDC,19942.66983795166,250000.0,55
2019-10-23,ATO-LNT,1504.0900268554688,250000.0,55
2019-10-23,FE-SO,1018.1685218811035,250000.0,55
2019-10-23,TFC-TROW,392.8320541381836,250000.0,55
2019-10-23,MTD-TMO,0.0,250000.0,55
2019-10-24,ATO-LNT,479.07621002197266,250000.0,55
2019-10-24,MTD-TMO,2777.4256896972656,250000.0,55
2019-10-25,ATO-LNT,1249.1130828857422,250000.0,55
2019-10-25,MTD-TMO,909.3275146484375,250000.0,55
2019-10-25,GEN-INTC,0.0,250000.0,55
2019-10-28,MTD-TMO,-1563.6283874511719,250000.0,55
2019-10-28,GEN-INTC,-838.7169027328491,250000.0,55
2019-10-29,MTD-TMO,258.2864990234375,250000.0,55
2019-10-29,GEN-INTC,1785.8454132080078,250000.0,55
2019-10-30,MTD-TMO,-2679.1602172851562,250000.0,55
2019-10-30,GEN-INTC,298.10534286499023,250000.0,55
2019-10-30,FE-SO,0.0,250000.0,55
2019-10-31,MTD-TMO,-3044.9390563964844,250000.0,55
2019-10-31,GEN-INTC,271.4484872817993,250000.0,55
2019-10-31,FE-SO,2250.441207885742,250000.0,55
2019-10-31,MU-WDC,0.0,250000.0,55
2019-09-03,ECL-MLM,0.0,250000.0,56
2019-09-04,ECL-MLM,3390.72021484375,250000.0,56
2019-09-04,BLDR-LHX,0.0,250000.0,56
2019-09-05,TFC-TROW,0.0,250000.0,56
2019-09-06,TFC-TROW,-1080.1491088867188,250000.0,56
2019-09-09,TFC-TROW,-1931.9654235839844,250000.0,56
2019-09-09,BLDR-NOC,0.0,250000.0,56
2019-09-09,SWK-XYL,0.0,250000.0,56
2019-09-10,TFC-TROW,-223.0462875366211,250000.0,56
2019-09-10,BLDR-NOC,-3386.197696685791,250000.0,56
2019-09-10,SWK-XYL,-2705.7333068847656,250000.0,56
2019-09-10,CDW-TER,0.0,250000.0,56
2019-09-10,ACGL-MA,0.0,250000.0,56
2019-09-11,TFC-TROW,-3076.2932205200195,250000.0,56
2019-09-11,BLDR-NOC,-2395.3427505493164,250000.0,56
2019-09-11,SWK-XYL,679.5666656494141,250000.0,56
2019-09-11,CDW-TER,225.9837188720703,250000.0,56
2019-09-11,ACGL-MA,-2005.1523704528809,250000.0,56
2019-09-12,TFC-TROW,1063.1333084106445,250000.0,56
2019-09-12,BLDR-NOC,1731.6172218322754,250000.0,56
2019-09-12,SWK-XYL,-3191.703155517578,250000.0,56
2019-09-12,CDW-TER,6630.730163574219,250000.0,56
2019-09-12,ACGL-MA,4496.131359100342,250000.0,56
2019-09-13,TFC-TROW,-118.91900634765625,250000.0,56
2019-09-13,BLDR-NOC,-1087.285816192627,250000.0,56
2019-09-13,SWK-XYL,-157.23294067382812,250000.0,56
2019-09-13,CDW-TER,-3682.4427642822266,250000.0,56
2019-09-13,ACGL-MA,4243.767250061035,250000.0,56
2019-09-16,TFC-TROW,4134.461380004883,250000.0,56
2019-09-16,BLDR-NOC,4009.04305267334,250000.0,56
2019-09-16,SWK-XYL,1186.685775756836,250000.0,56
2019-09-16,CDW-TER,-2.8886566162109375,250000.0,56
2019-09-16,ACGL-MA,1829.8662605285645,250000.0,56
2019-09-16,DTE-NI,0.0,250000.0,56
2019-09-17,TFC-TROW,1388.8609085083008,250000.0,56
2019-09-17,BLDR-NOC,5188.978874206543,250000.0,56
2019-09-17,SWK-XYL,1109.542739868164,250000.0,56
2019-09-17,CDW-TER,2287.99365234375,250000.0,56
2019-09-17,ACGL-MA,2030.9604835510254,250000.0,56
2019-09-17,DTE-NI,1805.7093811035156,250000.0,56
2019-09-18,TFC-TROW,3995.8332748413086,250000.0,56
2019-09-18,SWK-XYL,2326.8150939941406,250000.0,56
2019-09-18,ACGL-MA,1199.4870223999023,250000.0,56
2019-09-18,DTE-NI,42.699180603027344,250000.0,56
2019-09-19,SWK-XYL,1577.4606628417969,250000.0,56
2019-09-19,ACGL-MA,913.3421401977539,250000.0,56
2019-09-19,DTE-NI,-771.4014282226562,250000.0,56
2019-09-20,SWK-XYL,2500.998825073242,250000.0,56
2019-09-20,ACGL-MA,-2810.1133422851562,250000.0,56
2019-09-20,DTE-NI,-1399.64892578125,250000.0,56
2019-09-23,SWK-XYL,3023.1043243408203,250000.0,56
2019-09-23,ACGL-MA,-1485.3145294189453,250000.0,56
2019-09-23,DTE-NI,1658.223014831543,250000.0,56
2019-09-24,SWK-XYL,4065.5208129882812,250000.0,56
2019-09-24,ACGL-MA,-4377.82181930542,250000.0,56
2019-09-24,DTE-NI,-486.4501953125,250000.0,56
2019-09-25,SWK-XYL,4454.719223022461,250000.0,56
2019-09-25,DTE-NI,182.69520568847656,250000.0,56
2019-10-01,BLDR-LHX,0.0,250000.0,56
2019-10-02,BLDR-LHX,202.13798904418945,250000.0,56
2019-10-03,BLDR-LHX,4525.577247619629,250000.0,56
2019-10-03,ECL-MLM,0.0,250000.0,56
2019-10-04,BLDR-LHX,4690.585960388184,250000.0,56
2019-10-04,ECL-MLM,-1007.4815063476562,250000.0,56
2019-10-07,BLDR-LHX,3134.0765266418457,250000.0,56
2019-10-11,FE-NEE,0.0,250000.0,56
2019-10-14,FE-NEE,1610.5925903320312,250000.0,56
2019-10-14,ATO-LNT,0.0,250000.0,56
2019-10-15,FE-NEE,-783.8325119018555,250000.0,56
2019-10-15,ATO-LNT,1882.8130798339844,250000.0,56
2019-10-15,BLDR-NOC,0.0,250000.0,56
2019-10-15,DTE-NI,0.0,250000.0,56
2019-10-16,FE-NEE,835.6126098632812,250000.0,56
2019-10-16,ATO-LNT,253.73554229736328,250000.0,56
2019-10-16,BLDR-NOC,-4390.924959182739,250000.0,56
2019-10-16,DTE-NI,-1877.4499740600586,250000.0,56
2019-10-17,FE-NEE,630.2376708984375,250000.0,56
2019-10-17,ATO-LNT,406.39197540283203,250000.0,56
2019-10-17,DTE-NI,-2406.4124870300293,250000.0,56
2019-10-17,BLDR-LHX,0.0,250000.0,56
2019-10-18,FE-NEE,845.9403533935547,250000.0,56
2019-10-18,ATO-LNT,2207.706413269043,250000.0,56
2019-10-18,DTE-NI,1277.1886405944824,250000.0,56
2019-10-18,BLDR-LHX,-4190.016307830811,250000.0,56
2019-10-18,CPAY-MA,0.0,250000.0,56
2019-10-21,FE-NEE,617.5205612182617,250000.0,56
2019-10-21,ATO-LNT,2253.752311706543,250000.0,56
2019-10-21,DTE-NI,-1070.90922164917,250000.0,56
2019-10-21,BLDR-LHX,-3961.88197517395,250000.0,56
2019-10-22,ATO-LNT,2073.92041015625,250000.0,56
2019-10-22,DTE-NI,1234.7024116516113,250000.0,56
2019-10-22,BLDR-LHX,-1599.5710067749023,250000.0,56
2019-10-22,AMAT-TXN,0.0,250000.0,56
2019-10-22,ARES-WRB,0.0,250000.0,56
2019-10-22,CPAY-MA,0.0,250000.0,56
2019-10-22,TFC-TROW,0.0,250000.0,56
2019-10-22,ACGL-MA,0.0,250000.0,56
2019-10-23,ATO-LNT,1504.0900268554688,250000.0,56
2019-10-23,DTE-NI,-374.2421531677246,250000.0,56
2019-10-23,BLDR-LHX,-894.1214504241943,250000.0,56
2019-10-23,CPAY-MA,-3971.5159912109375,250000.0,56
2019-10-23,TFC-TROW,392.8320541381836,250000.0,56
2019-10-23,ACGL-MA,-438.3116912841797,250000.0,56
2019-10-24,ATO-LNT,479.07621002197266,250000.0,56
2019-10-24,DTE-NI,405.30233001708984,250000.0,56
2019-10-24,BLDR-LHX,4049.901336669922,250000.0,56
2019-10-24,CPAY-MA,241.00347900390625,250000.0,56
2019-10-24,AMAT-TXN,0.0,250000.0,56
2019-10-25,ATO-LNT,1249.1130828857422,250000.0,56
2019-10-25,DTE-NI,421.0696220397949,250000.0,56
2019-10-25,BLDR-LHX,-725.4512386322021,250000.0,56
2019-10-25,CPAY-MA,-216.68231201171875,250000.0,56
2019-10-25,AMAT-TXN,2402.464225769043,250000.0,56
2019-10-28,DTE-NI,-780.5247421264648,250000.0,56
2019-10-28,BLDR-LHX,-869.8146514892578,250000.0,56
2019-10-28,CPAY-MA,3069.80908203125,250000.0,56
2019-10-28,AMAT-TXN,-2516.096851348877,250000.0,56
2019-10-28,TFC-TROW,0.0,250000.0,56
2019-10-29,DTE-NI,-3477.4062461853027,250000.0,56
2019-10-29,BLDR-LHX,1997.6784267425537,250000.0,56
2019-10-29,CPAY-MA,3906.119903564453,250000.0,56
2019-10-29,AMAT-TXN,2562.7846908569336,250000.0,56
2019-10-29,TFC-TROW,-956.4351348876953,250000.0,56
2019-10-30,AMAT-TXN,128.39643096923828,250000.0,56
2019-10-30,TFC-TROW,-1706.2373123168945,250000.0,56
2019-10-30,GE-UBER,0.0,250000.0,56
2019-10-31,AMAT-TXN,3521.0674057006836,250000.0,56
2019-10-31,TFC-TROW,772.3895874023438,250000.0,56
2019-10-31,GE-UBER,-11923.054695129395,250000.0,56
2019-10-31,BXP-FRT,0.0,250000.0,56
2019-10-31,SWK-XYL,0.0,250000.0,56
2019-11-01,AMAT-TXN,-120.89684677124023,250000.0,56
2019-11-01,TFC-TROW,441.1442413330078,250000.0,56
2019-11-01,BXP-FRT,-1034.5026168823242,250000.0,56
2019-11-01,SWK-XYL,2992.407730102539,250000.0,56
2019-11-04,AMAT-TXN,5235.870113372803,250000.0,56
2019-11-04,TFC-TROW,-1836.7890625,250000.0,56
2019-11-04,BXP-FRT,-5933.649932861328,250000.0,56
2019-11-04,SWK-XYL,-1121.7294845581055,250000.0,56
2019-11-04,FE-NEE,0.0,250000.0,56
2019-11-05,AMAT-TXN,2437.8730659484863,250000.0,56
2019-11-05,TFC-TROW,-1570.2868041992188,250000.0,56
2019-11-05,BXP-FRT,-3036.2793197631836,250000.0,56
2019-11-05,SWK-XYL,344.0385284423828,250000.0,56
2019-11-05,FE-NEE,676.2694320678711,250000.0,56
2019-11-06,AMAT-TXN,3688.7039794921875,250000.0,56
2019-11-06,TFC-TROW,-3782.529167175293,250000.0,56
2019-11-06,BXP-FRT,-3856.5049362182617,250000.0,56
2019-11-06,SWK-XYL,-3625.5427627563477,250000.0,56
2019-11-06,FE-NEE,236.3446807861328,250000.0,56
2019-11-07,AMAT-TXN,2378.1142578125,250000.0,56
2019-11-07,TFC-TROW,-4611.238708496094,250000.0,56
2019-11-07,BXP-FRT,-8343.758110046387,250000.0,56
2019-11-07,SWK-XYL,-6720.291198730469,250000.0,56
2019-11-07,FE-NEE,-2595.9142112731934,250000.0,56
2019-11-08,AMAT-TXN,2500.992073059082,250000.0,56
2019-11-08,TFC-TROW,-2466.4919662475586,250000.0,56
2019-11-08,BXP-FRT,-10007.519172668457,250000.0,56
2019-11-08,SWK-XYL,-4948.116683959961,250000.0,56
2019-11-08,FE-NEE,-3042.6901779174805,250000.0,56
2019-11-11,TFC-TROW,-5611.791366577148,250000.0,56
2019-11-11,BXP-FRT,-10549.521881103516,250000.0,56
2019-11-11,SWK-XYL,-10009.850509643555,250000.0,56
2019-11-11,FE-NEE,-78.12523651123047,250000.0,56
2019-11-12,BXP-FRT,-8414.481964111328,250000.0,56
2019-11-12,SWK-XYL,-6959.11962890625,250000.0,56
2019-11-12,FE-NEE,-345.33094024658203,250000.0,56
2019-11-13,BXP-FRT,-9436.893295288086,250000.0,56
2019-11-13,SWK-XYL,-7374.2325439453125,250000.0,56
2019-11-13,FE-NEE,1647.7317543029785,250000.0,56
2019-11-14,BXP-FRT,-8783.590538024902,250000.0,56
2019-11-14,SWK-XYL,-5751.227638244629,250000.0,56
2019-11-15,CRM-SMCI,0.0,250000.0,56
2019-11-19,CRM-SMCI,0.0,250000.0,56
2019-11-20,CRM-SMCI,-4415.161126613617,250000.0,56
2019-11-21,CRM-SMCI,-3733.019145965576,250000.0,56
2019-11-21,ATO-LNT,0.0,250000.0,56
2019-11-22,CRM-SMCI,-3634.958354949951,250000.0,56
2019-11-22,ATO-LNT,-433.868953704834,250000.0,56
2019-11-25,CRM-SMCI,818.5071058273315,250000.0,56
2019-11-25,ATO-LNT,1067.7025260925293,250000.0,56
2019-11-26,CRM-SMCI,2570.4444904327393,250000.0,56
2019-11-26,ATO-LNT,1452.823226928711,250000.0,56
2019-11-27,ATO-LNT,90.02482604980469,250000.0,56
2019-11-27,BXP-FRT,0.0,250000.0,56
2019-11-29,ATO-LNT,431.0565071105957,250000.0,56
2019-11-29,BXP-FRT,492.48382568359375,250000.0,56
2019-10-14,ATO-LNT,0.0,250000.0,57
2019-10-14,ADBE-AMD,0.0,250000.0,57
2019-10-15,ATO-LNT,1882.8130798339844,250000.0,57
2019-10-15,ADBE-AMD,-288.6262664794922,250000.0,57
2019-10-16,ATO-LNT,253.73554229736328,250000.0,57
2019-10-16,ADBE-AMD,-6290.579437255859,250000.0,57
2019-10-17,ATO-LNT,406.39197540283203,250000.0,57
2019-10-18,ATO-LNT,2207.706413269043,250000.0,57
2019-10-18,CPAY-MA,0.0,250000.0,57
2019-10-21,ATO-LNT,2253.752311706543,250000.0,57
2019-10-22,ATO-LNT,2073.92041015625,250000.0,57
2019-10-22,AON-GPN,0.0,250000.0,57
2019-10-22,CPAY-MA,0.0,250000.0,57
2019-10-22,AMAT-TXN,0.0,250000.0,57
2019-10-22,TFC-TROW,0.0,250000.0,57
2019-10-23,ATO-LNT,1504.0900268554688,250000.0,57
2019-10-23,AON-GPN,3938.3905029296875,250000.0,57
2019-10-23,CPAY-MA,-3971.5159912109375,250000.0,57
2019-10-23,TFC-TROW,392.8320541381836,250000.0,57
2019-10-24,ATO-LNT,479.07621002197266,250000.0,57
2019-10-24,CPAY-MA,241.00347900390625,250000.0,57
2019-10-24,REG-VICI,0.0,250000.0,57
2019-10-24,AMAT-TXN,0.0,250000.0,57
2019-10-25,ATO-LNT,1249.1130828857422,250000.0,57
2019-10-25,CPAY-MA,-216.68231201171875,250000.0,57
2019-10-25,REG-VICI,-1119.112979888916,250000.0,57
2019-10-25,AMAT-TXN,2402.464225769043,250000.0,57
2019-10-25,FSLR-VRSN,0.0,250000.0,57
2019-10-28,CPAY-MA,3069.80908203125,250000.0,57
2019-10-28,AMAT-TXN,-2516.096851348877,250000.0,57
2019-10-28,FSLR-VRSN,1056.1626434326172,250000.0,57
2019-10-28,TFC-TROW,0.0,250000.0,57
2019-10-29,CPAY-MA,3906.119903564453,250000.0,57
2019-10-29,AMAT-TXN,2562.7846908569336,250000.0,57
2019-10-29,FSLR-VRSN,3165.116855621338,250000.0,57
2019-10-29,TFC-TROW,-956.4351348876953,250000.0,57
2019-10-30,AMAT-TXN,128.39643096923828,250000.0,57
2019-10-30,FSLR-VRSN,-4906.78551864624,250000.0,57
2019-10-30,TFC-TROW,-1706.2373123168945,250000.0,57
2019-10-30,CHRW-GWW,0.0,250000.0,57
2019-10-31,AMAT-TXN,3521.0674057006836,250000.0,57
2019-10-31,FSLR-VRSN,-2898.4352989196777,250000.0,57
2019-10-31,TFC-TROW,772.3895874023438,250000.0,57
2019-10-31,CHRW-GWW,-7023.553764343262,250000.0,57
2019-10-31,SWK-XYL,0.0,250000.0,57
2019-11-01,AMAT-TXN,-120.89684677124023,250000.0,57
2019-11-01,FSLR-VRSN,2463.1256217956543,250000.0,57
2019-11-01,TFC-TROW,441.1442413330078,250000.0,57
2019-11-01,CHRW-GWW,-19523.48522567749,250000.0,57
2019-11-01,SWK-XYL,2992.407730102539,250000.0,57
2019-11-01,REG-VICI,0.0,250000.0,57
2019-11-04,AMAT-TXN,5235.870113372803,250000.0,57
2019-11-04,FSLR-VRSN,6095.550498962402,250000.0,57
2019-11-04,TFC-TROW,-1836.7890625,250000.0,57
2019-11-04,CHRW-GWW,-16129.15958404541,250000.0,57
2019-11-04,SWK-XYL,-1121.7294845581055,250000.0,57
2019-11-04,REG-VICI,-4049.2895278930664,250000.0,57
2019-11-04,JCI-VRSK,0.0,250000.0,57
2019-11-04,ADBE-AMD,0.0,250000.0,57
2019-11-05,AMAT-TXN,2437.8730659484863,250000.0,57
2019-11-05,FSLR-VRSN,9017.943717956543,250000.0,57
2019-11-05,TFC-TROW,-1570.2868041992188,250000.0,57
2019-11-05,CHRW-GWW,-13976.000015258789,250000.0,57
2019-11-05,SWK-XYL,344.0385284423828,250000.0,57
2019-11-05,REG-VICI,3226.8167877197266,250000.0,57
2019-11-05,JCI-VRSK,-1157.8428268432617,250000.0,57
2019-11-05,ADBE-AMD,7684.620666503906,250000.0,57
2019-11-06,AMAT-TXN,3688.7039794921875,250000.0,57
2019-11-06,FSLR-VRSN,8393.73359298706,250000.0,57
2019-11-06,TFC-TROW,-3782.529167175293,250000.0,57
2019-11-06,CHRW-GWW,23.317588806152344,250000.0,57
2019-11-06,SWK-XYL,-3625.5427627563477,250000.0,57
2019-11-06,REG-VICI,1866.0214767456055,250000.0,57
2019-11-06,ADBE-AMD,8122.680725097656,250000.0,57
2019-11-07,AMAT-TXN,2378.1142578125,250000.0,57
2019-11-07,FSLR-VRSN,5505.1029052734375,250000.0,57
2019-11-07,TFC-TROW,-4611.238708496094,250000.0,57
2019-11-07,CHRW-GWW,2328.9139862060547,250000.0,57
2019-11-07,SWK-XYL,-6720.291198730469,250000.0,57
2019-11-07,REG-VICI,-1484.2537117004395,250000.0,57
2019-11-07,ADBE-AMD,7632.7884521484375,250000.0,57
2019-11-08,AMAT-TXN,2500.992073059082,250000.0,57
2019-11-08,FSLR-VRSN,5926.450527191162,250000.0,57
2019-11-08,TFC-TROW,-2466.4919662475586,250000.0,57
2019-11-08,SWK-XYL,-4948.116683959961,250000.0,57
2019-11-08,REG-VICI,-5947.303493499756,250000.0,57
2019-11-08,ADBE-AMD,8527.195129394531,250000.0,57
2019-11-11,FSLR-VRSN,5170.746070861816,250000.0,57
2019-11-11,TFC-TROW,-5611.791366577148,250000.0,57
2019-11-11,SWK-XYL,-10009.850509643555,250000.0,57
2019-11-11,REG-VICI,-8215.978187561035,250000.0,57
2019-11-11,ADBE-AMD,7141.130584716797,250000.0,57
2019-11-12,FSLR-VRSN,8680.933742523193,250000.0,57
2019-11-12,SWK-XYL,-6959.11962890625,250000.0,57
2019-11-12,REG-VICI,-6270.560607910156,250000.0,57
2019-11-12,ADBE-AMD,5212.453308105469,250000.0,57
2019-11-13,FSLR-VRSN,7042.883995056152,250000.0,57
2019-11-13,SWK-XYL,-7374.2325439453125,250000.0,57
2019-11-13,REG-VICI,-6521.513320922852,250000.0,57
2019-11-13,ADBE-AMD,670.5680236816406,250000.0,57
2019-11-14,FSLR-VRSN,3399.013401031494,250000.0,57
2019-11-14,SWK-XYL,-5751.227638244629,250000.0,57
2019-11-14,REG-VICI,-3957.846839904785,250000.0,57
2019-11-14,ADBE-AMD,-4482.163879394531,250000.0,57
2019-11-15,FSLR-VRSN,6882.481212615967,250000.0,57
2019-11-15,REG-VICI,-6322.750225067139,250000.0,57
2019-11-15,ADBE-AMD,-4235.763153076172,250000.0,57
2019-11-15,CRM-SMCI,0.0,250000.0,57
2019-11-18,FSLR-VRSN,2524.5723152160645,250000.0,57
2019-11-18,ADBE-AMD,-13521.718963623047,250000.0,57
2019-11-19,FSLR-VRSN,2501.291679382324,250000.0,57
2019-11-19,CRM-SMCI,0.0,250000.0,57
2019-11-20,FSLR-VRSN,2806.2619972229004,250000.0,57
2019-11-20,CRM-SMCI,-4415.161126613617,250000.0,57
2019-11-21,FSLR-VRSN,5578.863750457764,250000.0,57
2019-11-21,CRM-SMCI,-3733.019145965576,250000.0,57
2019-11-21,ATO-LNT,0.0,250000.0,57
2019-11-22,FSLR-VRSN,8354.289276123047,250000.0,57
2019-11-22,CRM-SMCI,-3634.958354949951,250000.0,57
2019-11-22,ATO-LNT,-433.868953704834,250000.0,57
2019-11-25,CRM-SMCI,818.5071058273315,250000.0,57
2019-11-25,ATO-LNT,1067.7025260925293,250000.0,57
2019-11-26,CRM-SMCI,2570.4444904327393,250000.0,57
2019-11-26,ATO-LNT,1452.823226928711,250000.0,57
2019-11-26,CRM-PANW,0.0,250000.0,57
2019-11-27,ATO-LNT,90.02482604980469,250000.0,57
2019-11-27,CRM-PANW,3713.482696533203,250000.0,57
2019-11-29,ATO-LNT,431.0565071105957,250000.0,57
2019-11-29,CRM-PANW,7240.704170227051,250000.0,57
2019-12-02,ATO-LNT,-104.15335845947266,250000.0,57
2019-12-02,CRM-PANW,7252.842636108398,250000.0,57
2019-12-03,ATO-LNT,-2142.9209060668945,250000.0,57
2019-12-03,CRM-PANW,8999.442581176758,250000.0,57
2019-12-04,ATO-LNT,-284.8705596923828,250000.0,57
2019-12-04,CRM-PANW,15198.69027709961,250000.0,57
2019-12-04,CRM-SMCI,0.0,250000.0,57
2019-12-05,ATO-LNT,-899.0767364501953,250000.0,57
2019-12-05,CRM-PANW,16177.261283874512,250000.0,57
2019-12-05,CRM-SMCI,3961.9775474071503,250000.0,57
2019-12-06,CRM-PANW,13681.839538574219,250000.0,57
2019-12-06,CRM-SMCI,2405.0890321731567,250000.0,57
2019-12-06,FTNT-SWKS,0.0,250000.0,57
2019-12-09,CRM-PANW,13882.457244873047,250000.0,57
2019-12-09,CRM-SMCI,-3584.6504685878754,250000.0,57
2019-12-09,FTNT-SWKS,-4119.644882202148,250000.0,57
2019-12-10,CRM-PANW,14869.751373291016,250000.0,57
2019-12-10,CRM-SMCI,-5277.103700637817,250000.0,57
2019-12-10,FTNT-SWKS,-7546.740905761719,250000.0,57
2019-12-11,CRM-PANW,16790.54877471924,250000.0,57
2019-12-11,CRM-SMCI,-1815.694533109665,250000.0,57
2019-12-11,SWK-VRT,0.0,250000.0,57
2019-12-12,CRM-PANW,13371.544929504395,250000.0,57
2019-12-12,CRM-SMCI,-1139.4485187530518,250000.0,57
2019-12-12,SWK-VRT,-140.21657943725586,250000.0,57
2019-12-13,CRM-PANW,9642.410499572754,250000.0,57
2019-12-13,CRM-SMCI,2963.363188266754,250000.0,57
2019-12-13,SWK-VRT,2591.13720703125,250000.0,57
2019-12-16,CRM-PANW,11449.462425231934,250000.0,57
2019-12-16,CRM-SMCI,-804.9449005126953,250000.0,57
2019-12-16,SWK-VRT,3464.559684753418,250000.0,57
2019-12-17,CRM-PANW,13060.343872070312,250000.0,57
2019-12-17,CRM-SMCI,-1196.387097120285,250000.0,57
2019-12-17,SWK-VRT,3754.368815422058,250000.0,57
2019-12-18,CRM-PANW,11869.378242492676,250000.0,57
2019-12-18,CRM-SMCI,-1131.777585029602,250000.0,57
2019-12-18,SWK-VRT,4666.74951171875,250000.0,57
2019-12-18,CPAY-MA,0.0,250000.0,57
2019-12-19,CRM-PANW,8707.631561279297,250000.0,57
2019-12-19,CRM-SMCI,275.3137860298157,250000.0,57
2019-12-19,SWK-VRT,4490.485892295837,250000.0,57
2019-12-20,CRM-PANW,7894.21711730957,250000.0,57
2019-12-20,SWK-VRT,1757.9290599822998,250000.0,57
2019-12-23,CRM-PANW,10616.92626953125,250000.0,57
2019-12-23,SWK-VRT,2505.8983125686646,250000.0,57
2019-12-24,CRM-PANW,11880.00032043457,250000.0,57
2019-12-24,SWK-VRT,3533.1914138793945,250000.0,57
2019-12-26,CRM-PANW,11958.905319213867,250000.0,57
2019-12-26,SWK-VRT,3117.926586151123,250000.0,57
2019-12-27,CRM-PANW,10941.644622802734,250000.0,57
2019-12-27,SWK-VRT,2680.8828735351562,250000.0,57
2019-12-30,CRM-PANW,12697.011817932129,250000.0,57
2019-12-30,SWK-VRT,3118.5878257751465,250000.0,57
2019-12-31,CRM-PANW,12190.328559875488,250000.0,57
2019-12-31,SWK-VRT,632.2860622406006,250000.0,57
