mechanism,A,B,recent_sh,recent_ret,recent_vol,recent_mdd,hist_sh,hist_ret,hist_vol,hist_mdd,joined_sh,joined_ret,rejected_entries
A,core-2m/same_sector_slide3m_noscreen,core-2m/same_sector_slide3m_bd7,0.4326083802147875,0.0618310055813552,0.129606409213329,-0.1719648537838221,-0.9583444635648528,-0.0750207129836234,0.0781575331227447,-0.2879541254048448,-0.4192988900937798,-0.042021064021197,0
A,core-2m/same_sector_slide3m_noscreen,core-2m/same_sector_slide1m_noscreen,0.6083512355270806,0.061504627799759,0.10704321891007,-0.119467479862014,-0.420876630050254,-0.0356466156312048,0.0788290506834742,-0.2724010177703487,-0.0793290577103043,-0.0106489508642302,0
A,core-2m/same_sector_slide3m_noscreen,core-2m/same_sector_slide1m_bd7,0.3135397338034488,0.0297876188443845,0.1044981346256285,-0.1470953743942089,-0.6934369077039986,-0.0489344686387401,0.0689026865453998,-0.2637235842383612,-0.3313295273575707,-0.0290169169779276,0
A,core-2m/same_sector_slide3m_noscreen,core-2m/cross_sector_slide3m_noscreen,0.5279858547597066,0.0851579977712759,0.1506246920047992,-0.1674333380262632,-0.5458868913011131,-0.1508830815006319,0.2306092597983288,-0.5456352768110777,-0.3252237796493485,-0.0943780490789311,0
A,core-2m/same_sector_slide3m_noscreen,core-2m/cross_sector_slide3m_bd7,0.2727345801340358,0.042591928227989,0.1334877955403783,-0.1579066124195016,-0.5151865006781011,-0.1437705086947208,0.228350215878248,-0.5128428888640884,-0.3634022014506419,-0.0994880589811953,0
A,core-2m/same_sector_slide3m_noscreen,core-2m/cross_sector_slide1m_noscreen,0.8341183094544782,0.1007059751686455,0.1175654552887985,-0.1232383580366448,-0.6550611537382803,-0.0485239045241447,0.0719585703514415,-0.246848469756851,-0.0925252026864319,-0.011154958479011,0
A,core-2m/same_sector_slide3m_noscreen,core-2m/cross_sector_slide1m_bd7,0.0756931207230678,0.0155264426656605,0.1136102395758585,-0.1561875245000425,-0.3877385803656652,-0.0305373340191288,0.0729675635342408,-0.1645865268343744,-0.2003862038442652,-0.0190946000775713,0
A,core-2m/same_sector_slide3m_noscreen,sp500-2m/same_sector_slide3m_noscreen,0.4787453447791213,0.0555683645308004,0.1173240568730719,-0.1447128927635126,-0.3442736973308258,-0.0358708817361961,0.0934255903367372,-0.2868890060419489,-0.0836300322243923,-0.0128846656128216,0
A,core-2m/same_sector_slide3m_noscreen,sp500-2m/same_sector_slide3m_bd7,0.2306004062687605,0.0359568750483706,0.1063067856250637,-0.1477285383601702,-0.1788251546245242,-0.0157399764941831,0.0735861957333105,-0.1842535947164223,-0.0251690960436301,-0.0038673133990099,0
A,core-2m/same_sector_slide3m_noscreen,sp500-2m/same_sector_slide1m_noscreen,0.3993126027901454,0.0513137201252416,0.1171539976435746,-0.1728909109090449,-0.0576913737521389,-0.0066209993156383,0.0711138535587781,-0.2099418272909856,0.1187870888794657,0.0076351129307386,0
A,core-2m/same_sector_slide3m_noscreen,sp500-2m/same_sector_slide1m_bd7,0.1799752933044233,0.0332552500306945,0.1048049734649087,-0.1527246303899705,-0.7273494914352746,-0.0463410712761128,0.0625279314272286,-0.2402671420090357,-0.353159169396924,-0.0270296948832782,0
A,core-2m/same_sector_slide3m_noscreen,sp500-2m/cross_sector_slide3m_noscreen,-0.1396546105733062,-0.0212729141415689,0.128098194217416,-0.1971595992080596,-0.3211616779875055,-0.0397367533461812,0.1081698594901819,-0.2654586820003989,-0.2737000818823314,-0.0366277462474085,0
A,core-2m/same_sector_slide3m_noscreen,sp500-2m/cross_sector_slide3m_bd7,-0.2969284749372623,-0.032022833007415,0.1237953476770225,-0.1825406248425511,-0.0947518086612008,-0.0086096612229212,0.0672895956441115,-0.1678353684251224,-0.1595020059709055,-0.0159894423645713,0
A,core-2m/same_sector_slide3m_noscreen,sp500-2m/cross_sector_slide1m_noscreen,0.2464214744003159,0.0322232790866362,0.1170708837510623,-0.1622759064202322,-0.5795942553377275,-0.0435753102526194,0.0723364889765485,-0.2336667094208516,-0.266444429828142,-0.0253663080132934,0
A,core-2m/same_sector_slide3m_noscreen,sp500-2m/cross_sector_slide1m_bd7,-0.1243679582258445,-0.0090482175961333,0.1164227874749745,-0.1803018504303233,-0.455776617639913,-0.0252133062884177,0.0529479327237227,-0.1715259278342011,-0.2831674933562215,-0.0222392203445524,0
A,core-2m/same_sector_slide3m_noscreen,core-12m/same_sector_slide3m_noscreen,0.3691747944072278,0.040610462250377,0.1040124510179059,-0.1239585204866768,-0.8318535258778444,-0.0588133295770775,0.0699079716050553,-0.2587821910256254,-0.4038223851289918,-0.034285143309792,0
A,core-2m/same_sector_slide3m_noscreen,core-12m/same_sector_slide3m_bd7,0.1518333967547472,0.0204386626394944,0.1157900509037327,-0.160543208368156,-0.7853050697060843,-0.0482139325941433,0.0605718926965147,-0.1996825346705409,-0.387861021335894,-0.0322937979622764,0
A,core-2m/same_sector_slide3m_noscreen,core-12m/same_sector_slide1m_noscreen,0.06650756953469,0.0126066782640436,0.0984682960703676,-0.14235017152561,-0.9779510293223704,-0.0593230526144227,0.0606356171623066,-0.2711047575459621,-0.5726505425348645,-0.0419335882965661,0
A,core-2m/same_sector_slide3m_noscreen,core-12m/same_sector_slide1m_bd7,0.1188235416728132,0.0224134264435953,0.1126123383728823,-0.1611651753816268,-1.063005379043389,-0.056254465555021,0.05312391688781,-0.2385013745182442,-0.5207587315871289,-0.0377828792917374,0
A,core-2m/same_sector_slide3m_noscreen,core-12m/cross_sector_slide3m_noscreen,0.1604083165128199,0.0225441099113919,0.1357347244738548,-0.1890191396648798,-0.8447111668363184,-0.0711874518299996,0.0832929805993217,-0.3287395555657258,-0.4569156029845557,-0.048441513435205,0
A,core-2m/same_sector_slide3m_noscreen,core-12m/cross_sector_slide3m_bd7,-0.1344667858447501,-0.0130630314140154,0.1162563264699778,-0.1956435012502103,-0.5046029132377973,-0.033726083333332,0.0639182077184747,-0.1558695828171622,-0.3387506376025705,-0.0294617628193587,0
A,core-2m/same_sector_slide3m_noscreen,core-12m/cross_sector_slide1m_noscreen,0.3779286833646665,0.0455087975927076,0.1214001580981106,-0.1348269943334848,-0.7517447943530444,-0.0557011165342067,0.0727016570570233,-0.2768429145205663,-0.3172239400642933,-0.0307381176489998,0
A,core-2m/same_sector_slide3m_noscreen,core-12m/cross_sector_slide1m_bd7,0.1872318408189809,0.0188986374770766,0.0963064713052879,-0.1247678212313569,-0.8558607553115715,-0.0490011100060733,0.0568020627064616,-0.2193180400632084,-0.4428535016050525,-0.0318955220225886,0
A,core-2m/same_sector_slide3m_noscreen,sp500-12m/same_sector_slide3m_noscreen,0.2038675953670086,0.024828257701108,0.1323874822997487,-0.1673872748158256,0.1401719910368885,0.0085248434115743,0.0885919084231324,-0.1501047608962989,0.1672539804444294,0.0125375293423538,0
A,core-2m/same_sector_slide3m_noscreen,sp500-12m/same_sector_slide3m_bd7,0.3465552217984811,0.0458725843875665,0.1219606390242176,-0.1521358227274324,-0.2097916898323444,-0.0168743012698473,0.0695447819962664,-0.1574011847538016,0.004728905083,-0.0022719149519611,0
A,core-2m/same_sector_slide3m_noscreen,sp500-12m/same_sector_slide1m_noscreen,0.8982867892555281,0.1081127687807054,0.1192859398708016,-0.1093761947541736,-0.1428617542998103,-0.0126727103121335,0.0713766054945663,-0.1277114071615391,0.2417188807812791,0.0176383453627633,0
A,core-2m/same_sector_slide3m_noscreen,sp500-12m/same_sector_slide1m_bd7,0.2528797982857456,0.0368359190966851,0.118445391376238,-0.1644530065061946,-0.4009713458478117,-0.0246507015953649,0.0580248646828621,-0.1412994662822619,-0.1105918130896235,-0.0100842802747829,0
A,core-2m/same_sector_slide3m_noscreen,sp500-12m/cross_sector_slide3m_noscreen,0.7566348886504279,0.0944003956895693,0.117331661640141,-0.1136448054638106,-0.3062386401600972,-0.0308962499531659,0.0894075581420863,-0.2056421802166336,0.037815640052332,-0.0002482427370586,0
A,core-2m/same_sector_slide3m_noscreen,sp500-12m/cross_sector_slide3m_bd7,1.1754944160844845,0.1228143473314552,0.1014740869939873,-0.083468177385962,0.2945209860945442,0.0225563629848084,0.0902838469261331,-0.161266283512302,0.5324831609398905,0.0469818445575539,0
A,core-2m/same_sector_slide3m_noscreen,sp500-12m/cross_sector_slide1m_noscreen,1.2247525554511822,0.1173418793211543,0.0942218680902682,-0.0649115376403017,0.3798480053902751,0.0252033483018665,0.0724638982210168,-0.1465343609629166,0.6402190180014214,0.0485670132013869,0
A,core-2m/same_sector_slide3m_noscreen,sp500-12m/cross_sector_slide1m_bd7,0.7012571415175659,0.0726013975878618,0.0956518784419986,-0.0834094218657319,0.3193694003701958,0.0182876735094317,0.0630033596263778,-0.1217759102543309,0.4527048688543819,0.0316639358149179,0
A,core-2m/same_sector_slide3m_bd7,core-2m/same_sector_slide1m_noscreen,0.774339256745394,0.0655802719714448,0.0826250526267541,-0.0786884164938259,-0.6547894086269601,-0.0407068706385044,0.0606454996826822,-0.2497416828102135,-0.1727470242235949,-0.0134361125112896,0
A,core-2m/same_sector_slide3m_bd7,core-2m/same_sector_slide1m_bd7,0.8699224761257254,0.0676358245913249,0.0746140276407764,-0.0840866602519506,-0.7065687156124475,-0.0366808942498715,0.0510354415904834,-0.1825531179955405,-0.18251417462913,-0.0117480652966335,0
A,core-2m/same_sector_slide3m_bd7,core-2m/cross_sector_slide3m_noscreen,0.1467042615792113,0.0235338401084529,0.1218534174159825,-0.1800291094139096,-0.4988956867111126,-0.1415015386335838,0.2300270481202812,-0.5174483219699957,-0.3748958208929535,-0.1014633494329498,0
A,core-2m/same_sector_slide3m_bd7,core-2m/cross_sector_slide3m_bd7,0.0556035228029744,0.0113421326693383,0.1189237161925464,-0.1420060866269715,-0.3817962563067773,-0.132476731464437,0.2517555950315064,-0.464270688878882,-0.2997220392537973,-0.0974568171206972,0
A,core-2m/same_sector_slide3m_bd7,core-2m/cross_sector_slide1m_noscreen,0.9382748446354844,0.0890689776702495,0.0956986350157689,-0.1216628599356451,-0.8838657920178611,-0.0630118167285287,0.0707337718604386,-0.2969986554741135,-0.2854251452801272,-0.0251120185400326,0
A,core-2m/same_sector_slide3m_bd7,core-2m/cross_sector_slide1m_bd7,0.094713493630043,0.00683440965693,0.0893281125681118,-0.112968013128168,-0.3663195949387819,-0.0358406022521446,0.0881689825892776,-0.18772097692676,-0.2466349078616729,-0.0254548658614372,0
A,core-2m/same_sector_slide3m_bd7,sp500-2m/same_sector_slide3m_noscreen,0.5422660519079812,0.0517048856613381,0.0952964572998158,-0.1387336842218682,-0.1142639932268049,-0.013111427313349,0.0845011537161917,-0.2361928999836,0.077678031692619,0.0032854135114281,0
A,core-2m/same_sector_slide3m_bd7,sp500-2m/same_sector_slide3m_bd7,0.458631540594377,0.0432699855905609,0.0805983351649125,-0.088842859340234,0.0247906510050098,-0.0004788951796372,0.0646587903364795,-0.139062036677328,0.1692593673295734,0.0103049701353653,0
A,core-2m/same_sector_slide3m_bd7,sp500-2m/same_sector_slide1m_noscreen,0.3689968219867249,0.0293364728384093,0.0840988188230333,-0.1375825509537295,-0.0478821228890646,-0.0042534422258249,0.0561259174328958,-0.1562994104420333,0.0949735433868699,0.0041467694424888,0
A,core-2m/same_sector_slide3m_bd7,sp500-2m/same_sector_slide1m_bd7,0.1177461799857836,0.0123250212056034,0.0688951803724171,-0.1122836730960585,-0.3864352476696296,-0.0178533053244974,0.0440971647774844,-0.1306103891724278,-0.1850418264687492,-0.0101099602086129,0
A,core-2m/same_sector_slide3m_bd7,sp500-2m/cross_sector_slide3m_noscreen,-0.2238769835151817,-0.0240019542827256,0.1016887517226965,-0.1622765302410193,-0.0872713062901514,-0.0149441293743051,0.1073601253960585,-0.169477843440973,-0.123797410322276,-0.0182230901311979,0
A,core-2m/same_sector_slide3m_bd7,sp500-2m/cross_sector_slide3m_bd7,-0.3294721281508033,-0.0263378331020975,0.092251394519918,-0.1436228956241545,0.5773206343545815,0.0456559243744494,0.0832614992423632,-0.0999333927918034,0.3154741234589984,0.0241178840953555,0
A,core-2m/same_sector_slide3m_bd7,sp500-2m/cross_sector_slide1m_noscreen,0.2682192376746685,0.0220224273988465,0.0803665862708362,-0.10006319493437,-0.5799312725952211,-0.0367604525861174,0.0613463832850122,-0.2119829602562544,-0.3069961725589601,-0.0221857857549659,0
A,core-2m/same_sector_slide3m_bd7,sp500-2m/cross_sector_slide1m_bd7,-0.0384246779075486,-0.0004659895998724,0.077396326468434,-0.115194862133362,-0.0540588687013955,-0.00325562111887,0.0431474830261606,-0.1183899525047351,-0.0396281921060113,-0.0029987097788535,0
A,core-2m/same_sector_slide3m_bd7,core-12m/same_sector_slide3m_noscreen,0.6482057097477615,0.0483567831208773,0.0650307094710309,-0.0612085167646719,-1.0882740746287525,-0.0494469477713567,0.0456370280002536,-0.2008891095775915,-0.5166624276939275,-0.0266752676037477,0
A,core-2m/same_sector_slide3m_bd7,core-12m/same_sector_slide3m_bd7,0.9454776601371392,0.0717885905176602,0.0753596233267939,-0.0689596533438799,-0.967688184130045,-0.0398568605355141,0.0411534653902603,-0.1330746113551737,-0.2231219811059799,-0.0128471886348728,0
A,core-2m/same_sector_slide3m_bd7,core-12m/same_sector_slide1m_noscreen,0.3761575683712511,0.0283659066057006,0.0618069024057634,-0.0760501891425436,-1.0083333343314187,-0.0376403005333761,0.0373551632243298,-0.1771580841458172,-0.512503307699807,-0.0227575672565977,0
A,core-2m/same_sector_slide3m_bd7,core-12m/same_sector_slide1m_bd7,0.4082393666627879,0.0333885941444901,0.0827671733693425,-0.0841937797153163,-1.1190346131193525,-0.0353994034795643,0.0317540415811941,-0.1303345234997552,-0.3768214665607909,-0.0192845401261446,0
A,core-2m/same_sector_slide3m_bd7,core-12m/cross_sector_slide3m_noscreen,0.2002307501936098,0.0280540672862415,0.1148077769008773,-0.1434539598332847,-0.9569333476374474,-0.0663443096702647,0.0692215126304063,-0.3266234816734665,-0.5076921908604027,-0.0436329298928234,0
A,core-2m/same_sector_slide3m_bd7,core-12m/cross_sector_slide3m_bd7,0.1699340026650504,0.0196190030772619,0.0906802757198144,-0.1206768784585044,-0.2002663670807831,-0.0118892593935255,0.0527754450100297,-0.1095433643832333,-0.055376458475764,-0.0048895855401893,0
A,core-2m/same_sector_slide3m_bd7,core-12m/cross_sector_slide1m_noscreen,0.5092678657572539,0.0495647199089296,0.0961212225758901,-0.0913716583456192,-0.8612012787271108,-0.049127667821781,0.0566244690017008,-0.2602713064608046,-0.3384985632883966,-0.02505260383543,0
A,core-2m/same_sector_slide3m_bd7,core-12m/cross_sector_slide1m_bd7,0.2932925609545802,0.0267095231213266,0.0734361267973507,-0.0758941360380307,-0.2479072638623666,-0.0110395165609816,0.0413378072443826,-0.082605759245469,-0.0298459720401605,-0.00193365983661,0
A,core-2m/same_sector_slide3m_bd7,sp500-12m/same_sector_slide3m_noscreen,0.420539009631787,0.0612189869781564,0.1105393888620341,-0.1230037439965364,0.2640959973658822,0.0181239600070035,0.080198440680124,-0.171661301366928,0.3364398298667924,0.0283296783359077,0
A,core-2m/same_sector_slide3m_bd7,sp500-12m/same_sector_slide3m_bd7,0.8329129727156439,0.0719093745751748,0.0869425505050347,-0.0705708712962765,-0.1227363092909461,-0.0098473505874456,0.0639007748199201,-0.155625654653072,0.1775233412080269,0.0101263399784241,0
A,core-2m/same_sector_slide3m_bd7,sp500-12m/same_sector_slide1m_noscreen,1.0234917465119728,0.1041500223402922,0.1009023119645064,-0.0766327190506283,0.0482423482205939,0.0010225009774798,0.0647901606363125,-0.1214073046988333,0.3876450377428219,0.0270242247097397,0
A,core-2m/same_sector_slide3m_bd7,sp500-12m/same_sector_slide1m_bd7,0.5983320673458444,0.0492421798139254,0.0817881492865654,-0.0807500344501751,0.0143942976432355,-0.0005328078674396,0.0499278802441527,-0.0758132885148017,0.2214274041877481,0.0117689529183139,0
A,core-2m/same_sector_slide3m_bd7,sp500-12m/cross_sector_slide3m_noscreen,1.0629088001255933,0.1117914869853055,0.1051116427068225,-0.0817370249501846,-0.3989252876006768,-0.0480711344539542,0.108243906419478,-0.3164211264450897,-0.0282461886074651,-0.0088388846815647,0
A,core-2m/same_sector_slide3m_bd7,sp500-12m/cross_sector_slide3m_bd7,0.9456523434954506,0.0858059907235973,0.0927048087049594,-0.0811459103354227,0.3104209822980637,0.0240944177053052,0.0907219988160523,-0.1585299353151779,0.4590951702124336,0.0382752442722986,0
A,core-2m/same_sector_slide3m_bd7,sp500-12m/cross_sector_slide1m_noscreen,1.1375757027841846,0.1007170025478643,0.0869853587165216,-0.0702795483392551,0.1708894737812556,0.0090675311707058,0.065367413489763,-0.1129626511235915,0.4734701903343143,0.0319149145677915,0
A,core-2m/same_sector_slide3m_bd7,sp500-12m/cross_sector_slide1m_bd7,0.7318928697911422,0.0595520420977042,0.0803745057283544,-0.0801027977539691,0.3880919795566325,0.0195573956978658,0.0536420098128676,-0.0838714664076307,0.4925239360541475,0.0288955237270566,0
A,core-2m/same_sector_slide1m_noscreen,core-2m/same_sector_slide1m_bd7,0.8079954726592079,0.0591731491317876,0.0736242570073839,-0.0767554464861084,-0.5849373227734622,-0.035138831852499,0.0582417697593471,-0.2180106401622243,-0.1422498296283351,-0.0107313741338529,0
A,core-2m/same_sector_slide1m_noscreen,core-2m/cross_sector_slide3m_noscreen,0.5472220813949888,0.0713907160492812,0.1153585601143259,-0.1337378646839014,-0.4632831430405755,-0.1299809701010638,0.2238886186862696,-0.5313514611244969,-0.2807124211173262,-0.0804040265680113,0
A,core-2m/same_sector_slide1m_noscreen,core-2m/cross_sector_slide3m_bd7,0.6854369537913464,0.0634303868327453,0.0928714984892856,-0.0856419290332819,-0.4044866656422705,-0.1147486736012456,0.217100410756638,-0.4765473846966616,-0.2432126250765757,-0.0701735222753031,0
A,core-2m/same_sector_slide1m_noscreen,core-2m/cross_sector_slide1m_noscreen,0.7543853841124936,0.0658977351796284,0.0906927417474171,-0.1048289211104942,-0.5826974438383512,-0.0403048283506565,0.0667638182149285,-0.277452216830847,-0.1373033429826819,-0.0128207677094913,0
A,core-2m/same_sector_slide1m_noscreen,core-2m/cross_sector_slide1m_bd7,0.1511602907434595,0.0100281007221437,0.0940563737651083,-0.1191886013044617,-0.1181735707418557,-0.0100681529868136,0.0665003274768305,-0.1458558280960833,-0.0239222568515733,-0.0045751558200862,0
A,core-2m/same_sector_slide1m_noscreen,sp500-2m/same_sector_slide3m_noscreen,0.7847268762079863,0.0808182355027329,0.0977644358126671,-0.0855630161784822,0.0294506198611528,-0.0015903052573429,0.0935145254242718,-0.2714281577840209,0.249302647582663,0.019870055323963,0
A,core-2m/same_sector_slide1m_noscreen,sp500-2m/same_sector_slide3m_bd7,0.5286949842300154,0.0383789780544432,0.075674978586099,-0.0752122150874388,0.0544697138281217,0.0014288611776693,0.0655530329833566,-0.1421126452867128,0.196913126678777,0.0112493419264509,0
A,core-2m/same_sector_slide1m_noscreen,sp500-2m/same_sector_slide1m_noscreen,0.8499650149021518,0.0694822067930694,0.0827180603648753,-0.0780696953186889,0.3951959357667771,0.0237188952819356,0.0645988957109957,-0.1685023986275493,0.5384907962161195,0.0358796816684021,0
A,core-2m/same_sector_slide1m_noscreen,sp500-2m/same_sector_slide1m_bd7,0.5052914405774409,0.0369805413983479,0.076981741950854,-0.074660963383899,-0.3814201614793973,-0.0214193687902359,0.0530655575919084,-0.1448730738159664,-0.0710570755308598,-0.0060466082764852,0
A,core-2m/same_sector_slide1m_noscreen,sp500-2m/cross_sector_slide3m_noscreen,0.0980718892985226,0.0049570979161431,0.0990204044569945,-0.1284817378581369,-0.5891192686078612,-0.0576213856391489,0.0933334743251469,-0.3212669596257125,-0.3967006282125777,-0.0412379050857693,0
A,core-2m/same_sector_slide1m_noscreen,sp500-2m/cross_sector_slide3m_bd7,0.2623994067549857,0.0208804600027176,0.0861696287038664,-0.087234649413399,0.3618924500110514,0.0251544048355081,0.076672663988392,-0.1588512331050555,0.3386027227098892,0.0241860087004889,0
A,core-2m/same_sector_slide1m_noscreen,sp500-2m/cross_sector_slide1m_noscreen,0.2886428506870114,0.0211739997180347,0.0843511103868105,-0.093449606171908,-0.7181916679291744,-0.0488080304805428,0.066578689842993,-0.2611492828232022,-0.397682482389275,-0.0305918121237467,0
A,core-2m/same_sector_slide1m_noscreen,sp500-2m/cross_sector_slide1m_bd7,0.1155166756470958,0.0063532208338265,0.0773543293760788,-0.0830780863806542,-0.5140873550136897,-0.0260412834170655,0.0489897505272763,-0.1738127724918393,-0.2761252997364949,-0.0174257546580308,0
A,core-2m/same_sector_slide1m_noscreen,core-12m/same_sector_slide3m_noscreen,0.5678234602631519,0.0390130804049637,0.0707073718918239,-0.0663664482760664,-0.6906679200175846,-0.0387656716931091,0.0550468574892012,-0.1988411910519847,-0.2863181456289172,-0.0185701789709362,0
A,core-2m/same_sector_slide1m_noscreen,core-12m/same_sector_slide3m_bd7,0.7447063584923846,0.0493197782632118,0.066922507600789,-0.0706477745894325,-0.3670402691183059,-0.0193765185983884,0.0499148811376382,-0.1532464936760843,-0.0035458936494222,-0.0014216755123825,0
A,core-2m/same_sector_slide1m_noscreen,core-12m/same_sector_slide1m_noscreen,0.5387733647476063,0.0404296874628381,0.0783882808967576,-0.0810146602012259,-0.412336676067447,-0.0227506513805787,0.0524638280920086,-0.1515536734510043,-0.0755039732265674,-0.0062854794219776,0
A,core-2m/same_sector_slide1m_noscreen,core-12m/same_sector_slide1m_bd7,0.7295548297021316,0.0535303704341983,0.0743498785397936,-0.0739759734254073,-0.7047139567561899,-0.0329980217703372,0.0460983892383349,-0.1555260945225989,-0.16814162115698,-0.0105784756762772,0
A,core-2m/same_sector_slide1m_noscreen,core-12m/cross_sector_slide3m_noscreen,0.4777545932393591,0.0546265727596,0.1101352649642695,-0.1212359866072361,-0.616759019907623,-0.047409791962475,0.0742689469684951,-0.2986409974560825,-0.2190486719728997,-0.0212841603081884,0
A,core-2m/same_sector_slide1m_noscreen,core-12m/cross_sector_slide3m_bd7,0.4840387942828416,0.0357812668266335,0.0786076892759687,-0.0837121513292865,-0.2510576504405966,-0.015959673263152,0.0574958881471418,-0.1246361583554999,-0.0054909399873564,-0.0023487486945679,0
A,core-2m/same_sector_slide1m_noscreen,core-12m/cross_sector_slide1m_noscreen,0.6103785582131213,0.0572539905415632,0.0990544033637144,-0.0932512484828002,-0.5927247956262164,-0.0408746492203405,0.0666510680778016,-0.2379697981489028,-0.1678661839308457,-0.0156437382921594,0
A,core-2m/same_sector_slide1m_noscreen,core-12m/cross_sector_slide1m_bd7,0.3188954154593367,0.0220064347268078,0.0756009774244899,-0.0998822787202402,-0.3384531856574023,-0.017616867511491,0.0489705741670279,-0.1159056132640499,-0.0981561368107376,-0.007152251997361,0
A,core-2m/same_sector_slide1m_noscreen,sp500-12m/same_sector_slide3m_noscreen,0.6865060275023174,0.0784412615694473,0.1152114473294328,-0.1001173280886485,0.3865057080104539,0.0293917998866615,0.0841103369101224,-0.1844970585989803,0.4847933445563888,0.0421130425538466,0
A,core-2m/same_sector_slide1m_noscreen,sp500-12m/same_sector_slide3m_bd7,0.5832367193535299,0.0478613704960378,0.085358050492476,-0.0834135031629006,0.1526210466782218,0.0078691003893056,0.065428927092708,-0.1473270391210995,0.2914884798567412,0.0184961820164702,0
A,core-2m/same_sector_slide1m_noscreen,sp500-12m/same_sector_slide1m_noscreen,0.9202172941881924,0.0962983775628452,0.1057385356388849,-0.0937457476482774,-0.1264240337588438,-0.0108839001110155,0.0681493911049249,-0.1360284185376157,0.2448487114059866,0.0165544995612255,0
A,core-2m/same_sector_slide1m_noscreen,sp500-12m/same_sector_slide1m_bd7,0.5436526612121008,0.0440611089968029,0.0851348885643978,-0.0919549965188811,0.0393971926379338,0.0006442443478507,0.0553801892908029,-0.1198180379369436,0.2176325047132333,0.0121357819783244,0
A,core-2m/same_sector_slide1m_noscreen,sp500-12m/cross_sector_slide3m_noscreen,0.8831365530478477,0.0873144003798205,0.0997812282154535,-0.0860343031423171,-0.1089913745569246,-0.0123827777978791,0.0828567109495092,-0.1513146537430113,0.1900431889746959,0.0130247496104197,0
A,core-2m/same_sector_slide1m_noscreen,sp500-12m/cross_sector_slide3m_bd7,1.186077270033375,0.0931028967126961,0.0817288301286353,-0.0716286932721309,0.2039527242105319,0.0134518421694678,0.0836086711989576,-0.1714944585750624,0.4457559664374692,0.0339360619459987,0
A,core-2m/same_sector_slide1m_noscreen,sp500-12m/cross_sector_slide1m_noscreen,1.0775310821503052,0.093727326241779,0.0854605024410858,-0.0726800811795251,0.4528782760038357,0.0283291686568289,0.0665943918224806,-0.1369191184736985,0.6444470590816455,0.0449640264231039,0
A,core-2m/same_sector_slide1m_noscreen,sp500-12m/cross_sector_slide1m_bd7,1.139529729895158,0.0830776904708187,0.072286188378754,-0.0467081878717763,0.382208453483171,0.0205823181409379,0.0576864923350889,-0.0985150825166466,0.6152422651606135,0.0368880503281766,0
A,core-2m/same_sector_slide1m_bd7,core-2m/cross_sector_slide3m_noscreen,0.1673346872628153,0.0211877582760779,0.1039477565217877,-0.161644873214086,-0.4617357280951393,-0.1283016123841786,0.2214800047286107,-0.510136775415827,-0.3472615546131766,-0.0912644512832061,0
A,core-2m/same_sector_slide1m_bd7,core-2m/cross_sector_slide3m_bd7,0.6420724847242005,0.048822358758243,0.078820980302626,-0.086075364467823,-0.416274545746238,-0.1191798074024278,0.2201099743342909,-0.4876570206129054,-0.2882027021288536,-0.0799623857567424,0
A,core-2m/same_sector_slide1m_bd7,core-2m/cross_sector_slide1m_noscreen,0.6372095242161075,0.047367233567493,0.0775872522662562,-0.1100806698751788,-0.5097560546802934,-0.0277008770883725,0.0524041129551104,-0.1690737180549656,-0.1086424476030065,-0.0083276625855921,0
A,core-2m/same_sector_slide1m_bd7,core-2m/cross_sector_slide1m_bd7,0.233618573446598,0.016048883474578,0.0792723896067428,-0.104230593506749,-0.0989396895697291,-0.0061026484450956,0.0494555633983046,-0.1099066212155089,0.0166722784162088,-0.0006956262873034,0
A,core-2m/same_sector_slide1m_bd7,sp500-2m/same_sector_slide3m_noscreen,0.6846623601249564,0.0566867634843589,0.0791794191952069,-0.1094889882267071,0.0787674470001909,0.003105784522656,0.0867040431518693,-0.214668664954593,0.2339885141093603,0.0168157595512475,0
A,core-2m/same_sector_slide1m_bd7,sp500-2m/same_sector_slide3m_bd7,0.863207682764408,0.0529331255453823,0.0614910189041862,-0.0664185419502636,0.2940778426463855,0.0157718483677262,0.0591373526280424,-0.1261840980349471,0.4451803043807247,0.0251721754899429,0
A,core-2m/same_sector_slide1m_bd7,sp500-2m/same_sector_slide1m_noscreen,0.6692385898230461,0.0415071115226907,0.0637931201286707,-0.0974145736623897,0.3231461447597685,0.0167414763702953,0.0562796297922606,-0.1056779730848929,0.4220615286820993,0.0232293829932298,0
A,core-2m/same_sector_slide1m_bd7,sp500-2m/same_sector_slide1m_bd7,0.42450293235652,0.0226677568525591,0.055302895085264,-0.085171588790537,-0.2458354096554421,-0.011543704560559,0.0433883512754779,-0.1044465607453549,-0.0344092618590113,-0.0026645962774906,0
A,core-2m/same_sector_slide1m_bd7,sp500-2m/cross_sector_slide3m_noscreen,0.2788493425862012,0.0233745608688593,0.0875341077063255,-0.1226016959190826,-0.233328432031502,-0.0269110608169252,0.0969420902340074,-0.1975681258579308,-0.1042140908654761,-0.0140314783458717,0
A,core-2m/same_sector_slide1m_bd7,sp500-2m/cross_sector_slide3m_bd7,0.1531755047454016,0.0097241743384969,0.0656609107840429,-0.0993843339799808,0.4787149620802494,0.0332423335663929,0.0739475723285749,-0.1232192781561177,0.4026681847670724,0.0268659530963591,0
A,core-2m/same_sector_slide1m_bd7,sp500-2m/cross_sector_slide1m_noscreen,0.666974144744497,0.043279683495227,0.0662422199057735,-0.0779839086867339,-0.426378047446648,-0.0242946757325234,0.0542385763428235,-0.1920116620588108,-0.0925296339324947,-0.0069439458237328,0
A,core-2m/same_sector_slide1m_bd7,sp500-2m/cross_sector_slide1m_bd7,0.3466837269599012,0.0206397988237391,0.0626743265763477,-0.0799978440152951,-0.0234008933112533,-0.0017975899072525,0.0410280538174029,-0.1263941187219482,0.1026735094777287,0.0038136473111663,0
A,core-2m/same_sector_slide1m_bd7,core-12m/same_sector_slide3m_noscreen,0.8896820110030581,0.043048234884139,0.0484168509735112,-0.0480857536576612,-0.6778977160146257,-0.0285006062211902,0.0413893756585423,-0.1701640973771883,-0.2491694479377798,-0.0116087425321598,0
A,core-2m/same_sector_slide1m_bd7,core-12m/same_sector_slide3m_bd7,0.9171538728564672,0.0409045336661715,0.0471881102752683,-0.0624653163527417,-0.3983498986095524,-0.0150654858960476,0.0364417930928313,-0.103320266776098,-0.0230009759560297,-0.0018197845379604,0
A,core-2m/same_sector_slide1m_bd7,core-12m/same_sector_slide1m_noscreen,0.7506479290996235,0.0344806613447665,0.0460878688032571,-0.0525672492712897,-0.5525981358051895,-0.0204790989875987,0.0362551885184626,-0.1492460739301835,-0.1679685887882819,-0.0072471665596206,0
A,core-2m/same_sector_slide1m_bd7,core-12m/same_sector_slide1m_bd7,0.7541115509673819,0.0364997255441406,0.0490835901508847,-0.0620171829931152,-0.4733336548412418,-0.0151166341384395,0.0311542047199159,-0.0982272426137202,-0.0595691388613468,-0.0028241329219565,0
A,core-2m/same_sector_slide1m_bd7,core-12m/cross_sector_slide3m_noscreen,0.4878213752815218,0.0449141976469988,0.0925664118106119,-0.1049128225946264,-0.5040587924261449,-0.0316773148455283,0.0602587700629462,-0.2286164122341987,-0.1470003421756134,-0.0123243509028583,0
A,core-2m/same_sector_slide1m_bd7,core-12m/cross_sector_slide3m_bd7,0.7002529450727774,0.046561822084223,0.0658386764343028,-0.070648885611402,-0.1687968351519405,-0.0090851456922763,0.0474073321436799,-0.0897752914382435,0.1062478254481368,0.0043838438157049,0
A,core-2m/same_sector_slide1m_bd7,core-12m/cross_sector_slide1m_noscreen,0.8122466448695578,0.069632434926324,0.0867309303460974,-0.0892846650382848,-0.7940829685357941,-0.0423718545837129,0.0527652930033954,-0.2284985285350818,-0.1944513788798222,-0.0142452709155857,0
A,core-2m/same_sector_slide1m_bd7,core-12m/cross_sector_slide1m_bd7,0.5734641622062421,0.038833028752383,0.0705436631681092,-0.0756781430950689,-0.2074821018261473,-0.0096480754109822,0.0423962299875714,-0.1151872818792619,0.0677321401971595,0.0021600716668871,0
A,core-2m/same_sector_slide1m_bd7,sp500-12m/same_sector_slide3m_noscreen,0.8880540763022174,0.088841176132816,0.0948477194901838,-0.0807328121692173,0.3439323963732868,0.0237095374641926,0.0766886681145926,-0.1383123874267895,0.5154104530882199,0.0404045958918638,0
A,core-2m/same_sector_slide1m_bd7,sp500-12m/same_sector_slide3m_bd7,0.774816717393197,0.0537454655524215,0.0716170143637086,-0.0745985575887901,0.0701497995526188,0.002376618868028,0.0575862565814208,-0.1303432763994596,0.2735040041797718,0.0150151866021023,0
A,core-2m/same_sector_slide1m_bd7,sp500-12m/same_sector_slide1m_noscreen,0.9710124912170628,0.0893980195807079,0.0919328187493319,-0.060509384546946,0.135665377155184,0.0062726650728865,0.0589151163822328,-0.1126469235015744,0.4255499862773195,0.0274817069209751,0
A,core-2m/same_sector_slide1m_bd7,sp500-12m/same_sector_slide1m_bd7,0.6835938187442435,0.0468016870728242,0.0694103224205493,-0.0757540487042656,0.1771729666812666,0.007497852370627,0.0489479822311903,-0.0717138290845713,0.3377624774776622,0.0172325132180689,0
A,core-2m/same_sector_slide1m_bd7,sp500-12m/cross_sector_slide3m_noscreen,0.9208514607825116,0.0800709393483067,0.0891277148143143,-0.0720840835200156,0.2605404529701323,0.0164298256125325,0.0726835420630564,-0.1239940567393889,0.4537986750134782,0.0326535179217078,0
A,core-2m/same_sector_slide1m_bd7,sp500-12m/cross_sector_slide3m_bd7,0.9083767816095998,0.0637759472783696,0.0781828474496449,-0.0759262510346975,0.0961584209414496,0.0043234019279239,0.0815668906130505,-0.2031231519800165,0.2714859211150633,0.0185223271406845,0
A,core-2m/same_sector_slide1m_bd7,sp500-12m/cross_sector_slide1m_noscreen,0.9491755021843532,0.0719131105959531,0.0759291840971431,-0.0513388547402162,0.5331546173085701,0.0303507151728563,0.0594000332401954,-0.1045382904815196,0.658412201802515,0.041044778889546,0
A,core-2m/same_sector_slide1m_bd7,sp500-12m/cross_sector_slide1m_bd7,1.0283514605253383,0.0697477330748726,0.0684136352256288,-0.0625152903922416,0.0844521983521349,0.0029922808356692,0.050780350792852,-0.1300055869141347,0.3683544052309913,0.0190843848043337,0
A,core-2m/cross_sector_slide3m_noscreen,core-2m/cross_sector_slide3m_bd7,0.6715852157083648,0.1285936685007044,0.1850560775777844,-0.1998537610553023,-0.2638744687836695,-0.1188263311664117,0.2700703134979741,-0.5179468031198384,-0.0661611235821192,-0.0587902925046577,0
A,core-2m/cross_sector_slide3m_noscreen,core-2m/cross_sector_slide1m_noscreen,1.015517730539826,0.1505582444703721,0.1411015301090351,-0.149940064614678,-0.3752516855634115,-0.119989085912683,0.2349782631895621,-0.5264485681730957,-0.1185179995361134,-0.0551591132744222,0
A,core-2m/cross_sector_slide3m_noscreen,core-2m/cross_sector_slide1m_bd7,0.420308401939385,0.0522712525493661,0.1320473976731959,-0.1707195628781171,-0.2658631139567998,-0.0954817146387733,0.2311552555791023,-0.4955108628099177,-0.1451786560716265,-0.0592248596114062,0
A,core-2m/cross_sector_slide3m_noscreen,sp500-2m/same_sector_slide3m_noscreen,0.7377381185826507,0.1406402880927523,0.1769269586523874,-0.205867968968527,-0.3394110919416591,-0.1112390125422553,0.2343148294942648,-0.5281559479680058,-0.0966081670313441,-0.0513755128135493,0
A,core-2m/cross_sector_slide3m_noscreen,sp500-2m/same_sector_slide3m_bd7,0.5246510700210946,0.0763472383810458,0.1366672755436774,-0.1533992890320715,-0.3232254101274325,-0.108550942053982,0.2349422351134736,-0.4904723179845961,-0.1614139290919664,-0.0629087132701295,0
A,core-2m/cross_sector_slide3m_noscreen,sp500-2m/same_sector_slide1m_noscreen,0.5344550345017554,0.0710328388149021,0.1446802617583871,-0.1984948702050922,-0.2720874628187472,-0.0907891865725983,0.2214302583311879,-0.4686754203492236,-0.1177727044249953,-0.0508277945699384,0
A,core-2m/cross_sector_slide3m_noscreen,sp500-2m/same_sector_slide1m_bd7,0.6042706075165779,0.0814449040094513,0.1385100745698418,-0.1803466795156335,-0.320711768082572,-0.1002042105625841,0.2205959484243013,-0.4753499354458769,-0.1457645301167568,-0.0556496318858311,0
A,core-2m/cross_sector_slide3m_noscreen,sp500-2m/cross_sector_slide3m_noscreen,0.5385539927669974,0.084221530562807,0.1627214778939696,-0.1808312581521715,-0.0951547710051975,-0.0320745014513664,0.1727878258020483,-0.3203353395333075,0.0625481163586809,-0.004320935180869,0
A,core-2m/cross_sector_slide3m_noscreen,sp500-2m/cross_sector_slide3m_bd7,0.3273810451059538,0.04674508666307,0.1532586402187219,-0.2054369518014425,0.6314733258375524,0.0531265968202461,0.0880744051910455,-0.1248141461485778,0.505520711050865,0.0507073713691114,0
A,core-2m/cross_sector_slide3m_noscreen,sp500-2m/cross_sector_slide1m_noscreen,0.6014664938987884,0.0830998037044185,0.1316820291131799,-0.1653971415229846,-0.2494207326824789,-0.0879582200733308,0.225455287974288,-0.4765806585919245,-0.0958709146071037,-0.0468739333763563,0
A,core-2m/cross_sector_slide3m_noscreen,sp500-2m/cross_sector_slide1m_bd7,0.582987871450773,0.0869649203211561,0.1474364988188398,-0.1873810026359507,-0.3078180891323819,-0.0970111442053284,0.2191826745164535,-0.484482126585042,-0.1329590236625886,-0.0535208773590209,0
A,core-2m/cross_sector_slide3m_noscreen,core-12m/same_sector_slide3m_noscreen,0.5355298500234799,0.0833525076428818,0.1267079477125416,-0.1636473477929506,-0.3642514666754222,-0.114178092285743,0.2296804449935366,-0.4897656085518271,-0.1951205570563452,-0.067912880822435,0
A,core-2m/cross_sector_slide3m_noscreen,core-12m/same_sector_slide3m_bd7,0.5886030533861054,0.1016815031451066,0.1482700033752404,-0.1712586510542421,-0.3576629337028839,-0.1123045750199047,0.2281005485624894,-0.478768584677654,-0.1670141376204672,-0.0628812372530256,0
A,core-2m/cross_sector_slide3m_noscreen,core-12m/same_sector_slide1m_noscreen,0.687113195918929,0.1241148435281229,0.138284577167945,-0.1558245510372035,-0.2994293712700431,-0.0980276975934503,0.2243996946397373,-0.4743579672138348,-0.0967173965452505,-0.0472103784218008,0
A,core-2m/cross_sector_slide3m_noscreen,core-12m/same_sector_slide1m_bd7,0.202929108345341,0.0383396979984132,0.1248014162324141,-0.1667204173534693,-0.3842626739772515,-0.1148415084009418,0.2234789043201729,-0.4799780560437044,-0.2643237931209068,-0.0789418833507023,0
A,core-2m/cross_sector_slide3m_noscreen,core-12m/cross_sector_slide3m_noscreen,0.356772305876405,0.0500880645257413,0.1496190797897166,-0.1884063527962959,-0.4785493680576032,-0.137352077567345,0.2305847713142593,-0.5664284612857199,-0.3140094128133995,-0.092393985618335,0
A,core-2m/cross_sector_slide3m_noscreen,core-12m/cross_sector_slide3m_bd7,0.4051169724717703,0.053902130839125,0.1262498584821313,-0.1509726040188363,-0.3459714769714477,-0.1093872355051061,0.2274939387868569,-0.469316073700994,-0.2074752287600139,-0.0693812799547149,0
A,core-2m/cross_sector_slide3m_noscreen,core-12m/cross_sector_slide1m_noscreen,1.081076983770792,0.1416258025433418,0.1271489706979867,-0.1045181497120119,-0.3775419447043293,-0.1129044148024549,0.2234785395624629,-0.493510345103181,-0.1270592047398467,-0.052482191634386,0
A,core-2m/cross_sector_slide3m_noscreen,core-12m/cross_sector_slide1m_bd7,0.8008226337559758,0.0925466608984801,0.1043164022284652,-0.1103766621990084,-0.3326423724139217,-0.1015741890263204,0.2183181192455409,-0.4683990565984669,-0.1548168090656458,-0.0551531450269648,0
A,core-2m/cross_sector_slide3m_noscreen,sp500-12m/same_sector_slide3m_noscreen,0.7207336716835182,0.0938325134553684,0.1503560126851255,-0.151687994131073,-0.1864401851997257,-0.0776829871719712,0.2320068118094411,-0.495184228144885,-0.0306108567153987,-0.0365205546716262,0
A,core-2m/cross_sector_slide3m_noscreen,sp500-12m/same_sector_slide3m_bd7,0.6516350595885804,0.072206762581793,0.1388312804723361,-0.1581812497428265,-0.2092059855728721,-0.0807730550838665,0.2270439369718598,-0.4821723157441995,-0.0708131774229898,-0.0434308128096746,0
A,core-2m/cross_sector_slide3m_noscreen,sp500-12m/same_sector_slide1m_noscreen,0.6525845230587848,0.0750284605558546,0.1281090014658211,-0.1471084258276667,-0.2906431408691288,-0.0951811632447404,0.2228209201086794,-0.4727510186565741,-0.1327816642894073,-0.053304240361344,0
A,core-2m/cross_sector_slide3m_noscreen,sp500-12m/same_sector_slide1m_bd7,0.3277839432440731,0.0314204339475668,0.1208635977999361,-0.1689568693706209,-0.2171204931825524,-0.0791541902199323,0.2198706378803087,-0.4678934497713903,-0.1305255122706881,-0.051813785596436,0
A,core-2m/cross_sector_slide3m_noscreen,sp500-12m/cross_sector_slide3m_noscreen,1.1303626245810086,0.1474781516943701,0.1285509844980656,-0.1017511663894911,-0.1844494328651505,-0.0818498444801755,0.2405005243819842,-0.4852184325546146,0.0225646355788272,-0.0270552162431084,0
A,core-2m/cross_sector_slide3m_noscreen,sp500-12m/cross_sector_slide3m_bd7,1.113578705236963,0.1185431956156097,0.1074907161310054,-0.0999122830072523,0.0903815343801569,0.0033379048768,0.1096619510501166,-0.2468024984433884,0.3362779181715106,0.0316521369283778,0
A,core-2m/cross_sector_slide3m_noscreen,sp500-12m/cross_sector_slide1m_noscreen,0.8949625061522877,0.1058657218092653,0.115538230831232,-0.1063075658126776,-0.0761025525443259,-0.0519018327855295,0.2251689018163397,-0.4799255581333747,0.0760206287512395,-0.0126608663631065,0
A,core-2m/cross_sector_slide3m_noscreen,sp500-12m/cross_sector_slide1m_bd7,0.892190918328838,0.0924808128830644,0.1018769334066462,-0.0917895236909885,0.3408393772904594,0.0224500037459725,0.073200252536166,-0.1263105427676631,0.516135764810528,0.0401967584651108,0
A,core-2m/cross_sector_slide3m_bd7,core-2m/cross_sector_slide1m_noscreen,1.0229567292289223,0.1222871784967036,0.1186574089822497,-0.133933671640887,-0.3030257665882493,-0.100974067317722,0.2267376489804926,-0.481377982775629,-0.0882258453096367,-0.046305444332275,0
A,core-2m/cross_sector_slide3m_bd7,core-2m/cross_sector_slide1m_bd7,0.0478559143972429,0.0066073233435072,0.108305843522724,-0.1226332425334263,-0.2962622534856478,-0.1074041544309912,0.2398963504155135,-0.4822326236539928,-0.2329994967481274,-0.0792378586813677,0
A,core-2m/cross_sector_slide3m_bd7,sp500-2m/same_sector_slide3m_noscreen,0.4129443575840314,0.043018111422814,0.1162960948114103,-0.149777000318698,-0.1938240610333269,-0.0800937031383486,0.2327251128314624,-0.4815211656368808,-0.0973918131785276,-0.0490257215447966,0
A,core-2m/cross_sector_slide3m_bd7,sp500-2m/same_sector_slide3m_bd7,0.3704153969418306,0.0359294057530484,0.0968999465723719,-0.0944218309378792,-0.2628713853425501,-0.1047709934930747,0.2498529155790603,-0.4684430859469514,-0.1683883385614407,-0.0683935943053054,0
A,core-2m/cross_sector_slide3m_bd7,sp500-2m/same_sector_slide1m_noscreen,0.0392496679642429,0.0067860963843919,0.1037420635486682,-0.1643424744104356,-0.1845216854433346,-0.070938279906807,0.2159463555722907,-0.4707121695385688,-0.1379353797504573,-0.051113228412985,0
A,core-2m/cross_sector_slide3m_bd7,sp500-2m/same_sector_slide1m_bd7,-0.06951986808245,-0.0015093182006395,0.09949851017078,-0.1426017878645995,-0.2829080308501123,-0.0954225518888328,0.224723891789237,-0.4645808369862455,-0.2317787824122245,-0.0712853289485168,0
A,core-2m/cross_sector_slide3m_bd7,sp500-2m/cross_sector_slide3m_noscreen,-0.0682994895266329,-0.0137926906684161,0.1391029347987385,-0.1874519014549836,0.0941004937278425,0.0003057571912856,0.1698131584162749,-0.2688790449639094,0.0596606506812538,-0.004223310071659,0
A,core-2m/cross_sector_slide3m_bd7,sp500-2m/cross_sector_slide3m_bd7,-0.4610536508711683,-0.0542628450942003,0.1225975362588436,-0.1675783793244315,0.186583684620963,0.0152587872971998,0.154105140092408,-0.2615249252593228,0.0591703623075038,-0.0030939666616102,0
A,core-2m/cross_sector_slide3m_bd7,sp500-2m/cross_sector_slide1m_noscreen,0.002519303958425,-0.0009197946277226,0.1089770587610728,-0.1466948035320139,-0.2190627281837057,-0.078569843012149,0.217759316471153,-0.4653951844265481,-0.1763880995925455,-0.0593043166657453,0
A,core-2m/cross_sector_slide3m_bd7,sp500-2m/cross_sector_slide1m_bd7,-0.3575157383799887,-0.0290331979234819,0.1062609519115458,-0.1465837692184844,-0.2800037991177428,-0.0933465256356551,0.2219065755127498,-0.4649055906051464,-0.2678178598504859,-0.0779068203620088,0
A,core-2m/cross_sector_slide3m_bd7,core-12m/same_sector_slide3m_noscreen,0.0591216567069615,0.010947511456557,0.0774131484832832,-0.0954128060021514,-0.3685255903771317,-0.1200711643659296,0.2365677338874826,-0.4660351062307828,-0.3012922089479674,-0.0910306278019248,0
A,core-2m/cross_sector_slide3m_bd7,core-12m/same_sector_slide3m_bd7,-0.1826655076751907,-0.0253110792200752,0.1088399095762191,-0.1323462805680671,-0.4221294447951236,-0.1409528154469388,0.2507325933707857,-0.476229784964769,-0.3772650636858262,-0.1147632218567294,0
A,core-2m/cross_sector_slide3m_bd7,core-12m/same_sector_slide1m_noscreen,-0.1599182683038924,-0.0019946238523246,0.0812683933287032,-0.0986338012736451,-0.2645410579867937,-0.0903751034335164,0.2220642461010711,-0.4647639482670614,-0.2261990807380254,-0.0706456981897735,0
A,core-2m/cross_sector_slide3m_bd7,core-12m/same_sector_slide1m_bd7,-0.5133711519014583,-0.024756045585107,0.082741048057018,-0.1006034397085531,-0.365858791555891,-0.1227554871321353,0.2411399916198272,-0.4643100794442226,-0.3393096795172369,-0.1014771362403808,0
A,core-2m/cross_sector_slide3m_bd7,core-12m/cross_sector_slide3m_noscreen,0.2238610409241228,0.0267658764724659,0.120118238136737,-0.1461001968895176,-0.3850789280266701,-0.1151919509400848,0.2239775126303883,-0.5130497355558523,-0.2757937789388565,-0.0810137660950417,0
A,core-2m/cross_sector_slide3m_bd7,core-12m/cross_sector_slide3m_bd7,0.1708294745479209,0.0085938592031579,0.114303089874369,-0.1365566377144039,-0.3198849218826295,-0.1135116559566737,0.242670204922347,-0.4687054542183283,-0.2493642280926761,-0.0843091429738529,0
A,core-2m/cross_sector_slide3m_bd7,core-12m/cross_sector_slide1m_noscreen,0.31515433510793,0.0278452276110581,0.0992284002679519,-0.0981295118032062,-0.3203855063641228,-0.0983033935702358,0.2168447948921233,-0.465544413944737,-0.2232227447370457,-0.0671292081881787,0
A,core-2m/cross_sector_slide3m_bd7,core-12m/cross_sector_slide1m_bd7,0.1793011759137054,0.0170255628961911,0.0932766950158037,-0.1048495406600961,-0.2786667445717832,-0.0965729430795772,0.2280446369711639,-0.4642195622178018,-0.2073774973046519,-0.0688588310304595,0
A,core-2m/cross_sector_slide3m_bd7,sp500-12m/same_sector_slide3m_noscreen,0.4660183281516168,0.0606175864795682,0.1229348746690889,-0.1183111351628638,-0.1078877949202929,-0.0588231419648433,0.2257470652831106,-0.4662569145760421,-0.0046298295846091,-0.0290346994315825,0
A,core-2m/cross_sector_slide3m_bd7,sp500-12m/same_sector_slide3m_bd7,0.1676865470420495,0.0168909800560603,0.1037120144288536,-0.1100778088015748,-0.2172375318588053,-0.0872684405082327,0.2356523769099187,-0.4674443242451975,-0.1551030850463506,-0.0618352192352291,0
A,core-2m/cross_sector_slide3m_bd7,sp500-12m/same_sector_slide1m_noscreen,0.8131608574849479,0.0877042187035189,0.1084288813343932,-0.1092044943321994,-0.2868583948117227,-0.0912815909772502,0.2159866814624877,-0.4731737337436087,-0.1124540348211286,-0.0468563224411856,0
A,core-2m/cross_sector_slide3m_bd7,sp500-12m/same_sector_slide1m_bd7,0.1720083525683645,0.0183970245444689,0.0959265191242523,-0.1228641171863159,-0.2282567893151513,-0.0823433140245308,0.2209146405133891,-0.4655089032888706,-0.1618993480126469,-0.0572940356497395,0
A,core-2m/cross_sector_slide3m_bd7,sp500-12m/cross_sector_slide3m_noscreen,0.8308627664934142,0.095034706820131,0.1187219087672596,-0.0917688280467114,-0.2802440860762764,-0.0997655277197596,0.2337812471210033,-0.4872085008523649,-0.1107757088948346,-0.0531069444854781,0
A,core-2m/cross_sector_slide3m_bd7,sp500-12m/cross_sector_slide3m_bd7,0.9486105642246748,0.0842088369242722,0.1006931131449282,-0.0865561773673023,-0.0410198140787889,-0.0264192366046142,0.1757968405409631,-0.3550455994782937,0.0949382427860232,-0.000833020177132,0
A,core-2m/cross_sector_slide3m_bd7,sp500-12m/cross_sector_slide1m_noscreen,0.993621963253772,0.0912522490026244,0.0947708390128419,-0.0996464102782899,-0.077795663185899,-0.0507912479736283,0.2199899994678937,-0.4732101180785286,0.0585607286352278,-0.0153916978760482,0
A,core-2m/cross_sector_slide3m_bd7,sp500-12m/cross_sector_slide1m_bd7,0.5281407889946135,0.0406442739165728,0.0838804038231017,-0.0855749068571163,-0.0483816608390246,-0.0185548051392238,0.1404824134893273,-0.3070428095674442,0.0415805310433511,-0.0044283536963994,0
A,core-2m/cross_sector_slide1m_noscreen,core-2m/cross_sector_slide1m_bd7,0.9871277660892388,0.1089626082782996,0.1103912120646246,-0.1246095244790009,-0.2698731221142922,-0.0310916409271524,0.0978322628480671,-0.2247839578421323,0.0954986477324199,0.0042965855815314,0
A,core-2m/cross_sector_slide1m_noscreen,sp500-2m/same_sector_slide3m_noscreen,1.1015613704096234,0.1298231400036198,0.1124963141758242,-0.1321031746391389,0.0678374300810153,0.0021304123686474,0.0881525123746908,-0.222911884529276,0.3995698038910757,0.0346882827301945,0
A,core-2m/cross_sector_slide1m_noscreen,sp500-2m/same_sector_slide3m_bd7,1.554088527753078,0.158522306957578,0.0982562943282017,-0.0920011433295047,-0.2222929567852551,-0.0161106199848761,0.063910063161713,-0.2031878784028249,0.4042656814074633,0.0277420234246034,0
A,core-2m/cross_sector_slide1m_noscreen,sp500-2m/same_sector_slide1m_noscreen,1.0457414243047114,0.1063616346405158,0.1007517450657128,-0.1073949727719363,-0.2040225275688637,-0.0147366211352698,0.0630264179952886,-0.1840119471667649,0.2502289923998324,0.0161560119593319,0
A,core-2m/cross_sector_slide1m_noscreen,sp500-2m/same_sector_slide1m_bd7,1.6413918357375297,0.1773839560768423,0.1028641827855812,-0.0982463482070003,-0.4974284879719827,-0.0474700021783095,0.089202343046335,-0.2684212302669168,0.1350487703886156,0.0080543962710081,0
A,core-2m/cross_sector_slide1m_noscreen,sp500-2m/cross_sector_slide3m_noscreen,1.1569833417531046,0.1375384559465446,0.1167724202647559,-0.1165590906238722,-0.0536073473054706,-0.0122709815709358,0.1128879919178483,-0.169125906763679,0.2726179507179971,0.0249859471215624,0
A,core-2m/cross_sector_slide1m_noscreen,sp500-2m/cross_sector_slide3m_bd7,0.9082382706149325,0.0943250864760602,0.1041095559597811,-0.1047741935960487,0.4600532631203331,0.0341274926301526,0.07977867758696,-0.1230286158529855,0.5968066139983592,0.0493477841798851,0
A,core-2m/cross_sector_slide1m_noscreen,sp500-2m/cross_sector_slide1m_noscreen,1.479522977793321,0.16509578019629,0.1071102535590417,-0.1129885112092559,0.0269387250671746,-0.0007815481936945,0.0753052156162455,-0.1702343964251093,0.5108895842160011,0.0406088763146563,0
A,core-2m/cross_sector_slide1m_noscreen,sp500-2m/cross_sector_slide1m_bd7,1.5644976872161287,0.1725955894585697,0.1054150769448831,-0.0998509298912036,-0.2693723756972372,-0.0153589535279775,0.0523742436262155,-0.1574103261063912,0.4722736569416335,0.0312935404995085,0
A,core-2m/cross_sector_slide1m_noscreen,core-12m/same_sector_slide3m_noscreen,1.6328353709422554,0.138628496576405,0.0818620914190603,-0.0748531838205144,-0.5334830910011006,-0.0495069152482384,0.0874774855665604,-0.2584334045660651,0.0076247170939157,-0.0032124787715361,0
A,core-2m/cross_sector_slide1m_noscreen,core-12m/same_sector_slide3m_bd7,1.2217216524788412,0.1144937559049219,0.0894152839464115,-0.0908836683853947,-0.6208436310676417,-0.052580929612504,0.0812299368492295,-0.2698358703668198,-0.0954860045523928,-0.011070769685649,0
A,core-2m/cross_sector_slide1m_noscreen,core-12m/same_sector_slide1m_noscreen,1.5378649961973938,0.1335180692655114,0.083827018868066,-0.0846676545665252,-0.4361539916286428,-0.0403817668158821,0.0854903646403181,-0.2222939551243525,0.0778608409996045,0.0028240723698022,0
A,core-2m/cross_sector_slide1m_noscreen,core-12m/same_sector_slide1m_bd7,1.2487742943423352,0.129291106171581,0.1010489229378726,-0.1130305360340155,-0.782134166067785,-0.0439115948399921,0.0553884640071468,-0.2314799805009285,0.0196353083928076,-0.0011044467024217,0
A,core-2m/cross_sector_slide1m_noscreen,core-12m/cross_sector_slide3m_noscreen,1.0861206765680045,0.1296734660138576,0.1174535741227998,-0.1292778870829672,-1.0101549318414371,-0.1021803279342111,0.1013237897487058,-0.4442496045683747,-0.3892957662490129,-0.0458007629164693,0
A,core-2m/cross_sector_slide1m_noscreen,core-12m/cross_sector_slide3m_bd7,1.48434609508941,0.1496616630274312,0.0976462542640852,-0.1081913307456907,-0.6180096466364988,-0.0569707593232945,0.0881659279698612,-0.2886786531183043,-0.0210982056685634,-0.0062383000863442,0
A,core-2m/cross_sector_slide1m_noscreen,core-12m/cross_sector_slide1m_noscreen,1.473840513838415,0.1678813382225318,0.1092029514021404,-0.0947067492758947,-0.7484191365874099,-0.0569820376805915,0.0746047560497641,-0.294407387250346,0.0187795239956851,-0.0020536444539427,0
A,core-2m/cross_sector_slide1m_noscreen,core-12m/cross_sector_slide1m_bd7,1.3649282183868312,0.133427044590111,0.0949019747363393,-0.1107788074574581,-0.3658052267857747,-0.0237993398813346,0.0606923576434065,-0.169123479400823,0.2498057019806975,0.0153761412418081,0
A,core-2m/cross_sector_slide1m_noscreen,sp500-12m/same_sector_slide3m_noscreen,1.1646766079465056,0.1432856012249449,0.1219226022101118,-0.1032835811676597,-0.0329041209755443,-0.0105201672199899,0.11430365625223,-0.2663740013707992,0.2994506654498068,0.0282946478500027,0
A,core-2m/cross_sector_slide1m_noscreen,sp500-12m/same_sector_slide3m_bd7,1.227785773562763,0.1230955449672227,0.09982662431661,-0.1040027117563361,-0.165734783586864,-0.0208549592784293,0.0970366969775757,-0.2608355384050834,0.2076691621339194,0.0154241838506,0
A,core-2m/cross_sector_slide1m_noscreen,sp500-12m/same_sector_slide1m_noscreen,1.191889045150891,0.1304805374322368,0.1073863027816505,-0.0993209128296659,-0.0802637469707586,-0.0084446316006393,0.0726840307495078,-0.1385734539062502,0.3580456236864388,0.0267827493631546,0
A,core-2m/cross_sector_slide1m_noscreen,sp500-12m/same_sector_slide1m_bd7,1.034462533344556,0.0914988282552697,0.0880226013112923,-0.1030417724663766,-0.2700904568780308,-0.0174950383319042,0.0589027672824906,-0.1903669567382752,0.1829058426841042,0.0102024939738492,0
A,core-2m/cross_sector_slide1m_noscreen,sp500-12m/cross_sector_slide3m_noscreen,1.3643669300238266,0.1476284633321022,0.1065090590964546,-0.0857987631178545,-0.3597170571175361,-0.0462835241470599,0.1131510692126881,-0.3158395238077277,0.0717861162565488,0.0015423408107577,0
A,core-2m/cross_sector_slide1m_noscreen,sp500-12m/cross_sector_slide3m_bd7,1.410051266663027,0.1274673599986467,0.0895755681891103,-0.0872112898129426,0.0347613277463848,-0.0012308588178149,0.0904795866514896,-0.2393526400023824,0.3869887608307661,0.0312390294145046,0
A,core-2m/cross_sector_slide1m_noscreen,sp500-12m/cross_sector_slide1m_noscreen,1.6123161291827066,0.1623551520642151,0.0958724890189731,-0.0765703201085327,0.2037077763662494,0.0126793526183885,0.0762090816013663,-0.1721157697133112,0.6394746238660703,0.0502957031995365,0
A,core-2m/cross_sector_slide1m_noscreen,sp500-12m/cross_sector_slide1m_bd7,1.3929240095235478,0.1184020031668518,0.0826656148357949,-0.0819895993006637,0.4533252919673591,0.0254941827231243,0.0594832680159977,-0.1231709681543939,0.7567544987713812,0.049239618214601,0
A,core-2m/cross_sector_slide1m_bd7,sp500-2m/same_sector_slide3m_noscreen,0.3234168474792689,0.030849734475597,0.0954958995019054,-0.1182078699918924,0.1114734232649886,0.0055914538834944,0.0750569279337759,-0.1261258662765482,0.1856241718948711,0.0122830875321454,0
A,core-2m/cross_sector_slide1m_bd7,sp500-2m/same_sector_slide3m_bd7,0.4350673687585114,0.0327991735132907,0.0805849535026288,-0.076855605984539,0.0648314858353492,0.0020494662268322,0.0701847998215153,-0.1393593006624337,0.1739445562766682,0.0101048119898556,0
A,core-2m/cross_sector_slide1m_bd7,sp500-2m/same_sector_slide1m_noscreen,0.3689869111006562,0.0286783481834345,0.085171840838449,-0.1122233177406892,0.3152053581952906,0.0153602427446515,0.0527859933946562,-0.0609282876584938,0.3268492195635067,0.0188573287636248,0
A,core-2m/cross_sector_slide1m_bd7,sp500-2m/same_sector_slide1m_bd7,0.1771532075908904,0.0105483960390976,0.0757274344252205,-0.0868683552943344,-0.3168811479787317,-0.0313465571547898,0.0874978261646299,-0.189692163747475,-0.1987719422791678,-0.0203743646795945,0
A,core-2m/cross_sector_slide1m_bd7,sp500-2m/cross_sector_slide3m_noscreen,-0.0269678939305568,-0.0090267075905756,0.1110524988565966,-0.1555756760046517,0.2002843308147946,0.0167443626582035,0.1145177617804619,-0.154011110490751,0.1365964096579079,0.0092665406085683,0
A,core-2m/cross_sector_slide1m_bd7,sp500-2m/cross_sector_slide3m_bd7,-0.1354802237893956,-0.0160062139915535,0.0878597105638042,-0.1055513012288196,0.8018833413454219,0.059178037909692,0.0751811893147569,-0.0945621448898456,0.5219747216176823,0.038680336993242,0
A,core-2m/cross_sector_slide1m_bd7,sp500-2m/cross_sector_slide1m_noscreen,0.0521861680137111,0.0010226304096214,0.0883172472754053,-0.1140717415935774,0.2321903433313346,0.0139079620553546,0.0702087303177629,-0.1027601494302035,0.1751738319104528,0.0104299152867198,0
A,core-2m/cross_sector_slide1m_bd7,sp500-2m/cross_sector_slide1m_bd7,-0.1319802248034178,-0.0135562536048791,0.079755083166345,-0.0901207123970754,0.1655381187041177,0.0078778791779412,0.0577436073474469,-0.0950460667442123,0.0667190631981821,0.0022003030891999,0
A,core-2m/cross_sector_slide1m_bd7,core-12m/same_sector_slide3m_noscreen,-0.0518223643361934,-0.0035218529666674,0.0638455034482628,-0.0830772412514907,-0.2817461678485595,-0.0261382056456396,0.0812535152196538,-0.1701894121222419,-0.2288537671486125,-0.020566608127617,0
A,core-2m/cross_sector_slide1m_bd7,core-12m/same_sector_slide3m_bd7,0.2565738958117342,0.0149707804631885,0.0654440756246763,-0.0656301261681481,-0.3324128180217535,-0.0295048556466365,0.0796284950104134,-0.1751239427218206,-0.2033107709134548,-0.0184896136626614,0
A,core-2m/cross_sector_slide1m_bd7,core-12m/same_sector_slide1m_noscreen,0.054942091441217,0.0016398781024917,0.0676250249982551,-0.0816698018807555,-0.1926648197936595,-0.018391299108419,0.0787752143105835,-0.161866857401245,-0.1362994600149924,-0.013363067368645,0
A,core-2m/cross_sector_slide1m_bd7,core-12m/same_sector_slide1m_bd7,-0.0167851589161827,-0.0038536583554876,0.0744677274352525,-0.085370813152182,-0.3380360073414358,-0.0297624434546456,0.0791923539232877,-0.1689045585388411,-0.2605504146179148,-0.0233046850614675,0
A,core-2m/cross_sector_slide1m_bd7,core-12m/cross_sector_slide3m_noscreen,0.2107686185940833,0.0233784297718512,0.102976455385426,-0.1197803968302959,-0.5630641667313062,-0.0533960364292661,0.0897921108803303,-0.2689237338499556,-0.3263428994146268,-0.0339503683040147,0
A,core-2m/cross_sector_slide1m_bd7,core-12m/cross_sector_slide3m_bd7,0.4379420770207469,0.0308813363888496,0.0786133595878016,-0.0870098980679777,-0.3296483170701179,-0.0318585683467707,0.0860624881215539,-0.1890942564348973,-0.1482810404680518,-0.0161704654328931,0
A,core-2m/cross_sector_slide1m_bd7,core-12m/cross_sector_slide1m_noscreen,0.5701662524492352,0.0503065827185639,0.0924051673830882,-0.0965606788949302,-0.4508166328804274,-0.0308826343396226,0.0648221391699017,-0.1756534839535541,-0.1049035475289218,-0.0102812573180568,0
A,core-2m/cross_sector_slide1m_bd7,core-12m/cross_sector_slide1m_bd7,0.3462447243250228,0.0231623449511939,0.0731058611571865,-0.0894626798147804,-0.0740641725804968,-0.0057624478971609,0.0561350491320706,-0.1090153911151,0.057965951614957,0.0016624653136379,0
A,core-2m/cross_sector_slide1m_bd7,sp500-12m/same_sector_slide3m_noscreen,0.5263548877655008,0.0632377823800609,0.1073623714135802,-0.0871398566938975,0.1889190442393639,0.0141584999266632,0.1051906679311379,-0.1857529392282082,0.2969471710646088,0.0268564199541102,0
A,core-2m/cross_sector_slide1m_bd7,sp500-12m/same_sector_slide3m_bd7,0.4937139223733735,0.0360568085064765,0.0824406651461881,-0.0763061448438048,-0.0213375971632682,-0.006619158514219,0.0932662311666181,-0.1998531762444639,0.0977578881146427,0.0044506143708795,0
A,core-2m/cross_sector_slide1m_bd7,sp500-12m/same_sector_slide1m_noscreen,1.178348695883165,0.1201375255134227,0.1002207960134035,-0.0555903526432378,0.1372094661712738,0.0066113026722038,0.0621307383902428,-0.0977073483951601,0.5078850357309853,0.0356140926952691,0
A,core-2m/cross_sector_slide1m_bd7,sp500-12m/same_sector_slide1m_bd7,0.1395393100797963,0.0083292505135887,0.0801408013773397,-0.0877743990690414,0.1387873657471355,0.0059118068783901,0.0523987383441684,-0.0918912033900953,0.1355712367306911,0.0064390372774856,0
A,core-2m/cross_sector_slide1m_bd7,sp500-12m/cross_sector_slide3m_noscreen,0.7034417819398062,0.0712290453409125,0.1043992799264751,-0.0868768908890679,-0.1595846119837371,-0.0225217461183865,0.1055019362549756,-0.2321397020709014,0.0648437638502775,0.0011008361405624,0
A,core-2m/cross_sector_slide1m_bd7,sp500-12m/cross_sector_slide3m_bd7,0.773522308054132,0.0562172535632229,0.0818907599772392,-0.0819411468943653,0.215890609544733,0.0149668220027185,0.0882656644764946,-0.1871726266033772,0.3329734689637911,0.0249759768618543,0
A,core-2m/cross_sector_slide1m_bd7,sp500-12m/cross_sector_slide1m_noscreen,0.6943332061309451,0.0606046699502054,0.0905063589986152,-0.0981914097536083,0.2945019479123716,0.0229324117257996,0.0926046529749815,-0.170559176839062,0.3954184949070946,0.0324601572726324,0
A,core-2m/cross_sector_slide1m_bd7,sp500-12m/cross_sector_slide1m_bd7,0.5383512800624071,0.0354833153824929,0.0701972419493741,-0.0667911977421788,0.4099588434637076,0.020926035322526,0.0541467654382461,-0.1154079883359078,0.4409541629770418,0.0243635598719667,0
A,sp500-2m/same_sector_slide3m_noscreen,sp500-2m/same_sector_slide3m_bd7,0.2090995147633172,0.018534481429922,0.1117784931401146,-0.1641460247130476,0.0957592792692764,0.0046007914918417,0.0907633426280102,-0.2040701386284659,0.1358893116493312,0.0086184299813271,0
A,sp500-2m/same_sector_slide3m_noscreen,sp500-2m/same_sector_slide1m_noscreen,0.2172640431858835,0.0230626157984517,0.1079517398954043,-0.1817533013958139,0.1290217707161559,0.0074097204604866,0.0857148252330432,-0.2134310142139738,0.1662058196617745,0.0116162251518986,0
A,sp500-2m/same_sector_slide3m_noscreen,sp500-2m/same_sector_slide1m_bd7,0.3070886184711889,0.0297434070581031,0.0981074263154373,-0.1435806867411573,0.1283111556150144,0.0072040887444535,0.0817456516323613,-0.1649505772865573,0.194329233783822,0.0135628521708477,0
A,sp500-2m/same_sector_slide3m_noscreen,sp500-2m/cross_sector_slide3m_noscreen,0.4106129584379591,0.0475515482873769,0.133111862769529,-0.1574616235017904,0.1197164738830831,0.0072441687250059,0.1165481616603299,-0.2491091599722386,0.2053514989360921,0.0178312982664529,0
A,sp500-2m/same_sector_slide3m_noscreen,sp500-2m/cross_sector_slide3m_bd7,0.1855830196556064,0.0163950405238279,0.1046132033082508,-0.1443402783839608,0.6322402315894885,0.0591490765857571,0.0984648821308655,-0.1588618621965586,0.5164162701498753,0.0480717059219322,0
A,sp500-2m/same_sector_slide3m_noscreen,sp500-2m/cross_sector_slide1m_noscreen,0.8805414661933793,0.0914977354799563,0.1058426472951499,-0.0910126467486709,0.0029608556896601,-0.004443008416049,0.0978375668432819,-0.2899473325466507,0.2451962828983288,0.019782003892107,0
A,sp500-2m/same_sector_slide3m_noscreen,sp500-2m/cross_sector_slide1m_bd7,0.5365981168637939,0.0505010488285625,0.0962576755276453,-0.1110317999509435,0.1233414707825136,0.0064957908186362,0.0752668934371911,-0.1672099828181135,0.2540132167395543,0.0177409117314454,0
A,sp500-2m/same_sector_slide3m_noscreen,core-12m/same_sector_slide3m_noscreen,0.6611555970720814,0.0579550993100027,0.0817696543015339,-0.088668588391705,-0.4476616407949378,-0.0403469604161393,0.0841321614107496,-0.2630127592638703,-0.1493685182106438,-0.0153874688603374,0
A,sp500-2m/same_sector_slide3m_noscreen,core-12m/same_sector_slide3m_bd7,0.2242383622911949,0.0232756507005022,0.0927004672735749,-0.1255763039687744,-0.0546420931078856,-0.0075690747130695,0.0803875531247106,-0.1899062864778746,0.0413235346616049,0.000484282518024,0
A,sp500-2m/same_sector_slide3m_noscreen,core-12m/same_sector_slide1m_noscreen,0.4476848196546826,0.0396911011166333,0.0818652182586258,-0.0965805373411883,-0.3882629322818638,-0.0339915315407788,0.0807238720243825,-0.2537422390675035,-0.1548360581142514,-0.0152216658409823,0
A,sp500-2m/same_sector_slide3m_noscreen,core-12m/same_sector_slide1m_bd7,0.3297755318699197,0.0332236855608352,0.0907510944169533,-0.1127968934359691,0.1062059079961111,0.0050966569710648,0.0721318218027999,-0.1362176909159235,0.1833451671970238,0.0118307967253241,0
A,sp500-2m/same_sector_slide3m_noscreen,core-12m/cross_sector_slide3m_noscreen,0.6814953679961316,0.0838625839393823,0.1213400711665119,-0.1205422237796864,-0.3985016066399245,-0.0398007116799956,0.0914679980890344,-0.3205672437240222,-0.0448328281753864,-0.0086523545919157,0
A,sp500-2m/same_sector_slide3m_noscreen,core-12m/cross_sector_slide3m_bd7,0.4600322420754028,0.0387161022422551,0.0899707083859268,-0.1121867374432067,-0.2228044413387273,-0.0206540955785845,0.0795667969052056,-0.2130073739296534,-0.0235846769684348,-0.0051519816194393,0
A,sp500-2m/same_sector_slide3m_noscreen,core-12m/cross_sector_slide1m_noscreen,0.883172229456603,0.0960795648326126,0.1071209273694526,-0.0941892883862939,-0.1751877921317653,-0.0187831465684025,0.08684630181559,-0.2825935744984894,0.1501246548804177,0.0100051688924133,0
A,sp500-2m/same_sector_slide3m_noscreen,core-12m/cross_sector_slide1m_bd7,0.63214032682098,0.0562590786370949,0.0875161772510253,-0.0947169793371898,0.0045328492691382,-0.0022837618411024,0.0726416290402746,-0.1664062618560737,0.201155271890723,0.0130117319056531,0
A,sp500-2m/same_sector_slide3m_noscreen,sp500-12m/same_sector_slide3m_noscreen,0.5437902042129277,0.0769984169548176,0.1310572140706026,-0.1497248058458356,0.3867247274192082,0.0351458124828034,0.1029694621031857,-0.1929509182636026,0.4488875916125607,0.0456986718110023,0
A,sp500-2m/same_sector_slide3m_noscreen,sp500-12m/same_sector_slide3m_bd7,0.5103088063372849,0.05445318927629,0.1087315252655061,-0.1321205981091091,0.1092011002458388,0.0056966244967744,0.0848022632191627,-0.1692460741001606,0.2428842218805652,0.0186285474909289,0
A,sp500-2m/same_sector_slide3m_noscreen,sp500-12m/same_sector_slide1m_noscreen,0.7907347489371321,0.0908532755106261,0.1137676707298857,-0.099227565285175,0.4440419349654356,0.0350565345073319,0.0858529262689774,-0.1294344148529135,0.5577233670206527,0.0496718014431903,0
A,sp500-2m/same_sector_slide3m_noscreen,sp500-12m/same_sector_slide1m_bd7,0.134787456000758,0.0158582045975284,0.0959911505315142,-0.1527980954259677,0.0382012593248801,4.665483703125695e-05,0.0756767319016259,-0.1569585411613284,0.0843603231367828,0.0043550626348819,0
A,sp500-2m/same_sector_slide3m_noscreen,sp500-12m/cross_sector_slide3m_noscreen,1.0437816685896408,0.1158288957205111,0.1155229965680194,-0.1004413670607314,0.2861510741260131,0.0245258549214333,0.103223497275864,-0.2506881272150069,0.4868628882228455,0.0471422053091857,0
A,sp500-2m/same_sector_slide3m_noscreen,sp500-12m/cross_sector_slide3m_bd7,0.9142092249471836,0.0791050884767855,0.0955236385600982,-0.1048451594473829,0.2908848812520216,0.0242938727752337,0.1005217833736506,-0.2395486304201183,0.4293600142421422,0.0381258602887405,0
A,sp500-2m/same_sector_slide3m_noscreen,sp500-12m/cross_sector_slide1m_noscreen,0.9725985754766108,0.1011561411709513,0.1018447938376202,-0.1122135452189077,0.6810354012394636,0.0562409504069822,0.0857186320253216,-0.1470719425429876,0.7648393655402698,0.067445249223732,0
A,sp500-2m/same_sector_slide3m_noscreen,sp500-12m/cross_sector_slide1m_bd7,0.5142259034609269,0.0446232666136074,0.0891728888272961,-0.1132541248611528,0.1414779035720031,0.0077676918873255,0.0739278240078917,-0.1979358523401677,0.2524098946138398,0.0170364393705122,0
A,sp500-2m/same_sector_slide3m_bd7,sp500-2m/same_sector_slide1m_noscreen,0.3962690680181133,0.0265964402764568,0.0756090892568035,-0.1054620877151513,0.3501489924209451,0.0230646947687636,0.0726147320293974,-0.1691009947619682,0.3595552354563983,0.0239362541747308,0
A,sp500-2m/same_sector_slide3m_bd7,sp500-2m/same_sector_slide1m_bd7,0.330022336578923,0.0224529873652803,0.0696835886427992,-0.0806983616081429,0.2598401773631785,0.0148777651070119,0.0648987889118666,-0.1271541731202229,0.2867264710985691,0.0170941990172216,0
A,sp500-2m/same_sector_slide3m_bd7,sp500-2m/cross_sector_slide3m_noscreen,0.2966534124794552,0.0302326750355199,0.1098017680882532,-0.1359492241123757,0.2759106821876991,0.0233074843568525,0.1022078807550177,-0.1712667765812892,0.2857767635403209,0.0249882290490786,0
A,sp500-2m/same_sector_slide3m_bd7,sp500-2m/cross_sector_slide3m_bd7,0.061267536236339,0.0020413859486296,0.0870211005452269,-0.1012291604167332,0.7536910498995788,0.0666328184260687,0.0910280817468686,-0.1287641215458107,0.577891332129339,0.0491760108539724,0
A,sp500-2m/same_sector_slide3m_bd7,sp500-2m/cross_sector_slide1m_noscreen,0.6568321589712526,0.0538073643314076,0.0851927881253383,-0.0785802705825086,0.3363533695329174,0.0223314342083564,0.073674821358596,-0.1414690797379049,0.4265889089316095,0.0303528881906818,0
A,sp500-2m/same_sector_slide3m_bd7,sp500-2m/cross_sector_slide1m_bd7,0.2658084850587857,0.0142480819469534,0.0729559872979891,-0.0832414451226887,0.5214467517333532,0.030006734332407,0.0601531381154255,-0.1055996383406572,0.4358375740196801,0.0258100586602372,0
A,sp500-2m/same_sector_slide3m_bd7,core-12m/same_sector_slide3m_noscreen,0.3978492716966735,0.0260209652995532,0.0603776107500869,-0.0635138474234216,0.0066832490612924,-0.0014818834219326,0.0616994333831187,-0.1681660310639458,0.1120975472428841,0.0052346222480235,0
A,sp500-2m/same_sector_slide3m_bd7,core-12m/same_sector_slide3m_bd7,0.0303885901061696,0.0092364442939843,0.0603227943269184,-0.0770173341784154,0.24788781808688,0.0130588541622538,0.0594107813133391,-0.1049102068784113,0.2179118471112082,0.0118311283248836,0
A,sp500-2m/same_sector_slide3m_bd7,core-12m/same_sector_slide1m_noscreen,0.4862545906921804,0.0304847098381812,0.0563653810650267,-0.0585611412683855,0.0145293783339421,-0.0003621092953053,0.0451575937473046,-0.1374350149296626,0.1587009383677193,0.0068255205784459,0
A,sp500-2m/same_sector_slide3m_bd7,core-12m/same_sector_slide1m_bd7,-0.0840674514891709,-0.0013266548158219,0.0582808642144679,-0.0779602461600472,0.2605457397445699,0.0125469013393262,0.0532684863787499,-0.1058650395412853,0.1841339110977772,0.0088698404335646,0
A,sp500-2m/same_sector_slide3m_bd7,core-12m/cross_sector_slide3m_noscreen,0.3828111489011441,0.0523619091772594,0.1076715108434423,-0.1164282284256493,-0.4681688794719322,-0.03582875385331,0.0723418932302918,-0.2801110426486268,-0.1453196985039088,-0.0136025905297306,0
A,sp500-2m/same_sector_slide3m_bd7,core-12m/cross_sector_slide3m_bd7,0.4211260342760787,0.0282161552517977,0.0711002307112625,-0.0812761135865601,0.0370512613818004,0.0004676230311941,0.0580310807645771,-0.1172104086267628,0.1555985104853319,0.0077795201232956,0
A,sp500-2m/same_sector_slide3m_bd7,core-12m/cross_sector_slide1m_noscreen,0.5964540677602335,0.0518768447080174,0.0903624451992688,-0.0961984488458787,-0.1884299869732777,-0.0128918253956923,0.0594917130373781,-0.1979171352552013,0.086037394391189,0.0036739247159622,0
A,sp500-2m/same_sector_slide3m_bd7,core-12m/cross_sector_slide1m_bd7,0.4399311453150377,0.0304092093265324,0.0717023079566409,-0.0764570760696473,0.293033511930732,0.0139747176778961,0.0519487678774858,-0.1025592458927597,0.3400927339433674,0.0182420063368211,0
A,sp500-2m/same_sector_slide3m_bd7,sp500-12m/same_sector_slide3m_noscreen,0.8157534423445757,0.1025696287316799,0.1151661216789028,-0.0949760504735932,0.7089123504633268,0.0629056357750894,0.0920304557113046,-0.1380736415650737,0.7554371607895697,0.0732132277352037,0
A,sp500-2m/same_sector_slide3m_bd7,sp500-12m/same_sector_slide3m_bd7,0.6680829488152482,0.055577536781476,0.0897326193172206,-0.0775546990762267,0.444622383114202,0.0282703768523877,0.0679002564599767,-0.1402468944582935,0.5130865600788612,0.0357500383743743,0
A,sp500-2m/same_sector_slide3m_bd7,sp500-12m/same_sector_slide1m_noscreen,0.975592886807816,0.094662123626683,0.0960477276018985,-0.0614556741820888,0.4329543137552977,0.0284463258999954,0.0705285466668386,-0.1113074843464941,0.609127623337733,0.0457224149354385,0
A,sp500-2m/same_sector_slide3m_bd7,sp500-12m/same_sector_slide1m_bd7,0.5054803323374346,0.0380430435471245,0.0757498340170739,-0.0773429030398333,0.4092029624469549,0.0215801869030889,0.056018550726279,-0.0975117823522858,0.4393694226413036,0.0257838147181277,0
A,sp500-2m/same_sector_slide3m_bd7,sp500-12m/cross_sector_slide3m_noscreen,1.2023936730566636,0.1282242216383423,0.1069742230560003,-0.0751615883535089,-0.0784820884185989,-0.0117622262405029,0.0939762046188927,-0.2698001451957441,0.2777434179910842,0.022535553968205,0
A,sp500-2m/same_sector_slide3m_bd7,sp500-12m/cross_sector_slide3m_bd7,1.2593164665826913,0.0983155830042581,0.082409208037125,-0.0613418523057607,0.1892137900299231,0.013073330238372,0.0925159953691303,-0.2139349014120758,0.4122762042682777,0.0332376189868683,0
A,sp500-2m/same_sector_slide3m_bd7,sp500-12m/cross_sector_slide1m_noscreen,1.3093473002632088,0.1140721306027535,0.0837321216166324,-0.0660724814395069,0.2491696466464421,0.0145093102014994,0.066798416658149,-0.1722380417150454,0.5750271393532763,0.0395935940021392,0
A,sp500-2m/same_sector_slide3m_bd7,sp500-12m/cross_sector_slide1m_bd7,0.9120234807041424,0.0627582272407539,0.0674701049874032,-0.0584914392138885,0.3348846384013695,0.0178328102621827,0.0578014175445725,-0.1517923238574446,0.5000139465801042,0.0289401182731319,0
A,sp500-2m/same_sector_slide1m_noscreen,sp500-2m/same_sector_slide1m_bd7,0.4341366910046977,0.0283448446042378,0.0670958750943531,-0.1066386940707378,0.1100593410639818,0.0049010788165977,0.0616303798775477,-0.1361079873807844,0.2073142156910314,0.0112708157893402,0
A,sp500-2m/same_sector_slide1m_noscreen,sp500-2m/cross_sector_slide3m_noscreen,0.4488383461468896,0.0477309718813346,0.1179352058846906,-0.1475065488406162,0.3225509442664176,0.0271339248025501,0.0977828874282964,-0.1598899569727522,0.3604266156480877,0.0325608593778162,0
A,sp500-2m/same_sector_slide1m_noscreen,sp500-2m/cross_sector_slide3m_bd7,0.0021853954900075,0.0011817285290371,0.0849793871798003,-0.1348607662024574,0.8518885975456495,0.0694280413262551,0.082782540701197,-0.0841217921261504,0.630494685515936,0.0506988023208884,0
A,sp500-2m/same_sector_slide1m_noscreen,sp500-2m/cross_sector_slide1m_noscreen,0.6011345609296043,0.0575668052544115,0.1016725077889222,-0.1116673875271966,-0.1709263949055604,-0.0146064857808655,0.0712583095142765,-0.1908325318153069,0.0919604469352727,0.0041888274918779,0
A,sp500-2m/same_sector_slide1m_noscreen,sp500-2m/cross_sector_slide1m_bd7,0.2787998068528378,0.0191755735558866,0.0785320511849466,-0.1177435325572733,0.3084812484095443,0.0155336124976201,0.0548334434985881,-0.0832622067583322,0.2957369445413654,0.016595518496649,0
A,sp500-2m/same_sector_slide1m_noscreen,core-12m/same_sector_slide3m_noscreen,0.4022655050194535,0.0208103611023826,0.0560073378806729,-0.0768460657117007,-0.2857078497027581,-0.0187051914334355,0.0598304884648746,-0.1828661637021981,-0.1119337533849746,-0.0082660856261975,0
A,sp500-2m/same_sector_slide1m_noscreen,core-12m/same_sector_slide3m_bd7,-0.1226540754685384,-0.0062415424531637,0.0543434505005501,-0.1153466331465922,-0.090184705224233,-0.0058221634576877,0.050565881932506,-0.1288962270398267,-0.0915194651787346,-0.005929876812899,0
A,sp500-2m/same_sector_slide1m_noscreen,core-12m/same_sector_slide1m_noscreen,0.7223809344606722,0.0367252921552776,0.0524633363236794,-0.0593955739733186,-0.2983547173113925,-0.0187514189384668,0.057842725054135,-0.1654549010486895,-0.0466327438287341,-0.0041960216315509,0
A,sp500-2m/same_sector_slide1m_noscreen,core-12m/same_sector_slide1m_bd7,-0.0073477780845494,-0.0018805113445988,0.053719147724017,-0.1083555471493736,-0.0124261173791611,-0.00182831561531,0.0493225176498604,-0.1024343743621279,-0.012863373623578,-0.001903927895208,0
A,sp500-2m/same_sector_slide1m_noscreen,core-12m/cross_sector_slide3m_noscreen,0.6107597208206427,0.0644557784758057,0.1088466488171184,-0.1267993108905002,-0.2276897523819941,-0.019036723455745,0.0727869385668229,-0.24041906665926,0.069483665291358,0.0026833060183138,0
A,sp500-2m/same_sector_slide1m_noscreen,core-12m/cross_sector_slide3m_bd7,0.5812824972819816,0.0423382190152611,0.0856732107259022,-0.1271013613419303,-0.1054720718619976,-0.0075330476184667,0.0565382241621275,-0.1304565741377219,0.1229122815974779,0.0055976794901135,0
A,sp500-2m/same_sector_slide1m_noscreen,core-12m/cross_sector_slide1m_noscreen,0.8601464007761156,0.0798927346272242,0.0944020759999334,-0.0932133381179976,0.0365621725743833,0.0001971928311446,0.0673430914072523,-0.1675003977231317,0.3105195682008778,0.0208185209204986,0
A,sp500-2m/same_sector_slide1m_noscreen,core-12m/cross_sector_slide1m_bd7,0.7325348244024226,0.0529114836158471,0.0739675806236695,-0.0840506472209567,-0.0087293565635811,-0.0017373182186164,0.0508886108325609,-0.1320334700225883,0.2447072326193554,0.0126068667218823,0
A,sp500-2m/same_sector_slide1m_noscreen,sp500-12m/same_sector_slide3m_noscreen,0.4889073476715731,0.059199180674326,0.1145241684950764,-0.1390122375417771,0.4136481763291663,0.0331976773220241,0.0884130823056651,-0.176767771770076,0.4432004938620518,0.0395372806272288,0
A,sp500-2m/same_sector_slide1m_noscreen,sp500-12m/same_sector_slide3m_bd7,0.3780755892313988,0.0275269221169981,0.0828416526851246,-0.1350331491642216,0.1331883437293071,0.0065194128414876,0.0644320680363171,-0.1462810573179622,0.2091371333955369,0.0121595731532673,0
A,sp500-2m/same_sector_slide1m_noscreen,sp500-12m/same_sector_slide1m_noscreen,1.057182350054772,0.1079658376349575,0.101358662243486,-0.0674330937327947,0.4521639889683124,0.0292517957021667,0.069050456848573,-0.0890848328257836,0.6522679462416341,0.0496480376128243,0
A,sp500-2m/same_sector_slide1m_noscreen,sp500-12m/same_sector_slide1m_bd7,0.3156046283479203,0.0218055082973367,0.0746303889275575,-0.1351745969940161,0.2010674741159931,0.0101230973413881,0.0586793217004497,-0.0757924625917445,0.2377192949873351,0.013218513145604,0
A,sp500-2m/same_sector_slide1m_noscreen,sp500-12m/cross_sector_slide3m_noscreen,0.9636604417789592,0.0975544499411285,0.1039411680677127,-0.084812835903882,0.2860636380907863,0.0210745466871953,0.08579051837966,-0.2148154642227208,0.4858980261792375,0.0408469237965934,0
A,sp500-2m/same_sector_slide1m_noscreen,sp500-12m/cross_sector_slide3m_bd7,1.0712406088977229,0.080723751270801,0.0804439023400803,-0.0869947954151186,0.1869188523830802,0.012420127906759,0.0876288718132219,-0.23482671358855,0.3905645831095686,0.0299579145059429,0
A,sp500-2m/same_sector_slide1m_noscreen,sp500-12m/cross_sector_slide1m_noscreen,1.0593203955612258,0.0962346704863743,0.0885217363282922,-0.0810955004501778,0.7216647846367115,0.0472173133312234,0.067053814170539,-0.1246272205744034,0.8220691203493111,0.0595192890488708,0
A,sp500-2m/same_sector_slide1m_noscreen,sp500-12m/cross_sector_slide1m_bd7,0.5041020860930437,0.0345341361930403,0.0702974981716997,-0.0878277432286094,0.1678114411754624,0.0083637608351694,0.0606556558232289,-0.1770152599090315,0.2660682731141859,0.0150459727199241,0
A,sp500-2m/same_sector_slide1m_bd7,sp500-2m/cross_sector_slide3m_noscreen,-0.0071013631770176,-0.0074510401662541,0.1164853305337074,-0.1389772123955233,0.5094939119443339,0.0474359447008132,0.1008316659887983,-0.1541015456935491,0.355787580555935,0.0324687620907992,0
A,sp500-2m/same_sector_slide1m_bd7,sp500-2m/cross_sector_slide3m_bd7,-0.5312723089401837,-0.0415503113748569,0.0803430788815709,-0.1102089543768462,0.8425881451864903,0.064817293332309,0.0781194407103005,-0.0729934190364132,0.4757309040801176,0.0351960070865376,0
A,sp500-2m/same_sector_slide1m_bd7,sp500-2m/cross_sector_slide1m_noscreen,0.24314877813532,0.018665268232628,0.0934386497634904,-0.1004276360657964,-0.1002408432285314,-0.0081090909235364,0.0620785537246326,-0.138437395127055,0.0207711424801714,-0.0010499899790378,0
A,sp500-2m/same_sector_slide1m_bd7,sp500-2m/cross_sector_slide1m_bd7,-0.4235202542331004,-0.0318323624824841,0.0705721545177027,-0.1025235623164309,0.2120224253379897,0.0090774373236268,0.0480443579832936,-0.0690240744303755,-0.0060994410935418,-0.0018180807232315,0
A,sp500-2m/same_sector_slide1m_bd7,core-12m/same_sector_slide3m_noscreen,-0.1277887417773447,-0.0056691146496531,0.0437942383191212,-0.0610673560886814,-0.667911473953529,-0.0273222974360251,0.0402591603623311,-0.176587365180157,-0.51080179452204,-0.0215966750709935,0
A,sp500-2m/same_sector_slide1m_bd7,core-12m/same_sector_slide3m_bd7,-0.3301221660224127,-0.0129824570695016,0.035608807765694,-0.0669019101026573,-0.4252420021710743,-0.0161728826778161,0.0367512003392098,-0.1014719191039075,-0.402664300472312,-0.015311273333817,0
A,sp500-2m/same_sector_slide1m_bd7,core-12m/same_sector_slide1m_noscreen,0.033803098293103,0.000907551015316,0.0380275640739284,-0.0411063650272126,-0.5490477664467375,-0.0205238809395302,0.0365516944022828,-0.1392272270260391,-0.3899501298949196,-0.0149489054021437,0
A,sp500-2m/same_sector_slide1m_bd7,core-12m/same_sector_slide1m_bd7,-0.7636251717326041,-0.0255979817789117,0.0341485248968729,-0.07319553584623,-0.3017808265334473,-0.0096601361051245,0.0306133256252082,-0.0726499551194063,-0.4268141713217602,-0.0138442759827732,0
A,sp500-2m/same_sector_slide1m_bd7,core-12m/cross_sector_slide3m_noscreen,0.3958543071730517,0.0425867341673804,0.1030999324482622,-0.1165718995494925,-0.6472245098801688,-0.0356672057822003,0.0538678008868364,-0.2147219412117573,-0.2039569109513842,-0.0156388149431497,0
A,sp500-2m/same_sector_slide1m_bd7,core-12m/cross_sector_slide3m_bd7,0.2404281951272542,0.0110807930183253,0.0786423872766438,-0.1061704685647617,-0.2552225620396597,-0.0136339235781351,0.0490692278092011,-0.1446145385063766,-0.0824456721949709,-0.0070723681640266,0
A,sp500-2m/same_sector_slide1m_bd7,core-12m/cross_sector_slide1m_noscreen,0.5751965940991284,0.0468662638137141,0.0857476901791843,-0.0924013600134196,-0.3535998897571754,-0.0190483969479949,0.0507476230896485,-0.1718377085693064,-0.0017368076613668,-0.0020162267450062,0
A,sp500-2m/same_sector_slide1m_bd7,core-12m/cross_sector_slide1m_bd7,0.3079245536718482,0.0181680431510258,0.0658982257315079,-0.0749313030662599,-0.0833262483728057,-0.0044018359383807,0.0422425651966122,-0.1084678166481756,0.0595355499802504,0.0017211088929354,0
A,sp500-2m/same_sector_slide1m_bd7,sp500-12m/same_sector_slide3m_noscreen,0.3716511848702988,0.0465910500616619,0.1119719276090618,-0.1168700590307553,0.4963962869362852,0.0395517375843772,0.085523896269199,-0.1382509810717748,0.462178668572879,0.0406534679016067,0
A,sp500-2m/same_sector_slide1m_bd7,sp500-12m/same_sector_slide3m_bd7,0.3042302909677998,0.0201767884883809,0.0734979226527894,-0.0925759387164694,-0.0301361636168701,-0.0036555462697758,0.0604737732353557,-0.1437078477518706,0.0757828489133125,0.0028460057833353,0
A,sp500-2m/same_sector_slide1m_bd7,sp500-12m/same_sector_slide1m_noscreen,0.8468366716578999,0.0797966375625844,0.095636020452823,-0.0799896459274114,0.1114315290331097,0.0049456162497352,0.0610176689902707,-0.0956161434887532,0.3702329243665226,0.0243683781414854,0
A,sp500-2m/same_sector_slide1m_bd7,sp500-12m/same_sector_slide1m_bd7,0.2942578298859228,0.0181786512344916,0.0690443266725563,-0.0917738440515547,0.0809113969976943,0.0027813889338244,0.0495315280738275,-0.0712339697459308,0.1518292787040582,0.0069165675134474,0
A,sp500-2m/same_sector_slide1m_bd7,sp500-12m/cross_sector_slide3m_noscreen,0.8883183248628289,0.0832614453819056,0.0969861783846,-0.0748540902258849,-0.1719551596885656,-0.0220858862181808,0.0997526083499553,-0.3158234449725515,0.0975040896569734,0.0046312566366425,0
A,sp500-2m/same_sector_slide1m_bd7,sp500-12m/cross_sector_slide3m_bd7,1.1401090307531745,0.0728474107887037,0.0706205054314398,-0.0516286421723478,-0.0286027342531503,-0.0061903370180147,0.0845909581137597,-0.2418068238384064,0.2156204544538797,0.013922912267797,0
A,sp500-2m/same_sector_slide1m_bd7,sp500-12m/cross_sector_slide1m_noscreen,1.3487293088033825,0.1145580562827089,0.0816474219859223,-0.0494313727648113,0.0773642407260378,0.0028610302566947,0.0617211214126025,-0.1803767490352888,0.4869096616401058,0.0312812056487578,0
A,sp500-2m/same_sector_slide1m_bd7,sp500-12m/cross_sector_slide1m_bd7,0.9400499578505974,0.0564652147240511,0.0599002861935176,-0.0410923399645089,0.0906489685685258,0.0032683518180036,0.0497772026632738,-0.1384349319927391,0.3456511051633214,0.0169886156734626,0
A,sp500-2m/cross_sector_slide3m_noscreen,sp500-2m/cross_sector_slide3m_bd7,0.2082234842237348,0.016792348784904,0.1413451535660995,-0.1344594964197392,0.9123069459424386,0.1203959603106654,0.1341704942665817,-0.1101942863057896,0.7298504816689554,0.0942577565220329,0
A,sp500-2m/cross_sector_slide3m_noscreen,sp500-2m/cross_sector_slide1m_noscreen,0.2885614383317461,0.0286560131921099,0.125009689769281,-0.1235433292217939,0.3786341817639848,0.0380176481044669,0.1161917601338831,-0.1881264577316641,0.3530779712264875,0.0355113810140982,0
A,sp500-2m/cross_sector_slide3m_noscreen,sp500-2m/cross_sector_slide1m_bd7,0.0836054572436497,-0.000589432003274,0.1224579797271377,-0.1413737187491804,0.4654623167244339,0.0491164210745478,0.1172835679822822,-0.1598681436594876,0.3593301454877647,0.0361851372226259,0
A,sp500-2m/cross_sector_slide3m_noscreen,core-12m/same_sector_slide3m_noscreen,0.1853111483773191,0.0099588277292451,0.1082223475886793,-0.1188045744679883,-0.0164853559879194,-0.0068659994275287,0.1024974581648079,-0.2376974379675077,0.0230358200639567,-0.0032444139962554,0
A,sp500-2m/cross_sector_slide3m_noscreen,core-12m/same_sector_slide3m_bd7,0.2116826776862446,0.0068864541185921,0.1107797457854152,-0.1438220019245504,0.3822879159488049,0.0388104905853088,0.1167916729281278,-0.1233127315105544,0.317721689478993,0.0301169200252083,0
A,sp500-2m/cross_sector_slide3m_noscreen,core-12m/same_sector_slide1m_noscreen,0.1719539116662648,0.0095134920470152,0.0992802165220518,-0.1187470776872539,0.1285434501471481,0.0078303188739747,0.0965228863895135,-0.1788900744057813,0.1338670497381305,0.0081643658072757,0
A,sp500-2m/cross_sector_slide3m_noscreen,core-12m/same_sector_slide1m_bd7,-0.0086390658896592,-0.0108350279379238,0.1118470848332722,-0.1539728323714829,0.0579987545290341,0.0015819765339937,0.0732564740034204,-0.1253434522076172,0.0233605442740829,-0.0021059537703396,0
A,sp500-2m/cross_sector_slide3m_noscreen,core-12m/cross_sector_slide3m_noscreen,0.4838200770526328,0.0574250388100725,0.1252702400273751,-0.1259350396476865,-0.0862236477927187,-0.0154465073575691,0.1105819969620784,-0.2058135873422935,0.0728051631897843,0.0021085705810216,0
A,sp500-2m/cross_sector_slide3m_noscreen,core-12m/cross_sector_slide3m_bd7,0.3756598127680027,0.0245794049840194,0.1139743650098885,-0.1203687903888215,0.0649962756792037,0.0014022173196224,0.1049566827272408,-0.1614209514691937,0.1219352105287739,0.0065847375124391,0
A,sp500-2m/cross_sector_slide3m_noscreen,core-12m/cross_sector_slide1m_noscreen,0.578507379232033,0.0662481657532752,0.1214182696974587,-0.1068033554013473,-0.1237536460416535,-0.0178017207746286,0.1028331203803845,-0.2522379545643449,0.0798979360546604,0.0029792014015892,0
A,sp500-2m/cross_sector_slide3m_noscreen,core-12m/cross_sector_slide1m_bd7,0.2563524913027884,0.0224882142373565,0.1078362151402533,-0.128375692343658,-0.0866890864739338,-0.0113795072804805,0.0879433603489833,-0.1658167072876986,0.014283602543464,-0.0029535376293508,0
A,sp500-2m/cross_sector_slide3m_noscreen,sp500-12m/same_sector_slide3m_noscreen,0.6254625347678784,0.0805594102182775,0.1297410344817576,-0.1400961017041797,0.6805638955901068,0.0784503481688072,0.1217490315232797,-0.1617066030287727,0.6733029406672115,0.0790915459239338,0
A,sp500-2m/cross_sector_slide3m_noscreen,sp500-12m/same_sector_slide3m_bd7,0.3183162314590366,0.0309603821830587,0.106561912834467,-0.1270490361833618,0.5727507010076839,0.0521384571829197,0.0968982043397174,-0.1542608349013751,0.5080623930611534,0.0467897191273644,0
A,sp500-2m/cross_sector_slide3m_noscreen,sp500-12m/same_sector_slide1m_noscreen,0.7531754018464858,0.0808301157629292,0.1114800954466314,-0.0973809797750779,0.5798623521271449,0.058067957748467,0.107152115508518,-0.1549215340582782,0.6263872134713859,0.0639669783968518,0
A,sp500-2m/cross_sector_slide3m_noscreen,sp500-12m/same_sector_slide1m_bd7,0.2961277440784762,0.0260934704687137,0.0940639633178184,-0.1328167746725642,0.382799550312342,0.0298099033862386,0.0864710395645377,-0.1235615427051258,0.3597701084081007,0.0285175904833621,0
A,sp500-2m/cross_sector_slide3m_noscreen,sp500-12m/cross_sector_slide3m_noscreen,0.6216391404426781,0.0731691984480462,0.1248977825691158,-0.0992570766042253,0.1000378625159834,0.0049887515299824,0.1085610559052066,-0.178266542924835,0.2482647032757526,0.022012938148168,0
A,sp500-2m/cross_sector_slide3m_noscreen,sp500-12m/cross_sector_slide3m_bd7,0.5984491905132008,0.0526612581631694,0.0991812726531059,-0.1228215745416195,0.3554279849823262,0.0298703547337237,0.0964780343062481,-0.1806079571331003,0.4015491873301074,0.034764823277492,0
A,sp500-2m/cross_sector_slide3m_noscreen,sp500-12m/cross_sector_slide1m_noscreen,0.9153800200425878,0.089891426069094,0.1011329385029636,-0.0917676253800245,0.5225402244591162,0.044321393735365,0.0908971244706198,-0.157060765520937,0.6255096401153295,0.0556027154216413,0
A,sp500-2m/cross_sector_slide3m_noscreen,sp500-12m/cross_sector_slide1m_bd7,0.400043764812801,0.0308799800540961,0.0892000694857882,-0.1152302523840922,0.5921354754501251,0.0413659278481062,0.0729467322408688,-0.065081633668661,0.5242944096047273,0.0381960406928741,0
A,sp500-2m/cross_sector_slide3m_bd7,sp500-2m/cross_sector_slide1m_noscreen,0.1783104754728019,0.0128250754451951,0.1011609198051222,-0.1175399366414063,0.699682579739372,0.061362871431448,0.0909496977552569,-0.0914770419605046,0.5537496504170276,0.0486668232712849,0
A,sp500-2m/cross_sector_slide3m_bd7,sp500-2m/cross_sector_slide1m_bd7,-0.5357981619868842,-0.0505687531536711,0.0925778365962775,-0.1221217073791672,0.6770817312422859,0.0488803714839198,0.0745622952353875,-0.078099936461078,0.331639299778077,0.0235364332007841,0
A,sp500-2m/cross_sector_slide3m_bd7,core-12m/same_sector_slide3m_noscreen,-0.5465774411723039,-0.0415701379574704,0.0756799243218744,-0.1125505624422587,0.7556620730328356,0.0629854941274166,0.0856300549014762,-0.0928379796725951,0.4874024141170114,0.0380051896561592,0
A,sp500-2m/cross_sector_slide3m_bd7,core-12m/same_sector_slide3m_bd7,-0.5225985644396631,-0.0506562916942375,0.0821692522615246,-0.1028887067628349,0.7879079800027526,0.0639521402272131,0.0829930747413238,-0.0808638668726859,0.4783486981060205,0.0364561770707374,0
A,sp500-2m/cross_sector_slide3m_bd7,core-12m/same_sector_slide1m_noscreen,-0.5606656635815026,-0.0422238308913197,0.0729307895375264,-0.10080436080013,0.8137280751257978,0.063708122170585,0.0797645765867878,-0.0790546020691289,0.5221339483294278,0.0385699067591181,0
A,sp500-2m/cross_sector_slide3m_bd7,core-12m/same_sector_slide1m_bd7,-0.9253975048633748,-0.0628912905353669,0.0777785398636258,-0.1187258270685707,0.7053403480791134,0.0527557919414414,0.0770366318861842,-0.0731778819610984,0.3489015754944035,0.0248262483391828,0
A,sp500-2m/cross_sector_slide3m_bd7,core-12m/cross_sector_slide3m_noscreen,0.3010128412563244,0.03339832097659,0.1208972307423136,-0.1286896353480817,0.2489121855007314,0.0182215284557745,0.0879136104412614,-0.2157670672616624,0.2680727271146476,0.0218851175776135,0
A,sp500-2m/cross_sector_slide3m_bd7,core-12m/cross_sector_slide3m_bd7,0.0742122410366468,-0.0044798139197303,0.0970786310084067,-0.1074899110108348,0.7333022550112436,0.0606591159597531,0.0852057050251761,-0.1014861907241561,0.537473256709792,0.0438874557164606,0
A,sp500-2m/cross_sector_slide3m_bd7,core-12m/cross_sector_slide1m_noscreen,0.3512862142492456,0.030040504438259,0.0969809029747002,-0.0944942308823884,0.6130176158007257,0.0464902633744497,0.0791811017230549,-0.0924256568014356,0.5320022630073131,0.0420779762248866,0
A,sp500-2m/cross_sector_slide3m_bd7,core-12m/cross_sector_slide1m_bd7,0.0665823393685323,0.0019972267378758,0.0791114176473699,-0.0876243494502567,0.4675405634302154,0.0329284748497955,0.0752684123443771,-0.1018856925797534,0.3608800406191603,0.0249299792610726,0
A,sp500-2m/cross_sector_slide3m_bd7,sp500-12m/same_sector_slide3m_noscreen,0.5014874003265677,0.0685888802059664,0.1298047861027162,-0.1309974953213299,0.8702887436609315,0.0824260214168355,0.0963026025187889,-0.1508324223913307,0.7629073167921032,0.0788493057011125,0
A,sp500-2m/cross_sector_slide3m_bd7,sp500-12m/same_sector_slide3m_bd7,0.0023779793429765,-0.0033496961656603,0.0912078626767605,-0.1045207979654332,0.9754002279519424,0.075950209777418,0.0781762059249326,-0.0754932726288284,0.7054285539652974,0.0557486771588618,0
A,sp500-2m/cross_sector_slide3m_bd7,sp500-12m/same_sector_slide1m_noscreen,0.894377784841412,0.089295787152436,0.1012314965030165,-0.0686539983906123,0.7825039526585265,0.0623907199738689,0.0815568103313777,-0.1108949574956539,0.8128258042982991,0.0694003618357793,0
A,sp500-2m/cross_sector_slide3m_bd7,sp500-12m/same_sector_slide1m_bd7,0.1763954448189419,0.0116965922486278,0.075353320025305,-0.0924906048851019,0.975268403889201,0.0764866228012708,0.0787177662119641,-0.0778613639372547,0.7711486601297535,0.0587643714723073,0
A,sp500-2m/cross_sector_slide3m_bd7,sp500-12m/cross_sector_slide3m_noscreen,0.7654000124598724,0.0805545717030085,0.1109832453898621,-0.0827800547111499,0.3700088415253045,0.0297935617585776,0.0903914563392564,-0.1672717988842409,0.4787900796966179,0.0422443762011896,0
A,sp500-2m/cross_sector_slide3m_bd7,sp500-12m/cross_sector_slide3m_bd7,0.7574265787529206,0.0561607946883489,0.0900656045076573,-0.0839278415722856,0.515335165376134,0.0454384406579202,0.095537538479367,-0.1698028014984255,0.5500837107556702,0.0480000553873916,0
A,sp500-2m/cross_sector_slide3m_bd7,sp500-12m/cross_sector_slide1m_noscreen,1.0936916085691974,0.094461930153713,0.0860309331499878,-0.0554134155520368,1.1222203409030462,0.090980475319411,0.0804611502733798,-0.0895297414049307,1.1113633526286524,0.0916796642054201,0
A,sp500-2m/cross_sector_slide3m_bd7,sp500-12m/cross_sector_slide1m_bd7,0.606371390235947,0.040870299806276,0.0715295064712165,-0.0641701036110213,1.0450675187239946,0.0792627120513131,0.075707497910065,-0.073592447460427,0.9347040267331648,0.0692780743600874,0
A,sp500-2m/cross_sector_slide1m_noscreen,sp500-2m/cross_sector_slide1m_bd7,0.4490182507745048,0.039464011277897,0.0951813909455617,-0.095456173845923,0.1649928277448636,0.0091907014604861,0.0702457147747087,-0.1166923491925956,0.2524205035314893,0.0167328718915578,0
A,sp500-2m/cross_sector_slide1m_noscreen,core-12m/same_sector_slide3m_noscreen,0.4486529504579427,0.0290145164282918,0.070420751848347,-0.0883359078564866,0.1339844979717364,0.0072575067542401,0.0744400173982221,-0.1438493256228723,0.2090345982052319,0.0127355894508397,0
A,sp500-2m/cross_sector_slide1m_noscreen,core-12m/same_sector_slide3m_bd7,0.6101288042700965,0.0327188877719415,0.0615149144271304,-0.0715895519714249,0.1004506107642224,0.0044241200854737,0.064256399818228,-0.1216237153747814,0.2136920679193046,0.0115268466302211,0
A,sp500-2m/cross_sector_slide1m_noscreen,core-12m/same_sector_slide1m_noscreen,0.6149000042597419,0.0389932082036414,0.0647556855934719,-0.0675794965398801,-0.2107358379992798,-0.0148382947208841,0.0618887339008814,-0.1575553801278419,0.0074867318812516,-0.0014446269242083,0
A,sp500-2m/cross_sector_slide1m_noscreen,core-12m/same_sector_slide1m_bd7,0.3962421534836825,0.025491682222385,0.0687489491657191,-0.0890421499104956,-0.2447836331609861,-0.0126928952392035,0.0475687950167043,-0.1185709870179658,-0.0320846899463134,-0.0031403959156076,0
A,sp500-2m/cross_sector_slide1m_noscreen,core-12m/cross_sector_slide3m_noscreen,0.3555489775245371,0.0359910233212982,0.1097484289530673,-0.1385905258331727,-0.417746107384974,-0.0364988648290575,0.0811751257861083,-0.2462884985128022,-0.1670400838901551,-0.0185024517343578,0
A,sp500-2m/cross_sector_slide1m_noscreen,core-12m/cross_sector_slide3m_bd7,0.3992297512093985,0.0318276635637531,0.0928514456758526,-0.1103253919672061,0.0460617543747679,0.0008384326085764,0.0682174027476942,-0.1200624655176577,0.1531944946204264,0.0087048408358882,0
A,sp500-2m/cross_sector_slide1m_noscreen,core-12m/cross_sector_slide1m_noscreen,1.038111282381478,0.1078886444920307,0.1034509344184745,-0.0953090619528797,-0.3804332237074592,-0.0285695181730044,0.0698052299636668,-0.1966256902093253,0.1003700695764907,0.0048698697761856,0
A,sp500-2m/cross_sector_slide1m_noscreen,core-12m/cross_sector_slide1m_bd7,0.5193013439802654,0.0415517196030899,0.0848793599019998,-0.0893904988556219,-0.1449990156919914,-0.0090963079223874,0.0532685515383275,-0.1215286642048254,0.0885927634723603,0.003621930112744,0
A,sp500-2m/cross_sector_slide1m_noscreen,sp500-12m/same_sector_slide3m_noscreen,0.6696165453915502,0.0775505615472936,0.1181922983268262,-0.1043450149704894,0.4177830823183945,0.0350686834111275,0.0927572377084827,-0.1029487289694535,0.4957856349892611,0.0459058883501649,0
A,sp500-2m/cross_sector_slide1m_noscreen,sp500-12m/same_sector_slide3m_bd7,0.6574549808027278,0.0545611792712677,0.0929602710930927,-0.0814761281507516,0.3038139289834434,0.0178061946531373,0.0650350971062534,-0.0808896957458643,0.4077437351805155,0.0272481260082594,0
A,sp500-2m/cross_sector_slide1m_noscreen,sp500-12m/same_sector_slide1m_noscreen,0.8378591329598661,0.0866681892125902,0.1051106667612237,-0.079469411271294,0.2272677623985659,0.0139180272324188,0.0723233278534207,-0.08196024755025,0.4291585513699996,0.0324911757256894,0
A,sp500-2m/cross_sector_slide1m_noscreen,sp500-12m/same_sector_slide1m_bd7,0.6347649812004591,0.0501462326745177,0.0817784664245551,-0.0853185232124649,0.2005636563895024,0.0095865692183059,0.0551403949001141,-0.0860879647183413,0.3457119162729151,0.0201151872576968,0
A,sp500-2m/cross_sector_slide1m_noscreen,sp500-12m/cross_sector_slide3m_noscreen,0.7779930835940987,0.0829430905035394,0.1064125768680761,-0.075128704338567,-0.0469314572735246,-0.0082358468610008,0.0899493496681971,-0.1898104153776388,0.1980088448240733,0.0147076048467749,0
A,sp500-2m/cross_sector_slide1m_noscreen,sp500-12m/cross_sector_slide3m_bd7,0.9934557554418606,0.0758086647485212,0.0839192378912321,-0.069153637843858,0.2404534139789566,0.0168308797801282,0.0854006795139231,-0.1970149336675924,0.4106002119506587,0.0314527571464833,0
A,sp500-2m/cross_sector_slide1m_noscreen,sp500-12m/cross_sector_slide1m_noscreen,1.2280941224746156,0.1159583921315886,0.0924385837958459,-0.0532076909948533,0.3230275802027091,0.0202211674334917,0.0694690904946432,-0.0935774107377991,0.607764433612898,0.0443961971534664,0
A,sp500-2m/cross_sector_slide1m_noscreen,sp500-12m/cross_sector_slide1m_bd7,0.7409013414391928,0.0533602134669933,0.0750789892244898,-0.057349485796409,0.3233356935124241,0.0176852064210193,0.0597771482652885,-0.1186863169349129,0.4472027032382699,0.0269005714401624,0
A,sp500-2m/cross_sector_slide1m_bd7,core-12m/same_sector_slide3m_noscreen,-0.0579312370350484,-0.0051582054388008,0.0550670948122268,-0.0759620834820082,0.0694248344642748,0.0021653949407387,0.0469721491794508,-0.1065873616347595,0.035122930529487,0.0004428284981088,0
A,sp500-2m/cross_sector_slide1m_bd7,core-12m/same_sector_slide3m_bd7,-0.1709435796154795,-0.0113314319127578,0.0491003450819418,-0.0713765652071194,0.2955369212240656,0.0109282237268648,0.0393951222474185,-0.0706421011373196,0.1517999584107895,0.0053012643743929,0
A,sp500-2m/cross_sector_slide1m_bd7,core-12m/same_sector_slide1m_noscreen,-0.2080589774628154,-0.011039528164591,0.0475283017233869,-0.0613078963959584,0.2908167306686286,0.0114789066539546,0.0423067066526513,-0.0514487657493685,0.1571401247843952,0.0059210576674519,0
A,sp500-2m/cross_sector_slide1m_bd7,core-12m/same_sector_slide1m_bd7,-0.7337379911951912,-0.0271560016323106,0.0365876916386575,-0.0767884819365696,0.1695149567698439,0.0054739636152891,0.0360210860876226,-0.0768895273471483,-0.0547797844333677,-0.0026345496068304,0
A,sp500-2m/cross_sector_slide1m_bd7,core-12m/cross_sector_slide3m_noscreen,0.3962787144495013,0.0489025577234079,0.1111145908097455,-0.1284729522196717,-0.6017972548567719,-0.0384863613810513,0.0620211475552947,-0.2503658508480508,-0.2027777437797109,-0.0171322681295418,0
A,sp500-2m/cross_sector_slide1m_bd7,core-12m/cross_sector_slide3m_bd7,0.1491936419255199,0.008382427801932,0.0738945417209659,-0.0894237260438465,0.29274488377462,0.0138772204441641,0.0516118234188894,-0.0769868611720698,0.2411289708952859,0.01235704823138,0
A,sp500-2m/cross_sector_slide1m_bd7,core-12m/cross_sector_slide1m_noscreen,0.6728051257560541,0.0615504755243909,0.0951722990149066,-0.094768332903992,0.1830972671986944,0.0085426087673454,0.0545536761922017,-0.084115587310146,0.353388272387675,0.0217680235902205,0
A,sp500-2m/cross_sector_slide1m_bd7,core-12m/cross_sector_slide1m_bd7,0.2045426233559683,0.012217050322058,0.0701803972839918,-0.0770483451165471,0.2639020008750606,0.0106922006528706,0.0439390083225773,-0.0688369353688704,0.2364508099670122,0.0109933760027404,0
A,sp500-2m/cross_sector_slide1m_bd7,sp500-12m/same_sector_slide3m_noscreen,0.6028628612325445,0.0780712062352874,0.1238543383978456,-0.0988254357548591,0.6144684825903304,0.0463566752317323,0.0787837237010886,-0.1425105205366857,0.6073691355657872,0.0542525271931688,0
A,sp500-2m/cross_sector_slide1m_bd7,sp500-12m/same_sector_slide3m_bd7,0.272394353744642,0.0183889907567984,0.08364466161603,-0.0920307631149203,0.6978828775147773,0.0370122202024745,0.0541769434938328,-0.0575658445120307,0.5378902232173023,0.0323039433557077,0
A,sp500-2m/cross_sector_slide1m_bd7,sp500-12m/same_sector_slide1m_noscreen,0.8804733225036566,0.0857086348810465,0.0982655579142283,-0.064266330693825,0.4937738316227052,0.0280343893467565,0.0595864772578131,-0.0808183099007102,0.6194481719107434,0.0428827800376884,0
A,sp500-2m/cross_sector_slide1m_bd7,sp500-12m/same_sector_slide1m_bd7,0.326518109887876,0.0210075235983183,0.0711738548155233,-0.0784467238120635,0.6424998106124616,0.0300095038563017,0.0477973760074684,-0.0554772657261857,0.5225663803813312,0.0275914371167452,0
A,sp500-2m/cross_sector_slide1m_bd7,sp500-12m/cross_sector_slide3m_noscreen,0.9682845417713408,0.0974705529161815,0.1030485554675408,-0.0753774531489355,-0.1677839401174394,-0.0194975972918197,0.0919185855141254,-0.2294862380124429,0.1412098052299639,0.0089266241453268,0
A,sp500-2m/cross_sector_slide1m_bd7,sp500-12m/cross_sector_slide3m_bd7,0.9395562909854264,0.0552002058193668,0.0748436632394639,-0.0565338838967141,0.2622927727474315,0.0182572778947673,0.0828681017126559,-0.1935729384374197,0.3776120322262796,0.0270692204363184,0
A,sp500-2m/cross_sector_slide1m_bd7,sp500-12m/cross_sector_slide1m_noscreen,1.3365534457272787,0.114148567862212,0.0833618181911767,-0.0497659186782411,0.5289173138220574,0.0314387261720265,0.0621907313607388,-0.1281958947407887,0.7817161370277477,0.0524735818516111,0
A,sp500-2m/cross_sector_slide1m_bd7,sp500-12m/cross_sector_slide1m_bd7,0.5720337755573836,0.0345195359921255,0.0649476208082067,-0.049258227318802,0.5346813508012397,0.0255938320421282,0.0495761140497761,-0.1034236188598705,0.5379268407595417,0.0278303594143134,0
A,core-12m/same_sector_slide3m_noscreen,core-12m/same_sector_slide3m_bd7,0.4153769776997111,0.0221212185071165,0.0758041742239854,-0.0550526634799177,-0.8733625409363124,-0.0458809526499061,0.0522126901439448,-0.1464107971182189,-0.5949226903030549,-0.035263338780337,0
A,core-12m/same_sector_slide3m_noscreen,core-12m/same_sector_slide1m_noscreen,0.2968420661087501,0.0159458648067059,0.0601563280653896,-0.0550938448998854,-0.8796255307899593,-0.0397348808569578,0.0449439785386348,-0.1953075873593734,-0.6056747095701185,-0.0298315586354995,0
A,core-12m/same_sector_slide3m_noscreen,core-12m/same_sector_slide1m_bd7,0.0189364647795794,-0.0012404012015193,0.0537032011127967,-0.047054702277307,-0.4798527784447009,-0.0195869704858724,0.0395906863145401,-0.0941408428149661,-0.365052415636002,-0.0162597856941088,0
A,core-12m/same_sector_slide3m_noscreen,core-12m/cross_sector_slide3m_noscreen,0.5294557108835674,0.0582475022296884,0.1147288385202575,-0.1270482782316094,-1.1465274382063484,-0.0868930279658992,0.0767026357148367,-0.3725020837247795,-0.5982561966270499,-0.054190519965636,0
A,core-12m/same_sector_slide3m_noscreen,core-12m/cross_sector_slide3m_bd7,0.3573329856739194,0.0216279779604121,0.0714926783045629,-0.0827796755264052,-0.7260878362887997,-0.0413330641830488,0.0559756143219504,-0.1948221965996283,-0.4343994054848135,-0.0274151536447994,0
A,core-12m/same_sector_slide3m_noscreen,core-12m/cross_sector_slide1m_noscreen,0.4973119733910439,0.042682173439881,0.0934590863244259,-0.0968055700716061,-0.8089730527404022,-0.0498695935502656,0.0609276682587015,-0.2481322600777308,-0.3555630732694555,-0.0273000078364515,0
A,core-12m/same_sector_slide3m_noscreen,core-12m/cross_sector_slide1m_bd7,0.2469788820008357,0.0152681819523867,0.0698593197767482,-0.0778291697138117,-0.2082720820680213,-0.0111420107206584,0.0481940835783568,-0.1152047003552589,-0.065305231531663,-0.0049726615091668,0
A,core-12m/same_sector_slide3m_noscreen,sp500-12m/same_sector_slide3m_noscreen,0.6157670484557977,0.0620480422860496,0.1088462464835999,-0.1004951001422226,0.1939370522414882,0.0134296312993982,0.0893772097221838,-0.1690831699621069,0.3182112369362947,0.0259067879966669,0
A,core-12m/same_sector_slide3m_noscreen,sp500-12m/same_sector_slide3m_bd7,0.4742965997522029,0.037016665323753,0.0735368111113746,-0.0635661774351913,0.1488478554629844,0.0074448353962905,0.0632964142042449,-0.1173700060659664,0.2513564230988911,0.0148633616401284,0
A,core-12m/same_sector_slide3m_noscreen,sp500-12m/same_sector_slide1m_noscreen,1.0170387588787873,0.0918992414138504,0.0910676963021975,-0.0553141395319455,-0.0588297678737265,-0.0053042858254557,0.05989709135557,-0.1026769328069282,0.3110554359615236,0.0194541895665821,0
A,core-12m/same_sector_slide3m_noscreen,sp500-12m/same_sector_slide1m_bd7,0.4727508887932377,0.0276863648033031,0.0614946045506729,-0.0623212957481265,0.172273104089316,0.0079029869590119,0.0542649471513656,-0.0832601827599421,0.2544569586407006,0.0128210681798249,0
A,core-12m/same_sector_slide3m_noscreen,sp500-12m/cross_sector_slide3m_noscreen,1.2822216039525562,0.1285025109284251,0.098569108982768,-0.0692503070677014,-0.4817900603749598,-0.0608361507623298,0.1158656733451702,-0.3823663211474851,-0.0954541712302368,-0.0168672400069183,0
A,core-12m/same_sector_slide3m_noscreen,sp500-12m/cross_sector_slide3m_bd7,1.0254660554069568,0.0775135701385535,0.0879932311972007,-0.0769209251377439,0.0804021644496979,0.0029419446817582,0.091765992376537,-0.264900158266393,0.2444699301832389,0.0177426838112943,0
A,core-12m/same_sector_slide3m_noscreen,sp500-12m/cross_sector_slide1m_noscreen,1.380556545877485,0.1055672816256983,0.0729355256038726,-0.056657377371289,0.1145632626303121,0.005620573710285,0.0711241729424869,-0.1832621317981609,0.4529160904874643,0.0305099265794561,0
A,core-12m/same_sector_slide3m_noscreen,sp500-12m/cross_sector_slide1m_bd7,0.8247994612780705,0.0491067096283337,0.0609804515618774,-0.0517577026801365,0.007515061462138,-0.0010737931605018,0.0542362087114062,-0.175511611138736,0.2169751072859345,0.0106074117679322,0
A,core-12m/same_sector_slide3m_bd7,core-12m/same_sector_slide1m_noscreen,0.2478162608680888,0.0081098254521676,0.0418944544821208,-0.0344629125067002,-0.5561789097304182,-0.018860371443815,0.0332398545426287,-0.0986419181392828,-0.3874010353575038,-0.0141338543986128,0
A,core-12m/same_sector_slide3m_bd7,core-12m/same_sector_slide1m_bd7,0.0607636601677614,-0.0040282632796331,0.0437226276549692,-0.0310202108257555,-0.3351808390734034,-0.0115127299306314,0.0329291048575437,-0.0426802879178976,-0.2785885886798724,-0.0106092449228054,0
A,core-12m/same_sector_slide3m_bd7,core-12m/cross_sector_slide3m_noscreen,0.5904523304510653,0.0686214184829743,0.1155108923930431,-0.1168749239112771,-0.8266585506378256,-0.0477834495019532,0.0572412922355467,-0.2227128533770758,-0.2588923037104519,-0.0210967914087182,0
A,core-12m/same_sector_slide3m_bd7,core-12m/cross_sector_slide3m_bd7,0.2524958364355169,0.011744457018878,0.0775297669672567,-0.0820629274873643,-0.8003179515418422,-0.0397955595387058,0.0492224633033103,-0.131805760417066,-0.474917127199422,-0.0286060583465238,0
A,core-12m/same_sector_slide3m_bd7,core-12m/cross_sector_slide1m_noscreen,0.5017205021047956,0.0412022602601275,0.0843468530949572,-0.0896609447378305,-0.58454898706052,-0.027829846559579,0.0464376941955172,-0.1335706741326326,-0.1624063002964177,-0.010945781216201,0
A,core-12m/same_sector_slide3m_bd7,core-12m/cross_sector_slide1m_bd7,0.4904688662066063,0.0283574245278444,0.0628039498505436,-0.0646861398114582,-0.3011333512205509,-0.01093749569502,0.0345401280683272,-0.0706579314211933,-0.0150352215522013,-0.0016350237840357,0
A,core-12m/same_sector_slide3m_bd7,sp500-12m/same_sector_slide3m_noscreen,0.7192518676337426,0.073934690278079,0.0963956606082909,-0.0833394289657034,0.1730600660702698,0.010628367188884,0.0791865942752371,-0.1446303182589251,0.3464439571886958,0.0266132600830338,0
A,core-12m/same_sector_slide3m_bd7,sp500-12m/same_sector_slide3m_bd7,0.5509945322549639,0.0394226880156218,0.0667183371513823,-0.05862703731394,0.057957140417156,0.0016695034042937,0.0608096812454306,-0.1218248941858377,0.1980204025928179,0.0109669255403662,0
A,core-12m/same_sector_slide3m_bd7,sp500-12m/same_sector_slide1m_noscreen,1.159293110178648,0.106485677999269,0.0905986022626008,-0.0476433095818455,-0.0056330509827836,-0.0019499469676914,0.057085362750337,-0.0900050291263963,0.4053689839958485,0.0256596216930781,0
A,core-12m/same_sector_slide3m_bd7,sp500-12m/same_sector_slide1m_bd7,0.4308671198877929,0.0226490168114522,0.0561987678269619,-0.0530310703883893,0.0478091038895418,0.0011369222074186,0.0445826003260478,-0.063338807849931,0.1589695806459353,0.006554026627838,0
A,core-12m/same_sector_slide3m_bd7,sp500-12m/cross_sector_slide3m_noscreen,1.2346574300653053,0.1322267551312765,0.1066130135042598,-0.078131321832275,-0.3837463696836081,-0.0486358318550101,0.1127710993583073,-0.3378171264926837,-4.718880760474151e-05,-0.005990451268681,0
A,core-12m/same_sector_slide3m_bd7,sp500-12m/cross_sector_slide3m_bd7,1.1916172717299784,0.1010516652870061,0.0889278209278633,-0.070260393194594,0.2263770514492752,0.0162104605718069,0.0900616923078111,-0.2007261076679113,0.4082957559150655,0.0329369947633081,0
A,core-12m/same_sector_slide3m_bd7,sp500-12m/cross_sector_slide1m_noscreen,1.3724565863378722,0.1019078046006554,0.0703495329002639,-0.0503973939820661,0.158656935385496,0.0082599397465825,0.065381663416925,-0.1823934084418256,0.495235685056354,0.0318094226449678,0
A,core-12m/same_sector_slide3m_bd7,sp500-12m/cross_sector_slide1m_bd7,0.917302480902664,0.0563372938244587,0.0619303631406191,-0.0505032877209713,0.3656237382119515,0.016374647271071,0.0475339638221466,-0.1332585282627884,0.5191895737699183,0.0257021686849879,0
A,core-12m/same_sector_slide1m_noscreen,core-12m/same_sector_slide1m_bd7,-0.4324022317325405,-0.0169982710289267,0.0379695439841058,-0.0353357952498278,-0.3400857050294495,-0.0108918160877371,0.0308056351423766,-0.0847885938481307,-0.3591090142084183,-0.0120121182526457,0
A,core-12m/same_sector_slide1m_noscreen,core-12m/cross_sector_slide3m_noscreen,0.3227331919227267,0.0395507714759598,0.1053989607917767,-0.1187825957143495,-1.105450423522249,-0.0692874283022275,0.0631399664085931,-0.3212647197304499,-0.5694795067188083,-0.0437136783484001,0
A,core-12m/same_sector_slide1m_noscreen,core-12m/cross_sector_slide3m_bd7,-0.0233396940096827,-0.0012426692778456,0.0637913385373214,-0.0762695324886571,-0.2695453409168171,-0.0131160340746643,0.0451958920236548,-0.1360760015077023,-0.1875594939109873,-0.0103738781952168,0
A,core-12m/same_sector_slide1m_noscreen,core-12m/cross_sector_slide1m_noscreen,0.4016681895698245,0.0333267335674698,0.0906741187887678,-0.0925934359444994,-0.6018412220824167,-0.0334428750925303,0.0540833893639455,-0.2164581126671156,-0.2310352132200535,-0.0170420691839256,0
A,core-12m/same_sector_slide1m_noscreen,core-12m/cross_sector_slide1m_bd7,0.2998777210238805,0.0181653469804449,0.0670913394115966,-0.0748926163534874,-0.130584456443482,-0.0058779128795793,0.0392491610185274,-0.0815122992164616,0.01872036221748,-0.0002252784550156,0
A,core-12m/same_sector_slide1m_noscreen,sp500-12m/same_sector_slide3m_noscreen,0.5675689953470702,0.0681174914855052,0.1146636169589033,-0.0991055494515821,0.3498458941840133,0.0271824963967828,0.0876644786321017,-0.1525187027479286,0.4301142472479248,0.0378302731482024,0
A,core-12m/same_sector_slide1m_noscreen,sp500-12m/same_sector_slide3m_bd7,0.573879078317268,0.039709657743734,0.0671243384590614,-0.0584416216928898,-0.0482489440051685,-0.0045231825381075,0.0584002466441581,-0.1586325241449626,0.1280188171000737,0.0062151800934964,0
A,core-12m/same_sector_slide1m_noscreen,sp500-12m/same_sector_slide1m_noscreen,0.9507576456437744,0.0897327452547151,0.0946352070898565,-0.0641038718564404,0.0953387027084227,0.004039371053415,0.0634274759077277,-0.1023961562259153,0.3872198213212253,0.0259885746133736,0
A,core-12m/same_sector_slide1m_noscreen,sp500-12m/same_sector_slide1m_bd7,0.4429115739599099,0.02258178923582,0.0535354589639658,-0.0533787052278283,0.108987758014675,0.0041281195747067,0.0487503148678968,-0.0865665480194757,0.2011499489871701,0.0088491157005148,0
A,core-12m/same_sector_slide1m_noscreen,sp500-12m/cross_sector_slide3m_noscreen,0.896618274674163,0.090060522733719,0.0954228313384119,-0.0721230951061201,-0.2972860101767004,-0.0359332040826241,0.1041465581242931,-0.3466553971788741,-0.013804823136778,-0.0063901132705849,0
A,core-12m/same_sector_slide1m_noscreen,sp500-12m/cross_sector_slide3m_bd7,1.185872161198168,0.0761498850775463,0.0761578834214341,-0.0553274060050625,-0.0416682925946693,-0.0071264024901638,0.0833338725771966,-0.2514447470329685,0.1742373559967375,0.0105233832609215,0
A,core-12m/same_sector_slide1m_noscreen,sp500-12m/cross_sector_slide1m_noscreen,1.2758073368657488,0.0936879212118387,0.0695140221663836,-0.0509687613298497,0.25201982050279,0.0146530134575773,0.0665619106754212,-0.1848614259822062,0.5273443977736515,0.0340425261759412,0
A,core-12m/same_sector_slide1m_noscreen,sp500-12m/cross_sector_slide1m_bd7,0.8254405288212477,0.0479018061212881,0.0591934815192785,-0.0484532232245693,0.0291207222434895,0.0001974039328036,0.0498968578328286,-0.1562608954398974,0.2501097446704439,0.0117981815134521,0
A,core-12m/same_sector_slide1m_bd7,core-12m/cross_sector_slide3m_noscreen,0.2478045717504644,0.0261523913904416,0.1082275311304535,-0.1165375873859053,-0.8249895581894896,-0.0391101383072056,0.0470142035008824,-0.1870938926121417,-0.3408532912850887,-0.023807964493107,0
A,core-12m/same_sector_slide1m_bd7,core-12m/cross_sector_slide3m_bd7,0.3440684215571237,0.0275413939249051,0.0661561806241418,-0.070705212225883,-0.5439535546590331,-0.0220777352510285,0.0395981720631164,-0.0916635650980682,-0.2250053031517715,-0.0108272855233034,0
A,core-12m/same_sector_slide1m_bd7,core-12m/cross_sector_slide1m_noscreen,0.5510756140250017,0.0455009617742323,0.0870941771149319,-0.0916779937489653,-0.3879490449240299,-0.015517419022242,0.0384090485025258,-0.0831627038926221,0.0182754825539117,-0.0004863844576919,0
A,core-12m/same_sector_slide1m_bd7,core-12m/cross_sector_slide1m_bd7,0.4944015041509043,0.0329151813986945,0.0702415665837162,-0.0739653905350543,-0.2543481385472055,-0.0096527406338459,0.0356397367770113,-0.0560819787821619,0.0332976266873301,0.0004735252076599,0
A,core-12m/same_sector_slide1m_bd7,sp500-12m/same_sector_slide3m_noscreen,0.6902314354486836,0.0843300711045015,0.1147969749430135,-0.0871223401255353,0.3155257058795155,0.0181265125025422,0.0632822493967932,-0.1387686950343815,0.4550564757618107,0.0346983264689581,0
A,core-12m/same_sector_slide1m_bd7,sp500-12m/same_sector_slide3m_bd7,0.5648075659189015,0.0423221004325008,0.0770076489281486,-0.0679235903278739,-0.0453816526327432,-0.0038685090184821,0.0535948843770212,-0.1110918803760321,0.1526485499567743,0.0075669364454306,0
A,core-12m/same_sector_slide1m_bd7,sp500-12m/same_sector_slide1m_noscreen,1.1471513404468456,0.1087732282481626,0.0932804049305281,-0.0505145111425793,-0.104830605812067,-0.0062181243066504,0.0483102686485846,-0.0947050810089138,0.3877226514003474,0.0229401732079418,0
A,core-12m/same_sector_slide1m_bd7,sp500-12m/same_sector_slide1m_bd7,0.4929136931759725,0.0321602868076286,0.0682779706501288,-0.0587485434257937,0.0246013533381952,7.850252864605167e-05,0.0455096437074275,-0.0679368893227858,0.1801641164927832,0.008104851507742,0
A,core-12m/same_sector_slide1m_bd7,sp500-12m/cross_sector_slide3m_noscreen,1.0435107998574564,0.1232372233880882,0.1142023250541446,-0.0796451133960663,-0.4815372089050426,-0.0529356601991169,0.1017339395624371,-0.3217253113967011,-0.0670676522448289,-0.0121580439109956,0
A,core-12m/same_sector_slide1m_bd7,sp500-12m/cross_sector_slide3m_bd7,0.9375844577631371,0.0752431121369017,0.0893732162784512,-0.0736800728808824,0.070803082083713,0.0022115163964409,0.0818201924810576,-0.1914733956136035,0.2341001635487969,0.0158158164035765,0
A,core-12m/same_sector_slide1m_bd7,sp500-12m/cross_sector_slide1m_noscreen,1.252352525543254,0.1017993414556158,0.0792114825919998,-0.0610830944447608,0.4944666555227603,0.0257315240403785,0.0543861481582162,-0.0926992625201885,0.7397109883809841,0.0449376626847709,0
A,core-12m/same_sector_slide1m_bd7,sp500-12m/cross_sector_slide1m_bd7,0.5911735681577825,0.0386213917438272,0.0674216205331607,-0.0714385512831461,0.1986209175168177,0.0080373941695921,0.0455938149733226,-0.1161941868871319,0.3147005715707782,0.0150406618690499,0
A,core-12m/cross_sector_slide3m_noscreen,core-12m/cross_sector_slide3m_bd7,0.3456799210429327,0.0410148568625711,0.1177129199134896,-0.1326946820754602,-0.6451831898448277,-0.0456712150314996,0.068782934758224,-0.2230511407641902,-0.2802222399894594,-0.0254885260732571,0
A,core-12m/cross_sector_slide3m_noscreen,core-12m/cross_sector_slide1m_noscreen,0.606673640407341,0.0657080643110987,0.1094755000507382,-0.1109934456671317,-0.6283609948405909,-0.0522716387949062,0.0803013001996928,-0.2920122096659705,-0.2290476731468802,-0.0236229599760658,0
A,core-12m/cross_sector_slide3m_noscreen,core-12m/cross_sector_slide1m_bd7,0.4221980659032264,0.0412934652621144,0.0946447723186753,-0.111751400916539,-0.4002266227214157,-0.0242602348548741,0.0572644627329728,-0.1660937765570638,-0.0966804886010443,-0.0082530627713197,0
A,core-12m/cross_sector_slide3m_noscreen,sp500-12m/same_sector_slide3m_noscreen,0.6894649660929623,0.0907738366617848,0.1255563233457119,-0.1138446033321028,0.0134147815830754,-0.0033272571201155,0.0961174573054352,-0.1756435906622759,0.232933825238944,0.0198991413164949,0
A,core-12m/cross_sector_slide3m_noscreen,sp500-12m/same_sector_slide3m_bd7,0.6325092244713998,0.06617284787501,0.1080712376489464,-0.1028683504013747,-0.466393829727576,-0.0345337565819959,0.0700625343651567,-0.243707540855845,-0.0875784068056879,-0.010115338618612,0
A,core-12m/cross_sector_slide3m_noscreen,sp500-12m/same_sector_slide1m_noscreen,0.9173016767900304,0.0987186300083481,0.1080305386303455,-0.0904313159724019,-0.3283439289531327,-0.02621923236184,0.0728272927776243,-0.1719530916344205,0.1037338930288515,0.0053077055822917,0
A,core-12m/cross_sector_slide3m_noscreen,sp500-12m/same_sector_slide1m_bd7,0.3828087037453776,0.0350528013701075,0.0991351201197033,-0.1139256715743169,-0.2655153653055619,-0.0173368621911562,0.0592406890434537,-0.1211594426979769,-0.0216432254089239,-0.0039121570351587,0
A,core-12m/cross_sector_slide3m_noscreen,sp500-12m/cross_sector_slide3m_noscreen,0.6432875715607504,0.0731174267567021,0.1173117150882543,-0.1150763913600092,-0.4360805391994366,-0.0566350463128015,0.1173860940668425,-0.4079292965874299,-0.1591498334253477,-0.0252642149375728,0
A,core-12m/cross_sector_slide3m_noscreen,sp500-12m/cross_sector_slide3m_bd7,0.6436121750132076,0.0579988929708829,0.0902978902062034,-0.0805256619498574,0.0308691291797631,-0.0013108023263969,0.0871849739911562,-0.2257224062118588,0.1918299434028938,0.0132089900370961,0
A,core-12m/cross_sector_slide3m_noscreen,sp500-12m/cross_sector_slide1m_noscreen,0.5722556636764118,0.0584178562473922,0.0996093312844296,-0.1124149287182875,-0.0409449350324333,-0.0057664812446107,0.0740137236615239,-0.1803888064262315,0.1620785876898388,0.0104152490322194,0
A,core-12m/cross_sector_slide3m_noscreen,sp500-12m/cross_sector_slide1m_bd7,0.2946011792408216,0.0196548068379202,0.0772255609614677,-0.0909504497794426,0.1027068026367269,0.0043310300010745,0.0592756948103953,-0.13376543393581,0.1608273147828389,0.0082822222000824,0
A,core-12m/cross_sector_slide3m_bd7,core-12m/cross_sector_slide1m_noscreen,0.6607553130218979,0.0610784249732515,0.0963577724463285,-0.1019874807690245,-0.3349763557215831,-0.020899651426992,0.0580263811728903,-0.1433963517396685,0.0231434387358638,-0.0008094455663464,0
A,core-12m/cross_sector_slide3m_bd7,core-12m/cross_sector_slide1m_bd7,0.5508321544790123,0.042185850583957,0.0812269838849704,-0.0827627043054803,0.2305538209603983,0.0103840817169416,0.0502841946100688,-0.0599229287555382,0.3317649361215795,0.0180679989371422,0
A,core-12m/cross_sector_slide3m_bd7,sp500-12m/same_sector_slide3m_noscreen,0.8669488100956999,0.0893429007657269,0.100662127185951,-0.0925792354044725,0.3570057756974612,0.0274539301476808,0.086282596383821,-0.1496388994808002,0.5061759209883933,0.0428137057382395,0
A,core-12m/cross_sector_slide3m_bd7,sp500-12m/same_sector_slide3m_bd7,0.8251331851590712,0.0651172684962716,0.0803035581703655,-0.0747855721598369,-0.1609711821555668,-0.0113996167834461,0.0600103061964124,-0.1487165775926505,0.1377507350508482,0.0069074358878782,0
A,core-12m/cross_sector_slide3m_bd7,sp500-12m/same_sector_slide1m_noscreen,1.0654290608871768,0.100294677790726,0.0921986720037787,-0.0735063725286612,-0.1330620320607294,-0.0104215757968708,0.0635481806854649,-0.1073104932245672,0.2739700309093663,0.0176546766081686,0
A,core-12m/cross_sector_slide3m_bd7,sp500-12m/same_sector_slide1m_bd7,0.4753484946471768,0.0319895098120423,0.0719080901896448,-0.0842240561205426,-0.3085815685816688,-0.0164697588045967,0.0497930184157904,-0.1316864119344691,-0.0437450406891885,-0.0040699503858309,0
A,core-12m/cross_sector_slide3m_bd7,sp500-12m/cross_sector_slide3m_noscreen,0.7638539586302244,0.0760778000183798,0.0994815262245673,-0.0817252638772817,-0.415176286935544,-0.0503286234900499,0.1094190708849468,-0.3655179439290028,-0.1314191446958705,-0.0195841482825798,0
A,core-12m/cross_sector_slide3m_bd7,sp500-12m/cross_sector_slide3m_bd7,0.7740108670232777,0.0650777197762234,0.0883323651330813,-0.0708363939938393,0.087776249902665,0.0036250819703418,0.0892385007947415,-0.2322012859269342,0.2424833291546055,0.0175531587793459,0
A,core-12m/cross_sector_slide3m_bd7,sp500-12m/cross_sector_slide1m_noscreen,0.79827473035016,0.0610135259135016,0.0771959935897174,-0.0718638004528866,-0.0669350761738132,-0.0068641755553074,0.0680745042757513,-0.2033693224833005,0.1825891647206327,0.0105213873382648,0
A,core-12m/cross_sector_slide3m_bd7,sp500-12m/cross_sector_slide1m_bd7,0.7564845835987473,0.0506891140263539,0.0700565148256297,-0.0583553902893101,-0.0049822859717637,-0.0017792931429663,0.0547188739524055,-0.1442191566266679,0.2135227648695672,0.0108136076131017,0
A,core-12m/cross_sector_slide1m_noscreen,core-12m/cross_sector_slide1m_bd7,0.5187719232718081,0.0446942296764206,0.091627538152165,-0.0976567091956318,-0.3005746544542483,-0.0179449015962938,0.0551602173405346,-0.1286069157651652,-0.0051313256078398,-0.002518361857288,0
A,core-12m/cross_sector_slide1m_noscreen,sp500-12m/same_sector_slide3m_noscreen,0.8891792968889152,0.1057121198755319,0.1134175845300807,-0.0886266807992852,0.0356072884044844,-0.0007863228734755,0.0888087182500745,-0.1990336655368166,0.3072080984995025,0.0258366627073001,0
A,core-12m/cross_sector_slide1m_noscreen,sp500-12m/same_sector_slide3m_bd7,0.6867947885405167,0.0613162186855987,0.0936473600044081,-0.0824101661000302,-0.2007604486410369,-0.015589088634739,0.0670258309520605,-0.1949233569807185,0.0878457486305518,0.0037349014156087,0
A,core-12m/cross_sector_slide1m_noscreen,sp500-12m/same_sector_slide1m_noscreen,1.1196680730697923,0.117573952989001,0.1036044808913656,-0.0872610692280501,0.0698503113621113,0.0024381374310458,0.0688178656365871,-0.0924295825676935,0.4299322142945305,0.0315699451882276,0
A,core-12m/cross_sector_slide1m_noscreen,sp500-12m/same_sector_slide1m_bd7,0.6381007702576743,0.0557652394111115,0.0908677562743219,-0.0941050264778907,-0.0688770126160368,-0.005391810818455,0.0558174681097156,-0.0928818697704146,0.185267407058936,0.0102206180443519,0
A,core-12m/cross_sector_slide1m_noscreen,sp500-12m/cross_sector_slide3m_noscreen,0.7164952615469888,0.0749010805520874,0.1096951108407858,-0.1073203973037427,-0.0815954217494214,-0.0125471562278314,0.0968295000461404,-0.2565156862108921,0.1427026266090596,0.0092798156958116,0
A,core-12m/cross_sector_slide1m_noscreen,sp500-12m/cross_sector_slide3m_bd7,0.7585143852741478,0.061996047257634,0.0878610761588922,-0.0945023571841721,0.0523687794158458,0.0006690504981037,0.0842056258597307,-0.2122880740774767,0.2291889371408432,0.0157376380366875,0
A,core-12m/cross_sector_slide1m_noscreen,sp500-12m/cross_sector_slide1m_noscreen,0.7738697137064636,0.0722545839213503,0.0958123413559593,-0.1073192075623008,-0.0423892787073854,-0.0054542663622675,0.0703789076936987,-0.1930912341853716,0.2197657959061644,0.0141620812800359,0
A,core-12m/cross_sector_slide1m_noscreen,sp500-12m/cross_sector_slide1m_bd7,0.429753055734054,0.0304558394718637,0.0766226511622412,-0.0854634282905166,0.0055842195015289,-0.0012276588868276,0.0552593061692561,-0.1687153530516678,0.1408786938711798,0.0067680255179224,0
A,core-12m/cross_sector_slide1m_bd7,sp500-12m/same_sector_slide3m_noscreen,0.7018257494202461,0.0829817836349779,0.1010748197946893,-0.0779102158984299,0.3811668753098396,0.0243422997944666,0.0694190467055121,-0.1228616121142168,0.5027115023887538,0.0389606795441268,0
A,core-12m/cross_sector_slide1m_bd7,sp500-12m/same_sector_slide3m_bd7,0.6662798708016253,0.0508996774005076,0.0799501211114885,-0.0729626276641184,0.252358038175007,0.0127399175734284,0.0565037526587049,-0.102843161245,0.3808876891335254,0.0222799524595481,0
A,core-12m/cross_sector_slide1m_bd7,sp500-12m/same_sector_slide1m_noscreen,1.0078532836493854,0.0907015141946219,0.0898045903856766,-0.0762023211645536,0.0143032690913008,-0.0006734715509445,0.0536721334358298,-0.0975848912404209,0.3752790077980059,0.022638293634414,0
A,core-12m/cross_sector_slide1m_bd7,sp500-12m/same_sector_slide1m_bd7,0.5421754199814979,0.0381871976975983,0.0732485917325123,-0.0732826833945924,0.1452788384005781,0.0055805981895467,0.0454033484245955,-0.0960448896586172,0.282020879035933,0.013923432593383,0
A,core-12m/cross_sector_slide1m_bd7,sp500-12m/cross_sector_slide3m_noscreen,0.6661028702492996,0.0564702128978775,0.0874998682732438,-0.077323758621299,-0.2388154739016108,-0.0228230440700586,0.0823179546995933,-0.2627777919599683,0.0059545402375979,-0.0029765522947176,0
A,core-12m/cross_sector_slide1m_bd7,sp500-12m/cross_sector_slide3m_bd7,0.82578255724886,0.0585348273077017,0.0800218332259243,-0.0693756282189817,0.0331701937930129,-0.0009458928551109,0.0837348235165904,-0.2136142411750525,0.2027093801931697,0.0130814245105593,0
A,core-12m/cross_sector_slide1m_bd7,sp500-12m/cross_sector_slide1m_noscreen,0.8263777804860554,0.0639509823595956,0.0780761220520304,-0.0749152695073166,0.2013214950625959,0.0104331611576575,0.0607675900178638,-0.1451565119429114,0.3946867081497041,0.0241142413012255,0
A,core-12m/cross_sector_slide1m_bd7,sp500-12m/cross_sector_slide1m_bd7,0.7458148231238284,0.0484056438714294,0.0671314872483521,-0.0587368502070857,0.0805557769229803,0.0028090647147789,0.0512712734350728,-0.128057298631544,0.2753680064194021,0.0138102439877183,0
A,sp500-12m/same_sector_slide3m_noscreen,sp500-12m/same_sector_slide3m_bd7,0.4805032219786689,0.0602411518240336,0.1278561184040805,-0.1164310678253664,0.6235978971704034,0.0551562150453133,0.093062287502935,-0.1444100179375925,0.582939240374522,0.0567943226217639,0
A,sp500-12m/same_sector_slide3m_noscreen,sp500-12m/same_sector_slide1m_noscreen,1.006401867916539,0.1320097581074042,0.1264448835117436,-0.0734364065009853,0.6412624864402711,0.0543014717478032,0.0885819753461363,-0.1072825243419242,0.7586436714917781,0.0740983643266609,0
A,sp500-12m/same_sector_slide3m_noscreen,sp500-12m/same_sector_slide1m_bd7,0.5631537338404438,0.0697006724952669,0.1099336026560639,-0.1014297888033043,0.6523440020494232,0.0491748578640749,0.0782955663787309,-0.1378004225583941,0.6285858958438364,0.0540774531038688,0
A,sp500-12m/same_sector_slide3m_noscreen,sp500-12m/cross_sector_slide3m_noscreen,0.9640122266296752,0.1269826155722344,0.1261103109987391,-0.0845484218285062,0.0061575116747796,-0.0069806288408043,0.1229558980700035,-0.2966517647717421,0.2663634352277543,0.0260951968634802,0
A,sp500-12m/same_sector_slide3m_noscreen,sp500-12m/cross_sector_slide3m_bd7,1.155858540934369,0.1199873818229857,0.1043491777717185,-0.082966218602104,0.6598480335312219,0.0611296588387393,0.0974220428230749,-0.1838831792688536,0.7839686908404572,0.0761091720632871,0
A,sp500-12m/same_sector_slide3m_noscreen,sp500-12m/cross_sector_slide1m_noscreen,1.127989010999498,0.1294491102668814,0.1103576996991836,-0.0796513926227541,0.5289003738960134,0.0428637669670799,0.0864443373988381,-0.1891110856055076,0.7160204238933283,0.0649897003652255,0
A,sp500-12m/same_sector_slide3m_noscreen,sp500-12m/cross_sector_slide1m_bd7,0.665216936523741,0.0705540928264725,0.0968857139877074,-0.0826609249904911,0.5971065316517588,0.0444296577347878,0.0779095058668189,-0.1556185108551161,0.6309901660916671,0.051219537369231,0
A,sp500-12m/same_sector_slide3m_bd7,sp500-12m/same_sector_slide1m_noscreen,1.0003760811997229,0.1043591557000176,0.1044236448010183,-0.0566870817961031,0.5276333600610036,0.0349141658108163,0.0696548278757085,-0.0836006863037637,0.6803559293968227,0.0527901547554845,0
A,sp500-12m/same_sector_slide3m_bd7,sp500-12m/same_sector_slide1m_bd7,0.6642598980269365,0.052440796388906,0.0823535384019233,-0.073839666630878,0.50470682478249,0.0296186871447161,0.0616063737661697,-0.0674521116538122,0.5504376810195514,0.0355546749299096,0
A,sp500-12m/same_sector_slide3m_bd7,sp500-12m/cross_sector_slide3m_noscreen,0.805544325278213,0.0786132039723213,0.102001654707579,-0.0789646697071358,-0.157075356863845,-0.0223212994177466,0.106346941710955,-0.2799214907969516,0.0794009353533012,0.0026153573305425,0
A,sp500-12m/same_sector_slide3m_bd7,sp500-12m/cross_sector_slide3m_bd7,0.9425773991603856,0.0792880222248212,0.0906833320480572,-0.0670484119874414,0.2055353896032981,0.0145372058156045,0.091863671952736,-0.2146886097680179,0.3641794915231304,0.029266120221826,0
A,sp500-12m/same_sector_slide3m_bd7,sp500-12m/cross_sector_slide1m_noscreen,1.2131809682459458,0.1065277660484615,0.0854893478669829,-0.0576555846303351,0.3116661409744033,0.0198328761001207,0.0711954836938232,-0.1583970718727055,0.5774706809137666,0.0415413395264237,0
A,sp500-12m/same_sector_slide3m_bd7,sp500-12m/cross_sector_slide1m_bd7,0.4861376290953343,0.0355736682012062,0.07651527423698,-0.0667359998825636,0.4580604145686237,0.0253710340846453,0.0584578754080452,-0.0844082958157529,0.4635279798353025,0.0278522558579215,0
A,sp500-12m/same_sector_slide1m_noscreen,sp500-12m/same_sector_slide1m_bd7,1.0605271802893086,0.109049386193868,0.1021339301502541,-0.0540061908483302,0.5454821650359836,0.0336691696778785,0.064539616599115,-0.0839188328435914,0.7138969986921695,0.0529657913581967,0
A,sp500-12m/same_sector_slide1m_noscreen,sp500-12m/cross_sector_slide3m_noscreen,1.038645736254294,0.118328236254556,0.1133330490295388,-0.0723069156239071,0.0250258830985583,-0.0018039359705408,0.0900514755009335,-0.1987293681921731,0.3396493113809281,0.028673040172264,0
A,sp500-12m/same_sector_slide1m_noscreen,sp500-12m/cross_sector_slide3m_bd7,1.1145289788709205,0.0929269384910172,0.0854800511343914,-0.0546333349185192,0.2647173226469192,0.0188825705633284,0.0850880370553355,-0.2139709853217027,0.4794040287716289,0.0379283979516192,0
A,sp500-12m/same_sector_slide1m_noscreen,sp500-12m/cross_sector_slide1m_noscreen,1.236082114120904,0.1338566248480663,0.1057562651052997,-0.067627098651095,0.4560927146048641,0.0304084252797669,0.0712731734029557,-0.1180231652593859,0.7137714903572928,0.056666146966425,0
A,sp500-12m/same_sector_slide1m_noscreen,sp500-12m/cross_sector_slide1m_bd7,1.0668758062851968,0.0966835364138903,0.0899149285672495,-0.0525631606129209,0.2388494897789195,0.0125581820683595,0.0597896503878709,-0.157103374040296,0.5199804759255563,0.0341490922830244,0
A,sp500-12m/same_sector_slide1m_bd7,sp500-12m/cross_sector_slide3m_noscreen,0.73549465895863,0.0689095828093815,0.0958329028320239,-0.0769846678764124,0.2742168657542828,0.018864161957607,0.0797553680337638,-0.197928251441231,0.4114101873602958,0.0316961678212948,0
A,sp500-12m/same_sector_slide1m_bd7,sp500-12m/cross_sector_slide3m_bd7,0.8610624411579016,0.0608269688860851,0.0785301124376062,-0.0667400054072332,0.2290419083117581,0.0157097882970385,0.0846198589833553,-0.1955464130706981,0.3645983152287181,0.0268308076288771,0
A,sp500-12m/same_sector_slide1m_bd7,sp500-12m/cross_sector_slide1m_noscreen,0.990995139460504,0.0837012948720008,0.0825763682826591,-0.0670825164908571,0.4627272741420798,0.0289790679409007,0.0665456452537144,-0.1154525436900054,0.6193815017852384,0.0425429556092,0
A,sp500-12m/same_sector_slide1m_bd7,sp500-12m/cross_sector_slide1m_bd7,0.5226028747136279,0.0346039686123871,0.0687322083440332,-0.0599379517975795,0.0762353467295622,0.002632947004804,0.0533058253187665,-0.1330355202231374,0.2106643494719093,0.0105634707117682,0
A,sp500-12m/cross_sector_slide3m_noscreen,sp500-12m/cross_sector_slide3m_bd7,1.24509400156745,0.1472176081520452,0.1209353880489366,-0.1093555621337529,-0.0028853236681954,-0.0066059819850733,0.1095985620334529,-0.2527654134500244,0.3140459921882013,0.0290870843256848,0
A,sp500-12m/cross_sector_slide3m_noscreen,sp500-12m/cross_sector_slide1m_noscreen,1.1862086272381835,0.143371369800476,0.1192220705074613,-0.1179048837607488,-0.0667934125223341,-0.012894420838313,0.1062768677657395,-0.3186652911984517,0.2851427608774426,0.0256169108853268,0
A,sp500-12m/cross_sector_slide3m_noscreen,sp500-12m/cross_sector_slide1m_bd7,1.0542331940109648,0.112497162230858,0.1045798659872029,-0.1070238162333098,0.2202220719445286,0.014033093627362,0.0767173779503015,-0.1965007073376716,0.4829460137694576,0.038408647461474,0
A,sp500-12m/cross_sector_slide3m_bd7,sp500-12m/cross_sector_slide1m_noscreen,1.23489523710947,0.1157467008709068,0.0964645695067819,-0.1217832103810697,0.1756605478831042,0.0116009461633346,0.0899486462150639,-0.2261335578009808,0.4482619766656381,0.0372048910410104,0
A,sp500-12m/cross_sector_slide3m_bd7,sp500-12m/cross_sector_slide1m_bd7,0.9028183623630552,0.0800267828996245,0.0901439765396943,-0.1127380056074924,0.2634324477581751,0.0168048322429947,0.073962932936368,-0.1845891314561684,0.4327514344555286,0.0311291670430061,0
A,sp500-12m/cross_sector_slide1m_noscreen,sp500-12m/cross_sector_slide1m_bd7,1.0026873697138932,0.0908516419575147,0.0897106108842968,-0.1232044267348715,0.4813609167142236,0.0297660642145889,0.06541081177712,-0.1454328681952816,0.6401566310473342,0.0448866949777986,0
B,core-2m/same_sector_slide3m_noscreen,core-2m/same_sector_slide3m_bd7,0.4575753734851823,0.0637717409120528,0.1286684636921322,-0.1677758580820883,-0.9424663527581468,-0.0743621419251369,0.0786764298288048,-0.285950690121838,-0.406231831726714,-0.040936882425909,0
B,core-2m/same_sector_slide3m_noscreen,core-2m/same_sector_slide1m_noscreen,0.7467299037463543,0.0782073239318425,0.1088123058250888,-0.115705465968653,-0.332562717418965,-0.0290787112807687,0.0792538619678134,-0.2514431207198688,0.0267903885992328,-0.0015130759944705,0
B,core-2m/same_sector_slide3m_noscreen,core-2m/same_sector_slide1m_bd7,0.3659080230164081,0.035767387751608,0.1048114470227938,-0.1438247792989393,-0.6493289882943539,-0.0469410553734568,0.0702173406458672,-0.249572963596303,-0.2896726899939135,-0.0261026520138787,0
B,core-2m/same_sector_slide3m_noscreen,core-2m/cross_sector_slide3m_noscreen,0.5545257572454332,0.0872559475789,0.1499578307214728,-0.165330287741523,-0.4960852943563432,-0.1419771946348589,0.2320675576702541,-0.5228140331302205,-0.2836207092196832,-0.0868758455005602,0
B,core-2m/same_sector_slide3m_noscreen,core-2m/cross_sector_slide3m_bd7,0.290402820974161,0.04357922902956,0.1326635069370237,-0.1562831587477135,-0.4843905484013804,-0.1381724788198499,0.2290808585858316,-0.4983891743777453,-0.3372261099322505,-0.0948500296479993,0
B,core-2m/same_sector_slide3m_noscreen,core-2m/cross_sector_slide1m_noscreen,0.745682755079259,0.0887544835955587,0.1199275026032968,-0.1328210923108281,-0.6740731371247968,-0.0503481429900116,0.0726955133521747,-0.2501403083541429,-0.135845438116709,-0.0154186737051416,0
B,core-2m/same_sector_slide3m_noscreen,core-2m/cross_sector_slide1m_bd7,0.079651389168361,0.0147859348448401,0.1137505846882549,-0.1536624254997128,-0.3869012263937886,-0.0305619385863608,0.0731562734512394,-0.1678297091933002,-0.2002152504019294,-0.0192831406982512,0
B,core-2m/same_sector_slide3m_noscreen,sp500-2m/same_sector_slide3m_noscreen,0.4922548370716355,0.0563394400163636,0.1161699170814098,-0.1413080459602925,-0.3334188877931627,-0.03499381256084,0.093672508727203,-0.2874705986025773,-0.0744604786646849,-0.0119878886780472,0
B,core-2m/same_sector_slide3m_noscreen,sp500-2m/same_sector_slide3m_bd7,0.2327164414689649,0.0351653544390409,0.1057760831016434,-0.1465231266233008,-0.1733805338178611,-0.0153445886032356,0.0735830214416739,-0.1830881457591894,-0.0222558330092474,-0.0037197281380877,0
B,core-2m/same_sector_slide3m_noscreen,sp500-2m/same_sector_slide1m_noscreen,0.3504217461586169,0.0426278161677133,0.1199137055422508,-0.1780926367496414,0.055088378696119,0.0013580910661377,0.0723821887370639,-0.209989584626044,0.1664635009125099,0.0115316723739799,0
B,core-2m/same_sector_slide3m_noscreen,sp500-2m/same_sector_slide1m_bd7,0.1746144551445017,0.0295523221253262,0.1061409007122029,-0.1535175915079653,-0.6507501063731719,-0.0425287701737777,0.0636506305976593,-0.2258367761470634,-0.3140716115705246,-0.0249771593460753,0
B,core-2m/same_sector_slide3m_noscreen,sp500-2m/cross_sector_slide3m_noscreen,-0.1302801605747658,-0.0208688671510808,0.1272974733024199,-0.1937572446574498,-0.3009270961276752,-0.0379123227575151,0.1088890449513505,-0.2623524810069403,-0.2579529660176682,-0.0350599911451539,0
B,core-2m/same_sector_slide3m_noscreen,sp500-2m/cross_sector_slide3m_bd7,-0.293961006578075,-0.0328297546004997,0.1239891590531292,-0.1822759201514053,-0.0854757138066415,-0.0080129685580297,0.0674384269862669,-0.1667548412765495,-0.1540562083793245,-0.015701227031728,0
B,core-2m/same_sector_slide3m_noscreen,sp500-2m/cross_sector_slide1m_noscreen,0.158963383451374,0.021082839642238,0.1192890228463017,-0.1637527678059198,-0.5851285939161377,-0.0436778788094515,0.0718891132197123,-0.2361493230881823,-0.2958850384793716,-0.0281026581632945,0
B,core-2m/same_sector_slide3m_noscreen,sp500-2m/cross_sector_slide1m_bd7,-0.1386587423076991,-0.0119227239051564,0.1168642140169283,-0.1795004507192761,-0.3851663672597479,-0.0217709185739257,0.0534358554727506,-0.1674766671052203,-0.2530419711249967,-0.0203625281190485,0
B,core-2m/same_sector_slide3m_noscreen,core-12m/same_sector_slide3m_noscreen,0.3767650314932257,0.0397769437545811,0.1033552094430831,-0.1228561018271441,-0.8279060716559568,-0.0586278837596992,0.0699962090461775,-0.2581224412241679,-0.4029777261036179,-0.03430592042577,0
B,core-2m/same_sector_slide3m_noscreen,core-12m/same_sector_slide3m_bd7,0.1653168105455247,0.0217597380248402,0.1150869805297773,-0.1581495542204769,-0.7817364137840742,-0.0480159082842964,0.0605819313864907,-0.1989409004711284,-0.382139672169115,-0.0317446415334568,0
B,core-2m/same_sector_slide3m_noscreen,core-12m/same_sector_slide1m_noscreen,0.0735440271709483,0.012520997560749,0.0977351737935965,-0.1415873810236342,-0.9340687364661766,-0.0570393558519165,0.0608736117667908,-0.2652012179233458,-0.5471377564020182,-0.0402140362850424,0
B,core-2m/same_sector_slide3m_noscreen,core-12m/same_sector_slide1m_bd7,0.1394062040099782,0.0238558657804603,0.1119836558374399,-0.1599612707072544,-1.002708898590965,-0.0531190981937889,0.0530172950136307,-0.2266434295920786,-0.4816731424361584,-0.0349922887150826,0
B,core-2m/same_sector_slide3m_noscreen,core-12m/cross_sector_slide3m_noscreen,0.1630909148269857,0.0216655744211566,0.1355100075352146,-0.1888293041799377,-0.8429259304223459,-0.0715243970658133,0.0838449344544323,-0.3320944501307256,-0.4585754239863699,-0.048873560238406,0
B,core-2m/same_sector_slide3m_noscreen,core-12m/cross_sector_slide3m_bd7,-0.1304581635882214,-0.0132853330159749,0.1155982768906004,-0.1936433322214747,-0.4979265034597185,-0.0333834091113852,0.0640472765687695,-0.1557199643021628,-0.3351483118022786,-0.0292031217045538,0
B,core-2m/same_sector_slide3m_noscreen,core-12m/cross_sector_slide1m_noscreen,0.3984504649128636,0.0468534302448645,0.1218304426968791,-0.1352064940636975,-0.7415477755652453,-0.055043829194544,0.0727579715074269,-0.2811279196087303,-0.3044087622065527,-0.0298794871502972,0
B,core-2m/same_sector_slide3m_noscreen,core-12m/cross_sector_slide1m_bd7,0.2144221192179302,0.0206180951284226,0.0962050823003185,-0.1254173043854582,-0.8404544974339273,-0.04824113351037,0.056887510855185,-0.2211166517873353,-0.4258063037709701,-0.0308758044334256,0
B,core-2m/same_sector_slide3m_noscreen,sp500-12m/same_sector_slide3m_noscreen,0.2209368957063853,0.0267023951792174,0.1314350700922419,-0.1638564632020091,0.1327244664398145,0.0078452486798457,0.0882793281084044,-0.1486874807350563,0.1679334598446975,0.0125418902825036,0
B,core-2m/same_sector_slide3m_noscreen,sp500-12m/same_sector_slide3m_bd7,0.3627144697275564,0.0470557564920258,0.1206798969038044,-0.1479358134985291,-0.2174896987438509,-0.0175101375522823,0.069928934479063,-0.1605124621582874,0.0035954840635895,-0.0024253887577467,0
B,core-2m/same_sector_slide3m_noscreen,sp500-12m/same_sector_slide1m_noscreen,0.8243025145958367,0.0994858554603193,0.1217146388124002,-0.1121455026297121,-0.0837282186209075,-0.0084534399936391,0.0711011604151439,-0.1431141604598138,0.2545801523526139,0.0188254094839195,0
B,core-2m/same_sector_slide3m_noscreen,sp500-12m/same_sector_slide1m_bd7,0.2914906445342833,0.0393850060481551,0.1190285282712619,-0.162144732467041,-0.4054113521341369,-0.0250100796288186,0.0582642479432284,-0.1584552016985211,-0.099683841016609,-0.0096086239461099,0
B,core-2m/same_sector_slide3m_noscreen,sp500-12m/cross_sector_slide3m_noscreen,0.7563100771209221,0.0926341111771159,0.1161855659003314,-0.1124141982600209,-0.2962015425392948,-0.0301326401556267,0.0896935636068308,-0.2012420711805673,0.040878760011975,-3.270218846758155e-05,0
B,core-2m/same_sector_slide3m_noscreen,sp500-12m/cross_sector_slide3m_bd7,1.186130435994011,0.122515959967159,0.1006259208028487,-0.0818104354209625,0.2866601653933606,0.0218500563185455,0.0903800918648664,-0.1650345440861698,0.5282504563696283,0.0464122764914388,0
B,core-2m/same_sector_slide3m_noscreen,sp500-12m/cross_sector_slide1m_noscreen,1.2455412664116898,0.119766598893541,0.0945573587217497,-0.0697414265224456,0.299053158454286,0.0194288856633457,0.073380013904679,-0.1569705784933467,0.589374718942198,0.0447351075134891,0
B,core-2m/same_sector_slide3m_noscreen,sp500-12m/cross_sector_slide1m_bd7,0.7391726455034379,0.0747083868936836,0.0951580584490734,-0.0832916925800809,0.3153588447147876,0.017957213594808,0.0627185327689238,-0.1224430685459039,0.461193540783962,0.0320038719081223,0
B,core-2m/same_sector_slide3m_bd7,core-2m/same_sector_slide1m_noscreen,0.9444923410193474,0.0837938615131203,0.0857597150223009,-0.0757279227995158,-0.6245195815713482,-0.0393453678359594,0.0612544630950577,-0.2475972586001819,-0.0874245208826438,-0.0079143711824254,0
B,core-2m/same_sector_slide3m_bd7,core-2m/same_sector_slide1m_bd7,0.8996759549319904,0.07206824343549,0.076411142425868,-0.0834117552491839,-0.6457461054469117,-0.034714915658796,0.0525624617479218,-0.1768120963293239,-0.1350773631900989,-0.0093298261248388,0
B,core-2m/same_sector_slide3m_bd7,core-2m/cross_sector_slide3m_noscreen,0.1712022975408868,0.0247949983361756,0.1214218252044794,-0.1787287507415447,-0.4773766197666501,-0.1377142501396768,0.2308065460628936,-0.5076445322161436,-0.3556460571422931,-0.0982070090844854,0
B,core-2m/same_sector_slide3m_bd7,core-2m/cross_sector_slide3m_bd7,0.0762247076936641,0.0130712067018428,0.1187192945638237,-0.1410265279635438,-0.3526988366410033,-0.1264712174362688,0.2524694939272087,-0.4643396375174998,-0.273622307885925,-0.0924213192067882,0
B,core-2m/same_sector_slide3m_bd7,core-2m/cross_sector_slide1m_noscreen,0.8030976495423626,0.076945439869703,0.0985184483672273,-0.1361109195244885,-0.8966778833093724,-0.0648054482469284,0.0717754770149264,-0.3035418535331579,-0.3322624967389916,-0.0293240345201616,0
B,core-2m/same_sector_slide3m_bd7,core-2m/cross_sector_slide1m_bd7,0.0828235322528578,0.0055870861934048,0.0897038558552599,-0.1143226299046239,-0.3682944728531919,-0.0361401913597471,0.0884680396839238,-0.1933808348425264,-0.2518135731899065,-0.0260185055002803,0
B,core-2m/same_sector_slide3m_bd7,sp500-2m/same_sector_slide3m_noscreen,0.5514951024435562,0.0520131353740552,0.0945355266164293,-0.1375897005079353,-0.1078634625381352,-0.0125389786544465,0.0842957828023988,-0.236586494040364,0.0838999213841517,0.0038061964605335,0
B,core-2m/same_sector_slide3m_bd7,sp500-2m/same_sector_slide3m_bd7,0.4554371427125775,0.0430689130913205,0.0806565113222636,-0.0893728591262303,0.0187694324900578,-0.0008667281489675,0.0646262619787836,-0.1400970372485707,0.1641092647656983,0.0099596049073517,0
B,core-2m/same_sector_slide3m_bd7,sp500-2m/same_sector_slide1m_noscreen,0.2699432229691697,0.0203671644346461,0.0883311062162936,-0.1536132248416561,0.0628585735750328,0.0019644705657917,0.0575690987298521,-0.1567197847551068,0.1309450888500741,0.006515637835171,0
B,core-2m/same_sector_slide3m_bd7,sp500-2m/same_sector_slide1m_bd7,0.0670206037023171,0.0083980505093089,0.0705784904464506,-0.1183697919298721,-0.2989245381532963,-0.0145447494198883,0.0455414317129136,-0.1241742778049146,-0.1504670756562518,-0.0086967416225278,0
B,core-2m/same_sector_slide3m_bd7,sp500-2m/cross_sector_slide3m_noscreen,-0.2132932303494897,-0.0231001890267337,0.1014777978814538,-0.1607587369254844,-0.075068225362025,-0.0136932133599672,0.1075959706175901,-0.1686575849839376,-0.112094309682078,-0.0170445096321343,0
B,core-2m/same_sector_slide3m_bd7,sp500-2m/cross_sector_slide3m_bd7,-0.3225350414962033,-0.0262669954080253,0.0923500274066774,-0.1425774418457929,0.5735900660873455,0.0454046243685635,0.0834053194378596,-0.1007306535786956,0.314308356048845,0.024008738321157,0
B,core-2m/same_sector_slide3m_bd7,sp500-2m/cross_sector_slide1m_noscreen,0.1452485790677991,0.011845648423713,0.0835135234908113,-0.105623487664159,-0.5376415230676239,-0.0346934384628674,0.0620996540946392,-0.2097548484165096,-0.3120184688310865,-0.0230841038970738,0
B,core-2m/same_sector_slide3m_bd7,sp500-2m/cross_sector_slide1m_bd7,-0.0332452025676427,-0.0001014239204988,0.0775923882215909,-0.1138687205601247,0.021242019643384,-2.515630342647679e-05,0.0437453018995229,-0.1112792949376286,0.0070016788408119,-0.000509220176137,0
B,core-2m/same_sector_slide3m_bd7,core-12m/same_sector_slide3m_noscreen,0.6469250180808405,0.0479844412651606,0.0650330893994614,-0.0607748840489649,-1.092795608731619,-0.0497567351754826,0.0457420198241918,-0.2019396191565959,-0.5216776524779385,-0.0269918015176228,0
B,core-2m/same_sector_slide3m_bd7,core-12m/same_sector_slide3m_bd7,0.9403299307673676,0.0713811508938054,0.0755194687822587,-0.0690153095098913,-0.9739840223649968,-0.0401581880808319,0.0412073635113288,-0.134017862301204,-0.2286076804371604,-0.0131702161501235,0
B,core-2m/same_sector_slide3m_bd7,core-12m/same_sector_slide1m_noscreen,0.3860194962831209,0.0290777230418852,0.0616733230898553,-0.0757802724835378,-0.9707239527680922,-0.0371256319383304,0.0382180194327761,-0.1751444835648186,-0.4934728752447576,-0.0222016167356078,0
B,core-2m/same_sector_slide3m_bd7,core-12m/same_sector_slide1m_bd7,0.4227047566327802,0.0343948975392422,0.0826157115137993,-0.0836615861103784,-1.0399318781389886,-0.0338022275918733,0.0325539368443374,-0.1225090660829415,-0.3432703083486432,-0.0178177824890641,0
B,core-2m/same_sector_slide3m_bd7,core-12m/cross_sector_slide3m_noscreen,0.1925844033595656,0.026892596454224,0.1150839872670956,-0.1442672261190407,-0.9614741435582084,-0.0672794321859906,0.0698881272863296,-0.332627558844485,-0.5157518994912229,-0.0446003765941965,0
B,core-2m/same_sector_slide3m_bd7,core-12m/cross_sector_slide3m_bd7,0.1538608888658391,0.0180195565634241,0.0910033562055464,-0.1215229557224066,-0.2002662206355093,-0.0118997659440047,0.0528176484788677,-0.1102997743237268,-0.0610449660232583,-0.0052903342516405,0
B,core-2m/same_sector_slide3m_bd7,core-12m/cross_sector_slide1m_noscreen,0.5096420435244688,0.0498843007367573,0.0968815501035386,-0.0914996515025518,-0.8640608392127178,-0.0491700670196918,0.0564969172450324,-0.2672532058695827,-0.336297461527592,-0.0249749175317967,0
B,core-2m/same_sector_slide3m_bd7,core-12m/cross_sector_slide1m_bd7,0.3226203672429143,0.0285997201712268,0.0738372553487418,-0.0748186794932449,-0.234674907317467,-0.0104986005629105,0.0413384327470929,-0.0828865160699076,-0.0118423905289227,-0.0010668278960714,0
B,core-2m/same_sector_slide3m_bd7,sp500-12m/same_sector_slide3m_noscreen,0.4157902817361044,0.0595417037356742,0.1099518277306826,-0.1214798131694519,0.2493757241663195,0.0168537543260218,0.0798017417955805,-0.1721027187387624,0.324000844579646,0.0269943946837515,0
B,core-2m/same_sector_slide3m_bd7,sp500-12m/same_sector_slide3m_bd7,0.8197883254933287,0.0704333129959071,0.0867779190752308,-0.0705419981177278,-0.1368084954987487,-0.0107894372097722,0.0641577555393476,-0.1571857535759794,0.162224750036382,0.0090376221427781,0
B,core-2m/same_sector_slide3m_bd7,sp500-12m/same_sector_slide1m_noscreen,0.9875080741634228,0.1004891820605904,0.1012843118466443,-0.0792756963573397,0.1085985655408382,0.0049322403620115,0.0644958473137895,-0.1166242552444138,0.4140168810734188,0.0290559524817615,0
B,core-2m/same_sector_slide3m_bd7,sp500-12m/same_sector_slide1m_bd7,0.6059074938017389,0.0500031126598158,0.0826507830976228,-0.0810176279748981,-0.0028005760261498,-0.0014001147937539,0.0501085559876707,-0.0933718386832418,0.2139656971643388,0.0113399934067424,0
B,core-2m/same_sector_slide3m_bd7,sp500-12m/cross_sector_slide3m_noscreen,1.05315784254031,0.1095777565546479,0.1042678177678536,-0.0818024331127964,-0.3889495706542344,-0.0472438405119383,0.1086707954543701,-0.3147270106468844,-0.0270737701900996,-0.0087455810396462,0
B,core-2m/same_sector_slide3m_bd7,sp500-12m/cross_sector_slide3m_bd7,0.9415198591281276,0.0851293191628562,0.0925536359787254,-0.0816125543394476,0.2996741478182391,0.0231231037875256,0.0908470458757436,-0.1625612493330958,0.4494324951096982,0.037372112974738,0
B,core-2m/same_sector_slide3m_bd7,sp500-12m/cross_sector_slide1m_noscreen,1.1018426649476816,0.0972338964523678,0.0872642312541135,-0.075312097558039,0.0947096961251011,0.0040816601764788,0.0663004473195373,-0.1141500385073841,0.4073786832053377,0.0272412465090659,0
B,core-2m/same_sector_slide3m_bd7,sp500-12m/cross_sector_slide1m_bd7,0.6360390754572601,0.052133368599681,0.0850131094243522,-0.0962607080617549,0.3901915682277022,0.0195041448209196,0.0531512716548739,-0.0786615325255234,0.4591908083487346,0.0270833837931506,0
B,core-2m/same_sector_slide1m_noscreen,core-2m/same_sector_slide1m_bd7,1.0235161156932964,0.0811680990826903,0.0780475403102176,-0.0738852621792565,-0.5163223862736097,-0.032248240847571,0.0599866975258251,-0.201409530541944,-0.0192634355079772,-0.0031948624155798,0
B,core-2m/same_sector_slide1m_noscreen,core-2m/cross_sector_slide3m_noscreen,0.6531866431224952,0.0846568649906829,0.1165620772365927,-0.1300611051092241,-0.4368659038258441,-0.1251045153700205,0.2243854748598213,-0.5175809725212848,-0.2426290586925259,-0.0735850512972839,0
B,core-2m/same_sector_slide1m_noscreen,core-2m/cross_sector_slide3m_bd7,0.8276480786234476,0.0796540909194803,0.094599624230129,-0.083366186896564,-0.3796216865969669,-0.1101768760327305,0.2175193824811005,-0.475204519863553,-0.2014803788092644,-0.0628826789380433,0
B,core-2m/same_sector_slide1m_noscreen,core-2m/cross_sector_slide1m_noscreen,0.6855704615371835,0.0633752309496896,0.0978340719091094,-0.1118462852255326,-0.5849580261154702,-0.0408563914141897,0.0674132525879969,-0.2709250368457001,-0.1425124475642221,-0.0138265004327714,0
B,core-2m/same_sector_slide1m_noscreen,core-2m/cross_sector_slide1m_bd7,0.318294757482511,0.0272735735038907,0.0970370505327781,-0.1158912688413998,-0.1246395764824417,-0.0105388245868074,0.0667375925166436,-0.1459736095265992,0.0314475840491735,-0.0004186260471292,0
B,core-2m/same_sector_slide1m_noscreen,sp500-2m/same_sector_slide3m_noscreen,0.9245555490830706,0.0952527005480841,0.0987748165833237,-0.081574933186298,0.0417592163001637,-0.00041040737713,0.0928883993778404,-0.2721819683598973,0.2970205208278429,0.0243349216761856,0
B,core-2m/same_sector_slide1m_noscreen,sp500-2m/same_sector_slide3m_bd7,0.7173286658039546,0.0541983157746222,0.0762069224668997,-0.073537266806258,0.061439019259142,0.001886743613743,0.0654328619331477,-0.1413898866222973,0.2583821707000397,0.0155634758589851,0
B,core-2m/same_sector_slide1m_noscreen,sp500-2m/same_sector_slide1m_noscreen,0.8221902451575827,0.0710202079220227,0.0887217683768362,-0.0899924969943956,0.5109657850193933,0.0318733065249257,0.0656199353173047,-0.1691260397238363,0.6078813059401563,0.042281820846314,0
B,core-2m/same_sector_slide1m_noscreen,sp500-2m/same_sector_slide1m_bd7,0.6842298965509732,0.0531796983434634,0.078915239145477,-0.071998494234628,-0.293965763508031,-0.0172507228139321,0.0541891501661349,-0.1391690579370712,0.0468945394685202,0.0010925875235869,0
B,core-2m/same_sector_slide1m_noscreen,sp500-2m/cross_sector_slide3m_noscreen,0.2185849941626756,0.0174481650157648,0.1012122665697143,-0.1244911455481292,-0.5312550410193857,-0.0529889479440724,0.0941292616494446,-0.3042103166515777,-0.3188533305428588,-0.0345947584060349,0
B,core-2m/same_sector_slide1m_noscreen,sp500-2m/cross_sector_slide3m_bd7,0.425711848719305,0.0366069151771098,0.0875471895179634,-0.0847943039910353,0.3719600227193416,0.0260235416304468,0.0769282485975037,-0.1593183256102931,0.3941688603657085,0.0289928613221583,0
B,core-2m/same_sector_slide1m_noscreen,sp500-2m/cross_sector_slide1m_noscreen,0.3168965182456394,0.0252310970730823,0.0895283173397729,-0.0931476162650969,-0.6904625786868039,-0.0472066005651111,0.066792993545337,-0.2614797823096413,-0.3550279769066542,-0.0283020378801393,0
B,core-2m/same_sector_slide1m_noscreen,sp500-2m/cross_sector_slide1m_bd7,0.268454221003802,0.0193208748155867,0.0796830127001007,-0.0807816064862149,-0.4254103252681591,-0.0220532961621936,0.0495341326410716,-0.1640047083325581,-0.1623896134291659,-0.0110847682493561,0
B,core-2m/same_sector_slide1m_noscreen,core-12m/same_sector_slide3m_noscreen,0.7617243869399271,0.0559361317613636,0.0739454091121916,-0.0645811418579401,-0.6818499102479082,-0.0383563490025412,0.055127876372315,-0.1971488694724364,-0.2063333685870619,-0.0140721408420102,0
B,core-2m/same_sector_slide1m_noscreen,core-12m/same_sector_slide3m_bd7,0.9759887590635584,0.0694398207291017,0.0706367748217026,-0.0681966948301083,-0.3692409561565266,-0.0196144574171232,0.0502311461277331,-0.1508154326499609,0.0813818435652543,0.0034297970943942,0
B,core-2m/same_sector_slide1m_noscreen,core-12m/same_sector_slide1m_noscreen,0.7991829247198582,0.0645590394037599,0.0815295199684786,-0.0786825964250533,-0.362165175269386,-0.0202089864901408,0.0525478505261009,-0.1312290823990429,0.0549168312985972,0.0016394929652546,0
B,core-2m/same_sector_slide1m_noscreen,core-12m/same_sector_slide1m_bd7,0.979572604131475,0.0762147672832908,0.0771146223423746,-0.071078407816103,-0.6378575656004174,-0.0302011381027661,0.0463819828823926,-0.1433507861801658,-0.0273486127846536,-0.0028730735672177,0
B,core-2m/same_sector_slide1m_noscreen,core-12m/cross_sector_slide3m_noscreen,0.5950268891967931,0.0698411964188006,0.1122304591913321,-0.1215424052328088,-0.6075263850625844,-0.047547634230562,0.0754844302840713,-0.3019398377288661,-0.1721263627730888,-0.0176599466909727,0
B,core-2m/same_sector_slide1m_noscreen,core-12m/cross_sector_slide3m_bd7,0.678951691455253,0.0540444562633391,0.0814750785167115,-0.0829109462596858,-0.2447183563324446,-0.0156470727908326,0.0576508641011626,-0.1259816104358694,0.0698262777973934,0.0025430844602806,0
B,core-2m/same_sector_slide1m_noscreen,core-12m/cross_sector_slide1m_noscreen,0.7752536446538936,0.0772788106047987,0.1021536027128716,-0.0934796506566228,-0.57911941257784,-0.0404848054088357,0.0674243589567443,-0.2395109204761641,-0.0961671471618963,-0.0104311492388361,0
B,core-2m/same_sector_slide1m_noscreen,core-12m/cross_sector_slide1m_bd7,0.5417689581291768,0.0417119497933447,0.0792881173000831,-0.1004697569687956,-0.3195835322812075,-0.0167225128113559,0.0490087992878734,-0.1126321143909272,0.001293711018832,-0.0014533369550246,0
B,core-2m/same_sector_slide1m_noscreen,sp500-12m/same_sector_slide3m_noscreen,0.7828117183831832,0.0922954663391233,0.1177423566659624,-0.098543993239274,0.3757690101638777,0.0283928454362689,0.083883256911389,-0.1813517406360308,0.5099410384854739,0.0448870492396107,0
B,core-2m/same_sector_slide1m_noscreen,sp500-12m/same_sector_slide3m_bd7,0.7516753545233323,0.065762841048095,0.0887419543762593,-0.0808677439513544,0.1471406727501319,0.0075232989696714,0.0656323672288507,-0.1499294335655717,0.344800308994205,0.0227914547845875,0
B,core-2m/same_sector_slide1m_noscreen,sp500-12m/same_sector_slide1m_noscreen,0.9017935646711048,0.0987479716454697,0.1109266526114542,-0.0916573687212771,-0.0647160758569776,-0.0066921046596544,0.067974313872389,-0.125594921611036,0.2869867233698188,0.0203761181952366,0
B,core-2m/same_sector_slide1m_noscreen,sp500-12m/same_sector_slide1m_bd7,0.7469312077977649,0.0663915206411641,0.0907074214388582,-0.0895982782029665,0.0303240234277238,0.0001349323727586,0.0556256869842188,-0.137523979768294,0.2906090567661308,0.0174584539575931,0
B,core-2m/same_sector_slide1m_noscreen,sp500-12m/cross_sector_slide3m_noscreen,1.0162472713404975,0.1032392815679363,0.1014434196216107,-0.0834519482462024,-0.0699573975007558,-0.0093188837654678,0.0837651323594037,-0.1452760161003107,0.2571718686893269,0.019262350792206,0
B,core-2m/same_sector_slide1m_noscreen,sp500-12m/cross_sector_slide3m_bd7,1.2977508067823438,0.1072375488634708,0.0849632336128878,-0.0716230301694453,0.2085870973724466,0.0139573931655938,0.0845088213139729,-0.1736933120496905,0.4833328863315797,0.0378898104597366,0
B,core-2m/same_sector_slide1m_noscreen,sp500-12m/cross_sector_slide1m_noscreen,1.1716880466482238,0.1081079768547415,0.0897007932216962,-0.0772087557584036,0.3884637223138263,0.0243213391129115,0.067794962858071,-0.1434201831443128,0.6335135205143043,0.0454836733584587,0
B,core-2m/same_sector_slide1m_noscreen,sp500-12m/cross_sector_slide1m_bd7,1.2928938359901496,0.1014713883290938,0.0769981902540736,-0.0520128083004406,0.3745762528650695,0.0204554069484421,0.058688539408667,-0.0984104040793509,0.6634907073707692,0.0414044754974022,0
B,core-2m/same_sector_slide1m_bd7,core-2m/cross_sector_slide3m_noscreen,0.1759742035577784,0.0214005388512528,0.1038771826527839,-0.1628233944181703,-0.4319374273394481,-0.1228324141435093,0.2220141086775222,-0.497891125467005,-0.322731941096358,-0.0870493625429006,0
B,core-2m/same_sector_slide1m_bd7,core-2m/cross_sector_slide3m_bd7,0.6777622093826403,0.0536634204851608,0.0795173225771408,-0.0848332152751219,-0.3906146426103624,-0.1144408791049205,0.2205782847311563,-0.4757309905269448,-0.2616546340589066,-0.075340284867628,0
B,core-2m/same_sector_slide1m_bd7,core-2m/cross_sector_slide1m_noscreen,0.4370068381200767,0.0330458494735071,0.0826333075252203,-0.1297538526403733,-0.4961236617048304,-0.0273636841057764,0.0530735733613236,-0.1570126512400261,-0.1576803271559501,-0.0117172639959073,0
B,core-2m/same_sector_slide1m_bd7,core-2m/cross_sector_slide1m_bd7,0.2534477369400871,0.0188266335787843,0.0810498620889034,-0.1050728966675953,-0.1096177218134632,-0.0066785933691639,0.0497785787424211,-0.1173688413136851,0.0176790910499923,-0.0005985646230185,0
B,core-2m/same_sector_slide1m_bd7,sp500-2m/same_sector_slide3m_noscreen,0.7277600715794678,0.0600862627295893,0.0792381262536808,-0.1109600358757058,0.0911465765806419,0.0041761320673014,0.0857823126181279,-0.2135767546421839,0.2538704261783266,0.0183632159145392,0
B,core-2m/same_sector_slide1m_bd7,sp500-2m/same_sector_slide3m_bd7,0.9187564598743976,0.057560458026843,0.0624804758541661,-0.0693428194892818,0.2960802836750891,0.0158297581486395,0.0588791915429152,-0.1268000202839235,0.4623582352044644,0.026268283833717,0
B,core-2m/same_sector_slide1m_bd7,sp500-2m/same_sector_slide1m_noscreen,0.5101161090739448,0.0337062910116781,0.0701185090819434,-0.1168622151280256,0.4513504809436279,0.024566534836987,0.057423216160779,-0.1058327715859172,0.4649100091741709,0.0268752629045936,0
B,core-2m/same_sector_slide1m_bd7,sp500-2m/same_sector_slide1m_bd7,0.4733882962151733,0.0273516864413469,0.0579931969371216,-0.0938960867039732,-0.1564002635350216,-0.0079652880347217,0.0447211711187297,-0.1046780680287354,0.0447576432703828,0.0010984577828347,0
B,core-2m/same_sector_slide1m_bd7,sp500-2m/cross_sector_slide3m_noscreen,0.2906506808925362,0.024436980506161,0.0871716682600515,-0.1221365433537572,-0.2146354576452837,-0.0254745052317197,0.0980199316996918,-0.1974628803652789,-0.0892228547379114,-0.0127620027462171,0
B,core-2m/same_sector_slide1m_bd7,sp500-2m/cross_sector_slide3m_bd7,0.25971733080233,0.017660957026433,0.0670439963674662,-0.1023109043489395,0.5103019290516332,0.0356412899842903,0.073910411619567,-0.1236525724046904,0.4508246540840157,0.0305748269507525,0
B,core-2m/same_sector_slide1m_bd7,sp500-2m/cross_sector_slide1m_noscreen,0.4574598698316008,0.0311384028060365,0.0711930690321712,-0.088496972013711,-0.362883721597542,-0.0216905448591656,0.0560993363065299,-0.1859176598837749,-0.1044045431288975,-0.0080379982092169,0
B,core-2m/same_sector_slide1m_bd7,sp500-2m/cross_sector_slide1m_bd7,0.4497582000552068,0.0288286062174767,0.064299765829088,-0.0826153753210707,0.0626833768746514,0.0017468804378906,0.0416236939513312,-0.1266613780707342,0.1940123194293313,0.0084136152079873,0
B,core-2m/same_sector_slide1m_bd7,core-12m/same_sector_slide3m_noscreen,0.9272020866550346,0.0464819318143045,0.0499727453901179,-0.049201669459163,-0.6290299266979487,-0.0263698068159813,0.0411386976092505,-0.1609108576460349,-0.1937876584127743,-0.0092797302630498,0
B,core-2m/same_sector_slide1m_bd7,core-12m/same_sector_slide3m_bd7,0.9928539194236312,0.0463914866930068,0.0488252476300947,-0.0623814563835672,-0.3673107563738899,-0.0140878547430649,0.0367859002946277,-0.0928963249931816,0.0266997122440972,0.000124251583751,0
B,core-2m/same_sector_slide1m_bd7,core-12m/same_sector_slide1m_noscreen,0.8809765669459944,0.0421735656463434,0.0472207669442666,-0.0526679616183746,-0.4691666420310053,-0.0177739311246815,0.0367831995271131,-0.128613248125389,-0.0688841217174775,-0.0034475467710161,0
B,core-2m/same_sector_slide1m_bd7,core-12m/same_sector_slide1m_bd7,0.88499931247538,0.0446429287524141,0.0504145660695519,-0.0620917349345423,-0.379186101427965,-0.0126596132429304,0.0322285908329501,-0.0758715435482236,0.0414293351242112,0.0008663579560605,0
B,core-2m/same_sector_slide1m_bd7,core-12m/cross_sector_slide3m_noscreen,0.5165594699693086,0.0483781575376709,0.0939553230207261,-0.1083622222121786,-0.5170015058241553,-0.0332992926165075,0.0618080223523582,-0.2388577647607346,-0.149296862657981,-0.0128269907611884,0
B,core-2m/same_sector_slide1m_bd7,core-12m/cross_sector_slide3m_bd7,0.7815070090494579,0.0521631632284722,0.0658599384100012,-0.0704336061925194,-0.1653014275992056,-0.0089469751010121,0.0475309413218132,-0.0901884115056793,0.1323913099177996,0.005764543619342,0
B,core-2m/same_sector_slide1m_bd7,core-12m/cross_sector_slide1m_noscreen,0.8029557641116476,0.0712073797926224,0.0889211817885395,-0.0894661395441848,-0.7907974715920794,-0.0432016961235754,0.053996529597093,-0.240376308019791,-0.195364900686951,-0.0146350806449672,0
B,core-2m/same_sector_slide1m_bd7,core-12m/cross_sector_slide1m_bd7,0.6361621795316851,0.0442026873668003,0.0711632795668452,-0.0758617339544762,-0.1935963372960975,-0.0090770828715995,0.0424483410762036,-0.1165762768120378,0.0985442508273472,0.0037685552997209,0
B,core-2m/same_sector_slide1m_bd7,sp500-12m/same_sector_slide3m_noscreen,0.9025576753551102,0.0912303457379617,0.0957446915229564,-0.0828711393044627,0.3638204915733719,0.0250407756007371,0.0759061989732296,-0.1258748927755536,0.5345018168726391,0.0418773013884123,0
B,core-2m/same_sector_slide1m_bd7,sp500-12m/same_sector_slide3m_bd7,0.8390216392274309,0.0598845113236624,0.0726302763170332,-0.0758100482583761,0.0625488946775081,0.0019374410611798,0.0576122486489254,-0.1322744421447858,0.2877793314224527,0.0159863076394031,0
B,core-2m/same_sector_slide1m_bd7,sp500-12m/same_sector_slide1m_noscreen,0.9506655110859858,0.0891484753773559,0.0931676664300844,-0.065069290357739,0.2020818163927913,0.0101591337104314,0.0585060754014686,-0.1100420759366661,0.4620132120160874,0.0301979713606457,0
B,core-2m/same_sector_slide1m_bd7,sp500-12m/same_sector_slide1m_bd7,0.7575839174013616,0.0547854214764949,0.0718716236729683,-0.0785086875446961,0.1648239995743953,0.0069079455871576,0.0491104834804263,-0.0894561316820036,0.3566036396574861,0.0186273231891227,0
B,core-2m/same_sector_slide1m_bd7,sp500-12m/cross_sector_slide3m_noscreen,0.955756412009209,0.0843101361922074,0.0901748832013283,-0.0773331185874334,0.2690152393207062,0.0170854661831996,0.0728284056603175,-0.1240258045165529,0.4697572310547518,0.0340444440851852,0
B,core-2m/same_sector_slide1m_bd7,sp500-12m/cross_sector_slide3m_bd7,0.8876163518269602,0.0657236907805933,0.0800689664096928,-0.0817801306820023,0.0687711203345318,0.0020670707403056,0.0826460644142943,-0.2067175388137292,0.2510393423319829,0.0170919353775578,0
B,core-2m/same_sector_slide1m_bd7,sp500-12m/cross_sector_slide1m_noscreen,0.9716605147461026,0.0759076234034435,0.0773664609729721,-0.0599264309193912,0.4620259917883586,0.0263939802954416,0.0603389621941081,-0.1085258166838629,0.6172511717617216,0.0389792368151522,0
B,core-2m/same_sector_slide1m_bd7,sp500-12m/cross_sector_slide1m_bd7,0.9211922735288748,0.0664495766666271,0.074575623755741,-0.0833772575203331,0.0536249537061899,0.0014254974521985,0.0520836306883349,-0.1336929598506957,0.3189953388046797,0.0169370682139212,0
B,core-2m/cross_sector_slide3m_noscreen,core-2m/cross_sector_slide3m_bd7,0.6828098118499654,0.1298125956971711,0.183100979165409,-0.1963166557732766,-0.179797143038506,-0.099958192899894,0.2735068086999228,-0.5179468031198384,-0.0007228993931632,-0.0438253968663888,0
B,core-2m/cross_sector_slide3m_noscreen,core-2m/cross_sector_slide1m_noscreen,0.9460111697930392,0.1409995579525297,0.1429801770710958,-0.1569409778353424,-0.326212845294601,-0.1109162549028223,0.2372525311609115,-0.5280463361884855,-0.0903267458304054,-0.0500661129241472,0
B,core-2m/cross_sector_slide3m_noscreen,core-2m/cross_sector_slide1m_bd7,0.432449662852438,0.053077161861914,0.1302386810636493,-0.1676313446346052,-0.1999201531263709,-0.0825001641954509,0.2334909671542575,-0.4947785199020728,-0.0919842976766247,-0.0491270259589277,0
B,core-2m/cross_sector_slide3m_noscreen,sp500-2m/same_sector_slide3m_noscreen,0.7351693731900398,0.1392080920897156,0.1742557237232159,-0.204126915337136,-0.3005527645706684,-0.1034328366182123,0.2349924813563913,-0.5090981554287596,-0.0690197862288903,-0.0455587353035961,0
B,core-2m/cross_sector_slide3m_noscreen,sp500-2m/same_sector_slide3m_bd7,0.5332517810440461,0.0766788612903731,0.1352412309766064,-0.1510570331965132,-0.2861958719726071,-0.1011527308642543,0.2357846460761989,-0.4717756398460216,-0.1317289899397276,-0.0571173677839175,0
B,core-2m/cross_sector_slide3m_noscreen,sp500-2m/same_sector_slide1m_noscreen,0.4724566115961953,0.0607487216273022,0.1453087213734487,-0.2086285102620824,-0.2179473748795415,-0.0801859335273972,0.2223410431508247,-0.4686876612606643,-0.0862976273078891,-0.0449950660957393,0
B,core-2m/cross_sector_slide3m_noscreen,sp500-2m/same_sector_slide1m_bd7,0.5978027052845,0.0786980793641122,0.1370831286035184,-0.1768050003431425,-0.2687249953366049,-0.0902840818838766,0.2216390331710211,-0.4729490631599321,-0.1076897967935393,-0.0485662036140233,0
B,core-2m/cross_sector_slide3m_noscreen,sp500-2m/cross_sector_slide3m_noscreen,0.5552655428055558,0.0856738586270241,0.1599618744940641,-0.1755963448125118,-0.0694683052493321,-0.0279928062837137,0.1737322950695905,-0.3097834396265135,0.083332682137141,-0.0008213191333524,0
B,core-2m/cross_sector_slide3m_noscreen,sp500-2m/cross_sector_slide3m_bd7,0.3275111685807977,0.0463178450514253,0.1509586711729177,-0.2036139665397227,0.6322519992394671,0.0534766100387786,0.0885604501003024,-0.126395765440349,0.5090785428314212,0.0509036196741942,0
B,core-2m/cross_sector_slide3m_noscreen,sp500-2m/cross_sector_slide1m_noscreen,0.5267960888360552,0.072803980304539,0.1332806048813886,-0.1663480097189514,-0.2207628371680988,-0.0823355054318387,0.2261670434215418,-0.4695077857689245,-0.0842468788954727,-0.044839750317704,0
B,core-2m/cross_sector_slide3m_noscreen,sp500-2m/cross_sector_slide1m_bd7,0.5897549596859315,0.0870857178048982,0.1452056321677294,-0.1847196588351429,-0.2784578602208071,-0.0914559231271092,0.2197946597731372,-0.4735840641593114,-0.110083103927997,-0.0491441902066941,0
B,core-2m/cross_sector_slide3m_noscreen,core-12m/same_sector_slide3m_noscreen,0.5461693324315987,0.0842113663789072,0.1260662935957749,-0.1627825764171333,-0.3161119250093819,-0.1052276740691782,0.2315366736561764,-0.4702049646011235,-0.1556854971681676,-0.0606988279306038,0
B,core-2m/cross_sector_slide3m_noscreen,core-12m/same_sector_slide3m_bd7,0.5892890861387838,0.1015258088255524,0.1475269382822537,-0.1706904182142633,-0.3360162397086502,-0.1082055080306303,0.2286912862092647,-0.4688654347627513,-0.1502619612317066,-0.0596832408725955,0
B,core-2m/cross_sector_slide3m_noscreen,core-12m/same_sector_slide1m_noscreen,0.6924929177659881,0.1238397328100403,0.1372630178482097,-0.1541501436615647,-0.2512828949756193,-0.0889697104458068,0.2261249718794285,-0.4740328310891988,-0.0591101471231481,-0.0401046158419733,0
B,core-2m/cross_sector_slide3m_noscreen,core-12m/same_sector_slide1m_bd7,0.210220427528263,0.038670609686193,0.1239535848718149,-0.1654763308587108,-0.3643221578900392,-0.1111855793638795,0.2240521688449002,-0.4789872687556517,-0.2479161060541383,-0.0760172221132767,0
B,core-2m/cross_sector_slide3m_noscreen,core-12m/cross_sector_slide3m_noscreen,0.3708222129608457,0.0521096931321964,0.1490017165774963,-0.1859048487512753,-0.4776869305310538,-0.1377959550446708,0.2315924878713271,-0.569609792209363,-0.311665037616575,-0.0922776346226212,0
B,core-2m/cross_sector_slide3m_noscreen,core-12m/cross_sector_slide3m_bd7,0.4075322658181001,0.0541908122061166,0.1256990465762631,-0.1498097545581944,-0.3367310409140193,-0.1079548023878274,0.2283739645592964,-0.4686224273904216,-0.2000756967856262,-0.068200547951702,0
B,core-2m/cross_sector_slide3m_noscreen,core-12m/cross_sector_slide1m_noscreen,1.071133888631458,0.1401606037586585,0.1274526404112044,-0.1052052218985827,-0.3600031377823935,-0.1096850169685624,0.2239905276271898,-0.4867288894220055,-0.1147535860767032,-0.0502620793133978,0
B,core-2m/cross_sector_slide3m_noscreen,core-12m/cross_sector_slide1m_bd7,0.8398034718525443,0.0949441764899415,0.1036417324096331,-0.1102815661840635,-0.3067892685780202,-0.0967277893238425,0.2188257884517262,-0.4683167262836388,-0.1305712909693035,-0.0508131821107494,0
B,core-2m/cross_sector_slide3m_noscreen,sp500-12m/same_sector_slide3m_noscreen,0.7324573721604792,0.0940849821615167,0.1475485436803822,-0.147812380048204,-0.1650953807801938,-0.0733178170369709,0.2325903629977363,-0.4937876073638433,-0.013693721109118,-0.0330263108653156,0
B,core-2m/cross_sector_slide3m_noscreen,sp500-12m/same_sector_slide3m_bd7,0.6525874652349631,0.0710937025808717,0.1368730024358894,-0.156742670452425,-0.162140870155638,-0.071375666859147,0.2283782146696658,-0.4813798440515765,-0.0349459548412559,-0.0364414699048323,0
B,core-2m/cross_sector_slide3m_noscreen,sp500-12m/same_sector_slide1m_noscreen,0.6281069137913629,0.0728877965802557,0.1289882326936175,-0.1525565958999192,-0.2501231205709497,-0.0871191689920456,0.2231637626234148,-0.4710663804688493,-0.1029188601281354,-0.0476604114169173,0
B,core-2m/cross_sector_slide3m_noscreen,sp500-12m/same_sector_slide1m_bd7,0.3380520201349968,0.0326846288004322,0.1200425153278081,-0.1684830418523357,-0.1823180040177604,-0.0722253440652304,0.2202635736538445,-0.4678766083943412,-0.1005065700582428,-0.0461949366666882,0
B,core-2m/cross_sector_slide3m_noscreen,sp500-12m/cross_sector_slide3m_noscreen,1.1367540535381069,0.1468547806202958,0.1273312636194606,-0.1015504402453522,-0.1164058966770313,-0.0675021501695247,0.2429480003997437,-0.4852184325546148,0.0758502847630575,-0.0159722612416551,0
B,core-2m/cross_sector_slide3m_noscreen,sp500-12m/cross_sector_slide3m_bd7,1.1182884448008843,0.1191044469291938,0.1072527640591805,-0.0996328209078361,0.0786617516567039,0.0020382028454901,0.1100015980210604,-0.2514616370828404,0.3283190939151772,0.0308167919869827,0
B,core-2m/cross_sector_slide3m_noscreen,sp500-12m/cross_sector_slide1m_noscreen,0.9069948523940264,0.106140991763153,0.1149235262464881,-0.1079138609540524,-0.0344409018663793,-0.0434294520909451,0.2270720462715442,-0.4798287402028054,0.1093737751150349,-0.0061305691929688,0
B,core-2m/cross_sector_slide3m_noscreen,sp500-12m/cross_sector_slide1m_bd7,0.9070800500896335,0.0934863377227126,0.1014057909102689,-0.0917515997656298,0.3492057896843367,0.0229915265689393,0.0728984893376934,-0.1252436820082182,0.526114692037729,0.04087203944788,0
B,core-2m/cross_sector_slide3m_bd7,core-2m/cross_sector_slide1m_noscreen,0.9038234914254832,0.1094744191826929,0.1212563095578848,-0.1498319780647579,-0.249889882139791,-0.0908898609929039,0.2286386679584609,-0.4853226283117569,-0.0607562420882833,-0.0414246980331613,0
B,core-2m/cross_sector_slide3m_bd7,core-2m/cross_sector_slide1m_bd7,0.0658145118976216,0.0084039130984883,0.1081404516587251,-0.1214951286225282,-0.2321408523876415,-0.0943411997239642,0.2417377514714934,-0.4817904042178851,-0.1780420585307982,-0.0688970660189147,0
B,core-2m/cross_sector_slide3m_bd7,sp500-2m/same_sector_slide3m_noscreen,0.4199773847468311,0.0431232113165626,0.1144933239830946,-0.1466261811382778,-0.1482291000627326,-0.0705143939980743,0.2333896243715371,-0.4785933191048145,-0.0602205094647066,-0.0417070533051909,0
B,core-2m/cross_sector_slide3m_bd7,sp500-2m/same_sector_slide3m_bd7,0.3880288089752675,0.0371801299742551,0.0959267780367983,-0.09260839247125,-0.2154723618285651,-0.0944212793038824,0.2506120069895381,-0.4644054738070966,-0.1280073852342105,-0.0602689400089354,0
B,core-2m/cross_sector_slide3m_bd7,sp500-2m/same_sector_slide1m_noscreen,-0.0454539907207587,-0.0034761881926755,0.1058785914671172,-0.1710471065652734,-0.1226804580077413,-0.0587615707274173,0.2169495923683276,-0.4718155588894599,-0.0996035465772121,-0.0444762037728891,0
B,core-2m/cross_sector_slide3m_bd7,sp500-2m/same_sector_slide1m_bd7,-0.0919376172607032,-0.0043143958817088,0.0999329172143862,-0.1420779340266946,-0.2214532852785609,-0.0833181334585256,0.2259025770656564,-0.4645806520935198,-0.1844455727332296,-0.0628965985092601,0
B,core-2m/cross_sector_slide3m_bd7,sp500-2m/cross_sector_slide3m_noscreen,-0.0498592654399773,-0.0119339773470402,0.1380084398663014,-0.1845780995600523,0.1196835502628275,0.004608027858423,0.1708128134040321,-0.2593072164506435,0.0827262880967431,-0.0005710850500936,0
B,core-2m/cross_sector_slide3m_bd7,sp500-2m/cross_sector_slide3m_bd7,-0.4536764729110975,-0.0541314791292761,0.1222089814342452,-0.167811165966172,0.1968291562536639,0.0169095448111868,0.1552258574522073,-0.2577198161160946,0.0685204852526685,-0.0018381453667458,0
B,core-2m/cross_sector_slide3m_bd7,sp500-2m/cross_sector_slide1m_noscreen,-0.1036558631537546,-0.0126610540676707,0.1115557418996234,-0.1526227746311773,-0.1848884743198769,-0.0718741360879956,0.2182663982109713,-0.4657759007189993,-0.1629257816953877,-0.0570800157807803,0
B,core-2m/cross_sector_slide3m_bd7,sp500-2m/cross_sector_slide1m_bd7,-0.3489180137625574,-0.0283638184506329,0.1061471666355466,-0.1453264589411153,-0.2444851018925351,-0.0863833369459431,0.2224088839455334,-0.4648184947408426,-0.2375144717272306,-0.0724863299435734,0
B,core-2m/cross_sector_slide3m_bd7,core-12m/same_sector_slide3m_noscreen,0.0815899388617018,0.0123392181820452,0.0770568180905631,-0.0945313599208598,-0.3091499972271624,-0.1083268564533607,0.2380377686893537,-0.4663341010379315,-0.2489660955518449,-0.0814507622151017,0
B,core-2m/cross_sector_slide3m_bd7,core-12m/same_sector_slide3m_bd7,-0.1639587669350888,-0.023241733712394,0.1085003259831764,-0.1312306015383794,-0.3951012158844106,-0.1353728239058232,0.2512077190226905,-0.4659176089541914,-0.3522295637765569,-0.1099283257702182,0
B,core-2m/cross_sector_slide3m_bd7,core-12m/same_sector_slide1m_noscreen,-0.1273823995381031,0.0003838508406556,0.0807383292228366,-0.0970911768503465,-0.195614035309983,-0.0768463528378474,0.2233929059967915,-0.4649447733312156,-0.1644936384587692,-0.0595278763093916,0
B,core-2m/cross_sector_slide3m_bd7,core-12m/same_sector_slide1m_bd7,-0.4693322251560599,-0.0216713145896027,0.0816820872544977,-0.0991049763087084,-0.326414718151092,-0.1145723580943911,0.2415477962555156,-0.4646686723430157,-0.3022431528369418,-0.0943658876849379,0
B,core-2m/cross_sector_slide3m_bd7,core-12m/cross_sector_slide3m_noscreen,0.2198783784640524,0.0261170382367089,0.1196289572041247,-0.1461337304445245,-0.3832288441331862,-0.1151885518927473,0.2246540576188399,-0.5140116665811814,-0.275428932689375,-0.0811565825989147,0
B,core-2m/cross_sector_slide3m_bd7,core-12m/cross_sector_slide3m_bd7,0.176636835114223,0.0092802921845999,0.1140667305974235,-0.1360153227996672,-0.3084075169971063,-0.1114572812312714,0.2435280795998829,-0.4659176089541914,-0.2391497406421408,-0.0825555413694751,0
B,core-2m/cross_sector_slide3m_bd7,core-12m/cross_sector_slide1m_noscreen,0.3234286794976194,0.0287986653075916,0.1000165988485332,-0.0983823678378354,-0.3033600594097193,-0.0951363797056983,0.2172055951794941,-0.4655295874362214,-0.2077338985901816,-0.0644855994129766,0
B,core-2m/cross_sector_slide3m_bd7,core-12m/cross_sector_slide1m_bd7,0.2465872814668199,0.0226963277517281,0.0934057521946286,-0.1044589408497698,-0.2557119069315771,-0.092003970843153,0.2284426195548774,-0.4645763680507924,-0.1811860321452215,-0.0640347974088865,0
B,core-2m/cross_sector_slide3m_bd7,sp500-12m/same_sector_slide3m_noscreen,0.4734101379037593,0.0599041506901757,0.1219673515461999,-0.1164702861441449,-0.0838425951454564,-0.0537817859140874,0.2260290405817708,-0.4662637321751716,0.014262103651031,-0.0253365604873941,0
B,core-2m/cross_sector_slide3m_bd7,sp500-12m/same_sector_slide3m_bd7,0.1737437208881303,0.0172509669650881,0.1027257237661332,-0.1083496205011933,-0.1594351416885186,-0.0752266162248347,0.2369729625912326,-0.4689622652316193,-0.1067226374901646,-0.0525342908168149,0
B,core-2m/cross_sector_slide3m_bd7,sp500-12m/same_sector_slide1m_noscreen,0.769332152790706,0.0841356861349996,0.1101370986405475,-0.1125964071469146,-0.2542847569109999,-0.0850278154907568,0.2163698671613304,-0.4655892510615552,-0.0898119227097129,-0.0428223607873896,0
B,core-2m/cross_sector_slide3m_bd7,sp500-12m/same_sector_slide1m_bd7,0.2287938969688109,0.0239111192750009,0.0967701684401594,-0.1225779078514794,-0.1888317895355588,-0.0744225119758003,0.2212036194633841,-0.4661564677002243,-0.1214448145196367,-0.0498905921697415,0
B,core-2m/cross_sector_slide3m_bd7,sp500-12m/cross_sector_slide3m_noscreen,0.8350993903539223,0.0946829228445669,0.1177723361618862,-0.0904774958104404,-0.2057781607442528,-0.0846994882059714,0.2356675476417163,-0.4839054670819762,-0.051103761567991,-0.0414801189550855,0
B,core-2m/cross_sector_slide3m_bd7,sp500-12m/cross_sector_slide3m_bd7,0.9521541759352056,0.0842948732176176,0.1001499102449433,-0.0864721113619391,-0.0590983241196915,-0.0296609887161777,0.1764585409755976,-0.3634979911285874,0.0795934542267236,-0.0033326965869181,0
B,core-2m/cross_sector_slide3m_bd7,sp500-12m/cross_sector_slide1m_noscreen,0.9923663959588258,0.0912743257823296,0.0948216207744559,-0.101834272887854,-0.0243798609162031,-0.0399208582208477,0.2215327418179224,-0.4730368776332408,0.1018688713884307,-0.0071442240533125,0
B,core-2m/cross_sector_slide3m_bd7,sp500-12m/cross_sector_slide1m_bd7,0.5492495320099762,0.0421891357562148,0.0835239811673984,-0.0843112040377635,-0.0409289373169516,-0.017552444832559,0.1406298033517534,-0.3051561066760275,0.050538431700467,-0.0032915788726724,0
B,core-2m/cross_sector_slide1m_noscreen,core-2m/cross_sector_slide1m_bd7,0.8450589274105568,0.0947784445663123,0.1141974602591325,-0.1431671856826195,-0.2704692404333304,-0.0313401777934186,0.0983693587605711,-0.2327587721202467,0.0601750464161031,0.0006491469805704,0
B,core-2m/cross_sector_slide1m_noscreen,sp500-2m/same_sector_slide3m_noscreen,0.9756404525131112,0.1157241974012793,0.1161222321820336,-0.1528742687394815,0.0598199304161227,0.0014303025711037,0.0877840531624094,-0.2229441762441053,0.3583548236839684,0.0306584397821079,0
B,core-2m/cross_sector_slide1m_noscreen,sp500-2m/same_sector_slide3m_bd7,1.4694930046247816,0.1498576467964454,0.1000745096860673,-0.1042606929098356,-0.2546089461322245,-0.0183131677398166,0.0644613308177939,-0.2120238434981344,0.3550553631770832,0.0240733751391223,0
B,core-2m/cross_sector_slide1m_noscreen,sp500-2m/same_sector_slide1m_noscreen,0.8119818897345006,0.0855855889225201,0.1084248229248486,-0.1443658491859059,-0.2300436811400355,-0.0163150125334634,0.0629004580599086,-0.1830687068859668,0.1658421227023864,0.0098881197422024,0
B,core-2m/cross_sector_slide1m_noscreen,sp500-2m/same_sector_slide1m_bd7,1.515457894724996,0.1649264766291319,0.1054600495841438,-0.1066793760436161,-0.5072478080338557,-0.0486022226910608,0.0897271774095508,-0.2707638511073018,0.0967297682378656,0.0043910976732789,0
B,core-2m/cross_sector_slide1m_noscreen,sp500-2m/cross_sector_slide3m_noscreen,1.1087442577015878,0.1312284428289432,0.1173521992595414,-0.119865364431832,-0.0576247244923025,-0.0128167235439149,0.1134641253209331,-0.1695468371010541,0.2551889786794694,0.023006082566305,0
B,core-2m/cross_sector_slide1m_noscreen,sp500-2m/cross_sector_slide3m_bd7,0.7599078248329728,0.0798674020890529,0.1077106673487283,-0.1164435313764891,0.444656847732395,0.0332118951929565,0.080715758801387,-0.1236660827303627,0.539823292439661,0.0449817335016286,0
B,core-2m/cross_sector_slide1m_noscreen,sp500-2m/cross_sector_slide1m_noscreen,1.3033395781728572,0.1481239842674762,0.1108039334612094,-0.1173586411310155,-0.0135687396118362,-0.0037811426940619,0.0747958668095189,-0.1667229338519333,0.4364762640233693,0.0343607796230345,0
B,core-2m/cross_sector_slide1m_noscreen,sp500-2m/cross_sector_slide1m_bd7,1.4591892631000445,0.1611976850304583,0.1068629180576031,-0.1037336746287951,-0.2610346847506302,-0.0151480629258456,0.0530841902838877,-0.1562993019609331,0.4346907321082788,0.0288544997762513,0
B,core-2m/cross_sector_slide1m_noscreen,core-12m/same_sector_slide3m_noscreen,1.4441015615519368,0.1255371717008348,0.0852301951565604,-0.088202869433441,-0.5415410665849465,-0.0504686176400209,0.0879658519911105,-0.2622282718033943,-0.0347515947163408,-0.0070020979677729,0
B,core-2m/cross_sector_slide1m_noscreen,core-12m/same_sector_slide3m_bd7,1.0571282098380617,0.1023382462163428,0.0931205276332424,-0.0981378138744742,-0.6245773716190842,-0.0530900431048485,0.0815615689754224,-0.2704977592449901,-0.1314985906299438,-0.0143327348065916,0
B,core-2m/cross_sector_slide1m_noscreen,core-12m/same_sector_slide1m_noscreen,1.3185758476311462,0.1192703697915507,0.0887003036601431,-0.1028867397225537,-0.4014759618296799,-0.03756194264549,0.0855542165954545,-0.2161474143588216,0.0645648451368262,0.0016585242292938,0
B,core-2m/cross_sector_slide1m_noscreen,core-12m/same_sector_slide1m_bd7,1.1186661248770673,0.1174780919985214,0.1036000636884127,-0.1249428925349472,-0.7433938366333621,-0.0418630965432229,0.0553958141721732,-0.2279903402750955,0.0024334680038012,-0.0023661448498758,0
B,core-2m/cross_sector_slide1m_noscreen,core-12m/cross_sector_slide3m_noscreen,0.9502350505510696,0.115331925586499,0.1207087132181972,-0.1357688078368989,-1.0317969790095152,-0.1051572640994322,0.102317803066532,-0.4535717046092865,-0.4362738789774,-0.0513549913636033,0
B,core-2m/cross_sector_slide1m_noscreen,core-12m/cross_sector_slide3m_bd7,1.3860841508006467,0.1408726346258174,0.0992911396817679,-0.1106437905933492,-0.6356204188478405,-0.0589343139851988,0.0888996607958686,-0.2964656247010495,-0.0589188815166177,-0.0098027595792703,0
B,core-2m/cross_sector_slide1m_noscreen,core-12m/cross_sector_slide1m_noscreen,1.2968396520960286,0.1520871100341614,0.1142146358505273,-0.1038972928124757,-0.7551791147748843,-0.0580057202039989,0.0753054139963268,-0.3020329142745024,-0.0294617766146077,-0.0064031571560105,0
B,core-2m/cross_sector_slide1m_noscreen,core-12m/cross_sector_slide1m_bd7,1.2453815127737349,0.124739339654709,0.0985253127765198,-0.1164673371910385,-0.3342507564668505,-0.0219920527271335,0.060859089181683,-0.1747273384745976,0.2365567799711714,0.014585700955483,0
B,core-2m/cross_sector_slide1m_noscreen,sp500-12m/same_sector_slide3m_noscreen,1.100271175995184,0.1343152276322861,0.1226572195153258,-0.1108929974765429,-0.0531013059242126,-0.0129441428846505,0.1151466883026861,-0.274838881191954,0.26572223285293,0.0243378665743571,0
B,core-2m/cross_sector_slide1m_noscreen,sp500-12m/same_sector_slide3m_bd7,1.061813520754401,0.1063797920506035,0.1027364460721041,-0.1202751730521547,-0.1841188056901754,-0.0228740930931073,0.0980232506739304,-0.269569877682662,0.1511534805841371,0.0098439418085733,0
B,core-2m/cross_sector_slide1m_noscreen,sp500-12m/same_sector_slide1m_noscreen,1.0663473715846128,0.1191785186963827,0.1110977409246786,-0.1116956793166034,-0.0582126297278475,-0.0068951546929613,0.072995990328984,-0.1489004356488431,0.3363536422426481,0.0253078021393211,0
B,core-2m/cross_sector_slide1m_noscreen,sp500-12m/same_sector_slide1m_bd7,0.8482367014000828,0.0766831835724257,0.0929710857305876,-0.1243645795504399,-0.2553258726118743,-0.0168252957859207,0.0594994930507334,-0.199860390793199,0.136867357317096,0.0070780596652234,0
B,core-2m/cross_sector_slide1m_noscreen,sp500-12m/cross_sector_slide3m_noscreen,1.187309726859769,0.1322211387666008,0.1106228778285706,-0.1080480264182992,-0.3436304781275606,-0.0450527616405432,0.1143190531001326,-0.3030245085436773,0.0496920336922627,-0.0010125506157699,0
B,core-2m/cross_sector_slide1m_noscreen,sp500-12m/cross_sector_slide3m_bd7,1.1592042799865914,0.1115069009456216,0.09536903168791,-0.110893680358097,-0.0014960928356413,-0.0045710311122119,0.0912277087847294,-0.2451472928597035,0.3129312157514425,0.0248722672337214,0
B,core-2m/cross_sector_slide1m_noscreen,sp500-12m/cross_sector_slide1m_noscreen,1.377445455620325,0.1444982765046212,0.1012418255320357,-0.1051410771476089,0.146628785206059,0.0082741784642972,0.0760582066024837,-0.17168107429482,0.5412849285027895,0.0426460911495475,0
B,core-2m/cross_sector_slide1m_noscreen,sp500-12m/cross_sector_slide1m_bd7,1.1434604744307852,0.1024589364967556,0.0888617501543895,-0.1060585264612949,0.4058834436439796,0.0226277888392947,0.0595475331976561,-0.1235402654958822,0.6510804691187838,0.0431531254309116,0
B,core-2m/cross_sector_slide1m_bd7,sp500-2m/same_sector_slide3m_noscreen,0.3152891977008775,0.0292580187787935,0.095412852140929,-0.1203139783852392,0.1087082117371744,0.0053537951103825,0.0742821747368654,-0.1260303312601912,0.179391811162437,0.0116203097279345,0
B,core-2m/cross_sector_slide1m_bd7,sp500-2m/same_sector_slide3m_bd7,0.4405738164578398,0.0333871080997803,0.0807389757588296,-0.0765911097814304,0.050918618310111,0.0010669132623368,0.0704158926746603,-0.1426396887972889,0.165569189317909,0.0095109122809805,0
B,core-2m/cross_sector_slide1m_bd7,sp500-2m/same_sector_slide1m_noscreen,0.2062829719851164,0.0149425226498498,0.0895577493297981,-0.1327716196910091,0.3356318719382687,0.0164504164444625,0.0527683557658025,-0.0609027162550809,0.2773218349995524,0.0160000830433169,0
B,core-2m/cross_sector_slide1m_bd7,sp500-2m/same_sector_slide1m_bd7,0.1499657768699922,0.0087100867277949,0.0772726808151115,-0.0892806081700784,-0.3129132325440086,-0.0311225264729441,0.0877874093586246,-0.189628564344092,-0.2007913797619224,-0.0206977648079923,0
B,core-2m/cross_sector_slide1m_bd7,sp500-2m/cross_sector_slide3m_noscreen,-0.0194401236533875,-0.0086851841994865,0.1107129067190088,-0.1542043656262486,0.2040193300893527,0.0171444328938465,0.1141888836628444,-0.1558567996919508,0.140165645679843,0.0096241727524663,0
B,core-2m/cross_sector_slide1m_bd7,sp500-2m/cross_sector_slide3m_bd7,-0.138558782523569,-0.016509041888209,0.0881840761915697,-0.1060686890909148,0.7911007241140189,0.0586057969501092,0.0755584844984896,-0.0946569708919625,0.5130276349500187,0.0380926404201114,0
B,core-2m/cross_sector_slide1m_bd7,sp500-2m/cross_sector_slide1m_noscreen,-0.0812113330815044,-0.011332913441583,0.0917364124135564,-0.119176198526656,0.2298817882269109,0.0137701768694966,0.0703721244939395,-0.1009771547964385,0.1300037649126748,0.0070566987438851,0
B,core-2m/cross_sector_slide1m_bd7,sp500-2m/cross_sector_slide1m_bd7,-0.1327983131840342,-0.0137810401766798,0.0805701154033799,-0.0895736839567289,0.1728449476498417,0.0083422812043953,0.0580804248391833,-0.0939847175091236,0.0709210197551075,0.0024734296898012,0
B,core-2m/cross_sector_slide1m_bd7,core-12m/same_sector_slide3m_noscreen,-0.0705253632575447,-0.0047538525361581,0.0646762971337014,-0.0832763336483864,-0.2811569296298316,-0.0261712052017547,0.0814792009466878,-0.1670729314608159,-0.2320857512799678,-0.0209159898694614,0
B,core-2m/cross_sector_slide1m_bd7,core-12m/same_sector_slide3m_bd7,0.2428144628324086,0.0142511600677023,0.0665894513354241,-0.065360895901383,-0.3328696021295851,-0.0295797130911893,0.0797273110660458,-0.1737750237979256,-0.2055357605775393,-0.0187394834014934,0
B,core-2m/cross_sector_slide1m_bd7,core-12m/same_sector_slide1m_noscreen,0.0515673174847424,0.0015242719817856,0.068742823039649,-0.0827296352542332,-0.1639941869250474,-0.0162221018169619,0.0789865117862508,-0.1668264667708373,-0.1144561427515706,-0.0117930102724078,0
B,core-2m/cross_sector_slide1m_bd7,core-12m/same_sector_slide1m_bd7,-0.0158518041185403,-0.0037675720251741,0.0748800446947002,-0.0849085137210825,-0.3135479848408214,-0.0279374059437208,0.0793456097094728,-0.1742265061227809,-0.2417384439467255,-0.0219351158828522,0
B,core-2m/cross_sector_slide1m_bd7,core-12m/cross_sector_slide3m_noscreen,0.1848870033683975,0.0208087001789217,0.1038080667695268,-0.1209219071275772,-0.5827514731200593,-0.0553786766835278,0.0902802799165308,-0.2773945008335151,-0.3478614149607124,-0.0361353911069555,0
B,core-2m/cross_sector_slide1m_bd7,core-12m/cross_sector_slide3m_bd7,0.4058760677300886,0.0287230241154775,0.0792239806854155,-0.0874700993582091,-0.3460481242764728,-0.0334455251857387,0.0865921647589438,-0.1903282933698975,-0.1679063656584564,-0.0179191441337263,0
B,core-2m/cross_sector_slide1m_bd7,core-12m/cross_sector_slide1m_noscreen,0.5276160951435258,0.0473548568948298,0.094117189673139,-0.0967398269549995,-0.452495623480554,-0.0311645346319318,0.0651739960121011,-0.1818574873213546,-0.1176429933366655,-0.0113245655251154,0
B,core-2m/cross_sector_slide1m_bd7,core-12m/cross_sector_slide1m_bd7,0.3601159555715679,0.0247070798023846,0.0744296316024968,-0.0898130595470683,-0.0615952937782723,-0.0050954236692511,0.0563838361285459,-0.1089483544783571,0.0718210694813631,0.0025228347538437,0
B,core-2m/cross_sector_slide1m_bd7,sp500-12m/same_sector_slide3m_noscreen,0.5336831208801136,0.0631384577566997,0.1071833827638601,-0.0877510510580687,0.1759272364983058,0.0127714039452087,0.1051807329281089,-0.1896396221858698,0.2878897591016234,0.0257964814559405,0
B,core-2m/cross_sector_slide1m_bd7,sp500-12m/same_sector_slide3m_bd7,0.4760170995580313,0.0341927970469425,0.0826100483079361,-0.0759717481185306,-0.0325845793466636,-0.007727567541899,0.0937936578351018,-0.206944328715031,0.0833223130875921,0.0031146847149361,0
B,core-2m/cross_sector_slide1m_bd7,sp500-12m/same_sector_slide1m_noscreen,1.1178229887083273,0.1162129862356713,0.1025497186994867,-0.0575799590296947,0.1700617019499236,0.0086513397171705,0.0619791356191316,-0.1063347314406538,0.5110595400845857,0.0362416500719741,0
B,core-2m/cross_sector_slide1m_bd7,sp500-12m/same_sector_slide1m_bd7,0.1723470179858928,0.0111518337404176,0.0821043864810581,-0.0922466640464218,0.1671447717223865,0.0074161202200226,0.0524747641228825,-0.1014851350451031,0.1648800516155722,0.0083129564514091,0
B,core-2m/cross_sector_slide1m_bd7,sp500-12m/cross_sector_slide3m_noscreen,0.6988616818656257,0.0706869751728894,0.1046347289705242,-0.087881626752791,-0.1433616102165517,-0.0209201059241141,0.1058061124844546,-0.2197175431441639,0.0749629614498741,0.0021427711738349,0
B,core-2m/cross_sector_slide1m_bd7,sp500-12m/cross_sector_slide3m_bd7,0.7580104458937882,0.0560463387946616,0.0830000133186427,-0.0837287956726334,0.1777093926530198,0.0116064410472631,0.0888699619324941,-0.1937300216321785,0.3020195923544808,0.0223898387504307,0
B,core-2m/cross_sector_slide1m_bd7,sp500-12m/cross_sector_slide1m_noscreen,0.7048396835113288,0.0627098430708573,0.0916823490459495,-0.1016693277705666,0.2607178460806567,0.0196957164830189,0.0923567619210913,-0.170047836036805,0.3747467077827701,0.0305601729700811,0
B,core-2m/cross_sector_slide1m_bd7,sp500-12m/cross_sector_slide1m_bd7,0.5729629465751559,0.0389270882236045,0.0712982454657684,-0.0688400116596205,0.3963026237415571,0.020172486663226,0.0541484942256386,-0.1154274144930049,0.4432602205765067,0.0246676430334523,0
B,sp500-2m/same_sector_slide3m_noscreen,sp500-2m/same_sector_slide3m_bd7,0.2112953546947858,0.0174016412116932,0.1109705690668687,-0.1620058095412397,0.1028543726419813,0.0052458564390984,0.0905818593322409,-0.2040974643952844,0.1390653614350935,0.0087964365639,0
B,sp500-2m/same_sector_slide3m_noscreen,sp500-2m/same_sector_slide1m_noscreen,0.1067990337686162,0.0111383372416428,0.1103431178665362,-0.1948239923297733,0.1782740366660145,0.0117058865207024,0.086078433162844,-0.2129929207758122,0.164722189891383,0.0115444799724734,0
B,sp500-2m/same_sector_slide3m_noscreen,sp500-2m/same_sector_slide1m_bd7,0.2471506615944055,0.0236814789041502,0.0980449324832522,-0.1486335699641472,0.1778904461096799,0.0113017296966952,0.0818340997953029,-0.1633251841711881,0.2102234330660312,0.0149328685313783,0
B,sp500-2m/same_sector_slide3m_noscreen,sp500-2m/cross_sector_slide3m_noscreen,0.4223405476961154,0.0485714974585544,0.1314320315618676,-0.1541646929612681,0.130708997260552,0.0085239538790189,0.1160514262024693,-0.2512377563416949,0.2160197578642415,0.0190523503851455,0
B,sp500-2m/same_sector_slide3m_noscreen,sp500-2m/cross_sector_slide3m_bd7,0.1778005730076506,0.0153228917304956,0.1038041232202385,-0.1432819289663374,0.6336396525096532,0.0589564946699003,0.0978726560881084,-0.1606465088040227,0.5152684098673375,0.0476420418634782,0
B,sp500-2m/same_sector_slide3m_noscreen,sp500-2m/cross_sector_slide1m_noscreen,0.7761334137909515,0.080862938405795,0.1079103027801236,-0.0948925963582134,0.0086596377304975,-0.0038448977805211,0.0973214410957999,-0.2901344078283947,0.2253446843504368,0.017750637309729,0
B,sp500-2m/same_sector_slide3m_noscreen,sp500-2m/cross_sector_slide1m_bd7,0.510865734524782,0.0471758343045672,0.0957641360798097,-0.1138516452373071,0.1619463492152998,0.0093753868626418,0.0747332371613682,-0.1668052604886882,0.2728534815750591,0.0191464740574808,0
B,sp500-2m/same_sector_slide3m_noscreen,core-12m/same_sector_slide3m_noscreen,0.6728232533658551,0.0578224216383095,0.080656025594918,-0.086586522213192,-0.447645657145371,-0.0400825288245374,0.0836121132480376,-0.2626134062184129,-0.148524074014471,-0.0152074043835541,0
B,sp500-2m/same_sector_slide3m_noscreen,core-12m/same_sector_slide3m_bd7,0.2187711554835924,0.0223529963168008,0.0917789301705139,-0.1243069032664337,-0.0463879766087218,-0.0067965468667621,0.0794613784155627,-0.1879941671052206,0.0455046393701493,0.0008417186634979,0
B,sp500-2m/same_sector_slide3m_noscreen,core-12m/same_sector_slide1m_noscreen,0.4685795614406286,0.0403774964669708,0.0809203134334526,-0.0941637402611162,-0.3692334782123426,-0.0324230332359976,0.0805296602317082,-0.257928233447438,-0.1380517792963513,-0.0138619182996772,0
B,sp500-2m/same_sector_slide3m_noscreen,core-12m/same_sector_slide1m_bd7,0.3464894027924357,0.0337303204979253,0.0892524155254715,-0.1109209522342338,0.1411309978452232,0.0075568879034204,0.071098532103656,-0.1356589267278599,0.2112167975404111,0.0137919900242998,0
B,sp500-2m/same_sector_slide3m_noscreen,core-12m/cross_sector_slide3m_noscreen,0.6882282673275385,0.0842753286917281,0.1208647244494039,-0.1208935853534414,-0.4067884458044002,-0.040482623340626,0.0913678226999372,-0.3244928284213639,-0.0489164104471667,-0.0090713420740593,0
B,sp500-2m/same_sector_slide3m_noscreen,core-12m/cross_sector_slide3m_bd7,0.4652265636345266,0.0388289430867597,0.0890640095872803,-0.1099496864832223,-0.2243283909870311,-0.0205398069436762,0.0787751920185241,-0.2133184021261037,-0.0230665386743205,-0.0050328753144375,0
B,sp500-2m/same_sector_slide3m_noscreen,core-12m/cross_sector_slide1m_noscreen,0.9003101021766923,0.0981068519667705,0.1073509063568804,-0.0928699771844254,-0.1744713706748462,-0.0185788459679137,0.0862783024996374,-0.2853497847932198,0.1573739479156274,0.0106231602728352,0
B,sp500-2m/same_sector_slide3m_noscreen,core-12m/cross_sector_slide1m_bd7,0.6705226612684778,0.0590650401159939,0.0869531788602247,-0.0919686458862088,-0.0175210747662783,-0.0038598777692429,0.0723941369121062,-0.1662416404917864,0.1959119023670588,0.012501998851086,0
B,sp500-2m/same_sector_slide3m_noscreen,sp500-12m/same_sector_slide3m_noscreen,0.5427883649813765,0.0750339740707873,0.1298644956421344,-0.1468479644761535,0.395569649705103,0.0358611700902711,0.1022287625444144,-0.1888046438122279,0.4531560422498586,0.0457601836771305,0
B,sp500-2m/same_sector_slide3m_noscreen,sp500-12m/same_sector_slide3m_bd7,0.5095671745311772,0.0530126399756844,0.1071967842169445,-0.1296175590502028,0.1125678858224706,0.0059604403163264,0.0840719760291015,-0.1677100416625878,0.2435433938353714,0.0184596713891957,0
B,sp500-2m/same_sector_slide3m_noscreen,sp500-12m/same_sector_slide1m_noscreen,0.6956683064811119,0.0796733241259709,0.1151392877272479,-0.1127445869316403,0.469134332100921,0.0371393801420325,0.08548411889409,-0.1281401058346659,0.5440792222377953,0.0483566134524859,0
B,sp500-2m/same_sector_slide3m_noscreen,sp500-12m/same_sector_slide1m_bd7,0.1351922318745691,0.0154589521244049,0.0954818951829051,-0.1538346919927249,0.0518403572362535,0.0010973170389756,0.0748060989534516,-0.1560135576144922,0.0935991874831654,0.0050605714746145,0
B,sp500-2m/same_sector_slide3m_noscreen,sp500-12m/cross_sector_slide3m_noscreen,1.049793147253543,0.1147577239340128,0.1141664609123035,-0.0999823087546013,0.3066525215656551,0.0266777946970375,0.103143977547459,-0.2466631752123522,0.5009395338357683,0.0485009377742959,0
B,sp500-2m/same_sector_slide3m_noscreen,sp500-12m/cross_sector_slide3m_bd7,0.9244592257220012,0.0791830557983287,0.094676018390386,-0.1028468608124707,0.2916096606359039,0.0243264841104078,0.1003216055146289,-0.2386737040886914,0.431556261435034,0.038180793731281,0
B,sp500-2m/same_sector_slide3m_noscreen,sp500-12m/cross_sector_slide1m_noscreen,0.9982133731674426,0.1032452964988396,0.1015162785749126,-0.1169829997247416,0.6544256644285291,0.0532165539068791,0.0846899079073067,-0.1464756593254037,0.7518181728965552,0.0655459225675339,0
B,sp500-2m/same_sector_slide3m_noscreen,sp500-12m/cross_sector_slide1m_bd7,0.5609442944134319,0.0484057712795394,0.0887212947690783,-0.1130358486058406,0.152396720567816,0.0085490175296549,0.0735392863474107,-0.1960431301906641,0.2727872700029044,0.0185208839820727,0
B,sp500-2m/same_sector_slide3m_bd7,sp500-2m/same_sector_slide1m_noscreen,0.181196136350137,0.009888809900371,0.0818628430322883,-0.1305402833757611,0.3573975633903307,0.0236243368565398,0.0726870256226593,-0.1702135319835228,0.3028704723901161,0.0199868723257383,0
B,sp500-2m/same_sector_slide3m_bd7,sp500-2m/same_sector_slide1m_bd7,0.2675886331963022,0.0179770871358087,0.0707858960998905,-0.0854075660062734,0.2731219842383707,0.0157530132755112,0.0648997124902675,-0.1271586855950988,0.2766706450247644,0.0164602180580545,0
B,sp500-2m/same_sector_slide3m_bd7,sp500-2m/cross_sector_slide3m_noscreen,0.3053811399089601,0.0307871001344348,0.1090250688790633,-0.1341484633279071,0.2891009702865623,0.0246753667617474,0.1021404163588515,-0.1707476398785129,0.2974086748616344,0.0261564284869508,0
B,sp500-2m/same_sector_slide3m_bd7,sp500-2m/cross_sector_slide3m_bd7,0.0483731622681732,0.0008503333611149,0.0871166481505996,-0.1017953269291091,0.7443686270825821,0.0657220897385413,0.0910200145893385,-0.1306508888268911,0.5673525568877261,0.0481851371578045,0
B,sp500-2m/same_sector_slide3m_bd7,sp500-2m/cross_sector_slide1m_noscreen,0.5358069385449539,0.0432510655465778,0.0876877657217687,-0.0837827879071506,0.3378608226555735,0.022469206290848,0.0737639152519094,-0.1420777651476085,0.3926710350696039,0.0278690149272963,0
B,sp500-2m/same_sector_slide3m_bd7,sp500-2m/cross_sector_slide1m_bd7,0.2460671343759804,0.0123276839536053,0.0738732392735076,-0.0873006363506131,0.5418339116848744,0.0313036744169479,0.0602201390259822,-0.1062836849211025,0.442611848846418,0.026322908001163,0
B,sp500-2m/same_sector_slide3m_bd7,core-12m/same_sector_slide3m_noscreen,0.3959366043022034,0.0255719115048577,0.0602602780007168,-0.0636208073210426,-0.0004270872376908,-0.0019064331552423,0.0614807660805998,-0.1689158736298898,0.1054547953194909,0.0047977889803178,0
B,sp500-2m/same_sector_slide3m_bd7,core-12m/same_sector_slide3m_bd7,0.0242268111067265,0.0086588287989241,0.0602176149543329,-0.0772308131133075,0.2490121664581589,0.0130848163521513,0.0591943074664799,-0.1051391047275708,0.2164720333677,0.0116969718672942,0
B,sp500-2m/same_sector_slide3m_bd7,core-12m/same_sector_slide1m_noscreen,0.5022517685524573,0.0310993522785514,0.056130655452694,-0.0583711075323524,0.013669034409793,-0.0003981996756965,0.0450679466119418,-0.137612925086536,0.1619139727650066,0.0069477687879688,0
B,sp500-2m/same_sector_slide3m_bd7,core-12m/same_sector_slide1m_bd7,-0.0580515774493834,4.0367070798175145e-05,0.0579192991803739,-0.0781969573080469,0.2557046534461707,0.012271504516867,0.0531992182676434,-0.1062367084564556,0.1872092355020748,0.0090006988287879,0
B,sp500-2m/same_sector_slide3m_bd7,core-12m/cross_sector_slide3m_noscreen,0.385147331198671,0.0521505974520282,0.1078575957704998,-0.1168160569743637,-0.4744007565651883,-0.0364984205612212,0.0727871115454165,-0.2827540054030688,-0.1503841380353684,-0.0141659614213605,0
B,sp500-2m/same_sector_slide3m_bd7,core-12m/cross_sector_slide3m_bd7,0.4181076391876054,0.02800530583314,0.0711157972008267,-0.0813233881501287,0.0298437788413166,4.727104788360137e-05,0.0580978087039532,-0.1185009229500826,0.1495717481658982,0.0074108422954616,0
B,sp500-2m/same_sector_slide3m_bd7,core-12m/cross_sector_slide1m_noscreen,0.6061020474324925,0.0530080120742181,0.0912655926813732,-0.0965986395098417,-0.1911910748826054,-0.0130586981810212,0.0595101608043754,-0.19756418710613,0.0883985747324978,0.0038059714087807,0
B,sp500-2m/same_sector_slide3m_bd7,core-12m/cross_sector_slide1m_bd7,0.4771018980604636,0.0332901904117275,0.0719581968034278,-0.0767470605318591,0.2882215804254713,0.0136945393631606,0.0518376800770152,-0.1028284046323187,0.34845286237972,0.0187302320386299,0
B,sp500-2m/same_sector_slide3m_bd7,sp500-12m/same_sector_slide3m_noscreen,0.8031402720331573,0.0998593346728181,0.1146374513188553,-0.0947196707650256,0.7028778520015113,0.0622549302749326,0.0919371635403417,-0.1364403297536731,0.7465275791110466,0.0720421177905963,0
B,sp500-2m/same_sector_slide3m_bd7,sp500-12m/same_sector_slide3m_bd7,0.6609322149644704,0.0542512102860922,0.089448264658091,-0.0771812928670972,0.432139593648362,0.0273017647684026,0.0676410014449496,-0.1409079019381623,0.5012776681762167,0.0346789002933698,0
B,sp500-2m/same_sector_slide3m_bd7,sp500-12m/same_sector_slide1m_noscreen,0.8739407491897471,0.0847904612984484,0.0976562693725936,-0.0735809930217234,0.4157597879886771,0.0271866040241302,0.0704908150405145,-0.1119568680355578,0.5647552388455512,0.0422739680620936,0
B,sp500-2m/same_sector_slide3m_bd7,sp500-12m/same_sector_slide1m_bd7,0.5174917627048038,0.0389773029915312,0.0761027251301333,-0.0823405241301843,0.4030048457724021,0.0211503084316586,0.0558065186316803,-0.0978863494221474,0.4394532459642725,0.0257585754745121,0
B,sp500-2m/same_sector_slide3m_bd7,sp500-12m/cross_sector_slide3m_noscreen,1.2100553890807753,0.1277683306794759,0.1060313529010179,-0.073063965361312,-0.0559705922865021,-0.0097333324222858,0.0944161743430646,-0.2641825978840967,0.2920195501168601,0.0239694278689631,0
B,sp500-2m/same_sector_slide3m_bd7,sp500-12m/cross_sector_slide3m_bd7,1.258783836618932,0.0978329850389807,0.08213014096183,-0.0607808275169904,0.1862554795066664,0.0128152543224815,0.0927195345717701,-0.2140203203032153,0.4088554328881463,0.032936819881147,0
B,sp500-2m/same_sector_slide3m_bd7,sp500-12m/cross_sector_slide1m_noscreen,1.3540574011404236,0.1189342951671155,0.0836228725836522,-0.0686364816493872,0.2502010694078292,0.0145249679036727,0.0665035329095178,-0.1719949886974957,0.5909366443496006,0.0407174305218549,0
B,sp500-2m/same_sector_slide3m_bd7,sp500-12m/cross_sector_slide1m_bd7,0.9410359664251028,0.0656570658246454,0.0678561295412505,-0.0599847948531864,0.3403031092466666,0.0181161129120714,0.0576775532928585,-0.1516505089730511,0.5136570660865771,0.0298360106386603,0
B,sp500-2m/same_sector_slide1m_noscreen,sp500-2m/same_sector_slide1m_bd7,0.1668537439203048,0.008698359873138,0.0745741848177722,-0.1360592562544858,0.1887137170952315,0.0099218260719551,0.0627042447825016,-0.1359932551078516,0.1825727359378153,0.0098260955678946,0
B,sp500-2m/same_sector_slide1m_noscreen,sp500-2m/cross_sector_slide3m_noscreen,0.3930164311305288,0.0404874671103367,0.1194262654851254,-0.1553268891288105,0.4067476606031973,0.0358518071288018,0.0984928172690923,-0.1603473513705974,0.4012613301566479,0.037153846683515,0
B,sp500-2m/same_sector_slide1m_noscreen,sp500-2m/cross_sector_slide3m_bd7,-0.0650328420475902,-0.0050354977559294,0.0877835336167722,-0.1458717421700403,0.85846532095786,0.0695600156773144,0.0822404230056491,-0.0855381340527595,0.6103318328945169,0.0491210075523465,0
B,sp500-2m/same_sector_slide1m_noscreen,sp500-2m/cross_sector_slide1m_noscreen,0.4382739456610746,0.0412954336711613,0.1068282154209308,-0.1276447323209967,-0.0484705987962106,-0.006123680249408,0.0725511214752851,-0.1910689108834428,0.1198240529762826,0.0064783569190183,0
B,sp500-2m/same_sector_slide1m_noscreen,sp500-2m/cross_sector_slide1m_bd7,0.1527299495163488,0.0090671588984195,0.0822977014016347,-0.134457182192666,0.3813793736087263,0.0196183572677868,0.0548861964631828,-0.0834289498378687,0.2977300491277724,0.0169851200911082,0
B,sp500-2m/same_sector_slide1m_noscreen,core-12m/same_sector_slide3m_noscreen,0.153203483978369,0.007930876530743,0.0627258854367326,-0.0995118407216875,-0.2779736818896351,-0.0180719461903866,0.0592905711646122,-0.183574914421074,-0.1541769571870586,-0.0109946669897774,0
B,sp500-2m/same_sector_slide1m_noscreen,core-12m/same_sector_slide3m_bd7,-0.3396975576433927,-0.0195329930068647,0.0615742649177939,-0.1395392706871688,0.0099932266517493,-0.000790640329192,0.0509984572765441,-0.1287269538000685,-0.0818771647048619,-0.0056716020598081,0
B,sp500-2m/same_sector_slide1m_noscreen,core-12m/same_sector_slide1m_noscreen,0.5195988410748847,0.0272960109210593,0.0574207238373631,-0.0741167258475805,-0.253726227806637,-0.0162820941982112,0.0580616009130692,-0.1662355042650889,-0.0522110132262741,-0.0047100973344883,0
B,sp500-2m/same_sector_slide1m_noscreen,core-12m/same_sector_slide1m_bd7,-0.1881307028379512,-0.0124702667818593,0.05867608566258,-0.1261696056893819,0.1525023410743783,0.0064041889440864,0.0500896731154175,-0.1018094877845305,0.0511745787950507,0.0013247680217994,0
B,sp500-2m/same_sector_slide1m_noscreen,core-12m/cross_sector_slide3m_noscreen,0.4989923279692789,0.0527494297895821,0.1117275957588113,-0.143977782480743,-0.1428890574117831,-0.0132665559867097,0.0742144853277223,-0.2437332202290526,0.0864168209004519,0.0041164557843748,0
B,sp500-2m/same_sector_slide1m_noscreen,core-12m/cross_sector_slide3m_bd7,0.4352815502497829,0.030274939838187,0.0887557049844219,-0.143403196173729,-0.0502465638353276,-0.0044261113591649,0.0565091035290119,-0.1311833260762352,0.1113918667747912,0.0048291096345788,0
B,sp500-2m/same_sector_slide1m_noscreen,core-12m/cross_sector_slide1m_noscreen,0.7412851241749491,0.0701626585398602,0.0987221874555049,-0.1100746638877049,0.1282570708049996,0.0064732676955052,0.068657931821051,-0.1678204581123412,0.3328772422010441,0.0230861246233645,0
B,sp500-2m/same_sector_slide1m_noscreen,core-12m/cross_sector_slide1m_bd7,0.5969125492519584,0.0436701871323951,0.0781436814857439,-0.1011904102195613,-0.02641564194108,-0.0026433031732513,0.050988661632091,-0.1323027913995705,0.1912468559702429,0.00957581167436,0
B,sp500-2m/same_sector_slide1m_noscreen,sp500-12m/same_sector_slide3m_noscreen,0.3962117446236141,0.0479840207525247,0.1166866814124754,-0.14956060919034,0.4095708004043906,0.0327666716552559,0.0882383397293221,-0.1745252237514727,0.4106610652498307,0.0364133061349543,0
B,sp500-2m/same_sector_slide1m_noscreen,sp500-12m/same_sector_slide3m_bd7,0.1689829964511986,0.01036933260352,0.0877095714724726,-0.1609683895301378,0.1676750319350815,0.0087857365310188,0.0646993978030747,-0.1463452932022022,0.1671340666369296,0.0093612775196144,0
B,sp500-2m/same_sector_slide1m_noscreen,sp500-12m/same_sector_slide1m_noscreen,0.8418897144313828,0.0878190150926901,0.1060916702960203,-0.0967840724734311,0.4521286857714684,0.0293655523443236,0.0693457408307339,-0.0881541406882303,0.5810320274329991,0.0447119280387484,0
B,sp500-2m/same_sector_slide1m_noscreen,sp500-12m/same_sector_slide1m_bd7,0.0833151281822424,0.0045879466023195,0.0798672299079586,-0.1629141337039891,0.2611899808122743,0.0136854271021462,0.0586430223777574,-0.0751076799351128,0.2047222276845534,0.0113770934190413,0
B,sp500-2m/same_sector_slide1m_noscreen,sp500-12m/cross_sector_slide3m_noscreen,0.8607875415171287,0.0865395533315371,0.1059758180535702,-0.0986203364335908,0.401079043992638,0.0315908115548648,0.0869914618894923,-0.2123223396223029,0.5327963880549764,0.0459125855228768,0
B,sp500-2m/same_sector_slide1m_noscreen,sp500-12m/cross_sector_slide3m_bd7,0.9494272635691808,0.0712418974783758,0.0843286438874946,-0.1049994591497954,0.2592683162594264,0.0191096487592299,0.089065223766394,-0.2427769180610545,0.4133019458894973,0.0325431215112177,0
B,sp500-2m/same_sector_slide1m_noscreen,sp500-12m/cross_sector_slide1m_noscreen,0.9289270639134304,0.0885062490669001,0.0933003011345795,-0.1065578871429098,0.7747557496575677,0.0517655063661086,0.0681479273204182,-0.1247380435364841,0.8145414973056185,0.0607510292114899,0
B,sp500-2m/same_sector_slide1m_noscreen,sp500-12m/cross_sector_slide1m_bd7,0.3238022183237751,0.0238650179862164,0.0765425158544044,-0.1110078692006661,0.2795181526834758,0.0154824578113359,0.0618396314787613,-0.1781443881824064,0.2948960674951111,0.0176059074780789,0
B,sp500-2m/same_sector_slide1m_bd7,sp500-2m/cross_sector_slide3m_noscreen,-0.0112249990254213,-0.0075955884823543,0.1165674444658784,-0.1399285162053062,0.5532846750281177,0.0523273440959428,0.1013713863936219,-0.1563728276652047,0.3866770166672995,0.035980042869981,0
B,sp500-2m/same_sector_slide1m_bd7,sp500-2m/cross_sector_slide3m_bd7,-0.5505088595063135,-0.0433072359579663,0.0816948478667145,-0.1143655626265363,0.8425840572729809,0.0646892449667535,0.0779629730695615,-0.072598845516141,0.46673056041709,0.0346017146977812,0
B,sp500-2m/same_sector_slide1m_bd7,sp500-2m/cross_sector_slide1m_noscreen,0.1229317083473688,0.0068870014411665,0.096637429255428,-0.1065440176090024,-0.0294472650164859,-0.0038355835863718,0.0631256424530991,-0.1358398317823804,0.0245037472619851,-0.0009134487035468,0
B,sp500-2m/same_sector_slide1m_bd7,sp500-2m/cross_sector_slide1m_bd7,-0.4580240021181403,-0.0352632462446414,0.072594927859422,-0.1122360938945839,0.2799390820878429,0.0125024426130828,0.0485859935649789,-0.0690706964923294,0.0235399792318906,-0.0002292856562645,0
B,sp500-2m/same_sector_slide1m_bd7,core-12m/same_sector_slide3m_noscreen,-0.2470302089804847,-0.0106502891827384,0.0467369308871987,-0.0703105990590161,-0.5682003349097704,-0.0242332402445901,0.0416448831716618,-0.1664565130065524,-0.4649828862251284,-0.0205677518148258,0
B,sp500-2m/same_sector_slide1m_bd7,core-12m/same_sector_slide3m_bd7,-0.4627341965977101,-0.018558508695266,0.039190635155027,-0.076499465190685,-0.3349572489052723,-0.013368351324264,0.0380182502229078,-0.0991524328322055,-0.3656756499032336,-0.0146829232757557,0
B,sp500-2m/same_sector_slide1m_bd7,core-12m/same_sector_slide1m_noscreen,-0.04052660724263,-0.0017291343006077,0.0408521378248563,-0.0468596834928503,-0.3738302600246997,-0.0147490652080116,0.0378331727129588,-0.132187290898745,-0.2769215922383369,-0.0113258965823941,0
B,sp500-2m/same_sector_slide1m_bd7,core-12m/same_sector_slide1m_bd7,-0.7664337326620112,-0.0270813737707836,0.0370320781711548,-0.0795397587333169,-0.1229067457759854,-0.0044504894403928,0.0321010478143228,-0.0722693415671044,-0.2994022298062019,-0.0104362360077917,0
B,sp500-2m/same_sector_slide1m_bd7,core-12m/cross_sector_slide3m_noscreen,0.3506213974470032,0.0386805541089959,0.1043965339439782,-0.1171933810663537,-0.5783170837620336,-0.0327370867516197,0.0549405023251332,-0.2021925770202263,-0.1829130884262595,-0.0144065601681857,0
B,sp500-2m/same_sector_slide1m_bd7,core-12m/cross_sector_slide3m_bd7,0.1716357782535537,0.0070024312229347,0.080156294144422,-0.1112017381070519,-0.1843898408537146,-0.0105004859866898,0.0503698337442331,-0.1385383733205583,-0.0605324025831472,-0.0058240571554389,0
B,sp500-2m/same_sector_slide1m_bd7,core-12m/cross_sector_slide1m_noscreen,0.5367777423357544,0.0446167932715054,0.0879525344879909,-0.0926144769018131,-0.2868470057677276,-0.0160528821434379,0.0517503675357496,-0.1624639645427666,0.0254645644455174,-0.0003668427663839,0
B,sp500-2m/same_sector_slide1m_bd7,core-12m/cross_sector_slide1m_bd7,0.2858404252942197,0.0171370921608825,0.0677833154537223,-0.0788752395451057,-0.0094727482191648,-0.0013619574344982,0.0436060350786554,-0.1099915984054684,0.096747420409496,0.0036452252036788,0
B,sp500-2m/same_sector_slide1m_bd7,sp500-12m/same_sector_slide3m_noscreen,0.3319070688165956,0.0413834264796069,0.1127640567053137,-0.1205380324416111,0.5169791971227405,0.0414457088485429,0.085664011197808,-0.1367837628651748,0.4624520547534087,0.0407197448235246,0
B,sp500-2m/same_sector_slide1m_bd7,sp500-12m/same_sector_slide3m_bd7,0.2311828133867364,0.0151871473432209,0.0750068962030503,-0.0975242489104327,0.0288813273499202,-0.0001237259846743,0.0614268405576266,-0.137600251098357,0.0947738224795507,0.004115922797157,0
B,sp500-2m/same_sector_slide1m_bd7,sp500-12m/same_sector_slide1m_noscreen,0.73113553124307,0.0691124671909164,0.0978671337650795,-0.098946900671439,0.1345065989994412,0.0064008428791897,0.0615465839463836,-0.0957587333690951,0.3448376656061597,0.0227769453376869,0
B,sp500-2m/same_sector_slide1m_bd7,sp500-12m/same_sector_slide1m_bd7,0.2819878865354848,0.0177347653087334,0.0709618663136966,-0.1029253689392458,0.2120151244266144,0.0093987596280691,0.0500447712672667,-0.0710980381800858,0.2337340534046579,0.0116773241821494,0
B,sp500-2m/same_sector_slide1m_bd7,sp500-12m/cross_sector_slide3m_noscreen,0.8568679304537973,0.0801051036025501,0.0972807258103722,-0.073074286010426,-0.1197494101536521,-0.0171655682270502,0.1006200553855305,-0.3145535525574509,0.1267556552724517,0.0075634109004596,0
B,sp500-2m/same_sector_slide1m_bd7,sp500-12m/cross_sector_slide3m_bd7,1.0694032719153432,0.069024049957941,0.0720217715553747,-0.0531453856882207,-0.0171389217723918,-0.0053477326141867,0.0857829550136676,-0.2518260908907161,0.2100455785692128,0.0136080764958563,0
B,sp500-2m/same_sector_slide1m_bd7,sp500-12m/cross_sector_slide1m_noscreen,1.3433679147337134,0.116620072526701,0.0828352432222253,-0.0505931234169819,0.0921570549119705,0.0037820339966523,0.0618519724802619,-0.1806919258362955,0.4987748473726058,0.0323940613131744,0
B,sp500-2m/same_sector_slide1m_bd7,sp500-12m/cross_sector_slide1m_bd7,0.8917255633241362,0.0561505987767296,0.0623987911015247,-0.0482915441928751,0.1617499573714439,0.006924131128877,0.0506499141498407,-0.1371807417162475,0.385008107552561,0.0196088124744143,0
B,sp500-2m/cross_sector_slide3m_noscreen,sp500-2m/cross_sector_slide3m_bd7,0.240543711044299,0.021467416698258,0.140394508772693,-0.1302473830559424,0.9177721367347206,0.1212274030047693,0.1341780056611383,-0.1111555746878056,0.7430813576263118,0.0960955665470701,0
B,sp500-2m/cross_sector_slide3m_noscreen,sp500-2m/cross_sector_slide1m_noscreen,0.2620076196730713,0.0253188804730196,0.1257241009099264,-0.1240085578113791,0.3605467479996455,0.0353814001103482,0.1144464045994214,-0.1872663017840401,0.3318094969809346,0.0326535804243769,0
B,sp500-2m/cross_sector_slide3m_noscreen,sp500-2m/cross_sector_slide1m_bd7,0.0952542226647636,0.0008320332607928,0.1220950465672926,-0.1408108968875725,0.5012160461013208,0.053640020134045,0.1175601214171225,-0.1622452280423552,0.3890834138624013,0.0398892896446183,0
B,sp500-2m/cross_sector_slide3m_noscreen,core-12m/same_sector_slide3m_noscreen,0.1971915686938458,0.011437311125366,0.1081471678380208,-0.1172293270800219,-0.0070568398306368,-0.0059084313213817,0.1025225603093428,-0.2388974152630026,0.0333110374538088,-0.0021655030145727,0
B,sp500-2m/cross_sector_slide3m_noscreen,core-12m/same_sector_slide3m_bd7,0.2214118947565476,0.0077857193854579,0.1102878040530309,-0.1422988188951436,0.392052117086967,0.0398484711728632,0.1162926722812421,-0.1226817497433371,0.3269981296450994,0.0311017370366801,0
B,sp500-2m/cross_sector_slide3m_noscreen,core-12m/same_sector_slide1m_noscreen,0.1986332757368482,0.0122271086280852,0.0990986041818792,-0.1170929913153648,0.1627266362949528,0.0111559926903959,0.0964475216657314,-0.1793199398048397,0.166168398127436,0.0113431711209909,0
B,sp500-2m/cross_sector_slide3m_noscreen,core-12m/same_sector_slide1m_bd7,0.011708785101466,-0.0086259513690354,0.1108530212672104,-0.1518921998996582,0.1145575687879752,0.0057226638090044,0.0728231388487499,-0.1253609404993481,0.0668081028382189,0.0015448535252765,0
B,sp500-2m/cross_sector_slide3m_noscreen,core-12m/cross_sector_slide3m_noscreen,0.4894736902924782,0.0581523232013732,0.1252381520119787,-0.1263485461564614,-0.0800776895965969,-0.0149105940961969,0.1113113730329464,-0.2067014184423464,0.0781305586470317,0.0027017839648078,0
B,sp500-2m/cross_sector_slide3m_noscreen,core-12m/cross_sector_slide3m_bd7,0.3929925715332931,0.0265803063010435,0.1133302447321489,-0.1183029704778477,0.0795807560823344,0.0029325711995484,0.1052078392708705,-0.1637480209740995,0.1369574511572162,0.0082419504729901,0
B,sp500-2m/cross_sector_slide3m_noscreen,core-12m/cross_sector_slide1m_noscreen,0.5947041606583308,0.0683989755358107,0.1212902789624577,-0.1051711484644167,-0.1097808803365557,-0.0164100183692883,0.1029326379303615,-0.2529077864661788,0.0943667993034548,0.0045599105694455,0
B,sp500-2m/cross_sector_slide3m_noscreen,core-12m/cross_sector_slide1m_bd7,0.2854561994662346,0.0254831755288868,0.1074000424631816,-0.1262479043037786,-0.0724878371977425,-0.0101628157751962,0.0880625727826833,-0.1677737504688047,0.0322365601587725,-0.0012791937638464,0
B,sp500-2m/cross_sector_slide3m_noscreen,sp500-12m/same_sector_slide3m_noscreen,0.629861888969164,0.0804606934185223,0.1287653892399518,-0.1377182928784003,0.6787528959581077,0.0779285319525318,0.121278241059051,-0.1641862913451689,0.6728223150565192,0.0786605857411668,0
B,sp500-2m/cross_sector_slide3m_noscreen,sp500-12m/same_sector_slide3m_bd7,0.3197883642496997,0.0311716034806663,0.1056532257370457,-0.1247859828778004,0.5833385604469443,0.0530673625577975,0.0966035248065612,-0.1561977822892543,0.5166482231241074,0.0475000638400114,0
B,sp500-2m/cross_sector_slide3m_noscreen,sp500-12m/same_sector_slide1m_noscreen,0.7543737041099948,0.0810950867742904,0.1114473525634032,-0.0984094651114388,0.5968892743095111,0.0601253385649767,0.1073956886028809,-0.1570186343368409,0.639390626421126,0.0655691958753157,0
B,sp500-2m/cross_sector_slide3m_noscreen,sp500-12m/same_sector_slide1m_bd7,0.3176631134279009,0.0277896249475974,0.0944291682294684,-0.1319165979092646,0.3862621277173269,0.0300485658872768,0.0862447336533245,-0.1237837825193463,0.3673816398990885,0.0291567609698026,0
B,sp500-2m/cross_sector_slide3m_noscreen,sp500-12m/cross_sector_slide3m_noscreen,0.6279144409215264,0.0736549123777055,0.124560463334065,-0.0978677859375379,0.1230973598004783,0.0075165107646772,0.1090969529974514,-0.1751498949672451,0.2653034683534633,0.0240172381439519,0
B,sp500-2m/cross_sector_slide3m_noscreen,sp500-12m/cross_sector_slide3m_bd7,0.6017639757984613,0.0522885231709137,0.0990025461176097,-0.1222267751265872,0.3553105895495702,0.0300738338467083,0.0972882984427421,-0.1813067339826654,0.4005299960987456,0.0348137048818626,0
B,sp500-2m/cross_sector_slide3m_noscreen,sp500-12m/cross_sector_slide1m_noscreen,0.953063918210653,0.093267345653274,0.100479221184972,-0.0904836311316448,0.4717957882432799,0.03973425617308,0.0914483761528285,-0.1591213764066951,0.5985546985898624,0.0530492833015249,0
B,sp500-2m/cross_sector_slide3m_noscreen,sp500-12m/cross_sector_slide1m_bd7,0.4173047011702789,0.0311581262272035,0.0914250964526137,-0.1174658355148823,0.5929559902426479,0.0412207042253258,0.0725619686808526,-0.0651449176295453,0.5238848129355145,0.0381499245572566,0
B,sp500-2m/cross_sector_slide3m_bd7,sp500-2m/cross_sector_slide1m_noscreen,0.0883664556048019,0.0041136453433731,0.1047536601164613,-0.1210794021168975,0.703332433076904,0.0617281553645785,0.0909692856152238,-0.0928730770671504,0.5283507659946439,0.0466630571929818,0
B,sp500-2m/cross_sector_slide3m_bd7,sp500-2m/cross_sector_slide1m_bd7,-0.5302986160099284,-0.0504690933775746,0.0937804985770548,-0.1253088921137153,0.7009585924779521,0.0507184346041029,0.0745162213811388,-0.0786661779784323,0.3474116445721179,0.0249406975063577,0
B,sp500-2m/cross_sector_slide3m_bd7,core-12m/same_sector_slide3m_noscreen,-0.53915736221278,-0.0411238446204894,0.0759415497064462,-0.1124809532580739,0.7531563197084615,0.0627102780855877,0.085564135818157,-0.0936769411762253,0.4862520625708904,0.0379103017571693,0
B,sp500-2m/cross_sector_slide3m_bd7,core-12m/same_sector_slide3m_bd7,-0.5168471350011864,-0.0502050555327578,0.0822704485986549,-0.1025633654670881,0.790208624249284,0.0642235234017174,0.083084337166769,-0.0812291625018919,0.4816041513471905,0.0367778598709422,0
B,sp500-2m/cross_sector_slide3m_bd7,core-12m/same_sector_slide1m_noscreen,-0.5441500876382582,-0.0412693349577425,0.0733844814741743,-0.1010129661054506,0.876557423715122,0.0685589384686122,0.0791871020186484,-0.0790131478924673,0.5720441960888593,0.0424576727524853,0
B,sp500-2m/cross_sector_slide3m_bd7,core-12m/same_sector_slide1m_bd7,-0.8929242377384545,-0.0607544240612463,0.0778121114896194,-0.1184579047023182,0.7718265793696926,0.0578779993403355,0.0766523869241199,-0.0685703096708518,0.40530151410082,0.0292019365918144,0
B,sp500-2m/cross_sector_slide3m_bd7,core-12m/cross_sector_slide3m_noscreen,0.3036708586648982,0.0339739691188887,0.120926332593478,-0.1292082308530819,0.2446710221583954,0.0178999005202875,0.0882781861511168,-0.217094299816426,0.2664758418010858,0.0217934327083153,0
B,sp500-2m/cross_sector_slide3m_bd7,core-12m/cross_sector_slide3m_bd7,0.0765896210247669,-0.0041125046057104,0.0972099494227893,-0.1071613178910173,0.7358696661947083,0.0608795319522823,0.0851892520537227,-0.1015721761610268,0.5401638281675085,0.0441536291206749,0
B,sp500-2m/cross_sector_slide3m_bd7,core-12m/cross_sector_slide1m_noscreen,0.3708827904313362,0.0322648693152139,0.0978287283910459,-0.0947562980041036,0.6246728779112788,0.0473558277816286,0.0790057156414633,-0.091966336765497,0.5450846396069363,0.043286815797054,0
B,sp500-2m/cross_sector_slide3m_bd7,core-12m/cross_sector_slide1m_bd7,0.122904019869466,0.0064427871712491,0.0797375995944949,-0.0878869403562968,0.5256949007273541,0.0372525891548878,0.0748266088216747,-0.102440163559662,0.4172137308021783,0.0292758356676913,0
B,sp500-2m/cross_sector_slide3m_bd7,sp500-12m/same_sector_slide3m_noscreen,0.5017019646380144,0.0676155610176657,0.1299765004049291,-0.1319037658320339,0.8642114124403034,0.0816427236784425,0.0961227216025211,-0.1499637107715421,0.757135392771298,0.0780456645541672,0
B,sp500-2m/cross_sector_slide3m_bd7,sp500-12m/same_sector_slide3m_bd7,-0.011002222919814,-0.0045792735993045,0.0910801956971299,-0.1044088203293202,0.9725673651684726,0.0754854291508726,0.0779408909014236,-0.0755878127730594,0.6992204670459836,0.0550787160186761,0
B,sp500-2m/cross_sector_slide3m_bd7,sp500-12m/same_sector_slide1m_noscreen,0.8306449678410294,0.0830357140493125,0.1022347609130252,-0.0750985097103934,0.7999152609662328,0.0637165467327369,0.0813170669889774,-0.110345005637539,0.8050378034431659,0.0687821267658336,0
B,sp500-2m/cross_sector_slide3m_bd7,sp500-12m/same_sector_slide1m_bd7,0.1969284741113477,0.013311507225851,0.0762753157963972,-0.0956529389790942,1.0165211661695903,0.0795530428180151,0.0782894524698418,-0.0780901849095605,0.8046039040325201,0.0614531716850872,0
B,sp500-2m/cross_sector_slide3m_bd7,sp500-12m/cross_sector_slide3m_noscreen,0.7702661925622658,0.0803595613948439,0.1102745533777187,-0.0818665611783928,0.3987376798401207,0.0326177832301675,0.0908486263098291,-0.1605301561859801,0.4991160997278517,0.0443225066234868,0
B,sp500-2m/cross_sector_slide3m_bd7,sp500-12m/cross_sector_slide3m_bd7,0.7548264817336912,0.0558999414751494,0.0900570522568193,-0.0842696555479181,0.5065511013558862,0.0449293555726826,0.0963971163379551,-0.1720554907909541,0.5424321627031333,0.0475591125579364,0
B,sp500-2m/cross_sector_slide3m_bd7,sp500-12m/cross_sector_slide1m_noscreen,1.1412630170346787,0.0981161574139432,0.085251463431801,-0.0554960172757426,1.0962936288662382,0.0883158370973005,0.0801052932581363,-0.0886659504314214,1.1057801886344651,0.0906609334980948,0
B,sp500-2m/cross_sector_slide3m_bd7,sp500-12m/cross_sector_slide1m_bd7,0.6152314420864178,0.0409785372783746,0.0744283208845493,-0.0709593244530087,1.043692072990238,0.0786684738888305,0.0752459637189367,-0.0738813356532677,0.9271892250608724,0.0688949853765132,0
B,sp500-2m/cross_sector_slide1m_noscreen,sp500-2m/cross_sector_slide1m_bd7,0.349345763248766,0.0303218971068179,0.0987988496715505,-0.098701744153922,0.2178033409617573,0.0130193393021673,0.0707624559568361,-0.1168825197939694,0.2570622248346784,0.01735077123389,0
B,sp500-2m/cross_sector_slide1m_noscreen,core-12m/same_sector_slide3m_noscreen,0.3582224586735266,0.0236449352835583,0.0738760058723609,-0.0889300329646741,0.1177020795702074,0.0059906168536503,0.0734042802739537,-0.1446504964475741,0.1779139087257828,0.0104425070655699,0
B,sp500-2m/cross_sector_slide1m_noscreen,core-12m/same_sector_slide3m_bd7,0.4473534499367914,0.0256545721459624,0.0664622804432818,-0.0782107078420237,0.0764537012772749,0.0028644927178986,0.0634063978512589,-0.1202928973350067,0.166648405493536,0.0085897035757757,0
B,sp500-2m/cross_sector_slide1m_noscreen,core-12m/same_sector_slide1m_noscreen,0.4710223094194584,0.0312669735661399,0.0696014776064413,-0.0694858374289224,-0.1983045243960383,-0.0141693042264785,0.0622371714114841,-0.1582392223399548,-0.0126849859429873,-0.0028029043136248,0
B,sp500-2m/cross_sector_slide1m_noscreen,core-12m/same_sector_slide1m_bd7,0.2400695482077151,0.0158318760252518,0.0746356439476332,-0.0949889203289692,-0.2257403692828498,-0.0119539286123854,0.0481451149711768,-0.1184513175573859,-0.0620913600220734,-0.0049750765581114,0
B,sp500-2m/cross_sector_slide1m_noscreen,core-12m/cross_sector_slide3m_noscreen,0.2315149007513505,0.0231087889479546,0.1133652915254198,-0.1407593511129519,-0.3837409788404494,-0.0347380984528381,0.083182416225815,-0.2485516640067998,-0.1805874577339999,-0.0203038729152958,0
B,sp500-2m/cross_sector_slide1m_noscreen,core-12m/cross_sector_slide3m_bd7,0.2843904624372095,0.0231643770315691,0.0975286120130374,-0.1213517218195786,0.0630808534653605,0.0020017731077486,0.0682610050028982,-0.1189104866009834,0.1335583101321566,0.007409350228112,0
B,sp500-2m/cross_sector_slide1m_noscreen,core-12m/cross_sector_slide1m_noscreen,0.9111239489046266,0.0962146926132515,0.1069149164322006,-0.0955761461148549,-0.3342101922670189,-0.0260963314085237,0.0714943420417783,-0.1977518384270107,0.0903216366852165,0.0040740838906924,0
B,sp500-2m/cross_sector_slide1m_noscreen,core-12m/cross_sector_slide1m_bd7,0.4037087141439245,0.0329575912515823,0.0899720322919925,-0.0950063347985365,-0.1599061387122106,-0.00995396294153,0.0536055997779131,-0.1217270312712853,0.0453715106925223,0.0008559417494651,0
B,sp500-2m/cross_sector_slide1m_noscreen,sp500-12m/same_sector_slide3m_noscreen,0.592582588265169,0.0673349976196993,0.1203390548432345,-0.1075950508130496,0.4216744929215366,0.0353467590040692,0.0924770461632105,-0.1023883694414843,0.4727671415212234,0.0435334962667481,0
B,sp500-2m/cross_sector_slide1m_noscreen,sp500-12m/same_sector_slide3m_bd7,0.5287840465518294,0.0425428289014819,0.0958549602199754,-0.08473420722275,0.3140474664252661,0.0184767146541331,0.0650062772112286,-0.0815530508777189,0.3717601051235589,0.0247425062016322,0
B,sp500-2m/cross_sector_slide1m_noscreen,sp500-12m/same_sector_slide1m_noscreen,0.7283957684920549,0.0761880599018116,0.1080773011896744,-0.0854218235301208,0.2474895419423769,0.0154819809309614,0.0727733451624128,-0.0818351915839901,0.4074214491899656,0.03107747292285,0
B,sp500-2m/cross_sector_slide1m_noscreen,sp500-12m/same_sector_slide1m_bd7,0.5005138199646323,0.0403822566320127,0.0864663654346549,-0.0918541700726288,0.1743754284639781,0.0081726730592641,0.0554984456624856,-0.0857489553717621,0.2853511722064678,0.0166101639063978,0
B,sp500-2m/cross_sector_slide1m_noscreen,sp500-12m/cross_sector_slide3m_noscreen,0.6633000521462838,0.0734440621476923,0.1108565303897966,-0.0746117570742465,0.011350963434067,-0.0031226565745809,0.0912601162847419,-0.1785893178241389,0.2110751213517767,0.0162634510643066,0
B,sp500-2m/cross_sector_slide1m_noscreen,sp500-12m/cross_sector_slide3m_bd7,0.7788340788726053,0.0630805305659521,0.0886656731103713,-0.080878357714005,0.2522817262342302,0.018117780988702,0.0869387130737349,-0.1989660701742872,0.3778860755692704,0.0293453778332571,0
B,sp500-2m/cross_sector_slide1m_noscreen,sp500-12m/cross_sector_slide1m_noscreen,1.1203285357683277,0.1103232164850266,0.096814451390969,-0.0665566234412788,0.2747337553686771,0.0170419875178458,0.0706135639722564,-0.0929689167420496,0.5465606545720197,0.0406311466954043,0
B,sp500-2m/cross_sector_slide1m_noscreen,sp500-12m/cross_sector_slide1m_bd7,0.5701323681314514,0.0423964292051008,0.0828056950672246,-0.0823668233148603,0.3444232004181717,0.0194396788313375,0.0614052482928804,-0.1168516513520666,0.4088185094151284,0.0254518489646314,0
B,sp500-2m/cross_sector_slide1m_bd7,core-12m/same_sector_slide3m_noscreen,-0.0523810424910978,-0.0046095331400356,0.0567040636840722,-0.0780797066613587,0.1343404094887906,0.0052757495008619,0.0475415119418236,-0.1073104098054681,0.0843950274182948,0.0029300493509317,0
B,sp500-2m/cross_sector_slide1m_bd7,core-12m/same_sector_slide3m_bd7,-0.1600952587103772,-0.0114198854451001,0.051001106466686,-0.0742649382038344,0.3637239803665235,0.013809348414669,0.0398884645675622,-0.0708442411122843,0.2003506726800484,0.0074699273562716,0
B,sp500-2m/cross_sector_slide1m_bd7,core-12m/same_sector_slide1m_noscreen,-0.1858626457657389,-0.0105591572988142,0.0494305182067696,-0.0652496424739369,0.3593169520265326,0.0145814214633033,0.0428265316217579,-0.0518380241196894,0.2099513308113543,0.0083812064818294,0
B,sp500-2m/cross_sector_slide1m_bd7,core-12m/same_sector_slide1m_bd7,-0.6372882966432414,-0.0246525197352256,0.0382625956055348,-0.0790244646612442,0.2292752287800523,0.0077617211542675,0.0366441508282967,-0.0768215339389648,0.0104913005244625,-0.000297345173791,0
B,sp500-2m/cross_sector_slide1m_bd7,core-12m/cross_sector_slide3m_noscreen,0.3691179853340762,0.0465002539905352,0.1121452723178928,-0.1300716701843933,-0.5585542624566563,-0.0364776185677806,0.0629797338547816,-0.2519911598427372,-0.1868712468552119,-0.0161628323760907,0
B,sp500-2m/cross_sector_slide1m_bd7,core-12m/cross_sector_slide3m_bd7,0.180976064143376,0.0111636181985521,0.0746466790157554,-0.0898967317814516,0.348896037775078,0.0169752000972913,0.052126789369263,-0.0782732059153697,0.2893181637342814,0.0153609315601439,0
B,sp500-2m/cross_sector_slide1m_bd7,core-12m/cross_sector_slide1m_noscreen,0.6604288790719834,0.0608757550498219,0.0963393050622225,-0.095036191617134,0.2404089982968593,0.011779728713668,0.0549742150628647,-0.0838155766076598,0.3838745328026731,0.0240750822329462,0
B,sp500-2m/cross_sector_slide1m_bd7,core-12m/cross_sector_slide1m_bd7,0.3034105834448302,0.019687937030829,0.0713726418645206,-0.0773965546067707,0.3280647706585096,0.0136835422778991,0.044418773563568,-0.0698380901527062,0.3104938753717327,0.0150767927089094,0
B,sp500-2m/cross_sector_slide1m_bd7,sp500-12m/same_sector_slide3m_noscreen,0.5851084449141356,0.0752469095892231,0.1243203144843401,-0.1023218020511856,0.6421205913219107,0.0485569364232878,0.0786465853530716,-0.142504049838208,0.6176904491277374,0.0552130063771525,0
B,sp500-2m/cross_sector_slide1m_bd7,sp500-12m/same_sector_slide3m_bd7,0.2435168846512725,0.0160249438650457,0.0842443204445077,-0.0940469181582438,0.7250972952162706,0.0387314792540673,0.0544488148071676,-0.0573390319978913,0.5453963203178959,0.0329820474568848,0
B,sp500-2m/cross_sector_slide1m_bd7,sp500-12m/same_sector_slide1m_noscreen,0.82141461512622,0.080151467153179,0.0994223391763079,-0.0742774325408189,0.5177685815000728,0.0295704467362685,0.0597252275460955,-0.0801109453738184,0.6133681443606136,0.0426983729984637,0
B,sp500-2m/cross_sector_slide1m_bd7,sp500-12m/same_sector_slide1m_bd7,0.3511809803610418,0.0229074148702514,0.0723137339951829,-0.0845610073553462,0.7194136324454125,0.0339303457684414,0.0479815380931301,-0.0557638422810162,0.5790015922464062,0.03103648468821,0
B,sp500-2m/cross_sector_slide1m_bd7,sp500-12m/cross_sector_slide3m_noscreen,0.9596213945029632,0.0969429646400087,0.1032493542769869,-0.0738410608354844,-0.1031522976153675,-0.013772069585394,0.0925358877680883,-0.2216495221701541,0.1853890347744683,0.0132391337097011,0
B,sp500-2m/cross_sector_slide1m_bd7,sp500-12m/cross_sector_slide3m_bd7,0.8721019315182883,0.0520705249700768,0.0761354637074257,-0.0579947028014369,0.2804526263258585,0.0198894078173597,0.083359369705792,-0.196649833128113,0.3813966434524655,0.0276153199389652,0
B,sp500-2m/cross_sector_slide1m_bd7,sp500-12m/cross_sector_slide1m_noscreen,1.3564520159617377,0.1163913683831223,0.0836619695659893,-0.049544390121693,0.5117086008123546,0.0302544442209553,0.0620151746174326,-0.1286630189441725,0.7774988475459539,0.0521543793851404,0
B,sp500-2m/cross_sector_slide1m_bd7,sp500-12m/cross_sector_slide1m_bd7,0.5362338220546562,0.0318146340920263,0.0692734879467548,-0.057229013111423,0.5966833504437312,0.0289451648899352,0.0499213976080775,-0.1039181301774085,0.5611529886389038,0.0296797705305544,0
B,core-12m/same_sector_slide3m_noscreen,core-12m/same_sector_slide3m_bd7,0.4283525502703522,0.0231575873149951,0.0758472563257255,-0.0547836457539986,-0.8732341568095116,-0.0458590148070167,0.0521950845619667,-0.1463551099744325,-0.5916377477283673,-0.0350756346661983,0
B,core-12m/same_sector_slide3m_noscreen,core-12m/same_sector_slide1m_noscreen,0.3160169508938431,0.017102655482961,0.0601094088833875,-0.0548426189835925,-0.8076787386645053,-0.0365039498551176,0.0447975052139796,-0.1958538987598576,-0.5458221535457647,-0.0269630833592612,0
B,core-12m/same_sector_slide3m_noscreen,core-12m/same_sector_slide1m_bd7,0.0747588535993962,0.0013890551750212,0.0534872699549163,-0.0468652200232792,-0.3680870029272711,-0.0147685582257809,0.0384183686497581,-0.0971186720636317,-0.2657535788411292,-0.0118344062078938,0
B,core-12m/same_sector_slide3m_noscreen,core-12m/cross_sector_slide3m_noscreen,0.5250009424613136,0.057937834680705,0.1149971275734361,-0.1278285969078657,-1.1489971017660086,-0.08772362741318,0.0772901146151718,-0.3756808139379975,-0.6031327752424148,-0.0549062360190791,0
B,core-12m/same_sector_slide3m_noscreen,core-12m/cross_sector_slide3m_bd7,0.3586649689894042,0.0216214477166206,0.0715386458710504,-0.0827355237075418,-0.7301145201054974,-0.0415942740522798,0.0560355305077749,-0.1965070919896842,-0.4373714113003026,-0.0276209991772456,0
B,core-12m/same_sector_slide3m_noscreen,core-12m/cross_sector_slide1m_noscreen,0.520577348385089,0.0454143554331785,0.0943782485595385,-0.0967660794649509,-0.7978500768437341,-0.0490891853840724,0.0607610104166926,-0.248623153364295,-0.3366171091579089,-0.0260773056088642,0
B,core-12m/same_sector_slide3m_noscreen,core-12m/cross_sector_slide1m_bd7,0.3285340064945544,0.0215176734261621,0.0707363303053,-0.0780036036834057,-0.1237055317984314,-0.0069565322051911,0.0473322979009944,-0.1156901985942054,0.0207801403897732,-0.0002951478744624,0
B,core-12m/same_sector_slide3m_noscreen,sp500-12m/same_sector_slide3m_noscreen,0.6257244621304825,0.0625596530538214,0.109294162305719,-0.1003406246693598,0.1832092229008226,0.0124484277046119,0.0892752794812189,-0.1695182191479672,0.3121119268054673,0.0252565022097644,0
B,core-12m/same_sector_slide3m_noscreen,sp500-12m/same_sector_slide3m_bd7,0.4689725881862235,0.036003649234124,0.0734817209782945,-0.0634333935160277,0.1409899752999092,0.0069250468446158,0.0630570436795614,-0.117410543816022,0.2428419174443351,0.0142117695707931,0
B,core-12m/same_sector_slide3m_noscreen,sp500-12m/same_sector_slide1m_noscreen,0.9851258167665876,0.0910717249463238,0.0939212604571896,-0.0574324747601884,-0.034472186818451,-0.0038261167289848,0.0596224455672387,-0.0943112031080641,0.3220872146541781,0.02046166236983,0
B,core-12m/same_sector_slide3m_noscreen,sp500-12m/same_sector_slide1m_bd7,0.5163408421538224,0.031071299715277,0.0641272116069826,-0.0653074959236492,0.2254924016873501,0.0107003840028503,0.0535865551296365,-0.083221070565662,0.3069434226443662,0.0158566782133601,0
B,core-12m/same_sector_slide3m_noscreen,sp500-12m/cross_sector_slide3m_noscreen,1.271380635007572,0.1259521119647926,0.0980327555610699,-0.0690913195981812,-0.4705757413760661,-0.0598418527599113,0.116280624470774,-0.3809846206324957,-0.0929010988788368,-0.0166539818166952,0
B,core-12m/same_sector_slide3m_noscreen,sp500-12m/cross_sector_slide3m_bd7,1.025489604884295,0.077282108920256,0.0878882918784604,-0.077112214261986,0.0545646987119634,0.0005573155356783,0.0920084640428896,-0.2725904829245349,0.2236320894707859,0.0158310830566198,0
B,core-12m/same_sector_slide3m_noscreen,sp500-12m/cross_sector_slide1m_noscreen,1.380587371509378,0.1068515795480431,0.0733523519342148,-0.0615186938438926,0.0713231148240062,0.002532897252931,0.0703649197796311,-0.1841533065391287,0.4266970171390372,0.0284757440898792,0
B,core-12m/same_sector_slide3m_noscreen,sp500-12m/cross_sector_slide1m_bd7,0.7727084950230648,0.0464426751396644,0.0650117780597756,-0.0584577441873526,-0.0106606643549055,-0.0020185522486656,0.0536293168953304,-0.1758970068590453,0.194157542214091,0.0092733214531761,0
B,core-12m/same_sector_slide3m_bd7,core-12m/same_sector_slide1m_noscreen,0.262355553438899,0.0087947575570238,0.0417023719565691,-0.0343323397950392,-0.4609642460480119,-0.0156554205141861,0.0330453651552892,-0.1042066338460222,-0.3097336785519589,-0.0113806127286931,0
B,core-12m/same_sector_slide3m_bd7,core-12m/same_sector_slide1m_bd7,0.1491354465492509,5.065405722692873e-05,0.0432208897116793,-0.031020265148886,-0.1126635015682543,-0.0039163897553805,0.0306612829313059,-0.0427186537415037,-0.0822562489982023,-0.0035843785085157,0
B,core-12m/same_sector_slide3m_bd7,core-12m/cross_sector_slide3m_noscreen,0.5834498602339447,0.0680375773203237,0.1155412777531877,-0.1173506865911886,-0.8292598565125427,-0.0481954203332574,0.0575612403339449,-0.2251283590293168,-0.2640064848689788,-0.0215420662316219,0
B,core-12m/same_sector_slide3m_bd7,core-12m/cross_sector_slide3m_bd7,0.2523097542907486,0.011743173559895,0.0775921964579959,-0.0821048294774844,-0.8061192102409289,-0.0400989430812592,0.049258003348578,-0.1329062098191529,-0.4788258421560752,-0.0288433785899345,0
B,core-12m/same_sector_slide3m_bd7,core-12m/cross_sector_slide1m_noscreen,0.5058467815675581,0.0424272353092326,0.0854188767784238,-0.0898051596539514,-0.5597557016006209,-0.0264982108182468,0.0460791918143171,-0.1323985613214298,-0.140482676537069,-0.0096750616606569,0
B,core-12m/same_sector_slide3m_bd7,core-12m/cross_sector_slide1m_bd7,0.5312156898841904,0.0314570488104338,0.0634791383925875,-0.0648361717949663,-0.2733782089068826,-0.0099431777618045,0.034390134461939,-0.0590079922036814,0.0184339826656143,-0.0001850261376866,0
B,core-12m/same_sector_slide3m_bd7,sp500-12m/same_sector_slide3m_noscreen,0.71042372677566,0.0721461332705172,0.0958947811950258,-0.0831828351265213,0.1631418882148882,0.0098151640840793,0.0789557954357188,-0.1432023390951439,0.335526154256807,0.0255422575660369,0
B,core-12m/same_sector_slide3m_bd7,sp500-12m/same_sector_slide3m_bd7,0.5379393771727801,0.0379638922474856,0.066564613525058,-0.0584751290916001,0.0495051713962575,0.0011585480303406,0.0604721651274684,-0.1218579479617711,0.1873130908925578,0.01021006088242,0
B,core-12m/same_sector_slide3m_bd7,sp500-12m/same_sector_slide1m_noscreen,1.1071516900118887,0.1043643689261221,0.0929512490847173,-0.0502552347047827,0.0063030045597806,-0.0012818467348377,0.0573246364728221,-0.0841012566207717,0.3999921956559329,0.0257153189117568,0
B,core-12m/same_sector_slide3m_bd7,sp500-12m/same_sector_slide1m_bd7,0.4594548641408629,0.0266982750541859,0.0584412440412529,-0.0565637278512318,0.0353150656819812,0.0005786864035246,0.0446549368242983,-0.079560457153367,0.1678652667950913,0.0072536338847942,0
B,core-12m/same_sector_slide3m_bd7,sp500-12m/cross_sector_slide3m_noscreen,1.2263331543185545,0.1294629783181594,0.1058963708998969,-0.0784907271689382,-0.3585814850456087,-0.0462158237930082,0.1134111307667063,-0.3372119230479788,0.0119775281096318,-0.0047351988412002,0
B,core-12m/same_sector_slide3m_bd7,sp500-12m/cross_sector_slide3m_bd7,1.1867258476667182,0.100437668557375,0.0887725248971192,-0.0705166840708132,0.2114870477881127,0.0148482686025421,0.0900588729364952,-0.2043959790215537,0.395386161602228,0.0317286782156367,0
B,core-12m/same_sector_slide3m_bd7,sp500-12m/cross_sector_slide1m_noscreen,1.3551109796984369,0.1012131245367444,0.0703916852974975,-0.0553046410078882,0.0847441576671197,0.0033936798009657,0.0650937099656137,-0.1835957234386432,0.4397962802914824,0.0279213000629028,0
B,core-12m/same_sector_slide3m_bd7,sp500-12m/cross_sector_slide1m_bd7,0.8551345622657288,0.053415186360722,0.0660764780967377,-0.0585272651217231,0.3539490177972602,0.015633727434984,0.0469654323965979,-0.1339923368495412,0.4918434798479833,0.0244809358145997,0
B,core-12m/same_sector_slide1m_noscreen,core-12m/same_sector_slide1m_bd7,-0.3368743280655633,-0.0131601155213426,0.0372858502233879,-0.0351014635172033,-0.2458005686538532,-0.008024943182446,0.0308430314414642,-0.0944576626092973,-0.2649277812743769,-0.0089764751927825,0
B,core-12m/same_sector_slide1m_noscreen,core-12m/cross_sector_slide3m_noscreen,0.3254682636447819,0.0399034229331324,0.1058019252231131,-0.1197359959919838,-1.0917894409592168,-0.0694334377229696,0.0640221156740165,-0.3306003536619556,-0.5637382800288351,-0.0437518209043834,0
B,core-12m/same_sector_slide1m_noscreen,core-12m/cross_sector_slide3m_bd7,-0.0071037075951713,-4.973296259207505e-05,0.0638415370397413,-0.0762507761542675,-0.2552158237770694,-0.0126203932084489,0.0456799243838341,-0.1454506976488496,-0.1730852760557365,-0.009723421331038,0
B,core-12m/same_sector_slide1m_noscreen,core-12m/cross_sector_slide1m_noscreen,0.4332601529807297,0.0367425157990931,0.0918330156297946,-0.0927002548707497,-0.5748410901608246,-0.0321992335759986,0.0543608300113204,-0.2250137074822945,-0.2012754161415708,-0.01527744698185,0
B,core-12m/same_sector_slide1m_noscreen,core-12m/cross_sector_slide1m_bd7,0.4011039106489188,0.0253672091356131,0.0677203904577877,-0.075177677981379,-0.0670758446262637,-0.0034058759922774,0.039334820328575,-0.0819899584013296,0.0940456660304565,0.0033677384853882,0
B,core-12m/same_sector_slide1m_noscreen,sp500-12m/same_sector_slide3m_noscreen,0.5775041853087315,0.0685313347478263,0.1153168098607727,-0.0990252622972611,0.3507872626263684,0.0272753623845469,0.0876963993130354,-0.1507526556863513,0.4319762449193678,0.0379910740430931,0
B,core-12m/same_sector_slide1m_noscreen,sp500-12m/same_sector_slide3m_bd7,0.5763032552742171,0.0393605870272693,0.0670417600363943,-0.0584286870219593,-0.0858340899912818,-0.0067954585309371,0.0590203730399706,-0.1672482599913751,0.0981526316314663,0.0043652757448565,0
B,core-12m/same_sector_slide1m_noscreen,sp500-12m/same_sector_slide1m_noscreen,0.882630626931455,0.0861258085136489,0.0985319649135205,-0.0775914969884792,0.1336316550725422,0.0064700831653541,0.0632738642521709,-0.1028230197524959,0.3950915427840855,0.0270244335631938,0
B,core-12m/same_sector_slide1m_noscreen,sp500-12m/same_sector_slide1m_bd7,0.4948151566798663,0.0266504492364473,0.0565088327022342,-0.0587953551931746,0.1328695832083956,0.0053100337764451,0.0488959117882175,-0.0893644637081573,0.237445646848313,0.0108702627062872,0
B,core-12m/same_sector_slide1m_noscreen,sp500-12m/cross_sector_slide3m_noscreen,0.9022605131253448,0.0895681091272287,0.0950121074263149,-0.0710067508426369,-0.308733171857189,-0.0374171075670189,0.1049911479208644,-0.3501444195691519,-0.0248988292344866,-0.0076272456672352,0
B,core-12m/same_sector_slide1m_noscreen,sp500-12m/cross_sector_slide3m_bd7,1.193909460944131,0.0766061330775892,0.0760602540087188,-0.0555611812391773,-0.0862163805514465,-0.0109306005830057,0.0840741612998328,-0.259169779492005,0.1388887366500965,0.007634272136444,0
B,core-12m/same_sector_slide1m_noscreen,sp500-12m/cross_sector_slide1m_noscreen,1.308754525420719,0.0975360148264252,0.0701576018616418,-0.0538592191062064,0.1765692787703722,0.0095448074516695,0.0663281613890467,-0.1863970638940669,0.4849586589518566,0.0311436253812162,0
B,core-12m/same_sector_slide1m_noscreen,sp500-12m/cross_sector_slide1m_bd7,0.8273746793051644,0.0483613509394075,0.0627781699428194,-0.0555676477998893,0.0327037384316226,0.0003707841928979,0.0502133255754628,-0.1575999285871508,0.2523263102245079,0.0120305990533869,0
B,core-12m/same_sector_slide1m_bd7,core-12m/cross_sector_slide3m_noscreen,0.2578290957040847,0.0273560403257852,0.1083442198858457,-0.1170683016969669,-0.7931918563671938,-0.0382274668609406,0.0477003234387914,-0.1937485101016821,-0.3234951057015293,-0.0228539778169152,0
B,core-12m/same_sector_slide1m_bd7,core-12m/cross_sector_slide3m_bd7,0.3792921885629458,0.0296566177285656,0.065950950456345,-0.0708099644855003,-0.483385056716778,-0.0194704220701996,0.0390934410496981,-0.0950266284620368,-0.1732269140807262,-0.0083336021916418,0
B,core-12m/same_sector_slide1m_bd7,core-12m/cross_sector_slide1m_noscreen,0.576471211976805,0.0482580569579082,0.0878402454043944,-0.0917660743873097,-0.3237526226804147,-0.0130952457175868,0.0384324786740343,-0.0879917696262924,0.0631835755768797,0.0019890891763574,0
B,core-12m/same_sector_slide1m_bd7,core-12m/cross_sector_slide1m_bd7,0.5586217467233061,0.037915757158806,0.0707122813368031,-0.0741958207337462,-0.2304648293817162,-0.0088340765271822,0.0357330917901834,-0.0704096352951796,0.0710605591975308,0.0022376456658097,0
B,core-12m/same_sector_slide1m_bd7,sp500-12m/same_sector_slide3m_noscreen,0.6945424261242189,0.0834347106034161,0.1145067202554166,-0.0869007875499339,0.3330842326235882,0.0190664689509185,0.062587366254111,-0.1421088271029168,0.4657234053786751,0.0352172195261299,0
B,core-12m/same_sector_slide1m_bd7,sp500-12m/same_sector_slide3m_bd7,0.5753226569072176,0.0424941570842659,0.0763605629088894,-0.066426691957968,-0.0552543722023433,-0.0043950178984882,0.0535899541900269,-0.1141734563637677,0.1470276052709706,0.0071771941110127,0
B,core-12m/same_sector_slide1m_bd7,sp500-12m/same_sector_slide1m_noscreen,1.130771329994235,0.10927398056693,0.0949466987070032,-0.0507327860057626,-0.0595911465786206,-0.0040588778478954,0.0484507395073565,-0.1052858935453675,0.4102258933432133,0.0247339814187056,0
B,core-12m/same_sector_slide1m_bd7,sp500-12m/same_sector_slide1m_bd7,0.5903978025504384,0.0399793182757823,0.0697975114734823,-0.0593787061433768,0.0020628088690839,-0.0009541342338489,0.0456780892415125,-0.0879317325266526,0.2011988038391031,0.009336111048819,0
B,core-12m/same_sector_slide1m_bd7,sp500-12m/cross_sector_slide3m_noscreen,1.0444828298918316,0.1215416501325211,0.1133937687836696,-0.0801565414381783,-0.4693800760920372,-0.0519752482477022,0.1021273596900975,-0.3219178130370411,-0.0628279471059893,-0.0117956645186694,0
B,core-12m/same_sector_slide1m_bd7,sp500-12m/cross_sector_slide3m_bd7,0.942445050746284,0.0754856708056137,0.0891977850225977,-0.074761249686686,0.0463587453811814,0.0001934235901832,0.0822531712055833,-0.1947018459852074,0.2151918336639557,0.0142538814297918,0
B,core-12m/same_sector_slide1m_bd7,sp500-12m/cross_sector_slide1m_noscreen,1.243522637652032,0.1007731023069145,0.0792762995763387,-0.0693830228713773,0.4012927157709569,0.020523084833274,0.0543160653527795,-0.092797639882164,0.6749223201317589,0.0407097355482268,0
B,core-12m/same_sector_slide1m_bd7,sp500-12m/cross_sector_slide1m_bd7,0.480307042667829,0.0308939487932822,0.0751277514739648,-0.0902689957877045,0.234226467061254,0.0096578508618829,0.0455010991146143,-0.1167919143011865,0.2969269857594279,0.0143939332380363,0
B,core-12m/cross_sector_slide3m_noscreen,core-12m/cross_sector_slide3m_bd7,0.3414311383297874,0.0406617570683657,0.117762912012507,-0.1331403083378223,-0.6451856939140226,-0.0459871336746383,0.0692461981546726,-0.2261727529490079,-0.282780819879417,-0.0258113047450769,0
B,core-12m/cross_sector_slide3m_noscreen,core-12m/cross_sector_slide1m_noscreen,0.6155066910704311,0.0671086129953986,0.1103681584102107,-0.1118472004894723,-0.6107849566558127,-0.0512108391640138,0.080724910816053,-0.2924071301214758,-0.2137453360300521,-0.0224703672753171,0
B,core-12m/cross_sector_slide3m_noscreen,core-12m/cross_sector_slide1m_bd7,0.4693397733455979,0.045687781948422,0.0956617049972327,-0.112877790195565,-0.4254732627567325,-0.0259949765147,0.0579544077689875,-0.1681072500798744,-0.0974589613994201,-0.0085045565831378,0
B,core-12m/cross_sector_slide3m_noscreen,sp500-12m/same_sector_slide3m_noscreen,0.6906657227378797,0.0902971616540545,0.1255547674042575,-0.1143325177461298,0.0066793342012393,-0.0040022365776891,0.0964438632883859,-0.1747906532522024,0.2273436092243451,0.0192689919424777,0
B,core-12m/cross_sector_slide3m_noscreen,sp500-12m/same_sector_slide3m_bd7,0.6200022612827716,0.0645297631535244,0.1079894437485661,-0.1033615543390305,-0.4759773604508746,-0.0354703459376968,0.0706074093217144,-0.2459054125397493,-0.1002239131652404,-0.0112128495932725,0
B,core-12m/cross_sector_slide3m_noscreen,sp500-12m/same_sector_slide1m_noscreen,0.8622864470402053,0.095029577349803,0.1106923266579372,-0.0912287030811071,-0.3083880241526695,-0.0251927203791476,0.0738743264745551,-0.1719739312048649,0.1018575786534973,0.0052720219224641,0
B,core-12m/cross_sector_slide3m_noscreen,sp500-12m/same_sector_slide1m_bd7,0.4095743526896828,0.0381916051775437,0.1002635496542628,-0.1132520288649604,-0.2824572173519409,-0.0184295892111897,0.05955901488394,-0.139568744562293,-0.020364274982702,-0.0038555133560632,0
B,core-12m/cross_sector_slide3m_noscreen,sp500-12m/cross_sector_slide3m_noscreen,0.632933109429396,0.0716533152215899,0.1168774171822596,-0.115427933890132,-0.4391022206186008,-0.0573657002424066,0.1181423508990718,-0.412555601261706,-0.1658462722588048,-0.0261520873495578,0
B,core-12m/cross_sector_slide3m_noscreen,sp500-12m/cross_sector_slide3m_bd7,0.6408112039131074,0.0577346844772288,0.0902700599082462,-0.0809017867610233,-0.0065050569012885,-0.0046056833864202,0.0876716056847337,-0.2375489471276367,0.1627472937964401,0.0106401264442155,0
B,core-12m/cross_sector_slide3m_noscreen,sp500-12m/cross_sector_slide1m_noscreen,0.5952105723446287,0.0612276163031618,0.1003909906218277,-0.1141606637758227,-0.1163572033884663,-0.0114104297596564,0.0745942311291444,-0.1838429525802777,0.1188203173306439,0.0068888630123624,0
B,core-12m/cross_sector_slide3m_noscreen,sp500-12m/cross_sector_slide1m_bd7,0.3336553060890387,0.0223037015786139,0.0773268862927749,-0.0921889410203347,0.0917725777412956,0.0036754979420852,0.0591158561296431,-0.1332468355204257,0.164907620623039,0.0085007793012867,0
B,core-12m/cross_sector_slide3m_bd7,core-12m/cross_sector_slide1m_noscreen,0.6832918908239685,0.0637446759998577,0.0969205962024458,-0.1023807763486282,-0.3207327473400946,-0.020048813583157,0.0579156233997919,-0.1446157628931205,0.0416782589020668,0.0004830774541729,0
B,core-12m/cross_sector_slide3m_bd7,core-12m/cross_sector_slide1m_bd7,0.6060571650575339,0.0471638993970496,0.0818106696828994,-0.0832102257562763,0.2011571088714051,0.008909743673265,0.0504033409386368,-0.0603088110972338,0.3314069364631849,0.0181197968124126,0
B,core-12m/cross_sector_slide3m_bd7,sp500-12m/same_sector_slide3m_noscreen,0.864205850901111,0.0886239188920452,0.1004875311195739,-0.0929805188027806,0.3483148619269629,0.0266601940413666,0.086196404027217,-0.1481082545774275,0.4984155571015455,0.0420113482364616,0
B,core-12m/cross_sector_slide3m_bd7,sp500-12m/same_sector_slide3m_bd7,0.8075676287867183,0.0632688023491591,0.0799299436213628,-0.0751311207146328,-0.1725808490158703,-0.0120854466118148,0.059998327569753,-0.149980084912138,0.123264524945265,0.0059379765874751,0
B,core-12m/cross_sector_slide3m_bd7,sp500-12m/same_sector_slide1m_noscreen,1.0352081331548468,0.0991364473406803,0.0935248869911958,-0.0735426483482866,-0.1456890371890715,-0.0114279713364783,0.0645732413958761,-0.1070792182775729,0.256045195769221,0.0166430044419244,0
B,core-12m/cross_sector_slide3m_bd7,sp500-12m/same_sector_slide1m_bd7,0.5386216257639345,0.0366297043005239,0.072417093789098,-0.0854482641254809,-0.2895555189716176,-0.0154530108891268,0.0495402374308241,-0.1408545126551853,-0.0085249392843077,-0.0021103632213864,0
B,core-12m/cross_sector_slide3m_bd7,sp500-12m/cross_sector_slide3m_noscreen,0.7517160066054001,0.0741791763822381,0.0986257549875794,-0.0826561433850228,-0.4110055932310164,-0.0502083675764236,0.1100552143303078,-0.3680261432663212,-0.1339834249106493,-0.0199264672308769,0
B,core-12m/cross_sector_slide3m_bd7,sp500-12m/cross_sector_slide3m_bd7,0.7737846026564611,0.0650249995707545,0.0882686707893233,-0.0712274729673822,0.0628671629723169,0.0013920338893949,0.0894090719635856,-0.2385093153944197,0.2231593310652368,0.0158191349997305,0
B,core-12m/cross_sector_slide3m_bd7,sp500-12m/cross_sector_slide1m_noscreen,0.8223526058416102,0.0629169317751549,0.0769863453883975,-0.0736130322684824,-0.1187952600344787,-0.0102689597685458,0.0675613227646117,-0.2060606591201084,0.1535523477047461,0.0084234365336515,0
B,core-12m/cross_sector_slide3m_bd7,sp500-12m/cross_sector_slide1m_bd7,0.7681886399966339,0.0513547380235426,0.0732538073787155,-0.0665613347926016,-0.0088537644493015,-0.0019867763004807,0.0546591562925561,-0.1459081416685441,0.2145298498063225,0.0108246448852462,0
B,core-12m/cross_sector_slide1m_noscreen,core-12m/cross_sector_slide1m_bd7,0.583851087898365,0.0516193074613571,0.0928426852639706,-0.0978240565676548,-0.310462709768258,-0.0185558315072138,0.0553698891569961,-0.1295995416616856,0.0136154987689307,-0.0013022416926256,0
B,core-12m/cross_sector_slide1m_noscreen,sp500-12m/same_sector_slide3m_noscreen,0.8935688827376332,0.1060336974374754,0.1139670282972347,-0.0891468438895054,0.0517247767019016,0.0006478877549773,0.088719366542122,-0.1987575649914305,0.3194023210234155,0.0270036532989975,0
B,core-12m/cross_sector_slide1m_noscreen,sp500-12m/same_sector_slide3m_bd7,0.6856761245466562,0.0617345140177595,0.094718294993363,-0.0825015615366604,-0.2132284215723295,-0.0163968102499707,0.0669718218722646,-0.1960052848277891,0.0810693966257949,0.0032152439838608,0
B,core-12m/cross_sector_slide1m_noscreen,sp500-12m/same_sector_slide1m_noscreen,1.067648810971515,0.1150495867461371,0.1065731549533113,-0.0874017575010328,0.0776708029092024,0.0029830644983692,0.0694365970264794,-0.1012150047694521,0.4216300083241744,0.0314460466652526,0
B,core-12m/cross_sector_slide1m_noscreen,sp500-12m/same_sector_slide1m_bd7,0.6785006066286364,0.0608082376413729,0.0931014917215522,-0.094341540037344,-0.0819693143944532,-0.0061483413377719,0.0560352598238304,-0.1106997788808781,0.1952887442055528,0.0110074974108588,0
B,core-12m/cross_sector_slide1m_noscreen,sp500-12m/cross_sector_slide3m_noscreen,0.7104306435964276,0.0750296421214836,0.1110045827654265,-0.1079862655819997,-0.0747189609314882,-0.0119281538246341,0.097064619165055,-0.2560688056409169,0.1471847447990312,0.0097608276243018,0
B,core-12m/cross_sector_slide1m_noscreen,sp500-12m/cross_sector_slide3m_bd7,0.7541023297708132,0.0627595786474908,0.0893298961775485,-0.0941184822165542,0.021082856488714,-0.0019931550937154,0.084666948454173,-0.2173043182919618,0.2069293104467649,0.0139005960610488,0
B,core-12m/cross_sector_slide1m_noscreen,sp500-12m/cross_sector_slide1m_noscreen,0.801348651764595,0.0766925840649353,0.0976892329438839,-0.1044988801013863,-0.1314081166138253,-0.0118150359134822,0.0711233191472596,-0.2066311371797239,0.171473781627985,0.010475824610148,0
B,core-12m/cross_sector_slide1m_noscreen,sp500-12m/cross_sector_slide1m_bd7,0.4743029743474894,0.0348660295316187,0.0783733046449074,-0.0838767157172074,-0.0150168103822294,-0.0023759878985543,0.0554329142652544,-0.1715304226491536,0.1440542389898472,0.0070389757573392,0
B,core-12m/cross_sector_slide1m_bd7,sp500-12m/same_sector_slide3m_noscreen,0.719939187812275,0.0836955053423416,0.1011195344786396,-0.077514289935401,0.4284661404766781,0.0273290197706923,0.0683866623736562,-0.1230206011086922,0.5376178462675476,0.0413859202783435,0
B,core-12m/cross_sector_slide1m_bd7,sp500-12m/same_sector_slide3m_bd7,0.6917275485634009,0.0532190701427712,0.0803060596913927,-0.0720189735901984,0.1760609192477527,0.0084499304626841,0.0570597194371155,-0.1032594776751151,0.337015749207617,0.0195745802080792,0
B,core-12m/cross_sector_slide1m_bd7,sp500-12m/same_sector_slide1m_noscreen,0.9878427342449726,0.0913471607918312,0.0922709927745825,-0.0765705803006245,0.0558374867009669,0.0015577962129336,0.0542001352329831,-0.0972380000001941,0.3960165722309205,0.0244819085739872,0
B,core-12m/cross_sector_slide1m_bd7,sp500-12m/same_sector_slide1m_bd7,0.6445772232601166,0.0465571171385333,0.0739815602841284,-0.0737668387862069,0.1302093769851864,0.0049061497722777,0.0455615691599814,-0.0962355515218538,0.3098786670399847,0.0155609195085156,0
B,core-12m/cross_sector_slide1m_bd7,sp500-12m/cross_sector_slide3m_noscreen,0.7061088467815599,0.0605756927292461,0.0881796980478796,-0.0780111924980935,-0.2478196012566875,-0.0236743714041255,0.0827149228643893,-0.2613156330948543,0.0104900946408036,-0.0026325495197146,0
B,core-12m/cross_sector_slide1m_bd7,sp500-12m/cross_sector_slide3m_bd7,0.8806784049102215,0.0633890499307251,0.0806950790250552,-0.0693987723026327,-0.0228752729005941,-0.0056714969218842,0.0841846193933508,-0.2177879938579724,0.1727977560227096,0.0106005638128984,0
B,core-12m/cross_sector_slide1m_bd7,sp500-12m/cross_sector_slide1m_noscreen,0.8902263848790796,0.0702760839112588,0.0787808054026137,-0.0760729395962929,0.0934450115165545,0.0038238121523084,0.0605296531708902,-0.1461529248616496,0.3436157930400658,0.0207342564754677,0
B,core-12m/cross_sector_slide1m_bd7,sp500-12m/cross_sector_slide1m_bd7,0.7915627225680503,0.0527288453818986,0.0712334058967405,-0.0656229397600368,0.0925918593148251,0.0034212252234646,0.0510977697045031,-0.1290995764003917,0.2997433946170578,0.0153066756190318,0
B,sp500-12m/same_sector_slide3m_noscreen,sp500-12m/same_sector_slide3m_bd7,0.4767065283726691,0.0590967686523434,0.1276916658640426,-0.1159138010788982,0.6177040979123708,0.0543532782190818,0.0926567847016592,-0.1436619867243822,0.5766504596684809,0.0558868028032923,0
B,sp500-12m/same_sector_slide3m_noscreen,sp500-12m/same_sector_slide1m_noscreen,0.9217595457417962,0.1224995172387832,0.1284816812879416,-0.0856059807856885,0.6740184743806755,0.0567849002295166,0.0876455659471578,-0.0976918417230148,0.752853014139597,0.0735739968469413,0
B,sp500-12m/same_sector_slide3m_noscreen,sp500-12m/same_sector_slide1m_bd7,0.5591525186337494,0.0693119416069072,0.1107498263626834,-0.1039919342748299,0.686372099803294,0.05151949764854,0.0775859568060505,-0.1359453359266629,0.6486348258887318,0.0557751885440755,0
B,sp500-12m/same_sector_slide3m_noscreen,sp500-12m/cross_sector_slide3m_noscreen,0.9620092299119336,0.1253616849468532,0.1249202329080896,-0.0843800234772263,0.0284185659582112,-0.004284684227048,0.1232632616842775,-0.2953994979577432,0.2798048095910909,0.0277739205786949,0
B,sp500-12m/same_sector_slide3m_noscreen,sp500-12m/cross_sector_slide3m_bd7,1.1463127620427476,0.1181578650617094,0.1038062380025734,-0.0830453435451747,0.6503620859702332,0.0598864282614937,0.0969741337578648,-0.1858479970861147,0.774399857081312,0.0747168100950348,0
B,sp500-12m/same_sector_slide3m_noscreen,sp500-12m/cross_sector_slide1m_noscreen,1.1536024715489477,0.1314150418396079,0.1097883828251656,-0.0801438725184119,0.4911128503101212,0.0390784077733195,0.0855295582030047,-0.1871731969919714,0.6978467442924517,0.0626308284591027,0
B,sp500-12m/same_sector_slide3m_noscreen,sp500-12m/cross_sector_slide1m_bd7,0.6302095889844339,0.0662239829498583,0.0971673241316271,-0.0910963273399757,0.5906514699096063,0.043466104469017,0.0770908835665476,-0.1534774334170325,0.6143495130951052,0.0494347905244039,0
B,sp500-12m/same_sector_slide3m_bd7,sp500-12m/same_sector_slide1m_noscreen,0.9287391498328724,0.0972478232403886,0.1058148650060225,-0.0644474846009034,0.5006282155583187,0.0332421286433657,0.0702676875901306,-0.0899412799486711,0.6386789115014999,0.0497621734919429,0
B,sp500-12m/same_sector_slide3m_bd7,sp500-12m/same_sector_slide1m_bd7,0.6814247869779158,0.0540040702532295,0.0826541909051148,-0.0689686237717426,0.4367132127813463,0.0254342692670288,0.0619164922244688,-0.0843969972389031,0.510053406730177,0.0328588714040558,0
B,sp500-12m/same_sector_slide3m_bd7,sp500-12m/cross_sector_slide3m_noscreen,0.798282915440081,0.0773317801123293,0.1012764353809414,-0.07884172804408,-0.1435489944347705,-0.0209899045746692,0.1066634607638939,-0.2795488754355454,0.0859657469136613,0.0033115127583279,0
B,sp500-12m/same_sector_slide3m_bd7,sp500-12m/cross_sector_slide3m_bd7,0.9359257614321884,0.0784083165948527,0.0904428357763085,-0.0670690469289203,0.1652447071775108,0.0108090998513949,0.0921411049951805,-0.2247032371235953,0.3309414666871617,0.0261698833135318,0
B,sp500-12m/same_sector_slide3m_bd7,sp500-12m/cross_sector_slide1m_noscreen,1.2494399066821291,0.1103843217540418,0.0852946998412376,-0.0621520369622885,0.2822150919121974,0.0176017651681328,0.0707494126833153,-0.1593328784404285,0.5685017039549422,0.0407031657754154,0
B,sp500-12m/same_sector_slide3m_bd7,sp500-12m/cross_sector_slide1m_bd7,0.4651789583211566,0.0347825016294741,0.0781617714344263,-0.074052320406241,0.4572760321503054,0.0252206637094742,0.0582044168185358,-0.0847920100310548,0.4557524418009247,0.0274803166116548,0
B,sp500-12m/same_sector_slide1m_noscreen,sp500-12m/same_sector_slide1m_bd7,0.9786688383982044,0.1022123794880058,0.1044397778479407,-0.061567625478106,0.564734031343043,0.0351503252742539,0.0649185824649993,-0.0851673158307495,0.6981849410576088,0.0524152656743094,0
B,sp500-12m/same_sector_slide1m_noscreen,sp500-12m/cross_sector_slide3m_noscreen,0.9721606660841766,0.1138761702450071,0.1168344531986981,-0.072812091642563,0.043822461498084,-0.0001681236581821,0.0913040959987306,-0.1954230794522726,0.336614766705603,0.0289118468650676,0
B,sp500-12m/same_sector_slide1m_noscreen,sp500-12m/cross_sector_slide3m_bd7,0.956032616284052,0.0871286930418887,0.0905455019176828,-0.0642206087774349,0.2384858974334294,0.0167347806151256,0.0858839636639923,-0.2165320200785587,0.4360642505442771,0.0349555744290744,0
B,sp500-12m/same_sector_slide1m_noscreen,sp500-12m/cross_sector_slide1m_noscreen,1.1771111824517844,0.132147219344838,0.1099751210879589,-0.0713735858808262,0.3993386909679485,0.0263079713353684,0.0714452750256299,-0.1148203660346008,0.662735650177364,0.053267395541778,0
B,sp500-12m/same_sector_slide1m_noscreen,sp500-12m/cross_sector_slide1m_bd7,0.9250339710671612,0.0877237261199971,0.0949478810024929,-0.0671975404663086,0.2068616858872678,0.0106870689005331,0.060213569148596,-0.1550415917864931,0.4577193109474817,0.030581097919807,0
B,sp500-12m/same_sector_slide1m_bd7,sp500-12m/cross_sector_slide3m_noscreen,0.7382134669535828,0.0703661988739764,0.0971611589670512,-0.0766801343438781,0.2742291316204728,0.0190991028901872,0.0809236991411796,-0.1959207135535063,0.4133384208045628,0.0323013927650141,0
B,sp500-12m/same_sector_slide1m_bd7,sp500-12m/cross_sector_slide3m_bd7,0.8703120085723518,0.0633904858826241,0.0803635929706925,-0.0688392833854072,0.1897091952970327,0.0123700206107337,0.0849520267192484,-0.1984336366888236,0.3419889017456432,0.0251122619366119,0
B,sp500-12m/same_sector_slide1m_bd7,sp500-12m/cross_sector_slide1m_noscreen,0.995187145613706,0.0872237954215343,0.0850620909497659,-0.0754749602392779,0.4112093582901323,0.0254353654585692,0.0664798489135952,-0.115899106873434,0.5889014274535025,0.0407407777927964,0
B,sp500-12m/same_sector_slide1m_bd7,sp500-12m/cross_sector_slide1m_bd7,0.5249704433826775,0.0371008835837026,0.0727805395366967,-0.0702783924372905,0.0660794637999339,0.0020905692701587,0.0532944016694384,-0.1447453475518736,0.2106477605151947,0.0107982568429791,0
B,sp500-12m/cross_sector_slide3m_noscreen,sp500-12m/cross_sector_slide3m_bd7,1.2344079268368886,0.1439720199028794,0.1203196699700076,-0.1112885435881791,-0.0209075077950259,-0.0086449880065566,0.1102075254879052,-0.2646466440728168,0.2934622346572562,0.0267203352246535,0
B,sp500-12m/cross_sector_slide3m_noscreen,sp500-12m/cross_sector_slide1m_noscreen,1.1598617394483577,0.1418516284454882,0.1208386141557105,-0.1268193728857399,-0.1240038571467217,-0.0190013103107891,0.1068183783259945,-0.3249641834167629,0.2383978505001126,0.0205001528581301,0
B,sp500-12m/cross_sector_slide3m_noscreen,sp500-12m/cross_sector_slide1m_bd7,0.9361798221171904,0.1029268497040123,0.1094335529101315,-0.1261365303275826,0.2202518042653991,0.0140511039165283,0.0768215351255205,-0.1954212583155193,0.4489609021886417,0.0359741496817475,0
B,sp500-12m/cross_sector_slide3m_bd7,sp500-12m/cross_sector_slide1m_noscreen,1.2033427566017176,0.116163436789967,0.0984356469964881,-0.1254533107974306,0.0833003166285111,0.0032221403036885,0.0910564272799213,-0.2372833104869635,0.3773004576717613,0.0309241812786437,0
B,sp500-12m/cross_sector_slide3m_bd7,sp500-12m/cross_sector_slide1m_bd7,0.8053532341053806,0.0736850804920337,0.0961657809040907,-0.126501583742802,0.2549876017706592,0.0162443095757409,0.0743699127504895,-0.1929850949722745,0.4006450847726585,0.0290682002434118,0
B,sp500-12m/cross_sector_slide1m_noscreen,sp500-12m/cross_sector_slide1m_bd7,0.8432442074207742,0.0831292871854657,0.0984281872464721,-0.1456560543665823,0.4026439794145262,0.0247109601470219,0.0660871010870124,-0.1473290175921021,0.5406270178913661,0.0390262286291889,0
