date,pair,mark_pnl,target_notional,fold_id
2015-01-02,BMY-WST,0.0,250000.0,0
2015-01-02,BXP-HST,0.0,250000.0,0
2015-01-05,BMY-WST,783.4896240234375,250000.0,0
2015-01-05,ALL-TRV,0.0,250000.0,0
2015-01-05,ICE-MA,0.0,250000.0,0
2015-01-05,DE-FAST,0.0,250000.0,0
2015-01-05,ICE-MTB,0.0,250000.0,0
2015-01-05,CRL-RVTY,0.0,250000.0,0
2015-01-05,CHRW-CTAS,0.0,250000.0,0
2015-01-06,BMY-WST,-2978.9475860595703,250000.0,0
2015-01-06,ICE-MA,2958.867198944092,250000.0,0
2015-01-06,DE-FAST,-3383.471305847168,250000.0,0
2015-01-06,ICE-MTB,-4997.82763671875,250000.0,0
2015-01-06,CRL-RVTY,-2627.191104888916,250000.0,0
2015-01-06,CHRW-CTAS,-3135.2805213928223,250000.0,0
2015-01-06,SNPS-TER,0.0,250000.0,0
2015-01-06,BXP-HST,0.0,250000.0,0
2015-01-07,BMY-WST,-2509.179489135742,250000.0,0
2015-01-07,ICE-MA,3428.527587890625,250000.0,0
2015-01-07,ICE-MTB,-5072.872138977051,250000.0,0
2015-01-07,CRL-RVTY,-3199.141067504883,250000.0,0
2015-01-07,CHRW-CTAS,-1718.9459438323975,250000.0,0
2015-01-07,SNPS-TER,1713.8944072723389,250000.0,0
2015-01-07,BXP-HST,-774.5898761749268,250000.0,0
2015-01-07,BAX-UHS,0.0,250000.0,0
2015-01-07,BG-SYY,0.0,250000.0,0
2015-01-07,BXP-SPG,0.0,250000.0,0
2015-01-08,BMY-WST,-4406.670944213867,250000.0,0
2015-01-08,ICE-MA,4293.685195922852,250000.0,0
2015-01-08,ICE-MTB,-640.1771011352539,250000.0,0
2015-01-08,CRL-RVTY,2588.189365386963,250000.0,0
2015-01-08,BXP-HST,1097.1871519088745,250000.0,0
2015-01-08,BAX-UHS,2942.1670303344727,250000.0,0
2015-01-08,BG-SYY,-1068.986415863037,250000.0,0
2015-01-08,BXP-SPG,1167.9816284179688,250000.0,0
2015-01-09,BMY-WST,-5461.093719482422,250000.0,0
2015-01-09,ICE-MA,870.5806083679199,250000.0,0
2015-01-09,ICE-MTB,-5691.889610290527,250000.0,0
2015-01-09,CRL-RVTY,-252.92999267578125,250000.0,0
2015-01-09,BXP-HST,-1588.8880033493042,250000.0,0
2015-01-09,BAX-UHS,849.7636642456055,250000.0,0
2015-01-09,BG-SYY,-4138.713333129883,250000.0,0
2015-01-09,BXP-SPG,-447.52882385253906,250000.0,0
2015-01-09,BALL-IFF,0.0,250000.0,0
2015-01-12,ICE-MA,4106.585464477539,250000.0,0
2015-01-12,ICE-MTB,-6176.538528442383,250000.0,0
2015-01-12,CRL-RVTY,-1777.9956321716309,250000.0,0
2015-01-12,BXP-HST,-1871.290958404541,250000.0,0
2015-01-12,BG-SYY,-3098.874481201172,250000.0,0
2015-01-12,BXP-SPG,146.81117248535156,250000.0,0
2015-01-12,BALL-IFF,1694.9887466430664,250000.0,0
2015-01-12,SNPS-TER,0.0,250000.0,0
2015-01-13,ICE-MTB,-3344.90291595459,250000.0,0
2015-01-13,CRL-RVTY,-4082.822265625,250000.0,0
2015-01-13,BXP-HST,-1868.0967445373535,250000.0,0
2015-01-13,BG-SYY,-156.09864807128906,250000.0,0
2015-01-13,BXP-SPG,-461.21337127685547,250000.0,0
2015-01-13,BALL-IFF,-3479.456401824951,250000.0,0
2015-01-13,SNPS-TER,-3618.965509414673,250000.0,0
2015-01-13,COHR-KLAC,0.0,250000.0,0
2015-01-14,BXP-HST,-4500.501433372498,250000.0,0
2015-01-14,BG-SYY,2708.422746658325,250000.0,0
2015-01-14,BXP-SPG,-311.3629837036133,250000.0,0
2015-01-14,SNPS-TER,-1699.608039855957,250000.0,0
2015-01-15,BXP-HST,-4517.968871116638,250000.0,0
2015-01-15,BXP-SPG,-1702.9684600830078,250000.0,0
2015-01-15,SNPS-TER,-190.16757202148438,250000.0,0
2015-01-15,DE-FAST,0.0,250000.0,0
2015-01-16,BXP-HST,-6542.655837059021,250000.0,0
2015-01-16,BXP-SPG,-992.6704711914062,250000.0,0
2015-01-16,SNPS-TER,1731.8855648040771,250000.0,0
2015-01-20,BXP-HST,-6047.589538574219,250000.0,0
2015-01-20,BXP-SPG,-329.6806411743164,250000.0,0
2015-01-20,SNPS-TER,4322.285415649414,250000.0,0
2015-01-21,BXP-SPG,-1086.6950454711914,250000.0,0
2015-01-23,COHR-KLAC,0.0,250000.0,0
2015-01-26,COHR-KLAC,-953.0535106658936,250000.0,0
2015-01-27,LII-TDG,0.0,250000.0,0
2015-01-28,LII-TDG,-1058.9945831298828,250000.0,0
2015-01-28,AKAM-TEL,0.0,250000.0,0
2015-01-29,LII-TDG,2618.4393615722656,250000.0,0
2015-01-29,AKAM-TEL,4210.34797668457,250000.0,0
2015-01-29,BKNG-MCD,0.0,250000.0,0
2015-01-29,ICE-WRB,0.0,250000.0,0
2015-01-30,AKAM-TEL,-96.60522079467773,250000.0,0
2015-01-30,BKNG-MCD,1814.4754943847656,250000.0,0
2015-02-02,AKAM-TEL,-275.12427520751953,250000.0,0
2015-02-02,BKNG-MCD,1903.4709434509277,250000.0,0
2015-02-02,BG-SYY,0.0,250000.0,0
2015-02-03,AKAM-TEL,2774.269950866699,250000.0,0
2015-02-03,BKNG-MCD,34.96523666381836,250000.0,0
2015-02-03,BMY-WST,0.0,250000.0,0
2015-02-03,BXP-SPG,0.0,250000.0,0
2015-02-04,AKAM-TEL,2728.1084327697754,250000.0,0
2015-02-04,BKNG-MCD,-1035.7036056518555,250000.0,0
2015-02-04,BMY-WST,-3367.411148071289,250000.0,0
2015-02-04,DE-FAST,0.0,250000.0,0
2015-02-04,CHRW-CTAS,0.0,250000.0,0
2015-02-05,AKAM-TEL,603.2211761474609,250000.0,0
2015-02-05,BKNG-MCD,-541.4250640869141,250000.0,0
2015-02-05,DE-FAST,-1922.1358132362366,250000.0,0
2015-02-05,CHRW-CTAS,314.6145706176758,250000.0,0
2015-02-05,BALL-IFF,0.0,250000.0,0
2015-02-06,AKAM-TEL,5930.033603668213,250000.0,0
2015-02-06,BKNG-MCD,-1331.3762969970703,250000.0,0
2015-02-06,DE-FAST,45.931583881378174,250000.0,0
2015-02-06,CHRW-CTAS,-54.435306549072266,250000.0,0
2015-02-06,BALL-IFF,3853.894697189331,250000.0,0
2015-02-06,ALL-TRV,0.0,250000.0,0
2015-02-06,BXP-SPG,0.0,250000.0,0
2015-02-09,AKAM-TEL,2956.3531951904297,250000.0,0
2015-02-09,BKNG-MCD,2908.1833877563477,250000.0,0
2015-02-09,DE-FAST,-361.3225026130676,250000.0,0
2015-02-09,CHRW-CTAS,1062.2595443725586,250000.0,0
2015-02-09,BALL-IFF,-35.03509712219238,250000.0,0
2015-02-09,ALL-TRV,713.0657157897949,250000.0,0
2015-02-09,BXP-SPG,-84.29084014892578,250000.0,0
2015-02-10,AKAM-TEL,7794.756008148193,250000.0,0
2015-02-10,BKNG-MCD,1330.4772148132324,250000.0,0
2015-02-10,DE-FAST,1561.9595937728882,250000.0,0
2015-02-10,CHRW-CTAS,771.399356842041,250000.0,0
2015-02-10,BALL-IFF,-1348.6274509429932,250000.0,0
2015-02-10,ALL-TRV,-977.6316375732422,250000.0,0
2015-02-10,BXP-SPG,-2358.815689086914,250000.0,0
2015-02-11,BKNG-MCD,1011.2932548522949,250000.0,0
2015-02-11,DE-FAST,-428.6327500343323,250000.0,0
2015-02-11,CHRW-CTAS,39.27113342285156,250000.0,0
2015-02-11,BALL-IFF,-4520.281801223755,250000.0,0
2015-02-11,ALL-TRV,-601.1392822265625,250000.0,0
2015-02-11,BXP-SPG,-1577.3606872558594,250000.0,0
2015-02-12,BKNG-MCD,1137.342830657959,250000.0,0
2015-02-12,DE-FAST,-1410.2094173431396,250000.0,0
2015-02-12,CHRW-CTAS,-1651.4453468322754,250000.0,0
2015-02-12,ALL-TRV,-94.60528564453125,250000.0,0
2015-02-12,BXP-SPG,-1261.4960403442383,250000.0,0
2015-02-12,BG-SYY,0.0,250000.0,0
2015-02-12,BXP-HST,0.0,250000.0,0
2015-02-12,AKAM-TEL,0.0,250000.0,0
2015-02-13,BKNG-MCD,526.2695960998535,250000.0,0
2015-02-13,DE-FAST,-1354.8480997085571,250000.0,0
2015-02-13,CHRW-CTAS,3074.2602729797363,250000.0,0
2015-02-13,ALL-TRV,-321.61579513549805,250000.0,0
2015-02-13,BXP-SPG,-930.6965560913086,250000.0,0
2015-02-13,BG-SYY,5209.091440200806,250000.0,0
2015-02-13,BXP-HST,-451.5992946624756,250000.0,0
2015-02-13,AKAM-TEL,-3561.381031036377,250000.0,0
2015-02-17,DE-FAST,-437.7377300262451,250000.0,0
2015-02-17,CHRW-CTAS,-636.6567573547363,250000.0,0
2015-02-17,ALL-TRV,-875.2228088378906,250000.0,0
2015-02-17,BXP-SPG,-52.619384765625,250000.0,0
2015-02-17,BG-SYY,6270.6987380981445,250000.0,0
2015-02-17,BXP-HST,-499.1721410751343,250000.0,0
2015-02-17,AKAM-TEL,-9184.460788726807,250000.0,0
2015-02-18,DE-FAST,-4042.2265152931213,250000.0,0
2015-02-18,CHRW-CTAS,-2449.9252395629883,250000.0,0
2015-02-18,ALL-TRV,-2459.7701683044434,250000.0,0
2015-02-18,BXP-SPG,-487.7647933959961,250000.0,0
2015-02-18,BG-SYY,4552.877725601196,250000.0,0
2015-02-18,BXP-HST,966.1603870391846,250000.0,0
2015-02-18,AKAM-TEL,-9781.155200958252,250000.0,0
2015-02-19,ALL-TRV,-1143.2253112792969,250000.0,0
2015-02-19,BXP-SPG,-1211.1040420532227,250000.0,0
2015-02-19,BG-SYY,12086.806684494019,250000.0,0
2015-02-19,AKAM-TEL,-14320.909950256348,250000.0,0
2015-02-19,BMY-WST,0.0,250000.0,0
2015-02-19,BKNG-MCD,0.0,250000.0,0
2015-02-20,ALL-TRV,505.7518730163574,250000.0,0
2015-02-20,BXP-SPG,-1.7784576416015625,250000.0,0
2015-02-20,BG-SYY,5703.281639099121,250000.0,0
2015-02-20,AKAM-TEL,-13043.348388671875,250000.0,0
2015-02-20,BMY-WST,2601.557773590088,250000.0,0
2015-02-20,BKNG-MCD,88.11328125,250000.0,0
2015-02-23,ALL-TRV,1241.070728302002,250000.0,0
2015-02-23,BG-SYY,6356.727788925171,250000.0,0
2015-02-23,AKAM-TEL,-7548.36376953125,250000.0,0
2015-02-23,BMY-WST,3219.319709777832,250000.0,0
2015-02-23,BKNG-MCD,825.3027648925781,250000.0,0
2015-02-23,LII-TDG,0.0,250000.0,0
2015-02-24,ALL-TRV,1339.3708419799805,250000.0,0
2015-02-24,BG-SYY,6084.61513710022,250000.0,0
2015-02-24,AKAM-TEL,-5201.97244644165,250000.0,0
2015-02-24,BMY-WST,976.3957595825195,250000.0,0
2015-02-24,BKNG-MCD,2012.3408966064453,250000.0,0
2015-02-24,LII-TDG,-3698.025436401367,250000.0,0
2015-02-25,ALL-TRV,1229.8247909545898,250000.0,0
2015-02-25,BG-SYY,5225.039443969727,250000.0,0
2015-02-25,AKAM-TEL,-380.6595993041992,250000.0,0
2015-02-25,BMY-WST,-589.5996856689453,250000.0,0
2015-02-25,LII-TDG,-3431.810722351074,250000.0,0
2015-02-26,ALL-TRV,540.9562911987305,250000.0,0
2015-02-26,BG-SYY,5454.045204162598,250000.0,0
2015-02-26,AKAM-TEL,-53.80172348022461,250000.0,0
2015-02-26,BMY-WST,-17.159893035888672,250000.0,0
2015-02-26,LII-TDG,-2021.3556289672852,250000.0,0
2015-02-27,BG-SYY,7575.139181137085,250000.0,0
2015-02-27,BMY-WST,-653.0700340270996,250000.0,0
2015-02-27,LII-TDG,3241.2088470458984,250000.0,0
2015-03-02,BG-SYY,7251.097230911255,250000.0,0
2015-03-02,BMY-WST,961.8534393310547,250000.0,0
2015-03-03,BG-SYY,7166.943698883057,250000.0,0
2015-03-03,BMY-WST,2555.885829925537,250000.0,0
2015-03-03,ICE-MTB,0.0,250000.0,0
2015-03-04,BG-SYY,9310.224782943726,250000.0,0
2015-03-04,ICE-MTB,-825.3226051330566,250000.0,0
2015-03-05,BG-SYY,8056.700044631958,250000.0,0
2015-03-05,ICE-MTB,-1784.8494682312012,250000.0,0
2015-03-05,BXP-SPG,0.0,250000.0,0
2015-03-06,BG-SYY,7266.904947280884,250000.0,0
2015-03-06,BXP-SPG,-1722.0993881225586,250000.0,0
2015-03-09,BG-SYY,4088.2516136169434,250000.0,0
2015-03-09,BXP-SPG,-3419.921485900879,250000.0,0
2015-03-11,CHD-EL,0.0,250000.0,0
2015-03-12,CHD-EL,503.6287841796875,250000.0,0
2015-03-13,CHD-EL,-536.7214965820312,250000.0,0
2015-03-16,CHD-EL,-855.1432800292969,250000.0,0
2015-03-16,SNPS-TER,0.0,250000.0,0
2015-03-17,CHD-EL,-915.4659118652344,250000.0,0
2015-03-17,SNPS-TER,1784.4459266662598,250000.0,0
2015-03-18,CHD-EL,1330.960464477539,250000.0,0
2015-03-18,SNPS-TER,1931.7816200256348,250000.0,0
2015-03-19,CHD-EL,1074.2871398925781,250000.0,0
2015-03-19,SNPS-TER,3052.233711242676,250000.0,0
2015-03-20,SNPS-TER,-1656.626262664795,250000.0,0
2015-03-20,CHRW-CTAS,0.0,250000.0,0
2015-03-23,SNPS-TER,-1327.8890113830566,250000.0,0
2015-03-23,CHRW-CTAS,2783.8022327423096,250000.0,0
2015-03-24,SNPS-TER,-618.207311630249,250000.0,0
2015-03-24,CHRW-CTAS,4666.40958404541,250000.0,0
2015-03-25,CHRW-CTAS,4142.7787437438965,250000.0,0
2015-03-25,ICE-MTB,0.0,250000.0,0
2015-03-26,CHRW-CTAS,2962.943347930908,250000.0,0
2015-03-26,ICE-MTB,2301.9937896728516,250000.0,0
2015-03-27,ICE-MTB,2743.163185119629,250000.0,0
2015-04-06,ETN-PH,0.0,250000.0,1
2015-04-06,ETN-PNR,0.0,250000.0,1
2015-04-07,ETN-PH,2714.8008575439453,250000.0,1
2015-04-08,ETN-PH,2741.9193725585938,250000.0,1
2015-04-08,EW-VTRS,0.0,250000.0,1
2015-04-09,EW-VTRS,-5803.5303745269775,250000.0,1
2015-04-09,AMP-SYF,0.0,250000.0,1
2015-04-10,EW-VTRS,-2624.4182319641113,250000.0,1
2015-04-10,AMP-SYF,-5165.247604370117,250000.0,1
2015-04-13,EW-VTRS,5787.868621826172,250000.0,1
2015-04-13,AMP-SYF,-1567.7649536132812,250000.0,1
2015-04-13,CRL-INCY,0.0,250000.0,1
2015-04-14,EW-VTRS,5009.156366348267,250000.0,1
2015-04-14,AMP-SYF,2560.888557434082,250000.0,1
2015-04-14,CRL-INCY,1408.5354080200195,250000.0,1
2015-04-15,EW-VTRS,9425.3733253479,250000.0,1
2015-04-15,AMP-SYF,2475.631004333496,250000.0,1
2015-04-15,CRL-INCY,-2183.239456176758,250000.0,1
2015-04-15,ETN-NOC,0.0,250000.0,1
2015-04-16,EW-VTRS,9924.943984985352,250000.0,1
2015-04-16,CRL-INCY,-9714.676010131836,250000.0,1
2015-04-16,ETN-NOC,1258.4152374267578,250000.0,1
2015-04-17,EW-VTRS,-3868.8612957000732,250000.0,1
2015-04-17,CRL-INCY,-6902.967590332031,250000.0,1
2015-04-17,ETN-NOC,-2594.090133666992,250000.0,1
2015-04-17,AMD-GLW,0.0,250000.0,1
2015-04-17,COST-MDLZ,0.0,250000.0,1
2015-04-20,EW-VTRS,4744.695014953613,250000.0,1
2015-04-20,CRL-INCY,-15741.167266845703,250000.0,1
2015-04-20,ETN-NOC,-1077.9169616699219,250000.0,1
2015-04-20,AMD-GLW,-6160.7946100234985,250000.0,1
2015-04-20,COST-MDLZ,716.5737590789795,250000.0,1
2015-04-21,EW-VTRS,-18547.090574264526,250000.0,1
2015-04-21,ETN-NOC,165.094970703125,250000.0,1
2015-04-21,COST-MDLZ,-2049.659034729004,250000.0,1
2015-04-22,EW-VTRS,-11817.22382926941,250000.0,1
2015-04-22,ETN-NOC,-226.8839569091797,250000.0,1
2015-04-22,COST-MDLZ,-141.41509628295898,250000.0,1
2015-04-23,ETN-NOC,1527.8941192626953,250000.0,1
2015-04-23,COST-MDLZ,-169.766450881958,250000.0,1
2015-04-24,ETN-NOC,1671.643310546875,250000.0,1
2015-04-24,COST-MDLZ,171.7060203552246,250000.0,1
2015-04-24,DIS-GOOGL,0.0,250000.0,1
2015-04-24,CRM-MPWR,0.0,250000.0,1
2015-04-27,ETN-NOC,-3549.5775451660156,250000.0,1
2015-04-27,COST-MDLZ,-350.98305892944336,250000.0,1
2015-04-27,DIS-GOOGL,4005.448028564453,250000.0,1
2015-04-27,CRM-MPWR,2276.2561645507812,250000.0,1
2015-04-28,ETN-NOC,-373.9756317138672,250000.0,1
2015-04-28,COST-MDLZ,-467.91613388061523,250000.0,1
2015-04-28,DIS-GOOGL,4493.926361083984,250000.0,1
2015-04-28,CRM-MPWR,7471.47038269043,250000.0,1
2015-04-29,DIS-GOOGL,5666.917068481445,250000.0,1
2015-04-29,CRM-MPWR,-6925.833946228027,250000.0,1
2015-04-29,ETN-GD,0.0,250000.0,1
2015-04-30,CRM-MPWR,-3215.890769958496,250000.0,1
2015-04-30,ETN-GD,2058.1441497802734,250000.0,1
2015-04-30,ETN-NOC,0.0,250000.0,1
2015-05-01,CRM-MPWR,877.1429290771484,250000.0,1
2015-05-01,ETN-GD,-2170.1284408569336,250000.0,1
2015-05-01,ETN-NOC,-2482.073776245117,250000.0,1
2015-05-01,AXP-CBOE,0.0,250000.0,1
2015-05-04,CRM-MPWR,4660.939346313477,250000.0,1
2015-05-04,ETN-GD,-2865.5828018188477,250000.0,1
2015-05-04,ETN-NOC,-3662.338897705078,250000.0,1
2015-05-04,AXP-CBOE,-1225.2556915283203,250000.0,1
2015-05-05,CRM-MPWR,-3689.9523162841797,250000.0,1
2015-05-05,ETN-GD,2154.2698822021484,250000.0,1
2015-05-05,AXP-CBOE,-395.7187271118164,250000.0,1
2015-05-06,CRM-MPWR,-7010.531120300293,250000.0,1
2015-05-06,ETN-GD,2857.8571166992188,250000.0,1
2015-05-06,AXP-CBOE,1023.448356628418,250000.0,1
2015-05-07,CRM-MPWR,-7098.580169677734,250000.0,1
2015-05-07,ETN-GD,1500.1153259277344,250000.0,1
2015-05-08,CRM-MPWR,1444.586540222168,250000.0,1
2015-05-08,ETN-GD,-4153.934906005859,250000.0,1
2015-05-11,CRM-MPWR,2766.7998657226562,250000.0,1
2015-05-11,ETN-GD,-1474.1844024658203,250000.0,1
2015-05-12,CRM-MPWR,1080.5966796875,250000.0,1
2015-05-12,ETN-GD,-207.24237823486328,250000.0,1
2015-05-13,CRM-MPWR,1880.7083053588867,250000.0,1
2015-05-13,ETN-GD,950.2138671875,250000.0,1
2015-05-14,CRM-MPWR,3337.3676834106445,250000.0,1
2015-05-15,CRM-MPWR,3195.7441024780273,250000.0,1
2015-05-18,CRM-MPWR,9192.486297607422,250000.0,1
2015-05-21,HIG-WRB,0.0,250000.0,1
2015-05-26,TFC-WRB,0.0,250000.0,1
2015-05-26,ETN-GD,0.0,250000.0,1
2015-05-27,TFC-WRB,1126.6242218017578,250000.0,1
2015-05-28,TFC-WRB,1257.4287605285645,250000.0,1
2015-05-29,TFC-WRB,529.0899124145508,250000.0,1
2015-06-01,TFC-WRB,1826.2816429138184,250000.0,1
2015-06-05,COST-KO,0.0,250000.0,1
2015-06-05,COST-MDLZ,0.0,250000.0,1
2015-06-08,COST-MDLZ,-943.314567565918,250000.0,1
2015-06-29,CRM-MPWR,0.0,250000.0,1
2015-06-30,CRM-MPWR,-222.49211502075195,250000.0,1
2015-07-16,EL-PM,0.0,250000.0,2
2015-07-17,EL-PM,-2809.1569747924805,250000.0,2
2015-07-20,EL-PM,-2456.551929473877,250000.0,2
2015-07-21,EL-PM,-868.9624481201172,250000.0,2
2015-07-22,EL-PM,-654.6423873901367,250000.0,2
2015-07-23,EL-PM,-721.768726348877,250000.0,2
2015-07-24,EL-PM,103.83330535888672,250000.0,2
2015-08-17,EL-KMB,0.0,250000.0,2
2015-08-17,EL-PM,0.0,250000.0,2
2015-08-18,EL-KMB,1836.7986602783203,250000.0,2
2015-08-18,EL-PM,2358.933868408203,250000.0,2
2015-08-19,EL-KMB,2717.827865600586,250000.0,2
2015-08-19,EL-PM,2589.721893310547,250000.0,2
2015-08-20,EL-KMB,3820.7459411621094,250000.0,2
2015-08-20,EL-PM,2688.075225830078,250000.0,2
2015-08-24,EL-KO,0.0,250000.0,2
2015-08-24,EL-KMB,0.0,250000.0,2
2015-08-25,EL-KO,-2019.513828277588,250000.0,2
2015-08-25,EL-KMB,-6562.219627380371,250000.0,2
2015-08-26,EL-KO,1125.2565689086914,250000.0,2
2015-08-26,EL-KMB,-1703.7822036743164,250000.0,2
2015-08-26,AMCR-SW,0.0,250000.0,2
2015-08-27,EL-KO,3440.4167671203613,250000.0,2
2015-08-27,EL-KMB,653.0683212280273,250000.0,2
2015-08-28,EL-KO,4436.598670959473,250000.0,2
2015-08-28,EL-KMB,-757.1073989868164,250000.0,2
2015-08-31,EL-KO,3954.8965072631836,250000.0,2
2015-08-31,EL-KMB,-1964.499755859375,250000.0,2
2015-09-01,EL-KO,1840.707691192627,250000.0,2
2015-09-01,EL-KMB,-6129.488983154297,250000.0,2
2015-09-02,EL-KO,1867.5406875610352,250000.0,2
2015-09-02,EL-KMB,-3259.3518981933594,250000.0,2
2015-09-03,EL-KO,3227.479202270508,250000.0,2
2015-09-03,EL-KMB,-1601.8602447509766,250000.0,2
2015-09-04,EL-KO,267.2500305175781,250000.0,2
2015-09-04,EL-KMB,-5333.588478088379,250000.0,2
2015-09-08,EL-KO,2553.4343185424805,250000.0,2
2015-09-08,EL-KMB,293.58377838134766,250000.0,2
2015-09-16,EL-KO,0.0,250000.0,2
2015-09-16,AMCR-ECL,0.0,250000.0,2
2015-09-17,EL-KO,-531.22412109375,250000.0,2
2015-09-17,AMCR-ECL,132.0281982421875,250000.0,2
2015-09-18,EL-KO,497.9322509765625,250000.0,2
2015-09-18,AMCR-ECL,2310.64453125,250000.0,2
2015-09-21,EL-KO,244.46173095703125,250000.0,2
2015-09-21,AMCR-ECL,1914.4655227661133,250000.0,2
2015-09-22,EL-KO,1348.6876831054688,250000.0,2
2015-09-22,AMCR-BALL,0.0,250000.0,2
2015-09-23,AMCR-BALL,-5818.276031494141,250000.0,2
2015-09-23,AMCR-LIN,0.0,250000.0,2
2015-10-19,ALL-MTB,0.0,250000.0,3
2015-10-20,ALL-MTB,4924.683975219727,250000.0,3
2015-10-21,ALL-MTB,5990.561737060547,250000.0,3
2015-10-21,ALL-NTRS,0.0,250000.0,3
2015-10-21,ALL-CB,0.0,250000.0,3
2015-10-22,ALL-NTRS,2740.0279693603516,250000.0,3
2015-10-22,ALL-CB,-2460.8212127685547,250000.0,3
2015-10-22,CI-WST,0.0,250000.0,3
2015-10-22,ALL-TROW,0.0,250000.0,3
2015-10-23,ALL-CB,-1713.8161849975586,250000.0,3
2015-10-23,CI-WST,-4454.357688903809,250000.0,3
2015-10-23,ALL-TROW,-77.47933959960938,250000.0,3
2015-10-23,ALL-HBAN,0.0,250000.0,3
2015-10-23,ALL-TFC,0.0,250000.0,3
2015-10-26,ALL-CB,-2541.1276473999023,250000.0,3
2015-10-26,CI-WST,-4586.01940536499,250000.0,3
2015-10-26,ALL-TROW,1019.9348258972168,250000.0,3
2015-10-26,ALL-HBAN,3926.2739686965942,250000.0,3
2015-10-26,ALL-TFC,2951.788299560547,250000.0,3
2015-10-27,ALL-CB,-2563.0059394836426,250000.0,3
2015-10-27,CI-WST,-3704.9246253967285,250000.0,3
2015-10-27,ALL-TROW,-2807.1461219787598,250000.0,3
2015-10-27,ALL-HBAN,1865.3395290374756,250000.0,3
2015-10-27,ALL-TFC,58.78506851196289,250000.0,3
2015-10-27,ALL-AON,0.0,250000.0,3
2015-10-28,ALL-CB,-2091.7796325683594,250000.0,3
2015-10-28,ALL-TROW,-1030.5530891418457,250000.0,3
2015-10-28,ALL-HBAN,-3445.4933385849,250000.0,3
2015-10-28,ALL-TFC,-159.73277282714844,250000.0,3
2015-10-28,ALL-AON,1380.979694366455,250000.0,3
2015-10-28,ALL-BAC,0.0,250000.0,3
2015-10-29,ALL-CB,-1586.5486488342285,250000.0,3
2015-10-29,ALL-TROW,-47.773372650146484,250000.0,3
2015-10-29,ALL-HBAN,-1182.6194772720337,250000.0,3
2015-10-29,ALL-AON,2077.070182800293,250000.0,3
2015-10-29,ALL-BAC,4277.275643348694,250000.0,3
2015-10-30,ALL-CB,1326.275806427002,250000.0,3
2015-10-30,ALL-TROW,-3612.6332244873047,250000.0,3
2015-10-30,ALL-AON,3123.6689529418945,250000.0,3
2015-10-30,ALL-BAC,5864.08256149292,250000.0,3
2015-11-02,ALL-CB,79.45991897583008,250000.0,3
2015-11-02,ALL-TROW,-5774.052211761475,250000.0,3
2015-11-02,ALL-AON,-902.7207183837891,250000.0,3
2015-11-02,ALL-BAC,1558.4885625839233,250000.0,3
2015-11-03,ALL-CB,2394.8679733276367,250000.0,3
2015-11-03,ALL-TROW,-3303.598457336426,250000.0,3
2015-11-03,ALL-BAC,4153.562449455261,250000.0,3
2015-11-04,ALL-CB,3619.3010063171387,250000.0,3
2015-11-04,ALL-TROW,-2471.926654815674,250000.0,3
2015-11-04,ALL-BAC,5752.965731620789,250000.0,3
2015-11-05,ALL-CB,3029.395881652832,250000.0,3
2015-11-05,ALL-TROW,-2088.351230621338,250000.0,3
2015-11-05,ALL-BAC,3514.7550868988037,250000.0,3
2015-11-06,ALL-CB,4653.228454589844,250000.0,3
2015-11-06,ALL-BAC,-4088.085668563843,250000.0,3
2015-11-09,ALL-CB,5221.808788299561,250000.0,3
2015-11-09,ALL-BAC,-1933.5317878723145,250000.0,3
2015-11-10,ALL-CB,2753.9142875671387,250000.0,3
2015-11-10,ALL-BAC,-5029.808279037476,250000.0,3
2015-11-11,ALL-CB,2948.6872634887695,250000.0,3
2015-11-11,ALL-BAC,-4220.050481796265,250000.0,3
2015-12-01,CI-SYK,0.0,250000.0,3
2015-12-02,CI-SYK,-1524.596923828125,250000.0,3
2015-12-02,ALL-PRU,0.0,250000.0,3
2015-12-02,ALL-TROW,0.0,250000.0,3
2015-12-03,ALL-TROW,-865.3324584960938,250000.0,3
2015-12-03,ALL-USB,0.0,250000.0,3
2015-12-03,ALL-GL,0.0,250000.0,3
2015-12-03,ALL-NTRS,0.0,250000.0,3
2015-12-03,ALL-PFG,0.0,250000.0,3
2015-12-03,ALL-PNC,0.0,250000.0,3
2015-12-03,ALL-HBAN,0.0,250000.0,3
2015-12-03,ALL-MTB,0.0,250000.0,3
2015-12-03,ALL-TFC,0.0,250000.0,3
2015-12-03,ALL-WFC,0.0,250000.0,3
2015-12-04,ALL-USB,1907.8476886749268,250000.0,3
2015-12-04,ALL-GL,293.8394317626953,250000.0,3
2015-12-04,ALL-NTRS,3491.9068336486816,250000.0,3
2015-12-04,ALL-PFG,-1031.3054962158203,250000.0,3
2015-12-04,ALL-HBAN,1408.2087707519531,250000.0,3
2015-12-04,ALL-MTB,2033.315616607666,250000.0,3
2015-12-04,ALL-TFC,1523.4619941711426,250000.0,3
2015-12-04,ALL-WFC,1362.8167037963867,250000.0,3
2015-12-07,ALL-USB,849.4356212615967,250000.0,3
2015-12-07,ALL-GL,-562.353443145752,250000.0,3
2015-12-07,ALL-NTRS,680.088306427002,250000.0,3
2015-12-07,ALL-PFG,-1154.6824378967285,250000.0,3
2015-12-07,ALL-HBAN,-2422.4159479141235,250000.0,3
2015-12-07,ALL-MTB,1345.3411293029785,250000.0,3
2015-12-07,ALL-TFC,195.55012130737305,250000.0,3
2015-12-07,ALL-WFC,524.7559623718262,250000.0,3
2015-12-07,ALL-BAC,0.0,250000.0,3
2015-12-08,ALL-USB,-946.1861190795898,250000.0,3
2015-12-08,ALL-GL,-1606.3950576782227,250000.0,3
2015-12-08,ALL-NTRS,1529.2433128356934,250000.0,3
2015-12-08,ALL-PFG,-3483.643486022949,250000.0,3
2015-12-08,ALL-MTB,-1362.5648384094238,250000.0,3
2015-12-08,ALL-WFC,-2510.287528991699,250000.0,3
2015-12-08,ALL-BAC,-2779.0344409942627,250000.0,3
2015-12-09,ALL-USB,-1453.9710750579834,250000.0,3
2015-12-09,ALL-GL,-2129.9898529052734,250000.0,3
2015-12-09,ALL-NTRS,-1448.5871238708496,250000.0,3
2015-12-09,ALL-PFG,-5476.99408531189,250000.0,3
2015-12-09,ALL-WFC,-778.3469619750977,250000.0,3
2015-12-09,ALL-BAC,-59.85677146911621,250000.0,3
2015-12-10,ALL-USB,674.7128448486328,250000.0,3
2015-12-10,ALL-GL,-965.2521781921387,250000.0,3
2015-12-10,ALL-NTRS,-1188.7788276672363,250000.0,3
2015-12-10,ALL-PFG,-2997.528705596924,250000.0,3
2015-12-10,ALL-WFC,1558.897647857666,250000.0,3
2015-12-10,ALL-BAC,3116.1708011627197,250000.0,3
2015-12-11,ALL-USB,-2127.1186237335205,250000.0,3
2015-12-11,ALL-GL,-3250.9124641418457,250000.0,3
2015-12-11,ALL-NTRS,-4610.838344573975,250000.0,3
2015-12-11,ALL-WFC,-10.704120635986328,250000.0,3
2015-12-11,ALL-BAC,627.7374134063721,250000.0,3
2015-12-14,ALL-USB,-693.8487186431885,250000.0,3
2015-12-14,ALL-NTRS,-4606.987575531006,250000.0,3
2015-12-14,ALL-WFC,-265.9931411743164,250000.0,3
2015-12-14,ALL-BAC,1958.9666137695312,250000.0,3
2015-12-15,ALL-NTRS,-65.4704360961914,250000.0,3
2015-12-15,ALL-AON,0.0,250000.0,3
2015-12-16,ALL-NTRS,2272.8861503601074,250000.0,3
2015-12-16,ALL-AON,1265.6662216186523,250000.0,3
2015-12-17,ALL-NTRS,-1355.2279319763184,250000.0,3
2016-01-06,MO-PM,0.0,250000.0,4
2016-01-06,ECL-PPG,0.0,250000.0,4
2016-01-07,ECL-PPG,-3988.014862060547,250000.0,4
2016-01-07,AMP-FIS,0.0,250000.0,4
2016-01-07,AIG-MCO,0.0,250000.0,4
2016-01-08,ECL-PPG,-4367.803733825684,250000.0,4
2016-01-08,AMP-FIS,640.7540168762207,250000.0,4
2016-01-08,AIG-MCO,-6123.291297912598,250000.0,4
2016-01-08,CSCO-FLEX,0.0,250000.0,4
2016-01-08,NCLH-TJX,0.0,250000.0,4
2016-01-11,ECL-PPG,-3574.757308959961,250000.0,4
2016-01-11,AMP-FIS,-1518.9390411376953,250000.0,4
2016-01-11,AIG-MCO,-4294.691177368164,250000.0,4
2016-01-11,NCLH-TJX,1540.260087966919,250000.0,4
2016-01-12,ECL-PPG,-2502.2771530151367,250000.0,4
2016-01-12,AMP-FIS,-5095.169189453125,250000.0,4
2016-01-12,AIG-MCO,-3767.3408203125,250000.0,4
2016-01-13,ECL-PPG,-3751.790168762207,250000.0,4
2016-01-13,AMP-FIS,-7971.446781158447,250000.0,4
2016-01-13,KO-SJM,0.0,250000.0,4
2016-01-14,ECL-PPG,-784.0932235717773,250000.0,4
2016-01-14,AMP-FIS,-8260.950912475586,250000.0,4
2016-01-14,KO-SJM,2289.5305252075195,250000.0,4
2016-01-15,ECL-PPG,-2176.3120880126953,250000.0,4
2016-01-15,AMP-FIS,-4448.464042663574,250000.0,4
2016-01-15,KO-SJM,-699.213586807251,250000.0,4
2016-01-19,ECL-PPG,-1935.2338790893555,250000.0,4
2016-01-19,AMP-FIS,-6012.271778106689,250000.0,4
2016-01-19,KO-SJM,957.9712371826172,250000.0,4
2016-01-20,AMP-FIS,-4178.03307723999,250000.0,4
2016-01-20,KO-SJM,2057.8470497131348,250000.0,4
2016-01-20,ADP-TT,0.0,250000.0,4
2016-01-21,AMP-FIS,-6675.346561431885,250000.0,4
2016-01-21,KO-SJM,1772.2280502319336,250000.0,4
2016-01-21,ADP-TT,-2933.214855194092,250000.0,4
2016-01-22,ADP-TT,930.2290916442871,250000.0,4
2016-01-22,MO-SJM,0.0,250000.0,4
2016-01-25,ADP-TT,-5001.1383056640625,250000.0,4
2016-01-25,MO-SJM,2341.449333190918,250000.0,4
2016-01-26,ADP-TT,2122.9127883911133,250000.0,4
2016-01-26,MO-SJM,1200.8554725646973,250000.0,4
2016-01-26,ADP-PH,0.0,250000.0,4
2016-01-27,ADP-TT,194.5317268371582,250000.0,4
2016-01-27,MO-SJM,-1870.2084922790527,250000.0,4
2016-01-27,ADP-PH,-794.5264778137207,250000.0,4
2016-01-27,BA-DOV,0.0,250000.0,4
2016-01-28,ADP-TT,-811.5629196166992,250000.0,4
2016-01-28,ADP-PH,-6637.357475280762,250000.0,4
2016-01-28,BA-DOV,-2897.949867248535,250000.0,4
2016-01-28,ADP-CAT,0.0,250000.0,4
2016-01-29,ADP-TT,1337.2618675231934,250000.0,4
2016-01-29,ADP-PH,-9248.059982299805,250000.0,4
2016-01-29,BA-DOV,-6687.318161010742,250000.0,4
2016-01-29,ADP-CAT,3350.4940795898438,250000.0,4
2016-02-01,ADP-TT,-1236.289119720459,250000.0,4
2016-02-01,ADP-PH,-7392.599327087402,250000.0,4
2016-02-01,BA-DOV,-817.234992980957,250000.0,4
2016-02-01,ADP-CAT,1052.5836639404297,250000.0,4
2016-02-01,AMP-FIS,0.0,250000.0,4
2016-02-02,ADP-PH,-6535.469650268555,250000.0,4
2016-02-02,BA-DOV,-4837.525199890137,250000.0,4
2016-02-02,AMP-FIS,-2156.2940673828125,250000.0,4
2016-02-03,BA-DOV,-2060.101119995117,250000.0,4
2016-02-03,AMP-FIS,-1116.092529296875,250000.0,4
2016-02-04,BA-DOV,-4844.956146240234,250000.0,4
2016-02-04,AMP-FIS,-2012.1479187011719,250000.0,4
2016-02-04,BAC-CBOE,0.0,250000.0,4
2016-02-05,BA-DOV,-8284.821395874023,250000.0,4
2016-02-05,AMP-FIS,-177.9962158203125,250000.0,4
2016-02-05,BAC-CBOE,-2463.940591812134,250000.0,4
2016-02-05,FIS-KKR,0.0,250000.0,4
2016-02-08,BA-DOV,-13596.239349365234,250000.0,4
2016-02-08,BAC-CBOE,-2020.6438255310059,250000.0,4
2016-02-08,FIS-KKR,3343.7505598068237,250000.0,4
2016-02-08,ECL-PPG,0.0,250000.0,4
2016-02-09,BA-DOV,-7883.332855224609,250000.0,4
2016-02-09,BAC-CBOE,6135.534738540649,250000.0,4
2016-02-09,ECL-PPG,-2422.559371948242,250000.0,4
2016-02-10,BA-DOV,-5872.122657775879,250000.0,4
2016-02-10,BAC-CBOE,7667.162668228149,250000.0,4
2016-02-10,ECL-PPG,256.4537658691406,250000.0,4
2016-02-11,ECL-PPG,-508.9053039550781,250000.0,4
2016-02-11,CSCO-FLEX,0.0,250000.0,4
2016-02-11,CDW-FTNT,0.0,250000.0,4
2016-02-12,ECL-PPG,760.7511520385742,250000.0,4
2016-02-12,CSCO-FLEX,899.5708465576172,250000.0,4
2016-02-12,CDW-FTNT,4890.315773963928,250000.0,4
2016-02-16,ECL-PPG,2416.064987182617,250000.0,4
2016-02-16,CSCO-FLEX,3791.3734788894653,250000.0,4
2016-02-17,ECL-PPG,5032.58878326416,250000.0,4
2016-02-17,CSCO-FLEX,837.4373645782471,250000.0,4
2016-02-17,MO-PM,0.0,250000.0,4
2016-02-18,CSCO-FLEX,-916.3937940597534,250000.0,4
2016-02-18,MO-PM,-463.70283126831055,250000.0,4
2016-02-19,CSCO-FLEX,-169.67879676818848,250000.0,4
2016-02-19,MO-PM,-1445.8049011230469,250000.0,4
2016-02-22,CSCO-FLEX,1916.211127281189,250000.0,4
2016-02-22,MO-PM,-1059.7901420593262,250000.0,4
2016-02-23,CSCO-FLEX,2942.5843172073364,250000.0,4
2016-02-23,MO-PM,1251.1280326843262,250000.0,4
2016-02-23,MO-SJM,0.0,250000.0,4
2016-02-23,ECL-PPG,0.0,250000.0,4
2016-02-23,EIX-EXC,0.0,250000.0,4
2016-02-24,CSCO-FLEX,4270.760807991028,250000.0,4
2016-02-24,ECL-PPG,1811.0683212280273,250000.0,4
2016-02-25,CSCO-FLEX,4425.0622453689575,250000.0,4
2016-02-25,ECL-PPG,1379.8978729248047,250000.0,4
2016-02-26,CSCO-FLEX,6774.090741157532,250000.0,4
2016-02-26,ECL-PPG,3504.464225769043,250000.0,4
2016-02-26,INTU-TDY,0.0,250000.0,4
2016-02-29,CSCO-FLEX,9709.998181343079,250000.0,4
2016-02-29,ECL-PPG,404.38697814941406,250000.0,4
2016-02-29,INTU-TDY,1784.8256530761719,250000.0,4
2016-02-29,ADP-CAT,0.0,250000.0,4
2016-03-01,CSCO-FLEX,9763.746708869934,250000.0,4
2016-03-01,ECL-PPG,-1069.5892944335938,250000.0,4
2016-03-01,ADP-CAT,3835.7583618164062,250000.0,4
2016-03-02,CSCO-FLEX,10178.355341911316,250000.0,4
2016-03-02,ECL-PPG,-2750.1547088623047,250000.0,4
2016-03-02,ADP-CAT,-2064.3136596679688,250000.0,4
2016-03-02,ADP-PH,0.0,250000.0,4
2016-03-03,ECL-PPG,-4195.633377075195,250000.0,4
2016-03-03,ADP-PH,-2174.1917724609375,250000.0,4
2016-03-04,ECL-PPG,-7804.647796630859,250000.0,4
2016-03-04,ADP-PH,431.91951751708984,250000.0,4
2016-03-07,ECL-PPG,-10856.73201751709,250000.0,4
2016-03-07,ADP-PH,-4636.87996673584,250000.0,4
2016-03-07,BA-DOV,0.0,250000.0,4
2016-03-08,ECL-PPG,-9286.729400634766,250000.0,4
2016-03-08,ADP-PH,-2344.0206451416016,250000.0,4
2016-03-09,ADP-PH,-1402.1905517578125,250000.0,4
2016-03-10,ADP-PH,-1871.1669082641602,250000.0,4
2016-03-10,AMP-FIS,0.0,250000.0,4
2016-03-11,ADP-PH,1176.0711364746094,250000.0,4
2016-03-11,AMP-FIS,-1043.095230102539,250000.0,4
2016-03-11,BDX-UNH,0.0,250000.0,4
2016-03-14,ADP-PH,1034.3661651611328,250000.0,4
2016-03-14,AMP-FIS,-1752.625991821289,250000.0,4
2016-03-14,BDX-UNH,414.0157241821289,250000.0,4
2016-03-15,ADP-PH,1750.2193908691406,250000.0,4
2016-03-15,AMP-FIS,-2989.235641479492,250000.0,4
2016-03-15,BDX-UNH,172.6805648803711,250000.0,4
2016-03-16,ADP-PH,-1118.845817565918,250000.0,4
2016-03-16,AMP-FIS,-3029.5499725341797,250000.0,4
2016-03-16,BDX-UNH,399.64073181152344,250000.0,4
2016-03-17,AMP-FIS,-2363.1476440429688,250000.0,4
2016-03-17,BDX-UNH,-241.87509155273438,250000.0,4
2016-03-18,AMP-FIS,711.7828216552734,250000.0,4
2016-03-18,BDX-UNH,-2929.7123794555664,250000.0,4
2016-03-21,AMP-FIS,-358.70118713378906,250000.0,4
2016-03-21,BDX-UNH,-3683.318458557129,250000.0,4
2016-03-22,AMP-FIS,95.09632873535156,250000.0,4
2016-03-23,AMP-FIS,-2273.785125732422,250000.0,4
2016-03-24,AMP-FIS,-1932.7061920166016,250000.0,4
2016-03-28,AMP-FIS,256.2271728515625,250000.0,4
2016-03-29,ARE-EQIX,0.0,250000.0,4
2016-03-30,ARE-EQIX,706.2772789001465,250000.0,4
2016-03-31,ARE-EQIX,-1034.6185913085938,250000.0,4
2016-03-31,CDW-FTNT,0.0,250000.0,4
2016-04-01,CME-FIS,0.0,250000.0,5
2016-04-04,CME-FIS,2253.7081146240234,250000.0,5
2016-04-05,CME-FIS,2317.288875579834,250000.0,5
2016-04-05,FAST-TT,0.0,250000.0,5
2016-04-05,GL-WTW,0.0,250000.0,5
2016-04-06,CME-FIS,-1989.545955657959,250000.0,5
2016-04-06,FAST-TT,-327.67403411865234,250000.0,5
2016-04-06,GL-WTW,1874.348819732666,250000.0,5
2016-04-07,CME-FIS,-2964.274368286133,250000.0,5
2016-04-07,FAST-TT,-344.091796875,250000.0,5
2016-04-07,GL-WTW,1321.7146835327148,250000.0,5
2016-04-08,FAST-TT,1566.8438415527344,250000.0,5
2016-04-08,GL-WTW,-768.9316711425781,250000.0,5
2016-04-11,GL-WTW,1281.1493606567383,250000.0,5
2016-04-12,GL-WTW,28.107940673828125,250000.0,5
2016-04-12,CINF-NDAQ,0.0,250000.0,5
2016-04-13,GL-WTW,2784.6299057006836,250000.0,5
2016-04-13,CINF-NDAQ,1828.9224395751953,250000.0,5
2016-04-13,AFL-RJF,0.0,250000.0,5
2016-04-14,GL-WTW,2031.844326019287,250000.0,5
2016-04-14,CINF-NDAQ,1601.5438766479492,250000.0,5
2016-04-14,AFL-RJF,1088.3728065490723,250000.0,5
2016-04-15,GL-WTW,3276.6019325256348,250000.0,5
2016-04-15,CINF-NDAQ,4388.584136962891,250000.0,5
2016-04-15,AFL-RJF,5139.162376403809,250000.0,5
2016-04-18,CINF-NDAQ,2972.5702056884766,250000.0,5
2016-04-18,AFL-RJF,5797.133567810059,250000.0,5
2016-04-19,CINF-NDAQ,2862.8577194213867,250000.0,5
2016-04-19,MET-NTRS,0.0,250000.0,5
2016-04-20,CINF-NDAQ,3912.0837478637695,250000.0,5
2016-04-20,MET-NTRS,2624.982467651367,250000.0,5
2016-04-20,DD-PPG,0.0,250000.0,5
2016-04-20,CSGP-WELL,0.0,250000.0,5
2016-04-21,MET-NTRS,2773.0719604492188,250000.0,5
2016-04-21,ABBV-BAX,0.0,250000.0,5
2016-04-21,AVY-PPG,0.0,250000.0,5
2016-04-22,MET-NTRS,4755.303695678711,250000.0,5
2016-04-22,ABBV-BAX,1604.3124542236328,250000.0,5
2016-04-22,AVY-PPG,4307.416427612305,250000.0,5
2016-04-25,MET-NTRS,3771.308639526367,250000.0,5
2016-04-25,AVY-PPG,5369.970512390137,250000.0,5
2016-04-25,BAX-LH,0.0,250000.0,5
2016-04-25,ABBV-LH,0.0,250000.0,5
2016-04-26,MET-NTRS,3449.444190979004,250000.0,5
2016-04-26,BAX-LH,-2733.7190017700195,250000.0,5
2016-04-26,ABBV-LH,-3415.5345306396484,250000.0,5
2016-04-26,TECH-WAT,0.0,250000.0,5
2016-04-26,MAS-PWR,0.0,250000.0,5
2016-04-27,MET-NTRS,4299.293327331543,250000.0,5
2016-04-27,BAX-LH,-2917.6787109375,250000.0,5
2016-04-27,ABBV-LH,-4729.736907958984,250000.0,5
2016-04-27,TECH-WAT,-745.4260139465332,250000.0,5
2016-04-27,MAS-PWR,-6140.883926391602,250000.0,5
2016-04-27,FAST-LUV,0.0,250000.0,5
2016-04-28,MET-NTRS,1364.4479598999023,250000.0,5
2016-04-28,BAX-LH,67.8324089050293,250000.0,5
2016-04-28,ABBV-LH,-144.7447052001953,250000.0,5
2016-04-28,TECH-WAT,-1065.3175735473633,250000.0,5
2016-04-28,MAS-PWR,-2683.358491897583,250000.0,5
2016-04-28,FAST-LUV,-7903.624313354492,250000.0,5
2016-04-28,FAST-TT,0.0,250000.0,5
2016-04-28,DD-SHW,0.0,250000.0,5
2016-04-29,MET-NTRS,-22.515289306640625,250000.0,5
2016-04-29,BAX-LH,503.4757766723633,250000.0,5
2016-04-29,ABBV-LH,-336.07264709472656,250000.0,5
2016-04-29,TECH-WAT,-5010.819206237793,250000.0,5
2016-04-29,MAS-PWR,-7606.266786575317,250000.0,5
2016-04-29,FAST-LUV,-3812.9426774978638,250000.0,5
2016-04-29,DD-SHW,1047.619758605957,250000.0,5
2016-05-02,MET-NTRS,1058.6160430908203,250000.0,5
2016-05-02,BAX-LH,207.60526657104492,250000.0,5
2016-05-02,ABBV-LH,105.02208709716797,250000.0,5
2016-05-02,TECH-WAT,-136.6542091369629,250000.0,5
2016-05-02,MAS-PWR,-4597.592235565186,250000.0,5
2016-05-02,FAST-LUV,-7618.8838748931885,250000.0,5
2016-05-02,DD-SHW,2796.329345703125,250000.0,5
2016-05-03,MET-NTRS,1171.2313232421875,250000.0,5
2016-05-03,BAX-LH,755.2540855407715,250000.0,5
2016-05-03,ABBV-LH,2304.2690505981445,250000.0,5
2016-05-03,MAS-PWR,-3298.1109981536865,250000.0,5
2016-05-03,FAST-LUV,-10938.112590789795,250000.0,5
2016-05-03,DD-SHW,5650.768913269043,250000.0,5
2016-05-03,CME-FIS,0.0,250000.0,5
2016-05-04,MET-NTRS,117.63124084472656,250000.0,5
2016-05-04,BAX-LH,4220.214618682861,250000.0,5
2016-05-04,ABBV-LH,3531.340301513672,250000.0,5
2016-05-04,MAS-PWR,-2546.1526927948,250000.0,5
2016-05-04,CME-FIS,-42.72614288330078,250000.0,5
2016-05-05,BAX-LH,3888.4023361206055,250000.0,5
2016-05-05,MAS-PWR,459.6303405761719,250000.0,5
2016-05-05,CME-FIS,3329.189525604248,250000.0,5
2016-05-06,BAX-LH,3920.4853858947754,250000.0,5
2016-05-06,MAS-PWR,917.9122409820557,250000.0,5
2016-05-06,CME-FIS,226.87210083007812,250000.0,5
2016-05-09,BAX-LH,2749.439277648926,250000.0,5
2016-05-09,MAS-PWR,5514.137521743774,250000.0,5
2016-05-09,CME-FIS,520.7855110168457,250000.0,5
2016-05-09,ABBV-BAX,0.0,250000.0,5
2016-05-10,MAS-PWR,4424.7934856414795,250000.0,5
2016-05-10,CME-FIS,-5665.011199951172,250000.0,5
2016-05-10,ABBV-BAX,1753.2910842895508,250000.0,5
2016-05-11,MAS-PWR,76.60505676269531,250000.0,5
2016-05-11,CME-FIS,-6030.2775802612305,250000.0,5
2016-05-12,MAS-PWR,568.411205291748,250000.0,5
2016-05-12,CME-FIS,2252.7769775390625,250000.0,5
2016-05-13,MAS-PWR,5192.453960418701,250000.0,5
2016-05-13,CME-FIS,-975.9255104064941,250000.0,5
2016-05-16,MAS-PWR,3937.169548034668,250000.0,5
2016-05-16,CME-FIS,-1427.8850898742676,250000.0,5
2016-05-16,DD-LYB,0.0,250000.0,5
2016-05-17,CME-FIS,-154.05839157104492,250000.0,5
2016-05-17,DD-LYB,-2175.9839935302734,250000.0,5
2016-05-17,DD-IP,0.0,250000.0,5
2016-05-18,CME-FIS,3008.994281768799,250000.0,5
2016-05-18,DD-LYB,2190.4815521240234,250000.0,5
2016-05-18,DD-IP,-1699.2300910949707,250000.0,5
2016-05-19,CME-FIS,486.2435836791992,250000.0,5
2016-05-19,DD-IP,-1666.2990894317627,250000.0,5
2016-05-19,BAX-LH,0.0,250000.0,5
2016-05-20,CME-FIS,350.6457290649414,250000.0,5
2016-05-20,DD-IP,-3806.089246749878,250000.0,5
2016-05-20,BAX-LH,-1875.916030883789,250000.0,5
2016-05-20,AVY-PPG,0.0,250000.0,5
2016-05-23,CME-FIS,2205.6537322998047,250000.0,5
2016-05-23,DD-IP,-5609.456691741943,250000.0,5
2016-05-23,BAX-LH,-2648.9817657470703,250000.0,5
2016-05-23,AVY-PPG,-89.14775848388672,250000.0,5
2016-05-24,DD-IP,-5646.129417419434,250000.0,5
2016-05-24,BAX-LH,-2280.801284790039,250000.0,5
2016-05-24,AVY-PPG,-3.8784027099609375,250000.0,5
2016-05-24,CINF-NDAQ,0.0,250000.0,5
2016-05-25,DD-IP,1193.3837604522705,250000.0,5
2016-05-25,BAX-LH,-1707.8088760375977,250000.0,5
2016-05-25,AVY-PPG,-66.38160705566406,250000.0,5
2016-05-25,CINF-NDAQ,44.50117111206055,250000.0,5
2016-05-26,DD-IP,4091.119716644287,250000.0,5
2016-05-26,BAX-LH,-1425.0205459594727,250000.0,5
2016-05-26,AVY-PPG,-260.7449722290039,250000.0,5
2016-05-26,CINF-NDAQ,1755.3196868896484,250000.0,5
2016-05-26,MET-NTRS,0.0,250000.0,5
2016-05-27,DD-IP,4603.490772247314,250000.0,5
2016-05-27,BAX-LH,-3245.0356674194336,250000.0,5
2016-05-27,AVY-PPG,-192.67375946044922,250000.0,5
2016-05-27,CINF-NDAQ,536.8435707092285,250000.0,5
2016-05-31,BAX-LH,-3666.7815170288086,250000.0,5
2016-05-31,AVY-PPG,1079.5796203613281,250000.0,5
2016-05-31,CINF-NDAQ,-1112.3097114562988,250000.0,5
2016-06-01,BAX-LH,-3156.9144744873047,250000.0,5
2016-06-01,AVY-PPG,-303.92993927001953,250000.0,5
2016-06-01,CINF-NDAQ,960.7071266174316,250000.0,5
2016-06-02,AVY-PPG,2626.7960357666016,250000.0,5
2016-06-02,CINF-NDAQ,3186.192371368408,250000.0,5
2016-06-02,FAST-TT,0.0,250000.0,5
2016-06-03,CINF-NDAQ,3235.410690307617,250000.0,5
2016-06-03,FAST-TT,-890.8196001052856,250000.0,5
2016-06-03,CSGP-WELL,0.0,250000.0,5
2016-06-06,CINF-NDAQ,2810.3203315734863,250000.0,5
2016-06-07,CINF-NDAQ,4078.450656890869,250000.0,5
2016-06-07,FAST-LII,0.0,250000.0,5
2016-06-08,CINF-NDAQ,2729.7973861694336,250000.0,5
2016-06-08,FAST-LII,-2136.8781547546387,250000.0,5
2016-06-09,CINF-NDAQ,2204.898551940918,250000.0,5
2016-06-10,CINF-NDAQ,1980.4993743896484,250000.0,5
2016-06-13,CINF-NDAQ,2404.0321922302246,250000.0,5
2016-06-13,BAX-LH,0.0,250000.0,5
2016-06-14,CINF-NDAQ,3049.827423095703,250000.0,5
2016-06-14,BAX-LH,317.8700408935547,250000.0,5
2016-06-15,CINF-NDAQ,2234.7108879089355,250000.0,5
2016-06-15,BAX-LH,-1105.3344955444336,250000.0,5
2016-06-16,CINF-NDAQ,3089.1995162963867,250000.0,5
2016-06-16,BAX-LH,-1291.4447593688965,250000.0,5
2016-06-17,BAX-LH,-3778.6739044189453,250000.0,5
2016-06-20,BAX-LH,-3217.7481422424316,250000.0,5
2016-06-20,CINF-NDAQ,0.0,250000.0,5
2016-06-21,BAX-LH,-2093.8650283813477,250000.0,5
2016-06-21,CINF-NDAQ,-1165.4252471923828,250000.0,5
2016-06-22,BAX-LH,1307.2095108032227,250000.0,5
2016-06-22,CINF-NDAQ,-870.0103721618652,250000.0,5
2016-06-23,BAX-LH,-1768.1427955627441,250000.0,5
2016-06-23,CINF-NDAQ,3120.611545562744,250000.0,5
2016-06-24,DD-LYB,0.0,250000.0,5
2016-06-24,AFL-RJF,0.0,250000.0,5
2016-06-24,GL-WTW,0.0,250000.0,5
2016-06-27,AFL-RJF,-1184.590627670288,250000.0,5
2016-06-27,GL-WTW,-1677.1575164794922,250000.0,5
2016-06-28,AFL-RJF,-6390.337770462036,250000.0,5
2016-06-28,GL-WTW,5275.902557373047,250000.0,5
2016-06-28,DD-SHW,0.0,250000.0,5
2016-06-28,DD-IP,0.0,250000.0,5
2016-06-29,AFL-RJF,-4624.196880340576,250000.0,5
2016-06-29,GL-WTW,7233.582550048828,250000.0,5
2016-06-29,DD-SHW,3915.9907608032227,250000.0,5
2016-06-29,DD-IP,2384.695037841797,250000.0,5
2016-06-30,AFL-RJF,-9496.54197883606,250000.0,5
2016-06-30,DD-SHW,2559.0068435668945,250000.0,5
2016-06-30,DD-IP,-2360.5868911743164,250000.0,5
2016-06-30,TECH-WAT,0.0,250000.0,5
2016-07-12,EXPD-FIX,0.0,250000.0,6
2016-07-12,FCX-SW,0.0,250000.0,6
2016-07-13,EXPD-FIX,14.12479019165039,250000.0,6
2016-07-13,FCX-SW,2328.266339302063,250000.0,6
2016-07-14,EXPD-FIX,4495.134613037109,250000.0,6
2016-07-14,FCX-SW,3952.678282737732,250000.0,6
2016-07-15,EXPD-FIX,4083.0013675689697,250000.0,6
2016-07-15,FCX-SW,3006.06534576416,250000.0,6
2016-07-18,EXPD-FIX,2366.8845233917236,250000.0,6
2016-07-18,FCX-SW,6853.441331863403,250000.0,6
2016-07-19,EXPD-FIX,-2681.6194610595703,250000.0,6
2016-07-20,EXPD-FIX,1632.7247142791748,250000.0,6
2016-07-21,EXPD-FIX,1351.989601135254,250000.0,6
2016-07-21,J-URI,0.0,250000.0,6
2016-07-22,EXPD-FIX,-2850.920757293701,250000.0,6
2016-07-22,J-URI,-7198.5072021484375,250000.0,6
2016-07-25,EXPD-FIX,6.802333831787109,250000.0,6
2016-07-25,J-URI,-7838.904411315918,250000.0,6
2016-07-26,EXPD-FIX,-1487.0012168884277,250000.0,6
2016-07-26,J-URI,-10995.99609375,250000.0,6
2016-07-26,AOS-LHX,0.0,250000.0,6
2016-07-27,EXPD-FIX,4041.3569011688232,250000.0,6
2016-07-27,J-URI,-11020.964195251465,250000.0,6
2016-07-27,AOS-LHX,-1182.0311088562012,250000.0,6
2016-07-27,MET-STT,0.0,250000.0,6
2016-07-28,EXPD-FIX,3173.2764644622803,250000.0,6
2016-07-28,J-URI,-9764.05014038086,250000.0,6
2016-07-28,AOS-LHX,461.40577697753906,250000.0,6
2016-07-28,MET-STT,-7231.226581573486,250000.0,6
2016-07-28,PFE-WST,0.0,250000.0,6
2016-07-29,J-URI,-10743.894676208496,250000.0,6
2016-07-29,AOS-LHX,1830.5102653503418,250000.0,6
2016-07-29,MET-STT,-10448.019374847412,250000.0,6
2016-07-29,PFE-WST,226.4956283569336,250000.0,6
2016-08-01,J-URI,-3221.5064697265625,250000.0,6
2016-08-01,AOS-LHX,-831.6469306945801,250000.0,6
2016-08-01,MET-STT,-12149.905181884766,250000.0,6
2016-08-01,PFE-WST,235.9790802001953,250000.0,6
2016-08-01,FIS-L,0.0,250000.0,6
2016-08-02,J-URI,2060.3319244384766,250000.0,6
2016-08-02,MET-STT,-11680.698936462402,250000.0,6
2016-08-02,PFE-WST,-3932.2350692749023,250000.0,6
2016-08-02,FIS-L,-1502.3442611694336,250000.0,6
2016-08-02,EXPD-FIX,0.0,250000.0,6
2016-08-03,J-URI,-2108.02010345459,250000.0,6
2016-08-03,MET-STT,-5293.4656410217285,250000.0,6
2016-08-03,FIS-L,513.0649490356445,250000.0,6
2016-08-04,J-URI,-3162.086540222168,250000.0,6
2016-08-04,FIS-L,79.77710723876953,250000.0,6
2016-08-04,EOG-HAL,0.0,250000.0,6
2016-08-05,FIS-TFC,0.0,250000.0,6
2016-08-08,FIS-TFC,629.4861450195312,250000.0,6
2016-08-09,FIS-TFC,1047.8402099609375,250000.0,6
2016-08-17,PFE-WST,0.0,250000.0,6
2016-08-17,ALL-JKHY,0.0,250000.0,6
2016-08-18,ALL-JKHY,1914.4173278808594,250000.0,6
2016-08-26,GWW-JBHT,0.0,250000.0,6
2016-08-29,GWW-JBHT,65.9591064453125,250000.0,6
2016-08-29,FIS-SPGI,0.0,250000.0,6
2016-08-30,GWW-JBHT,324.0037841796875,250000.0,6
2016-08-30,FIS-SPGI,-373.84256744384766,250000.0,6
2016-08-30,ARES-C,0.0,250000.0,6
2016-08-31,GWW-JBHT,-1382.959716796875,250000.0,6
2016-08-31,FIS-SPGI,-2051.986541748047,250000.0,6
2016-08-31,ARES-C,1658.892388343811,250000.0,6
2016-09-01,FIS-SPGI,-2025.0730361938477,250000.0,6
2016-09-02,PFE-WST,0.0,250000.0,6
2016-09-06,PFE-WST,1576.4398956298828,250000.0,6
2016-09-06,FIS-TFC,0.0,250000.0,6
2016-09-06,AOS-LHX,0.0,250000.0,6
2016-09-06,EOG-HAL,0.0,250000.0,6
2016-09-07,PFE-WST,2258.6844635009766,250000.0,6
2016-09-07,FIS-TFC,832.0525360107422,250000.0,6
2016-09-07,AOS-LHX,313.9632568359375,250000.0,6
2016-09-07,EOG-HAL,-131.39309692382812,250000.0,6
2016-09-07,GDDY-JBL,0.0,250000.0,6
2016-09-08,EOG-HAL,1307.9957427978516,250000.0,6
2016-09-08,ESS-UDR,0.0,250000.0,6
2016-09-09,ESS-UDR,-672.3923950195312,250000.0,6
2016-09-09,AOS-LHX,0.0,250000.0,6
2016-09-09,GDDY-JBL,0.0,250000.0,6
2016-09-09,MET-STT,0.0,250000.0,6
2016-09-12,ESS-UDR,-2187.6512660980225,250000.0,6
2016-09-12,AOS-LHX,1837.8696060180664,250000.0,6
2016-09-12,GDDY-JBL,110.07431030273438,250000.0,6
2016-09-12,MET-STT,1996.3541450500488,250000.0,6
2016-09-13,ESS-UDR,-1661.0641136169434,250000.0,6
2016-09-13,GDDY-JBL,-812.9705047607422,250000.0,6
2016-09-13,MET-STT,-2087.879711151123,250000.0,6
2016-09-14,ESS-UDR,-541.6335983276367,250000.0,6
2016-09-14,MET-STT,-521.5941925048828,250000.0,6
2016-09-15,ESS-UDR,-152.0306453704834,250000.0,6
2016-09-15,MET-STT,212.36140823364258,250000.0,6
2016-09-16,ESS-UDR,-1425.2639350891113,250000.0,6
2016-09-16,MET-STT,-1173.457992553711,250000.0,6
2016-09-16,FIS-SPGI,0.0,250000.0,6
2016-09-19,ESS-UDR,-795.4360771179199,250000.0,6
2016-09-19,MET-STT,-2587.5215377807617,250000.0,6
2016-09-19,FIS-SPGI,999.1566390991211,250000.0,6
2016-09-20,ESS-UDR,-621.5192241668701,250000.0,6
2016-09-20,MET-STT,597.1428565979004,250000.0,6
2016-09-20,FIS-SPGI,3987.6910552978516,250000.0,6
2016-09-21,ESS-UDR,-2121.489984512329,250000.0,6
2016-09-21,MET-STT,1980.4034385681152,250000.0,6
2016-09-21,FIS-SPGI,970.9822692871094,250000.0,6
2016-09-21,PFE-WST,0.0,250000.0,6
2016-09-22,ESS-UDR,1764.5991840362549,250000.0,6
2016-09-22,MET-STT,2244.2116928100586,250000.0,6
2016-09-22,FIS-SPGI,4356.048927307129,250000.0,6
2016-09-22,PFE-WST,-483.0670223236084,250000.0,6
2016-09-23,MET-STT,1034.7826881408691,250000.0,6
2016-09-23,PFE-WST,-7963.6025466918945,250000.0,6
2016-09-26,MET-STT,566.5087852478027,250000.0,6
2016-09-26,PFE-WST,-7236.267444610596,250000.0,6
2016-09-26,FIS-TFC,0.0,250000.0,6
2016-09-27,MET-STT,1957.0566444396973,250000.0,6
2016-09-27,PFE-WST,-2500.779062271118,250000.0,6
2016-09-27,FIS-TFC,315.93223571777344,250000.0,6
2016-09-27,ALL-JKHY,0.0,250000.0,6
2016-09-28,MET-STT,1837.2969017028809,250000.0,6
2016-09-28,PFE-WST,825.3131713867188,250000.0,6
2016-09-28,FIS-TFC,3282.7000045776367,250000.0,6
2016-09-28,ALL-JKHY,-271.18009185791016,250000.0,6
2016-09-29,PFE-WST,948.8525466918945,250000.0,6
2016-09-29,FIS-TFC,1762.7972793579102,250000.0,6
2016-09-29,ALL-JKHY,-1045.6830749511719,250000.0,6
2016-09-30,PFE-WST,589.6871604919434,250000.0,6
2016-10-06,AIG-BRO,0.0,250000.0,7
2016-10-11,AIG-AON,0.0,250000.0,7
2016-10-11,BIIB-MDT,0.0,250000.0,7
2016-10-12,AIG-AON,1260.8490600585938,250000.0,7
2016-10-12,BIIB-MDT,1801.362419128418,250000.0,7
2016-10-13,AIG-AON,1087.013931274414,250000.0,7
2016-10-13,BIIB-MDT,548.2239227294922,250000.0,7
2016-10-14,AIG-AON,1911.3097534179688,250000.0,7
2016-10-17,AIG-AON,-226.07772827148438,250000.0,7
2016-10-18,AIG-AON,952.5793762207031,250000.0,7
2016-10-19,AIG-AON,947.4441833496094,250000.0,7
2016-10-19,AIG-AIZ,0.0,250000.0,7
2016-10-20,AIG-AON,143.0545654296875,250000.0,7
2016-10-20,AIG-AIZ,261.8045997619629,250000.0,7
2016-10-21,AIG-AON,-845.0606842041016,250000.0,7
2016-10-21,AIG-AIZ,-1357.5493698120117,250000.0,7
2016-10-21,AIG-PYPL,0.0,250000.0,7
2016-10-24,AIG-AON,-124.35552978515625,250000.0,7
2016-10-24,AIG-AIZ,-1637.8893356323242,250000.0,7
2016-10-24,AIG-PYPL,2232.9092903137207,250000.0,7
2016-10-24,AIG-BRO,0.0,250000.0,7
2016-10-25,AIG-AIZ,-3923.4197425842285,250000.0,7
2016-10-25,AIG-PYPL,5868.940444946289,250000.0,7
2016-10-25,AIG-BRO,-212.07194137573242,250000.0,7
2016-10-26,AIG-AIZ,-5788.39497756958,250000.0,7
2016-10-26,AIG-PYPL,12550.795440673828,250000.0,7
2016-10-26,AIG-BRO,1089.1925163269043,250000.0,7
2016-10-26,BIIB-DGX,0.0,250000.0,7
2016-10-26,PFE-RMD,0.0,250000.0,7
2016-10-27,AIG-BRO,254.62214279174805,250000.0,7
2016-10-27,BIIB-DGX,244.14462280273438,250000.0,7
2016-10-27,PFE-RMD,-3240.2125492095947,250000.0,7
2016-10-28,AIG-BRO,1275.3584022521973,250000.0,7
2016-10-28,BIIB-DGX,3045.2032318115234,250000.0,7
2016-10-28,PFE-RMD,746.9215259552002,250000.0,7
2016-10-31,AIG-BRO,1574.063835144043,250000.0,7
2016-10-31,PFE-RMD,-911.4666233062744,250000.0,7
2016-11-01,AIG-BRO,-160.53707122802734,250000.0,7
2016-11-01,PFE-RMD,-5334.429744720459,250000.0,7
2016-11-02,AIG-BRO,-1824.0715065002441,250000.0,7
2016-11-02,PFE-RMD,-6463.173278808594,250000.0,7
2016-11-03,AIG-BRO,2652.701404571533,250000.0,7
2016-11-03,PFE-RMD,-4854.024166107178,250000.0,7
2016-11-04,AIG-BRO,1579.313175201416,250000.0,7
2016-11-04,PFE-RMD,-4891.83204460144,250000.0,7
2016-11-04,AIG-WTW,0.0,250000.0,7
2016-11-07,PFE-RMD,-3933.8724327087402,250000.0,7
2016-11-07,AIG-WTW,586.5044631958008,250000.0,7
2016-11-08,PFE-RMD,-3829.6247425079346,250000.0,7
2016-11-08,AIG-WTW,2783.319061279297,250000.0,7
2016-11-09,PFE-RMD,-7796.737699508667,250000.0,7
2016-11-09,AIG-WTW,67.94534301757812,250000.0,7
2016-11-09,AIG-SYF,0.0,250000.0,7
2016-11-10,AIG-WTW,7574.231269836426,250000.0,7
2016-11-10,AIG-SYF,-10297.02749633789,250000.0,7
2016-11-10,AIG-PYPL,0.0,250000.0,7
2016-11-11,AIG-WTW,5804.4488525390625,250000.0,7
2016-11-11,AIG-PYPL,-2503.7635917663574,250000.0,7
2016-11-14,AIG-WTW,7156.780578613281,250000.0,7
2016-11-14,AIG-HIG,0.0,250000.0,7
2016-11-15,AIG-HIG,252.72756958007812,250000.0,7
2016-11-16,AIG-HIG,6937.774711608887,250000.0,7
2016-11-17,AIG-HIG,4941.980751037598,250000.0,7
2016-11-18,AIG-HIG,3387.6008949279785,250000.0,7
2016-11-29,BIIB-UNH,0.0,250000.0,7
2016-11-30,BIIB-UNH,-3845.649200439453,250000.0,7
2016-11-30,PFE-VRTX,0.0,250000.0,7
2016-12-01,BIIB-UNH,-7685.8807373046875,250000.0,7
2016-12-01,PFE-VRTX,-4043.7878036499023,250000.0,7
2016-12-01,AIG-WTW,0.0,250000.0,7
2016-12-01,AIG-PYPL,0.0,250000.0,7
2016-12-02,BIIB-UNH,-7077.932373046875,250000.0,7
2016-12-02,PFE-VRTX,-13041.262878417969,250000.0,7
2016-12-02,AIG-WTW,-2946.7005310058594,250000.0,7
2016-12-02,AIG-PYPL,2450.012477874756,250000.0,7
2016-12-05,BIIB-UNH,-3493.8351440429688,250000.0,7
2016-12-05,PFE-VRTX,-12443.108516693115,250000.0,7
2016-12-05,AIG-WTW,93.02737426757812,250000.0,7
2016-12-05,AIG-PYPL,4047.6277503967285,250000.0,7
2016-12-05,BIIB-CRL,0.0,250000.0,7
2016-12-06,PFE-VRTX,-4237.540390014648,250000.0,7
2016-12-06,AIG-PYPL,3459.6145629882812,250000.0,7
2016-12-06,BIIB-CRL,-6045.278388977051,250000.0,7
2016-12-07,PFE-VRTX,-8697.658657073975,250000.0,7
2016-12-07,AIG-PYPL,5269.518352508545,250000.0,7
2016-12-07,BIIB-CRL,-3347.187744140625,250000.0,7
2016-12-07,BIIB-RVTY,0.0,250000.0,7
2016-12-08,PFE-VRTX,-96.7874641418457,250000.0,7
2016-12-08,AIG-PYPL,4744.4035568237305,250000.0,7
2016-12-08,BIIB-CRL,-5095.847099304199,250000.0,7
2016-12-08,BIIB-RVTY,116.25418090820312,250000.0,7
2016-12-09,PFE-VRTX,-10236.282321929932,250000.0,7
2016-12-09,AIG-PYPL,4987.792831420898,250000.0,7
2016-12-09,BIIB-RVTY,-2963.185089111328,250000.0,7
2016-12-12,PFE-VRTX,-19830.888732910156,250000.0,7
2016-12-12,AIG-PYPL,3919.2147903442383,250000.0,7
2016-12-12,BIIB-RVTY,-3441.9046325683594,250000.0,7
2016-12-13,AIG-PYPL,2716.780849456787,250000.0,7
2016-12-13,BIIB-RVTY,-5242.137481689453,250000.0,7
2016-12-14,AIG-PYPL,4022.045913696289,250000.0,7
2016-12-14,BIIB-RVTY,-3531.6609802246094,250000.0,7
2016-12-15,AIG-PYPL,3643.1450538635254,250000.0,7
2016-12-15,BIIB-RVTY,-5300.712890625,250000.0,7
2016-12-16,AIG-PYPL,2016.9425964355469,250000.0,7
2016-12-16,BIIB-RVTY,-4945.0396728515625,250000.0,7
2016-12-19,BIIB-RVTY,-5760.366302490234,250000.0,7
2016-12-20,BIIB-RVTY,-3588.9332580566406,250000.0,7
2016-12-21,BIIB-RVTY,-2478.106414794922,250000.0,7
2016-12-22,BIIB-RVTY,1062.0685119628906,250000.0,7
2016-12-23,BIIB-RVTY,1213.199462890625,250000.0,7
2016-12-27,BIIB-RVTY,2461.1107177734375,250000.0,7
2016-12-28,BIIB-RVTY,4084.4185485839844,250000.0,7
2016-12-29,BIIB-RVTY,3301.474609375,250000.0,7
2016-12-30,BIIB-RVTY,2153.4397888183594,250000.0,7
2017-01-03,CI-COR,0.0,250000.0,8
2017-01-04,CI-COR,-5452.681549072266,250000.0,8
2017-01-04,ABBV-CRL,0.0,250000.0,8
2017-01-04,DHR-GILD,0.0,250000.0,8
2017-01-05,CI-COR,-1738.5316696166992,250000.0,8
2017-01-05,ABBV-CRL,-1586.06640625,250000.0,8
2017-01-06,CI-COR,-5102.799549102783,250000.0,8
2017-01-06,ABBV-CRL,-2340.1644325256348,250000.0,8
2017-01-06,HSIC-TMO,0.0,250000.0,8
2017-01-09,CI-COR,-7025.502269744873,250000.0,8
2017-01-09,ABBV-CRL,415.6040382385254,250000.0,8
2017-01-09,HSIC-TMO,969.7066268920898,250000.0,8
2017-01-09,EL-PEP,0.0,250000.0,8
2017-01-10,CI-COR,-5589.155353546143,250000.0,8
2017-01-10,ABBV-CRL,-2467.1839752197266,250000.0,8
2017-01-10,HSIC-TMO,1531.8831596374512,250000.0,8
2017-01-10,EL-PEP,-2980.7666778564453,250000.0,8
2017-01-11,CI-COR,5000.533931732178,250000.0,8
2017-01-11,EL-TAP,0.0,250000.0,8
2017-01-12,CI-COR,-1542.1913757324219,250000.0,8
2017-01-12,EL-TAP,-2329.373405456543,250000.0,8
2017-01-13,CI-COR,-3431.581127166748,250000.0,8
2017-01-17,CI-COR,-7962.989765167236,250000.0,8
2017-01-24,DOC-PLD,0.0,250000.0,8
2017-01-25,DOC-PLD,648.0786113739014,250000.0,8
2017-01-25,CTSH-TEL,0.0,250000.0,8
2017-01-25,BRO-CME,0.0,250000.0,8
2017-01-26,DOC-PLD,-2797.338743209839,250000.0,8
2017-01-26,CTSH-TEL,-3543.845329284668,250000.0,8
2017-01-26,BRO-CME,-12.212310791015625,250000.0,8
2017-01-26,BKNG-LVS,0.0,250000.0,8
2017-01-27,CTSH-TEL,-3326.736427307129,250000.0,8
2017-01-27,BRO-CME,-72.33196640014648,250000.0,8
2017-01-30,BRO-CME,-4119.213531494141,250000.0,8
2017-01-31,BRO-CME,-6579.339031219482,250000.0,8
2017-01-31,HSIC-TMO,0.0,250000.0,8
2017-02-01,BRO-CME,-6400.81485748291,250000.0,8
2017-02-01,HSIC-TMO,-901.9483032226562,250000.0,8
2017-02-02,BRO-CME,-5800.0164222717285,250000.0,8
2017-02-02,HSIC-TMO,3039.9459686279297,250000.0,8
2017-02-02,EL-PM,0.0,250000.0,8
2017-02-03,BRO-CME,-1898.4828987121582,250000.0,8
2017-02-03,HSIC-TMO,5402.269683837891,250000.0,8
2017-02-06,BRO-CME,-3000.702278137207,250000.0,8
2017-02-06,HSIC-TMO,4240.432556152344,250000.0,8
2017-02-07,BRO-CME,-1624.5455741882324,250000.0,8
2017-02-07,HSIC-TMO,4615.558052062988,250000.0,8
2017-02-08,BRO-CME,2347.0499153137207,250000.0,8
2017-02-08,HSIC-TMO,3306.168327331543,250000.0,8
2017-02-08,CME-MTB,0.0,250000.0,8
2017-02-09,HSIC-TMO,2967.730628967285,250000.0,8
2017-02-09,CME-MTB,4604.209533691406,250000.0,8
2017-02-10,HSIC-TMO,3022.595863342285,250000.0,8
2017-02-10,CME-MTB,4759.750762939453,250000.0,8
2017-02-13,HSIC-TMO,682.9178695678711,250000.0,8
2017-02-14,HSIC-TMO,1263.0857620239258,250000.0,8
2017-02-14,ABBV-CRL,0.0,250000.0,8
2017-02-15,HSIC-TMO,1364.7145614624023,250000.0,8
2017-02-15,ABBV-CRL,3883.7249755859375,250000.0,8
2017-02-16,HSIC-TMO,1378.087287902832,250000.0,8
2017-02-16,ABBV-CRL,4091.6864624023438,250000.0,8
2017-02-17,HSIC-TMO,1028.643669128418,250000.0,8
2017-02-17,ABBV-CRL,4970.001922607422,250000.0,8
2017-02-17,EL-SJM,0.0,250000.0,8
2017-02-21,ABBV-CRL,5485.001388549805,250000.0,8
2017-02-22,ABBV-CRL,4972.466384887695,250000.0,8
2017-02-23,ABBV-CRL,7571.996429443359,250000.0,8
2017-02-23,CTSH-TEL,0.0,250000.0,8
2017-02-24,ABBV-CRL,7482.579376220703,250000.0,8
2017-02-24,CTSH-TEL,-1195.2111549377441,250000.0,8
2017-02-24,DOC-WY,0.0,250000.0,8
2017-02-27,ABBV-CRL,3802.792526245117,250000.0,8
2017-02-27,CTSH-TEL,112.73690032958984,250000.0,8
2017-02-27,DOC-WY,3184.2624187469482,250000.0,8
2017-02-27,CI-COR,0.0,250000.0,8
2017-02-28,ABBV-CRL,9542.247863769531,250000.0,8
2017-02-28,CTSH-TEL,362.0632629394531,250000.0,8
2017-02-28,DOC-WY,1323.5681781768799,250000.0,8
2017-02-28,CI-COR,564.7582855224609,250000.0,8
2017-02-28,O-SBAC,0.0,250000.0,8
2017-03-01,CTSH-TEL,1757.8250770568848,250000.0,8
2017-03-01,CI-COR,-2158.4760208129883,250000.0,8
2017-03-01,O-SBAC,-1230.5076484680176,250000.0,8
2017-03-01,CME-MTB,0.0,250000.0,8
2017-03-01,BRO-CME,0.0,250000.0,8
2017-03-02,CTSH-TEL,79.32612228393555,250000.0,8
2017-03-02,CI-COR,-2068.4345169067383,250000.0,8
2017-03-02,O-SBAC,-1182.147705078125,250000.0,8
2017-03-02,CME-MTB,2046.561149597168,250000.0,8
2017-03-02,BRO-CME,1996.5493183135986,250000.0,8
2017-03-03,CTSH-TEL,1287.3260803222656,250000.0,8
2017-03-03,CI-COR,-1860.413673400879,250000.0,8
2017-03-03,O-SBAC,-1219.0521812438965,250000.0,8
2017-03-03,CME-MTB,3920.0976028442383,250000.0,8
2017-03-06,CTSH-TEL,1201.8924446105957,250000.0,8
2017-03-06,O-SBAC,-3713.728385925293,250000.0,8
2017-03-06,CME-MTB,2404.3085403442383,250000.0,8
2017-03-07,O-SBAC,-3703.0797691345215,250000.0,8
2017-03-07,CME-MTB,3540.762741088867,250000.0,8
2017-03-08,CME-MTB,2523.889389038086,250000.0,8
2017-03-09,CME-MTB,474.11480712890625,250000.0,8
2017-03-10,CME-MTB,222.4139862060547,250000.0,8
2017-03-10,EL-PEP,0.0,250000.0,8
2017-03-10,EL-MKC,0.0,250000.0,8
2017-03-13,CME-MTB,-4166.917655944824,250000.0,8
2017-03-13,EL-PEP,303.79756927490234,250000.0,8
2017-03-13,EL-MKC,1069.679214477539,250000.0,8
2017-03-14,CME-MTB,-2308.545639038086,250000.0,8
2017-03-14,EL-PEP,1172.0146255493164,250000.0,8
2017-03-15,CME-MTB,-6414.001251220703,250000.0,8
2017-03-15,DOC-PLD,0.0,250000.0,8
2017-03-16,DOC-PLD,-142.89168548583984,250000.0,8
2017-03-17,DOC-PLD,-1285.2782897949219,250000.0,8
2017-03-20,DOC-PLD,-3779.3810272216797,250000.0,8
2017-03-21,DOC-PLD,1263.0723724365234,250000.0,8
2017-03-21,BRO-CME,0.0,250000.0,8
2017-03-22,DOC-PLD,2899.1091079711914,250000.0,8
2017-03-22,BRO-CME,-2002.7786254882812,250000.0,8
2017-03-23,DOC-PLD,377.75499725341797,250000.0,8
2017-03-23,BRO-CME,-2123.3757095336914,250000.0,8
2017-03-24,BRO-CME,-1030.1013717651367,250000.0,8
2017-03-27,BRO-CME,-4126.2319259643555,250000.0,8
2017-03-28,BRO-CME,-3119.5915603637695,250000.0,8
2017-04-05,CDNS-JBL,0.0,250000.0,9
2017-04-05,KHC-KMB,0.0,250000.0,9
2017-04-06,KHC-KMB,701.6085433959961,250000.0,9
2017-04-06,CDNS-ORCL,0.0,250000.0,9
2017-04-07,CDNS-ORCL,581.2247676849365,250000.0,9
2017-04-10,CDNS-ORCL,-686.5718994140625,250000.0,9
2017-04-10,CDNS-MU,0.0,250000.0,9
2017-04-11,CDNS-ORCL,-255.61899375915527,250000.0,9
2017-04-11,CDNS-MU,-5161.281858444214,250000.0,9
2017-04-11,CMS-D,0.0,250000.0,9
2017-04-12,CDNS-ORCL,665.4165210723877,250000.0,9
2017-04-12,CDNS-MU,-7976.238857269287,250000.0,9
2017-04-12,CMS-D,872.4287643432617,250000.0,9
2017-04-13,CDNS-ORCL,301.0271587371826,250000.0,9
2017-04-13,CDNS-MU,-6292.156036376953,250000.0,9
2017-04-13,CMS-D,369.94600677490234,250000.0,9
2017-04-17,CDNS-ORCL,837.8329010009766,250000.0,9
2017-04-17,CDNS-MU,-4843.552154541016,250000.0,9
2017-04-17,CMS-D,904.7360763549805,250000.0,9
2017-04-18,CDNS-ORCL,-1064.9082851409912,250000.0,9
2017-04-18,CMS-D,741.5321273803711,250000.0,9
2017-04-19,CMS-D,-80.88397216796875,250000.0,9
2017-04-20,CMS-D,725.4291610717773,250000.0,9
2017-04-20,CMG-SBUX,0.0,250000.0,9
2017-04-21,CMS-D,448.6495895385742,250000.0,9
2017-04-21,CMG-SBUX,-2163.3335161209106,250000.0,9
2017-04-24,CMG-SBUX,-4860.868368148804,250000.0,9
2017-04-24,CDNS-MU,0.0,250000.0,9
2017-04-25,CMG-SBUX,-4058.7720251083374,250000.0,9
2017-05-04,C-MET,0.0,250000.0,9
2017-05-05,C-MET,159.06179809570312,250000.0,9
2017-05-08,C-MET,-1785.9064407348633,250000.0,9
2017-05-09,C-MET,1625.3045043945312,250000.0,9
2017-05-10,C-MET,2177.636947631836,250000.0,9
2017-05-10,CDNS-MU,0.0,250000.0,9
2017-05-11,CDNS-MU,2841.4441146850586,250000.0,9
2017-05-12,CDNS-MU,3079.5521697998047,250000.0,9
2017-05-16,IDXX-VEEV,0.0,250000.0,9
2017-05-16,CDNS-JBL,0.0,250000.0,9
2017-05-17,IDXX-VEEV,3323.238395690918,250000.0,9
2017-05-17,CDNS-JBL,-1608.0770416259766,250000.0,9
2017-05-17,KHC-KMB,0.0,250000.0,9
2017-05-17,MRSH-PGR,0.0,250000.0,9
2017-05-17,MET-PRU,0.0,250000.0,9
2017-05-18,IDXX-VEEV,-5337.118583679199,250000.0,9
2017-05-18,MRSH-PGR,453.8466968536377,250000.0,9
2017-05-18,MET-PRU,412.38864517211914,250000.0,9
2017-05-19,IDXX-VEEV,-8550.331146240234,250000.0,9
2017-05-19,MET-PRU,2034.4660606384277,250000.0,9
2017-05-22,MET-PRU,3464.141502380371,250000.0,9
2017-05-22,CDNS-HPQ,0.0,250000.0,9
2017-05-23,CDNS-HPQ,-5852.871419906616,250000.0,9
2017-06-06,MET-PRU,0.0,250000.0,9
2017-06-07,MET-PRU,406.2556571960449,250000.0,9
2017-06-08,MET-PRU,1196.1330032348633,250000.0,9
2017-06-09,KHC-KMB,0.0,250000.0,9
2017-06-09,MSCI-V,0.0,250000.0,9
2017-06-12,KHC-KMB,1092.8582458496094,250000.0,9
2017-06-12,MSCI-V,-2419.6680908203125,250000.0,9
2017-06-13,KHC-KMB,988.7000885009766,250000.0,9
2017-06-13,MSCI-V,-2215.59952545166,250000.0,9
2017-06-14,KHC-KMB,-1320.5161895751953,250000.0,9
2017-06-14,MSCI-V,-607.401008605957,250000.0,9
2017-06-15,KHC-KMB,-1655.5393371582031,250000.0,9
2017-06-15,MSCI-V,-4219.779350280762,250000.0,9
2017-06-15,CDNS-JBL,0.0,250000.0,9
2017-06-16,MSCI-V,-4086.0725173950195,250000.0,9
2017-06-16,KHC-PG,0.0,250000.0,9
2017-06-19,MSCI-V,-3497.6572647094727,250000.0,9
2017-06-19,KHC-PG,-69.89099884033203,250000.0,9
2017-06-19,CDNS-ORCL,0.0,250000.0,9
2017-06-19,BSX-INCY,0.0,250000.0,9
2017-06-20,MSCI-V,364.5115280151367,250000.0,9
2017-06-20,KHC-PG,-60.552146911621094,250000.0,9
2017-06-20,CDNS-ORCL,-1275.225486755371,250000.0,9
2017-06-20,BSX-INCY,-2685.928159713745,250000.0,9
2017-06-21,KHC-PG,713.7095794677734,250000.0,9
2017-06-21,CDNS-ORCL,-3239.974594116211,250000.0,9
2017-06-22,KHC-PG,1412.7032012939453,250000.0,9
2017-06-23,KHC-PG,48.11084747314453,250000.0,9
2017-06-23,MRSH-PGR,0.0,250000.0,9
2017-06-26,KHC-PG,315.2389373779297,250000.0,9
2017-06-26,MRSH-PGR,-538.040657043457,250000.0,9
2017-06-27,KHC-PG,820.7357406616211,250000.0,9
2017-06-27,MRSH-PGR,-2050.6494903564453,250000.0,9
2017-06-28,KHC-PG,1833.464340209961,250000.0,9
2017-06-28,MRSH-PGR,2240.5346450805664,250000.0,9
2017-06-29,MRSH-PGR,-512.7246551513672,250000.0,9
2017-06-30,MRSH-PGR,1223.1781311035156,250000.0,9
2017-07-05,ADM-SJM,0.0,250000.0,10
2017-07-06,ADM-SJM,614.292064666748,250000.0,10
2017-07-07,ADM-SJM,581.5766429901123,250000.0,10
2017-07-10,ADM-SJM,423.78861808776855,250000.0,10
2017-07-11,ADM-SJM,2865.711950302124,250000.0,10
2017-07-12,ADM-SJM,1627.766508102417,250000.0,10
2017-07-13,ADM-SJM,1988.773199081421,250000.0,10
2017-07-14,ADM-SJM,2416.8905334472656,250000.0,10
2017-07-31,ADM-BG,0.0,250000.0,10
2017-08-01,ADM-BG,-3748.5675735473633,250000.0,10
2017-08-01,ADM-TAP,0.0,250000.0,10
2017-08-02,ADM-BG,-3648.313720703125,250000.0,10
2017-08-08,ADM-MKC,0.0,250000.0,10
2017-08-08,CMI-EXPD,0.0,250000.0,10
2017-08-09,CMI-EXPD,-1098.3059043884277,250000.0,10
2017-08-10,CMI-EXPD,-2968.0629501342773,250000.0,10
2017-08-11,CMI-EXPD,-4205.1420249938965,250000.0,10
2017-08-14,CMI-EXPD,1086.428321838379,250000.0,10
2017-08-15,CMI-EXPD,881.1484260559082,250000.0,10
2017-08-16,CMI-EXPD,1627.3671569824219,250000.0,10
2017-08-16,ADM-COST,0.0,250000.0,10
2017-08-17,CMI-EXPD,-591.0231857299805,250000.0,10
2017-08-17,ADM-COST,707.9368877410889,250000.0,10
2017-08-18,CMI-EXPD,-82.19734573364258,250000.0,10
2017-08-18,ADM-COST,2077.551103591919,250000.0,10
2017-08-21,CMI-EXPD,-329.9289741516113,250000.0,10
2017-08-22,CMI-EXPD,2506.7293815612793,250000.0,10
2017-08-24,ADM-GIS,0.0,250000.0,10
2017-08-24,ADM-SJM,0.0,250000.0,10
2017-08-24,ADM-COST,0.0,250000.0,10
2017-08-24,ADM-MDLZ,0.0,250000.0,10
2017-08-24,ADM-DLTR,0.0,250000.0,10
2017-08-25,ADM-SJM,-7906.635009765625,250000.0,10
2017-08-25,ADM-COST,-402.0760154724121,250000.0,10
2017-08-25,ADM-MDLZ,-3219.821765899658,250000.0,10
2017-08-25,ADM-DLTR,-591.4204292297363,250000.0,10
2017-08-25,ADM-SYY,0.0,250000.0,10
2017-08-28,ADM-SJM,-7397.529182434082,250000.0,10
2017-08-28,ADM-COST,-304.10768127441406,250000.0,10
2017-08-28,ADM-MDLZ,-4319.18856048584,250000.0,10
2017-08-28,ADM-DLTR,-397.64088439941406,250000.0,10
2017-08-28,ADM-SYY,905.9144554138184,250000.0,10
2017-08-29,ADM-SJM,-8916.876953125,250000.0,10
2017-08-29,ADM-COST,1464.8603706359863,250000.0,10
2017-08-29,ADM-MDLZ,-760.1001129150391,250000.0,10
2017-08-29,ADM-DLTR,1524.520565032959,250000.0,10
2017-08-29,ADM-SYY,120.32537841796875,250000.0,10
2017-08-30,ADM-SJM,-10419.816986083984,250000.0,10
2017-08-30,ADM-COST,2514.8765716552734,250000.0,10
2017-08-30,ADM-MDLZ,-2461.157402038574,250000.0,10
2017-08-30,ADM-DLTR,2432.705322265625,250000.0,10
2017-08-30,ADM-SYY,-1610.8891639709473,250000.0,10
2017-08-31,ADM-SJM,-7261.029823303223,250000.0,10
2017-08-31,ADM-DLTR,-1686.0416069030762,250000.0,10
2017-08-31,ADM-SYY,-2658.9582138061523,250000.0,10
2017-09-01,ADM-SJM,-10252.10082244873,250000.0,10
2017-09-01,ADM-DLTR,919.8593215942383,250000.0,10
2017-09-01,ADM-SYY,-2072.994243621826,250000.0,10
2017-09-05,ADM-SJM,-6429.961654663086,250000.0,10
2017-09-05,ADM-DLTR,-5739.152473449707,250000.0,10
2017-09-05,ADM-SYY,-2908.5743827819824,250000.0,10
2017-09-06,ADM-SJM,-7788.577491760254,250000.0,10
2017-09-06,ADM-DLTR,-2777.588176727295,250000.0,10
2017-09-06,ADM-SYY,-1327.3808822631836,250000.0,10
2017-09-07,ADM-SJM,-8916.27212524414,250000.0,10
2017-09-07,ADM-DLTR,-2830.9653511047363,250000.0,10
2017-09-07,ADM-SYY,-1846.993637084961,250000.0,10
2017-09-07,ADM-HSY,0.0,250000.0,10
2017-09-08,ADM-SYY,-1444.0681953430176,250000.0,10
2017-09-08,ADM-HSY,-1203.8783340454102,250000.0,10
2017-09-12,ADM-BG,0.0,250000.0,10
2017-09-13,ADM-BG,2695.638011932373,250000.0,10
2017-09-13,CMI-EXPD,0.0,250000.0,10
2017-09-14,ADM-BG,4028.1474571228027,250000.0,10
2017-09-14,CMI-EXPD,1157.7487869262695,250000.0,10
2017-09-15,ADM-BG,1620.659755706787,250000.0,10
2017-09-15,CMI-EXPD,2695.263210296631,250000.0,10
2017-09-18,CMI-EXPD,110.26929092407227,250000.0,10
2017-09-19,CMI-EXPD,291.9293327331543,250000.0,10
2017-09-20,ADM-GIS,0.0,250000.0,10
2017-09-21,ADM-GIS,-2234.656909942627,250000.0,10
2017-09-21,ADM-MKC,0.0,250000.0,10
2017-09-22,ADM-GIS,-4635.6353759765625,250000.0,10
2017-09-25,ADM-GIS,-67.23183059692383,250000.0,10
2017-09-28,ADM-MKC,0.0,250000.0,10
2017-09-29,ADM-MKC,-2702.958843231201,250000.0,10
2017-10-06,GPC-GRMN,0.0,250000.0,11
2017-10-09,GPC-GRMN,608.7289199829102,250000.0,11
2017-10-09,DVA-IDXX,0.0,250000.0,11
2017-10-10,GPC-GRMN,2012.2029647827148,250000.0,11
2017-10-10,DVA-IDXX,2598.137275695801,250000.0,11
2017-10-11,DVA-IDXX,2017.9715003967285,250000.0,11
2017-10-12,DVA-IDXX,-4195.4565505981445,250000.0,11
2017-10-13,DVA-IDXX,45.770145416259766,250000.0,11
2017-10-16,DVA-IDXX,7241.126884460449,250000.0,11
2017-10-17,DVA-IDXX,3844.1051597595215,250000.0,11
2017-10-17,IEX-SWK,0.0,250000.0,11
2017-10-18,DVA-IDXX,2124.0591888427734,250000.0,11
2017-10-18,IEX-SWK,-272.7306442260742,250000.0,11
2017-10-18,PNC-USB,0.0,250000.0,11
2017-10-19,DVA-IDXX,6911.849964141846,250000.0,11
2017-10-19,IEX-SWK,19.3851318359375,250000.0,11
2017-10-19,PNC-USB,978.8210906982422,250000.0,11
2017-10-19,NXPI-SWKS,0.0,250000.0,11
2017-10-19,GPC-GRMN,0.0,250000.0,11
2017-10-20,DVA-IDXX,3605.6164932250977,250000.0,11
2017-10-20,PNC-USB,1784.493938446045,250000.0,11
2017-10-20,NXPI-SWKS,3779.7762756347656,250000.0,11
2017-10-20,GPC-GRMN,-2540.2907333374023,250000.0,11
2017-10-20,NXPI-TER,0.0,250000.0,11
2017-10-23,DVA-IDXX,8200.8125,250000.0,11
2017-10-23,PNC-USB,2140.361301422119,250000.0,11
2017-10-23,NXPI-SWKS,1996.8064193725586,250000.0,11
2017-10-23,GPC-GRMN,-1969.9644088745117,250000.0,11
2017-10-24,PNC-USB,1525.8576431274414,250000.0,11
2017-10-24,NXPI-SWKS,2413.6738204956055,250000.0,11
2017-10-24,GPC-GRMN,-5040.667621612549,250000.0,11
2017-10-25,PNC-USB,1542.9430046081543,250000.0,11
2017-10-25,NXPI-SWKS,1363.4238891601562,250000.0,11
2017-10-26,PNC-USB,1929.5904006958008,250000.0,11
2017-10-26,NXPI-SWKS,3445.966667175293,250000.0,11
2017-10-27,PNC-USB,2287.740837097168,250000.0,11
2017-10-27,LDOS-ODFL,0.0,250000.0,11
2017-10-30,PNC-USB,2386.223087310791,250000.0,11
2017-10-30,LDOS-ODFL,5160.348342895508,250000.0,11
2017-10-31,LDOS-ODFL,5987.863349914551,250000.0,11
2017-11-01,LDOS-ODFL,9332.584274291992,250000.0,11
2017-11-01,GPC-GRMN,0.0,250000.0,11
2017-11-02,LDOS-ODFL,6353.291221618652,250000.0,11
2017-11-02,GPC-GRMN,5276.745475769043,250000.0,11
2017-11-02,CPAY-MET,0.0,250000.0,11
2017-11-02,DVA-IDXX,0.0,250000.0,11
2017-11-03,LDOS-ODFL,9879.144836425781,250000.0,11
2017-11-03,GPC-GRMN,1498.2885627746582,250000.0,11
2017-11-03,CPAY-MET,765.1585807800293,250000.0,11
2017-11-03,DVA-IDXX,5341.477096557617,250000.0,11
2017-11-06,LDOS-ODFL,8368.579410552979,250000.0,11
2017-11-06,GPC-GRMN,1882.010757446289,250000.0,11
2017-11-06,CPAY-MET,-1776.3499717712402,250000.0,11
2017-11-06,DVA-IDXX,-367.0229034423828,250000.0,11
2017-11-07,LDOS-ODFL,6000.365173339844,250000.0,11
2017-11-07,GPC-GRMN,1241.646141052246,250000.0,11
2017-11-07,CPAY-MET,-2777.715888977051,250000.0,11
2017-11-07,DVA-IDXX,-1899.9375953674316,250000.0,11
2017-11-08,LDOS-ODFL,5380.379508972168,250000.0,11
2017-11-08,GPC-GRMN,-1099.852180480957,250000.0,11
2017-11-08,CPAY-MET,-3319.606269836426,250000.0,11
2017-11-08,DVA-IDXX,6173.22957611084,250000.0,11
2017-11-08,PNC-USB,0.0,250000.0,11
2017-11-09,LDOS-ODFL,7249.566539764404,250000.0,11
2017-11-09,GPC-GRMN,-1955.86674118042,250000.0,11
2017-11-09,CPAY-MET,-5443.291774749756,250000.0,11
2017-11-09,DVA-IDXX,5022.470737457275,250000.0,11
2017-11-09,PNC-USB,-1860.1670761108398,250000.0,11
2017-11-10,LDOS-ODFL,8385.454166412354,250000.0,11
2017-11-10,GPC-GRMN,-6730.971267700195,250000.0,11
2017-11-10,DVA-IDXX,1083.6057319641113,250000.0,11
2017-11-13,LDOS-ODFL,8940.945529937744,250000.0,11
2017-11-13,GPC-GRMN,-5881.696132659912,250000.0,11
2017-11-13,DVA-IDXX,1282.1737976074219,250000.0,11
2017-11-14,LDOS-ODFL,6537.188907623291,250000.0,11
2017-11-14,GPC-GRMN,-5710.596870422363,250000.0,11
2017-11-14,DVA-IDXX,4740.50700378418,250000.0,11
2017-11-15,LDOS-ODFL,11315.791625976562,250000.0,11
2017-11-15,GPC-GRMN,-5024.616786956787,250000.0,11
2017-11-16,LDOS-ODFL,7904.850257873535,250000.0,11
2017-11-17,LDOS-ODFL,5719.863437652588,250000.0,11
2017-11-20,LDOS-ODFL,4552.854473114014,250000.0,11
2017-11-28,CPAY-MET,0.0,250000.0,11
2017-11-28,PNC-USB,0.0,250000.0,11
2017-11-29,CPAY-MET,-4725.602630615234,250000.0,11
2017-11-30,CPAY-MET,-3599.1369018554688,250000.0,11
2017-11-30,IEX-SWK,0.0,250000.0,11
2017-12-01,CPAY-MET,-4031.02587890625,250000.0,11
2017-12-01,IEX-SWK,2832.4332580566406,250000.0,11
2017-12-01,NXPI-SWKS,0.0,250000.0,11
2017-12-01,NXPI-TER,0.0,250000.0,11
2017-12-04,CPAY-MET,-2030.5626831054688,250000.0,11
2017-12-04,NXPI-SWKS,-7229.2421798706055,250000.0,11
2017-12-04,NXPI-TER,4024.2160034179688,250000.0,11
2017-12-05,CPAY-MET,923.4390258789062,250000.0,11
2017-12-05,NXPI-SWKS,-8516.24602508545,250000.0,11
2017-12-05,NXPI-TER,7950.112319946289,250000.0,11
2017-12-06,CPAY-MET,1566.0374450683594,250000.0,11
2017-12-06,NXPI-TER,3736.4432220458984,250000.0,11
2017-12-07,CPAY-MET,-457.52630615234375,250000.0,11
2017-12-07,NXPI-TER,-2449.140411376953,250000.0,11
2017-12-08,CPAY-MET,-595.3798217773438,250000.0,11
2017-12-08,NXPI-TER,-2801.2103424072266,250000.0,11
2017-12-11,CPAY-MET,1977.768310546875,250000.0,11
2017-12-11,NXPI-TER,-8822.077255249023,250000.0,11
2017-12-12,CPAY-MET,1954.0388488769531,250000.0,11
2017-12-12,NXPI-TER,-3692.1928100585938,250000.0,11
2017-12-13,NXPI-TER,-8800.115692138672,250000.0,11
2017-12-14,NXPI-TER,-5747.208084106445,250000.0,11
2017-12-15,NXPI-TER,-5266.446502685547,250000.0,11
2017-12-15,CPAY-MET,0.0,250000.0,11
2017-12-15,GPC-GRMN,0.0,250000.0,11
2017-12-18,CPAY-MET,-2683.286376953125,250000.0,11
2017-12-18,GPC-GRMN,-904.4881210327148,250000.0,11
2017-12-19,CPAY-MET,-2248.3569946289062,250000.0,11
2017-12-19,GPC-GRMN,-511.68834686279297,250000.0,11
2017-12-20,CPAY-MET,-1981.6878509521484,250000.0,11
2017-12-20,GPC-GRMN,134.26185607910156,250000.0,11
2017-12-21,CPAY-MET,-2503.596450805664,250000.0,11
2017-12-21,GPC-GRMN,-130.0916748046875,250000.0,11
2017-12-22,CPAY-MET,-3375.037666320801,250000.0,11
2017-12-22,GPC-GRMN,-906.2068862915039,250000.0,11
2017-12-26,CPAY-MET,-4352.027275085449,250000.0,11
2017-12-26,GPC-GRMN,-916.0063705444336,250000.0,11
2017-12-27,CPAY-MET,-4018.273017883301,250000.0,11
2017-12-27,GPC-GRMN,-497.3434524536133,250000.0,11
2017-12-28,CPAY-MET,-4630.172660827637,250000.0,11
2017-12-28,GPC-GRMN,1098.8009948730469,250000.0,11
2017-12-29,CPAY-MET,-5555.118675231934,250000.0,11
2017-12-29,GPC-GRMN,905.6165313720703,250000.0,11
2017-12-29,DVA-REGN,0.0,250000.0,11
2018-01-02,ALL-JPM,0.0,250000.0,12
2018-01-02,ALL-CFG,0.0,250000.0,12
2018-01-03,ALL-JPM,-123.6493911743164,250000.0,12
2018-01-03,ALL-CFG,-2696.5552558898926,250000.0,12
2018-01-03,MSCI-PNC,0.0,250000.0,12
2018-01-04,MSCI-PNC,-3094.7933349609375,250000.0,12
2018-01-04,ALL-COF,0.0,250000.0,12
2018-01-05,MSCI-PNC,-4873.586036682129,250000.0,12
2018-01-05,ALL-COF,2952.165512084961,250000.0,12
2018-01-08,MSCI-PNC,-4681.597801208496,250000.0,12
2018-01-08,ALL-COF,3169.1494750976562,250000.0,12
2018-01-09,MSCI-PNC,-1251.385482788086,250000.0,12
2018-01-09,ALL-COF,-275.8613967895508,250000.0,12
2018-01-09,MSCI-STT,0.0,250000.0,12
2018-01-10,MSCI-PNC,2393.7567443847656,250000.0,12
2018-01-10,ALL-COF,-5267.841194152832,250000.0,12
2018-01-11,ALL-COF,-7448.164421081543,250000.0,12
2018-01-12,ALL-COF,-6236.733528137207,250000.0,12
2018-01-16,ALL-COF,-3692.235191345215,250000.0,12
2018-01-17,ALL-COF,1417.510498046875,250000.0,12
2018-01-18,ALL-COF,3999.167350769043,250000.0,12
2018-01-19,ALL-COF,774.3285064697266,250000.0,12
2018-01-22,ALL-COF,70.1293716430664,250000.0,12
2018-01-22,CPAY-RF,0.0,250000.0,12
2018-01-23,CPAY-RF,-637.7570381164551,250000.0,12
2018-01-23,ALL-CFG,0.0,250000.0,12
2018-01-24,CPAY-RF,-2518.0553092956543,250000.0,12
2018-01-24,ALL-CFG,-1583.644058227539,250000.0,12
2018-01-24,ALL-JPM,0.0,250000.0,12
2018-01-24,MSCI-SPGI,0.0,250000.0,12
2018-01-25,ALL-CFG,4705.845863342285,250000.0,12
2018-01-25,ALL-JPM,1956.1426849365234,250000.0,12
2018-01-25,MSCI-SPGI,1363.9366149902344,250000.0,12
2018-01-26,ALL-CFG,2643.1294555664062,250000.0,12
2018-01-26,ALL-JPM,146.1752166748047,250000.0,12
2018-01-29,ALL-CFG,-3787.069206237793,250000.0,12
2018-01-29,ALL-JPM,-5445.979080200195,250000.0,12
2018-01-30,ALL-CFG,472.6661148071289,250000.0,12
2018-01-30,ALL-JPM,-2126.8442993164062,250000.0,12
2018-01-30,MSCI-PRU,0.0,250000.0,12
2018-01-31,ALL-CFG,1695.606216430664,250000.0,12
2018-01-31,ALL-JPM,-2585.067626953125,250000.0,12
2018-02-01,ALL-CFG,-3229.682716369629,250000.0,12
2018-02-01,ALL-JPM,-5296.045181274414,250000.0,12
2018-02-01,MSCI-PNC,0.0,250000.0,12
2018-02-01,MSCI-STT,0.0,250000.0,12
2018-02-01,MSCI-SPGI,0.0,250000.0,12
2018-02-01,MSCI-WFC,0.0,250000.0,12
2018-02-01,MSCI-NTRS,0.0,250000.0,12
2018-02-01,MSCI-RJF,0.0,250000.0,12
2018-02-02,ALL-CFG,-1425.556625366211,250000.0,12
2018-02-02,ALL-JPM,-1531.5570220947266,250000.0,12
2018-02-02,MSCI-PNC,4073.4840545654297,250000.0,12
2018-02-02,MSCI-STT,-1481.2103881835938,250000.0,12
2018-02-02,MSCI-SPGI,-711.401123046875,250000.0,12
2018-02-02,MSCI-WFC,1627.4782943725586,250000.0,12
2018-02-02,MSCI-NTRS,827.4987411499023,250000.0,12
2018-02-02,MSCI-RJF,-2480.5972785949707,250000.0,12
2018-02-05,ALL-CFG,2087.5918884277344,250000.0,12
2018-02-05,ALL-JPM,3449.555435180664,250000.0,12
2018-02-05,MSCI-PNC,2771.981864929199,250000.0,12
2018-02-05,MSCI-STT,-3775.021774291992,250000.0,12
2018-02-05,MSCI-SPGI,-5471.14323425293,250000.0,12
2018-02-05,MSCI-NTRS,-27.71881103515625,250000.0,12
2018-02-05,MSCI-RJF,-4559.737041473389,250000.0,12
2018-02-05,CPAY-WFC,0.0,250000.0,12
2018-02-06,ALL-CFG,2003.0539932250977,250000.0,12
2018-02-06,ALL-JPM,9.087860107421875,250000.0,12
2018-02-06,MSCI-PNC,3986.657386779785,250000.0,12
2018-02-06,MSCI-STT,-3409.426223754883,250000.0,12
2018-02-06,MSCI-NTRS,-1199.0221405029297,250000.0,12
2018-02-06,MSCI-RJF,-4862.691215515137,250000.0,12
2018-02-06,CPAY-WFC,-6354.0297775268555,250000.0,12
2018-02-06,MSCI-WFC,0.0,250000.0,12
2018-02-07,ALL-CFG,1554.2455825805664,250000.0,12
2018-02-07,ALL-JPM,-998.8620910644531,250000.0,12
2018-02-07,MSCI-PNC,3741.184684753418,250000.0,12
2018-02-07,MSCI-STT,-6777.49348449707,250000.0,12
2018-02-07,MSCI-NTRS,-4019.432907104492,250000.0,12
2018-02-07,CPAY-WFC,-5129.117279052734,250000.0,12
2018-02-07,MSCI-WFC,-562.0783462524414,250000.0,12
2018-02-08,MSCI-PNC,4219.943130493164,250000.0,12
2018-02-08,MSCI-STT,-10213.203704833984,250000.0,12
2018-02-08,MSCI-NTRS,-5423.6505126953125,250000.0,12
2018-02-08,CPAY-WFC,-7123.113563537598,250000.0,12
2018-02-08,MSCI-WFC,1702.6995391845703,250000.0,12
2018-02-08,CPAY-SYF,0.0,250000.0,12
2018-02-08,MSCI-WRB,0.0,250000.0,12
2018-02-09,MSCI-PNC,3703.7380599975586,250000.0,12
2018-02-09,MSCI-STT,-10404.199356079102,250000.0,12
2018-02-09,MSCI-NTRS,-6790.081634521484,250000.0,12
2018-02-09,CPAY-WFC,-107.18202209472656,250000.0,12
2018-02-09,MSCI-WFC,-318.8012466430664,250000.0,12
2018-02-09,MSCI-WRB,-723.9549541473389,250000.0,12
2018-02-12,MSCI-PNC,2956.8454666137695,250000.0,12
2018-02-12,MSCI-STT,-7778.655746459961,250000.0,12
2018-02-12,MSCI-NTRS,-3778.3171463012695,250000.0,12
2018-02-12,CPAY-WFC,-807.7889556884766,250000.0,12
2018-02-12,MSCI-WFC,-751.848014831543,250000.0,12
2018-02-12,MSCI-WRB,-1385.8769664764404,250000.0,12
2018-02-13,MSCI-PNC,-242.0072479248047,250000.0,12
2018-02-13,MSCI-STT,-12970.445007324219,250000.0,12
2018-02-13,CPAY-WFC,4390.132354736328,250000.0,12
2018-02-13,MSCI-WFC,-173.31627655029297,250000.0,12
2018-02-13,MSCI-WRB,-2576.863290786743,250000.0,12
2018-02-14,MSCI-PNC,-334.0661926269531,250000.0,12
2018-02-14,MSCI-STT,-13594.76953125,250000.0,12
2018-02-14,CPAY-WFC,10580.253288269043,250000.0,12
2018-02-14,MSCI-WFC,-3277.1048431396484,250000.0,12
2018-02-14,MSCI-WRB,-1302.472801208496,250000.0,12
2018-02-15,MSCI-PNC,-2478.117721557617,250000.0,12
2018-02-15,CPAY-WFC,11285.33895111084,250000.0,12
2018-02-15,MSCI-WFC,-7014.024948120117,250000.0,12
2018-02-15,MSCI-WRB,-2029.6787509918213,250000.0,12
2018-02-16,MSCI-PNC,1361.0954895019531,250000.0,12
2018-02-16,CPAY-WFC,9131.938926696777,250000.0,12
2018-02-16,MSCI-WFC,-1003.5730285644531,250000.0,12
2018-02-16,MSCI-WRB,343.8331832885742,250000.0,12
2018-02-20,MSCI-PNC,2411.5791778564453,250000.0,12
2018-02-20,CPAY-WFC,8428.99649810791,250000.0,12
2018-02-20,MSCI-WFC,208.70822143554688,250000.0,12
2018-02-20,MSCI-WRB,-3322.6126289367676,250000.0,12
2018-02-21,CPAY-WFC,4018.354835510254,250000.0,12
2018-02-21,MSCI-WFC,2357.8453063964844,250000.0,12
2018-02-21,MSCI-WRB,-804.9796390533447,250000.0,12
2018-02-22,MSCI-WRB,-2220.7050590515137,250000.0,12
2018-02-26,ALL-CFG,0.0,250000.0,12
2018-02-27,ALL-CFG,-2546.2376766204834,250000.0,12
2018-03-01,ALL-COF,0.0,250000.0,12
2018-03-02,ALL-COF,531.5841217041016,250000.0,12
2018-03-05,ALL-COF,2024.4493865966797,250000.0,12
2018-03-06,ALL-COF,1727.5281372070312,250000.0,12
2018-03-13,CPAY-KEY,0.0,250000.0,12
2018-03-14,CPAY-KEY,-5274.223329544067,250000.0,12
2018-03-14,CPAY-SYF,0.0,250000.0,12
2018-03-14,MSCI-NTRS,0.0,250000.0,12
2018-03-15,CPAY-KEY,-3995.7592735290527,250000.0,12
2018-03-15,MSCI-NTRS,-1530.9596939086914,250000.0,12
2018-03-16,CPAY-KEY,-6189.232647895813,250000.0,12
2018-03-16,MSCI-NTRS,1038.8300399780273,250000.0,12
2018-03-19,CPAY-KEY,-1822.8170185089111,250000.0,12
2018-03-19,MSCI-NTRS,-584.8453063964844,250000.0,12
2018-03-20,CPAY-KEY,-5643.194930076599,250000.0,12
2018-03-20,MSCI-NTRS,-4649.703407287598,250000.0,12
2018-03-21,CPAY-KEY,-5611.185316085815,250000.0,12
2018-03-21,MSCI-NTRS,-3454.375473022461,250000.0,12
2018-03-23,MSCI-RJF,0.0,250000.0,12
2018-03-26,MSCI-RJF,3056.6171112060547,250000.0,12
2018-03-27,MSCI-RJF,1459.193359375,250000.0,12
2018-03-28,MSCI-RJF,4699.886688232422,250000.0,12
2018-03-28,MSCI-SPGI,0.0,250000.0,12
2018-04-18,KLAC-MSI,0.0,250000.0,13
2018-04-19,AMAT-MSI,0.0,250000.0,13
2018-04-19,MSI-ON,0.0,250000.0,13
2018-04-20,AMAT-MSI,16.134349822998047,250000.0,13
2018-04-20,MSI-ON,-3661.4959259033203,250000.0,13
2018-04-20,CINF-MCO,0.0,250000.0,13
2018-04-20,ADSK-CIEN,0.0,250000.0,13
2018-04-23,AMAT-MSI,-1020.8748817443848,250000.0,13
2018-04-23,MSI-ON,-3642.960807800293,250000.0,13
2018-04-23,CINF-MCO,-4330.116714477539,250000.0,13
2018-04-23,ADSK-CIEN,869.287841796875,250000.0,13
2018-04-24,AMAT-MSI,-4994.616523742676,250000.0,13
2018-04-24,MSI-ON,-5033.75016784668,250000.0,13
2018-04-24,CINF-MCO,-4012.663314819336,250000.0,13
2018-04-24,MRSH-PYPL,0.0,250000.0,13
2018-04-25,AMAT-MSI,-3237.99658203125,250000.0,13
2018-04-25,MSI-ON,-6548.462371826172,250000.0,13
2018-04-25,CINF-MCO,-270.72100830078125,250000.0,13
2018-04-25,MRSH-PYPL,-4402.134483337402,250000.0,13
2018-04-25,BDX-LH,0.0,250000.0,13
2018-04-26,AMAT-MSI,-113.48855972290039,250000.0,13
2018-04-26,MSI-ON,-852.8364944458008,250000.0,13
2018-04-26,MRSH-PYPL,2147.700263977051,250000.0,13
2018-04-26,BDX-LH,2177.7581481933594,250000.0,13
2018-04-26,ETN-JCI,0.0,250000.0,13
2018-04-27,AMAT-MSI,-4105.8889236450195,250000.0,13
2018-04-27,MSI-ON,-9544.353965759277,250000.0,13
2018-04-27,MRSH-PYPL,-3285.6674194335938,250000.0,13
2018-04-27,BDX-LH,-30.266250610351562,250000.0,13
2018-04-27,ETN-JCI,12.231111526489258,250000.0,13
2018-04-30,AMAT-MSI,-2573.528133392334,250000.0,13
2018-04-30,MRSH-PYPL,1846.3670806884766,250000.0,13
2018-04-30,BDX-LH,4127.381134033203,250000.0,13
2018-04-30,ETN-JCI,-93.08513450622559,250000.0,13
2018-05-01,AMAT-MSI,4193.942409515381,250000.0,13
2018-05-01,MRSH-PYPL,2548.4026947021484,250000.0,13
2018-05-01,BDX-LH,4937.703201293945,250000.0,13
2018-05-02,AMAT-MSI,4972.637710571289,250000.0,13
2018-05-02,MRSH-PYPL,-1324.368148803711,250000.0,13
2018-05-02,BDX-LH,2940.7503509521484,250000.0,13
2018-05-03,AMAT-MSI,5377.2872886657715,250000.0,13
2018-05-03,MRSH-PYPL,1304.6921157836914,250000.0,13
2018-05-03,BDX-LH,3161.0257568359375,250000.0,13
2018-05-04,MRSH-PYPL,1119.4654159545898,250000.0,13
2018-05-04,BDX-LH,-581.0729522705078,250000.0,13
2018-05-07,MRSH-PYPL,2958.6327056884766,250000.0,13
2018-05-07,BDX-LH,-23.923202514648438,250000.0,13
2018-05-08,BDX-LH,-496.47662353515625,250000.0,13
2018-05-08,CVX-FANG,0.0,250000.0,13
2018-05-09,BDX-LH,-2080.4898834228516,250000.0,13
2018-05-09,CVX-FANG,-1933.3261108398438,250000.0,13
2018-05-09,EW-STE,0.0,250000.0,13
2018-05-10,EW-STE,-3058.323230743408,250000.0,13
2018-05-10,CINF-MCO,0.0,250000.0,13
2018-05-10,ADSK-CIEN,0.0,250000.0,13
2018-05-11,EW-STE,-4727.952796936035,250000.0,13
2018-05-11,CINF-MCO,-401.82070541381836,250000.0,13
2018-05-11,ADSK-CIEN,-2038.1521453857422,250000.0,13
2018-05-14,EW-STE,-2039.0803413391113,250000.0,13
2018-05-14,CINF-MCO,762.7233772277832,250000.0,13
2018-05-14,ADSK-CIEN,-3449.1515350341797,250000.0,13
2018-05-14,CVX-TPL,0.0,250000.0,13
2018-05-15,EW-STE,248.79475021362305,250000.0,13
2018-05-15,ADSK-CIEN,-6096.339569091797,250000.0,13
2018-05-15,CVX-TPL,1347.449478149414,250000.0,13
2018-05-16,EW-STE,-3914.989833831787,250000.0,13
2018-05-16,ADSK-CIEN,-4136.5711669921875,250000.0,13
2018-05-16,CRL-SYK,0.0,250000.0,13
2018-05-17,EW-STE,-5171.01526260376,250000.0,13
2018-05-17,ADSK-CIEN,-5493.330368041992,250000.0,13
2018-05-17,CRL-SYK,1941.7184143066406,250000.0,13
2018-05-18,EW-STE,-5561.862480163574,250000.0,13
2018-05-18,ADSK-CIEN,-10190.714721679688,250000.0,13
2018-05-18,CRL-SYK,575.0153198242188,250000.0,13
2018-05-21,EW-STE,-7678.496765136719,250000.0,13
2018-05-21,CRL-SYK,-128.3792724609375,250000.0,13
2018-05-21,MRK-WST,0.0,250000.0,13
2018-05-22,EW-STE,-6646.540073394775,250000.0,13
2018-05-22,CRL-SYK,1170.5896606445312,250000.0,13
2018-05-22,MRK-WST,-287.92729568481445,250000.0,13
2018-05-22,AZO-LOW,0.0,250000.0,13
2018-05-23,EW-STE,-6524.990196228027,250000.0,13
2018-05-23,CRL-SYK,-2688.1490478515625,250000.0,13
2018-05-23,MRK-WST,-196.7464485168457,250000.0,13
2018-05-24,CRL-SYK,-2909.3936157226562,250000.0,13
2018-05-24,MRK-WST,-1263.2999572753906,250000.0,13
2018-05-25,CRL-SYK,-2557.4414978027344,250000.0,13
2018-05-25,MRK-WST,-2246.602252960205,250000.0,13
2018-05-25,BDX-LH,0.0,250000.0,13
2018-05-25,ETN-IR,0.0,250000.0,13
2018-05-29,CRL-SYK,16.24041748046875,250000.0,13
2018-05-29,BDX-LH,1226.9309539794922,250000.0,13
2018-05-29,ETN-IR,2074.0838623046875,250000.0,13
2018-05-30,CRL-SYK,-1050.6505737304688,250000.0,13
2018-05-30,BDX-LH,-1375.2127075195312,250000.0,13
2018-05-31,CRL-SYK,334.0326843261719,250000.0,13
2018-05-31,BDX-LH,1253.5751342773438,250000.0,13
2018-06-01,BDX-LH,109.27182006835938,250000.0,13
2018-06-01,EW-STE,0.0,250000.0,13
2018-06-04,BDX-LH,627.6548004150391,250000.0,13
2018-06-04,EW-STE,207.2463836669922,250000.0,13
2018-06-05,BDX-LH,1339.2024536132812,250000.0,13
2018-06-05,EW-STE,2574.805187225342,250000.0,13
2018-06-06,BDX-LH,-174.68276977539062,250000.0,13
2018-06-07,BDX-LH,279.09181213378906,250000.0,13
2018-06-08,BDX-LH,-2997.6517486572266,250000.0,13
2018-06-08,MSI-ON,0.0,250000.0,13
2018-06-08,DGX-HCA,0.0,250000.0,13
2018-06-11,MSI-ON,-1441.833724975586,250000.0,13
2018-06-11,DGX-HCA,-1340.8873825073242,250000.0,13
2018-06-11,CRL-SYK,0.0,250000.0,13
2018-06-11,ETN-IR,0.0,250000.0,13
2018-06-12,MSI-ON,-2991.9165420532227,250000.0,13
2018-06-12,DGX-HCA,-378.7474670410156,250000.0,13
2018-06-12,ETN-IR,-2437.370994567871,250000.0,13
2018-06-12,EW-STE,0.0,250000.0,13
2018-06-13,MSI-ON,-1856.7919158935547,250000.0,13
2018-06-13,DGX-HCA,-1197.9127807617188,250000.0,13
2018-06-13,ETN-IR,-2267.7339267730713,250000.0,13
2018-06-13,EW-STE,-8017.652854919434,250000.0,13
2018-06-14,MSI-ON,2296.073417663574,250000.0,13
2018-06-14,DGX-HCA,-951.2886505126953,250000.0,13
2018-06-14,ETN-IR,4785.506494522095,250000.0,13
2018-06-14,EW-STE,-4272.739311218262,250000.0,13
2018-06-15,MSI-ON,-1815.692024230957,250000.0,13
2018-06-15,DGX-HCA,-499.918701171875,250000.0,13
2018-06-15,ETN-IR,1656.9752101898193,250000.0,13
2018-06-15,EW-STE,-7347.274459838867,250000.0,13
2018-06-18,MSI-ON,-6305.161247253418,250000.0,13
2018-06-18,DGX-HCA,77.59907531738281,250000.0,13
2018-06-18,ETN-IR,4208.3764362335205,250000.0,13
2018-06-18,EW-STE,-4991.731246948242,250000.0,13
2018-06-19,DGX-HCA,-1577.4653091430664,250000.0,13
2018-06-19,ETN-IR,1839.7045555114746,250000.0,13
2018-06-19,EW-STE,-7758.483924865723,250000.0,13
2018-06-20,ETN-IR,-7963.853912353516,250000.0,13
2018-06-20,EW-STE,-7794.287261962891,250000.0,13
2018-06-20,ETN-JCI,0.0,250000.0,13
2018-06-21,ETN-IR,-7694.258298873901,250000.0,13
2018-06-21,EW-STE,-4970.334907531738,250000.0,13
2018-06-21,ETN-JCI,2934.483554840088,250000.0,13
2018-06-22,ETN-IR,-497.57034492492676,250000.0,13
2018-06-22,EW-STE,-7046.199424743652,250000.0,13
2018-06-22,ETN-JCI,4028.7379455566406,250000.0,13
2018-06-25,ETN-IR,-3725.128330230713,250000.0,13
2018-06-25,EW-STE,-5213.404716491699,250000.0,13
2018-06-25,ETN-JCI,-92.07475471496582,250000.0,13
2018-06-25,ADSK-CIEN,0.0,250000.0,13
2018-06-25,MRSH-PYPL,0.0,250000.0,13
2018-06-26,ETN-IR,3195.8102989196777,250000.0,13
2018-06-26,EW-STE,-6245.867340087891,250000.0,13
2018-06-26,ETN-JCI,360.04640197753906,250000.0,13
2018-06-26,ADSK-CIEN,-2103.3114318847656,250000.0,13
2018-06-26,MRSH-PYPL,1455.2542724609375,250000.0,13
2018-06-27,ETN-IR,5590.3145751953125,250000.0,13
2018-06-27,EW-STE,206.60128784179688,250000.0,13
2018-06-27,ADSK-CIEN,-887.4985942840576,250000.0,13
2018-06-27,MRSH-PYPL,-1708.6319885253906,250000.0,13
2018-06-28,ETN-IR,8043.95876121521,250000.0,13
2018-06-28,ADSK-CIEN,-3215.7953147888184,250000.0,13
2018-06-28,MRSH-PYPL,2418.943649291992,250000.0,13
2018-06-28,AZO-LOW,0.0,250000.0,13
2018-06-29,ETN-IR,7651.179861068726,250000.0,13
2018-06-29,ADSK-CIEN,-6830.987668991089,250000.0,13
2018-06-29,MRSH-PYPL,3161.3468017578125,250000.0,13
2018-06-29,AZO-LOW,1493.911605834961,250000.0,13
2018-07-05,ALL-IBKR,0.0,250000.0,14
2018-07-06,ALL-IBKR,-1007.286003112793,250000.0,14
2018-07-09,ALL-IBKR,-2378.0816078186035,250000.0,14
2018-07-09,AME-EMR,0.0,250000.0,14
2018-07-09,ALL-JPM,0.0,250000.0,14
2018-07-10,ALL-IBKR,859.2298793792725,250000.0,14
2018-07-10,AME-EMR,24.449554443359375,250000.0,14
2018-07-10,ALL-JPM,1081.0347213745117,250000.0,14
2018-07-11,ALL-IBKR,-374.02244091033936,250000.0,14
2018-07-11,ALL-JPM,608.6835632324219,250000.0,14
2018-07-12,ALL-IBKR,-2421.6853532791138,250000.0,14
2018-07-12,ALL-JPM,-329.7808380126953,250000.0,14
2018-07-13,ALL-IBKR,-1155.3579874038696,250000.0,14
2018-07-13,ALL-JPM,678.5229644775391,250000.0,14
2018-07-16,ALL-IBKR,853.773027420044,250000.0,14
2018-07-17,ALL-IBKR,5415.370162963867,250000.0,14
2018-07-18,ALL-IBKR,1220.3289442062378,250000.0,14
2018-07-18,GWW-VRSK,0.0,250000.0,14
2018-07-19,ALL-IBKR,954.6323184967041,250000.0,14
2018-07-19,GWW-VRSK,-1070.0440216064453,250000.0,14
2018-07-19,CMI-PH,0.0,250000.0,14
2018-07-20,ALL-IBKR,913.4920310974121,250000.0,14
2018-07-20,GWW-VRSK,-9.19384765625,250000.0,14
2018-07-20,CMI-PH,1016.7366333007812,250000.0,14
2018-07-20,CTAS-VRSK,0.0,250000.0,14
2018-07-23,ALL-IBKR,5708.729070663452,250000.0,14
2018-07-23,GWW-VRSK,-325.2616882324219,250000.0,14
2018-07-23,CTAS-VRSK,-534.3399200439453,250000.0,14
2018-07-24,ALL-IBKR,1413.384183883667,250000.0,14
2018-07-24,GWW-VRSK,1290.2552947998047,250000.0,14
2018-07-24,CTAS-VRSK,-1305.2163162231445,250000.0,14
2018-07-25,GWW-VRSK,3444.4751739501953,250000.0,14
2018-07-25,CTAS-VRSK,1180.0422744750977,250000.0,14
2018-07-25,CMS-NI,0.0,250000.0,14
2018-07-25,CMI-PNR,0.0,250000.0,14
2018-07-25,AAPL-ROP,0.0,250000.0,14
2018-07-26,GWW-VRSK,2273.2697143554688,250000.0,14
2018-07-26,CTAS-VRSK,-418.37364196777344,250000.0,14
2018-07-26,CMS-NI,1596.661075592041,250000.0,14
2018-07-27,GWW-VRSK,-2287.0405883789062,250000.0,14
2018-07-27,CTAS-VRSK,-3283.75634765625,250000.0,14
2018-07-27,CMS-NI,2204.557025909424,250000.0,14
2018-07-27,EQIX-FRT,0.0,250000.0,14
2018-07-27,TDG-VRSK,0.0,250000.0,14
2018-07-30,TDG-VRSK,-3309.7237243652344,250000.0,14
2018-07-30,ED-NI,0.0,250000.0,14
2018-07-30,PRU-SCHW,0.0,250000.0,14
2018-07-30,TXT-VRSK,0.0,250000.0,14
2018-07-30,ALL-SCHW,0.0,250000.0,14
2018-07-31,TDG-VRSK,-3614.983169555664,250000.0,14
2018-07-31,PRU-SCHW,-1850.1276550292969,250000.0,14
2018-07-31,TXT-VRSK,644.3291778564453,250000.0,14
2018-07-31,ALL-SCHW,-2215.007713317871,250000.0,14
2018-08-01,PRU-SCHW,-2423.8001022338867,250000.0,14
2018-08-01,ALL-SCHW,-2250.6933975219727,250000.0,14
2018-08-02,PRU-SCHW,-5599.856475830078,250000.0,14
2018-08-02,ED-NI,0.0,250000.0,14
2018-08-02,CMI-PH,0.0,250000.0,14
2018-08-03,PRU-SCHW,-4471.777080535889,250000.0,14
2018-08-03,ED-NI,-198.2217903137207,250000.0,14
2018-08-03,CMI-PH,-255.22866821289062,250000.0,14
2018-08-06,PRU-SCHW,-4125.407390594482,250000.0,14
2018-08-06,CMI-PH,-2715.980682373047,250000.0,14
2018-08-07,PRU-SCHW,-2725.7550659179688,250000.0,14
2018-08-07,CMI-PH,-1351.0160522460938,250000.0,14
2018-08-07,AME-EMR,0.0,250000.0,14
2018-08-07,AAPL-ZBRA,0.0,250000.0,14
2018-08-08,PRU-SCHW,-5040.357925415039,250000.0,14
2018-08-08,CMI-PH,-268.98748779296875,250000.0,14
2018-08-08,AME-EMR,1394.1166229248047,250000.0,14
2018-08-08,AAPL-ZBRA,13945.622703552246,250000.0,14
2018-08-09,PRU-SCHW,-2084.738899230957,250000.0,14
2018-08-09,CMI-PH,2210.0372619628906,250000.0,14
2018-08-09,AME-EMR,273.73705291748047,250000.0,14
2018-08-09,AAPL-ZBRA,8102.531959533691,250000.0,14
2018-08-10,PRU-SCHW,-419.74763107299805,250000.0,14
2018-08-10,AME-EMR,-752.3102874755859,250000.0,14
2018-08-10,AAPL-ZBRA,8742.017097473145,250000.0,14
2018-08-13,PRU-SCHW,-2475.1739501953125,250000.0,14
2018-08-13,AME-EMR,151.59397888183594,250000.0,14
2018-08-13,AAPL-ZBRA,8544.395324707031,250000.0,14
2018-08-14,AME-EMR,-2152.6789474487305,250000.0,14
2018-08-14,AAPL-ZBRA,5994.535697937012,250000.0,14
2018-08-15,AME-EMR,-1410.099494934082,250000.0,14
2018-08-15,AAPL-ZBRA,8605.242462158203,250000.0,14
2018-08-16,AME-EMR,-3050.5022506713867,250000.0,14
2018-08-16,AAPL-ZBRA,11350.608055114746,250000.0,14
2018-08-17,AME-EMR,-4847.952331542969,250000.0,14
2018-08-17,AAPL-ZBRA,11445.166648864746,250000.0,14
2018-08-17,BAX-GILD,0.0,250000.0,14
2018-08-20,AAPL-ZBRA,6918.995475769043,250000.0,14
2018-08-20,BAX-GILD,-2070.589572906494,250000.0,14
2018-08-21,AAPL-ZBRA,1921.205795288086,250000.0,14
2018-08-21,BAX-GILD,1748.3424682617188,250000.0,14
2018-08-21,TXT-VRSK,0.0,250000.0,14
2018-08-22,AAPL-ZBRA,1417.3657608032227,250000.0,14
2018-08-22,BAX-GILD,2991.289924621582,250000.0,14
2018-08-22,TXT-VRSK,1150.172996520996,250000.0,14
2018-08-23,AAPL-ZBRA,2002.4293212890625,250000.0,14
2018-08-23,BAX-GILD,1496.443515777588,250000.0,14
2018-08-23,TXT-VRSK,1084.6733703613281,250000.0,14
2018-08-24,AAPL-ZBRA,2563.6453399658203,250000.0,14
2018-08-24,BAX-GILD,2004.941318511963,250000.0,14
2018-08-24,TXT-VRSK,1611.0891647338867,250000.0,14
2018-08-24,CMI-PH,0.0,250000.0,14
2018-08-27,AAPL-ZBRA,1916.103286743164,250000.0,14
2018-08-27,BAX-GILD,5628.270183563232,250000.0,14
2018-08-27,TXT-VRSK,717.9285583496094,250000.0,14
2018-08-28,AAPL-ZBRA,3131.3148193359375,250000.0,14
2018-08-28,BAX-GILD,5929.944412231445,250000.0,14
2018-08-28,TXT-VRSK,664.5153732299805,250000.0,14
2018-08-29,AAPL-ZBRA,3809.393096923828,250000.0,14
2018-08-29,TXT-VRSK,1868.6039581298828,250000.0,14
2018-08-30,AAPL-ZBRA,5922.559501647949,250000.0,14
2018-08-30,TXT-VRSK,2188.3740158081055,250000.0,14
2018-08-30,TDG-VRSK,0.0,250000.0,14
2018-08-31,AAPL-ZBRA,5358.308441162109,250000.0,14
2018-08-31,TDG-VRSK,-116.61908721923828,250000.0,14
2018-09-04,AAPL-ZBRA,8476.344268798828,250000.0,14
2018-09-04,TDG-VRSK,-2141.326103210449,250000.0,14
2018-09-04,BAX-GILD,0.0,250000.0,14
2018-09-05,AAPL-ZBRA,11746.85799407959,250000.0,14
2018-09-05,TDG-VRSK,-1193.589225769043,250000.0,14
2018-09-05,BAX-GILD,3581.062286376953,250000.0,14
2018-09-06,AAPL-ZBRA,9718.05754852295,250000.0,14
2018-09-06,TDG-VRSK,-592.3981857299805,250000.0,14
2018-09-06,BAX-GILD,-3703.808563232422,250000.0,14
2018-09-06,AME-EMR,0.0,250000.0,14
2018-09-07,AAPL-ZBRA,7338.266098022461,250000.0,14
2018-09-07,TDG-VRSK,-2066.9996032714844,250000.0,14
2018-09-07,BAX-GILD,-6194.123062133789,250000.0,14
2018-09-07,AME-EMR,-624.9483642578125,250000.0,14
2018-09-10,AAPL-ZBRA,2185.4601974487305,250000.0,14
2018-09-10,TDG-VRSK,-766.6618957519531,250000.0,14
2018-09-10,BAX-GILD,-6374.1871337890625,250000.0,14
2018-09-10,AME-EMR,-3904.510814666748,250000.0,14
2018-09-11,AAPL-ZBRA,3428.394241333008,250000.0,14
2018-09-11,TDG-VRSK,435.7316207885742,250000.0,14
2018-09-11,AME-EMR,-4482.378791809082,250000.0,14
2018-09-11,CMI-PNR,0.0,250000.0,14
2018-09-12,TDG-VRSK,-2077.0736389160156,250000.0,14
2018-09-12,AME-EMR,-2503.8606491088867,250000.0,14
2018-09-12,CMI-PNR,1569.7962188720703,250000.0,14
2018-09-12,CTAS-VRSK,0.0,250000.0,14
2018-09-12,CMI-PH,0.0,250000.0,14
2018-09-13,TDG-VRSK,-2791.59676361084,250000.0,14
2018-09-13,AME-EMR,-4513.475715637207,250000.0,14
2018-09-13,CTAS-VRSK,-1898.0096435546875,250000.0,14
2018-09-13,CMI-PH,-1396.3911590576172,250000.0,14
2018-09-14,AME-EMR,-5729.961112976074,250000.0,14
2018-09-14,CTAS-VRSK,978.8764915466309,250000.0,14
2018-09-14,CMI-PH,-2702.0072021484375,250000.0,14
2018-09-14,CMS-NI,0.0,250000.0,14
2018-09-14,ED-NI,0.0,250000.0,14
2018-09-14,EIX-NI,0.0,250000.0,14
2018-09-14,EQIX-FRT,0.0,250000.0,14
2018-09-17,AME-EMR,-4824.693153381348,250000.0,14
2018-09-17,CTAS-VRSK,1605.1997337341309,250000.0,14
2018-09-17,CMI-PH,-280.9226837158203,250000.0,14
2018-09-17,CMS-NI,9879.535228729248,250000.0,14
2018-09-17,ED-NI,9210.106113433838,250000.0,14
2018-09-17,EIX-NI,9141.798290252686,250000.0,14
2018-09-17,EQIX-FRT,2176.532196044922,250000.0,14
2018-09-18,AME-EMR,-5401.923156738281,250000.0,14
2018-09-18,CTAS-VRSK,123.69359588623047,250000.0,14
2018-09-18,CMI-PH,146.94862365722656,250000.0,14
2018-09-18,CMS-NI,11995.619384765625,250000.0,14
2018-09-18,ED-NI,12336.850967407227,250000.0,14
2018-09-18,EIX-NI,11462.538940429688,250000.0,14
2018-09-18,EQIX-FRT,1906.3010559082031,250000.0,14
2018-09-19,CTAS-VRSK,1756.0836067199707,250000.0,14
2018-09-19,CMS-NI,14620.627258300781,250000.0,14
2018-09-19,EIX-NI,10936.622436523438,250000.0,14
2018-09-19,EQIX-FRT,-1197.1604614257812,250000.0,14
2018-09-20,CTAS-VRSK,492.17390060424805,250000.0,14
2018-09-20,CMS-NI,10793.705093383789,250000.0,14
2018-09-20,EIX-NI,6157.483901977539,250000.0,14
2018-09-20,EQIX-FRT,-159.27445220947266,250000.0,14
2018-09-21,CMS-NI,12919.445762634277,250000.0,14
2018-09-21,EIX-NI,7562.664024353027,250000.0,14
2018-09-21,EQIX-FRT,1130.620231628418,250000.0,14
2018-09-24,CMS-NI,12299.85013961792,250000.0,14
2018-09-24,EIX-NI,7302.37854385376,250000.0,14
2018-09-24,EQIX-FRT,71.1709976196289,250000.0,14
2018-09-25,CMS-NI,11119.264316558838,250000.0,14
2018-09-25,EIX-NI,5596.482540130615,250000.0,14
2018-09-25,EQIX-FRT,2364.1339721679688,250000.0,14
2018-09-26,CMS-NI,10844.719055175781,250000.0,14
2018-09-26,EIX-NI,2808.469711303711,250000.0,14
2018-09-26,EQIX-FRT,1318.1857223510742,250000.0,14
2018-09-26,CTAS-VRSK,0.0,250000.0,14
2018-09-27,CMS-NI,10210.316299438477,250000.0,14
2018-09-27,EIX-NI,3478.0345611572266,250000.0,14
2018-09-27,EQIX-FRT,-1517.5158157348633,250000.0,14
2018-09-27,CTAS-VRSK,-3417.954132080078,250000.0,14
2018-09-28,CMS-NI,8218.295162200928,250000.0,14
2018-09-28,EIX-NI,1417.281826019287,250000.0,14
2018-09-28,EQIX-FRT,1814.0538711547852,250000.0,14
2018-09-28,CTAS-VRSK,-2704.9728240966797,250000.0,14
2018-10-02,CSCO-MSI,0.0,250000.0,15
2018-10-03,CSCO-MSI,-664.459716796875,250000.0,15
2018-10-03,CLX-MKC,0.0,250000.0,15
2018-10-04,CSCO-MSI,-651.7679443359375,250000.0,15
2018-10-04,CLX-MKC,-4324.369609832764,250000.0,15
2018-10-04,CTSH-SMCI,0.0,250000.0,15
2018-10-05,CSCO-MSI,-360.24513244628906,250000.0,15
2018-10-05,CLX-MKC,207.88014221191406,250000.0,15
2018-10-05,CTSH-SMCI,2159.2527599334717,250000.0,15
2018-10-08,CSCO-MSI,-2084.4034423828125,250000.0,15
2018-10-08,CLX-MKC,166.82159805297852,250000.0,15
2018-10-08,CTSH-SMCI,56359.66457986832,250000.0,15
2018-10-08,CDW-QCOM,0.0,250000.0,15
2018-10-09,CSCO-MSI,-94.6834716796875,250000.0,15
2018-10-09,CLX-MKC,1416.2045440673828,250000.0,15
2018-10-09,CTSH-SMCI,11887.23014831543,250000.0,15
2018-10-09,CDW-QCOM,9106.18334197998,250000.0,15
2018-10-10,CSCO-MSI,-223.41119384765625,250000.0,15
2018-10-10,CLX-MKC,-853.2762641906738,250000.0,15
2018-10-10,CTSH-SMCI,36052.137926101685,250000.0,15
2018-10-10,CDW-QCOM,-6151.2376708984375,250000.0,15
2018-10-10,PH-ROK,0.0,250000.0,15
2018-10-10,PTC-TRMB,0.0,250000.0,15
2018-10-10,AIG-AMP,0.0,250000.0,15
2018-10-11,CSCO-MSI,303.76373291015625,250000.0,15
2018-10-11,CLX-MKC,-5918.270896911621,250000.0,15
2018-10-11,CTSH-SMCI,48930.18160867691,250000.0,15
2018-10-11,CDW-QCOM,-6107.716026306152,250000.0,15
2018-10-11,PH-ROK,-843.9643249511719,250000.0,15
2018-10-11,PTC-TRMB,5373.654487609863,250000.0,15
2018-10-11,AIG-AMP,-4955.42813873291,250000.0,15
2018-10-11,AIG-MET,0.0,250000.0,15
2018-10-12,CSCO-MSI,-1404.266098022461,250000.0,15
2018-10-12,CLX-MKC,-3123.358386993408,250000.0,15
2018-10-12,CTSH-SMCI,37177.03802919388,250000.0,15
2018-10-12,CDW-QCOM,11354.505409240723,250000.0,15
2018-10-12,PH-ROK,478.142822265625,250000.0,15
2018-10-12,AIG-AMP,-2737.1551475524902,250000.0,15
2018-10-12,AIG-MET,905.7812652587891,250000.0,15
2018-10-15,CSCO-MSI,2224.002914428711,250000.0,15
2018-10-15,CLX-MKC,-2545.88826751709,250000.0,15
2018-10-15,CDW-QCOM,7149.944511413574,250000.0,15
2018-10-15,PH-ROK,-910.9483642578125,250000.0,15
2018-10-15,AIG-AMP,154.42443466186523,250000.0,15
2018-10-15,AIG-MET,1547.606803894043,250000.0,15
2018-10-16,CLX-MKC,-3863.4127502441406,250000.0,15
2018-10-16,AIG-AMP,1337.6456871032715,250000.0,15
2018-10-16,AIG-MET,1662.7661819458008,250000.0,15
2018-10-17,CLX-MKC,-3704.04345703125,250000.0,15
2018-10-17,AIG-AMP,2389.8166160583496,250000.0,15
2018-10-17,AIG-MET,5852.592926025391,250000.0,15
2018-10-18,AIG-AMP,-1065.8392295837402,250000.0,15
2018-10-18,AIG-MET,1292.375473022461,250000.0,15
2018-10-19,AIG-MET,4477.148300170898,250000.0,15
2018-10-22,AIG-MET,2170.05020904541,250000.0,15
2018-10-23,AIG-MET,1179.9302139282227,250000.0,15
2018-10-23,EMR-LUV,0.0,250000.0,15
2018-10-24,AIG-MET,-9293.156967163086,250000.0,15
2018-10-24,EMR-LUV,-2794.97225189209,250000.0,15
2018-10-25,AIG-MET,-6470.507480621338,250000.0,15
2018-10-26,PH-ROK,0.0,250000.0,15
2018-10-29,PH-ROK,3713.8076782226562,250000.0,15
2018-10-30,PH-ROK,-51.347900390625,250000.0,15
2018-10-31,PH-ROK,2789.29541015625,250000.0,15
2018-10-31,CDW-QCOM,0.0,250000.0,15
2018-11-01,PH-ROK,-480.15045166015625,250000.0,15
2018-11-01,CDW-QCOM,7185.48091506958,250000.0,15
2018-11-01,ALL-TRV,0.0,250000.0,15
2018-11-02,PH-ROK,3907.426025390625,250000.0,15
2018-11-02,CDW-QCOM,11665.934452056885,250000.0,15
2018-11-02,ALL-TRV,-206.11192321777344,250000.0,15
2018-11-02,CSCO-MSI,0.0,250000.0,15
2018-11-05,CDW-QCOM,13883.584350585938,250000.0,15
2018-11-05,ALL-TRV,-1850.3219833374023,250000.0,15
2018-11-06,CDW-QCOM,12958.888595581055,250000.0,15
2018-11-06,ALL-TRV,-4756.3204345703125,250000.0,15
2018-11-07,CDW-QCOM,315.3404731750488,250000.0,15
2018-11-07,ALL-TRV,-5254.405548095703,250000.0,15
2018-11-08,CDW-QCOM,-27894.849643707275,250000.0,15
2018-11-08,ALL-TRV,-4410.259376525879,250000.0,15
2018-11-08,PH-ROK,0.0,250000.0,15
2018-11-09,CDW-QCOM,-29908.832347869873,250000.0,15
2018-11-09,ALL-TRV,-4451.665237426758,250000.0,15
2018-11-09,PH-ROK,-472.1349334716797,250000.0,15
2018-11-12,CDW-QCOM,-29257.27772140503,250000.0,15
2018-11-12,ALL-TRV,-625.8512573242188,250000.0,15
2018-11-12,PH-ROK,-2821.642318725586,250000.0,15
2018-11-13,ALL-TRV,-511.7176513671875,250000.0,15
2018-11-13,PH-ROK,-748.3180389404297,250000.0,15
2018-11-14,ALL-TRV,1763.172233581543,250000.0,15
2018-11-14,PH-ROK,-2953.0947875976562,250000.0,15
2018-11-15,ALL-TRV,-2082.0485610961914,250000.0,15
2018-11-15,PH-ROK,1713.2549743652344,250000.0,15
2018-11-16,PH-ROK,-1346.4442749023438,250000.0,15
2018-11-16,AIG-MET,0.0,250000.0,15
2018-11-19,PH-ROK,-2512.6159057617188,250000.0,15
2018-11-19,AIG-MET,-2283.108444213867,250000.0,15
2018-11-20,PH-ROK,1888.39453125,250000.0,15
2018-11-20,AIG-MET,-6580.302673339844,250000.0,15
2018-11-20,ETN-PH,0.0,250000.0,15
2018-11-20,IP-NUE,0.0,250000.0,15
2018-11-20,AIG-AMP,0.0,250000.0,15
2018-11-21,PH-ROK,3164.736602783203,250000.0,15
2018-11-21,AIG-MET,-7136.236434936523,250000.0,15
2018-11-21,ETN-PH,-2282.3085708618164,250000.0,15
2018-11-21,IP-NUE,2173.9244537353516,250000.0,15
2018-11-21,AIG-AMP,328.16998291015625,250000.0,15
2018-11-23,PH-ROK,735.7534790039062,250000.0,15
2018-11-23,AIG-MET,-7353.727355957031,250000.0,15
2018-11-23,ETN-PH,-3732.0275344848633,250000.0,15
2018-11-23,IP-NUE,-1496.5352954864502,250000.0,15
2018-11-23,AIG-AMP,1857.3960189819336,250000.0,15
2018-11-26,PH-ROK,1466.117202758789,250000.0,15
2018-11-26,AIG-MET,-2569.2792205810547,250000.0,15
2018-11-26,ETN-PH,-2581.369728088379,250000.0,15
2018-11-26,IP-NUE,-3180.0199813842773,250000.0,15
2018-11-27,PH-ROK,1294.5421142578125,250000.0,15
2018-11-27,AIG-MET,-578.5159454345703,250000.0,15
2018-11-27,ETN-PH,-6379.96231842041,250000.0,15
2018-11-27,IP-NUE,-7532.295921325684,250000.0,15
2018-11-28,PH-ROK,2745.4161071777344,250000.0,15
2018-11-28,AIG-MET,3995.6087646484375,250000.0,15
2018-11-28,ETN-PH,-3075.7575912475586,250000.0,15
2018-11-28,IP-NUE,-621.219690322876,250000.0,15
2018-11-29,PH-ROK,1475.9830627441406,250000.0,15
2018-11-29,AIG-MET,1564.8372955322266,250000.0,15
2018-11-29,ETN-PH,-1400.4538650512695,250000.0,15
2018-11-29,IP-NUE,-830.7925453186035,250000.0,15
2018-11-30,PH-ROK,1847.5265808105469,250000.0,15
2018-11-30,AIG-MET,3264.200485229492,250000.0,15
2018-11-30,ETN-PH,558.8004531860352,250000.0,15
2018-11-30,IP-NUE,55.16178321838379,250000.0,15
2018-12-03,PH-ROK,3887.0277099609375,250000.0,15
2018-12-03,AIG-MET,4468.006942749023,250000.0,15
2018-12-03,ETN-PH,2091.7028884887695,250000.0,15
2018-12-03,IP-NUE,1054.7475395202637,250000.0,15
2018-12-04,PH-ROK,3623.416534423828,250000.0,15
2018-12-04,ETN-PH,-2001.9003829956055,250000.0,15
2018-12-04,IP-NUE,-2560.113733291626,250000.0,15
2018-12-06,PH-ROK,883.8328857421875,250000.0,15
2018-12-06,EMR-LUV,0.0,250000.0,15
2018-12-06,HUM-RMD,0.0,250000.0,15
2018-12-07,EMR-LUV,6219.171627044678,250000.0,15
2018-12-07,HUM-RMD,-2461.3223419189453,250000.0,15
2018-12-10,EMR-LUV,5232.219989776611,250000.0,15
2018-12-10,HUM-RMD,-7943.542129516602,250000.0,15
2018-12-11,EMR-LUV,4153.171691894531,250000.0,15
2018-12-11,HUM-RMD,-11195.747917175293,250000.0,15
2018-12-12,EMR-LUV,-1046.1916465759277,250000.0,15
2018-12-12,HUM-RMD,-10568.508590698242,250000.0,15
2018-12-13,EMR-LUV,-195.93112564086914,250000.0,15
2018-12-13,HUM-RMD,-9459.950180053711,250000.0,15
2018-12-14,EMR-LUV,-489.42756271362305,250000.0,15
2018-12-17,EMR-LUV,-5880.543102264404,250000.0,15
2018-12-18,EMR-LUV,-8017.439002990723,250000.0,15
2018-12-19,EMR-LUV,-8269.592067718506,250000.0,15
2018-12-19,AIG-AMP,0.0,250000.0,15
2018-12-20,EMR-LUV,-5226.579105377197,250000.0,15
2018-12-20,AIG-AMP,2385.55330657959,250000.0,15
2018-12-20,CSCO-MSI,0.0,250000.0,15
2018-12-21,EMR-LUV,852.1049766540527,250000.0,15
2018-12-21,AIG-AMP,-4128.256271362305,250000.0,15
2018-12-21,CSCO-MSI,-5516.576221466064,250000.0,15
2018-12-21,PH-ROK,0.0,250000.0,15
2018-12-24,EMR-LUV,1136.0485954284668,250000.0,15
2018-12-24,AIG-AMP,-10305.746131896973,250000.0,15
2018-12-24,CSCO-MSI,-5009.741161346436,250000.0,15
2018-12-24,PH-ROK,1361.0698776245117,250000.0,15
2018-12-26,EMR-LUV,5313.050102233887,250000.0,15
2018-12-26,AIG-AMP,-3432.9490509033203,250000.0,15
2018-12-26,PH-ROK,2760.9225006103516,250000.0,15
2018-12-27,AIG-AMP,-3252.3532104492188,250000.0,15
2018-12-27,PH-ROK,2223.967041015625,250000.0,15
2018-12-28,AIG-AMP,-2491.8767623901367,250000.0,15
2018-12-28,PH-ROK,3230.705123901367,250000.0,15
2018-12-31,AIG-AMP,-2899.0455780029297,250000.0,15
2019-01-03,FSLR-TXN,0.0,250000.0,16
2019-01-04,FSLR-TXN,-2176.872646331787,250000.0,16
2019-01-04,FTNT-SNPS,0.0,250000.0,16
2019-01-07,FSLR-TXN,4803.388553619385,250000.0,16
2019-01-07,FTNT-SNPS,1587.3425903320312,250000.0,16
2019-01-08,FSLR-TXN,2406.323341369629,250000.0,16
2019-01-08,FTNT-SNPS,3847.238136291504,250000.0,16
2019-01-08,MSFT-VRSN,0.0,250000.0,16
2019-01-08,CDNS-VRSN,0.0,250000.0,16
2019-01-09,FSLR-TXN,4219.625415802002,250000.0,16
2019-01-09,FTNT-SNPS,4714.941581726074,250000.0,16
2019-01-09,MSFT-VRSN,4839.570732116699,250000.0,16
2019-01-09,CDNS-VRSN,2693.6382446289062,250000.0,16
2019-01-09,KHC-STZ,0.0,250000.0,16
2019-01-10,FSLR-TXN,4730.28532409668,250000.0,16
2019-01-10,FTNT-SNPS,2444.4080200195312,250000.0,16
2019-01-10,MSFT-VRSN,185.90213775634766,250000.0,16
2019-01-10,CDNS-VRSN,1025.2357482910156,250000.0,16
2019-01-10,KHC-STZ,12175.06672668457,250000.0,16
2019-01-11,FSLR-TXN,8300.165798187256,250000.0,16
2019-01-11,FTNT-SNPS,2906.596778869629,250000.0,16
2019-01-11,MSFT-VRSN,-1608.9816284179688,250000.0,16
2019-01-11,CDNS-VRSN,1227.1078033447266,250000.0,16
2019-01-11,KHC-STZ,10925.645782470703,250000.0,16
2019-01-14,FSLR-TXN,5549.353614807129,250000.0,16
2019-01-14,FTNT-SNPS,1536.2602157592773,250000.0,16
2019-01-14,MSFT-VRSN,-1556.2210388183594,250000.0,16
2019-01-14,CDNS-VRSN,2454.1092987060547,250000.0,16
2019-01-14,KHC-STZ,9970.261184692383,250000.0,16
2019-01-15,FTNT-SNPS,3691.1192321777344,250000.0,16
2019-01-15,MSFT-VRSN,-1413.394645690918,250000.0,16
2019-01-15,CDNS-VRSN,194.01829528808594,250000.0,16
2019-01-15,KHC-STZ,5622.012405395508,250000.0,16
2019-01-16,FTNT-SNPS,-2872.0434036254883,250000.0,16
2019-01-16,MSFT-VRSN,-2588.353225708008,250000.0,16
2019-01-16,CDNS-VRSN,-1322.2054595947266,250000.0,16
2019-01-16,KHC-STZ,4949.195297241211,250000.0,16
2019-01-17,FTNT-SNPS,-2743.1722869873047,250000.0,16
2019-01-17,MSFT-VRSN,-4030.204444885254,250000.0,16
2019-01-17,CDNS-VRSN,-2828.4928436279297,250000.0,16
2019-01-17,KHC-STZ,4361.312942504883,250000.0,16
2019-01-18,MSFT-VRSN,-2626.2208938598633,250000.0,16
2019-01-18,CDNS-VRSN,-1253.8175506591797,250000.0,16
2019-01-18,KHC-STZ,8043.129318237305,250000.0,16
2019-01-18,FTNT-GLW,0.0,250000.0,16
2019-01-18,EMR-JBHT,0.0,250000.0,16
2019-01-18,FSLR-KLAC,0.0,250000.0,16
2019-01-22,MSFT-VRSN,-4310.879165649414,250000.0,16
2019-01-22,CDNS-VRSN,-2125.5008850097656,250000.0,16
2019-01-22,KHC-STZ,10443.477310180664,250000.0,16
2019-01-22,EMR-JBHT,2905.542984008789,250000.0,16
2019-01-22,FSLR-KLAC,598.7389822006226,250000.0,16
2019-01-23,KHC-STZ,13134.518508911133,250000.0,16
2019-01-23,EMR-JBHT,5095.979827880859,250000.0,16
2019-01-24,KHC-STZ,14805.566757202148,250000.0,16
2019-01-24,EMR-JBHT,5587.3078536987305,250000.0,16
2019-01-25,EMR-JBHT,5107.440010070801,250000.0,16
2019-01-28,EMR-JBHT,-897.6079559326172,250000.0,16
2019-01-28,MSFT-VRSN,0.0,250000.0,16
2019-01-29,EMR-JBHT,985.3441314697266,250000.0,16
2019-01-29,MSFT-VRSN,-412.68345642089844,250000.0,16
2019-01-29,AJG-WTW,0.0,250000.0,16
2019-01-29,FTNT-GLW,0.0,250000.0,16
2019-01-29,LHX-URI,0.0,250000.0,16
2019-01-30,EMR-JBHT,5560.643348693848,250000.0,16
2019-01-30,MSFT-VRSN,-1293.422119140625,250000.0,16
2019-01-30,AJG-WTW,361.4569091796875,250000.0,16
2019-01-30,FTNT-GLW,5198.309633255005,250000.0,16
2019-01-30,LHX-URI,8060.5360107421875,250000.0,16
2019-01-31,EMR-JBHT,4586.289253234863,250000.0,16
2019-01-31,FTNT-GLW,9812.513583183289,250000.0,16
2019-01-31,LHX-URI,6503.763000488281,250000.0,16
2019-02-01,EMR-JBHT,7192.802787780762,250000.0,16
2019-02-01,FTNT-GLW,15512.417092323303,250000.0,16
2019-02-01,LHX-URI,7340.085205078125,250000.0,16
2019-02-01,CRL-WST,0.0,250000.0,16
2019-02-04,FTNT-GLW,14464.81336593628,250000.0,16
2019-02-04,LHX-URI,5644.537048339844,250000.0,16
2019-02-04,CRL-WST,-1583.4421997070312,250000.0,16
2019-02-04,CINF-WTW,0.0,250000.0,16
2019-02-05,LHX-URI,3852.6641845703125,250000.0,16
2019-02-05,CRL-WST,-2154.905075073242,250000.0,16
2019-02-05,CINF-WTW,1270.4331665039062,250000.0,16
2019-02-06,LHX-URI,3732.2571411132812,250000.0,16
2019-02-06,CRL-WST,-2204.817596435547,250000.0,16
2019-02-06,FSLR-TXN,0.0,250000.0,16
2019-02-07,LHX-URI,-1662.2159423828125,250000.0,16
2019-02-07,CRL-WST,-3056.953826904297,250000.0,16
2019-02-07,FSLR-TXN,3531.0138244628906,250000.0,16
2019-02-07,CINF-WTW,0.0,250000.0,16
2019-02-07,ACGL-ICE,0.0,250000.0,16
2019-02-08,LHX-URI,-7214.053283691406,250000.0,16
2019-02-08,CRL-WST,-3404.943405151367,250000.0,16
2019-02-08,FSLR-TXN,2205.4288635253906,250000.0,16
2019-02-08,CINF-WTW,8924.15739440918,250000.0,16
2019-02-08,ACGL-ICE,2200.994541168213,250000.0,16
2019-02-08,FTNT-MSI,0.0,250000.0,16
2019-02-11,LHX-URI,-5128.7703857421875,250000.0,16
2019-02-11,CRL-WST,-2318.534378051758,250000.0,16
2019-02-11,FSLR-TXN,6481.6583251953125,250000.0,16
2019-02-11,ACGL-ICE,22.405733108520508,250000.0,16
2019-02-11,FTNT-MSI,2630.5267219543457,250000.0,16
2019-02-12,LHX-URI,-1265.3662719726562,250000.0,16
2019-02-12,CRL-WST,-4060.897003173828,250000.0,16
2019-02-12,FSLR-TXN,4127.161285400391,250000.0,16
2019-02-12,ACGL-ICE,519.9939918518066,250000.0,16
2019-02-12,FTNT-MSI,-2053.1162281036377,250000.0,16
2019-02-13,LHX-URI,473.50689697265625,250000.0,16
2019-02-13,FSLR-TXN,3578.9837951660156,250000.0,16
2019-02-13,ACGL-ICE,-1097.5472164154053,250000.0,16
2019-02-13,FTNT-MSI,-3287.488327026367,250000.0,16
2019-02-14,FSLR-TXN,5120.297119140625,250000.0,16
2019-02-14,ACGL-ICE,-957.8639831542969,250000.0,16
2019-02-14,FTNT-MSI,-1958.8941898345947,250000.0,16
2019-02-14,CRL-WST,0.0,250000.0,16
2019-02-15,FSLR-TXN,-1705.260513305664,250000.0,16
2019-02-15,ACGL-ICE,-3602.835931777954,250000.0,16
2019-02-15,FTNT-MSI,-4669.81005859375,250000.0,16
2019-02-15,CRL-WST,1267.7138671875,250000.0,16
2019-02-19,FSLR-TXN,7454.26806640625,250000.0,16
2019-02-19,FTNT-MSI,-4657.015256881714,250000.0,16
2019-02-19,CRL-WST,2466.835693359375,250000.0,16
2019-02-20,FSLR-TXN,4815.490005493164,250000.0,16
2019-02-20,FTNT-MSI,-5249.831489562988,250000.0,16
2019-02-20,CRL-WST,2784.0378341674805,250000.0,16
2019-02-20,KHC-STZ,0.0,250000.0,16
2019-02-20,CDNS-VRSN,0.0,250000.0,16
2019-02-20,GRMN-MGM,0.0,250000.0,16
2019-02-21,FTNT-MSI,-3334.897232055664,250000.0,16
2019-02-21,CRL-WST,4396.040664672852,250000.0,16
2019-02-21,KHC-STZ,-1442.131980895996,250000.0,16
2019-02-21,CDNS-VRSN,-1214.1180725097656,250000.0,16
2019-02-21,GRMN-MGM,-1673.7640762329102,250000.0,16
2019-02-21,FTNT-SNPS,0.0,250000.0,16
2019-02-22,FTNT-MSI,-4784.951133728027,250000.0,16
2019-02-22,CRL-WST,3084.926742553711,250000.0,16
2019-02-22,CDNS-VRSN,-1505.7863159179688,250000.0,16
2019-02-22,GRMN-MGM,-9580.57219696045,250000.0,16
2019-02-22,FTNT-SNPS,-1991.277458190918,250000.0,16
2019-02-22,EMR-JBHT,0.0,250000.0,16
2019-02-25,CRL-WST,4460.057312011719,250000.0,16
2019-02-25,CDNS-VRSN,-5059.367568969727,250000.0,16
2019-02-25,GRMN-MGM,-11405.400596618652,250000.0,16
2019-02-25,FTNT-SNPS,-1011.8659744262695,250000.0,16
2019-02-25,EMR-JBHT,-4643.8940353393555,250000.0,16
2019-02-26,CRL-WST,6034.9238204956055,250000.0,16
2019-02-26,CDNS-VRSN,-5102.553497314453,250000.0,16
2019-02-26,GRMN-MGM,-11941.032249450684,250000.0,16
2019-02-26,FTNT-SNPS,-1659.6506633758545,250000.0,16
2019-02-26,EMR-JBHT,-1803.5994338989258,250000.0,16
2019-02-27,CRL-WST,4353.141273498535,250000.0,16
2019-02-27,CDNS-VRSN,-5969.484603881836,250000.0,16
2019-02-27,GRMN-MGM,-18335.747817993164,250000.0,16
2019-02-27,FTNT-SNPS,-3126.1088104248047,250000.0,16
2019-02-27,EMR-JBHT,-4775.292350769043,250000.0,16
2019-02-28,CRL-WST,6909.24235534668,250000.0,16
2019-02-28,CDNS-VRSN,-5043.439178466797,250000.0,16
2019-02-28,GRMN-MGM,-21168.90827178955,250000.0,16
2019-02-28,FTNT-SNPS,-3518.344223022461,250000.0,16
2019-02-28,EMR-JBHT,-1890.8275909423828,250000.0,16
2019-03-01,CRL-WST,8309.665138244629,250000.0,16
2019-03-01,CDNS-VRSN,-4785.697723388672,250000.0,16
2019-03-01,GRMN-MGM,-21780.52505493164,250000.0,16
2019-03-01,FTNT-SNPS,-44.851890563964844,250000.0,16
2019-03-01,EMR-JBHT,-3801.4757690429688,250000.0,16
2019-03-04,CRL-WST,8312.925247192383,250000.0,16
2019-03-04,GRMN-MGM,-23176.320671081543,250000.0,16
2019-03-04,EMR-JBHT,-5193.373764038086,250000.0,16
2019-03-04,AJG-WTW,0.0,250000.0,16
2019-03-04,CINF-WTW,0.0,250000.0,16
2019-03-05,CRL-WST,7744.116737365723,250000.0,16
2019-03-05,FISV-WTW,0.0,250000.0,16
2019-03-06,CRL-WST,6012.950836181641,250000.0,16
2019-03-06,FTNT-MSI,0.0,250000.0,16
2019-03-07,CRL-WST,5187.346527099609,250000.0,16
2019-03-07,FTNT-MSI,-572.2293701171875,250000.0,16
2019-03-07,ADM-KR,0.0,250000.0,16
2019-03-08,CRL-WST,3521.7136001586914,250000.0,16
2019-03-08,ADM-KR,-10358.69320678711,250000.0,16
2019-03-11,CRL-WST,4609.602508544922,250000.0,16
2019-03-11,ADM-KR,-11237.2219581604,250000.0,16
2019-03-12,CRL-WST,5426.7802658081055,250000.0,16
2019-03-12,ADM-KR,-13307.221649169922,250000.0,16
2019-03-13,CRL-WST,8825.254768371582,250000.0,16
2019-03-13,ADM-KR,-11974.532615661621,250000.0,16
2019-03-14,ADM-KR,-12025.516292572021,250000.0,16
2019-03-15,ADM-KR,-15309.339824676514,250000.0,16
2019-03-18,ADM-KR,-11300.749851226807,250000.0,16
2019-03-19,ADM-KR,-15079.105648040771,250000.0,16
2019-03-19,KHC-STZ,0.0,250000.0,16
2019-03-19,EMR-JBHT,0.0,250000.0,16
2019-03-20,ADM-KR,-16213.30253982544,250000.0,16
2019-03-20,KHC-STZ,-3866.1842041015625,250000.0,16
2019-03-20,EMR-JBHT,-1532.601505279541,250000.0,16
2019-03-20,AJG-WTW,0.0,250000.0,16
2019-03-21,ADM-KR,-14776.702091217041,250000.0,16
2019-03-21,KHC-STZ,1890.7479972839355,250000.0,16
2019-03-21,EMR-JBHT,-3984.5550498962402,250000.0,16
2019-03-21,AJG-WTW,1235.355697631836,250000.0,16
2019-03-22,EMR-JBHT,-1993.243751525879,250000.0,16
2019-03-22,AJG-WTW,741.3818817138672,250000.0,16
2019-03-25,EMR-JBHT,-3048.073055267334,250000.0,16
2019-03-25,AJG-WTW,-1999.1827850341797,250000.0,16
2019-03-26,EMR-JBHT,-2070.710796356201,250000.0,16
2019-03-26,AJG-WTW,-4204.216323852539,250000.0,16
2019-03-27,EMR-JBHT,888.3548393249512,250000.0,16
2019-03-27,FTNT-SNPS,0.0,250000.0,16
2019-03-28,EMR-JBHT,4152.820114135742,250000.0,16
2019-03-28,FTNT-SNPS,-1555.027976989746,250000.0,16
2019-03-29,EMR-JBHT,1792.5894584655762,250000.0,16
2019-03-29,FTNT-SNPS,857.8860626220703,250000.0,16
2019-03-29,CRL-WST,0.0,250000.0,16
2019-04-04,EL-TGT,0.0,250000.0,17
2019-04-05,EL-TGT,1734.25341796875,250000.0,17
2019-04-08,EL-TGT,-131.85345458984375,250000.0,17
2019-04-12,CMI-IR,0.0,250000.0,17
2019-04-15,CMI-IR,-1474.8046379089355,250000.0,17
2019-04-16,CMI-IR,-5588.3938274383545,250000.0,17
2019-04-16,STX-VRSN,0.0,250000.0,17
2019-04-17,STX-VRSN,-1932.1746139526367,250000.0,17
2019-04-18,STX-VRSN,-2295.4686737060547,250000.0,17
2019-04-22,CLX-GIS,0.0,250000.0,17
2019-04-22,AEE-NI,0.0,250000.0,17
2019-04-23,AEE-NI,-1852.2241554260254,250000.0,17
2019-04-23,TECH-ZTS,0.0,250000.0,17
2019-04-24,TECH-ZTS,1489.9133605957031,250000.0,17
2019-04-24,CLX-GIS,0.0,250000.0,17
2019-04-25,TECH-ZTS,-69.95564270019531,250000.0,17
2019-04-25,CLX-GIS,-4227.716892242432,250000.0,17
2019-04-25,CLX-HSY,0.0,250000.0,17
2019-04-25,ITW-LDOS,0.0,250000.0,17
2019-04-26,TECH-ZTS,-1382.8834075927734,250000.0,17
2019-04-26,CLX-GIS,-5497.296897888184,250000.0,17
2019-04-26,CLX-HSY,-2569.4511184692383,250000.0,17
2019-04-26,ITW-LDOS,3339.143268585205,250000.0,17
2019-04-26,EL-TGT,0.0,250000.0,17
2019-04-26,CLX-COST,0.0,250000.0,17
2019-04-26,CSCO-ORCL,0.0,250000.0,17
2019-04-26,STX-VRSN,0.0,250000.0,17
2019-04-26,KLAC-VRSN,0.0,250000.0,17
2019-04-26,ORCL-VRSN,0.0,250000.0,17
2019-04-29,CLX-GIS,-3580.656692504883,250000.0,17
2019-04-29,CLX-HSY,-2248.470748901367,250000.0,17
2019-04-29,ITW-LDOS,4485.853572845459,250000.0,17
2019-04-29,EL-TGT,2241.825695037842,250000.0,17
2019-04-29,CLX-COST,3180.6375274658203,250000.0,17
2019-04-29,CSCO-ORCL,2170.440498352051,250000.0,17
2019-04-29,STX-VRSN,2766.8955688476562,250000.0,17
2019-04-29,KLAC-VRSN,3316.6829509735107,250000.0,17
2019-04-29,ORCL-VRSN,1076.0731658935547,250000.0,17
2019-04-29,GOOG-GOOGL,0.0,250000.0,17
2019-04-29,CMI-IR,0.0,250000.0,17
2019-04-30,CLX-GIS,-8508.556995391846,250000.0,17
2019-04-30,CLX-HSY,721.5284805297852,250000.0,17
2019-04-30,EL-TGT,1619.9596138000488,250000.0,17
2019-04-30,CLX-COST,-3229.5794219970703,250000.0,17
2019-04-30,CSCO-ORCL,551.8269805908203,250000.0,17
2019-04-30,KLAC-VRSN,5148.317041397095,250000.0,17
2019-04-30,ORCL-VRSN,2549.6474418640137,250000.0,17
2019-04-30,GOOG-GOOGL,170.81732940673828,250000.0,17
2019-04-30,CMI-IR,-4229.018325805664,250000.0,17
2019-05-01,EL-TGT,-2635.875648498535,250000.0,17
2019-05-01,CSCO-ORCL,1573.2736740112305,250000.0,17
2019-05-01,ORCL-VRSN,3705.616138458252,250000.0,17
2019-05-01,CMI-IR,-12735.38703918457,250000.0,17
2019-05-02,EL-TGT,-157.92759323120117,250000.0,17
2019-05-02,CSCO-ORCL,1091.8318786621094,250000.0,17
2019-05-02,ORCL-VRSN,1407.9414329528809,250000.0,17
2019-05-02,CMI-IR,-13876.569351196289,250000.0,17
2019-05-03,EL-TGT,-5635.430290222168,250000.0,17
2019-05-03,CSCO-ORCL,234.5432586669922,250000.0,17
2019-05-03,ORCL-VRSN,45.83698272705078,250000.0,17
2019-05-03,CMI-IR,-4798.775802612305,250000.0,17
2019-05-06,EL-TGT,-1396.4263000488281,250000.0,17
2019-05-06,CSCO-ORCL,-990.3857650756836,250000.0,17
2019-05-06,ORCL-VRSN,168.48202896118164,250000.0,17
2019-05-06,CMI-IR,-3878.643814086914,250000.0,17
2019-05-07,EL-TGT,-1853.9722290039062,250000.0,17
2019-05-07,CSCO-ORCL,-263.30408477783203,250000.0,17
2019-05-07,ORCL-VRSN,181.7834358215332,250000.0,17
2019-05-07,CMI-IR,-7649.178085327148,250000.0,17
2019-05-08,EL-TGT,-147.99385452270508,250000.0,17
2019-05-08,CSCO-ORCL,-163.7080307006836,250000.0,17
2019-05-08,ORCL-VRSN,161.4154052734375,250000.0,17
2019-05-08,CMI-IR,-3106.9541015625,250000.0,17
2019-05-09,EL-TGT,211.77559280395508,250000.0,17
2019-05-09,CSCO-ORCL,-2836.1815185546875,250000.0,17
2019-05-09,ORCL-VRSN,942.7487297058105,250000.0,17
2019-05-09,CMI-IR,-3974.8311767578125,250000.0,17
2019-05-10,EL-TGT,-392.1382255554199,250000.0,17
2019-05-10,CSCO-ORCL,-3441.337921142578,250000.0,17
2019-05-10,ORCL-VRSN,2122.7384300231934,250000.0,17
2019-05-10,CMI-IR,-10616.964431762695,250000.0,17
2019-05-13,ORCL-VRSN,1842.6818656921387,250000.0,17
2019-05-13,CMI-IR,-21622.051528930664,250000.0,17
2019-05-14,ORCL-VRSN,3348.2351570129395,250000.0,17
2019-05-15,ORCL-VRSN,2551.448802947998,250000.0,17
2019-05-22,EL-TGT,0.0,250000.0,17
2019-05-23,EL-TGT,-7181.17919921875,250000.0,17
2019-05-23,EL-GIS,0.0,250000.0,17
2019-05-24,EL-TGT,-14402.157859802246,250000.0,17
2019-05-24,EL-GIS,2521.9077529907227,250000.0,17
2019-05-28,EL-TGT,-10928.55266571045,250000.0,17
2019-05-28,CRL-IQV,0.0,250000.0,17
2019-05-28,AEE-NI,0.0,250000.0,17
2019-05-29,EL-TGT,-8862.027702331543,250000.0,17
2019-05-29,CRL-IQV,-435.51810455322266,250000.0,17
2019-05-29,AEE-NI,-625.3208427429199,250000.0,17
2019-05-29,EL-GIS,0.0,250000.0,17
2019-05-30,EL-TGT,-10056.091995239258,250000.0,17
2019-05-30,CRL-IQV,-1676.3205337524414,250000.0,17
2019-05-30,AEE-NI,1133.577558517456,250000.0,17
2019-05-30,EL-GIS,814.6608505249023,250000.0,17
2019-05-31,EL-TGT,-13064.762115478516,250000.0,17
2019-05-31,CRL-IQV,-1494.385482788086,250000.0,17
2019-05-31,EL-GIS,8948.060764312744,250000.0,17
2019-05-31,CMI-IR,0.0,250000.0,17
2019-06-03,EL-TGT,-19204.61811065674,250000.0,17
2019-06-03,CRL-IQV,1207.0870895385742,250000.0,17
2019-06-03,CMI-IR,7446.0180740356445,250000.0,17
2019-06-03,KLAC-VRSN,0.0,250000.0,17
2019-06-04,CRL-IQV,377.98189544677734,250000.0,17
2019-06-04,KLAC-VRSN,3500.7806854248047,250000.0,17
2019-06-05,CRL-IQV,-3020.03173828125,250000.0,17
2019-06-06,CRL-IQV,-1680.073257446289,250000.0,17
2019-06-07,CRL-IQV,-3186.1520385742188,250000.0,17
2019-06-10,CRL-IQV,-2043.5373229980469,250000.0,17
2019-06-11,CRL-IQV,-584.9777221679688,250000.0,17
2019-06-12,CRL-IQV,512.2515106201172,250000.0,17
2019-06-17,AEE-NI,0.0,250000.0,17
2019-06-18,AEE-NI,2085.5908203125,250000.0,17
2019-06-18,CRL-IQV,0.0,250000.0,17
2019-06-19,AEE-NI,-488.4841003417969,250000.0,17
2019-06-20,AEE-NI,939.2552032470703,250000.0,17
2019-06-20,CSCO-ORCL,0.0,250000.0,17
2019-06-20,ORCL-VRSN,0.0,250000.0,17
2019-06-20,CMI-IR,0.0,250000.0,17
2019-06-21,AEE-NI,1699.4891967773438,250000.0,17
2019-06-21,CSCO-ORCL,3207.7717628479004,250000.0,17
2019-06-21,ORCL-VRSN,3702.5252380371094,250000.0,17
2019-06-21,CMI-IR,-313.9705352783203,250000.0,17
2019-06-21,GOOG-GOOGL,0.0,250000.0,17
2019-06-24,AEE-NI,454.5166015625,250000.0,17
2019-06-24,CSCO-ORCL,728.2498016357422,250000.0,17
2019-06-24,ORCL-VRSN,-561.7350769042969,250000.0,17
2019-06-24,CMI-IR,-3330.455135345459,250000.0,17
2019-06-25,AEE-NI,-505.2748260498047,250000.0,17
2019-06-25,CSCO-ORCL,1905.6108474731445,250000.0,17
2019-06-25,ORCL-VRSN,557.8282470703125,250000.0,17
2019-06-25,CMI-IR,1513.379795074463,250000.0,17
2019-06-26,AEE-NI,14.301361083984375,250000.0,17
2019-06-26,CSCO-ORCL,150.3101577758789,250000.0,17
2019-06-26,ORCL-VRSN,-4787.701904296875,250000.0,17
2019-06-26,CMI-IR,243.13118743896484,250000.0,17
2019-06-26,EL-GIS,0.0,250000.0,17
2019-06-27,AEE-NI,481.61448669433594,250000.0,17
2019-06-27,CSCO-ORCL,-1725.5444793701172,250000.0,17
2019-06-27,ORCL-VRSN,-3401.0438232421875,250000.0,17
2019-06-27,CMI-IR,3827.982940673828,250000.0,17
2019-06-28,AEE-NI,109.13951110839844,250000.0,17
2019-06-28,CSCO-ORCL,-4204.380489349365,250000.0,17
2019-06-28,ORCL-VRSN,-2110.6766052246094,250000.0,17
2019-06-28,CMI-IR,-1230.1869010925293,250000.0,17
2019-07-08,MET-MSCI,0.0,250000.0,18
2019-07-11,EQIX-PLD,0.0,250000.0,18
2019-07-11,IVZ-MS,0.0,250000.0,18
2019-07-11,IVZ-JPM,0.0,250000.0,18
2019-07-12,EQIX-PLD,-865.235107421875,250000.0,18
2019-07-12,IVZ-MS,-142.60040283203125,250000.0,18
2019-07-12,IVZ-JPM,1319.4275436401367,250000.0,18
2019-07-12,CI-EW,0.0,250000.0,18
2019-07-15,EQIX-PLD,-762.4649353027344,250000.0,18
2019-07-15,IVZ-MS,2232.9732208251953,250000.0,18
2019-07-15,IVZ-JPM,4267.285446166992,250000.0,18
2019-07-15,CI-EW,926.9532890319824,250000.0,18
2019-07-16,IVZ-MS,-274.7334671020508,250000.0,18
2019-07-16,IVZ-JPM,-1038.3016090393066,250000.0,18
2019-07-16,CI-EW,-5688.639675140381,250000.0,18
2019-07-17,IVZ-MS,-1669.8464126586914,250000.0,18
2019-07-17,IVZ-JPM,-3947.133602142334,250000.0,18
2019-07-17,CI-EW,-1651.314323425293,250000.0,18
2019-07-18,IVZ-MS,-2896.373977661133,250000.0,18
2019-07-18,IVZ-JPM,-2804.4046325683594,250000.0,18
2019-07-18,CI-EW,3854.810806274414,250000.0,18
2019-07-19,IVZ-MS,-1530.1966171264648,250000.0,18
2019-07-19,IVZ-JPM,867.9605369567871,250000.0,18
2019-07-19,EQIX-ESS,0.0,250000.0,18
2019-07-22,IVZ-MS,-5002.230979919434,250000.0,18
2019-07-22,IVZ-JPM,-3722.965061187744,250000.0,18
2019-07-22,EQIX-ESS,-2372.6729431152344,250000.0,18
2019-07-23,IVZ-MS,-6687.186721801758,250000.0,18
2019-07-23,IVZ-JPM,-6507.351036071777,250000.0,18
2019-07-23,EQIX-ESS,454.06947326660156,250000.0,18
2019-07-24,IVZ-MS,-4504.97664642334,250000.0,18
2019-07-24,IVZ-JPM,-2870.331287384033,250000.0,18
2019-07-24,EQIX-ESS,-1325.7175903320312,250000.0,18
2019-07-24,MPWR-ON,0.0,250000.0,18
2019-07-24,MET-TROW,0.0,250000.0,18
2019-07-24,CI-EW,0.0,250000.0,18
2019-07-24,BRO-SPGI,0.0,250000.0,18
2019-07-24,AXON-BR,0.0,250000.0,18
2019-07-25,IVZ-JPM,-6758.27917098999,250000.0,18
2019-07-25,MPWR-ON,455.0807342529297,250000.0,18
2019-07-25,MET-TROW,-1933.967861175537,250000.0,18
2019-07-25,CI-EW,-1516.9905090332031,250000.0,18
2019-07-25,BRO-SPGI,33.09831619262695,250000.0,18
2019-07-25,AXON-BR,2180.0194396972656,250000.0,18
2019-07-26,MPWR-ON,-92.32073974609375,250000.0,18
2019-07-26,MET-TROW,-3563.4655227661133,250000.0,18
2019-07-26,CI-EW,-1273.9631652832031,250000.0,18
2019-07-26,BRO-SPGI,25.000057220458984,250000.0,18
2019-07-26,AXON-BR,-1757.8779373168945,250000.0,18
2019-07-29,MPWR-ON,-2676.286163330078,250000.0,18
2019-07-29,MET-TROW,-4533.005237579346,250000.0,18
2019-07-29,CI-EW,-740.10986328125,250000.0,18
2019-07-29,BRO-SPGI,-683.852481842041,250000.0,18
2019-07-29,AXON-BR,-7.285377502441406,250000.0,18
2019-07-30,MPWR-ON,-2093.275177001953,250000.0,18
2019-07-30,CI-EW,-1428.9714813232422,250000.0,18
2019-07-30,BRO-SPGI,-2568.365478515625,250000.0,18
2019-07-30,AXON-BR,-8056.510551452637,250000.0,18
2019-07-31,MPWR-ON,1936.5552673339844,250000.0,18
2019-07-31,CI-EW,1119.2849731445312,250000.0,18
2019-07-31,MET-SPGI,0.0,250000.0,18
2019-07-31,CTSH-QCOM,0.0,250000.0,18
2019-08-01,CI-EW,-3619.093017578125,250000.0,18
2019-08-01,CTSH-QCOM,-2640.12345123291,250000.0,18
2019-08-01,HII-LMT,0.0,250000.0,18
2019-08-01,BRO-SPGI,0.0,250000.0,18
2019-08-01,CLX-HRL,0.0,250000.0,18
2019-08-02,CI-EW,-5491.945343017578,250000.0,18
2019-08-02,HII-LMT,-9575.332946777344,250000.0,18
2019-08-02,BRO-SPGI,2959.4103050231934,250000.0,18
2019-08-02,CLX-HRL,-30.72345733642578,250000.0,18
2019-08-02,MET-WTW,0.0,250000.0,18
2019-08-05,CI-EW,-4876.976776123047,250000.0,18
2019-08-05,CLX-HRL,1925.1162643432617,250000.0,18
2019-08-05,MPWR-ON,0.0,250000.0,18
2019-08-05,IVZ-JPM,0.0,250000.0,18
2019-08-06,CI-EW,-4404.526672363281,250000.0,18
2019-08-06,CLX-HRL,2490.6064224243164,250000.0,18
2019-08-06,MPWR-ON,-6931.277791976929,250000.0,18
2019-08-07,CI-EW,-2290.5574798583984,250000.0,18
2019-08-07,CLX-HRL,3546.715202331543,250000.0,18
2019-08-07,MPWR-ON,-9807.14739227295,250000.0,18
2019-08-08,CLX-HRL,-503.8027229309082,250000.0,18
2019-08-08,MPWR-ON,-13350.529413223267,250000.0,18
2019-08-09,CLX-HRL,-787.0948715209961,250000.0,18
2019-08-09,MPWR-ON,-20643.9518699646,250000.0,18
2019-08-09,AXON-BR,0.0,250000.0,18
2019-08-12,CLX-HRL,-1205.6251182556152,250000.0,18
2019-08-12,MPWR-ON,-18739.801601409912,250000.0,18
2019-08-12,AXON-BR,506.2594108581543,250000.0,18
2019-08-13,CLX-HRL,-584.3622131347656,250000.0,18
2019-08-13,MPWR-ON,-13495.115762710571,250000.0,18
2019-08-13,AXON-BR,372.69176864624023,250000.0,18
2019-08-14,CLX-HRL,4420.480766296387,250000.0,18
2019-08-14,MPWR-ON,-12566.297760009766,250000.0,18
2019-08-14,AXON-BR,-448.86523818969727,250000.0,18
2019-08-15,CLX-HRL,1831.033992767334,250000.0,18
2019-08-15,MPWR-ON,-17839.076206207275,250000.0,18
2019-08-15,AXON-BR,-4326.093654632568,250000.0,18
2019-08-16,CLX-HRL,3411.0667457580566,250000.0,18
2019-08-16,MPWR-ON,-17294.351358413696,250000.0,18
2019-08-16,AXON-BR,-1044.2202186584473,250000.0,18
2019-08-19,MPWR-ON,-13748.090198516846,250000.0,18
2019-08-19,AXON-BR,1940.816982269287,250000.0,18
2019-08-20,AXON-BR,4269.462886810303,250000.0,18
2019-08-21,AXON-BR,-3275.651824951172,250000.0,18
2019-08-22,AXON-BR,5815.882095336914,250000.0,18
2019-08-22,CLX-HRL,0.0,250000.0,18
2019-08-23,AXON-BR,979.716796875,250000.0,18
2019-08-23,CLX-HRL,2860.885528564453,250000.0,18
2019-08-26,AXON-BR,4689.6506996154785,250000.0,18
2019-08-26,CLX-HRL,47.644325256347656,250000.0,18
2019-08-27,AXON-BR,2531.6931381225586,250000.0,18
2019-08-27,CLX-HRL,2728.687786102295,250000.0,18
2019-08-27,CI-EW,0.0,250000.0,18
2019-08-28,CLX-HRL,4471.190231323242,250000.0,18
2019-08-28,CI-EW,-309.60260009765625,250000.0,18
2019-08-29,CLX-HRL,2993.033832550049,250000.0,18
2019-08-29,CI-EW,4685.062423706055,250000.0,18
2019-08-30,CLX-HRL,1158.4360961914062,250000.0,18
2019-08-30,CI-EW,5153.266815185547,250000.0,18
2019-08-30,BRO-SPGI,0.0,250000.0,18
2019-09-03,CLX-HRL,3292.057933807373,250000.0,18
2019-09-03,BRO-SPGI,1494.1883697509766,250000.0,18
2019-09-04,BRO-SPGI,608.2202453613281,250000.0,18
2019-09-04,MET-MSCI,0.0,250000.0,18
2019-09-05,BRO-SPGI,4867.588268280029,250000.0,18
2019-09-05,MET-MSCI,1446.3985290527344,250000.0,18
2019-09-09,HII-LMT,0.0,250000.0,18
2019-09-09,CI-EW,0.0,250000.0,18
2019-09-10,HII-LMT,151.23410034179688,250000.0,18
2019-09-10,CI-EW,-1380.7110595703125,250000.0,18
2019-09-10,MET-MSCI,0.0,250000.0,18
2019-09-11,HII-LMT,-292.3693542480469,250000.0,18
2019-09-11,CI-EW,984.5348510742188,250000.0,18
2019-09-11,MET-MSCI,-3237.941604614258,250000.0,18
2019-09-12,CI-EW,6650.209686279297,250000.0,18
2019-09-12,MET-MSCI,3221.2336959838867,250000.0,18
2019-09-13,CI-EW,3838.766143798828,250000.0,18
2019-09-13,MET-MSCI,-1019.9483489990234,250000.0,18
2019-09-16,CI-EW,-5508.398681640625,250000.0,18
2019-09-16,MET-MSCI,1396.548568725586,250000.0,18
2019-09-17,CI-EW,3149.45361328125,250000.0,18
2019-09-18,CI-EW,2305.425018310547,250000.0,18
2019-09-19,CI-EW,-4759.528594970703,250000.0,18
2019-09-20,CI-EW,3535.8767700195312,250000.0,18
2019-09-23,CI-EW,4712.128021240234,250000.0,18
2019-09-24,CI-EW,6068.506896972656,250000.0,18
2019-10-08,KMI-OKE,0.0,250000.0,19
2019-10-09,KMI-OKE,-285.4535884857178,250000.0,19
2019-10-10,KMI-OKE,402.75135803222656,250000.0,19
2019-10-11,KMI-OKE,2487.3006496429443,250000.0,19
2019-10-14,KMI-OKE,2077.85764503479,250000.0,19
2019-10-15,KMI-OKE,2060.283529281616,250000.0,19
2019-10-16,KMI-OKE,811.1106033325195,250000.0,19
2019-10-17,KMI-OKE,1091.4618396759033,250000.0,19
2019-10-17,GDDY-IBM,0.0,250000.0,19
2019-10-17,MTB-PRU,0.0,250000.0,19
2019-10-18,KMI-OKE,3560.0826683044434,250000.0,19
2019-10-18,GDDY-IBM,604.870304107666,250000.0,19
2019-10-18,MTB-PRU,-569.3461303710938,250000.0,19
2019-10-18,CIEN-FTNT,0.0,250000.0,19
2019-10-21,KMI-OKE,3553.5098628997803,250000.0,19
2019-10-21,GDDY-IBM,-1405.0207862854004,250000.0,19
2019-10-21,MTB-PRU,590.6757888793945,250000.0,19
2019-10-21,CIEN-FTNT,-724.5132627487183,250000.0,19
2019-10-22,KMI-OKE,4545.94188117981,250000.0,19
2019-10-22,GDDY-IBM,931.2373962402344,250000.0,19
2019-10-22,MTB-PRU,5371.076225280762,250000.0,19
2019-10-22,CIEN-FTNT,2537.525460243225,250000.0,19
2019-10-23,KMI-OKE,5830.271072387695,250000.0,19
2019-10-23,GDDY-IBM,1377.1278533935547,250000.0,19
2019-10-24,GDDY-IBM,-594.7035751342773,250000.0,19
2019-10-25,GDDY-IBM,1438.7458801269531,250000.0,19
2019-10-25,DECK-DRI,0.0,250000.0,19
2019-10-28,GDDY-IBM,2235.8145904541016,250000.0,19
2019-10-28,DECK-DRI,1784.5400390625,250000.0,19
2019-10-29,GDDY-IBM,-896.4349594116211,250000.0,19
2019-10-29,DECK-DRI,-3253.9864196777344,250000.0,19
2019-10-30,GDDY-IBM,1136.7327346801758,250000.0,19
2019-10-30,DECK-DRI,-1327.8603515625,250000.0,19
2019-10-31,GDDY-IBM,-1425.5817489624023,250000.0,19
2019-10-31,DECK-DRI,577.9503479003906,250000.0,19
2019-10-31,UHS-VEEV,0.0,250000.0,19
2019-11-01,GDDY-IBM,1649.3268737792969,250000.0,19
2019-11-01,DECK-DRI,1196.3196258544922,250000.0,19
2019-11-01,CIEN-FTNT,0.0,250000.0,19
2019-11-01,GDDY-SWKS,0.0,250000.0,19
2019-11-01,ADBE-FTNT,0.0,250000.0,19
2019-11-04,GDDY-IBM,6071.659370422363,250000.0,19
2019-11-04,CIEN-FTNT,-5564.469528198242,250000.0,19
2019-11-04,GDDY-SWKS,-777.8397674560547,250000.0,19
2019-11-04,ADBE-FTNT,-5035.476028442383,250000.0,19
2019-11-04,GDDY-MRVL,0.0,250000.0,19
2019-11-04,MTB-PRU,0.0,250000.0,19
2019-11-05,CIEN-FTNT,-2968.63663482666,250000.0,19
2019-11-05,ADBE-FTNT,1328.933952331543,250000.0,19
2019-11-05,GDDY-MRVL,-6990.287408828735,250000.0,19
2019-11-06,CIEN-FTNT,-7533.639171600342,250000.0,19
2019-11-06,ADBE-FTNT,-3657.36376953125,250000.0,19
2019-11-06,GDDY-MRVL,-2027.3370380401611,250000.0,19
2019-11-07,CIEN-FTNT,-9449.268852233887,250000.0,19
2019-11-07,ADBE-FTNT,-4976.4106369018555,250000.0,19
2019-11-08,CIEN-FTNT,-14431.195812225342,250000.0,19
2019-11-08,ADBE-FTNT,-9877.144561767578,250000.0,19
2019-11-11,CIEN-FTNT,-12849.726036071777,250000.0,19
2019-11-11,ADBE-FTNT,-10153.931121826172,250000.0,19
2019-11-12,CIEN-FTNT,-23396.52029800415,250000.0,19
2019-11-13,CIEN-FTNT,-23289.458980560303,250000.0,19
2019-11-21,DE-GWW,0.0,250000.0,19
2019-11-22,KMI-OKE,0.0,250000.0,19
2019-11-25,KMI-OKE,-1256.410789489746,250000.0,19
2019-11-25,J-JBHT,0.0,250000.0,19
2019-11-26,KMI-OKE,-5656.221496582031,250000.0,19
2019-11-26,J-JBHT,2207.4840774536133,250000.0,19
2019-11-27,KMI-OKE,-3749.89594745636,250000.0,19
2019-11-29,KMI-OKE,-4744.473789215088,250000.0,19
2019-12-04,GDDY-MRVL,0.0,250000.0,19
2019-12-05,GDDY-MRVL,-7218.559797286987,250000.0,19
2019-12-06,GDDY-MRVL,1282.2337493896484,250000.0,19
2019-12-06,FIS-FISV,0.0,250000.0,19
2019-12-09,GDDY-MRVL,-3973.5406131744385,250000.0,19
2019-12-10,GDDY-MRVL,5.162548065185547,250000.0,19
2019-12-11,GDDY-MRVL,11117.333486557007,250000.0,19
2019-12-12,RVTY-WAT,0.0,250000.0,19
2019-12-13,RVTY-WAT,-2184.298355102539,250000.0,19
2019-12-16,RVTY-WAT,-566.7193450927734,250000.0,19
2019-12-17,RVTY-WAT,1770.4632415771484,250000.0,19
