date,pair,mark_pnl,target_notional,fold_id
2015-01-02,BMY-WST,0.0,250000.0,0
2015-01-02,BXP-HST,0.0,250000.0,0
2015-01-05,BMY-WST,783.4896240234375,250000.0,0
2015-01-05,ALL-TRV,0.0,250000.0,0
2015-01-05,ICE-MA,0.0,250000.0,0
2015-01-05,DE-FAST,0.0,250000.0,0
2015-01-05,ICE-MTB,0.0,250000.0,0
2015-01-05,CRL-RVTY,0.0,250000.0,0
2015-01-05,CHRW-CTAS,0.0,250000.0,0
2015-01-06,BMY-WST,-2978.9475860595703,250000.0,0
2015-01-06,ICE-MA,2958.867198944092,250000.0,0
2015-01-06,DE-FAST,-3383.471305847168,250000.0,0
2015-01-06,ICE-MTB,-4997.82763671875,250000.0,0
2015-01-06,CRL-RVTY,-2627.191104888916,250000.0,0
2015-01-06,CHRW-CTAS,-3135.2805213928223,250000.0,0
2015-01-06,SNPS-TER,0.0,250000.0,0
2015-01-06,BXP-HST,0.0,250000.0,0
2015-01-07,BMY-WST,-2509.179489135742,250000.0,0
2015-01-07,ICE-MA,3428.527587890625,250000.0,0
2015-01-07,ICE-MTB,-5072.872138977051,250000.0,0
2015-01-07,CRL-RVTY,-3199.141067504883,250000.0,0
2015-01-07,CHRW-CTAS,-1718.9459438323975,250000.0,0
2015-01-07,SNPS-TER,1713.8944072723389,250000.0,0
2015-01-07,BXP-HST,-774.5898761749268,250000.0,0
2015-01-07,BAX-UHS,0.0,250000.0,0
2015-01-07,BG-SYY,0.0,250000.0,0
2015-01-07,BXP-SPG,0.0,250000.0,0
2015-01-08,BMY-WST,-4406.670944213867,250000.0,0
2015-01-08,ICE-MA,4293.685195922852,250000.0,0
2015-01-08,ICE-MTB,-640.1771011352539,250000.0,0
2015-01-08,CRL-RVTY,2588.189365386963,250000.0,0
2015-01-08,BXP-HST,1097.1871519088745,250000.0,0
2015-01-08,BAX-UHS,2942.1670303344727,250000.0,0
2015-01-08,BG-SYY,-1068.986415863037,250000.0,0
2015-01-08,BXP-SPG,1167.9816284179688,250000.0,0
2015-01-09,BMY-WST,-5461.093719482422,250000.0,0
2015-01-09,ICE-MA,870.5806083679199,250000.0,0
2015-01-09,ICE-MTB,-5691.889610290527,250000.0,0
2015-01-09,CRL-RVTY,-252.92999267578125,250000.0,0
2015-01-09,BXP-HST,-1588.8880033493042,250000.0,0
2015-01-09,BAX-UHS,849.7636642456055,250000.0,0
2015-01-09,BG-SYY,-4138.713333129883,250000.0,0
2015-01-09,BXP-SPG,-447.52882385253906,250000.0,0
2015-01-09,BALL-IFF,0.0,250000.0,0
2015-01-12,ICE-MA,4106.585464477539,250000.0,0
2015-01-12,ICE-MTB,-6176.538528442383,250000.0,0
2015-01-12,CRL-RVTY,-1777.9956321716309,250000.0,0
2015-01-12,BXP-HST,-1871.290958404541,250000.0,0
2015-01-12,BG-SYY,-3098.874481201172,250000.0,0
2015-01-12,BXP-SPG,146.81117248535156,250000.0,0
2015-01-12,BALL-IFF,1694.9887466430664,250000.0,0
2015-01-12,SNPS-TER,0.0,250000.0,0
2015-01-13,ICE-MTB,-3344.90291595459,250000.0,0
2015-01-13,CRL-RVTY,-4082.822265625,250000.0,0
2015-01-13,BXP-HST,-1868.0967445373535,250000.0,0
2015-01-13,BG-SYY,-156.09864807128906,250000.0,0
2015-01-13,BXP-SPG,-461.21337127685547,250000.0,0
2015-01-13,BALL-IFF,-3479.456401824951,250000.0,0
2015-01-13,SNPS-TER,-3618.965509414673,250000.0,0
2015-01-13,COHR-KLAC,0.0,250000.0,0
2015-01-14,BXP-HST,-4500.501433372498,250000.0,0
2015-01-14,BG-SYY,2708.422746658325,250000.0,0
2015-01-14,BXP-SPG,-311.3629837036133,250000.0,0
2015-01-14,SNPS-TER,-1699.608039855957,250000.0,0
2015-01-15,BXP-HST,-4517.968871116638,250000.0,0
2015-01-15,BXP-SPG,-1702.9684600830078,250000.0,0
2015-01-15,SNPS-TER,-190.16757202148438,250000.0,0
2015-01-15,DE-FAST,0.0,250000.0,0
2015-01-16,BXP-HST,-6542.655837059021,250000.0,0
2015-01-16,BXP-SPG,-992.6704711914062,250000.0,0
2015-01-16,SNPS-TER,1731.8855648040771,250000.0,0
2015-01-20,BXP-HST,-6047.589538574219,250000.0,0
2015-01-20,BXP-SPG,-329.6806411743164,250000.0,0
2015-01-20,SNPS-TER,4322.285415649414,250000.0,0
2015-01-21,BXP-SPG,-1086.6950454711914,250000.0,0
2015-01-23,COHR-KLAC,0.0,250000.0,0
2015-01-26,COHR-KLAC,-953.0535106658936,250000.0,0
2015-01-27,LII-TDG,0.0,250000.0,0
2015-01-28,LII-TDG,-1058.9945831298828,250000.0,0
2015-01-28,AKAM-TEL,0.0,250000.0,0
2015-01-29,LII-TDG,2618.4393615722656,250000.0,0
2015-01-29,AKAM-TEL,4210.34797668457,250000.0,0
2015-01-29,BKNG-MCD,0.0,250000.0,0
2015-01-29,ICE-WRB,0.0,250000.0,0
2015-01-30,AKAM-TEL,-96.60522079467773,250000.0,0
2015-01-30,BKNG-MCD,1814.4754943847656,250000.0,0
2015-02-02,AKAM-TEL,-275.12427520751953,250000.0,0
2015-02-02,BKNG-MCD,1903.4709434509277,250000.0,0
2015-02-02,BG-SYY,0.0,250000.0,0
2015-02-03,AKAM-TEL,2774.269950866699,250000.0,0
2015-02-03,BKNG-MCD,34.96523666381836,250000.0,0
2015-02-03,BMY-WST,0.0,250000.0,0
2015-02-03,BXP-SPG,0.0,250000.0,0
2015-02-04,AKAM-TEL,2728.1084327697754,250000.0,0
2015-02-04,BKNG-MCD,-1035.7036056518555,250000.0,0
2015-02-04,BMY-WST,-3367.411148071289,250000.0,0
2015-02-04,DE-FAST,0.0,250000.0,0
2015-02-04,CHRW-CTAS,0.0,250000.0,0
2015-02-05,AKAM-TEL,603.2211761474609,250000.0,0
2015-02-05,BKNG-MCD,-541.4250640869141,250000.0,0
2015-02-05,DE-FAST,-1922.1358132362366,250000.0,0
2015-02-05,CHRW-CTAS,314.6145706176758,250000.0,0
2015-02-05,BALL-IFF,0.0,250000.0,0
2015-02-06,AKAM-TEL,5930.033603668213,250000.0,0
2015-02-06,BKNG-MCD,-1331.3762969970703,250000.0,0
2015-02-06,DE-FAST,45.931583881378174,250000.0,0
2015-02-06,CHRW-CTAS,-54.435306549072266,250000.0,0
2015-02-06,BALL-IFF,3853.894697189331,250000.0,0
2015-02-06,ALL-TRV,0.0,250000.0,0
2015-02-06,BXP-SPG,0.0,250000.0,0
2015-02-09,AKAM-TEL,2956.3531951904297,250000.0,0
2015-02-09,BKNG-MCD,2908.1833877563477,250000.0,0
2015-02-09,DE-FAST,-361.3225026130676,250000.0,0
2015-02-09,CHRW-CTAS,1062.2595443725586,250000.0,0
2015-02-09,BALL-IFF,-35.03509712219238,250000.0,0
2015-02-09,ALL-TRV,713.0657157897949,250000.0,0
2015-02-09,BXP-SPG,-84.29084014892578,250000.0,0
2015-02-10,AKAM-TEL,7794.756008148193,250000.0,0
2015-02-10,BKNG-MCD,1330.4772148132324,250000.0,0
2015-02-10,DE-FAST,1561.9595937728882,250000.0,0
2015-02-10,CHRW-CTAS,771.399356842041,250000.0,0
2015-02-10,BALL-IFF,-1348.6274509429932,250000.0,0
2015-02-10,ALL-TRV,-977.6316375732422,250000.0,0
2015-02-10,BXP-SPG,-2358.815689086914,250000.0,0
2015-02-11,BKNG-MCD,1011.2932548522949,250000.0,0
2015-02-11,DE-FAST,-428.6327500343323,250000.0,0
2015-02-11,CHRW-CTAS,39.27113342285156,250000.0,0
2015-02-11,BALL-IFF,-4520.281801223755,250000.0,0
2015-02-11,ALL-TRV,-601.1392822265625,250000.0,0
2015-02-11,BXP-SPG,-1577.3606872558594,250000.0,0
2015-02-12,BKNG-MCD,1137.342830657959,250000.0,0
2015-02-12,DE-FAST,-1410.2094173431396,250000.0,0
2015-02-12,CHRW-CTAS,-1651.4453468322754,250000.0,0
2015-02-12,ALL-TRV,-94.60528564453125,250000.0,0
2015-02-12,BXP-SPG,-1261.4960403442383,250000.0,0
2015-02-12,BG-SYY,0.0,250000.0,0
2015-02-12,BXP-HST,0.0,250000.0,0
2015-02-12,AKAM-TEL,0.0,250000.0,0
2015-02-13,BKNG-MCD,526.2695960998535,250000.0,0
2015-02-13,DE-FAST,-1354.8480997085571,250000.0,0
2015-02-13,CHRW-CTAS,3074.2602729797363,250000.0,0
2015-02-13,ALL-TRV,-321.61579513549805,250000.0,0
2015-02-13,BXP-SPG,-930.6965560913086,250000.0,0
2015-02-13,BG-SYY,5209.091440200806,250000.0,0
2015-02-13,BXP-HST,-451.5992946624756,250000.0,0
2015-02-13,AKAM-TEL,-3561.381031036377,250000.0,0
2015-02-17,DE-FAST,-437.7377300262451,250000.0,0
2015-02-17,CHRW-CTAS,-636.6567573547363,250000.0,0
2015-02-17,ALL-TRV,-875.2228088378906,250000.0,0
2015-02-17,BXP-SPG,-52.619384765625,250000.0,0
2015-02-17,BG-SYY,6270.6987380981445,250000.0,0
2015-02-17,BXP-HST,-499.1721410751343,250000.0,0
2015-02-17,AKAM-TEL,-9184.460788726807,250000.0,0
2015-02-18,DE-FAST,-4042.2265152931213,250000.0,0
2015-02-18,CHRW-CTAS,-2449.9252395629883,250000.0,0
2015-02-18,ALL-TRV,-2459.7701683044434,250000.0,0
2015-02-18,BXP-SPG,-487.7647933959961,250000.0,0
2015-02-18,BG-SYY,4552.877725601196,250000.0,0
2015-02-18,BXP-HST,966.1603870391846,250000.0,0
2015-02-18,AKAM-TEL,-9781.155200958252,250000.0,0
2015-02-19,ALL-TRV,-1143.2253112792969,250000.0,0
2015-02-19,BXP-SPG,-1211.1040420532227,250000.0,0
2015-02-19,BG-SYY,12086.806684494019,250000.0,0
2015-02-19,AKAM-TEL,-14320.909950256348,250000.0,0
2015-02-19,BMY-WST,0.0,250000.0,0
2015-02-19,BKNG-MCD,0.0,250000.0,0
2015-02-20,ALL-TRV,505.7518730163574,250000.0,0
2015-02-20,BXP-SPG,-1.7784576416015625,250000.0,0
2015-02-20,BG-SYY,5703.281639099121,250000.0,0
2015-02-20,AKAM-TEL,-13043.348388671875,250000.0,0
2015-02-20,BMY-WST,2601.557773590088,250000.0,0
2015-02-20,BKNG-MCD,88.11328125,250000.0,0
2015-02-23,ALL-TRV,1241.070728302002,250000.0,0
2015-02-23,BG-SYY,6356.727788925171,250000.0,0
2015-02-23,AKAM-TEL,-7548.36376953125,250000.0,0
2015-02-23,BMY-WST,3219.319709777832,250000.0,0
2015-02-23,BKNG-MCD,825.3027648925781,250000.0,0
2015-02-23,LII-TDG,0.0,250000.0,0
2015-02-24,ALL-TRV,1339.3708419799805,250000.0,0
2015-02-24,BG-SYY,6084.61513710022,250000.0,0
2015-02-24,AKAM-TEL,-5201.97244644165,250000.0,0
2015-02-24,BMY-WST,976.3957595825195,250000.0,0
2015-02-24,BKNG-MCD,2012.3408966064453,250000.0,0
2015-02-24,LII-TDG,-3698.025436401367,250000.0,0
2015-02-25,ALL-TRV,1229.8247909545898,250000.0,0
2015-02-25,BG-SYY,5225.039443969727,250000.0,0
2015-02-25,AKAM-TEL,-380.6595993041992,250000.0,0
2015-02-25,BMY-WST,-589.5996856689453,250000.0,0
2015-02-25,LII-TDG,-3431.810722351074,250000.0,0
2015-02-26,ALL-TRV,540.9562911987305,250000.0,0
2015-02-26,BG-SYY,5454.045204162598,250000.0,0
2015-02-26,AKAM-TEL,-53.80172348022461,250000.0,0
2015-02-26,BMY-WST,-17.159893035888672,250000.0,0
2015-02-26,LII-TDG,-2021.3556289672852,250000.0,0
2015-02-27,BG-SYY,7575.139181137085,250000.0,0
2015-02-27,BMY-WST,-653.0700340270996,250000.0,0
2015-02-27,LII-TDG,3241.2088470458984,250000.0,0
2015-03-02,BG-SYY,7251.097230911255,250000.0,0
2015-03-02,BMY-WST,961.8534393310547,250000.0,0
2015-03-03,BG-SYY,7166.943698883057,250000.0,0
2015-03-03,BMY-WST,2555.885829925537,250000.0,0
2015-03-03,ICE-MTB,0.0,250000.0,0
2015-03-04,BG-SYY,9310.224782943726,250000.0,0
2015-03-04,ICE-MTB,-825.3226051330566,250000.0,0
2015-03-05,BG-SYY,8056.700044631958,250000.0,0
2015-03-05,ICE-MTB,-1784.8494682312012,250000.0,0
2015-03-05,BXP-SPG,0.0,250000.0,0
2015-03-06,BG-SYY,7266.904947280884,250000.0,0
2015-03-06,BXP-SPG,-1722.0993881225586,250000.0,0
2015-03-09,BG-SYY,4088.2516136169434,250000.0,0
2015-03-09,BXP-SPG,-3419.921485900879,250000.0,0
2015-03-11,CHD-EL,0.0,250000.0,0
2015-03-12,CHD-EL,503.6287841796875,250000.0,0
2015-03-13,CHD-EL,-536.7214965820312,250000.0,0
2015-03-16,CHD-EL,-855.1432800292969,250000.0,0
2015-03-16,SNPS-TER,0.0,250000.0,0
2015-03-17,CHD-EL,-915.4659118652344,250000.0,0
2015-03-17,SNPS-TER,1784.4459266662598,250000.0,0
2015-03-18,CHD-EL,1330.960464477539,250000.0,0
2015-03-18,SNPS-TER,1931.7816200256348,250000.0,0
2015-03-19,CHD-EL,1074.2871398925781,250000.0,0
2015-03-19,SNPS-TER,3052.233711242676,250000.0,0
2015-03-20,SNPS-TER,-1656.626262664795,250000.0,0
2015-03-20,CHRW-CTAS,0.0,250000.0,0
2015-03-23,SNPS-TER,-1327.8890113830566,250000.0,0
2015-03-23,CHRW-CTAS,2783.8022327423096,250000.0,0
2015-03-24,SNPS-TER,-618.207311630249,250000.0,0
2015-03-24,CHRW-CTAS,4666.40958404541,250000.0,0
2015-03-25,CHRW-CTAS,4142.7787437438965,250000.0,0
2015-03-25,ICE-MTB,0.0,250000.0,0
2015-03-26,CHRW-CTAS,2962.943347930908,250000.0,0
2015-03-26,ICE-MTB,2301.9937896728516,250000.0,0
2015-03-27,ICE-MTB,2743.163185119629,250000.0,0
2015-02-03,GL-SCHW,0.0,250000.0,1
2015-02-04,FAST-LHX,0.0,250000.0,1
2015-02-05,FAST-LHX,-3727.7158246040344,250000.0,1
2015-02-06,GNRC-LHX,0.0,250000.0,1
2015-02-06,AIZ-BAC,0.0,250000.0,1
2015-02-09,GNRC-LHX,4664.360496520996,250000.0,1
2015-02-09,AIZ-BAC,552.4020719528198,250000.0,1
2015-02-09,CDNS-MSI,0.0,250000.0,1
2015-02-10,GNRC-LHX,5867.3715171813965,250000.0,1
2015-02-10,AIZ-BAC,137.82653713226318,250000.0,1
2015-02-10,CDNS-MSI,-861.7811279296875,250000.0,1
2015-02-11,GNRC-LHX,8297.220211029053,250000.0,1
2015-02-11,AIZ-BAC,1816.9927644729614,250000.0,1
2015-02-11,CDNS-MSI,1367.6319999694824,250000.0,1
2015-02-12,GNRC-LHX,7954.093963623047,250000.0,1
2015-02-12,AIZ-BAC,-2513.2122373580933,250000.0,1
2015-02-12,CDNS-MSI,-957.1847152709961,250000.0,1
2015-02-13,GNRC-LHX,7477.749183654785,250000.0,1
2015-02-13,CDNS-MSI,326.19233322143555,250000.0,1
2015-02-17,GNRC-LHX,6944.31270980835,250000.0,1
2015-02-17,CDNS-MSI,7.5915985107421875,250000.0,1
2015-02-18,GNRC-LHX,3682.662178039551,250000.0,1
2015-02-18,CDNS-MSI,3049.566333770752,250000.0,1
2015-02-19,GNRC-LHX,2953.716999053955,250000.0,1
2015-02-19,CDNS-MSI,5569.721591949463,250000.0,1
2015-02-20,GNRC-LHX,6657.764110565186,250000.0,1
2015-02-20,CDNS-MSI,5187.897800445557,250000.0,1
2015-02-23,GNRC-LHX,8044.696620941162,250000.0,1
2015-02-23,CDNS-MSI,9328.383487701416,250000.0,1
2015-02-24,GNRC-LHX,4911.114364624023,250000.0,1
2015-02-25,GNRC-LHX,5937.130908966064,250000.0,1
2015-02-26,GNRC-LHX,7476.079986572266,250000.0,1
2015-02-26,COF-STT,0.0,250000.0,1
2015-02-26,AVGO-NXPI,0.0,250000.0,1
2015-02-26,COF-GS,0.0,250000.0,1
2015-02-27,GNRC-LHX,5775.78995513916,250000.0,1
2015-02-27,COF-STT,-28.67108154296875,250000.0,1
2015-02-27,AVGO-NXPI,2022.8487739562988,250000.0,1
2015-02-27,COF-GS,1848.7089080810547,250000.0,1
2015-03-02,GNRC-LHX,5308.769561767578,250000.0,1
2015-03-02,COF-STT,2539.6445960998535,250000.0,1
2015-03-02,COF-GS,533.0165863037109,250000.0,1
2015-03-03,GNRC-LHX,8802.66845703125,250000.0,1
2015-03-03,COF-STT,1897.8281555175781,250000.0,1
2015-03-03,COF-GS,1180.0043029785156,250000.0,1
2015-03-04,GNRC-LHX,9793.668533325195,250000.0,1
2015-03-04,COF-STT,2403.771198272705,250000.0,1
2015-03-04,COF-GS,1829.4745178222656,250000.0,1
2015-03-04,BMY-CI,0.0,250000.0,1
2015-03-05,GNRC-LHX,11120.174774169922,250000.0,1
2015-03-05,COF-STT,226.02825164794922,250000.0,1
2015-03-05,COF-GS,1997.407699584961,250000.0,1
2015-03-05,BMY-CI,-550.4616775512695,250000.0,1
2015-03-06,GNRC-LHX,11921.175952911377,250000.0,1
2015-03-06,COF-STT,-6229.122875213623,250000.0,1
2015-03-06,BMY-CI,80.58560562133789,250000.0,1
2015-03-06,GL-SCHW,0.0,250000.0,1
2015-03-06,EME-XYL,0.0,250000.0,1
2015-03-09,GNRC-LHX,12441.72737121582,250000.0,1
2015-03-09,COF-STT,-5984.732765197754,250000.0,1
2015-03-09,BMY-CI,-3112.742176055908,250000.0,1
2015-03-09,GL-SCHW,2813.146469116211,250000.0,1
2015-03-09,EME-XYL,-1528.126808166504,250000.0,1
2015-03-09,BIIB-RMD,0.0,250000.0,1
2015-03-10,BMY-CI,-3430.18896484375,250000.0,1
2015-03-10,GL-SCHW,2103.4612770080566,250000.0,1
2015-03-10,EME-XYL,-545.1816329956055,250000.0,1
2015-03-10,BIIB-RMD,3115.348289489746,250000.0,1
2015-03-11,BMY-CI,-2464.0713386535645,250000.0,1
2015-03-11,GL-SCHW,-153.22858047485352,250000.0,1
2015-03-11,EME-XYL,-3308.463554382324,250000.0,1
2015-03-11,BIIB-RMD,-4843.621879577637,250000.0,1
2015-03-12,BMY-CI,-2949.9341926574707,250000.0,1
2015-03-12,GL-SCHW,3052.7473754882812,250000.0,1
2015-03-12,EME-XYL,-3774.3317527770996,250000.0,1
2015-03-13,BMY-CI,-3753.2159996032715,250000.0,1
2015-03-13,GL-SCHW,3870.533821105957,250000.0,1
2015-03-13,ROL-TT,0.0,250000.0,1
2015-03-13,AVGO-NXPI,0.0,250000.0,1
2015-03-16,BMY-CI,-5153.780963897705,250000.0,1
2015-03-16,ROL-TT,-2437.3744792938232,250000.0,1
2015-03-16,AVGO-NXPI,7585.743777275085,250000.0,1
2015-03-17,BMY-CI,-3449.5629386901855,250000.0,1
2015-03-17,AVGO-NXPI,7788.959212303162,250000.0,1
2015-03-18,BMY-CI,-2246.5141067504883,250000.0,1
2015-03-18,AVGO-NXPI,6569.074586868286,250000.0,1
2015-03-18,GL-SCHW,0.0,250000.0,1
2015-03-19,GL-SCHW,-177.47566986083984,250000.0,1
2015-03-20,GL-SCHW,-1395.7364768981934,250000.0,1
2015-03-20,BIIB-RMD,0.0,250000.0,1
2015-03-20,BMY-CI,0.0,250000.0,1
2015-03-23,GL-SCHW,-1098.4015617370605,250000.0,1
2015-03-23,BIIB-RMD,7465.185623168945,250000.0,1
2015-03-23,BMY-CI,-945.095630645752,250000.0,1
2015-03-24,GL-SCHW,-887.8059844970703,250000.0,1
2015-03-24,BIIB-RMD,9113.077598571777,250000.0,1
2015-03-25,GL-SCHW,-72.73257255554199,250000.0,1
2015-03-26,GL-SCHW,3982.6154956817627,250000.0,1
2015-03-27,GL-SCHW,8492.356977462769,250000.0,1
2015-03-27,GNRC-LHX,0.0,250000.0,1
2015-03-30,GL-SCHW,5116.795238494873,250000.0,1
2015-03-30,GNRC-LHX,-1567.0143241882324,250000.0,1
2015-03-31,GL-SCHW,7131.983993530273,250000.0,1
2015-03-31,GNRC-LHX,-6620.86149597168,250000.0,1
2015-04-01,GL-SCHW,2360.921621322632,250000.0,1
2015-04-01,GNRC-LHX,-6104.2613525390625,250000.0,1
2015-04-02,GL-SCHW,1974.2052116394043,250000.0,1
2015-04-02,GNRC-LHX,-6462.591411590576,250000.0,1
2015-04-02,ICE-MET,0.0,250000.0,1
2015-04-02,CDNS-MSI,0.0,250000.0,1
2015-04-06,GL-SCHW,1149.819107055664,250000.0,1
2015-04-06,ICE-MET,-161.45890617370605,250000.0,1
2015-04-06,CDNS-MSI,-3972.239025115967,250000.0,1
2015-04-06,HON-PNR,0.0,250000.0,1
2015-04-07,GL-SCHW,366.0723533630371,250000.0,1
2015-04-07,ICE-MET,1837.4946613311768,250000.0,1
2015-04-07,CDNS-MSI,-2628.13946723938,250000.0,1
2015-04-07,COF-STT,0.0,250000.0,1
2015-04-08,ICE-MET,641.3263664245605,250000.0,1
2015-04-08,CDNS-MSI,-2445.5524253845215,250000.0,1
2015-04-08,COF-STT,-807.5861358642578,250000.0,1
2015-04-09,ICE-MET,-917.4610919952393,250000.0,1
2015-04-09,CDNS-MSI,-2662.398727416992,250000.0,1
2015-04-09,COF-STT,-1903.8505401611328,250000.0,1
2015-04-09,F-MGM,0.0,250000.0,1
2015-04-10,COF-STT,-1797.4195556640625,250000.0,1
2015-04-10,F-MGM,1602.7254667282104,250000.0,1
2015-04-10,ROL-TT,0.0,250000.0,1
2015-04-13,COF-STT,-1760.466537475586,250000.0,1
2015-04-13,F-MGM,5805.259546279907,250000.0,1
2015-04-13,ROL-TT,-1241.1943664550781,250000.0,1
2015-04-14,COF-STT,-336.2277069091797,250000.0,1
2015-04-14,ROL-TT,-1283.8905601501465,250000.0,1
2015-04-15,COF-STT,2365.075164794922,250000.0,1
2015-04-15,ROL-TT,-3926.979356765747,250000.0,1
2015-04-16,ROL-TT,-3225.84490776062,250000.0,1
2015-04-17,ROL-TT,594.6126518249512,250000.0,1
2015-04-17,BMY-CI,0.0,250000.0,1
2015-04-20,ROL-TT,915.8763580322266,250000.0,1
2015-04-20,BMY-CI,-4687.960983276367,250000.0,1
2015-04-21,BMY-CI,-9546.504638671875,250000.0,1
2015-04-22,BMY-CI,-9149.01904296875,250000.0,1
2015-04-22,AIZ-BAC,0.0,250000.0,1
2015-04-23,BMY-CI,-4952.807556152344,250000.0,1
2015-04-23,AIZ-BAC,424.79651069641113,250000.0,1
2015-04-24,BMY-CI,-3585.751968383789,250000.0,1
2015-04-24,AIZ-BAC,-157.96679878234863,250000.0,1
2015-04-24,BIIB-RMD,0.0,250000.0,1
2015-04-27,BMY-CI,-541.9446563720703,250000.0,1
2015-04-27,AIZ-BAC,340.210205078125,250000.0,1
2015-04-27,BIIB-RMD,2752.662036895752,250000.0,1
2015-04-28,BMY-CI,5947.236083984375,250000.0,1
2015-04-28,AIZ-BAC,1698.1401948928833,250000.0,1
2015-04-29,BMY-CI,-2147.4116821289062,250000.0,1
2015-04-29,AIZ-BAC,1427.1395425796509,250000.0,1
2015-04-29,ICE-MET,0.0,250000.0,1
2015-04-29,F-MGM,0.0,250000.0,1
2015-04-30,BMY-CI,-2689.04833984375,250000.0,1
2015-04-30,AIZ-BAC,-163.19643306732178,250000.0,1
2015-04-30,ICE-MET,3967.6215744018555,250000.0,1
2015-04-30,F-MGM,3330.2590007781982,250000.0,1
2015-04-30,BDX-ZBH,0.0,250000.0,1
2015-03-03,ROL-UNP,0.0,250000.0,2
2015-03-03,DOV-NSC,0.0,250000.0,2
2015-03-04,ROL-UNP,657.8746719360352,250000.0,2
2015-03-05,ROL-UNP,447.26737213134766,250000.0,2
2015-03-06,ROL-UNP,-2436.6069869995117,250000.0,2
2015-03-06,ICE-TFC,0.0,250000.0,2
2015-03-06,CLX-MO,0.0,250000.0,2
2015-03-09,ROL-UNP,-2051.48779296875,250000.0,2
2015-03-09,ICE-TFC,973.1915893554688,250000.0,2
2015-03-09,CLX-MO,207.8258514404297,250000.0,2
2015-03-09,MPWR-PANW,0.0,250000.0,2
2015-03-09,KLAC-MSFT,0.0,250000.0,2
2015-03-10,ROL-UNP,-2724.6831817626953,250000.0,2
2015-03-10,CLX-MO,1595.3736114501953,250000.0,2
2015-03-10,MPWR-PANW,-191.29863739013672,250000.0,2
2015-03-10,KLAC-MSFT,1956.3619527816772,250000.0,2
2015-03-10,NWS-NWSA,0.0,250000.0,2
2015-03-11,ROL-UNP,-6323.552619934082,250000.0,2
2015-03-11,CLX-MO,-1882.2789764404297,250000.0,2
2015-03-11,MPWR-PANW,-2626.7046661376953,250000.0,2
2015-03-11,NWS-NWSA,639.6277523040771,250000.0,2
2015-03-12,ROL-UNP,-4860.698509216309,250000.0,2
2015-03-12,CLX-MO,-5366.098556518555,250000.0,2
2015-03-12,MPWR-PANW,-156.16065216064453,250000.0,2
2015-03-12,NWS-NWSA,246.09182834625244,250000.0,2
2015-03-13,CLX-MO,-7075.5937576293945,250000.0,2
2015-03-13,MPWR-PANW,2573.0159912109375,250000.0,2
2015-03-13,NWS-NWSA,237.12094402313232,250000.0,2
2015-03-16,CLX-MO,-5516.049385070801,250000.0,2
2015-03-16,MPWR-PANW,212.04332733154297,250000.0,2
2015-03-16,NWS-NWSA,733.5247163772583,250000.0,2
2015-03-16,DOV-NSC,0.0,250000.0,2
2015-03-17,CLX-MO,-6710.5766677856445,250000.0,2
2015-03-17,MPWR-PANW,-427.9331588745117,250000.0,2
2015-03-17,NWS-NWSA,-58.34803009033203,250000.0,2
2015-03-17,SYK-ZBH,0.0,250000.0,2
2015-03-18,MPWR-PANW,-860.8331680297852,250000.0,2
2015-03-18,NWS-NWSA,119.19218254089355,250000.0,2
2015-03-18,GPN-NDAQ,0.0,250000.0,2
2015-03-19,MPWR-PANW,-2599.2018432617188,250000.0,2
2015-03-19,NWS-NWSA,-69.15340423583984,250000.0,2
2015-03-19,GPN-NDAQ,3031.5796127319336,250000.0,2
2015-03-19,ICE-RJF,0.0,250000.0,2
2015-03-20,NWS-NWSA,110.2380952835083,250000.0,2
2015-03-20,ICE-RJF,3533.499122619629,250000.0,2
2015-03-23,NWS-NWSA,-339.2266387939453,250000.0,2
2015-03-23,ICE-RJF,2328.085163116455,250000.0,2
2015-03-24,NWS-NWSA,-1272.5229921340942,250000.0,2
2015-03-24,ICE-RJF,1701.8151397705078,250000.0,2
2015-03-25,ICE-RJF,78.89200019836426,250000.0,2
2015-03-26,ICE-RJF,1713.4980030059814,250000.0,2
2015-03-27,ICE-RJF,1177.117488861084,250000.0,2
2015-03-27,LHX-SNA,0.0,250000.0,2
2015-03-30,ICE-RJF,2107.14945602417,250000.0,2
2015-03-30,LHX-SNA,1877.4577713012695,250000.0,2
2015-03-31,ICE-RJF,437.1181640625,250000.0,2
2015-03-31,LHX-SNA,339.0849304199219,250000.0,2
2015-04-01,ICE-RJF,705.8044414520264,250000.0,2
2015-04-01,LHX-SNA,1045.5869445800781,250000.0,2
2015-04-02,ICE-RJF,4517.964527130127,250000.0,2
2015-04-02,LHX-SNA,1768.296272277832,250000.0,2
2015-04-02,CLX-MO,0.0,250000.0,2
2015-04-02,EXPD-VRSK,0.0,250000.0,2
2015-04-06,ICE-RJF,4235.401203155518,250000.0,2
2015-04-06,LHX-SNA,493.6368942260742,250000.0,2
2015-04-06,CLX-MO,758.0639953613281,250000.0,2
2015-04-06,EXPD-VRSK,-27.411514282226562,250000.0,2
2015-04-07,ICE-RJF,2278.9827842712402,250000.0,2
2015-04-07,LHX-SNA,107.97661590576172,250000.0,2
2015-04-07,CLX-MO,-1673.706314086914,250000.0,2
2015-04-07,EXPD-VRSK,-822.8946075439453,250000.0,2
2015-04-08,ICE-RJF,3493.1596298217773,250000.0,2
2015-04-08,LHX-SNA,-531.124885559082,250000.0,2
2015-04-08,CLX-MO,-1530.062572479248,250000.0,2
2015-04-08,EXPD-VRSK,-2768.997470855713,250000.0,2
2015-04-08,GPN-MSCI,0.0,250000.0,2
2015-04-08,GPN-NDAQ,0.0,250000.0,2
2015-04-09,ICE-RJF,1993.7502517700195,250000.0,2
2015-04-09,LHX-SNA,-3319.9826583862305,250000.0,2
2015-04-09,CLX-MO,-1961.0609855651855,250000.0,2
2015-04-09,EXPD-VRSK,-4394.623249053955,250000.0,2
2015-04-09,GPN-MSCI,-4445.936176300049,250000.0,2
2015-04-09,GPN-NDAQ,1076.84601688385,250000.0,2
2015-04-10,LHX-SNA,-2828.064582824707,250000.0,2
2015-04-10,EXPD-VRSK,-3026.429759979248,250000.0,2
2015-04-10,GPN-MSCI,-9244.36930847168,250000.0,2
2015-04-10,GPN-NDAQ,1970.6700429916382,250000.0,2
2015-04-10,DOV-HUBB,0.0,250000.0,2
2015-04-10,DOV-NSC,0.0,250000.0,2
2015-04-13,EXPD-VRSK,-2847.403839111328,250000.0,2
2015-04-13,GPN-MSCI,-4068.6637229919434,250000.0,2
2015-04-13,GPN-NDAQ,2639.19469165802,250000.0,2
2015-04-13,DOV-HUBB,1885.8983268737793,250000.0,2
2015-04-13,DOV-NSC,4885.73002243042,250000.0,2
2015-04-14,EXPD-VRSK,-2993.8683128356934,250000.0,2
2015-04-14,GPN-MSCI,-3232.1931381225586,250000.0,2
2015-04-14,GPN-NDAQ,-1101.5278415679932,250000.0,2
2015-04-15,EXPD-VRSK,-3343.770492553711,250000.0,2
2015-04-15,GPN-MSCI,-9144.230964660645,250000.0,2
2015-04-15,GPN-NDAQ,-3861.82373046875,250000.0,2
2015-04-15,DOV-NSC,0.0,250000.0,2
2015-04-16,EXPD-VRSK,-5094.532165527344,250000.0,2
2015-04-16,GPN-MSCI,-6938.315334320068,250000.0,2
2015-04-16,GPN-NDAQ,-1972.906922340393,250000.0,2
2015-04-16,DOV-NSC,896.5190811157227,250000.0,2
2015-04-17,GPN-MSCI,-8351.38558959961,250000.0,2
2015-04-17,GPN-NDAQ,-7631.750285148621,250000.0,2
2015-04-17,DOV-NSC,5257.873615264893,250000.0,2
2015-04-17,AFL-ICE,0.0,250000.0,2
2015-04-20,GPN-MSCI,-10305.042137145996,250000.0,2
2015-04-20,DOV-NSC,8654.012855529785,250000.0,2
2015-04-20,AFL-ICE,485.7070846557617,250000.0,2
2015-04-20,CLX-MO,0.0,250000.0,2
2015-04-21,AFL-ICE,949.5178680419922,250000.0,2
2015-04-22,AFL-ICE,1833.100715637207,250000.0,2
2015-04-23,AFL-ICE,991.4504470825195,250000.0,2
2015-04-23,ICE-TFC,0.0,250000.0,2
2015-04-24,AFL-ICE,-1094.592487335205,250000.0,2
2015-04-24,ICE-TFC,767.7920036315918,250000.0,2
2015-04-24,MPWR-PANW,0.0,250000.0,2
2015-04-24,KLAC-MSFT,0.0,250000.0,2
2015-04-27,AFL-ICE,-1177.0339660644531,250000.0,2
2015-04-27,ICE-TFC,39.98689270019531,250000.0,2
2015-04-27,MPWR-PANW,2969.715019226074,250000.0,2
2015-04-27,KLAC-MSFT,1023.3986377716064,250000.0,2
2015-04-28,AFL-ICE,-944.8344497680664,250000.0,2
2015-04-28,ICE-TFC,1308.2044143676758,250000.0,2
2015-04-28,MPWR-PANW,7459.061496734619,250000.0,2
2015-04-28,KLAC-MSFT,-3964.241413116455,250000.0,2
2015-04-29,AFL-ICE,1664.8902206420898,250000.0,2
2015-04-29,KLAC-MSFT,-5048.850217819214,250000.0,2
2015-04-29,EXPD-VRSK,0.0,250000.0,2
2015-04-30,KLAC-MSFT,-4304.805643081665,250000.0,2
2015-04-30,EXPD-VRSK,3793.274730682373,250000.0,2
2015-04-30,SYK-ZBH,0.0,250000.0,2
2015-05-01,KLAC-MSFT,-344.7920207977295,250000.0,2
2015-05-01,EXPD-VRSK,5431.9068031311035,250000.0,2
2015-05-01,SYK-ZBH,333.0728759765625,250000.0,2
2015-05-04,KLAC-MSFT,2478.820686340332,250000.0,2
2015-05-04,EXPD-VRSK,6607.0388107299805,250000.0,2
2015-05-04,SYK-ZBH,701.8886795043945,250000.0,2
2015-05-05,KLAC-MSFT,149.81345748901367,250000.0,2
2015-05-05,SYK-ZBH,950.4001083374023,250000.0,2
2015-05-06,KLAC-MSFT,6318.669300079346,250000.0,2
2015-05-06,SYK-ZBH,313.18894958496094,250000.0,2
2015-05-06,ED-EVRG,0.0,250000.0,2
2015-05-07,KLAC-MSFT,6015.724363327026,250000.0,2
2015-05-07,SYK-ZBH,2409.016632080078,250000.0,2
2015-05-07,ED-EVRG,-2229.5250606536865,250000.0,2
2015-05-08,KLAC-MSFT,3493.838436126709,250000.0,2
2015-05-08,SYK-ZBH,5058.78865814209,250000.0,2
2015-05-08,ED-EVRG,-1309.2136554718018,250000.0,2
2015-05-11,KLAC-MSFT,4879.725868225098,250000.0,2
2015-05-11,SYK-ZBH,5756.207763671875,250000.0,2
2015-05-11,ED-EVRG,-3407.09920501709,250000.0,2
2015-05-12,KLAC-MSFT,2211.5933513641357,250000.0,2
2015-05-12,SYK-ZBH,4731.089485168457,250000.0,2
2015-05-12,ED-EVRG,-1972.2551956176758,250000.0,2
2015-05-13,KLAC-MSFT,1221.879135131836,250000.0,2
2015-05-13,SYK-ZBH,4468.698677062988,250000.0,2
2015-05-13,ED-EVRG,-1190.1324920654297,250000.0,2
2015-05-14,SYK-ZBH,6368.073890686035,250000.0,2
2015-05-14,ED-EVRG,-1933.4779510498047,250000.0,2
2015-05-14,MU-WDC,0.0,250000.0,2
2015-05-14,DOV-HUBB,0.0,250000.0,2
2015-05-15,SYK-ZBH,5261.112335205078,250000.0,2
2015-05-15,ED-EVRG,-1744.2516250610352,250000.0,2
2015-05-15,MU-WDC,-759.6979236602783,250000.0,2
2015-05-15,DOV-HUBB,-1305.5073547363281,250000.0,2
2015-05-18,SYK-ZBH,6829.4919357299805,250000.0,2
2015-05-18,ED-EVRG,-300.9891605377197,250000.0,2
2015-05-18,MU-WDC,1884.9977855682373,250000.0,2
2015-05-18,DOV-HUBB,-611.7634201049805,250000.0,2
2015-05-18,GPN-MSCI,0.0,250000.0,2
2015-05-19,SYK-ZBH,6887.987365722656,250000.0,2
2015-05-19,ED-EVRG,-973.2666110992432,250000.0,2
2015-05-19,MU-WDC,4377.580326080322,250000.0,2
2015-05-19,DOV-HUBB,-847.1048278808594,250000.0,2
2015-05-19,GPN-MSCI,48.69578552246094,250000.0,2
2015-05-20,SYK-ZBH,6800.952987670898,250000.0,2
2015-05-20,ED-EVRG,-256.9153633117676,250000.0,2
2015-05-20,DOV-HUBB,-322.2338104248047,250000.0,2
2015-05-20,GPN-MSCI,-562.4191131591797,250000.0,2
2015-05-26,MPWR-PANW,0.0,250000.0,2
2015-04-06,ETN-PH,0.0,250000.0,3
2015-04-06,ETN-PNR,0.0,250000.0,3
2015-04-07,ETN-PH,2714.8008575439453,250000.0,3
2015-04-08,ETN-PH,2741.9193725585938,250000.0,3
2015-04-08,EW-VTRS,0.0,250000.0,3
2015-04-09,EW-VTRS,-5803.5303745269775,250000.0,3
2015-04-09,AMP-SYF,0.0,250000.0,3
2015-04-10,EW-VTRS,-2624.4182319641113,250000.0,3
2015-04-10,AMP-SYF,-5165.247604370117,250000.0,3
2015-04-13,EW-VTRS,5787.868621826172,250000.0,3
2015-04-13,AMP-SYF,-1567.7649536132812,250000.0,3
2015-04-13,CRL-INCY,0.0,250000.0,3
2015-04-14,EW-VTRS,5009.156366348267,250000.0,3
2015-04-14,AMP-SYF,2560.888557434082,250000.0,3
2015-04-14,CRL-INCY,1408.5354080200195,250000.0,3
2015-04-15,EW-VTRS,9425.3733253479,250000.0,3
2015-04-15,AMP-SYF,2475.631004333496,250000.0,3
2015-04-15,CRL-INCY,-2183.239456176758,250000.0,3
2015-04-15,ETN-NOC,0.0,250000.0,3
2015-04-16,EW-VTRS,9924.943984985352,250000.0,3
2015-04-16,CRL-INCY,-9714.676010131836,250000.0,3
2015-04-16,ETN-NOC,1258.4152374267578,250000.0,3
2015-04-17,EW-VTRS,-3868.8612957000732,250000.0,3
2015-04-17,CRL-INCY,-6902.967590332031,250000.0,3
2015-04-17,ETN-NOC,-2594.090133666992,250000.0,3
2015-04-17,AMD-GLW,0.0,250000.0,3
2015-04-17,COST-MDLZ,0.0,250000.0,3
2015-04-20,EW-VTRS,4744.695014953613,250000.0,3
2015-04-20,CRL-INCY,-15741.167266845703,250000.0,3
2015-04-20,ETN-NOC,-1077.9169616699219,250000.0,3
2015-04-20,AMD-GLW,-6160.7946100234985,250000.0,3
2015-04-20,COST-MDLZ,716.5737590789795,250000.0,3
2015-04-21,EW-VTRS,-18547.090574264526,250000.0,3
2015-04-21,ETN-NOC,165.094970703125,250000.0,3
2015-04-21,COST-MDLZ,-2049.659034729004,250000.0,3
2015-04-22,EW-VTRS,-11817.22382926941,250000.0,3
2015-04-22,ETN-NOC,-226.8839569091797,250000.0,3
2015-04-22,COST-MDLZ,-141.41509628295898,250000.0,3
2015-04-23,ETN-NOC,1527.8941192626953,250000.0,3
2015-04-23,COST-MDLZ,-169.766450881958,250000.0,3
2015-04-24,ETN-NOC,1671.643310546875,250000.0,3
2015-04-24,COST-MDLZ,171.7060203552246,250000.0,3
2015-04-24,DIS-GOOGL,0.0,250000.0,3
2015-04-24,CRM-MPWR,0.0,250000.0,3
2015-04-27,ETN-NOC,-3549.5775451660156,250000.0,3
2015-04-27,COST-MDLZ,-350.98305892944336,250000.0,3
2015-04-27,DIS-GOOGL,4005.448028564453,250000.0,3
2015-04-27,CRM-MPWR,2276.2561645507812,250000.0,3
2015-04-28,ETN-NOC,-373.9756317138672,250000.0,3
2015-04-28,COST-MDLZ,-467.91613388061523,250000.0,3
2015-04-28,DIS-GOOGL,4493.926361083984,250000.0,3
2015-04-28,CRM-MPWR,7471.47038269043,250000.0,3
2015-04-29,DIS-GOOGL,5666.917068481445,250000.0,3
2015-04-29,CRM-MPWR,-6925.833946228027,250000.0,3
2015-04-29,ETN-GD,0.0,250000.0,3
2015-04-30,CRM-MPWR,-3215.890769958496,250000.0,3
2015-04-30,ETN-GD,2058.1441497802734,250000.0,3
2015-04-30,ETN-NOC,0.0,250000.0,3
2015-05-01,CRM-MPWR,877.1429290771484,250000.0,3
2015-05-01,ETN-GD,-2170.1284408569336,250000.0,3
2015-05-01,ETN-NOC,-2482.073776245117,250000.0,3
2015-05-01,AXP-CBOE,0.0,250000.0,3
2015-05-04,CRM-MPWR,4660.939346313477,250000.0,3
2015-05-04,ETN-GD,-2865.5828018188477,250000.0,3
2015-05-04,ETN-NOC,-3662.338897705078,250000.0,3
2015-05-04,AXP-CBOE,-1225.2556915283203,250000.0,3
2015-05-05,CRM-MPWR,-3689.9523162841797,250000.0,3
2015-05-05,ETN-GD,2154.2698822021484,250000.0,3
2015-05-05,AXP-CBOE,-395.7187271118164,250000.0,3
2015-05-06,CRM-MPWR,-7010.531120300293,250000.0,3
2015-05-06,ETN-GD,2857.8571166992188,250000.0,3
2015-05-06,AXP-CBOE,1023.448356628418,250000.0,3
2015-05-07,CRM-MPWR,-7098.580169677734,250000.0,3
2015-05-07,ETN-GD,1500.1153259277344,250000.0,3
2015-05-08,CRM-MPWR,1444.586540222168,250000.0,3
2015-05-08,ETN-GD,-4153.934906005859,250000.0,3
2015-05-11,CRM-MPWR,2766.7998657226562,250000.0,3
2015-05-11,ETN-GD,-1474.1844024658203,250000.0,3
2015-05-12,CRM-MPWR,1080.5966796875,250000.0,3
2015-05-12,ETN-GD,-207.24237823486328,250000.0,3
2015-05-13,CRM-MPWR,1880.7083053588867,250000.0,3
2015-05-13,ETN-GD,950.2138671875,250000.0,3
2015-05-14,CRM-MPWR,3337.3676834106445,250000.0,3
2015-05-15,CRM-MPWR,3195.7441024780273,250000.0,3
2015-05-18,CRM-MPWR,9192.486297607422,250000.0,3
2015-05-21,HIG-WRB,0.0,250000.0,3
2015-05-26,TFC-WRB,0.0,250000.0,3
2015-05-26,ETN-GD,0.0,250000.0,3
2015-05-27,TFC-WRB,1126.6242218017578,250000.0,3
2015-05-28,TFC-WRB,1257.4287605285645,250000.0,3
2015-05-29,TFC-WRB,529.0899124145508,250000.0,3
2015-06-01,TFC-WRB,1826.2816429138184,250000.0,3
2015-06-05,COST-KO,0.0,250000.0,3
2015-06-05,COST-MDLZ,0.0,250000.0,3
2015-06-08,COST-MDLZ,-943.314567565918,250000.0,3
2015-06-29,CRM-MPWR,0.0,250000.0,3
2015-06-30,CRM-MPWR,-222.49211502075195,250000.0,3
2015-05-04,PFG-WTW,0.0,250000.0,4
2015-05-05,PFG-WTW,2106.772430419922,250000.0,4
2015-05-06,PFG-WTW,2614.2640686035156,250000.0,4
2015-05-07,PFG-WTW,3049.9500427246094,250000.0,4
2015-05-07,RSG-UAL,0.0,250000.0,4
2015-05-08,PFG-WTW,-931.0141906738281,250000.0,4
2015-05-08,RSG-UAL,4412.596038818359,250000.0,4
2015-05-08,CNP-NRG,0.0,250000.0,4
2015-05-11,RSG-UAL,563.5019989013672,250000.0,4
2015-05-11,CNP-NRG,2191.5152835845947,250000.0,4
2015-05-12,RSG-UAL,6023.095817565918,250000.0,4
2015-05-12,CNP-NRG,-5218.232894897461,250000.0,4
2015-05-13,CNP-NRG,-1361.9351091384888,250000.0,4
2015-05-14,CNP-NRG,3839.9316692352295,250000.0,4
2015-05-15,CNP-NRG,2300.200096130371,250000.0,4
2015-05-18,CNP-NRG,2994.1495876312256,250000.0,4
2015-05-19,CNP-NRG,5141.155143737793,250000.0,4
2015-05-19,MAS-XYL,0.0,250000.0,4
2015-05-20,MAS-XYL,2204.4409160614014,250000.0,4
2015-05-20,ADI-FICO,0.0,250000.0,4
2015-05-20,RSG-UAL,0.0,250000.0,4
2015-05-21,MAS-XYL,2264.9562244415283,250000.0,4
2015-05-21,ADI-FICO,3316.629981994629,250000.0,4
2015-05-21,RSG-UAL,-2245.984649658203,250000.0,4
2015-05-22,ADI-FICO,-2368.6430892944336,250000.0,4
2015-05-22,RSG-UAL,-3675.2443504333496,250000.0,4
2015-05-26,ADI-FICO,-6447.1113357543945,250000.0,4
2015-05-26,RSG-UAL,-6574.87952041626,250000.0,4
2015-05-27,RSG-UAL,114.60857009887695,250000.0,4
2015-05-28,RSG-UAL,-1508.5954971313477,250000.0,4
2015-05-29,RSG-UAL,2651.8072929382324,250000.0,4
2015-06-01,RSG-UAL,10314.49496459961,250000.0,4
2015-06-02,RSG-UAL,10206.076461791992,250000.0,4
2015-06-03,RSG-UAL,9912.900814056396,250000.0,4
2015-06-03,PNW-SRE,0.0,250000.0,4
2015-06-04,RSG-UAL,4762.557907104492,250000.0,4
2015-06-04,PNW-SRE,-749.1628112792969,250000.0,4
2015-06-05,RSG-UAL,3590.555709838867,250000.0,4
2015-06-05,PNW-SRE,-444.93426513671875,250000.0,4
2015-06-08,PNW-SRE,-1712.6228637695312,250000.0,4
2015-06-08,ETR-PPL,0.0,250000.0,4
2015-06-09,PNW-SRE,-1245.3716049194336,250000.0,4
2015-06-09,ETR-PPL,1683.3432388305664,250000.0,4
2015-06-10,PNW-SRE,-878.1269226074219,250000.0,4
2015-06-10,ETR-PPL,3004.7668781280518,250000.0,4
2015-06-11,PNW-SRE,-340.1377410888672,250000.0,4
2015-06-12,PNW-SRE,-1857.088523864746,250000.0,4
2015-06-15,PNW-SRE,-1946.9673690795898,250000.0,4
2015-06-16,PNW-SRE,-1936.875259399414,250000.0,4
2015-06-17,PNW-SRE,1270.9155960083008,250000.0,4
2015-06-18,PNW-SRE,806.9115982055664,250000.0,4
2015-06-19,RSG-UAL,0.0,250000.0,4
2015-06-22,RSG-UAL,-6461.992080688477,250000.0,4
2015-06-29,CDNS-SNPS,0.0,250000.0,4
2015-06-30,CDNS-SNPS,-1795.1891193389893,250000.0,4
2015-07-01,CDNS-SNPS,-1703.400764465332,250000.0,4
2015-07-02,CDNS-SNPS,-1600.7634944915771,250000.0,4
2015-07-06,CDNS-SNPS,-117.42022705078125,250000.0,4
2015-07-07,CDNS-SNPS,-1637.6505451202393,250000.0,4
2015-07-08,CDNS-SNPS,-2064.500759124756,250000.0,4
2015-07-09,CDNS-SNPS,-2565.899377822876,250000.0,4
2015-07-10,CDNS-SNPS,-1365.9259452819824,250000.0,4
2015-07-13,CDNS-SNPS,-595.1745586395264,250000.0,4
2015-07-13,NVR-ULTA,0.0,250000.0,4
2015-07-14,NVR-ULTA,1727.7821502685547,250000.0,4
2015-07-15,NVR-ULTA,-1297.6270294189453,250000.0,4
2015-07-16,NVR-ULTA,1892.184310913086,250000.0,4
2015-07-17,NVR-ULTA,1739.8699493408203,250000.0,4
2015-07-20,NVR-ULTA,-490.83412170410156,250000.0,4
2015-07-20,CDNS-SNPS,0.0,250000.0,4
2015-07-21,CDNS-SNPS,-1137.0931243896484,250000.0,4
2015-07-22,NVR-ORLY,0.0,250000.0,4
2015-07-23,NVR-ORLY,1008.7744941711426,250000.0,4
2015-07-23,MAS-XYL,0.0,250000.0,4
2015-07-24,MAS-XYL,2802.00106048584,250000.0,4
2015-07-27,MAS-XYL,2653.0546951293945,250000.0,4
2015-07-28,CDNS-SNPS,0.0,250000.0,4
2015-07-28,AIG-EG,0.0,250000.0,4
2015-07-29,CDNS-SNPS,77.15196800231934,250000.0,4
2015-07-29,AIG-EG,2411.8847274780273,250000.0,4
2015-07-30,CDNS-SNPS,1641.2664031982422,250000.0,4
2015-07-30,AIG-EG,2124.4075317382812,250000.0,4
2015-07-31,CDNS-SNPS,873.3112087249756,250000.0,4
2015-07-31,AIG-EG,3021.2743911743164,250000.0,4
2015-06-04,AMCR-SHW,0.0,250000.0,5
2015-06-05,AMCR-SHW,-1620.6586303710938,250000.0,5
2015-06-05,O-VTR,0.0,250000.0,5
2015-06-08,AMCR-SHW,-3462.8433837890625,250000.0,5
2015-06-08,O-VTR,-499.0123710632324,250000.0,5
2015-06-09,AMCR-SHW,-3577.9982299804688,250000.0,5
2015-06-09,O-VTR,20.410720825195312,250000.0,5
2015-06-10,AMCR-SHW,247.8768310546875,250000.0,5
2015-06-10,O-VTR,1084.3594818115234,250000.0,5
2015-06-11,AMCR-SHW,495.91131591796875,250000.0,5
2015-06-11,O-VTR,137.88924407958984,250000.0,5
2015-06-12,O-VTR,1118.0071601867676,250000.0,5
2015-06-15,O-VTR,988.97998046875,250000.0,5
2015-06-16,O-VTR,2108.8487663269043,250000.0,5
2015-06-17,O-VTR,-377.30300521850586,250000.0,5
2015-06-18,O-VTR,-1500.9776306152344,250000.0,5
2015-06-18,ANET-JBL,0.0,250000.0,5
2015-06-19,O-VTR,1905.8535537719727,250000.0,5
2015-06-19,ANET-JBL,1122.7919921875,250000.0,5
2015-06-22,O-VTR,1198.5578880310059,250000.0,5
2015-06-23,O-VTR,847.7611999511719,250000.0,5
2015-06-24,O-VTR,182.89584350585938,250000.0,5
2015-07-13,AMCR-IFF,0.0,250000.0,5
2015-07-14,AMCR-IFF,-1131.9216079711914,250000.0,5
2015-07-15,AMCR-IFF,-88.7777328491211,250000.0,5
2015-07-16,AMCR-IFF,-1553.5551834106445,250000.0,5
2015-07-22,AMCR-PKG,0.0,250000.0,5
2015-07-23,AMCR-PKG,4266.809272766113,250000.0,5
2015-07-23,AMCR-FCX,0.0,250000.0,5
2015-07-24,MSI-VRSN,0.0,250000.0,5
2015-07-27,MSI-VRSN,-2081.9269065856934,250000.0,5
2015-07-27,ANET-TRMB,0.0,250000.0,5
2015-07-28,ANET-TRMB,-297.0462074279785,250000.0,5
2015-07-29,ANET-TRMB,271.161340713501,250000.0,5
2015-08-05,ANET-TRMB,0.0,250000.0,5
2015-08-06,ANET-TRMB,1615.9002523422241,250000.0,5
2015-08-07,ANET-TRMB,6300.617980003357,250000.0,5
2015-08-10,ANET-TRMB,12815.115199565887,250000.0,5
2015-08-11,ANET-TRMB,4772.146193981171,250000.0,5
2015-08-11,AMCR-IFF,0.0,250000.0,5
2015-08-12,ANET-TRMB,334.9660038948059,250000.0,5
2015-08-12,AMCR-IFF,-679.443473815918,250000.0,5
2015-08-13,ANET-TRMB,6000.069815635681,250000.0,5
2015-08-13,AMCR-IFF,-1819.0953826904297,250000.0,5
2015-08-14,ANET-TRMB,7012.231194496155,250000.0,5
2015-08-14,AMCR-IFF,679.3781280517578,250000.0,5
2015-08-17,ANET-TRMB,11374.547729969025,250000.0,5
2015-08-17,AMCR-IFF,2060.003433227539,250000.0,5
2015-08-18,ANET-TRMB,6021.280287265778,250000.0,5
2015-08-18,AMCR-IFF,3243.5023498535156,250000.0,5
2015-08-18,O-VTR,0.0,250000.0,5
2015-08-19,ANET-TRMB,5442.548996448517,250000.0,5
2015-08-19,AMCR-IFF,131.4974594116211,250000.0,5
2015-08-19,O-VTR,3735.020330429077,250000.0,5
2015-08-20,AMCR-IFF,-4492.913360595703,250000.0,5
2015-08-20,O-VTR,5497.122852325439,250000.0,5
2015-08-20,AMCR-MLM,0.0,250000.0,5
2015-08-20,AMCR-VMC,0.0,250000.0,5
2015-08-20,AMCR-BALL,0.0,250000.0,5
2015-08-21,AMCR-IFF,-4602.498207092285,250000.0,5
2015-08-21,O-VTR,4675.283758163452,250000.0,5
2015-08-21,AMCR-MLM,-7946.722564697266,250000.0,5
2015-08-21,AMCR-VMC,-4366.838455200195,250000.0,5
2015-08-21,AMCR-BALL,-6383.419342041016,250000.0,5
2015-08-21,AMCR-IP,0.0,250000.0,5
2015-08-24,O-VTR,5073.208169937134,250000.0,5
2015-08-25,O-VTR,5946.282669067383,250000.0,5
2015-08-26,O-VTR,4150.428077697754,250000.0,5
2015-08-27,O-VTR,2156.966432571411,250000.0,5
2015-08-27,AMCR-IP,0.0,250000.0,5
2015-08-27,AMCR-MLM,0.0,250000.0,5
2015-08-27,AMCR-MOS,0.0,250000.0,5
2015-08-27,AMCR-VMC,0.0,250000.0,5
2015-08-28,O-VTR,2292.92893409729,250000.0,5
2015-08-28,AMCR-IP,-3360.274251937866,250000.0,5
2015-08-28,AMCR-MLM,1381.9908142089844,250000.0,5
2015-08-28,AMCR-MOS,-3021.0032348632812,250000.0,5
2015-08-28,AMCR-VMC,2209.9726333618164,250000.0,5
2015-08-31,O-VTR,3547.0752487182617,250000.0,5
2015-08-31,AMCR-IP,58.03787040710449,250000.0,5
2015-08-31,AMCR-MLM,4874.796295166016,250000.0,5
2015-08-31,AMCR-MOS,-1726.3676834106445,250000.0,5
2015-08-31,AMCR-VMC,5483.863235473633,250000.0,5
2015-07-16,EL-PM,0.0,250000.0,6
2015-07-17,EL-PM,-2809.1569747924805,250000.0,6
2015-07-20,EL-PM,-2456.551929473877,250000.0,6
2015-07-21,EL-PM,-868.9624481201172,250000.0,6
2015-07-22,EL-PM,-654.6423873901367,250000.0,6
2015-07-23,EL-PM,-721.768726348877,250000.0,6
2015-07-24,EL-PM,103.83330535888672,250000.0,6
2015-08-17,EL-KMB,0.0,250000.0,6
2015-08-17,EL-PM,0.0,250000.0,6
2015-08-18,EL-KMB,1836.7986602783203,250000.0,6
2015-08-18,EL-PM,2358.933868408203,250000.0,6
2015-08-19,EL-KMB,2717.827865600586,250000.0,6
2015-08-19,EL-PM,2589.721893310547,250000.0,6
2015-08-20,EL-KMB,3820.7459411621094,250000.0,6
2015-08-20,EL-PM,2688.075225830078,250000.0,6
2015-08-24,EL-KO,0.0,250000.0,6
2015-08-24,EL-KMB,0.0,250000.0,6
2015-08-25,EL-KO,-2019.513828277588,250000.0,6
2015-08-25,EL-KMB,-6562.219627380371,250000.0,6
2015-08-26,EL-KO,1125.2565689086914,250000.0,6
2015-08-26,EL-KMB,-1703.7822036743164,250000.0,6
2015-08-26,AMCR-SW,0.0,250000.0,6
2015-08-27,EL-KO,3440.4167671203613,250000.0,6
2015-08-27,EL-KMB,653.0683212280273,250000.0,6
2015-08-28,EL-KO,4436.598670959473,250000.0,6
2015-08-28,EL-KMB,-757.1073989868164,250000.0,6
2015-08-31,EL-KO,3954.8965072631836,250000.0,6
2015-08-31,EL-KMB,-1964.499755859375,250000.0,6
2015-09-01,EL-KO,1840.707691192627,250000.0,6
2015-09-01,EL-KMB,-6129.488983154297,250000.0,6
2015-09-02,EL-KO,1867.5406875610352,250000.0,6
2015-09-02,EL-KMB,-3259.3518981933594,250000.0,6
2015-09-03,EL-KO,3227.479202270508,250000.0,6
2015-09-03,EL-KMB,-1601.8602447509766,250000.0,6
2015-09-04,EL-KO,267.2500305175781,250000.0,6
2015-09-04,EL-KMB,-5333.588478088379,250000.0,6
2015-09-08,EL-KO,2553.4343185424805,250000.0,6
2015-09-08,EL-KMB,293.58377838134766,250000.0,6
2015-09-16,EL-KO,0.0,250000.0,6
2015-09-16,AMCR-ECL,0.0,250000.0,6
2015-09-17,EL-KO,-531.22412109375,250000.0,6
2015-09-17,AMCR-ECL,132.0281982421875,250000.0,6
2015-09-18,EL-KO,497.9322509765625,250000.0,6
2015-09-18,AMCR-ECL,2310.64453125,250000.0,6
2015-09-21,EL-KO,244.46173095703125,250000.0,6
2015-09-21,AMCR-ECL,1914.4655227661133,250000.0,6
2015-09-22,EL-KO,1348.6876831054688,250000.0,6
2015-09-22,AMCR-BALL,0.0,250000.0,6
2015-09-23,AMCR-BALL,-5818.276031494141,250000.0,6
2015-09-23,AMCR-LIN,0.0,250000.0,6
2015-08-04,HD-NCLH,0.0,250000.0,7
2015-08-05,HD-NCLH,5230.271514892578,250000.0,7
2015-08-06,HD-NCLH,7382.440567016602,250000.0,7
2015-08-06,O-PSA,0.0,250000.0,7
2015-08-07,O-PSA,-1736.8476428985596,250000.0,7
2015-08-10,O-PSA,-308.35367012023926,250000.0,7
2015-08-11,O-PSA,-2107.058250427246,250000.0,7
2015-08-13,DG-PM,0.0,250000.0,7
2015-08-14,DG-PM,-1212.4845504760742,250000.0,7
2015-08-17,DG-PM,-1227.6619606018066,250000.0,7
2015-08-18,DG-MO,0.0,250000.0,7
2015-08-19,DG-MO,-2388.9614658355713,250000.0,7
2015-08-19,CHRW-RSG,0.0,250000.0,7
2015-08-19,DG-MKC,0.0,250000.0,7
2015-08-20,DG-MO,-2336.1610069274902,250000.0,7
2015-08-20,CHRW-RSG,2484.3759384155273,250000.0,7
2015-08-20,DG-MKC,-3999.0530433654785,250000.0,7
2015-08-20,DG-KDP,0.0,250000.0,7
2015-08-20,MPWR-QCOM,0.0,250000.0,7
2015-08-21,DG-MO,-725.3124389648438,250000.0,7
2015-08-21,CHRW-RSG,-248.89275741577148,250000.0,7
2015-08-21,DG-MKC,-3248.176071166992,250000.0,7
2015-08-21,DG-KDP,-2973.4682292938232,250000.0,7
2015-08-21,DG-KO,0.0,250000.0,7
2015-08-21,INTC-ON,0.0,250000.0,7
2015-08-24,DG-KO,-6635.63289642334,250000.0,7
2015-08-24,INTC-ON,2096.874575614929,250000.0,7
2015-08-24,EL-KO,0.0,250000.0,7
2015-08-24,DG-KMB,0.0,250000.0,7
2015-08-24,CDNS-FFIV,0.0,250000.0,7
2015-08-25,INTC-ON,-1376.6377725601196,250000.0,7
2015-08-25,EL-KO,-2019.513828277588,250000.0,7
2015-08-25,DG-KMB,-5912.458473205566,250000.0,7
2015-08-25,CDNS-FFIV,2236.0,250000.0,7
2015-08-25,APD-NUE,0.0,250000.0,7
2015-08-26,INTC-ON,2865.8712911605835,250000.0,7
2015-08-26,EL-KO,1125.2565689086914,250000.0,7
2015-08-26,DG-KMB,-3087.955665588379,250000.0,7
2015-08-26,APD-NUE,1293.36279296875,250000.0,7
2015-08-26,INTC-MRVL,0.0,250000.0,7
2015-08-27,INTC-ON,-1020.5098390579224,250000.0,7
2015-08-27,EL-KO,3440.4167671203613,250000.0,7
2015-08-27,DG-KMB,3685.1787185668945,250000.0,7
2015-08-27,APD-NUE,5937.77880859375,250000.0,7
2015-08-28,INTC-ON,5937.180769920349,250000.0,7
2015-08-28,EL-KO,4436.598670959473,250000.0,7
2015-08-28,DG-KMB,1731.7570419311523,250000.0,7
2015-08-31,EL-KO,3954.8965072631836,250000.0,7
2015-08-31,DG-KMB,583.4470825195312,250000.0,7
2015-09-01,EL-KO,1840.707691192627,250000.0,7
2015-09-01,DG-KMB,-1863.4093856811523,250000.0,7
2015-09-02,EL-KO,1867.5406875610352,250000.0,7
2015-09-02,DG-KMB,1470.5732879638672,250000.0,7
2015-09-03,EL-KO,3227.479202270508,250000.0,7
2015-09-03,DG-KMB,3600.0831756591797,250000.0,7
2015-09-04,EL-KO,267.2500305175781,250000.0,7
2015-09-04,DG-KMB,-1936.5128707885742,250000.0,7
2015-09-08,EL-KO,2553.4343185424805,250000.0,7
2015-09-08,DG-KMB,3263.571662902832,250000.0,7
2015-09-08,MPWR-QCOM,0.0,250000.0,7
2015-09-09,HD-NCLH,0.0,250000.0,7
2015-09-10,HD-NCLH,1548.318000793457,250000.0,7
2015-09-10,DG-KR,0.0,250000.0,7
2015-09-11,HD-NCLH,-323.59324645996094,250000.0,7
2015-09-11,GLW-MRVL,0.0,250000.0,7
2015-09-11,INTC-MRVL,0.0,250000.0,7
2015-09-14,HD-NCLH,-4518.265403747559,250000.0,7
2015-09-14,GLW-MRVL,-5430.434002876282,250000.0,7
2015-09-14,INTC-MRVL,-5373.931987762451,250000.0,7
2015-09-15,HD-NCLH,-1682.975944519043,250000.0,7
2015-09-15,GLW-MRVL,-11353.903994560242,250000.0,7
2015-09-15,INTC-MRVL,-8411.001488685608,250000.0,7
2015-09-16,HD-NCLH,1414.0072174072266,250000.0,7
2015-09-16,GLW-MRVL,-4473.628978729248,250000.0,7
2015-09-16,INTC-MRVL,2477.026954650879,250000.0,7
2015-09-16,EL-KO,0.0,250000.0,7
2015-09-17,HD-NCLH,2533.3756713867188,250000.0,7
2015-09-17,GLW-MRVL,-6217.094145774841,250000.0,7
2015-09-17,INTC-MRVL,-846.2748699188232,250000.0,7
2015-09-17,EL-KO,-531.22412109375,250000.0,7
2015-09-18,HD-NCLH,-3127.002975463867,250000.0,7
2015-09-18,GLW-MRVL,-4582.056653022766,250000.0,7
2015-09-18,INTC-MRVL,-604.8889312744141,250000.0,7
2015-09-18,EL-KO,497.9322509765625,250000.0,7
2015-09-21,HD-NCLH,-2561.323631286621,250000.0,7
2015-09-21,GLW-MRVL,-2999.3207874298096,250000.0,7
2015-09-21,INTC-MRVL,-2088.2887077331543,250000.0,7
2015-09-21,EL-KO,244.46173095703125,250000.0,7
2015-09-22,HD-NCLH,3818.8722763061523,250000.0,7
2015-09-22,GLW-MRVL,10920.795763969421,250000.0,7
2015-09-22,INTC-MRVL,8476.941730499268,250000.0,7
2015-09-22,EL-KO,1348.6876831054688,250000.0,7
2015-09-23,HD-NCLH,-3346.195358276367,250000.0,7
2015-09-23,GLW-MRVL,10850.720584869385,250000.0,7
2015-09-23,INTC-MRVL,4341.526049613953,250000.0,7
2015-09-24,HD-NCLH,283.64022064208984,250000.0,7
2015-09-24,GLW-MRVL,21042.049418449402,250000.0,7
2015-09-24,INTC-MRVL,15863.446985244751,250000.0,7
2015-09-25,HD-NCLH,4802.546859741211,250000.0,7
2015-09-25,INTC-MRVL,20850.60238456726,250000.0,7
2015-09-25,APD-NUE,0.0,250000.0,7
2015-09-28,INTC-MRVL,13461.935106277466,250000.0,7
2015-09-28,APD-NUE,1593.4474067687988,250000.0,7
2015-09-28,INTC-ON,0.0,250000.0,7
2015-09-29,INTC-MRVL,8375.816423416138,250000.0,7
2015-09-29,APD-NUE,3963.913661956787,250000.0,7
2015-09-29,INTC-ON,-4332.574338912964,250000.0,7
2015-09-30,INTC-ON,-9286.041669845581,250000.0,7
2015-10-01,INTC-ON,-10193.792495727539,250000.0,7
2015-10-02,INTC-ON,-11365.71138381958,250000.0,7
2015-10-02,O-PSA,0.0,250000.0,7
2015-10-05,O-PSA,3212.634605407715,250000.0,7
2015-10-05,DG-KR,0.0,250000.0,7
2015-10-05,DG-PM,0.0,250000.0,7
2015-10-05,DG-KMB,0.0,250000.0,7
2015-10-06,O-PSA,5799.510248184204,250000.0,7
2015-10-06,DG-KR,1998.9687957763672,250000.0,7
2015-10-06,DG-PM,-2938.9399909973145,250000.0,7
2015-10-06,DG-KMB,-2500.5925331115723,250000.0,7
2015-10-07,DG-KR,-2677.3760108947754,250000.0,7
2015-10-08,DG-KR,-8041.573875427246,250000.0,7
2015-10-09,DG-KR,-6469.663185119629,250000.0,7
2015-10-12,DG-KR,-5370.297039031982,250000.0,7
2015-10-13,DG-KR,-1324.6945304870605,250000.0,7
2015-10-13,GLW-MRVL,0.0,250000.0,7
2015-10-14,DG-KR,1051.9700736999512,250000.0,7
2015-10-14,GLW-MRVL,-3237.0553245544434,250000.0,7
2015-10-14,CMS-DTE,0.0,250000.0,7
2015-10-14,INTC-ON,0.0,250000.0,7
2015-10-15,DG-KR,-1608.7449264526367,250000.0,7
2015-10-15,GLW-MRVL,-4304.057819366455,250000.0,7
2015-10-15,CMS-DTE,-601.6857013702393,250000.0,7
2015-10-15,INTC-ON,2760.697311401367,250000.0,7
2015-10-16,DG-KR,-3192.5564460754395,250000.0,7
2015-10-16,GLW-MRVL,-1346.2563953399658,250000.0,7
2015-10-16,CMS-DTE,56.94921684265137,250000.0,7
2015-10-16,INTC-ON,8210.574417114258,250000.0,7
2015-10-19,DG-KR,-5413.962650299072,250000.0,7
2015-10-19,GLW-MRVL,-5916.6087465286255,250000.0,7
2015-10-19,CMS-DTE,415.36208152770996,250000.0,7
2015-10-20,GLW-MRVL,1077.9813108444214,250000.0,7
2015-10-20,CMS-DTE,1110.2729034423828,250000.0,7
2015-10-21,GLW-MRVL,817.9044437408447,250000.0,7
2015-10-21,CMS-DTE,485.37635803222656,250000.0,7
2015-10-22,CMS-DTE,265.65189361572266,250000.0,7
2015-10-22,EL-KO,0.0,250000.0,7
2015-10-22,APD-NUE,0.0,250000.0,7
2015-10-23,EL-KO,2218.3664321899414,250000.0,7
2015-10-23,APD-NUE,-498.7859573364258,250000.0,7
2015-10-26,EL-KO,3051.8789978027344,250000.0,7
2015-10-27,EL-KO,2714.486526489258,250000.0,7
2015-10-27,CHRW-RSG,0.0,250000.0,7
2015-10-27,GLW-MRVL,0.0,250000.0,7
2015-10-28,EL-KO,1597.0510635375977,250000.0,7
2015-10-28,GLW-MRVL,-8025.556428432465,250000.0,7
2015-10-29,EL-KO,231.49820709228516,250000.0,7
2015-10-29,GLW-MRVL,-10701.472965717316,250000.0,7
2015-10-29,CDNS-FFIV,0.0,250000.0,7
2015-10-30,EL-KO,980.1771545410156,250000.0,7
2015-10-30,GLW-MRVL,-4240.314520359039,250000.0,7
2015-09-08,SBUX-ULTA,0.0,250000.0,8
2015-09-09,SBUX-ULTA,163.85161590576172,250000.0,8
2015-09-10,SBUX-ULTA,180.7362518310547,250000.0,8
2015-09-11,SBUX-ULTA,3563.3337326049805,250000.0,8
2015-09-24,CRL-STE,0.0,250000.0,8
2015-09-24,ALGN-RMD,0.0,250000.0,8
2015-09-25,CRL-STE,-5391.298477172852,250000.0,8
2015-09-28,CRL-STE,-2607.908290863037,250000.0,8
2015-09-28,BX-TROW,0.0,250000.0,8
2015-09-29,CRL-STE,781.511531829834,250000.0,8
2015-09-29,BX-TROW,-721.9569339752197,250000.0,8
2015-09-30,CRL-STE,873.5981407165527,250000.0,8
2015-09-30,BX-TROW,2008.2229442596436,250000.0,8
2015-09-30,EIX-NI,0.0,250000.0,8
2015-09-30,NI-PEG,0.0,250000.0,8
2015-09-30,ES-NI,0.0,250000.0,8
2015-10-01,CRL-STE,-1311.775463104248,250000.0,8
2015-10-01,EIX-NI,509.9214782714844,250000.0,8
2015-10-01,ES-NI,610.1310348510742,250000.0,8
2015-10-01,ADBE-ADSK,0.0,250000.0,8
2015-10-02,CRL-STE,1898.849021911621,250000.0,8
2015-10-02,EIX-NI,-3606.7267456054688,250000.0,8
2015-10-02,ES-NI,-3712.1863594055176,250000.0,8
2015-10-02,ADBE-ADSK,4514.98770904541,250000.0,8
2015-10-05,CRL-STE,-2692.625629425049,250000.0,8
2015-10-05,EIX-NI,-6348.894012451172,250000.0,8
2015-10-05,ES-NI,-6417.448028564453,250000.0,8
2015-10-05,ADBE-ADSK,2582.495994567871,250000.0,8
2015-10-06,CRL-STE,-3937.129592895508,250000.0,8
2015-10-06,EIX-NI,-2310.198043823242,250000.0,8
2015-10-06,ES-NI,-2277.680690765381,250000.0,8
2015-10-06,ADBE-ADSK,6885.49613571167,250000.0,8
2015-10-07,CRL-STE,-7065.816349029541,250000.0,8
2015-10-07,EIX-NI,-5204.13200378418,250000.0,8
2015-10-07,ES-NI,-5254.839408874512,250000.0,8
2015-10-07,NI-PCG,0.0,250000.0,8
2015-10-08,CRL-STE,-10803.36046218872,250000.0,8
2015-10-08,EIX-NI,-6862.4133224487305,250000.0,8
2015-10-08,ES-NI,-6976.538398742676,250000.0,8
2015-10-08,NI-PCG,998.6588897705078,250000.0,8
2015-10-09,EIX-NI,-5750.274230957031,250000.0,8
2015-10-09,ES-NI,-5788.2958984375,250000.0,8
2015-10-09,NI-PCG,-1311.528392791748,250000.0,8
2015-10-09,ADBE-ADSK,0.0,250000.0,8
2015-10-12,EIX-NI,-6406.356719970703,250000.0,8
2015-10-12,ES-NI,-6363.968650817871,250000.0,8
2015-10-12,NI-PCG,749.0563621520996,250000.0,8
2015-10-12,ADBE-ADSK,206.24055099487305,250000.0,8
2015-10-13,EIX-NI,-7234.08088684082,250000.0,8
2015-10-13,ES-NI,-7326.284820556641,250000.0,8
2015-10-13,NI-PCG,-749.048152923584,250000.0,8
2015-10-13,ADBE-ADSK,-2657.7883529663086,250000.0,8
2015-10-14,EIX-NI,-6528.975173950195,250000.0,8
2015-10-14,ES-NI,-6586.62268447876,250000.0,8
2015-10-14,NI-PCG,-429.82443618774414,250000.0,8
2015-10-14,ADBE-ADSK,947.5473670959473,250000.0,8
2015-10-15,ADBE-ADSK,364.6159248352051,250000.0,8
2015-10-16,ADBE-ADSK,3022.9524154663086,250000.0,8
2015-10-19,ADBE-ADSK,789.0571784973145,250000.0,8
2015-10-20,ADBE-ADSK,1216.6448516845703,250000.0,8
2015-10-21,ADBE-ADSK,4657.500675201416,250000.0,8
2015-10-21,AEP-NI,0.0,250000.0,8
2015-10-21,DTE-NI,0.0,250000.0,8
2015-10-21,CMS-NI,0.0,250000.0,8
2015-10-22,ADBE-ADSK,127.57711410522461,250000.0,8
2015-10-22,CMS-NI,2497.4312896728516,250000.0,8
2015-10-22,BX-TROW,0.0,250000.0,8
2015-10-23,ADBE-ADSK,441.18247985839844,250000.0,8
2015-10-23,CMS-NI,2424.3476419448853,250000.0,8
2015-10-23,BX-TROW,4074.305450439453,250000.0,8
2015-10-23,ALGN-RMD,0.0,250000.0,8
2015-10-23,NI-PEG,0.0,250000.0,8
2015-10-26,CMS-NI,1586.93949508667,250000.0,8
2015-10-26,BX-TROW,4705.910541534424,250000.0,8
2015-10-26,ALGN-RMD,-822.0449981689453,250000.0,8
2015-10-26,NI-PEG,-4589.21226978302,250000.0,8
2015-10-27,CMS-NI,-1111.5766820907593,250000.0,8
2015-10-27,BX-TROW,4137.788543701172,250000.0,8
2015-10-27,ALGN-RMD,7436.4224853515625,250000.0,8
2015-10-27,NI-PEG,-3320.8681716918945,250000.0,8
2015-10-27,ES-NI,0.0,250000.0,8
2015-10-28,CMS-NI,-179.26252555847168,250000.0,8
2015-10-28,BX-TROW,1504.5523872375488,250000.0,8
2015-10-28,ALGN-RMD,10772.870223999023,250000.0,8
2015-10-28,NI-PEG,-5524.532691001892,250000.0,8
2015-10-28,CRL-STE,0.0,250000.0,8
2015-10-28,JNJ-WST,0.0,250000.0,8
2015-10-28,ADBE-ADSK,0.0,250000.0,8
2015-10-29,CMS-NI,-894.5042171478271,250000.0,8
2015-10-29,BX-TROW,-1969.4742736816406,250000.0,8
2015-10-29,ALGN-RMD,10594.848243713379,250000.0,8
2015-10-29,NI-PEG,-4088.381459236145,250000.0,8
2015-10-29,CRL-STE,2909.4327392578125,250000.0,8
2015-10-29,JNJ-WST,1628.891098022461,250000.0,8
2015-10-29,ADBE-ADSK,1206.5594177246094,250000.0,8
2015-10-30,CMS-NI,1324.7071371078491,250000.0,8
2015-10-30,BX-TROW,-5780.052112579346,250000.0,8
2015-10-30,JNJ-WST,1184.5031547546387,250000.0,8
2015-10-30,ADBE-ADSK,1722.6536560058594,250000.0,8
2015-11-02,BX-TROW,-3236.8860244750977,250000.0,8
2015-11-02,JNJ-WST,611.8290596008301,250000.0,8
2015-11-02,ADBE-ADSK,-3384.1497802734375,250000.0,8
2015-11-03,BX-TROW,-2968.2320709228516,250000.0,8
2015-11-03,JNJ-WST,-1045.7030868530273,250000.0,8
2015-11-03,ADBE-ADSK,-7150.320129394531,250000.0,8
2015-11-04,BX-TROW,-4821.590446472168,250000.0,8
2015-11-04,JNJ-WST,-4931.909122467041,250000.0,8
2015-11-04,ADBE-ADSK,-5373.923889160156,250000.0,8
2015-11-05,BX-TROW,-7396.653903961182,250000.0,8
2015-11-05,JNJ-WST,-6070.307327270508,250000.0,8
2015-11-06,NI-PEG,0.0,250000.0,8
2015-11-09,NI-PEG,920.5430297851562,250000.0,8
2015-11-10,NI-PEG,99.41349601745605,250000.0,8
2015-11-11,NI-PEG,761.7886152267456,250000.0,8
2015-11-12,NI-PEG,1127.4287633895874,250000.0,8
2015-11-13,NI-PEG,1958.6835823059082,250000.0,8
2015-11-13,SBUX-ULTA,0.0,250000.0,8
2015-11-16,NI-PEG,6005.293502807617,250000.0,8
2015-11-16,SBUX-ULTA,5438.746337890625,250000.0,8
2015-11-17,NI-PEG,1112.2025127410889,250000.0,8
2015-11-17,SBUX-ULTA,10823.782897949219,250000.0,8
2015-11-18,NI-PEG,-1174.3977603912354,250000.0,8
2015-11-18,SBUX-ULTA,12579.777709960938,250000.0,8
2015-11-19,NI-PEG,1637.270700454712,250000.0,8
2015-11-19,SBUX-ULTA,12316.093353271484,250000.0,8
2015-11-20,NI-PEG,1979.4228496551514,250000.0,8
2015-11-23,NI-PEG,1298.603916168213,250000.0,8
2015-11-24,NI-PEG,497.40157318115234,250000.0,8
2015-11-25,NI-PEG,1127.4287633895874,250000.0,8
2015-11-27,NI-PEG,1614.1914644241333,250000.0,8
2015-11-30,NI-PEG,1641.815299987793,250000.0,8
2015-10-19,ALL-MTB,0.0,250000.0,9
2015-10-20,ALL-MTB,4924.683975219727,250000.0,9
2015-10-21,ALL-MTB,5990.561737060547,250000.0,9
2015-10-21,ALL-NTRS,0.0,250000.0,9
2015-10-21,ALL-CB,0.0,250000.0,9
2015-10-22,ALL-NTRS,2740.0279693603516,250000.0,9
2015-10-22,ALL-CB,-2460.8212127685547,250000.0,9
2015-10-22,CI-WST,0.0,250000.0,9
2015-10-22,ALL-TROW,0.0,250000.0,9
2015-10-23,ALL-CB,-1713.8161849975586,250000.0,9
2015-10-23,CI-WST,-4454.357688903809,250000.0,9
2015-10-23,ALL-TROW,-77.47933959960938,250000.0,9
2015-10-23,ALL-HBAN,0.0,250000.0,9
2015-10-23,ALL-TFC,0.0,250000.0,9
2015-10-26,ALL-CB,-2541.1276473999023,250000.0,9
2015-10-26,CI-WST,-4586.01940536499,250000.0,9
2015-10-26,ALL-TROW,1019.9348258972168,250000.0,9
2015-10-26,ALL-HBAN,3926.2739686965942,250000.0,9
2015-10-26,ALL-TFC,2951.788299560547,250000.0,9
2015-10-27,ALL-CB,-2563.0059394836426,250000.0,9
2015-10-27,CI-WST,-3704.9246253967285,250000.0,9
2015-10-27,ALL-TROW,-2807.1461219787598,250000.0,9
2015-10-27,ALL-HBAN,1865.3395290374756,250000.0,9
2015-10-27,ALL-TFC,58.78506851196289,250000.0,9
2015-10-27,ALL-AON,0.0,250000.0,9
2015-10-28,ALL-CB,-2091.7796325683594,250000.0,9
2015-10-28,ALL-TROW,-1030.5530891418457,250000.0,9
2015-10-28,ALL-HBAN,-3445.4933385849,250000.0,9
2015-10-28,ALL-TFC,-159.73277282714844,250000.0,9
2015-10-28,ALL-AON,1380.979694366455,250000.0,9
2015-10-28,ALL-BAC,0.0,250000.0,9
2015-10-29,ALL-CB,-1586.5486488342285,250000.0,9
2015-10-29,ALL-TROW,-47.773372650146484,250000.0,9
2015-10-29,ALL-HBAN,-1182.6194772720337,250000.0,9
2015-10-29,ALL-AON,2077.070182800293,250000.0,9
2015-10-29,ALL-BAC,4277.275643348694,250000.0,9
2015-10-30,ALL-CB,1326.275806427002,250000.0,9
2015-10-30,ALL-TROW,-3612.6332244873047,250000.0,9
2015-10-30,ALL-AON,3123.6689529418945,250000.0,9
2015-10-30,ALL-BAC,5864.08256149292,250000.0,9
2015-11-02,ALL-CB,79.45991897583008,250000.0,9
2015-11-02,ALL-TROW,-5774.052211761475,250000.0,9
2015-11-02,ALL-AON,-902.7207183837891,250000.0,9
2015-11-02,ALL-BAC,1558.4885625839233,250000.0,9
2015-11-03,ALL-CB,2394.8679733276367,250000.0,9
2015-11-03,ALL-TROW,-3303.598457336426,250000.0,9
2015-11-03,ALL-BAC,4153.562449455261,250000.0,9
2015-11-04,ALL-CB,3619.3010063171387,250000.0,9
2015-11-04,ALL-TROW,-2471.926654815674,250000.0,9
2015-11-04,ALL-BAC,5752.965731620789,250000.0,9
2015-11-05,ALL-CB,3029.395881652832,250000.0,9
2015-11-05,ALL-TROW,-2088.351230621338,250000.0,9
2015-11-05,ALL-BAC,3514.7550868988037,250000.0,9
2015-11-06,ALL-CB,4653.228454589844,250000.0,9
2015-11-06,ALL-BAC,-4088.085668563843,250000.0,9
2015-11-09,ALL-CB,5221.808788299561,250000.0,9
2015-11-09,ALL-BAC,-1933.5317878723145,250000.0,9
2015-11-10,ALL-CB,2753.9142875671387,250000.0,9
2015-11-10,ALL-BAC,-5029.808279037476,250000.0,9
2015-11-11,ALL-CB,2948.6872634887695,250000.0,9
2015-11-11,ALL-BAC,-4220.050481796265,250000.0,9
2015-12-01,CI-SYK,0.0,250000.0,9
2015-12-02,CI-SYK,-1524.596923828125,250000.0,9
2015-12-02,ALL-PRU,0.0,250000.0,9
2015-12-02,ALL-TROW,0.0,250000.0,9
2015-12-03,ALL-TROW,-865.3324584960938,250000.0,9
2015-12-03,ALL-USB,0.0,250000.0,9
2015-12-03,ALL-GL,0.0,250000.0,9
2015-12-03,ALL-NTRS,0.0,250000.0,9
2015-12-03,ALL-PFG,0.0,250000.0,9
2015-12-03,ALL-PNC,0.0,250000.0,9
2015-12-03,ALL-HBAN,0.0,250000.0,9
2015-12-03,ALL-MTB,0.0,250000.0,9
2015-12-03,ALL-TFC,0.0,250000.0,9
2015-12-03,ALL-WFC,0.0,250000.0,9
2015-12-04,ALL-USB,1907.8476886749268,250000.0,9
2015-12-04,ALL-GL,293.8394317626953,250000.0,9
2015-12-04,ALL-NTRS,3491.9068336486816,250000.0,9
2015-12-04,ALL-PFG,-1031.3054962158203,250000.0,9
2015-12-04,ALL-HBAN,1408.2087707519531,250000.0,9
2015-12-04,ALL-MTB,2033.315616607666,250000.0,9
2015-12-04,ALL-TFC,1523.4619941711426,250000.0,9
2015-12-04,ALL-WFC,1362.8167037963867,250000.0,9
2015-12-07,ALL-USB,849.4356212615967,250000.0,9
2015-12-07,ALL-GL,-562.353443145752,250000.0,9
2015-12-07,ALL-NTRS,680.088306427002,250000.0,9
2015-12-07,ALL-PFG,-1154.6824378967285,250000.0,9
2015-12-07,ALL-HBAN,-2422.4159479141235,250000.0,9
2015-12-07,ALL-MTB,1345.3411293029785,250000.0,9
2015-12-07,ALL-TFC,195.55012130737305,250000.0,9
2015-12-07,ALL-WFC,524.7559623718262,250000.0,9
2015-12-07,ALL-BAC,0.0,250000.0,9
2015-12-08,ALL-USB,-946.1861190795898,250000.0,9
2015-12-08,ALL-GL,-1606.3950576782227,250000.0,9
2015-12-08,ALL-NTRS,1529.2433128356934,250000.0,9
2015-12-08,ALL-PFG,-3483.643486022949,250000.0,9
2015-12-08,ALL-MTB,-1362.5648384094238,250000.0,9
2015-12-08,ALL-WFC,-2510.287528991699,250000.0,9
2015-12-08,ALL-BAC,-2779.0344409942627,250000.0,9
2015-12-09,ALL-USB,-1453.9710750579834,250000.0,9
2015-12-09,ALL-GL,-2129.9898529052734,250000.0,9
2015-12-09,ALL-NTRS,-1448.5871238708496,250000.0,9
2015-12-09,ALL-PFG,-5476.99408531189,250000.0,9
2015-12-09,ALL-WFC,-778.3469619750977,250000.0,9
2015-12-09,ALL-BAC,-59.85677146911621,250000.0,9
2015-12-10,ALL-USB,674.7128448486328,250000.0,9
2015-12-10,ALL-GL,-965.2521781921387,250000.0,9
2015-12-10,ALL-NTRS,-1188.7788276672363,250000.0,9
2015-12-10,ALL-PFG,-2997.528705596924,250000.0,9
2015-12-10,ALL-WFC,1558.897647857666,250000.0,9
2015-12-10,ALL-BAC,3116.1708011627197,250000.0,9
2015-12-11,ALL-USB,-2127.1186237335205,250000.0,9
2015-12-11,ALL-GL,-3250.9124641418457,250000.0,9
2015-12-11,ALL-NTRS,-4610.838344573975,250000.0,9
2015-12-11,ALL-WFC,-10.704120635986328,250000.0,9
2015-12-11,ALL-BAC,627.7374134063721,250000.0,9
2015-12-14,ALL-USB,-693.8487186431885,250000.0,9
2015-12-14,ALL-NTRS,-4606.987575531006,250000.0,9
2015-12-14,ALL-WFC,-265.9931411743164,250000.0,9
2015-12-14,ALL-BAC,1958.9666137695312,250000.0,9
2015-12-15,ALL-NTRS,-65.4704360961914,250000.0,9
2015-12-15,ALL-AON,0.0,250000.0,9
2015-12-16,ALL-NTRS,2272.8861503601074,250000.0,9
2015-12-16,ALL-AON,1265.6662216186523,250000.0,9
2015-12-17,ALL-NTRS,-1355.2279319763184,250000.0,9
2015-11-05,CSCO-GDDY,0.0,250000.0,10
2015-11-05,GDDY-QCOM,0.0,250000.0,10
2015-11-06,CSCO-GDDY,14552.917530059814,250000.0,10
2015-11-06,GDDY-QCOM,26675.577323913574,250000.0,10
2015-11-06,AON-RJF,0.0,250000.0,10
2015-11-06,AON-JPM,0.0,250000.0,10
2015-11-06,FICO-ROP,0.0,250000.0,10
2015-11-09,CSCO-GDDY,7635.306343078613,250000.0,10
2015-11-09,GDDY-QCOM,18889.71134185791,250000.0,10
2015-11-09,AON-RJF,-1327.3859024047852,250000.0,10
2015-11-09,AON-JPM,1212.6910018920898,250000.0,10
2015-11-09,FICO-ROP,1279.7953796386719,250000.0,10
2015-11-10,CSCO-GDDY,-1373.9367046356201,250000.0,10
2015-11-10,GDDY-QCOM,7496.3298416137695,250000.0,10
2015-11-10,AON-RJF,658.7523727416992,250000.0,10
2015-11-10,AON-JPM,1453.551181793213,250000.0,10
2015-11-10,FICO-ROP,1240.0480041503906,250000.0,10
2015-11-11,CSCO-GDDY,-1254.067087173462,250000.0,10
2015-11-11,GDDY-QCOM,11552.372413635254,250000.0,10
2015-11-11,AON-RJF,3788.4131774902344,250000.0,10
2015-11-11,AON-JPM,4808.846588134766,250000.0,10
2015-11-11,FICO-ROP,-1463.3473052978516,250000.0,10
2015-11-12,CSCO-GDDY,-7899.543891906738,250000.0,10
2015-11-12,GDDY-QCOM,3171.6100311279297,250000.0,10
2015-11-12,AON-RJF,3795.2383193969727,250000.0,10
2015-11-12,AON-JPM,7161.994312286377,250000.0,10
2015-11-12,FICO-ROP,1325.5896911621094,250000.0,10
2015-11-13,CSCO-GDDY,-5981.254697799683,250000.0,10
2015-11-13,FICO-ROP,2826.1865997314453,250000.0,10
2015-11-16,CSCO-GDDY,-6078.607177734375,250000.0,10
2015-11-16,FICO-ROP,1054.6218566894531,250000.0,10
2015-11-17,CSCO-GDDY,-5948.957263946533,250000.0,10
2015-11-17,FICO-ROP,3217.071548461914,250000.0,10
2015-11-18,CSCO-GDDY,-4942.457437515259,250000.0,10
2015-11-18,FICO-ROP,1403.2052917480469,250000.0,10
2015-11-18,AMD-ON,0.0,250000.0,10
2015-11-19,CSCO-GDDY,-5944.562000274658,250000.0,10
2015-11-19,FICO-ROP,4549.867706298828,250000.0,10
2015-11-19,AMD-ON,3924.2457842826843,250000.0,10
2015-11-20,FICO-ROP,6039.948806762695,250000.0,10
2015-11-20,AMD-ON,-95.56243562698364,250000.0,10
2015-11-20,BRO-NTRS,0.0,250000.0,10
2015-11-23,FICO-ROP,6494.96403503418,250000.0,10
2015-11-23,AMD-ON,-348.34822130203247,250000.0,10
2015-11-23,BRO-NTRS,242.10594844818115,250000.0,10
2015-11-24,AMD-ON,-3597.4410157203674,250000.0,10
2015-11-24,BRO-NTRS,-879.8825731277466,250000.0,10
2015-11-24,CSCO-GDDY,0.0,250000.0,10
2015-11-25,AMD-ON,-3585.1235542297363,250000.0,10
2015-11-25,BRO-NTRS,33.71405029296875,250000.0,10
2015-11-25,CSCO-GDDY,-1680.4462146759033,250000.0,10
2015-11-25,IVZ-NTRS,0.0,250000.0,10
2015-11-27,AMD-ON,6700.237110137939,250000.0,10
2015-11-27,BRO-NTRS,1705.117413520813,250000.0,10
2015-11-27,CSCO-GDDY,2640.7327842712402,250000.0,10
2015-11-27,IVZ-NTRS,1751.0483779907227,250000.0,10
2015-11-30,AMD-ON,10438.011625766754,250000.0,10
2015-11-30,BRO-NTRS,-956.3078155517578,250000.0,10
2015-11-30,CSCO-GDDY,-1120.3326988220215,250000.0,10
2015-11-30,IVZ-NTRS,-685.7849311828613,250000.0,10
2015-12-01,AMD-ON,19658.320912837982,250000.0,10
2015-12-01,CSCO-GDDY,-2006.562967300415,250000.0,10
2015-12-01,IVZ-NTRS,-1439.5693111419678,250000.0,10
2015-12-02,CSCO-GDDY,-1924.2141342163086,250000.0,10
2015-12-02,IVZ-NTRS,-1570.8657836914062,250000.0,10
2015-12-03,CSCO-GDDY,5208.93759727478,250000.0,10
2015-12-04,ECL-NEM,0.0,250000.0,10
2015-12-04,AFL-CB,0.0,250000.0,10
2015-12-07,ECL-NEM,6275.712572097778,250000.0,10
2015-12-07,AFL-CB,-1609.0162506103516,250000.0,10
2015-12-07,BRO-SPGI,0.0,250000.0,10
2015-12-07,AON-JPM,0.0,250000.0,10
2015-12-08,ECL-NEM,5308.026103019714,250000.0,10
2015-12-08,AFL-CB,-1685.1438941955566,250000.0,10
2015-12-08,BRO-SPGI,1595.1209716796875,250000.0,10
2015-12-08,AON-JPM,-26.87139129638672,250000.0,10
2015-12-09,ECL-NEM,3910.397879600525,250000.0,10
2015-12-09,AFL-CB,-2699.8584518432617,250000.0,10
2015-12-09,BRO-SPGI,1540.7356338500977,250000.0,10
2015-12-09,AON-JPM,151.93494415283203,250000.0,10
2015-12-09,CFG-STT,0.0,250000.0,10
2015-12-10,ECL-NEM,3259.67502784729,250000.0,10
2015-12-10,AFL-CB,-3005.717296600342,250000.0,10
2015-12-10,AON-JPM,1651.2064933776855,250000.0,10
2015-12-10,CFG-STT,-584.2911529541016,250000.0,10
2015-12-11,ECL-NEM,-1977.735421180725,250000.0,10
2015-12-11,AFL-CB,-4742.308517456055,250000.0,10
2015-12-11,AON-JPM,-2848.839511871338,250000.0,10
2015-12-14,ECL-NEM,11022.87574672699,250000.0,10
2015-12-15,ECL-NEM,14366.921495437622,250000.0,10
2015-12-15,TJX-TPR,0.0,250000.0,10
2015-12-16,ECL-NEM,13849.01309299469,250000.0,10
2015-12-16,TJX-TPR,-4269.01349067688,250000.0,10
2015-12-17,TJX-TPR,-1835.589651107788,250000.0,10
2015-12-18,TJX-TPR,-25.531539916992188,250000.0,10
2015-12-21,TJX-TPR,-4812.730438232422,250000.0,10
2015-12-22,TJX-TPR,-5454.44962310791,250000.0,10
2015-12-22,MAS-TT,0.0,250000.0,10
2015-12-23,TJX-TPR,-5211.690540313721,250000.0,10
2015-12-24,TJX-TPR,-1332.8880805969238,250000.0,10
2015-12-28,TJX-TPR,-1632.5944118499756,250000.0,10
2015-12-29,TJX-TPR,-1935.7799224853516,250000.0,10
2016-01-04,ECL-NEM,0.0,250000.0,10
2016-01-04,AFL-CB,0.0,250000.0,10
2016-01-05,ECL-NEM,1628.0490760803223,250000.0,10
2016-01-07,CFG-STT,0.0,250000.0,10
2016-01-07,APTV-GM,0.0,250000.0,10
2016-01-07,MDLZ-SYY,0.0,250000.0,10
2016-01-08,CFG-STT,-5225.829694747925,250000.0,10
2016-01-08,APTV-GM,-2233.7467346191406,250000.0,10
2016-01-08,MDLZ-SYY,-2151.9879093170166,250000.0,10
2016-01-11,CFG-STT,-6231.62677192688,250000.0,10
2016-01-11,APTV-GM,1157.683609008789,250000.0,10
2016-01-11,MDLZ-SYY,-1759.8025951385498,250000.0,10
2016-01-12,CFG-STT,-2454.4998416900635,250000.0,10
2016-01-12,APTV-GM,-2958.16845703125,250000.0,10
2016-01-13,CFG-STT,-11857.483527183533,250000.0,10
2016-01-13,FICO-ROP,0.0,250000.0,10
2016-01-14,CFG-STT,-8706.119953155518,250000.0,10
2016-01-14,FICO-ROP,4555.105529785156,250000.0,10
2016-01-15,FICO-ROP,6660.877998352051,250000.0,10
2016-01-19,FICO-ROP,5764.507354736328,250000.0,10
2016-01-22,CFG-STT,0.0,250000.0,10
2016-01-22,AFL-CB,0.0,250000.0,10
2016-01-25,CFG-STT,-85.06169891357422,250000.0,10
2016-01-25,AFL-CB,-2595.5587768554688,250000.0,10
2016-01-26,CFG-STT,-4057.548746109009,250000.0,10
2016-01-26,AFL-CB,-4023.5451889038086,250000.0,10
2016-01-27,AFL-CB,-4915.593338012695,250000.0,10
2016-01-28,AFL-CB,-4124.4085121154785,250000.0,10
2016-01-29,FICO-ROP,0.0,250000.0,10
2015-12-01,AIZ-CBOE,0.0,250000.0,11
2015-12-02,AIZ-CBOE,247.64691162109375,250000.0,11
2015-12-02,ALL-PRU,0.0,250000.0,11
2015-12-03,AIZ-CBOE,-2017.1351928710938,250000.0,11
2015-12-03,ALL-JPM,0.0,250000.0,11
2015-12-04,ALL-JPM,2266.621898651123,250000.0,11
2015-12-04,AFL-CME,0.0,250000.0,11
2015-12-07,ALL-JPM,-784.8163185119629,250000.0,11
2015-12-07,AFL-CME,-980.1055755615234,250000.0,11
2015-12-07,ALL-BAC,0.0,250000.0,11
2015-12-07,RF-TFC,0.0,250000.0,11
2015-12-08,ALL-JPM,-2987.7117500305176,250000.0,11
2015-12-08,AFL-CME,886.7870674133301,250000.0,11
2015-12-08,ALL-BAC,-2779.0344409942627,250000.0,11
2015-12-08,RF-TFC,-1992.8964710235596,250000.0,11
2015-12-09,ALL-JPM,-1720.5472946166992,250000.0,11
2015-12-09,ALL-BAC,-59.85677146911621,250000.0,11
2015-12-09,RF-TFC,-131.39893531799316,250000.0,11
2015-12-09,ALL-CME,0.0,250000.0,11
2015-12-10,ALL-JPM,234.72583770751953,250000.0,11
2015-12-10,ALL-BAC,3116.1708011627197,250000.0,11
2015-12-10,RF-TFC,757.5956058502197,250000.0,11
2015-12-10,ALL-CME,3279.9489822387695,250000.0,11
2015-12-11,ALL-JPM,-2284.5006561279297,250000.0,11
2015-12-11,ALL-BAC,627.7374134063721,250000.0,11
2015-12-11,RF-TFC,1168.170566558838,250000.0,11
2015-12-11,ALL-CME,-1755.7876892089844,250000.0,11
2015-12-14,ALL-JPM,-1260.6423530578613,250000.0,11
2015-12-14,ALL-BAC,1958.9666137695312,250000.0,11
2015-12-14,RF-TFC,337.47620582580566,250000.0,11
2015-12-14,C-SPGI,0.0,250000.0,11
2015-12-15,ALL-JPM,1370.7399139404297,250000.0,11
2015-12-17,ALL-RJF,0.0,250000.0,11
2015-12-18,ALL-RJF,-2465.162525177002,250000.0,11
2016-01-04,MTB-PRU,0.0,250000.0,11
2016-01-04,AFL-CME,0.0,250000.0,11
2016-01-04,RF-TFC,0.0,250000.0,11
2016-01-05,MTB-PRU,2694.29141998291,250000.0,11
2016-01-05,AFL-CME,2115.8824501037598,250000.0,11
2016-01-05,RF-TFC,441.55013513565063,250000.0,11
2016-01-05,AJG-MET,0.0,250000.0,11
2016-01-05,AIZ-CBOE,0.0,250000.0,11
2016-01-06,AFL-CME,2477.2963829040527,250000.0,11
2016-01-06,RF-TFC,-50.409508228302,250000.0,11
2016-01-06,AIZ-CBOE,-596.1980361938477,250000.0,11
2016-01-07,AFL-CME,292.3644256591797,250000.0,11
2016-01-07,RF-TFC,-1475.964478969574,250000.0,11
2016-01-07,ALL-PRU,0.0,250000.0,11
2016-01-07,ALL-JPM,0.0,250000.0,11
2016-01-08,AFL-CME,-2482.5549964904785,250000.0,11
2016-01-08,RF-TFC,-2926.447432041168,250000.0,11
2016-01-08,ALL-PRU,-1482.3140335083008,250000.0,11
2016-01-08,ALL-BAC,0.0,250000.0,11
2016-01-11,AFL-CME,-1111.2130165100098,250000.0,11
2016-01-11,RF-TFC,749.4614605903625,250000.0,11
2016-01-11,ALL-PRU,-999.9737205505371,250000.0,11
2016-01-11,ALL-BAC,2905.2051544189453,250000.0,11
2016-01-12,AFL-CME,-1547.0373191833496,250000.0,11
2016-01-12,RF-TFC,1130.1499314308167,250000.0,11
2016-01-12,ALL-PRU,-3293.9757347106934,250000.0,11
2016-01-12,ALL-BAC,-383.16307067871094,250000.0,11
2016-01-13,RF-TFC,734.7753973007202,250000.0,11
2016-01-13,ALL-PRU,-4088.015766143799,250000.0,11
2016-01-13,ALL-BAC,-3263.986873626709,250000.0,11
2016-01-13,ALL-CME,0.0,250000.0,11
2016-01-13,AJG-CME,0.0,250000.0,11
2016-01-13,AJG-NDAQ,0.0,250000.0,11
2016-01-14,RF-TFC,2221.0527477264404,250000.0,11
2016-01-14,ALL-PRU,-5728.905132293701,250000.0,11
2016-01-14,ALL-BAC,-4445.682334899902,250000.0,11
2016-01-14,ALL-CME,248.5180778503418,250000.0,11
2016-01-14,AJG-CME,-886.0538921356201,250000.0,11
2016-01-15,RF-TFC,-794.5548663139343,250000.0,11
2016-01-15,ALL-CME,1031.8783912658691,250000.0,11
2016-01-15,AJG-CME,-540.0813312530518,250000.0,11
2016-01-21,OMC-VZ,0.0,250000.0,11
2016-01-22,OMC-VZ,-3369.7692832946777,250000.0,11
2016-01-25,OMC-VZ,-4435.160305023193,250000.0,11
2016-01-28,AJG-MET,0.0,250000.0,11
2016-02-02,ALL-BAC,0.0,250000.0,11
2016-02-03,ALL-BAC,-821.8681392669678,250000.0,11
2016-02-03,AJG-MET,0.0,250000.0,11
2016-02-04,AJG-MET,-14011.28651046753,250000.0,11
2016-02-04,ALL-CME,0.0,250000.0,11
2016-02-04,ALL-PRU,0.0,250000.0,11
2016-02-04,ALL-IBKR,0.0,250000.0,11
2016-02-04,ALL-JPM,0.0,250000.0,11
2016-02-05,ALL-CME,1238.1148414611816,250000.0,11
2016-02-05,ALL-PRU,-17451.487949371338,250000.0,11
2016-02-05,ALL-IBKR,-18345.667941570282,250000.0,11
2016-02-05,ALL-BAC,0.0,250000.0,11
2016-02-08,ALL-CME,6144.310703277588,250000.0,11
2016-02-08,ALL-BAC,-12767.699687957764,250000.0,11
2016-02-09,ALL-BAC,-11245.026260375977,250000.0,11
2016-02-10,ALL-BAC,-15222.559314727783,250000.0,11
2016-02-10,AIZ-CBOE,0.0,250000.0,11
2016-02-11,ALL-BAC,-25124.07504272461,250000.0,11
2016-02-11,AIZ-CBOE,1230.1500816345215,250000.0,11
2016-02-12,ALL-BAC,-24154.719078063965,250000.0,11
2016-02-12,AIZ-CBOE,1486.4283294677734,250000.0,11
2016-02-16,ALL-BAC,-24291.289142608643,250000.0,11
2016-02-16,AIZ-CBOE,3239.0521507263184,250000.0,11
2016-02-17,ALL-BAC,-22348.806217193604,250000.0,11
2016-02-17,AIZ-CBOE,12784.130046844482,250000.0,11
2016-02-18,ALL-BAC,-22059.311653137207,250000.0,11
2016-02-18,AIZ-CBOE,9441.126651763916,250000.0,11
2016-02-19,ALL-BAC,-21488.153537750244,250000.0,11
2016-02-19,AIZ-CBOE,13442.985187530518,250000.0,11
2016-02-22,AIZ-CBOE,16374.003414154053,250000.0,11
2016-02-23,AIZ-CBOE,11449.514678955078,250000.0,11
2016-02-24,AIZ-CBOE,9831.231498718262,250000.0,11
2016-02-25,AIZ-CBOE,22708.602321624756,250000.0,11
2016-02-25,C-SPGI,0.0,250000.0,11
2016-02-26,AIZ-CBOE,24638.480964660645,250000.0,11
2016-02-29,AIZ-CBOE,19681.759452819824,250000.0,11
2016-01-06,MO-PM,0.0,250000.0,12
2016-01-06,ECL-PPG,0.0,250000.0,12
2016-01-07,ECL-PPG,-3988.014862060547,250000.0,12
2016-01-07,AMP-FIS,0.0,250000.0,12
2016-01-07,AIG-MCO,0.0,250000.0,12
2016-01-08,ECL-PPG,-4367.803733825684,250000.0,12
2016-01-08,AMP-FIS,640.7540168762207,250000.0,12
2016-01-08,AIG-MCO,-6123.291297912598,250000.0,12
2016-01-08,CSCO-FLEX,0.0,250000.0,12
2016-01-08,NCLH-TJX,0.0,250000.0,12
2016-01-11,ECL-PPG,-3574.757308959961,250000.0,12
2016-01-11,AMP-FIS,-1518.9390411376953,250000.0,12
2016-01-11,AIG-MCO,-4294.691177368164,250000.0,12
2016-01-11,NCLH-TJX,1540.260087966919,250000.0,12
2016-01-12,ECL-PPG,-2502.2771530151367,250000.0,12
2016-01-12,AMP-FIS,-5095.169189453125,250000.0,12
2016-01-12,AIG-MCO,-3767.3408203125,250000.0,12
2016-01-13,ECL-PPG,-3751.790168762207,250000.0,12
2016-01-13,AMP-FIS,-7971.446781158447,250000.0,12
2016-01-13,KO-SJM,0.0,250000.0,12
2016-01-14,ECL-PPG,-784.0932235717773,250000.0,12
2016-01-14,AMP-FIS,-8260.950912475586,250000.0,12
2016-01-14,KO-SJM,2289.5305252075195,250000.0,12
2016-01-15,ECL-PPG,-2176.3120880126953,250000.0,12
2016-01-15,AMP-FIS,-4448.464042663574,250000.0,12
2016-01-15,KO-SJM,-699.213586807251,250000.0,12
2016-01-19,ECL-PPG,-1935.2338790893555,250000.0,12
2016-01-19,AMP-FIS,-6012.271778106689,250000.0,12
2016-01-19,KO-SJM,957.9712371826172,250000.0,12
2016-01-20,AMP-FIS,-4178.03307723999,250000.0,12
2016-01-20,KO-SJM,2057.8470497131348,250000.0,12
2016-01-20,ADP-TT,0.0,250000.0,12
2016-01-21,AMP-FIS,-6675.346561431885,250000.0,12
2016-01-21,KO-SJM,1772.2280502319336,250000.0,12
2016-01-21,ADP-TT,-2933.214855194092,250000.0,12
2016-01-22,ADP-TT,930.2290916442871,250000.0,12
2016-01-22,MO-SJM,0.0,250000.0,12
2016-01-25,ADP-TT,-5001.1383056640625,250000.0,12
2016-01-25,MO-SJM,2341.449333190918,250000.0,12
2016-01-26,ADP-TT,2122.9127883911133,250000.0,12
2016-01-26,MO-SJM,1200.8554725646973,250000.0,12
2016-01-26,ADP-PH,0.0,250000.0,12
2016-01-27,ADP-TT,194.5317268371582,250000.0,12
2016-01-27,MO-SJM,-1870.2084922790527,250000.0,12
2016-01-27,ADP-PH,-794.5264778137207,250000.0,12
2016-01-27,BA-DOV,0.0,250000.0,12
2016-01-28,ADP-TT,-811.5629196166992,250000.0,12
2016-01-28,ADP-PH,-6637.357475280762,250000.0,12
2016-01-28,BA-DOV,-2897.949867248535,250000.0,12
2016-01-28,ADP-CAT,0.0,250000.0,12
2016-01-29,ADP-TT,1337.2618675231934,250000.0,12
2016-01-29,ADP-PH,-9248.059982299805,250000.0,12
2016-01-29,BA-DOV,-6687.318161010742,250000.0,12
2016-01-29,ADP-CAT,3350.4940795898438,250000.0,12
2016-02-01,ADP-TT,-1236.289119720459,250000.0,12
2016-02-01,ADP-PH,-7392.599327087402,250000.0,12
2016-02-01,BA-DOV,-817.234992980957,250000.0,12
2016-02-01,ADP-CAT,1052.5836639404297,250000.0,12
2016-02-01,AMP-FIS,0.0,250000.0,12
2016-02-02,ADP-PH,-6535.469650268555,250000.0,12
2016-02-02,BA-DOV,-4837.525199890137,250000.0,12
2016-02-02,AMP-FIS,-2156.2940673828125,250000.0,12
2016-02-03,BA-DOV,-2060.101119995117,250000.0,12
2016-02-03,AMP-FIS,-1116.092529296875,250000.0,12
2016-02-04,BA-DOV,-4844.956146240234,250000.0,12
2016-02-04,AMP-FIS,-2012.1479187011719,250000.0,12
2016-02-04,BAC-CBOE,0.0,250000.0,12
2016-02-05,BA-DOV,-8284.821395874023,250000.0,12
2016-02-05,AMP-FIS,-177.9962158203125,250000.0,12
2016-02-05,BAC-CBOE,-2463.940591812134,250000.0,12
2016-02-05,FIS-KKR,0.0,250000.0,12
2016-02-08,BA-DOV,-13596.239349365234,250000.0,12
2016-02-08,BAC-CBOE,-2020.6438255310059,250000.0,12
2016-02-08,FIS-KKR,3343.7505598068237,250000.0,12
2016-02-08,ECL-PPG,0.0,250000.0,12
2016-02-09,BA-DOV,-7883.332855224609,250000.0,12
2016-02-09,BAC-CBOE,6135.534738540649,250000.0,12
2016-02-09,ECL-PPG,-2422.559371948242,250000.0,12
2016-02-10,BA-DOV,-5872.122657775879,250000.0,12
2016-02-10,BAC-CBOE,7667.162668228149,250000.0,12
2016-02-10,ECL-PPG,256.4537658691406,250000.0,12
2016-02-11,ECL-PPG,-508.9053039550781,250000.0,12
2016-02-11,CSCO-FLEX,0.0,250000.0,12
2016-02-11,CDW-FTNT,0.0,250000.0,12
2016-02-12,ECL-PPG,760.7511520385742,250000.0,12
2016-02-12,CSCO-FLEX,899.5708465576172,250000.0,12
2016-02-12,CDW-FTNT,4890.315773963928,250000.0,12
2016-02-16,ECL-PPG,2416.064987182617,250000.0,12
2016-02-16,CSCO-FLEX,3791.3734788894653,250000.0,12
2016-02-17,ECL-PPG,5032.58878326416,250000.0,12
2016-02-17,CSCO-FLEX,837.4373645782471,250000.0,12
2016-02-17,MO-PM,0.0,250000.0,12
2016-02-18,CSCO-FLEX,-916.3937940597534,250000.0,12
2016-02-18,MO-PM,-463.70283126831055,250000.0,12
2016-02-19,CSCO-FLEX,-169.67879676818848,250000.0,12
2016-02-19,MO-PM,-1445.8049011230469,250000.0,12
2016-02-22,CSCO-FLEX,1916.211127281189,250000.0,12
2016-02-22,MO-PM,-1059.7901420593262,250000.0,12
2016-02-23,CSCO-FLEX,2942.5843172073364,250000.0,12
2016-02-23,MO-PM,1251.1280326843262,250000.0,12
2016-02-23,MO-SJM,0.0,250000.0,12
2016-02-23,ECL-PPG,0.0,250000.0,12
2016-02-23,EIX-EXC,0.0,250000.0,12
2016-02-24,CSCO-FLEX,4270.760807991028,250000.0,12
2016-02-24,ECL-PPG,1811.0683212280273,250000.0,12
2016-02-25,CSCO-FLEX,4425.0622453689575,250000.0,12
2016-02-25,ECL-PPG,1379.8978729248047,250000.0,12
2016-02-26,CSCO-FLEX,6774.090741157532,250000.0,12
2016-02-26,ECL-PPG,3504.464225769043,250000.0,12
2016-02-26,INTU-TDY,0.0,250000.0,12
2016-02-29,CSCO-FLEX,9709.998181343079,250000.0,12
2016-02-29,ECL-PPG,404.38697814941406,250000.0,12
2016-02-29,INTU-TDY,1784.8256530761719,250000.0,12
2016-02-29,ADP-CAT,0.0,250000.0,12
2016-03-01,CSCO-FLEX,9763.746708869934,250000.0,12
2016-03-01,ECL-PPG,-1069.5892944335938,250000.0,12
2016-03-01,ADP-CAT,3835.7583618164062,250000.0,12
2016-03-02,CSCO-FLEX,10178.355341911316,250000.0,12
2016-03-02,ECL-PPG,-2750.1547088623047,250000.0,12
2016-03-02,ADP-CAT,-2064.3136596679688,250000.0,12
2016-03-02,ADP-PH,0.0,250000.0,12
2016-03-03,ECL-PPG,-4195.633377075195,250000.0,12
2016-03-03,ADP-PH,-2174.1917724609375,250000.0,12
2016-03-04,ECL-PPG,-7804.647796630859,250000.0,12
2016-03-04,ADP-PH,431.91951751708984,250000.0,12
2016-03-07,ECL-PPG,-10856.73201751709,250000.0,12
2016-03-07,ADP-PH,-4636.87996673584,250000.0,12
2016-03-07,BA-DOV,0.0,250000.0,12
2016-03-08,ECL-PPG,-9286.729400634766,250000.0,12
2016-03-08,ADP-PH,-2344.0206451416016,250000.0,12
2016-03-09,ADP-PH,-1402.1905517578125,250000.0,12
2016-03-10,ADP-PH,-1871.1669082641602,250000.0,12
2016-03-10,AMP-FIS,0.0,250000.0,12
2016-03-11,ADP-PH,1176.0711364746094,250000.0,12
2016-03-11,AMP-FIS,-1043.095230102539,250000.0,12
2016-03-11,BDX-UNH,0.0,250000.0,12
2016-03-14,ADP-PH,1034.3661651611328,250000.0,12
2016-03-14,AMP-FIS,-1752.625991821289,250000.0,12
2016-03-14,BDX-UNH,414.0157241821289,250000.0,12
2016-03-15,ADP-PH,1750.2193908691406,250000.0,12
2016-03-15,AMP-FIS,-2989.235641479492,250000.0,12
2016-03-15,BDX-UNH,172.6805648803711,250000.0,12
2016-03-16,ADP-PH,-1118.845817565918,250000.0,12
2016-03-16,AMP-FIS,-3029.5499725341797,250000.0,12
2016-03-16,BDX-UNH,399.64073181152344,250000.0,12
2016-03-17,AMP-FIS,-2363.1476440429688,250000.0,12
2016-03-17,BDX-UNH,-241.87509155273438,250000.0,12
2016-03-18,AMP-FIS,711.7828216552734,250000.0,12
2016-03-18,BDX-UNH,-2929.7123794555664,250000.0,12
2016-03-21,AMP-FIS,-358.70118713378906,250000.0,12
2016-03-21,BDX-UNH,-3683.318458557129,250000.0,12
2016-03-22,AMP-FIS,95.09632873535156,250000.0,12
2016-03-23,AMP-FIS,-2273.785125732422,250000.0,12
2016-03-24,AMP-FIS,-1932.7061920166016,250000.0,12
2016-03-28,AMP-FIS,256.2271728515625,250000.0,12
2016-03-29,ARE-EQIX,0.0,250000.0,12
2016-03-30,ARE-EQIX,706.2772789001465,250000.0,12
2016-03-31,ARE-EQIX,-1034.6185913085938,250000.0,12
2016-03-31,CDW-FTNT,0.0,250000.0,12
2016-02-01,SJM-SYY,0.0,250000.0,13
2016-02-02,SJM-SYY,1743.733657836914,250000.0,13
2016-02-02,AMGN-BMY,0.0,250000.0,13
2016-02-02,PFE-TECH,0.0,250000.0,13
2016-02-03,SJM-SYY,-360.87982177734375,250000.0,13
2016-02-03,AMGN-BMY,4448.4686279296875,250000.0,13
2016-02-03,PFE-TECH,183.30959129333496,250000.0,13
2016-02-03,NWSA-TTWO,0.0,250000.0,13
2016-02-03,GD-J,0.0,250000.0,13
2016-02-04,SJM-SYY,-3047.9388122558594,250000.0,13
2016-02-04,AMGN-BMY,3820.9561920166016,250000.0,13
2016-02-04,PFE-TECH,-906.4441413879395,250000.0,13
2016-02-04,GD-J,-1768.8292961120605,250000.0,13
2016-02-05,SJM-SYY,-1100.9036102294922,250000.0,13
2016-02-05,PFE-TECH,-8636.716466903687,250000.0,13
2016-02-05,GD-J,-2560.835340499878,250000.0,13
2016-02-05,APO-MCO,0.0,250000.0,13
2016-02-08,SJM-SYY,-1296.5131378173828,250000.0,13
2016-02-08,PFE-TECH,-4104.504344940186,250000.0,13
2016-02-09,SJM-SYY,2367.7486572265625,250000.0,13
2016-02-09,PFE-TECH,20.524221420288086,250000.0,13
2016-02-10,SJM-SYY,2278.2412109375,250000.0,13
2016-02-10,PFE-TECH,850.7672233581543,250000.0,13
2016-02-11,SJM-SYY,2140.033477783203,250000.0,13
2016-02-11,PFE-TECH,3083.47434425354,250000.0,13
2016-02-11,MA-PNC,0.0,250000.0,13
2016-02-12,SJM-SYY,-1005.4552154541016,250000.0,13
2016-02-12,PFE-TECH,991.0672130584717,250000.0,13
2016-02-12,MA-PNC,3035.865020751953,250000.0,13
2016-02-12,INTU-NVDA,0.0,250000.0,13
2016-02-16,PFE-TECH,-4651.048183441162,250000.0,13
2016-02-16,INTU-NVDA,8137.896516740322,250000.0,13
2016-02-17,INTU-NVDA,-743.8024560213089,250000.0,13
2016-02-29,MA-PNC,0.0,250000.0,13
2016-02-29,AMGN-BMY,0.0,250000.0,13
2016-03-01,MA-PNC,2717.532440185547,250000.0,13
2016-03-01,AMGN-BMY,1877.354621887207,250000.0,13
2016-03-02,AMGN-BMY,-2505.3461303710938,250000.0,13
2016-03-02,MRSH-MTB,0.0,250000.0,13
2016-03-02,GD-J,0.0,250000.0,13
2016-03-03,AMGN-BMY,-5912.217575073242,250000.0,13
2016-03-03,MRSH-MTB,-2511.0454864501953,250000.0,13
2016-03-03,GD-J,-3542.6211700439453,250000.0,13
2016-03-04,AMGN-BMY,-4486.847351074219,250000.0,13
2016-03-04,MRSH-MTB,-2563.481231689453,250000.0,13
2016-03-04,GD-J,-5219.657600402832,250000.0,13
2016-03-07,MRSH-MTB,-2378.7329025268555,250000.0,13
2016-03-07,GS-V,0.0,250000.0,13
2016-03-08,MRSH-MTB,1172.2095565795898,250000.0,13
2016-03-08,GS-V,-2100.0738525390625,250000.0,13
2016-03-09,MRSH-MTB,1610.3787155151367,250000.0,13
2016-03-09,GS-V,-770.8518218994141,250000.0,13
2016-03-10,MRSH-MTB,2155.6743698120117,250000.0,13
2016-03-10,GS-V,-3105.324172973633,250000.0,13
2016-03-11,GS-V,-142.02029418945312,250000.0,13
2016-03-14,GS-V,-330.2276153564453,250000.0,13
2016-03-15,GS-V,2097.4212036132812,250000.0,13
2016-03-16,MA-PNC,0.0,250000.0,13
2016-03-17,MA-PNC,-1858.701805114746,250000.0,13
2016-03-18,MA-PNC,-1187.805534362793,250000.0,13
2016-03-21,MA-PNC,-1165.8664283752441,250000.0,13
2016-03-22,MA-PNC,-781.1473693847656,250000.0,13
2016-03-23,MA-PNC,-3145.9844398498535,250000.0,13
2016-03-23,CTAS-UAL,0.0,250000.0,13
2016-03-24,MA-PNC,-4240.57052230835,250000.0,13
2016-03-28,MA-PNC,-2394.699478149414,250000.0,13
2016-04-06,APO-CPAY,0.0,250000.0,13
2016-04-07,APO-CPAY,-95.81090927124023,250000.0,13
2016-04-07,TJX-WYNN,0.0,250000.0,13
2016-04-08,APO-CPAY,-3819.101667404175,250000.0,13
2016-04-08,TJX-WYNN,2910.347427368164,250000.0,13
2016-04-11,APO-CPAY,-2277.8859100341797,250000.0,13
2016-04-11,TJX-WYNN,-4262.533142089844,250000.0,13
2016-04-12,APO-CPAY,-2958.8664836883545,250000.0,13
2016-04-12,TJX-WYNN,5283.955307006836,250000.0,13
2016-04-13,APO-CPAY,-3204.8579292297363,250000.0,13
2016-04-13,TJX-WYNN,10805.34733581543,250000.0,13
2016-04-14,APO-CPAY,164.0861301422119,250000.0,13
2016-04-14,TJX-WYNN,7400.256011962891,250000.0,13
2016-04-15,APO-CPAY,-43.43239974975586,250000.0,13
2016-04-15,TJX-WYNN,18492.25210571289,250000.0,13
2016-04-18,APO-CPAY,2075.656373977661,250000.0,13
2016-04-19,APO-CPAY,4047.8407917022705,250000.0,13
2016-04-20,APO-CPAY,964.6125068664551,250000.0,13
2016-04-21,APO-CPAY,255.9527587890625,250000.0,13
2016-04-22,AMGN-BMY,0.0,250000.0,13
2016-04-22,GS-V,0.0,250000.0,13
2016-04-25,AMGN-BMY,538.4729385375977,250000.0,13
2016-04-25,GS-V,-1997.939697265625,250000.0,13
2016-04-26,AMGN-BMY,-1091.921257019043,250000.0,13
2016-04-26,GS-V,-1247.7420196533203,250000.0,13
2016-04-27,AMGN-BMY,-1341.5003776550293,250000.0,13
2016-04-27,GS-V,-1215.271614074707,250000.0,13
2016-04-27,GD-J,0.0,250000.0,13
2016-04-28,GS-V,-2937.2763748168945,250000.0,13
2016-04-28,GD-J,2769.887363433838,250000.0,13
2016-04-29,GS-V,-4211.836715698242,250000.0,13
2016-04-29,AMZN-LOW,0.0,250000.0,13
2016-04-29,APO-CPAY,0.0,250000.0,13
2016-03-01,CME-EG,0.0,250000.0,14
2016-03-02,CME-EG,42.84539794921875,250000.0,14
2016-03-02,TXT-URI,0.0,250000.0,14
2016-03-02,MRK-TMO,0.0,250000.0,14
2016-03-03,CME-EG,1606.9407806396484,250000.0,14
2016-03-03,MRK-TMO,-1613.9675331115723,250000.0,14
2016-03-04,CME-EG,253.1959991455078,250000.0,14
2016-03-04,MRK-TMO,-4636.491382598877,250000.0,14
2016-03-07,CME-EG,-3559.3343353271484,250000.0,14
2016-03-07,MRK-TMO,-4860.629104614258,250000.0,14
2016-03-08,CME-EG,-1182.0563049316406,250000.0,14
2016-03-08,MRK-TMO,-1082.2110328674316,250000.0,14
2016-03-09,CME-EG,-1422.4476013183594,250000.0,14
2016-03-09,MRK-TMO,273.1406936645508,250000.0,14
2016-03-10,CME-EG,-2063.4759063720703,250000.0,14
2016-03-10,MRK-TMO,3091.7184448242188,250000.0,14
2016-03-11,CME-EG,-3859.9469146728516,250000.0,14
2016-03-11,MRK-TMO,1001.7027626037598,250000.0,14
2016-03-14,CME-EG,-482.85374450683594,250000.0,14
2016-03-14,MRK-TMO,1376.3266410827637,250000.0,14
2016-03-15,MRK-TMO,1689.0685958862305,250000.0,14
2016-03-16,MRK-TMO,-1558.5703010559082,250000.0,14
2016-03-17,ES-SRE,0.0,250000.0,14
2016-03-18,ES-SRE,-962.2475509643555,250000.0,14
2016-03-21,ES-SRE,-38.15507507324219,250000.0,14
2016-03-22,ES-SRE,-1392.1525802612305,250000.0,14
2016-03-23,ES-SRE,1179.0133590698242,250000.0,14
2016-03-24,ES-SRE,-657.8864059448242,250000.0,14
2016-03-28,ES-SRE,-1168.510612487793,250000.0,14
2016-03-28,CMS-FE,0.0,250000.0,14
2016-03-29,ES-SRE,-4028.661033630371,250000.0,14
2016-03-29,CMS-FE,1678.3332958221436,250000.0,14
2016-03-30,ES-SRE,-2474.6143341064453,250000.0,14
2016-03-30,CMS-FE,-2124.3618144989014,250000.0,14
2016-03-30,FE-WEC,0.0,250000.0,14
2016-03-30,FE-PNW,0.0,250000.0,14
2016-03-30,FE-PCG,0.0,250000.0,14
2016-03-31,ES-SRE,-3930.7018966674805,250000.0,14
2016-03-31,CMS-FE,-1837.376853942871,250000.0,14
2016-03-31,FE-WEC,-531.5987281799316,250000.0,14
2016-03-31,FE-PNW,24.58417320251465,250000.0,14
2016-03-31,FE-PCG,-219.44039726257324,250000.0,14
2016-04-01,FE-WEC,353.48634338378906,250000.0,14
2016-04-01,FE-PNW,-948.9360504150391,250000.0,14
2016-04-01,FE-PCG,-362.7044792175293,250000.0,14
2016-04-01,CLX-PM,0.0,250000.0,14
2016-04-04,FE-WEC,-2950.7079315185547,250000.0,14
2016-04-04,FE-PNW,-3068.3277015686035,250000.0,14
2016-04-04,FE-PCG,-921.8471603393555,250000.0,14
2016-04-04,CLX-PM,-1151.8849639892578,250000.0,14
2016-04-04,AAPL-ROP,0.0,250000.0,14
2016-04-04,MRK-PFE,0.0,250000.0,14
2016-04-05,FE-WEC,-2947.713409423828,250000.0,14
2016-04-05,FE-PCG,1256.1044731140137,250000.0,14
2016-04-05,CLX-PM,-278.2804946899414,250000.0,14
2016-04-05,AAPL-ROP,-378.95650482177734,250000.0,14
2016-04-05,GWW-ODFL,0.0,250000.0,14
2016-04-06,FE-PCG,-3148.6852684020996,250000.0,14
2016-04-06,CLX-PM,-617.0465240478516,250000.0,14
2016-04-06,AAPL-ROP,-1367.967918395996,250000.0,14
2016-04-06,GWW-ODFL,800.130126953125,250000.0,14
2016-04-06,MRK-PFE,0.0,250000.0,14
2016-04-07,FE-PCG,-2580.301052093506,250000.0,14
2016-04-07,CLX-PM,-225.34349060058594,250000.0,14
2016-04-07,AAPL-ROP,-1071.0921020507812,250000.0,14
2016-04-07,GWW-ODFL,1235.45361328125,250000.0,14
2016-04-07,MRK-PFE,608.9271087646484,250000.0,14
2016-04-08,FE-PCG,-2977.1482677459717,250000.0,14
2016-04-08,CLX-PM,-1165.4313125610352,250000.0,14
2016-04-08,AAPL-ROP,679.4489212036133,250000.0,14
2016-04-08,GWW-ODFL,164.16015625,250000.0,14
2016-04-08,MRK-PFE,2388.1091651916504,250000.0,14
2016-04-08,CME-EG,0.0,250000.0,14
2016-04-11,FE-PCG,-17.786151885986328,250000.0,14
2016-04-11,CLX-PM,-323.20973205566406,250000.0,14
2016-04-11,AAPL-ROP,-1618.5692520141602,250000.0,14
2016-04-11,GWW-ODFL,182.958740234375,250000.0,14
2016-04-11,MRK-PFE,6012.816970825195,250000.0,14
2016-04-11,CME-EG,1680.5994606018066,250000.0,14
2016-04-12,FE-PCG,754.2456035614014,250000.0,14
2016-04-12,AAPL-ROP,-2606.795555114746,250000.0,14
2016-04-12,MRK-PFE,6422.637157440186,250000.0,14
2016-04-12,CME-EG,-396.2654037475586,250000.0,14
2016-04-13,FE-PCG,1819.9321269989014,250000.0,14
2016-04-13,AAPL-ROP,-4057.0006103515625,250000.0,14
2016-04-13,MRK-PFE,4031.626434326172,250000.0,14
2016-04-13,CME-EG,-2159.0887298583984,250000.0,14
2016-04-13,DE-UPS,0.0,250000.0,14
2016-04-13,MSI-TRMB,0.0,250000.0,14
2016-04-14,FE-PCG,458.6215763092041,250000.0,14
2016-04-14,AAPL-ROP,-5895.071578979492,250000.0,14
2016-04-14,MRK-PFE,4786.902450561523,250000.0,14
2016-04-14,CME-EG,1573.877285003662,250000.0,14
2016-04-14,DE-UPS,1169.2020568847656,250000.0,14
2016-04-14,MSI-TRMB,1486.37109375,250000.0,14
2016-04-15,AAPL-ROP,-2201.0525131225586,250000.0,14
2016-04-15,MRK-PFE,4919.463459014893,250000.0,14
2016-04-15,CME-EG,2784.926746368408,250000.0,14
2016-04-15,MSI-TRMB,4981.5484828948975,250000.0,14
2016-04-18,AAPL-ROP,3656.2170486450195,250000.0,14
2016-04-18,MRK-PFE,5285.134315490723,250000.0,14
2016-04-18,CME-EG,2649.849552154541,250000.0,14
2016-04-19,MRK-PFE,4295.467735290527,250000.0,14
2016-04-19,CME-EG,5716.995983123779,250000.0,14
2016-04-19,DE-UPS,0.0,250000.0,14
2016-04-19,CLX-PM,0.0,250000.0,14
2016-04-20,MRK-PFE,805.5959014892578,250000.0,14
2016-04-20,DE-UPS,-6730.551422119141,250000.0,14
2016-04-20,CLX-PM,-451.68666076660156,250000.0,14
2016-04-20,TXT-URI,0.0,250000.0,14
2016-04-21,MRK-PFE,794.6108207702637,250000.0,14
2016-04-21,DE-UPS,-5524.058547973633,250000.0,14
2016-04-21,CLX-PM,338.81895446777344,250000.0,14
2016-04-21,CME-EG,0.0,250000.0,14
2016-04-22,MRK-PFE,1021.2011566162109,250000.0,14
2016-04-22,DE-UPS,-4284.050346374512,250000.0,14
2016-04-22,CLX-PM,-235.16529083251953,250000.0,14
2016-04-22,CME-EG,-828.0405120849609,250000.0,14
2016-04-22,GE-RTX,0.0,250000.0,14
2016-04-25,DE-UPS,-4277.038497924805,250000.0,14
2016-04-25,CLX-PM,-337.6820373535156,250000.0,14
2016-04-25,CME-EG,619.423511505127,250000.0,14
2016-04-25,GE-RTX,239.1375732421875,250000.0,14
2016-04-26,DE-UPS,-4307.556640625,250000.0,14
2016-04-26,CME-EG,-10442.12739944458,250000.0,14
2016-04-27,DE-UPS,-7274.825157165527,250000.0,14
2016-04-27,FE-XEL,0.0,250000.0,14
2016-04-27,FE-WEC,0.0,250000.0,14
2016-04-27,CMS-FE,0.0,250000.0,14
2016-04-27,FE-PNW,0.0,250000.0,14
2016-04-27,FE-PCG,0.0,250000.0,14
2016-04-27,FE-PPL,0.0,250000.0,14
2016-04-28,GWW-ODFL,0.0,250000.0,14
2016-04-29,GWW-ODFL,-207.29306030273438,250000.0,14
2016-04-29,FLEX-TRMB,0.0,250000.0,14
2016-04-29,MSI-TRMB,0.0,250000.0,14
2016-05-02,GWW-ODFL,-302.73779296875,250000.0,14
2016-05-02,FLEX-TRMB,-9257.764183044434,250000.0,14
2016-05-02,MSI-TRMB,-3671.0278091430664,250000.0,14
2016-05-03,GWW-ODFL,-1235.9439697265625,250000.0,14
2016-05-03,FLEX-TRMB,-8712.821083068848,250000.0,14
2016-05-03,MSI-TRMB,-2252.700958251953,250000.0,14
2016-05-03,MRK-PFE,0.0,250000.0,14
2016-05-04,GWW-ODFL,-1357.8197021484375,250000.0,14
2016-05-04,FLEX-TRMB,-6200.932773590088,250000.0,14
2016-05-04,MSI-TRMB,-864.0530052185059,250000.0,14
2016-05-04,MRK-PFE,1294.8912944793701,250000.0,14
2016-05-05,GWW-ODFL,-10616.585723876953,250000.0,14
2016-05-05,FLEX-TRMB,-6549.770378112793,250000.0,14
2016-05-05,MSI-TRMB,-4436.866516113281,250000.0,14
2016-05-05,MRK-PFE,-2447.8137130737305,250000.0,14
2016-05-06,GWW-ODFL,-7454.832550048828,250000.0,14
2016-05-06,FLEX-TRMB,-6830.3369064331055,250000.0,14
2016-05-06,MRK-PFE,-4210.999628067017,250000.0,14
2016-05-06,MRK-TMO,0.0,250000.0,14
2016-05-09,GWW-ODFL,-1677.0497131347656,250000.0,14
2016-05-09,FLEX-TRMB,-7084.752799987793,250000.0,14
2016-05-09,MRK-PFE,-4267.937368392944,250000.0,14
2016-05-09,MRK-TMO,1518.4133834838867,250000.0,14
2016-05-09,ES-SRE,0.0,250000.0,14
2016-05-10,GWW-ODFL,-1726.8744506835938,250000.0,14
2016-05-10,FLEX-TRMB,-926.3312072753906,250000.0,14
2016-05-10,MRK-PFE,-2120.412582397461,250000.0,14
2016-05-10,MRK-TMO,1916.4732360839844,250000.0,14
2016-05-10,ES-SRE,257.59376525878906,250000.0,14
2016-05-11,GWW-ODFL,-3389.1080932617188,250000.0,14
2016-05-11,FLEX-TRMB,-929.4910507202148,250000.0,14
2016-05-11,MRK-PFE,-850.9278316497803,250000.0,14
2016-05-11,MRK-TMO,1638.9074630737305,250000.0,14
2016-05-12,GWW-ODFL,-1550.2795715332031,250000.0,14
2016-05-12,FLEX-TRMB,-1118.8156204223633,250000.0,14
2016-05-12,MRK-PFE,-1730.3759670257568,250000.0,14
2016-05-12,MRK-TMO,-870.7621078491211,250000.0,14
2016-05-13,FLEX-TRMB,-1689.5385246276855,250000.0,14
2016-05-13,MRK-PFE,-2557.6509761810303,250000.0,14
2016-05-13,MRK-TMO,-247.81444549560547,250000.0,14
2016-05-16,MRK-PFE,-1325.7228984832764,250000.0,14
2016-05-16,MRK-TMO,-623.0503768920898,250000.0,14
2016-05-17,MRK-PFE,156.46178817749023,250000.0,14
2016-05-17,MRK-TMO,240.00022888183594,250000.0,14
2016-05-17,TXT-URI,0.0,250000.0,14
2016-05-17,ES-SRE,0.0,250000.0,14
2016-05-18,MRK-PFE,315.0304870605469,250000.0,14
2016-05-18,MRK-TMO,-307.9010467529297,250000.0,14
2016-05-18,TXT-URI,-2936.0337295532227,250000.0,14
2016-05-18,ES-SRE,-1475.4263000488281,250000.0,14
2016-05-18,CME-EG,0.0,250000.0,14
2016-05-19,MRK-TMO,2143.3786239624023,250000.0,14
2016-05-19,TXT-URI,-5591.577850341797,250000.0,14
2016-05-19,ES-SRE,-408.50952911376953,250000.0,14
2016-05-19,CME-EG,-481.4739227294922,250000.0,14
2016-05-20,MRK-TMO,3905.055206298828,250000.0,14
2016-05-20,TXT-URI,-6826.0859375,250000.0,14
2016-05-20,ES-SRE,-3988.0240631103516,250000.0,14
2016-05-20,CME-EG,-1796.4913940429688,250000.0,14
2016-05-20,DE-UPS,0.0,250000.0,14
2016-05-23,MRK-TMO,3028.288345336914,250000.0,14
2016-05-23,CME-EG,-4712.072219848633,250000.0,14
2016-05-23,DE-UPS,1414.9858016967773,250000.0,14
2016-05-23,AAPL-ROP,0.0,250000.0,14
2016-05-24,MRK-TMO,3096.924102783203,250000.0,14
2016-05-24,DE-UPS,4008.772361755371,250000.0,14
2016-05-24,AAPL-ROP,574.4950656890869,250000.0,14
2016-05-25,DE-UPS,5531.947425842285,250000.0,14
2016-05-25,AAPL-ROP,-727.6554126739502,250000.0,14
2016-05-26,DE-UPS,4564.337303161621,250000.0,14
2016-05-26,AAPL-ROP,-4828.237310409546,250000.0,14
2016-05-27,DE-UPS,3884.539779663086,250000.0,14
2016-05-27,AAPL-ROP,-4357.553512573242,250000.0,14
2016-05-31,AAPL-ROP,-5272.614532470703,250000.0,14
2016-04-01,CME-FIS,0.0,250000.0,15
2016-04-04,CME-FIS,2253.7081146240234,250000.0,15
2016-04-05,CME-FIS,2317.288875579834,250000.0,15
2016-04-05,FAST-TT,0.0,250000.0,15
2016-04-05,GL-WTW,0.0,250000.0,15
2016-04-06,CME-FIS,-1989.545955657959,250000.0,15
2016-04-06,FAST-TT,-327.67403411865234,250000.0,15
2016-04-06,GL-WTW,1874.348819732666,250000.0,15
2016-04-07,CME-FIS,-2964.274368286133,250000.0,15
2016-04-07,FAST-TT,-344.091796875,250000.0,15
2016-04-07,GL-WTW,1321.7146835327148,250000.0,15
2016-04-08,FAST-TT,1566.8438415527344,250000.0,15
2016-04-08,GL-WTW,-768.9316711425781,250000.0,15
2016-04-11,GL-WTW,1281.1493606567383,250000.0,15
2016-04-12,GL-WTW,28.107940673828125,250000.0,15
2016-04-12,CINF-NDAQ,0.0,250000.0,15
2016-04-13,GL-WTW,2784.6299057006836,250000.0,15
2016-04-13,CINF-NDAQ,1828.9224395751953,250000.0,15
2016-04-13,AFL-RJF,0.0,250000.0,15
2016-04-14,GL-WTW,2031.844326019287,250000.0,15
2016-04-14,CINF-NDAQ,1601.5438766479492,250000.0,15
2016-04-14,AFL-RJF,1088.3728065490723,250000.0,15
2016-04-15,GL-WTW,3276.6019325256348,250000.0,15
2016-04-15,CINF-NDAQ,4388.584136962891,250000.0,15
2016-04-15,AFL-RJF,5139.162376403809,250000.0,15
2016-04-18,CINF-NDAQ,2972.5702056884766,250000.0,15
2016-04-18,AFL-RJF,5797.133567810059,250000.0,15
2016-04-19,CINF-NDAQ,2862.8577194213867,250000.0,15
2016-04-19,MET-NTRS,0.0,250000.0,15
2016-04-20,CINF-NDAQ,3912.0837478637695,250000.0,15
2016-04-20,MET-NTRS,2624.982467651367,250000.0,15
2016-04-20,DD-PPG,0.0,250000.0,15
2016-04-20,CSGP-WELL,0.0,250000.0,15
2016-04-21,MET-NTRS,2773.0719604492188,250000.0,15
2016-04-21,ABBV-BAX,0.0,250000.0,15
2016-04-21,AVY-PPG,0.0,250000.0,15
2016-04-22,MET-NTRS,4755.303695678711,250000.0,15
2016-04-22,ABBV-BAX,1604.3124542236328,250000.0,15
2016-04-22,AVY-PPG,4307.416427612305,250000.0,15
2016-04-25,MET-NTRS,3771.308639526367,250000.0,15
2016-04-25,AVY-PPG,5369.970512390137,250000.0,15
2016-04-25,BAX-LH,0.0,250000.0,15
2016-04-25,ABBV-LH,0.0,250000.0,15
2016-04-26,MET-NTRS,3449.444190979004,250000.0,15
2016-04-26,BAX-LH,-2733.7190017700195,250000.0,15
2016-04-26,ABBV-LH,-3415.5345306396484,250000.0,15
2016-04-26,TECH-WAT,0.0,250000.0,15
2016-04-26,MAS-PWR,0.0,250000.0,15
2016-04-27,MET-NTRS,4299.293327331543,250000.0,15
2016-04-27,BAX-LH,-2917.6787109375,250000.0,15
2016-04-27,ABBV-LH,-4729.736907958984,250000.0,15
2016-04-27,TECH-WAT,-745.4260139465332,250000.0,15
2016-04-27,MAS-PWR,-6140.883926391602,250000.0,15
2016-04-27,FAST-LUV,0.0,250000.0,15
2016-04-28,MET-NTRS,1364.4479598999023,250000.0,15
2016-04-28,BAX-LH,67.8324089050293,250000.0,15
2016-04-28,ABBV-LH,-144.7447052001953,250000.0,15
2016-04-28,TECH-WAT,-1065.3175735473633,250000.0,15
2016-04-28,MAS-PWR,-2683.358491897583,250000.0,15
2016-04-28,FAST-LUV,-7903.624313354492,250000.0,15
2016-04-28,FAST-TT,0.0,250000.0,15
2016-04-28,DD-SHW,0.0,250000.0,15
2016-04-29,MET-NTRS,-22.515289306640625,250000.0,15
2016-04-29,BAX-LH,503.4757766723633,250000.0,15
2016-04-29,ABBV-LH,-336.07264709472656,250000.0,15
2016-04-29,TECH-WAT,-5010.819206237793,250000.0,15
2016-04-29,MAS-PWR,-7606.266786575317,250000.0,15
2016-04-29,FAST-LUV,-3812.9426774978638,250000.0,15
2016-04-29,DD-SHW,1047.619758605957,250000.0,15
2016-05-02,MET-NTRS,1058.6160430908203,250000.0,15
2016-05-02,BAX-LH,207.60526657104492,250000.0,15
2016-05-02,ABBV-LH,105.02208709716797,250000.0,15
2016-05-02,TECH-WAT,-136.6542091369629,250000.0,15
2016-05-02,MAS-PWR,-4597.592235565186,250000.0,15
2016-05-02,FAST-LUV,-7618.8838748931885,250000.0,15
2016-05-02,DD-SHW,2796.329345703125,250000.0,15
2016-05-03,MET-NTRS,1171.2313232421875,250000.0,15
2016-05-03,BAX-LH,755.2540855407715,250000.0,15
2016-05-03,ABBV-LH,2304.2690505981445,250000.0,15
2016-05-03,MAS-PWR,-3298.1109981536865,250000.0,15
2016-05-03,FAST-LUV,-10938.112590789795,250000.0,15
2016-05-03,DD-SHW,5650.768913269043,250000.0,15
2016-05-03,CME-FIS,0.0,250000.0,15
2016-05-04,MET-NTRS,117.63124084472656,250000.0,15
2016-05-04,BAX-LH,4220.214618682861,250000.0,15
2016-05-04,ABBV-LH,3531.340301513672,250000.0,15
2016-05-04,MAS-PWR,-2546.1526927948,250000.0,15
2016-05-04,CME-FIS,-42.72614288330078,250000.0,15
2016-05-05,BAX-LH,3888.4023361206055,250000.0,15
2016-05-05,MAS-PWR,459.6303405761719,250000.0,15
2016-05-05,CME-FIS,3329.189525604248,250000.0,15
2016-05-06,BAX-LH,3920.4853858947754,250000.0,15
2016-05-06,MAS-PWR,917.9122409820557,250000.0,15
2016-05-06,CME-FIS,226.87210083007812,250000.0,15
2016-05-09,BAX-LH,2749.439277648926,250000.0,15
2016-05-09,MAS-PWR,5514.137521743774,250000.0,15
2016-05-09,CME-FIS,520.7855110168457,250000.0,15
2016-05-09,ABBV-BAX,0.0,250000.0,15
2016-05-10,MAS-PWR,4424.7934856414795,250000.0,15
2016-05-10,CME-FIS,-5665.011199951172,250000.0,15
2016-05-10,ABBV-BAX,1753.2910842895508,250000.0,15
2016-05-11,MAS-PWR,76.60505676269531,250000.0,15
2016-05-11,CME-FIS,-6030.2775802612305,250000.0,15
2016-05-12,MAS-PWR,568.411205291748,250000.0,15
2016-05-12,CME-FIS,2252.7769775390625,250000.0,15
2016-05-13,MAS-PWR,5192.453960418701,250000.0,15
2016-05-13,CME-FIS,-975.9255104064941,250000.0,15
2016-05-16,MAS-PWR,3937.169548034668,250000.0,15
2016-05-16,CME-FIS,-1427.8850898742676,250000.0,15
2016-05-16,DD-LYB,0.0,250000.0,15
2016-05-17,CME-FIS,-154.05839157104492,250000.0,15
2016-05-17,DD-LYB,-2175.9839935302734,250000.0,15
2016-05-17,DD-IP,0.0,250000.0,15
2016-05-18,CME-FIS,3008.994281768799,250000.0,15
2016-05-18,DD-LYB,2190.4815521240234,250000.0,15
2016-05-18,DD-IP,-1699.2300910949707,250000.0,15
2016-05-19,CME-FIS,486.2435836791992,250000.0,15
2016-05-19,DD-IP,-1666.2990894317627,250000.0,15
2016-05-19,BAX-LH,0.0,250000.0,15
2016-05-20,CME-FIS,350.6457290649414,250000.0,15
2016-05-20,DD-IP,-3806.089246749878,250000.0,15
2016-05-20,BAX-LH,-1875.916030883789,250000.0,15
2016-05-20,AVY-PPG,0.0,250000.0,15
2016-05-23,CME-FIS,2205.6537322998047,250000.0,15
2016-05-23,DD-IP,-5609.456691741943,250000.0,15
2016-05-23,BAX-LH,-2648.9817657470703,250000.0,15
2016-05-23,AVY-PPG,-89.14775848388672,250000.0,15
2016-05-24,DD-IP,-5646.129417419434,250000.0,15
2016-05-24,BAX-LH,-2280.801284790039,250000.0,15
2016-05-24,AVY-PPG,-3.8784027099609375,250000.0,15
2016-05-24,CINF-NDAQ,0.0,250000.0,15
2016-05-25,DD-IP,1193.3837604522705,250000.0,15
2016-05-25,BAX-LH,-1707.8088760375977,250000.0,15
2016-05-25,AVY-PPG,-66.38160705566406,250000.0,15
2016-05-25,CINF-NDAQ,44.50117111206055,250000.0,15
2016-05-26,DD-IP,4091.119716644287,250000.0,15
2016-05-26,BAX-LH,-1425.0205459594727,250000.0,15
2016-05-26,AVY-PPG,-260.7449722290039,250000.0,15
2016-05-26,CINF-NDAQ,1755.3196868896484,250000.0,15
2016-05-26,MET-NTRS,0.0,250000.0,15
2016-05-27,DD-IP,4603.490772247314,250000.0,15
2016-05-27,BAX-LH,-3245.0356674194336,250000.0,15
2016-05-27,AVY-PPG,-192.67375946044922,250000.0,15
2016-05-27,CINF-NDAQ,536.8435707092285,250000.0,15
2016-05-31,BAX-LH,-3666.7815170288086,250000.0,15
2016-05-31,AVY-PPG,1079.5796203613281,250000.0,15
2016-05-31,CINF-NDAQ,-1112.3097114562988,250000.0,15
2016-06-01,BAX-LH,-3156.9144744873047,250000.0,15
2016-06-01,AVY-PPG,-303.92993927001953,250000.0,15
2016-06-01,CINF-NDAQ,960.7071266174316,250000.0,15
2016-06-02,AVY-PPG,2626.7960357666016,250000.0,15
2016-06-02,CINF-NDAQ,3186.192371368408,250000.0,15
2016-06-02,FAST-TT,0.0,250000.0,15
2016-06-03,CINF-NDAQ,3235.410690307617,250000.0,15
2016-06-03,FAST-TT,-890.8196001052856,250000.0,15
2016-06-03,CSGP-WELL,0.0,250000.0,15
2016-06-06,CINF-NDAQ,2810.3203315734863,250000.0,15
2016-06-07,CINF-NDAQ,4078.450656890869,250000.0,15
2016-06-07,FAST-LII,0.0,250000.0,15
2016-06-08,CINF-NDAQ,2729.7973861694336,250000.0,15
2016-06-08,FAST-LII,-2136.8781547546387,250000.0,15
2016-06-09,CINF-NDAQ,2204.898551940918,250000.0,15
2016-06-10,CINF-NDAQ,1980.4993743896484,250000.0,15
2016-06-13,CINF-NDAQ,2404.0321922302246,250000.0,15
2016-06-13,BAX-LH,0.0,250000.0,15
2016-06-14,CINF-NDAQ,3049.827423095703,250000.0,15
2016-06-14,BAX-LH,317.8700408935547,250000.0,15
2016-06-15,CINF-NDAQ,2234.7108879089355,250000.0,15
2016-06-15,BAX-LH,-1105.3344955444336,250000.0,15
2016-06-16,CINF-NDAQ,3089.1995162963867,250000.0,15
2016-06-16,BAX-LH,-1291.4447593688965,250000.0,15
2016-06-17,BAX-LH,-3778.6739044189453,250000.0,15
2016-06-20,BAX-LH,-3217.7481422424316,250000.0,15
2016-06-20,CINF-NDAQ,0.0,250000.0,15
2016-06-21,BAX-LH,-2093.8650283813477,250000.0,15
2016-06-21,CINF-NDAQ,-1165.4252471923828,250000.0,15
2016-06-22,BAX-LH,1307.2095108032227,250000.0,15
2016-06-22,CINF-NDAQ,-870.0103721618652,250000.0,15
2016-06-23,BAX-LH,-1768.1427955627441,250000.0,15
2016-06-23,CINF-NDAQ,3120.611545562744,250000.0,15
2016-06-24,DD-LYB,0.0,250000.0,15
2016-06-24,AFL-RJF,0.0,250000.0,15
2016-06-24,GL-WTW,0.0,250000.0,15
2016-06-27,AFL-RJF,-1184.590627670288,250000.0,15
2016-06-27,GL-WTW,-1677.1575164794922,250000.0,15
2016-06-28,AFL-RJF,-6390.337770462036,250000.0,15
2016-06-28,GL-WTW,5275.902557373047,250000.0,15
2016-06-28,DD-SHW,0.0,250000.0,15
2016-06-28,DD-IP,0.0,250000.0,15
2016-06-29,AFL-RJF,-4624.196880340576,250000.0,15
2016-06-29,GL-WTW,7233.582550048828,250000.0,15
2016-06-29,DD-SHW,3915.9907608032227,250000.0,15
2016-06-29,DD-IP,2384.695037841797,250000.0,15
2016-06-30,AFL-RJF,-9496.54197883606,250000.0,15
2016-06-30,DD-SHW,2559.0068435668945,250000.0,15
2016-06-30,DD-IP,-2360.5868911743164,250000.0,15
2016-06-30,TECH-WAT,0.0,250000.0,15
2016-05-03,PODD-ZTS,0.0,250000.0,16
2016-05-03,CMI-CPRT,0.0,250000.0,16
2016-05-04,PODD-ZTS,8991.813961029053,250000.0,16
2016-05-05,PODD-ZTS,1720.1497383117676,250000.0,16
2016-05-05,DVA-ISRG,0.0,250000.0,16
2016-05-06,PODD-ZTS,5386.299510955811,250000.0,16
2016-05-06,DVA-ISRG,1905.3153686523438,250000.0,16
2016-05-09,PODD-ZTS,4511.898572921753,250000.0,16
2016-05-09,DVA-ISRG,2779.9273529052734,250000.0,16
2016-05-10,PODD-ZTS,8473.05825805664,250000.0,16
2016-05-10,DVA-ISRG,2399.8206329345703,250000.0,16
2016-05-11,PODD-ZTS,8405.242559432983,250000.0,16
2016-05-11,DVA-ISRG,3416.790817260742,250000.0,16
2016-05-11,A-TMO,0.0,250000.0,16
2016-05-12,PODD-ZTS,282.5179805755615,250000.0,16
2016-05-12,A-TMO,6.718311309814453,250000.0,16
2016-05-12,BAC-CFG,0.0,250000.0,16
2016-05-13,PODD-ZTS,-2281.841667175293,250000.0,16
2016-05-13,A-TMO,-1082.1314430236816,250000.0,16
2016-05-13,BAC-CFG,227.98257446289062,250000.0,16
2016-05-16,PODD-ZTS,689.1762733459473,250000.0,16
2016-05-16,A-TMO,993.6364212036133,250000.0,16
2016-05-17,PODD-ZTS,-1934.11989402771,250000.0,16
2016-05-19,HBAN-PRU,0.0,250000.0,16
2016-05-20,HBAN-PRU,1618.9307355880737,250000.0,16
2016-05-23,HBAN-PRU,782.5673294067383,250000.0,16
2016-05-24,HBAN-PRU,1586.046362876892,250000.0,16
2016-05-24,TECH-VRTX,0.0,250000.0,16
2016-05-24,NDSN-NOC,0.0,250000.0,16
2016-05-25,HBAN-PRU,-768.670126914978,250000.0,16
2016-05-25,TECH-VRTX,-3529.9105377197266,250000.0,16
2016-05-25,NDSN-NOC,-893.8390808105469,250000.0,16
2016-05-26,HBAN-PRU,-1057.7818069458008,250000.0,16
2016-05-26,TECH-VRTX,-2547.493179321289,250000.0,16
2016-05-26,NDSN-NOC,-1574.8804168701172,250000.0,16
2016-05-26,DLTR-SYY,0.0,250000.0,16
2016-05-26,DLTR-EL,0.0,250000.0,16
2016-05-26,MTB-PRU,0.0,250000.0,16
2016-05-27,HBAN-PRU,-338.35900592803955,250000.0,16
2016-05-27,TECH-VRTX,-8506.411827087402,250000.0,16
2016-05-27,NDSN-NOC,-1351.8311157226562,250000.0,16
2016-05-27,DLTR-SYY,-2044.830093383789,250000.0,16
2016-05-27,DLTR-EL,279.61377716064453,250000.0,16
2016-05-27,MTB-PRU,-1651.8574905395508,250000.0,16
2016-05-31,HBAN-PRU,1700.2822790145874,250000.0,16
2016-05-31,NDSN-NOC,-1968.6057586669922,250000.0,16
2016-05-31,DLTR-SYY,-8013.544715881348,250000.0,16
2016-05-31,DLTR-EL,-3833.6597900390625,250000.0,16
2016-05-31,MTB-PRU,-2986.883613586426,250000.0,16
2016-05-31,TPL-XOM,0.0,250000.0,16
2016-06-01,HBAN-PRU,-1068.7321529388428,250000.0,16
2016-06-01,NDSN-NOC,-269.6262664794922,250000.0,16
2016-06-01,DLTR-SYY,-4962.870414733887,250000.0,16
2016-06-01,DLTR-EL,-1118.6608810424805,250000.0,16
2016-06-01,MTB-PRU,-3629.4564208984375,250000.0,16
2016-06-01,TPL-XOM,-2165.9039726257324,250000.0,16
2016-06-02,HBAN-PRU,-2506.4087896347046,250000.0,16
2016-06-02,NDSN-NOC,-1304.4659881591797,250000.0,16
2016-06-02,DLTR-SYY,-5691.760116577148,250000.0,16
2016-06-02,DLTR-EL,-1071.4813766479492,250000.0,16
2016-06-02,TPL-XOM,-471.13315773010254,250000.0,16
2016-06-02,LDOS-MAS,0.0,250000.0,16
2016-06-03,NDSN-NOC,1153.1982116699219,250000.0,16
2016-06-03,DLTR-SYY,-5034.355773925781,250000.0,16
2016-06-03,DLTR-EL,-1492.6805953979492,250000.0,16
2016-06-03,TPL-XOM,-2910.6967239379883,250000.0,16
2016-06-03,LDOS-MAS,2560.713014602661,250000.0,16
2016-06-03,BDX-DGX,0.0,250000.0,16
2016-06-06,NDSN-NOC,875.5245513916016,250000.0,16
2016-06-06,DLTR-SYY,-4741.9295654296875,250000.0,16
2016-06-06,DLTR-EL,-510.3631134033203,250000.0,16
2016-06-06,TPL-XOM,-256.6787109375,250000.0,16
2016-06-06,LDOS-MAS,-1971.4621448516846,250000.0,16
2016-06-06,BDX-DGX,380.62449645996094,250000.0,16
2016-06-06,BAC-CFG,0.0,250000.0,16
2016-06-07,NDSN-NOC,1673.3648986816406,250000.0,16
2016-06-07,DLTR-SYY,-6495.459045410156,250000.0,16
2016-06-07,DLTR-EL,-1729.1143417358398,250000.0,16
2016-06-07,TPL-XOM,4132.97639465332,250000.0,16
2016-06-07,LDOS-MAS,2273.684497833252,250000.0,16
2016-06-08,NDSN-NOC,4129.617340087891,250000.0,16
2016-06-08,DLTR-SYY,-7126.178443908691,250000.0,16
2016-06-08,DLTR-EL,-3087.646759033203,250000.0,16
2016-06-08,TPL-XOM,4232.365253448486,250000.0,16
2016-06-08,LDOS-MAS,1128.5239791870117,250000.0,16
2016-06-09,NDSN-NOC,6006.610137939453,250000.0,16
2016-06-09,DLTR-SYY,-6276.663391113281,250000.0,16
2016-06-09,DLTR-EL,-5605.768730163574,250000.0,16
2016-06-09,LDOS-MAS,1229.78173828125,250000.0,16
2016-06-10,LDOS-MAS,1029.8313064575195,250000.0,16
2016-06-13,LDOS-MAS,-1312.5841541290283,250000.0,16
2016-06-13,PODD-ZTS,0.0,250000.0,16
2016-06-14,LDOS-MAS,-4884.031461715698,250000.0,16
2016-06-14,HBAN-PRU,0.0,250000.0,16
2016-06-15,LDOS-MAS,-3234.815803527832,250000.0,16
2016-06-15,HBAN-PRU,2143.8798294067383,250000.0,16
2016-06-16,LDOS-MAS,1043.4014015197754,250000.0,16
2016-06-16,HBAN-PRU,-1995.4701957702637,250000.0,16
2016-06-16,DLTR-SYY,0.0,250000.0,16
2016-06-16,BAC-CFG,0.0,250000.0,16
2016-06-17,LDOS-MAS,4682.55655670166,250000.0,16
2016-06-17,HBAN-PRU,-3841.2476234436035,250000.0,16
2016-06-17,DLTR-SYY,-469.36362075805664,250000.0,16
2016-06-17,BAC-CFG,236.54511260986328,250000.0,16
2016-06-20,LDOS-MAS,4265.279069900513,250000.0,16
2016-06-20,DLTR-SYY,-294.2160873413086,250000.0,16
2016-06-20,BAC-CFG,140.1542272567749,250000.0,16
2016-06-21,LDOS-MAS,3149.6417922973633,250000.0,16
2016-06-21,DLTR-SYY,-742.2707405090332,250000.0,16
2016-06-21,BAC-CFG,1517.7330083847046,250000.0,16
2016-06-22,LDOS-MAS,4453.806955337524,250000.0,16
2016-06-22,DLTR-SYY,-972.553768157959,250000.0,16
2016-06-22,BAC-CFG,-445.2807340621948,250000.0,16
2016-06-23,LDOS-MAS,5170.591028213501,250000.0,16
2016-06-23,DLTR-SYY,-2105.5301628112793,250000.0,16
2016-06-23,BAC-CFG,512.4407615661621,250000.0,16
2016-06-24,LDOS-MAS,4249.631813049316,250000.0,16
2016-06-24,DLTR-SYY,-752.3194541931152,250000.0,16
2016-06-24,BAC-CFG,-6054.613121032715,250000.0,16
2016-06-27,DLTR-SYY,994.1843948364258,250000.0,16
2016-06-28,DLTR-SYY,1740.9566116333008,250000.0,16
2016-06-28,D-XEL,0.0,250000.0,16
2016-06-29,DLTR-SYY,-1238.2685623168945,250000.0,16
2016-06-29,D-XEL,678.6144714355469,250000.0,16
2016-06-30,D-XEL,548.9706726074219,250000.0,16
2016-07-01,D-XEL,799.7400207519531,250000.0,16
2016-07-05,D-XEL,1486.6876831054688,250000.0,16
2016-07-05,DVA-ISRG,0.0,250000.0,16
2016-07-06,D-XEL,146.33099365234375,250000.0,16
2016-07-06,DVA-ISRG,-1133.2266235351562,250000.0,16
2016-07-07,D-XEL,-431.80126953125,250000.0,16
2016-07-07,DVA-ISRG,-2158.336868286133,250000.0,16
2016-07-08,D-XEL,-1467.4317016601562,250000.0,16
2016-07-08,DVA-ISRG,356.98455810546875,250000.0,16
2016-07-11,D-XEL,-2352.7810974121094,250000.0,16
2016-07-11,LDOS-MAS,0.0,250000.0,16
2016-07-12,LDOS-MAS,-102.487060546875,250000.0,16
2016-07-13,LDOS-MAS,1576.3659591674805,250000.0,16
2016-07-14,LDOS-MAS,1381.263469696045,250000.0,16
2016-07-15,LDOS-MAS,54.58205032348633,250000.0,16
2016-07-18,LDOS-MAS,-1926.4507026672363,250000.0,16
2016-07-19,LDOS-MAS,-2702.395195007324,250000.0,16
2016-07-20,LDOS-MAS,-5120.90856552124,250000.0,16
2016-07-20,DVA-ISRG,0.0,250000.0,16
2016-07-21,LDOS-MAS,1975.7929649353027,250000.0,16
2016-07-21,DVA-ISRG,4140.737983703613,250000.0,16
2016-07-22,LDOS-MAS,4789.911811828613,250000.0,16
2016-07-22,BDX-DGX,0.0,250000.0,16
2016-07-25,LDOS-MAS,2512.6181602478027,250000.0,16
2016-07-25,BDX-DGX,322.07545471191406,250000.0,16
2016-07-25,TPL-XOM,0.0,250000.0,16
2016-07-26,BDX-DGX,2214.7411041259766,250000.0,16
2016-07-26,TPL-XOM,2117.6876678466797,250000.0,16
2016-07-27,BDX-DGX,3280.97566986084,250000.0,16
2016-07-27,TPL-XOM,2684.7703857421875,250000.0,16
2016-07-27,D-XEL,0.0,250000.0,16
2016-07-27,DVA-ZTS,0.0,250000.0,16
2016-07-28,BDX-DGX,2421.325096130371,250000.0,16
2016-07-28,TPL-XOM,3264.23095703125,250000.0,16
2016-07-28,D-XEL,-100.00416564941406,250000.0,16
2016-07-28,DVA-ZTS,-162.24563598632812,250000.0,16
2016-07-29,BDX-DGX,-608.4882278442383,250000.0,16
2016-07-29,TPL-XOM,545.4812774658203,250000.0,16
2016-07-29,DVA-ZTS,1090.5851745605469,250000.0,16
2016-06-02,DHR-MDT,0.0,250000.0,17
2016-06-03,DHR-MDT,-271.2449836730957,250000.0,17
2016-06-06,DHR-MDT,-524.1084098815918,250000.0,17
2016-06-07,DHR-MDT,-1222.6649475097656,250000.0,17
2016-06-08,DHR-MDT,-3589.8684883117676,250000.0,17
2016-06-13,CSCO-MSFT,0.0,250000.0,17
2016-06-14,CSCO-MSFT,-1885.002540588379,250000.0,17
2016-06-15,CSCO-MSFT,-1706.2703380584717,250000.0,17
2016-06-16,CSCO-MSFT,1161.6615238189697,250000.0,17
2016-06-17,CSCO-MSFT,-360.9423236846924,250000.0,17
2016-06-20,CSCO-MSFT,-235.8283233642578,250000.0,17
2016-06-27,CDNS-CRM,0.0,250000.0,17
2016-06-29,GDDY-INTU,0.0,250000.0,17
2016-06-30,NOC-RSG,0.0,250000.0,17
2016-06-30,LMT-RSG,0.0,250000.0,17
2016-07-01,NOC-RSG,-1431.6749725341797,250000.0,17
2016-07-01,LMT-RSG,-683.3051147460938,250000.0,17
2016-07-05,NOC-RSG,-2371.2545585632324,250000.0,17
2016-07-05,LMT-RSG,-1439.108242034912,250000.0,17
2016-07-05,DHR-MDT,0.0,250000.0,17
2016-07-06,DHR-MDT,1683.925437927246,250000.0,17
2016-07-07,DHR-MDT,1540.5627517700195,250000.0,17
2016-07-08,DHR-MDT,3533.9651260375977,250000.0,17
2016-07-11,DHR-MDT,6489.370223999023,250000.0,17
2016-07-12,DHR-MDT,6831.735328674316,250000.0,17
2016-07-13,DHR-MDT,4077.441452026367,250000.0,17
2016-07-14,DHR-MDT,4825.591590881348,250000.0,17
2016-07-15,DHR-MDT,3339.923873901367,250000.0,17
2016-07-18,DHR-MDT,2784.6372680664062,250000.0,17
2016-07-19,DHR-MDT,3526.983024597168,250000.0,17
2016-07-20,DHR-MDT,2945.6171340942383,250000.0,17
2016-07-21,DHR-MDT,931.2384643554688,250000.0,17
2016-07-26,CDNS-CRM,0.0,250000.0,17
2016-07-26,CAH-GILD,0.0,250000.0,17
2016-07-26,FIS-ICE,0.0,250000.0,17
2016-07-26,GE-RTX,0.0,250000.0,17
2016-07-27,CDNS-CRM,-129.33810424804688,250000.0,17
2016-07-27,CAH-GILD,3535.2174110412598,250000.0,17
2016-07-27,FIS-ICE,1943.8287658691406,250000.0,17
2016-07-27,GE-RTX,-198.47718811035156,250000.0,17
2016-07-28,CDNS-CRM,-4630.588958740234,250000.0,17
2016-07-28,CAH-GILD,5096.089874267578,250000.0,17
2016-07-28,GE-RTX,-47.94488525390625,250000.0,17
2016-07-29,CDNS-CRM,-2548.27001953125,250000.0,17
2016-07-29,CAH-GILD,-4706.114444732666,250000.0,17
2016-07-29,GE-RTX,-593.295654296875,250000.0,17
2016-08-01,CDNS-CRM,991.4923400878906,250000.0,17
2016-08-01,CAH-GILD,3316.5805320739746,250000.0,17
2016-08-01,GE-RTX,1086.6023406982422,250000.0,17
2016-08-02,CDNS-CRM,270.8187713623047,250000.0,17
2016-08-02,CAH-GILD,-9909.930038452148,250000.0,17
2016-08-02,GE-RTX,2290.7120971679688,250000.0,17
2016-08-03,CDNS-CRM,3664.985153198242,250000.0,17
2016-08-03,CAH-GILD,-7136.852142333984,250000.0,17
2016-08-03,GE-RTX,2523.0687103271484,250000.0,17
2016-08-03,FIS-ICE,0.0,250000.0,17
2016-08-04,CDNS-CRM,4477.179870605469,250000.0,17
2016-08-04,CAH-GILD,-3697.4928588867188,250000.0,17
2016-08-04,GE-RTX,2500.215362548828,250000.0,17
2016-08-04,FIS-ICE,-158.6165771484375,250000.0,17
2016-08-05,CDNS-CRM,6166.387237548828,250000.0,17
2016-08-05,CAH-GILD,-4980.61364364624,250000.0,17
2016-08-05,GE-RTX,-314.2873992919922,250000.0,17
2016-08-05,FIS-ICE,1945.5963516235352,250000.0,17
2016-08-08,CDNS-CRM,6771.050582885742,250000.0,17
2016-08-08,CAH-GILD,-4625.257987976074,250000.0,17
2016-08-08,GE-RTX,-464.9068603515625,250000.0,17
2016-08-08,FIS-ICE,3419.165412902832,250000.0,17
2016-08-09,CDNS-CRM,6047.330078125,250000.0,17
2016-08-09,CAH-GILD,-5972.942321777344,250000.0,17
2016-08-09,GE-RTX,-1634.7590637207031,250000.0,17
2016-08-09,FIS-ICE,3856.102569580078,250000.0,17
2016-08-10,CDNS-CRM,9498.618225097656,250000.0,17
2016-08-10,FIS-ICE,4203.09162902832,250000.0,17
2016-08-11,CDNS-CRM,7094.035110473633,250000.0,17
2016-08-11,FIS-ICE,3809.816520690918,250000.0,17
2016-08-12,CDNS-CRM,5595.7735595703125,250000.0,17
2016-08-12,FIS-ICE,2925.962875366211,250000.0,17
2016-08-15,FIS-ICE,1777.4048767089844,250000.0,17
2016-08-16,FIS-ICE,1283.0335235595703,250000.0,17
2016-08-16,EW-TECH,0.0,250000.0,17
2016-08-17,FIS-ICE,-1303.613525390625,250000.0,17
2016-08-17,LMT-RSG,0.0,250000.0,17
2016-08-18,LMT-RSG,390.59841537475586,250000.0,17
2016-08-19,LMT-RSG,-1249.8565216064453,250000.0,17
2016-08-22,LMT-RSG,-1618.154556274414,250000.0,17
2016-07-12,EXPD-FIX,0.0,250000.0,18
2016-07-12,FCX-SW,0.0,250000.0,18
2016-07-13,EXPD-FIX,14.12479019165039,250000.0,18
2016-07-13,FCX-SW,2328.266339302063,250000.0,18
2016-07-14,EXPD-FIX,4495.134613037109,250000.0,18
2016-07-14,FCX-SW,3952.678282737732,250000.0,18
2016-07-15,EXPD-FIX,4083.0013675689697,250000.0,18
2016-07-15,FCX-SW,3006.06534576416,250000.0,18
2016-07-18,EXPD-FIX,2366.8845233917236,250000.0,18
2016-07-18,FCX-SW,6853.441331863403,250000.0,18
2016-07-19,EXPD-FIX,-2681.6194610595703,250000.0,18
2016-07-20,EXPD-FIX,1632.7247142791748,250000.0,18
2016-07-21,EXPD-FIX,1351.989601135254,250000.0,18
2016-07-21,J-URI,0.0,250000.0,18
2016-07-22,EXPD-FIX,-2850.920757293701,250000.0,18
2016-07-22,J-URI,-7198.5072021484375,250000.0,18
2016-07-25,EXPD-FIX,6.802333831787109,250000.0,18
2016-07-25,J-URI,-7838.904411315918,250000.0,18
2016-07-26,EXPD-FIX,-1487.0012168884277,250000.0,18
2016-07-26,J-URI,-10995.99609375,250000.0,18
2016-07-26,AOS-LHX,0.0,250000.0,18
2016-07-27,EXPD-FIX,4041.3569011688232,250000.0,18
2016-07-27,J-URI,-11020.964195251465,250000.0,18
2016-07-27,AOS-LHX,-1182.0311088562012,250000.0,18
2016-07-27,MET-STT,0.0,250000.0,18
2016-07-28,EXPD-FIX,3173.2764644622803,250000.0,18
2016-07-28,J-URI,-9764.05014038086,250000.0,18
2016-07-28,AOS-LHX,461.40577697753906,250000.0,18
2016-07-28,MET-STT,-7231.226581573486,250000.0,18
2016-07-28,PFE-WST,0.0,250000.0,18
2016-07-29,J-URI,-10743.894676208496,250000.0,18
2016-07-29,AOS-LHX,1830.5102653503418,250000.0,18
2016-07-29,MET-STT,-10448.019374847412,250000.0,18
2016-07-29,PFE-WST,226.4956283569336,250000.0,18
2016-08-01,J-URI,-3221.5064697265625,250000.0,18
2016-08-01,AOS-LHX,-831.6469306945801,250000.0,18
2016-08-01,MET-STT,-12149.905181884766,250000.0,18
2016-08-01,PFE-WST,235.9790802001953,250000.0,18
2016-08-01,FIS-L,0.0,250000.0,18
2016-08-02,J-URI,2060.3319244384766,250000.0,18
2016-08-02,MET-STT,-11680.698936462402,250000.0,18
2016-08-02,PFE-WST,-3932.2350692749023,250000.0,18
2016-08-02,FIS-L,-1502.3442611694336,250000.0,18
2016-08-02,EXPD-FIX,0.0,250000.0,18
2016-08-03,J-URI,-2108.02010345459,250000.0,18
2016-08-03,MET-STT,-5293.4656410217285,250000.0,18
2016-08-03,FIS-L,513.0649490356445,250000.0,18
2016-08-04,J-URI,-3162.086540222168,250000.0,18
2016-08-04,FIS-L,79.77710723876953,250000.0,18
2016-08-04,EOG-HAL,0.0,250000.0,18
2016-08-05,FIS-TFC,0.0,250000.0,18
2016-08-08,FIS-TFC,629.4861450195312,250000.0,18
2016-08-09,FIS-TFC,1047.8402099609375,250000.0,18
2016-08-17,PFE-WST,0.0,250000.0,18
2016-08-17,ALL-JKHY,0.0,250000.0,18
2016-08-18,ALL-JKHY,1914.4173278808594,250000.0,18
2016-08-26,GWW-JBHT,0.0,250000.0,18
2016-08-29,GWW-JBHT,65.9591064453125,250000.0,18
2016-08-29,FIS-SPGI,0.0,250000.0,18
2016-08-30,GWW-JBHT,324.0037841796875,250000.0,18
2016-08-30,FIS-SPGI,-373.84256744384766,250000.0,18
2016-08-30,ARES-C,0.0,250000.0,18
2016-08-31,GWW-JBHT,-1382.959716796875,250000.0,18
2016-08-31,FIS-SPGI,-2051.986541748047,250000.0,18
2016-08-31,ARES-C,1658.892388343811,250000.0,18
2016-09-01,FIS-SPGI,-2025.0730361938477,250000.0,18
2016-09-02,PFE-WST,0.0,250000.0,18
2016-09-06,PFE-WST,1576.4398956298828,250000.0,18
2016-09-06,FIS-TFC,0.0,250000.0,18
2016-09-06,AOS-LHX,0.0,250000.0,18
2016-09-06,EOG-HAL,0.0,250000.0,18
2016-09-07,PFE-WST,2258.6844635009766,250000.0,18
2016-09-07,FIS-TFC,832.0525360107422,250000.0,18
2016-09-07,AOS-LHX,313.9632568359375,250000.0,18
2016-09-07,EOG-HAL,-131.39309692382812,250000.0,18
2016-09-07,GDDY-JBL,0.0,250000.0,18
2016-09-08,EOG-HAL,1307.9957427978516,250000.0,18
2016-09-08,ESS-UDR,0.0,250000.0,18
2016-09-09,ESS-UDR,-672.3923950195312,250000.0,18
2016-09-09,AOS-LHX,0.0,250000.0,18
2016-09-09,GDDY-JBL,0.0,250000.0,18
2016-09-09,MET-STT,0.0,250000.0,18
2016-09-12,ESS-UDR,-2187.6512660980225,250000.0,18
2016-09-12,AOS-LHX,1837.8696060180664,250000.0,18
2016-09-12,GDDY-JBL,110.07431030273438,250000.0,18
2016-09-12,MET-STT,1996.3541450500488,250000.0,18
2016-09-13,ESS-UDR,-1661.0641136169434,250000.0,18
2016-09-13,GDDY-JBL,-812.9705047607422,250000.0,18
2016-09-13,MET-STT,-2087.879711151123,250000.0,18
2016-09-14,ESS-UDR,-541.6335983276367,250000.0,18
2016-09-14,MET-STT,-521.5941925048828,250000.0,18
2016-09-15,ESS-UDR,-152.0306453704834,250000.0,18
2016-09-15,MET-STT,212.36140823364258,250000.0,18
2016-09-16,ESS-UDR,-1425.2639350891113,250000.0,18
2016-09-16,MET-STT,-1173.457992553711,250000.0,18
2016-09-16,FIS-SPGI,0.0,250000.0,18
2016-09-19,ESS-UDR,-795.4360771179199,250000.0,18
2016-09-19,MET-STT,-2587.5215377807617,250000.0,18
2016-09-19,FIS-SPGI,999.1566390991211,250000.0,18
2016-09-20,ESS-UDR,-621.5192241668701,250000.0,18
2016-09-20,MET-STT,597.1428565979004,250000.0,18
2016-09-20,FIS-SPGI,3987.6910552978516,250000.0,18
2016-09-21,ESS-UDR,-2121.489984512329,250000.0,18
2016-09-21,MET-STT,1980.4034385681152,250000.0,18
2016-09-21,FIS-SPGI,970.9822692871094,250000.0,18
2016-09-21,PFE-WST,0.0,250000.0,18
2016-09-22,ESS-UDR,1764.5991840362549,250000.0,18
2016-09-22,MET-STT,2244.2116928100586,250000.0,18
2016-09-22,FIS-SPGI,4356.048927307129,250000.0,18
2016-09-22,PFE-WST,-483.0670223236084,250000.0,18
2016-09-23,MET-STT,1034.7826881408691,250000.0,18
2016-09-23,PFE-WST,-7963.6025466918945,250000.0,18
2016-09-26,MET-STT,566.5087852478027,250000.0,18
2016-09-26,PFE-WST,-7236.267444610596,250000.0,18
2016-09-26,FIS-TFC,0.0,250000.0,18
2016-09-27,MET-STT,1957.0566444396973,250000.0,18
2016-09-27,PFE-WST,-2500.779062271118,250000.0,18
2016-09-27,FIS-TFC,315.93223571777344,250000.0,18
2016-09-27,ALL-JKHY,0.0,250000.0,18
2016-09-28,MET-STT,1837.2969017028809,250000.0,18
2016-09-28,PFE-WST,825.3131713867188,250000.0,18
2016-09-28,FIS-TFC,3282.7000045776367,250000.0,18
2016-09-28,ALL-JKHY,-271.18009185791016,250000.0,18
2016-09-29,PFE-WST,948.8525466918945,250000.0,18
2016-09-29,FIS-TFC,1762.7972793579102,250000.0,18
2016-09-29,ALL-JKHY,-1045.6830749511719,250000.0,18
2016-09-30,PFE-WST,589.6871604919434,250000.0,18
2016-08-03,AVGO-CDW,0.0,250000.0,19
2016-08-03,CMS-NEE,0.0,250000.0,19
2016-08-04,AVGO-CDW,888.7452411651611,250000.0,19
2016-08-05,AVGO-CDW,-84.55195236206055,250000.0,19
2016-08-05,AEP-SRE,0.0,250000.0,19
2016-08-08,AVGO-CDW,-2378.405529022217,250000.0,19
2016-08-08,AEP-SRE,393.3582344055176,250000.0,19
2016-08-09,AEP-SRE,-1899.161247253418,250000.0,19
2016-08-09,DVA-MCK,0.0,250000.0,19
2016-08-09,DVA-ZBH,0.0,250000.0,19
2016-08-10,AEP-SRE,-1682.921401977539,250000.0,19
2016-08-10,DVA-MCK,-20197.270462036133,250000.0,19
2016-08-10,DVA-ZBH,-7427.063980102539,250000.0,19
2016-08-11,AEP-SRE,-1755.4836730957031,250000.0,19
2016-08-11,DVA-MCK,-21623.447479248047,250000.0,19
2016-08-11,DVA-ZBH,-8654.806518554688,250000.0,19
2016-08-12,AEP-SRE,-1107.6887397766113,250000.0,19
2016-08-12,DVA-ZBH,-14873.311195373535,250000.0,19
2016-08-15,AEP-SRE,295.42945861816406,250000.0,19
2016-08-15,DVA-ZBH,-21630.212478637695,250000.0,19
2016-08-15,AVGO-CRM,0.0,250000.0,19
2016-08-16,AEP-SRE,904.3225250244141,250000.0,19
2016-08-16,AVGO-CRM,-1062.8508758544922,250000.0,19
2016-08-17,AEP-SRE,1072.212890625,250000.0,19
2016-08-17,AVGO-CRM,-6653.8660888671875,250000.0,19
2016-08-18,AEP-SRE,2897.045871734619,250000.0,19
2016-08-18,AVGO-CRM,-5352.042915344238,250000.0,19
2016-08-18,ORCL-SNPS,0.0,250000.0,19
2016-08-19,AVGO-CRM,-4176.496856689453,250000.0,19
2016-08-19,ORCL-SNPS,676.5281791687012,250000.0,19
2016-08-22,AVGO-CRM,-5534.872894287109,250000.0,19
2016-08-22,ORCL-SNPS,386.175235748291,250000.0,19
2016-08-23,AVGO-CRM,-3984.164581298828,250000.0,19
2016-08-24,AVGO-CRM,-3332.734275817871,250000.0,19
2016-08-25,AVGO-CRM,3612.4647216796875,250000.0,19
2016-08-26,AVGO-CRM,2495.3155670166016,250000.0,19
2016-08-26,ATO-EIX,0.0,250000.0,19
2016-08-26,AVGO-CDW,0.0,250000.0,19
2016-08-29,AVGO-CRM,1995.7223663330078,250000.0,19
2016-08-29,ATO-EIX,866.236328125,250000.0,19
2016-08-29,AVGO-CDW,1747.5955867767334,250000.0,19
2016-08-30,AVGO-CRM,1962.6587829589844,250000.0,19
2016-08-30,ATO-EIX,-119.58837890625,250000.0,19
2016-08-30,GIS-HSY,0.0,250000.0,19
2016-08-31,AVGO-CRM,1029.3147354125977,250000.0,19
2016-08-31,GIS-HSY,-902.4734840393066,250000.0,19
2016-09-01,GIS-HSY,1665.5270729064941,250000.0,19
2016-09-01,BSX-ZBH,0.0,250000.0,19
2016-09-02,GIS-HSY,-2964.6974296569824,250000.0,19
2016-09-02,BSX-ZBH,2758.463066101074,250000.0,19
2016-09-06,GIS-HSY,-1541.5485534667969,250000.0,19
2016-09-06,BSX-ZBH,3096.4615631103516,250000.0,19
2016-09-06,CMS-NEE,0.0,250000.0,19
2016-09-07,GIS-HSY,11605.75322341919,250000.0,19
2016-09-07,BSX-ZBH,2339.2704677581787,250000.0,19
2016-09-07,CMS-NEE,662.3723735809326,250000.0,19
2016-09-07,HPE-MCHP,0.0,250000.0,19
2016-09-08,GIS-HSY,10841.554302215576,250000.0,19
2016-09-08,BSX-ZBH,1684.0483226776123,250000.0,19
2016-09-08,CMS-NEE,481.77843284606934,250000.0,19
2016-09-08,KIM-UDR,0.0,250000.0,19
2016-09-09,BSX-ZBH,2400.7392044067383,250000.0,19
2016-09-09,CMS-NEE,1259.2340984344482,250000.0,19
2016-09-09,KIM-UDR,-3028.1488037109375,250000.0,19
2016-09-09,HRL-KDP,0.0,250000.0,19
2016-09-12,BSX-ZBH,2407.714303970337,250000.0,19
2016-09-12,CMS-NEE,-791.1611328125,250000.0,19
2016-09-12,KIM-UDR,-1063.6434879302979,250000.0,19
2016-09-12,HRL-KDP,3318.375123977661,250000.0,19
2016-09-13,BSX-ZBH,1502.5124130249023,250000.0,19
2016-09-13,CMS-NEE,360.2964057922363,250000.0,19
2016-09-13,HRL-KDP,-114.52912712097168,250000.0,19
2016-09-14,BSX-ZBH,2817.6009311676025,250000.0,19
2016-09-14,CMS-NEE,667.3602886199951,250000.0,19
2016-09-14,HRL-KDP,802.4322929382324,250000.0,19
2016-09-15,BSX-ZBH,500.3196334838867,250000.0,19
2016-09-15,CMS-NEE,427.80041122436523,250000.0,19
2016-09-15,HRL-KDP,173.97423362731934,250000.0,19
2016-09-16,BSX-ZBH,574.7248477935791,250000.0,19
2016-09-16,CMS-NEE,1539.8380508422852,250000.0,19
2016-09-16,HRL-KDP,2057.455270767212,250000.0,19
2016-09-19,BSX-ZBH,1777.5087051391602,250000.0,19
2016-09-19,CMS-NEE,1148.2303485870361,250000.0,19
2016-09-19,HRL-KDP,1836.2534980773926,250000.0,19
2016-09-20,BSX-ZBH,3466.0012550354004,250000.0,19
2016-09-20,CMS-NEE,-69.67904853820801,250000.0,19
2016-09-20,HRL-KDP,2142.3549461364746,250000.0,19
2016-09-21,HRL-KDP,2547.5365409851074,250000.0,19
2016-09-22,HRL-KDP,3716.0486335754395,250000.0,19
2016-09-23,HRL-KDP,2472.6500549316406,250000.0,19
2016-10-03,CPRT-LDOS,0.0,250000.0,19
2016-10-04,CPRT-LDOS,1182.269603729248,250000.0,19
2016-10-04,KIM-UDR,0.0,250000.0,19
2016-10-05,CPRT-LDOS,-528.8901891708374,250000.0,19
2016-10-05,KIM-UDR,-1647.7891826629639,250000.0,19
2016-10-06,CPRT-LDOS,1607.7940111160278,250000.0,19
2016-10-06,KIM-UDR,-525.8987083435059,250000.0,19
2016-10-07,CPRT-LDOS,-958.8263626098633,250000.0,19
2016-10-07,KIM-UDR,-3837.398801803589,250000.0,19
2016-10-10,CPRT-LDOS,-7250.324215888977,250000.0,19
2016-10-10,KIM-UDR,-2860.7552127838135,250000.0,19
2016-10-10,FANG-TRGP,0.0,250000.0,19
2016-10-11,CPRT-LDOS,-6561.964361190796,250000.0,19
2016-10-11,KIM-UDR,-2900.5006999969482,250000.0,19
2016-10-11,FANG-TRGP,-2074.9114303588867,250000.0,19
2016-10-12,CPRT-LDOS,-6474.715434074402,250000.0,19
2016-10-12,KIM-UDR,-2821.120008468628,250000.0,19
2016-10-12,FANG-TRGP,-6960.193748474121,250000.0,19
2016-10-13,CPRT-LDOS,-6587.240611076355,250000.0,19
2016-10-13,KIM-UDR,-1300.7016162872314,250000.0,19
2016-10-13,FANG-TRGP,-3917.09529876709,250000.0,19
2016-10-14,CPRT-LDOS,-6015.919445991516,250000.0,19
2016-10-14,KIM-UDR,-2570.029079437256,250000.0,19
2016-10-14,FANG-TRGP,3985.893341064453,250000.0,19
2016-10-17,CPRT-LDOS,-7655.087944984436,250000.0,19
2016-10-17,KIM-UDR,-1389.0401077270508,250000.0,19
2016-10-17,FANG-TRGP,-1940.694423675537,250000.0,19
2016-10-18,KIM-UDR,-2173.7348670959473,250000.0,19
2016-10-18,FANG-TRGP,2158.011173248291,250000.0,19
2016-10-19,FANG-TRGP,-2586.382308959961,250000.0,19
2016-10-20,FANG-TRGP,-1672.2318534851074,250000.0,19
2016-10-20,DVA-MCK,0.0,250000.0,19
2016-10-21,FANG-TRGP,2577.4967498779297,250000.0,19
2016-10-21,DVA-MCK,1108.2967376708984,250000.0,19
2016-10-21,CPRT-LDOS,0.0,250000.0,19
2016-10-24,FANG-TRGP,3271.6086349487305,250000.0,19
2016-10-24,DVA-MCK,-4079.5836181640625,250000.0,19
2016-10-24,CPRT-LDOS,-2757.670201778412,250000.0,19
2016-10-25,FANG-TRGP,2765.879405975342,250000.0,19
2016-10-25,DVA-MCK,-925.7078399658203,250000.0,19
2016-10-25,CPRT-LDOS,-3570.4971885681152,250000.0,19
2016-10-25,CAT-MAS,0.0,250000.0,19
2016-10-25,ALLE-RTX,0.0,250000.0,19
2016-10-26,FANG-TRGP,10798.263275146484,250000.0,19
2016-10-26,DVA-MCK,-4214.0289306640625,250000.0,19
2016-10-26,CAT-MAS,2475.485570907593,250000.0,19
2016-10-26,ALLE-RTX,1109.7018585205078,250000.0,19
2016-10-26,BSX-ZBH,0.0,250000.0,19
2016-10-26,KIM-UDR,0.0,250000.0,19
2016-10-26,BA-IEX,0.0,250000.0,19
2016-10-27,FANG-TRGP,8090.666473388672,250000.0,19
2016-10-27,CAT-MAS,3781.2605876922607,250000.0,19
2016-10-27,ALLE-RTX,-6260.305587768555,250000.0,19
2016-10-27,KIM-UDR,-670.185375213623,250000.0,19
2016-10-27,BA-IEX,3064.206817626953,250000.0,19
2016-10-28,FANG-TRGP,11267.561725616455,250000.0,19
2016-10-28,CAT-MAS,3938.1309547424316,250000.0,19
2016-10-28,KIM-UDR,-3592.472984313965,250000.0,19
2016-10-28,BA-IEX,4130.6114501953125,250000.0,19
2016-10-28,DVA-MCK,0.0,250000.0,19
2016-10-28,GIS-HSY,0.0,250000.0,19
2016-10-31,FANG-TRGP,14301.144569396973,250000.0,19
2016-10-31,CAT-MAS,6052.8657875061035,250000.0,19
2016-10-31,BA-IEX,5737.732208251953,250000.0,19
2016-10-31,DVA-MCK,-3466.668685913086,250000.0,19
2016-10-31,GIS-HSY,1256.2466125488281,250000.0,19
2016-10-31,BSX-ZBH,0.0,250000.0,19
2016-09-06,USB-V,0.0,250000.0,20
2016-09-06,KEYS-TEL,0.0,250000.0,20
2016-09-07,USB-V,-3007.27583694458,250000.0,20
2016-09-07,ETR-WEC,0.0,250000.0,20
2016-09-07,GIS-MKC,0.0,250000.0,20
2016-09-08,USB-V,-1418.1570148468018,250000.0,20
2016-09-08,ETR-WEC,-609.528491973877,250000.0,20
2016-09-09,USB-V,1705.8969841003418,250000.0,20
2016-09-09,ETR-WEC,1497.082851409912,250000.0,20
2016-09-09,KEYS-TEL,0.0,250000.0,20
2016-09-12,USB-V,-1589.5912990570068,250000.0,20
2016-09-12,KEYS-TEL,187.54964637756348,250000.0,20
2016-09-12,HPQ-JBL,0.0,250000.0,20
2016-09-13,USB-V,-761.5008487701416,250000.0,20
2016-09-13,KEYS-TEL,-1293.1177291870117,250000.0,20
2016-09-13,HPQ-JBL,2696.9387969970703,250000.0,20
2016-09-14,USB-V,-878.4604206085205,250000.0,20
2016-09-14,KEYS-TEL,-207.19391441345215,250000.0,20
2016-09-15,USB-V,-1981.932710647583,250000.0,20
2016-09-15,KEYS-TEL,2287.894826889038,250000.0,20
2016-09-16,KEYS-TEL,3028.922067642212,250000.0,20
2016-09-16,CBOE-L,0.0,250000.0,20
2016-09-19,KEYS-TEL,1780.1595039367676,250000.0,20
2016-09-19,CBOE-L,565.6810455322266,250000.0,20
2016-09-20,CBOE-L,-132.43756866455078,250000.0,20
2016-09-21,CBOE-L,3175.401054382324,250000.0,20
2016-09-22,GS-HBAN,0.0,250000.0,20
2016-09-23,CME-FITB,0.0,250000.0,20
2016-09-26,CME-FITB,2895.116021156311,250000.0,20
2016-09-27,CME-FITB,726.5514574050903,250000.0,20
2016-09-28,CME-FITB,2628.776662826538,250000.0,20
2016-09-28,KEYS-TEL,0.0,250000.0,20
2016-09-29,CME-FITB,2824.0475873947144,250000.0,20
2016-09-29,KEYS-TEL,796.6624488830566,250000.0,20
2016-09-30,CME-FITB,-248.00767707824707,250000.0,20
2016-09-30,KEYS-TEL,704.5225868225098,250000.0,20
2016-10-03,CME-FITB,114.90411376953125,250000.0,20
2016-10-03,KEYS-TEL,83.61642837524414,250000.0,20
2016-10-04,CME-FITB,-1626.6518259048462,250000.0,20
2016-10-04,KEYS-TEL,1210.0306205749512,250000.0,20
2016-10-05,CME-FITB,-4596.205811500549,250000.0,20
2016-10-06,CME-FITB,-4318.981461524963,250000.0,20
2016-10-07,CME-FITB,-4507.015288352966,250000.0,20
2016-10-11,KEYS-TEL,0.0,250000.0,20
2016-10-12,KEYS-TEL,-3002.829917907715,250000.0,20
2016-10-13,CME-FITB,0.0,250000.0,20
2016-10-13,GS-HBAN,0.0,250000.0,20
2016-10-14,CME-FITB,-3286.182441711426,250000.0,20
2016-10-14,GS-HBAN,-626.9306740760803,250000.0,20
2016-10-14,HPQ-JBL,0.0,250000.0,20
2016-10-17,CME-FITB,-1520.3368225097656,250000.0,20
2016-10-17,GS-HBAN,-3173.682147026062,250000.0,20
2016-10-17,HPQ-JBL,-8078.210005760193,250000.0,20
2016-10-17,BA-CHRW,0.0,250000.0,20
2016-10-18,CME-FITB,1193.8907442092896,250000.0,20
2016-10-18,GS-HBAN,-3318.618950366974,250000.0,20
2016-10-18,BA-CHRW,1259.6459999084473,250000.0,20
2016-10-19,GS-HBAN,656.8982186317444,250000.0,20
2016-10-19,BA-CHRW,1886.1386833190918,250000.0,20
2016-10-19,CBOE-L,0.0,250000.0,20
2016-10-20,GS-HBAN,3486.244668006897,250000.0,20
2016-10-20,BA-CHRW,1606.6641426086426,250000.0,20
2016-10-20,CBOE-L,904.3210144042969,250000.0,20
2016-10-20,JPM-USB,0.0,250000.0,20
2016-10-21,GS-HBAN,1263.5407466888428,250000.0,20
2016-10-21,BA-CHRW,1857.0892868041992,250000.0,20
2016-10-21,JPM-USB,1246.1449432373047,250000.0,20
2016-10-24,GS-HBAN,1827.928678035736,250000.0,20
2016-10-24,JPM-USB,1398.121353149414,250000.0,20
2016-10-25,GS-HBAN,3698.966475009918,250000.0,20
2016-10-25,ETR-WEC,0.0,250000.0,20
2016-10-25,BSX-REGN,0.0,250000.0,20
2016-10-25,ETR-XEL,0.0,250000.0,20
2016-10-25,GIS-MKC,0.0,250000.0,20
2016-10-26,ETR-WEC,-3823.6459999084473,250000.0,20
2016-10-26,BSX-REGN,-5862.373466491699,250000.0,20
2016-10-26,ETR-XEL,-1429.6702728271484,250000.0,20
2016-10-26,GIS-MKC,611.8083381652832,250000.0,20
2016-10-27,ETR-WEC,-3128.2735328674316,250000.0,20
2016-10-27,ETR-XEL,-1818.860647201538,250000.0,20
2016-10-27,GIS-MKC,2700.7107734680176,250000.0,20
2016-10-28,ETR-WEC,-2165.1046867370605,250000.0,20
2016-10-28,ETR-XEL,-1648.291316986084,250000.0,20
2016-10-28,GIS-MKC,2650.113868713379,250000.0,20
2016-10-31,ETR-WEC,-1957.1928367614746,250000.0,20
2016-10-31,ETR-XEL,-2476.2060890197754,250000.0,20
2016-10-31,GIS-MKC,2179.7938537597656,250000.0,20
2016-10-31,HPQ-JBL,0.0,250000.0,20
2016-10-31,CBOE-L,0.0,250000.0,20
2016-11-01,ETR-WEC,-3913.8876457214355,250000.0,20
2016-11-01,ETR-XEL,-4240.369106292725,250000.0,20
2016-11-01,HPQ-JBL,-1326.2906303405762,250000.0,20
2016-11-01,CBOE-L,3821.3042793273926,250000.0,20
2016-11-02,ETR-WEC,-3665.952003479004,250000.0,20
2016-11-02,ETR-XEL,-3526.256748199463,250000.0,20
2016-11-02,HPQ-JBL,-9629.615909576416,250000.0,20
2016-11-03,ETR-WEC,-4906.138477325439,250000.0,20
2016-11-03,ETR-XEL,-4617.671485900879,250000.0,20
2016-11-04,ETR-WEC,-4987.943881988525,250000.0,20
2016-11-07,BA-CHRW,0.0,250000.0,20
2016-11-08,BA-CHRW,-253.32998657226562,250000.0,20
2016-11-09,BA-CHRW,-5290.994640350342,250000.0,20
2016-11-09,BSX-REGN,0.0,250000.0,20
2016-11-09,ETR-XEL,0.0,250000.0,20
2016-11-10,BSX-REGN,-2055.269037246704,250000.0,20
2016-11-10,ETR-XEL,-3268.1910972595215,250000.0,20
2016-11-10,USB-V,0.0,250000.0,20
2016-11-10,GIS-MKC,0.0,250000.0,20
2016-11-10,JPM-USB,0.0,250000.0,20
2016-11-11,BSX-REGN,-6604.179172515869,250000.0,20
2016-11-11,ETR-XEL,-1123.694980621338,250000.0,20
2016-11-11,USB-V,-1063.4684143066406,250000.0,20
2016-11-11,GIS-MKC,-67.21199417114258,250000.0,20
2016-11-11,JPM-USB,1415.3046569824219,250000.0,20
2016-11-14,BSX-REGN,-33458.997509002686,250000.0,20
2016-11-14,GIS-MKC,627.9186744689941,250000.0,20
2016-11-14,JPM-USB,-1801.3173522949219,250000.0,20
2016-11-15,BSX-REGN,-18022.919025421143,250000.0,20
2016-11-15,GIS-MKC,806.5113792419434,250000.0,20
2016-11-15,JPM-USB,-1555.8321533203125,250000.0,20
2016-11-16,BSX-REGN,-9159.767749786377,250000.0,20
2016-11-16,GIS-MKC,380.22868728637695,250000.0,20
2016-11-16,JPM-USB,-649.298583984375,250000.0,20
2016-11-16,HPQ-JBL,0.0,250000.0,20
2016-11-17,GIS-MKC,-1133.6473846435547,250000.0,20
2016-11-17,JPM-USB,1938.293472290039,250000.0,20
2016-11-17,HPQ-JBL,-954.802433013916,250000.0,20
2016-11-18,GIS-MKC,-1448.8749504089355,250000.0,20
2016-11-18,HPQ-JBL,-3459.713233947754,250000.0,20
2016-11-21,GIS-MKC,-446.78942489624023,250000.0,20
2016-11-21,HPQ-JBL,-4246.955718994141,250000.0,20
2016-11-22,GIS-MKC,-250.38899612426758,250000.0,20
2016-11-23,GIS-MKC,-2284.299304962158,250000.0,20
2016-10-06,AIG-BRO,0.0,250000.0,21
2016-10-11,AIG-AON,0.0,250000.0,21
2016-10-11,BIIB-MDT,0.0,250000.0,21
2016-10-12,AIG-AON,1260.8490600585938,250000.0,21
2016-10-12,BIIB-MDT,1801.362419128418,250000.0,21
2016-10-13,AIG-AON,1087.013931274414,250000.0,21
2016-10-13,BIIB-MDT,548.2239227294922,250000.0,21
2016-10-14,AIG-AON,1911.3097534179688,250000.0,21
2016-10-17,AIG-AON,-226.07772827148438,250000.0,21
2016-10-18,AIG-AON,952.5793762207031,250000.0,21
2016-10-19,AIG-AON,947.4441833496094,250000.0,21
2016-10-19,AIG-AIZ,0.0,250000.0,21
2016-10-20,AIG-AON,143.0545654296875,250000.0,21
2016-10-20,AIG-AIZ,261.8045997619629,250000.0,21
2016-10-21,AIG-AON,-845.0606842041016,250000.0,21
2016-10-21,AIG-AIZ,-1357.5493698120117,250000.0,21
2016-10-21,AIG-PYPL,0.0,250000.0,21
2016-10-24,AIG-AON,-124.35552978515625,250000.0,21
2016-10-24,AIG-AIZ,-1637.8893356323242,250000.0,21
2016-10-24,AIG-PYPL,2232.9092903137207,250000.0,21
2016-10-24,AIG-BRO,0.0,250000.0,21
2016-10-25,AIG-AIZ,-3923.4197425842285,250000.0,21
2016-10-25,AIG-PYPL,5868.940444946289,250000.0,21
2016-10-25,AIG-BRO,-212.07194137573242,250000.0,21
2016-10-26,AIG-AIZ,-5788.39497756958,250000.0,21
2016-10-26,AIG-PYPL,12550.795440673828,250000.0,21
2016-10-26,AIG-BRO,1089.1925163269043,250000.0,21
2016-10-26,BIIB-DGX,0.0,250000.0,21
2016-10-26,PFE-RMD,0.0,250000.0,21
2016-10-27,AIG-BRO,254.62214279174805,250000.0,21
2016-10-27,BIIB-DGX,244.14462280273438,250000.0,21
2016-10-27,PFE-RMD,-3240.2125492095947,250000.0,21
2016-10-28,AIG-BRO,1275.3584022521973,250000.0,21
2016-10-28,BIIB-DGX,3045.2032318115234,250000.0,21
2016-10-28,PFE-RMD,746.9215259552002,250000.0,21
2016-10-31,AIG-BRO,1574.063835144043,250000.0,21
2016-10-31,PFE-RMD,-911.4666233062744,250000.0,21
2016-11-01,AIG-BRO,-160.53707122802734,250000.0,21
2016-11-01,PFE-RMD,-5334.429744720459,250000.0,21
2016-11-02,AIG-BRO,-1824.0715065002441,250000.0,21
2016-11-02,PFE-RMD,-6463.173278808594,250000.0,21
2016-11-03,AIG-BRO,2652.701404571533,250000.0,21
2016-11-03,PFE-RMD,-4854.024166107178,250000.0,21
2016-11-04,AIG-BRO,1579.313175201416,250000.0,21
2016-11-04,PFE-RMD,-4891.83204460144,250000.0,21
2016-11-04,AIG-WTW,0.0,250000.0,21
2016-11-07,PFE-RMD,-3933.8724327087402,250000.0,21
2016-11-07,AIG-WTW,586.5044631958008,250000.0,21
2016-11-08,PFE-RMD,-3829.6247425079346,250000.0,21
2016-11-08,AIG-WTW,2783.319061279297,250000.0,21
2016-11-09,PFE-RMD,-7796.737699508667,250000.0,21
2016-11-09,AIG-WTW,67.94534301757812,250000.0,21
2016-11-09,AIG-SYF,0.0,250000.0,21
2016-11-10,AIG-WTW,7574.231269836426,250000.0,21
2016-11-10,AIG-SYF,-10297.02749633789,250000.0,21
2016-11-10,AIG-PYPL,0.0,250000.0,21
2016-11-11,AIG-WTW,5804.4488525390625,250000.0,21
2016-11-11,AIG-PYPL,-2503.7635917663574,250000.0,21
2016-11-14,AIG-WTW,7156.780578613281,250000.0,21
2016-11-14,AIG-HIG,0.0,250000.0,21
2016-11-15,AIG-HIG,252.72756958007812,250000.0,21
2016-11-16,AIG-HIG,6937.774711608887,250000.0,21
2016-11-17,AIG-HIG,4941.980751037598,250000.0,21
2016-11-18,AIG-HIG,3387.6008949279785,250000.0,21
2016-11-29,BIIB-UNH,0.0,250000.0,21
2016-11-30,BIIB-UNH,-3845.649200439453,250000.0,21
2016-11-30,PFE-VRTX,0.0,250000.0,21
2016-12-01,BIIB-UNH,-7685.8807373046875,250000.0,21
2016-12-01,PFE-VRTX,-4043.7878036499023,250000.0,21
2016-12-01,AIG-WTW,0.0,250000.0,21
2016-12-01,AIG-PYPL,0.0,250000.0,21
2016-12-02,BIIB-UNH,-7077.932373046875,250000.0,21
2016-12-02,PFE-VRTX,-13041.262878417969,250000.0,21
2016-12-02,AIG-WTW,-2946.7005310058594,250000.0,21
2016-12-02,AIG-PYPL,2450.012477874756,250000.0,21
2016-12-05,BIIB-UNH,-3493.8351440429688,250000.0,21
2016-12-05,PFE-VRTX,-12443.108516693115,250000.0,21
2016-12-05,AIG-WTW,93.02737426757812,250000.0,21
2016-12-05,AIG-PYPL,4047.6277503967285,250000.0,21
2016-12-05,BIIB-CRL,0.0,250000.0,21
2016-12-06,PFE-VRTX,-4237.540390014648,250000.0,21
2016-12-06,AIG-PYPL,3459.6145629882812,250000.0,21
2016-12-06,BIIB-CRL,-6045.278388977051,250000.0,21
2016-12-07,PFE-VRTX,-8697.658657073975,250000.0,21
2016-12-07,AIG-PYPL,5269.518352508545,250000.0,21
2016-12-07,BIIB-CRL,-3347.187744140625,250000.0,21
2016-12-07,BIIB-RVTY,0.0,250000.0,21
2016-12-08,PFE-VRTX,-96.7874641418457,250000.0,21
2016-12-08,AIG-PYPL,4744.4035568237305,250000.0,21
2016-12-08,BIIB-CRL,-5095.847099304199,250000.0,21
2016-12-08,BIIB-RVTY,116.25418090820312,250000.0,21
2016-12-09,PFE-VRTX,-10236.282321929932,250000.0,21
2016-12-09,AIG-PYPL,4987.792831420898,250000.0,21
2016-12-09,BIIB-RVTY,-2963.185089111328,250000.0,21
2016-12-12,PFE-VRTX,-19830.888732910156,250000.0,21
2016-12-12,AIG-PYPL,3919.2147903442383,250000.0,21
2016-12-12,BIIB-RVTY,-3441.9046325683594,250000.0,21
2016-12-13,AIG-PYPL,2716.780849456787,250000.0,21
2016-12-13,BIIB-RVTY,-5242.137481689453,250000.0,21
2016-12-14,AIG-PYPL,4022.045913696289,250000.0,21
2016-12-14,BIIB-RVTY,-3531.6609802246094,250000.0,21
2016-12-15,AIG-PYPL,3643.1450538635254,250000.0,21
2016-12-15,BIIB-RVTY,-5300.712890625,250000.0,21
2016-12-16,AIG-PYPL,2016.9425964355469,250000.0,21
2016-12-16,BIIB-RVTY,-4945.0396728515625,250000.0,21
2016-12-19,BIIB-RVTY,-5760.366302490234,250000.0,21
2016-12-20,BIIB-RVTY,-3588.9332580566406,250000.0,21
2016-12-21,BIIB-RVTY,-2478.106414794922,250000.0,21
2016-12-22,BIIB-RVTY,1062.0685119628906,250000.0,21
2016-12-23,BIIB-RVTY,1213.199462890625,250000.0,21
2016-12-27,BIIB-RVTY,2461.1107177734375,250000.0,21
2016-12-28,BIIB-RVTY,4084.4185485839844,250000.0,21
2016-12-29,BIIB-RVTY,3301.474609375,250000.0,21
2016-12-30,BIIB-RVTY,2153.4397888183594,250000.0,21
2016-11-09,AMCR-VMC,0.0,250000.0,22
2016-11-09,AMCR-NUE,0.0,250000.0,22
2016-11-10,AMCR-VMC,-8531.530258178711,250000.0,22
2016-11-10,AMCR-NUE,-6593.836589813232,250000.0,22
2016-11-11,AMCR-VMC,-4997.263969421387,250000.0,22
2016-11-11,AMCR-NUE,-4902.032512664795,250000.0,22
2016-11-11,AMCR-NEM,0.0,250000.0,22
2016-11-14,AMCR-VMC,-6175.4738693237305,250000.0,22
2016-11-14,AMCR-NUE,-8589.447967529297,250000.0,22
2016-11-14,AMCR-NEM,7993.037929534912,250000.0,22
2016-11-15,AMCR-VMC,-5909.3780517578125,250000.0,22
2016-11-15,AMCR-NUE,-11756.275360107422,250000.0,22
2016-11-15,AMCR-NEM,18360.13232421875,250000.0,22
2016-11-16,AMCR-VMC,2394.103935241699,250000.0,22
2016-11-16,AMCR-NUE,-9674.00473022461,250000.0,22
2016-11-16,AMCR-NEM,17173.065460205078,250000.0,22
2016-11-17,AMCR-VMC,3173.1148071289062,250000.0,22
2016-11-17,AMCR-NUE,-7938.69758605957,250000.0,22
2016-11-17,AMCR-NEM,8784.383646011353,250000.0,22
2016-11-18,AMCR-VMC,6365.348190307617,250000.0,22
2016-11-18,AMCR-NUE,-5292.458255767822,250000.0,22
2016-11-18,AMCR-NEM,8705.266458511353,250000.0,22
2016-11-21,AMCR-VMC,6213.047401428223,250000.0,22
2016-11-21,AMCR-NUE,-8849.711391448975,250000.0,22
2016-11-21,AMCR-NEM,11712.550159454346,250000.0,22
2016-11-22,AMCR-VMC,6365.332389831543,250000.0,22
2016-11-22,AMCR-NUE,-20345.72332763672,250000.0,22
2016-11-22,AMCR-NEM,12741.344017028809,250000.0,22
2016-11-23,AMCR-VMC,3206.2326049804688,250000.0,22
2016-11-23,AMCR-NUE,-21213.33609008789,250000.0,22
2016-11-23,AMCR-NEM,-712.1898975372314,250000.0,22
2016-11-25,AMCR-NEM,2611.543237686157,250000.0,22
2016-11-28,AMCR-NEM,14719.775913238525,250000.0,22
2016-11-29,AMCR-NEM,15511.218208312988,250000.0,22
2016-11-30,AMCR-NEM,6726.757299423218,250000.0,22
2016-12-01,AMCR-NEM,5381.456060409546,250000.0,22
2016-12-01,FFIV-SWKS,0.0,250000.0,22
2016-12-02,AMCR-NEM,15748.569770812988,250000.0,22
2016-12-02,FFIV-SWKS,5586.679008483887,250000.0,22
2016-12-05,AMCR-NEM,14957.262685775757,250000.0,22
2016-12-05,FFIV-SWKS,10180.07833480835,250000.0,22
2016-12-05,AMCR-STLD,0.0,250000.0,22
2016-12-06,AMCR-NEM,11707.721229553223,250000.0,22
2016-12-06,AMCR-STLD,-4786.0048904418945,250000.0,22
2016-12-07,AMCR-NEM,16463.096870422363,250000.0,22
2016-12-07,AMCR-STLD,-5900.497482299805,250000.0,22
2016-12-07,AMCR-IFF,0.0,250000.0,22
2016-12-08,AMCR-NEM,18444.54201889038,250000.0,22
2016-12-08,AMCR-IFF,-2205.277633666992,250000.0,22
2016-12-09,AMCR-PKG,0.0,250000.0,22
2016-12-12,AMCR-PKG,2574.463005065918,250000.0,22
2016-12-12,AMCR-VMC,0.0,250000.0,22
2016-12-13,AMCR-PKG,-5999.862976074219,250000.0,22
2016-12-13,AMCR-VMC,-1453.8896179199219,250000.0,22
2016-12-14,AMCR-PKG,-4769.88712310791,250000.0,22
2016-12-14,AMCR-VMC,-2872.8700256347656,250000.0,22
2016-12-15,AMCR-PKG,-5828.255271911621,250000.0,22
2016-12-15,AMCR-VMC,-4451.766166687012,250000.0,22
2016-12-16,AMCR-VMC,-5411.177597045898,250000.0,22
2016-12-19,AMCR-VMC,-3952.0730590820312,250000.0,22
2016-12-20,AMCR-VMC,-414.4788360595703,250000.0,22
2016-12-21,AMCR-VMC,65.18539428710938,250000.0,22
2016-12-22,AMCR-VMC,-1693.6553573608398,250000.0,22
2016-12-23,AMCR-VMC,-1134.0581512451172,250000.0,22
2016-12-27,AMCR-VMC,2763.358917236328,250000.0,22
2016-12-28,AMCR-VMC,1384.2371368408203,250000.0,22
2016-12-29,AMCR-VMC,2183.6996459960938,250000.0,22
2016-12-30,FFIV-SWKS,0.0,250000.0,22
2017-01-03,FFIV-SWKS,1623.2018699645996,250000.0,22
2017-01-03,FFIV-GDDY,0.0,250000.0,22
2017-01-04,FFIV-SWKS,944.253101348877,250000.0,22
2017-01-04,FFIV-GDDY,2840.0963439941406,250000.0,22
2017-01-05,FFIV-SWKS,-236.1732635498047,250000.0,22
2017-01-06,FFIV-SWKS,1062.9268608093262,250000.0,22
2017-01-09,FFIV-SWKS,3438.2102661132812,250000.0,22
2017-01-20,FFIV-SWKS,0.0,250000.0,22
2017-01-23,FFIV-SWKS,-4331.405235290527,250000.0,22
2017-01-23,FFIV-NXPI,0.0,250000.0,22
2017-01-24,FFIV-SWKS,-9929.430297851562,250000.0,22
2017-01-24,FFIV-NXPI,573.333740234375,250000.0,22
2017-01-24,AMCR-IP,0.0,250000.0,22
2017-01-25,FFIV-SWKS,-8630.685081481934,250000.0,22
2017-01-25,FFIV-NXPI,1992.205810546875,250000.0,22
2017-01-25,AMCR-IP,-9346.459716796875,250000.0,22
2017-01-26,FFIV-SWKS,-7493.36686706543,250000.0,22
2017-01-26,AMCR-IP,-7199.949920654297,250000.0,22
2017-01-27,FFIV-SWKS,-10117.821670532227,250000.0,22
2017-01-27,AMCR-IP,-6439.721969604492,250000.0,22
2017-01-30,FFIV-SWKS,-12971.484992980957,250000.0,22
2017-01-30,AMCR-IP,-4427.276184082031,250000.0,22
2017-01-31,FFIV-SWKS,-10299.290649414062,250000.0,22
2017-01-31,AMCR-IP,-3130.407028198242,250000.0,22
2016-12-01,CRM-INTC,0.0,250000.0,23
2016-12-01,NCLH-TSCO,0.0,250000.0,23
2016-12-01,MPWR-MU,0.0,250000.0,23
2016-12-01,MA-MCO,0.0,250000.0,23
2016-12-02,CRM-INTC,2877.726863861084,250000.0,23
2016-12-02,NCLH-TSCO,3675.0228595733643,250000.0,23
2016-12-02,MPWR-MU,-3177.122625350952,250000.0,23
2016-12-02,MA-MCO,1753.0527420043945,250000.0,23
2016-12-05,CRM-INTC,8602.891334533691,250000.0,23
2016-12-05,NCLH-TSCO,6998.504238128662,250000.0,23
2016-12-05,MPWR-MU,8273.2759475708,250000.0,23
2016-12-05,MA-MCO,1858.8368606567383,250000.0,23
2016-12-06,CRM-INTC,10743.449020385742,250000.0,23
2016-12-06,MPWR-MU,4219.152004241943,250000.0,23
2016-12-06,MA-MCO,713.0124969482422,250000.0,23
2016-12-07,MPWR-MU,-7196.873870849609,250000.0,23
2016-12-07,MA-MCO,6091.091957092285,250000.0,23
2016-12-08,MPWR-MU,-276.684268951416,250000.0,23
2016-12-08,MA-MCO,6153.0947189331055,250000.0,23
2016-12-09,MPWR-MU,-1365.9177627563477,250000.0,23
2016-12-09,NCLH-WSM,0.0,250000.0,23
2016-12-12,MPWR-MU,3433.1023139953613,250000.0,23
2016-12-12,NCLH-WSM,-2847.71635055542,250000.0,23
2016-12-12,NCLH-RL,0.0,250000.0,23
2016-12-13,NCLH-WSM,-2706.817543029785,250000.0,23
2016-12-13,NCLH-RL,140.0317039489746,250000.0,23
2016-12-14,NCLH-WSM,-3664.409782409668,250000.0,23
2016-12-14,NCLH-RL,-4938.904216766357,250000.0,23
2016-12-15,NCLH-WSM,-1324.5461807250977,250000.0,23
2016-12-15,NCLH-SBUX,0.0,250000.0,23
2016-12-16,NCLH-WSM,-4634.596485137939,250000.0,23
2016-12-16,NCLH-SBUX,1640.8510093688965,250000.0,23
2016-12-19,NCLH-WSM,-3147.6984214782715,250000.0,23
2016-12-19,NCLH-SBUX,3565.199810028076,250000.0,23
2016-12-20,NCLH-SBUX,361.2832260131836,250000.0,23
2016-12-21,NCLH-SBUX,-783.3545036315918,250000.0,23
2016-12-22,NCLH-SBUX,637.5735168457031,250000.0,23
2016-12-22,NCLH-WSM,0.0,250000.0,23
2016-12-23,NCLH-SBUX,-34.6856689453125,250000.0,23
2016-12-23,NCLH-WSM,-6010.262937545776,250000.0,23
2016-12-27,NCLH-SBUX,-1015.4363708496094,250000.0,23
2016-12-27,NCLH-WSM,-5537.94775390625,250000.0,23
2016-12-28,NCLH-SBUX,-1827.0492553710938,250000.0,23
2016-12-28,NCLH-WSM,-6505.386487960815,250000.0,23
2016-12-29,NCLH-SBUX,-1460.415470123291,250000.0,23
2016-12-29,NCLH-WSM,-6108.854341506958,250000.0,23
2016-12-30,NCLH-WSM,-4418.470691680908,250000.0,23
2017-01-03,NCLH-WSM,287.89082527160645,250000.0,23
2017-01-03,CB-V,0.0,250000.0,23
2017-01-03,CB-STT,0.0,250000.0,23
2017-01-04,NCLH-WSM,-1598.7999687194824,250000.0,23
2017-01-04,CB-V,-1805.6783142089844,250000.0,23
2017-01-04,MA-MCO,0.0,250000.0,23
2017-01-05,NCLH-WSM,-5820.55947303772,250000.0,23
2017-01-05,MA-MCO,-4370.07218170166,250000.0,23
2017-01-05,NCLH-TSCO,0.0,250000.0,23
2017-01-05,PTC-TDY,0.0,250000.0,23
2017-01-05,GNRC-RTX,0.0,250000.0,23
2017-01-06,MA-MCO,-7745.001220703125,250000.0,23
2017-01-06,NCLH-TSCO,-891.5534172058105,250000.0,23
2017-01-09,MA-MCO,-3425.913360595703,250000.0,23
2017-01-09,NCLH-TSCO,-506.40981674194336,250000.0,23
2017-01-09,PTC-TDY,0.0,250000.0,23
2017-01-10,MA-MCO,2882.304801940918,250000.0,23
2017-01-10,NCLH-TSCO,901.1612739562988,250000.0,23
2017-01-10,PTC-TDY,-1744.4637451171875,250000.0,23
2017-01-11,MA-MCO,554.4108810424805,250000.0,23
2017-01-11,NCLH-TSCO,227.3057746887207,250000.0,23
2017-01-11,PTC-TDY,1626.3529815673828,250000.0,23
2017-01-12,MA-MCO,-5876.7246170043945,250000.0,23
2017-01-12,NCLH-TSCO,-707.909351348877,250000.0,23
2017-01-12,PTC-TDY,-828.1392059326172,250000.0,23
2017-01-13,MA-MCO,-7031.892265319824,250000.0,23
2017-01-13,NCLH-TSCO,505.4411392211914,250000.0,23
2017-01-13,PTC-TDY,3169.7975006103516,250000.0,23
2017-01-13,GNRC-ROK,0.0,250000.0,23
2017-01-17,GNRC-ROK,2606.2199668884277,250000.0,23
2017-01-18,GNRC-ROK,2744.1425132751465,250000.0,23
2017-01-19,GNRC-ROK,5860.22554397583,250000.0,23
2017-01-19,NCLH-TSCO,0.0,250000.0,23
2017-01-20,GNRC-ROK,6404.134799957275,250000.0,23
2017-01-20,NCLH-TSCO,1397.7794399261475,250000.0,23
2017-01-23,GNRC-ROK,7928.070373535156,250000.0,23
2017-01-23,NCLH-TSCO,-1769.1777324676514,250000.0,23
2017-01-23,MMM-WAB,0.0,250000.0,23
2017-01-24,NCLH-TSCO,-3584.6923999786377,250000.0,23
2017-01-24,CB-V,0.0,250000.0,23
2017-01-24,CRM-INTC,0.0,250000.0,23
2017-01-25,NCLH-TSCO,-8290.735967636108,250000.0,23
2017-01-25,CB-V,-2991.7220611572266,250000.0,23
2017-01-25,CRM-INTC,-2522.39102935791,250000.0,23
2017-01-26,CB-V,-1000.7936553955078,250000.0,23
2017-01-26,CRM-INTC,-420.4288787841797,250000.0,23
2017-01-27,CB-V,-2806.1219024658203,250000.0,23
2017-01-27,CRM-INTC,-3464.9524307250977,250000.0,23
2017-01-27,NCLH-SBUX,0.0,250000.0,23
2017-01-30,CB-V,-1179.9399948120117,250000.0,23
2017-01-30,NCLH-SBUX,1132.7327041625977,250000.0,23
2017-01-31,CB-V,1989.104019165039,250000.0,23
2017-01-31,NCLH-SBUX,302.08264923095703,250000.0,23
2017-01-31,CMI-UPS,0.0,250000.0,23
2017-02-01,NCLH-SBUX,-7882.05867767334,250000.0,23
2017-02-01,CMI-UPS,-8958.80892944336,250000.0,23
2017-02-01,CB-KKR,0.0,250000.0,23
2017-02-02,NCLH-SBUX,-7119.485305786133,250000.0,23
2017-02-02,CMI-UPS,-8573.47900390625,250000.0,23
2017-02-03,NCLH-SBUX,-1989.8628387451172,250000.0,23
2017-02-03,CMI-UPS,-4848.595153808594,250000.0,23
2017-02-06,NCLH-SBUX,1463.9337310791016,250000.0,23
2017-02-06,CMI-UPS,-6422.851409912109,250000.0,23
2017-02-07,NCLH-SBUX,6.0349273681640625,250000.0,23
2017-02-07,CMI-UPS,-8209.030624389648,250000.0,23
2017-02-08,NCLH-SBUX,-424.86702728271484,250000.0,23
2017-02-08,CMI-UPS,-5516.2825927734375,250000.0,23
2017-02-08,MMM-WAB,0.0,250000.0,23
2017-02-09,NCLH-SBUX,1788.0770568847656,250000.0,23
2017-02-09,CMI-UPS,-9145.085205078125,250000.0,23
2017-02-09,MMM-WAB,1010.6007614135742,250000.0,23
2017-02-10,NCLH-SBUX,4177.23405456543,250000.0,23
2017-02-10,CMI-UPS,-7535.794570922852,250000.0,23
2017-02-10,MMM-WAB,3075.332733154297,250000.0,23
2017-02-13,NCLH-SBUX,3535.728240966797,250000.0,23
2017-02-13,CMI-UPS,-7094.658920288086,250000.0,23
2017-02-13,MMM-WAB,1277.2504577636719,250000.0,23
2017-02-14,NCLH-SBUX,5851.908187866211,250000.0,23
2017-02-14,CMI-UPS,-5110.836029052734,250000.0,23
2017-02-14,MMM-WAB,-2208.041946411133,250000.0,23
2017-02-14,GNRC-RTX,0.0,250000.0,23
2017-02-15,NCLH-SBUX,6784.662651062012,250000.0,23
2017-02-15,MMM-WAB,1048.2872695922852,250000.0,23
2017-02-15,GNRC-RTX,585.3154144287109,250000.0,23
2017-02-16,NCLH-SBUX,6821.822814941406,250000.0,23
2017-02-16,MMM-WAB,-2642.515121459961,250000.0,23
2017-02-16,GNRC-RTX,-1154.3899536132812,250000.0,23
2017-02-17,MMM-WAB,-2808.900535583496,250000.0,23
2017-02-17,GNRC-RTX,-158.6057586669922,250000.0,23
2017-02-21,GNRC-RTX,-1393.6026458740234,250000.0,23
2017-02-22,GNRC-RTX,-131.9120635986328,250000.0,23
2017-02-22,MMM-WAB,0.0,250000.0,23
2017-02-23,GNRC-RTX,-1564.6598815917969,250000.0,23
2017-02-23,MMM-WAB,-7668.646766662598,250000.0,23
2017-02-24,GNRC-RTX,-5521.726791381836,250000.0,23
2017-02-24,MMM-WAB,-3988.5751419067383,250000.0,23
2017-02-27,GNRC-RTX,-3998.6932983398438,250000.0,23
2017-02-27,MMM-WAB,1262.4565124511719,250000.0,23
2017-02-28,GNRC-RTX,-6779.167678833008,250000.0,23
2017-02-28,MMM-WAB,-550.3596649169922,250000.0,23
2017-01-03,CI-COR,0.0,250000.0,24
2017-01-04,CI-COR,-5452.681549072266,250000.0,24
2017-01-04,ABBV-CRL,0.0,250000.0,24
2017-01-04,DHR-GILD,0.0,250000.0,24
2017-01-05,CI-COR,-1738.5316696166992,250000.0,24
2017-01-05,ABBV-CRL,-1586.06640625,250000.0,24
2017-01-06,CI-COR,-5102.799549102783,250000.0,24
2017-01-06,ABBV-CRL,-2340.1644325256348,250000.0,24
2017-01-06,HSIC-TMO,0.0,250000.0,24
2017-01-09,CI-COR,-7025.502269744873,250000.0,24
2017-01-09,ABBV-CRL,415.6040382385254,250000.0,24
2017-01-09,HSIC-TMO,969.7066268920898,250000.0,24
2017-01-09,EL-PEP,0.0,250000.0,24
2017-01-10,CI-COR,-5589.155353546143,250000.0,24
2017-01-10,ABBV-CRL,-2467.1839752197266,250000.0,24
2017-01-10,HSIC-TMO,1531.8831596374512,250000.0,24
2017-01-10,EL-PEP,-2980.7666778564453,250000.0,24
2017-01-11,CI-COR,5000.533931732178,250000.0,24
2017-01-11,EL-TAP,0.0,250000.0,24
2017-01-12,CI-COR,-1542.1913757324219,250000.0,24
2017-01-12,EL-TAP,-2329.373405456543,250000.0,24
2017-01-13,CI-COR,-3431.581127166748,250000.0,24
2017-01-17,CI-COR,-7962.989765167236,250000.0,24
2017-01-24,DOC-PLD,0.0,250000.0,24
2017-01-25,DOC-PLD,648.0786113739014,250000.0,24
2017-01-25,CTSH-TEL,0.0,250000.0,24
2017-01-25,BRO-CME,0.0,250000.0,24
2017-01-26,DOC-PLD,-2797.338743209839,250000.0,24
2017-01-26,CTSH-TEL,-3543.845329284668,250000.0,24
2017-01-26,BRO-CME,-12.212310791015625,250000.0,24
2017-01-26,BKNG-LVS,0.0,250000.0,24
2017-01-27,CTSH-TEL,-3326.736427307129,250000.0,24
2017-01-27,BRO-CME,-72.33196640014648,250000.0,24
2017-01-30,BRO-CME,-4119.213531494141,250000.0,24
2017-01-31,BRO-CME,-6579.339031219482,250000.0,24
2017-01-31,HSIC-TMO,0.0,250000.0,24
2017-02-01,BRO-CME,-6400.81485748291,250000.0,24
2017-02-01,HSIC-TMO,-901.9483032226562,250000.0,24
2017-02-02,BRO-CME,-5800.0164222717285,250000.0,24
2017-02-02,HSIC-TMO,3039.9459686279297,250000.0,24
2017-02-02,EL-PM,0.0,250000.0,24
2017-02-03,BRO-CME,-1898.4828987121582,250000.0,24
2017-02-03,HSIC-TMO,5402.269683837891,250000.0,24
2017-02-06,BRO-CME,-3000.702278137207,250000.0,24
2017-02-06,HSIC-TMO,4240.432556152344,250000.0,24
2017-02-07,BRO-CME,-1624.5455741882324,250000.0,24
2017-02-07,HSIC-TMO,4615.558052062988,250000.0,24
2017-02-08,BRO-CME,2347.0499153137207,250000.0,24
2017-02-08,HSIC-TMO,3306.168327331543,250000.0,24
2017-02-08,CME-MTB,0.0,250000.0,24
2017-02-09,HSIC-TMO,2967.730628967285,250000.0,24
2017-02-09,CME-MTB,4604.209533691406,250000.0,24
2017-02-10,HSIC-TMO,3022.595863342285,250000.0,24
2017-02-10,CME-MTB,4759.750762939453,250000.0,24
2017-02-13,HSIC-TMO,682.9178695678711,250000.0,24
2017-02-14,HSIC-TMO,1263.0857620239258,250000.0,24
2017-02-14,ABBV-CRL,0.0,250000.0,24
2017-02-15,HSIC-TMO,1364.7145614624023,250000.0,24
2017-02-15,ABBV-CRL,3883.7249755859375,250000.0,24
2017-02-16,HSIC-TMO,1378.087287902832,250000.0,24
2017-02-16,ABBV-CRL,4091.6864624023438,250000.0,24
2017-02-17,HSIC-TMO,1028.643669128418,250000.0,24
2017-02-17,ABBV-CRL,4970.001922607422,250000.0,24
2017-02-17,EL-SJM,0.0,250000.0,24
2017-02-21,ABBV-CRL,5485.001388549805,250000.0,24
2017-02-22,ABBV-CRL,4972.466384887695,250000.0,24
2017-02-23,ABBV-CRL,7571.996429443359,250000.0,24
2017-02-23,CTSH-TEL,0.0,250000.0,24
2017-02-24,ABBV-CRL,7482.579376220703,250000.0,24
2017-02-24,CTSH-TEL,-1195.2111549377441,250000.0,24
2017-02-24,DOC-WY,0.0,250000.0,24
2017-02-27,ABBV-CRL,3802.792526245117,250000.0,24
2017-02-27,CTSH-TEL,112.73690032958984,250000.0,24
2017-02-27,DOC-WY,3184.2624187469482,250000.0,24
2017-02-27,CI-COR,0.0,250000.0,24
2017-02-28,ABBV-CRL,9542.247863769531,250000.0,24
2017-02-28,CTSH-TEL,362.0632629394531,250000.0,24
2017-02-28,DOC-WY,1323.5681781768799,250000.0,24
2017-02-28,CI-COR,564.7582855224609,250000.0,24
2017-02-28,O-SBAC,0.0,250000.0,24
2017-03-01,CTSH-TEL,1757.8250770568848,250000.0,24
2017-03-01,CI-COR,-2158.4760208129883,250000.0,24
2017-03-01,O-SBAC,-1230.5076484680176,250000.0,24
2017-03-01,CME-MTB,0.0,250000.0,24
2017-03-01,BRO-CME,0.0,250000.0,24
2017-03-02,CTSH-TEL,79.32612228393555,250000.0,24
2017-03-02,CI-COR,-2068.4345169067383,250000.0,24
2017-03-02,O-SBAC,-1182.147705078125,250000.0,24
2017-03-02,CME-MTB,2046.561149597168,250000.0,24
2017-03-02,BRO-CME,1996.5493183135986,250000.0,24
2017-03-03,CTSH-TEL,1287.3260803222656,250000.0,24
2017-03-03,CI-COR,-1860.413673400879,250000.0,24
2017-03-03,O-SBAC,-1219.0521812438965,250000.0,24
2017-03-03,CME-MTB,3920.0976028442383,250000.0,24
2017-03-06,CTSH-TEL,1201.8924446105957,250000.0,24
2017-03-06,O-SBAC,-3713.728385925293,250000.0,24
2017-03-06,CME-MTB,2404.3085403442383,250000.0,24
2017-03-07,O-SBAC,-3703.0797691345215,250000.0,24
2017-03-07,CME-MTB,3540.762741088867,250000.0,24
2017-03-08,CME-MTB,2523.889389038086,250000.0,24
2017-03-09,CME-MTB,474.11480712890625,250000.0,24
2017-03-10,CME-MTB,222.4139862060547,250000.0,24
2017-03-10,EL-PEP,0.0,250000.0,24
2017-03-10,EL-MKC,0.0,250000.0,24
2017-03-13,CME-MTB,-4166.917655944824,250000.0,24
2017-03-13,EL-PEP,303.79756927490234,250000.0,24
2017-03-13,EL-MKC,1069.679214477539,250000.0,24
2017-03-14,CME-MTB,-2308.545639038086,250000.0,24
2017-03-14,EL-PEP,1172.0146255493164,250000.0,24
2017-03-15,CME-MTB,-6414.001251220703,250000.0,24
2017-03-15,DOC-PLD,0.0,250000.0,24
2017-03-16,DOC-PLD,-142.89168548583984,250000.0,24
2017-03-17,DOC-PLD,-1285.2782897949219,250000.0,24
2017-03-20,DOC-PLD,-3779.3810272216797,250000.0,24
2017-03-21,DOC-PLD,1263.0723724365234,250000.0,24
2017-03-21,BRO-CME,0.0,250000.0,24
2017-03-22,DOC-PLD,2899.1091079711914,250000.0,24
2017-03-22,BRO-CME,-2002.7786254882812,250000.0,24
2017-03-23,DOC-PLD,377.75499725341797,250000.0,24
2017-03-23,BRO-CME,-2123.3757095336914,250000.0,24
2017-03-24,BRO-CME,-1030.1013717651367,250000.0,24
2017-03-27,BRO-CME,-4126.2319259643555,250000.0,24
2017-03-28,BRO-CME,-3119.5915603637695,250000.0,24
2017-02-27,AFL-WRB,0.0,250000.0,25
2017-02-28,AFL-WRB,447.43105697631836,250000.0,25
2017-02-28,CIEN-JBL,0.0,250000.0,25
2017-02-28,BAC-MSCI,0.0,250000.0,25
2017-03-01,AFL-WRB,2901.918794631958,250000.0,25
2017-03-01,CIEN-JBL,3363.3279552459717,250000.0,25
2017-03-01,BAC-MSCI,1444.4139499664307,250000.0,25
2017-03-02,AFL-WRB,782.9729957580566,250000.0,25
2017-03-02,CIEN-JBL,2122.334352493286,250000.0,25
2017-03-02,BAC-MSCI,-420.25763511657715,250000.0,25
2017-03-02,PSX-XOM,0.0,250000.0,25
2017-03-03,AFL-WRB,1056.1341648101807,250000.0,25
2017-03-03,CIEN-JBL,5982.084857940674,250000.0,25
2017-03-03,BAC-MSCI,413.4917583465576,250000.0,25
2017-03-03,PSX-XOM,2545.179416656494,250000.0,25
2017-03-06,AFL-WRB,571.5340156555176,250000.0,25
2017-03-06,BAC-MSCI,-992.6466579437256,250000.0,25
2017-03-06,PSX-XOM,2369.809913635254,250000.0,25
2017-03-07,AFL-WRB,1797.8544654846191,250000.0,25
2017-03-07,BAC-MSCI,944.6339511871338,250000.0,25
2017-03-07,PSX-XOM,249.54152297973633,250000.0,25
2017-03-08,AFL-WRB,1866.3126888275146,250000.0,25
2017-03-08,BAC-MSCI,-1780.7998218536377,250000.0,25
2017-03-08,CIEN-JBL,0.0,250000.0,25
2017-03-08,ALLE-DOV,0.0,250000.0,25
2017-03-09,AFL-WRB,3307.288637161255,250000.0,25
2017-03-09,BAC-MSCI,-2031.2305088043213,250000.0,25
2017-03-09,CIEN-JBL,-1147.8988723754883,250000.0,25
2017-03-09,ALLE-DOV,-3774.1274642944336,250000.0,25
2017-03-10,BAC-MSCI,-807.3250923156738,250000.0,25
2017-03-10,CIEN-JBL,-2151.262716293335,250000.0,25
2017-03-10,ALLE-DOV,-4646.833786010742,250000.0,25
2017-03-13,BAC-MSCI,350.87108993530273,250000.0,25
2017-03-13,CIEN-JBL,-6472.5396938323975,250000.0,25
2017-03-13,ALLE-DOV,-3062.078887939453,250000.0,25
2017-03-14,CIEN-JBL,-12271.019130706787,250000.0,25
2017-03-14,ALLE-DOV,-3980.37654876709,250000.0,25
2017-03-15,CIEN-JBL,-7660.448925018311,250000.0,25
2017-03-15,ALLE-DOV,2059.1685791015625,250000.0,25
2017-03-15,AFL-HBAN,0.0,250000.0,25
2017-03-16,ALLE-DOV,1545.3153533935547,250000.0,25
2017-03-16,AFL-HBAN,1060.8416414260864,250000.0,25
2017-03-17,ALLE-DOV,1926.4963073730469,250000.0,25
2017-03-17,AFL-HBAN,-2895.5263862609863,250000.0,25
2017-03-20,ALLE-DOV,2908.6072311401367,250000.0,25
2017-03-20,AFL-HBAN,-5510.598365783691,250000.0,25
2017-03-20,FDS-V,0.0,250000.0,25
2017-03-21,ALLE-DOV,237.43377685546875,250000.0,25
2017-03-21,FDS-V,2706.9188842773438,250000.0,25
2017-03-21,AFL-PNC,0.0,250000.0,25
2017-03-21,AFL-JPM,0.0,250000.0,25
2017-03-21,AFL-USB,0.0,250000.0,25
2017-03-22,ALLE-DOV,-1985.6361236572266,250000.0,25
2017-03-22,FDS-V,3352.4757690429688,250000.0,25
2017-03-22,AFL-PNC,-787.5290870666504,250000.0,25
2017-03-22,AFL-JPM,-77.20074272155762,250000.0,25
2017-03-22,AFL-USB,-899.813102722168,250000.0,25
2017-03-22,AFL-WRB,0.0,250000.0,25
2017-03-23,FDS-V,3228.2565307617188,250000.0,25
2017-03-23,AFL-PNC,-529.0945053100586,250000.0,25
2017-03-23,AFL-JPM,-1225.3472709655762,250000.0,25
2017-03-23,AFL-USB,-1735.0179748535156,250000.0,25
2017-03-23,AFL-WRB,-297.20952224731445,250000.0,25
2017-03-23,AFL-ALL,0.0,250000.0,25
2017-03-24,AFL-PNC,-246.71472549438477,250000.0,25
2017-03-24,AFL-JPM,-1490.6985683441162,250000.0,25
2017-03-24,AFL-USB,-1761.9220695495605,250000.0,25
2017-03-24,AFL-WRB,-2113.4706268310547,250000.0,25
2017-03-24,AFL-ALL,-785.640474319458,250000.0,25
2017-03-24,AFL-EG,0.0,250000.0,25
2017-03-27,AFL-PNC,-2328.7058448791504,250000.0,25
2017-03-27,AFL-JPM,-1322.1027660369873,250000.0,25
2017-03-27,AFL-USB,-3208.9208450317383,250000.0,25
2017-03-27,AFL-WRB,-698.5123291015625,250000.0,25
2017-03-27,AFL-ALL,195.97951316833496,250000.0,25
2017-03-27,AFL-EG,-1164.1660995483398,250000.0,25
2017-03-28,AFL-PNC,635.8868026733398,250000.0,25
2017-03-28,AFL-JPM,1592.0338096618652,250000.0,25
2017-03-28,AFL-USB,-1755.688076019287,250000.0,25
2017-03-28,AFL-WRB,-957.9994087219238,250000.0,25
2017-03-28,AFL-ALL,544.8067169189453,250000.0,25
2017-03-28,AFL-EG,-800.6973552703857,250000.0,25
2017-03-28,FDS-V,0.0,250000.0,25
2017-03-29,AFL-PNC,843.3256340026855,250000.0,25
2017-03-29,AFL-JPM,2164.1403675079346,250000.0,25
2017-03-29,AFL-USB,-3498.069927215576,250000.0,25
2017-03-29,AFL-WRB,-2462.290237426758,250000.0,25
2017-03-29,AFL-ALL,2287.2244396209717,250000.0,25
2017-03-29,AFL-EG,1620.4305953979492,250000.0,25
2017-03-29,FDS-V,-534.4432525634766,250000.0,25
2017-03-30,AFL-PNC,3259.478416442871,250000.0,25
2017-03-30,AFL-JPM,2801.26607131958,250000.0,25
2017-03-30,AFL-USB,-3254.9820671081543,250000.0,25
2017-03-30,AFL-WRB,-1647.7768287658691,250000.0,25
2017-03-30,AFL-ALL,-269.2029342651367,250000.0,25
2017-03-30,AFL-EG,316.89475440979004,250000.0,25
2017-03-30,FDS-V,64.34841918945312,250000.0,25
2017-03-30,AFL-AJG,0.0,250000.0,25
2017-03-30,OMC-WBD,0.0,250000.0,25
2017-03-31,AFL-PNC,246.2735939025879,250000.0,25
2017-03-31,AFL-JPM,-810.4081363677979,250000.0,25
2017-03-31,AFL-WRB,-2190.958106994629,250000.0,25
2017-03-31,AFL-ALL,-1180.065450668335,250000.0,25
2017-03-31,AFL-EG,-1226.8421363830566,250000.0,25
2017-03-31,FDS-V,1294.3085327148438,250000.0,25
2017-03-31,AFL-AJG,-1568.7434272766113,250000.0,25
2017-03-31,OMC-WBD,-3270.6994819641113,250000.0,25
2017-03-31,AFL-CB,0.0,250000.0,25
2017-04-03,AFL-PNC,-1308.1616592407227,250000.0,25
2017-04-03,AFL-JPM,-2224.3155632019043,250000.0,25
2017-04-03,AFL-ALL,-2781.608352661133,250000.0,25
2017-04-03,AFL-EG,-2167.3799724578857,250000.0,25
2017-04-03,FDS-V,-1283.6426391601562,250000.0,25
2017-04-03,OMC-WBD,-2084.706153869629,250000.0,25
2017-04-03,AFL-CB,-700.3017425537109,250000.0,25
2017-04-04,AFL-PNC,-2612.6836585998535,250000.0,25
2017-04-04,AFL-JPM,-1286.115400314331,250000.0,25
2017-04-04,AFL-ALL,-1603.1292667388916,250000.0,25
2017-04-04,AFL-EG,499.7746353149414,250000.0,25
2017-04-04,FDS-V,-2918.2028198242188,250000.0,25
2017-04-04,OMC-WBD,-5005.406723022461,250000.0,25
2017-04-04,AFL-CB,1416.1905059814453,250000.0,25
2017-04-05,AFL-ALL,-361.6514472961426,250000.0,25
2017-04-05,AFL-EG,-346.45071601867676,250000.0,25
2017-04-05,FDS-V,-6131.049057006836,250000.0,25
2017-04-05,OMC-WBD,-5874.785251617432,250000.0,25
2017-04-05,AFL-CB,1678.5778350830078,250000.0,25
2017-04-06,AFL-ALL,-3715.5409622192383,250000.0,25
2017-04-06,FDS-V,-5915.696838378906,250000.0,25
2017-04-06,OMC-WBD,-5364.396018981934,250000.0,25
2017-04-06,AFL-CB,830.7561492919922,250000.0,25
2017-04-07,FDS-V,-7061.8563232421875,250000.0,25
2017-04-07,OMC-WBD,-4515.35493850708,250000.0,25
2017-04-07,AFL-CB,764.0902099609375,250000.0,25
2017-04-10,FDS-V,-7852.054946899414,250000.0,25
2017-04-10,OMC-WBD,-4634.265193939209,250000.0,25
2017-04-10,AFL-CB,-296.2418975830078,250000.0,25
2017-04-11,FDS-V,-6289.103363037109,250000.0,25
2017-04-11,OMC-WBD,-3421.4035415649414,250000.0,25
2017-04-11,AFL-CB,-1240.5533294677734,250000.0,25
2017-04-11,DTE-PEG,0.0,250000.0,25
2017-04-12,OMC-WBD,-413.5966682434082,250000.0,25
2017-04-12,AFL-CB,-1443.1997528076172,250000.0,25
2017-04-12,DTE-PEG,173.31715393066406,250000.0,25
2017-04-12,ALLE-ROK,0.0,250000.0,25
2017-04-13,OMC-WBD,2984.9012565612793,250000.0,25
2017-04-13,AFL-CB,-918.7564239501953,250000.0,25
2017-04-13,DTE-PEG,-1098.9614944458008,250000.0,25
2017-04-13,ALLE-ROK,-2651.243278503418,250000.0,25
2017-04-17,OMC-WBD,1851.9185256958008,250000.0,25
2017-04-17,AFL-CB,150.41476440429688,250000.0,25
2017-04-17,DTE-PEG,908.7839813232422,250000.0,25
2017-04-17,ALLE-ROK,-2129.0088272094727,250000.0,25
2017-04-18,ALLE-ROK,-3010.8851318359375,250000.0,25
2017-04-19,ALLE-ROK,-5275.521743774414,250000.0,25
2017-04-20,ALLE-ROK,-569.9995346069336,250000.0,25
2017-04-21,ALLE-ROK,-1453.95263671875,250000.0,25
2017-04-24,ALLE-ROK,3265.063232421875,250000.0,25
2017-04-24,AFL-EG,0.0,250000.0,25
2017-04-24,AFL-JPM,0.0,250000.0,25
2017-04-25,AFL-JPM,-1469.8965663909912,250000.0,25
2017-04-26,AFL-JPM,-2364.4412727355957,250000.0,25
2017-04-26,AFL-EG,0.0,250000.0,25
2017-04-27,AFL-JPM,464.87134742736816,250000.0,25
2017-04-27,AFL-EG,4006.943872451782,250000.0,25
2017-04-28,AFL-JPM,1876.2257461547852,250000.0,25
2017-04-28,AFL-EG,5405.700756072998,250000.0,25
2017-03-01,GL-TRV,0.0,250000.0,26
2017-03-01,TRV-WRB,0.0,250000.0,26
2017-03-02,GL-TRV,-884.4835357666016,250000.0,26
2017-03-02,TRV-WRB,-2425.7427253723145,250000.0,26
2017-03-03,GL-TRV,585.4704360961914,250000.0,26
2017-03-03,TRV-WRB,-766.5708694458008,250000.0,26
2017-03-03,ADSK-MCHP,0.0,250000.0,26
2017-03-06,NVR-RCL,0.0,250000.0,26
2017-03-07,NVR-RCL,-871.631103515625,250000.0,26
2017-03-08,NVR-RCL,-2529.01513671875,250000.0,26
2017-03-09,NVR-RCL,-500.220947265625,250000.0,26
2017-03-10,NVR-RCL,-769.3232421875,250000.0,26
2017-03-10,HCA-WAT,0.0,250000.0,26
2017-03-13,NVR-RCL,1430.468994140625,250000.0,26
2017-03-13,HCA-WAT,-1661.784164428711,250000.0,26
2017-03-13,GDDY-IBM,0.0,250000.0,26
2017-03-13,IT-ORCL,0.0,250000.0,26
2017-03-14,NVR-RCL,292.43017578125,250000.0,26
2017-03-14,HCA-WAT,-2712.5440826416016,250000.0,26
2017-03-14,GDDY-IBM,163.26694869995117,250000.0,26
2017-03-14,IT-ORCL,1347.8235778808594,250000.0,26
2017-03-14,RJF-WFC,0.0,250000.0,26
2017-03-14,DVN-OXY,0.0,250000.0,26
2017-03-15,NVR-RCL,2185.063232421875,250000.0,26
2017-03-15,HCA-WAT,-2526.1375122070312,250000.0,26
2017-03-15,GDDY-IBM,-87.79866790771484,250000.0,26
2017-03-15,IT-ORCL,-114.56859588623047,250000.0,26
2017-03-15,DVN-OXY,-4421.491500854492,250000.0,26
2017-03-16,NVR-RCL,-3445.759765625,250000.0,26
2017-03-16,HCA-WAT,-1808.4709548950195,250000.0,26
2017-03-16,GDDY-IBM,2845.944507598877,250000.0,26
2017-03-16,DVN-OXY,-809.290657043457,250000.0,26
2017-03-17,NVR-RCL,-1397.02978515625,250000.0,26
2017-03-17,HCA-WAT,-1444.5857162475586,250000.0,26
2017-03-17,GDDY-IBM,2789.666561126709,250000.0,26
2017-03-17,DVN-OXY,-2467.276678085327,250000.0,26
2017-03-20,NVR-RCL,-368.927978515625,250000.0,26
2017-03-20,HCA-WAT,-1438.677360534668,250000.0,26
2017-03-20,GDDY-IBM,3087.5544624328613,250000.0,26
2017-03-20,DVN-OXY,-762.0774898529053,250000.0,26
2017-03-20,FDS-WFC,0.0,250000.0,26
2017-03-21,HCA-WAT,-3093.1137619018555,250000.0,26
2017-03-21,GDDY-IBM,5203.945461273193,250000.0,26
2017-03-21,DVN-OXY,-1986.788164138794,250000.0,26
2017-03-21,FDS-WFC,-1718.1430053710938,250000.0,26
2017-03-21,GL-TRV,0.0,250000.0,26
2017-03-22,HCA-WAT,-3915.661575317383,250000.0,26
2017-03-22,GDDY-IBM,5342.968860626221,250000.0,26
2017-03-22,DVN-OXY,-4082.5293979644775,250000.0,26
2017-03-22,FDS-WFC,-4634.738361358643,250000.0,26
2017-03-22,GL-TRV,-946.2660598754883,250000.0,26
2017-03-23,HCA-WAT,-2366.853759765625,250000.0,26
2017-03-23,GDDY-IBM,5626.784229278564,250000.0,26
2017-03-23,DVN-OXY,-3034.230609893799,250000.0,26
2017-03-23,GL-TRV,794.0077743530273,250000.0,26
2017-03-24,GDDY-IBM,6193.079990386963,250000.0,26
2017-03-24,DVN-OXY,-3147.7418117523193,250000.0,26
2017-03-27,GDDY-IBM,5578.188358306885,250000.0,26
2017-03-27,DVN-OXY,-3045.32151222229,250000.0,26
2017-03-27,HCA-WAT,0.0,250000.0,26
2017-03-28,GDDY-IBM,7837.605392456055,250000.0,26
2017-03-28,DVN-OXY,-2732.6962146759033,250000.0,26
2017-03-28,HCA-WAT,1028.6683197021484,250000.0,26
2017-03-29,GDDY-IBM,1124.9648323059082,250000.0,26
2017-03-29,DVN-OXY,980.6611652374268,250000.0,26
2017-03-29,HCA-WAT,2019.000015258789,250000.0,26
2017-03-30,GDDY-IBM,708.8586807250977,250000.0,26
2017-03-30,HCA-WAT,2977.6543884277344,250000.0,26
2017-03-31,HCA-WAT,3525.7677612304688,250000.0,26
2017-04-03,HCA-WAT,3497.0709075927734,250000.0,26
2017-04-04,HCA-WAT,3691.759048461914,250000.0,26
2017-04-05,HCA-WAT,3018.93115234375,250000.0,26
2017-04-05,CRM-KLAC,0.0,250000.0,26
2017-04-05,TRV-WRB,0.0,250000.0,26
2017-04-06,HCA-WAT,3451.808135986328,250000.0,26
2017-04-06,CRM-KLAC,2194.8263778686523,250000.0,26
2017-04-06,TRV-WRB,-158.7334213256836,250000.0,26
2017-04-06,IT-ORCL,0.0,250000.0,26
2017-04-07,HCA-WAT,6423.3194580078125,250000.0,26
2017-04-07,CRM-KLAC,5068.009103775024,250000.0,26
2017-04-07,TRV-WRB,-977.0751533508301,250000.0,26
2017-04-07,IT-ORCL,1581.3842086791992,250000.0,26
2017-04-10,HCA-WAT,5077.047622680664,250000.0,26
2017-04-10,CRM-KLAC,4950.239912033081,250000.0,26
2017-04-10,TRV-WRB,-2176.253183364868,250000.0,26
2017-04-10,IT-ORCL,1726.2501068115234,250000.0,26
2017-04-11,HCA-WAT,4740.260314941406,250000.0,26
2017-04-11,CRM-KLAC,3951.4674911499023,250000.0,26
2017-04-11,TRV-WRB,-2054.4530811309814,250000.0,26
2017-04-11,IT-ORCL,2913.4693145751953,250000.0,26
2017-04-12,HCA-WAT,3121.3658599853516,250000.0,26
2017-04-12,CRM-KLAC,4701.358009338379,250000.0,26
2017-04-12,IT-ORCL,4126.07283782959,250000.0,26
2017-04-12,FDS-WFC,0.0,250000.0,26
2017-04-13,HCA-WAT,4974.13623046875,250000.0,26
2017-04-13,CRM-KLAC,5752.841424942017,250000.0,26
2017-04-13,IT-ORCL,3840.9916076660156,250000.0,26
2017-04-13,FDS-WFC,-7256.933124542236,250000.0,26
2017-04-13,RJF-WFC,0.0,250000.0,26
2017-04-17,CRM-KLAC,2905.714210510254,250000.0,26
2017-04-17,IT-ORCL,792.1611404418945,250000.0,26
2017-04-17,FDS-WFC,-3466.785575866699,250000.0,26
2017-04-17,RJF-WFC,4355.717365264893,250000.0,26
2017-04-18,CRM-KLAC,2062.6468563079834,250000.0,26
2017-04-18,IT-ORCL,2984.3455200195312,250000.0,26
2017-04-18,FDS-WFC,-4812.943099975586,250000.0,26
2017-04-18,RJF-WFC,4408.278591156006,250000.0,26
2017-04-18,AMAT-MCHP,0.0,250000.0,26
2017-04-19,IT-ORCL,-2800.6634674072266,250000.0,26
2017-04-19,FDS-WFC,-7775.426258087158,250000.0,26
2017-04-19,RJF-WFC,3473.8249740600586,250000.0,26
2017-04-19,GDDY-IBM,0.0,250000.0,26
2017-04-20,IT-ORCL,-3057.2487411499023,250000.0,26
2017-04-20,FDS-WFC,-977.9109230041504,250000.0,26
2017-04-20,GDDY-IBM,206.74252319335938,250000.0,26
2017-04-20,O-SBAC,0.0,250000.0,26
2017-04-21,FDS-WFC,-3046.057788848877,250000.0,26
2017-04-21,GDDY-IBM,-2025.0656204223633,250000.0,26
2017-04-21,O-SBAC,372.61623764038086,250000.0,26
2017-04-24,FDS-WFC,-800.1347007751465,250000.0,26
2017-04-24,GDDY-IBM,-5020.229194641113,250000.0,26
2017-04-25,FDS-WFC,3490.8818702697754,250000.0,26
2017-04-25,GDDY-IBM,-8690.794387817383,250000.0,26
2017-04-26,FDS-WFC,3094.959312438965,250000.0,26
2017-04-26,GDDY-IBM,-9823.622924804688,250000.0,26
2017-04-26,BA-CHRW,0.0,250000.0,26
2017-04-27,FDS-WFC,2330.9096298217773,250000.0,26
2017-04-27,GDDY-IBM,-10157.916954040527,250000.0,26
2017-04-27,BA-CHRW,-875.4605102539062,250000.0,26
2017-04-28,BA-CHRW,-2186.548309326172,250000.0,26
2017-05-01,BA-CHRW,-1286.8170166015625,250000.0,26
2017-05-02,BA-CHRW,-1311.8960876464844,250000.0,26
2017-05-02,EBAY-TPR,0.0,250000.0,26
2017-05-02,LULU-ULTA,0.0,250000.0,26
2017-05-02,ADSK-MCHP,0.0,250000.0,26
2017-05-03,BA-CHRW,-1077.07275390625,250000.0,26
2017-05-03,EBAY-TPR,1122.4246730804443,250000.0,26
2017-05-03,LULU-ULTA,-1316.5604858398438,250000.0,26
2017-05-03,ADSK-MCHP,-1173.3566150665283,250000.0,26
2017-05-04,BA-CHRW,-1646.786376953125,250000.0,26
2017-05-04,EBAY-TPR,3418.0175857543945,250000.0,26
2017-05-04,LULU-ULTA,-2512.1180152893066,250000.0,26
2017-05-04,ADSK-MCHP,-1686.0508937835693,250000.0,26
2017-05-04,IT-ORCL,0.0,250000.0,26
2017-05-05,BA-CHRW,-59.477935791015625,250000.0,26
2017-05-05,EBAY-TPR,2770.0522842407227,250000.0,26
2017-05-05,LULU-ULTA,-5516.935680389404,250000.0,26
2017-05-05,ADSK-MCHP,-1129.6063613891602,250000.0,26
2017-05-05,IT-ORCL,61.024147033691406,250000.0,26
2017-05-08,BA-CHRW,-7133.418273925781,250000.0,26
2017-05-08,EBAY-TPR,-10890.885864257812,250000.0,26
2017-05-08,ADSK-MCHP,-591.7539806365967,250000.0,26
2017-05-08,IT-ORCL,392.8783645629883,250000.0,26
2017-05-08,TRV-WRB,0.0,250000.0,26
2017-05-09,EBAY-TPR,-10434.21111869812,250000.0,26
2017-05-09,ADSK-MCHP,-1100.7438144683838,250000.0,26
2017-05-09,IT-ORCL,1653.744873046875,250000.0,26
2017-05-09,TRV-WRB,-1316.3722410202026,250000.0,26
2017-05-10,EBAY-TPR,-13622.693359375,250000.0,26
2017-05-10,ADSK-MCHP,2540.0215244293213,250000.0,26
2017-05-10,IT-ORCL,69.64408874511719,250000.0,26
2017-05-10,TRV-WRB,-1176.1128730773926,250000.0,26
2017-05-11,EBAY-TPR,-10758.617471694946,250000.0,26
2017-05-11,IT-ORCL,1127.3067932128906,250000.0,26
2017-05-11,TRV-WRB,-1020.0025873184204,250000.0,26
2017-05-12,EBAY-TPR,-8436.978593826294,250000.0,26
2017-05-12,IT-ORCL,2876.290969848633,250000.0,26
2017-05-12,TRV-WRB,-1471.080189704895,250000.0,26
2017-05-12,CRM-KLAC,0.0,250000.0,26
2017-05-15,EBAY-TPR,-8492.747732162476,250000.0,26
2017-05-15,TRV-WRB,-131.85536289215088,250000.0,26
2017-05-15,CRM-KLAC,-241.1058588027954,250000.0,26
2017-05-16,TRV-WRB,1124.2766876220703,250000.0,26
2017-05-16,CRM-KLAC,2672.5613470077515,250000.0,26
2017-05-16,RJF-WFC,0.0,250000.0,26
2017-05-17,TRV-WRB,242.358717918396,250000.0,26
2017-05-17,CRM-KLAC,4754.98077583313,250000.0,26
2017-05-17,KHC-PG,0.0,250000.0,26
2017-05-17,GL-TRV,0.0,250000.0,26
2017-05-18,TRV-WRB,596.8765983581543,250000.0,26
2017-05-18,GL-TRV,-110.39073944091797,250000.0,26
2017-05-19,TRV-WRB,1626.0580577850342,250000.0,26
2017-05-19,GL-TRV,-444.62088775634766,250000.0,26
2017-05-19,ADSK-MCHP,0.0,250000.0,26
2017-05-22,TRV-WRB,1753.777919769287,250000.0,26
2017-05-22,GL-TRV,-1241.580665588379,250000.0,26
2017-05-22,ADSK-MCHP,-4100.4403648376465,250000.0,26
2017-05-23,GL-TRV,-454.36219024658203,250000.0,26
2017-05-23,ADSK-MCHP,-2560.8468437194824,250000.0,26
2017-05-24,GL-TRV,-2046.811180114746,250000.0,26
2017-05-24,ADSK-MCHP,-600.0972633361816,250000.0,26
2017-05-25,GL-TRV,-3197.9477462768555,250000.0,26
2017-05-25,ADSK-MCHP,-3117.939895629883,250000.0,26
2017-05-26,ADSK-MCHP,-1591.3993186950684,250000.0,26
2017-05-30,ADSK-MCHP,670.3384399414062,250000.0,26
2017-05-31,ADSK-MCHP,5953.8610191345215,250000.0,26
2017-05-31,FDS-WFC,0.0,250000.0,26
2017-04-05,CDNS-JBL,0.0,250000.0,27
2017-04-05,KHC-KMB,0.0,250000.0,27
2017-04-06,KHC-KMB,701.6085433959961,250000.0,27
2017-04-06,CDNS-ORCL,0.0,250000.0,27
2017-04-07,CDNS-ORCL,581.2247676849365,250000.0,27
2017-04-10,CDNS-ORCL,-686.5718994140625,250000.0,27
2017-04-10,CDNS-MU,0.0,250000.0,27
2017-04-11,CDNS-ORCL,-255.61899375915527,250000.0,27
2017-04-11,CDNS-MU,-5161.281858444214,250000.0,27
2017-04-11,CMS-D,0.0,250000.0,27
2017-04-12,CDNS-ORCL,665.4165210723877,250000.0,27
2017-04-12,CDNS-MU,-7976.238857269287,250000.0,27
2017-04-12,CMS-D,872.4287643432617,250000.0,27
2017-04-13,CDNS-ORCL,301.0271587371826,250000.0,27
2017-04-13,CDNS-MU,-6292.156036376953,250000.0,27
2017-04-13,CMS-D,369.94600677490234,250000.0,27
2017-04-17,CDNS-ORCL,837.8329010009766,250000.0,27
2017-04-17,CDNS-MU,-4843.552154541016,250000.0,27
2017-04-17,CMS-D,904.7360763549805,250000.0,27
2017-04-18,CDNS-ORCL,-1064.9082851409912,250000.0,27
2017-04-18,CMS-D,741.5321273803711,250000.0,27
2017-04-19,CMS-D,-80.88397216796875,250000.0,27
2017-04-20,CMS-D,725.4291610717773,250000.0,27
2017-04-20,CMG-SBUX,0.0,250000.0,27
2017-04-21,CMS-D,448.6495895385742,250000.0,27
2017-04-21,CMG-SBUX,-2163.3335161209106,250000.0,27
2017-04-24,CMG-SBUX,-4860.868368148804,250000.0,27
2017-04-24,CDNS-MU,0.0,250000.0,27
2017-04-25,CMG-SBUX,-4058.7720251083374,250000.0,27
2017-05-04,C-MET,0.0,250000.0,27
2017-05-05,C-MET,159.06179809570312,250000.0,27
2017-05-08,C-MET,-1785.9064407348633,250000.0,27
2017-05-09,C-MET,1625.3045043945312,250000.0,27
2017-05-10,C-MET,2177.636947631836,250000.0,27
2017-05-10,CDNS-MU,0.0,250000.0,27
2017-05-11,CDNS-MU,2841.4441146850586,250000.0,27
2017-05-12,CDNS-MU,3079.5521697998047,250000.0,27
2017-05-16,IDXX-VEEV,0.0,250000.0,27
2017-05-16,CDNS-JBL,0.0,250000.0,27
2017-05-17,IDXX-VEEV,3323.238395690918,250000.0,27
2017-05-17,CDNS-JBL,-1608.0770416259766,250000.0,27
2017-05-17,KHC-KMB,0.0,250000.0,27
2017-05-17,MRSH-PGR,0.0,250000.0,27
2017-05-17,MET-PRU,0.0,250000.0,27
2017-05-18,IDXX-VEEV,-5337.118583679199,250000.0,27
2017-05-18,MRSH-PGR,453.8466968536377,250000.0,27
2017-05-18,MET-PRU,412.38864517211914,250000.0,27
2017-05-19,IDXX-VEEV,-8550.331146240234,250000.0,27
2017-05-19,MET-PRU,2034.4660606384277,250000.0,27
2017-05-22,MET-PRU,3464.141502380371,250000.0,27
2017-05-22,CDNS-HPQ,0.0,250000.0,27
2017-05-23,CDNS-HPQ,-5852.871419906616,250000.0,27
2017-06-06,MET-PRU,0.0,250000.0,27
2017-06-07,MET-PRU,406.2556571960449,250000.0,27
2017-06-08,MET-PRU,1196.1330032348633,250000.0,27
2017-06-09,KHC-KMB,0.0,250000.0,27
2017-06-09,MSCI-V,0.0,250000.0,27
2017-06-12,KHC-KMB,1092.8582458496094,250000.0,27
2017-06-12,MSCI-V,-2419.6680908203125,250000.0,27
2017-06-13,KHC-KMB,988.7000885009766,250000.0,27
2017-06-13,MSCI-V,-2215.59952545166,250000.0,27
2017-06-14,KHC-KMB,-1320.5161895751953,250000.0,27
2017-06-14,MSCI-V,-607.401008605957,250000.0,27
2017-06-15,KHC-KMB,-1655.5393371582031,250000.0,27
2017-06-15,MSCI-V,-4219.779350280762,250000.0,27
2017-06-15,CDNS-JBL,0.0,250000.0,27
2017-06-16,MSCI-V,-4086.0725173950195,250000.0,27
2017-06-16,KHC-PG,0.0,250000.0,27
2017-06-19,MSCI-V,-3497.6572647094727,250000.0,27
2017-06-19,KHC-PG,-69.89099884033203,250000.0,27
2017-06-19,CDNS-ORCL,0.0,250000.0,27
2017-06-19,BSX-INCY,0.0,250000.0,27
2017-06-20,MSCI-V,364.5115280151367,250000.0,27
2017-06-20,KHC-PG,-60.552146911621094,250000.0,27
2017-06-20,CDNS-ORCL,-1275.225486755371,250000.0,27
2017-06-20,BSX-INCY,-2685.928159713745,250000.0,27
2017-06-21,KHC-PG,713.7095794677734,250000.0,27
2017-06-21,CDNS-ORCL,-3239.974594116211,250000.0,27
2017-06-22,KHC-PG,1412.7032012939453,250000.0,27
2017-06-23,KHC-PG,48.11084747314453,250000.0,27
2017-06-23,MRSH-PGR,0.0,250000.0,27
2017-06-26,KHC-PG,315.2389373779297,250000.0,27
2017-06-26,MRSH-PGR,-538.040657043457,250000.0,27
2017-06-27,KHC-PG,820.7357406616211,250000.0,27
2017-06-27,MRSH-PGR,-2050.6494903564453,250000.0,27
2017-06-28,KHC-PG,1833.464340209961,250000.0,27
2017-06-28,MRSH-PGR,2240.5346450805664,250000.0,27
2017-06-29,MRSH-PGR,-512.7246551513672,250000.0,27
2017-06-30,MRSH-PGR,1223.1781311035156,250000.0,27
2017-05-15,ARES-BLK,0.0,250000.0,28
2017-05-16,ARES-BLK,-1469.3264894485474,250000.0,28
2017-05-17,ARES-BAC,0.0,250000.0,28
2017-05-18,ARES-BAC,411.9499225616455,250000.0,28
2017-05-19,ARES-BAC,4305.400810241699,250000.0,28
2017-05-22,ARES-BAC,3122.0114974975586,250000.0,28
2017-05-22,KR-MO,0.0,250000.0,28
2017-05-23,ARES-BAC,7581.0341901779175,250000.0,28
2017-05-23,KR-MO,-32.28848457336426,250000.0,28
2017-05-24,ARES-BAC,7432.627758979797,250000.0,28
2017-05-24,KR-MO,-2548.016441345215,250000.0,28
2017-05-25,ARES-BAC,6275.9309759140015,250000.0,28
2017-05-26,ARES-BAC,5702.178071975708,250000.0,28
2017-05-30,ARES-BAC,2818.5253648757935,250000.0,28
2017-05-31,ARES-BAC,-1441.388602256775,250000.0,28
2017-06-01,ARES-BAC,1003.4132623672485,250000.0,28
2017-06-01,ARES-GL,0.0,250000.0,28
2017-06-01,ALB-PPG,0.0,250000.0,28
2017-06-02,ARES-GL,268.2427387237549,250000.0,28
2017-06-02,ALB-PPG,-2289.8667755126953,250000.0,28
2017-06-05,ARES-GL,2300.3124284744263,250000.0,28
2017-06-05,ALB-PPG,2035.9836349487305,250000.0,28
2017-06-06,ALB-PPG,1231.335578918457,250000.0,28
2017-06-07,ALB-PPG,2543.010299682617,250000.0,28
2017-06-09,ARES-BAC,0.0,250000.0,28
2017-06-12,ARES-BAC,-1916.0564136505127,250000.0,28
2017-06-13,ARES-BAC,-1810.4612350463867,250000.0,28
2017-06-14,ARES-BAC,-2270.4208488464355,250000.0,28
2017-06-15,ARES-BAC,-512.6594295501709,250000.0,28
2017-06-16,ARES-BAC,1403.4269428253174,250000.0,28
2017-06-19,ARES-BAC,-3666.0346126556396,250000.0,28
2017-06-20,ARES-BAC,-173.04609870910645,250000.0,28
2017-06-21,ARES-BAC,3252.026319503784,250000.0,28
2017-06-22,ARES-BAC,5175.665586471558,250000.0,28
2017-06-27,DOC-WY,0.0,250000.0,28
2017-06-28,DOC-WY,2681.280111312866,250000.0,28
2017-06-29,DOC-WY,3048.1947708129883,250000.0,28
2017-07-20,ALB-PPG,0.0,250000.0,28
2017-07-21,ALB-PPG,-1234.466667175293,250000.0,28
2017-07-24,ALB-PPG,-3780.5032958984375,250000.0,28
2017-07-24,AXON-BLDR,0.0,250000.0,28
2017-07-25,ALB-PPG,54.81159973144531,250000.0,28
2017-07-25,AXON-BLDR,3966.361503601074,250000.0,28
2017-07-26,ALB-PPG,755.2440414428711,250000.0,28
2017-07-26,AXON-BLDR,1516.0410842895508,250000.0,28
2017-07-26,CTSH-GLW,0.0,250000.0,28
2017-07-27,ALB-PPG,150.6562042236328,250000.0,28
2017-07-27,AXON-BLDR,-390.4051399230957,250000.0,28
2017-07-27,CTSH-GLW,-6756.715307235718,250000.0,28
2017-07-28,ALB-PPG,-255.8004150390625,250000.0,28
2017-07-28,AXON-BLDR,824.3186264038086,250000.0,28
2017-07-28,KR-MO,0.0,250000.0,28
2017-07-31,AXON-BLDR,3598.6748962402344,250000.0,28
2017-07-31,KR-MO,-7015.407230377197,250000.0,28
2017-06-01,HPE-TRMB,0.0,250000.0,29
2017-06-02,HPE-TRMB,-3694.447382926941,250000.0,29
2017-06-02,TECH-WST,0.0,250000.0,29
2017-06-05,HPE-TRMB,-9164.130083084106,250000.0,29
2017-06-05,TECH-WST,3928.0137271881104,250000.0,29
2017-06-06,HPE-TRMB,-9653.705600738525,250000.0,29
2017-06-07,HPE-TRMB,-10391.083758354187,250000.0,29
2017-06-08,HPE-TRMB,-9346.38251209259,250000.0,29
2017-06-08,ALGN-WST,0.0,250000.0,29
2017-06-08,TMO-WAT,0.0,250000.0,29
2017-06-09,HPE-TRMB,-7115.51805305481,250000.0,29
2017-06-09,ALGN-WST,-214.22792053222656,250000.0,29
2017-06-09,TMO-WAT,2018.5414123535156,250000.0,29
2017-06-09,BALL-LIN,0.0,250000.0,29
2017-06-09,APH-KLAC,0.0,250000.0,29
2017-06-12,HPE-TRMB,-8203.728801727295,250000.0,29
2017-06-12,ALGN-WST,-1255.4511184692383,250000.0,29
2017-06-12,TMO-WAT,1356.174789428711,250000.0,29
2017-06-12,BALL-LIN,3220.3508529663086,250000.0,29
2017-06-12,APH-KLAC,123.26060485839844,250000.0,29
2017-06-13,HPE-TRMB,-9180.28263759613,250000.0,29
2017-06-13,ALGN-WST,1991.898910522461,250000.0,29
2017-06-13,TMO-WAT,2324.9471588134766,250000.0,29
2017-06-13,APH-KLAC,-2399.8431253433228,250000.0,29
2017-06-14,ALGN-WST,324.9195022583008,250000.0,29
2017-06-14,TMO-WAT,1659.6946868896484,250000.0,29
2017-06-15,ALGN-WST,-1284.0787963867188,250000.0,29
2017-06-15,TMO-WAT,873.5881958007812,250000.0,29
2017-06-16,ALGN-WST,-2796.621353149414,250000.0,29
2017-06-19,ALGN-WST,-3211.6802825927734,250000.0,29
2017-06-19,EW-WAT,0.0,250000.0,29
2017-06-20,ALGN-WST,-3701.0501098632812,250000.0,29
2017-06-20,EW-WAT,-309.6822967529297,250000.0,29
2017-06-21,ALGN-WST,-4087.01212310791,250000.0,29
2017-06-21,EW-WAT,-276.36119842529297,250000.0,29
2017-06-22,ALGN-WST,-4520.613494873047,250000.0,29
2017-06-22,EW-WAT,-468.7599105834961,250000.0,29
2017-06-22,TECH-WST,0.0,250000.0,29
2017-06-23,EW-WAT,-2094.8215255737305,250000.0,29
2017-06-23,TECH-WST,-4683.038858413696,250000.0,29
2017-06-26,EW-WAT,-116.29291534423828,250000.0,29
2017-06-26,TECH-WST,-5993.7865352630615,250000.0,29
2017-06-27,EW-WAT,-651.3077774047852,250000.0,29
2017-06-27,TECH-WST,-6658.970623016357,250000.0,29
2017-06-28,EW-WAT,-1176.6766204833984,250000.0,29
2017-06-28,TECH-WST,-9983.822036743164,250000.0,29
2017-06-29,EW-WAT,-1298.3264923095703,250000.0,29
2017-06-29,TECH-WST,-9178.21997833252,250000.0,29
2017-06-30,EW-WAT,-1452.1839981079102,250000.0,29
2017-06-30,TECH-WST,-9606.0860080719,250000.0,29
2017-07-03,EW-WAT,-2888.428321838379,250000.0,29
2017-07-03,TECH-WST,-10026.376602172852,250000.0,29
2017-07-03,CIEN-TYL,0.0,250000.0,29
2017-07-05,TECH-WST,-5431.822626113892,250000.0,29
2017-07-05,CIEN-TYL,2075.525390625,250000.0,29
2017-07-06,TECH-WST,-6005.151090621948,250000.0,29
2017-07-06,CIEN-TYL,1077.607421875,250000.0,29
2017-07-07,CIEN-TYL,2510.588165283203,250000.0,29
2017-07-10,CIEN-TYL,161.83726501464844,250000.0,29
2017-07-11,CIEN-TYL,-180.6162872314453,250000.0,29
2017-07-11,PNC-STT,0.0,250000.0,29
2017-07-12,PNC-STT,2512.5268936157227,250000.0,29
2017-07-13,PNC-STT,3101.9412002563477,250000.0,29
2017-07-14,PNC-STT,4165.14315032959,250000.0,29
2017-07-18,NSC-ODFL,0.0,250000.0,29
2017-07-19,BA-CSX,0.0,250000.0,29
2017-07-19,KEY-NTRS,0.0,250000.0,29
2017-07-20,BA-CSX,-4127.008843421936,250000.0,29
2017-07-20,KEY-NTRS,5374.52698135376,250000.0,29
2017-07-20,CIEN-ROP,0.0,250000.0,29
2017-07-21,BA-CSX,-2370.103883743286,250000.0,29
2017-07-21,KEY-NTRS,11410.033729553223,250000.0,29
2017-07-21,CIEN-ROP,-1676.5226192474365,250000.0,29
2017-07-24,BA-CSX,-6561.182546615601,250000.0,29
2017-07-24,KEY-NTRS,7511.7612018585205,250000.0,29
2017-07-25,BA-CSX,-3317.96190738678,250000.0,29
2017-07-25,KEY-NTRS,5598.310495376587,250000.0,29
2017-07-25,EW-WAT,0.0,250000.0,29
2017-07-25,TMO-WAT,0.0,250000.0,29
2017-07-26,KEY-NTRS,11432.974531173706,250000.0,29
2017-07-26,EW-WAT,-3205.8375358581543,250000.0,29
2017-07-26,TMO-WAT,4313.573486328125,250000.0,29
2017-07-26,CIEN-GLW,0.0,250000.0,29
2017-07-27,KEY-NTRS,10324.929237365723,250000.0,29
2017-07-27,EW-WAT,-3445.046245574951,250000.0,29
2017-07-27,TMO-WAT,4912.970733642578,250000.0,29
2017-07-27,CIEN-GLW,-4809.984046936035,250000.0,29
2017-07-27,AIG-MRSH,0.0,250000.0,29
2017-07-27,CIEN-TYL,0.0,250000.0,29
2017-07-28,KEY-NTRS,11382.4635181427,250000.0,29
2017-07-28,EW-WAT,-866.9649848937988,250000.0,29
2017-07-28,TMO-WAT,5074.720520019531,250000.0,29
2017-07-28,CIEN-GLW,-5649.238376617432,250000.0,29
2017-07-28,AIG-MRSH,3621.415557861328,250000.0,29
2017-07-28,CIEN-TYL,1129.400619506836,250000.0,29
2017-07-28,ALGN-WST,0.0,250000.0,29
2017-07-28,TECH-WST,0.0,250000.0,29
2017-07-28,APH-KLAC,0.0,250000.0,29
2017-07-31,KEY-NTRS,10194.947267532349,250000.0,29
2017-07-31,EW-WAT,-1309.6795234680176,250000.0,29
2017-07-31,TMO-WAT,4806.308059692383,250000.0,29
2017-07-31,CIEN-GLW,-8567.667760848999,250000.0,29
2017-07-31,AIG-MRSH,464.6939468383789,250000.0,29
2017-07-31,CIEN-TYL,1999.8589172363281,250000.0,29
2017-07-31,ALGN-WST,2617.514091491699,250000.0,29
2017-07-31,TECH-WST,-868.1396427154541,250000.0,29
2017-07-31,APH-KLAC,-5818.007438659668,250000.0,29
2017-08-01,KEY-NTRS,10859.645002365112,250000.0,29
2017-08-01,EW-WAT,1832.4205284118652,250000.0,29
2017-08-01,CIEN-GLW,-6955.578834533691,250000.0,29
2017-08-01,AIG-MRSH,2872.037910461426,250000.0,29
2017-08-01,CIEN-TYL,1317.7739562988281,250000.0,29
2017-08-01,ALGN-WST,-1778.0976486206055,250000.0,29
2017-08-01,TECH-WST,-3048.8957748413086,250000.0,29
2017-08-01,APH-KLAC,-7571.548908233643,250000.0,29
2017-08-02,KEY-NTRS,11440.553974151611,250000.0,29
2017-08-02,EW-WAT,4790.389072418213,250000.0,29
2017-08-02,CIEN-GLW,-3767.9738426208496,250000.0,29
2017-08-02,AIG-MRSH,468.90809631347656,250000.0,29
2017-08-02,CIEN-TYL,-612.5081176757812,250000.0,29
2017-08-02,ALGN-WST,-1746.0111846923828,250000.0,29
2017-08-02,TECH-WST,-3331.3589630126953,250000.0,29
2017-08-03,KEY-NTRS,11657.159368515015,250000.0,29
2017-08-03,EW-WAT,3450.070774078369,250000.0,29
2017-08-03,CIEN-GLW,-6724.603391647339,250000.0,29
2017-08-03,AIG-MRSH,-977.1231307983398,250000.0,29
2017-08-03,CIEN-TYL,-541.262939453125,250000.0,29
2017-08-03,ALGN-WST,-3469.4507598876953,250000.0,29
2017-08-03,TECH-WST,-2889.4185333251953,250000.0,29
2017-08-03,APO-SPGI,0.0,250000.0,29
2017-08-04,KEY-NTRS,9113.677188873291,250000.0,29
2017-08-04,EW-WAT,3412.174980163574,250000.0,29
2017-08-04,CIEN-GLW,-1998.1388568878174,250000.0,29
2017-08-04,AIG-MRSH,2918.5900650024414,250000.0,29
2017-08-04,CIEN-TYL,5322.578506469727,250000.0,29
2017-08-04,ALGN-WST,-5575.224182128906,250000.0,29
2017-08-04,TECH-WST,-5835.141860961914,250000.0,29
2017-08-04,APO-SPGI,-2943.981155395508,250000.0,29
2017-08-07,KEY-NTRS,8314.104713439941,250000.0,29
2017-08-07,EW-WAT,3103.711223602295,250000.0,29
2017-08-07,CIEN-GLW,-4157.655019760132,250000.0,29
2017-08-07,AIG-MRSH,2817.1018295288086,250000.0,29
2017-08-07,CIEN-TYL,2310.6089477539062,250000.0,29
2017-08-07,ALGN-WST,-7764.447486877441,250000.0,29
2017-08-08,KEY-NTRS,9279.521739959717,250000.0,29
2017-08-08,EW-WAT,1732.1575660705566,250000.0,29
2017-08-08,CIEN-GLW,-5112.403163909912,250000.0,29
2017-08-08,AIG-MRSH,2976.241310119629,250000.0,29
2017-08-08,CIEN-TYL,-2388.288528442383,250000.0,29
2017-08-08,ALGN-WST,-8407.72388458252,250000.0,29
2017-08-08,ISRG-ZTS,0.0,250000.0,29
2017-08-09,KEY-NTRS,13880.676496505737,250000.0,29
2017-08-09,EW-WAT,1662.209789276123,250000.0,29
2017-08-09,CIEN-GLW,-1660.7576274871826,250000.0,29
2017-08-09,AIG-MRSH,5792.815994262695,250000.0,29
2017-08-09,CIEN-TYL,3228.059295654297,250000.0,29
2017-08-09,ALGN-WST,-11225.269546508789,250000.0,29
2017-08-09,ISRG-ZTS,1382.0011520385742,250000.0,29
2017-08-10,EW-WAT,3491.722900390625,250000.0,29
2017-08-10,ISRG-ZTS,15.19189453125,250000.0,29
2017-08-10,TECH-WST,0.0,250000.0,29
2017-08-11,EW-WAT,4871.093124389648,250000.0,29
2017-08-11,ISRG-ZTS,-2853.597988128662,250000.0,29
2017-08-11,TECH-WST,-959.8091907501221,250000.0,29
2017-08-14,ISRG-ZTS,-3546.7522735595703,250000.0,29
2017-08-14,TECH-WST,-310.2566261291504,250000.0,29
2017-08-14,ALGN-WST,0.0,250000.0,29
2017-08-15,TECH-WST,1563.5403308868408,250000.0,29
2017-08-15,ALGN-WST,622.0505142211914,250000.0,29
2017-08-16,TECH-WST,-120.55203437805176,250000.0,29
2017-08-16,ALGN-WST,-851.2365188598633,250000.0,29
2017-08-17,TECH-WST,-1407.7982292175293,250000.0,29
2017-08-18,TECH-WST,-1753.1374588012695,250000.0,29
2017-08-21,TECH-WST,-2618.6233291625977,250000.0,29
2017-08-22,TECH-WST,-2867.324649810791,250000.0,29
2017-08-23,TECH-WST,-6031.015642166138,250000.0,29
2017-08-31,CIEN-GLW,0.0,250000.0,29
2017-07-05,ADM-SJM,0.0,250000.0,30
2017-07-06,ADM-SJM,614.292064666748,250000.0,30
2017-07-07,ADM-SJM,581.5766429901123,250000.0,30
2017-07-10,ADM-SJM,423.78861808776855,250000.0,30
2017-07-11,ADM-SJM,2865.711950302124,250000.0,30
2017-07-12,ADM-SJM,1627.766508102417,250000.0,30
2017-07-13,ADM-SJM,1988.773199081421,250000.0,30
2017-07-14,ADM-SJM,2416.8905334472656,250000.0,30
2017-07-31,ADM-BG,0.0,250000.0,30
2017-08-01,ADM-BG,-3748.5675735473633,250000.0,30
2017-08-01,ADM-TAP,0.0,250000.0,30
2017-08-02,ADM-BG,-3648.313720703125,250000.0,30
2017-08-08,ADM-MKC,0.0,250000.0,30
2017-08-08,CMI-EXPD,0.0,250000.0,30
2017-08-09,CMI-EXPD,-1098.3059043884277,250000.0,30
2017-08-10,CMI-EXPD,-2968.0629501342773,250000.0,30
2017-08-11,CMI-EXPD,-4205.1420249938965,250000.0,30
2017-08-14,CMI-EXPD,1086.428321838379,250000.0,30
2017-08-15,CMI-EXPD,881.1484260559082,250000.0,30
2017-08-16,CMI-EXPD,1627.3671569824219,250000.0,30
2017-08-16,ADM-COST,0.0,250000.0,30
2017-08-17,CMI-EXPD,-591.0231857299805,250000.0,30
2017-08-17,ADM-COST,707.9368877410889,250000.0,30
2017-08-18,CMI-EXPD,-82.19734573364258,250000.0,30
2017-08-18,ADM-COST,2077.551103591919,250000.0,30
2017-08-21,CMI-EXPD,-329.9289741516113,250000.0,30
2017-08-22,CMI-EXPD,2506.7293815612793,250000.0,30
2017-08-24,ADM-GIS,0.0,250000.0,30
2017-08-24,ADM-SJM,0.0,250000.0,30
2017-08-24,ADM-COST,0.0,250000.0,30
2017-08-24,ADM-MDLZ,0.0,250000.0,30
2017-08-24,ADM-DLTR,0.0,250000.0,30
2017-08-25,ADM-SJM,-7906.635009765625,250000.0,30
2017-08-25,ADM-COST,-402.0760154724121,250000.0,30
2017-08-25,ADM-MDLZ,-3219.821765899658,250000.0,30
2017-08-25,ADM-DLTR,-591.4204292297363,250000.0,30
2017-08-25,ADM-SYY,0.0,250000.0,30
2017-08-28,ADM-SJM,-7397.529182434082,250000.0,30
2017-08-28,ADM-COST,-304.10768127441406,250000.0,30
2017-08-28,ADM-MDLZ,-4319.18856048584,250000.0,30
2017-08-28,ADM-DLTR,-397.64088439941406,250000.0,30
2017-08-28,ADM-SYY,905.9144554138184,250000.0,30
2017-08-29,ADM-SJM,-8916.876953125,250000.0,30
2017-08-29,ADM-COST,1464.8603706359863,250000.0,30
2017-08-29,ADM-MDLZ,-760.1001129150391,250000.0,30
2017-08-29,ADM-DLTR,1524.520565032959,250000.0,30
2017-08-29,ADM-SYY,120.32537841796875,250000.0,30
2017-08-30,ADM-SJM,-10419.816986083984,250000.0,30
2017-08-30,ADM-COST,2514.8765716552734,250000.0,30
2017-08-30,ADM-MDLZ,-2461.157402038574,250000.0,30
2017-08-30,ADM-DLTR,2432.705322265625,250000.0,30
2017-08-30,ADM-SYY,-1610.8891639709473,250000.0,30
2017-08-31,ADM-SJM,-7261.029823303223,250000.0,30
2017-08-31,ADM-DLTR,-1686.0416069030762,250000.0,30
2017-08-31,ADM-SYY,-2658.9582138061523,250000.0,30
2017-09-01,ADM-SJM,-10252.10082244873,250000.0,30
2017-09-01,ADM-DLTR,919.8593215942383,250000.0,30
2017-09-01,ADM-SYY,-2072.994243621826,250000.0,30
2017-09-05,ADM-SJM,-6429.961654663086,250000.0,30
2017-09-05,ADM-DLTR,-5739.152473449707,250000.0,30
2017-09-05,ADM-SYY,-2908.5743827819824,250000.0,30
2017-09-06,ADM-SJM,-7788.577491760254,250000.0,30
2017-09-06,ADM-DLTR,-2777.588176727295,250000.0,30
2017-09-06,ADM-SYY,-1327.3808822631836,250000.0,30
2017-09-07,ADM-SJM,-8916.27212524414,250000.0,30
2017-09-07,ADM-DLTR,-2830.9653511047363,250000.0,30
2017-09-07,ADM-SYY,-1846.993637084961,250000.0,30
2017-09-07,ADM-HSY,0.0,250000.0,30
2017-09-08,ADM-SYY,-1444.0681953430176,250000.0,30
2017-09-08,ADM-HSY,-1203.8783340454102,250000.0,30
2017-09-12,ADM-BG,0.0,250000.0,30
2017-09-13,ADM-BG,2695.638011932373,250000.0,30
2017-09-13,CMI-EXPD,0.0,250000.0,30
2017-09-14,ADM-BG,4028.1474571228027,250000.0,30
2017-09-14,CMI-EXPD,1157.7487869262695,250000.0,30
2017-09-15,ADM-BG,1620.659755706787,250000.0,30
2017-09-15,CMI-EXPD,2695.263210296631,250000.0,30
2017-09-18,CMI-EXPD,110.26929092407227,250000.0,30
2017-09-19,CMI-EXPD,291.9293327331543,250000.0,30
2017-09-20,ADM-GIS,0.0,250000.0,30
2017-09-21,ADM-GIS,-2234.656909942627,250000.0,30
2017-09-21,ADM-MKC,0.0,250000.0,30
2017-09-22,ADM-GIS,-4635.6353759765625,250000.0,30
2017-09-25,ADM-GIS,-67.23183059692383,250000.0,30
2017-09-28,ADM-MKC,0.0,250000.0,30
2017-09-29,ADM-MKC,-2702.958843231201,250000.0,30
2017-08-02,AAPL-AVGO,0.0,250000.0,31
2017-08-03,AAPL-AVGO,-87.96799850463867,250000.0,31
2017-08-03,AVGO-SWKS,0.0,250000.0,31
2017-08-04,AAPL-AVGO,-2729.158893585205,250000.0,31
2017-08-04,AVGO-SWKS,3139.9788513183594,250000.0,31
2017-08-07,AAPL-AVGO,-4035.869396209717,250000.0,31
2017-08-08,AAPL-AVGO,-7480.528285980225,250000.0,31
2017-08-14,COO-ISRG,0.0,250000.0,31
2017-08-15,COO-ISRG,-5659.385082244873,250000.0,31
2017-08-15,DG-WMT,0.0,250000.0,31
2017-08-16,COO-ISRG,-5349.055366516113,250000.0,31
2017-08-16,DG-WMT,1853.6505966186523,250000.0,31
2017-08-16,AVGO-SNPS,0.0,250000.0,31
2017-08-17,COO-ISRG,-802.2417106628418,250000.0,31
2017-08-18,COO-ISRG,-3803.347816467285,250000.0,31
2017-08-21,COO-ISRG,-1418.8109321594238,250000.0,31
2017-08-22,COO-ISRG,-3966.2023582458496,250000.0,31
2017-08-23,COO-ISRG,-3442.317279815674,250000.0,31
2017-08-23,COO-SYK,0.0,250000.0,31
2017-08-23,ANET-LITE,0.0,250000.0,31
2017-08-24,COO-ISRG,-4975.133575439453,250000.0,31
2017-08-24,COO-SYK,996.541088104248,250000.0,31
2017-08-24,ANET-LITE,-4432.295621871948,250000.0,31
2017-08-24,COO-CVS,0.0,250000.0,31
2017-08-25,COO-ISRG,-1381.3262786865234,250000.0,31
2017-08-25,COO-SYK,2756.1751594543457,250000.0,31
2017-08-25,ANET-LITE,-2844.2330989837646,250000.0,31
2017-08-25,COO-CVS,-90.69316101074219,250000.0,31
2017-08-25,ADSK-AVGO,0.0,250000.0,31
2017-08-28,COO-ISRG,-2325.847240447998,250000.0,31
2017-08-28,COO-SYK,1720.7231216430664,250000.0,31
2017-08-28,ANET-LITE,-1913.197904586792,250000.0,31
2017-08-28,COO-CVS,355.5114860534668,250000.0,31
2017-08-28,ADSK-AVGO,1806.1540832519531,250000.0,31
2017-08-29,COO-SYK,1973.2214469909668,250000.0,31
2017-08-29,ANET-LITE,-293.31642627716064,250000.0,31
2017-08-29,COO-CVS,2351.477066040039,250000.0,31
2017-08-29,ADSK-AVGO,511.0316162109375,250000.0,31
2017-08-30,COO-SYK,1843.2670288085938,250000.0,31
2017-08-30,ANET-LITE,2091.194019317627,250000.0,31
2017-08-30,COO-CVS,3310.480442047119,250000.0,31
2017-08-30,ADSK-AVGO,2453.6148681640625,250000.0,31
2017-08-30,COO-INCY,0.0,250000.0,31
2017-08-30,AVGO-SWKS,0.0,250000.0,31
2017-08-31,COO-SYK,3800.921661376953,250000.0,31
2017-08-31,ANET-LITE,-427.56896686553955,250000.0,31
2017-08-31,ADSK-AVGO,7207.801803588867,250000.0,31
2017-08-31,COO-INCY,2526.1074829101562,250000.0,31
2017-08-31,AVGO-SWKS,-1195.43355178833,250000.0,31
2017-09-01,ANET-LITE,-504.2422389984131,250000.0,31
2017-09-01,COO-INCY,-1609.3570861816406,250000.0,31
2017-09-01,AVGO-SWKS,-1458.2705764770508,250000.0,31
2017-09-01,COO-ISRG,0.0,250000.0,31
2017-09-01,COO-VRTX,0.0,250000.0,31
2017-09-05,ANET-LITE,-7627.264348983765,250000.0,31
2017-09-05,COO-INCY,4021.6788940429688,250000.0,31
2017-09-05,COO-ISRG,-1197.6019554138184,250000.0,31
2017-09-05,COO-VRTX,9660.115547180176,250000.0,31
2017-09-06,ANET-LITE,-9253.135381698608,250000.0,31
2017-09-06,COO-INCY,3334.6105346679688,250000.0,31
2017-09-06,COO-ISRG,-620.9246788024902,250000.0,31
2017-09-07,COO-INCY,6837.952331542969,250000.0,31
2017-09-07,COO-ISRG,-1711.4472007751465,250000.0,31
2017-09-08,COO-ISRG,1148.374282836914,250000.0,31
2017-09-11,COO-ISRG,1684.9423713684082,250000.0,31
2017-09-12,COO-ISRG,-401.7828178405762,250000.0,31
2017-09-13,COO-ISRG,-2127.4027137756348,250000.0,31
2017-09-14,COO-ISRG,-1247.7676124572754,250000.0,31
2017-09-15,COO-ISRG,-1836.0732307434082,250000.0,31
2017-09-19,COO-ISRG,0.0,250000.0,31
2017-09-20,COO-ISRG,-127.61590576171875,250000.0,31
2017-09-21,COO-ISRG,1035.6788291931152,250000.0,31
2017-09-25,DG-WMT,0.0,250000.0,31
2017-09-26,DG-WMT,778.8976707458496,250000.0,31
2017-09-26,GDDY-HPQ,0.0,250000.0,31
2017-09-27,DG-WMT,-796.4648132324219,250000.0,31
2017-09-27,GDDY-HPQ,1746.0623416900635,250000.0,31
2017-09-28,DG-WMT,-2059.2042350769043,250000.0,31
2017-09-28,GDDY-HPQ,2023.5653095245361,250000.0,31
2017-09-29,GDDY-HPQ,3087.436740875244,250000.0,31
2017-10-02,GDDY-HPQ,776.8299217224121,250000.0,31
2017-10-03,GDDY-HPQ,1964.3916320800781,250000.0,31
2017-10-04,GDDY-HPQ,-1111.5109519958496,250000.0,31
2017-10-04,ES-ETR,0.0,250000.0,31
2017-10-05,GDDY-HPQ,-1390.5580749511719,250000.0,31
2017-10-05,ES-ETR,-2964.8586387634277,250000.0,31
2017-10-06,GDDY-HPQ,-1681.7595748901367,250000.0,31
2017-10-06,ES-ETR,-2806.7436752319336,250000.0,31
2017-10-06,COO-CVS,0.0,250000.0,31
2017-10-09,GDDY-HPQ,-2067.713499069214,250000.0,31
2017-10-09,COO-CVS,-9259.629749298096,250000.0,31
2017-10-09,AVGO-GEN,0.0,250000.0,31
2017-10-09,DG-WMT,0.0,250000.0,31
2017-10-10,GDDY-HPQ,-3432.1921977996826,250000.0,31
2017-10-10,COO-CVS,-8346.031200408936,250000.0,31
2017-10-12,AVGO-SNPS,0.0,250000.0,31
2017-10-13,AVGO-SNPS,-17.1297607421875,250000.0,31
2017-10-13,AVGO-SWKS,0.0,250000.0,31
2017-10-13,GDDY-HPQ,0.0,250000.0,31
2017-10-16,AVGO-SNPS,913.4179306030273,250000.0,31
2017-10-16,AVGO-SWKS,-1932.178855895996,250000.0,31
2017-10-16,GDDY-HPQ,-3723.7922286987305,250000.0,31
2017-10-17,AVGO-SNPS,-133.83541870117188,250000.0,31
2017-10-17,GDDY-HPQ,-1115.9333610534668,250000.0,31
2017-10-18,AVGO-SNPS,2167.8142013549805,250000.0,31
2017-10-18,GDDY-HPQ,1286.2687377929688,250000.0,31
2017-10-19,AVGO-SNPS,1726.7902374267578,250000.0,31
2017-10-19,GDDY-HPQ,-3112.3143157958984,250000.0,31
2017-10-20,AVGO-SNPS,-1071.9263763427734,250000.0,31
2017-10-20,GDDY-HPQ,2424.737293243408,250000.0,31
2017-10-23,AVGO-SNPS,-938.5305404663086,250000.0,31
2017-10-23,GDDY-HPQ,1117.512351989746,250000.0,31
2017-10-24,AVGO-SNPS,-632.883186340332,250000.0,31
2017-10-26,AVGO-SNPS,0.0,250000.0,31
2017-10-27,AVGO-SNPS,3509.4141426086426,250000.0,31
2017-10-27,ADSK-AVGO,0.0,250000.0,31
2017-10-30,AAPL-AVGO,0.0,250000.0,31
2017-10-31,AAPL-AVGO,-1473.3689918518066,250000.0,31
2017-09-01,CMS-ES,0.0,250000.0,32
2017-09-01,LDOS-NOC,0.0,250000.0,32
2017-09-01,LDOS-LMT,0.0,250000.0,32
2017-09-05,LDOS-NOC,1773.110164642334,250000.0,32
2017-09-05,LDOS-LMT,3626.393154144287,250000.0,32
2017-09-06,LDOS-NOC,-1250.4210586547852,250000.0,32
2017-09-06,LDOS-LMT,2390.3310775756836,250000.0,32
2017-09-07,LDOS-NOC,-7.122165679931641,250000.0,32
2017-09-07,LDOS-LMT,4135.454341888428,250000.0,32
2017-09-08,LDOS-NOC,3016.9953804016113,250000.0,32
2017-09-18,LDOS-NOC,0.0,250000.0,32
2017-09-19,LDOS-NOC,-582.49462890625,250000.0,32
2017-09-20,LDOS-NOC,-1793.329833984375,250000.0,32
2017-09-20,ECL-NUE,0.0,250000.0,32
2017-09-21,LDOS-NOC,-1912.1953125,250000.0,32
2017-09-22,LDOS-NOC,-1673.7091064453125,250000.0,32
2017-09-25,LDOS-NOC,-2074.0140380859375,250000.0,32
2017-09-25,COHR-TEL,0.0,250000.0,32
2017-09-25,AZO-F,0.0,250000.0,32
2017-09-26,LDOS-NOC,-4788.51611328125,250000.0,32
2017-09-27,LDOS-NOC,-5113.05615234375,250000.0,32
2017-09-27,ECL-VMC,0.0,250000.0,32
2017-09-27,ECL-MLM,0.0,250000.0,32
2017-09-27,FIX-JCI,0.0,250000.0,32
2017-09-28,LDOS-NOC,-4274.1180419921875,250000.0,32
2017-09-28,ECL-VMC,441.24076080322266,250000.0,32
2017-09-28,ECL-MLM,-1895.4251861572266,250000.0,32
2017-09-28,FIX-JCI,3702.3308715820312,250000.0,32
2017-09-29,ECL-VMC,-2881.064598083496,250000.0,32
2017-09-29,ECL-MLM,-5781.382049560547,250000.0,32
2017-10-02,ECL-VMC,5676.20662689209,250000.0,32
2017-10-02,ECL-MLM,3070.418746948242,250000.0,32
2017-10-02,LDOS-LMT,0.0,250000.0,32
2017-10-03,ECL-VMC,3720.129440307617,250000.0,32
2017-10-03,ECL-MLM,996.0611572265625,250000.0,32
2017-10-04,ECL-VMC,6777.004776000977,250000.0,32
2017-10-04,ECL-MLM,2256.600860595703,250000.0,32
2017-10-05,ECL-VMC,5393.634262084961,250000.0,32
2017-10-05,ECL-MLM,915.1910705566406,250000.0,32
2017-10-05,ADSK-VRSN,0.0,250000.0,32
2017-10-06,ECL-VMC,7524.734184265137,250000.0,32
2017-10-06,ECL-MLM,6624.640365600586,250000.0,32
2017-10-06,ADSK-VRSN,1466.0951538085938,250000.0,32
2017-10-06,KMB-TGT,0.0,250000.0,32
2017-10-09,ECL-VMC,7966.316032409668,250000.0,32
2017-10-09,ECL-MLM,6972.404571533203,250000.0,32
2017-10-09,ADSK-VRSN,766.9866027832031,250000.0,32
2017-10-09,KMB-TGT,-3571.2839698791504,250000.0,32
2017-10-10,ADSK-VRSN,-2841.2215270996094,250000.0,32
2017-10-10,KMB-TGT,4602.821193695068,250000.0,32
2017-10-20,COHR-TEL,0.0,250000.0,32
2017-10-23,COHR-TEL,-843.8746185302734,250000.0,32
2017-10-23,GE-LII,0.0,250000.0,32
2017-10-24,COHR-TEL,255.31289672851562,250000.0,32
2017-10-24,GE-LII,-6486.300857543945,250000.0,32
2017-10-25,COHR-TEL,-849.1214141845703,250000.0,32
2017-10-25,GE-LII,-4363.420227050781,250000.0,32
2017-10-25,DLR-EQIX,0.0,250000.0,32
2017-10-25,LDOS-LMT,0.0,250000.0,32
2017-10-26,COHR-TEL,-2370.0053482055664,250000.0,32
2017-10-26,LDOS-LMT,-2876.770420074463,250000.0,32
2017-10-27,COHR-TEL,-540.9206008911133,250000.0,32
2017-10-27,LDOS-LMT,-2482.373348236084,250000.0,32
2017-10-27,FIX-JCI,0.0,250000.0,32
2017-10-30,COHR-TEL,330.16664123535156,250000.0,32
2017-10-30,LDOS-LMT,-808.4275245666504,250000.0,32
2017-10-30,FIX-JCI,-2600.084934234619,250000.0,32
2017-10-31,COHR-TEL,2161.495132446289,250000.0,32
2017-10-31,LDOS-LMT,-2800.2311096191406,250000.0,32
2017-10-31,FIX-JCI,-15343.279747009277,250000.0,32
2017-11-01,LDOS-LMT,-4911.162380218506,250000.0,32
2017-11-01,FIX-JCI,-7131.719169616699,250000.0,32
2017-11-02,LDOS-LMT,-1477.835792541504,250000.0,32
2017-11-02,FIX-JCI,-7851.497138977051,250000.0,32
2017-11-02,COHR-TEL,0.0,250000.0,32
2017-11-02,DLR-EQIX,0.0,250000.0,32
2017-11-03,LDOS-LMT,-4513.9530601501465,250000.0,32
2017-11-03,FIX-JCI,-9187.865097045898,250000.0,32
2017-11-03,COHR-TEL,-3497.667655944824,250000.0,32
2017-11-03,DLR-EQIX,1508.3869323730469,250000.0,32
2017-11-06,LDOS-LMT,-2463.741382598877,250000.0,32
2017-11-06,FIX-JCI,-8032.2548751831055,250000.0,32
2017-11-06,COHR-TEL,-2499.372413635254,250000.0,32
2017-11-06,DLR-EQIX,3461.1421432495117,250000.0,32
2017-11-07,LDOS-LMT,1133.3519897460938,250000.0,32
2017-11-07,FIX-JCI,-8873.893547058105,250000.0,32
2017-11-07,COHR-TEL,-5193.46760559082,250000.0,32
2017-11-07,DLR-EQIX,5573.3323974609375,250000.0,32
2017-11-07,CRH-PPG,0.0,250000.0,32
2017-11-08,FIX-JCI,-10832.602809906006,250000.0,32
2017-11-08,COHR-TEL,1625.5498352050781,250000.0,32
2017-11-08,DLR-EQIX,5475.207847595215,250000.0,32
2017-11-09,COHR-TEL,3755.0563354492188,250000.0,32
2017-11-09,KMB-TGT,0.0,250000.0,32
2017-11-10,KMB-TGT,-8534.638652801514,250000.0,32
2017-11-13,KMB-TGT,-7761.2152099609375,250000.0,32
2017-11-13,ECL-NUE,0.0,250000.0,32
2017-11-14,KMB-TGT,-6766.096038818359,250000.0,32
2017-11-14,ECL-NUE,-2675.4263763427734,250000.0,32
2017-11-15,ECL-NUE,3017.809669494629,250000.0,32
2017-11-16,ECL-NUE,-5679.686172485352,250000.0,32
2017-11-17,ECL-NUE,-3172.6906509399414,250000.0,32
2017-11-20,ECL-NUE,-2862.368751525879,250000.0,32
2017-11-20,ADSK-VRSN,0.0,250000.0,32
2017-11-21,ECL-NUE,-2436.367835998535,250000.0,32
2017-11-21,ADSK-VRSN,268.6101303100586,250000.0,32
2017-11-22,ECL-NUE,-4135.518928527832,250000.0,32
2017-11-22,ADSK-VRSN,989.2055816650391,250000.0,32
2017-11-24,ECL-NUE,-4529.977249145508,250000.0,32
2017-11-24,ADSK-VRSN,434.6760482788086,250000.0,32
2017-11-27,ECL-NUE,-4661.258766174316,250000.0,32
2017-11-27,ADSK-VRSN,1887.1254119873047,250000.0,32
2017-11-27,ECL-VMC,0.0,250000.0,32
2017-11-28,ADSK-VRSN,1619.0148696899414,250000.0,32
2017-11-28,ECL-VMC,874.2522125244141,250000.0,32
2017-11-29,KMB-TGT,0.0,250000.0,32
2017-11-30,KMB-TGT,6194.659454345703,250000.0,32
2017-10-06,GPC-GRMN,0.0,250000.0,33
2017-10-09,GPC-GRMN,608.7289199829102,250000.0,33
2017-10-09,DVA-IDXX,0.0,250000.0,33
2017-10-10,GPC-GRMN,2012.2029647827148,250000.0,33
2017-10-10,DVA-IDXX,2598.137275695801,250000.0,33
2017-10-11,DVA-IDXX,2017.9715003967285,250000.0,33
2017-10-12,DVA-IDXX,-4195.4565505981445,250000.0,33
2017-10-13,DVA-IDXX,45.770145416259766,250000.0,33
2017-10-16,DVA-IDXX,7241.126884460449,250000.0,33
2017-10-17,DVA-IDXX,3844.1051597595215,250000.0,33
2017-10-17,IEX-SWK,0.0,250000.0,33
2017-10-18,DVA-IDXX,2124.0591888427734,250000.0,33
2017-10-18,IEX-SWK,-272.7306442260742,250000.0,33
2017-10-18,PNC-USB,0.0,250000.0,33
2017-10-19,DVA-IDXX,6911.849964141846,250000.0,33
2017-10-19,IEX-SWK,19.3851318359375,250000.0,33
2017-10-19,PNC-USB,978.8210906982422,250000.0,33
2017-10-19,NXPI-SWKS,0.0,250000.0,33
2017-10-19,GPC-GRMN,0.0,250000.0,33
2017-10-20,DVA-IDXX,3605.6164932250977,250000.0,33
2017-10-20,PNC-USB,1784.493938446045,250000.0,33
2017-10-20,NXPI-SWKS,3779.7762756347656,250000.0,33
2017-10-20,GPC-GRMN,-2540.2907333374023,250000.0,33
2017-10-20,NXPI-TER,0.0,250000.0,33
2017-10-23,DVA-IDXX,8200.8125,250000.0,33
2017-10-23,PNC-USB,2140.361301422119,250000.0,33
2017-10-23,NXPI-SWKS,1996.8064193725586,250000.0,33
2017-10-23,GPC-GRMN,-1969.9644088745117,250000.0,33
2017-10-24,PNC-USB,1525.8576431274414,250000.0,33
2017-10-24,NXPI-SWKS,2413.6738204956055,250000.0,33
2017-10-24,GPC-GRMN,-5040.667621612549,250000.0,33
2017-10-25,PNC-USB,1542.9430046081543,250000.0,33
2017-10-25,NXPI-SWKS,1363.4238891601562,250000.0,33
2017-10-26,PNC-USB,1929.5904006958008,250000.0,33
2017-10-26,NXPI-SWKS,3445.966667175293,250000.0,33
2017-10-27,PNC-USB,2287.740837097168,250000.0,33
2017-10-27,LDOS-ODFL,0.0,250000.0,33
2017-10-30,PNC-USB,2386.223087310791,250000.0,33
2017-10-30,LDOS-ODFL,5160.348342895508,250000.0,33
2017-10-31,LDOS-ODFL,5987.863349914551,250000.0,33
2017-11-01,LDOS-ODFL,9332.584274291992,250000.0,33
2017-11-01,GPC-GRMN,0.0,250000.0,33
2017-11-02,LDOS-ODFL,6353.291221618652,250000.0,33
2017-11-02,GPC-GRMN,5276.745475769043,250000.0,33
2017-11-02,CPAY-MET,0.0,250000.0,33
2017-11-02,DVA-IDXX,0.0,250000.0,33
2017-11-03,LDOS-ODFL,9879.144836425781,250000.0,33
2017-11-03,GPC-GRMN,1498.2885627746582,250000.0,33
2017-11-03,CPAY-MET,765.1585807800293,250000.0,33
2017-11-03,DVA-IDXX,5341.477096557617,250000.0,33
2017-11-06,LDOS-ODFL,8368.579410552979,250000.0,33
2017-11-06,GPC-GRMN,1882.010757446289,250000.0,33
2017-11-06,CPAY-MET,-1776.3499717712402,250000.0,33
2017-11-06,DVA-IDXX,-367.0229034423828,250000.0,33
2017-11-07,LDOS-ODFL,6000.365173339844,250000.0,33
2017-11-07,GPC-GRMN,1241.646141052246,250000.0,33
2017-11-07,CPAY-MET,-2777.715888977051,250000.0,33
2017-11-07,DVA-IDXX,-1899.9375953674316,250000.0,33
2017-11-08,LDOS-ODFL,5380.379508972168,250000.0,33
2017-11-08,GPC-GRMN,-1099.852180480957,250000.0,33
2017-11-08,CPAY-MET,-3319.606269836426,250000.0,33
2017-11-08,DVA-IDXX,6173.22957611084,250000.0,33
2017-11-08,PNC-USB,0.0,250000.0,33
2017-11-09,LDOS-ODFL,7249.566539764404,250000.0,33
2017-11-09,GPC-GRMN,-1955.86674118042,250000.0,33
2017-11-09,CPAY-MET,-5443.291774749756,250000.0,33
2017-11-09,DVA-IDXX,5022.470737457275,250000.0,33
2017-11-09,PNC-USB,-1860.1670761108398,250000.0,33
2017-11-10,LDOS-ODFL,8385.454166412354,250000.0,33
2017-11-10,GPC-GRMN,-6730.971267700195,250000.0,33
2017-11-10,DVA-IDXX,1083.6057319641113,250000.0,33
2017-11-13,LDOS-ODFL,8940.945529937744,250000.0,33
2017-11-13,GPC-GRMN,-5881.696132659912,250000.0,33
2017-11-13,DVA-IDXX,1282.1737976074219,250000.0,33
2017-11-14,LDOS-ODFL,6537.188907623291,250000.0,33
2017-11-14,GPC-GRMN,-5710.596870422363,250000.0,33
2017-11-14,DVA-IDXX,4740.50700378418,250000.0,33
2017-11-15,LDOS-ODFL,11315.791625976562,250000.0,33
2017-11-15,GPC-GRMN,-5024.616786956787,250000.0,33
2017-11-16,LDOS-ODFL,7904.850257873535,250000.0,33
2017-11-17,LDOS-ODFL,5719.863437652588,250000.0,33
2017-11-20,LDOS-ODFL,4552.854473114014,250000.0,33
2017-11-28,CPAY-MET,0.0,250000.0,33
2017-11-28,PNC-USB,0.0,250000.0,33
2017-11-29,CPAY-MET,-4725.602630615234,250000.0,33
2017-11-30,CPAY-MET,-3599.1369018554688,250000.0,33
2017-11-30,IEX-SWK,0.0,250000.0,33
2017-12-01,CPAY-MET,-4031.02587890625,250000.0,33
2017-12-01,IEX-SWK,2832.4332580566406,250000.0,33
2017-12-01,NXPI-SWKS,0.0,250000.0,33
2017-12-01,NXPI-TER,0.0,250000.0,33
2017-12-04,CPAY-MET,-2030.5626831054688,250000.0,33
2017-12-04,NXPI-SWKS,-7229.2421798706055,250000.0,33
2017-12-04,NXPI-TER,4024.2160034179688,250000.0,33
2017-12-05,CPAY-MET,923.4390258789062,250000.0,33
2017-12-05,NXPI-SWKS,-8516.24602508545,250000.0,33
2017-12-05,NXPI-TER,7950.112319946289,250000.0,33
2017-12-06,CPAY-MET,1566.0374450683594,250000.0,33
2017-12-06,NXPI-TER,3736.4432220458984,250000.0,33
2017-12-07,CPAY-MET,-457.52630615234375,250000.0,33
2017-12-07,NXPI-TER,-2449.140411376953,250000.0,33
2017-12-08,CPAY-MET,-595.3798217773438,250000.0,33
2017-12-08,NXPI-TER,-2801.2103424072266,250000.0,33
2017-12-11,CPAY-MET,1977.768310546875,250000.0,33
2017-12-11,NXPI-TER,-8822.077255249023,250000.0,33
2017-12-12,CPAY-MET,1954.0388488769531,250000.0,33
2017-12-12,NXPI-TER,-3692.1928100585938,250000.0,33
2017-12-13,NXPI-TER,-8800.115692138672,250000.0,33
2017-12-14,NXPI-TER,-5747.208084106445,250000.0,33
2017-12-15,NXPI-TER,-5266.446502685547,250000.0,33
2017-12-15,CPAY-MET,0.0,250000.0,33
2017-12-15,GPC-GRMN,0.0,250000.0,33
2017-12-18,CPAY-MET,-2683.286376953125,250000.0,33
2017-12-18,GPC-GRMN,-904.4881210327148,250000.0,33
2017-12-19,CPAY-MET,-2248.3569946289062,250000.0,33
2017-12-19,GPC-GRMN,-511.68834686279297,250000.0,33
2017-12-20,CPAY-MET,-1981.6878509521484,250000.0,33
2017-12-20,GPC-GRMN,134.26185607910156,250000.0,33
2017-12-21,CPAY-MET,-2503.596450805664,250000.0,33
2017-12-21,GPC-GRMN,-130.0916748046875,250000.0,33
2017-12-22,CPAY-MET,-3375.037666320801,250000.0,33
2017-12-22,GPC-GRMN,-906.2068862915039,250000.0,33
2017-12-26,CPAY-MET,-4352.027275085449,250000.0,33
2017-12-26,GPC-GRMN,-916.0063705444336,250000.0,33
2017-12-27,CPAY-MET,-4018.273017883301,250000.0,33
2017-12-27,GPC-GRMN,-497.3434524536133,250000.0,33
2017-12-28,CPAY-MET,-4630.172660827637,250000.0,33
2017-12-28,GPC-GRMN,1098.8009948730469,250000.0,33
2017-12-29,CPAY-MET,-5555.118675231934,250000.0,33
2017-12-29,GPC-GRMN,905.6165313720703,250000.0,33
2017-12-29,DVA-REGN,0.0,250000.0,33
2017-11-13,EG-NDAQ,0.0,250000.0,34
2017-11-14,EG-NDAQ,-1600.4243030548096,250000.0,34
2017-11-15,EG-NDAQ,-1800.0691566467285,250000.0,34
2017-11-16,EG-NDAQ,-1530.585542678833,250000.0,34
2017-11-17,EG-NDAQ,-1554.1298923492432,250000.0,34
2017-11-20,EG-NDAQ,-4407.837978363037,250000.0,34
2017-11-27,INVH-KIM,0.0,250000.0,34
2017-11-28,INVH-KIM,44.9286003112793,250000.0,34
2017-11-28,NSC-WAB,0.0,250000.0,34
2017-11-29,INVH-KIM,4415.970188140869,250000.0,34
2017-11-29,NSC-WAB,-4428.533462524414,250000.0,34
2017-11-29,WRB-WTW,0.0,250000.0,34
2017-11-29,BRO-NTRS,0.0,250000.0,34
2017-11-30,NSC-WAB,-3130.892921447754,250000.0,34
2017-11-30,WRB-WTW,1515.8574981689453,250000.0,34
2017-11-30,BRO-NTRS,1047.5145263671875,250000.0,34
2017-11-30,NOC-RTX,0.0,250000.0,34
2017-11-30,FTV-RTX,0.0,250000.0,34
2017-11-30,CMI-RTX,0.0,250000.0,34
2017-11-30,FAST-RTX,0.0,250000.0,34
2017-11-30,LHX-PNR,0.0,250000.0,34
2017-12-01,NSC-WAB,-1617.9455947875977,250000.0,34
2017-12-01,WRB-WTW,2546.92466545105,250000.0,34
2017-12-01,BRO-NTRS,2667.0238494873047,250000.0,34
2017-12-01,NOC-RTX,1451.9353942871094,250000.0,34
2017-12-01,FTV-RTX,2696.2750244140625,250000.0,34
2017-12-01,CMI-RTX,2075.620361328125,250000.0,34
2017-12-01,FAST-RTX,2529.7782287597656,250000.0,34
2017-12-01,LHX-PNR,1452.7837600708008,250000.0,34
2017-12-04,NSC-WAB,-4921.403709411621,250000.0,34
2017-12-04,WRB-WTW,-3349.627447128296,250000.0,34
2017-12-04,BRO-NTRS,-1206.9066123962402,250000.0,34
2017-12-04,NOC-RTX,1793.2846221923828,250000.0,34
2017-12-04,FTV-RTX,2654.632125854492,250000.0,34
2017-12-04,CMI-RTX,2226.511749267578,250000.0,34
2017-12-05,NSC-WAB,-3139.8957748413086,250000.0,34
2017-12-05,WRB-WTW,-4648.422491073608,250000.0,34
2017-12-05,BRO-NTRS,2380.611717224121,250000.0,34
2017-12-05,NOC-RTX,745.1314239501953,250000.0,34
2017-12-05,FTV-RTX,1385.332046508789,250000.0,34
2017-12-05,CMI-RTX,1678.7385559082031,250000.0,34
2017-12-06,WRB-WTW,-5439.881700515747,250000.0,34
2017-12-06,NOC-RTX,-662.716064453125,250000.0,34
2017-12-06,FTV-RTX,-287.2715759277344,250000.0,34
2017-12-06,CMI-RTX,-44.79484558105469,250000.0,34
2017-12-07,NOC-RTX,-2661.912551879883,250000.0,34
2017-12-07,FTV-RTX,-2574.646011352539,250000.0,34
2017-12-07,CMI-RTX,-1429.2624206542969,250000.0,34
2017-12-08,NOC-RTX,-2938.035202026367,250000.0,34
2017-12-08,FTV-RTX,-3365.502243041992,250000.0,34
2017-12-08,CMI-RTX,-1835.5850982666016,250000.0,34
2017-12-11,NOC-RTX,-4157.396621704102,250000.0,34
2017-12-11,FTV-RTX,-4775.020645141602,250000.0,34
2017-12-11,CMI-RTX,-2874.6113891601562,250000.0,34
2017-12-12,NOC-RTX,-4011.344924926758,250000.0,34
2017-12-12,CMI-RTX,-3674.4113159179688,250000.0,34
2017-12-13,INVH-O,0.0,250000.0,34
2017-12-14,INVH-O,-580.402364730835,250000.0,34
2017-12-15,INVH-O,-3269.532726287842,250000.0,34
2017-12-15,LHX-PNR,0.0,250000.0,34
2017-12-18,INVH-O,-4839.933908462524,250000.0,34
2017-12-19,INVH-O,2356.4497451782227,250000.0,34
2017-12-21,BRO-NTRS,0.0,250000.0,34
2017-12-22,BRO-NTRS,1885.70041847229,250000.0,34
2018-01-03,NOC-RTX,0.0,250000.0,34
2018-01-03,FTV-RTX,0.0,250000.0,34
2018-01-04,NOC-RTX,235.07022094726562,250000.0,34
2018-01-04,LHX-PNR,0.0,250000.0,34
2018-01-05,NOC-RTX,-2095.4989624023438,250000.0,34
2018-01-05,LHX-PNR,1212.7252807617188,250000.0,34
2018-01-08,LHX-PNR,4685.779113769531,250000.0,34
2018-01-09,LHX-PNR,2738.8748779296875,250000.0,34
2018-01-09,AME-RTX,0.0,250000.0,34
2018-01-10,LHX-PNR,341.4769287109375,250000.0,34
2018-01-10,AME-RTX,-1970.7613220214844,250000.0,34
2018-01-10,BRO-NTRS,0.0,250000.0,34
2018-01-11,LHX-PNR,-1957.2976684570312,250000.0,34
2018-01-11,AME-RTX,283.81394958496094,250000.0,34
2018-01-11,BRO-NTRS,-547.5688400268555,250000.0,34
2018-01-12,LHX-PNR,1638.3500671386719,250000.0,34
2018-01-12,AME-RTX,-880.9657592773438,250000.0,34
2018-01-12,BRO-NTRS,-2558.6768951416016,250000.0,34
2018-01-16,LHX-PNR,577.9218444824219,250000.0,34
2018-01-16,BRO-NTRS,-1269.1908531188965,250000.0,34
2018-01-17,LHX-PNR,2744.6263122558594,250000.0,34
2018-01-17,BRO-NTRS,-895.4476280212402,250000.0,34
2018-01-18,LHX-PNR,541.4939880371094,250000.0,34
2018-01-18,BRO-NTRS,1588.2604904174805,250000.0,34
2018-01-19,BRO-NTRS,-344.6724548339844,250000.0,34
2018-01-22,BRO-NTRS,-3798.5325660705566,250000.0,34
2018-01-23,BRO-NTRS,-3508.4933471679688,250000.0,34
2018-01-24,BRO-NTRS,2334.3150329589844,250000.0,34
2018-01-29,FIS-MCO,0.0,250000.0,34
2018-01-30,FIS-MCO,-83.34203338623047,250000.0,34
2018-01-30,LHX-PNR,0.0,250000.0,34
2018-01-31,FIS-MCO,1184.3705596923828,250000.0,34
2018-01-31,LHX-PNR,-3145.3765602111816,250000.0,34
2018-01-31,AME-RTX,0.0,250000.0,34
2017-12-01,NOC-SWK,0.0,250000.0,35
2017-12-01,NOC-XYL,0.0,250000.0,35
2017-12-04,NOC-SWK,-633.1060791015625,250000.0,35
2017-12-04,NOC-XYL,1517.0097427368164,250000.0,35
2017-12-04,HUM-TECH,0.0,250000.0,35
2017-12-05,NOC-SWK,-1376.7924499511719,250000.0,35
2017-12-05,NOC-XYL,2929.456886291504,250000.0,35
2017-12-05,HUM-TECH,-2685.456024169922,250000.0,35
2017-12-05,EXR-PLD,0.0,250000.0,35
2017-12-05,PAYX-XYL,0.0,250000.0,35
2017-12-05,CLX-MDLZ,0.0,250000.0,35
2017-12-06,NOC-SWK,977.8805847167969,250000.0,35
2017-12-06,HUM-TECH,-1902.644941329956,250000.0,35
2017-12-06,EXR-PLD,30.361164093017578,250000.0,35
2017-12-06,PAYX-XYL,-587.884937286377,250000.0,35
2017-12-07,PAYX-XYL,604.3579597473145,250000.0,35
2017-12-08,PAYX-XYL,-1222.8368301391602,250000.0,35
2017-12-11,PAYX-XYL,-4599.251178741455,250000.0,35
2017-12-12,PAYX-XYL,-2913.40385055542,250000.0,35
2017-12-12,FAST-UNP,0.0,250000.0,35
2017-12-13,PAYX-XYL,-3355.9833793640137,250000.0,35
2017-12-13,FAST-UNP,1284.669527053833,250000.0,35
2017-12-14,PAYX-XYL,-5116.089984893799,250000.0,35
2017-12-14,FAST-UNP,1417.3051261901855,250000.0,35
2017-12-15,PAYX-XYL,-5291.97057723999,250000.0,35
2017-12-15,FAST-UNP,1340.630132675171,250000.0,35
2017-12-18,PAYX-XYL,-5203.304016113281,250000.0,35
2017-12-18,FAST-UNP,-690.8664302825928,250000.0,35
2017-12-19,PAYX-XYL,-3025.85782623291,250000.0,35
2017-12-19,FAST-UNP,-3528.36150932312,250000.0,35
2017-12-19,EXR-PLD,0.0,250000.0,35
2017-12-20,EXR-PLD,-519.2085189819336,250000.0,35
2017-12-21,EXR-PLD,33.133811950683594,250000.0,35
2017-12-22,EXR-PLD,1890.8207168579102,250000.0,35
2017-12-26,EXR-PLD,866.0413665771484,250000.0,35
2017-12-27,EXR-PLD,1796.529426574707,250000.0,35
2017-12-28,EXR-PLD,3182.5423698425293,250000.0,35
2017-12-29,EXR-PLD,2645.7319259643555,250000.0,35
2018-01-02,EXR-PLD,3238.3890991210938,250000.0,35
2018-01-03,EXR-PLD,2504.2587280273438,250000.0,35
2018-01-03,NOC-XYL,0.0,250000.0,35
2018-01-03,HUM-TECH,0.0,250000.0,35
2018-01-04,NOC-XYL,-635.8025093078613,250000.0,35
2018-01-04,HUM-TECH,-129.01439666748047,250000.0,35
2018-01-04,DOV-FTV,0.0,250000.0,35
2018-01-04,EVRG-PEG,0.0,250000.0,35
2018-01-05,NOC-XYL,-343.6268424987793,250000.0,35
2018-01-05,HUM-TECH,-2277.6570587158203,250000.0,35
2018-01-05,DOV-FTV,1672.0499992370605,250000.0,35
2018-01-05,CLX-MDLZ,0.0,250000.0,35
2018-01-08,NOC-XYL,-1228.8998718261719,250000.0,35
2018-01-08,DOV-FTV,2276.234966278076,250000.0,35
2018-01-08,CLX-MDLZ,1738.2563858032227,250000.0,35
2018-01-08,NOC-SWK,0.0,250000.0,35
2018-01-09,NOC-XYL,-143.3623809814453,250000.0,35
2018-01-09,CLX-MDLZ,1670.072982788086,250000.0,35
2018-01-09,NOC-SWK,608.3116455078125,250000.0,35
2018-01-10,NOC-XYL,159.26719665527344,250000.0,35
2018-01-10,NOC-SWK,1740.3479919433594,250000.0,35
2018-01-10,DAL-LUV,0.0,250000.0,35
2018-01-11,NOC-XYL,-2305.1844367980957,250000.0,35
2018-01-11,NOC-SWK,1389.6729125976562,250000.0,35
2018-01-11,DAL-LUV,-7534.979843139648,250000.0,35
2018-01-11,ADSK-LRCX,0.0,250000.0,35
2018-01-12,NOC-XYL,-1038.2596969604492,250000.0,35
2018-01-12,ADSK-LRCX,-5319.276384353638,250000.0,35
2018-01-16,ADSK-LRCX,3858.610553741455,250000.0,35
2018-01-17,FAST-UNP,0.0,250000.0,35
2018-01-17,CLX-MDLZ,0.0,250000.0,35
2018-01-18,FAST-UNP,4847.790372848511,250000.0,35
2018-01-18,CLX-MDLZ,206.31608200073242,250000.0,35
2018-01-19,FAST-UNP,5412.035827636719,250000.0,35
2018-01-19,CLX-MDLZ,-1915.505313873291,250000.0,35
2018-01-22,FAST-UNP,6682.041198730469,250000.0,35
2018-01-22,CLX-MDLZ,-2282.833564758301,250000.0,35
2018-01-22,NOC-XYL,0.0,250000.0,35
2018-01-23,CLX-MDLZ,-3620.7697143554688,250000.0,35
2018-01-23,NOC-XYL,-884.4620513916016,250000.0,35
2018-01-23,EXR-PLD,0.0,250000.0,35
2018-01-24,NOC-XYL,-759.2044219970703,250000.0,35
2018-01-24,EXR-PLD,1022.9083595275879,250000.0,35
2018-01-25,EXR-PLD,1628.651523590088,250000.0,35
2018-01-25,NOC-SWK,0.0,250000.0,35
2018-01-26,EXR-PLD,397.3852882385254,250000.0,35
2018-01-26,NOC-SWK,-9318.456665039062,250000.0,35
2018-01-26,DOV-FTV,0.0,250000.0,35
2018-01-26,SHW-VMC,0.0,250000.0,35
2018-01-29,EXR-PLD,3207.021312713623,250000.0,35
2018-01-29,DOV-FTV,-369.39697265625,250000.0,35
2018-01-29,SHW-VMC,2757.2970581054688,250000.0,35
2018-01-29,MDLZ-PEP,0.0,250000.0,35
2018-01-30,DOV-FTV,3225.6953353881836,250000.0,35
2018-01-30,SHW-VMC,1366.6016235351562,250000.0,35
2018-01-30,MDLZ-PEP,1653.724365234375,250000.0,35
2018-01-31,DOV-FTV,2647.0313415527344,250000.0,35
2018-02-01,PAYX-XYL,0.0,250000.0,35
2018-02-01,CLX-MDLZ,0.0,250000.0,35
2018-02-01,MDLZ-PEP,0.0,250000.0,35
2018-02-02,PAYX-XYL,-3952.8877563476562,250000.0,35
2018-02-02,MDLZ-PEP,-1166.525161743164,250000.0,35
2018-02-05,PAYX-XYL,197.21841430664062,250000.0,35
2018-02-05,MDLZ-PEP,-552.2205200195312,250000.0,35
2018-02-05,DOV-FTV,0.0,250000.0,35
2018-02-05,PAYX-WM,0.0,250000.0,35
2018-02-05,HUM-JNJ,0.0,250000.0,35
2018-02-05,EVRG-PEG,0.0,250000.0,35
2018-02-06,PAYX-XYL,3821.4522018432617,250000.0,35
2018-02-06,MDLZ-PEP,-6082.756195068359,250000.0,35
2018-02-06,DOV-FTV,559.1615982055664,250000.0,35
2018-02-06,PAYX-WM,1315.6050033569336,250000.0,35
2018-02-06,HUM-JNJ,2152.5924377441406,250000.0,35
2018-02-06,A-TECH,0.0,250000.0,35
2018-02-07,PAYX-XYL,3724.322334289551,250000.0,35
2018-02-07,MDLZ-PEP,-3207.0467987060547,250000.0,35
2018-02-07,DOV-FTV,-978.1703834533691,250000.0,35
2018-02-07,PAYX-WM,-943.2863082885742,250000.0,35
2018-02-07,HUM-JNJ,2635.718292236328,250000.0,35
2018-02-07,A-TECH,620.9591369628906,250000.0,35
2018-02-08,PAYX-XYL,772.6894721984863,250000.0,35
2018-02-08,MDLZ-PEP,-1946.0953063964844,250000.0,35
2018-02-08,DOV-FTV,-6890.395168304443,250000.0,35
2018-02-08,PAYX-WM,2623.727321624756,250000.0,35
2018-02-08,HUM-JNJ,-6301.724082946777,250000.0,35
2018-02-08,A-TECH,-4785.160934448242,250000.0,35
2018-02-09,MDLZ-PEP,3434.4981536865234,250000.0,35
2018-02-09,DOV-FTV,3734.5086975097656,250000.0,35
2018-02-09,PAYX-WM,-3601.9346199035645,250000.0,35
2018-02-09,HUM-JNJ,-1113.023666381836,250000.0,35
2018-02-09,A-TECH,947.4877510070801,250000.0,35
2018-02-12,MDLZ-PEP,2652.414031982422,250000.0,35
2018-02-12,PAYX-WM,-4289.908920288086,250000.0,35
2018-02-12,HUM-JNJ,-214.90415954589844,250000.0,35
2018-02-12,A-TECH,4119.558441162109,250000.0,35
2018-02-13,MDLZ-PEP,1468.5454559326172,250000.0,35
2018-02-13,PAYX-WM,-3376.4686889648438,250000.0,35
2018-02-13,HUM-JNJ,-1115.7722396850586,250000.0,35
2018-02-13,A-TECH,883.6985168457031,250000.0,35
2018-02-14,MDLZ-PEP,-5787.300033569336,250000.0,35
2018-02-14,PAYX-WM,-809.0479965209961,250000.0,35
2018-02-14,HUM-JNJ,-1491.1788940429688,250000.0,35
2018-02-14,A-TECH,-359.5127944946289,250000.0,35
2018-02-15,PAYX-WM,-877.7602882385254,250000.0,35
2018-02-15,HUM-JNJ,1504.8143768310547,250000.0,35
2018-02-15,SHW-VMC,0.0,250000.0,35
2018-02-15,LOW-TJX,0.0,250000.0,35
2018-02-16,PAYX-WM,1214.4012756347656,250000.0,35
2018-02-16,HUM-JNJ,4718.646148681641,250000.0,35
2018-02-16,LOW-TJX,108.7942886352539,250000.0,35
2018-02-20,HUM-JNJ,850.9382476806641,250000.0,35
2018-02-20,LOW-TJX,4251.091995239258,250000.0,35
2018-02-28,LOW-TJX,0.0,250000.0,35
2018-01-02,ALL-JPM,0.0,250000.0,36
2018-01-02,ALL-CFG,0.0,250000.0,36
2018-01-03,ALL-JPM,-123.6493911743164,250000.0,36
2018-01-03,ALL-CFG,-2696.5552558898926,250000.0,36
2018-01-03,MSCI-PNC,0.0,250000.0,36
2018-01-04,MSCI-PNC,-3094.7933349609375,250000.0,36
2018-01-04,ALL-COF,0.0,250000.0,36
2018-01-05,MSCI-PNC,-4873.586036682129,250000.0,36
2018-01-05,ALL-COF,2952.165512084961,250000.0,36
2018-01-08,MSCI-PNC,-4681.597801208496,250000.0,36
2018-01-08,ALL-COF,3169.1494750976562,250000.0,36
2018-01-09,MSCI-PNC,-1251.385482788086,250000.0,36
2018-01-09,ALL-COF,-275.8613967895508,250000.0,36
2018-01-09,MSCI-STT,0.0,250000.0,36
2018-01-10,MSCI-PNC,2393.7567443847656,250000.0,36
2018-01-10,ALL-COF,-5267.841194152832,250000.0,36
2018-01-11,ALL-COF,-7448.164421081543,250000.0,36
2018-01-12,ALL-COF,-6236.733528137207,250000.0,36
2018-01-16,ALL-COF,-3692.235191345215,250000.0,36
2018-01-17,ALL-COF,1417.510498046875,250000.0,36
2018-01-18,ALL-COF,3999.167350769043,250000.0,36
2018-01-19,ALL-COF,774.3285064697266,250000.0,36
2018-01-22,ALL-COF,70.1293716430664,250000.0,36
2018-01-22,CPAY-RF,0.0,250000.0,36
2018-01-23,CPAY-RF,-637.7570381164551,250000.0,36
2018-01-23,ALL-CFG,0.0,250000.0,36
2018-01-24,CPAY-RF,-2518.0553092956543,250000.0,36
2018-01-24,ALL-CFG,-1583.644058227539,250000.0,36
2018-01-24,ALL-JPM,0.0,250000.0,36
2018-01-24,MSCI-SPGI,0.0,250000.0,36
2018-01-25,ALL-CFG,4705.845863342285,250000.0,36
2018-01-25,ALL-JPM,1956.1426849365234,250000.0,36
2018-01-25,MSCI-SPGI,1363.9366149902344,250000.0,36
2018-01-26,ALL-CFG,2643.1294555664062,250000.0,36
2018-01-26,ALL-JPM,146.1752166748047,250000.0,36
2018-01-29,ALL-CFG,-3787.069206237793,250000.0,36
2018-01-29,ALL-JPM,-5445.979080200195,250000.0,36
2018-01-30,ALL-CFG,472.6661148071289,250000.0,36
2018-01-30,ALL-JPM,-2126.8442993164062,250000.0,36
2018-01-30,MSCI-PRU,0.0,250000.0,36
2018-01-31,ALL-CFG,1695.606216430664,250000.0,36
2018-01-31,ALL-JPM,-2585.067626953125,250000.0,36
2018-02-01,ALL-CFG,-3229.682716369629,250000.0,36
2018-02-01,ALL-JPM,-5296.045181274414,250000.0,36
2018-02-01,MSCI-PNC,0.0,250000.0,36
2018-02-01,MSCI-STT,0.0,250000.0,36
2018-02-01,MSCI-SPGI,0.0,250000.0,36
2018-02-01,MSCI-WFC,0.0,250000.0,36
2018-02-01,MSCI-NTRS,0.0,250000.0,36
2018-02-01,MSCI-RJF,0.0,250000.0,36
2018-02-02,ALL-CFG,-1425.556625366211,250000.0,36
2018-02-02,ALL-JPM,-1531.5570220947266,250000.0,36
2018-02-02,MSCI-PNC,4073.4840545654297,250000.0,36
2018-02-02,MSCI-STT,-1481.2103881835938,250000.0,36
2018-02-02,MSCI-SPGI,-711.401123046875,250000.0,36
2018-02-02,MSCI-WFC,1627.4782943725586,250000.0,36
2018-02-02,MSCI-NTRS,827.4987411499023,250000.0,36
2018-02-02,MSCI-RJF,-2480.5972785949707,250000.0,36
2018-02-05,ALL-CFG,2087.5918884277344,250000.0,36
2018-02-05,ALL-JPM,3449.555435180664,250000.0,36
2018-02-05,MSCI-PNC,2771.981864929199,250000.0,36
2018-02-05,MSCI-STT,-3775.021774291992,250000.0,36
2018-02-05,MSCI-SPGI,-5471.14323425293,250000.0,36
2018-02-05,MSCI-NTRS,-27.71881103515625,250000.0,36
2018-02-05,MSCI-RJF,-4559.737041473389,250000.0,36
2018-02-05,CPAY-WFC,0.0,250000.0,36
2018-02-06,ALL-CFG,2003.0539932250977,250000.0,36
2018-02-06,ALL-JPM,9.087860107421875,250000.0,36
2018-02-06,MSCI-PNC,3986.657386779785,250000.0,36
2018-02-06,MSCI-STT,-3409.426223754883,250000.0,36
2018-02-06,MSCI-NTRS,-1199.0221405029297,250000.0,36
2018-02-06,MSCI-RJF,-4862.691215515137,250000.0,36
2018-02-06,CPAY-WFC,-6354.0297775268555,250000.0,36
2018-02-06,MSCI-WFC,0.0,250000.0,36
2018-02-07,ALL-CFG,1554.2455825805664,250000.0,36
2018-02-07,ALL-JPM,-998.8620910644531,250000.0,36
2018-02-07,MSCI-PNC,3741.184684753418,250000.0,36
2018-02-07,MSCI-STT,-6777.49348449707,250000.0,36
2018-02-07,MSCI-NTRS,-4019.432907104492,250000.0,36
2018-02-07,CPAY-WFC,-5129.117279052734,250000.0,36
2018-02-07,MSCI-WFC,-562.0783462524414,250000.0,36
2018-02-08,MSCI-PNC,4219.943130493164,250000.0,36
2018-02-08,MSCI-STT,-10213.203704833984,250000.0,36
2018-02-08,MSCI-NTRS,-5423.6505126953125,250000.0,36
2018-02-08,CPAY-WFC,-7123.113563537598,250000.0,36
2018-02-08,MSCI-WFC,1702.6995391845703,250000.0,36
2018-02-08,CPAY-SYF,0.0,250000.0,36
2018-02-08,MSCI-WRB,0.0,250000.0,36
2018-02-09,MSCI-PNC,3703.7380599975586,250000.0,36
2018-02-09,MSCI-STT,-10404.199356079102,250000.0,36
2018-02-09,MSCI-NTRS,-6790.081634521484,250000.0,36
2018-02-09,CPAY-WFC,-107.18202209472656,250000.0,36
2018-02-09,MSCI-WFC,-318.8012466430664,250000.0,36
2018-02-09,MSCI-WRB,-723.9549541473389,250000.0,36
2018-02-12,MSCI-PNC,2956.8454666137695,250000.0,36
2018-02-12,MSCI-STT,-7778.655746459961,250000.0,36
2018-02-12,MSCI-NTRS,-3778.3171463012695,250000.0,36
2018-02-12,CPAY-WFC,-807.7889556884766,250000.0,36
2018-02-12,MSCI-WFC,-751.848014831543,250000.0,36
2018-02-12,MSCI-WRB,-1385.8769664764404,250000.0,36
2018-02-13,MSCI-PNC,-242.0072479248047,250000.0,36
2018-02-13,MSCI-STT,-12970.445007324219,250000.0,36
2018-02-13,CPAY-WFC,4390.132354736328,250000.0,36
2018-02-13,MSCI-WFC,-173.31627655029297,250000.0,36
2018-02-13,MSCI-WRB,-2576.863290786743,250000.0,36
2018-02-14,MSCI-PNC,-334.0661926269531,250000.0,36
2018-02-14,MSCI-STT,-13594.76953125,250000.0,36
2018-02-14,CPAY-WFC,10580.253288269043,250000.0,36
2018-02-14,MSCI-WFC,-3277.1048431396484,250000.0,36
2018-02-14,MSCI-WRB,-1302.472801208496,250000.0,36
2018-02-15,MSCI-PNC,-2478.117721557617,250000.0,36
2018-02-15,CPAY-WFC,11285.33895111084,250000.0,36
2018-02-15,MSCI-WFC,-7014.024948120117,250000.0,36
2018-02-15,MSCI-WRB,-2029.6787509918213,250000.0,36
2018-02-16,MSCI-PNC,1361.0954895019531,250000.0,36
2018-02-16,CPAY-WFC,9131.938926696777,250000.0,36
2018-02-16,MSCI-WFC,-1003.5730285644531,250000.0,36
2018-02-16,MSCI-WRB,343.8331832885742,250000.0,36
2018-02-20,MSCI-PNC,2411.5791778564453,250000.0,36
2018-02-20,CPAY-WFC,8428.99649810791,250000.0,36
2018-02-20,MSCI-WFC,208.70822143554688,250000.0,36
2018-02-20,MSCI-WRB,-3322.6126289367676,250000.0,36
2018-02-21,CPAY-WFC,4018.354835510254,250000.0,36
2018-02-21,MSCI-WFC,2357.8453063964844,250000.0,36
2018-02-21,MSCI-WRB,-804.9796390533447,250000.0,36
2018-02-22,MSCI-WRB,-2220.7050590515137,250000.0,36
2018-02-26,ALL-CFG,0.0,250000.0,36
2018-02-27,ALL-CFG,-2546.2376766204834,250000.0,36
2018-03-01,ALL-COF,0.0,250000.0,36
2018-03-02,ALL-COF,531.5841217041016,250000.0,36
2018-03-05,ALL-COF,2024.4493865966797,250000.0,36
2018-03-06,ALL-COF,1727.5281372070312,250000.0,36
2018-03-13,CPAY-KEY,0.0,250000.0,36
2018-03-14,CPAY-KEY,-5274.223329544067,250000.0,36
2018-03-14,CPAY-SYF,0.0,250000.0,36
2018-03-14,MSCI-NTRS,0.0,250000.0,36
2018-03-15,CPAY-KEY,-3995.7592735290527,250000.0,36
2018-03-15,MSCI-NTRS,-1530.9596939086914,250000.0,36
2018-03-16,CPAY-KEY,-6189.232647895813,250000.0,36
2018-03-16,MSCI-NTRS,1038.8300399780273,250000.0,36
2018-03-19,CPAY-KEY,-1822.8170185089111,250000.0,36
2018-03-19,MSCI-NTRS,-584.8453063964844,250000.0,36
2018-03-20,CPAY-KEY,-5643.194930076599,250000.0,36
2018-03-20,MSCI-NTRS,-4649.703407287598,250000.0,36
2018-03-21,CPAY-KEY,-5611.185316085815,250000.0,36
2018-03-21,MSCI-NTRS,-3454.375473022461,250000.0,36
2018-03-23,MSCI-RJF,0.0,250000.0,36
2018-03-26,MSCI-RJF,3056.6171112060547,250000.0,36
2018-03-27,MSCI-RJF,1459.193359375,250000.0,36
2018-03-28,MSCI-RJF,4699.886688232422,250000.0,36
2018-03-28,MSCI-SPGI,0.0,250000.0,36
2018-02-01,JKHY-PYPL,0.0,250000.0,37
2018-02-01,BAC-PYPL,0.0,250000.0,37
2018-02-01,PNR-UPS,0.0,250000.0,37
2018-02-01,ECHO-NWS,0.0,250000.0,37
2018-02-01,CFG-PYPL,0.0,250000.0,37
2018-02-02,JKHY-PYPL,-1891.1500854492188,250000.0,37
2018-02-02,BAC-PYPL,-2161.623691558838,250000.0,37
2018-02-02,PNR-UPS,-1444.4189453125,250000.0,37
2018-02-02,ECHO-NWS,-269.88427352905273,250000.0,37
2018-02-02,CFG-PYPL,-2607.3089599609375,250000.0,37
2018-02-05,JKHY-PYPL,3738.133140563965,250000.0,37
2018-02-05,BAC-PYPL,3178.5382137298584,250000.0,37
2018-02-05,PNR-UPS,7733.687042236328,250000.0,37
2018-02-05,CFG-PYPL,1005.6920623779297,250000.0,37
2018-02-05,COR-RVTY,0.0,250000.0,37
2018-02-05,EQIX-ESS,0.0,250000.0,37
2018-02-05,ADBE-CSCO,0.0,250000.0,37
2018-02-05,GPN-WFC,0.0,250000.0,37
2018-02-06,JKHY-PYPL,6846.861167907715,250000.0,37
2018-02-06,BAC-PYPL,9.550613403320312,250000.0,37
2018-02-06,PNR-UPS,5431.555252075195,250000.0,37
2018-02-06,CFG-PYPL,356.0384864807129,250000.0,37
2018-02-06,COR-RVTY,4459.041389465332,250000.0,37
2018-02-06,EQIX-ESS,488.02117919921875,250000.0,37
2018-02-06,ADBE-CSCO,4999.515344619751,250000.0,37
2018-02-06,GPN-WFC,-6693.2822341918945,250000.0,37
2018-02-07,JKHY-PYPL,8276.464302062988,250000.0,37
2018-02-07,BAC-PYPL,-611.3542022705078,250000.0,37
2018-02-07,PNR-UPS,2850.7537994384766,250000.0,37
2018-02-07,CFG-PYPL,-911.4137916564941,250000.0,37
2018-02-07,COR-RVTY,853.7596893310547,250000.0,37
2018-02-07,EQIX-ESS,1456.6754760742188,250000.0,37
2018-02-07,GPN-WFC,-6451.9809494018555,250000.0,37
2018-02-08,JKHY-PYPL,4485.089218139648,250000.0,37
2018-02-08,BAC-PYPL,-952.9688892364502,250000.0,37
2018-02-08,PNR-UPS,7924.428375244141,250000.0,37
2018-02-08,CFG-PYPL,-511.5660591125488,250000.0,37
2018-02-08,COR-RVTY,-8721.540092468262,250000.0,37
2018-02-08,GPN-WFC,545.9511566162109,250000.0,37
2018-02-09,BAC-PYPL,2854.529609680176,250000.0,37
2018-02-09,PNR-UPS,-362.461181640625,250000.0,37
2018-02-09,CFG-PYPL,3722.8550453186035,250000.0,37
2018-02-09,COR-RVTY,-3649.834785461426,250000.0,37
2018-02-09,GPN-WFC,-5756.864875793457,250000.0,37
2018-02-12,BAC-PYPL,-731.5698509216309,250000.0,37
2018-02-12,PNR-UPS,-10890.17269897461,250000.0,37
2018-02-12,CFG-PYPL,1695.1368103027344,250000.0,37
2018-02-12,COR-RVTY,1657.2708206176758,250000.0,37
2018-02-13,BAC-PYPL,-2120.6519088745117,250000.0,37
2018-02-13,PNR-UPS,-10198.349243164062,250000.0,37
2018-02-13,CFG-PYPL,-1049.861557006836,250000.0,37
2018-02-13,COR-RVTY,-8084.759101867676,250000.0,37
2018-02-14,BAC-PYPL,-263.66465187072754,250000.0,37
2018-02-14,CFG-PYPL,318.99546813964844,250000.0,37
2018-02-14,COR-RVTY,-2489.856513977051,250000.0,37
2018-02-15,BAC-PYPL,1601.9909915924072,250000.0,37
2018-02-15,CFG-PYPL,2892.636962890625,250000.0,37
2018-02-15,COR-RVTY,-517.5712738037109,250000.0,37
2018-02-15,EQIX-ESS,0.0,250000.0,37
2018-02-15,AMGN-ELV,0.0,250000.0,37
2018-02-15,EQIX-PSA,0.0,250000.0,37
2018-02-16,BAC-PYPL,3443.956832885742,250000.0,37
2018-02-16,CFG-PYPL,3499.4216537475586,250000.0,37
2018-02-16,COR-RVTY,-2967.618621826172,250000.0,37
2018-02-16,EQIX-ESS,-2763.5391998291016,250000.0,37
2018-02-16,AMGN-ELV,3232.5240020751953,250000.0,37
2018-02-16,EQIX-PSA,58.5531005859375,250000.0,37
2018-02-20,EQIX-ESS,-2699.180938720703,250000.0,37
2018-02-20,AMGN-ELV,726.4900665283203,250000.0,37
2018-02-20,EQIX-PSA,-522.6833801269531,250000.0,37
2018-02-21,EQIX-ESS,-4565.746353149414,250000.0,37
2018-02-21,AMGN-ELV,1013.3977661132812,250000.0,37
2018-02-21,EQIX-PSA,-12700.017700195312,250000.0,37
2018-02-22,EQIX-ESS,-2472.752212524414,250000.0,37
2018-02-22,AMGN-ELV,2772.5428314208984,250000.0,37
2018-02-22,EQIX-PSA,-12786.475372314453,250000.0,37
2018-02-23,EQIX-ESS,-4215.6767578125,250000.0,37
2018-02-23,AMGN-ELV,680.7203979492188,250000.0,37
2018-02-23,EQIX-PSA,-12419.546630859375,250000.0,37
2018-02-26,EQIX-ESS,-4480.9078369140625,250000.0,37
2018-02-26,AMGN-ELV,2254.496551513672,250000.0,37
2018-02-26,EQIX-PSA,-13048.02816772461,250000.0,37
2018-02-26,INTU-PANW,0.0,250000.0,37
2018-02-26,CBRE-CSGP,0.0,250000.0,37
2018-02-27,EQIX-ESS,-709.6817626953125,250000.0,37
2018-02-27,AMGN-ELV,3589.0160064697266,250000.0,37
2018-02-27,EQIX-PSA,-10811.756622314453,250000.0,37
2018-02-28,EQIX-ESS,-2294.814682006836,250000.0,37
2018-02-28,AMGN-ELV,3423.625045776367,250000.0,37
2018-02-28,EQIX-PSA,-12312.384674072266,250000.0,37
2018-02-28,PNR-UPS,0.0,250000.0,37
2018-03-01,EQIX-ESS,-6316.100570678711,250000.0,37
2018-03-01,AMGN-ELV,255.46151733398438,250000.0,37
2018-03-05,AMGN-ELV,0.0,250000.0,37
2018-03-05,AMGN-ZTS,0.0,250000.0,37
2018-03-06,AMGN-ELV,443.5610046386719,250000.0,37
2018-03-06,AMGN-ZTS,-1519.447509765625,250000.0,37
2018-03-07,AMGN-ELV,3600.962921142578,250000.0,37
2018-03-07,AMGN-ZTS,3852.704833984375,250000.0,37
2018-03-08,AMGN-ELV,1634.1741027832031,250000.0,37
2018-03-09,AMGN-ELV,216.41323852539062,250000.0,37
2018-03-09,FFIV-IBM,0.0,250000.0,37
2018-03-12,AMGN-ELV,-333.0005798339844,250000.0,37
2018-03-12,FFIV-IBM,-1859.2593383789062,250000.0,37
2018-03-13,AMGN-ELV,-600.7903137207031,250000.0,37
2018-03-13,FFIV-IBM,174.04364013671875,250000.0,37
2018-03-13,EQIX-PSA,0.0,250000.0,37
2018-03-14,AMGN-ELV,-3083.482666015625,250000.0,37
2018-03-14,FFIV-IBM,2098.6798934936523,250000.0,37
2018-03-14,BAC-PYPL,0.0,250000.0,37
2018-03-14,CFG-PYPL,0.0,250000.0,37
2018-03-15,AMGN-ELV,-838.4973449707031,250000.0,37
2018-03-15,FFIV-IBM,-117.64189147949219,250000.0,37
2018-03-15,BAC-PYPL,2097.8071250915527,250000.0,37
2018-03-15,CFG-PYPL,1856.8279571533203,250000.0,37
2018-03-16,AMGN-ELV,-676.8012390136719,250000.0,37
2018-03-16,FFIV-IBM,-1121.4625549316406,250000.0,37
2018-03-16,BAC-PYPL,3541.6891136169434,250000.0,37
2018-03-16,CFG-PYPL,2894.562511444092,250000.0,37
2018-03-19,AMGN-ELV,7498.203582763672,250000.0,37
2018-03-19,FFIV-IBM,2716.497589111328,250000.0,37
2018-03-20,COR-RVTY,0.0,250000.0,37
2018-03-20,AMGN-ZTS,0.0,250000.0,37
2018-03-21,COR-RVTY,1848.8764953613281,250000.0,37
2018-03-21,AMGN-ZTS,876.6423797607422,250000.0,37
2018-03-22,COR-RVTY,3275.4199600219727,250000.0,37
2018-03-22,AMGN-ZTS,-2827.124725341797,250000.0,37
2018-03-22,BRO-MSCI,0.0,250000.0,37
2018-03-22,HUBB-IR,0.0,250000.0,37
2018-03-23,BRO-MSCI,-9198.176713943481,250000.0,37
2018-03-23,HUBB-IR,298.8624267578125,250000.0,37
2018-03-23,CBRE-CSGP,0.0,250000.0,37
2018-03-26,BRO-MSCI,-2677.5284271240234,250000.0,37
2018-03-26,HUBB-IR,194.0293426513672,250000.0,37
2018-03-27,BRO-MSCI,-1324.726369857788,250000.0,37
2018-03-27,HUBB-IR,-1845.660774230957,250000.0,37
2018-03-28,BRO-MSCI,10067.340860366821,250000.0,37
2018-03-29,BRO-MSCI,10028.936834335327,250000.0,37
2018-04-02,BRO-MSCI,533.2600708007812,250000.0,37
2018-04-03,BRO-MSCI,8474.408958435059,250000.0,37
2018-04-03,BSX-PODD,0.0,250000.0,37
2018-04-04,BRO-MSCI,11180.972820281982,250000.0,37
2018-04-04,BSX-PODD,-4597.941068649292,250000.0,37
2018-04-05,BSX-PODD,-2978.340030670166,250000.0,37
2018-04-06,BSX-PODD,-2815.7974224090576,250000.0,37
2018-04-09,BSX-PODD,-645.8559894561768,250000.0,37
2018-04-10,BSX-PODD,-988.3859119415283,250000.0,37
2018-04-11,BSX-PODD,-3091.6904296875,250000.0,37
2018-04-12,BSX-PODD,-5468.278781890869,250000.0,37
2018-04-13,BSX-PODD,-8393.671789169312,250000.0,37
2018-04-17,CFG-PYPL,0.0,250000.0,37
2018-04-18,CFG-PYPL,-2259.9708099365234,250000.0,37
2018-04-19,CFG-PYPL,3925.0575313568115,250000.0,37
2018-04-20,CFG-PYPL,7488.103130340576,250000.0,37
2018-04-23,PNR-UPS,0.0,250000.0,37
2018-04-24,COR-RVTY,0.0,250000.0,37
2018-04-24,JKHY-PYPL,0.0,250000.0,37
2018-04-24,HUBB-IR,0.0,250000.0,37
2018-04-24,CBRE-CSGP,0.0,250000.0,37
2018-04-24,AMGN-ZTS,0.0,250000.0,37
2018-04-25,COR-RVTY,-757.1398162841797,250000.0,37
2018-04-25,JKHY-PYPL,-70.59078979492188,250000.0,37
2018-04-25,CBRE-CSGP,-3367.3910369873047,250000.0,37
2018-04-25,AMGN-ZTS,-343.3867645263672,250000.0,37
2018-04-25,BSX-PODD,0.0,250000.0,37
2018-04-25,AMGN-ELV,0.0,250000.0,37
2018-04-26,COR-RVTY,1768.1717376708984,250000.0,37
2018-04-26,JKHY-PYPL,-519.9547729492188,250000.0,37
2018-04-26,CBRE-CSGP,-5140.472469329834,250000.0,37
2018-04-26,BSX-PODD,4115.687511444092,250000.0,37
2018-04-26,AMGN-ELV,2442.806121826172,250000.0,37
2018-04-27,COR-RVTY,301.2287139892578,250000.0,37
2018-04-27,JKHY-PYPL,-2152.3537826538086,250000.0,37
2018-04-27,CBRE-CSGP,-263.6890296936035,250000.0,37
2018-04-27,AMGN-ELV,2195.251708984375,250000.0,37
2018-04-30,COR-RVTY,648.7900161743164,250000.0,37
2018-04-30,JKHY-PYPL,1282.52490234375,250000.0,37
2018-04-30,CBRE-CSGP,-1788.673740386963,250000.0,37
2018-04-30,AMGN-ELV,2647.0872497558594,250000.0,37
2018-03-01,NSC-ROK,0.0,250000.0,38
2018-03-01,D-SO,0.0,250000.0,38
2018-03-02,NSC-ROK,3481.634307861328,250000.0,38
2018-03-02,D-SO,-488.16260147094727,250000.0,38
2018-03-05,D-SO,1971.5380592346191,250000.0,38
2018-03-06,D-SO,2214.3031578063965,250000.0,38
2018-03-07,D-SO,4505.936855316162,250000.0,38
2018-03-08,D-SO,5678.821996688843,250000.0,38
2018-03-09,D-SO,3892.8007984161377,250000.0,38
2018-03-12,D-SO,4059.8632850646973,250000.0,38
2018-03-13,D-SO,5519.4023361206055,250000.0,38
2018-03-14,D-SO,5547.083282470703,250000.0,38
2018-03-14,EME-NSC,0.0,250000.0,38
2018-03-15,D-SO,-5355.836847305298,250000.0,38
2018-03-15,EME-NSC,2037.9542846679688,250000.0,38
2018-03-15,D-ED,0.0,250000.0,38
2018-03-15,D-WEC,0.0,250000.0,38
2018-03-15,D-XEL,0.0,250000.0,38
2018-03-15,D-DUK,0.0,250000.0,38
2018-03-15,D-NI,0.0,250000.0,38
2018-03-15,D-PNW,0.0,250000.0,38
2018-03-16,EME-NSC,2476.530029296875,250000.0,38
2018-03-16,D-ED,-5566.803691864014,250000.0,38
2018-03-16,D-WEC,-4101.289810180664,250000.0,38
2018-03-16,D-XEL,-5587.023899078369,250000.0,38
2018-03-16,D-DUK,-5625.396991729736,250000.0,38
2018-03-16,D-NI,-3189.1392917633057,250000.0,38
2018-03-16,D-PNW,-5931.602844238281,250000.0,38
2018-03-19,EME-NSC,5490.6204833984375,250000.0,38
2018-03-19,D-WEC,-6375.505149841309,250000.0,38
2018-03-20,EME-NSC,6455.0177001953125,250000.0,38
2018-03-20,D-WEC,-7853.208435058594,250000.0,38
2018-03-20,ADP-DOV,0.0,250000.0,38
2018-03-21,EME-NSC,6070.799621582031,250000.0,38
2018-03-21,ADP-DOV,3792.622772216797,250000.0,38
2018-03-22,EME-NSC,1014.87939453125,250000.0,38
2018-03-23,EME-NSC,3470.5657958984375,250000.0,38
2018-03-23,NSC-ROK,0.0,250000.0,38
2018-03-26,EME-NSC,6444.4691162109375,250000.0,38
2018-03-26,FIX-PCAR,0.0,250000.0,38
2018-03-27,EME-NSC,5572.54833984375,250000.0,38
2018-03-27,FIX-PCAR,1299.3027439117432,250000.0,38
2018-03-27,NVDA-TYL,0.0,250000.0,38
2018-03-28,EME-NSC,5381.8214111328125,250000.0,38
2018-03-28,FIX-PCAR,1999.3148174285889,250000.0,38
2018-03-28,NVDA-TYL,584.863452911377,250000.0,38
2018-03-28,CASY-CL,0.0,250000.0,38
2018-03-28,HON-URI,0.0,250000.0,38
2018-03-29,EME-NSC,4263.779296875,250000.0,38
2018-03-29,FIX-PCAR,-104.17500686645508,250000.0,38
2018-03-29,NVDA-TYL,1790.1077008247375,250000.0,38
2018-03-29,CASY-CL,-1072.6716613769531,250000.0,38
2018-03-29,HON-URI,3076.644012451172,250000.0,38
2018-04-02,EME-NSC,3750.9927978515625,250000.0,38
2018-04-02,FIX-PCAR,1420.088222503662,250000.0,38
2018-04-02,NVDA-TYL,2703.5965490341187,250000.0,38
2018-04-02,CASY-CL,3829.1306915283203,250000.0,38
2018-04-02,HON-URI,-2200.1637420654297,250000.0,38
2018-04-03,EME-NSC,423.490478515625,250000.0,38
2018-04-03,FIX-PCAR,1972.5815696716309,250000.0,38
2018-04-03,NVDA-TYL,3292.727620601654,250000.0,38
2018-04-03,CASY-CL,952.2399826049805,250000.0,38
2018-04-03,HON-URI,-1241.8360137939453,250000.0,38
2018-04-04,NVDA-TYL,526.6366076469421,250000.0,38
2018-04-04,CASY-CL,-1133.3795471191406,250000.0,38
2018-04-04,HON-URI,3880.5296478271484,250000.0,38
2018-04-05,NVDA-TYL,-2418.592276573181,250000.0,38
2018-04-05,CASY-CL,-3399.176445007324,250000.0,38
2018-04-05,HON-URI,7339.363616943359,250000.0,38
2018-04-06,NVDA-TYL,-4602.8666162490845,250000.0,38
2018-04-06,CASY-CL,-3202.351028442383,250000.0,38
2018-04-06,HON-URI,5422.743011474609,250000.0,38
2018-04-09,NVDA-TYL,-6735.264623165131,250000.0,38
2018-04-09,CASY-CL,-2215.2371520996094,250000.0,38
2018-04-09,HON-URI,4963.545959472656,250000.0,38
2018-04-10,NVDA-TYL,-2808.1427526474,250000.0,38
2018-04-10,CASY-CL,-3222.000068664551,250000.0,38
2018-04-11,CASY-CL,-2074.02628326416,250000.0,38
2018-04-12,D-XEL,0.0,250000.0,38
2018-04-12,D-NI,0.0,250000.0,38
2018-04-13,D-XEL,2892.077476501465,250000.0,38
2018-04-13,D-NI,588.7280979156494,250000.0,38
2018-04-13,KEY-STT,0.0,250000.0,38
2018-04-16,D-NI,2562.256986618042,250000.0,38
2018-04-16,KEY-STT,-717.6358270645142,250000.0,38
2018-04-17,D-NI,3226.0028915405273,250000.0,38
2018-04-18,D-NI,417.4765739440918,250000.0,38
2018-04-18,FIX-JCI,0.0,250000.0,38
2018-04-19,D-NI,969.7086143493652,250000.0,38
2018-04-19,FIX-JCI,1309.2503852844238,250000.0,38
2018-04-19,HON-URI,0.0,250000.0,38
2018-04-20,D-NI,-171.73737907409668,250000.0,38
2018-04-20,HON-URI,-9000.299285888672,250000.0,38
2018-04-23,D-NI,2017.4068202972412,250000.0,38
2018-04-23,HON-URI,-7163.704238891602,250000.0,38
2018-04-24,FIX-PCAR,0.0,250000.0,38
2018-04-25,FIX-PCAR,285.5187397003174,250000.0,38
2018-04-25,NSC-ROK,0.0,250000.0,38
2018-04-25,EME-NSC,0.0,250000.0,38
2018-04-26,FIX-PCAR,-1453.3592433929443,250000.0,38
2018-04-26,NSC-ROK,-262.3833694458008,250000.0,38
2018-04-27,NSC-ROK,-2932.347801208496,250000.0,38
2018-04-30,NSC-ROK,1234.2001419067383,250000.0,38
2018-05-01,NSC-ROK,7396.040069580078,250000.0,38
2018-05-01,FIX-JCI,0.0,250000.0,38
2018-05-02,NSC-ROK,7814.307899475098,250000.0,38
2018-05-02,FIX-JCI,4381.917816162109,250000.0,38
2018-05-02,ADP-DOV,0.0,250000.0,38
2018-05-02,AMGN-COR,0.0,250000.0,38
2018-05-03,NSC-ROK,13242.29859161377,250000.0,38
2018-05-03,FIX-JCI,6820.690311431885,250000.0,38
2018-05-03,ADP-DOV,-2050.328887939453,250000.0,38
2018-05-04,NSC-ROK,12068.394271850586,250000.0,38
2018-05-04,FIX-JCI,2835.841423034668,250000.0,38
2018-05-04,ADP-DOV,548.6834716796875,250000.0,38
2018-05-07,NSC-ROK,9544.21883392334,250000.0,38
2018-05-07,FIX-JCI,1384.9617462158203,250000.0,38
2018-05-07,ADP-DOV,3199.3194732666016,250000.0,38
2018-05-07,HON-URI,0.0,250000.0,38
2018-05-07,CTSH-GDDY,0.0,250000.0,38
2018-05-08,NSC-ROK,9753.180938720703,250000.0,38
2018-05-08,ADP-DOV,6224.8858642578125,250000.0,38
2018-05-08,HON-URI,362.4422912597656,250000.0,38
2018-05-08,CTSH-GDDY,-11013.835914611816,250000.0,38
2018-05-08,D-PPL,0.0,250000.0,38
2018-05-09,NSC-ROK,2410.607032775879,250000.0,38
2018-05-09,HON-URI,-1994.60400390625,250000.0,38
2018-05-10,NSC-ROK,1835.7175903320312,250000.0,38
2018-05-10,HON-URI,-5757.964111328125,250000.0,38
2018-05-11,NSC-ROK,1664.149169921875,250000.0,38
2018-05-11,HON-URI,-6492.871887207031,250000.0,38
2018-05-14,NSC-ROK,7340.32063293457,250000.0,38
2018-05-14,HON-URI,-4504.173583984375,250000.0,38
2018-05-15,NSC-ROK,5668.62907409668,250000.0,38
2018-05-15,HON-URI,-4408.764984130859,250000.0,38
2018-05-16,NSC-ROK,8157.724517822266,250000.0,38
2018-05-16,HON-URI,-10248.947784423828,250000.0,38
2018-05-17,NSC-ROK,4253.23518371582,250000.0,38
2018-05-17,HON-URI,-11123.07601928711,250000.0,38
2018-05-18,NSC-ROK,8120.181564331055,250000.0,38
2018-05-18,HON-URI,-8320.794555664062,250000.0,38
2018-05-18,AMGN-COR,0.0,250000.0,38
2018-05-21,NSC-ROK,9943.412246704102,250000.0,38
2018-05-21,HON-URI,-11080.002838134766,250000.0,38
2018-05-21,AMGN-COR,-1584.7083435058594,250000.0,38
2018-05-22,NSC-ROK,7784.317642211914,250000.0,38
2018-05-22,HON-URI,499.78643798828125,250000.0,38
2018-05-22,AMGN-COR,-4601.537139892578,250000.0,38
2018-05-22,CASY-CL,0.0,250000.0,38
2018-05-23,NSC-ROK,10144.485473632812,250000.0,38
2018-05-23,AMGN-COR,-9164.69938659668,250000.0,38
2018-05-23,CASY-CL,3644.6538848876953,250000.0,38
2018-05-24,NSC-ROK,1871.3050689697266,250000.0,38
2018-05-24,AMGN-COR,-5095.680557250977,250000.0,38
2018-05-24,CASY-CL,-415.96215057373047,250000.0,38
2018-05-25,NSC-ROK,455.0286865234375,250000.0,38
2018-05-25,AMGN-COR,-1488.1385955810547,250000.0,38
2018-05-25,CASY-CL,-6210.399951934814,250000.0,38
2018-05-29,NSC-ROK,1074.9263153076172,250000.0,38
2018-05-29,AMGN-COR,-8610.176658630371,250000.0,38
2018-05-29,CASY-CL,-4653.60920715332,250000.0,38
2018-05-30,CASY-CL,-4651.382160186768,250000.0,38
2018-05-31,CASY-CL,-2691.636318206787,250000.0,38
2018-04-18,KLAC-MSI,0.0,250000.0,39
2018-04-19,AMAT-MSI,0.0,250000.0,39
2018-04-19,MSI-ON,0.0,250000.0,39
2018-04-20,AMAT-MSI,16.134349822998047,250000.0,39
2018-04-20,MSI-ON,-3661.4959259033203,250000.0,39
2018-04-20,CINF-MCO,0.0,250000.0,39
2018-04-20,ADSK-CIEN,0.0,250000.0,39
2018-04-23,AMAT-MSI,-1020.8748817443848,250000.0,39
2018-04-23,MSI-ON,-3642.960807800293,250000.0,39
2018-04-23,CINF-MCO,-4330.116714477539,250000.0,39
2018-04-23,ADSK-CIEN,869.287841796875,250000.0,39
2018-04-24,AMAT-MSI,-4994.616523742676,250000.0,39
2018-04-24,MSI-ON,-5033.75016784668,250000.0,39
2018-04-24,CINF-MCO,-4012.663314819336,250000.0,39
2018-04-24,MRSH-PYPL,0.0,250000.0,39
2018-04-25,AMAT-MSI,-3237.99658203125,250000.0,39
2018-04-25,MSI-ON,-6548.462371826172,250000.0,39
2018-04-25,CINF-MCO,-270.72100830078125,250000.0,39
2018-04-25,MRSH-PYPL,-4402.134483337402,250000.0,39
2018-04-25,BDX-LH,0.0,250000.0,39
2018-04-26,AMAT-MSI,-113.48855972290039,250000.0,39
2018-04-26,MSI-ON,-852.8364944458008,250000.0,39
2018-04-26,MRSH-PYPL,2147.700263977051,250000.0,39
2018-04-26,BDX-LH,2177.7581481933594,250000.0,39
2018-04-26,ETN-JCI,0.0,250000.0,39
2018-04-27,AMAT-MSI,-4105.8889236450195,250000.0,39
2018-04-27,MSI-ON,-9544.353965759277,250000.0,39
2018-04-27,MRSH-PYPL,-3285.6674194335938,250000.0,39
2018-04-27,BDX-LH,-30.266250610351562,250000.0,39
2018-04-27,ETN-JCI,12.231111526489258,250000.0,39
2018-04-30,AMAT-MSI,-2573.528133392334,250000.0,39
2018-04-30,MRSH-PYPL,1846.3670806884766,250000.0,39
2018-04-30,BDX-LH,4127.381134033203,250000.0,39
2018-04-30,ETN-JCI,-93.08513450622559,250000.0,39
2018-05-01,AMAT-MSI,4193.942409515381,250000.0,39
2018-05-01,MRSH-PYPL,2548.4026947021484,250000.0,39
2018-05-01,BDX-LH,4937.703201293945,250000.0,39
2018-05-02,AMAT-MSI,4972.637710571289,250000.0,39
2018-05-02,MRSH-PYPL,-1324.368148803711,250000.0,39
2018-05-02,BDX-LH,2940.7503509521484,250000.0,39
2018-05-03,AMAT-MSI,5377.2872886657715,250000.0,39
2018-05-03,MRSH-PYPL,1304.6921157836914,250000.0,39
2018-05-03,BDX-LH,3161.0257568359375,250000.0,39
2018-05-04,MRSH-PYPL,1119.4654159545898,250000.0,39
2018-05-04,BDX-LH,-581.0729522705078,250000.0,39
2018-05-07,MRSH-PYPL,2958.6327056884766,250000.0,39
2018-05-07,BDX-LH,-23.923202514648438,250000.0,39
2018-05-08,BDX-LH,-496.47662353515625,250000.0,39
2018-05-08,CVX-FANG,0.0,250000.0,39
2018-05-09,BDX-LH,-2080.4898834228516,250000.0,39
2018-05-09,CVX-FANG,-1933.3261108398438,250000.0,39
2018-05-09,EW-STE,0.0,250000.0,39
2018-05-10,EW-STE,-3058.323230743408,250000.0,39
2018-05-10,CINF-MCO,0.0,250000.0,39
2018-05-10,ADSK-CIEN,0.0,250000.0,39
2018-05-11,EW-STE,-4727.952796936035,250000.0,39
2018-05-11,CINF-MCO,-401.82070541381836,250000.0,39
2018-05-11,ADSK-CIEN,-2038.1521453857422,250000.0,39
2018-05-14,EW-STE,-2039.0803413391113,250000.0,39
2018-05-14,CINF-MCO,762.7233772277832,250000.0,39
2018-05-14,ADSK-CIEN,-3449.1515350341797,250000.0,39
2018-05-14,CVX-TPL,0.0,250000.0,39
2018-05-15,EW-STE,248.79475021362305,250000.0,39
2018-05-15,ADSK-CIEN,-6096.339569091797,250000.0,39
2018-05-15,CVX-TPL,1347.449478149414,250000.0,39
2018-05-16,EW-STE,-3914.989833831787,250000.0,39
2018-05-16,ADSK-CIEN,-4136.5711669921875,250000.0,39
2018-05-16,CRL-SYK,0.0,250000.0,39
2018-05-17,EW-STE,-5171.01526260376,250000.0,39
2018-05-17,ADSK-CIEN,-5493.330368041992,250000.0,39
2018-05-17,CRL-SYK,1941.7184143066406,250000.0,39
2018-05-18,EW-STE,-5561.862480163574,250000.0,39
2018-05-18,ADSK-CIEN,-10190.714721679688,250000.0,39
2018-05-18,CRL-SYK,575.0153198242188,250000.0,39
2018-05-21,EW-STE,-7678.496765136719,250000.0,39
2018-05-21,CRL-SYK,-128.3792724609375,250000.0,39
2018-05-21,MRK-WST,0.0,250000.0,39
2018-05-22,EW-STE,-6646.540073394775,250000.0,39
2018-05-22,CRL-SYK,1170.5896606445312,250000.0,39
2018-05-22,MRK-WST,-287.92729568481445,250000.0,39
2018-05-22,AZO-LOW,0.0,250000.0,39
2018-05-23,EW-STE,-6524.990196228027,250000.0,39
2018-05-23,CRL-SYK,-2688.1490478515625,250000.0,39
2018-05-23,MRK-WST,-196.7464485168457,250000.0,39
2018-05-24,CRL-SYK,-2909.3936157226562,250000.0,39
2018-05-24,MRK-WST,-1263.2999572753906,250000.0,39
2018-05-25,CRL-SYK,-2557.4414978027344,250000.0,39
2018-05-25,MRK-WST,-2246.602252960205,250000.0,39
2018-05-25,BDX-LH,0.0,250000.0,39
2018-05-25,ETN-IR,0.0,250000.0,39
2018-05-29,CRL-SYK,16.24041748046875,250000.0,39
2018-05-29,BDX-LH,1226.9309539794922,250000.0,39
2018-05-29,ETN-IR,2074.0838623046875,250000.0,39
2018-05-30,CRL-SYK,-1050.6505737304688,250000.0,39
2018-05-30,BDX-LH,-1375.2127075195312,250000.0,39
2018-05-31,CRL-SYK,334.0326843261719,250000.0,39
2018-05-31,BDX-LH,1253.5751342773438,250000.0,39
2018-06-01,BDX-LH,109.27182006835938,250000.0,39
2018-06-01,EW-STE,0.0,250000.0,39
2018-06-04,BDX-LH,627.6548004150391,250000.0,39
2018-06-04,EW-STE,207.2463836669922,250000.0,39
2018-06-05,BDX-LH,1339.2024536132812,250000.0,39
2018-06-05,EW-STE,2574.805187225342,250000.0,39
2018-06-06,BDX-LH,-174.68276977539062,250000.0,39
2018-06-07,BDX-LH,279.09181213378906,250000.0,39
2018-06-08,BDX-LH,-2997.6517486572266,250000.0,39
2018-06-08,MSI-ON,0.0,250000.0,39
2018-06-08,DGX-HCA,0.0,250000.0,39
2018-06-11,MSI-ON,-1441.833724975586,250000.0,39
2018-06-11,DGX-HCA,-1340.8873825073242,250000.0,39
2018-06-11,CRL-SYK,0.0,250000.0,39
2018-06-11,ETN-IR,0.0,250000.0,39
2018-06-12,MSI-ON,-2991.9165420532227,250000.0,39
2018-06-12,DGX-HCA,-378.7474670410156,250000.0,39
2018-06-12,ETN-IR,-2437.370994567871,250000.0,39
2018-06-12,EW-STE,0.0,250000.0,39
2018-06-13,MSI-ON,-1856.7919158935547,250000.0,39
2018-06-13,DGX-HCA,-1197.9127807617188,250000.0,39
2018-06-13,ETN-IR,-2267.7339267730713,250000.0,39
2018-06-13,EW-STE,-8017.652854919434,250000.0,39
2018-06-14,MSI-ON,2296.073417663574,250000.0,39
2018-06-14,DGX-HCA,-951.2886505126953,250000.0,39
2018-06-14,ETN-IR,4785.506494522095,250000.0,39
2018-06-14,EW-STE,-4272.739311218262,250000.0,39
2018-06-15,MSI-ON,-1815.692024230957,250000.0,39
2018-06-15,DGX-HCA,-499.918701171875,250000.0,39
2018-06-15,ETN-IR,1656.9752101898193,250000.0,39
2018-06-15,EW-STE,-7347.274459838867,250000.0,39
2018-06-18,MSI-ON,-6305.161247253418,250000.0,39
2018-06-18,DGX-HCA,77.59907531738281,250000.0,39
2018-06-18,ETN-IR,4208.3764362335205,250000.0,39
2018-06-18,EW-STE,-4991.731246948242,250000.0,39
2018-06-19,DGX-HCA,-1577.4653091430664,250000.0,39
2018-06-19,ETN-IR,1839.7045555114746,250000.0,39
2018-06-19,EW-STE,-7758.483924865723,250000.0,39
2018-06-20,ETN-IR,-7963.853912353516,250000.0,39
2018-06-20,EW-STE,-7794.287261962891,250000.0,39
2018-06-20,ETN-JCI,0.0,250000.0,39
2018-06-21,ETN-IR,-7694.258298873901,250000.0,39
2018-06-21,EW-STE,-4970.334907531738,250000.0,39
2018-06-21,ETN-JCI,2934.483554840088,250000.0,39
2018-06-22,ETN-IR,-497.57034492492676,250000.0,39
2018-06-22,EW-STE,-7046.199424743652,250000.0,39
2018-06-22,ETN-JCI,4028.7379455566406,250000.0,39
2018-06-25,ETN-IR,-3725.128330230713,250000.0,39
2018-06-25,EW-STE,-5213.404716491699,250000.0,39
2018-06-25,ETN-JCI,-92.07475471496582,250000.0,39
2018-06-25,ADSK-CIEN,0.0,250000.0,39
2018-06-25,MRSH-PYPL,0.0,250000.0,39
2018-06-26,ETN-IR,3195.8102989196777,250000.0,39
2018-06-26,EW-STE,-6245.867340087891,250000.0,39
2018-06-26,ETN-JCI,360.04640197753906,250000.0,39
2018-06-26,ADSK-CIEN,-2103.3114318847656,250000.0,39
2018-06-26,MRSH-PYPL,1455.2542724609375,250000.0,39
2018-06-27,ETN-IR,5590.3145751953125,250000.0,39
2018-06-27,EW-STE,206.60128784179688,250000.0,39
2018-06-27,ADSK-CIEN,-887.4985942840576,250000.0,39
2018-06-27,MRSH-PYPL,-1708.6319885253906,250000.0,39
2018-06-28,ETN-IR,8043.95876121521,250000.0,39
2018-06-28,ADSK-CIEN,-3215.7953147888184,250000.0,39
2018-06-28,MRSH-PYPL,2418.943649291992,250000.0,39
2018-06-28,AZO-LOW,0.0,250000.0,39
2018-06-29,ETN-IR,7651.179861068726,250000.0,39
2018-06-29,ADSK-CIEN,-6830.987668991089,250000.0,39
2018-06-29,MRSH-PYPL,3161.3468017578125,250000.0,39
2018-06-29,AZO-LOW,1493.911605834961,250000.0,39
2018-05-01,AEP-EXC,0.0,250000.0,40
2018-05-02,AEP-EXC,-1905.2256088256836,250000.0,40
2018-05-03,AEP-EXC,-4737.178846359253,250000.0,40
2018-05-03,NRG-PCG,0.0,250000.0,40
2018-05-04,NRG-PCG,-1021.6714344024658,250000.0,40
2018-05-04,KEYS-MPWR,0.0,250000.0,40
2018-05-07,NRG-PCG,-6012.336954116821,250000.0,40
2018-05-07,KEYS-MPWR,-121.3293571472168,250000.0,40
2018-05-07,ACN-CTSH,0.0,250000.0,40
2018-05-08,KEYS-MPWR,-197.10919570922852,250000.0,40
2018-05-08,ACN-CTSH,-7259.239929199219,250000.0,40
2018-05-09,KEYS-MPWR,-3951.3297119140625,250000.0,40
2018-05-09,ADSK-AKAM,0.0,250000.0,40
2018-05-10,ADSK-AKAM,4237.111541748047,250000.0,40
2018-05-10,ALB-LIN,0.0,250000.0,40
2018-05-11,ADSK-AKAM,4160.489364624023,250000.0,40
2018-05-11,ALB-LIN,-828.0245056152344,250000.0,40
2018-05-14,ADSK-AKAM,713.1249847412109,250000.0,40
2018-05-14,ALB-LIN,-1688.9296264648438,250000.0,40
2018-05-15,ADSK-AKAM,4140.783096313477,250000.0,40
2018-05-15,ALB-LIN,-899.4262084960938,250000.0,40
2018-05-16,ALB-LIN,-590.4635925292969,250000.0,40
2018-05-17,ALB-LIN,-404.224365234375,250000.0,40
2018-05-17,ABT-IQV,0.0,250000.0,40
2018-05-18,ALB-LIN,181.30062866210938,250000.0,40
2018-05-18,APH-DELL,0.0,250000.0,40
2018-05-21,ALB-LIN,-1838.524154663086,250000.0,40
2018-05-21,APH-DELL,-2290.949001312256,250000.0,40
2018-05-22,ALB-LIN,-930.9570159912109,250000.0,40
2018-05-22,APH-DELL,-5841.337303161621,250000.0,40
2018-05-23,ALB-LIN,-388.78297424316406,250000.0,40
2018-05-23,APH-DELL,-9080.697677612305,250000.0,40
2018-05-24,ALB-LIN,-2855.353744506836,250000.0,40
2018-05-29,ERIE-NTRS,0.0,250000.0,40
2018-05-29,ACN-CTSH,0.0,250000.0,40
2018-05-30,ERIE-NTRS,1608.817855834961,250000.0,40
2018-05-31,ERIE-NTRS,-1209.168342590332,250000.0,40
2018-05-31,KEYS-MPWR,0.0,250000.0,40
2018-06-01,ERIE-NTRS,5555.238021850586,250000.0,40
2018-06-01,KEYS-MPWR,747.025390625,250000.0,40
2018-06-01,HCA-VRTX,0.0,250000.0,40
2018-06-04,ERIE-NTRS,4253.220687866211,250000.0,40
2018-06-04,KEYS-MPWR,838.6737289428711,250000.0,40
2018-06-04,HCA-VRTX,-3936.758087158203,250000.0,40
2018-06-05,ERIE-NTRS,4492.173149108887,250000.0,40
2018-06-05,KEYS-MPWR,2400.6128005981445,250000.0,40
2018-06-06,KEYS-MPWR,4024.4213485717773,250000.0,40
2018-06-06,L-V,0.0,250000.0,40
2018-06-06,NRG-PEG,0.0,250000.0,40
2018-06-07,KEYS-MPWR,-266.2098159790039,250000.0,40
2018-06-07,NRG-PEG,1921.0086708068848,250000.0,40
2018-06-08,KEYS-MPWR,275.4518585205078,250000.0,40
2018-06-08,NRG-PEG,2812.0125694274902,250000.0,40
2018-06-08,DIS-ECHO,0.0,250000.0,40
2018-06-11,KEYS-MPWR,4755.430252075195,250000.0,40
2018-06-11,NRG-PEG,3179.700433731079,250000.0,40
2018-06-11,DIS-ECHO,-3083.262367248535,250000.0,40
2018-06-12,DIS-ECHO,-7039.9005699157715,250000.0,40
2018-06-13,DIS-ECHO,-11824.575576782227,250000.0,40
2018-06-15,ACN-CTSH,0.0,250000.0,40
2018-06-18,ACN-CTSH,1985.3343200683594,250000.0,40
2018-06-19,ACN-CTSH,4602.853271484375,250000.0,40
2018-06-19,AEP-EXC,0.0,250000.0,40
2018-06-20,AEP-EXC,1090.2913036346436,250000.0,40
2018-06-21,AEP-EXC,-2105.4702911376953,250000.0,40
2018-06-22,AEP-EXC,-1480.1569480895996,250000.0,40
2018-06-25,AEP-EXC,-2244.759910583496,250000.0,40
2018-06-25,ERIE-NTRS,0.0,250000.0,40
2018-06-26,AEP-EXC,-1624.0899295806885,250000.0,40
2018-06-26,ERIE-NTRS,-398.4856262207031,250000.0,40
2018-06-26,ADSK-AKAM,0.0,250000.0,40
2018-06-27,AEP-EXC,-1541.5200424194336,250000.0,40
2018-06-27,ERIE-NTRS,-1530.5703811645508,250000.0,40
2018-06-28,AEP-EXC,-190.36599349975586,250000.0,40
2018-06-28,ERIE-NTRS,-930.889289855957,250000.0,40
2018-07-02,APH-DELL,0.0,250000.0,40
2018-07-03,APH-DELL,-8593.769969940186,250000.0,40
2018-07-05,APH-DELL,-1913.1620788574219,250000.0,40
2018-07-09,KEYS-TDY,0.0,250000.0,40
2018-07-09,NRG-PEG,0.0,250000.0,40
2018-07-10,KEYS-TDY,1483.9508666992188,250000.0,40
2018-07-10,NRG-PEG,2010.8776416778564,250000.0,40
2018-07-11,NRG-PEG,5695.235733032227,250000.0,40
2018-07-12,NRG-PEG,1954.2517204284668,250000.0,40
2018-07-13,NRG-PEG,284.6307849884033,250000.0,40
2018-07-16,NRG-PEG,-2502.855646133423,250000.0,40
2018-07-17,NRG-PEG,-3188.5761394500732,250000.0,40
2018-07-18,NRG-PEG,-3715.309186935425,250000.0,40
2018-07-19,NRG-PEG,-1183.3137817382812,250000.0,40
2018-07-20,NRG-PEG,-4662.892192840576,250000.0,40
2018-07-23,NRG-PEG,-4714.54056930542,250000.0,40
2018-07-24,MTD-VEEV,0.0,250000.0,40
2018-07-25,MTD-VEEV,3637.4132537841797,250000.0,40
2018-07-25,KEYS-MPWR,0.0,250000.0,40
2018-07-25,ABT-IQV,0.0,250000.0,40
2018-07-26,MTD-VEEV,1715.0278930664062,250000.0,40
2018-07-26,KEYS-MPWR,-1937.7168884277344,250000.0,40
2018-07-26,ABT-IQV,8337.80712890625,250000.0,40
2018-07-27,MTD-VEEV,1739.2655029296875,250000.0,40
2018-07-27,KEYS-MPWR,-3566.7927627563477,250000.0,40
2018-07-27,ABT-IQV,9695.529518127441,250000.0,40
2018-07-27,ERIE-V,0.0,250000.0,40
2018-07-30,MTD-VEEV,-6774.751007080078,250000.0,40
2018-07-30,KEYS-MPWR,638.6219444274902,250000.0,40
2018-07-30,ABT-IQV,8353.26481628418,250000.0,40
2018-07-30,ERIE-V,-8411.930213928223,250000.0,40
2018-07-30,ACN-CTSH,0.0,250000.0,40
2018-07-31,MTD-VEEV,-9857.286170959473,250000.0,40
2018-07-31,KEYS-MPWR,1448.4496879577637,250000.0,40
2018-07-31,ABT-IQV,7978.590065002441,250000.0,40
2018-07-31,ERIE-V,-8207.435943603516,250000.0,40
2018-06-01,FICO-PANW,0.0,250000.0,41
2018-06-01,DOC-PSA,0.0,250000.0,41
2018-06-01,VRTX-VTRS,0.0,250000.0,41
2018-06-01,UHS-WAT,0.0,250000.0,41
2018-06-04,FICO-PANW,-7028.589797973633,250000.0,41
2018-06-04,VRTX-VTRS,-1195.5106353759766,250000.0,41
2018-06-04,UHS-WAT,2940.3076171875,250000.0,41
2018-06-05,UHS-WAT,2509.4122314453125,250000.0,41
2018-06-06,UHS-WAT,-4550.41015625,250000.0,41
2018-06-06,EFX-GD,0.0,250000.0,41
2018-06-07,UHS-WAT,-5366.199951171875,250000.0,41
2018-06-07,EFX-GD,-1749.9991989135742,250000.0,41
2018-06-07,LYB-STLD,0.0,250000.0,41
2018-06-08,EFX-GD,-4648.219100952148,250000.0,41
2018-06-08,LYB-STLD,1370.2354354858398,250000.0,41
2018-06-11,EFX-GD,775.227294921875,250000.0,41
2018-06-11,LYB-STLD,-479.72550201416016,250000.0,41
2018-06-11,CRL-PFE,0.0,250000.0,41
2018-06-12,EFX-GD,-3597.4280319213867,250000.0,41
2018-06-12,LYB-STLD,-2665.4623489379883,250000.0,41
2018-06-12,CRL-PFE,-81.5987548828125,250000.0,41
2018-06-13,EFX-GD,-2789.4616088867188,250000.0,41
2018-06-13,LYB-STLD,-1886.158203125,250000.0,41
2018-06-13,CRL-PFE,1072.872802734375,250000.0,41
2018-06-13,DOC-PSA,0.0,250000.0,41
2018-06-14,EFX-GD,-8250.407196044922,250000.0,41
2018-06-14,LYB-STLD,-304.84517669677734,250000.0,41
2018-06-14,CRL-PFE,170.075439453125,250000.0,41
2018-06-14,DOC-PSA,1352.7374668121338,250000.0,41
2018-06-14,DOV-RTX,0.0,250000.0,41
2018-06-15,CRL-PFE,-720.979736328125,250000.0,41
2018-06-15,DOV-RTX,2152.6331787109375,250000.0,41
2018-06-18,CRL-PFE,-1535.361572265625,250000.0,41
2018-06-18,DOV-RTX,101.57814025878906,250000.0,41
2018-06-19,CRL-PFE,-640.7259521484375,250000.0,41
2018-06-19,DOV-RTX,-767.9897842407227,250000.0,41
2018-06-20,CRL-PFE,228.7703857421875,250000.0,41
2018-06-20,DOV-RTX,-3775.051170349121,250000.0,41
2018-06-20,ABT-HCA,0.0,250000.0,41
2018-06-21,CRL-PFE,106.0777587890625,250000.0,41
2018-06-21,DOV-RTX,-3075.253547668457,250000.0,41
2018-06-21,ABT-HCA,-955.2939796447754,250000.0,41
2018-06-22,CRL-PFE,1160.6881103515625,250000.0,41
2018-06-22,DOV-RTX,-4517.838684082031,250000.0,41
2018-06-22,ABT-HCA,1683.031394958496,250000.0,41
2018-06-25,DOV-RTX,-3620.1381759643555,250000.0,41
2018-06-25,ABT-HCA,810.897289276123,250000.0,41
2018-06-25,MCD-NCLH,0.0,250000.0,41
2018-06-26,ABT-HCA,683.0350570678711,250000.0,41
2018-06-26,MCD-NCLH,4902.780044555664,250000.0,41
2018-06-26,C-HBAN,0.0,250000.0,41
2018-06-27,ABT-HCA,2170.155040740967,250000.0,41
2018-06-27,MCD-NCLH,-6179.346397399902,250000.0,41
2018-06-27,C-HBAN,-1407.5762062072754,250000.0,41
2018-06-28,MCD-NCLH,-9749.398063659668,250000.0,41
2018-06-28,C-HBAN,-3607.442099571228,250000.0,41
2018-06-28,DOC-PSA,0.0,250000.0,41
2018-06-29,MCD-NCLH,-11374.830680847168,250000.0,41
2018-06-29,DOC-PSA,-3543.1003494262695,250000.0,41
2018-06-29,MAA-PLD,0.0,250000.0,41
2018-06-29,VRTX-VTRS,0.0,250000.0,41
2018-07-02,MCD-NCLH,-12142.076477050781,250000.0,41
2018-07-02,DOC-PSA,-1222.8382453918457,250000.0,41
2018-07-02,MAA-PLD,2907.827590942383,250000.0,41
2018-07-02,VRTX-VTRS,3684.497489929199,250000.0,41
2018-07-03,MCD-NCLH,-14691.614646911621,250000.0,41
2018-07-03,DOC-PSA,-1047.6526489257812,250000.0,41
2018-07-03,MAA-PLD,915.7785415649414,250000.0,41
2018-07-03,VRTX-VTRS,634.7764129638672,250000.0,41
2018-07-05,MCD-NCLH,-13880.555648803711,250000.0,41
2018-07-05,DOC-PSA,-1114.5952377319336,250000.0,41
2018-07-05,MAA-PLD,-2363.548667907715,250000.0,41
2018-07-05,VRTX-VTRS,1364.6656112670898,250000.0,41
2018-07-06,MCD-NCLH,-9264.711639404297,250000.0,41
2018-07-06,DOC-PSA,-2195.2811012268066,250000.0,41
2018-07-06,MAA-PLD,-2447.1350326538086,250000.0,41
2018-07-06,VRTX-VTRS,447.38057708740234,250000.0,41
2018-07-09,MCD-NCLH,-4976.742492675781,250000.0,41
2018-07-09,DOC-PSA,-1685.1002235412598,250000.0,41
2018-07-09,MAA-PLD,-2419.8612899780273,250000.0,41
2018-07-09,VRTX-VTRS,3169.2441062927246,250000.0,41
2018-07-09,JPM-MS,0.0,250000.0,41
2018-07-10,DOC-PSA,-1372.6416549682617,250000.0,41
2018-07-10,MAA-PLD,-1595.1518783569336,250000.0,41
2018-07-10,VRTX-VTRS,-675.3012008666992,250000.0,41
2018-07-10,JPM-MS,992.1839752197266,250000.0,41
2018-07-11,DOC-PSA,-1761.4705238342285,250000.0,41
2018-07-11,MAA-PLD,510.4961929321289,250000.0,41
2018-07-11,VRTX-VTRS,-4187.964382171631,250000.0,41
2018-07-11,JPM-MS,88.45597076416016,250000.0,41
2018-07-11,DOV-RTX,0.0,250000.0,41
2018-07-12,DOC-PSA,-1281.1965103149414,250000.0,41
2018-07-12,MAA-PLD,-2.0175933837890625,250000.0,41
2018-07-12,JPM-MS,-324.5220031738281,250000.0,41
2018-07-12,PNW-WEC,0.0,250000.0,41
2018-07-13,MAA-PLD,244.00357818603516,250000.0,41
2018-07-13,JPM-MS,1910.2698135375977,250000.0,41
2018-07-13,PNW-WEC,862.1427383422852,250000.0,41
2018-07-13,DOV-RTX,0.0,250000.0,41
2018-07-16,MAA-PLD,1721.9715728759766,250000.0,41
2018-07-16,DOV-RTX,-96.87055969238281,250000.0,41
2018-07-16,DOC-PSA,0.0,250000.0,41
2018-07-16,UHS-WAT,0.0,250000.0,41
2018-07-17,DOV-RTX,-2841.6025009155273,250000.0,41
2018-07-17,UHS-WAT,2798.5550384521484,250000.0,41
2018-07-17,CPT-PLD,0.0,250000.0,41
2018-07-18,CPT-PLD,-1248.3812866210938,250000.0,41
2018-07-18,ABT-HCA,0.0,250000.0,41
2018-07-19,CPT-PLD,-567.9482192993164,250000.0,41
2018-07-19,CRL-PFE,0.0,250000.0,41
2018-07-20,CPT-PLD,-3886.3450775146484,250000.0,41
2018-07-20,CRL-PFE,-1789.6377868652344,250000.0,41
2018-07-23,CPT-PLD,-3409.708938598633,250000.0,41
2018-07-23,CRL-PFE,-2858.5899505615234,250000.0,41
2018-07-23,C-HBAN,0.0,250000.0,41
2018-07-24,CPT-PLD,-3759.967674255371,250000.0,41
2018-07-24,CRL-PFE,1018.6682891845703,250000.0,41
2018-07-24,C-HBAN,2079.8717584609985,250000.0,41
2018-07-25,CPT-PLD,552.2341766357422,250000.0,41
2018-07-25,CNC-LH,0.0,250000.0,41
2018-07-30,KKR-V,0.0,250000.0,41
2018-07-30,FICO-GDDY,0.0,250000.0,41
2018-07-30,FICO-PANW,0.0,250000.0,41
2018-07-31,KKR-V,176.37657928466797,250000.0,41
2018-07-31,FICO-GDDY,-904.0755615234375,250000.0,41
2018-07-31,FICO-PANW,2277.7860946655273,250000.0,41
2018-08-01,KKR-V,2899.2267112731934,250000.0,41
2018-08-01,FICO-GDDY,-1853.4198608398438,250000.0,41
2018-08-01,FICO-PANW,1495.7458953857422,250000.0,41
2018-08-02,FICO-GDDY,-1518.5719909667969,250000.0,41
2018-08-02,DOC-PSA,0.0,250000.0,41
2018-08-03,FICO-GDDY,-2243.078887939453,250000.0,41
2018-08-03,DOC-PSA,-2626.5604248046875,250000.0,41
2018-08-06,FICO-GDDY,-6991.804595947266,250000.0,41
2018-08-06,DOC-PSA,1361.0549087524414,250000.0,41
2018-08-07,FICO-GDDY,-4825.454742431641,250000.0,41
2018-08-07,DOC-PSA,695.9912452697754,250000.0,41
2018-08-08,FICO-GDDY,-6625.249206542969,250000.0,41
2018-08-08,DOC-PSA,4555.434265136719,250000.0,41
2018-08-09,FICO-GDDY,-6816.3397216796875,250000.0,41
2018-08-09,DOC-PSA,2225.179244995117,250000.0,41
2018-08-10,DOC-PSA,2584.6735916137695,250000.0,41
2018-08-10,NWS-OMC,0.0,250000.0,41
2018-08-13,DOC-PSA,2513.5822830200195,250000.0,41
2018-08-13,NWS-OMC,10249.026189804077,250000.0,41
2018-08-14,DOC-PSA,1311.8839416503906,250000.0,41
2018-08-14,NWS-OMC,10568.613302230835,250000.0,41
2018-08-15,DOC-PSA,-7.470417022705078,250000.0,41
2018-08-15,NWS-OMC,9668.942365646362,250000.0,41
2018-08-15,FICO-GDDY,0.0,250000.0,41
2018-08-16,DOC-PSA,886.3837127685547,250000.0,41
2018-08-16,NWS-OMC,8588.504377365112,250000.0,41
2018-08-16,FICO-GDDY,142.0688247680664,250000.0,41
2018-08-17,DOC-PSA,1937.0295906066895,250000.0,41
2018-08-17,NWS-OMC,13792.663179397583,250000.0,41
2018-08-17,FICO-GDDY,-1760.3389053344727,250000.0,41
2018-08-17,CNC-LH,0.0,250000.0,41
2018-08-20,DOC-PSA,1990.6771202087402,250000.0,41
2018-08-20,NWS-OMC,5711.317445755005,250000.0,41
2018-08-20,FICO-GDDY,-4326.537376403809,250000.0,41
2018-08-21,DOC-PSA,1324.3786735534668,250000.0,41
2018-08-21,NWS-OMC,3463.9561557769775,250000.0,41
2018-08-21,FICO-GDDY,-2350.210922241211,250000.0,41
2018-08-22,NWS-OMC,7820.816312789917,250000.0,41
2018-08-22,FICO-GDDY,-1788.0907516479492,250000.0,41
2018-08-23,NWS-OMC,3954.969795227051,250000.0,41
2018-08-23,FICO-GDDY,1945.222511291504,250000.0,41
2018-08-24,NWS-OMC,2481.264102935791,250000.0,41
2018-08-27,JPM-MS,0.0,250000.0,41
2018-08-27,C-HBAN,0.0,250000.0,41
2018-08-28,JPM-MS,-984.2042846679688,250000.0,41
2018-08-28,C-HBAN,15.994491577148438,250000.0,41
2018-08-29,JPM-MS,-1022.2958984375,250000.0,41
2018-08-29,C-HBAN,391.2432107925415,250000.0,41
2018-08-30,JPM-MS,1801.4850769042969,250000.0,41
2018-08-30,PNW-WEC,0.0,250000.0,41
2018-08-31,JPM-MS,3692.9799194335938,250000.0,41
2018-08-31,PNW-WEC,247.18273544311523,250000.0,41
2018-07-05,ALL-IBKR,0.0,250000.0,42
2018-07-06,ALL-IBKR,-1007.286003112793,250000.0,42
2018-07-09,ALL-IBKR,-2378.0816078186035,250000.0,42
2018-07-09,AME-EMR,0.0,250000.0,42
2018-07-09,ALL-JPM,0.0,250000.0,42
2018-07-10,ALL-IBKR,859.2298793792725,250000.0,42
2018-07-10,AME-EMR,24.449554443359375,250000.0,42
2018-07-10,ALL-JPM,1081.0347213745117,250000.0,42
2018-07-11,ALL-IBKR,-374.02244091033936,250000.0,42
2018-07-11,ALL-JPM,608.6835632324219,250000.0,42
2018-07-12,ALL-IBKR,-2421.6853532791138,250000.0,42
2018-07-12,ALL-JPM,-329.7808380126953,250000.0,42
2018-07-13,ALL-IBKR,-1155.3579874038696,250000.0,42
2018-07-13,ALL-JPM,678.5229644775391,250000.0,42
2018-07-16,ALL-IBKR,853.773027420044,250000.0,42
2018-07-17,ALL-IBKR,5415.370162963867,250000.0,42
2018-07-18,ALL-IBKR,1220.3289442062378,250000.0,42
2018-07-18,GWW-VRSK,0.0,250000.0,42
2018-07-19,ALL-IBKR,954.6323184967041,250000.0,42
2018-07-19,GWW-VRSK,-1070.0440216064453,250000.0,42
2018-07-19,CMI-PH,0.0,250000.0,42
2018-07-20,ALL-IBKR,913.4920310974121,250000.0,42
2018-07-20,GWW-VRSK,-9.19384765625,250000.0,42
2018-07-20,CMI-PH,1016.7366333007812,250000.0,42
2018-07-20,CTAS-VRSK,0.0,250000.0,42
2018-07-23,ALL-IBKR,5708.729070663452,250000.0,42
2018-07-23,GWW-VRSK,-325.2616882324219,250000.0,42
2018-07-23,CTAS-VRSK,-534.3399200439453,250000.0,42
2018-07-24,ALL-IBKR,1413.384183883667,250000.0,42
2018-07-24,GWW-VRSK,1290.2552947998047,250000.0,42
2018-07-24,CTAS-VRSK,-1305.2163162231445,250000.0,42
2018-07-25,GWW-VRSK,3444.4751739501953,250000.0,42
2018-07-25,CTAS-VRSK,1180.0422744750977,250000.0,42
2018-07-25,CMS-NI,0.0,250000.0,42
2018-07-25,CMI-PNR,0.0,250000.0,42
2018-07-25,AAPL-ROP,0.0,250000.0,42
2018-07-26,GWW-VRSK,2273.2697143554688,250000.0,42
2018-07-26,CTAS-VRSK,-418.37364196777344,250000.0,42
2018-07-26,CMS-NI,1596.661075592041,250000.0,42
2018-07-27,GWW-VRSK,-2287.0405883789062,250000.0,42
2018-07-27,CTAS-VRSK,-3283.75634765625,250000.0,42
2018-07-27,CMS-NI,2204.557025909424,250000.0,42
2018-07-27,EQIX-FRT,0.0,250000.0,42
2018-07-27,TDG-VRSK,0.0,250000.0,42
2018-07-30,TDG-VRSK,-3309.7237243652344,250000.0,42
2018-07-30,ED-NI,0.0,250000.0,42
2018-07-30,PRU-SCHW,0.0,250000.0,42
2018-07-30,TXT-VRSK,0.0,250000.0,42
2018-07-30,ALL-SCHW,0.0,250000.0,42
2018-07-31,TDG-VRSK,-3614.983169555664,250000.0,42
2018-07-31,PRU-SCHW,-1850.1276550292969,250000.0,42
2018-07-31,TXT-VRSK,644.3291778564453,250000.0,42
2018-07-31,ALL-SCHW,-2215.007713317871,250000.0,42
2018-08-01,PRU-SCHW,-2423.8001022338867,250000.0,42
2018-08-01,ALL-SCHW,-2250.6933975219727,250000.0,42
2018-08-02,PRU-SCHW,-5599.856475830078,250000.0,42
2018-08-02,ED-NI,0.0,250000.0,42
2018-08-02,CMI-PH,0.0,250000.0,42
2018-08-03,PRU-SCHW,-4471.777080535889,250000.0,42
2018-08-03,ED-NI,-198.2217903137207,250000.0,42
2018-08-03,CMI-PH,-255.22866821289062,250000.0,42
2018-08-06,PRU-SCHW,-4125.407390594482,250000.0,42
2018-08-06,CMI-PH,-2715.980682373047,250000.0,42
2018-08-07,PRU-SCHW,-2725.7550659179688,250000.0,42
2018-08-07,CMI-PH,-1351.0160522460938,250000.0,42
2018-08-07,AME-EMR,0.0,250000.0,42
2018-08-07,AAPL-ZBRA,0.0,250000.0,42
2018-08-08,PRU-SCHW,-5040.357925415039,250000.0,42
2018-08-08,CMI-PH,-268.98748779296875,250000.0,42
2018-08-08,AME-EMR,1394.1166229248047,250000.0,42
2018-08-08,AAPL-ZBRA,13945.622703552246,250000.0,42
2018-08-09,PRU-SCHW,-2084.738899230957,250000.0,42
2018-08-09,CMI-PH,2210.0372619628906,250000.0,42
2018-08-09,AME-EMR,273.73705291748047,250000.0,42
2018-08-09,AAPL-ZBRA,8102.531959533691,250000.0,42
2018-08-10,PRU-SCHW,-419.74763107299805,250000.0,42
2018-08-10,AME-EMR,-752.3102874755859,250000.0,42
2018-08-10,AAPL-ZBRA,8742.017097473145,250000.0,42
2018-08-13,PRU-SCHW,-2475.1739501953125,250000.0,42
2018-08-13,AME-EMR,151.59397888183594,250000.0,42
2018-08-13,AAPL-ZBRA,8544.395324707031,250000.0,42
2018-08-14,AME-EMR,-2152.6789474487305,250000.0,42
2018-08-14,AAPL-ZBRA,5994.535697937012,250000.0,42
2018-08-15,AME-EMR,-1410.099494934082,250000.0,42
2018-08-15,AAPL-ZBRA,8605.242462158203,250000.0,42
2018-08-16,AME-EMR,-3050.5022506713867,250000.0,42
2018-08-16,AAPL-ZBRA,11350.608055114746,250000.0,42
2018-08-17,AME-EMR,-4847.952331542969,250000.0,42
2018-08-17,AAPL-ZBRA,11445.166648864746,250000.0,42
2018-08-17,BAX-GILD,0.0,250000.0,42
2018-08-20,AAPL-ZBRA,6918.995475769043,250000.0,42
2018-08-20,BAX-GILD,-2070.589572906494,250000.0,42
2018-08-21,AAPL-ZBRA,1921.205795288086,250000.0,42
2018-08-21,BAX-GILD,1748.3424682617188,250000.0,42
2018-08-21,TXT-VRSK,0.0,250000.0,42
2018-08-22,AAPL-ZBRA,1417.3657608032227,250000.0,42
2018-08-22,BAX-GILD,2991.289924621582,250000.0,42
2018-08-22,TXT-VRSK,1150.172996520996,250000.0,42
2018-08-23,AAPL-ZBRA,2002.4293212890625,250000.0,42
2018-08-23,BAX-GILD,1496.443515777588,250000.0,42
2018-08-23,TXT-VRSK,1084.6733703613281,250000.0,42
2018-08-24,AAPL-ZBRA,2563.6453399658203,250000.0,42
2018-08-24,BAX-GILD,2004.941318511963,250000.0,42
2018-08-24,TXT-VRSK,1611.0891647338867,250000.0,42
2018-08-24,CMI-PH,0.0,250000.0,42
2018-08-27,AAPL-ZBRA,1916.103286743164,250000.0,42
2018-08-27,BAX-GILD,5628.270183563232,250000.0,42
2018-08-27,TXT-VRSK,717.9285583496094,250000.0,42
2018-08-28,AAPL-ZBRA,3131.3148193359375,250000.0,42
2018-08-28,BAX-GILD,5929.944412231445,250000.0,42
2018-08-28,TXT-VRSK,664.5153732299805,250000.0,42
2018-08-29,AAPL-ZBRA,3809.393096923828,250000.0,42
2018-08-29,TXT-VRSK,1868.6039581298828,250000.0,42
2018-08-30,AAPL-ZBRA,5922.559501647949,250000.0,42
2018-08-30,TXT-VRSK,2188.3740158081055,250000.0,42
2018-08-30,TDG-VRSK,0.0,250000.0,42
2018-08-31,AAPL-ZBRA,5358.308441162109,250000.0,42
2018-08-31,TDG-VRSK,-116.61908721923828,250000.0,42
2018-09-04,AAPL-ZBRA,8476.344268798828,250000.0,42
2018-09-04,TDG-VRSK,-2141.326103210449,250000.0,42
2018-09-04,BAX-GILD,0.0,250000.0,42
2018-09-05,AAPL-ZBRA,11746.85799407959,250000.0,42
2018-09-05,TDG-VRSK,-1193.589225769043,250000.0,42
2018-09-05,BAX-GILD,3581.062286376953,250000.0,42
2018-09-06,AAPL-ZBRA,9718.05754852295,250000.0,42
2018-09-06,TDG-VRSK,-592.3981857299805,250000.0,42
2018-09-06,BAX-GILD,-3703.808563232422,250000.0,42
2018-09-06,AME-EMR,0.0,250000.0,42
2018-09-07,AAPL-ZBRA,7338.266098022461,250000.0,42
2018-09-07,TDG-VRSK,-2066.9996032714844,250000.0,42
2018-09-07,BAX-GILD,-6194.123062133789,250000.0,42
2018-09-07,AME-EMR,-624.9483642578125,250000.0,42
2018-09-10,AAPL-ZBRA,2185.4601974487305,250000.0,42
2018-09-10,TDG-VRSK,-766.6618957519531,250000.0,42
2018-09-10,BAX-GILD,-6374.1871337890625,250000.0,42
2018-09-10,AME-EMR,-3904.510814666748,250000.0,42
2018-09-11,AAPL-ZBRA,3428.394241333008,250000.0,42
2018-09-11,TDG-VRSK,435.7316207885742,250000.0,42
2018-09-11,AME-EMR,-4482.378791809082,250000.0,42
2018-09-11,CMI-PNR,0.0,250000.0,42
2018-09-12,TDG-VRSK,-2077.0736389160156,250000.0,42
2018-09-12,AME-EMR,-2503.8606491088867,250000.0,42
2018-09-12,CMI-PNR,1569.7962188720703,250000.0,42
2018-09-12,CTAS-VRSK,0.0,250000.0,42
2018-09-12,CMI-PH,0.0,250000.0,42
2018-09-13,TDG-VRSK,-2791.59676361084,250000.0,42
2018-09-13,AME-EMR,-4513.475715637207,250000.0,42
2018-09-13,CTAS-VRSK,-1898.0096435546875,250000.0,42
2018-09-13,CMI-PH,-1396.3911590576172,250000.0,42
2018-09-14,AME-EMR,-5729.961112976074,250000.0,42
2018-09-14,CTAS-VRSK,978.8764915466309,250000.0,42
2018-09-14,CMI-PH,-2702.0072021484375,250000.0,42
2018-09-14,CMS-NI,0.0,250000.0,42
2018-09-14,ED-NI,0.0,250000.0,42
2018-09-14,EIX-NI,0.0,250000.0,42
2018-09-14,EQIX-FRT,0.0,250000.0,42
2018-09-17,AME-EMR,-4824.693153381348,250000.0,42
2018-09-17,CTAS-VRSK,1605.1997337341309,250000.0,42
2018-09-17,CMI-PH,-280.9226837158203,250000.0,42
2018-09-17,CMS-NI,9879.535228729248,250000.0,42
2018-09-17,ED-NI,9210.106113433838,250000.0,42
2018-09-17,EIX-NI,9141.798290252686,250000.0,42
2018-09-17,EQIX-FRT,2176.532196044922,250000.0,42
2018-09-18,AME-EMR,-5401.923156738281,250000.0,42
2018-09-18,CTAS-VRSK,123.69359588623047,250000.0,42
2018-09-18,CMI-PH,146.94862365722656,250000.0,42
2018-09-18,CMS-NI,11995.619384765625,250000.0,42
2018-09-18,ED-NI,12336.850967407227,250000.0,42
2018-09-18,EIX-NI,11462.538940429688,250000.0,42
2018-09-18,EQIX-FRT,1906.3010559082031,250000.0,42
2018-09-19,CTAS-VRSK,1756.0836067199707,250000.0,42
2018-09-19,CMS-NI,14620.627258300781,250000.0,42
2018-09-19,EIX-NI,10936.622436523438,250000.0,42
2018-09-19,EQIX-FRT,-1197.1604614257812,250000.0,42
2018-09-20,CTAS-VRSK,492.17390060424805,250000.0,42
2018-09-20,CMS-NI,10793.705093383789,250000.0,42
2018-09-20,EIX-NI,6157.483901977539,250000.0,42
2018-09-20,EQIX-FRT,-159.27445220947266,250000.0,42
2018-09-21,CMS-NI,12919.445762634277,250000.0,42
2018-09-21,EIX-NI,7562.664024353027,250000.0,42
2018-09-21,EQIX-FRT,1130.620231628418,250000.0,42
2018-09-24,CMS-NI,12299.85013961792,250000.0,42
2018-09-24,EIX-NI,7302.37854385376,250000.0,42
2018-09-24,EQIX-FRT,71.1709976196289,250000.0,42
2018-09-25,CMS-NI,11119.264316558838,250000.0,42
2018-09-25,EIX-NI,5596.482540130615,250000.0,42
2018-09-25,EQIX-FRT,2364.1339721679688,250000.0,42
2018-09-26,CMS-NI,10844.719055175781,250000.0,42
2018-09-26,EIX-NI,2808.469711303711,250000.0,42
2018-09-26,EQIX-FRT,1318.1857223510742,250000.0,42
2018-09-26,CTAS-VRSK,0.0,250000.0,42
2018-09-27,CMS-NI,10210.316299438477,250000.0,42
2018-09-27,EIX-NI,3478.0345611572266,250000.0,42
2018-09-27,EQIX-FRT,-1517.5158157348633,250000.0,42
2018-09-27,CTAS-VRSK,-3417.954132080078,250000.0,42
2018-09-28,CMS-NI,8218.295162200928,250000.0,42
2018-09-28,EIX-NI,1417.281826019287,250000.0,42
2018-09-28,EQIX-FRT,1814.0538711547852,250000.0,42
2018-09-28,CTAS-VRSK,-2704.9728240966797,250000.0,42
2018-08-01,FSLR-WDC,0.0,250000.0,43
2018-08-01,BXP-VTR,0.0,250000.0,43
2018-08-02,FSLR-WDC,-2872.156410217285,250000.0,43
2018-08-02,BXP-VTR,2746.42236328125,250000.0,43
2018-08-02,ROST-TJX,0.0,250000.0,43
2018-08-03,FSLR-WDC,-3793.350128173828,250000.0,43
2018-08-03,BXP-VTR,8507.132995605469,250000.0,43
2018-08-03,ROST-TJX,1960.0999145507812,250000.0,43
2018-08-06,FSLR-WDC,-3637.1972885131836,250000.0,43
2018-08-06,BXP-VTR,6473.834655761719,250000.0,43
2018-08-06,ROST-TJX,1139.3839645385742,250000.0,43
2018-08-07,FSLR-WDC,-5667.357704162598,250000.0,43
2018-08-07,BXP-VTR,7438.659759521484,250000.0,43
2018-08-07,ROST-TJX,-1835.401496887207,250000.0,43
2018-08-08,FSLR-WDC,-9457.585678100586,250000.0,43
2018-08-08,BXP-VTR,5591.95783996582,250000.0,43
2018-08-08,ROST-TJX,-3581.3910484313965,250000.0,43
2018-08-09,BXP-VTR,6698.903091430664,250000.0,43
2018-08-09,ROST-TJX,-4725.333869934082,250000.0,43
2018-08-09,AEP-ATO,0.0,250000.0,43
2018-08-10,BXP-VTR,4637.790115356445,250000.0,43
2018-08-10,ROST-TJX,-180.62285614013672,250000.0,43
2018-08-10,AEP-ATO,412.40155029296875,250000.0,43
2018-08-13,BXP-VTR,2294.8751220703125,250000.0,43
2018-08-13,ROST-TJX,-1302.6842651367188,250000.0,43
2018-08-13,AEP-ATO,1690.634262084961,250000.0,43
2018-08-14,BXP-VTR,3125.245651245117,250000.0,43
2018-08-14,ROST-TJX,-4371.10221862793,250000.0,43
2018-08-14,FSLR-NXPI,0.0,250000.0,43
2018-08-15,BXP-VTR,4780.239120483398,250000.0,43
2018-08-15,ROST-TJX,-1876.5122909545898,250000.0,43
2018-08-15,FSLR-NXPI,-3417.900230407715,250000.0,43
2018-08-15,JCI-WAB,0.0,250000.0,43
2018-08-15,ADI-MU,0.0,250000.0,43
2018-08-16,BXP-VTR,1285.4896087646484,250000.0,43
2018-08-16,ROST-TJX,-2747.743881225586,250000.0,43
2018-08-16,FSLR-NXPI,-3808.1479148864746,250000.0,43
2018-08-16,JCI-WAB,1494.959873199463,250000.0,43
2018-08-16,ADI-MU,-3903.0420989990234,250000.0,43
2018-08-17,BXP-VTR,2375.414108276367,250000.0,43
2018-08-17,FSLR-NXPI,-3505.4571647644043,250000.0,43
2018-08-17,JCI-WAB,-6019.4958152771,250000.0,43
2018-08-17,ADI-MU,-5034.431373596191,250000.0,43
2018-08-20,BXP-VTR,3662.2977905273438,250000.0,43
2018-08-20,FSLR-NXPI,-3024.232494354248,250000.0,43
2018-08-20,ADI-MU,3126.9556579589844,250000.0,43
2018-08-20,MAA-SPG,0.0,250000.0,43
2018-08-21,BXP-VTR,10517.826736450195,250000.0,43
2018-08-21,FSLR-NXPI,1758.230770111084,250000.0,43
2018-08-21,ADI-MU,4903.796844482422,250000.0,43
2018-08-21,MAA-SPG,-1478.1103286743164,250000.0,43
2018-08-21,ROST-TJX,0.0,250000.0,43
2018-08-21,FIX-WM,0.0,250000.0,43
2018-08-22,BXP-VTR,13036.33218383789,250000.0,43
2018-08-22,FSLR-NXPI,-124.6021499633789,250000.0,43
2018-08-22,ADI-MU,-917.5171508789062,250000.0,43
2018-08-22,MAA-SPG,-192.9992904663086,250000.0,43
2018-08-22,ROST-TJX,3397.4578552246094,250000.0,43
2018-08-22,FIX-WM,-290.72996520996094,250000.0,43
2018-08-23,BXP-VTR,15997.475692749023,250000.0,43
2018-08-23,FSLR-NXPI,-1229.3560829162598,250000.0,43
2018-08-23,ADI-MU,-1798.9533233642578,250000.0,43
2018-08-23,MAA-SPG,-1216.8021774291992,250000.0,43
2018-08-23,ROST-TJX,4892.104187011719,250000.0,43
2018-08-23,FIX-WM,-208.25662994384766,250000.0,43
2018-08-24,BXP-VTR,11940.718688964844,250000.0,43
2018-08-24,FSLR-NXPI,2138.5844078063965,250000.0,43
2018-08-24,ADI-MU,-1678.3506469726562,250000.0,43
2018-08-24,MAA-SPG,1749.4394149780273,250000.0,43
2018-08-24,ROST-TJX,3662.0203704833984,250000.0,43
2018-08-24,FIX-WM,224.0998992919922,250000.0,43
2018-08-24,CL-PM,0.0,250000.0,43
2018-08-24,NDSN-WM,0.0,250000.0,43
2018-08-27,BXP-VTR,13576.888412475586,250000.0,43
2018-08-27,FSLR-NXPI,2840.1612281799316,250000.0,43
2018-08-27,ADI-MU,759.6958160400391,250000.0,43
2018-08-27,ROST-TJX,2271.9788513183594,250000.0,43
2018-08-27,FIX-WM,461.35803985595703,250000.0,43
2018-08-27,CL-PM,1008.6567764282227,250000.0,43
2018-08-27,NDSN-WM,-2358.7947845458984,250000.0,43
2018-08-28,BXP-VTR,8341.926223754883,250000.0,43
2018-08-28,ADI-MU,885.8662033081055,250000.0,43
2018-08-28,ROST-TJX,3100.034866333008,250000.0,43
2018-08-28,FIX-WM,388.12857818603516,250000.0,43
2018-08-28,CL-PM,-225.00703811645508,250000.0,43
2018-08-28,NDSN-WM,-3423.9100189208984,250000.0,43
2018-08-28,EME-JBHT,0.0,250000.0,43
2018-08-29,BXP-VTR,9753.624801635742,250000.0,43
2018-08-29,ADI-MU,-873.6444854736328,250000.0,43
2018-08-29,ROST-TJX,5806.0374755859375,250000.0,43
2018-08-29,FIX-WM,511.09932708740234,250000.0,43
2018-08-29,CL-PM,-2273.025764465332,250000.0,43
2018-08-29,NDSN-WM,-4337.861282348633,250000.0,43
2018-08-29,EME-JBHT,-1573.9164352416992,250000.0,43
2018-08-30,BXP-VTR,10376.939758300781,250000.0,43
2018-08-30,ROST-TJX,1975.01611328125,250000.0,43
2018-08-30,FIX-WM,469.0866394042969,250000.0,43
2018-08-30,CL-PM,-1138.4842414855957,250000.0,43
2018-08-30,NDSN-WM,-2518.113624572754,250000.0,43
2018-08-31,BXP-VTR,10769.194610595703,250000.0,43
2018-08-31,ROST-TJX,1503.8786926269531,250000.0,43
2018-08-31,FIX-WM,-184.78759002685547,250000.0,43
2018-08-31,CL-PM,-3902.164810180664,250000.0,43
2018-08-31,NDSN-WM,-3198.3348693847656,250000.0,43
2018-09-04,BXP-VTR,13875.147720336914,250000.0,43
2018-09-04,ROST-TJX,4493.259490966797,250000.0,43
2018-09-04,CL-PM,-308.18349838256836,250000.0,43
2018-09-04,NDSN-WM,-2831.631004333496,250000.0,43
2018-09-05,BXP-VTR,8425.423416137695,250000.0,43
2018-09-05,ROST-TJX,4445.556838989258,250000.0,43
2018-09-05,CL-PM,-1747.027256011963,250000.0,43
2018-09-05,NDSN-WM,-4021.9878158569336,250000.0,43
2018-09-06,BXP-VTR,14344.357040405273,250000.0,43
2018-09-06,ROST-TJX,5319.090255737305,250000.0,43
2018-09-06,CL-PM,-3801.585662841797,250000.0,43
2018-09-06,NDSN-WM,-3876.6631927490234,250000.0,43
2018-09-06,ADI-MU,0.0,250000.0,43
2018-09-06,FSLR-WDC,0.0,250000.0,43
2018-09-07,BXP-VTR,14369.10498046875,250000.0,43
2018-09-07,ROST-TJX,4194.534866333008,250000.0,43
2018-09-07,CL-PM,-3901.3470153808594,250000.0,43
2018-09-07,NDSN-WM,-3375.718704223633,250000.0,43
2018-09-07,ADI-MU,11982.457874298096,250000.0,43
2018-09-07,FSLR-WDC,3437.8444290161133,250000.0,43
2018-09-10,ROST-TJX,6714.530029296875,250000.0,43
2018-09-10,ADI-MU,10031.177856445312,250000.0,43
2018-09-10,FSLR-WDC,1495.4840240478516,250000.0,43
2018-09-10,AEP-ATO,0.0,250000.0,43
2018-09-11,ADI-MU,7379.973621368408,250000.0,43
2018-09-11,FSLR-WDC,-8142.974994659424,250000.0,43
2018-09-11,FSLR-INTC,0.0,250000.0,43
2018-09-12,ADI-MU,4666.6650390625,250000.0,43
2018-09-12,FSLR-WDC,-2327.2466011047363,250000.0,43
2018-09-12,FSLR-INTC,-715.9512138366699,250000.0,43
2018-09-13,ADI-MU,10426.629425048828,250000.0,43
2018-09-13,FSLR-WDC,1121.7183418273926,250000.0,43
2018-09-13,FSLR-INTC,3624.613235473633,250000.0,43
2018-09-14,ADI-MU,13784.624919891357,250000.0,43
2018-09-14,FSLR-WDC,988.1553802490234,250000.0,43
2018-09-14,FSLR-INTC,3775.935390472412,250000.0,43
2018-09-14,JCI-WAB,0.0,250000.0,43
2018-09-14,HUBB-WAB,0.0,250000.0,43
2018-09-17,ADI-MU,13966.049922943115,250000.0,43
2018-09-17,FSLR-WDC,3025.3684883117676,250000.0,43
2018-09-17,FSLR-INTC,3840.0791511535645,250000.0,43
2018-09-17,HUBB-WAB,18315.357940673828,250000.0,43
2018-09-18,FSLR-WDC,2756.974739074707,250000.0,43
2018-09-18,FSLR-INTC,4759.873374938965,250000.0,43
2018-09-18,HUBB-WAB,17638.04103088379,250000.0,43
2018-09-19,FSLR-WDC,3893.386001586914,250000.0,43
2018-09-19,FSLR-INTC,4958.613536834717,250000.0,43
2018-09-19,HUBB-WAB,17283.88624572754,250000.0,43
2018-09-20,HUBB-WAB,16017.801559448242,250000.0,43
2018-09-21,HUBB-WAB,13607.822204589844,250000.0,43
2018-09-21,BXP-VTR,0.0,250000.0,43
2018-09-24,HUBB-WAB,17023.280502319336,250000.0,43
2018-09-24,BXP-VTR,1265.7106704711914,250000.0,43
2018-09-24,TJX-TPR,0.0,250000.0,43
2018-09-25,HUBB-WAB,21522.874420166016,250000.0,43
2018-09-25,BXP-VTR,-1204.3728370666504,250000.0,43
2018-09-25,TJX-TPR,-1286.1251525878906,250000.0,43
2018-09-26,BXP-VTR,2329.982509613037,250000.0,43
2018-09-26,TJX-TPR,-1140.5895156860352,250000.0,43
2018-09-26,NDSN-WM,0.0,250000.0,43
2018-09-27,BXP-VTR,2940.0385818481445,250000.0,43
2018-09-27,TJX-TPR,1037.1097221374512,250000.0,43
2018-09-27,NDSN-WM,-1886.7852020263672,250000.0,43
2018-09-27,DG-SJM,0.0,250000.0,43
2018-09-28,BXP-VTR,2481.3643951416016,250000.0,43
2018-09-28,TJX-TPR,1387.6628646850586,250000.0,43
2018-09-28,DG-SJM,549.1989212036133,250000.0,43
2018-09-28,FSLR-INTC,0.0,250000.0,43
2018-10-01,TJX-TPR,1434.160343170166,250000.0,43
2018-10-02,TJX-TPR,1506.4840812683105,250000.0,43
2018-10-03,TJX-TPR,3194.7995414733887,250000.0,43
2018-10-04,TJX-TPR,-5382.829315185547,250000.0,43
2018-10-04,BMY-COO,0.0,250000.0,43
2018-10-05,BMY-COO,-1073.8793601989746,250000.0,43
2018-10-08,BMY-COO,-7313.089508056641,250000.0,43
2018-10-08,FIX-WM,0.0,250000.0,43
2018-10-09,FIX-WM,-434.58992767333984,250000.0,43
2018-10-10,FIX-WM,-497.81614685058594,250000.0,43
2018-10-10,TJX-TPR,0.0,250000.0,43
2018-10-10,ROST-TPR,0.0,250000.0,43
2018-10-10,BXP-VTR,0.0,250000.0,43
2018-10-11,TJX-TPR,-5155.191661834717,250000.0,43
2018-10-11,ROST-TPR,-5065.474784851074,250000.0,43
2018-10-11,BXP-VTR,-4530.087314605713,250000.0,43
2018-10-11,MAA-SPG,0.0,250000.0,43
2018-10-12,TJX-TPR,-687.2038269042969,250000.0,43
2018-10-12,ROST-TPR,-1122.642276763916,250000.0,43
2018-10-12,BXP-VTR,-3490.2545738220215,250000.0,43
2018-10-12,MAA-SPG,-2063.5976943969727,250000.0,43
2018-10-15,TJX-TPR,-6328.524600982666,250000.0,43
2018-10-15,ROST-TPR,-6722.09211730957,250000.0,43
2018-10-15,BXP-VTR,-2935.6020278930664,250000.0,43
2018-10-15,NDSN-ROK,0.0,250000.0,43
2018-10-16,TJX-TPR,-391.50947189331055,250000.0,43
2018-10-16,ROST-TPR,-1469.1518287658691,250000.0,43
2018-10-16,BXP-VTR,-3743.4634704589844,250000.0,43
2018-10-16,NDSN-ROK,-1077.9363250732422,250000.0,43
2018-10-17,TJX-TPR,-1369.8448905944824,250000.0,43
2018-10-17,ROST-TPR,-1957.4722213745117,250000.0,43
2018-10-17,BXP-VTR,-5793.620952606201,250000.0,43
2018-10-17,NDSN-ROK,-344.3817901611328,250000.0,43
2018-10-18,TJX-TPR,-3100.55757522583,250000.0,43
2018-10-18,ROST-TPR,-3392.2404251098633,250000.0,43
2018-10-18,NDSN-ROK,-2409.3125610351562,250000.0,43
2018-10-19,TJX-TPR,-5518.163383483887,250000.0,43
2018-10-19,ROST-TPR,-6649.296043395996,250000.0,43
2018-10-19,NDSN-ROK,-883.3876190185547,250000.0,43
2018-10-22,TJX-TPR,-6580.004062652588,250000.0,43
2018-10-22,ROST-TPR,-9301.272327423096,250000.0,43
2018-10-22,NDSN-ROK,290.2034454345703,250000.0,43
2018-10-22,ROST-TJX,0.0,250000.0,43
2018-10-23,TJX-TPR,-5492.358860015869,250000.0,43
2018-10-23,ROST-TPR,-9467.832534790039,250000.0,43
2018-10-23,ROST-TJX,-2444.098976135254,250000.0,43
2018-10-24,ROST-TPR,-12468.123657226562,250000.0,43
2018-10-24,ROST-TJX,-1789.842658996582,250000.0,43
2018-10-25,FIX-WM,0.0,250000.0,43
2018-10-26,EME-JBHT,0.0,250000.0,43
2018-10-26,FSLR-INTC,0.0,250000.0,43
2018-10-26,MAA-SPG,0.0,250000.0,43
2018-10-29,EME-JBHT,5061.243499755859,250000.0,43
2018-10-29,FSLR-INTC,-9805.712787628174,250000.0,43
2018-10-29,MAA-SPG,4020.33650970459,250000.0,43
2018-10-30,EME-JBHT,3870.7127075195312,250000.0,43
2018-10-30,FSLR-INTC,-9472.475360870361,250000.0,43
2018-10-30,MAA-SPG,-4274.906494140625,250000.0,43
2018-10-30,JCI-WAB,0.0,250000.0,43
2018-10-31,FSLR-INTC,4696.514942169189,250000.0,43
2018-10-31,MAA-SPG,-5740.3101806640625,250000.0,43
2018-10-31,JCI-WAB,-11621.948873519897,250000.0,43
2018-10-31,HUBB-WAB,0.0,250000.0,43
2018-09-04,BEN-PFG,0.0,250000.0,44
2018-09-04,BEN-PNC,0.0,250000.0,44
2018-09-05,BEN-PFG,-2305.0184936523438,250000.0,44
2018-09-05,BEN-PNC,699.9126892089844,250000.0,44
2018-09-06,BEN-PNC,-5819.947429656982,250000.0,44
2018-09-07,BEN-PNC,-6253.745378494263,250000.0,44
2018-09-10,BEN-PNC,2010.1677112579346,250000.0,44
2018-09-11,BEN-PNC,223.35250663757324,250000.0,44
2018-10-02,BMY-UHS,0.0,250000.0,44
2018-10-03,BMY-UHS,-631.0030517578125,250000.0,44
2018-10-04,BMY-UHS,-665.6354064941406,250000.0,44
2018-10-05,BMY-UHS,-429.5870666503906,250000.0,44
2018-10-08,BMY-UHS,225.81649780273438,250000.0,44
2018-10-09,BMY-UHS,1755.4120635986328,250000.0,44
2018-10-11,MAA-SPG,0.0,250000.0,44
2018-10-11,PAYX-SNA,0.0,250000.0,44
2018-10-12,MAA-SPG,-2063.5976943969727,250000.0,44
2018-10-12,PAYX-SNA,3380.5904846191406,250000.0,44
2018-10-12,BEN-PNC,0.0,250000.0,44
2018-10-15,PAYX-SNA,1023.5744018554688,250000.0,44
2018-10-15,BEN-PNC,882.1707572937012,250000.0,44
2018-10-16,PAYX-SNA,2930.041473388672,250000.0,44
2018-10-16,BEN-PNC,-1587.029182434082,250000.0,44
2018-10-17,BEN-PNC,2156.9699211120605,250000.0,44
2018-10-18,BEN-PNC,-918.0070991516113,250000.0,44
2018-10-18,PAYX-SNA,0.0,250000.0,44
2018-10-19,BEN-PNC,-1666.2638816833496,250000.0,44
2018-10-19,PAYX-SNA,-1066.3891792297363,250000.0,44
2018-10-19,ARES-PYPL,0.0,250000.0,44
2018-10-22,BEN-PNC,-5981.304454803467,250000.0,44
2018-10-22,PAYX-SNA,1508.380672454834,250000.0,44
2018-10-22,ARES-PYPL,-3418.6903314590454,250000.0,44
2018-10-22,AMT-MAA,0.0,250000.0,44
2018-10-23,BEN-PNC,-7447.939990997314,250000.0,44
2018-10-23,PAYX-SNA,6923.528736114502,250000.0,44
2018-10-23,ARES-PYPL,-10988.25031375885,250000.0,44
2018-10-23,AMT-MAA,-805.4691009521484,250000.0,44
2018-10-23,AEP-CMS,0.0,250000.0,44
2018-10-24,ARES-PYPL,-8.12272834777832,250000.0,44
2018-10-24,AMT-MAA,1695.097640991211,250000.0,44
2018-10-24,AEP-CMS,-1772.6631164550781,250000.0,44
2018-10-25,ARES-PYPL,-7161.871567726135,250000.0,44
2018-10-25,AMT-MAA,2027.795539855957,250000.0,44
2018-10-25,AEP-CMS,1968.091869354248,250000.0,44
2018-10-26,ARES-PYPL,-203.76708698272705,250000.0,44
2018-10-26,AMT-MAA,1753.6315841674805,250000.0,44
2018-10-26,AEP-CMS,-2139.012638092041,250000.0,44
2018-10-26,MAA-SPG,0.0,250000.0,44
2018-10-29,ARES-PYPL,3918.9768953323364,250000.0,44
2018-10-29,AMT-MAA,1856.0037689208984,250000.0,44
2018-10-29,MAA-SPG,4020.33650970459,250000.0,44
2018-10-30,ARES-PYPL,6594.384637832642,250000.0,44
2018-10-30,MAA-SPG,-4274.906494140625,250000.0,44
2018-10-31,ARES-PYPL,-2136.947685241699,250000.0,44
2018-10-31,MAA-SPG,-5740.3101806640625,250000.0,44
2018-11-01,ARES-PYPL,8.674302101135254,250000.0,44
2018-11-01,MAA-SPG,-1587.005874633789,250000.0,44
2018-11-02,ARES-PYPL,6748.890367507935,250000.0,44
2018-11-02,MAA-SPG,-5426.659233093262,250000.0,44
2018-11-05,ARES-PYPL,5738.1808223724365,250000.0,44
2018-11-05,MAA-SPG,-6348.753288269043,250000.0,44
2018-11-06,ARES-PYPL,6128.6265869140625,250000.0,44
2018-11-06,MAA-SPG,-5444.159530639648,250000.0,44
2018-11-14,BX-PGR,0.0,250000.0,44
2018-11-15,BX-PGR,7041.953628540039,250000.0,44
2018-11-16,BX-PGR,7315.73575592041,250000.0,44
2018-11-19,BX-PGR,4158.750720977783,250000.0,44
2018-11-28,BEN-PFG,0.0,250000.0,44
2018-11-29,BEN-PFG,3299.4841804504395,250000.0,44
2018-10-02,CSCO-MSI,0.0,250000.0,45
2018-10-03,CSCO-MSI,-664.459716796875,250000.0,45
2018-10-03,CLX-MKC,0.0,250000.0,45
2018-10-04,CSCO-MSI,-651.7679443359375,250000.0,45
2018-10-04,CLX-MKC,-4324.369609832764,250000.0,45
2018-10-04,CTSH-SMCI,0.0,250000.0,45
2018-10-05,CSCO-MSI,-360.24513244628906,250000.0,45
2018-10-05,CLX-MKC,207.88014221191406,250000.0,45
2018-10-05,CTSH-SMCI,2159.2527599334717,250000.0,45
2018-10-08,CSCO-MSI,-2084.4034423828125,250000.0,45
2018-10-08,CLX-MKC,166.82159805297852,250000.0,45
2018-10-08,CTSH-SMCI,56359.66457986832,250000.0,45
2018-10-08,CDW-QCOM,0.0,250000.0,45
2018-10-09,CSCO-MSI,-94.6834716796875,250000.0,45
2018-10-09,CLX-MKC,1416.2045440673828,250000.0,45
2018-10-09,CTSH-SMCI,11887.23014831543,250000.0,45
2018-10-09,CDW-QCOM,9106.18334197998,250000.0,45
2018-10-10,CSCO-MSI,-223.41119384765625,250000.0,45
2018-10-10,CLX-MKC,-853.2762641906738,250000.0,45
2018-10-10,CTSH-SMCI,36052.137926101685,250000.0,45
2018-10-10,CDW-QCOM,-6151.2376708984375,250000.0,45
2018-10-10,PH-ROK,0.0,250000.0,45
2018-10-10,PTC-TRMB,0.0,250000.0,45
2018-10-10,AIG-AMP,0.0,250000.0,45
2018-10-11,CSCO-MSI,303.76373291015625,250000.0,45
2018-10-11,CLX-MKC,-5918.270896911621,250000.0,45
2018-10-11,CTSH-SMCI,48930.18160867691,250000.0,45
2018-10-11,CDW-QCOM,-6107.716026306152,250000.0,45
2018-10-11,PH-ROK,-843.9643249511719,250000.0,45
2018-10-11,PTC-TRMB,5373.654487609863,250000.0,45
2018-10-11,AIG-AMP,-4955.42813873291,250000.0,45
2018-10-11,AIG-MET,0.0,250000.0,45
2018-10-12,CSCO-MSI,-1404.266098022461,250000.0,45
2018-10-12,CLX-MKC,-3123.358386993408,250000.0,45
2018-10-12,CTSH-SMCI,37177.03802919388,250000.0,45
2018-10-12,CDW-QCOM,11354.505409240723,250000.0,45
2018-10-12,PH-ROK,478.142822265625,250000.0,45
2018-10-12,AIG-AMP,-2737.1551475524902,250000.0,45
2018-10-12,AIG-MET,905.7812652587891,250000.0,45
2018-10-15,CSCO-MSI,2224.002914428711,250000.0,45
2018-10-15,CLX-MKC,-2545.88826751709,250000.0,45
2018-10-15,CDW-QCOM,7149.944511413574,250000.0,45
2018-10-15,PH-ROK,-910.9483642578125,250000.0,45
2018-10-15,AIG-AMP,154.42443466186523,250000.0,45
2018-10-15,AIG-MET,1547.606803894043,250000.0,45
2018-10-16,CLX-MKC,-3863.4127502441406,250000.0,45
2018-10-16,AIG-AMP,1337.6456871032715,250000.0,45
2018-10-16,AIG-MET,1662.7661819458008,250000.0,45
2018-10-17,CLX-MKC,-3704.04345703125,250000.0,45
2018-10-17,AIG-AMP,2389.8166160583496,250000.0,45
2018-10-17,AIG-MET,5852.592926025391,250000.0,45
2018-10-18,AIG-AMP,-1065.8392295837402,250000.0,45
2018-10-18,AIG-MET,1292.375473022461,250000.0,45
2018-10-19,AIG-MET,4477.148300170898,250000.0,45
2018-10-22,AIG-MET,2170.05020904541,250000.0,45
2018-10-23,AIG-MET,1179.9302139282227,250000.0,45
2018-10-23,EMR-LUV,0.0,250000.0,45
2018-10-24,AIG-MET,-9293.156967163086,250000.0,45
2018-10-24,EMR-LUV,-2794.97225189209,250000.0,45
2018-10-25,AIG-MET,-6470.507480621338,250000.0,45
2018-10-26,PH-ROK,0.0,250000.0,45
2018-10-29,PH-ROK,3713.8076782226562,250000.0,45
2018-10-30,PH-ROK,-51.347900390625,250000.0,45
2018-10-31,PH-ROK,2789.29541015625,250000.0,45
2018-10-31,CDW-QCOM,0.0,250000.0,45
2018-11-01,PH-ROK,-480.15045166015625,250000.0,45
2018-11-01,CDW-QCOM,7185.48091506958,250000.0,45
2018-11-01,ALL-TRV,0.0,250000.0,45
2018-11-02,PH-ROK,3907.426025390625,250000.0,45
2018-11-02,CDW-QCOM,11665.934452056885,250000.0,45
2018-11-02,ALL-TRV,-206.11192321777344,250000.0,45
2018-11-02,CSCO-MSI,0.0,250000.0,45
2018-11-05,CDW-QCOM,13883.584350585938,250000.0,45
2018-11-05,ALL-TRV,-1850.3219833374023,250000.0,45
2018-11-06,CDW-QCOM,12958.888595581055,250000.0,45
2018-11-06,ALL-TRV,-4756.3204345703125,250000.0,45
2018-11-07,CDW-QCOM,315.3404731750488,250000.0,45
2018-11-07,ALL-TRV,-5254.405548095703,250000.0,45
2018-11-08,CDW-QCOM,-27894.849643707275,250000.0,45
2018-11-08,ALL-TRV,-4410.259376525879,250000.0,45
2018-11-08,PH-ROK,0.0,250000.0,45
2018-11-09,CDW-QCOM,-29908.832347869873,250000.0,45
2018-11-09,ALL-TRV,-4451.665237426758,250000.0,45
2018-11-09,PH-ROK,-472.1349334716797,250000.0,45
2018-11-12,CDW-QCOM,-29257.27772140503,250000.0,45
2018-11-12,ALL-TRV,-625.8512573242188,250000.0,45
2018-11-12,PH-ROK,-2821.642318725586,250000.0,45
2018-11-13,ALL-TRV,-511.7176513671875,250000.0,45
2018-11-13,PH-ROK,-748.3180389404297,250000.0,45
2018-11-14,ALL-TRV,1763.172233581543,250000.0,45
2018-11-14,PH-ROK,-2953.0947875976562,250000.0,45
2018-11-15,ALL-TRV,-2082.0485610961914,250000.0,45
2018-11-15,PH-ROK,1713.2549743652344,250000.0,45
2018-11-16,PH-ROK,-1346.4442749023438,250000.0,45
2018-11-16,AIG-MET,0.0,250000.0,45
2018-11-19,PH-ROK,-2512.6159057617188,250000.0,45
2018-11-19,AIG-MET,-2283.108444213867,250000.0,45
2018-11-20,PH-ROK,1888.39453125,250000.0,45
2018-11-20,AIG-MET,-6580.302673339844,250000.0,45
2018-11-20,ETN-PH,0.0,250000.0,45
2018-11-20,IP-NUE,0.0,250000.0,45
2018-11-20,AIG-AMP,0.0,250000.0,45
2018-11-21,PH-ROK,3164.736602783203,250000.0,45
2018-11-21,AIG-MET,-7136.236434936523,250000.0,45
2018-11-21,ETN-PH,-2282.3085708618164,250000.0,45
2018-11-21,IP-NUE,2173.9244537353516,250000.0,45
2018-11-21,AIG-AMP,328.16998291015625,250000.0,45
2018-11-23,PH-ROK,735.7534790039062,250000.0,45
2018-11-23,AIG-MET,-7353.727355957031,250000.0,45
2018-11-23,ETN-PH,-3732.0275344848633,250000.0,45
2018-11-23,IP-NUE,-1496.5352954864502,250000.0,45
2018-11-23,AIG-AMP,1857.3960189819336,250000.0,45
2018-11-26,PH-ROK,1466.117202758789,250000.0,45
2018-11-26,AIG-MET,-2569.2792205810547,250000.0,45
2018-11-26,ETN-PH,-2581.369728088379,250000.0,45
2018-11-26,IP-NUE,-3180.0199813842773,250000.0,45
2018-11-27,PH-ROK,1294.5421142578125,250000.0,45
2018-11-27,AIG-MET,-578.5159454345703,250000.0,45
2018-11-27,ETN-PH,-6379.96231842041,250000.0,45
2018-11-27,IP-NUE,-7532.295921325684,250000.0,45
2018-11-28,PH-ROK,2745.4161071777344,250000.0,45
2018-11-28,AIG-MET,3995.6087646484375,250000.0,45
2018-11-28,ETN-PH,-3075.7575912475586,250000.0,45
2018-11-28,IP-NUE,-621.219690322876,250000.0,45
2018-11-29,PH-ROK,1475.9830627441406,250000.0,45
2018-11-29,AIG-MET,1564.8372955322266,250000.0,45
2018-11-29,ETN-PH,-1400.4538650512695,250000.0,45
2018-11-29,IP-NUE,-830.7925453186035,250000.0,45
2018-11-30,PH-ROK,1847.5265808105469,250000.0,45
2018-11-30,AIG-MET,3264.200485229492,250000.0,45
2018-11-30,ETN-PH,558.8004531860352,250000.0,45
2018-11-30,IP-NUE,55.16178321838379,250000.0,45
2018-12-03,PH-ROK,3887.0277099609375,250000.0,45
2018-12-03,AIG-MET,4468.006942749023,250000.0,45
2018-12-03,ETN-PH,2091.7028884887695,250000.0,45
2018-12-03,IP-NUE,1054.7475395202637,250000.0,45
2018-12-04,PH-ROK,3623.416534423828,250000.0,45
2018-12-04,ETN-PH,-2001.9003829956055,250000.0,45
2018-12-04,IP-NUE,-2560.113733291626,250000.0,45
2018-12-06,PH-ROK,883.8328857421875,250000.0,45
2018-12-06,EMR-LUV,0.0,250000.0,45
2018-12-06,HUM-RMD,0.0,250000.0,45
2018-12-07,EMR-LUV,6219.171627044678,250000.0,45
2018-12-07,HUM-RMD,-2461.3223419189453,250000.0,45
2018-12-10,EMR-LUV,5232.219989776611,250000.0,45
2018-12-10,HUM-RMD,-7943.542129516602,250000.0,45
2018-12-11,EMR-LUV,4153.171691894531,250000.0,45
2018-12-11,HUM-RMD,-11195.747917175293,250000.0,45
2018-12-12,EMR-LUV,-1046.1916465759277,250000.0,45
2018-12-12,HUM-RMD,-10568.508590698242,250000.0,45
2018-12-13,EMR-LUV,-195.93112564086914,250000.0,45
2018-12-13,HUM-RMD,-9459.950180053711,250000.0,45
2018-12-14,EMR-LUV,-489.42756271362305,250000.0,45
2018-12-17,EMR-LUV,-5880.543102264404,250000.0,45
2018-12-18,EMR-LUV,-8017.439002990723,250000.0,45
2018-12-19,EMR-LUV,-8269.592067718506,250000.0,45
2018-12-19,AIG-AMP,0.0,250000.0,45
2018-12-20,EMR-LUV,-5226.579105377197,250000.0,45
2018-12-20,AIG-AMP,2385.55330657959,250000.0,45
2018-12-20,CSCO-MSI,0.0,250000.0,45
2018-12-21,EMR-LUV,852.1049766540527,250000.0,45
2018-12-21,AIG-AMP,-4128.256271362305,250000.0,45
2018-12-21,CSCO-MSI,-5516.576221466064,250000.0,45
2018-12-21,PH-ROK,0.0,250000.0,45
2018-12-24,EMR-LUV,1136.0485954284668,250000.0,45
2018-12-24,AIG-AMP,-10305.746131896973,250000.0,45
2018-12-24,CSCO-MSI,-5009.741161346436,250000.0,45
2018-12-24,PH-ROK,1361.0698776245117,250000.0,45
2018-12-26,EMR-LUV,5313.050102233887,250000.0,45
2018-12-26,AIG-AMP,-3432.9490509033203,250000.0,45
2018-12-26,PH-ROK,2760.9225006103516,250000.0,45
2018-12-27,AIG-AMP,-3252.3532104492188,250000.0,45
2018-12-27,PH-ROK,2223.967041015625,250000.0,45
2018-12-28,AIG-AMP,-2491.8767623901367,250000.0,45
2018-12-28,PH-ROK,3230.705123901367,250000.0,45
2018-12-31,AIG-AMP,-2899.0455780029297,250000.0,45
2018-11-06,IDXX-VTRS,0.0,250000.0,46
2018-11-07,IDXX-VTRS,8486.369665145874,250000.0,46
2018-11-07,HUM-TECH,0.0,250000.0,46
2018-11-07,HUM-VEEV,0.0,250000.0,46
2018-11-08,IDXX-VTRS,4220.407566070557,250000.0,46
2018-11-08,HUM-TECH,23284.060546875,250000.0,46
2018-11-09,IDXX-VTRS,2497.827777862549,250000.0,46
2018-11-09,HUM-TECH,21759.91229248047,250000.0,46
2018-11-12,IDXX-VTRS,-908.5388622283936,250000.0,46
2018-11-12,HUM-TECH,14564.092071533203,250000.0,46
2018-11-13,IDXX-VTRS,351.37917137145996,250000.0,46
2018-11-13,HUM-TECH,19870.841674804688,250000.0,46
2018-11-14,IDXX-VTRS,8188.924249649048,250000.0,46
2018-11-15,IDXX-VTRS,6747.7567138671875,250000.0,46
2018-11-16,IDXX-VTRS,9247.859560012817,250000.0,46
2018-11-19,IDXX-VTRS,1725.4825687408447,250000.0,46
2018-11-20,IDXX-VTRS,4776.844944000244,250000.0,46
2018-11-21,IDXX-VTRS,10060.32699584961,250000.0,46
2018-11-23,IDXX-VTRS,8265.574634552002,250000.0,46
2018-11-26,IDXX-VTRS,13416.612260818481,250000.0,46
2018-11-27,IDXX-VTRS,10432.074634552002,250000.0,46
2018-11-27,FAST-NDSN,0.0,250000.0,46
2018-11-28,IDXX-VTRS,16574.18002319336,250000.0,46
2018-11-28,FAST-NDSN,-1273.163119316101,250000.0,46
2018-11-28,ADBE-FTNT,0.0,250000.0,46
2018-11-29,IDXX-VTRS,14977.149444580078,250000.0,46
2018-11-29,FAST-NDSN,-8768.357432365417,250000.0,46
2018-11-29,ADBE-FTNT,1445.6326885223389,250000.0,46
2018-11-29,EME-LII,0.0,250000.0,46
2018-11-30,IDXX-VTRS,19480.68949317932,250000.0,46
2018-11-30,FAST-NDSN,-3687.7263746261597,250000.0,46
2018-11-30,ADBE-FTNT,-1060.5966415405273,250000.0,46
2018-11-30,EME-LII,-2703.4886474609375,250000.0,46
2018-12-03,IDXX-VTRS,21052.54690361023,250000.0,46
2018-12-03,FAST-NDSN,-2378.4019021987915,250000.0,46
2018-12-03,ADBE-FTNT,-2331.3011112213135,250000.0,46
2018-12-03,EME-LII,-3322.236328125,250000.0,46
2018-12-04,IDXX-VTRS,17040.274923324585,250000.0,46
2018-12-04,FAST-NDSN,-4865.231088638306,250000.0,46
2018-12-04,ADBE-FTNT,3859.739080429077,250000.0,46
2018-12-04,EME-LII,-71.7474365234375,250000.0,46
2018-12-04,QCOM-TDY,0.0,250000.0,46
2018-12-06,FAST-NDSN,-6290.434471130371,250000.0,46
2018-12-06,ADBE-FTNT,4712.587358474731,250000.0,46
2018-12-06,EME-LII,-1719.678955078125,250000.0,46
2018-12-07,FAST-NDSN,-2509.0889778137207,250000.0,46
2018-12-07,ADBE-FTNT,7842.818891525269,250000.0,46
2018-12-07,EME-LII,-1044.0780029296875,250000.0,46
2018-12-10,FAST-NDSN,-805.3792352676392,250000.0,46
2018-12-10,EME-LII,-536.7545776367188,250000.0,46
2018-12-11,FAST-NDSN,-6971.6428327560425,250000.0,46
2018-12-11,EME-LII,-698.090576171875,250000.0,46
2018-12-12,EME-LII,-5546.647155761719,250000.0,46
2018-12-13,FAST-NDSN,0.0,250000.0,46
2018-12-14,FAST-NDSN,-1785.2669315338135,250000.0,46
2018-12-14,ADBE-FTNT,0.0,250000.0,46
2018-12-17,FAST-NDSN,2913.7913188934326,250000.0,46
2018-12-17,ADBE-FTNT,3366.963424682617,250000.0,46
2018-12-18,FAST-NDSN,-2854.1273403167725,250000.0,46
2018-12-18,ADBE-FTNT,4133.838508605957,250000.0,46
2018-12-19,FAST-NDSN,-2395.7016048431396,250000.0,46
2018-12-19,ADBE-FTNT,2060.7742233276367,250000.0,46
2018-12-20,FAST-NDSN,-6290.510480880737,250000.0,46
2018-12-20,ADBE-FTNT,-6226.910354614258,250000.0,46
2018-12-21,FAST-NDSN,-4096.825439453125,250000.0,46
2018-12-21,ADBE-FTNT,-6858.787109375,250000.0,46
2018-12-21,IDXX-VTRS,0.0,250000.0,46
2018-12-21,GL-KKR,0.0,250000.0,46
2018-12-21,PSKY-TMUS,0.0,250000.0,46
2018-12-24,FAST-NDSN,-4565.043029785156,250000.0,46
2018-12-24,ADBE-FTNT,-11067.162475585938,250000.0,46
2018-12-24,PSKY-TMUS,-2154.9698066711426,250000.0,46
2018-12-24,VRT-WM,0.0,250000.0,46
2018-12-24,CSCO-HPQ,0.0,250000.0,46
2018-12-26,FAST-NDSN,-8257.604961395264,250000.0,46
2018-12-26,ADBE-FTNT,4538.638046264648,250000.0,46
2018-12-26,PSKY-TMUS,4341.136837005615,250000.0,46
2018-12-26,CSCO-HPQ,4402.349471092224,250000.0,46
2018-12-27,FAST-NDSN,-7189.399635314941,250000.0,46
2018-12-27,ADBE-FTNT,1510.9501342773438,250000.0,46
2018-12-27,PSKY-TMUS,2888.1363487243652,250000.0,46
2018-12-27,CSCO-HPQ,7104.127733230591,250000.0,46
2018-12-28,ADBE-FTNT,-1266.2678833007812,250000.0,46
2018-12-28,PSKY-TMUS,5197.628574371338,250000.0,46
2018-12-28,CSCO-HPQ,6555.175263404846,250000.0,46
2018-12-31,ADBE-FTNT,2987.5006790161133,250000.0,46
2019-01-02,ADBE-FTNT,3109.223175048828,250000.0,46
2019-01-02,CINF-ICE,0.0,250000.0,46
2019-01-03,CINF-ICE,891.3108749389648,250000.0,46
2019-01-04,CINF-ICE,-334.2130355834961,250000.0,46
2019-01-08,LRCX-TDY,0.0,250000.0,46
2019-01-18,ADBE-FTNT,0.0,250000.0,46
2019-01-22,ADBE-FTNT,2529.942651748657,250000.0,46
2019-01-23,ADBE-FTNT,6605.828399658203,250000.0,46
2019-01-24,LRCX-TDY,0.0,250000.0,46
2019-01-25,LRCX-TDY,-13926.249193191528,250000.0,46
2019-01-28,LRCX-TDY,-16502.58215904236,250000.0,46
2019-01-29,LRCX-TDY,-12254.724109649658,250000.0,46
2019-01-30,ALL-AXP,0.0,250000.0,46
2019-01-31,ALL-AXP,568.2804260253906,250000.0,46
2018-12-03,HSY-PG,0.0,250000.0,47
2018-12-03,JCI-SWK,0.0,250000.0,47
2018-12-04,HSY-PG,2093.0216064453125,250000.0,47
2018-12-04,GL-PNC,0.0,250000.0,47
2018-12-06,HSY-PG,2633.6533203125,250000.0,47
2018-12-06,GL-PNC,-7996.857025146484,250000.0,47
2018-12-07,HSY-PG,2241.440963745117,250000.0,47
2018-12-07,GL-PNC,-7843.424537658691,250000.0,47
2018-12-10,GL-PNC,-12543.951026916504,250000.0,47
2018-12-11,GL-PNC,-15048.305374145508,250000.0,47
2018-12-12,GL-PNC,-12153.005661010742,250000.0,47
2018-12-13,GL-PNC,-10314.58748626709,250000.0,47
2018-12-14,GL-PNC,-13659.564971923828,250000.0,47
2018-12-14,HSY-PG,0.0,250000.0,47
2018-12-17,HSY-PG,1799.4937591552734,250000.0,47
2018-12-18,HSY-PG,60.37559509277344,250000.0,47
2018-12-19,HSY-MKC,0.0,250000.0,47
2018-12-20,HSY-MKC,-625.5085220336914,250000.0,47
2018-12-20,CINF-NDAQ,0.0,250000.0,47
2018-12-21,HSY-MKC,361.2534408569336,250000.0,47
2018-12-21,CINF-NDAQ,-4341.002698898315,250000.0,47
2018-12-21,CINF-MRSH,0.0,250000.0,47
2018-12-21,APO-XYZ,0.0,250000.0,47
2018-12-21,AMT-O,0.0,250000.0,47
2018-12-24,HSY-MKC,5807.26628112793,250000.0,47
2018-12-24,CINF-NDAQ,-8086.232698440552,250000.0,47
2018-12-24,CINF-MRSH,2141.559280395508,250000.0,47
2018-12-24,APO-XYZ,-8520.386199951172,250000.0,47
2018-12-24,VRT-WM,0.0,250000.0,47
2018-12-26,HSY-MKC,2107.8321113586426,250000.0,47
2018-12-26,CINF-NDAQ,-4752.569818496704,250000.0,47
2018-12-26,CINF-MRSH,456.8105926513672,250000.0,47
2018-12-26,APO-XYZ,4760.3081340789795,250000.0,47
2018-12-27,HSY-MKC,2612.033061981201,250000.0,47
2018-12-27,CINF-NDAQ,-1947.4607830047607,250000.0,47
2018-12-27,CINF-MRSH,2326.6112518310547,250000.0,47
2018-12-27,APO-XYZ,8947.09616279602,250000.0,47
2018-12-28,HSY-MKC,951.7608032226562,250000.0,47
2018-12-28,CINF-NDAQ,-2537.1676082611084,250000.0,47
2018-12-28,CINF-MRSH,2058.9955291748047,250000.0,47
2018-12-28,APO-XYZ,11154.857646942139,250000.0,47
2018-12-31,HSY-MKC,-3023.6008834838867,250000.0,47
2018-12-31,CINF-NDAQ,-438.53760528564453,250000.0,47
2018-12-31,CINF-MRSH,2919.947296142578,250000.0,47
2018-12-31,APO-XYZ,7717.315689086914,250000.0,47
2019-01-02,HSY-MKC,-760.077465057373,250000.0,47
2019-01-02,CINF-NDAQ,270.74539947509766,250000.0,47
2019-01-02,APO-XYZ,9696.438158035278,250000.0,47
2019-01-02,O-WELL,0.0,250000.0,47
2019-01-02,ELV-UHS,0.0,250000.0,47
2019-01-03,CINF-NDAQ,-4783.682981491089,250000.0,47
2019-01-03,APO-XYZ,-1962.6370277404785,250000.0,47
2019-01-03,ELV-UHS,-2906.3187561035156,250000.0,47
2019-01-04,CINF-NDAQ,2832.1787452697754,250000.0,47
2019-01-04,APO-XYZ,7870.264762878418,250000.0,47
2019-01-07,APO-XYZ,9457.022844314575,250000.0,47
2019-01-08,APO-XYZ,14980.10309791565,250000.0,47
2019-01-08,NXPI-VRSN,0.0,250000.0,47
2019-01-22,JCI-SWK,0.0,250000.0,47
2019-01-23,JCI-SWK,10950.899473190308,250000.0,47
2019-01-24,JCI-SWK,8129.300168991089,250000.0,47
2019-01-24,HSY-MKC,0.0,250000.0,47
2019-01-24,CASY-KR,0.0,250000.0,47
2019-01-24,HSY-PG,0.0,250000.0,47
2019-01-24,APO-XYZ,0.0,250000.0,47
2019-01-25,JCI-SWK,9069.043725967407,250000.0,47
2019-01-25,HSY-MKC,-1132.1604766845703,250000.0,47
2019-01-25,HSY-PG,-3451.416549682617,250000.0,47
2019-01-25,APO-XYZ,-4987.271356582642,250000.0,47
2019-01-25,CINF-MRSH,0.0,250000.0,47
2019-01-28,JCI-SWK,10617.381198883057,250000.0,47
2019-01-28,HSY-MKC,-3110.690986633301,250000.0,47
2019-01-28,HSY-PG,-15.363235473632812,250000.0,47
2019-01-28,APO-XYZ,-1260.4246730804443,250000.0,47
2019-01-28,CINF-MRSH,319.72239685058594,250000.0,47
2019-01-29,JCI-SWK,13981.878828048706,250000.0,47
2019-01-29,HSY-MKC,-4710.922668457031,250000.0,47
2019-01-29,HSY-PG,229.13507080078125,250000.0,47
2019-01-29,BA-LHX,0.0,250000.0,47
2019-01-30,JCI-SWK,13940.775110244751,250000.0,47
2019-01-30,HSY-MKC,-4435.079051971436,250000.0,47
2019-01-30,HSY-PG,458.5369567871094,250000.0,47
2019-01-30,ELV-UHS,0.0,250000.0,47
2019-01-31,JCI-SWK,11814.029024124146,250000.0,47
2019-01-31,HSY-MKC,-4755.419094085693,250000.0,47
2019-01-31,HSY-PG,-2131.7526092529297,250000.0,47
2019-01-31,ELV-UHS,-4616.184379577637,250000.0,47
2019-01-31,CINF-MRSH,0.0,250000.0,47
2019-02-01,JCI-SWK,19595.816688537598,250000.0,47
2019-02-01,HSY-MKC,96.85019302368164,250000.0,47
2019-02-01,HSY-PG,-11329.777389526367,250000.0,47
2019-02-01,ELV-UHS,822.4640808105469,250000.0,47
2019-02-01,CINF-MRSH,-4601.7097091674805,250000.0,47
2019-02-01,VRT-WM,0.0,250000.0,47
2019-02-01,DGX-WST,0.0,250000.0,47
2019-02-04,JCI-SWK,16423.953769683838,250000.0,47
2019-02-04,HSY-MKC,-6807.619720458984,250000.0,47
2019-02-04,HSY-PG,-8102.182800292969,250000.0,47
2019-02-04,ELV-UHS,-1399.1889038085938,250000.0,47
2019-02-04,DGX-WST,3220.5677032470703,250000.0,47
2019-02-04,KHC-SYY,0.0,250000.0,47
2019-02-05,JCI-SWK,17542.060541152954,250000.0,47
2019-02-05,HSY-MKC,-2443.742362976074,250000.0,47
2019-02-05,HSY-PG,-4703.117584228516,250000.0,47
2019-02-05,ELV-UHS,-518.8739318847656,250000.0,47
2019-02-05,DGX-WST,1954.556640625,250000.0,47
2019-02-05,KHC-SYY,6171.546581268311,250000.0,47
2019-02-06,JCI-SWK,16728.804399490356,250000.0,47
2019-02-06,HSY-MKC,-5902.720481872559,250000.0,47
2019-02-06,HSY-PG,-5777.1055908203125,250000.0,47
2019-02-06,ELV-UHS,-5542.6900634765625,250000.0,47
2019-02-06,DGX-WST,1689.342300415039,250000.0,47
2019-02-06,KHC-SYY,4783.581218719482,250000.0,47
2019-02-06,NXPI-VRSN,0.0,250000.0,47
2019-02-07,JCI-SWK,14170.1409034729,250000.0,47
2019-02-07,HSY-MKC,-6244.00182723999,250000.0,47
2019-02-07,HSY-PG,357.6438446044922,250000.0,47
2019-02-07,ELV-UHS,-7276.529708862305,250000.0,47
2019-02-07,DGX-WST,-5405.891586303711,250000.0,47
2019-02-07,KHC-SYY,4113.410022735596,250000.0,47
2019-02-07,NXPI-VRSN,2058.001922607422,250000.0,47
2019-02-07,CPRT-PAYX,0.0,250000.0,47
2019-02-08,JCI-SWK,10483.345930099487,250000.0,47
2019-02-08,HSY-PG,6088.187774658203,250000.0,47
2019-02-08,ELV-UHS,-7418.956672668457,250000.0,47
2019-02-08,DGX-WST,-4287.389602661133,250000.0,47
2019-02-08,KHC-SYY,772.6211547851562,250000.0,47
2019-02-08,CPRT-PAYX,539.0841083526611,250000.0,47
2019-02-11,JCI-SWK,13112.69948387146,250000.0,47
2019-02-11,HSY-PG,5645.287155151367,250000.0,47
2019-02-11,ELV-UHS,-3733.0413208007812,250000.0,47
2019-02-11,DGX-WST,-366.85687255859375,250000.0,47
2019-02-11,KHC-SYY,12.385692596435547,250000.0,47
2019-02-11,CASY-KR,0.0,250000.0,47
2019-02-12,JCI-SWK,16639.00295639038,250000.0,47
2019-02-12,HSY-PG,8327.814865112305,250000.0,47
2019-02-12,ELV-UHS,-5412.643341064453,250000.0,47
2019-02-12,DGX-WST,847.0966033935547,250000.0,47
2019-02-12,KHC-SYY,109.97396850585938,250000.0,47
2019-02-13,JCI-SWK,18837.337781906128,250000.0,47
2019-02-13,HSY-PG,5603.454193115234,250000.0,47
2019-02-13,ELV-UHS,-3482.2725219726562,250000.0,47
2019-02-13,DGX-WST,1656.9337158203125,250000.0,47
2019-02-13,KHC-SYY,119.98985290527344,250000.0,47
2019-02-14,JCI-SWK,17928.457675933838,250000.0,47
2019-02-14,HSY-PG,3008.7599182128906,250000.0,47
2019-02-14,DGX-WST,-973.05029296875,250000.0,47
2019-02-14,KHC-SYY,-967.7656364440918,250000.0,47
2019-02-15,JCI-SWK,20870.489570617676,250000.0,47
2019-02-15,HSY-PG,8659.69711303711,250000.0,47
2019-02-15,DGX-WST,-3448.994430541992,250000.0,47
2019-02-15,KHC-SYY,-3733.504867553711,250000.0,47
2019-02-19,JCI-SWK,23015.284605026245,250000.0,47
2019-02-19,HSY-PG,6343.2989501953125,250000.0,47
2019-02-20,JCI-SWK,18712.25980949402,250000.0,47
2019-02-21,JCI-SWK,18771.172496795654,250000.0,47
2019-02-21,CPRT-PAYX,0.0,250000.0,47
2019-02-22,JCI-SWK,20068.903984069824,250000.0,47
2019-02-22,CPRT-PAYX,-7094.254426956177,250000.0,47
2019-02-22,HSY-MKC,0.0,250000.0,47
2019-02-22,KHC-SYY,0.0,250000.0,47
2019-02-25,JCI-SWK,16201.633939743042,250000.0,47
2019-02-25,CPRT-PAYX,-11905.000085830688,250000.0,47
2019-02-25,HSY-MKC,2716.1286811828613,250000.0,47
2019-02-25,KHC-SYY,-2400.66561126709,250000.0,47
2019-02-25,CINF-NDAQ,0.0,250000.0,47
2019-02-26,JCI-SWK,15321.037813186646,250000.0,47
2019-02-26,CPRT-PAYX,-9594.172368049622,250000.0,47
2019-02-26,HSY-MKC,3987.929756164551,250000.0,47
2019-02-26,KHC-SYY,-7059.252321243286,250000.0,47
2019-02-26,CINF-NDAQ,-3207.8509616851807,250000.0,47
2019-02-26,ELV-UHS,0.0,250000.0,47
2019-02-27,JCI-SWK,17186.08164024353,250000.0,47
2019-02-27,CPRT-PAYX,-5963.509554862976,250000.0,47
2019-02-27,HSY-MKC,510.9184036254883,250000.0,47
2019-02-27,KHC-SYY,-9345.14264678955,250000.0,47
2019-02-27,CINF-NDAQ,-1546.4990348815918,250000.0,47
2019-02-28,JCI-SWK,10723.56921005249,250000.0,47
2019-02-28,CPRT-PAYX,-5263.907203674316,250000.0,47
2019-02-28,HSY-MKC,501.13935470581055,250000.0,47
2019-02-28,CINF-NDAQ,-1870.3986110687256,250000.0,47
2019-02-28,ELV-UHS,0.0,250000.0,47
2019-01-03,FSLR-TXN,0.0,250000.0,48
2019-01-04,FSLR-TXN,-2176.872646331787,250000.0,48
2019-01-04,FTNT-SNPS,0.0,250000.0,48
2019-01-07,FSLR-TXN,4803.388553619385,250000.0,48
2019-01-07,FTNT-SNPS,1587.3425903320312,250000.0,48
2019-01-08,FSLR-TXN,2406.323341369629,250000.0,48
2019-01-08,FTNT-SNPS,3847.238136291504,250000.0,48
2019-01-08,MSFT-VRSN,0.0,250000.0,48
2019-01-08,CDNS-VRSN,0.0,250000.0,48
2019-01-09,FSLR-TXN,4219.625415802002,250000.0,48
2019-01-09,FTNT-SNPS,4714.941581726074,250000.0,48
2019-01-09,MSFT-VRSN,4839.570732116699,250000.0,48
2019-01-09,CDNS-VRSN,2693.6382446289062,250000.0,48
2019-01-09,KHC-STZ,0.0,250000.0,48
2019-01-10,FSLR-TXN,4730.28532409668,250000.0,48
2019-01-10,FTNT-SNPS,2444.4080200195312,250000.0,48
2019-01-10,MSFT-VRSN,185.90213775634766,250000.0,48
2019-01-10,CDNS-VRSN,1025.2357482910156,250000.0,48
2019-01-10,KHC-STZ,12175.06672668457,250000.0,48
2019-01-11,FSLR-TXN,8300.165798187256,250000.0,48
2019-01-11,FTNT-SNPS,2906.596778869629,250000.0,48
2019-01-11,MSFT-VRSN,-1608.9816284179688,250000.0,48
2019-01-11,CDNS-VRSN,1227.1078033447266,250000.0,48
2019-01-11,KHC-STZ,10925.645782470703,250000.0,48
2019-01-14,FSLR-TXN,5549.353614807129,250000.0,48
2019-01-14,FTNT-SNPS,1536.2602157592773,250000.0,48
2019-01-14,MSFT-VRSN,-1556.2210388183594,250000.0,48
2019-01-14,CDNS-VRSN,2454.1092987060547,250000.0,48
2019-01-14,KHC-STZ,9970.261184692383,250000.0,48
2019-01-15,FTNT-SNPS,3691.1192321777344,250000.0,48
2019-01-15,MSFT-VRSN,-1413.394645690918,250000.0,48
2019-01-15,CDNS-VRSN,194.01829528808594,250000.0,48
2019-01-15,KHC-STZ,5622.012405395508,250000.0,48
2019-01-16,FTNT-SNPS,-2872.0434036254883,250000.0,48
2019-01-16,MSFT-VRSN,-2588.353225708008,250000.0,48
2019-01-16,CDNS-VRSN,-1322.2054595947266,250000.0,48
2019-01-16,KHC-STZ,4949.195297241211,250000.0,48
2019-01-17,FTNT-SNPS,-2743.1722869873047,250000.0,48
2019-01-17,MSFT-VRSN,-4030.204444885254,250000.0,48
2019-01-17,CDNS-VRSN,-2828.4928436279297,250000.0,48
2019-01-17,KHC-STZ,4361.312942504883,250000.0,48
2019-01-18,MSFT-VRSN,-2626.2208938598633,250000.0,48
2019-01-18,CDNS-VRSN,-1253.8175506591797,250000.0,48
2019-01-18,KHC-STZ,8043.129318237305,250000.0,48
2019-01-18,FTNT-GLW,0.0,250000.0,48
2019-01-18,EMR-JBHT,0.0,250000.0,48
2019-01-18,FSLR-KLAC,0.0,250000.0,48
2019-01-22,MSFT-VRSN,-4310.879165649414,250000.0,48
2019-01-22,CDNS-VRSN,-2125.5008850097656,250000.0,48
2019-01-22,KHC-STZ,10443.477310180664,250000.0,48
2019-01-22,EMR-JBHT,2905.542984008789,250000.0,48
2019-01-22,FSLR-KLAC,598.7389822006226,250000.0,48
2019-01-23,KHC-STZ,13134.518508911133,250000.0,48
2019-01-23,EMR-JBHT,5095.979827880859,250000.0,48
2019-01-24,KHC-STZ,14805.566757202148,250000.0,48
2019-01-24,EMR-JBHT,5587.3078536987305,250000.0,48
2019-01-25,EMR-JBHT,5107.440010070801,250000.0,48
2019-01-28,EMR-JBHT,-897.6079559326172,250000.0,48
2019-01-28,MSFT-VRSN,0.0,250000.0,48
2019-01-29,EMR-JBHT,985.3441314697266,250000.0,48
2019-01-29,MSFT-VRSN,-412.68345642089844,250000.0,48
2019-01-29,AJG-WTW,0.0,250000.0,48
2019-01-29,FTNT-GLW,0.0,250000.0,48
2019-01-29,LHX-URI,0.0,250000.0,48
2019-01-30,EMR-JBHT,5560.643348693848,250000.0,48
2019-01-30,MSFT-VRSN,-1293.422119140625,250000.0,48
2019-01-30,AJG-WTW,361.4569091796875,250000.0,48
2019-01-30,FTNT-GLW,5198.309633255005,250000.0,48
2019-01-30,LHX-URI,8060.5360107421875,250000.0,48
2019-01-31,EMR-JBHT,4586.289253234863,250000.0,48
2019-01-31,FTNT-GLW,9812.513583183289,250000.0,48
2019-01-31,LHX-URI,6503.763000488281,250000.0,48
2019-02-01,EMR-JBHT,7192.802787780762,250000.0,48
2019-02-01,FTNT-GLW,15512.417092323303,250000.0,48
2019-02-01,LHX-URI,7340.085205078125,250000.0,48
2019-02-01,CRL-WST,0.0,250000.0,48
2019-02-04,FTNT-GLW,14464.81336593628,250000.0,48
2019-02-04,LHX-URI,5644.537048339844,250000.0,48
2019-02-04,CRL-WST,-1583.4421997070312,250000.0,48
2019-02-04,CINF-WTW,0.0,250000.0,48
2019-02-05,LHX-URI,3852.6641845703125,250000.0,48
2019-02-05,CRL-WST,-2154.905075073242,250000.0,48
2019-02-05,CINF-WTW,1270.4331665039062,250000.0,48
2019-02-06,LHX-URI,3732.2571411132812,250000.0,48
2019-02-06,CRL-WST,-2204.817596435547,250000.0,48
2019-02-06,FSLR-TXN,0.0,250000.0,48
2019-02-07,LHX-URI,-1662.2159423828125,250000.0,48
2019-02-07,CRL-WST,-3056.953826904297,250000.0,48
2019-02-07,FSLR-TXN,3531.0138244628906,250000.0,48
2019-02-07,CINF-WTW,0.0,250000.0,48
2019-02-07,ACGL-ICE,0.0,250000.0,48
2019-02-08,LHX-URI,-7214.053283691406,250000.0,48
2019-02-08,CRL-WST,-3404.943405151367,250000.0,48
2019-02-08,FSLR-TXN,2205.4288635253906,250000.0,48
2019-02-08,CINF-WTW,8924.15739440918,250000.0,48
2019-02-08,ACGL-ICE,2200.994541168213,250000.0,48
2019-02-08,FTNT-MSI,0.0,250000.0,48
2019-02-11,LHX-URI,-5128.7703857421875,250000.0,48
2019-02-11,CRL-WST,-2318.534378051758,250000.0,48
2019-02-11,FSLR-TXN,6481.6583251953125,250000.0,48
2019-02-11,ACGL-ICE,22.405733108520508,250000.0,48
2019-02-11,FTNT-MSI,2630.5267219543457,250000.0,48
2019-02-12,LHX-URI,-1265.3662719726562,250000.0,48
2019-02-12,CRL-WST,-4060.897003173828,250000.0,48
2019-02-12,FSLR-TXN,4127.161285400391,250000.0,48
2019-02-12,ACGL-ICE,519.9939918518066,250000.0,48
2019-02-12,FTNT-MSI,-2053.1162281036377,250000.0,48
2019-02-13,LHX-URI,473.50689697265625,250000.0,48
2019-02-13,FSLR-TXN,3578.9837951660156,250000.0,48
2019-02-13,ACGL-ICE,-1097.5472164154053,250000.0,48
2019-02-13,FTNT-MSI,-3287.488327026367,250000.0,48
2019-02-14,FSLR-TXN,5120.297119140625,250000.0,48
2019-02-14,ACGL-ICE,-957.8639831542969,250000.0,48
2019-02-14,FTNT-MSI,-1958.8941898345947,250000.0,48
2019-02-14,CRL-WST,0.0,250000.0,48
2019-02-15,FSLR-TXN,-1705.260513305664,250000.0,48
2019-02-15,ACGL-ICE,-3602.835931777954,250000.0,48
2019-02-15,FTNT-MSI,-4669.81005859375,250000.0,48
2019-02-15,CRL-WST,1267.7138671875,250000.0,48
2019-02-19,FSLR-TXN,7454.26806640625,250000.0,48
2019-02-19,FTNT-MSI,-4657.015256881714,250000.0,48
2019-02-19,CRL-WST,2466.835693359375,250000.0,48
2019-02-20,FSLR-TXN,4815.490005493164,250000.0,48
2019-02-20,FTNT-MSI,-5249.831489562988,250000.0,48
2019-02-20,CRL-WST,2784.0378341674805,250000.0,48
2019-02-20,KHC-STZ,0.0,250000.0,48
2019-02-20,CDNS-VRSN,0.0,250000.0,48
2019-02-20,GRMN-MGM,0.0,250000.0,48
2019-02-21,FTNT-MSI,-3334.897232055664,250000.0,48
2019-02-21,CRL-WST,4396.040664672852,250000.0,48
2019-02-21,KHC-STZ,-1442.131980895996,250000.0,48
2019-02-21,CDNS-VRSN,-1214.1180725097656,250000.0,48
2019-02-21,GRMN-MGM,-1673.7640762329102,250000.0,48
2019-02-21,FTNT-SNPS,0.0,250000.0,48
2019-02-22,FTNT-MSI,-4784.951133728027,250000.0,48
2019-02-22,CRL-WST,3084.926742553711,250000.0,48
2019-02-22,CDNS-VRSN,-1505.7863159179688,250000.0,48
2019-02-22,GRMN-MGM,-9580.57219696045,250000.0,48
2019-02-22,FTNT-SNPS,-1991.277458190918,250000.0,48
2019-02-22,EMR-JBHT,0.0,250000.0,48
2019-02-25,CRL-WST,4460.057312011719,250000.0,48
2019-02-25,CDNS-VRSN,-5059.367568969727,250000.0,48
2019-02-25,GRMN-MGM,-11405.400596618652,250000.0,48
2019-02-25,FTNT-SNPS,-1011.8659744262695,250000.0,48
2019-02-25,EMR-JBHT,-4643.8940353393555,250000.0,48
2019-02-26,CRL-WST,6034.9238204956055,250000.0,48
2019-02-26,CDNS-VRSN,-5102.553497314453,250000.0,48
2019-02-26,GRMN-MGM,-11941.032249450684,250000.0,48
2019-02-26,FTNT-SNPS,-1659.6506633758545,250000.0,48
2019-02-26,EMR-JBHT,-1803.5994338989258,250000.0,48
2019-02-27,CRL-WST,4353.141273498535,250000.0,48
2019-02-27,CDNS-VRSN,-5969.484603881836,250000.0,48
2019-02-27,GRMN-MGM,-18335.747817993164,250000.0,48
2019-02-27,FTNT-SNPS,-3126.1088104248047,250000.0,48
2019-02-27,EMR-JBHT,-4775.292350769043,250000.0,48
2019-02-28,CRL-WST,6909.24235534668,250000.0,48
2019-02-28,CDNS-VRSN,-5043.439178466797,250000.0,48
2019-02-28,GRMN-MGM,-21168.90827178955,250000.0,48
2019-02-28,FTNT-SNPS,-3518.344223022461,250000.0,48
2019-02-28,EMR-JBHT,-1890.8275909423828,250000.0,48
2019-03-01,CRL-WST,8309.665138244629,250000.0,48
2019-03-01,CDNS-VRSN,-4785.697723388672,250000.0,48
2019-03-01,GRMN-MGM,-21780.52505493164,250000.0,48
2019-03-01,FTNT-SNPS,-44.851890563964844,250000.0,48
2019-03-01,EMR-JBHT,-3801.4757690429688,250000.0,48
2019-03-04,CRL-WST,8312.925247192383,250000.0,48
2019-03-04,GRMN-MGM,-23176.320671081543,250000.0,48
2019-03-04,EMR-JBHT,-5193.373764038086,250000.0,48
2019-03-04,AJG-WTW,0.0,250000.0,48
2019-03-04,CINF-WTW,0.0,250000.0,48
2019-03-05,CRL-WST,7744.116737365723,250000.0,48
2019-03-05,FISV-WTW,0.0,250000.0,48
2019-03-06,CRL-WST,6012.950836181641,250000.0,48
2019-03-06,FTNT-MSI,0.0,250000.0,48
2019-03-07,CRL-WST,5187.346527099609,250000.0,48
2019-03-07,FTNT-MSI,-572.2293701171875,250000.0,48
2019-03-07,ADM-KR,0.0,250000.0,48
2019-03-08,CRL-WST,3521.7136001586914,250000.0,48
2019-03-08,ADM-KR,-10358.69320678711,250000.0,48
2019-03-11,CRL-WST,4609.602508544922,250000.0,48
2019-03-11,ADM-KR,-11237.2219581604,250000.0,48
2019-03-12,CRL-WST,5426.7802658081055,250000.0,48
2019-03-12,ADM-KR,-13307.221649169922,250000.0,48
2019-03-13,CRL-WST,8825.254768371582,250000.0,48
2019-03-13,ADM-KR,-11974.532615661621,250000.0,48
2019-03-14,ADM-KR,-12025.516292572021,250000.0,48
2019-03-15,ADM-KR,-15309.339824676514,250000.0,48
2019-03-18,ADM-KR,-11300.749851226807,250000.0,48
2019-03-19,ADM-KR,-15079.105648040771,250000.0,48
2019-03-19,KHC-STZ,0.0,250000.0,48
2019-03-19,EMR-JBHT,0.0,250000.0,48
2019-03-20,ADM-KR,-16213.30253982544,250000.0,48
2019-03-20,KHC-STZ,-3866.1842041015625,250000.0,48
2019-03-20,EMR-JBHT,-1532.601505279541,250000.0,48
2019-03-20,AJG-WTW,0.0,250000.0,48
2019-03-21,ADM-KR,-14776.702091217041,250000.0,48
2019-03-21,KHC-STZ,1890.7479972839355,250000.0,48
2019-03-21,EMR-JBHT,-3984.5550498962402,250000.0,48
2019-03-21,AJG-WTW,1235.355697631836,250000.0,48
2019-03-22,EMR-JBHT,-1993.243751525879,250000.0,48
2019-03-22,AJG-WTW,741.3818817138672,250000.0,48
2019-03-25,EMR-JBHT,-3048.073055267334,250000.0,48
2019-03-25,AJG-WTW,-1999.1827850341797,250000.0,48
2019-03-26,EMR-JBHT,-2070.710796356201,250000.0,48
2019-03-26,AJG-WTW,-4204.216323852539,250000.0,48
2019-03-27,EMR-JBHT,888.3548393249512,250000.0,48
2019-03-27,FTNT-SNPS,0.0,250000.0,48
2019-03-28,EMR-JBHT,4152.820114135742,250000.0,48
2019-03-28,FTNT-SNPS,-1555.027976989746,250000.0,48
2019-03-29,EMR-JBHT,1792.5894584655762,250000.0,48
2019-03-29,FTNT-SNPS,857.8860626220703,250000.0,48
2019-03-29,CRL-WST,0.0,250000.0,48
2019-02-05,PNR-WM,0.0,250000.0,49
2019-02-06,PNR-WM,1455.503662109375,250000.0,49
2019-02-06,BLK-CB,0.0,250000.0,49
2019-02-07,PNR-WM,92.088134765625,250000.0,49
2019-02-07,BLK-CB,1675.9822235107422,250000.0,49
2019-02-08,PNR-WM,-1187.979248046875,250000.0,49
2019-02-08,BLK-CB,1749.871566772461,250000.0,49
2019-02-11,PNR-WM,-935.410888671875,250000.0,49
2019-02-11,BLK-CB,2001.5803680419922,250000.0,49
2019-02-11,CTAS-WM,0.0,250000.0,49
2019-02-12,PNR-WM,-3247.615966796875,250000.0,49
2019-02-12,BLK-CB,2876.174774169922,250000.0,49
2019-02-13,PNR-WM,-2423.377685546875,250000.0,49
2019-02-13,BLK-CB,3041.490249633789,250000.0,49
2019-02-14,BLK-CB,340.07810974121094,250000.0,49
2019-02-15,BLK-CB,3566.933059692383,250000.0,49
2019-02-15,AMAT-IBM,0.0,250000.0,49
2019-02-19,AMAT-IBM,-413.6730499267578,250000.0,49
2019-02-19,ODFL-PAYX,0.0,250000.0,49
2019-02-20,AMAT-IBM,452.1331367492676,250000.0,49
2019-02-20,ODFL-PAYX,-3025.570198059082,250000.0,49
2019-02-21,AMAT-IBM,58.64683532714844,250000.0,49
2019-02-21,ODFL-PAYX,-2309.952537536621,250000.0,49
2019-02-22,AMAT-IBM,-83.37378692626953,250000.0,49
2019-02-22,ODFL-PAYX,-340.81614685058594,250000.0,49
2019-02-25,AMAT-IBM,460.7865295410156,250000.0,49
2019-02-25,ODFL-PAYX,-642.6352958679199,250000.0,49
2019-02-26,AMAT-IBM,-331.69839096069336,250000.0,49
2019-02-26,ODFL-PAYX,1350.411735534668,250000.0,49
2019-02-26,CMCSA-WBD,0.0,250000.0,49
2019-02-27,AMAT-IBM,-2551.043872833252,250000.0,49
2019-02-27,ODFL-PAYX,3479.3226432800293,250000.0,49
2019-02-27,CMCSA-WBD,4457.329273223877,250000.0,49
2019-02-27,BLK-CB,0.0,250000.0,49
2019-02-28,AMAT-IBM,-2436.103816986084,250000.0,49
2019-02-28,ODFL-PAYX,4761.210865020752,250000.0,49
2019-02-28,CMCSA-WBD,5576.825660705566,250000.0,49
2019-02-28,BLK-CB,1280.4269561767578,250000.0,49
2019-03-01,AMAT-IBM,-3489.699821472168,250000.0,49
2019-03-01,ODFL-PAYX,3859.188591003418,250000.0,49
2019-03-01,CMCSA-WBD,3568.5479164123535,250000.0,49
2019-03-01,BLK-CB,1532.7224807739258,250000.0,49
2019-03-04,ODFL-PAYX,5666.602165222168,250000.0,49
2019-03-04,CMCSA-WBD,4018.8958110809326,250000.0,49
2019-03-04,BLK-CB,2386.012725830078,250000.0,49
2019-03-04,COHR-FTNT,0.0,250000.0,49
2019-03-05,BLK-CB,2775.3992919921875,250000.0,49
2019-03-05,COHR-FTNT,5295.439521789551,250000.0,49
2019-03-05,AMD-MU,0.0,250000.0,49
2019-03-06,BLK-CB,3090.82169342041,250000.0,49
2019-03-06,AMD-MU,-4721.997844696045,250000.0,49
2019-03-07,AMD-MU,-2878.3402462005615,250000.0,49
2019-03-08,AMD-MU,2770.877359390259,250000.0,49
2019-03-11,AMD-MU,-1960.8253555297852,250000.0,49
2019-03-12,AMD-MU,-4550.666040420532,250000.0,49
2019-03-13,AMD-MU,-6353.038492202759,250000.0,49
2019-03-13,CMCSA-WBD,0.0,250000.0,49
2019-03-14,AMD-MU,-4788.969505310059,250000.0,49
2019-03-14,CMCSA-WBD,1909.981346130371,250000.0,49
2019-03-15,AMD-MU,-1241.807861328125,250000.0,49
2019-03-15,CMCSA-WBD,-3376.8504333496094,250000.0,49
2019-03-15,AMAT-IBM,0.0,250000.0,49
2019-03-18,AMD-MU,-504.96427154541016,250000.0,49
2019-03-18,CMCSA-WBD,-387.18395233154297,250000.0,49
2019-03-18,AMAT-IBM,3469.181499481201,250000.0,49
2019-03-19,CMCSA-WBD,1124.9065036773682,250000.0,49
2019-03-19,AMAT-IBM,2006.7194290161133,250000.0,49
2019-03-19,BR-UNP,0.0,250000.0,49
2019-03-20,CMCSA-WBD,-1434.859811782837,250000.0,49
2019-03-20,BR-UNP,2920.887535095215,250000.0,49
2019-03-21,CMCSA-WBD,-6638.295989990234,250000.0,49
2019-03-21,BR-UNP,3290.1697540283203,250000.0,49
2019-03-22,CMCSA-WBD,-1532.4878902435303,250000.0,49
2019-03-22,BR-UNP,5238.622291564941,250000.0,49
2019-03-22,CTAS-WM,0.0,250000.0,49
2019-03-22,BLK-CB,0.0,250000.0,49
2019-03-22,PH-WM,0.0,250000.0,49
2019-03-25,CMCSA-WBD,5019.29182434082,250000.0,49
2019-03-25,BR-UNP,6649.103340148926,250000.0,49
2019-03-25,CTAS-WM,1193.0846557617188,250000.0,49
2019-03-25,BLK-CB,-634.5940246582031,250000.0,49
2019-03-25,PH-WM,-358.39080810546875,250000.0,49
2019-03-26,CMCSA-WBD,5974.002372741699,250000.0,49
2019-03-26,BR-UNP,6273.1103439331055,250000.0,49
2019-03-26,CTAS-WM,-224.21150970458984,250000.0,49
2019-03-26,BLK-CB,179.63623046875,250000.0,49
2019-03-26,PH-WM,-1929.5110321044922,250000.0,49
2019-03-27,CMCSA-WBD,306.55646324157715,250000.0,49
2019-03-27,CTAS-WM,864.5625419616699,250000.0,49
2019-03-27,BLK-CB,-3427.2271423339844,250000.0,49
2019-03-27,PH-WM,619.6275939941406,250000.0,49
2019-03-28,CTAS-WM,874.4180030822754,250000.0,49
2019-03-28,BLK-CB,-2382.1236572265625,250000.0,49
2019-03-28,PH-WM,2388.7528381347656,250000.0,49
2019-03-28,BR-IEX,0.0,250000.0,49
2019-03-29,CTAS-WM,823.3939895629883,250000.0,49
2019-03-29,BLK-CB,-3543.553924560547,250000.0,49
2019-03-29,PH-WM,3261.840072631836,250000.0,49
2019-03-29,BR-IEX,-2741.2096633911133,250000.0,49
2019-04-01,CTAS-WM,2738.0147857666016,250000.0,49
2019-04-01,BLK-CB,-2999.8318786621094,250000.0,49
2019-04-01,BR-IEX,-300.8740921020508,250000.0,49
2019-04-02,CTAS-WM,3631.9201278686523,250000.0,49
2019-04-02,BLK-CB,-703.791259765625,250000.0,49
2019-04-02,BR-IEX,-2503.379753112793,250000.0,49
2019-04-03,CTAS-WM,4572.401741027832,250000.0,49
2019-04-03,BR-UNP,0.0,250000.0,49
2019-04-04,BR-UNP,-10.741874694824219,250000.0,49
2019-04-04,FIX-WM,0.0,250000.0,49
2019-04-04,HON-WM,0.0,250000.0,49
2019-04-05,BR-UNP,-8543.983863830566,250000.0,49
2019-04-05,FIX-WM,-1735.1659851074219,250000.0,49
2019-04-05,HON-WM,-276.4989776611328,250000.0,49
2019-04-08,BR-UNP,-8818.605033874512,250000.0,49
2019-04-08,FIX-WM,-1862.1018676757812,250000.0,49
2019-04-08,HON-WM,-984.2319641113281,250000.0,49
2019-04-09,BR-UNP,-12696.362365722656,250000.0,49
2019-04-09,FIX-WM,-1652.500099182129,250000.0,49
2019-04-09,HON-WM,-614.4871520996094,250000.0,49
2019-04-09,PNR-WM,0.0,250000.0,49
2019-04-10,BR-UNP,-13556.910446166992,250000.0,49
2019-04-10,FIX-WM,1109.2906341552734,250000.0,49
2019-04-10,HON-WM,3617.542724609375,250000.0,49
2019-04-10,PNR-WM,-2589.4185485839844,250000.0,49
2019-04-11,BR-UNP,-16770.619132995605,250000.0,49
2019-04-11,FIX-WM,-6357.130676269531,250000.0,49
2019-04-11,HON-WM,-3297.4158935546875,250000.0,49
2019-04-11,PNR-WM,7588.519950866699,250000.0,49
2019-04-11,AJG-AXP,0.0,250000.0,49
2019-04-11,HON-RSG,0.0,250000.0,49
2019-04-12,BR-UNP,-18081.776679992676,250000.0,49
2019-04-12,FIX-WM,-4908.041763305664,250000.0,49
2019-04-12,HON-WM,-2218.192825317383,250000.0,49
2019-04-12,PNR-WM,5054.640213012695,250000.0,49
2019-04-12,AJG-AXP,-692.8107681274414,250000.0,49
2019-04-12,HON-RSG,1324.4691925048828,250000.0,49
2019-04-15,FIX-WM,-4446.879211425781,250000.0,49
2019-04-15,PNR-WM,-2011.523754119873,250000.0,49
2019-04-15,AJG-AXP,-1886.256477355957,250000.0,49
2019-04-16,FIX-WM,-5774.623138427734,250000.0,49
2019-04-16,PNR-WM,928.1378288269043,250000.0,49
2019-04-16,AJG-AXP,126.236572265625,250000.0,49
2019-04-17,FIX-WM,-3578.286201477051,250000.0,49
2019-04-17,PNR-WM,-12182.17367553711,250000.0,49
2019-04-17,AJG-AXP,2190.9352798461914,250000.0,49
2019-04-17,BLK-CB,0.0,250000.0,49
2019-04-17,AMAT-IBM,0.0,250000.0,49
2019-04-17,J-ODFL,0.0,250000.0,49
2019-04-18,FIX-WM,-2034.4921951293945,250000.0,49
2019-04-18,PNR-WM,-14492.951084136963,250000.0,49
2019-04-18,BLK-CB,2089.8072967529297,250000.0,49
2019-04-18,AMAT-IBM,1905.38969039917,250000.0,49
2019-04-18,J-ODFL,3317.052875518799,250000.0,49
2019-04-18,BR-UNP,0.0,250000.0,49
2019-04-22,PNR-WM,-17816.691890716553,250000.0,49
2019-04-22,BLK-CB,1440.0466766357422,250000.0,49
2019-04-22,AMAT-IBM,83.17481994628906,250000.0,49
2019-04-22,BR-UNP,130.5468521118164,250000.0,49
2019-04-23,PNR-WM,-16453.697692871094,250000.0,49
2019-04-23,BLK-CB,-390.42681884765625,250000.0,49
2019-04-23,AMAT-IBM,2677.2214889526367,250000.0,49
2019-04-23,BR-UNP,6094.01741027832,250000.0,49
2019-04-24,BLK-CB,1400.6221466064453,250000.0,49
2019-04-24,AMAT-IBM,-1217.928020477295,250000.0,49
2019-04-25,AMAT-IBM,-3542.2417488098145,250000.0,49
2019-04-25,AJG-FDS,0.0,250000.0,49
2019-04-26,AMAT-IBM,-3091.520309448242,250000.0,49
2019-04-26,AJG-FDS,1950.2304382324219,250000.0,49
2019-04-26,FIX-WM,0.0,250000.0,49
2019-04-29,AMAT-IBM,-1782.5722732543945,250000.0,49
2019-04-29,FIX-WM,-6333.390121459961,250000.0,49
2019-04-29,HON-RSG,0.0,250000.0,49
2019-04-30,AMAT-IBM,1223.3517608642578,250000.0,49
2019-04-30,FIX-WM,-3889.037612915039,250000.0,49
2019-04-30,HON-RSG,-1479.4506378173828,250000.0,49
2019-03-01,BMY-DGX,0.0,250000.0,50
2019-03-04,BMY-DGX,-1232.3200454711914,250000.0,50
2019-03-05,BMY-DGX,-6394.514190673828,250000.0,50
2019-03-05,AMD-GLW,0.0,250000.0,50
2019-03-05,AMD-MU,0.0,250000.0,50
2019-03-05,JCI-MMM,0.0,250000.0,50
2019-03-06,BMY-DGX,-7398.193000793457,250000.0,50
2019-03-06,AMD-MU,-4721.997844696045,250000.0,50
2019-03-06,JCI-MMM,-922.1134700775146,250000.0,50
2019-03-06,ORCL-TRMB,0.0,250000.0,50
2019-03-07,BMY-DGX,-1518.1344985961914,250000.0,50
2019-03-07,AMD-MU,-2878.3402462005615,250000.0,50
2019-03-08,BMY-DGX,2318.5787506103516,250000.0,50
2019-03-08,AMD-MU,2770.877359390259,250000.0,50
2019-03-08,AMD-MRVL,0.0,250000.0,50
2019-03-11,AMD-MU,-1960.8253555297852,250000.0,50
2019-03-11,AMD-MRVL,1377.1977672576904,250000.0,50
2019-03-12,AMD-MU,-4550.666040420532,250000.0,50
2019-03-12,AMD-MRVL,2406.124126434326,250000.0,50
2019-03-13,AMD-MU,-6353.038492202759,250000.0,50
2019-03-13,AMD-MRVL,1993.105239868164,250000.0,50
2019-03-14,AMD-MU,-4788.969505310059,250000.0,50
2019-03-14,AMD-MRVL,2956.2107944488525,250000.0,50
2019-03-15,AMD-MU,-1241.807861328125,250000.0,50
2019-03-18,AMD-MU,-504.96427154541016,250000.0,50
2019-03-19,AMD-GLW,0.0,250000.0,50
2019-03-19,AMD-WDC,0.0,250000.0,50
2019-03-19,AMD-NXPI,0.0,250000.0,50
2019-03-19,AMD-STX,0.0,250000.0,50
2019-03-19,AMD-ON,0.0,250000.0,50
2019-03-19,AMD-MRVL,0.0,250000.0,50
2019-03-19,AMD-KLAC,0.0,250000.0,50
2019-03-20,AMD-GLW,-1248.477783203125,250000.0,50
2019-03-20,AMD-WDC,-1032.0230255126953,250000.0,50
2019-03-20,AMD-NXPI,-2456.511764526367,250000.0,50
2019-03-20,AMD-STX,-3443.6687393188477,250000.0,50
2019-03-20,AMD-ON,-4218.003715515137,250000.0,50
2019-03-20,AMD-MRVL,-272.0351791381836,250000.0,50
2019-03-20,AMD-KLAC,2188.221668243408,250000.0,50
2019-03-20,EXPD-LII,0.0,250000.0,50
2019-03-21,AMD-GLW,-8580.742658615112,250000.0,50
2019-03-21,AMD-WDC,3510.2061080932617,250000.0,50
2019-03-21,AMD-NXPI,-10937.796188354492,250000.0,50
2019-03-21,AMD-STX,-4198.011013031006,250000.0,50
2019-03-21,AMD-ON,-14940.077495574951,250000.0,50
2019-03-21,AMD-MRVL,-8492.87728691101,250000.0,50
2019-03-21,AMD-KLAC,-9227.148113250732,250000.0,50
2019-03-21,EXPD-LII,-864.9001922607422,250000.0,50
2019-03-22,AMD-GLW,-7568.145458221436,250000.0,50
2019-03-22,AMD-WDC,-636.2569541931152,250000.0,50
2019-03-22,AMD-NXPI,-8734.011089324951,250000.0,50
2019-03-22,AMD-STX,-4348.474187850952,250000.0,50
2019-03-22,AMD-ON,-8105.60838508606,250000.0,50
2019-03-22,AMD-MRVL,-9443.030841827393,250000.0,50
2019-03-22,AMD-KLAC,-2519.1116123199463,250000.0,50
2019-03-22,EXPD-LII,-2361.3712005615234,250000.0,50
2019-03-22,INCY-TECH,0.0,250000.0,50
2019-03-22,KIM-PLD,0.0,250000.0,50
2019-03-25,AMD-GLW,-6127.016185760498,250000.0,50
2019-03-25,AMD-WDC,319.7226905822754,250000.0,50
2019-03-25,AMD-NXPI,-10240.686321258545,250000.0,50
2019-03-25,AMD-STX,-2063.4983806610107,250000.0,50
2019-03-25,AMD-ON,-11609.435754776001,250000.0,50
2019-03-25,AMD-MRVL,-5933.870498657227,250000.0,50
2019-03-25,AMD-KLAC,-1314.5136623382568,250000.0,50
2019-03-25,EXPD-LII,-6370.3519287109375,250000.0,50
2019-03-25,INCY-TECH,819.3005142211914,250000.0,50
2019-03-25,KIM-PLD,-663.1476488113403,250000.0,50
2019-03-26,AMD-GLW,-5602.10701751709,250000.0,50
2019-03-26,AMD-WDC,-1412.7669868469238,250000.0,50
2019-03-26,AMD-NXPI,-7064.163738250732,250000.0,50
2019-03-26,AMD-STX,1916.354829788208,250000.0,50
2019-03-26,AMD-ON,-8201.398233413696,250000.0,50
2019-03-26,AMD-MRVL,-4144.727283477783,250000.0,50
2019-03-26,AMD-KLAC,2505.9431896209717,250000.0,50
2019-03-26,EXPD-LII,-7367.650573730469,250000.0,50
2019-03-26,INCY-TECH,529.6420364379883,250000.0,50
2019-03-26,KIM-PLD,-1471.7719507217407,250000.0,50
2019-03-27,AMD-GLW,-4092.1519565582275,250000.0,50
2019-03-27,AMD-WDC,-3155.488025665283,250000.0,50
2019-03-27,AMD-NXPI,-5983.695137023926,250000.0,50
2019-03-27,AMD-STX,191.82462310791016,250000.0,50
2019-03-27,AMD-ON,-4759.712226867676,250000.0,50
2019-03-27,AMD-MRVL,3985.669942855835,250000.0,50
2019-03-27,AMD-KLAC,5580.950412750244,250000.0,50
2019-03-27,EXPD-LII,-7511.2998046875,250000.0,50
2019-03-27,INCY-TECH,884.304328918457,250000.0,50
2019-03-27,KIM-PLD,-1667.855492591858,250000.0,50
2019-03-28,AMD-GLW,-7436.620153427124,250000.0,50
2019-03-28,AMD-WDC,-78.35095596313477,250000.0,50
2019-03-28,AMD-NXPI,-11175.07678604126,250000.0,50
2019-03-28,AMD-STX,-104.91242027282715,250000.0,50
2019-03-28,AMD-ON,-9846.851766586304,250000.0,50
2019-03-28,AMD-MRVL,-2343.4427947998047,250000.0,50
2019-03-28,AMD-KLAC,2759.1716899871826,250000.0,50
2019-03-28,EXPD-LII,-7065.067352294922,250000.0,50
2019-03-28,KIM-PLD,-2456.5388050079346,250000.0,50
2019-03-28,ACN-ORCL,0.0,250000.0,50
2019-03-29,AMD-GLW,-8397.058982849121,250000.0,50
2019-03-29,AMD-WDC,8014.85551071167,250000.0,50
2019-03-29,AMD-NXPI,-8148.199897766113,250000.0,50
2019-03-29,AMD-STX,6709.237491607666,250000.0,50
2019-03-29,AMD-ON,-11292.01089477539,250000.0,50
2019-03-29,AMD-MRVL,-286.94663429260254,250000.0,50
2019-03-29,AMD-KLAC,2706.38228225708,250000.0,50
2019-03-29,EXPD-LII,-5397.515518188477,250000.0,50
2019-03-29,KIM-PLD,-1366.4374885559082,250000.0,50
2019-03-29,ACN-ORCL,1415.349594116211,250000.0,50
2019-04-01,AMD-GLW,-6865.902742385864,250000.0,50
2019-04-01,AMD-WDC,7124.262107849121,250000.0,50
2019-04-01,AMD-NXPI,1390.9643859863281,250000.0,50
2019-04-01,AMD-STX,3656.2290573120117,250000.0,50
2019-04-01,AMD-ON,-9590.229038238525,250000.0,50
2019-04-01,AMD-MRVL,-2688.608108520508,250000.0,50
2019-04-01,AMD-KLAC,960.9458999633789,250000.0,50
2019-04-01,EXPD-LII,-4307.035400390625,250000.0,50
2019-04-01,KIM-PLD,37.789995193481445,250000.0,50
2019-04-01,ACN-ORCL,5161.238174438477,250000.0,50
2019-04-01,DAL-HII,0.0,250000.0,50
2019-04-02,AMD-GLW,-8182.420595169067,250000.0,50
2019-04-02,AMD-WDC,9295.577144622803,250000.0,50
2019-04-02,AMD-NXPI,-5992.3208084106445,250000.0,50
2019-04-02,AMD-STX,2658.153736114502,250000.0,50
2019-04-02,AMD-ON,-14158.662998199463,250000.0,50
2019-04-02,AMD-MRVL,-5993.067804336548,250000.0,50
2019-04-02,AMD-KLAC,-2942.692153930664,250000.0,50
2019-04-02,EXPD-LII,-2641.424102783203,250000.0,50
2019-04-02,KIM-PLD,1594.5906820297241,250000.0,50
2019-04-02,ACN-ORCL,4225.856781005859,250000.0,50
2019-04-03,EXPD-LII,-5796.872344970703,250000.0,50
2019-04-03,ACN-ORCL,1723.3869171142578,250000.0,50
2019-04-03,DVA-MDT,0.0,250000.0,50
2019-04-04,ACN-ORCL,629.8073577880859,250000.0,50
2019-04-04,DVA-MDT,2378.786148071289,250000.0,50
2019-04-05,ACN-ORCL,15.637115478515625,250000.0,50
2019-04-05,DVA-MDT,613.8350067138672,250000.0,50
2019-04-08,ACN-ORCL,-1839.62109375,250000.0,50
2019-04-08,DVA-MDT,1558.6405487060547,250000.0,50
2019-04-09,ACN-ORCL,25.4920654296875,250000.0,50
2019-04-09,DVA-MDT,937.6475372314453,250000.0,50
2019-04-10,ACN-ORCL,978.3464202880859,250000.0,50
2019-04-10,DVA-MDT,-179.39564514160156,250000.0,50
2019-04-11,ACN-ORCL,-1438.0950622558594,250000.0,50
2019-04-11,DVA-MDT,-1703.0271759033203,250000.0,50
2019-04-12,ACN-ORCL,1590.9553985595703,250000.0,50
2019-04-12,DVA-MDT,-4006.653518676758,250000.0,50
2019-04-12,KIM-PLD,0.0,250000.0,50
2019-04-15,ACN-ORCL,1444.2792053222656,250000.0,50
2019-04-15,DVA-MDT,-4355.478591918945,250000.0,50
2019-04-15,KIM-PLD,-2384.5904293060303,250000.0,50
2019-04-16,ACN-ORCL,1531.8804168701172,250000.0,50
2019-04-17,ACN-ORCL,1139.2941589355469,250000.0,50
2019-04-18,ACN-ORCL,1719.9736022949219,250000.0,50
2019-04-22,ACN-ORCL,2813.9925537109375,250000.0,50
2019-04-23,ACN-ORCL,1548.2185668945312,250000.0,50
2019-04-24,ACN-ORCL,2300.9658966064453,250000.0,50
2019-04-24,AMD-STX,0.0,250000.0,50
2019-04-25,ACN-ORCL,2489.1804962158203,250000.0,50
2019-04-25,AMD-STX,-146.2771873474121,250000.0,50
2019-04-25,JCI-MMM,0.0,250000.0,50
2019-04-25,ADP-UPS,0.0,250000.0,50
2019-04-26,ACN-ORCL,3363.7058868408203,250000.0,50
2019-04-26,AMD-STX,-7197.409955978394,250000.0,50
2019-04-26,JCI-MMM,-1219.5130710601807,250000.0,50
2019-04-26,ADP-UPS,-2618.942916870117,250000.0,50
2019-04-29,ACN-ORCL,1368.1302795410156,250000.0,50
2019-04-29,AMD-STX,-6335.7176151275635,250000.0,50
2019-04-29,JCI-MMM,-3726.293634414673,250000.0,50
2019-04-29,ADP-UPS,325.85980224609375,250000.0,50
2019-04-30,ACN-ORCL,866.1847686767578,250000.0,50
2019-04-30,JCI-MMM,-5465.136976242065,250000.0,50
2019-04-30,ADP-UPS,1973.1066284179688,250000.0,50
2019-04-30,AMD-GLW,0.0,250000.0,50
2019-04-30,AMD-NXPI,0.0,250000.0,50
2019-04-30,AMD-ON,0.0,250000.0,50
2019-05-01,ACN-ORCL,308.8101043701172,250000.0,50
2019-05-01,JCI-MMM,-18142.660009384155,250000.0,50
2019-05-01,ADP-UPS,6233.934539794922,250000.0,50
2019-05-01,AMD-GLW,6580.662940979004,250000.0,50
2019-05-01,AMD-NXPI,-3339.8526306152344,250000.0,50
2019-05-01,AMD-ON,-407.10791778564453,250000.0,50
2019-05-02,ACN-ORCL,1198.8961944580078,250000.0,50
2019-05-02,ADP-UPS,7252.899856567383,250000.0,50
2019-05-02,AMD-GLW,-4509.746364593506,250000.0,50
2019-05-02,AMD-NXPI,1569.018144607544,250000.0,50
2019-05-02,DAL-HII,0.0,250000.0,50
2019-05-02,INCY-TECH,0.0,250000.0,50
2019-05-02,AMD-MRVL,0.0,250000.0,50
2019-05-02,ORCL-TRMB,0.0,250000.0,50
2019-05-03,ACN-ORCL,4872.245056152344,250000.0,50
2019-05-03,ADP-UPS,7897.58203125,250000.0,50
2019-05-03,AMD-GLW,-1038.093391418457,250000.0,50
2019-05-03,AMD-NXPI,-2345.5785026550293,250000.0,50
2019-05-03,DAL-HII,4965.3394775390625,250000.0,50
2019-05-03,INCY-TECH,-1527.4505310058594,250000.0,50
2019-05-03,AMD-MRVL,329.3626251220703,250000.0,50
2019-05-03,ORCL-TRMB,-6193.713924407959,250000.0,50
2019-05-06,ACN-ORCL,5984.988204956055,250000.0,50
2019-05-06,ADP-UPS,3000.7779235839844,250000.0,50
2019-05-06,AMD-GLW,-1986.5466423034668,250000.0,50
2019-05-06,AMD-NXPI,-2183.656936645508,250000.0,50
2019-05-06,DAL-HII,3457.510025024414,250000.0,50
2019-05-06,INCY-TECH,-5532.9647216796875,250000.0,50
2019-05-06,AMD-MRVL,3773.9938068389893,250000.0,50
2019-05-06,ORCL-TRMB,-3114.267810821533,250000.0,50
2019-05-07,ACN-ORCL,4645.194763183594,250000.0,50
2019-05-07,ADP-UPS,-797.1612396240234,250000.0,50
2019-05-07,AMD-GLW,-1902.4712104797363,250000.0,50
2019-05-07,AMD-NXPI,1763.4141521453857,250000.0,50
2019-05-07,DAL-HII,2262.6747665405273,250000.0,50
2019-05-07,INCY-TECH,-7262.6551513671875,250000.0,50
2019-05-07,AMD-MRVL,3677.460973739624,250000.0,50
2019-05-07,ORCL-TRMB,-6638.982173919678,250000.0,50
2019-05-08,ACN-ORCL,4736.33447265625,250000.0,50
2019-05-08,ADP-UPS,-2348.2952270507812,250000.0,50
2019-05-08,AMD-GLW,-5579.225093841553,250000.0,50
2019-05-08,AMD-NXPI,6568.1984004974365,250000.0,50
2019-05-08,DAL-HII,1998.7171249389648,250000.0,50
2019-05-08,INCY-TECH,-5362.147857666016,250000.0,50
2019-05-08,AMD-MRVL,513.1934013366699,250000.0,50
2019-05-08,ORCL-TRMB,-3967.0203170776367,250000.0,50
2019-05-08,EXPD-LII,0.0,250000.0,50
2019-05-08,AMD-KLAC,0.0,250000.0,50
2019-05-09,ACN-ORCL,5226.241561889648,250000.0,50
2019-05-09,ADP-UPS,-6574.476333618164,250000.0,50
2019-05-09,AMD-GLW,-8054.599689483643,250000.0,50
2019-05-09,DAL-HII,2222.264335632324,250000.0,50
2019-05-09,INCY-TECH,-2391.8790588378906,250000.0,50
2019-05-09,AMD-MRVL,-5052.016233444214,250000.0,50
2019-05-09,ORCL-TRMB,-2097.193244934082,250000.0,50
2019-05-09,EXPD-LII,-3628.6622924804688,250000.0,50
2019-05-09,AMD-KLAC,-1812.6737308502197,250000.0,50
2019-05-10,AMD-GLW,-9515.267631530762,250000.0,50
2019-05-10,DAL-HII,3547.625259399414,250000.0,50
2019-05-10,INCY-TECH,1714.8955993652344,250000.0,50
2019-05-10,ORCL-TRMB,53.741416931152344,250000.0,50
2019-05-10,EXPD-LII,-11807.684310913086,250000.0,50
2019-05-10,AMD-KLAC,-7653.028638839722,250000.0,50
2019-05-10,AMD-HPE,0.0,250000.0,50
2019-05-13,AMD-GLW,-12625.825450897217,250000.0,50
2019-05-13,DAL-HII,3915.6842498779297,250000.0,50
2019-05-13,ORCL-TRMB,3396.0391578674316,250000.0,50
2019-05-13,AMD-KLAC,-6136.31004524231,250000.0,50
2019-05-13,AMD-HPE,-5468.267150878906,250000.0,50
2019-05-14,AMD-GLW,-12927.033897399902,250000.0,50
2019-05-14,DAL-HII,3408.179244995117,250000.0,50
2019-05-14,ORCL-TRMB,5157.103260040283,250000.0,50
2019-05-14,AMD-KLAC,-10926.345554351807,250000.0,50
2019-05-14,AMD-HPE,-7368.982444763184,250000.0,50
2019-05-15,DAL-HII,3001.2294311523438,250000.0,50
2019-05-15,AMD-KLAC,-11153.691347122192,250000.0,50
2019-05-15,AMD-HPE,-5109.553062438965,250000.0,50
2019-05-16,DAL-HII,6700.173652648926,250000.0,50
2019-05-16,AMD-HPE,-4545.3576583862305,250000.0,50
2019-05-17,DAL-HII,5773.563194274902,250000.0,50
2019-05-17,AMD-HPE,-1487.9821014404297,250000.0,50
2019-05-20,DAL-HII,10762.379844665527,250000.0,50
2019-05-20,AMD-HPE,3179.2744216918945,250000.0,50
2019-05-20,ACN-ORCL,0.0,250000.0,50
2019-05-21,ACN-ORCL,1547.3041534423828,250000.0,50
2019-05-22,ACN-ORCL,1027.518653869629,250000.0,50
2019-05-23,ACN-ORCL,-2484.707450866699,250000.0,50
2019-05-28,AMD-WDC,0.0,250000.0,50
2019-05-28,AMD-NXPI,0.0,250000.0,50
2019-05-28,AMD-STX,0.0,250000.0,50
2019-05-28,AMD-MRVL,0.0,250000.0,50
2019-05-28,AMD-KLAC,0.0,250000.0,50
2019-05-29,AMD-WDC,4918.377965927124,250000.0,50
2019-05-29,AMD-NXPI,2853.3575134277344,250000.0,50
2019-05-29,AMD-MRVL,15769.492519378662,250000.0,50
2019-05-29,AMD-KLAC,6543.84089756012,250000.0,50
2019-05-30,AMD-WDC,3931.015048980713,250000.0,50
2019-05-30,AMD-NXPI,8026.328964233398,250000.0,50
2019-05-31,AMD-WDC,-7366.549020767212,250000.0,50
2019-05-31,AMD-NXPI,3164.962074279785,250000.0,50
2019-04-04,EL-TGT,0.0,250000.0,51
2019-04-05,EL-TGT,1734.25341796875,250000.0,51
2019-04-08,EL-TGT,-131.85345458984375,250000.0,51
2019-04-12,CMI-IR,0.0,250000.0,51
2019-04-15,CMI-IR,-1474.8046379089355,250000.0,51
2019-04-16,CMI-IR,-5588.3938274383545,250000.0,51
2019-04-16,STX-VRSN,0.0,250000.0,51
2019-04-17,STX-VRSN,-1932.1746139526367,250000.0,51
2019-04-18,STX-VRSN,-2295.4686737060547,250000.0,51
2019-04-22,CLX-GIS,0.0,250000.0,51
2019-04-22,AEE-NI,0.0,250000.0,51
2019-04-23,AEE-NI,-1852.2241554260254,250000.0,51
2019-04-23,TECH-ZTS,0.0,250000.0,51
2019-04-24,TECH-ZTS,1489.9133605957031,250000.0,51
2019-04-24,CLX-GIS,0.0,250000.0,51
2019-04-25,TECH-ZTS,-69.95564270019531,250000.0,51
2019-04-25,CLX-GIS,-4227.716892242432,250000.0,51
2019-04-25,CLX-HSY,0.0,250000.0,51
2019-04-25,ITW-LDOS,0.0,250000.0,51
2019-04-26,TECH-ZTS,-1382.8834075927734,250000.0,51
2019-04-26,CLX-GIS,-5497.296897888184,250000.0,51
2019-04-26,CLX-HSY,-2569.4511184692383,250000.0,51
2019-04-26,ITW-LDOS,3339.143268585205,250000.0,51
2019-04-26,EL-TGT,0.0,250000.0,51
2019-04-26,CLX-COST,0.0,250000.0,51
2019-04-26,CSCO-ORCL,0.0,250000.0,51
2019-04-26,STX-VRSN,0.0,250000.0,51
2019-04-26,KLAC-VRSN,0.0,250000.0,51
2019-04-26,ORCL-VRSN,0.0,250000.0,51
2019-04-29,CLX-GIS,-3580.656692504883,250000.0,51
2019-04-29,CLX-HSY,-2248.470748901367,250000.0,51
2019-04-29,ITW-LDOS,4485.853572845459,250000.0,51
2019-04-29,EL-TGT,2241.825695037842,250000.0,51
2019-04-29,CLX-COST,3180.6375274658203,250000.0,51
2019-04-29,CSCO-ORCL,2170.440498352051,250000.0,51
2019-04-29,STX-VRSN,2766.8955688476562,250000.0,51
2019-04-29,KLAC-VRSN,3316.6829509735107,250000.0,51
2019-04-29,ORCL-VRSN,1076.0731658935547,250000.0,51
2019-04-29,GOOG-GOOGL,0.0,250000.0,51
2019-04-29,CMI-IR,0.0,250000.0,51
2019-04-30,CLX-GIS,-8508.556995391846,250000.0,51
2019-04-30,CLX-HSY,721.5284805297852,250000.0,51
2019-04-30,EL-TGT,1619.9596138000488,250000.0,51
2019-04-30,CLX-COST,-3229.5794219970703,250000.0,51
2019-04-30,CSCO-ORCL,551.8269805908203,250000.0,51
2019-04-30,KLAC-VRSN,5148.317041397095,250000.0,51
2019-04-30,ORCL-VRSN,2549.6474418640137,250000.0,51
2019-04-30,GOOG-GOOGL,170.81732940673828,250000.0,51
2019-04-30,CMI-IR,-4229.018325805664,250000.0,51
2019-05-01,EL-TGT,-2635.875648498535,250000.0,51
2019-05-01,CSCO-ORCL,1573.2736740112305,250000.0,51
2019-05-01,ORCL-VRSN,3705.616138458252,250000.0,51
2019-05-01,CMI-IR,-12735.38703918457,250000.0,51
2019-05-02,EL-TGT,-157.92759323120117,250000.0,51
2019-05-02,CSCO-ORCL,1091.8318786621094,250000.0,51
2019-05-02,ORCL-VRSN,1407.9414329528809,250000.0,51
2019-05-02,CMI-IR,-13876.569351196289,250000.0,51
2019-05-03,EL-TGT,-5635.430290222168,250000.0,51
2019-05-03,CSCO-ORCL,234.5432586669922,250000.0,51
2019-05-03,ORCL-VRSN,45.83698272705078,250000.0,51
2019-05-03,CMI-IR,-4798.775802612305,250000.0,51
2019-05-06,EL-TGT,-1396.4263000488281,250000.0,51
2019-05-06,CSCO-ORCL,-990.3857650756836,250000.0,51
2019-05-06,ORCL-VRSN,168.48202896118164,250000.0,51
2019-05-06,CMI-IR,-3878.643814086914,250000.0,51
2019-05-07,EL-TGT,-1853.9722290039062,250000.0,51
2019-05-07,CSCO-ORCL,-263.30408477783203,250000.0,51
2019-05-07,ORCL-VRSN,181.7834358215332,250000.0,51
2019-05-07,CMI-IR,-7649.178085327148,250000.0,51
2019-05-08,EL-TGT,-147.99385452270508,250000.0,51
2019-05-08,CSCO-ORCL,-163.7080307006836,250000.0,51
2019-05-08,ORCL-VRSN,161.4154052734375,250000.0,51
2019-05-08,CMI-IR,-3106.9541015625,250000.0,51
2019-05-09,EL-TGT,211.77559280395508,250000.0,51
2019-05-09,CSCO-ORCL,-2836.1815185546875,250000.0,51
2019-05-09,ORCL-VRSN,942.7487297058105,250000.0,51
2019-05-09,CMI-IR,-3974.8311767578125,250000.0,51
2019-05-10,EL-TGT,-392.1382255554199,250000.0,51
2019-05-10,CSCO-ORCL,-3441.337921142578,250000.0,51
2019-05-10,ORCL-VRSN,2122.7384300231934,250000.0,51
2019-05-10,CMI-IR,-10616.964431762695,250000.0,51
2019-05-13,ORCL-VRSN,1842.6818656921387,250000.0,51
2019-05-13,CMI-IR,-21622.051528930664,250000.0,51
2019-05-14,ORCL-VRSN,3348.2351570129395,250000.0,51
2019-05-15,ORCL-VRSN,2551.448802947998,250000.0,51
2019-05-22,EL-TGT,0.0,250000.0,51
2019-05-23,EL-TGT,-7181.17919921875,250000.0,51
2019-05-23,EL-GIS,0.0,250000.0,51
2019-05-24,EL-TGT,-14402.157859802246,250000.0,51
2019-05-24,EL-GIS,2521.9077529907227,250000.0,51
2019-05-28,EL-TGT,-10928.55266571045,250000.0,51
2019-05-28,CRL-IQV,0.0,250000.0,51
2019-05-28,AEE-NI,0.0,250000.0,51
2019-05-29,EL-TGT,-8862.027702331543,250000.0,51
2019-05-29,CRL-IQV,-435.51810455322266,250000.0,51
2019-05-29,AEE-NI,-625.3208427429199,250000.0,51
2019-05-29,EL-GIS,0.0,250000.0,51
2019-05-30,EL-TGT,-10056.091995239258,250000.0,51
2019-05-30,CRL-IQV,-1676.3205337524414,250000.0,51
2019-05-30,AEE-NI,1133.577558517456,250000.0,51
2019-05-30,EL-GIS,814.6608505249023,250000.0,51
2019-05-31,EL-TGT,-13064.762115478516,250000.0,51
2019-05-31,CRL-IQV,-1494.385482788086,250000.0,51
2019-05-31,EL-GIS,8948.060764312744,250000.0,51
2019-05-31,CMI-IR,0.0,250000.0,51
2019-06-03,EL-TGT,-19204.61811065674,250000.0,51
2019-06-03,CRL-IQV,1207.0870895385742,250000.0,51
2019-06-03,CMI-IR,7446.0180740356445,250000.0,51
2019-06-03,KLAC-VRSN,0.0,250000.0,51
2019-06-04,CRL-IQV,377.98189544677734,250000.0,51
2019-06-04,KLAC-VRSN,3500.7806854248047,250000.0,51
2019-06-05,CRL-IQV,-3020.03173828125,250000.0,51
2019-06-06,CRL-IQV,-1680.073257446289,250000.0,51
2019-06-07,CRL-IQV,-3186.1520385742188,250000.0,51
2019-06-10,CRL-IQV,-2043.5373229980469,250000.0,51
2019-06-11,CRL-IQV,-584.9777221679688,250000.0,51
2019-06-12,CRL-IQV,512.2515106201172,250000.0,51
2019-06-17,AEE-NI,0.0,250000.0,51
2019-06-18,AEE-NI,2085.5908203125,250000.0,51
2019-06-18,CRL-IQV,0.0,250000.0,51
2019-06-19,AEE-NI,-488.4841003417969,250000.0,51
2019-06-20,AEE-NI,939.2552032470703,250000.0,51
2019-06-20,CSCO-ORCL,0.0,250000.0,51
2019-06-20,ORCL-VRSN,0.0,250000.0,51
2019-06-20,CMI-IR,0.0,250000.0,51
2019-06-21,AEE-NI,1699.4891967773438,250000.0,51
2019-06-21,CSCO-ORCL,3207.7717628479004,250000.0,51
2019-06-21,ORCL-VRSN,3702.5252380371094,250000.0,51
2019-06-21,CMI-IR,-313.9705352783203,250000.0,51
2019-06-21,GOOG-GOOGL,0.0,250000.0,51
2019-06-24,AEE-NI,454.5166015625,250000.0,51
2019-06-24,CSCO-ORCL,728.2498016357422,250000.0,51
2019-06-24,ORCL-VRSN,-561.7350769042969,250000.0,51
2019-06-24,CMI-IR,-3330.455135345459,250000.0,51
2019-06-25,AEE-NI,-505.2748260498047,250000.0,51
2019-06-25,CSCO-ORCL,1905.6108474731445,250000.0,51
2019-06-25,ORCL-VRSN,557.8282470703125,250000.0,51
2019-06-25,CMI-IR,1513.379795074463,250000.0,51
2019-06-26,AEE-NI,14.301361083984375,250000.0,51
2019-06-26,CSCO-ORCL,150.3101577758789,250000.0,51
2019-06-26,ORCL-VRSN,-4787.701904296875,250000.0,51
2019-06-26,CMI-IR,243.13118743896484,250000.0,51
2019-06-26,EL-GIS,0.0,250000.0,51
2019-06-27,AEE-NI,481.61448669433594,250000.0,51
2019-06-27,CSCO-ORCL,-1725.5444793701172,250000.0,51
2019-06-27,ORCL-VRSN,-3401.0438232421875,250000.0,51
2019-06-27,CMI-IR,3827.982940673828,250000.0,51
2019-06-28,AEE-NI,109.13951110839844,250000.0,51
2019-06-28,CSCO-ORCL,-4204.380489349365,250000.0,51
2019-06-28,ORCL-VRSN,-2110.6766052246094,250000.0,51
2019-06-28,CMI-IR,-1230.1869010925293,250000.0,51
2019-05-01,AON-JKHY,0.0,250000.0,52
2019-05-01,CPAY-WTW,0.0,250000.0,52
2019-05-01,MCO-WTW,0.0,250000.0,52
2019-05-02,AON-JKHY,-3975.407501220703,250000.0,52
2019-05-07,LEN-LVS,0.0,250000.0,52
2019-05-09,INVH-VICI,0.0,250000.0,52
2019-05-10,INVH-VICI,1714.6420288085938,250000.0,52
2019-05-10,LEN-MAR,0.0,250000.0,52
2019-05-10,DHI-MAR,0.0,250000.0,52
2019-05-13,LEN-MAR,-8701.307189941406,250000.0,52
2019-05-13,AOS-FTV,0.0,250000.0,52
2019-05-13,AEE-ATO,0.0,250000.0,52
2019-05-14,LEN-MAR,-8314.435718536377,250000.0,52
2019-05-14,AOS-FTV,1194.521198272705,250000.0,52
2019-05-14,AEE-ATO,-290.5116729736328,250000.0,52
2019-05-15,LEN-MAR,-5516.901809692383,250000.0,52
2019-05-15,AOS-FTV,-2425.4674911499023,250000.0,52
2019-05-15,AEE-ATO,-1599.6519203186035,250000.0,52
2019-05-16,LEN-MAR,-8237.195499420166,250000.0,52
2019-05-16,AEE-ATO,-971.4087142944336,250000.0,52
2019-05-17,LEN-MAR,-8400.554592132568,250000.0,52
2019-05-17,AEE-ATO,53.69052505493164,250000.0,52
2019-05-20,LEN-MAR,-7033.922939300537,250000.0,52
2019-05-20,AEE-ATO,578.0463256835938,250000.0,52
2019-05-20,AON-MA,0.0,250000.0,52
2019-05-21,LEN-MAR,-6656.3379554748535,250000.0,52
2019-05-21,AEE-ATO,-124.57941055297852,250000.0,52
2019-05-21,AON-MA,1195.890853881836,250000.0,52
2019-05-21,D-DTE,0.0,250000.0,52
2019-05-22,LEN-MAR,-6933.610683441162,250000.0,52
2019-05-22,AEE-ATO,125.0650405883789,250000.0,52
2019-05-22,AON-MA,696.4513702392578,250000.0,52
2019-05-22,D-DTE,456.14320373535156,250000.0,52
2019-05-23,LEN-MAR,-9685.65650177002,250000.0,52
2019-05-23,AEE-ATO,-1298.2293586730957,250000.0,52
2019-05-23,D-DTE,500.27857971191406,250000.0,52
2019-05-24,AEE-ATO,-350.16711044311523,250000.0,52
2019-05-24,D-DTE,355.545654296875,250000.0,52
2019-05-24,AON-GPN,0.0,250000.0,52
2019-05-28,D-DTE,-1319.8822021484375,250000.0,52
2019-05-28,AON-TROW,0.0,250000.0,52
2019-05-29,D-DTE,-660.4869384765625,250000.0,52
2019-05-29,AON-TROW,874.7882080078125,250000.0,52
2019-05-29,AON-CPAY,0.0,250000.0,52
2019-05-29,SPGI-WTW,0.0,250000.0,52
2019-05-30,D-DTE,844.8474884033203,250000.0,52
2019-05-30,AON-TROW,-1051.3509140014648,250000.0,52
2019-05-30,AON-CPAY,-5807.652770996094,250000.0,52
2019-05-30,SPGI-WTW,2331.5756225585938,250000.0,52
2019-05-30,AON-V,0.0,250000.0,52
2019-05-31,D-DTE,885.1643676757812,250000.0,52
2019-05-31,AON-TROW,-2812.413284301758,250000.0,52
2019-05-31,AON-CPAY,-4048.790008544922,250000.0,52
2019-05-31,SPGI-WTW,1936.0332641601562,250000.0,52
2019-05-31,AON-V,322.39599609375,250000.0,52
2019-05-31,ATO-WEC,0.0,250000.0,52
2019-05-31,INVH-VICI,0.0,250000.0,52
2019-06-03,D-DTE,1411.3155517578125,250000.0,52
2019-06-03,ATO-WEC,-444.9675483703613,250000.0,52
2019-06-03,INVH-VICI,-1767.1333599090576,250000.0,52
2019-06-03,LEN-LVS,0.0,250000.0,52
2019-06-03,AON-MA,0.0,250000.0,52
2019-06-04,D-DTE,499.23504638671875,250000.0,52
2019-06-04,AON-MA,5853.672790527344,250000.0,52
2019-06-05,D-DTE,1329.2001342773438,250000.0,52
2019-06-05,AON-MA,4734.218994140625,250000.0,52
2019-06-06,AON-MA,5846.924224853516,250000.0,52
2019-06-07,AON-MA,9540.840194702148,250000.0,52
2019-06-10,AON-MA,8709.154678344727,250000.0,52
2019-06-11,AON-MA,8764.19953918457,250000.0,52
2019-06-11,MMM-ROL,0.0,250000.0,52
2019-06-12,AON-MA,9358.75358581543,250000.0,52
2019-06-12,MMM-ROL,1601.5008583068848,250000.0,52
2019-06-13,AON-MA,5809.217437744141,250000.0,52
2019-06-13,MMM-ROL,1436.5543098449707,250000.0,52
2019-06-14,AON-MA,2717.5289611816406,250000.0,52
2019-06-14,MMM-ROL,2139.979480743408,250000.0,52
2019-06-14,LEN-TSCO,0.0,250000.0,52
2019-06-17,AON-MA,5321.948974609375,250000.0,52
2019-06-17,MMM-ROL,950.8364334106445,250000.0,52
2019-06-17,LEN-TSCO,-2023.512321472168,250000.0,52
2019-06-18,AON-MA,2527.831512451172,250000.0,52
2019-06-18,MMM-ROL,-871.1039848327637,250000.0,52
2019-06-18,LEN-TSCO,2847.0831871032715,250000.0,52
2019-06-19,AON-MA,233.66351318359375,250000.0,52
2019-06-19,MMM-ROL,898.0884552001953,250000.0,52
2019-06-20,AON-MA,4619.9453125,250000.0,52
2019-06-20,MMM-ROL,-325.0649223327637,250000.0,52
2019-06-21,AON-MA,4943.709289550781,250000.0,52
2019-06-21,MMM-ROL,-2548.2160568237305,250000.0,52
2019-06-21,ATO-WEC,0.0,250000.0,52
2019-06-21,AEE-ATO,0.0,250000.0,52
2019-06-24,AON-MA,3082.4407348632812,250000.0,52
2019-06-24,ATO-WEC,1027.1183776855469,250000.0,52
2019-06-24,AEE-ATO,-274.14202880859375,250000.0,52
2019-06-25,ATO-WEC,-3002.0384826660156,250000.0,52
2019-06-25,AEE-ATO,-3145.5704040527344,250000.0,52
2019-06-25,INVH-VICI,0.0,250000.0,52
2019-06-25,LEN-TSCO,0.0,250000.0,52
2019-06-26,AEE-ATO,1444.3711547851562,250000.0,52
2019-06-26,INVH-VICI,59.1617956161499,250000.0,52
2019-06-26,LEN-TSCO,-4187.415149688721,250000.0,52
2019-06-26,CPAY-WTW,0.0,250000.0,52
2019-06-26,MCO-WTW,0.0,250000.0,52
2019-06-27,AEE-ATO,-488.7031021118164,250000.0,52
2019-06-27,LEN-TSCO,-2419.616397857666,250000.0,52
2019-06-27,CPAY-WTW,2863.6140747070312,250000.0,52
2019-06-27,MCO-WTW,2607.6832885742188,250000.0,52
2019-06-28,AEE-ATO,-1101.3922119140625,250000.0,52
2019-06-28,LEN-TSCO,-3646.2542114257812,250000.0,52
2019-07-01,AEE-ATO,-190.9646453857422,250000.0,52
2019-07-01,LEN-TSCO,-10171.726779937744,250000.0,52
2019-07-01,LEN-LVS,0.0,250000.0,52
2019-07-01,PYPL-SPGI,0.0,250000.0,52
2019-07-02,AEE-ATO,-1516.8608169555664,250000.0,52
2019-07-02,LEN-TSCO,-7138.313102722168,250000.0,52
2019-07-02,LEN-LVS,301.16744232177734,250000.0,52
2019-07-02,PYPL-SPGI,-1224.5841522216797,250000.0,52
2019-07-03,AEE-ATO,-1868.3350372314453,250000.0,52
2019-07-03,LEN-TSCO,-1895.721420288086,250000.0,52
2019-07-03,LEN-LVS,1287.5005264282227,250000.0,52
2019-07-03,PYPL-SPGI,-2370.107940673828,250000.0,52
2019-07-05,AEE-ATO,-1545.1474533081055,250000.0,52
2019-07-05,LEN-TSCO,-8642.553144454956,250000.0,52
2019-07-05,LEN-LVS,927.1982917785645,250000.0,52
2019-07-05,PYPL-SPGI,-1919.9020385742188,250000.0,52
2019-07-08,LEN-TSCO,-8467.948135375977,250000.0,52
2019-07-08,LEN-LVS,181.01856994628906,250000.0,52
2019-07-09,LEN-TSCO,-13239.717414855957,250000.0,52
2019-07-09,LEN-LVS,-5181.430389404297,250000.0,52
2019-07-10,LEN-LVS,-362.3231391906738,250000.0,52
2019-07-11,LEN-LVS,-3346.339542388916,250000.0,52
2019-07-12,LEN-LVS,-5565.242240905762,250000.0,52
2019-07-12,MCO-WTW,0.0,250000.0,52
2019-07-23,ATO-WEC,0.0,250000.0,52
2019-07-24,ATO-WEC,79.71246337890625,250000.0,52
2019-07-24,MMM-ROL,0.0,250000.0,52
2019-07-24,AON-TROW,0.0,250000.0,52
2019-07-25,MMM-ROL,-134.68222045898438,250000.0,52
2019-07-25,AON-TROW,-831.5407257080078,250000.0,52
2019-07-25,AON-CPAY,0.0,250000.0,52
2019-07-25,PYPL-SPGI,0.0,250000.0,52
2019-07-26,MMM-ROL,4484.146591186523,250000.0,52
2019-07-26,AON-TROW,-5093.841033935547,250000.0,52
2019-07-26,PYPL-SPGI,-1341.7745056152344,250000.0,52
2019-07-26,AON-GPN,0.0,250000.0,52
2019-07-29,MMM-ROL,-214.27871704101562,250000.0,52
2019-07-29,AON-TROW,-3791.9352264404297,250000.0,52
2019-07-29,AON-GPN,-623.5677490234375,250000.0,52
2019-07-30,MMM-ROL,136.97438049316406,250000.0,52
2019-07-30,AON-GPN,1050.351806640625,250000.0,52
2019-07-30,AEE-ATO,0.0,250000.0,52
2019-07-31,MMM-ROL,-1368.4424743652344,250000.0,52
2019-07-31,AON-GPN,-5566.197845458984,250000.0,52
2019-07-31,AEE-ATO,-1878.9865837097168,250000.0,52
2019-07-31,ATO-WEC,0.0,250000.0,52
2019-06-04,IEX-PWR,0.0,250000.0,53
2019-06-05,IEX-PWR,-608.7107849121094,250000.0,53
2019-06-06,IEX-PWR,2739.780601501465,250000.0,53
2019-06-14,CMI-NDSN,0.0,250000.0,53
2019-06-17,CMI-NDSN,100.39015197753906,250000.0,53
2019-06-18,CMI-NDSN,1108.789077758789,250000.0,53
2019-06-18,DAL-PWR,0.0,250000.0,53
2019-06-19,CMI-NDSN,1095.6614990234375,250000.0,53
2019-06-19,DAL-PWR,-1249.7020568847656,250000.0,53
2019-06-20,CMI-NDSN,2534.0790405273438,250000.0,53
2019-06-20,DAL-ETN,0.0,250000.0,53
2019-06-21,DAL-ETN,-1728.5052947998047,250000.0,53
2019-06-24,DAL-ETN,1248.3543701171875,250000.0,53
2019-06-25,DAL-ETN,1629.2920455932617,250000.0,53
2019-06-26,DAL-ETN,559.7831649780273,250000.0,53
2019-06-27,DAL-ETN,855.8563995361328,250000.0,53
2019-06-27,CMI-NDSN,0.0,250000.0,53
2019-06-28,DAL-ETN,-928.4914245605469,250000.0,53
2019-06-28,CMI-NDSN,-1564.5521850585938,250000.0,53
2019-07-01,DAL-ETN,717.2852020263672,250000.0,53
2019-07-01,CMI-NDSN,-569.9053344726562,250000.0,53
2019-07-02,CMI-NDSN,-350.3818359375,250000.0,53
2019-07-03,CMI-NDSN,-1841.4333801269531,250000.0,53
2019-07-05,CMI-NDSN,973.6792602539062,250000.0,53
2019-07-08,DAL-SWK,0.0,250000.0,53
2019-07-09,DAL-SWK,-11.45330810546875,250000.0,53
2019-07-10,DAL-SWK,-3604.7642822265625,250000.0,53
2019-07-11,DAL-SWK,-3724.7859954833984,250000.0,53
2019-07-12,DAL-SWK,-2386.8336639404297,250000.0,53
2019-07-15,DAL-SWK,-3369.7657165527344,250000.0,53
2019-07-23,KMB-KO,0.0,250000.0,53
2019-07-24,KMB-KO,1848.3610916137695,250000.0,53
2019-07-24,SNPS-TER,0.0,250000.0,53
2019-07-25,KMB-KO,6377.243507385254,250000.0,53
2019-07-25,SNPS-TER,8671.154010772705,250000.0,53
2019-07-26,KMB-KO,4352.337333679199,250000.0,53
2019-07-26,SNPS-TER,6281.82084274292,250000.0,53
2019-07-29,KMB-KO,7022.654708862305,250000.0,53
2019-07-29,SNPS-TER,-29.459529876708984,250000.0,53
2019-07-30,KMB-KO,8350.10368347168,250000.0,53
2019-07-30,SNPS-TER,45.62808609008789,250000.0,53
2019-07-30,CMI-NDSN,0.0,250000.0,53
2019-07-30,CMI-DOV,0.0,250000.0,53
2019-07-31,SNPS-TER,4228.658592224121,250000.0,53
2019-07-31,CMI-NDSN,256.04473876953125,250000.0,53
2019-07-31,CMI-DOV,1306.3101501464844,250000.0,53
2019-08-01,SNPS-TER,7979.278713226318,250000.0,53
2019-08-01,CMI-NDSN,1175.1134033203125,250000.0,53
2019-08-01,CMI-DOV,2663.2745819091797,250000.0,53
2019-08-01,DAL-EXPD,0.0,250000.0,53
2019-08-01,DAL-PWR,0.0,250000.0,53
2019-08-02,SNPS-TER,10256.351875305176,250000.0,53
2019-08-02,CMI-NDSN,5523.750305175781,250000.0,53
2019-08-02,CMI-DOV,5640.354194641113,250000.0,53
2019-08-02,DAL-EXPD,-301.7975845336914,250000.0,53
2019-08-05,SNPS-TER,12762.730213165283,250000.0,53
2019-08-05,CMI-NDSN,3744.0447692871094,250000.0,53
2019-08-05,CMI-DOV,4555.742401123047,250000.0,53
2019-08-05,DAL-ETN,0.0,250000.0,53
2019-08-06,SNPS-TER,16385.03728866577,250000.0,53
2019-08-06,CMI-NDSN,4660.6309814453125,250000.0,53
2019-08-06,CMI-DOV,5172.486251831055,250000.0,53
2019-08-07,SNPS-TER,20764.495193481445,250000.0,53
2019-08-07,CMI-NDSN,300.0350036621094,250000.0,53
2019-08-07,CMI-DOV,4006.4336471557617,250000.0,53
2019-08-08,SNPS-TER,17734.195461273193,250000.0,53
2019-08-08,CMI-NDSN,-6503.721130371094,250000.0,53
2019-08-08,CMI-DOV,761.5959320068359,250000.0,53
2019-08-09,SNPS-TER,17667.4022026062,250000.0,53
2019-08-09,CMI-DOV,-2988.233085632324,250000.0,53
2019-08-12,SNPS-TER,14220.932029724121,250000.0,53
2019-08-12,CMI-DOV,119.72215270996094,250000.0,53
2019-08-13,SNPS-TER,12806.531536102295,250000.0,53
2019-08-13,CMI-DOV,616.1132583618164,250000.0,53
2019-08-14,SNPS-TER,16779.738452911377,250000.0,53
2019-08-14,CMI-DOV,662.0011978149414,250000.0,53
2019-08-15,SNPS-TER,14220.134868621826,250000.0,53
2019-08-15,CMI-DOV,625.1445465087891,250000.0,53
2019-08-16,SNPS-TER,12095.969444274902,250000.0,53
2019-08-19,SNPS-TER,12410.824836730957,250000.0,53
2019-08-20,SNPS-TER,12691.510047912598,250000.0,53
2019-08-21,SNPS-TER,13147.992874145508,250000.0,53
2019-08-22,SNPS-TER,20017.471035003662,250000.0,53
2019-08-23,SNPS-TER,22866.62886428833,250000.0,53
2019-08-26,SNPS-TER,22596.248794555664,250000.0,53
2019-08-26,KMB-PEP,0.0,250000.0,53
2019-08-27,SNPS-TER,24743.77708053589,250000.0,53
2019-08-27,KMB-PEP,-1215.9824447631836,250000.0,53
2019-08-28,SNPS-TER,25585.985538482666,250000.0,53
2019-08-28,KMB-PEP,-1391.445899963379,250000.0,53
2019-08-29,SNPS-TER,26854.75450515747,250000.0,53
2019-08-29,KMB-PEP,-3028.0341262817383,250000.0,53
2019-08-30,SNPS-TER,26020.028663635254,250000.0,53
2019-08-30,KMB-PEP,-4921.185600280762,250000.0,53
2019-07-08,MET-MSCI,0.0,250000.0,54
2019-07-11,EQIX-PLD,0.0,250000.0,54
2019-07-11,IVZ-MS,0.0,250000.0,54
2019-07-11,IVZ-JPM,0.0,250000.0,54
2019-07-12,EQIX-PLD,-865.235107421875,250000.0,54
2019-07-12,IVZ-MS,-142.60040283203125,250000.0,54
2019-07-12,IVZ-JPM,1319.4275436401367,250000.0,54
2019-07-12,CI-EW,0.0,250000.0,54
2019-07-15,EQIX-PLD,-762.4649353027344,250000.0,54
2019-07-15,IVZ-MS,2232.9732208251953,250000.0,54
2019-07-15,IVZ-JPM,4267.285446166992,250000.0,54
2019-07-15,CI-EW,926.9532890319824,250000.0,54
2019-07-16,IVZ-MS,-274.7334671020508,250000.0,54
2019-07-16,IVZ-JPM,-1038.3016090393066,250000.0,54
2019-07-16,CI-EW,-5688.639675140381,250000.0,54
2019-07-17,IVZ-MS,-1669.8464126586914,250000.0,54
2019-07-17,IVZ-JPM,-3947.133602142334,250000.0,54
2019-07-17,CI-EW,-1651.314323425293,250000.0,54
2019-07-18,IVZ-MS,-2896.373977661133,250000.0,54
2019-07-18,IVZ-JPM,-2804.4046325683594,250000.0,54
2019-07-18,CI-EW,3854.810806274414,250000.0,54
2019-07-19,IVZ-MS,-1530.1966171264648,250000.0,54
2019-07-19,IVZ-JPM,867.9605369567871,250000.0,54
2019-07-19,EQIX-ESS,0.0,250000.0,54
2019-07-22,IVZ-MS,-5002.230979919434,250000.0,54
2019-07-22,IVZ-JPM,-3722.965061187744,250000.0,54
2019-07-22,EQIX-ESS,-2372.6729431152344,250000.0,54
2019-07-23,IVZ-MS,-6687.186721801758,250000.0,54
2019-07-23,IVZ-JPM,-6507.351036071777,250000.0,54
2019-07-23,EQIX-ESS,454.06947326660156,250000.0,54
2019-07-24,IVZ-MS,-4504.97664642334,250000.0,54
2019-07-24,IVZ-JPM,-2870.331287384033,250000.0,54
2019-07-24,EQIX-ESS,-1325.7175903320312,250000.0,54
2019-07-24,MPWR-ON,0.0,250000.0,54
2019-07-24,MET-TROW,0.0,250000.0,54
2019-07-24,CI-EW,0.0,250000.0,54
2019-07-24,BRO-SPGI,0.0,250000.0,54
2019-07-24,AXON-BR,0.0,250000.0,54
2019-07-25,IVZ-JPM,-6758.27917098999,250000.0,54
2019-07-25,MPWR-ON,455.0807342529297,250000.0,54
2019-07-25,MET-TROW,-1933.967861175537,250000.0,54
2019-07-25,CI-EW,-1516.9905090332031,250000.0,54
2019-07-25,BRO-SPGI,33.09831619262695,250000.0,54
2019-07-25,AXON-BR,2180.0194396972656,250000.0,54
2019-07-26,MPWR-ON,-92.32073974609375,250000.0,54
2019-07-26,MET-TROW,-3563.4655227661133,250000.0,54
2019-07-26,CI-EW,-1273.9631652832031,250000.0,54
2019-07-26,BRO-SPGI,25.000057220458984,250000.0,54
2019-07-26,AXON-BR,-1757.8779373168945,250000.0,54
2019-07-29,MPWR-ON,-2676.286163330078,250000.0,54
2019-07-29,MET-TROW,-4533.005237579346,250000.0,54
2019-07-29,CI-EW,-740.10986328125,250000.0,54
2019-07-29,BRO-SPGI,-683.852481842041,250000.0,54
2019-07-29,AXON-BR,-7.285377502441406,250000.0,54
2019-07-30,MPWR-ON,-2093.275177001953,250000.0,54
2019-07-30,CI-EW,-1428.9714813232422,250000.0,54
2019-07-30,BRO-SPGI,-2568.365478515625,250000.0,54
2019-07-30,AXON-BR,-8056.510551452637,250000.0,54
2019-07-31,MPWR-ON,1936.5552673339844,250000.0,54
2019-07-31,CI-EW,1119.2849731445312,250000.0,54
2019-07-31,MET-SPGI,0.0,250000.0,54
2019-07-31,CTSH-QCOM,0.0,250000.0,54
2019-08-01,CI-EW,-3619.093017578125,250000.0,54
2019-08-01,CTSH-QCOM,-2640.12345123291,250000.0,54
2019-08-01,HII-LMT,0.0,250000.0,54
2019-08-01,BRO-SPGI,0.0,250000.0,54
2019-08-01,CLX-HRL,0.0,250000.0,54
2019-08-02,CI-EW,-5491.945343017578,250000.0,54
2019-08-02,HII-LMT,-9575.332946777344,250000.0,54
2019-08-02,BRO-SPGI,2959.4103050231934,250000.0,54
2019-08-02,CLX-HRL,-30.72345733642578,250000.0,54
2019-08-02,MET-WTW,0.0,250000.0,54
2019-08-05,CI-EW,-4876.976776123047,250000.0,54
2019-08-05,CLX-HRL,1925.1162643432617,250000.0,54
2019-08-05,MPWR-ON,0.0,250000.0,54
2019-08-05,IVZ-JPM,0.0,250000.0,54
2019-08-06,CI-EW,-4404.526672363281,250000.0,54
2019-08-06,CLX-HRL,2490.6064224243164,250000.0,54
2019-08-06,MPWR-ON,-6931.277791976929,250000.0,54
2019-08-07,CI-EW,-2290.5574798583984,250000.0,54
2019-08-07,CLX-HRL,3546.715202331543,250000.0,54
2019-08-07,MPWR-ON,-9807.14739227295,250000.0,54
2019-08-08,CLX-HRL,-503.8027229309082,250000.0,54
2019-08-08,MPWR-ON,-13350.529413223267,250000.0,54
2019-08-09,CLX-HRL,-787.0948715209961,250000.0,54
2019-08-09,MPWR-ON,-20643.9518699646,250000.0,54
2019-08-09,AXON-BR,0.0,250000.0,54
2019-08-12,CLX-HRL,-1205.6251182556152,250000.0,54
2019-08-12,MPWR-ON,-18739.801601409912,250000.0,54
2019-08-12,AXON-BR,506.2594108581543,250000.0,54
2019-08-13,CLX-HRL,-584.3622131347656,250000.0,54
2019-08-13,MPWR-ON,-13495.115762710571,250000.0,54
2019-08-13,AXON-BR,372.69176864624023,250000.0,54
2019-08-14,CLX-HRL,4420.480766296387,250000.0,54
2019-08-14,MPWR-ON,-12566.297760009766,250000.0,54
2019-08-14,AXON-BR,-448.86523818969727,250000.0,54
2019-08-15,CLX-HRL,1831.033992767334,250000.0,54
2019-08-15,MPWR-ON,-17839.076206207275,250000.0,54
2019-08-15,AXON-BR,-4326.093654632568,250000.0,54
2019-08-16,CLX-HRL,3411.0667457580566,250000.0,54
2019-08-16,MPWR-ON,-17294.351358413696,250000.0,54
2019-08-16,AXON-BR,-1044.2202186584473,250000.0,54
2019-08-19,MPWR-ON,-13748.090198516846,250000.0,54
2019-08-19,AXON-BR,1940.816982269287,250000.0,54
2019-08-20,AXON-BR,4269.462886810303,250000.0,54
2019-08-21,AXON-BR,-3275.651824951172,250000.0,54
2019-08-22,AXON-BR,5815.882095336914,250000.0,54
2019-08-22,CLX-HRL,0.0,250000.0,54
2019-08-23,AXON-BR,979.716796875,250000.0,54
2019-08-23,CLX-HRL,2860.885528564453,250000.0,54
2019-08-26,AXON-BR,4689.6506996154785,250000.0,54
2019-08-26,CLX-HRL,47.644325256347656,250000.0,54
2019-08-27,AXON-BR,2531.6931381225586,250000.0,54
2019-08-27,CLX-HRL,2728.687786102295,250000.0,54
2019-08-27,CI-EW,0.0,250000.0,54
2019-08-28,CLX-HRL,4471.190231323242,250000.0,54
2019-08-28,CI-EW,-309.60260009765625,250000.0,54
2019-08-29,CLX-HRL,2993.033832550049,250000.0,54
2019-08-29,CI-EW,4685.062423706055,250000.0,54
2019-08-30,CLX-HRL,1158.4360961914062,250000.0,54
2019-08-30,CI-EW,5153.266815185547,250000.0,54
2019-08-30,BRO-SPGI,0.0,250000.0,54
2019-09-03,CLX-HRL,3292.057933807373,250000.0,54
2019-09-03,BRO-SPGI,1494.1883697509766,250000.0,54
2019-09-04,BRO-SPGI,608.2202453613281,250000.0,54
2019-09-04,MET-MSCI,0.0,250000.0,54
2019-09-05,BRO-SPGI,4867.588268280029,250000.0,54
2019-09-05,MET-MSCI,1446.3985290527344,250000.0,54
2019-09-09,HII-LMT,0.0,250000.0,54
2019-09-09,CI-EW,0.0,250000.0,54
2019-09-10,HII-LMT,151.23410034179688,250000.0,54
2019-09-10,CI-EW,-1380.7110595703125,250000.0,54
2019-09-10,MET-MSCI,0.0,250000.0,54
2019-09-11,HII-LMT,-292.3693542480469,250000.0,54
2019-09-11,CI-EW,984.5348510742188,250000.0,54
2019-09-11,MET-MSCI,-3237.941604614258,250000.0,54
2019-09-12,CI-EW,6650.209686279297,250000.0,54
2019-09-12,MET-MSCI,3221.2336959838867,250000.0,54
2019-09-13,CI-EW,3838.766143798828,250000.0,54
2019-09-13,MET-MSCI,-1019.9483489990234,250000.0,54
2019-09-16,CI-EW,-5508.398681640625,250000.0,54
2019-09-16,MET-MSCI,1396.548568725586,250000.0,54
2019-09-17,CI-EW,3149.45361328125,250000.0,54
2019-09-18,CI-EW,2305.425018310547,250000.0,54
2019-09-19,CI-EW,-4759.528594970703,250000.0,54
2019-09-20,CI-EW,3535.8767700195312,250000.0,54
2019-09-23,CI-EW,4712.128021240234,250000.0,54
2019-09-24,CI-EW,6068.506896972656,250000.0,54
2019-08-01,EVRG-SO,0.0,250000.0,55
2019-08-01,PRU-SYF,0.0,250000.0,55
2019-08-02,EVRG-SO,-479.78517150878906,250000.0,55
2019-08-02,PRU-SYF,-3311.5257263183594,250000.0,55
2019-08-02,PCAR-PWR,0.0,250000.0,55
2019-08-02,CRM-FTNT,0.0,250000.0,55
2019-08-05,PRU-SYF,866.7978057861328,250000.0,55
2019-08-05,PCAR-PWR,4839.488178253174,250000.0,55
2019-08-05,CRM-FTNT,4308.8039474487305,250000.0,55
2019-08-06,PRU-SYF,-2331.9264602661133,250000.0,55
2019-08-06,PCAR-PWR,3489.8941650390625,250000.0,55
2019-08-06,CRM-FTNT,747.7479972839355,250000.0,55
2019-08-07,PRU-SYF,-5422.751754760742,250000.0,55
2019-08-07,PCAR-PWR,3079.946220397949,250000.0,55
2019-08-07,CRM-FTNT,-1846.6642456054688,250000.0,55
2019-08-08,PCAR-PWR,4004.160015106201,250000.0,55
2019-08-08,CRM-FTNT,-2149.1046752929688,250000.0,55
2019-08-09,CRM-FTNT,-1391.485782623291,250000.0,55
2019-08-12,CRM-FTNT,-7407.694450378418,250000.0,55
2019-08-13,CRM-FTNT,-588.4150199890137,250000.0,55
2019-08-13,EVRG-SO,0.0,250000.0,55
2019-08-14,CRM-FTNT,-6847.285778045654,250000.0,55
2019-08-14,EVRG-SO,-698.9107398986816,250000.0,55
2019-08-14,ADP-NSC,0.0,250000.0,55
2019-08-15,CRM-FTNT,3936.687080383301,250000.0,55
2019-08-15,EVRG-SO,-604.5671768188477,250000.0,55
2019-08-15,ADP-NSC,-654.7067718505859,250000.0,55
2019-08-16,CRM-FTNT,8890.80200958252,250000.0,55
2019-08-16,EVRG-SO,861.7444610595703,250000.0,55
2019-08-16,ADP-NSC,5781.163314819336,250000.0,55
2019-08-16,CRM-PANW,0.0,250000.0,55
2019-08-19,CRM-FTNT,6615.64879989624,250000.0,55
2019-08-19,EVRG-SO,192.10895919799805,250000.0,55
2019-08-19,CRM-PANW,-1168.9443969726562,250000.0,55
2019-08-20,CRM-FTNT,17936.84045791626,250000.0,55
2019-08-20,EVRG-SO,-171.57061386108398,250000.0,55
2019-08-20,CRM-PANW,-2385.7034339904785,250000.0,55
2019-08-21,CRM-FTNT,18135.3067817688,250000.0,55
2019-08-21,EVRG-SO,-68.78669738769531,250000.0,55
2019-08-21,CRM-PANW,-488.80462646484375,250000.0,55
2019-08-22,CRM-FTNT,21990.209873199463,250000.0,55
2019-08-22,EVRG-SO,2314.4885444641113,250000.0,55
2019-08-22,CRM-PANW,-1009.2558746337891,250000.0,55
2019-08-23,EVRG-SO,1571.00341796875,250000.0,55
2019-08-23,CRM-PANW,-10612.978031158447,250000.0,55
2019-08-26,EVRG-SO,1479.8169403076172,250000.0,55
2019-08-26,CRM-PANW,-14278.168201446533,250000.0,55
2019-08-27,EVRG-SO,-1561.8958129882812,250000.0,55
2019-08-27,CRM-PANW,-13488.404033660889,250000.0,55
2019-08-27,CL-GIS,0.0,250000.0,55
2019-08-28,EVRG-SO,402.22723388671875,250000.0,55
2019-08-28,CRM-PANW,-15297.696086883545,250000.0,55
2019-08-28,CL-GIS,4246.692695617676,250000.0,55
2019-08-29,EVRG-SO,213.28403854370117,250000.0,55
2019-08-29,CRM-PANW,-20057.46240234375,250000.0,55
2019-08-29,CL-GIS,4789.80411529541,250000.0,55
2019-08-30,CRM-PANW,-15950.399105072021,250000.0,55
2019-08-30,CL-GIS,7098.039436340332,250000.0,55
2019-09-03,EVRG-SO,0.0,250000.0,55
2019-09-04,EVRG-SO,-582.9231224060059,250000.0,55
2019-09-05,EVRG-SO,-1455.6185035705566,250000.0,55
2019-09-05,CIEN-MU,0.0,250000.0,55
2019-09-05,CIEN-MPWR,0.0,250000.0,55
2019-09-05,CIEN-COHR,0.0,250000.0,55
2019-09-06,CIEN-MU,-13.70574951171875,250000.0,55
2019-09-06,CIEN-MPWR,-170.4613037109375,250000.0,55
2019-09-06,CIEN-COHR,498.7870330810547,250000.0,55
2019-09-06,CRM-PANW,0.0,250000.0,55
2019-09-09,CIEN-MU,-2778.9859924316406,250000.0,55
2019-09-09,CIEN-MPWR,1597.3834533691406,250000.0,55
2019-09-09,CIEN-COHR,-1327.5351943969727,250000.0,55
2019-09-09,CRM-PANW,3555.499183654785,250000.0,55
2019-09-09,CTSH-INTU,0.0,250000.0,55
2019-09-10,CIEN-MU,-1739.4280090332031,250000.0,55
2019-09-10,CIEN-MPWR,5146.297874450684,250000.0,55
2019-09-10,CIEN-COHR,-2753.6058959960938,250000.0,55
2019-09-10,CRM-PANW,8719.428726196289,250000.0,55
2019-09-10,CTSH-INTU,-9106.617774963379,250000.0,55
2019-09-11,CIEN-MU,-4803.376007080078,250000.0,55
2019-09-11,CIEN-MPWR,-33.517295837402344,250000.0,55
2019-09-11,CIEN-COHR,-12415.102066040039,250000.0,55
2019-09-11,CRM-PANW,5562.99808883667,250000.0,55
2019-09-12,CIEN-MU,-7443.87451171875,250000.0,55
2019-09-12,CIEN-MPWR,-8635.1996383667,250000.0,55
2019-09-12,CIEN-COHR,-13663.779838562012,250000.0,55
2019-09-13,CIEN-MU,-6663.123397827148,250000.0,55
2019-09-13,CIEN-MPWR,-8042.797073364258,250000.0,55
2019-09-13,CIEN-COHR,-11879.106834411621,250000.0,55
2019-09-16,CIEN-MU,-372.5022735595703,250000.0,55
2019-09-16,CIEN-MPWR,-2055.8776931762695,250000.0,55
2019-09-16,CIEN-COHR,-8284.847648620605,250000.0,55
2019-09-17,CIEN-MU,-6606.697784423828,250000.0,55
2019-09-17,CIEN-MPWR,-613.8442840576172,250000.0,55
2019-09-17,CIEN-COHR,-7596.105506896973,250000.0,55
2019-09-17,GPN-MCO,0.0,250000.0,55
2019-09-18,CIEN-MU,-5218.859420776367,250000.0,55
2019-09-18,CIEN-MPWR,-1714.2720336914062,250000.0,55
2019-09-18,CIEN-COHR,-5323.894493103027,250000.0,55
2019-09-18,GPN-MCO,2480.3602600097656,250000.0,55
2019-09-19,CIEN-MU,-2812.953643798828,250000.0,55
2019-09-19,CIEN-MPWR,625.4227981567383,250000.0,55
2019-09-19,CIEN-COHR,-2228.0656204223633,250000.0,55
2019-09-19,GPN-MCO,297.99217224121094,250000.0,55
2019-09-20,CIEN-MPWR,2770.040885925293,250000.0,55
2019-09-20,CIEN-COHR,109.9381332397461,250000.0,55
2019-09-20,GPN-MCO,1626.9480895996094,250000.0,55
2019-09-23,GPN-MCO,-2678.9305114746094,250000.0,55
2019-09-24,GPN-MCO,4141.5240478515625,250000.0,55
2019-09-24,PRU-SYF,0.0,250000.0,55
2019-09-25,GPN-MCO,547.5888061523438,250000.0,55
2019-09-25,PRU-SYF,866.8782653808594,250000.0,55
2019-09-26,GPN-MCO,358.48045349121094,250000.0,55
2019-09-26,PRU-SYF,-519.8812713623047,250000.0,55
2019-09-26,GOOG-GOOGL,0.0,250000.0,55
2019-09-27,GPN-MCO,4150.554351806641,250000.0,55
2019-09-27,PRU-SYF,-1151.1168518066406,250000.0,55
2019-09-27,GOOG-GOOGL,45.07652282714844,250000.0,55
2019-09-27,CIEN-MU,0.0,250000.0,55
2019-09-30,GOOG-GOOGL,-198.67616271972656,250000.0,55
2019-09-30,CIEN-MU,-1770.2531776428223,250000.0,55
2019-10-01,GOOG-GOOGL,82.39694213867188,250000.0,55
2019-10-01,CIEN-MU,2832.0731468200684,250000.0,55
2019-10-02,GOOG-GOOGL,68.51993560791016,250000.0,55
2019-10-02,CIEN-MU,100.00086212158203,250000.0,55
2019-10-02,CIEN-MPWR,0.0,250000.0,55
2019-10-02,PRU-SYF,0.0,250000.0,55
2019-10-02,ADP-NSC,0.0,250000.0,55
2019-10-03,GOOG-GOOGL,-19.290916442871094,250000.0,55
2019-10-03,CIEN-MU,6617.000629425049,250000.0,55
2019-10-03,CIEN-MPWR,1789.5933532714844,250000.0,55
2019-10-03,PRU-SYF,239.0732879638672,250000.0,55
2019-10-03,ADP-NSC,2195.43701171875,250000.0,55
2019-10-04,GOOG-GOOGL,-139.760009765625,250000.0,55
2019-10-04,PRU-SYF,1764.376121520996,250000.0,55
2019-10-04,ADP-NSC,6939.415771484375,250000.0,55
2019-10-07,PRU-SYF,354.13255310058594,250000.0,55
2019-10-07,ADP-NSC,4989.73779296875,250000.0,55
2019-10-08,PRU-SYF,-5875.346492767334,250000.0,55
2019-10-09,PRU-SYF,-970.4993553161621,250000.0,55
2019-10-09,EVRG-SO,0.0,250000.0,55
2019-10-10,PRU-SYF,332.5257263183594,250000.0,55
2019-10-10,EVRG-SO,-964.6300163269043,250000.0,55
2019-10-11,PRU-SYF,3151.0034942626953,250000.0,55
2019-10-11,EVRG-SO,2156.5664405822754,250000.0,55
2019-10-14,PRU-SYF,3839.1100997924805,250000.0,55
2019-10-14,EVRG-SO,3999.319595336914,250000.0,55
2019-10-22,PCAR-PWR,0.0,250000.0,55
2019-10-23,PCAR-PWR,8167.992500305176,250000.0,55
2019-10-24,PCAR-PWR,6990.148834228516,250000.0,55
2019-10-25,PCAR-PWR,1115.9093933105469,250000.0,55
2019-10-28,PCAR-PWR,2231.6509590148926,250000.0,55
2019-10-29,PCAR-PWR,1696.5930137634277,250000.0,55
2019-10-30,PCAR-PWR,6392.785415649414,250000.0,55
2019-10-31,PCAR-PWR,8702.500019073486,250000.0,55
2019-10-31,UBER-XYL,0.0,250000.0,55
2019-09-03,EFX-GNRC,0.0,250000.0,56
2019-09-04,EFX-GNRC,4499.715469360352,250000.0,56
2019-09-04,HON-TT,0.0,250000.0,56
2019-09-05,HON-TT,1504.3807220458984,250000.0,56
2019-09-06,HON-TT,960.2010955810547,250000.0,56
2019-09-06,DRI-LULU,0.0,250000.0,56
2019-09-09,HON-TT,2079.17862701416,250000.0,56
2019-09-10,HON-TT,1907.4990539550781,250000.0,56
2019-09-10,DIS-ECHO,0.0,250000.0,56
2019-09-10,MAA-WELL,0.0,250000.0,56
2019-09-11,DIS-ECHO,-6219.64204788208,250000.0,56
2019-09-11,MAA-WELL,-1897.6013946533203,250000.0,56
2019-09-12,DIS-ECHO,-13400.08071899414,250000.0,56
2019-09-12,MAA-WELL,-2791.451950073242,250000.0,56
2019-09-13,DIS-ECHO,-8047.64928817749,250000.0,56
2019-09-13,MAA-WELL,-4607.197532653809,250000.0,56
2019-09-16,DIS-ECHO,-15698.545188903809,250000.0,56
2019-09-16,MAA-WELL,-2963.6855697631836,250000.0,56
2019-09-17,DIS-ECHO,-14056.894912719727,250000.0,56
2019-09-17,MAA-WELL,271.22798919677734,250000.0,56
2019-09-18,DIS-ECHO,-16752.40390777588,250000.0,56
2019-09-18,MAA-WELL,-923.5882949829102,250000.0,56
2019-09-18,CDW-SNPS,0.0,250000.0,56
2019-09-19,MAA-WELL,-55.458106994628906,250000.0,56
2019-09-19,CDW-SNPS,-2399.668846130371,250000.0,56
2019-09-19,DRI-EXPE,0.0,250000.0,56
2019-09-19,CDW-STX,0.0,250000.0,56
2019-09-20,MAA-WELL,199.36115264892578,250000.0,56
2019-09-20,CDW-SNPS,-3129.7174224853516,250000.0,56
2019-09-20,DRI-EXPE,-1626.6783752441406,250000.0,56
2019-09-20,CDW-STX,-836.2158203125,250000.0,56
2019-09-23,MAA-WELL,742.8918075561523,250000.0,56
2019-09-23,CDW-SNPS,3719.367988586426,250000.0,56
2019-09-23,DRI-EXPE,223.13963317871094,250000.0,56
2019-09-23,CDW-STX,4800.259101867676,250000.0,56
2019-09-24,MAA-WELL,837.9607391357422,250000.0,56
2019-09-24,CDW-SNPS,4267.264144897461,250000.0,56
2019-09-24,DRI-EXPE,-3604.795913696289,250000.0,56
2019-09-24,CDW-STX,5132.434181213379,250000.0,56
2019-09-24,MCO-WRB,0.0,250000.0,56
2019-09-25,CDW-SNPS,2439.064277648926,250000.0,56
2019-09-25,DRI-EXPE,-3775.446304321289,250000.0,56
2019-09-25,CDW-STX,4339.513298034668,250000.0,56
2019-09-25,MCO-WRB,2915.443271636963,250000.0,56
2019-09-26,CDW-SNPS,206.56542205810547,250000.0,56
2019-09-26,DRI-EXPE,-7531.815399169922,250000.0,56
2019-09-26,CDW-STX,2757.2538833618164,250000.0,56
2019-09-26,MCO-WRB,2021.743579864502,250000.0,56
2019-09-26,GOOG-GOOGL,0.0,250000.0,56
2019-09-27,CDW-SNPS,-4059.132713317871,250000.0,56
2019-09-27,DRI-EXPE,-6429.437438964844,250000.0,56
2019-09-27,CDW-STX,7203.073013305664,250000.0,56
2019-09-27,MCO-WRB,-2929.6274337768555,250000.0,56
2019-09-27,GOOG-GOOGL,45.07652282714844,250000.0,56
2019-09-30,CDW-SNPS,-5783.250221252441,250000.0,56
2019-09-30,DRI-EXPE,-5975.822708129883,250000.0,56
2019-09-30,GOOG-GOOGL,-198.67616271972656,250000.0,56
2019-10-01,CDW-SNPS,-2785.4680709838867,250000.0,56
2019-10-01,DRI-EXPE,-8049.839218139648,250000.0,56
2019-10-01,GOOG-GOOGL,82.39694213867188,250000.0,56
2019-10-02,CDW-SNPS,-4439.569931030273,250000.0,56
2019-10-02,DRI-EXPE,-8599.7197265625,250000.0,56
2019-10-02,GOOG-GOOGL,68.51993560791016,250000.0,56
2019-10-02,EFX-GNRC,0.0,250000.0,56
2019-10-02,HON-TT,0.0,250000.0,56
2019-10-03,CDW-SNPS,891.0729827880859,250000.0,56
2019-10-03,DRI-EXPE,-10695.337478637695,250000.0,56
2019-10-03,GOOG-GOOGL,-19.290916442871094,250000.0,56
2019-10-03,EFX-GNRC,4629.7183837890625,250000.0,56
2019-10-03,HON-TT,1594.6905212402344,250000.0,56
2019-10-04,GOOG-GOOGL,-139.760009765625,250000.0,56
2019-10-04,HON-TT,1101.2281799316406,250000.0,56
2019-10-07,HON-TT,-2882.178939819336,250000.0,56
2019-10-08,HON-TT,-4767.432266235352,250000.0,56
2019-10-08,BSX-VTRS,0.0,250000.0,56
2019-10-09,HON-TT,-3915.121871948242,250000.0,56
2019-10-09,BSX-VTRS,5496.684154510498,250000.0,56
2019-10-10,HON-TT,-5291.412811279297,250000.0,56
2019-10-10,BSX-VTRS,-305.9446792602539,250000.0,56
2019-10-10,DRI-LULU,0.0,250000.0,56
2019-10-11,HON-TT,-5595.489944458008,250000.0,56
2019-10-11,BSX-VTRS,-4067.8860473632812,250000.0,56
2019-10-11,DRI-LULU,-3095.1448974609375,250000.0,56
2019-10-14,HON-TT,-5043.288803100586,250000.0,56
2019-10-14,BSX-VTRS,-1069.4942817687988,250000.0,56
2019-10-15,HON-TT,-4291.147033691406,250000.0,56
2019-10-15,BSX-VTRS,-1196.0137825012207,250000.0,56
2019-10-16,HON-TT,-4236.312423706055,250000.0,56
2019-10-16,BSX-VTRS,-2308.930118560791,250000.0,56
2019-10-17,BSX-VTRS,-4296.680065155029,250000.0,56
2019-10-18,BSX-VTRS,5688.28023147583,250000.0,56
2019-10-23,CHRW-ROL,0.0,250000.0,56
2019-10-24,CHRW-ROL,-1872.4621086120605,250000.0,56
2019-10-25,CHRW-ROL,2089.1313667297363,250000.0,56
2019-10-25,MAA-WELL,0.0,250000.0,56
2019-10-28,CHRW-ROL,4783.927089691162,250000.0,56
2019-10-28,MAA-WELL,-1817.8414764404297,250000.0,56
2019-10-29,CHRW-ROL,3879.132179260254,250000.0,56
2019-10-29,MAA-WELL,4295.383010864258,250000.0,56
2019-10-29,HON-TT,0.0,250000.0,56
2019-10-29,ES-VST,0.0,250000.0,56
2019-10-30,HON-TT,1905.077247619629,250000.0,56
2019-10-30,ES-VST,-178.36502838134766,250000.0,56
2019-10-31,HON-TT,1393.2349700927734,250000.0,56
2019-10-31,ES-VST,4586.104675292969,250000.0,56
2019-11-01,HON-TT,1640.059928894043,250000.0,56
2019-11-01,ES-VST,-1895.4357318878174,250000.0,56
2019-11-01,VRT-WAB,0.0,250000.0,56
2019-11-04,HON-TT,1797.8125076293945,250000.0,56
2019-11-04,ES-VST,-11224.993286132812,250000.0,56
2019-11-04,VRT-WAB,-8970.136093139648,250000.0,56
2019-11-05,HON-TT,3483.6077728271484,250000.0,56
2019-11-05,ES-VST,-3740.5078506469727,250000.0,56
2019-11-05,VRT-WAB,-8230.8653383255,250000.0,56
2019-11-06,HON-TT,2292.8711318969727,250000.0,56
2019-11-06,ES-VST,3593.5391006469727,250000.0,56
2019-11-06,VRT-WAB,-10811.116012573242,250000.0,56
2019-11-07,HON-TT,5489.294281005859,250000.0,56
2019-11-07,ES-VST,-11580.545841217041,250000.0,56
2019-11-07,FCX-NUE,0.0,250000.0,56
2019-11-08,HON-TT,4752.621963500977,250000.0,56
2019-11-08,ES-VST,-9529.024728775024,250000.0,56
2019-11-08,FCX-NUE,-2789.521999359131,250000.0,56
2019-11-08,DUK-VST,0.0,250000.0,56
2019-11-11,HON-TT,5131.63663482666,250000.0,56
2019-11-11,ES-VST,-11016.638132095337,250000.0,56
2019-11-11,FCX-NUE,1868.051528930664,250000.0,56
2019-11-12,HON-TT,7463.675048828125,250000.0,56
2019-11-12,FCX-NUE,1741.635503768921,250000.0,56
2019-11-13,FCX-NUE,1281.015214920044,250000.0,56
2019-11-14,FCX-NUE,826.9391632080078,250000.0,56
2019-11-15,FCX-NUE,-1259.5214653015137,250000.0,56
2019-11-18,FCX-NUE,2818.3448600769043,250000.0,56
2019-11-19,FCX-NUE,-3360.334701538086,250000.0,56
2019-11-20,FCX-NUE,-3542.1881675720215,250000.0,56
2019-11-21,FCX-NUE,-2674.2598724365234,250000.0,56
2019-11-22,CDW-SNPS,0.0,250000.0,56
2019-11-27,CDW-STX,0.0,250000.0,56
2019-11-29,CDW-STX,-743.1873474121094,250000.0,56
2019-10-08,KMI-OKE,0.0,250000.0,57
2019-10-09,KMI-OKE,-285.4535884857178,250000.0,57
2019-10-10,KMI-OKE,402.75135803222656,250000.0,57
2019-10-11,KMI-OKE,2487.3006496429443,250000.0,57
2019-10-14,KMI-OKE,2077.85764503479,250000.0,57
2019-10-15,KMI-OKE,2060.283529281616,250000.0,57
2019-10-16,KMI-OKE,811.1106033325195,250000.0,57
2019-10-17,KMI-OKE,1091.4618396759033,250000.0,57
2019-10-17,GDDY-IBM,0.0,250000.0,57
2019-10-17,MTB-PRU,0.0,250000.0,57
2019-10-18,KMI-OKE,3560.0826683044434,250000.0,57
2019-10-18,GDDY-IBM,604.870304107666,250000.0,57
2019-10-18,MTB-PRU,-569.3461303710938,250000.0,57
2019-10-18,CIEN-FTNT,0.0,250000.0,57
2019-10-21,KMI-OKE,3553.5098628997803,250000.0,57
2019-10-21,GDDY-IBM,-1405.0207862854004,250000.0,57
2019-10-21,MTB-PRU,590.6757888793945,250000.0,57
2019-10-21,CIEN-FTNT,-724.5132627487183,250000.0,57
2019-10-22,KMI-OKE,4545.94188117981,250000.0,57
2019-10-22,GDDY-IBM,931.2373962402344,250000.0,57
2019-10-22,MTB-PRU,5371.076225280762,250000.0,57
2019-10-22,CIEN-FTNT,2537.525460243225,250000.0,57
2019-10-23,KMI-OKE,5830.271072387695,250000.0,57
2019-10-23,GDDY-IBM,1377.1278533935547,250000.0,57
2019-10-24,GDDY-IBM,-594.7035751342773,250000.0,57
2019-10-25,GDDY-IBM,1438.7458801269531,250000.0,57
2019-10-25,DECK-DRI,0.0,250000.0,57
2019-10-28,GDDY-IBM,2235.8145904541016,250000.0,57
2019-10-28,DECK-DRI,1784.5400390625,250000.0,57
2019-10-29,GDDY-IBM,-896.4349594116211,250000.0,57
2019-10-29,DECK-DRI,-3253.9864196777344,250000.0,57
2019-10-30,GDDY-IBM,1136.7327346801758,250000.0,57
2019-10-30,DECK-DRI,-1327.8603515625,250000.0,57
2019-10-31,GDDY-IBM,-1425.5817489624023,250000.0,57
2019-10-31,DECK-DRI,577.9503479003906,250000.0,57
2019-10-31,UHS-VEEV,0.0,250000.0,57
2019-11-01,GDDY-IBM,1649.3268737792969,250000.0,57
2019-11-01,DECK-DRI,1196.3196258544922,250000.0,57
2019-11-01,CIEN-FTNT,0.0,250000.0,57
2019-11-01,GDDY-SWKS,0.0,250000.0,57
2019-11-01,ADBE-FTNT,0.0,250000.0,57
2019-11-04,GDDY-IBM,6071.659370422363,250000.0,57
2019-11-04,CIEN-FTNT,-5564.469528198242,250000.0,57
2019-11-04,GDDY-SWKS,-777.8397674560547,250000.0,57
2019-11-04,ADBE-FTNT,-5035.476028442383,250000.0,57
2019-11-04,GDDY-MRVL,0.0,250000.0,57
2019-11-04,MTB-PRU,0.0,250000.0,57
2019-11-05,CIEN-FTNT,-2968.63663482666,250000.0,57
2019-11-05,ADBE-FTNT,1328.933952331543,250000.0,57
2019-11-05,GDDY-MRVL,-6990.287408828735,250000.0,57
2019-11-06,CIEN-FTNT,-7533.639171600342,250000.0,57
2019-11-06,ADBE-FTNT,-3657.36376953125,250000.0,57
2019-11-06,GDDY-MRVL,-2027.3370380401611,250000.0,57
2019-11-07,CIEN-FTNT,-9449.268852233887,250000.0,57
2019-11-07,ADBE-FTNT,-4976.4106369018555,250000.0,57
2019-11-08,CIEN-FTNT,-14431.195812225342,250000.0,57
2019-11-08,ADBE-FTNT,-9877.144561767578,250000.0,57
2019-11-11,CIEN-FTNT,-12849.726036071777,250000.0,57
2019-11-11,ADBE-FTNT,-10153.931121826172,250000.0,57
2019-11-12,CIEN-FTNT,-23396.52029800415,250000.0,57
2019-11-13,CIEN-FTNT,-23289.458980560303,250000.0,57
2019-11-21,DE-GWW,0.0,250000.0,57
2019-11-22,KMI-OKE,0.0,250000.0,57
2019-11-25,KMI-OKE,-1256.410789489746,250000.0,57
2019-11-25,J-JBHT,0.0,250000.0,57
2019-11-26,KMI-OKE,-5656.221496582031,250000.0,57
2019-11-26,J-JBHT,2207.4840774536133,250000.0,57
2019-11-27,KMI-OKE,-3749.89594745636,250000.0,57
2019-11-29,KMI-OKE,-4744.473789215088,250000.0,57
2019-12-04,GDDY-MRVL,0.0,250000.0,57
2019-12-05,GDDY-MRVL,-7218.559797286987,250000.0,57
2019-12-06,GDDY-MRVL,1282.2337493896484,250000.0,57
2019-12-06,FIS-FISV,0.0,250000.0,57
2019-12-09,GDDY-MRVL,-3973.5406131744385,250000.0,57
2019-12-10,GDDY-MRVL,5.162548065185547,250000.0,57
2019-12-11,GDDY-MRVL,11117.333486557007,250000.0,57
2019-12-12,RVTY-WAT,0.0,250000.0,57
2019-12-13,RVTY-WAT,-2184.298355102539,250000.0,57
2019-12-16,RVTY-WAT,-566.7193450927734,250000.0,57
2019-12-17,RVTY-WAT,1770.4632415771484,250000.0,57
