row_type,configuration,configuration_kind,lookback_days,step,weight_min,weight_max,bounds_label,lattice_aligned,selected_book_origin,leg_a,leg_b,window,start_index,start_A,start_B,mechanism,cumulative_return,annualized_return,annualized_volatility,sharpe,max_drawdown,n_days,final_equity,total_pnl,trade_count,win_rate,mean_trade_pnl,median_trade_pnl,mean_gross_exposure,median_gross_exposure,peak_gross_exposure,mean_gross_leverage,median_gross_leverage,peak_gross_leverage,capital_utilization_mean,capital_utilization_peak,return_on_gross,median_return_on_gross,active_gross_days,efficiency_days,allocator_rebalance_count,allocator_abs_weight_turnover,allocator_mean_abs_weight_change,allocator_max_abs_weight_change,allocator_fraction_at_min_daily,allocator_fraction_at_max_daily,allocator_fraction_at_50_daily,allocator_rebalances_at_min,allocator_rebalances_at_max,allocator_rebalances_at_50,allocator_one_way_capital_movement,allocator_annualized_capital_movement,allocator_annualized_turnover_ratio,allocator_path_months,equity_pnl_difference,leg_pnl_difference
per_start,lb84_s0.40_b0.10_0.90,dynamic,84.0,0.4,0.1,0.9,10_90,True,v2_selected,sp500-12m/same_sector_slide1m_noscreen,sp500-12m/same_sector_slide3m_noscreen,recent,0,2023-01-01,2023-01-01,A,0.2042666853124051,0.09903703001422826,0.07141465969470516,1.3577515678348944,-0.032000433551497065,496,1204266.6853124057,204266.6853124057,830,0.5783132530120482,246.10444013543218,118.32583294267218,706242.9801663666,637783.6223548194,2589238.822605654,0.6440579966744765,0.5672695313985556,2.2708261559816023,0.6414609886233696,2.2708261559816023,0.00038199451474386437,0.0001848867031570372,494,494,7,2.8000000000000003,0.39999999999999997,0.4,0.38306451612903225,0.4092741935483871,0.20766129032258066,9,10,4,3127361.19388442,1588901.2517316006,1.5889012517316006,23,0.0,-3.026798367500305e-09
per_start,static_50_50,static,,0.0,0.5,0.5,50_50,True,v2_selected,sp500-12m/same_sector_slide1m_noscreen,sp500-12m/same_sector_slide3m_noscreen,recent,0,2023-01-01,2023-01-01,A,0.21290609144775186,0.10303581556277441,0.06580027819733099,1.5231550904821543,-0.042619141975933084,496,1212906.09144775,212906.0914477501,830,0.5783132530120482,256.5133631900562,391.22922468198044,706537.3072577349,624436.0417723263,2628640.6084378213,0.6518298213831661,0.5879557668323597,2.361774955361825,0.6492014753292018,2.361774955361825,0.0003622896791863483,0.00023750756784070791,494,494,0,0.0,0.0,0.0,1.0,1.0,1.0,23,23,23,0.0,0.0,0.0,23,0.0,3.4779077395796776e-09
per_start,lb84_s0.40_b0.10_0.90,dynamic,84.0,0.4,0.1,0.9,10_90,True,v2_selected,sp500-12m/same_sector_slide1m_noscreen,sp500-12m/same_sector_slide3m_noscreen,recent,0,2023-01-01,2023-01-01,B,0.20452465604184944,0.099156636868442,0.07155333108678322,1.356788550111098,-0.0322069071989618,496,1204524.6560418482,204524.65604184824,830,0.5783132530120482,246.4152482431886,127.27104602354518,699424.3262855808,632495.7546029838,2588993.9969328325,0.637588873675632,0.5518912367005365,2.263000418320704,0.6350179507979077,2.263000418320704,0.0003870950848390159,0.00016304851987417168,494,494,7,2.8000000000000003,0.39999999999999997,0.4,0.38306451612903225,0.4092741935483871,0.20766129032258066,9,10,4,3138050.8865673244,1594332.3052721084,1.5943323052721083,23,0.0,1.7025740817189217e-09
per_start,static_50_50,static,,0.0,0.5,0.5,50_50,True,v2_selected,sp500-12m/same_sector_slide1m_noscreen,sp500-12m/same_sector_slide3m_noscreen,recent,0,2023-01-01,2023-01-01,B,0.21586131593535818,0.1044004356008279,0.06633287066525809,1.5301087138422254,-0.04302368815134494,496,1215861.3159353603,215861.31593536027,830,0.5783132530120482,260.07387462092123,405.33050433229846,713485.3079968225,627542.9591377577,2633985.558431401,0.6570458830538227,0.5904650471672519,2.3545760730756777,0.6543965044931217,2.3545760730756777,0.0003739832636067201,0.00024022867743439617,494,494,0,0.0,0.0,0.0,1.0,1.0,1.0,23,23,23,0.0,0.0,0.0,23,0.0,-4.351022653281689e-09
per_start,lb84_s0.40_b0.10_0.90,dynamic,84.0,0.4,0.1,0.9,10_90,True,v2_selected,sp500-12m/same_sector_slide1m_noscreen,sp500-12m/same_sector_slide3m_noscreen,recent,1,2023-02-01,2023-02-01,A,0.11479005032415524,0.05934439466691077,0.06512035682332261,0.9173561169894056,-0.03475292492712412,475,1114790.0503241543,114790.05032415432,773,0.5640362225097024,148.49941827187263,264.19525452129335,608056.6132617135,537637.9240774707,2272028.1087011783,0.5916472556842608,0.5279298618491368,2.1747833916588166,0.5891561093445377,2.1747833916588166,0.00021685049256721256,0.00020306492823885707,473,473,5,2.0,0.4,0.4,0.042105263157894736,0.7894736842105263,0.16842105263157894,1,18,4,1992538.1135504534,1057093.90445203,1.05709390445203,23,0.0,-3.2487150747328997e-09
per_start,static_50_50,static,,0.0,0.5,0.5,50_50,True,v2_selected,sp500-12m/same_sector_slide1m_noscreen,sp500-12m/same_sector_slide3m_noscreen,recent,1,2023-02-01,2023-02-01,A,0.07057466283497793,0.03684199036806546,0.0681024495147114,0.5647675135107884,-0.05283223292813044,475,1070574.6628349768,70574.6628349768,773,0.5640362225097024,91.29969318884207,311.7644608665612,574905.1738152666,505386.20634227834,1972049.0834846497,0.5711190507224512,0.504434452418726,1.9557040181970111,0.5687143389299356,1.9557040181970111,0.00020292928330167728,0.0002582508335915462,473,473,0,0.0,0.0,0.0,1.0,1.0,1.0,23,23,23,0.0,0.0,0.0,23,0.0,1.8662831280380487e-09
per_start,lb84_s0.40_b0.10_0.90,dynamic,84.0,0.4,0.1,0.9,10_90,True,v2_selected,sp500-12m/same_sector_slide1m_noscreen,sp500-12m/same_sector_slide3m_noscreen,recent,1,2023-02-01,2023-02-01,B,0.09775079661354846,0.05072317451306163,0.06578101564255046,0.784559099231818,-0.04489055298882105,475,1097750.7966135482,97750.79661354818,773,0.5640362225097024,126.45639924133232,255.94217500027486,608241.7383071464,532492.0855119281,2237418.8758775876,0.6002485059847813,0.5231749747211086,2.169216151661848,0.5977211438543192,2.169216151661848,0.00019400932553492343,0.0001433580186124673,473,473,5,2.0,0.4,0.4,0.042105263157894736,0.7894736842105263,0.16842105263157894,1,18,4,1970837.4622777293,1045581.1378820796,1.0455811378820796,23,0.0,-1.6934791347011924e-09
per_start,static_50_50,static,,0.0,0.5,0.5,50_50,True,v2_selected,sp500-12m/same_sector_slide1m_noscreen,sp500-12m/same_sector_slide3m_noscreen,recent,1,2023-02-01,2023-02-01,B,0.060381699355330554,0.031592984050323736,0.06841509647153145,0.4883110974335015,-0.06072702674831987,475,1060381.699355329,60381.69935532892,773,0.5640362225097024,78.11345324104278,295.9609677844645,576605.8398404948,519930.9124705323,1972049.0834846497,0.5778114821433785,0.5333017764276169,1.9557040181970111,0.5753785916922485,1.9557040181970111,0.00019425532593713994,0.00022770813435788592,473,473,0,0.0,0.0,0.0,1.0,1.0,1.0,23,23,23,0.0,0.0,0.0,23,0.0,2.8612703317776322e-09
per_start,lb84_s0.40_b0.10_0.90,dynamic,84.0,0.4,0.1,0.9,10_90,True,v2_selected,sp500-12m/same_sector_slide1m_noscreen,sp500-12m/same_sector_slide3m_noscreen,recent,2,2023-03-01,2023-03-01,A,0.24323817014977522,0.13028200593047612,0.0861013085803554,1.4648984407899828,-0.04671882106843128,448,1243238.1701497745,243238.17014977452,748,0.5935828877005348,325.18471945157233,147.11172947869557,659070.2734005817,549191.2728277189,3139764.588035933,0.5978754472723621,0.5119868409460155,2.7017157051552614,0.5912027302269117,2.7017157051552614,0.0006535214914266157,0.00046200094809345174,443,443,9,3.6,0.4,0.4,0.40401785714285715,0.3325892857142857,0.26339285714285715,9,7,5,4110137.341755809,2311952.2547376426,2.3119522547376423,21,0.0,-1.6298145055770874e-09
per_start,static_50_50,static,,0.0,0.5,0.5,50_50,True,v2_selected,sp500-12m/same_sector_slide1m_noscreen,sp500-12m/same_sector_slide3m_noscreen,recent,2,2023-03-01,2023-03-01,A,0.24943040658610083,0.13344523195906288,0.07664448241514903,1.672283192106548,-0.040111709310010735,448,1249430.4065860996,249430.40658609965,748,0.5935828877005348,333.46311040922427,443.0065016053391,635891.3818201696,557480.8127747818,2865084.093465786,0.576681961580374,0.5126079272074994,2.499811292717174,0.5702457789734502,2.499811292717174,0.0006988050762031174,0.0003827119809681201,443,443,0,0.0,0.0,0.0,1.0,1.0,1.0,21,21,21,0.0,0.0,0.0,21,0.0,-8.731149137020111e-11
per_start,lb84_s0.40_b0.10_0.90,dynamic,84.0,0.4,0.1,0.9,10_90,True,v2_selected,sp500-12m/same_sector_slide1m_noscreen,sp500-12m/same_sector_slide3m_noscreen,recent,2,2023-03-01,2023-03-01,B,0.2390704133748922,0.1281490776852272,0.08637031373347327,1.43872454503642,-0.046695340104808025,448,1239070.413374891,239070.41337489104,748,0.5935828877005348,319.6128521054712,145.14632305774222,672038.4112547913,564736.5077999112,3134533.2380286474,0.6120703235412495,0.5241841169882893,2.699625088099799,0.6052391815374409,2.699625088099799,0.0006479307831179726,0.00042534523941443645,443,443,9,3.6,0.4,0.4,0.40401785714285715,0.3325892857142857,0.26339285714285715,9,7,5,4107488.514336364,2310462.289314205,2.310462289314205,21,0.0,-1.3969838619232178e-09
per_start,static_50_50,static,,0.0,0.5,0.5,50_50,True,v2_selected,sp500-12m/same_sector_slide1m_noscreen,sp500-12m/same_sector_slide3m_noscreen,recent,2,2023-03-01,2023-03-01,B,0.24802835022033642,0.13272961088637336,0.07683151603004172,1.6601779714875637,-0.03996583666478182,448,1248028.3502203345,248028.35022033448,748,0.5935828877005348,331.5887035031226,437.37886017420624,639744.9211898495,563130.7723221311,2863421.261585935,0.5818065392776453,0.5163318463930312,2.4958347277323094,0.5753131627232071,2.4958347277323094,0.0006983678128546515,0.00038271198096867363,443,443,0,0.0,0.0,0.0,1.0,1.0,1.0,21,21,21,0.0,0.0,0.0,21,0.0,-1.1641532182693481e-09
per_start,lb84_s0.40_b0.10_0.90,dynamic,84.0,0.4,0.1,0.9,10_90,True,v2_selected,sp500-12m/same_sector_slide1m_noscreen,sp500-12m/same_sector_slide3m_noscreen,recent,3,2023-04-01,2023-04-01,A,0.18520937394034065,0.10496407302106658,0.07356474413615093,1.3932217226894654,-0.03225101145579845,429,1185209.3739403423,185209.37394034234,715,0.5902097902097903,259.0340894270519,184.64295983220217,685772.515809999,626712.4072094564,2548264.5674337386,0.6252126956847867,0.5585099896269565,2.2708261559816005,0.6222979511827598,2.2708261559816005,0.0003497403697388469,0.00014335801861191556,427,427,9,3.6,0.4,0.4,0.24242424242424243,0.4731934731934732,0.28438228438228436,5,10,5,3949950.511648783,2320250.6501992852,2.3202506501992852,20,0.0,2.764863893389702e-10
per_start,static_50_50,static,,0.0,0.5,0.5,50_50,True,v2_selected,sp500-12m/same_sector_slide1m_noscreen,sp500-12m/same_sector_slide3m_noscreen,recent,3,2023-04-01,2023-04-01,A,0.22270279248505642,0.12536498489906478,0.07058668838113631,1.7084048966937833,-0.04261914442656778,429,1222702.7924850564,222702.79248505645,715,0.5902097902097903,311.4724370420444,441.47325083185933,707148.2244402884,633630.5463676322,2649872.265494356,0.638847143682001,0.5890361233864249,2.361774955361827,0.6358688353198472,2.361774955361827,0.00039943759150048086,0.00021413662446400478,427,427,0,0.0,0.0,0.0,1.0,1.0,1.0,20,20,20,0.0,0.0,0.0,20,0.0,-5.296897143125534e-09
per_start,lb84_s0.40_b0.10_0.90,dynamic,84.0,0.4,0.1,0.9,10_90,True,v2_selected,sp500-12m/same_sector_slide1m_noscreen,sp500-12m/same_sector_slide3m_noscreen,recent,3,2023-04-01,2023-04-01,B,0.17699999183321857,0.10046182984834062,0.07347142767029625,1.3393171752774349,-0.034507966538289914,429,1176999.9918332193,176999.9918332193,715,0.5902097902097903,247.5524361303777,188.56348641405307,677107.8050097357,624111.1973349223,2529832.741871328,0.6208644730261933,0.5593223309943495,2.2630004183205306,0.6179699999584722,2.2630004183205306,0.0003421505219817359,0.00018312303459169546,427,427,9,3.6,0.4,0.4,0.24242424242424243,0.4731934731934732,0.28438228438228436,5,10,5,3938483.5800006157,2313514.830210152,2.313514830210152,20,0.0,-7.712515071034431e-10
per_start,static_50_50,static,,0.0,0.5,0.5,50_50,True,v2_selected,sp500-12m/same_sector_slide1m_noscreen,sp500-12m/same_sector_slide3m_noscreen,recent,3,2023-04-01,2023-04-01,B,0.2168236805195578,0.12218328639929044,0.07100841967805469,1.658795626068039,-0.044462485092054416,429,1216823.680519561,216823.68051956105,715,0.5902097902097903,303.24990282456207,425.11656396635567,709745.533699271,640721.0379043997,2636070.380428397,0.6440496011212407,0.595380852203032,2.3545760730756995,0.6410470388782512,2.3545760730756995,0.00037771966610888484,0.00019962841055190284,427,427,0,0.0,0.0,0.0,1.0,1.0,1.0,20,20,20,0.0,0.0,0.0,20,0.0,-7.712515071034431e-10
per_start,lb84_s0.40_b0.10_0.90,dynamic,84.0,0.4,0.1,0.9,10_90,True,v2_selected,sp500-12m/same_sector_slide1m_noscreen,sp500-12m/same_sector_slide3m_noscreen,recent,4,2023-05-01,2023-05-01,A,0.131308872575022,0.07818580411573417,0.06763610555867809,1.146341916267817,-0.03334928174757634,413,1131308.8725750172,131308.87257501716,668,0.5793413173652695,196.5701685254775,310.76313389011256,611801.8597895113,546247.318761302,2305694.742580518,0.5841784151806529,0.5281739505347598,2.174783391658816,0.5813494640175505,2.174783391658816,0.0004643640558468797,0.00046445528137759555,411,411,5,2.0,0.4,0.4,0.048426150121065374,0.7554479418886199,0.19612590799031476,1,15,4,2032758.0510777363,1240326.9464203138,1.2403269464203135,20,0.0,-1.837179297581315e-09
per_start,static_50_50,static,,0.0,0.5,0.5,50_50,True,v2_selected,sp500-12m/same_sector_slide1m_noscreen,sp500-12m/same_sector_slide3m_noscreen,recent,4,2023-05-01,2023-05-01,A,0.09787377223678728,0.058629137953053245,0.07072255129145241,0.8404254127887193,-0.041049112636662,413,1097873.7722367847,97873.77223678469,668,0.5793413173652695,146.51762310895492,384.9031367383874,575122.6775174234,515945.8862532023,1988190.433062293,0.5565000986180919,0.5095048063696521,1.8810679255810818,0.5538051828862852,1.8810679255810818,0.00048188329049557715,0.00046616845631163994,411,411,0,0.0,0.0,0.0,1.0,1.0,1.0,20,20,20,0.0,0.0,0.0,20,0.0,2.8103386284783483e-09
per_start,lb84_s0.40_b0.10_0.90,dynamic,84.0,0.4,0.1,0.9,10_90,True,v2_selected,sp500-12m/same_sector_slide1m_noscreen,sp500-12m/same_sector_slide3m_noscreen,recent,4,2023-05-01,2023-05-01,B,0.10428459273899815,0.06239671629217547,0.07141440660669063,0.8827736436914116,-0.05098576066514093,413,1104284.5927389977,104284.59273899766,668,0.5793413173652695,156.11465978891528,310.0872717173602,610752.5372840177,565895.7794159551,2250735.9591672067,0.5961037674432947,0.5505021939149597,2.1692161516682975,0.5932170663903006,2.1692161516682975,0.0004216161949526649,0.0004306648902482455,411,411,5,2.0,0.4,0.4,0.048426150121065374,0.7554479418886199,0.19612590799031476,1,15,4,1999294.4569957405,1219908.4822346892,1.219908482234689,20,0.0,2.2482709027826786e-09
per_start,static_50_50,static,,0.0,0.5,0.5,50_50,True,v2_selected,sp500-12m/same_sector_slide1m_noscreen,sp500-12m/same_sector_slide3m_noscreen,recent,4,2023-05-01,2023-05-01,B,0.08538863662004958,0.05126703524286591,0.07305037969200524,0.7204082669731761,-0.05116166294599822,413,1085388.6366200447,85388.63662004471,668,0.5793413173652695,127.82730032940958,368.41413351386643,577070.829249594,543858.3028421018,1962755.7211114017,0.5642816681434056,0.5402873570457682,1.8765256943170616,0.5615490692661979,1.8765256943170616,0.0004612442970305567,0.0004154959748493792,411,411,0,0.0,0.0,0.0,1.0,1.0,1.0,20,20,20,0.0,0.0,0.0,20,0.0,-8.512870408594608e-10
per_start,lb84_s0.40_b0.10_0.90,dynamic,84.0,0.4,0.1,0.9,10_90,True,v2_selected,sp500-12m/same_sector_slide1m_noscreen,sp500-12m/same_sector_slide3m_noscreen,historical,0,2014-01-01,2014-01-01,A,0.1893477874356959,0.035518864806450834,0.0466043974580789,0.772238460843904,-0.06097643233792527,1252,1189347.7874356967,189347.7874356967,2141,0.5361980382998599,88.43894789149651,61.540016933900716,689792.1533214696,648684.206664631,2256590.434612648,0.6184655053801102,0.5753891856934722,1.82577988849423,0.6159955952148543,1.82577988849423,0.00025148288367410376,0.00033084510709280356,1247,1247,15,6.0,0.40000000000000013,0.4,0.3801916932907348,0.4720447284345048,0.1477635782747604,23,28,8,7021788.044992539,1413331.1400464217,1.4133311400464217,59,0.0,2.735760062932968e-09
per_start,static_50_50,static,,0.0,0.5,0.5,50_50,True,v2_selected,sp500-12m/same_sector_slide1m_noscreen,sp500-12m/same_sector_slide3m_noscreen,historical,0,2014-01-01,2014-01-01,A,0.11298585077308831,0.021779865066252624,0.046036366116299104,0.491063101386605,-0.060319088252610786,1252,1112985.8507730886,112985.85077308863,2141,0.5361980382998599,52.77246649840635,164.57340285082537,675861.9043010218,651506.4545851927,2025197.4349684874,0.6319869506814985,0.6081552753567055,1.7795112254710146,0.6294630411340484,1.7795112254710146,0.00015921150825916574,0.00030137080052708074,1247,1247,0,0.0,0.0,0.0,1.0,1.0,1.0,59,59,59,0.0,0.0,0.0,59,0.0,6.548361852765083e-10
per_start,lb84_s0.40_b0.10_0.90,dynamic,84.0,0.4,0.1,0.9,10_90,True,v2_selected,sp500-12m/same_sector_slide1m_noscreen,sp500-12m/same_sector_slide3m_noscreen,historical,0,2014-01-01,2014-01-01,B,0.1955495187612626,0.03660343034111846,0.04624106297235773,0.8005818286741406,-0.06103728338503123,1252,1195549.5187612702,195549.5187612702,2141,0.5361980382998599,91.33559960825166,62.02301694080296,682728.5226830997,640047.4337237623,2130192.082287489,0.6177260174995782,0.5691256218440152,1.7526231656582998,0.6152590605606822,1.7526231656582998,0.0002531409327610856,0.00031862710696884436,1247,1247,15,6.0,0.40000000000000013,0.4,0.3801916932907348,0.4720447284345048,0.1477635782747604,23,28,8,6965459.631173578,1401993.4720892506,1.4019934720892506,59,0.0,3.4633558243513107e-09
per_start,static_50_50,static,,0.0,0.5,0.5,50_50,True,v2_selected,sp500-12m/same_sector_slide1m_noscreen,sp500-12m/same_sector_slide3m_noscreen,historical,0,2014-01-01,2014-01-01,B,0.11826049135796368,0.022752693755573317,0.04581292859481117,0.5140064055073837,-0.060077668024042796,1252,1118260.4913579621,118260.49135796214,2141,0.5361980382998599,55.236100587558,161.85105959106647,673888.6971231109,646684.6661175626,2011654.1071087467,0.6322291338830754,0.5966539022000197,1.7819560792821056,0.6297042571503156,1.7819560792821056,0.00016127324305834445,0.0002663747451707677,1247,1247,0,0.0,0.0,0.0,1.0,1.0,1.0,59,59,59,0.0,0.0,0.0,59,0.0,4.802132025361061e-10
per_start,lb42_s0.10_b0.40_0.60,dynamic,42.0,0.1,0.4,0.6,40_60,True,v2_selected,sp500-12m/same_sector_slide1m_noscreen,sp500-12m/same_sector_slide3m_noscreen,recent,0,2023-01-01,2023-01-01,A,0.22277193243157156,0.10758516343637936,0.06560028374186755,1.5903583626927524,-0.037645364504861556,496,1222771.9324315693,222771.93243156932,830,0.5783132530120482,268.3999185922545,362.35827064754886,708587.2285807255,626319.2584666488,2651620.00443592,0.6492728361084646,0.5601440684866483,2.361316390557841,0.646654800478995,2.361316390557841,0.00038673431934623,0.00033457761918132136,494,494,7,0.6999999999999998,0.09999999999999998,0.09999999999999998,0.29435483870967744,0.4939516129032258,0.21169354838709678,7,12,4,773801.0112784215,393140.8363753271,0.3931408363753271,23,0.0,-1.8917489796876907e-09
per_start,lb42_s0.10_b0.40_0.60,dynamic,42.0,0.1,0.4,0.6,40_60,True,v2_selected,sp500-12m/same_sector_slide1m_noscreen,sp500-12m/same_sector_slide3m_noscreen,recent,0,2023-01-01,2023-01-01,B,0.22494821403613918,0.1085862592108795,0.0660530669853339,1.5935969480347383,-0.038015904766995345,496,1224948.214036141,224948.21403614106,830,0.5783132530120482,271.02194462185423,386.36529067966467,711614.3046225269,626733.0254920482,2656811.4571842197,0.6512493979376162,0.5773163825178493,2.3548350956686175,0.6486233923007709,2.3548350956686175,0.00039498920908811905,0.0003298520990843265,494,494,7,0.6999999999999998,0.09999999999999998,0.09999999999999998,0.29435483870967744,0.4939516129032258,0.21169354838709678,7,12,4,777316.2509072981,394926.80489644984,0.3949268048964498,23,0.0,2.08092387765646e-09
per_start,lb42_s0.10_b0.40_0.60,dynamic,42.0,0.1,0.4,0.6,40_60,True,v2_selected,sp500-12m/same_sector_slide1m_noscreen,sp500-12m/same_sector_slide3m_noscreen,recent,1,2023-02-01,2023-02-01,A,0.07575538389464298,0.039500880011643424,0.06696635544548861,0.6114559805105466,-0.04715526069818643,475,1075755.3838946451,75755.38389464514,773,0.5640362225097024,98.00179029061256,325.926578173543,579262.8544813453,507414.86933135986,2021529.7738637936,0.5728530082450218,0.5049515754731699,1.9557040181970111,0.570440995578727,1.9557040181970111,0.00019823644944034574,0.00030221580734015,473,473,9,0.8999999999999998,0.09999999999999998,0.09999999999999998,0.09052631578947369,0.6568421052631579,0.25263157894736843,2,15,6,921849.9150592231,489065.6391472089,0.4890656391472089,23,0.0,1.6552803572267294e-09
per_start,lb42_s0.10_b0.40_0.60,dynamic,42.0,0.1,0.4,0.6,40_60,True,v2_selected,sp500-12m/same_sector_slide1m_noscreen,sp500-12m/same_sector_slide3m_noscreen,recent,1,2023-02-01,2023-02-01,B,0.06432371508941537,0.033625776221504866,0.06736640589512516,0.5240846917110495,-0.05609038114794662,475,1064323.7150894152,64323.7150894152,773,0.5640362225097024,83.21308549730372,318.9664954525923,581178.8643041936,521219.02416248235,1996963.680399837,0.5804543790099349,0.5341285979451708,1.9557040181970111,0.5780103605719983,1.9557040181970111,0.00018606628824557926,0.00026585900484489794,473,473,9,0.8999999999999998,0.09999999999999998,0.09999999999999998,0.09052631578947369,0.6568421052631579,0.25263157894736843,2,15,6,913447.9274173598,484608.1635982625,0.4846081635982625,23,0.0,-5.748006515204906e-10
per_start,lb42_s0.10_b0.40_0.60,dynamic,42.0,0.1,0.4,0.6,40_60,True,v2_selected,sp500-12m/same_sector_slide1m_noscreen,sp500-12m/same_sector_slide3m_noscreen,recent,2,2023-03-01,2023-03-01,A,0.2526975355913297,0.13511143951241134,0.07739722372336191,1.6757593629056746,-0.03939562518662909,448,1252697.5355913313,252697.5355913313,748,0.5935828877005348,337.8309299349371,426.55666367834266,644023.8498718211,573650.3832990659,2875823.747498787,0.5833789564072572,0.5254284224921486,2.4988148355100903,0.5768680305544978,2.4988148355100903,0.0007003275387960749,0.00043031275203126866,443,443,10,0.9999999999999998,0.09999999999999998,0.09999999999999998,0.41517857142857145,0.27455357142857145,0.31026785714285715,9,6,6,1141621.5993655636,642162.1496431296,0.6421621496431296,21,0.0,-1.6007106751203537e-09
per_start,lb42_s0.10_b0.40_0.60,dynamic,42.0,0.1,0.4,0.6,40_60,True,v2_selected,sp500-12m/same_sector_slide1m_noscreen,sp500-12m/same_sector_slide3m_noscreen,recent,2,2023-03-01,2023-03-01,B,0.25033101492121945,0.13390472453329605,0.07757330989477218,1.658416842036642,-0.03924400973519282,448,1250331.0149212207,250331.01492122072,748,0.5935828877005348,334.6671322476211,417.3343848260873,648404.1662981387,576209.2752965367,2871951.3109212033,0.5893908813266894,0.5281430101959277,2.4941422222159364,0.582812858097597,2.4941422222159364,0.0006986593779400912,0.00043420039424368906,443,443,10,0.9999999999999998,0.09999999999999998,0.09999999999999998,0.41517857142857145,0.27455357142857145,0.31026785714285715,9,6,6,1142247.5362014428,642514.2391133116,0.6425142391133116,21,0.0,1.4551915228366852e-10
per_start,lb42_s0.10_b0.40_0.60,dynamic,42.0,0.1,0.4,0.6,40_60,True,v2_selected,sp500-12m/same_sector_slide1m_noscreen,sp500-12m/same_sector_slide3m_noscreen,recent,3,2023-04-01,2023-04-01,A,0.226327914318601,0.12732370784929636,0.06976961084588845,1.7525300070169856,-0.037645364508609,429,1226327.9143186016,226327.9143186016,715,0.5902097902097903,316.54253750853263,404.1044005048275,705202.1474210942,627772.3734766112,2659331.2647756212,0.6351749747103271,0.5552403427022299,2.3613163905578416,0.6322137860170388,2.3613163905578416,0.00041556355809586746,0.0002546774521477146,427,427,7,0.6999999999999998,0.09999999999999998,0.09999999999999998,0.19114219114219114,0.5710955710955711,0.23776223776223776,4,12,4,780106.0921831871,458244.1380656484,0.4582441380656484,20,0.0,7.566995918750763e-10
per_start,lb42_s0.10_b0.40_0.60,dynamic,42.0,0.1,0.4,0.6,40_60,True,v2_selected,sp500-12m/same_sector_slide1m_noscreen,sp500-12m/same_sector_slide3m_noscreen,recent,3,2023-04-01,2023-04-01,B,0.2196302035730786,0.12370292928874327,0.07005842790076978,1.6996606774363556,-0.03941084172215947,429,1219630.2035730777,219630.20357307768,715,0.5902097902097903,307.1751098924161,407.70845322021984,704288.2323864006,641025.1715713802,2645277.1319239773,0.637566630781742,0.5760018016497688,2.354835095668648,0.6345942921766987,2.354835095668648,0.0003968552688226963,0.00022691759568037502,427,427,7,0.6999999999999998,0.09999999999999998,0.09999999999999998,0.19114219114219114,0.5710955710955711,0.23776223776223776,4,12,4,778626.2344791656,457374.8510227267,0.4573748510227267,20,0.0,1.7462298274040222e-10
per_start,lb42_s0.10_b0.40_0.60,dynamic,42.0,0.1,0.4,0.6,40_60,True,v2_selected,sp500-12m/same_sector_slide1m_noscreen,sp500-12m/same_sector_slide3m_noscreen,recent,4,2023-05-01,2023-05-01,A,0.10028286563109523,0.06004594254944151,0.06957993994713556,0.8723035227597147,-0.03905632963605743,413,1100282.8656310968,100282.86563109676,668,0.5793413173652695,150.12405034595534,385.6876803107125,579717.1761918883,516280.127046179,2067621.1393828122,0.5595050130343963,0.5095048063696521,1.954632534018219,0.5567955456589272,1.954632534018219,0.00046711214438828984,0.0005239595124833566,411,411,9,0.8999999999999998,0.09999999999999998,0.09999999999999998,0.10411622276029056,0.6029055690072639,0.2929782082324455,2,12,6,944758.8952421548,576463.0547240267,0.5764630547240267,20,0.0,-1.4042598195374012e-09
per_start,lb42_s0.10_b0.40_0.60,dynamic,42.0,0.1,0.4,0.6,40_60,True,v2_selected,sp500-12m/same_sector_slide1m_noscreen,sp500-12m/same_sector_slide3m_noscreen,recent,4,2023-05-01,2023-05-01,B,0.08467981552865012,0.05084807752836151,0.07230697936277783,0.7215596105059333,-0.051082560116125664,413,1084679.8155286494,84679.81552864937,668,0.5793413173652695,126.76619091115032,368.63240326328594,581613.7392429642,555997.315017608,2035157.3170531807,0.5687818548544793,0.5429486613119686,1.949633556699736,0.5660274633055473,1.949633556699736,0.000441627017642699,0.00047965013610766613,411,411,9,0.8999999999999998,0.09999999999999998,0.09999999999999998,0.10411622276029056,0.6029055690072639,0.2929782082324455,2,12,6,933812.6533519691,569783.9918757777,0.5697839918757778,20,0.0,9.713403414934874e-10
per_start,lb42_s0.10_b0.40_0.60,dynamic,42.0,0.1,0.4,0.6,40_60,True,v2_selected,sp500-12m/same_sector_slide1m_noscreen,sp500-12m/same_sector_slide3m_noscreen,historical,0,2014-01-01,2014-01-01,A,0.11388941330569358,0.02194677468439843,0.046062194294896205,0.49435383201000566,-0.05938889177981066,1252,1113889.4133056942,113889.41330569424,2141,0.5361980382998599,53.19449477146294,165.53972868153835,674945.9340316831,654271.0587227257,1933749.0706781019,0.6296176788350649,0.6125466421341843,1.7292314559913904,0.6271032312358834,1.7292314559913904,0.00016470133190947103,0.00026621755608238247,1247,1247,33,3.2999999999999994,0.09999999999999998,0.09999999999999998,0.36661341853035145,0.34105431309904155,0.29233226837060705,22,20,17,3581122.3915991355,720800.9925582925,0.7208009925582924,59,0.0,-7.945345714688301e-09
per_start,lb42_s0.10_b0.40_0.60,dynamic,42.0,0.1,0.4,0.6,40_60,True,v2_selected,sp500-12m/same_sector_slide1m_noscreen,sp500-12m/same_sector_slide3m_noscreen,historical,0,2014-01-01,2014-01-01,B,0.11964999913436114,0.023008357674076718,0.04583214249150783,0.5192579835569797,-0.05905874312059234,1252,1119649.9991343669,119649.99913436687,2141,0.5361980382998599,55.88510001605151,164.1469810192458,672182.2544860482,645295.615142046,1888158.2421773123,0.6298291986699704,0.6061585093115355,1.7323896985477918,0.6273139063430138,1.7323896985477918,0.00016679910393343914,0.0002638357634008636,1247,1247,33,3.2999999999999994,0.09999999999999998,0.09999999999999998,0.36661341853035145,0.34105431309904155,0.29233226837060705,22,20,17,3567315.68326788,718022.0065363465,0.7180220065363465,59,0.0,5.675246939063072e-10
per_start,lb42_s0.10_b0.30_0.70,dynamic,42.0,0.1,0.3,0.7,30_70,True,v2_selected,sp500-12m/same_sector_slide1m_noscreen,sp500-12m/same_sector_slide3m_noscreen,recent,0,2023-01-01,2023-01-01,A,0.21628790954531052,0.10459728689019099,0.0667550403676753,1.5234672558012232,-0.03470865993419836,496,1216287.9095453096,216287.9095453096,830,0.5783132530120482,260.5878428256745,328.77050673579396,709390.7712152407,626901.7008215517,2637369.197974254,0.6492667880993652,0.568774633348166,2.3386419937103278,0.646648776857029,2.3386419937103278,0.00036493085488831787,0.0001573493999272927,494,494,14,1.3999999999999997,0.09999999999999999,0.10000000000000003,0.17137096774193547,0.32056451612903225,0.21169354838709678,4,8,4,1561563.7774874838,793375.1450138023,0.7933751450138022,23,0.0,-2.473825588822365e-10
per_start,lb42_s0.10_b0.30_0.70,dynamic,42.0,0.1,0.3,0.7,30_70,True,v2_selected,sp500-12m/same_sector_slide1m_noscreen,sp500-12m/same_sector_slide3m_noscreen,recent,0,2023-01-01,2023-01-01,B,0.21875253992838206,0.10573392430768913,0.06716956588345145,1.5298027518888246,-0.035007182302122186,496,1218752.539928386,218752.539928386,830,0.5783132530120482,263.557277022154,351.8739575414611,711091.4504846381,632668.6163180019,2642723.373531509,0.6499124857630978,0.5811191826671593,2.3317170414906756,0.6472918709011497,2.3317170414906756,0.0003748589065719671,0.0001784260545793949,494,494,14,1.3999999999999997,0.09999999999999999,0.10000000000000003,0.17137096774193547,0.32056451612903225,0.21169354838709678,4,8,4,1569197.2330733687,797253.4329324374,0.7972534329324373,23,0.0,-1.7898855730891228e-09
per_start,lb42_s0.10_b0.30_0.70,dynamic,42.0,0.1,0.3,0.7,30_70,True,v2_selected,sp500-12m/same_sector_slide1m_noscreen,sp500-12m/same_sector_slide3m_noscreen,recent,1,2023-02-01,2023-02-01,A,0.08945269940173906,0.04650190774879337,0.06601920408911412,0.7209671483711004,-0.044713944897338154,475,1089452.6994017386,89452.69940173859,773,0.5640362225097024,115.72147399966573,365.3523706671975,590255.5020157972,525505.8981289186,2109889.510874657,0.5807276230843877,0.5164447007883919,2.0281067836169155,0.5782824541450851,2.0281067836169155,0.00021110647008981334,0.0003244589761499612,473,473,10,0.9999999999999998,0.09999999999999998,0.09999999999999998,0.0,0.6105263157894737,0.17473684210526316,0,14,4,1025537.6922245903,544074.7335591511,0.544074733559151,23,0.0,-3.0631781555712223e-09
per_start,lb42_s0.10_b0.30_0.70,dynamic,42.0,0.1,0.3,0.7,30_70,True,v2_selected,sp500-12m/same_sector_slide1m_noscreen,sp500-12m/same_sector_slide3m_noscreen,recent,1,2023-02-01,2023-02-01,B,0.07705400194505452,0.040166423885041436,0.06638989790521913,0.6258400620276748,-0.053893024834182346,475,1077054.0019450563,77054.00194505625,773,0.5640362225097024,99.68176189528585,355.33634530465514,590437.6280382175,530440.2136274271,2082858.8218263146,0.5870795456379072,0.5285371619704495,2.0222733407717626,0.5846076317615371,2.0222733407717626,0.00019866254203021488,0.0003302588778881568,473,473,10,0.9999999999999998,0.09999999999999998,0.09999999999999998,0.0,0.6105263157894737,0.17473684210526316,0,14,4,1015812.3950414797,538915.2074746377,0.5389152074746376,23,0.0,3.001332515850663e-10
per_start,lb42_s0.10_b0.30_0.70,dynamic,42.0,0.1,0.3,0.7,30_70,True,v2_selected,sp500-12m/same_sector_slide1m_noscreen,sp500-12m/same_sector_slide3m_noscreen,recent,2,2023-03-01,2023-03-01,A,0.25220402520254903,0.13485987548683598,0.07964609902534701,1.6278283136446654,-0.04091120063778608,448,1252204.0252025474,252204.02520254743,748,0.5935828877005348,337.1711566878987,395.5941985892148,641386.9019274776,559084.7111330403,2927324.099973968,0.5828986099777115,0.5147288617968768,2.549233788601038,0.5763930451342103,2.549233788601038,0.0007155636475554386,0.00043086042657134555,443,443,15,1.4999999999999998,0.1,0.10000000000000003,0.27232142857142855,0.09151785714285714,0.2611607142857143,6,2,5,1685757.7458560255,948238.7320440144,0.9482387320440144,21,0.0,-8.731149137020111e-10
per_start,lb42_s0.10_b0.30_0.70,dynamic,42.0,0.1,0.3,0.7,30_70,True,v2_selected,sp500-12m/same_sector_slide1m_noscreen,sp500-12m/same_sector_slide3m_noscreen,recent,2,2023-03-01,2023-03-01,B,0.24999424952978488,0.13373292296196548,0.07984838094307113,1.6114611541546,-0.04078262620196649,448,1249994.2495297869,249994.24952978687,748,0.5935828877005348,334.2169111360784,383.0018878134474,647811.981377934,572432.9406291086,2924009.59470266,0.5905862508033504,0.529112087625625,2.545076778004134,0.583994886397063,2.545076778004134,0.0007133448012792161,0.0004232526334947047,443,443,15,1.4999999999999998,0.1,0.10000000000000003,0.27232142857142855,0.09151785714285714,0.2611607142857143,6,2,5,1686912.8086012092,948888.4548381802,0.9488884548381803,21,0.0,2.6193447411060333e-10
per_start,lb42_s0.10_b0.30_0.70,dynamic,42.0,0.1,0.3,0.7,30_70,True,v2_selected,sp500-12m/same_sector_slide1m_noscreen,sp500-12m/same_sector_slide3m_noscreen,recent,3,2023-04-01,2023-04-01,A,0.21767327210679777,0.12264346567637063,0.07017668924567196,1.6834243384473266,-0.033330255599112624,429,1217673.272106796,217673.27210679604,715,0.5902097902097903,304.4381428067068,421.8348528472263,703297.699191768,622745.8221586833,2640373.1845460343,0.6338175788499981,0.5552403427022299,2.3386419937103264,0.6308627183425389,2.3386419937103264,0.00040007761023904884,0.00017134078124240553,427,427,12,1.1999999999999997,0.09999999999999998,0.09999999999999998,0.05128205128205128,0.4172494172494173,0.23776223776223776,1,9,4,1359588.4486174523,798639.3684186434,0.7986393684186434,20,0.0,6.402842700481415e-10
per_start,lb42_s0.10_b0.30_0.70,dynamic,42.0,0.1,0.3,0.7,30_70,True,v2_selected,sp500-12m/same_sector_slide1m_noscreen,sp500-12m/same_sector_slide3m_noscreen,recent,3,2023-04-01,2023-04-01,B,0.2110702279869332,0.11906344670420621,0.07044864214671084,1.6318467723765484,-0.035042360492209434,429,1211070.2279869353,211070.2279869353,715,0.5902097902097903,295.2031160656435,421.2714182448788,701168.0293005338,634801.8420216976,2626065.1717533646,0.6350797736411692,0.5715271337056911,2.331717041208977,0.6321190287757092,2.331717041208977,0.0003820013280458252,0.00019349947765417836,427,427,12,1.1999999999999997,0.09999999999999998,0.09999999999999998,0.05128205128205128,0.4172494172494173,0.23776223776223776,1,9,4,1356390.9754220932,796761.1324157751,0.796761132415775,20,0.0,1.8917489796876907e-10
per_start,lb42_s0.10_b0.30_0.70,dynamic,42.0,0.1,0.3,0.7,30_70,True,v2_selected,sp500-12m/same_sector_slide1m_noscreen,sp500-12m/same_sector_slide3m_noscreen,recent,4,2023-05-01,2023-05-01,A,0.11085042041009352,0.06624656314494137,0.06890201949444665,0.9648774167819022,-0.03737874334919844,413,1110850.4204100915,110850.42041009152,668,0.5793413173652695,165.94374312888067,424.02472157605916,593046.2923534646,519250.87885386054,2151329.4257391896,0.5704978615226477,0.513991344771201,2.0281067836169155,0.5677351600140635,2.0281067836169155,0.00047310463148538543,0.0005060669005424786,411,411,10,0.9999999999999998,0.09999999999999998,0.09999999999999998,0.0,0.549636803874092,0.2033898305084746,0,11,4,1047944.0507864982,639423.4886154905,0.6394234886154905,20,0.0,-7.876224117353559e-10
per_start,lb42_s0.10_b0.30_0.70,dynamic,42.0,0.1,0.3,0.7,30_70,True,v2_selected,sp500-12m/same_sector_slide1m_noscreen,sp500-12m/same_sector_slide3m_noscreen,recent,4,2023-05-01,2023-05-01,B,0.09444789855007918,0.05661226881769399,0.07161671884772397,0.8042252877832923,-0.051082560116125664,413,1094447.8985500769,94447.89855007688,668,0.5793413173652695,141.38906968574238,411.6678894570168,593221.8943620068,562701.1733614556,2116495.975514328,0.578573851632018,0.5456669471755011,2.022273340775242,0.5757720412124926,2.022273340775242,0.0004476289199459365,0.0004726799984350655,411,411,10,0.9999999999999998,0.09999999999999998,0.09999999999999998,0.0,0.549636803874092,0.2033898305084746,0,11,4,1035456.1015785153,631803.7229970602,0.6318037229970602,20,0.0,1.0095391189679503e-09
per_start,lb42_s0.10_b0.30_0.70,dynamic,42.0,0.1,0.3,0.7,30_70,True,v2_selected,sp500-12m/same_sector_slide1m_noscreen,sp500-12m/same_sector_slide3m_noscreen,historical,0,2014-01-01,2014-01-01,A,0.12410208308494108,0.023825820279300913,0.04659138876137159,0.5286902190269724,-0.06544503359736287,1252,1124102.083084937,124102.08308493695,2141,0.5361980382998599,57.96454137549717,148.53275325344538,680444.9000332037,660816.5987378648,2065959.1715141148,0.630472633158988,0.6128839089022508,1.7665892181929894,0.6279547712054777,1.7665892181929894,0.00019065921911273604,0.0002842660505992359,1247,1247,42,4.199999999999999,0.09999999999999996,0.10000000000000003,0.23322683706070288,0.17012779552715654,0.24600638977635783,14,10,14,4580405.55941207,921934.6653129725,0.9219346653129724,59,0.0,-2.5320332497358322e-09
per_start,lb42_s0.10_b0.30_0.70,dynamic,42.0,0.1,0.3,0.7,30_70,True,v2_selected,sp500-12m/same_sector_slide1m_noscreen,sp500-12m/same_sector_slide3m_noscreen,historical,0,2014-01-01,2014-01-01,B,0.1278442428248574,0.024510933329501716,0.046397830964976475,0.5451194764156851,-0.06363866802904805,1252,1127844.2428248634,127844.24282486341,2141,0.5361980382998599,59.71239739601326,145.34729283974872,678403.7827524756,649213.0995286191,2049122.628350553,0.6314380716394822,0.6066105008726599,1.7610801621748908,0.6289163541009858,1.7610801621748908,0.00019201790607857792,0.00027463655124682144,1247,1247,42,4.199999999999999,0.09999999999999996,0.10000000000000003,0.23322683706070288,0.17012779552715654,0.24600638977635783,14,10,14,4562166.228606971,918263.4901030005,0.9182634901030006,59,0.0,-9.604264050722122e-10
per_start,lb42_s0.10_b0.20_0.80,dynamic,42.0,0.1,0.2,0.8,20_80,True,v2_selected,sp500-12m/same_sector_slide1m_noscreen,sp500-12m/same_sector_slide3m_noscreen,recent,0,2023-01-01,2023-01-01,A,0.20711456813966556,0.10035673920420884,0.06728154245747575,1.4548449897381344,-0.03770755966758854,496,1207114.5681396683,207114.56813966832,830,0.5783132530120482,249.5356242646604,308.3998416493247,706225.5119773514,625867.1306343316,2599350.5572546907,0.6492877302213639,0.5710655598312975,2.3159279544480587,0.6466696345349874,2.3159279544480587,0.00035682548146724206,0.00014233160003374322,494,494,17,1.6999999999999997,0.09999999999999998,0.10000000000000003,0.08266129032258064,0.23387096774193547,0.2056451612903226,2,6,4,1867351.7102801744,948735.1431262176,0.9487351431262178,23,0.0,1.1641532182693481e-10
per_start,lb42_s0.10_b0.20_0.80,dynamic,42.0,0.1,0.2,0.8,20_80,True,v2_selected,sp500-12m/same_sector_slide1m_noscreen,sp500-12m/same_sector_slide3m_noscreen,recent,0,2023-01-01,2023-01-01,B,0.20947954142947767,0.10145150441523043,0.06767896788343414,1.461403608546573,-0.038012692523986535,496,1209479.5414294787,209479.54142947868,830,0.5783132530120482,252.38498967406986,330.2617628863925,706730.732534688,634422.9679983151,2604351.0255088466,0.6488572125983719,0.5762809794100034,2.3088490450857506,0.6462408528701526,2.3088490450857506,0.00036732699423181863,0.00014124098005858984,494,494,17,1.6999999999999997,0.09999999999999998,0.10000000000000003,0.08266129032258064,0.23387096774193547,0.2056451612903226,2,6,4,1876936.7466620363,953604.9599976476,0.9536049599976476,23,0.0,6.83940015733242e-10
per_start,lb42_s0.10_b0.20_0.80,dynamic,42.0,0.1,0.2,0.8,20_80,True,v2_selected,sp500-12m/same_sector_slide1m_noscreen,sp500-12m/same_sector_slide3m_noscreen,recent,1,2023-02-01,2023-02-01,A,0.10425076005115064,0.05401927231236159,0.06545269515996889,0.8360173943409789,-0.04140068720715806,475,1104250.7600511513,104250.76005115127,773,0.5640362225097024,134.86514883719389,389.9528199708183,603455.1447501676,543298.0638253652,2201067.9760605176,0.5902757139650049,0.5406230911560274,2.1014907450053797,0.5877903425377838,2.1014907450053797,0.00022736307350971067,0.0002736816947878603,473,473,11,1.0999999999999996,0.09999999999999996,0.09999999999999998,0.0,0.5642105263157895,0.08421052631578947,0,13,2,1130398.8697025503,599706.3477158793,0.5997063477158794,23,0.0,3.5652192309498787e-10
per_start,lb42_s0.10_b0.20_0.80,dynamic,42.0,0.1,0.2,0.8,20_80,True,v2_selected,sp500-12m/same_sector_slide1m_noscreen,sp500-12m/same_sector_slide3m_noscreen,recent,1,2023-02-01,2023-02-01,B,0.09102410564767216,0.04730244231082259,0.06577541844666275,0.7350346996348076,-0.050676668162751515,475,1091024.1056476743,91024.1056476743,773,0.5640362225097024,117.75434107073127,376.46314580326134,601661.6638320298,540351.7379282734,2172043.24156514,0.5951404509663935,0.5438222967355231,2.0950639898057335,0.5926345964360086,2.0950639898057335,0.00021477468136657586,0.00026622625270491726,473,473,11,1.0999999999999996,0.09999999999999996,0.09999999999999998,0.0,0.5642105263157895,0.08421052631578947,0,13,2,1119389.5123016331,593865.5938947612,0.5938655938947611,23,0.0,-9.76797309704125e-10
per_start,lb42_s0.10_b0.20_0.80,dynamic,42.0,0.1,0.2,0.8,20_80,True,v2_selected,sp500-12m/same_sector_slide1m_noscreen,sp500-12m/same_sector_slide3m_noscreen,recent,2,2023-03-01,2023-03-01,A,0.2542135312105487,0.13588393834546708,0.08148280071798496,1.6039664914885563,-0.04242841117589402,448,1254213.5312105494,254213.5312105494,748,0.5935828877005348,339.8576620461901,306.6651247687034,638088.8659471405,563614.0640806903,2981312.146173286,0.5812678725946672,0.5115830003204287,2.599677642383994,0.5747805079451732,2.599677642383994,0.0007463597866369414,0.00038271198096808925,443,443,18,1.7999999999999998,0.09999999999999999,0.10000000000000003,0.18080357142857142,0.049107142857142856,0.17410714285714285,4,1,3,1991978.6367936558,1120487.9831964315,1.1204879831964314,21,0.0,-7.8580342233181e-10
per_start,lb42_s0.10_b0.20_0.80,dynamic,42.0,0.1,0.2,0.8,20_80,True,v2_selected,sp500-12m/same_sector_slide1m_noscreen,sp500-12m/same_sector_slide3m_noscreen,recent,2,2023-03-01,2023-03-01,B,0.2520587825526519,0.13478583063710903,0.08169735108155023,1.5881270744293041,-0.042322838264842844,448,1252058.7825526525,252058.78255265253,748,0.5935828877005348,336.97698202226115,296.95446161438804,646328.4774255817,570038.1803253798,2978203.937131243,0.5904640770191059,0.52661519599534,2.595992565832555,0.5838740761595176,2.595992565832555,0.0007438797255456707,0.0003827119809685198,443,443,18,1.7999999999999998,0.09999999999999999,0.10000000000000003,0.18080357142857142,0.049107142857142856,0.17410714285714285,4,1,3,1993658.5905783449,1121432.957200319,1.121432957200319,21,0.0,1.1932570487260818e-09
per_start,lb42_s0.10_b0.20_0.80,dynamic,42.0,0.1,0.2,0.8,20_80,True,v2_selected,sp500-12m/same_sector_slide1m_noscreen,sp500-12m/same_sector_slide3m_noscreen,recent,3,2023-04-01,2023-04-01,A,0.21617124577680147,0.12182980666629506,0.07025456739212697,1.6712710607624472,-0.029885456526457355,429,1216171.2457768028,216171.24577680277,715,0.5902097902097903,302.3374066808438,460.32122174728397,696418.5072041521,624402.0384504121,2618852.8320878446,0.6278238006630998,0.5562101426112865,2.315927954448059,0.6248968831774909,2.315927954448059,0.00041540648951406606,0.0001522612108781575,427,427,13,1.2999999999999998,0.09999999999999999,0.09999999999999998,0.0,0.3706293706293706,0.23543123543123542,0,8,4,1464170.2262557102,860072.0210173404,0.8600720210173403,20,0.0,-5.529727786779404e-10
per_start,lb42_s0.10_b0.20_0.80,dynamic,42.0,0.1,0.2,0.8,20_80,True,v2_selected,sp500-12m/same_sector_slide1m_noscreen,sp500-12m/same_sector_slide3m_noscreen,recent,3,2023-04-01,2023-04-01,B,0.20960920851468945,0.11827022832973122,0.07050570655169484,1.6204819533174728,-0.03154966740715437,429,1209609.2085146902,209609.20851469017,715,0.5902097902097903,293.15973218837775,467.51342667372666,692830.7323174377,632843.1449972575,2604628.4134911317,0.6277922102046839,0.5641294424928288,2.3088474727849713,0.6248654399939394,2.3088474727849713,0.0003981771152206832,0.00014534391587283586,427,427,13,1.2999999999999998,0.09999999999999999,0.09999999999999998,0.0,0.3706293706293706,0.23543123543123542,0,8,4,1461011.5030945006,858216.5472722941,0.858216547272294,20,0.0,7.275957614183426e-11
per_start,lb42_s0.10_b0.20_0.80,dynamic,42.0,0.1,0.2,0.8,20_80,True,v2_selected,sp500-12m/same_sector_slide1m_noscreen,sp500-12m/same_sector_slide3m_noscreen,recent,4,2023-05-01,2023-05-01,A,0.12271846240447948,0.0731829092111671,0.06849127876453381,1.0649551327028985,-0.035700162111373945,413,1122718.4624044804,122718.46240448044,668,0.5793413173652695,183.7102730605981,457.2118365038874,606268.6974681461,539047.3497429014,2237879.060745167,0.5807609270554457,0.5200140712560788,2.1014907450053806,0.5779485254716421,2.1014907450053806,0.0004878540394809044,0.0004796501361089366,411,411,11,1.0999999999999996,0.09999999999999996,0.09999999999999998,0.0,0.4963680387409201,0.09927360774818401,0,10,2,1152678.3459258738,703329.1602259569,0.7033291602259569,20,0.0,9.194991434924304e-10
per_start,lb42_s0.10_b0.20_0.80,dynamic,42.0,0.1,0.2,0.8,20_80,True,v2_selected,sp500-12m/same_sector_slide1m_noscreen,sp500-12m/same_sector_slide3m_noscreen,recent,4,2023-05-01,2023-05-01,B,0.10554035600177358,0.06313371673233292,0.07116003668184896,0.8954214558377454,-0.051082560116125664,413,1105540.356001771,105540.35600177106,668,0.5793413173652695,157.99454491283024,464.6974439413617,604202.3186282882,566182.1709311043,2200942.6245413977,0.5871424340923352,0.5526929031587124,2.0950639897980006,0.5842991293267549,2.0950639897980006,0.0004621136790058853,0.0004350558935419644,411,411,11,1.0999999999999996,0.09999999999999996,0.09999999999999998,0.0,0.4963680387409201,0.09927360774818401,0,10,2,1138636.3031211589,694761.1341078258,0.6947611341078257,20,0.0,4.3428372009657323e-10
per_start,lb42_s0.10_b0.20_0.80,dynamic,42.0,0.1,0.2,0.8,20_80,True,v2_selected,sp500-12m/same_sector_slide1m_noscreen,sp500-12m/same_sector_slide3m_noscreen,historical,0,2014-01-01,2014-01-01,A,0.13946254252766166,0.026626500931100194,0.04738176773320009,0.5783088945035659,-0.06999133252024492,1252,1139462.5425276624,139462.54252766236,2141,0.5361980382998599,65.13897362338236,132.1254882604651,687272.0929106086,655409.8265052103,2238269.069139132,0.6307563339415888,0.6129230994461227,1.8827719690566935,0.6282373389977326,1.8827719690566935,0.00021946385342840456,0.0003383004319242708,1247,1247,45,4.499999999999999,0.09999999999999994,0.10000000000000003,0.18370607028753994,0.15335463258785942,0.11261980830670927,11,9,6,4928393.101523879,991976.8862492152,0.9919768862492152,59,0.0,8.003553375601768e-10
per_start,lb42_s0.10_b0.20_0.80,dynamic,42.0,0.1,0.2,0.8,20_80,True,v2_selected,sp500-12m/same_sector_slide1m_noscreen,sp500-12m/same_sector_slide3m_noscreen,historical,0,2014-01-01,2014-01-01,B,0.1410905272072447,0.026921561574507535,0.04721594376400029,0.5862599753454859,-0.06699447721284557,1252,1141090.5272072488,141090.52720724884,2141,0.5361980382998599,65.89935880768172,128.7381159729079,685730.7003335336,655609.9492395569,2220882.3167634057,0.6323104889156361,0.6004322850021834,1.8781942745513918,0.6297852872825865,1.8781942745513918,0.0002201616897921301,0.00033863263346735133,1247,1247,45,4.499999999999999,0.09999999999999994,0.10000000000000003,0.18370607028753994,0.15335463258785942,0.11261980830670927,11,9,6,4908161.254277482,987904.6614040937,0.9879046614040937,59,0.0,2.3137545213103294e-09
per_start,lb42_s0.10_b0.10_0.90,dynamic,42.0,0.1,0.1,0.9,10_90,True,v2_selected,sp500-12m/same_sector_slide1m_noscreen,sp500-12m/same_sector_slide3m_noscreen,recent,0,2023-01-01,2023-01-01,A,0.19457766036033752,0.0945355985700167,0.06826414885981928,1.3571122602140921,-0.042817244099675134,496,1194577.6603603421,194577.66036034212,830,0.5783132530120482,234.43091609679746,272.38897109372544,704621.6464153699,644677.0415796796,2554360.1620448525,0.6517863606425074,0.5833427727414362,2.2931741918656345,0.649158189833465,2.2931741918656345,0.0003409062488012029,0.00018587540495803787,494,494,20,1.9999999999999996,0.1,0.1,0.038306451612903226,0.15120967741935484,0.17338709677419356,1,4,3,2169898.8960485924,1102448.6326698493,1.1024486326698495,23,0.0,2.6193447411060333e-10
per_start,lb42_s0.10_b0.10_0.90,dynamic,42.0,0.1,0.1,0.9,10_90,True,v2_selected,sp500-12m/same_sector_slide1m_noscreen,sp500-12m/same_sector_slide3m_noscreen,recent,0,2023-01-01,2023-01-01,B,0.19682375009555675,0.09558070557661291,0.06866077612562488,1.3635799429012125,-0.0431803197538545,496,1196823.7500955558,196823.7500955558,830,0.5783132530120482,237.13704830789936,294.1813576319004,704167.0677134601,645176.0812958435,2559429.4929386736,0.6504376853214078,0.5774225783614768,2.2863322855009245,0.6478149527193052,2.2863322855009245,0.00035218414508519013,0.00015216751089610259,494,494,20,1.9999999999999996,0.1,0.1,0.038306451612903226,0.15120967741935484,0.17338709677419356,1,4,3,2181373.193914752,1108278.3162631402,1.1082783162631402,23,0.0,-6.402842700481415e-10
per_start,lb42_s0.10_b0.10_0.90,dynamic,42.0,0.1,0.1,0.9,10_90,True,v2_selected,sp500-12m/same_sector_slide1m_noscreen,sp500-12m/same_sector_slide3m_noscreen,recent,1,2023-02-01,2023-02-01,A,0.11900448806122599,0.061467178656403165,0.06521711745825315,0.9467941250561547,-0.03822653354596561,475,1119004.4880612276,119004.4880612276,773,0.5640362225097024,153.95147226549454,348.2958568912487,616771.0803707405,564352.2916916988,2292887.409367402,0.59987186517335,0.5385011346242943,2.1747846883003543,0.5973460888989359,2.1747846883003543,0.00024243488601255502,0.00024233194899913712,473,473,12,1.1999999999999997,0.09999999999999998,0.09999999999999998,0.0,0.5242105263157895,0.08421052631578947,0,12,2,1236528.2133903163,656010.7574197047,0.6560107574197047,23,0.0,3.346940502524376e-10
per_start,lb42_s0.10_b0.10_0.90,dynamic,42.0,0.1,0.1,0.9,10_90,True,v2_selected,sp500-12m/same_sector_slide1m_noscreen,sp500-12m/same_sector_slide3m_noscreen,recent,1,2023-02-01,2023-02-01,B,0.10492948479769537,0.05436292426374201,0.0654847297730557,0.8406315333829789,-0.047600839196602296,475,1104929.4847976936,104929.48479769356,773,0.5640362225097024,135.7431886127986,343.47064505860004,612923.4008353034,555263.7021342167,2262038.5068093915,0.6032216944215807,0.5437537642480796,2.1679994450663664,0.6006818136029635,2.1679994450663664,0.00022966146723850896,0.0002297951298732441,473,473,12,1.1999999999999997,0.09999999999999998,0.09999999999999998,0.0,0.5242105263157895,0.08421052631578947,0,12,2,1224216.3646564526,649478.9976703706,0.6494789976703707,23,0.0,2.3646862246096134e-10
per_start,lb42_s0.10_b0.10_0.90,dynamic,42.0,0.1,0.1,0.9,10_90,True,v2_selected,sp500-12m/same_sector_slide1m_noscreen,sp500-12m/same_sector_slide3m_noscreen,recent,2,2023-03-01,2023-03-01,A,0.2589719050287109,0.13830599131361154,0.0837293113672268,1.5885466095271445,-0.04448720455621058,448,1258971.905028712,258971.905028712,748,0.5935828877005348,346.2191243699398,217.6918150190728,636446.0691247586,563614.0640806903,3041837.8354465244,0.5797436432115576,0.5111001283842401,2.6501464498717855,0.5732732900507144,2.6501464498717855,0.0007779527463366981,0.0003340453496135639,443,443,19,1.9,0.1,0.10000000000000003,0.13616071428571427,0.0,0.12946428571428573,3,0,2,2102418.674973306,1182610.5046724845,1.1826105046724846,21,0.0,-2.852175384759903e-09
per_start,lb42_s0.10_b0.10_0.90,dynamic,42.0,0.1,0.1,0.9,10_90,True,v2_selected,sp500-12m/same_sector_slide1m_noscreen,sp500-12m/same_sector_slide3m_noscreen,recent,2,2023-03-01,2023-03-01,B,0.25697547584065794,0.13729028030527335,0.08394016318091428,1.5741296359500543,-0.04443411178055223,448,1256975.4758406582,256975.47584065818,748,0.5935828877005348,343.55010139125216,204.74624279985528,646361.124695097,570038.1803253798,3039082.0761788646,0.5902988841274721,0.5177586994961326,2.6468529634040165,0.5837107269385494,2.6468529634040165,0.0007752742974768783,0.00029753758504649514,443,443,19,1.9,0.1,0.10000000000000003,0.13616071428571427,0.0,0.12946428571428573,3,0,2,2104294.130804822,1183665.4485777123,1.1836654485777125,21,0.0,1.57160684466362e-09
per_start,lb42_s0.10_b0.10_0.90,dynamic,42.0,0.1,0.1,0.9,10_90,True,v2_selected,sp500-12m/same_sector_slide1m_noscreen,sp500-12m/same_sector_slide3m_noscreen,recent,3,2023-04-01,2023-04-01,A,0.21260183327179538,0.11989456383695529,0.07070376384653072,1.6366290470009324,-0.028498359913377236,429,1212601.833271798,212601.83327179798,715,0.5902097902097903,297.3452213591588,452.03579863859255,690466.0188335512,634393.8222796748,2592901.1718206755,0.6234403022644464,0.5748429721702509,2.2931741919013353,0.6205338206688081,2.2931741919013353,0.00043005320256211076,0.0002546774521477146,427,427,14,1.3999999999999997,0.09999999999999999,0.09999999999999998,0.0,0.317016317016317,0.19114219114219114,0,7,3,1567182.3160116924,920582.6191956794,0.9205826191956795,20,0.0,-5.675246939063072e-10
per_start,lb42_s0.10_b0.10_0.90,dynamic,42.0,0.1,0.1,0.9,10_90,True,v2_selected,sp500-12m/same_sector_slide1m_noscreen,sp500-12m/same_sector_slide3m_noscreen,recent,3,2023-04-01,2023-04-01,B,0.2060830994162961,0.11635419913853307,0.07093786034878279,1.586815424691118,-0.02967338153750909,429,1206083.0994162972,206083.09941629716,715,0.5902097902097903,288.22811107174584,465.2490270043448,685492.3569422932,643199.6239954871,2579109.9774992997,0.6221564151669338,0.5715271337056911,2.286228019693872,0.6192559190589295,2.286228019693872,0.0004139066678093447,0.00022106178079473956,427,427,14,1.3999999999999997,0.09999999999999999,0.09999999999999998,0.0,0.317016317016317,0.19114219114219114,0,7,3,1564063.8715979494,918750.8056939003,0.9187508056939003,20,0.0,-1.1350493878126144e-09
per_start,lb42_s0.10_b0.10_0.90,dynamic,42.0,0.1,0.1,0.9,10_90,True,v2_selected,sp500-12m/same_sector_slide1m_noscreen,sp500-12m/same_sector_slide3m_noscreen,recent,4,2023-05-01,2023-05-01,A,0.13365284726786264,0.0795483168430724,0.06836331852364172,1.1533547296794884,-0.0340205831537429,413,1133652.8472678591,133652.84726785915,668,0.5793413173652695,200.07911267643925,404.3055843542529,618774.7239170368,571739.9609780925,2322902.515429195,0.5906431078226527,0.5323993547775286,2.174784688300354,0.5877828506419135,2.174784688300354,0.000497213656175264,0.0005039594287914176,411,411,12,1.1999999999999997,0.09999999999999998,0.09999999999999998,0.0,0.44794188861985473,0.09927360774818401,0,9,2,1256851.7371006052,766892.5853495218,0.7668925853495218,20,0.0,-2.242813934572041e-09
per_start,lb42_s0.10_b0.10_0.90,dynamic,42.0,0.1,0.1,0.9,10_90,True,v2_selected,sp500-12m/same_sector_slide1m_noscreen,sp500-12m/same_sector_slide3m_noscreen,recent,4,2023-05-01,2023-05-01,B,0.11569317385520739,0.06908041055114245,0.07097352188966291,0.9762038369652577,-0.051082560116125664,413,1115693.1738552074,115693.1738552074,668,0.5793413173652695,173.19337403474057,400.2995128337983,614446.1714805741,569032.4467781424,2284074.1919343774,0.5953343219875243,0.5617594539345546,2.1679994443023243,0.5924513470626452,2.1679994443023243,0.00047114802486104016,0.00047357549929526486,411,411,12,1.1999999999999997,0.09999999999999998,0.09999999999999998,0.0,0.44794188861985473,0.09927360774818401,0,9,2,1241252.525860724,757374.4225590859,0.7573744225590859,20,0.0,7.139533408917487e-10
per_start,lb42_s0.10_b0.10_0.90,dynamic,42.0,0.1,0.1,0.9,10_90,True,v2_selected,sp500-12m/same_sector_slide1m_noscreen,sp500-12m/same_sector_slide3m_noscreen,historical,0,2014-01-01,2014-01-01,A,0.14958873829021857,0.028456365995164434,0.04837794760127405,0.6041949081768763,-0.07453583507400752,1252,1149588.7382902189,149588.73829021887,2141,0.5361980382998599,69.86863068202636,90.31436898258207,691852.937249464,647599.6048551032,2404912.738384551,0.6302629657819402,0.6068107810983506,1.9994036909404322,0.6277459411582104,1.9994036909404322,0.00024333590799271662,0.0003394817267528138,1247,1247,48,4.8,0.09999999999999998,0.10000000000000003,0.14936102236421725,0.13738019169329074,0.06469648562300319,9,8,3,5269726.491999818,1060679.7731501232,1.0606797731501232,59,0.0,4.220055416226387e-10
per_start,lb42_s0.10_b0.10_0.90,dynamic,42.0,0.1,0.1,0.9,10_90,True,v2_selected,sp500-12m/same_sector_slide1m_noscreen,sp500-12m/same_sector_slide3m_noscreen,historical,0,2014-01-01,2014-01-01,B,0.1490321388900937,0.028356120167190912,0.04824465109930983,0.603710077404211,-0.0704198747436342,1252,1149032.1388900946,149032.1388900946,2141,0.5361980382998599,69.60865898650091,89.42731920219111,690912.031300178,645367.4349773414,2387041.5795195573,0.6324673414751536,0.6119561568089484,1.9958432732249767,0.6299415134341186,1.9958432732249767,0.00024337596106090498,0.0003384892033540242,1247,1247,48,4.8,0.09999999999999998,0.10000000000000003,0.14936102236421725,0.13738019169329074,0.06469648562300319,9,8,3,5247446.791490935,1056195.3605876323,1.0561953605876322,59,0.0,-3.856257535517216e-09
per_start,lb42_s0.20_b0.30_0.70,dynamic,42.0,0.2,0.3,0.7,30_70,True,v2_selected,sp500-12m/same_sector_slide1m_noscreen,sp500-12m/same_sector_slide3m_noscreen,recent,0,2023-01-01,2023-01-01,A,0.23266596140760254,0.11212941081796868,0.0656928744494126,1.650553677358837,-0.03310415076383599,496,1232665.961407601,232665.9614076009,830,0.5783132530120482,280.3204354308434,320.86838161617237,710636.4960929464,627718.079527609,2674717.2447212795,0.6467372506791915,0.5550880607698847,2.360857201246644,0.6441294391845175,2.360857201246644,0.000412360670691929,0.00026000335532196887,494,494,7,1.4,0.19999999999999998,0.2,0.29435483870967744,0.4939516129032258,0.21169354838709678,7,12,4,1557245.9793953428,791181.4250153758,0.7911814250153758,23,0.0,8.440110832452774e-10
per_start,lb42_s0.20_b0.30_0.70,dynamic,42.0,0.2,0.3,0.7,30_70,True,v2_selected,sp500-12m/same_sector_slide1m_noscreen,sp500-12m/same_sector_slide3m_noscreen,recent,0,2023-01-01,2023-01-01,B,0.23405439782239545,0.11276567065723597,0.06605511485942868,1.6505311544456096,-0.03341299311087231,496,1234054.3978223957,234054.39782239567,830,0.5783132530120482,281.99325038842835,337.65776598866995,709701.3722974159,622015.1990958913,2679748.6060945475,0.6454678205866322,0.5615900591032053,2.3550944195821364,0.642865127761686,2.3550944195821364,0.0004184022780920273,0.0002664356448402411,494,494,7,1.4,0.19999999999999998,0.2,0.29435483870967744,0.4939516129032258,0.21169354838709678,7,12,4,1563725.312852205,794473.3444329752,0.7944733444329752,23,0.0,1.4551915228366852e-10
per_start,lb42_s0.20_b0.30_0.70,dynamic,42.0,0.2,0.3,0.7,30_70,True,v2_selected,sp500-12m/same_sector_slide1m_noscreen,sp500-12m/same_sector_slide3m_noscreen,recent,1,2023-02-01,2023-02-01,A,0.0808714311551273,0.042120684257513696,0.06609946497002857,0.6566910006568739,-0.041466323591427545,475,1080871.4311551284,80871.4311551284,773,0.5640362225097024,104.62022141672294,332.67762451701844,583635.8204478142,507414.86933135986,2104673.127793356,0.574586443414386,0.5058615929584466,2.0281064729967784,0.5721671320736937,2.0281064729967784,0.00019421876885940346,0.00036158648365508024,473,473,9,1.7999999999999998,0.19999999999999998,0.2,0.09052631578947369,0.6568421052631579,0.25263157894736843,2,15,6,1851202.7514272737,982111.7754940484,0.9821117754940484,23,0.0,1.5861587598919868e-09
per_start,lb42_s0.20_b0.30_0.70,dynamic,42.0,0.2,0.3,0.7,30_70,True,v2_selected,sp500-12m/same_sector_slide1m_noscreen,sp500-12m/same_sector_slide3m_noscreen,recent,1,2023-02-01,2023-02-01,B,0.06821465380731517,0.035628765993261036,0.06659433104390983,0.558461608773276,-0.05144305181945663,475,1068214.6538073127,68214.65380731272,773,0.5640362225097024,88.2466414066149,318.7004538030725,585739.4049936356,519557.4188050481,2076757.005377722,0.5830739976382915,0.5144993060462626,2.022785053631093,0.5806189492271828,2.022785053631093,0.00017825881393877132,0.0003659640743300862,473,473,9,1.7999999999999998,0.19999999999999998,0.2,0.09052631578947369,0.6568421052631579,0.25263157894736843,2,15,6,1832461.7595240052,972169.186105367,0.972169186105367,23,0.0,-5.456968210637569e-10
per_start,lb42_s0.20_b0.30_0.70,dynamic,42.0,0.2,0.3,0.7,30_70,True,v2_selected,sp500-12m/same_sector_slide1m_noscreen,sp500-12m/same_sector_slide3m_noscreen,recent,2,2023-03-01,2023-03-01,A,0.25594141734436215,0.13676391126789889,0.07835687096394062,1.674766768108345,-0.038679748332348995,448,1255941.4173443646,255941.41734436457,748,0.5935828877005348,342.1676702464802,348.92681223119064,652171.7465454676,565311.1488092162,2886544.4779702616,0.5900835061368486,0.5252454779037578,2.497819758900856,0.5834977527201427,2.497819758900856,0.0007026634595708396,0.000387536387087649,443,443,10,1.9999999999999998,0.19999999999999998,0.2,0.41517857142857145,0.27455357142857145,0.31026785714285715,9,6,6,2287099.4941134253,1286493.4654388018,1.2864934654388018,21,0.0,-2.6193447411060333e-09
per_start,lb42_s0.20_b0.30_0.70,dynamic,42.0,0.2,0.3,0.7,30_70,True,v2_selected,sp500-12m/same_sector_slide1m_noscreen,sp500-12m/same_sector_slide3m_noscreen,recent,2,2023-03-01,2023-03-01,B,0.25260286394292586,0.13506318455650335,0.07851338301238289,1.6525096387673606,-0.038522833376997134,448,1252602.8639429244,252602.86394292442,748,0.5935828877005348,337.70436356006087,351.4634269264103,657056.880327394,578958.2403998022,2880429.370133235,0.5969703159837818,0.5308594195393482,2.4924512434531945,0.5903077008500343,2.4924512434531945,0.0006995668986490361,0.0003497937396982172,443,443,10,1.9999999999999998,0.19999999999999998,0.2,0.41517857142857145,0.27455357142857145,0.31026785714285715,9,6,6,2287346.177312232,1286632.2247381306,1.2866322247381305,21,0.0,-1.1059455573558807e-09
per_start,lb42_s0.20_b0.30_0.70,dynamic,42.0,0.2,0.3,0.7,30_70,True,v2_selected,sp500-12m/same_sector_slide1m_noscreen,sp500-12m/same_sector_slide3m_noscreen,recent,3,2023-04-01,2023-04-01,A,0.2299313419354545,0.1292683428802035,0.06919545911768396,1.7914182754595047,-0.033104150767338525,429,1229931.341935455,229931.3419354551,715,0.5902097902097903,321.5822964132258,393.4999360541228,703264.3187544822,626019.7071398693,2668783.4929272872,0.6315293257016267,0.5483701718003494,2.360857201246643,0.6285851330410129,2.360857201246643,0.00043502859346890803,0.0002599142883681739,427,427,7,1.4,0.19999999999999998,0.2,0.19114219114219114,0.5710955710955711,0.23776223776223776,4,12,4,1562933.3800007275,918086.740699728,0.9180867406997281,20,0.0,-1.3969838619232178e-09
per_start,lb42_s0.20_b0.30_0.70,dynamic,42.0,0.2,0.3,0.7,30_70,True,v2_selected,sp500-12m/same_sector_slide1m_noscreen,sp500-12m/same_sector_slide3m_noscreen,recent,3,2023-04-01,2023-04-01,B,0.22241965776097006,0.1252119009609307,0.0693526846115298,1.7356094685352834,-0.0343478182112662,429,1222419.6577609705,222419.65776097053,715,0.5902097902097903,311.07644442093584,396.37071504757927,698834.1673512844,622713.8159127573,2654483.7729422664,0.631112598512927,0.5644274994412464,2.3550944195821715,0.62817034863641,2.3550944195821715,0.0004197124588588786,0.00026593591920046696,427,427,7,1.4,0.19999999999999998,0.2,0.19114219114219114,0.5710955710955711,0.23776223776223776,4,12,4,1559381.9758654858,916000.601207698,0.916000601207698,20,0.0,1.4260876923799515e-09
per_start,lb42_s0.20_b0.30_0.70,dynamic,42.0,0.2,0.3,0.7,30_70,True,v2_selected,sp500-12m/same_sector_slide1m_noscreen,sp500-12m/same_sector_slide3m_noscreen,recent,4,2023-05-01,2023-05-01,A,0.10261894297395369,0.06141865147384573,0.06869755856451852,0.9014650384715919,-0.03715550910322618,413,1102618.9429739523,102618.94297395227,668,0.5793413173652695,153.62117211669496,372.6422560959878,584319.6701055388,516944.94572036836,2147019.888381274,0.5625119769746931,0.5107295477777993,2.028106472996779,0.5597879480305058,2.028106472996779,0.0004538733435433298,0.0005286580441798358,411,411,9,1.7999999999999998,0.19999999999999998,0.2,0.10411622276029056,0.6029055690072639,0.2929782082324455,2,12,6,1892756.5796470367,1154902.3197846327,1.1549023197846326,20,0.0,3.2741809263825417e-11
per_start,lb42_s0.20_b0.30_0.70,dynamic,42.0,0.2,0.3,0.7,30_70,True,v2_selected,sp500-12m/same_sector_slide1m_noscreen,sp500-12m/same_sector_slide3m_noscreen,recent,4,2023-05-01,2023-05-01,B,0.08391942901762284,0.05039852274194301,0.07180811972500312,0.7201166668760764,-0.05100343072907232,413,1083919.4290176216,83919.42901762156,668,0.5793413173652695,125.62788775093257,345.20739822729934,586152.4800780138,545396.3593285566,2107289.26013125,0.5732830651700677,0.5417597913643281,2.022785053636015,0.5705068759924886,2.022785053636015,0.000422835542286232,0.0004858338933771593,411,411,9,1.7999999999999998,0.19999999999999998,0.2,0.10411622276029056,0.6029055690072639,0.2929782082324455,2,12,6,1866055.5700147077,1138610.178314059,1.138610178314059,20,0.0,-1.4151737559586763e-09
per_start,lb42_s0.20_b0.30_0.70,dynamic,42.0,0.2,0.3,0.7,30_70,True,v2_selected,sp500-12m/same_sector_slide1m_noscreen,sp500-12m/same_sector_slide3m_noscreen,historical,0,2014-01-01,2014-01-01,A,0.11472734394600503,0.022101463905245033,0.04634198436368828,0.49490851610323155,-0.0628244443488235,1252,1114727.3439460045,114727.34394600452,2141,0.5361980382998599,53.585868260624586,151.72589527635336,674011.967642644,653062.1767911643,1994940.0252050715,0.6272565018854874,0.6001690489197788,1.7221352670970995,0.6247514839067115,1.7221352670970995,0.00016956575049210801,0.00026092715927827193,1247,1247,33,6.6,0.2,0.2,0.36661341853035145,0.34105431309904155,0.29233226837060705,22,20,17,7181147.10192452,1445406.6051796956,1.4454066051796957,59,0.0,7.34871719032526e-09
per_start,lb42_s0.20_b0.30_0.70,dynamic,42.0,0.2,0.3,0.7,30_70,True,v2_selected,sp500-12m/same_sector_slide1m_noscreen,sp500-12m/same_sector_slide3m_noscreen,historical,0,2014-01-01,2014-01-01,B,0.1209746650688599,0.023251855100919983,0.046110297869680586,0.5215588613584867,-0.05805648283109566,1252,1120974.665068866,120974.66506886599,2141,0.5361980382998599,56.50381367065257,150.34355831031743,670455.693011106,645687.3766905372,1928638.637222392,0.6274346513247688,0.5972909539240131,1.7175933978412325,0.6249289218865709,1.7175933978412325,0.0001716797072436364,0.00025850229178162455,1247,1247,33,6.6,0.2,0.2,0.36661341853035145,0.34105431309904155,0.29233226837060705,22,20,17,7145625.265821332,1438256.8426413543,1.4382568426413542,59,0.0,-1.1641532182693481e-09
per_start,lb42_s0.20_b0.10_0.90,dynamic,42.0,0.2,0.1,0.9,10_90,True,v2_selected,sp500-12m/same_sector_slide1m_noscreen,sp500-12m/same_sector_slide3m_noscreen,recent,0,2023-01-01,2023-01-01,A,0.2194821819644337,0.10607020340511841,0.06868103015454936,1.5019974216340366,-0.027002521900994614,496,1219482.181964434,219482.18196443398,830,0.5783132530120482,264.4363638125709,174.57168527965376,712215.8822976608,632324.8783452399,2645552.619420968,0.646758513063535,0.572725033368439,2.315475236494831,0.6441506158334402,2.315475236494831,0.0003631275717371485,0.00018885234152509866,494,494,14,2.8,0.20000000000000004,0.20000000000000007,0.17137096774193547,0.32056451612903225,0.21169354838709678,4,8,4,3142921.3890280835,1596806.8347481394,1.5968068347481392,23,0.0,1.1641532182693481e-10
per_start,lb42_s0.20_b0.10_0.90,dynamic,42.0,0.2,0.1,0.9,10_90,True,v2_selected,sp500-12m/same_sector_slide1m_noscreen,sp500-12m/same_sector_slide3m_noscreen,recent,0,2023-01-01,2023-01-01,B,0.22145207930585253,0.10697760019851144,0.06897622285080332,1.5077636194728017,-0.027195482414923422,496,1221452.079305852,221452.07930585206,830,0.5783132530120482,266.80973410343734,184.42939124919133,708663.240503481,639480.4811191097,2651562.0576049574,0.6428593733263835,0.5731802827657255,2.3094060207421125,0.6402671984339384,2.3094060207421125,0.0003722291444627996,0.000161809103657825,494,494,14,2.8,0.20000000000000004,0.20000000000000007,0.17137096774193547,0.32056451612903225,0.21169354838709678,4,8,4,3157811.132818385,1604371.785222244,1.604371785222244,23,0.0,-9.313225746154785e-10
per_start,lb42_s0.20_b0.10_0.90,dynamic,42.0,0.2,0.1,0.9,10_90,True,v2_selected,sp500-12m/same_sector_slide1m_noscreen,sp500-12m/same_sector_slide3m_noscreen,recent,1,2023-02-01,2023-02-01,A,0.1083736780259994,0.05610526301972896,0.06485984714313171,0.8735555812228847,-0.036582999091279156,475,1108373.6780260021,108373.67802600213,773,0.5640362225097024,140.19880727813765,318.78573908339024,605864.1925512265,543152.1794203316,2283395.84462763,0.5903700411017732,0.5254924189595825,2.174784256652527,0.5878842725076604,2.174784256652527,0.0002271596647142539,0.00027127385696360857,473,473,10,2.0,0.2,0.20000000000000007,0.0,0.6105263157894737,0.17473684210526316,0,14,4,2070292.9822703775,1098344.9084887055,1.0983449084887054,23,0.0,1.7334969015792012e-09
per_start,lb42_s0.20_b0.10_0.90,dynamic,42.0,0.2,0.1,0.9,10_90,True,v2_selected,sp500-12m/same_sector_slide1m_noscreen,sp500-12m/same_sector_slide3m_noscreen,recent,1,2023-02-01,2023-02-01,B,0.0937816277448138,0.04870592248747929,0.06529460941461782,0.7604809720123232,-0.047035916363095676,475,1093781.6277448114,93781.62774481135,773,0.5640362225097024,121.32164003209554,315.15337534891546,604350.3136232452,535080.5790795019,2250917.8057848886,0.596309463585019,0.5282262172727661,2.1683975557320427,0.5937986868962399,2.1683975557320427,0.00021096587943331057,0.00026161027294521164,473,473,10,2.0,0.2,0.20000000000000007,0.0,0.6105263157894737,0.17473684210526316,0,14,4,2047940.2560922548,1086486.1990215753,1.086486199021575,23,0.0,1.4770193956792355e-09
per_start,lb42_s0.20_b0.10_0.90,dynamic,42.0,0.2,0.1,0.9,10_90,True,v2_selected,sp500-12m/same_sector_slide1m_noscreen,sp500-12m/same_sector_slide3m_noscreen,recent,2,2023-03-01,2023-03-01,A,0.2548846072255846,0.13622576497986505,0.08318461599560721,1.576470191917168,-0.04225558803428997,448,1254884.6072255862,254884.6072255862,748,0.5935828877005348,340.7548224940979,169.00863844746272,646832.950010711,562061.7410543668,2989560.681236029,0.5891377110537821,0.5168755385790758,2.5986431206638008,0.5825625133857711,2.5986431206638008,0.0007416092998254869,0.000527438142324476,443,443,15,3.0,0.2,0.20000000000000007,0.27232142857142855,0.09151785714285714,0.2611607142857143,6,2,5,3368863.5351933236,1894985.7385462446,1.8949857385462445,21,0.0,9.89530235528946e-10
per_start,lb42_s0.20_b0.10_0.90,dynamic,42.0,0.2,0.1,0.9,10_90,True,v2_selected,sp500-12m/same_sector_slide1m_noscreen,sp500-12m/same_sector_slide3m_noscreen,recent,2,2023-03-01,2023-03-01,B,0.2518301803607861,0.13466928139624312,0.08337935026778867,1.5565379607968668,-0.04217659121979778,448,1251830.1803607848,251830.18036078475,748,0.5935828877005348,336.67136411869785,168.6838531277141,655804.7610303477,572216.368735257,2984332.204563396,0.5993748491008581,0.5275913193606606,2.594219142034058,0.5926853976600003,2.594219142034058,0.000737244085501109,0.0004080602923220639,443,443,15,3.0,0.2,0.20000000000000007,0.27232142857142855,0.09151785714285714,0.2611607142857143,6,2,5,3369625.1850524666,1895414.1665920126,1.8954141665920126,21,0.0,-1.1932570487260818e-09
per_start,lb42_s0.20_b0.10_0.90,dynamic,42.0,0.2,0.1,0.9,10_90,True,v2_selected,sp500-12m/same_sector_slide1m_noscreen,sp500-12m/same_sector_slide3m_noscreen,recent,3,2023-04-01,2023-04-01,A,0.21252777211228424,0.11985438492759459,0.07066089177480332,1.6371196817972797,-0.02699994924065663,429,1212527.7721122832,212527.77211228316,715,0.5902097902097903,297.24163931787604,299.9734884166272,699444.1392499536,622300.4574402154,2630465.6772146886,0.6288592116933499,0.5554162519953587,2.31547523649483,0.6259274671166909,2.31547523649483,0.0004118255840393056,0.00019920526845169638,427,427,12,2.4,0.20000000000000004,0.20000000000000007,0.05128205128205128,0.4172494172494173,0.23776223776223776,1,9,4,2718699.583990593,1596998.3570294392,1.5969983570294395,20,0.0,1.862645149230957e-09
per_start,lb42_s0.20_b0.10_0.90,dynamic,42.0,0.2,0.1,0.9,10_90,True,v2_selected,sp500-12m/same_sector_slide1m_noscreen,sp500-12m/same_sector_slide3m_noscreen,recent,3,2023-04-01,2023-04-01,B,0.20524190969797051,0.1158967693053774,0.0707998458999565,1.5840273859107992,-0.027166683703058747,429,1205241.9096979715,205241.90969797154,715,0.5902097902097903,287.0516219551983,303.3490206295897,692702.6548009979,629384.2056682965,2616372.5710063674,0.6262504043256434,0.5658813294349342,2.309406020111809,0.6233308220210949,2.309406020111809,0.00039831611486543044,0.00022106178079473956,427,427,12,2.4,0.20000000000000004,0.20000000000000007,0.05128205128205128,0.4172494172494173,0.23776223776223776,1,9,4,2711588.4027787135,1592821.1596742093,1.5928211596742092,20,0.0,4.7584762796759605e-09
per_start,lb42_s0.20_b0.10_0.90,dynamic,42.0,0.2,0.1,0.9,10_90,True,v2_selected,sp500-12m/same_sector_slide1m_noscreen,sp500-12m/same_sector_slide3m_noscreen,recent,4,2023-05-01,2023-05-01,A,0.1237541180172792,0.07378684487400577,0.06789038410166265,1.0820692267322767,-0.03379724072610202,413,1123754.1180172788,123754.11801727884,668,0.5793413173652695,185.2606557144876,380.38536846765186,611105.4276113756,550781.3300094653,2315081.5779330023,0.5845409237014243,0.5183706235484652,2.1747842566525275,0.5817102170491171,2.1747842566525275,0.00047271958351261363,0.0005039596595958066,411,411,10,2.0,0.2,0.20000000000000007,0.0,0.549636803874092,0.2033898305084746,0,11,4,2106023.934235852,1285031.5530930625,1.2850315530930625,20,0.0,1.1114025255665183e-09
per_start,lb42_s0.20_b0.10_0.90,dynamic,42.0,0.2,0.1,0.9,10_90,True,v2_selected,sp500-12m/same_sector_slide1m_noscreen,sp500-12m/same_sector_slide3m_noscreen,recent,4,2023-05-01,2023-05-01,B,0.10341153361261912,0.061884130224649114,0.07097472539853113,0.8810033163768127,-0.05100343072907232,413,1103411.533612619,103411.53361261892,668,0.5793413173652695,154.80768504883306,370.67629815070023,609373.3320434156,576442.2741875377,2270735.4056062754,0.5929253694848499,0.5637682604355354,2.1683975557360804,0.5900540601895238,2.1683975557360804,0.0004421773625068509,0.0004748033992324997,411,411,10,2.0,0.2,0.20000000000000007,0.0,0.549636803874092,0.2033898305084746,0,11,4,2075153.707209127,1266195.482364891,1.266195482364891,20,0.0,-1.5643308870494366e-09
per_start,lb42_s0.20_b0.10_0.90,dynamic,42.0,0.2,0.1,0.9,10_90,True,v2_selected,sp500-12m/same_sector_slide1m_noscreen,sp500-12m/same_sector_slide3m_noscreen,historical,0,2014-01-01,2014-01-01,A,0.13515160286063943,0.02584354422626789,0.04782310914054907,0.5574499646135154,-0.07485685054407731,1252,1135151.6028606424,135151.60286064236,2141,0.5361980382998599,63.125456730799144,75.11343746537392,685093.3137739389,652177.7367301397,2213898.6588280685,0.6289814569674066,0.5978862876519101,1.8734582532901853,0.6264695501903801,1.8734582532901853,0.0002198209479402295,0.0003209777845193894,1247,1247,42,8.4,0.19999999999999996,0.20000000000000007,0.23322683706070288,0.17012779552715654,0.24600638977635783,14,10,14,9250023.5399543,1861825.8243358494,1.8618258243358492,59,0.0,1.3969838619232178e-09
per_start,lb42_s0.20_b0.10_0.90,dynamic,42.0,0.2,0.1,0.9,10_90,True,v2_selected,sp500-12m/same_sector_slide1m_noscreen,sp500-12m/same_sector_slide3m_noscreen,historical,0,2014-01-01,2014-01-01,B,0.1372926767745315,0.026232704272237894,0.04765233082225698,0.5672362610130464,-0.06760114788090776,1252,1137292.676774536,137292.67677453603,2141,0.5361980382998599,64.1254912538704,74.50269299772258,682940.5966533597,645341.7180898271,2136563.7288567573,0.6306468342775363,0.5972912555996084,1.819698751900162,0.6281282766326579,1.819698751900162,0.00022027400971936484,0.000289547692603526,1247,1247,42,8.4,0.19999999999999996,0.20000000000000007,0.23322683706070288,0.17012779552715654,0.24600638977635783,14,10,14,9202021.440996248,1852164.0600088295,1.8521640600088294,59,0.0,-5.238689482212067e-10
per_start,lb42_s0.30_b0.20_0.80,dynamic,42.0,0.3,0.2,0.8,20_80,True,v2_selected,sp500-12m/same_sector_slide1m_noscreen,sp500-12m/same_sector_slide3m_noscreen,recent,0,2023-01-01,2023-01-01,A,0.24258774992448018,0.11666842471730288,0.06607624913671488,1.7030177098881771,-0.0297148382955289,496,1242587.7499244835,242587.74992448348,830,0.5783132530120482,292.2743974993756,252.17782730076544,712685.3007659606,632499.8393445616,2697932.3858181294,0.6442230368105077,0.5550577326262066,2.360397385981962,0.6416253632749815,2.360397385981962,0.0004390603850180657,0.0003192101774745753,494,494,7,2.1,0.3000000000000001,0.30000000000000004,0.29435483870967744,0.4939516129032258,0.21169354838709678,7,12,4,2350383.9344324786,1194146.6763648884,1.1941466763648885,23,0.0,1.6880221664905548e-09
per_start,lb42_s0.30_b0.20_0.80,dynamic,42.0,0.3,0.2,0.8,20_80,True,v2_selected,sp500-12m/same_sector_slide1m_noscreen,sp500-12m/same_sector_slide3m_noscreen,recent,0,2023-01-01,2023-01-01,B,0.24317956246314165,0.11693860230959396,0.0663377364615913,1.7002192957474942,-0.02992780948246998,496,1243179.5624631364,243179.5624631364,830,0.5783132530120482,292.9874246543835,264.15854036041287,707746.6167184636,613183.9417208105,2702797.1073646564,0.6397011619040142,0.553321664316203,2.3553540427643536,0.6371217217350464,2.3553540427643536,0.0004440884222732885,0.00027635653011665116,494,494,7,2.1,0.3000000000000001,0.30000000000000004,0.29435483870967744,0.4939516129032258,0.21169354838709678,7,12,4,2359262.440418002,1198657.530212372,1.198657530212372,23,0.0,-1.9208528101444244e-09
per_start,lb42_s0.30_b0.20_0.80,dynamic,42.0,0.3,0.2,0.8,20_80,True,v2_selected,sp500-12m/same_sector_slide1m_noscreen,sp500-12m/same_sector_slide3m_noscreen,recent,1,2023-02-01,2023-02-01,A,0.085921984619167,0.04470124659180175,0.06551176136285816,0.6997522111792372,-0.03576546924520152,475,1085921.9846191658,85921.98461916577,773,0.5640362225097024,111.1539257686492,292.7841997678178,588023.9986267134,518319.457366282,2188175.260085154,0.5763194342043484,0.5179293151326753,2.101490005108283,0.5738928260603301,2.101490005108283,0.0001905040705525421,0.0002788293092933242,473,473,9,2.7,0.30000000000000004,0.30000000000000004,0.09052631578947369,0.6568421052631579,0.25263157894736843,2,15,6,2787977.5885311947,1479095.478547076,1.4790954785470758,23,0.0,-9.094947017729282e-11
per_start,lb42_s0.30_b0.20_0.80,dynamic,42.0,0.3,0.2,0.8,20_80,True,v2_selected,sp500-12m/same_sector_slide1m_noscreen,sp500-12m/same_sector_slide3m_noscreen,recent,1,2023-02-01,2023-02-01,B,0.07205415980250263,0.0376019242619261,0.06610736409031738,0.5908864369393456,-0.046785031553681966,475,1072054.1598025018,72054.15980250179,773,0.5640362225097024,93.21366080530557,276.9235352136048,590287.6080337125,523070.5246666212,2156910.2003345545,0.5856706814625968,0.5221855821879295,2.0959794846223407,0.5832046996459122,2.0959794846223407,0.00017034361614387997,0.0002957757279867357,473,473,9,2.7,0.30000000000000004,0.30000000000000004,0.09052631578947369,0.6568421052631579,0.25263157894736843,2,15,6,2756983.9749856247,1462652.550939742,1.462652550939742,23,0.0,6.220943760126829e-10
per_start,lb42_s0.30_b0.20_0.80,dynamic,42.0,0.3,0.2,0.8,20_80,True,v2_selected,sp500-12m/same_sector_slide1m_noscreen,sp500-12m/same_sector_slide3m_noscreen,recent,2,2023-03-01,2023-03-01,A,0.25916179928223704,0.13840256593269729,0.07951578317684535,1.6696352330064503,-0.03796407998041451,448,1259161.7992822363,259161.79928223626,748,0.5935828877005348,346.4729936928265,268.4375424742309,660334.903045611,574209.5059571955,2897245.736826909,0.5967956386625085,0.527958496849876,2.496826059979044,0.5901349730524359,2.496826059979044,0.0007059807134195429,0.00044751133500868864,443,443,10,3.0,0.3,0.30000000000000004,0.41517857142857145,0.27455357142857145,0.31026785714285715,9,6,6,3436395.7832265287,1932972.6280649225,1.9329726280649224,21,0.0,2.0081643015146255e-09
per_start,lb42_s0.30_b0.20_0.80,dynamic,42.0,0.3,0.2,0.8,20_80,True,v2_selected,sp500-12m/same_sector_slide1m_noscreen,sp500-12m/same_sector_slide3m_noscreen,recent,2,2023-03-01,2023-03-01,B,0.25484378373072447,0.1362049729619914,0.07964382718352331,1.642810054453439,-0.03780230007730023,448,1254843.7837307241,254843.78373072413,748,0.5935828877005348,340.7002456293101,268.6428007242956,665703.0548296508,580409.8072669513,2888854.9942616257,0.6045449463644915,0.5321382169841461,2.490761796606926,0.597797792945245,2.490761796606926,0.000701303679404973,0.0004493189994990413,443,443,10,3.0,0.3,0.30000000000000004,0.41517857142857145,0.27455357142857145,0.31026785714285715,9,6,6,3435243.5095315897,1932324.4741115193,1.9323244741115193,21,0.0,1.7462298274040222e-10
per_start,lb42_s0.30_b0.20_0.80,dynamic,42.0,0.3,0.2,0.8,20_80,True,v2_selected,sp500-12m/same_sector_slide1m_noscreen,sp500-12m/same_sector_slide3m_noscreen,recent,3,2023-04-01,2023-04-01,A,0.23351287741304882,0.13119883564919377,0.06887002966927884,1.8243737012120527,-0.029714838295529455,429,1233512.8774130482,233512.87741304818,715,0.5902097902097903,326.5914369413253,342.75127582814844,701334.8889256975,627496.9570076156,2678228.833737189,0.6279101464076972,0.5483701718003494,2.3603973859819614,0.6249828263778243,2.3603973859819614,0.0004577883118806482,0.00031806016242686926,427,427,7,2.1,0.3000000000000001,0.30000000000000004,0.19114219114219114,0.5710955710955711,0.23776223776223776,4,12,4,2348467.8662329027,1379519.5857591876,1.3795195857591875,20,0.0,5.820766091346741e-10
per_start,lb42_s0.30_b0.20_0.80,dynamic,42.0,0.3,0.2,0.8,20_80,True,v2_selected,sp500-12m/same_sector_slide1m_noscreen,sp500-12m/same_sector_slide3m_noscreen,recent,3,2023-04-01,2023-04-01,B,0.22519194976469348,0.12671018170538728,0.06889776303143198,1.765939483381651,-0.029927809548249695,429,1225191.9497646927,225191.9497646927,715,0.5902097902097903,314.9537758946765,347.4496698748874,693383.5194897563,606420.438513659,2663690.2325111423,0.6246873454990738,0.5577036632654573,2.3553540427643953,0.6217750501820618,2.3553540427643953,0.0004462383972973638,0.0003062868157268329,427,427,7,2.1,0.3000000000000001,0.30000000000000004,0.19114219114219114,0.5710955710955711,0.23776223776223776,4,12,4,2342257.0749108223,1375871.2887588048,1.375871288758805,20,0.0,-1.0186340659856796e-09
per_start,lb42_s0.30_b0.20_0.80,dynamic,42.0,0.3,0.2,0.8,20_80,True,v2_selected,sp500-12m/same_sector_slide1m_noscreen,sp500-12m/same_sector_slide3m_noscreen,recent,4,2023-05-01,2023-05-01,A,0.10488177658308162,0.06274724087171046,0.06808489476109175,0.9273420536093196,-0.035253159905917264,413,1104881.7765830825,104881.77658308251,668,0.5793413173652695,157.00864757946863,321.54308426542093,588930.0803469073,522371.5118258945,2226379.982246992,0.5655210673193809,0.513991344771201,2.101490005108283,0.5627824665091175,2.101490005108283,0.0004415855446750246,0.0004974931003718573,411,411,9,2.7,0.30000000000000004,0.30000000000000004,0.10411622276029056,0.6029055690072639,0.2929782082324455,2,12,6,2843898.194835119,1735259.915492615,1.735259915492615,20,0.0,-2.535671228542924e-09
per_start,lb42_s0.30_b0.20_0.80,dynamic,42.0,0.3,0.2,0.8,20_80,True,v2_selected,sp500-12m/same_sector_slide1m_noscreen,sp500-12m/same_sector_slide3m_noscreen,recent,4,2023-05-01,2023-05-01,B,0.08310780615514402,0.04991854039489074,0.07155817892594439,0.7159971357346379,-0.050924274771461775,413,1083107.8061551435,83107.80615514354,668,0.5793413173652695,124.41288346578531,310.79213966893883,590687.2797269715,558816.3335353275,2179149.4896071604,0.5777854726010621,0.5526478317390883,2.0959794846283324,0.574987479997667,2.0959794846283324,0.00040407397938744605,0.0004561146627828364,411,411,9,2.7,0.30000000000000004,0.30000000000000004,0.10411622276029056,0.6029055690072639,0.2929782082324455,2,12,6,2796677.553707219,1706447.3209060999,1.7064473209060997,20,0.0,-1.04046193882823e-09
per_start,lb42_s0.30_b0.20_0.80,dynamic,42.0,0.3,0.2,0.8,20_80,True,v2_selected,sp500-12m/same_sector_slide1m_noscreen,sp500-12m/same_sector_slide3m_noscreen,historical,0,2014-01-01,2014-01-01,A,0.115499607992545,0.0222439482865604,0.046870800700014,0.49281896939634867,-0.06626406009814612,1252,1115499.6079925466,115499.60799254663,2141,0.5361980382998599,53.946570757846835,125.37835174666255,673059.9938157005,648125.2973820854,2056298.7809096044,0.6249033849342103,0.5962495783565077,1.773871974383032,0.6224077643873484,1.773871974383032,0.0001737210485162987,0.00024255671554046108,1247,1247,33,9.9,0.30000000000000004,0.30000000000000004,0.36661341853035145,0.34105431309904155,0.29233226837060705,22,20,17,10799874.75164788,2173776.7072006916,2.1737767072006915,59,0.0,-3.434251993894577e-09
per_start,lb42_s0.30_b0.20_0.80,dynamic,42.0,0.3,0.2,0.8,20_80,True,v2_selected,sp500-12m/same_sector_slide1m_noscreen,sp500-12m/same_sector_slide3m_noscreen,historical,0,2014-01-01,2014-01-01,B,0.12223448063355447,0.023483218731325417,0.04664212123049929,0.5209825309329053,-0.05791839227172402,1252,1122234.4806335552,122234.48063355521,2141,0.5361980382998599,57.09223756821858,123.97042196094478,668709.1964499457,638882.4689694913,1971689.2099893,0.6250455309752037,0.5911008593126806,1.752367352921816,0.6225493427524592,1.752367352921816,0.0001758710464474072,0.00025155931126902303,1247,1247,33,9.9,0.30000000000000004,0.30000000000000004,0.36661341853035145,0.34105431309904155,0.29233226837060705,22,20,17,10734679.762273131,2160654.3930453905,2.1606543930453905,59,0.0,-7.8580342233181e-10
per_start,lb42_s0.40_b0.10_0.90,dynamic,42.0,0.4,0.1,0.9,10_90,True,v2_selected,sp500-12m/same_sector_slide1m_noscreen,sp500-12m/same_sector_slide3m_noscreen,recent,0,2023-01-01,2023-01-01,A,0.25253686421830257,0.12120207171828601,0.06674484679953088,1.7473440006765877,-0.026999950429445696,496,1252536.8642183025,252536.86421830254,830,0.5783132530120482,304.26128219072615,135.84600477762572,714733.8373234838,638813.1872287928,2721265.481047668,0.6417301680437002,0.5422151422634722,2.359936943312501,0.6391425463983628,2.359936943312501,0.00046675789635032897,0.0003044396501672547,494,494,7,2.8000000000000003,0.39999999999999997,0.4,0.29435483870967744,0.4939516129032258,0.21169354838709678,7,12,4,3153263.590179653,1602061.3401719206,1.6020613401719206,23,0.0,-8.731149137020111e-11
per_start,lb42_s0.40_b0.10_0.90,dynamic,42.0,0.4,0.1,0.9,10_90,True,v2_selected,sp500-12m/same_sector_slide1m_noscreen,sp500-12m/same_sector_slide3m_noscreen,recent,0,2023-01-01,2023-01-01,B,0.25232340096655226,0.12110498639830047,0.06689615899093418,1.7422526307926274,-0.02716061315467977,496,1252323.4009665526,252323.40096655255,830,0.5783132530120482,304.00409755006484,138.96920342735007,705750.1474091371,620443.7175821468,2725957.061722921,0.6339494323909319,0.5321583216146042,2.3556139631697093,0.6313931846796781,2.3556139631697093,0.00047195371776098053,0.00027094782332568373,494,494,7,2.8000000000000003,0.39999999999999997,0.4,0.29435483870967744,0.4939516129032258,0.21169354838709678,7,12,4,3163962.669887796,1607497.162926864,1.6074971629268642,23,0.0,-1.280568540096283e-09
per_start,lb42_s0.40_b0.10_0.90,dynamic,42.0,0.4,0.1,0.9,10_90,True,v2_selected,sp500-12m/same_sector_slide1m_noscreen,sp500-12m/same_sector_slide3m_noscreen,recent,1,2023-02-01,2023-02-01,A,0.09090623442898815,0.047242412981765236,0.06521011187103945,0.7399514724712022,-0.03475292492712412,475,1090906.234428986,90906.23442898598,773,0.5640362225097024,117.60185566492628,194.09637994485826,592427.3171583993,524662.8658901273,2272028.1087011783,0.5780520576142382,0.5120150126207293,2.1747833916588166,0.5756181542137571,2.1747833916588166,0.00018708791655548156,0.00027127385696351403,473,473,9,3.6,0.4,0.4,0.09052631578947369,0.6568421052631579,0.25263157894736843,2,15,6,3732091.89215353,1979972.961731978,1.979972961731978,23,0.0,-2.0572770154103637e-09
per_start,lb42_s0.40_b0.10_0.90,dynamic,42.0,0.4,0.1,0.9,10_90,True,v2_selected,sp500-12m/same_sector_slide1m_noscreen,sp500-12m/same_sector_slide3m_noscreen,recent,1,2023-02-01,2023-02-01,B,0.0758418829861105,0.03954522265851823,0.06591066616590992,0.6208475184343216,-0.04489055298882105,475,1075841.8829861102,75841.88298611017,773,0.5640362225097024,98.11369079704059,192.11297584312086,594823.6216917799,521634.3200516089,2237418.8758775876,0.5882447715383904,0.5242106224475337,2.169216151661848,0.5857679514477024,2.169216151661848,0.00016202889912203964,0.0002660017168149606,473,473,9,3.6,0.4,0.4,0.09052631578947369,0.6568421052631579,0.25263157894736843,2,15,6,3686956.3872606237,1956027.3886098468,1.956027388609847,23,0.0,-2.1882442524656653e-09
per_start,lb42_s0.40_b0.10_0.90,dynamic,42.0,0.4,0.1,0.9,10_90,True,v2_selected,sp500-12m/same_sector_slide1m_noscreen,sp500-12m/same_sector_slide3m_noscreen,recent,2,2023-03-01,2023-03-01,A,0.26235842851544366,0.14002732199137924,0.0808652550493949,1.6607592614962274,-0.037792355000148214,448,1262358.4285154417,262358.4285154417,748,0.5935828877005348,350.7465621864251,137.79094089010712,668513.1475997331,580011.2357944318,2907926.972074913,0.6035153825426559,0.5277785074779235,2.495833735842267,0.5967797197910638,2.495833735842267,0.000710633385541071,0.0004544822247537291,443,443,10,4.0,0.4,0.4,0.41517857142857145,0.27455357142857145,0.31026785714285715,9,6,6,4589471.909351384,2581577.9490101538,2.581577949010154,21,0.0,-4.2782630771398544e-09
per_start,lb42_s0.40_b0.10_0.90,dynamic,42.0,0.4,0.1,0.9,10_90,True,v2_selected,sp500-12m/same_sector_slide1m_noscreen,sp500-12m/same_sector_slide3m_noscreen,recent,2,2023-03-01,2023-03-01,B,0.25705366103077765,0.13733007137707043,0.08095582045020219,1.629722623896887,-0.03765784201300815,448,1257053.6610307773,257053.66103077726,748,0.5935828877005348,343.6546270464923,139.5143036497666,674342.6784996374,580186.3304356093,2897227.737007097,0.612114875058688,0.5321668141666445,2.4890738867055386,0.6052832358281223,2.4890738867055386,0.0007042477151524414,0.0004536869446485851,443,443,10,4.0,0.4,0.4,0.41517857142857145,0.27455357142857145,0.31026785714285715,9,6,6,4585886.693111283,2579561.2648750967,2.5795612648750965,21,0.0,1.1059455573558807e-09
per_start,lb42_s0.40_b0.10_0.90,dynamic,42.0,0.4,0.1,0.9,10_90,True,v2_selected,sp500-12m/same_sector_slide1m_noscreen,sp500-12m/same_sector_slide3m_noscreen,recent,3,2023-04-01,2023-04-01,A,0.2370723231029115,0.13311513179543666,0.068796584371212,1.850866973750949,-0.026999950429445696,429,1237072.3231029129,237072.32310291287,715,0.5902097902097903,331.56968266141735,190.87572909966968,699414.0091308448,630736.1271942635,2687667.170994087,0.6243173889522141,0.5420217994773129,2.3599369433124995,0.6214068183743483,2.3599369433124995,0.00048392047785785457,0.0002792754784454652,427,427,7,2.8000000000000003,0.39999999999999997,0.4,0.19114219114219114,0.5710955710955711,0.23776223776223776,4,12,4,3136695.3751621693,1842534.3462491066,1.8425343462491066,20,0.0,-5.238689482212067e-10
per_start,lb42_s0.40_b0.10_0.90,dynamic,42.0,0.4,0.1,0.9,10_90,True,v2_selected,sp500-12m/same_sector_slide1m_noscreen,sp500-12m/same_sector_slide3m_noscreen,recent,3,2023-04-01,2023-04-01,B,0.22794698663968505,0.1281977518488302,0.0686977289846851,1.7901003506850686,-0.027160700738974475,429,1227946.986639688,227946.98663968802,715,0.5902097902097903,318.8069743212429,205.61465492515603,687936.4702759146,620546.275218511,2672896.4395845453,0.6182907155045396,0.5378439708583319,2.355613963169752,0.6154082413063833,2.355613963169752,0.0004764266156875852,0.00028534723465987603,427,427,7,2.8000000000000003,0.39999999999999997,0.4,0.19114219114219114,0.5710955710955711,0.23776223776223776,4,12,4,3127241.292102809,1836980.8988575942,1.8369808988575942,20,0.0,-6.548361852765083e-10
per_start,lb42_s0.40_b0.10_0.90,dynamic,42.0,0.4,0.1,0.9,10_90,True,v2_selected,sp500-12m/same_sector_slide1m_noscreen,sp500-12m/same_sector_slide3m_noscreen,recent,4,2023-05-01,2023-05-01,A,0.10707114922496408,0.06403168948447902,0.06774865789274837,0.949443708413278,-0.03334928174757634,413,1107071.149224961,107071.14922496094,668,0.5793413173652695,160.28615153437346,229.0281865259823,593548.330488974,535271.3414754182,2305694.742580518,0.5685323599808458,0.5136993400449679,2.174783391658816,0.5657791766395343,2.174783391658816,0.0004301117481740248,0.000479650136108069,411,411,9,3.6,0.4,0.4,0.10411622276029056,0.6029055690072639,0.2929782082324455,2,12,6,3798088.3242379776,2317477.6215689355,2.3174776215689357,20,0.0,-5.384208634495735e-10
per_start,lb42_s0.40_b0.10_0.90,dynamic,42.0,0.4,0.1,0.9,10_90,True,v2_selected,sp500-12m/same_sector_slide1m_noscreen,sp500-12m/same_sector_slide3m_noscreen,recent,4,2023-05-01,2023-05-01,B,0.08224527758927414,0.049408299426336066,0.07155907005829786,0.7091979799297499,-0.05098576066514093,413,1082245.277589272,82245.27758927201,668,0.5793413173652695,123.12167303782849,226.53809968047915,595218.3644542465,562701.1733614556,2250735.9591672067,0.5822892506716574,0.5505021939149597,2.1692161516682975,0.5794694480049665,2.1692161516682975,0.00038481147063812313,0.00046666045161028387,411,411,9,3.6,0.4,0.4,0.10411622276029056,0.6029055690072639,0.2929782082324455,2,12,6,3725627.6958442717,2273264.3567863354,2.2732643567863353,20,0.0,2.572051016613841e-09
per_start,lb42_s0.40_b0.10_0.90,dynamic,42.0,0.4,0.1,0.9,10_90,True,v2_selected,sp500-12m/same_sector_slide1m_noscreen,sp500-12m/same_sector_slide3m_noscreen,historical,0,2014-01-01,2014-01-01,A,0.11620618021199736,0.022374243380901992,0.04763998009807347,0.4882947239265633,-0.06970756002016176,1252,1116206.180211992,116206.180211992,2141,0.5361980382998599,54.2765904773416,66.56612101064405,672090.0024015002,632633.8630010993,2117816.219487983,0.6225582935280238,0.5850754682010314,1.825779777542296,0.6200720383621771,1.825779777542296,0.00017703625086370767,0.00020268469168927014,1247,1247,33,13.200000000000001,0.4,0.4,0.36661341853035145,0.34105431309904155,0.29233226837060705,22,20,17,14437102.50524641,2905870.472301993,2.905870472301993,59,0.0,3.6670826375484467e-09
per_start,lb42_s0.40_b0.10_0.90,dynamic,42.0,0.4,0.1,0.9,10_90,True,v2_selected,sp500-12m/same_sector_slide1m_noscreen,sp500-12m/same_sector_slide3m_noscreen,historical,0,2014-01-01,2014-01-01,B,0.12342944602453487,0.023702481076544046,0.047418467785898366,0.5177349906412148,-0.059297897090716756,1252,1123429.4460245362,123429.44602453616,2141,0.5361980382998599,57.650371800343535,66.09345943352723,666942.9503917918,627934.2905432623,2014870.9407133977,0.6226618763696368,0.5807280425427566,1.787209886080128,0.6201752075342948,1.787209886080128,0.00017928361375692554,0.0002285327590483055,1247,1247,33,13.200000000000001,0.4,0.4,0.36661341853035145,0.34105431309904155,0.29233226837060705,22,20,17,14334228.428297792,2885164.1884433255,2.8851641884433255,59,0.0,6.111804395914078e-10
per_start,lb63_s0.10_b0.40_0.60,dynamic,63.0,0.1,0.4,0.6,40_60,True,v2_selected,sp500-12m/same_sector_slide1m_noscreen,sp500-12m/same_sector_slide3m_noscreen,recent,0,2023-01-01,2023-01-01,A,0.2128401203874064,0.1030053337650978,0.06661791257845208,1.5048165494173587,-0.03985273528409827,496,1212840.1203874073,212840.12038740725,830,0.5783132530120482,256.4338799848301,359.7250933559484,707005.6530332367,631800.0008057768,2619297.7707111044,0.6502003208994109,0.5689400059563001,2.3390973401436645,0.6475785454119133,2.3390973401436645,0.00037124426220048616,0.00025577184541390844,494,494,7,0.6999999999999998,0.09999999999999998,0.09999999999999998,0.3407258064516129,0.45161290322580644,0.20766129032258066,8,11,4,778137.8549691637,395344.23276659125,0.39534423276659125,23,0.0,-1.7316779121756554e-09
per_start,lb63_s0.10_b0.40_0.60,dynamic,63.0,0.1,0.4,0.6,40_60,True,v2_selected,sp500-12m/same_sector_slide1m_noscreen,sp500-12m/same_sector_slide3m_noscreen,recent,0,2023-01-01,2023-01-01,B,0.21507874189111065,0.10403922906214191,0.067052485823457,1.509482051112795,-0.04021123956946526,496,1215078.74189111,215078.74189111008,830,0.5783132530120482,259.13101432663854,375.37546401370673,710407.7984597179,633563.9365678793,2622754.6049781893,0.6524195064658797,0.5904900937665797,2.3313089719652154,0.6497887826494849,2.3313089719652154,0.00037954203475372737,0.00026241068823375745,494,494,7,0.6999999999999998,0.09999999999999998,0.09999999999999998,0.3407258064516129,0.45161290322580644,0.20766129032258066,8,11,4,781655.9423851469,397131.6481472924,0.3971316481472924,23,0.0,1.4551915228366852e-10
per_start,lb63_s0.10_b0.40_0.60,dynamic,63.0,0.1,0.4,0.6,40_60,True,v2_selected,sp500-12m/same_sector_slide1m_noscreen,sp500-12m/same_sector_slide3m_noscreen,recent,1,2023-02-01,2023-02-01,A,0.07838771900518626,0.04084956403288742,0.06693709461131986,0.6310674169994193,-0.04715526069818643,475,1078387.7190051887,78387.71900518867,773,0.5640362225097024,101.40713972210521,325.926578173543,581887.284389853,507414.86933135986,2021529.7738637936,0.575262516536454,0.5049515754731699,1.9557040181970111,0.57284035857209,1.9557040181970111,0.00019881701847168133,0.00030221580734015,473,473,7,0.6999999999999998,0.09999999999999998,0.09999999999999998,0.042105263157894736,0.7410526315789474,0.2168421052631579,1,17,5,708925.7664368678,376103.7750359804,0.37610377503598036,23,0.0,1.356966095045209e-09
per_start,lb63_s0.10_b0.40_0.60,dynamic,63.0,0.1,0.4,0.6,40_60,True,v2_selected,sp500-12m/same_sector_slide1m_noscreen,sp500-12m/same_sector_slide3m_noscreen,recent,1,2023-02-01,2023-02-01,B,0.06655867330563625,0.0347767144775637,0.06732598652188312,0.5408908613417402,-0.05609038114794662,475,1066558.6733056358,66558.6733056358,773,0.5640362225097024,86.10436391414771,318.9664954525923,583335.2531052004,521219.02416248235,1996963.680399837,0.5824694407278811,0.5239446414817286,1.9557040181970111,0.5800169378195532,1.9557040181970111,0.00018667725591637062,0.00026585900484489794,473,473,7,0.6999999999999998,0.09999999999999998,0.09999999999999998,0.042105263157894736,0.7410526315789474,0.2168421052631579,1,17,5,702698.0264905291,372799.7951065544,0.37279979510655437,23,0.0,-3.7834979593753815e-10
per_start,lb63_s0.10_b0.40_0.60,dynamic,63.0,0.1,0.4,0.6,40_60,True,v2_selected,sp500-12m/same_sector_slide1m_noscreen,sp500-12m/same_sector_slide3m_noscreen,recent,2,2023-03-01,2023-03-01,A,0.2533844451972824,0.13546151549037688,0.07899065069951641,1.6473905803918925,-0.04162636405634612,448,1253384.4451972847,253384.4451972847,748,0.5935828877005348,338.7492582851403,416.10368768033595,641700.4204147505,558398.0475310402,2933143.285433097,0.5817469415366611,0.5130505436923967,2.5502499969383727,0.5752542301355822,2.5502499969383727,0.000714642573818495,0.0004277376566285622,443,443,9,0.8999999999999998,0.09999999999999998,0.09999999999999998,0.5022321428571429,0.234375,0.26339285714285715,11,5,5,1028542.3564355277,578555.0754949844,0.5785550754949843,21,0.0,-2.3283064365386963e-10
per_start,lb63_s0.10_b0.40_0.60,dynamic,63.0,0.1,0.4,0.6,40_60,True,v2_selected,sp500-12m/same_sector_slide1m_noscreen,sp500-12m/same_sector_slide3m_noscreen,recent,2,2023-03-01,2023-03-01,B,0.251227284274665,0.13436185961596703,0.07921071232056451,1.6307974738759132,-0.04150332183455718,448,1251227.2842746652,251227.28427466517,748,0.5935828877005348,335.86535330837785,400.78089200954423,647815.2763002226,567668.9614436236,2930780.7995530628,0.589150566355278,0.520978660673869,2.546809984925793,0.58257522521292,2.546809984925793,0.0007126796919415848,0.00043420039424368906,443,443,9,0.8999999999999998,0.09999999999999998,0.09999999999999998,0.5022321428571429,0.234375,0.26339285714285715,11,5,5,1029135.9862062235,578888.9922410008,0.5788889922410008,21,0.0,-1.3969838619232178e-09
per_start,lb63_s0.10_b0.40_0.60,dynamic,63.0,0.1,0.4,0.6,40_60,True,v2_selected,sp500-12m/same_sector_slide1m_noscreen,sp500-12m/same_sector_slide3m_noscreen,recent,3,2023-04-01,2023-04-01,A,0.21529372534721491,0.1213542553475575,0.07077232595259698,1.653603214653448,-0.04002010274085832,429,1215293.7253472174,215293.7253472174,715,0.5902097902097903,301.1101053807176,412.18534478792975,702367.7150992688,627772.3734766112,2624596.6735865907,0.6357986587788084,0.5607381876885482,2.339097340143665,0.6328345624674853,2.339097340143665,0.0003906366906703602,0.00018232693457690847,427,427,9,0.8999999999999998,0.09999999999999998,0.09999999999999998,0.19347319347319347,0.5221445221445221,0.28438228438228436,4,11,5,996290.5752845742,585233.6246426869,0.5852336246426869,20,0.0,4.3655745685100555e-09
per_start,lb63_s0.10_b0.40_0.60,dynamic,63.0,0.1,0.4,0.6,40_60,True,v2_selected,sp500-12m/same_sector_slide1m_noscreen,sp500-12m/same_sector_slide3m_noscreen,recent,3,2023-04-01,2023-04-01,B,0.20875343263150614,0.11780542591914034,0.07104521015988138,1.6028965449521329,-0.04196100048396201,429,1208753.4326315066,208753.43263150658,715,0.5902097902097903,291.96284284126665,411.0475312915833,701959.4063901227,645705.0503538393,2609101.3877696395,0.6385060055865613,0.5937697603746867,2.3313089719652176,0.6355292876117988,2.3313089719652176,0.00037197863470773794,0.0001817200820497225,427,427,9,0.8999999999999998,0.09999999999999998,0.09999999999999998,0.19347319347319347,0.5221445221445221,0.28438228438228436,4,11,5,994498.7543368145,584181.0864635834,0.5841810864635834,20,0.0,9.604264050722122e-10
per_start,lb63_s0.10_b0.40_0.60,dynamic,63.0,0.1,0.4,0.6,40_60,True,v2_selected,sp500-12m/same_sector_slide1m_noscreen,sp500-12m/same_sector_slide3m_noscreen,recent,4,2023-05-01,2023-05-01,A,0.10297521861588188,0.06162790391682749,0.06954584942960736,0.894144668553603,-0.03905632963605743,413,1102975.2186158854,102975.21861588536,668,0.5793413173652695,154.15451888605713,385.6876803107125,582806.3697380697,516280.127046179,2067621.1393828122,0.562277999462249,0.5095048063696521,1.954632534018219,0.559555103581076,1.954632534018219,0.0004677802931761766,0.0005239595124833566,411,411,7,0.6999999999999998,0.09999999999999998,0.09999999999999998,0.048426150121065374,0.6997578692493946,0.25181598062953997,1,14,5,726980.0247706028,443581.0320634187,0.4435810320634187,20,0.0,-8.149072527885437e-10
per_start,lb63_s0.10_b0.40_0.60,dynamic,63.0,0.1,0.4,0.6,40_60,True,v2_selected,sp500-12m/same_sector_slide1m_noscreen,sp500-12m/same_sector_slide3m_noscreen,recent,4,2023-05-01,2023-05-01,B,0.08695751923036554,0.05219396413694133,0.0722624632527071,0.7396756624592312,-0.051082560116125664,413,1086957.5192303662,86957.51923036622,668,0.5793413173652695,130.17592699156475,377.5700264909396,584142.8870215807,555997.315017608,2035157.3170531807,0.5711008918194149,0.54083412471756,1.949633556699736,0.568335270067263,1.949633556699736,0.00044233015075287703,0.00047161713234650406,411,411,7,0.6999999999999998,0.09999999999999998,0.09999999999999998,0.048426150121065374,0.6997578692493946,0.25181598062953997,1,14,5,719031.9804992636,438731.3779317541,0.4387313779317541,20,0.0,9.76797309704125e-10
per_start,lb63_s0.10_b0.40_0.60,dynamic,63.0,0.1,0.4,0.6,40_60,True,v2_selected,sp500-12m/same_sector_slide1m_noscreen,sp500-12m/same_sector_slide3m_noscreen,historical,0,2014-01-01,2014-01-01,A,0.12689009272010954,0.02433642057885055,0.04564857014548021,0.54958491967461,-0.057863941909485184,1252,1126890.0927201135,126890.09272011346,2141,0.5361980382998599,59.26674111168082,166.06867762113822,676952.2590024653,658200.1475419304,1915996.2800409317,0.6290921871180427,0.6097201589869903,1.72853092087126,0.6265798381279547,1.72853092087126,0.00017696450352876675,0.0002842665273204911,1247,1247,23,2.2999999999999994,0.1,0.09999999999999998,0.3330670926517572,0.4544728434504792,0.2124600638977636,20,27,12,2488531.1911724634,500886.4697887067,0.5008864697887067,59,0.0,4.816683940589428e-09
per_start,lb63_s0.10_b0.40_0.60,dynamic,63.0,0.1,0.4,0.6,40_60,True,v2_selected,sp500-12m/same_sector_slide1m_noscreen,sp500-12m/same_sector_slide3m_noscreen,historical,0,2014-01-01,2014-01-01,B,0.13248544725294953,0.025358125290147138,0.04539308113080304,0.5743846371329886,-0.05767338795108712,1252,1132485.447252949,132485.447252949,2141,0.5361980382998599,61.880171533370756,159.65391720528194,673607.6886068201,644619.8843256708,1899278.706412766,0.6288881508870118,0.6048259889826133,1.7307520176074496,0.626376616738102,1.7307520176074496,0.00017891242815330907,0.0002747331139715846,1247,1247,23,2.2999999999999994,0.1,0.09999999999999998,0.3330670926517572,0.4544728434504792,0.2124600638977636,20,27,12,2479293.572224907,499027.1407353647,0.4990271407353647,59,0.0,2.240994945168495e-09
per_start,lb63_s0.10_b0.30_0.70,dynamic,63.0,0.1,0.3,0.7,30_70,True,v2_selected,sp500-12m/same_sector_slide1m_noscreen,sp500-12m/same_sector_slide3m_noscreen,recent,0,2023-01-01,2023-01-01,A,0.20247668657198026,0.0982067585533799,0.06788151006437684,1.41376033101644,-0.042843370443072404,496,1202476.686571981,202476.68657198106,830,0.5783132530120482,243.94781514696433,322.88453025404476,706956.6075633033,623550.1259113417,2590041.5763403038,0.6516377489943534,0.5712007494597625,2.316380055892999,0.6490101774258279,2.316380055892999,0.00035492097159543133,0.00014233160003372514,494,494,12,1.1999999999999997,0.09999999999999998,0.10000000000000003,0.2157258064516129,0.3225806451612903,0.21169354838709678,5,8,4,1319134.4545211666,670205.4083454314,0.6702054083454315,23,0.0,6.548361852765083e-10
per_start,lb63_s0.10_b0.30_0.70,dynamic,63.0,0.1,0.3,0.7,30_70,True,v2_selected,sp500-12m/same_sector_slide1m_noscreen,sp500-12m/same_sector_slide3m_noscreen,recent,0,2023-01-01,2023-01-01,B,0.2049954169586019,0.09937487036627601,0.06827950790359065,1.4214993528785838,-0.04320590942225211,496,1204995.4169586017,204995.41695860168,830,0.5783132530120482,246.98243007060563,357.5355510259958,709118.3002919249,637899.16105199,2593672.755360468,0.6525649118664283,0.5797212722288532,2.308290962335199,0.6499336017379347,2.308290962335199,0.00036493982440427867,0.00014319731313788391,494,494,12,1.1999999999999997,0.09999999999999998,0.10000000000000003,0.2157258064516129,0.3225806451612903,0.21169354838709678,5,8,4,1325711.3753686217,673546.9084534127,0.6735469084534126,23,0.0,-9.89530235528946e-10
per_start,lb63_s0.10_b0.30_0.70,dynamic,63.0,0.1,0.3,0.7,30_70,True,v2_selected,sp500-12m/same_sector_slide1m_noscreen,sp500-12m/same_sector_slide3m_noscreen,recent,1,2023-02-01,2023-02-01,A,0.09210762001768469,0.047854110790865434,0.06601970546572679,0.7405248097841044,-0.044713944897338154,475,1092107.6200176836,92107.6200176836,773,0.5640362225097024,119.15604142003409,365.3523706671975,592911.5278043922,529276.0915178169,2109889.510874657,0.5831295722833139,0.5164447007883919,2.0281067836169155,0.5806742898737,2.0281067836169155,0.00021155037836488979,0.0003244589761499612,473,473,8,0.7999999999999998,0.09999999999999998,0.09999999999999998,0.0,0.6947368421052632,0.12631578947368421,0,16,3,810109.6453044355,429784.4855088795,0.4297844855088795,23,0.0,-2.764863893389702e-09
per_start,lb63_s0.10_b0.30_0.70,dynamic,63.0,0.1,0.3,0.7,30_70,True,v2_selected,sp500-12m/same_sector_slide1m_noscreen,sp500-12m/same_sector_slide3m_noscreen,recent,1,2023-02-01,2023-02-01,B,0.07930953091890025,0.04132149140107377,0.06637576655339797,0.6426825378565432,-0.053893024834182346,475,1079309.530918903,79309.53091890295,773,0.5640362225097024,102.59965190026298,358.5303583939539,592613.4579844079,527698.0564950483,2082858.8218263146,0.5890857914779547,0.5168003608223894,2.0222733407717626,0.5866054302506791,2.0222733407717626,0.00019912652009484514,0.00030931522196439505,473,473,8,0.7999999999999998,0.09999999999999998,0.09999999999999998,0.0,0.6947368421052632,0.12631578947368421,0,16,3,802720.8619236974,425864.54148373,0.42586454148373,23,0.0,-3.346940502524376e-10
per_start,lb63_s0.10_b0.30_0.70,dynamic,63.0,0.1,0.3,0.7,30_70,True,v2_selected,sp500-12m/same_sector_slide1m_noscreen,sp500-12m/same_sector_slide3m_noscreen,recent,2,2023-03-01,2023-03-01,A,0.25344550614120953,0.13549263047070803,0.0814165510191248,1.6009812463605964,-0.043142652943197746,448,1253445.5061412118,253445.50614121184,748,0.5935828877005348,338.83089056311866,374.55899409701146,639463.1530984844,556146.9609664505,2984529.9192831675,0.5815966070607156,0.5102435537612234,2.60071359840563,0.5751055734997701,2.60071359840563,0.0007363480534736835,0.00047965013610828223,443,443,14,1.3999999999999997,0.09999999999999999,0.10000000000000003,0.359375,0.09151785714285714,0.21428571428571427,8,2,4,1573363.1057727062,885016.7469971473,0.8850167469971473,21,0.0,-9.313225746154785e-10
per_start,lb63_s0.10_b0.30_0.70,dynamic,63.0,0.1,0.3,0.7,30_70,True,v2_selected,sp500-12m/same_sector_slide1m_noscreen,sp500-12m/same_sector_slide3m_noscreen,recent,2,2023-03-01,2023-03-01,B,0.2514590635739451,0.13448005349472902,0.08165989849659325,1.585524658592791,-0.043042419185514214,448,1251459.0635739432,251459.06357394322,748,0.5935828877005348,336.17521868174236,367.4413027245686,647638.9682028564,567101.2294617139,2982696.850377494,0.590688659454189,0.529112087625625,2.5977675446947126,0.5840961520942093,2.5977675446947126,0.000733731194607715,0.0004796501361085774,443,443,14,1.3999999999999997,0.09999999999999999,0.10000000000000003,0.359375,0.09151785714285714,0.21428571428571427,8,2,4,1574487.54907506,885649.2463547214,0.8856492463547213,21,0.0,-5.820766091346741e-11
per_start,lb63_s0.10_b0.30_0.70,dynamic,63.0,0.1,0.3,0.7,30_70,True,v2_selected,sp500-12m/same_sector_slide1m_noscreen,sp500-12m/same_sector_slide3m_noscreen,recent,3,2023-04-01,2023-04-01,A,0.20659886562810703,0.11663460210763232,0.071073232608892,1.5874954666806749,-0.038187695173930614,429,1206598.8656281086,206598.86562810862,715,0.5902097902097903,288.9494624169379,452.03579863859255,697795.6603757456,626648.6143790851,2598920.430508303,0.6330789408846123,0.5607381876885482,2.316380055892996,0.6301275239107912,2.316380055892996,0.0003879529937280723,0.00013617991288117996,427,427,12,1.1999999999999997,0.09999999999999998,0.09999999999999998,0.0,0.4195804195804196,0.28205128205128205,0,9,5,1334114.2148117048,783675.482826456,0.783675482826456,20,0.0,-2.0227162167429924e-09
per_start,lb63_s0.10_b0.30_0.70,dynamic,63.0,0.1,0.3,0.7,30_70,True,v2_selected,sp500-12m/same_sector_slide1m_noscreen,sp500-12m/same_sector_slide3m_noscreen,recent,3,2023-04-01,2023-04-01,B,0.20019705980361313,0.11315066592739731,0.07132795291094693,1.5382607146264617,-0.04009035735021482,429,1200197.0598036163,200197.05980361626,715,0.5902097902097903,279.9958878372207,466.8337343613221,696201.5133930254,639906.5808664941,2583343.044407659,0.6346596366764893,0.5841666830621264,2.308289600940907,0.6317008504915173,2.308289600940907,0.00037006187537309663,0.00014303691482860917,427,427,12,1.1999999999999997,0.09999999999999998,0.09999999999999998,0.0,0.4195804195804196,0.28205128205128205,0,9,5,1331421.7356860405,782093.8866966951,0.7820938866966951,20,0.0,3.4633558243513107e-09
per_start,lb63_s0.10_b0.30_0.70,dynamic,63.0,0.1,0.3,0.7,30_70,True,v2_selected,sp500-12m/same_sector_slide1m_noscreen,sp500-12m/same_sector_slide3m_noscreen,recent,4,2023-05-01,2023-05-01,A,0.11355748578704583,0.06783125632907328,0.0689009443798796,0.9864515639856882,-0.03737874334919844,413,1113557.485787044,113557.48578704405,668,0.5793413173652695,169.99623620815052,424.02472157605916,596163.0196943987,526287.3455639984,2151329.4257391896,0.573262148556935,0.513991344771201,2.0281067836169155,0.5704860606704607,2.0281067836169155,0.0004736155040258162,0.0005060669005424786,411,411,8,0.7999999999999998,0.09999999999999998,0.09999999999999998,0.0,0.6464891041162227,0.14769975786924938,0,13,3,828284.8249928565,505394.13050411583,0.5053941305041159,20,0.0,-5.147740012034774e-10
per_start,lb63_s0.10_b0.30_0.70,dynamic,63.0,0.1,0.3,0.7,30_70,True,v2_selected,sp500-12m/same_sector_slide1m_noscreen,sp500-12m/same_sector_slide3m_noscreen,recent,4,2023-05-01,2023-05-01,B,0.09673985321631373,0.05796185285585831,0.0716005044429274,0.8222227283869683,-0.051082560116125664,413,1096739.853216312,96739.8532163119,668,0.5793413173652695,144.82013954537695,419.741554165053,595766.3910008249,546483.5013479382,2116495.975514328,0.5808827428299316,0.5443185891162212,2.022273340775242,0.5780697513392299,2.022273340775242,0.000448162889835401,0.0004726799984350655,411,411,8,0.7999999999999998,0.09999999999999998,0.09999999999999998,0.0,0.6464891041162227,0.14769975786924938,0,13,3,818923.2441745204,499681.9794963175,0.4996819794963175,20,0.0,1.2187229003757238e-10
per_start,lb63_s0.10_b0.30_0.70,dynamic,63.0,0.1,0.3,0.7,30_70,True,v2_selected,sp500-12m/same_sector_slide1m_noscreen,sp500-12m/same_sector_slide3m_noscreen,historical,0,2014-01-01,2014-01-01,A,0.1483114539080237,0.028226264216610675,0.04561953696397287,0.6329897542045131,-0.05883247081073828,1252,1148311.4539080209,148311.45390802086,2141,0.5361980382998599,69.27204759832702,168.89192575431636,680519.5942992711,659385.875788772,1964541.1905637188,0.6253107375869096,0.601696428164208,1.6775884175041078,0.6228134902323293,1.6775884175041078,0.00020362259899001661,0.000324250460928784,1247,1247,32,3.1999999999999993,0.09999999999999998,0.10000000000000003,0.19808306709265175,0.3706070287539936,0.16293929712460065,12,22,9,3526275.4127765223,709761.504808054,0.709761504808054,59,0.0,2.735760062932968e-09
per_start,lb63_s0.10_b0.30_0.70,dynamic,63.0,0.1,0.3,0.7,30_70,True,v2_selected,sp500-12m/same_sector_slide1m_noscreen,sp500-12m/same_sector_slide3m_noscreen,historical,0,2014-01-01,2014-01-01,B,0.15559748913175642,0.02953610581289845,0.04528342623188392,0.6654657565841049,-0.058759810498499876,1252,1155597.4891317615,155597.48913176148,2141,0.5361980382998599,72.67514672197896,165.46993298163454,676370.9548942326,649852.095078973,1946462.3261688757,0.6245483544684824,0.5993109057188545,1.6791000534299259,0.6220541517749183,1.6791000534299259,0.0002063998756408934,0.00029092477534683846,1247,1247,32,3.1999999999999993,0.09999999999999998,0.10000000000000003,0.19808306709265175,0.3706070287539936,0.16293929712460065,12,22,9,3512052.7045212816,706898.7871720152,0.7068987871720152,59,0.0,4.4674379751086235e-09
per_start,lb63_s0.10_b0.20_0.80,dynamic,63.0,0.1,0.2,0.8,20_80,True,v2_selected,sp500-12m/same_sector_slide1m_noscreen,sp500-12m/same_sector_slide3m_noscreen,recent,0,2023-01-01,2023-01-01,A,0.1900125839309048,0.09240848231456189,0.06895759864705694,1.3159347953646785,-0.04793865413946685,496,1190012.5839309066,190012.5839309066,830,0.5783132530120482,228.93082401313782,280.50374330996306,705805.667789119,629235.2813221777,2545268.4341578246,0.6545432935767032,0.5772163868468483,2.2936230216309896,0.6519040061026036,2.2936230216309896,0.0003442521420266713,0.00015528849938132883,494,494,15,1.4999999999999998,0.1,0.10000000000000003,0.17137096774193547,0.2399193548387097,0.16733870967741934,4,6,3,1621757.8012703857,823957.5925809218,0.8239575925809218,23,0.0,2.1973391994833946e-09
per_start,lb63_s0.10_b0.20_0.80,dynamic,63.0,0.1,0.2,0.8,20_80,True,v2_selected,sp500-12m/same_sector_slide1m_noscreen,sp500-12m/same_sector_slide3m_noscreen,recent,0,2023-01-01,2023-01-01,B,0.192394189698593,0.0935187012256673,0.0693512478099985,1.3235176671807045,-0.04836045430362301,496,1192394.189698591,192394.1896985909,830,0.5783132530120482,231.80022855252005,317.6476503459184,706936.2444822364,642918.8098597957,2548776.5448912825,0.654500619240965,0.5717153816399092,2.2856222641649735,0.6518615038407998,2.2856222641649735,0.0003549529542735344,0.00016880045440103387,494,494,15,1.4999999999999998,0.1,0.10000000000000003,0.17137096774193547,0.2399193548387097,0.16733870967741934,4,6,3,1630179.8226316117,828236.5227886415,0.8282365227886415,23,0.0,-7.712515071034431e-10
per_start,lb63_s0.10_b0.20_0.80,dynamic,63.0,0.1,0.2,0.8,20_80,True,v2_selected,sp500-12m/same_sector_slide1m_noscreen,sp500-12m/same_sector_slide3m_noscreen,recent,1,2023-02-01,2023-02-01,A,0.10693070116014658,0.05537560377699191,0.06548346771554521,0.8552977792784898,-0.04140068720715806,475,1106930.7011601492,106930.70116014918,773,0.5640362225097024,138.33208429514963,389.9528199708183,606145.3816805328,552113.1783699797,2201067.9760605176,0.5926701538145672,0.5395891029831049,2.1014907450053797,0.5901747005353479,2.1014907450053797,0.00022765691895109622,0.0002736816947878603,473,473,9,0.8999999999999998,0.09999999999999998,0.09999999999999998,0.0,0.6484210526315789,0.08421052631578947,0,15,2,912253.1465629764,483974.30091341067,0.48397430091341065,23,0.0,-1.5388650353997946e-09
per_start,lb63_s0.10_b0.20_0.80,dynamic,63.0,0.1,0.2,0.8,20_80,True,v2_selected,sp500-12m/same_sector_slide1m_noscreen,sp500-12m/same_sector_slide3m_noscreen,recent,1,2023-02-01,2023-02-01,B,0.09330267694119665,0.048462272955608565,0.06578815832960899,0.7517323911623508,-0.050676668162751515,475,1093302.676941199,93302.676941199,773,0.5640362225097024,120.70204002742452,386.1095933170968,603859.3096917308,540351.7379282734,2172043.24156514,0.597137929373267,0.5443601258475789,2.0950639898057335,0.5946236644074849,2.0950639898057335,0.00021508307638788124,0.0002459278220871072,473,473,9,0.8999999999999998,0.09999999999999998,0.09999999999999998,0.0,0.6484210526315789,0.08421052631578947,0,15,2,903714.6342595199,479444.39543873473,0.47944439543873474,23,0.0,-1.5643308870494366e-10
per_start,lb63_s0.10_b0.20_0.80,dynamic,63.0,0.1,0.2,0.8,20_80,True,v2_selected,sp500-12m/same_sector_slide1m_noscreen,sp500-12m/same_sector_slide3m_noscreen,recent,2,2023-03-01,2023-03-01,A,0.2554479272552488,0.13651264210610314,0.08331375410022393,1.5771215422325306,-0.04466057638384968,448,1255447.927255247,255447.92725524702,748,0.5935828877005348,341.50792413803333,286.2966444458564,636162.3345637893,563614.0640806903,3038456.288986662,0.5799636256565875,0.5096989620492478,2.6512021501271907,0.5734908173345274,2.6512021501271907,0.0007690113257114705,0.00038271198096808925,443,443,17,1.6999999999999997,0.09999999999999998,0.10000000000000003,0.26785714285714285,0.049107142857142856,0.17857142857142858,6,1,3,1879688.4459001757,1057324.7508188488,1.0573247508188488,21,0.0,-1.8335413187742233e-09
per_start,lb63_s0.10_b0.20_0.80,dynamic,63.0,0.1,0.2,0.8,20_80,True,v2_selected,sp500-12m/same_sector_slide1m_noscreen,sp500-12m/same_sector_slide3m_noscreen,recent,2,2023-03-01,2023-03-01,B,0.2535160754876258,0.13552858984578808,0.08356833124171548,1.562202499435332,-0.04458310306404767,448,1253516.0754876276,253516.07548762765,748,0.5935828877005348,338.9252346091296,274.80262486218,646158.1723755095,570038.1803253798,3036796.2287265686,0.5905642052857168,0.52661519599534,2.648705977867391,0.5839730869231529,2.648705977867391,0.0007660257699514358,0.0003827119809685198,443,443,17,1.6999999999999997,0.09999999999999998,0.10000000000000003,0.26785714285714285,0.049107142857142856,0.17857142857142858,6,1,3,1881353.9924251963,1058261.620739173,1.058261620739173,21,0.0,-1.2223608791828156e-09
per_start,lb63_s0.10_b0.20_0.80,dynamic,63.0,0.1,0.2,0.8,20_80,True,v2_selected,sp500-12m/same_sector_slide1m_noscreen,sp500-12m/same_sector_slide3m_noscreen,recent,3,2023-04-01,2023-04-01,A,0.20127135053006184,0.1137358416500831,0.07141838984728284,1.543714576118087,-0.0379016204837217,429,1201271.3505300619,201271.35053006187,715,0.5902097902097903,281.4983923497361,466.78498927884493,692656.3739996915,627772.3734766112,2569349.3418122944,0.6300907512265974,0.5698053602013811,2.293623021561028,0.627153265206893,2.293623021561028,0.00039482968452163075,0.0001659816647531735,427,427,13,1.2999999999999998,0.09999999999999999,0.09999999999999998,0.0,0.372960372960373,0.23776223776223776,0,8,4,1433462.4372431985,842033.879219781,0.842033879219781,20,0.0,5.384208634495735e-10
per_start,lb63_s0.10_b0.20_0.80,dynamic,63.0,0.1,0.2,0.8,20_80,True,v2_selected,sp500-12m/same_sector_slide1m_noscreen,sp500-12m/same_sector_slide3m_noscreen,recent,3,2023-04-01,2023-04-01,B,0.19487828739515156,0.11025029374207929,0.07165368987068803,1.4951263371885204,-0.039791291446124366,429,1194878.287395156,194878.287395156,715,0.5902097902097903,272.5570453079134,476.029404040946,689712.9118014694,645343.3307352662,2553970.515220526,0.6304379528543118,0.5691372714027101,2.285521326345981,0.6274988481790004,2.285521326345981,0.00037774289342839716,0.0001608253223753112,427,427,13,1.2999999999999998,0.09999999999999999,0.09999999999999998,0.0,0.372960372960373,0.23776223776223776,0,8,4,1430740.0319596727,840434.7040881994,0.8404347040881993,20,0.0,-2.0954757928848267e-09
per_start,lb63_s0.10_b0.20_0.80,dynamic,63.0,0.1,0.2,0.8,20_80,True,v2_selected,sp500-12m/same_sector_slide1m_noscreen,sp500-12m/same_sector_slide3m_noscreen,recent,4,2023-05-01,2023-05-01,A,0.1254432233646543,0.07477137008348844,0.0685235355819129,1.0860766010348035,-0.035700162111373945,413,1125443.2233646552,125443.22336465516,668,0.5793413173652695,187.7892565339138,457.2118365038874,609416.5400550246,556662.4935584681,2237879.060745167,0.5835165719431413,0.5259245876554982,2.1014907450053806,0.5806908258320366,2.1014907450053806,0.0004881922119718565,0.0004796501361089366,411,411,9,0.8999999999999998,0.09999999999999998,0.09999999999999998,0.0,0.5932203389830508,0.09927360774818401,0,12,2,930884.3117048509,567997.2071419429,0.5679972071419429,20,0.0,7.539711077697575e-10
per_start,lb63_s0.10_b0.20_0.80,dynamic,63.0,0.1,0.2,0.8,20_80,True,v2_selected,sp500-12m/same_sector_slide1m_noscreen,sp500-12m/same_sector_slide3m_noscreen,recent,4,2023-05-01,2023-05-01,B,0.10784924405106366,0.06448793915676121,0.07117248410054268,0.913167699768065,-0.051082560116125664,413,1107849.2440510613,107849.24405106134,668,0.5793413173652695,161.4509641482951,456.63337916662283,606765.1337761941,565716.1875919519,2200942.6245413977,0.589441235275915,0.5526929031587124,2.0950639897980006,0.5865867983012132,2.0950639897980006,0.00046246859590386857,0.0004350558935419644,411,411,9,0.8999999999999998,0.09999999999999998,0.09999999999999998,0.0,0.5932203389830508,0.09927360774818401,0,12,2,920091.8363059453,561411.967915492,0.5614119679154921,20,0.0,1.9417711882852018e-10
per_start,lb63_s0.10_b0.20_0.80,dynamic,63.0,0.1,0.2,0.8,20_80,True,v2_selected,sp500-12m/same_sector_slide1m_noscreen,sp500-12m/same_sector_slide3m_noscreen,historical,0,2014-01-01,2014-01-01,A,0.1653262858874014,0.03127484747252529,0.04600660920025412,0.6923991174289196,-0.06209161168792654,1252,1165326.2858874034,165326.2858874034,2141,0.5361980382998599,77.21919004549338,145.06584604514254,684505.2029023415,661189.8167684111,2120172.4704770423,0.6240791607233016,0.6010093606516494,1.7665893830868566,0.6215868318066751,1.7665893830868566,0.0002294457406870869,0.00030172035502305854,1247,1247,37,3.6999999999999993,0.09999999999999999,0.10000000000000003,0.16533546325878595,0.3035143769968051,0.12939297124600638,10,18,7,4097832.597827127,824803.3663358116,0.8248033663358114,59,0.0,2.066371962428093e-09
per_start,lb63_s0.10_b0.20_0.80,dynamic,63.0,0.1,0.2,0.8,20_80,True,v2_selected,sp500-12m/same_sector_slide1m_noscreen,sp500-12m/same_sector_slide3m_noscreen,historical,0,2014-01-01,2014-01-01,B,0.1742378150661712,0.03285738138987826,0.045585874370655505,0.7320067389277818,-0.062033755903166066,1252,1174237.8150661688,174237.81506616878,2141,0.5361980382998599,81.38151100708478,143.35666857537137,679176.2745010039,644026.1142953928,2101864.2532550427,0.6224866660380498,0.5941003276281436,1.7609320667106454,0.6200006969244793,1.7609320667106454,0.00023303208400279792,0.0003093557388865902,1247,1247,37,3.6999999999999993,0.09999999999999999,0.10000000000000003,0.16533546325878595,0.3035143769968051,0.12939297124600638,10,18,7,4080513.370724275,821317.3877176655,0.8213173877176656,59,0.0,3.4924596548080444e-10
per_start,lb63_s0.10_b0.10_0.90,dynamic,63.0,0.1,0.1,0.9,10_90,True,v2_selected,sp500-12m/same_sector_slide1m_noscreen,sp500-12m/same_sector_slide3m_noscreen,recent,0,2023-01-01,2023-01-01,A,0.17962566410727865,0.08755364585523817,0.0707683272052572,1.221051362808579,-0.0530197526204681,496,1179625.6641072826,179625.66410728265,830,0.5783132530120482,216.4164627798605,228.05057206477804,703514.7649200786,635639.2497298787,2505707.703507904,0.6558637559144674,0.5780619097533073,2.2712714315192892,0.6532191439954574,2.2712714315192892,0.0003373714852427744,0.00019988545785660985,494,494,18,1.7999999999999998,0.09999999999999999,0.10000000000000003,0.12701612903225806,0.1592741935483871,0.125,3,4,2,1931574.8302762485,981364.6315113199,0.9813646315113199,23,0.0,-1.5934347175061703e-09
per_start,lb63_s0.10_b0.10_0.90,dynamic,63.0,0.1,0.1,0.9,10_90,True,v2_selected,sp500-12m/same_sector_slide1m_noscreen,sp500-12m/same_sector_slide3m_noscreen,recent,0,2023-01-01,2023-01-01,B,0.18177864990797699,0.08856167171314477,0.07110181978580893,1.2287003753679708,-0.05350062585099169,496,1181778.6499079773,181778.64990797732,830,0.5783132530120482,219.01042157587548,239.04687942692664,703550.2413406626,631161.8201405578,2507245.6543541257,0.6548215169870718,0.5860683286832404,2.2618782187483224,0.6521811076443818,2.2618782187483224,0.00034885055520223043,0.00017303950544800604,494,494,18,1.7999999999999998,0.09999999999999999,0.10000000000000003,0.12701612903225806,0.1592741935483871,0.125,3,4,2,1941661.4046871492,986489.2620587936,0.9864892620587936,23,0.0,6.548361852765083e-10
per_start,lb63_s0.10_b0.10_0.90,dynamic,63.0,0.1,0.1,0.9,10_90,True,v2_selected,sp500-12m/same_sector_slide1m_noscreen,sp500-12m/same_sector_slide3m_noscreen,recent,1,2023-02-01,2023-02-01,A,0.12170908517301005,0.06282748923904369,0.06527824673096662,0.9655925009183381,-0.03822653354596561,475,1121709.0851730113,121709.08517301129,773,0.5640362225097024,157.4503042341674,345.65021247887404,619495.3496137026,566147.5998079125,2292887.409367402,0.602258844965241,0.5533001069425032,2.1747846883003543,0.5997230182495978,2.1747846883003543,0.00024255265267173018,0.0002366866107033098,473,473,10,0.9999999999999998,0.09999999999999998,0.09999999999999998,0.0,0.608421052631579,0.08421052631578947,0,14,2,1015677.6052288881,538843.6979319574,0.5388436979319574,23,0.0,-9.094947017729282e-11
per_start,lb63_s0.10_b0.10_0.90,dynamic,63.0,0.1,0.1,0.9,10_90,True,v2_selected,sp500-12m/same_sector_slide1m_noscreen,sp500-12m/same_sector_slide3m_noscreen,recent,1,2023-02-01,2023-02-01,B,0.10723083256375765,0.05552740572679671,0.06552456261080564,0.8570098658867039,-0.047600839196602296,475,1107230.8325637572,107230.8325637572,773,0.5640362225097024,138.72035260511882,342.4633158278524,615142.5963728046,556262.1185885487,2262038.5068093915,0.6052104535809426,0.5468402020145327,2.1679994450663664,0.6026621990395493,2.1679994450663664,0.0002297915689824724,0.00022018483517552418,473,473,10,0.9999999999999998,0.09999999999999998,0.09999999999999998,0.0,0.608421052631579,0.08421052631578947,0,14,2,1005974.686376226,533696.0441406504,0.5336960441406504,23,0.0,3.6925484891980886e-10
per_start,lb63_s0.10_b0.10_0.90,dynamic,63.0,0.1,0.1,0.9,10_90,True,v2_selected,sp500-12m/same_sector_slide1m_noscreen,sp500-12m/same_sector_slide3m_noscreen,recent,2,2023-03-01,2023-03-01,A,0.2602018857118573,0.1389314102405339,0.08560930164403449,1.5618888170497636,-0.04671882107331515,448,1260201.8857118571,260201.88571185712,748,0.5935828877005348,347.8634835719989,182.16875036840793,634512.5487903325,563614.0640806903,3099045.574887745,0.578437180192309,0.5094457768850013,2.7017157052066176,0.5719814080919484,2.7017157052066176,0.0008032621090437187,0.0003340453496135639,443,443,18,1.7999999999999998,0.1,0.10000000000000003,0.22321428571428573,0.0,0.12946428571428573,5,0,2,1989986.7655403684,1119367.5556164572,1.1193675556164573,21,0.0,1.979060471057892e-09
per_start,lb63_s0.10_b0.10_0.90,dynamic,63.0,0.1,0.1,0.9,10_90,True,v2_selected,sp500-12m/same_sector_slide1m_noscreen,sp500-12m/same_sector_slide3m_noscreen,recent,2,2023-03-01,2023-03-01,B,0.2584286297631009,0.13802966232672764,0.08585975409934013,1.5483545850402798,-0.04669389629708198,448,1258428.629763101,258428.629763101,748,0.5935828877005348,345.49282053890164,177.51193993904056,646193.5836016401,569302.3432646955,3097733.083900041,0.5903971431411389,0.5213485137485124,2.699605843986821,0.5838078893114387,2.699605843986821,0.0007998471538921559,0.00029756856420073106,443,443,18,1.7999999999999998,0.1,0.10000000000000003,0.22321428571428573,0.0,0.12946428571428573,5,0,2,1991854.426097031,1120418.11467958,1.12041811467958,21,0.0,2.5320332497358322e-09
per_start,lb63_s0.10_b0.10_0.90,dynamic,63.0,0.1,0.1,0.9,10_90,True,v2_selected,sp500-12m/same_sector_slide1m_noscreen,sp500-12m/same_sector_slide3m_noscreen,recent,3,2023-04-01,2023-04-01,A,0.19565151001198577,0.11067226907255612,0.07211342329955454,1.4912718492031347,-0.0379016204837217,429,1195651.510011987,195651.51001198706,715,0.5902097902097903,273.63847554123976,449.9182153702529,687788.3514073356,638364.2517847314,2539260.5443060603,0.6274129741421764,0.5766339029580168,2.2708261559815175,0.6244879719317235,2.2708261559815175,0.00040512723219479326,0.0002051901247177398,427,427,14,1.3999999999999997,0.09999999999999999,0.09999999999999998,0.0,0.32400932400932403,0.1864801864801865,0,7,3,1532469.4183436276,900191.8261598932,0.9001918261598931,20,0.0,6.912159733474255e-10
per_start,lb63_s0.10_b0.10_0.90,dynamic,63.0,0.1,0.1,0.9,10_90,True,v2_selected,sp500-12m/same_sector_slide1m_noscreen,sp500-12m/same_sector_slide3m_noscreen,recent,3,2023-04-01,2023-04-01,B,0.18926323682961965,0.10718257249338925,0.07233538980648294,1.4434050191036072,-0.039791291446124366,429,1189263.2368296206,189263.23682962055,715,0.5902097902097903,264.7038277337342,458.95775290388656,683558.8557980179,639906.5808664941,2524413.714515665,0.6265760512343709,0.5841348654411826,2.263003364138229,0.6236549507624157,2.263003364138229,0.0003890615698846317,0.00019358304802944695,427,427,14,1.3999999999999997,0.09999999999999999,0.09999999999999998,0.0,0.32400932400932403,0.1864801864801865,0,7,3,1529704.2653160973,898567.5404653999,0.8985675404653998,20,0.0,5.602487362921238e-10
per_start,lb63_s0.10_b0.10_0.90,dynamic,63.0,0.1,0.1,0.9,10_90,True,v2_selected,sp500-12m/same_sector_slide1m_noscreen,sp500-12m/same_sector_slide3m_noscreen,recent,4,2023-05-01,2023-05-01,A,0.13639284898295734,0.08113964192551903,0.06842893136579768,1.17384654200879,-0.0340205831537429,413,1136392.8489829535,136392.84898295347,668,0.5793413173652695,204.18091165113196,401.8828456302986,621950.9952931296,576880.4279423256,2322902.515429195,0.5933901672911793,0.5419127522018842,2.174784688300354,0.5905166071590185,2.174784688300354,0.000497349188121219,0.0004878323321960352,411,411,10,0.9999999999999998,0.09999999999999998,0.09999999999999998,0.0,0.5447941888619855,0.09927360774818401,0,11,2,1033110.0779435223,630372.2509485899,0.6303722509485898,20,0.0,-2.673004928510636e-09
per_start,lb63_s0.10_b0.10_0.90,dynamic,63.0,0.1,0.1,0.9,10_90,True,v2_selected,sp500-12m/same_sector_slide1m_noscreen,sp500-12m/same_sector_slide3m_noscreen,recent,4,2023-05-01,2023-05-01,B,0.11801694023902387,0.07043851250359645,0.07101478428998358,0.9935596800196326,-0.051082560116125664,413,1118016.9402390257,118016.94023902575,668,0.5793413173652695,176.67206622608728,397.36343216162874,617025.015664369,578555.73957846,2284074.1919343774,0.5976230886113157,0.5617594539345546,2.1679994443023243,0.5947290300708251,2.1679994443023243,0.0004712977526588203,0.00046666045422396083,411,411,10,0.9999999999999998,0.09999999999999998,0.09999999999999998,0.0,0.5447941888619855,0.09927360774818401,0,11,2,1020884.8426211597,622912.7853281653,0.6229127853281652,20,0.0,-5.375113687478006e-10
per_start,lb63_s0.10_b0.10_0.90,dynamic,63.0,0.1,0.1,0.9,10_90,True,v2_selected,sp500-12m/same_sector_slide1m_noscreen,sp500-12m/same_sector_slide3m_noscreen,historical,0,2014-01-01,2014-01-01,A,0.1794861719410723,0.03378491582340404,0.04678003716040014,0.7336836758000389,-0.06534908228708991,1252,1179486.1719410701,179486.17194107012,2141,0.5361980382998599,83.83286872539423,110.78745232837866,688182.2207570026,655779.5443679586,2284610.8256336073,0.6230090747578787,0.5973707624241943,1.8827721007750113,0.6205210193475037,1.8827721007750113,0.000254232085608803,0.00033273207154105533,1247,1247,42,4.199999999999999,0.09999999999999996,0.10000000000000003,0.13258785942492013,0.2531948881789137,0.07907348242811502,8,15,4,4669377.827364431,939842.8214822975,0.9398428214822976,59,0.0,1.0477378964424133e-09
per_start,lb63_s0.10_b0.10_0.90,dynamic,63.0,0.1,0.1,0.9,10_90,True,v2_selected,sp500-12m/same_sector_slide1m_noscreen,sp500-12m/same_sector_slide3m_noscreen,historical,0,2014-01-01,2014-01-01,B,0.1899953795240097,0.03563232733973232,0.046281482741388616,0.7796681184873543,-0.06530925221378903,1252,1189995.3795240107,189995.3795240107,2141,0.5361980382998599,88.74141967492389,109.24451535040275,681674.1386053354,640175.1161077754,2265706.909586892,0.6206041884041685,0.5875114809622453,1.8780765148304608,0.6181257371725225,1.8780765148304608,0.0002586771687627591,0.00033123099798185293,1247,1247,42,4.199999999999999,0.09999999999999996,0.10000000000000003,0.13258785942492013,0.2531948881789137,0.07907348242811502,8,15,4,4648695.270295166,935679.8786856085,0.9356798786856086,59,0.0,-1.3096723705530167e-09
per_start,lb63_s0.20_b0.30_0.70,dynamic,63.0,0.2,0.3,0.7,30_70,True,v2_selected,sp500-12m/same_sector_slide1m_noscreen,sp500-12m/same_sector_slide3m_noscreen,recent,0,2023-01-01,2023-01-01,A,0.21269050590911043,0.10293620166937512,0.0678174792013634,1.4784188494141663,-0.03723069381460398,496,1212690.5059091114,212690.50590911135,830,0.5783132530120482,256.25362157724476,308.9697498380172,707444.2005970731,626338.8209639944,2609617.724552928,0.6485712906649024,0.5652080715767769,2.316380055892995,0.6459560838477052,2.316380055892995,0.00038116316082303914,0.00019176626050212213,494,494,7,1.4,0.19999999999999998,0.2,0.3407258064516129,0.45161290322580644,0.20766129032258066,8,11,4,1558914.6060299082,792029.1949990663,0.7920291949990663,23,0.0,-1.8480932340025902e-09
per_start,lb63_s0.20_b0.30_0.70,dynamic,63.0,0.2,0.3,0.7,30_70,True,v2_selected,sp500-12m/same_sector_slide1m_noscreen,sp500-12m/same_sector_slide3m_noscreen,recent,0,2023-01-01,2023-01-01,B,0.21422708044177385,0.10364600432710791,0.06815037967162212,1.4809806204736198,-0.03753678321659315,496,1214227.080441773,214227.08044177294,830,0.5783132530120482,258.104916194908,330.4864698383989,707309.8510606424,630974.1767147994,2611508.066339876,0.6478058552117136,0.5725898532077325,2.3082895847228944,0.6451937348277953,2.3082895847228944,0.0003872508084637047,0.0002059145300673763,494,494,7,1.4,0.19999999999999998,0.2,0.3407258064516129,0.45161290322580644,0.20766129032258066,8,11,4,1565386.1210877365,795317.1421655435,0.7953171421655436,23,0.0,-6.693881005048752e-10
per_start,lb63_s0.20_b0.30_0.70,dynamic,63.0,0.2,0.3,0.7,30_70,True,v2_selected,sp500-12m/same_sector_slide1m_noscreen,sp500-12m/same_sector_slide3m_noscreen,recent,1,2023-02-01,2023-02-01,A,0.08617204453770455,0.0448288672648276,0.06603301156350572,0.696595925568121,-0.041466323591427545,475,1086172.0445377047,86172.04453770467,773,0.5640362225097024,111.47741854812953,332.67762451701844,588927.9122075428,519464.0820107798,2104673.127793356,0.5794093621272598,0.5086274053388333,2.0281064729967784,0.5769697437604081,2.0281064729967784,0.0001958240223512772,0.00032445897614995824,473,473,7,1.4,0.19999999999999996,0.2,0.042105263157894736,0.7410526315789474,0.2168421052631579,1,17,5,1422651.087416161,754753.8400607844,0.7547538400607844,23,0.0,5.456968210637569e-10
per_start,lb63_s0.20_b0.30_0.70,dynamic,63.0,0.2,0.3,0.7,30_70,True,v2_selected,sp500-12m/same_sector_slide1m_noscreen,sp500-12m/same_sector_slide3m_noscreen,recent,1,2023-02-01,2023-02-01,B,0.07271537200691336,0.03794139236383742,0.0665027983368617,0.5926846608595265,-0.05144305181945663,475,1072715.3720069113,72715.37200691132,773,0.5640362225097024,94.06904528707803,332.25257426293456,590084.2556165744,519557.4188050481,2076757.005377722,0.5871134256043009,0.5131428540027656,2.022785053631093,0.5846413690754407,2.022785053631093,0.0001800502397358334,0.0003291811432061373,473,473,7,1.4,0.19999999999999996,0.2,0.042105263157894736,0.7410526315789474,0.2168421052631579,1,17,5,1408796.6308019822,747403.686235999,0.747403686235999,23,0.0,4.3655745685100555e-11
per_start,lb63_s0.20_b0.30_0.70,dynamic,63.0,0.2,0.3,0.7,30_70,True,v2_selected,sp500-12m/same_sector_slide1m_noscreen,sp500-12m/same_sector_slide3m_noscreen,recent,2,2023-03-01,2023-03-01,A,0.2573160540316983,0.13746360408290048,0.08154467246454901,1.6198764063865456,-0.043142652943172544,448,1257316.0540316994,257316.05403169943,748,0.5935828877005348,344.0054198284785,348.2692096361609,647504.6048314292,560089.1801815442,3001610.9147419813,0.5868146154777585,0.5179431042669475,2.600713598405632,0.5802653452157299,2.600713598405632,0.0007323309441245515,0.0004308604418466711,443,443,9,1.7999999999999998,0.19999999999999998,0.2,0.5022321428571429,0.234375,0.26339285714285715,11,5,5,2059120.4736519025,1158255.2664291952,1.1582552664291954,21,0.0,-2.5029294192790985e-09
per_start,lb63_s0.20_b0.30_0.70,dynamic,63.0,0.2,0.3,0.7,30_70,True,v2_selected,sp500-12m/same_sector_slide1m_noscreen,sp500-12m/same_sector_slide3m_noscreen,recent,2,2023-03-01,2023-03-01,B,0.25439905727963286,0.13597844793874736,0.08178523731405035,1.5993703205760712,-0.043042419317490754,448,1254399.0572796338,254399.05727963382,748,0.5935828877005348,340.10569155031436,346.34447156015676,655871.5472006962,569224.5903453904,2998422.7215419067,0.5964862348280154,0.5268577544072652,2.597767545030007,0.5898290223857385,2.597767545030007,0.0007285654407601301,0.0004261979819936179,443,443,9,1.7999999999999998,0.19999999999999998,0.2,0.5022321428571429,0.234375,0.26339285714285715,11,5,5,2059451.5235789216,1158441.4820131434,1.1584414820131435,21,0.0,-1.3387762010097504e-09
per_start,lb63_s0.20_b0.30_0.70,dynamic,63.0,0.2,0.3,0.7,30_70,True,v2_selected,sp500-12m/same_sector_slide1m_noscreen,sp500-12m/same_sector_slide3m_noscreen,recent,3,2023-04-01,2023-04-01,A,0.20786615513037887,0.1173233704737715,0.07131079286889265,1.591094800704109,-0.03742573034368868,429,1207866.1551303798,207866.15513037983,715,0.5902097902097903,290.7218952872472,390.95936097176684,697588.8842759794,624319.3487210298,2599236.0886447625,0.6327524057326372,0.5609941219180515,2.3163800558929957,0.629802511067217,2.3163800558929957,0.0003838035403013981,0.0001823269345770521,427,427,9,1.7999999999999998,0.2,0.2,0.19347319347319347,0.5221445221445221,0.28438228438228436,4,11,5,1986841.2807594144,1167095.5775090267,1.1670955775090268,20,0.0,-1.9208528101444244e-09
per_start,lb63_s0.20_b0.30_0.70,dynamic,63.0,0.2,0.3,0.7,30_70,True,v2_selected,sp500-12m/same_sector_slide1m_noscreen,sp500-12m/same_sector_slide3m_noscreen,recent,3,2023-04-01,2023-04-01,B,0.20069498973850664,0.11342191965376314,0.07144464055094159,1.5392772290270305,-0.039468088004998236,429,1200694.989738507,200694.98973850696,715,0.5902097902097903,280.6922933405738,396.9417138908715,694231.6655577898,629384.2056682965,2582403.8200293607,0.6329922423356973,0.5841669306404564,2.3082895847228504,0.6300412295509155,2.3082895847228504,0.00036854488611662967,0.00019358304802944695,427,427,9,1.7999999999999998,0.2,0.2,0.19347319347319347,0.5221445221445221,0.28438228438228436,4,11,5,1982524.5828966126,1164559.89484836,1.1645598948483598,20,0.0,-3.332388587296009e-09
per_start,lb63_s0.20_b0.30_0.70,dynamic,63.0,0.2,0.3,0.7,30_70,True,v2_selected,sp500-12m/same_sector_slide1m_noscreen,sp500-12m/same_sector_slide3m_noscreen,recent,4,2023-05-01,2023-05-01,A,0.10802620655456696,0.06459168681467742,0.06862076035735792,0.9459072463145274,-0.03715550910322618,413,1108026.2065545658,108026.20655456581,668,0.5793413173652695,161.7158780756976,388.16099425720955,590532.6235030364,517933.3729630329,2147019.888381274,0.5680624406028908,0.5124240534879718,2.028106472996779,0.5653115329002134,2.028106472996779,0.0004557207520631556,0.0005286580441795625,411,411,7,1.4,0.19999999999999996,0.2,0.048426150121065374,0.6997578692493946,0.25181598062953997,1,14,5,1455582.3060364663,888151.9155476744,0.8881519155476744,20,0.0,-1.7826096154749393e-10
per_start,lb63_s0.20_b0.30_0.70,dynamic,63.0,0.2,0.3,0.7,30_70,True,v2_selected,sp500-12m/same_sector_slide1m_noscreen,sp500-12m/same_sector_slide3m_noscreen,recent,4,2023-05-01,2023-05-01,B,0.08848631628479331,0.053096708036215245,0.07170837474940832,0.7568017861382534,-0.05100343072907232,413,1088486.316284792,88486.31628479203,668,0.5793413173652695,132.4645453365171,381.810313167543,591226.2718331555,545396.3593285566,2107289.26013125,0.5779318472331394,0.5289275063441576,2.022785053636015,0.5751331457937537,2.022785053636015,0.0004248972074979449,0.00047965013610857973,411,411,7,1.4,0.19999999999999996,0.2,0.048426150121065374,0.6997578692493946,0.25181598062953997,1,14,5,1436161.7628268807,876302.092572334,0.8763020925723339,20,0.0,-1.3715180102735758e-09
per_start,lb63_s0.20_b0.30_0.70,dynamic,63.0,0.2,0.3,0.7,30_70,True,v2_selected,sp500-12m/same_sector_slide1m_noscreen,sp500-12m/same_sector_slide3m_noscreen,historical,0,2014-01-01,2014-01-01,A,0.1408890084009642,0.026885055965471194,0.045541025615963876,0.605338329729673,-0.055532949053802794,1252,1140889.008400967,140889.0084009671,2141,0.5361980382998599,65.80523512422589,157.8130815971041,678016.1889772345,657867.9147931968,1937112.554284143,0.6262075707931707,0.5958654065987321,1.677589708956211,0.623706741836329,1.677589708956211,0.00019439575932763323,0.0003213442046865339,1247,1247,23,4.6,0.20000000000000007,0.2,0.3330670926517572,0.4544728434504792,0.2124600638977636,20,27,12,5008264.784065012,1008053.2951951941,1.008053295195194,59,0.0,-4.94765117764473e-10
per_start,lb63_s0.20_b0.30_0.70,dynamic,63.0,0.2,0.3,0.7,30_70,True,v2_selected,sp500-12m/same_sector_slide1m_noscreen,sp500-12m/same_sector_slide3m_noscreen,historical,0,2014-01-01,2014-01-01,B,0.14681928496812202,0.027957192098561512,0.04525804318445754,0.6318975044437637,-0.05545558051368993,1252,1146819.284968123,146819.28496812307,2141,0.5361980382998599,68.57509807011772,155.3621493458288,673276.0238143823,648485.928907121,1917393.5356257912,0.6255548680263526,0.5935365500293535,1.6793510589942602,0.6230566457099534,1.6793510589942602,0.00019615258646383187,0.0003278360145730879,1247,1247,23,4.6,0.20000000000000007,0.2,0.3330670926517572,0.4544728434504792,0.2124600638977636,20,27,12,4983925.4487389205,1003154.3235480894,1.0031543235480895,59,0.0,1.0331859812140465e-09
per_start,lb63_s0.20_b0.10_0.90,dynamic,63.0,0.2,0.1,0.9,10_90,True,v2_selected,sp500-12m/same_sector_slide1m_noscreen,sp500-12m/same_sector_slide3m_noscreen,recent,0,2023-01-01,2023-01-01,A,0.19189495522724087,0.09328606650980587,0.0710507263845525,1.2904748980497873,-0.04321355072193833,496,1191894.9552272425,191894.95522724255,830,0.5783132530120482,231.19874123763583,186.95650118615987,707347.2678904503,638419.1886090378,2550668.7391562774,0.6513919023415614,0.5796754261530952,2.270826155981598,0.6487653220901841,2.270826155981598,0.0003483764318781745,0.00016540224517468024,494,494,12,2.4,0.20000000000000004,0.20000000000000007,0.2157258064516129,0.3225806451612903,0.21169354838709678,5,8,4,2635842.098840878,1339177.8405401234,1.3391778405401236,23,0.0,4.802132025361061e-09
per_start,lb63_s0.20_b0.10_0.90,dynamic,63.0,0.2,0.1,0.9,10_90,True,v2_selected,sp500-12m/same_sector_slide1m_noscreen,sp500-12m/same_sector_slide3m_noscreen,recent,0,2023-01-01,2023-01-01,B,0.19396515370569323,0.09425043111443965,0.07131297963779754,1.2983669970710836,-0.04352559170065118,496,1193965.153705689,193965.1537056889,830,0.5783132530120482,233.69295627191397,189.04037869974485,704692.2202506147,641616.5431257722,2553875.5908289324,0.6479861931338092,0.5765495466525175,2.2630049954472513,0.6453733455808504,2.2630049954472513,0.0003575247485393618,0.00013924380996033382,494,494,12,2.4,0.20000000000000004,0.20000000000000007,0.2157258064516129,0.3225806451612903,0.21169354838709678,5,8,4,2648547.1420309558,1345632.822160889,1.3456328221608889,23,0.0,3.055902197957039e-10
per_start,lb63_s0.20_b0.10_0.90,dynamic,63.0,0.2,0.1,0.9,10_90,True,v2_selected,sp500-12m/same_sector_slide1m_noscreen,sp500-12m/same_sector_slide3m_noscreen,recent,1,2023-02-01,2023-02-01,A,0.11376453865857572,0.058827281688275335,0.06491520781426202,0.9125277662458524,-0.036582999091279156,475,1113764.538658579,113764.53865857911,773,0.5640362225097024,147.17275376271638,323.42751198994284,611283.3124554002,545255.0198958134,2283395.84462763,0.5951627475466598,0.5353894987498372,2.174784256652527,0.5926567991359369,2.174784256652527,0.0002278375513160124,0.0002642999964261851,473,473,8,1.6,0.2,0.20000000000000007,0.0,0.6947368421052632,0.12631578947368421,0,16,3,1631679.5654280495,865648.9483955126,0.8656489483955127,23,0.0,-6.511982064694166e-10
per_start,lb63_s0.20_b0.10_0.90,dynamic,63.0,0.2,0.1,0.9,10_90,True,v2_selected,sp500-12m/same_sector_slide1m_noscreen,sp500-12m/same_sector_slide3m_noscreen,recent,1,2023-02-01,2023-02-01,B,0.09836495561972813,0.05103500263770577,0.06531082986676336,0.7942823171192583,-0.047035916363095676,475,1098364.9556197275,98364.9556197275,773,0.5640362225097024,127.25091283276463,317.5973604318924,608773.2586586867,535080.5790795019,2250917.8057848886,0.6003136214205494,0.5279055809802373,2.1683975557320427,0.5977859851198314,2.1683975557320427,0.0002117208104537203,0.00023790306449154562,473,473,8,1.6,0.2,0.20000000000000007,0.0,0.6947368421052632,0.12631578947368421,0,16,3,1614865.6335558647,856728.7150654271,0.8567287150654271,23,0.0,4.3655745685100555e-10
per_start,lb63_s0.20_b0.10_0.90,dynamic,63.0,0.2,0.1,0.9,10_90,True,v2_selected,sp500-12m/same_sector_slide1m_noscreen,sp500-12m/same_sector_slide3m_noscreen,recent,2,2023-03-01,2023-03-01,A,0.2573494163519965,0.13748058140943908,0.08676613732710829,1.527533213440179,-0.04671882106843139,448,1257349.4163519978,257349.41635199776,748,0.5935828877005348,344.05002186096306,165.19910303417404,642966.9882698023,558713.0533186189,3104165.1735815117,0.5865302647050313,0.513547053097375,2.701715705155261,0.579984168000734,2.701715705155261,0.0007894392323904228,0.00048816899608383865,443,443,14,2.8,0.2,0.20000000000000007,0.359375,0.09151785714285714,0.21428571428571427,8,2,4,3142046.887465041,1767401.3741990856,1.7674013741990857,21,0.0,-2.6193447411060333e-09
per_start,lb63_s0.20_b0.10_0.90,dynamic,63.0,0.2,0.1,0.9,10_90,True,v2_selected,sp500-12m/same_sector_slide1m_noscreen,sp500-12m/same_sector_slide3m_noscreen,recent,2,2023-03-01,2023-03-01,B,0.2547352918455419,0.13614971498024397,0.08703607326289732,1.5096086749487347,-0.04669534028616018,448,1254735.2918455421,254735.29184554215,748,0.5935828877005348,340.5552030020631,160.90633475767538,655452.8713731723,565309.7161529581,3101743.7629570747,0.5995741520927964,0.5176669571240001,2.6996250879467922,0.5928824762881894,2.6996250879467922,0.0007837236306529333,0.0004288224466782109,443,443,14,2.8,0.2,0.20000000000000007,0.359375,0.09151785714285714,0.21428571428571427,8,2,4,3142938.4392117774,1767902.8720566249,1.767902872056625,21,0.0,-1.0186340659856796e-09
per_start,lb63_s0.20_b0.10_0.90,dynamic,63.0,0.2,0.1,0.9,10_90,True,v2_selected,sp500-12m/same_sector_slide1m_noscreen,sp500-12m/same_sector_slide3m_noscreen,recent,3,2023-04-01,2023-04-01,A,0.19051024144744289,0.1078643750912256,0.07263846008807201,1.4461574748068715,-0.0337602863222064,429,1190510.2414474445,190510.24144744454,715,0.5902097902097903,266.4478901362865,390.60802515463473,688448.5238964069,627419.0513875592,2547705.4359429255,0.627278802953686,0.58254524860517,2.2708261559816014,0.6243544262499392,2.2708261559816014,0.0003839749268332424,0.0001823269345770521,427,427,12,2.4,0.20000000000000004,0.20000000000000007,0.0,0.4195804195804196,0.28205128205128205,0,9,5,2651826.545554017,1557716.2924932688,1.557716292493269,20,0.0,-2.9831426218152046e-10
per_start,lb63_s0.20_b0.10_0.90,dynamic,63.0,0.2,0.1,0.9,10_90,True,v2_selected,sp500-12m/same_sector_slide1m_noscreen,sp500-12m/same_sector_slide3m_noscreen,recent,3,2023-04-01,2023-04-01,B,0.18362166139976455,0.1040943353505499,0.0727475273250458,1.39723245020435,-0.03573259545892615,429,1183621.6613997635,183621.66139976354,715,0.5902097902097903,256.8135124472169,405.2907908387085,682791.3247257307,629384.2056682965,2531745.7779206634,0.6252796989123469,0.5861958507376062,2.2630004495961096,0.6223646420409608,2.2630004495961096,0.0003706906271740748,0.00017851396251092702,427,427,12,2.4,0.20000000000000004,0.20000000000000007,0.0,0.4195804195804196,0.28205128205128205,0,9,5,2645771.0812879154,1554159.2365607335,1.5541592365607335,20,0.0,3.448803909122944e-09
per_start,lb63_s0.20_b0.10_0.90,dynamic,63.0,0.2,0.1,0.9,10_90,True,v2_selected,sp500-12m/same_sector_slide1m_noscreen,sp500-12m/same_sector_slide3m_noscreen,recent,4,2023-05-01,2023-05-01,A,0.12921978537804546,0.07697052539021154,0.06794828078514412,1.124787735772502,-0.03379724072610202,413,1129219.7853780447,129219.7853780447,668,0.5793413173652695,193.4427924821006,376.49032668660965,617428.573062326,562464.9453586515,2315081.5779330023,0.5900566174932279,0.533094004570936,2.1747842566525275,0.5871992004593625,2.1747842566525275,0.000473499730380351,0.00048783232390347083,411,411,8,1.6,0.2,0.20000000000000007,0.0,0.6464891041162227,0.14769975786924938,0,13,3,1661324.0616513356,1013689.2579567472,1.0136892579567471,20,0.0,1.4792931324336678e-09
per_start,lb63_s0.20_b0.10_0.90,dynamic,63.0,0.2,0.1,0.9,10_90,True,v2_selected,sp500-12m/same_sector_slide1m_noscreen,sp500-12m/same_sector_slide3m_noscreen,recent,4,2023-05-01,2023-05-01,B,0.10803521416386408,0.06459696752542743,0.07099002777219207,0.916778847473225,-0.05100343072907232,413,1108035.2141638633,108035.21416386333,668,0.5793413173652695,161.72936252075544,374.51451651799687,614508.3002166133,576442.2741875377,2270735.4056062754,0.5975335608624799,0.5633399383933289,2.1683975557360804,0.5946399358704099,2.1683975557360804,0.0004430461760656227,0.00046666045335433523,411,411,8,1.6,0.2,0.20000000000000007,0.0,0.6464891041162227,0.14769975786924938,0,13,3,1638266.1957532547,999620.0516460538,0.9996200516460537,20,0.0,-1.291482476517558e-09
per_start,lb63_s0.20_b0.10_0.90,dynamic,63.0,0.2,0.1,0.9,10_90,True,v2_selected,sp500-12m/same_sector_slide1m_noscreen,sp500-12m/same_sector_slide3m_noscreen,historical,0,2014-01-01,2014-01-01,A,0.1844706639024034,0.034662770705090384,0.04614142912986885,0.7615916870905269,-0.05786860052395282,1252,1184470.663902407,184470.66390240705,2141,0.5361980382998599,86.16098267277185,82.43026347542644,685148.6281916038,647431.9993688274,2094696.9192863102,0.618663236222767,0.5850754682010325,1.7240452189442637,0.6161925363975962,1.7240452189442637,0.0002459431665622318,0.00032134420468654646,1247,1247,32,6.4,0.2,0.20000000000000007,0.19808306709265175,0.3706070287539936,0.16293929712460065,12,22,9,7189637.135639498,1447115.461806033,1.4471154618060331,59,0.0,2.5902409106492996e-09
per_start,lb63_s0.20_b0.10_0.90,dynamic,63.0,0.2,0.1,0.9,10_90,True,v2_selected,sp500-12m/same_sector_slide1m_noscreen,sp500-12m/same_sector_slide3m_noscreen,historical,0,2014-01-01,2014-01-01,B,0.19381941089993404,0.03630131999461139,0.04570882454799464,0.802988076203133,-0.057850671613542515,1252,1193819.4108999385,193819.41089993855,2141,0.5361980382998599,90.52751560015955,81.58012451713324,678681.6058256011,637149.4683494855,2071780.6894638755,0.6168898321699591,0.580000011185402,1.715852314682093,0.6144262146293442,1.715852314682093,0.00024971224694828715,0.00032431069100868166,1247,1247,32,6.4,0.2,0.20000000000000007,0.19808306709265175,0.3706070287539936,0.16293929712460065,12,22,9,7151153.720569331,1439369.5987088429,1.439369598708843,59,0.0,-3.026798367500305e-09
per_start,lb63_s0.30_b0.20_0.80,dynamic,63.0,0.3,0.2,0.8,20_80,True,v2_selected,sp500-12m/same_sector_slide1m_noscreen,sp500-12m/same_sector_slide3m_noscreen,recent,0,2023-01-01,2023-01-01,A,0.21245705259737324,0.10282832193127422,0.06937997805188116,1.4452108027318034,-0.03461325809264826,496,1212457.052597374,212457.05259737396,830,0.5783132530120482,255.972352526957,235.99999698854987,707852.794126665,632158.9781702956,2599598.6707152915,0.646942418888893,0.569057896801334,2.293623021561025,0.6443337801030508,2.293623021561025,0.0003916649505863241,0.00016378410225984744,494,494,7,2.1,0.3000000000000001,0.30000000000000004,0.3407258064516129,0.45161290322580644,0.20766129032258066,8,11,4,2342248.017054893,1190013.1054391796,1.1900131054391796,23,0.0,-3.4924596548080444e-10
per_start,lb63_s0.30_b0.20_0.80,dynamic,63.0,0.3,0.2,0.8,20_80,True,v2_selected,sp500-12m/same_sector_slide1m_noscreen,sp500-12m/same_sector_slide3m_noscreen,recent,0,2023-01-01,2023-01-01,B,0.21330669219632337,0.10322089483397545,0.06961013443525169,1.4457850962705032,-0.034868677017434124,496,1213306.6921963203,213306.69219632028,830,0.5783132530120482,256.99601469436044,249.71153166688973,704192.2433137939,632678.5442887052,2600252.370726484,0.6432049256573803,0.5617799686963377,2.28551952761601,0.6406113574087619,2.28551952761601,0.0003966627402586775,0.00015692812403900696,494,494,7,2.1,0.3000000000000001,0.30000000000000004,0.3407258064516129,0.45161290322580644,0.20766129032258066,8,11,4,2351107.103479458,1194514.0928968214,1.1945140928968216,23,0.0,1.178705133497715e-09
per_start,lb63_s0.30_b0.20_0.80,dynamic,63.0,0.3,0.2,0.8,20_80,True,v2_selected,sp500-12m/same_sector_slide1m_noscreen,sp500-12m/same_sector_slide3m_noscreen,recent,1,2023-02-01,2023-02-01,A,0.09392658617304295,0.048779655162239255,0.06540013761659087,0.7604218622059915,-0.03576546924520152,475,1093926.5861730436,93926.58617304359,773,0.5640362225097024,121.50916710613777,324.0571807224176,596026.9038237844,522997.1952395658,2188175.260085154,0.5835597165220306,0.5179293151326753,2.101490005108283,0.58110262297878,2.101490005108283,0.00019347465708042228,0.00025284683004800395,473,473,7,2.1,0.3000000000000001,0.30000000000000004,0.042105263157894736,0.7410526315789474,0.2168421052631579,1,17,5,2141117.7911074213,1135919.3333875162,1.1359193333875162,23,0.0,-9.258656064048409e-10
per_start,lb63_s0.30_b0.20_0.80,dynamic,63.0,0.3,0.2,0.8,20_80,True,v2_selected,sp500-12m/same_sector_slide1m_noscreen,sp500-12m/same_sector_slide3m_noscreen,recent,1,2023-02-01,2023-02-01,B,0.07885141517676453,0.04108697984740184,0.06595410678003881,0.642954268624134,-0.046785031553681966,475,1078851.4151767646,78851.4151767646,773,0.5640362225097024,102.00700540331742,320.2963014438488,596853.0151533816,523070.5246666212,2156910.2003345545,0.5917438327842146,0.5184552263004797,2.0959794846223407,0.5892522798040706,2.0959794846223407,0.00017400676651035623,0.0002783857864151557,473,473,7,2.1,0.3000000000000001,0.30000000000000004,0.042105263157894736,0.7410526315789474,0.2168421052631579,1,17,5,2118256.2074034945,1123790.661611959,1.1237906616119593,23,0.0,2.4374458007514477e-10
per_start,lb63_s0.30_b0.20_0.80,dynamic,63.0,0.3,0.2,0.8,20_80,True,v2_selected,sp500-12m/same_sector_slide1m_noscreen,sp500-12m/same_sector_slide3m_noscreen,recent,2,2023-03-01,2023-03-01,A,0.26122492335851,0.1394513996370974,0.08428770647440754,1.5905379912116155,-0.04466057560971026,448,1261224.9233585084,261224.9233585084,748,0.5935828877005348,349.2311809605671,251.85990902995752,653303.8230478596,561415.8193205907,3070485.2690425087,0.5918850272210048,0.5174881004789808,2.651202150127814,0.5852791675421989,2.651202150127814,0.0007525726015676512,0.0004547592436658247,443,443,9,2.7,0.30000000000000004,0.30000000000000004,0.5022321428571429,0.234375,0.26339285714285715,11,5,5,3091689.077208104,1739075.1059295586,1.7390751059295586,21,0.0,4.132743924856186e-09
per_start,lb63_s0.30_b0.20_0.80,dynamic,63.0,0.3,0.2,0.8,20_80,True,v2_selected,sp500-12m/same_sector_slide1m_noscreen,sp500-12m/same_sector_slide3m_noscreen,recent,2,2023-03-01,2023-03-01,B,0.2575434963046004,0.13757934037849684,0.0845365297214135,1.5666449882648064,-0.044583092309033345,448,1257543.4963046024,257543.49630460236,748,0.5935828877005348,344.3094870382405,246.52411447846396,663913.6909692115,569345.5966677422,3066341.915738918,0.6038136495105115,0.5258355010014573,2.6487062815424256,0.5970746578865104,2.6487062815424256,0.0007466811424191917,0.0004525753887283917,443,443,9,2.7,0.30000000000000004,0.30000000000000004,0.5022321428571429,0.234375,0.26339285714285715,11,5,5,3090892.6733631874,1738627.128766793,1.738627128766793,21,0.0,-1.57160684466362e-09
per_start,lb63_s0.30_b0.20_0.80,dynamic,63.0,0.3,0.2,0.8,20_80,True,v2_selected,sp500-12m/same_sector_slide1m_noscreen,sp500-12m/same_sector_slide3m_noscreen,recent,3,2023-04-01,2023-04-01,A,0.2004206246564475,0.11327246149428283,0.0721954381198871,1.5221076590217626,-0.03483603174624261,429,1200420.6246564474,200420.62465644744,715,0.5902097902097903,280.3085659530755,348.85795209283685,692811.765816408,626513.3839741622,2573791.6683077756,0.629708004544555,0.5683104357724996,2.2936230215610247,0.6267723028916666,2.2936230215610247,0.00037827958948222386,0.00015793697634703888,427,427,9,2.7,0.30000000000000004,0.30000000000000004,0.19347319347319347,0.5221445221445221,0.28438228438228436,4,11,5,2971629.611568688,1745572.638963425,1.745572638963425,20,0.0,-1.5133991837501526e-09
per_start,lb63_s0.30_b0.20_0.80,dynamic,63.0,0.3,0.2,0.8,20_80,True,v2_selected,sp500-12m/same_sector_slide1m_noscreen,sp500-12m/same_sector_slide3m_noscreen,recent,3,2023-04-01,2023-04-01,B,0.19264877179006223,0.10903293584694884,0.07220283879928267,1.469104914559298,-0.0369837444314447,429,1192648.7717900635,192648.77179006347,715,0.5902097902097903,269.4388416644251,364.0054823437143,686562.499153426,631009.0022902725,2555980.1295394185,0.6275081550950813,0.5653159660141215,2.2855195276158997,0.6245827091505821,2.2855195276158997,0.0003667038955668811,0.00014770161135584442,427,427,9,2.7,0.30000000000000004,0.30000000000000004,0.19347319347319347,0.5221445221445221,0.28438228438228436,4,11,5,2964076.1440799506,1741135.637081929,1.741135637081929,20,0.0,-5.311449058353901e-10
per_start,lb63_s0.30_b0.20_0.80,dynamic,63.0,0.3,0.2,0.8,20_80,True,v2_selected,sp500-12m/same_sector_slide1m_noscreen,sp500-12m/same_sector_slide3m_noscreen,recent,4,2023-05-01,2023-05-01,A,0.11302613548819318,0.0675203269176532,0.06795671430080083,0.9949216420774829,-0.035253159905917264,413,1113026.135488196,113026.13548819604,668,0.5793413173652695,169.20080162903636,362.6634296072939,598301.0423326717,522371.5118258945,2226379.982246992,0.5738535576752535,0.513991344771201,2.101490005108283,0.5710746058221047,2.101490005108283,0.0004450042488786692,0.0004796501361091363,411,411,7,2.1,0.3000000000000001,0.30000000000000004,0.048426150121065374,0.6997578692493946,0.25181598062953997,1,14,5,2185744.467126586,1333674.5901111374,1.3336745901111373,20,0.0,-2.510205376893282e-10
per_start,lb63_s0.30_b0.20_0.80,dynamic,63.0,0.3,0.2,0.8,20_80,True,v2_selected,sp500-12m/same_sector_slide1m_noscreen,sp500-12m/same_sector_slide3m_noscreen,recent,4,2023-05-01,2023-05-01,B,0.08997514610152346,0.05397537662504859,0.07139263087184157,0.7715210152202272,-0.050924274771461775,413,1089975.1461015241,89975.14610152412,668,0.5793413173652695,134.69333248731212,354.73571432561516,598320.9946989985,554192.8561166892,2179149.4896071604,0.5847747684042863,0.5443595265841868,2.0959794846283324,0.5819429293321106,2.0959794846283324,0.00040828972178001623,0.0004352634827711389,411,411,7,2.1,0.3000000000000001,0.30000000000000004,0.048426150121065374,0.6997578692493946,0.25181598062953997,1,14,5,2151364.0452892287,1312696.7056002074,1.3126967056002075,20,0.0,-3.4560798667371273e-10
per_start,lb63_s0.30_b0.20_0.80,dynamic,63.0,0.3,0.2,0.8,20_80,True,v2_selected,sp500-12m/same_sector_slide1m_noscreen,sp500-12m/same_sector_slide3m_noscreen,historical,0,2014-01-01,2014-01-01,A,0.15498204697842466,0.02942572061696458,0.04571511303790299,0.657258666955432,-0.057645419253950725,1252,1154982.0469784257,154982.0469784257,2141,0.5361980382998599,72.38769125568635,128.514583276138,679053.3467334635,652017.4546453294,1986872.632727419,0.6233330514498171,0.5834602700096,1.68227754566647,0.620843702202813,1.68227754566647,0.0002116601352141456,0.00032819598477673296,1247,1247,23,6.9,0.3,0.30000000000000004,0.3330670926517572,0.4544728434504792,0.2124600638977636,20,27,12,7559432.534446946,1521547.1235468294,1.5215471235468294,59,0.0,1.1932570487260818e-09
per_start,lb63_s0.30_b0.20_0.80,dynamic,63.0,0.3,0.2,0.8,20_80,True,v2_selected,sp500-12m/same_sector_slide1m_noscreen,sp500-12m/same_sector_slide3m_noscreen,historical,0,2014-01-01,2014-01-01,B,0.16126192647392257,0.030549875927063708,0.04540922144719852,0.6854161022854571,-0.056849638405539915,1252,1161261.9264739235,161261.9264739235,2141,0.5361980382998599,75.32084375241492,126.59870740181881,672893.14177909,638882.4689694913,1964101.704726836,0.6222292497598995,0.5803253126499645,1.6748830133669703,0.6197443086666091,1.6748830133669703,0.00021316484773255487,0.00032195566740514516,1247,1247,23,6.9,0.3,0.30000000000000004,0.3330670926517572,0.4544728434504792,0.2124600638977636,20,27,12,7514036.798566346,1512409.9626507342,1.5124099626507341,59,0.0,3.2014213502407074e-09
per_start,lb63_s0.40_b0.10_0.90,dynamic,63.0,0.4,0.1,0.9,10_90,True,v2_selected,sp500-12m/same_sector_slide1m_noscreen,sp500-12m/same_sector_slide3m_noscreen,recent,0,2023-01-01,2023-01-01,A,0.21213957379133097,0.10268159726739445,0.07128236567114561,1.4066011429575391,-0.032000433551497065,496,1212139.573791331,212139.5737913309,830,0.5783132530120482,255.5898479413678,129.91837236191125,708231.2769268537,641924.7458929298,2589238.822605654,0.6453133896780592,0.5715049837020298,2.2708261559816023,0.6427113195583897,2.2708261559816023,0.0004022969300103628,0.0001964693055982121,494,494,7,2.8000000000000003,0.39999999999999997,0.4,0.3407258064516129,0.45161290322580644,0.20766129032258066,8,11,4,3128055.346511929,1589253.9260504155,1.5892539260504155,23,0.0,-4.380126483738422e-09
per_start,lb63_s0.40_b0.10_0.90,dynamic,63.0,0.4,0.1,0.9,10_90,True,v2_selected,sp500-12m/same_sector_slide1m_noscreen,sp500-12m/same_sector_slide3m_noscreen,recent,0,2023-01-01,2023-01-01,B,0.2123179432184421,0.10276403405499135,0.07141106690436519,1.4052503142860289,-0.0322069071989618,496,1212317.943218442,212317.9432184419,830,0.5783132530120482,255.80475086558994,132.82615196746877,701055.7555462653,637208.9434590787,2588993.9969328325,0.6386167138231734,0.5549525966084781,2.263000418320704,0.6360416464287253,2.263000418320704,0.00040724532344307715,0.00018714635317714534,494,494,7,2.8000000000000003,0.39999999999999997,0.4,0.3407258064516129,0.45161290322580644,0.20766129032258066,8,11,4,3138735.5649387664,1594680.1660575992,1.594680166057599,23,0.0,2.2992026060819626e-09
per_start,lb63_s0.40_b0.10_0.90,dynamic,63.0,0.4,0.1,0.9,10_90,True,v2_selected,sp500-12m/same_sector_slide1m_noscreen,sp500-12m/same_sector_slide3m_noscreen,recent,1,2023-02-01,2023-02-01,A,0.10165029175595763,0.05270168432511446,0.06504550929861405,0.8216100165442024,-0.03475292492712412,475,1101650.291755955,101650.29175595497,773,0.5640362225097024,131.50102426385433,259.50635092629136,603184.0967358354,529772.2796849699,2272028.1087011783,0.5877137082539877,0.5136993400449679,2.1747833916588166,0.5852391242192342,2.1747833916588166,0.00019117312629653513,0.00020306492823885707,473,473,7,2.8000000000000003,0.39999999999999997,0.4,0.042105263157894736,0.7410526315789474,0.2168421052631579,1,17,5,2864266.7821419938,1519568.903367963,1.519568903367963,23,0.0,-4.449248081073165e-09
per_start,lb63_s0.40_b0.10_0.90,dynamic,63.0,0.4,0.1,0.9,10_90,True,v2_selected,sp500-12m/same_sector_slide1m_noscreen,sp500-12m/same_sector_slide3m_noscreen,recent,1,2023-02-01,2023-02-01,B,0.08496642473322136,0.044213439550859546,0.06568544515127218,0.6909743833499125,-0.04489055298882105,475,1084966.4247332208,84966.42473322083,773,0.5640362225097024,109.91775515294052,252.93028543790402,603641.6984574373,518273.6734740882,2237418.8758775876,0.5963610564903786,0.5220157945169812,2.169216151661848,0.5938500625683137,2.169216151661848,0.00016803870498694338,0.00022018424263726304,473,473,7,2.8000000000000003,0.39999999999999997,0.4,0.042105263157894736,0.7410526315789474,0.2168421052631579,1,17,5,2831036.79351835,1501939.5199297352,1.5019395199297352,23,0.0,-2.1864252630621195e-09
per_start,lb63_s0.40_b0.10_0.90,dynamic,63.0,0.4,0.1,0.9,10_90,True,v2_selected,sp500-12m/same_sector_slide1m_noscreen,sp500-12m/same_sector_slide3m_noscreen,recent,2,2023-03-01,2023-03-01,A,0.26511074282743774,0.1414248038072048,0.08720198038403008,1.5600561733458034,-0.04671882106843128,448,1265110.742827437,265110.7428274369,748,0.5935828877005348,354.42612677465,136.69577081025582,659097.9625035253,552212.2135362542,3139764.588035933,0.5969582210627267,0.5135470509730838,2.7017157051552614,0.5902957409169373,2.7017157051552614,0.0007763723640777595,0.00047965013610844985,443,443,9,3.6,0.4,0.4,0.5022321428571429,0.234375,0.26339285714285715,11,5,5,4126202.387846244,2320988.843163512,2.3209888431635126,21,0.0,-1.3387762010097504e-09
per_start,lb63_s0.40_b0.10_0.90,dynamic,63.0,0.4,0.1,0.9,10_90,True,v2_selected,sp500-12m/same_sector_slide1m_noscreen,sp500-12m/same_sector_slide3m_noscreen,recent,2,2023-03-01,2023-03-01,B,0.260660428566293,0.13916450115139556,0.08744723722956256,1.5332464258066223,-0.046695340104808025,448,1260660.428566292,260660.42856629193,748,0.5935828877005348,348.47650877846735,136.21031368141098,671941.6629719206,567285.8315721069,3134533.2380286474,0.6111329152284906,0.5259369769409309,2.699625088099799,0.6043122353710297,2.699625088099799,0.0007679131450396638,0.0004287803179015686,443,443,9,3.6,0.4,0.4,0.5022321428571429,0.234375,0.26339285714285715,11,5,5,4123405.251511762,2319415.4539753664,2.319415453975366,21,0.0,-1.6880221664905548e-09
per_start,lb63_s0.40_b0.10_0.90,dynamic,63.0,0.4,0.1,0.9,10_90,True,v2_selected,sp500-12m/same_sector_slide1m_noscreen,sp500-12m/same_sector_slide3m_noscreen,recent,3,2023-04-01,2023-04-01,A,0.19295767532492447,0.1092016590465481,0.0734150029513243,1.4480727340510127,-0.03225101145579845,429,1192957.6753249236,192957.6753249236,715,0.5902097902097903,269.8708745803118,191.34822814911487,688036.3920646628,631303.8992113585,2548264.5674337386,0.6266650707287442,0.570391378556403,2.2708261559816005,0.6237435552474914,2.2708261559816005,0.00037322840988324006,0.0001874464717377736,427,427,9,3.6,0.4,0.4,0.19347319347319347,0.5221445221445221,0.28438228438228436,4,11,5,3950633.6794313868,2320651.9515541014,2.320651951554101,20,0.0,7.130438461899757e-10
per_start,lb63_s0.40_b0.10_0.90,dynamic,63.0,0.4,0.1,0.9,10_90,True,v2_selected,sp500-12m/same_sector_slide1m_noscreen,sp500-12m/same_sector_slide3m_noscreen,recent,3,2023-04-01,2023-04-01,B,0.18461519414327054,0.10463864186200378,0.073310850506462,1.3937850360374868,-0.034507966538289914,429,1184615.1941432701,184615.19414327014,715,0.5902097902097903,258.2030687318484,215.2278859068719,678952.0902340898,627374.0066126827,2529832.741871328,0.6220535901992275,0.5650256782080493,2.2630004183205306,0.619153573461702,2.2630004183205306,0.0003654625076267084,0.00019358304802944695,427,427,9,3.6,0.4,0.4,0.19347319347319347,0.5221445221445221,0.28438228438228436,4,11,5,3939152.612746067,2313907.828466221,2.313907828466221,20,0.0,-1.4551915228366852e-09
per_start,lb63_s0.40_b0.10_0.90,dynamic,63.0,0.4,0.1,0.9,10_90,True,v2_selected,sp500-12m/same_sector_slide1m_noscreen,sp500-12m/same_sector_slide3m_noscreen,recent,4,2023-05-01,2023-05-01,A,0.11797441067578451,0.07041366641818536,0.06756058098179794,1.0404343255613147,-0.03334928174757634,413,1117974.4106757808,117974.41067578085,668,0.5793413173652695,176.60839921524217,302.34134388958046,606111.2245501158,542812.4731906063,2305694.742580518,0.5796514858995844,0.513991344771201,2.174783391658816,0.5768444569121772,2.174783391658816,0.00043481321826531043,0.00046445528137759555,411,411,7,2.8000000000000003,0.39999999999999997,0.4,0.048426150121065374,0.6997578692493946,0.25181598062953997,1,14,5,2917403.888174018,1780110.8470214347,1.7801108470214349,20,0.0,-9.313225746154785e-10
per_start,lb63_s0.40_b0.10_0.90,dynamic,63.0,0.4,0.1,0.9,10_90,True,v2_selected,sp500-12m/same_sector_slide1m_noscreen,sp500-12m/same_sector_slide3m_noscreen,recent,4,2023-05-01,2023-05-01,B,0.09142412847075021,0.05483007914120441,0.07131750679149093,0.7836301432536524,-0.05098576066514093,413,1091424.1284707477,91424.12847074773,668,0.5793413173652695,136.86246777057812,305.04155892626505,605427.0645595236,561357.2732966888,2250735.9591672067,0.5916298900446267,0.5468385288209767,2.1692161516682975,0.5887648542574857,2.1692161516682975,0.0003917278652222604,0.0004367121725786897,411,411,7,2.8000000000000003,0.39999999999999997,0.4,0.048426150121065374,0.6997578692493946,0.25181598062953997,1,14,5,2864613.6816355847,1747899.8735403568,1.7478998735403568,20,0.0,1.558873918838799e-09
per_start,lb63_s0.40_b0.10_0.90,dynamic,63.0,0.4,0.1,0.9,10_90,True,v2_selected,sp500-12m/same_sector_slide1m_noscreen,sp500-12m/same_sector_slide3m_noscreen,historical,0,2014-01-01,2014-01-01,A,0.1691686367808689,0.03195836396434415,0.04616706743285294,0.7044967556544418,-0.05980541959486896,1252,1169168.6367808746,169168.63678087457,2141,0.5361980382998599,79.01384249457078,69.87457012042819,680063.3856579043,636267.760425651,2037335.8814364397,0.6204685794329046,0.5816348034344533,1.7071483879506115,0.6179906697706327,1.7071483879506115,0.0002288740956489533,0.00027734644036862843,1247,1247,23,9.200000000000001,0.40000000000000013,0.4,0.3330670926517572,0.4544728434504792,0.2124600638977636,20,27,12,10142264.443555238,2041414.2490223001,2.0414142490223,59,0.0,-1.4260876923799515e-09
per_start,lb63_s0.40_b0.10_0.90,dynamic,63.0,0.4,0.1,0.9,10_90,True,v2_selected,sp500-12m/same_sector_slide1m_noscreen,sp500-12m/same_sector_slide3m_noscreen,historical,0,2014-01-01,2014-01-01,B,0.17581328065675672,0.03313615833248651,0.0458426852359288,0.7340406480954268,-0.05981781873625813,1252,1175813.2806567582,175813.28065675823,2141,0.5361980382998599,82.11736602370748,69.04096282363895,672458.4811345808,628630.2897150714,2011343.7547479137,0.6189112611939439,0.5756622466890139,1.699572176479351,0.6164395708537125,1.699572176479351,0.00023007919734626433,0.00027471254591245736,1247,1247,23,9.200000000000001,0.40000000000000013,0.4,0.3330670926517572,0.4544728434504792,0.2124600638977636,20,27,12,10069767.048009755,2026822.1214843916,2.0268221214843916,59,0.0,5.238689482212067e-10
per_start,lb84_s0.10_b0.40_0.60,dynamic,84.0,0.1,0.4,0.6,40_60,True,v2_selected,sp500-12m/same_sector_slide1m_noscreen,sp500-12m/same_sector_slide3m_noscreen,recent,0,2023-01-01,2023-01-01,A,0.21086494679328593,0.1020923306380963,0.06665185444376391,1.4916552719953247,-0.03985273528409827,496,1210864.9467932861,210864.94679328613,830,0.5783132530120482,254.05415276299595,355.8791644575042,706501.7928391027,629115.6008264577,2619297.7707111044,0.6498872090960565,0.5689400059563001,2.3390973401436645,0.6472666961561528,2.3390973401436645,0.00036472061246061024,0.00024418903993598173,494,494,7,0.6999999999999998,0.09999999999999998,0.09999999999999998,0.38306451612903225,0.4092741935483871,0.20766129032258066,9,10,4,778307.5239971951,395430.4355792201,0.3954304355792201,23,0.0,-5.238689482212067e-10
per_start,lb84_s0.10_b0.40_0.60,dynamic,84.0,0.1,0.4,0.6,40_60,True,v2_selected,sp500-12m/same_sector_slide1m_noscreen,sp500-12m/same_sector_slide3m_noscreen,recent,0,2023-01-01,2023-01-01,B,0.21312138604840425,0.10313528633272884,0.06708756282261964,1.4965136989284786,-0.04021123956946526,496,1213121.3860484024,213121.3860484024,830,0.5783132530120482,256.7727542751847,369.5504477525239,709962.6723849974,633563.9365678793,2622754.6049781893,0.6521434120160262,0.5904900937665797,2.3313089719652154,0.6495138014837034,2.3313089719652154,0.0003730591394976043,0.00024383024628876445,494,494,7,0.6999999999999998,0.09999999999999998,0.09999999999999998,0.38306451612903225,0.4092741935483871,0.20766129032258066,9,10,4,781828.0777763199,397219.1040315174,0.3972191040315174,23,0.0,-8.440110832452774e-10
per_start,lb84_s0.10_b0.40_0.60,dynamic,84.0,0.1,0.4,0.6,40_60,True,v2_selected,sp500-12m/same_sector_slide1m_noscreen,sp500-12m/same_sector_slide3m_noscreen,recent,1,2023-02-01,2023-02-01,A,0.08159866385651937,0.042492609568783424,0.0669326561662086,0.6546742890276138,-0.04715526069818643,475,1081598.663856522,81598.66385652195,773,0.5640362225097024,105.56101404465778,325.926578173543,583057.4985842459,519250.2435342167,2021529.7738637936,0.5762548568102454,0.5049515754731699,1.9557040181970111,0.5738285205710445,1.9557040181970111,0.00020561403101782135,0.00030221580734015,473,473,5,0.4999999999999999,0.09999999999999998,0.09999999999999998,0.042105263157894736,0.7894736842105263,0.16842105263157894,1,18,4,495378.44099213474,262811.29922109045,0.2628112992210904,23,0.0,1.4770193956792355e-09
per_start,lb84_s0.10_b0.40_0.60,dynamic,84.0,0.1,0.4,0.6,40_60,True,v2_selected,sp500-12m/same_sector_slide1m_noscreen,sp500-12m/same_sector_slide3m_noscreen,recent,1,2023-02-01,2023-02-01,B,0.06969293108803298,0.0363888601619784,0.06732611728926398,0.5640156310360417,-0.05609038114794662,475,1069692.9310880331,69692.93108803313,773,0.5640362225097024,90.15903116175073,318.9664954525923,584463.5169596552,521219.02416248235,1996963.680399837,0.5834576906984323,0.513534641859661,1.9557040181970111,0.5810010267375968,1.9557040181970111,0.00019348460446022916,0.0002638302269040523,473,473,5,0.4999999999999999,0.09999999999999998,0.09999999999999998,0.042105263157894736,0.7894736842105263,0.16842105263157894,1,18,4,491214.7203494327,260602.33584854114,0.26060233584854114,23,0.0,-1.7826096154749393e-10
per_start,lb84_s0.10_b0.40_0.60,dynamic,84.0,0.1,0.4,0.6,40_60,True,v2_selected,sp500-12m/same_sector_slide1m_noscreen,sp500-12m/same_sector_slide3m_noscreen,recent,2,2023-03-01,2023-03-01,A,0.24793424090067506,0.13268156412409038,0.07868540346661335,1.6223074229609487,-0.04162636405634612,448,1247934.240900678,247934.2409006781,748,0.5935828877005348,331.4628889046511,430.08435078750915,641668.8477898196,556823.5220217552,2933143.285433097,0.58197166857582,0.5119004274056386,2.5502499969383727,0.5754764490604648,2.5502499969383727,0.0006854541499504482,0.0004231128292407288,443,443,9,0.8999999999999998,0.09999999999999998,0.09999999999999998,0.40401785714285715,0.3325892857142857,0.26339285714285715,9,7,5,1028348.2500605918,578445.8906590829,0.5784458906590829,21,0.0,-9.313225746154785e-10
per_start,lb84_s0.10_b0.40_0.60,dynamic,84.0,0.1,0.4,0.6,40_60,True,v2_selected,sp500-12m/same_sector_slide1m_noscreen,sp500-12m/same_sector_slide3m_noscreen,recent,2,2023-03-01,2023-03-01,B,0.24584113774889738,0.13161253698534447,0.07891251685861632,1.6058958675898796,-0.04150332183455718,448,1245841.1377488982,245841.13774889824,748,0.5935828877005348,328.66462265895694,409.18106598718634,647837.974802159,567668.9614436236,2930780.7995530628,0.58938634365805,0.5191608118153547,2.546809984925793,0.5828083710725807,2.546809984925793,0.0006839800986336271,0.00042662394366903137,443,443,9,0.8999999999999998,0.09999999999999998,0.09999999999999998,0.40401785714285715,0.3325892857142857,0.26339285714285715,9,7,5,1028933.5664607533,578775.1311341738,0.5787751311341738,21,0.0,-1.4842953532934189e-09
per_start,lb84_s0.10_b0.40_0.60,dynamic,84.0,0.1,0.4,0.6,40_60,True,v2_selected,sp500-12m/same_sector_slide1m_noscreen,sp500-12m/same_sector_slide3m_noscreen,recent,3,2023-04-01,2023-04-01,A,0.21331455592903814,0.12028117116534731,0.07081017353005105,1.6392301744242794,-0.04002010274085832,429,1213314.5559290403,213314.5559290403,715,0.5902097902097903,298.3420362643866,412.18534478792975,701783.6156129304,627772.3734766112,2624596.6735865907,0.6354364170203608,0.5607381876885482,2.339097340143665,0.6324740094818043,2.339097340143665,0.00038308942375815354,0.00018232693457690847,427,427,9,0.8999999999999998,0.09999999999999998,0.09999999999999998,0.24242424242424243,0.4731934731934732,0.28438228438228436,5,10,5,996460.5875571613,585333.4919916192,0.5853334919916193,20,0.0,3.8708094507455826e-09
per_start,lb84_s0.10_b0.40_0.60,dynamic,84.0,0.1,0.4,0.6,40_60,True,v2_selected,sp500-12m/same_sector_slide1m_noscreen,sp500-12m/same_sector_slide3m_noscreen,recent,3,2023-04-01,2023-04-01,B,0.20680626615398978,0.11674734414321364,0.07108416398939589,1.5887286466418382,-0.04196100048396201,429,1206806.266153991,206806.266153991,715,0.5902097902097903,289.2395330825026,411.0475312915833,701447.1169465701,643443.11441461,2609101.3877696395,0.6381865895251383,0.5937697603746867,2.3313089719652176,0.6352113606695433,2.3313089719652176,0.00036447851701095396,0.0001817200820497225,427,427,9,0.8999999999999998,0.09999999999999998,0.09999999999999998,0.24242424242424243,0.4731934731934732,0.28438228438228436,5,10,5,994669.9936464858,584281.6745895442,0.5842816745895442,20,0.0,1.6443664208054543e-09
per_start,lb84_s0.10_b0.40_0.60,dynamic,84.0,0.1,0.4,0.6,40_60,True,v2_selected,sp500-12m/same_sector_slide1m_noscreen,sp500-12m/same_sector_slide3m_noscreen,recent,4,2023-05-01,2023-05-01,A,0.10625937378284633,0.06355555732574181,0.06953885292742626,0.9203215021559802,-0.03905632963605743,413,1106259.3737828508,106259.3737828508,668,0.5793413173652695,159.07091883660388,385.6876803107125,584183.8186557374,517933.3729630329,2067621.1393828122,0.5634200358357366,0.5089798168366548,1.954632534018219,0.5606916095120769,1.954632534018219,0.0004756026458144479,0.00047965013610909473,411,411,5,0.4999999999999999,0.09999999999999998,0.09999999999999998,0.048426150121065374,0.7554479418886199,0.19612590799031476,1,15,4,508563.76889509556,310310.0962749736,0.3103100962749736,20,0.0,-5.820766091346741e-10
per_start,lb84_s0.10_b0.40_0.60,dynamic,84.0,0.1,0.4,0.6,40_60,True,v2_selected,sp500-12m/same_sector_slide1m_noscreen,sp500-12m/same_sector_slide3m_noscreen,recent,4,2023-05-01,2023-05-01,B,0.09015172237084923,0.05407955629640426,0.0722609126932578,0.7644726485532765,-0.051082560116125664,413,1090151.7223708502,90151.72237085016,668,0.5793413173652695,134.95766821983355,377.5700264909396,585466.1855008975,542398.3101796058,2035157.3170531807,0.5722382208609496,0.5357565473284406,1.949633556699736,0.5694670914621072,1.949633556699736,0.0004501643985904587,0.00047161713234650406,411,411,5,0.4999999999999999,0.09999999999999998,0.09999999999999998,0.048426150121065374,0.7554479418886199,0.19612590799031476,1,15,4,503503.8754309275,307222.7036527693,0.3072227036527693,20,0.0,1.3405951904132962e-09
per_start,lb84_s0.10_b0.40_0.60,dynamic,84.0,0.1,0.4,0.6,40_60,True,v2_selected,sp500-12m/same_sector_slide1m_noscreen,sp500-12m/same_sector_slide3m_noscreen,historical,0,2014-01-01,2014-01-01,A,0.13174023211749364,0.025222283002711343,0.04571136504155171,0.5678061262138638,-0.06008022136590008,1252,1131740.2321174943,131740.23211749434,2141,0.5361980382998599,61.532102810600776,161.24676654471156,679375.975790497,651640.4617641452,1964738.8034228797,0.6285902273408605,0.6077493967413877,1.7285297766818393,0.6260798829824704,1.7285297766818393,0.00018311608025197335,0.00029110098675454507,1247,1247,15,1.4999999999999996,0.1,0.09999999999999998,0.3801916932907348,0.4720447284345048,0.1477635782747604,23,28,8,1681207.875359507,338390.0835388145,0.3383900835388145,59,0.0,-1.979060471057892e-09
per_start,lb84_s0.10_b0.40_0.60,dynamic,84.0,0.1,0.4,0.6,40_60,True,v2_selected,sp500-12m/same_sector_slide1m_noscreen,sp500-12m/same_sector_slide3m_noscreen,historical,0,2014-01-01,2014-01-01,B,0.13726476013381927,0.026227633930463234,0.04544426543048837,0.5924438082690756,-0.05999032904069013,1252,1137264.760133821,137264.76013382105,2141,0.5361980382998599,64.11245218767915,160.031360042343,676174.8942450265,641176.4066449741,1912101.2134795403,0.6285763272619493,0.6024240346270019,1.7305360247832087,0.6260660384150566,1.7305360247832087,0.00018504907276133684,0.0002762457074605012,1247,1247,15,1.4999999999999996,0.1,0.09999999999999998,0.3801916932907348,0.4720447284345048,0.1477635782747604,23,28,8,1674396.9488408463,337019.1941756336,0.3370191941756336,59,0.0,-1.4551915228366852e-11
per_start,lb84_s0.10_b0.30_0.70,dynamic,84.0,0.1,0.3,0.7,30_70,True,v2_selected,sp500-12m/same_sector_slide1m_noscreen,sp500-12m/same_sector_slide3m_noscreen,recent,0,2023-01-01,2023-01-01,A,0.2004705876362185,0.09727552850151011,0.06826350613948548,1.3937978399865778,-0.042843370443072404,496,1200470.5876362205,200470.5876362205,830,0.5783132530120482,241.53082847737278,316.29004794878887,708384.9185222329,636881.7612539241,2590041.5763403038,0.6530105946777139,0.571486622063747,2.316380055892999,0.6503774874411102,2.316380055892999,0.00033242500092871746,0.00014782719119626304,494,494,14,1.3999999999999997,0.09999999999999999,0.10000000000000003,0.25806451612903225,0.23790322580645162,0.2157258064516129,6,6,4,1557238.369305559,791177.5585987921,0.7911775585987921,23,0.0,1.0913936421275139e-09
per_start,lb84_s0.10_b0.30_0.70,dynamic,84.0,0.1,0.3,0.7,30_70,True,v2_selected,sp500-12m/same_sector_slide1m_noscreen,sp500-12m/same_sector_slide3m_noscreen,recent,0,2023-01-01,2023-01-01,B,0.20336246610892306,0.09861769370019235,0.06868038377554236,1.4035662552288148,-0.04320590942225211,496,1203362.4661089214,203362.46610892145,830,0.5783132530120482,245.01501940834052,330.76803967908074,711104.4019606436,640502.3487768203,2593672.755360468,0.6543762704250465,0.5813440081057482,2.308290962335199,0.6517376564313971,2.308290962335199,0.00034223183552637755,0.00014319731313788391,494,494,14,1.3999999999999997,0.09999999999999999,0.10000000000000003,0.25806451612903225,0.23790322580645162,0.2157258064516129,6,6,4,1564541.319312685,794887.9283604771,0.7948879283604771,23,0.0,-1.1932570487260818e-09
per_start,lb84_s0.10_b0.30_0.70,dynamic,84.0,0.1,0.3,0.7,30_70,True,v2_selected,sp500-12m/same_sector_slide1m_noscreen,sp500-12m/same_sector_slide3m_noscreen,recent,1,2023-02-01,2023-02-01,A,0.09535130941996828,0.04950409247429244,0.06603327907424066,0.7642177726032203,-0.044713944897338154,475,1095351.3094199677,95351.3094199677,773,0.5640362225097024,123.35227609310546,365.3523706671975,594100.5757645187,534734.7474561639,2109889.510874657,0.5841157356372453,0.5103361955235957,2.0281067836169155,0.581656300960878,2.0281067836169155,0.00021814664905231722,0.0003244589761499612,473,473,6,0.5999999999999999,0.09999999999999998,0.09999999999999998,0.0,0.7431578947368421,0.12631578947368421,0,17,3,594247.8839819181,315264.1405546176,0.3152641405546176,23,0.0,-2.8448994271457195e-09
per_start,lb84_s0.10_b0.30_0.70,dynamic,84.0,0.1,0.3,0.7,30_70,True,v2_selected,sp500-12m/same_sector_slide1m_noscreen,sp500-12m/same_sector_slide3m_noscreen,recent,1,2023-02-01,2023-02-01,B,0.08247451482728918,0.042940386238584205,0.06639391295417074,0.6659261746908198,-0.053893024834182346,475,1082474.5148272899,82474.51482728985,773,0.5640362225097024,106.69406834060726,358.5303583939539,593752.6100817296,527698.0564950483,2082858.8218263146,0.5900654725975074,0.5144993055261613,2.0222733407717626,0.5875809863970969,2.0222733407717626,0.00020572142125289345,0.0002706294839752403,473,473,6,0.5999999999999999,0.09999999999999998,0.09999999999999998,0.0,0.7431578947368421,0.12631578947368421,0,17,3,589056.7666859754,312510.1162207701,0.31251011622077013,23,0.0,4.420144250616431e-10
per_start,lb84_s0.10_b0.30_0.70,dynamic,84.0,0.1,0.3,0.7,30_70,True,v2_selected,sp500-12m/same_sector_slide1m_noscreen,sp500-12m/same_sector_slide3m_noscreen,recent,2,2023-03-01,2023-03-01,A,0.24202270455795816,0.12966029201598284,0.08076505189198273,1.5494507585089643,-0.043142652943197746,448,1242022.7045579588,242022.70455795876,748,0.5935828877005348,323.55976545181943,401.5887014154163,643185.6521381765,553728.5168612726,2984529.9192831675,0.5851075617180751,0.5096443054059939,2.60071359840563,0.5785773433953286,2.60071359840563,0.0006721499742606957,0.00041897534896653745,443,443,14,1.3999999999999997,0.09999999999999999,0.10000000000000003,0.27232142857142855,0.18973214285714285,0.203125,6,4,4,1570695.224730489,883516.0639109001,0.8835160639109001,21,0.0,-2.2118911147117615e-09
per_start,lb84_s0.10_b0.30_0.70,dynamic,84.0,0.1,0.3,0.7,30_70,True,v2_selected,sp500-12m/same_sector_slide1m_noscreen,sp500-12m/same_sector_slide3m_noscreen,recent,2,2023-03-01,2023-03-01,B,0.23966877075721693,0.12845549112980725,0.08098337877664805,1.5323106351973126,-0.043042419185514214,448,1239668.770757215,239668.7707572151,748,0.5935828877005348,320.4127951299665,401.29327631018236,648077.7489454,570038.1803253798,2982696.850377494,0.5915049106151125,0.5218310637150012,2.5977675446947126,0.5849032933091403,2.5977675446947126,0.0006702256219126956,0.0003827119809682929,443,443,14,1.3999999999999997,0.09999999999999999,0.10000000000000003,0.27232142857142855,0.18973214285714285,0.203125,6,4,4,1571800.1715918758,884137.5965204302,0.8841375965204302,21,0.0,1.1641532182693481e-10
per_start,lb84_s0.10_b0.30_0.70,dynamic,84.0,0.1,0.3,0.7,30_70,True,v2_selected,sp500-12m/same_sector_slide1m_noscreen,sp500-12m/same_sector_slide3m_noscreen,recent,3,2023-04-01,2023-04-01,A,0.2045858896367565,0.11553994129400591,0.07149601108496,1.5648047162163479,-0.038187695173930614,429,1204585.8896367599,204585.88963675988,715,0.5902097902097903,286.13411138008536,446.34041640778037,699453.7503368772,631062.3043277443,2598920.430508303,0.6346671979515446,0.5660436787278827,2.316380055892996,0.6317083765158731,2.316380055892996,0.0003619272103337958,0.00014130518145547772,427,427,14,1.3999999999999997,0.09999999999999999,0.09999999999999998,0.04895104895104895,0.32167832167832167,0.2867132867132867,1,7,5,1573034.3674339417,924020.1878632945,0.9240201878632945,20,0.0,-1.1932570487260818e-09
per_start,lb84_s0.10_b0.30_0.70,dynamic,84.0,0.1,0.3,0.7,30_70,True,v2_selected,sp500-12m/same_sector_slide1m_noscreen,sp500-12m/same_sector_slide3m_noscreen,recent,3,2023-04-01,2023-04-01,B,0.19857061145297683,0.11226431360188127,0.07177222520477462,1.5180777953926352,-0.04009035735021482,429,1198570.6114529793,198570.61145297927,715,0.5902097902097903,277.7211348992705,445.71172902771355,698490.1019051708,639906.5808664941,2583343.044407659,0.6367552130887076,0.5893556237445235,2.308289600940907,0.6337866573167321,2.308289600940907,0.00034379080627348874,0.00014303691482860917,427,427,14,1.3999999999999997,0.09999999999999999,0.09999999999999998,0.04895104895104895,0.32167832167832167,0.2867132867132867,1,7,5,1569300.645830174,921826.952795347,0.921826952795347,20,0.0,8.87666828930378e-10
per_start,lb84_s0.10_b0.30_0.70,dynamic,84.0,0.1,0.3,0.7,30_70,True,v2_selected,sp500-12m/same_sector_slide1m_noscreen,sp500-12m/same_sector_slide3m_noscreen,recent,4,2023-05-01,2023-05-01,A,0.11686488383946791,0.0697653423808342,0.06891390088180203,1.0125445815736638,-0.03737874334919844,413,1116864.8838394652,116864.88383946521,668,0.5793413173652695,174.9474308974049,424.02472157605916,597558.3142366888,532895.9861420167,2151329.4257391896,0.5743970762124327,0.5124527503513793,2.0281067836169155,0.5716154923082564,2.0281067836169155,0.0004812068325784938,0.0004796501361084876,411,411,6,0.5999999999999999,0.09999999999999998,0.09999999999999998,0.0,0.7021791767554479,0.14769975786924938,0,14,3,608183.3662996435,371094.93536927406,0.371094935369274,20,0.0,-1.2969394447281957e-09
per_start,lb84_s0.10_b0.30_0.70,dynamic,84.0,0.1,0.3,0.7,30_70,True,v2_selected,sp500-12m/same_sector_slide1m_noscreen,sp500-12m/same_sector_slide3m_noscreen,recent,4,2023-05-01,2023-05-01,B,0.09995595007053337,0.059853752201039834,0.07161823623088814,0.8469893519535998,-0.051082560116125664,413,1099955.9500705306,99955.95007053064,668,0.5793413173652695,149.63465579420574,419.741554165053,597098.5579230667,546483.5013479382,2116495.975514328,0.5820102103957429,0.5443185891162212,2.022273340775242,0.5791917590136813,2.022273340775242,0.0004557526422630341,0.0004726799984350655,411,411,6,0.5999999999999999,0.09999999999999998,0.09999999999999998,0.0,0.7021791767554479,0.14769975786924938,0,14,3,601808.5780517188,367205.2340654555,0.3672052340654555,20,0.0,1.2405507732182741e-09
per_start,lb84_s0.10_b0.30_0.70,dynamic,84.0,0.1,0.3,0.7,30_70,True,v2_selected,sp500-12m/same_sector_slide1m_noscreen,sp500-12m/same_sector_slide3m_noscreen,historical,0,2014-01-01,2014-01-01,A,0.15077566076115834,0.028670006175067098,0.04593856376004402,0.6383072424612768,-0.061155173748550506,1252,1150775.6607611598,150775.66076115984,2141,0.5361980382998599,70.42300829573114,153.0544062149641,683520.7024088039,663158.6583588467,2103819.349853846,0.6255072070773446,0.5981782183107667,1.7665893830008794,0.6230091751001987,1.7665893830008794,0.0002121600286251847,0.0003050982550774768,1247,1247,22,2.1999999999999997,0.1,0.10000000000000003,0.3011182108626198,0.402555910543131,0.10942492012779553,18,24,6,2485680.551752144,500312.6989149683,0.5003126989149682,59,0.0,-5.820766091346741e-10
per_start,lb84_s0.10_b0.30_0.70,dynamic,84.0,0.1,0.3,0.7,30_70,True,v2_selected,sp500-12m/same_sector_slide1m_noscreen,sp500-12m/same_sector_slide3m_noscreen,historical,0,2014-01-01,2014-01-01,B,0.1542265040874815,0.029290142810128872,0.045696206670993736,0.6546385082143232,-0.06103721243656968,1252,1154226.5040874756,154226.5040874756,2141,0.5361980382998599,72.03479873305665,150.39388893722787,680908.2895808389,650552.7059921531,2085987.3399132031,0.6261397986749415,0.5908295648308428,1.760971135819625,0.6236392403735241,1.760971135819625,0.00021340074693044052,0.00031103802115530323,1247,1247,22,2.1999999999999997,0.1,0.10000000000000003,0.3011182108626198,0.402555910543131,0.10942492012779553,18,24,6,2474923.6430123635,498147.5703187824,0.4981475703187824,59,0.0,1.3096723705530167e-09
per_start,lb84_s0.10_b0.20_0.80,dynamic,84.0,0.1,0.2,0.8,20_80,True,v2_selected,sp500-12m/same_sector_slide1m_noscreen,sp500-12m/same_sector_slide3m_noscreen,recent,0,2023-01-01,2023-01-01,A,0.18803220025288048,0.09148446609643934,0.06925272967656766,1.298397250734573,-0.04793865413946685,496,1188032.2002528803,188032.20025288034,830,0.5783132530120482,226.54481958178468,280.50374330996306,707224.2651354248,624245.7585149568,2545268.4341578246,0.6559144038279359,0.5811440915245686,2.2936230216309896,0.6532695876834684,2.2936230216309896,0.0003216853230191626,0.00014128048125700208,494,494,17,1.6999999999999997,0.09999999999999998,0.10000000000000003,0.17137096774193547,0.15524193548387097,0.20967741935483872,4,4,4,1857448.6210182786,943703.73487219,0.94370373487219,23,0.0,-9.74978320300579e-10
per_start,lb84_s0.10_b0.20_0.80,dynamic,84.0,0.1,0.2,0.8,20_80,True,v2_selected,sp500-12m/same_sector_slide1m_noscreen,sp500-12m/same_sector_slide3m_noscreen,recent,0,2023-01-01,2023-01-01,B,0.19079258632926388,0.09277221163546301,0.06966801177183721,1.3080100666426115,-0.04836045430362301,496,1190792.5863292604,190792.58632926038,830,0.5783132530120482,229.8705859388693,315.91994617575983,708911.8461681093,638402.1373266531,2548776.5448912825,0.6563112972067535,0.5878505553666364,2.2856222641649735,0.6536648806857586,2.2856222641649735,0.0003320513607864201,0.0001634896705379842,494,494,17,1.6999999999999997,0.09999999999999998,0.10000000000000003,0.17137096774193547,0.15524193548387097,0.20967741935483872,4,4,4,1866592.45827152,948349.3941218207,0.9483493941218206,23,0.0,-1.2223608791828156e-09
per_start,lb84_s0.10_b0.20_0.80,dynamic,84.0,0.1,0.2,0.8,20_80,True,v2_selected,sp500-12m/same_sector_slide1m_noscreen,sp500-12m/same_sector_slide3m_noscreen,recent,1,2023-02-01,2023-02-01,A,0.11021024621701048,0.057033301907258416,0.06551515150847684,0.8788769329174702,-0.04140068720715806,475,1110210.246217011,110210.24621701101,773,0.5640362225097024,142.5747040323576,393.7002278696946,607354.5444966832,548030.8121435975,2201067.9760605176,0.5936501865248361,0.5511181579458729,2.1014907450053797,0.5911506067920999,2.1014907450053797,0.00023411365321259343,0.00025284683004799386,473,473,7,0.6999999999999998,0.09999999999999998,0.09999999999999998,0.0,0.6968421052631579,0.08421052631578947,0,16,2,693867.2285932667,368114.82443263836,0.3681148244326383,23,0.0,-1.469743438065052e-09
per_start,lb84_s0.10_b0.20_0.80,dynamic,84.0,0.1,0.2,0.8,20_80,True,v2_selected,sp500-12m/same_sector_slide1m_noscreen,sp500-12m/same_sector_slide3m_noscreen,recent,1,2023-02-01,2023-02-01,B,0.09650189050968083,0.050088812306774866,0.0658244509436035,0.7749083680865458,-0.050676668162751515,475,1096501.890509682,96501.89050968201,773,0.5640362225097024,124.84073804616095,386.47346817679585,605010.6106088369,542753.3709163398,2172043.24156514,0.5981090960240563,0.5443601258475789,2.0950639898057335,0.595590741935534,2.0950639898057335,0.00022152960055068247,0.00024029182100810057,473,473,7,0.6999999999999998,0.09999999999999998,0.09999999999999998,0.0,0.6968421052631579,0.08421052631578947,0,16,2,687631.0005274682,364806.34133246733,0.3648063413324673,23,0.0,-3.8744474295526743e-10
per_start,lb84_s0.10_b0.20_0.80,dynamic,84.0,0.1,0.2,0.8,20_80,True,v2_selected,sp500-12m/same_sector_slide1m_noscreen,sp500-12m/same_sector_slide3m_noscreen,recent,2,2023-03-01,2023-03-01,A,0.24402642753633952,0.13068505955747467,0.08257955015748535,1.5281240936821716,-0.04466057638384968,448,1244026.4275363414,244026.42753634136,748,0.5935828877005348,326.23853948708916,325.088940323564,639909.9376399154,556084.4672668211,3038456.288986662,0.5834765083438355,0.5094457768850013,2.6512021501271907,0.5769644937417836,2.6512021501271907,0.0007032575979387481,0.0004231128292408222,443,443,17,1.6999999999999997,0.09999999999999998,0.10000000000000003,0.18080357142857142,0.049107142857142856,0.26785714285714285,4,1,5,1877021.4559041325,1055824.5689460745,1.0558245689460746,21,0.0,-1.3387762010097504e-09
per_start,lb84_s0.10_b0.20_0.80,dynamic,84.0,0.1,0.2,0.8,20_80,True,v2_selected,sp500-12m/same_sector_slide1m_noscreen,sp500-12m/same_sector_slide3m_noscreen,recent,2,2023-03-01,2023-03-01,B,0.2417223517885505,0.12950661975825417,0.08281160900831913,1.5114772809027976,-0.04458310306404767,448,1241722.3517885495,241722.35178854945,748,0.5935828877005348,323.1582243162447,319.2787953377848,646582.0806431007,567100.0353797134,3036796.2287265686,0.5913693751688863,0.525835462014467,2.648705977867391,0.584769270535305,2.648705977867391,0.0007011364828406152,0.00042453726119628965,443,443,17,1.6999999999999997,0.09999999999999998,0.10000000000000003,0.18080357142857142,0.049107142857142856,0.26785714285714285,4,1,5,1878667.1924380537,1056750.2957464051,1.0567502957464052,21,0.0,-1.57160684466362e-09
per_start,lb84_s0.10_b0.20_0.80,dynamic,84.0,0.1,0.2,0.8,20_80,True,v2_selected,sp500-12m/same_sector_slide1m_noscreen,sp500-12m/same_sector_slide3m_noscreen,recent,3,2023-04-01,2023-04-01,A,0.1992722303463048,0.1126467299662175,0.07174893493737963,1.523289985511545,-0.0379016204837217,429,1199272.2303463018,199272.2303463018,715,0.5902097902097903,278.702420064755,465.64016711072196,694313.0889168137,627220.00608621,2569349.3418122944,0.6316770005570633,0.5719516630191714,2.293623021561028,0.6287321194355852,2.293623021561028,0.0003687219360680283,0.00014121475604029934,427,427,15,1.4999999999999996,0.1,0.09999999999999998,0.0,0.27505827505827507,0.2867132867132867,0,6,5,1671383.139233463,981791.4943749014,0.9817914943749014,20,0.0,1.964508555829525e-09
per_start,lb84_s0.10_b0.20_0.80,dynamic,84.0,0.1,0.2,0.8,20_80,True,v2_selected,sp500-12m/same_sector_slide1m_noscreen,sp500-12m/same_sector_slide3m_noscreen,recent,3,2023-04-01,2023-04-01,B,0.1932733474370214,0.10937406062368926,0.07200884725819007,1.4771368633004063,-0.039791291446124366,429,1193273.3474370248,193273.34743702482,715,0.5902097902097903,270.31237403779784,468.5424932712639,692003.2640606288,638162.604230674,2553970.515220526,0.6325327418921064,0.5732871783808564,2.285521326345981,0.6295838713005347,2.285521326345981,0.00035124784150243035,0.00014335801861158445,427,427,15,1.4999999999999996,0.1,0.09999999999999998,0.0,0.27505827505827507,0.2867132867132867,0,6,5,1667645.1826526672,979595.7716281402,0.9795957716281403,20,0.0,-6.693881005048752e-10
per_start,lb84_s0.10_b0.20_0.80,dynamic,84.0,0.1,0.2,0.8,20_80,True,v2_selected,sp500-12m/same_sector_slide1m_noscreen,sp500-12m/same_sector_slide3m_noscreen,recent,4,2023-05-01,2023-05-01,A,0.12877761616457906,0.07671319120676179,0.06855642575684556,1.111926017315731,-0.035700162111373945,413,1128777.6161645795,128777.61616457952,668,0.5793413173652695,192.78086252182518,455.2021514724676,610831.3798277545,552985.3066052966,2237879.060745167,0.5846444441376843,0.5346417565379125,2.1014907450053806,0.5818132361757585,2.1014907450053806,0.0004956229548080795,0.0004660014227599182,411,411,7,0.6999999999999998,0.09999999999999998,0.09999999999999998,0.0,0.648910411622276,0.09927360774818401,0,13,2,708846.0655890988,432516.2434102976,0.4325162434102976,20,0.0,3.192326403222978e-10
per_start,lb84_s0.10_b0.20_0.80,dynamic,84.0,0.1,0.2,0.8,20_80,True,v2_selected,sp500-12m/same_sector_slide1m_noscreen,sp500-12m/same_sector_slide3m_noscreen,recent,4,2023-05-01,2023-05-01,B,0.1110910236681375,0.06638747116750188,0.07120951792799689,0.9377728716994348,-0.051082560116125664,413,1111091.0236681362,111091.02366813621,668,0.5793413173652695,166.30392764691115,452.6061106723867,608107.7392815952,569032.4467781424,2200942.6245413977,0.5905589039518838,0.5526929031587124,2.0950639897980006,0.5876990545380733,2.0950639897980006,0.0004698875884318575,0.0004284988228419772,411,411,7,0.6999999999999998,0.09999999999999998,0.09999999999999998,0.0,0.648910411622276,0.09927360774818401,0,13,2,701133.1752409134,427810.073028354,0.427810073028354,20,0.0,-4.5292836148291826e-10
per_start,lb84_s0.10_b0.20_0.80,dynamic,84.0,0.1,0.2,0.8,20_80,True,v2_selected,sp500-12m/same_sector_slide1m_noscreen,sp500-12m/same_sector_slide3m_noscreen,historical,0,2014-01-01,2014-01-01,A,0.1696179331221339,0.03203817215626925,0.04647895559543587,0.701756364638137,-0.0643078806531634,1252,1169617.933122138,169617.93312213803,2141,0.5361980382998599,79.22369599352628,130.0273410732716,689776.8804490023,659877.755485968,2283548.725233076,0.6244710710521193,0.5881920464147553,1.8827721007292832,0.6219771769983967,1.8827721007292832,0.0002408057951863483,0.00033948172675299517,1247,1247,29,2.8999999999999995,0.09999999999999999,0.10000000000000003,0.23482428115015974,0.33706070287539935,0.09744408945686901,14,20,5,3303862.0014911075,664994.588159552,0.6649945881595519,59,0.0,-1.7462298274040222e-09
per_start,lb84_s0.10_b0.20_0.80,dynamic,84.0,0.1,0.2,0.8,20_80,True,v2_selected,sp500-12m/same_sector_slide1m_noscreen,sp500-12m/same_sector_slide3m_noscreen,historical,0,2014-01-01,2014-01-01,B,0.17083712746587443,0.03225461347779768,0.04626160482915717,0.7093684748805229,-0.06297678211920144,1252,1170837.1274658728,170837.1274658728,2141,0.5361980382998599,79.79314687803311,127.37969785131595,687572.6261336717,660709.5796831581,2264979.828138644,0.6256255996411,0.5853703745513787,1.8781075101046285,0.623127094850201,1.8781075101046285,0.000241434000346511,0.00033641881173482037,1247,1247,29,2.8999999999999995,0.09999999999999999,0.10000000000000003,0.23482428115015974,0.33706070287539935,0.09744408945686901,14,20,5,3288673.5629895763,661937.4903141959,0.6619374903141959,59,0.0,3.92901711165905e-09
per_start,lb84_s0.10_b0.10_0.90,dynamic,84.0,0.1,0.1,0.9,10_90,True,v2_selected,sp500-12m/same_sector_slide1m_noscreen,sp500-12m/same_sector_slide3m_noscreen,recent,0,2023-01-01,2023-01-01,A,0.1776674434143144,0.08663602259166514,0.07097701628138309,1.205772369371538,-0.0530197526204681,496,1177667.4434143167,177667.44341431675,830,0.5783132530120482,214.05716074014052,232.34342245980724,704926.0270350242,632856.9590150467,2505707.703507904,0.6572331413160742,0.5829117629318763,2.2712714315192892,0.6545830076817353,2.2712714315192892,0.00031451406012973117,0.0001423316000336291,494,494,20,1.9999999999999998,0.1,0.10000000000000003,0.12701612903225806,0.07459677419354839,0.16733870967741934,3,2,3,2165262.9156403677,1100093.255526961,1.1000932555269611,23,0.0,5.820766091346741e-11
per_start,lb84_s0.10_b0.10_0.90,dynamic,84.0,0.1,0.1,0.9,10_90,True,v2_selected,sp500-12m/same_sector_slide1m_noscreen,sp500-12m/same_sector_slide3m_noscreen,recent,0,2023-01-01,2023-01-01,B,0.18020538392426277,0.08782515908708688,0.07133487773711164,1.2154271024447365,-0.05350062585099169,496,1180205.3839242628,180205.38392426283,830,0.5783132530120482,217.11492039067758,239.1730894295531,705518.4129606618,639682.0548486796,2507245.6543541257,0.6566315461502926,0.5910551748218188,2.2618782187483224,0.6539838383029123,2.2618782187483224,0.00032551062921438176,0.00014318735210551258,494,494,20,1.9999999999999998,0.1,0.10000000000000003,0.12701612903225806,0.07459677419354839,0.16733870967741934,3,2,3,2176049.06359391,1105573.3145678737,1.1055733145678737,23,0.0,4.220055416226387e-10
per_start,lb84_s0.10_b0.10_0.90,dynamic,84.0,0.1,0.1,0.9,10_90,True,v2_selected,sp500-12m/same_sector_slide1m_noscreen,sp500-12m/same_sector_slide3m_noscreen,recent,1,2023-02-01,2023-02-01,A,0.12502418161775042,0.06449275933519516,0.06532791864475014,0.9888789107153679,-0.03822653354596561,475,1125024.1816177506,125024.18161775055,773,0.5640362225097024,161.73891541753017,345.65021247887404,620724.661562475,568958.849906852,2292887.409367402,0.6032327928585264,0.5533001069425032,2.1747846883003543,0.6006928653096484,2.1747846883003543,0.000248914019103582,0.0002366866107033098,473,473,8,0.7999999999999998,0.09999999999999998,0.09999999999999998,0.0,0.6568421052631579,0.08421052631578947,0,15,2,794784.9975586841,421654.35659955454,0.42165435659955447,23,0.0,-2.473825588822365e-10
per_start,lb84_s0.10_b0.10_0.90,dynamic,84.0,0.1,0.1,0.9,10_90,True,v2_selected,sp500-12m/same_sector_slide1m_noscreen,sp500-12m/same_sector_slide3m_noscreen,recent,1,2023-02-01,2023-02-01,B,0.11046393975224778,0.057161439475269304,0.06557892888263414,0.8799466385818063,-0.047600839196602296,475,1110463.9397522467,110463.93975224672,773,0.5640362225097024,142.90289748026672,342.4633158278524,616305.9246954741,562444.4830565022,2262038.5068093915,0.6061731597945494,0.5468402020145327,2.1679994450663664,0.6036208517533092,2.1679994450663664,0.00023613537655271279,0.00022605276324860483,473,473,8,0.7999999999999998,0.09999999999999998,0.09999999999999998,0.0,0.6568421052631579,0.08421052631578947,0,15,2,787491.8712010866,417785.1611424712,0.41778516114247116,23,0.0,5.420588422566652e-10
per_start,lb84_s0.10_b0.10_0.90,dynamic,84.0,0.1,0.1,0.9,10_90,True,v2_selected,sp500-12m/same_sector_slide1m_noscreen,sp500-12m/same_sector_slide3m_noscreen,recent,2,2023-03-01,2023-03-01,A,0.24875669377536225,0.13310140728644515,0.08480077195798673,1.5154213881610004,-0.04671882107331515,448,1248756.693775362,248756.6937753621,748,0.5935828877005348,332.562424833371,223.08628112593243,638293.5097035054,557468.2813620933,3099045.574887745,0.5819519359110048,0.5100327905536771,2.7017157052066176,0.5754569366262838,2.7017157052066176,0.0007356330615314189,0.000422955484075243,443,443,18,1.7999999999999998,0.09999999999999999,0.10000000000000003,0.13616071428571427,0.0,0.22767857142857142,3,0,4,1987314.8310961125,1117864.5924915634,1.1178645924915633,21,0.0,6.402842700481415e-10
per_start,lb84_s0.10_b0.10_0.90,dynamic,84.0,0.1,0.1,0.9,10_90,True,v2_selected,sp500-12m/same_sector_slide1m_noscreen,sp500-12m/same_sector_slide3m_noscreen,recent,2,2023-03-01,2023-03-01,B,0.246604664723042,0.13200259013100646,0.08503117458489565,1.5001310221169364,-0.04669389629708198,448,1246604.6647230436,246604.66472304356,748,0.5935828877005348,329.6853806457771,221.9175667248727,646603.5821258402,566601.973238326,3097733.083900041,0.5911912583701305,0.5242843377855707,2.699605843986821,0.5845931416472495,2.699605843986821,0.0007334380161896091,0.0004208517104346171,443,443,18,1.7999999999999998,0.09999999999999999,0.10000000000000003,0.13616071428571427,0.0,0.22767857142857142,3,0,4,1989162.09419576,1118903.6779851152,1.1189036779851151,21,0.0,2.270098775625229e-09
per_start,lb84_s0.10_b0.10_0.90,dynamic,84.0,0.1,0.1,0.9,10_90,True,v2_selected,sp500-12m/same_sector_slide1m_noscreen,sp500-12m/same_sector_slide3m_noscreen,recent,3,2023-04-01,2023-04-01,A,0.19366668584299274,0.10958885264247953,0.07235135023086839,1.4731101783064198,-0.0379016204837217,429,1193666.685842993,193666.68584299297,715,0.5902097902097903,270.8624976825097,452.03579863859255,689443.2338986701,638364.2517847314,2539260.5443060603,0.6289972279791642,0.5825452486177575,2.2708261559815175,0.6260648399699376,2.2708261559815175,0.00037868327901951294,0.00014335801861199655,427,427,16,1.5999999999999996,0.09999999999999998,0.09999999999999998,0.0,0.2261072261072261,0.23543123543123542,0,5,4,1769332.2814018587,1039328.053410882,1.039328053410882,20,0.0,-1.367880031466484e-09
per_start,lb84_s0.10_b0.10_0.90,dynamic,84.0,0.1,0.1,0.9,10_90,True,v2_selected,sp500-12m/same_sector_slide1m_noscreen,sp500-12m/same_sector_slide3m_noscreen,recent,3,2023-04-01,2023-04-01,B,0.18768000373418725,0.10631651108767892,0.07260099464150564,1.427606074611291,-0.039791291446124366,429,1187680.0037341898,187680.00373418978,715,0.5902097902097903,262.48951571215247,457.5206300768951,685850.2674243582,641769.4262782957,2524413.714515665,0.6286700862985843,0.5908072473129926,2.263003364138229,0.6257392234253976,2.263003364138229,0.00036205939878633986,0.00016916382827131455,427,427,16,1.5999999999999996,0.09999999999999998,0.09999999999999998,0.0,0.2261072261072261,0.23543123543123542,0,5,4,1765576.3759488817,1037121.7872706718,1.037121787270672,20,0.0,7.130438461899757e-10
per_start,lb84_s0.10_b0.10_0.90,dynamic,84.0,0.1,0.1,0.9,10_90,True,v2_selected,sp500-12m/same_sector_slide1m_noscreen,sp500-12m/same_sector_slide3m_noscreen,recent,4,2023-05-01,2023-05-01,A,0.13975134178941406,0.0830881324807422,0.06848162077053503,1.1992977290796734,-0.0340205831537429,413,1139751.3417894095,139751.34178940952,668,0.5793413173652695,209.20859549313298,395.5023192055579,623384.2707908662,581887.7891723313,2322902.515429195,0.5945110367644739,0.5419127522018842,2.174784688300354,0.5916320486929751,2.174784688300354,0.0005046701767398627,0.0004878323321960352,411,411,8,0.7999999999999998,0.09999999999999998,0.09999999999999998,0.0,0.6004842615012107,0.09927360774818401,0,12,2,809325.869481932,493825.9542601619,0.4938259542601619,20,0.0,-3.3114702091552317e-09
per_start,lb84_s0.10_b0.10_0.90,dynamic,84.0,0.1,0.1,0.9,10_90,True,v2_selected,sp500-12m/same_sector_slide1m_noscreen,sp500-12m/same_sector_slide3m_noscreen,recent,4,2023-05-01,2023-05-01,B,0.12128154279526981,0.07234461930764802,0.0710710474323772,1.0178686306455003,-0.051082560116125664,413,1121281.5427952707,121281.54279527068,668,0.5793413173652695,181.5591958013026,397.36343216162874,618376.8760246049,578555.73957846,2284074.1919343774,0.5987310205797729,0.5652465314909186,2.1679994443023243,0.5958315967512995,2.1679994443023243,0.00047859853363382317,0.00047357549929526486,411,411,8,0.7999999999999998,0.09999999999999998,0.09999999999999998,0.0,0.6004842615012107,0.09927360774818401,0,12,2,800273.6734475876,488302.58040869754,0.4883025804086975,20,0.0,5.50699041923508e-10
per_start,lb84_s0.10_b0.10_0.90,dynamic,84.0,0.1,0.1,0.9,10_90,True,v2_selected,sp500-12m/same_sector_slide1m_noscreen,sp500-12m/same_sector_slide3m_noscreen,historical,0,2014-01-01,2014-01-01,A,0.18404126538038823,0.034587262498368965,0.04728977414711694,0.7426935081335901,-0.06735078370971326,1252,1184041.2653803884,184041.26538038836,2141,0.5361980382998599,85.96042287734109,90.40794247405358,694307.1209279345,650480.272267055,2458180.1995625896,0.6232805226457188,0.5900757867316515,1.999403784116356,0.6207913831782838,1.999403784116356,0.00026684953246646257,0.0003591069372990529,1247,1247,33,3.2999999999999994,0.09999999999999998,0.10000000000000003,0.18370607028753994,0.28753993610223644,0.1110223642172524,11,17,6,3765857.9089820795,757984.1797631661,0.7579841797631661,59,0.0,1.076841726899147e-09
per_start,lb84_s0.10_b0.10_0.90,dynamic,84.0,0.1,0.1,0.9,10_90,True,v2_selected,sp500-12m/same_sector_slide1m_noscreen,sp500-12m/same_sector_slide3m_noscreen,historical,0,2014-01-01,2014-01-01,B,0.18488077841402206,0.03473486747671872,0.04703134202748371,0.7495489746517873,-0.06624835617874669,1252,1184880.7784140229,184880.77841402288,2141,0.5361980382998599,86.35253545727252,89.35462788132567,691795.2461752065,657117.146531747,2438935.4741058517,0.62433036350241,0.5866349466427137,1.9957785808548034,0.6218370313797965,1.9957785808548034,0.00026747426912902014,0.00035291956131295324,1247,1247,33,3.2999999999999994,0.09999999999999998,0.10000000000000003,0.18370607028753994,0.28753993610223644,0.1110223642172524,11,17,6,3747858.865718961,754361.3691383213,0.7543613691383213,59,0.0,2.4156179279088974e-09
per_start,lb84_s0.20_b0.30_0.70,dynamic,84.0,0.2,0.3,0.7,30_70,True,v2_selected,sp500-12m/same_sector_slide1m_noscreen,sp500-12m/same_sector_slide3m_noscreen,recent,0,2023-01-01,2023-01-01,A,0.20874452329710902,0.10111137146708238,0.06788508700840266,1.4526119889645426,-0.03723069381460398,496,1208744.523297109,208744.52329710894,830,0.5783132530120482,251.49942565917064,308.9697498380172,706440.9388864555,621631.1306154804,2609617.724552928,0.647944575211696,0.5652080715767769,2.316380055892995,0.6453318954729391,2.316380055892995,0.0003692186817530382,0.00016284247659457913,494,494,7,1.4,0.19999999999999998,0.2,0.38306451612903225,0.4092741935483871,0.20766129032258066,9,10,4,1559024.5655210114,792085.0615147074,0.7920850615147074,23,0.0,-2.7212081477046013e-09
per_start,lb84_s0.20_b0.30_0.70,dynamic,84.0,0.2,0.3,0.7,30_70,True,v2_selected,sp500-12m/same_sector_slide1m_noscreen,sp500-12m/same_sector_slide3m_noscreen,recent,0,2023-01-01,2023-01-01,B,0.2103181656314348,0.10183945736723965,0.068221151378594,1.4554920447487345,-0.03753678321659315,496,1210318.1656314333,210318.16563143325,830,0.5783132530120482,253.3953802788337,330.4864698383989,706444.33267054,630330.2631133151,2611508.066339876,0.6472663433761415,0.5728719774952628,2.3082895847228944,0.6446563984431732,2.3082895847228944,0.0003753874051750833,0.0001592089785822181,494,494,7,1.4,0.19999999999999998,0.2,0.38306451612903225,0.4092741935483871,0.20766129032258066,9,10,4,1565501.4592126159,795375.7413741517,0.7953757413741516,23,0.0,1.2951204553246498e-09
per_start,lb84_s0.20_b0.30_0.70,dynamic,84.0,0.2,0.3,0.7,30_70,True,v2_selected,sp500-12m/same_sector_slide1m_noscreen,sp500-12m/same_sector_slide3m_noscreen,recent,1,2023-02-01,2023-02-01,A,0.09264338526424276,0.0481267993086103,0.06603940565651546,0.7442641760693927,-0.041466323591427545,475,1092643.385264242,92643.38526424207,773,0.5640362225097024,119.84914005723303,346.63635435711524,591300.1290063382,527967.6167837805,2104673.127793356,0.5813880418657718,0.5058615929584466,2.0281064729967784,0.5789400922158104,2.0281064729967784,0.00020914008756662623,0.00032445897614995824,473,473,5,0.9999999999999999,0.19999999999999996,0.2,0.042105263157894736,0.7894736842105263,0.16842105263157894,1,18,4,992620.3345746938,526611.2090796271,0.526611209079627,23,0.0,9.258656064048409e-10
per_start,lb84_s0.20_b0.30_0.70,dynamic,84.0,0.2,0.3,0.7,30_70,True,v2_selected,sp500-12m/same_sector_slide1m_noscreen,sp500-12m/same_sector_slide3m_noscreen,recent,1,2023-02-01,2023-02-01,B,0.07902516914343716,0.04117593080358972,0.06651879860376102,0.6393406767384746,-0.05144305181945663,475,1079025.1691434348,79025.16914343485,773,0.5640362225097024,102.23178414415888,341.79146040602393,592355.2999096595,515109.1616380535,2076757.005377722,0.5890789683471245,0.5101400366663031,2.022785053631093,0.5865986358488208,2.022785053631093,0.0001934421897825123,0.00027062948410736865,473,473,5,0.9999999999999999,0.19999999999999996,0.2,0.042105263157894736,0.7894736842105263,0.16842105263157894,1,18,4,983443.2707987955,521742.53524483467,0.5217425352448346,23,0.0,5.275069270282984e-11
per_start,lb84_s0.20_b0.30_0.70,dynamic,84.0,0.2,0.3,0.7,30_70,True,v2_selected,sp500-12m/same_sector_slide1m_noscreen,sp500-12m/same_sector_slide3m_noscreen,recent,2,2023-03-01,2023-03-01,A,0.24640342994708808,0.1318997980706913,0.08095393846207022,1.5705043865752064,-0.043142652943172544,448,1246403.429947089,246403.42994708894,748,0.5935828877005348,329.41635019664625,369.91336605291144,647457.8612159287,557878.735017457,3001610.9147419813,0.5872671328048341,0.5130505436923967,2.600713598405632,0.5807128121262087,2.600713598405632,0.0006731646794889422,0.0004230081248948135,443,443,9,1.7999999999999998,0.2,0.2,0.40401785714285715,0.3325892857142857,0.26339285714285715,9,7,5,2056189.0533923283,1156606.3425331847,1.1566063425331847,21,0.0,-2.444721758365631e-09
per_start,lb84_s0.20_b0.30_0.70,dynamic,84.0,0.2,0.3,0.7,30_70,True,v2_selected,sp500-12m/same_sector_slide1m_noscreen,sp500-12m/same_sector_slide3m_noscreen,recent,2,2023-03-01,2023-03-01,B,0.24361889624849575,0.1304766936525965,0.08120795240327068,1.5503477096127618,-0.043042419317490754,448,1243618.8962484961,243618.89624849614,748,0.5935828877005348,325.6937115621611,358.7053033154801,655917.9219508229,569224.5903453904,2998422.7215419067,0.5969568266092177,0.5208278500179047,2.597767545030007,0.5902943620265255,2.597767545030007,0.000670457442087913,0.0004204978797928376,443,443,9,1.7999999999999998,0.2,0.2,0.40401785714285715,0.3325892857142857,0.26339285714285715,9,7,5,2056532.7808042485,1156799.68920239,1.15679968920239,21,0.0,-3.4924596548080444e-10
per_start,lb84_s0.20_b0.30_0.70,dynamic,84.0,0.2,0.3,0.7,30_70,True,v2_selected,sp500-12m/same_sector_slide1m_noscreen,sp500-12m/same_sector_slide3m_noscreen,recent,3,2023-04-01,2023-04-01,A,0.20393587050908235,0.11518629827170113,0.07138654303636818,1.5626514763558146,-0.03742573034368868,429,1203935.8705090827,203935.87050908268,715,0.5902097902097903,285.22499371899715,390.95936097176684,696432.8195597103,619818.883029107,2599236.0886447625,0.6320273531942671,0.5564885025870377,2.3163800558929957,0.6290808387271609,2.3163800558929957,0.00036998486896515045,0.00014130518145601852,427,427,9,1.7999999999999998,0.2,0.2,0.24242424242424243,0.4731934731934732,0.28438228438228436,5,10,5,1986950.8028073662,1167159.9121385927,1.1671599121385927,20,0.0,-3.055902197957039e-10
per_start,lb84_s0.20_b0.30_0.70,dynamic,84.0,0.2,0.3,0.7,30_70,True,v2_selected,sp500-12m/same_sector_slide1m_noscreen,sp500-12m/same_sector_slide3m_noscreen,recent,3,2023-04-01,2023-04-01,B,0.19682963827032784,0.11131499953865531,0.0715236515872799,1.5111624817807048,-0.039468088004998236,429,1196829.6382703262,196829.6382703262,715,0.5902097902097903,275.2862073710886,396.3566697052461,693241.4992200008,628892.1340260237,2582403.8200293607,0.6323680764181971,0.5841669306404564,2.3082895847228504,0.6294199734978324,2.3082895847228504,0.000354820012054393,0.00016166770944154153,427,427,9,1.7999999999999998,0.2,0.2,0.24242424242424243,0.4731934731934732,0.28438228438228436,5,10,5,1982638.635622745,1164626.8908553186,1.1646268908553188,20,0.0,-2.1245796233415604e-09
per_start,lb84_s0.20_b0.30_0.70,dynamic,84.0,0.2,0.3,0.7,30_70,True,v2_selected,sp500-12m/same_sector_slide1m_noscreen,sp500-12m/same_sector_slide3m_noscreen,recent,4,2023-05-01,2023-05-01,A,0.114627752923401,0.06845736733103558,0.06862381522061707,0.9986993361684464,-0.03715550910322618,413,1114627.7529233987,114627.75292339874,668,0.5793413173652695,171.59843252005984,388.16099425720955,593317.6229113671,529915.8813065675,2147019.888381274,0.570339607309256,0.5103361955235953,2.028106472996779,0.5675776721649013,2.028106472996779,0.00047104556677569925,0.0005060533543494629,411,411,5,0.9999999999999999,0.19999999999999996,0.2,0.048426150121065374,0.7554479418886199,0.19612590799031476,1,15,4,1016899.1838101562,620480.8579180614,0.6204808579180614,20,0.0,-1.2150849215686321e-09
per_start,lb84_s0.20_b0.30_0.70,dynamic,84.0,0.2,0.3,0.7,30_70,True,v2_selected,sp500-12m/same_sector_slide1m_noscreen,sp500-12m/same_sector_slide3m_noscreen,recent,4,2023-05-01,2023-05-01,B,0.09488887936990187,0.056872019468442225,0.07172245064377164,0.8065722164966226,-0.05100343072907232,413,1094888.8793699006,94888.87936990056,668,0.5793413173652695,142.0492206136241,381.810313167543,593878.3321247067,536270.8952083049,2107289.26013125,0.5801938952072405,0.5264277334353317,2.022785053636015,0.5773842395403773,2.022785053636015,0.00044030935438864864,0.00047268058330566403,411,411,5,0.9999999999999999,0.19999999999999996,0.2,0.048426150121065374,0.7554479418886199,0.19612590799031476,1,15,4,1004554.9041659189,612948.7550842896,0.6129487550842896,20,0.0,-3.4924596548080444e-10
per_start,lb84_s0.20_b0.30_0.70,dynamic,84.0,0.2,0.3,0.7,30_70,True,v2_selected,sp500-12m/same_sector_slide1m_noscreen,sp500-12m/same_sector_slide3m_noscreen,historical,0,2014-01-01,2014-01-01,A,0.15071805317001852,0.02865964115805797,0.04569897109242152,0.6411920894143486,-0.060366467991758155,1252,1150718.053170023,150718.05317002302,2141,0.5361980382998599,70.39610143391943,147.33723965816478,682869.9154378505,664034.546710595,2059349.958946305,0.6252044362349041,0.599373146792514,1.7221354216738054,0.62270761340649,1.7221354216738054,0.00020628312074155082,0.00028734403509549333,1247,1247,15,3.0,0.20000000000000007,0.2,0.3801916932907348,0.4720447284345048,0.1477635782747604,23,28,8,3411291.8455878156,686617.8475144805,0.6866178475144804,59,0.0,1.4842953532934189e-09
per_start,lb84_s0.20_b0.30_0.70,dynamic,84.0,0.2,0.3,0.7,30_70,True,v2_selected,sp500-12m/same_sector_slide1m_noscreen,sp500-12m/same_sector_slide3m_noscreen,historical,0,2014-01-01,2014-01-01,B,0.15648066222673407,0.029694428999385236,0.045394130511830035,0.6673423485452765,-0.0603222848116598,1252,1156480.6622267363,156480.6622267363,2141,0.5361980382998599,73.08765167059045,146.33936295513251,678411.1978458302,654723.1978498312,1963958.2275986248,0.6249415696222763,0.5972687073515123,1.70002125443989,0.6224457965806538,1.70002125443989,0.00020807422453993085,0.00030484349608762243,1247,1247,15,3.0,0.20000000000000007,0.2,0.3801916932907348,0.4720447284345048,0.1477635782747604,23,28,8,3393023.633301933,682940.859099111,0.6829408590991111,59,0.0,2.1391315385699272e-09
per_start,lb84_s0.20_b0.10_0.90,dynamic,84.0,0.2,0.1,0.9,10_90,True,v2_selected,sp500-12m/same_sector_slide1m_noscreen,sp500-12m/same_sector_slide3m_noscreen,recent,0,2023-01-01,2023-01-01,A,0.1879214483026299,0.09143276859513172,0.07166117395966631,1.25640511712944,-0.04321355072193833,496,1187921.44830263,187921.4483026301,830,0.5783132530120482,226.4113834971394,169.92990155137488,710184.5063499458,642789.8304338772,2550668.7391562774,0.6541363265830189,0.5881086586765145,2.270826155981598,0.6514986801048616,2.270826155981598,0.0003024229724002753,9.837602486093972e-05,494,494,14,2.8,0.20000000000000004,0.20000000000000007,0.25806451612903225,0.23790322580645162,0.2157258064516129,6,6,4,3106405.2434355854,1578254.2769067895,1.5782542769067895,23,0.0,4.394678398966789e-09
per_start,lb84_s0.20_b0.10_0.90,dynamic,84.0,0.2,0.1,0.9,10_90,True,v2_selected,sp500-12m/same_sector_slide1m_noscreen,sp500-12m/same_sector_slide3m_noscreen,recent,0,2023-01-01,2023-01-01,B,0.1907235580435518,0.0927400272170742,0.07196949268792863,1.2679765896798083,-0.04352559170065118,496,1190723.558043546,190723.55804354604,830,0.5783132530120482,229.7874193295735,174.40258168727382,708675.4736257251,650207.6165782444,2553875.5908289324,0.6516351903396028,0.587491036740338,2.2630049954472513,0.6490076290882335,2.2630049954472513,0.00031075678765681583,8.715854280018771e-05,494,494,14,2.8,0.20000000000000004,0.20000000000000007,0.25806451612903225,0.23790322580645162,0.2157258064516129,6,6,4,3120521.3665676806,1585426.1781755153,1.5854261781755152,23,0.0,1.4551915228366852e-11
per_start,lb84_s0.20_b0.10_0.90,dynamic,84.0,0.2,0.1,0.9,10_90,True,v2_selected,sp500-12m/same_sector_slide1m_noscreen,sp500-12m/same_sector_slide3m_noscreen,recent,1,2023-02-01,2023-02-01,A,0.12036728670550167,0.06215280779523491,0.06499455197538545,0.9597516452217209,-0.036582999091279156,475,1120367.2867055037,120367.2867055037,773,0.5640362225097024,155.71447180530964,318.78573908339024,613731.7591911504,550521.5153379258,2283395.84462763,0.597116902023109,0.5353894987498372,2.174784256652527,0.594602725593538,2.174784256652527,0.00024058195594448665,0.0002642999964261851,473,473,6,1.2,0.19999999999999998,0.20000000000000007,0.0,0.7431578947368421,0.12631578947368421,0,17,3,1192360.2508493655,632578.4909769265,0.6325784909769266,23,0.0,-6.657501216977835e-10
per_start,lb84_s0.20_b0.10_0.90,dynamic,84.0,0.2,0.1,0.9,10_90,True,v2_selected,sp500-12m/same_sector_slide1m_noscreen,sp500-12m/same_sector_slide3m_noscreen,recent,1,2023-02-01,2023-02-01,B,0.10479817835537064,0.05429644891196972,0.06539982940884692,0.8406739669956501,-0.047035916363095676,475,1104798.1783553688,104798.17835536879,773,0.5640362225097024,135.57332258132925,315.15337534891546,611088.0443368828,543668.1307104208,2250917.8057848886,0.6022451054674381,0.5294160634112817,2.1683975557320427,0.5997093366023121,2.1683975557320427,0.0002244759143685708,0.0002329632913906711,473,473,6,1.2,0.19999999999999998,0.20000000000000007,0.0,0.7431578947368421,0.12631578947368421,0,17,3,1180754.5796352134,626421.3769854185,0.6264213769854186,23,0.0,1.2532836990430951e-09
per_start,lb84_s0.20_b0.10_0.90,dynamic,84.0,0.2,0.1,0.9,10_90,True,v2_selected,sp500-12m/same_sector_slide1m_noscreen,sp500-12m/same_sector_slide3m_noscreen,recent,2,2023-03-01,2023-03-01,A,0.2345331258755421,0.12582346340385464,0.08555575975169145,1.4274660164781645,-0.04671882106843139,448,1234533.125875543,234533.1258755431,748,0.5935828877005348,313.5469597266658,171.72812339587222,650436.3789246515,555557.3465817759,3104165.1735815117,0.5935611918262679,0.513547053097375,2.701715705155261,0.586936624953207,2.701715705155261,0.0006570933556548608,0.00041188367494224797,443,443,14,2.8,0.20000000000000004,0.20000000000000007,0.27232142857142855,0.18973214285714285,0.203125,6,4,4,3131389.8849926377,1761406.8103083589,1.7614068103083589,21,0.0,-2.9685907065868378e-09
per_start,lb84_s0.20_b0.10_0.90,dynamic,84.0,0.2,0.1,0.9,10_90,True,v2_selected,sp500-12m/same_sector_slide1m_noscreen,sp500-12m/same_sector_slide3m_noscreen,recent,2,2023-03-01,2023-03-01,B,0.2312081872984766,0.12411687094167023,0.08578751871309932,1.406150464018986,-0.04669534028616018,448,1231208.1872984767,231208.1872984767,748,0.5935828877005348,309.1018546771072,171.98004428822657,656348.1715617335,560530.8167609608,3101743.7629570747,0.6012210644874876,0.5172152966611666,2.6996250879467922,0.5945110079641897,2.6996250879467922,0.0006533739492218324,0.0003434402066325613,443,443,14,2.8,0.20000000000000004,0.20000000000000007,0.27232142857142855,0.18973214285714285,0.203125,6,4,4,3132211.819912837,1761869.148700971,1.761869148700971,21,0.0,4.94765117764473e-10
per_start,lb84_s0.20_b0.10_0.90,dynamic,84.0,0.2,0.1,0.9,10_90,True,v2_selected,sp500-12m/same_sector_slide1m_noscreen,sp500-12m/same_sector_slide3m_noscreen,recent,3,2023-04-01,2023-04-01,A,0.18654135084390067,0.10569334978705025,0.07333009526417017,1.406443918961593,-0.0337602863222064,429,1186541.350843902,186541.35084390198,715,0.5902097902097903,260.8969941872738,362.58010151659084,691727.1362149316,631801.661611659,2547705.4359429255,0.6304538511393535,0.5868881537569546,2.2708261559816014,0.627514672346163,2.2708261559816014,0.00033081097137171403,8.224543632417591e-05,427,427,14,2.8,0.20000000000000004,0.20000000000000007,0.04895104895104895,0.32167832167832167,0.2867132867132867,1,7,5,3121843.0016442332,1833809.8750917176,1.8338098750917176,20,0.0,1.1496013030409813e-09
per_start,lb84_s0.20_b0.10_0.90,dynamic,84.0,0.2,0.1,0.9,10_90,True,v2_selected,sp500-12m/same_sector_slide1m_noscreen,sp500-12m/same_sector_slide3m_noscreen,recent,3,2023-04-01,2023-04-01,B,0.18040814814918904,0.10233252115330749,0.07349220938217611,1.3620757367211662,-0.03573259545892615,429,1180408.1481491853,180408.14814918535,715,0.5902097902097903,252.31908832053333,380.39913356551875,687359.6630479544,640038.1543229385,2531745.7779206634,0.6295012553996243,0.5908053102867618,2.2630004495961096,0.6265665176122135,2.2630004495961096,0.00031658436798222386,9.991294535473162e-05,427,427,14,2.8,0.20000000000000004,0.20000000000000007,0.04895104895104895,0.32167832167832167,0.2867132867132867,1,7,5,3113656.525055694,1829001.035697051,1.829001035697051,20,0.0,4.059984348714352e-09
per_start,lb84_s0.20_b0.10_0.90,dynamic,84.0,0.2,0.1,0.9,10_90,True,v2_selected,sp500-12m/same_sector_slide1m_noscreen,sp500-12m/same_sector_slide3m_noscreen,recent,4,2023-05-01,2023-05-01,A,0.13591415701016096,0.08086173741400082,0.06803180603645742,1.1765192092604289,-0.03379724072610202,413,1135914.1570101609,135914.15701016085,668,0.5793413173652695,203.4643069014369,379.9740941512522,620285.4732809626,569814.9966424513,2315081.5779330023,0.5923055592629617,0.533094004570936,2.1747842566525275,0.5894372514699207,2.1747842566525275,0.0004881666486024141,0.0004844075944537638,411,411,6,1.2,0.19999999999999998,0.20000000000000007,0.0,0.7021791767554479,0.14769975786924938,0,14,3,1215908.4958815179,741910.2686734686,0.7419102686734685,20,0.0,9.804352885112166e-10
per_start,lb84_s0.20_b0.10_0.90,dynamic,84.0,0.2,0.1,0.9,10_90,True,v2_selected,sp500-12m/same_sector_slide1m_noscreen,sp500-12m/same_sector_slide3m_noscreen,recent,4,2023-05-01,2023-05-01,B,0.11452507647709442,0.06839731132286286,0.07108154508185709,0.9658334367701478,-0.05100343072907232,413,1114525.076477094,114525.07647709409,668,0.5793413173652695,171.444725265112,375.09507232088146,617195.7292237713,579219.5180429197,2270735.4056062754,0.5997564123325002,0.565246471249891,2.1683975557360804,0.5968520229265316,2.1683975557360804,0.0004577254075783337,0.0004605034657672705,411,411,6,1.2,0.19999999999999998,0.20000000000000007,0.0,0.7021791767554479,0.14769975786924938,0,14,3,1200333.1279320312,732406.6543314089,0.7324066543314088,20,0.0,-7.112248567864299e-10
per_start,lb84_s0.20_b0.10_0.90,dynamic,84.0,0.2,0.1,0.9,10_90,True,v2_selected,sp500-12m/same_sector_slide1m_noscreen,sp500-12m/same_sector_slide3m_noscreen,historical,0,2014-01-01,2014-01-01,A,0.18950290839547113,0.03554604754584312,0.046941862374805764,0.7675836096020056,-0.06502945369689828,1252,1189502.9083954724,189502.90839547245,2141,0.5361980382998599,88.51140046495739,70.77843229864536,691235.0141731525,647206.8068664239,2321352.2210542215,0.6190564204036769,0.5721556323795742,1.874619530312673,0.6165841503541415,1.874619530312673,0.0002613855058736662,0.00033830043192399075,1247,1247,22,4.4,0.20000000000000007,0.20000000000000007,0.3011182108626198,0.402555910543131,0.10942492012779553,18,24,6,5113557.937237544,1029246.4857698571,1.0292464857698571,59,0.0,-1.3096723705530167e-09
per_start,lb84_s0.20_b0.10_0.90,dynamic,84.0,0.2,0.1,0.9,10_90,True,v2_selected,sp500-12m/same_sector_slide1m_noscreen,sp500-12m/same_sector_slide3m_noscreen,historical,0,2014-01-01,2014-01-01,B,0.19089356260454626,0.03578961350911736,0.046678291953246326,0.7766920373570624,-0.06240545386267837,1252,1190893.5626045489,190893.56260454888,2141,0.5361980382998599,89.16093535943573,70.30127495268911,687893.6140533698,643872.6550080685,2239626.652033389,0.6200586651272503,0.5691553793678297,1.821569058046553,0.6175823925029401,1.821569058046553,0.0002616210807494657,0.0003186245615928264,1247,1247,22,4.4,0.20000000000000007,0.20000000000000007,0.3011182108626198,0.402555910543131,0.10942492012779553,18,24,6,5083498.670848973,1023196.2180942022,1.0231962180942022,59,0.0,-2.9976945370435715e-09
per_start,lb84_s0.30_b0.20_0.80,dynamic,84.0,0.3,0.2,0.8,20_80,True,v2_selected,sp500-12m/same_sector_slide1m_noscreen,sp500-12m/same_sector_slide3m_noscreen,recent,0,2023-01-01,2023-01-01,A,0.20654503023295412,0.10009293790810037,0.06948049548845364,1.4074639963938589,-0.03461325809264826,496,1206545.0302329543,206545.0302329543,830,0.5783132530120482,248.84943401560577,223.83001198630805,706354.687926088,629195.9395766535,2599598.6707152915,0.6460016092646376,0.564351147834059,2.293623021561025,0.6433967640659899,2.293623021561025,0.00037517121097705765,0.0001528154223863837,494,494,7,2.1,0.3000000000000001,0.30000000000000004,0.38306451612903225,0.4092741935483871,0.20766129032258066,9,10,4,2342069.724177673,1189922.5211547855,1.1899225211547855,23,0.0,1.5425030142068863e-09
per_start,lb84_s0.30_b0.20_0.80,dynamic,84.0,0.3,0.2,0.8,20_80,True,v2_selected,sp500-12m/same_sector_slide1m_noscreen,sp500-12m/same_sector_slide3m_noscreen,recent,0,2023-01-01,2023-01-01,B,0.20745235470696688,0.10051316787923725,0.069716763652169,1.4084183354671864,-0.034868677017434124,496,1207452.3547069635,207452.35470696352,830,0.5783132530120482,249.94259603248466,241.0631991111279,702931.2363162767,628108.029998151,2600252.370726484,0.6424147919501908,0.5598993599546038,2.28551952761601,0.6398244097245853,2.28551952761601,0.00038028788325056626,0.00014591333995529922,494,494,7,2.1,0.3000000000000001,0.30000000000000004,0.38306451612903225,0.4092741935483871,0.20766129032258066,9,10,4,2350936.7827815474,1194427.5589938508,1.194427558993851,23,0.0,1.2951204553246498e-09
per_start,lb84_s0.30_b0.20_0.80,dynamic,84.0,0.3,0.2,0.8,20_80,True,v2_selected,sp500-12m/same_sector_slide1m_noscreen,sp500-12m/same_sector_slide3m_noscreen,recent,1,2023-02-01,2023-02-01,A,0.10370759513103378,0.05374418558023919,0.0654329771027802,0.832259384027707,-0.03576546924520152,475,1103707.595131033,103707.5951310331,773,0.5640362225097024,134.16247753044266,326.0016789317413,599633.1455833501,532334.8825608875,2188175.260085154,0.5865187828246343,0.5241721355522571,2.101490005108283,0.5840492300548463,2.101490005108283,0.0002130759666029737,0.00023753469258710273,473,473,5,1.5,0.30000000000000004,0.30000000000000004,0.042105263157894736,0.7894736842105263,0.16842105263157894,1,18,4,1491686.631075593,791379.0126969462,0.7913790126969462,23,0.0,9.1313268058002e-10
per_start,lb84_s0.30_b0.20_0.80,dynamic,84.0,0.3,0.2,0.8,20_80,True,v2_selected,sp500-12m/same_sector_slide1m_noscreen,sp500-12m/same_sector_slide3m_noscreen,recent,1,2023-02-01,2023-02-01,B,0.08837794730574178,0.04595407563956355,0.06600197135337392,0.7132137617742467,-0.046785031553681966,475,1088377.9473057413,88377.94730574125,773,0.5640362225097024,114.33110906305463,320.411059223344,600281.3280640962,519035.5326912932,2156910.2003345545,0.5946757593591725,0.5184552263004797,2.0959794846223407,0.5921718614250286,2.0959794846223407,0.00019378305422206317,0.00022925649309408388,473,473,5,1.5,0.30000000000000004,0.30000000000000004,0.042105263157894736,0.7894736842105263,0.16842105263157894,1,18,4,1476659.5650159277,783406.7587031869,0.783406758703187,23,0.0,5.4569682106375694e-11
per_start,lb84_s0.30_b0.20_0.80,dynamic,84.0,0.3,0.2,0.8,20_80,True,v2_selected,sp500-12m/same_sector_slide1m_noscreen,sp500-12m/same_sector_slide3m_noscreen,recent,2,2023-03-01,2023-03-01,A,0.24483804776588514,0.13109994239678002,0.08343182801137748,1.5177792463352808,-0.04466057560971026,448,1244838.047765884,244838.04776588408,748,0.5935828877005348,327.3235932698942,275.9767016914233,653258.3585595698,559565.727841656,3070485.2690425087,0.5925683827163943,0.5130505436923967,2.651202150127814,0.5859548963021488,2.651202150127814,0.0006623227821221276,0.0004230081248949388,443,443,9,2.7,0.30000000000000004,0.30000000000000004,0.40401785714285715,0.3325892857142857,0.26339285714285715,9,7,5,3083469.7010052353,1734451.7068154449,1.7344517068154448,21,0.0,3.14321368932724e-09
per_start,lb84_s0.30_b0.20_0.80,dynamic,84.0,0.3,0.2,0.8,20_80,True,v2_selected,sp500-12m/same_sector_slide1m_noscreen,sp500-12m/same_sector_slide3m_noscreen,recent,2,2023-03-01,2023-03-01,B,0.2413618974418874,0.12932217570554294,0.08369969624505831,1.494388095860874,-0.044583092309033345,448,1241361.8974418892,241361.89744188916,748,0.5935828877005348,322.676333478461,274.52651245781715,663984.7416602967,569146.8655313653,3066341.915738918,0.604518111947049,0.5221496341420812,2.6487062815424256,0.5977712580190685,2.6487062815424256,0.0006582333154706064,0.0004257717473387879,443,443,9,2.7,0.30000000000000004,0.30000000000000004,0.40401785714285715,0.3325892857142857,0.26339285714285715,9,7,5,3082737.689438746,1734039.9503092947,1.7340399503092947,21,0.0,3.2014213502407074e-10
per_start,lb84_s0.30_b0.20_0.80,dynamic,84.0,0.3,0.2,0.8,20_80,True,v2_selected,sp500-12m/same_sector_slide1m_noscreen,sp500-12m/same_sector_slide3m_noscreen,recent,3,2023-04-01,2023-04-01,A,0.19456729272648277,0.11008054102256182,0.07230863700358595,1.480112512961842,-0.03483603174624261,429,1194567.292726483,194567.29272648296,715,0.5902097902097903,272.1220877293456,340.7416954238112,691095.7994949012,623436.4810531524,2573791.6683077756,0.6286195737380393,0.5628393368666401,2.2936230215610247,0.6256889463546452,2.2936230215610247,0.0003591978392082653,0.00014781408401157346,427,427,9,2.7,0.30000000000000004,0.30000000000000004,0.24242424242424243,0.4731934731934732,0.28438228438228436,5,10,5,2971453.0886587948,1745468.9471841871,1.7454689471841873,20,0.0,9.167706593871117e-10
per_start,lb84_s0.30_b0.20_0.80,dynamic,84.0,0.3,0.2,0.8,20_80,True,v2_selected,sp500-12m/same_sector_slide1m_noscreen,sp500-12m/same_sector_slide3m_noscreen,recent,3,2023-04-01,2023-04-01,B,0.18689411102602693,0.10588643454558544,0.07232254163260499,1.4274918653866033,-0.0369837444314447,429,1186894.1110260268,186894.11102602677,715,0.5902097902097903,261.3903650713661,341.1153191652332,685128.468143717,626697.3476589738,2555980.1295394185,0.6265940425626421,0.5639704692022206,2.2855195276158997,0.6236728582150307,2.2855195276158997,0.00034775968160433363,0.00014534209785972701,427,427,9,2.7,0.30000000000000004,0.30000000000000004,0.24242424242424243,0.4731934731934732,0.28438228438228436,5,10,5,2963908.723284797,1741037.2919994611,1.7410372919994612,20,0.0,1.4551915228366852e-11
per_start,lb84_s0.30_b0.20_0.80,dynamic,84.0,0.3,0.2,0.8,20_80,True,v2_selected,sp500-12m/same_sector_slide1m_noscreen,sp500-12m/same_sector_slide3m_noscreen,recent,4,2023-05-01,2023-05-01,A,0.1229779172067178,0.07333422892985464,0.06798727546537794,1.074414578019699,-0.035253159905917264,413,1122977.9172067184,122977.91720671835,668,0.5793413173652695,184.0986784531743,364.8069248736474,602523.7531618258,532527.4955020187,2226379.982246992,0.5772590038093937,0.5199614496584998,2.101490005108283,0.5744635606916726,2.101490005108283,0.00046756244694231826,0.00046600118777937014,411,411,5,1.5,0.30000000000000004,0.30000000000000004,0.048426150121065374,0.7554479418886199,0.19612590799031476,1,15,4,1524974.4817799646,930492.9041369276,0.9304929041369276,20,0.0,-2.0845618564635515e-09
per_start,lb84_s0.30_b0.20_0.80,dynamic,84.0,0.3,0.2,0.8,20_80,True,v2_selected,sp500-12m/same_sector_slide1m_noscreen,sp500-12m/same_sector_slide3m_noscreen,recent,4,2023-05-01,2023-05-01,B,0.09959990360107152,0.05964441075241833,0.07143960988762141,0.8461653981089002,-0.050924274771461775,413,1099599.9036010741,99599.90360107413,668,0.5793413173652695,149.10165209741652,356.43089158065925,602307.1547524871,558067.0343930186,2179149.4896071604,0.5881489807399436,0.5425021196805951,2.0959794846283324,0.585300801656457,2.0959794846283324,0.0004310492937694084,0.0003827119809686755,411,411,5,1.5,0.30000000000000004,0.30000000000000004,0.048426150121065374,0.7554479418886199,0.19612590799031476,1,15,4,1503152.081911441,917177.541505286,0.9171775415052861,20,0.0,-9.094947017729282e-11
per_start,lb84_s0.30_b0.20_0.80,dynamic,84.0,0.3,0.2,0.8,20_80,True,v2_selected,sp500-12m/same_sector_slide1m_noscreen,sp500-12m/same_sector_slide3m_noscreen,historical,0,2014-01-01,2014-01-01,A,0.16992026417643324,0.03209186122679708,0.04599884723981357,0.7097276165612569,-0.060665222589671,1252,1169920.2641764355,169920.26417643554,2141,0.5361980382998599,79.36490620104695,106.88133685941173,686342.4182161542,656214.7550741027,2156617.3717315244,0.6218295408867135,0.5795272473197819,1.7738721349352082,0.6193461960748656,1.7738721349352082,0.000228986282877293,0.00033273207154107056,1247,1247,15,4.5,0.29999999999999993,0.30000000000000004,0.3801916932907348,0.4720447284345048,0.1477635782747604,23,28,8,5191174.483834194,1044868.985564071,1.044868985564071,59,0.0,-5.995389074087143e-09
per_start,lb84_s0.30_b0.20_0.80,dynamic,84.0,0.3,0.2,0.8,20_80,True,v2_selected,sp500-12m/same_sector_slide1m_noscreen,sp500-12m/same_sector_slide3m_noscreen,historical,0,2014-01-01,2014-01-01,B,0.1759087428381152,0.033153040674155365,0.045662058297355756,0.7371314264470167,-0.06067127380130588,1252,1175908.7428381166,175908.7428381166,2141,0.5361980382998599,82.16195368431384,105.06740403019982,680596.2096805474,650732.9198323749,2033957.3294421842,0.6213248145671901,0.5747976718493011,1.7262181256948315,0.618843485435532,1.7262181256948315,0.00023066761612800855,0.0003289782777490366,1247,1247,15,4.5,0.29999999999999993,0.30000000000000004,0.3801916932907348,0.4720447284345048,0.1477635782747604,23,28,8,5156503.053823648,1037890.3910252071,1.037890391025207,59,0.0,6.111804395914078e-10
per_start,lb105_s0.10_b0.40_0.60,dynamic,105.0,0.1,0.4,0.6,40_60,True,v2_selected,sp500-12m/same_sector_slide1m_noscreen,sp500-12m/same_sector_slide3m_noscreen,recent,0,2023-01-01,2023-01-01,A,0.2077027467196919,0.10062911031654553,0.06706351813965832,1.4630931168489685,-0.04232202406298824,496,1207702.7467196903,207702.74671969027,830,0.5783132530120482,250.24427315625368,349.87352691876765,707754.1949752315,636359.153136415,2612566.6812678208,0.6520374661519385,0.5722756189180771,2.3390973401436645,0.6494082828206806,2.3390973401436645,0.0003531903206487568,0.0003208336392375964,494,494,7,0.6999999999999998,0.09999999999999998,0.09999999999999998,0.4657258064516129,0.3165322580645161,0.21774193548387097,11,8,4,779373.6426325124,395972.09262780874,0.39597209262780875,23,0.0,-2.473825588822365e-10
per_start,lb105_s0.10_b0.40_0.60,dynamic,105.0,0.1,0.4,0.6,40_60,True,v2_selected,sp500-12m/same_sector_slide1m_noscreen,sp500-12m/same_sector_slide3m_noscreen,recent,0,2023-01-01,2023-01-01,B,0.20993926179902922,0.10166419039788588,0.067505250708718,1.4678965844926626,-0.04269808312190437,496,1209939.261799029,209939.26179902907,830,0.5783132530120482,252.93886963738333,360.66934699019856,711296.1078899587,636480.6914823381,2615988.6770507665,0.6543364070423894,0.5886464225296026,2.331308986642911,0.6516979537881862,2.331308986642911,0.00036161140143909775,0.00027657929347032573,494,494,7,0.6999999999999998,0.09999999999999998,0.09999999999999998,0.4657258064516129,0.3165322580645161,0.21774193548387097,11,8,4,782891.518381857,397759.40046820155,0.3977594004682016,23,0.0,9.313225746154785e-10
per_start,lb105_s0.10_b0.40_0.60,dynamic,105.0,0.1,0.4,0.6,40_60,True,v2_selected,sp500-12m/same_sector_slide1m_noscreen,sp500-12m/same_sector_slide3m_noscreen,recent,1,2023-02-01,2023-02-01,A,0.08604608819931503,0.04476458586542709,0.06702657448101862,0.6863349889984427,-0.04715526069818643,475,1086046.088199313,86046.08819931303,773,0.5640362225097024,111.31447373778985,360.1754273566925,586985.8047439783,523311.6706413331,2029842.3640185518,0.5789801939838874,0.5095428994601628,1.9557040181970111,0.5765423826407974,1.9557040181970111,0.00021661600852295652,0.00030221580734019507,473,473,3,0.29999999999999993,0.09999999999999998,0.09999999999999998,0.0,0.8736842105263158,0.12631578947368421,0,20,3,296099.99447504006,157088.8391741265,0.1570888391741265,23,0.0,1.469743438065052e-09
per_start,lb105_s0.10_b0.40_0.60,dynamic,105.0,0.1,0.4,0.6,40_60,True,v2_selected,sp500-12m/same_sector_slide1m_noscreen,sp500-12m/same_sector_slide3m_noscreen,recent,1,2023-02-01,2023-02-01,B,0.07401879078494478,0.03861028346549178,0.0673841932055385,0.595367565938409,-0.05609038114794662,475,1074018.7907849466,74018.79078494664,773,0.5640362225097024,95.75522740614142,350.50534580596303,588192.8686003408,527504.6138609172,2003878.014770272,0.586079548335983,0.5341285979451708,1.9557040181970111,0.5836118449745683,1.9557040181970111,0.00020444477794911035,0.00026383022680233006,473,473,3,0.29999999999999993,0.09999999999999998,0.09999999999999998,0.0,0.8736842105263158,0.12631578947368421,0,20,3,293842.67794595496,155891.27335238032,0.15589127335238032,23,0.0,-6.96672941558063e-10
per_start,lb105_s0.10_b0.40_0.60,dynamic,105.0,0.1,0.4,0.6,40_60,True,v2_selected,sp500-12m/same_sector_slide1m_noscreen,sp500-12m/same_sector_slide3m_noscreen,recent,2,2023-03-01,2023-03-01,A,0.251401823190859,0.13445086513968696,0.07881917236780844,1.639499941405353,-0.04162636405634612,448,1251401.8231908611,251401.82319086115,748,0.5935828877005348,336.0986941054303,423.4340961028331,641466.9291733012,557528.6356136254,2933143.285433097,0.5816573216252742,0.5110422286760429,2.5502499969383727,0.5751656104464207,2.5502499969383727,0.0007041563425241326,0.0004231128292407288,443,443,7,0.6999999999999998,0.09999999999999998,0.09999999999999998,0.44642857142857145,0.328125,0.22544642857142858,10,7,4,783767.2199777848,440869.06123750395,0.44086906123750397,21,0.0,-6.984919309616089e-10
per_start,lb105_s0.10_b0.40_0.60,dynamic,105.0,0.1,0.4,0.6,40_60,True,v2_selected,sp500-12m/same_sector_slide1m_noscreen,sp500-12m/same_sector_slide3m_noscreen,recent,2,2023-03-01,2023-03-01,B,0.24962979797419838,0.13354697441868835,0.07905218770536217,1.6248143576641865,-0.04150332183455718,448,1249629.7979741984,249629.79797419836,748,0.5935828877005348,333.72967643609485,409.18106598718634,648096.8929876614,567668.9614436236,2930780.7995530628,0.5894573795153918,0.5191608118153547,2.546809984925793,0.5828786141190146,2.546809984925793,0.0007025385648009761,0.00042662394366903137,443,443,7,0.6999999999999998,0.09999999999999998,0.09999999999999998,0.44642857142857145,0.328125,0.22544642857142858,10,7,4,784582.478443695,441327.64412457845,0.4413276441245785,21,0.0,-5.820766091346741e-10
per_start,lb105_s0.10_b0.40_0.60,dynamic,105.0,0.1,0.4,0.6,40_60,True,v2_selected,sp500-12m/same_sector_slide1m_noscreen,sp500-12m/same_sector_slide3m_noscreen,recent,3,2023-04-01,2023-04-01,A,0.21326381234552372,0.12025364905331148,0.07101046009926078,1.6344602846395067,-0.04002010274085832,429,1213263.8123455243,213263.81234552432,715,0.5902097902097903,298.27106621751216,400.6473478370013,703104.4787462564,635465.5215104567,2624596.6735865907,0.6365762882345172,0.5641881661621653,2.339097340143665,0.6336085666110463,2.339097340143665,0.0003728906851091294,0.0002028657331164093,427,427,9,0.8999999999999998,0.09999999999999998,0.09999999999999998,0.2913752913752914,0.4195804195804196,0.289044289044289,6,9,5,998670.4499464981,586631.5929755653,0.5866315929755653,20,0.0,3.14321368932724e-09
per_start,lb105_s0.10_b0.40_0.60,dynamic,105.0,0.1,0.4,0.6,40_60,True,v2_selected,sp500-12m/same_sector_slide1m_noscreen,sp500-12m/same_sector_slide3m_noscreen,recent,3,2023-04-01,2023-04-01,B,0.20675378109586373,0.11671881424649944,0.07128940149762826,1.5840009636060628,-0.04196100048396201,429,1206753.781095864,206753.78109586402,715,0.5902097902097903,289.1661274068004,405.2907908387085,702770.9579915489,645644.024836365,2609101.3877696395,0.6393312601382268,0.5937697603746867,2.3313089719652176,0.6363506948228971,2.3313089719652176,0.00035436931674441715,0.00019358304802944695,427,427,9,0.8999999999999998,0.09999999999999998,0.09999999999999998,0.2913752913752914,0.4195804195804196,0.289044289044289,6,9,5,996870.870934724,585574.4976120057,0.5855744976120058,20,0.0,1.7462298274040222e-09
per_start,lb105_s0.10_b0.40_0.60,dynamic,105.0,0.1,0.4,0.6,40_60,True,v2_selected,sp500-12m/same_sector_slide1m_noscreen,sp500-12m/same_sector_slide3m_noscreen,recent,4,2023-05-01,2023-05-01,A,0.11080820047135775,0.06622183603465626,0.069639932002104,0.9550483081503748,-0.039278300178014036,413,1110808.2004713593,110808.2004713593,668,0.5793413173652695,165.88053962778022,428.5350033751252,588807.7935604327,530235.1860179002,2076123.2585943188,0.5665564944321664,0.5107295477777993,1.9546327888849553,0.5638128794470226,1.9546327888849553,0.00048826428902596855,0.00047965013610747504,411,411,3,0.29999999999999993,0.09999999999999998,0.09999999999999998,0.0,0.8523002421307506,0.14769975786924938,0,17,3,304741.72582194995,185944.1038913593,0.18594410389135932,20,0.0,2.1609594114124775e-09
per_start,lb105_s0.10_b0.40_0.60,dynamic,105.0,0.1,0.4,0.6,40_60,True,v2_selected,sp500-12m/same_sector_slide1m_noscreen,sp500-12m/same_sector_slide3m_noscreen,recent,4,2023-05-01,2023-05-01,B,0.09456031754694161,0.05667849078179388,0.0723207998970245,0.7979576915727847,-0.051082560116125664,413,1094560.3175469397,94560.31754693971,668,0.5793413173652695,141.55736159721536,410.35397078470334,589840.2033303637,550999.6749475393,2042203.893446332,0.5752555907309412,0.5429487201195724,1.9485269205035423,0.5724698493714694,1.9485269205035423,0.00046277793002339195,0.00047161713234650406,411,411,3,0.29999999999999993,0.09999999999999998,0.09999999999999998,0.0,0.8523002421307506,0.14769975786924938,0,17,3,302356.9240721054,184488.9706202677,0.1844889706202677,20,0.0,-1.7644197214394808e-10
per_start,lb105_s0.10_b0.40_0.60,dynamic,105.0,0.1,0.4,0.6,40_60,True,v2_selected,sp500-12m/same_sector_slide1m_noscreen,sp500-12m/same_sector_slide3m_noscreen,historical,0,2014-01-01,2014-01-01,A,0.12844038142199055,0.024619906420204174,0.0459222450995427,0.5526097122473297,-0.05997281548387101,1252,1128440.3814219907,128440.38142199069,2141,0.5361980382998599,59.990836722088254,167.9178060316738,680071.470455669,652954.8905149419,2062090.7594309722,0.6295591016511793,0.6071402044322303,1.7665893005799707,0.6270448879864382,1.7665893005799707,0.00018108549016458716,0.000279912464751353,1247,1247,17,1.6999999999999997,0.09999999999999998,0.09999999999999998,0.3498402555910543,0.48961661341853036,0.16054313099041534,21,29,9,1894832.081983876,381387.9270446779,0.3813879270446779,59,0.0,-2.6193447411060333e-10
per_start,lb105_s0.10_b0.40_0.60,dynamic,105.0,0.1,0.4,0.6,40_60,True,v2_selected,sp500-12m/same_sector_slide1m_noscreen,sp500-12m/same_sector_slide3m_noscreen,historical,0,2014-01-01,2014-01-01,B,0.1339068523546092,0.025617029701316074,0.04565253913948454,0.576910677616346,-0.0596568420029735,1252,1133906.8523546115,133906.8523546115,2141,0.5361980382998599,62.54406929220699,166.05799535470462,676957.0858280801,638404.3936967324,2045100.0894367853,0.6296275524529368,0.6024240346270019,1.7610453298501543,0.6271130654223739,1.7610453298501543,0.00018303694024174368,0.00027355840656781254,1247,1247,17,1.6999999999999997,0.09999999999999998,0.09999999999999998,0.3498402555910543,0.48961661341853036,0.16054313099041534,21,29,9,1886986.8913655921,379808.86311831407,0.379808863118314,59,0.0,-3.6670826375484467e-09
per_start,lb105_s0.10_b0.30_0.70,dynamic,105.0,0.1,0.3,0.7,30_70,True,v2_selected,sp500-12m/same_sector_slide1m_noscreen,sp500-12m/same_sector_slide3m_noscreen,recent,0,2023-01-01,2023-01-01,A,0.19518230700696604,0.09481703606480196,0.06888115606089108,1.349340365908894,-0.0471359979270386,496,1195182.3070069682,195182.30700696819,830,0.5783132530120482,235.1594060324923,293.6412066519006,710626.9394790458,649692.4062325116,2578929.664383051,0.6567947595397408,0.5830661040981213,2.316380055893393,0.6541463935738546,2.316380055893393,0.0003148699072399931,0.00014233160003382334,494,494,13,1.2999999999999998,0.09999999999999999,0.10000000000000003,0.3407258064516129,0.16330645161290322,0.20161290322580644,8,4,4,1432596.7246957612,727851.5617405884,0.7278515617405884,23,0.0,-4.656612873077393e-10
per_start,lb105_s0.10_b0.30_0.70,dynamic,105.0,0.1,0.3,0.7,30_70,True,v2_selected,sp500-12m/same_sector_slide1m_noscreen,sp500-12m/same_sector_slide3m_noscreen,recent,0,2023-01-01,2023-01-01,B,0.19826050103365755,0.09624872078581403,0.06932852879962983,1.3599432579716784,-0.04755748642604862,496,1198260.5010336558,198260.50103365583,830,0.5783132530120482,238.86807353452602,318.6791414406165,714946.2425712155,647222.8651245637,2582438.9187194803,0.6594635353456538,0.5878209707718707,2.3082909981603033,0.656804408187002,2.3082909981603033,0.0003244461913372751,0.0001376525028757856,494,494,13,1.2999999999999998,0.09999999999999999,0.10000000000000003,0.3407258064516129,0.16330645161290322,0.20161290322580644,8,4,4,1439383.6890175988,731299.7774847478,0.7312997774847478,23,0.0,-7.8580342233181e-10
per_start,lb105_s0.10_b0.30_0.70,dynamic,105.0,0.1,0.3,0.7,30_70,True,v2_selected,sp500-12m/same_sector_slide1m_noscreen,sp500-12m/same_sector_slide3m_noscreen,recent,1,2023-02-01,2023-02-01,A,0.09984942155971943,0.05178837549401116,0.06617766769884,0.7955531705147836,-0.044713944897338154,475,1099849.4215597194,99849.42155971937,773,0.5640362225097024,129.17130861542222,381.3936850322255,598055.3692206908,541613.8039102101,2118554.1954426263,0.5868366078615654,0.5320235105905793,2.0281070945727184,0.5843657168810957,2.0281070945727184,0.00022778833522395583,0.00027108973108769523,473,473,4,0.3999999999999999,0.09999999999999998,0.09999999999999998,0.0,0.8273684210526315,0.08421052631578947,0,19,2,394574.37424317084,209332.08907216642,0.2093320890721664,23,0.0,-1.991793396882713e-09
per_start,lb105_s0.10_b0.30_0.70,dynamic,105.0,0.1,0.3,0.7,30_70,True,v2_selected,sp500-12m/same_sector_slide1m_noscreen,sp500-12m/same_sector_slide3m_noscreen,recent,1,2023-02-01,2023-02-01,B,0.0868298507809182,0.04516451965068047,0.06650227009233217,0.6969880086533556,-0.053893024834182346,475,1086829.8507809194,86829.85078091943,773,0.5640362225097024,112.32839687052792,376.25276979489155,597489.1262832577,538824.7646290978,2090198.1310664846,0.5926769274438461,0.5426348747216161,2.0212871402179555,0.5901814456440826,2.0212871402179555,0.00021531795066014425,0.00024029182100810057,473,473,4,0.3999999999999999,0.09999999999999998,0.09999999999999998,0.0,0.8273684210526315,0.08421052631578947,0,19,2,391347.18744340865,207619.98154892417,0.20761998154892417,23,0.0,1.3278622645884752e-09
per_start,lb105_s0.10_b0.30_0.70,dynamic,105.0,0.1,0.3,0.7,30_70,True,v2_selected,sp500-12m/same_sector_slide1m_noscreen,sp500-12m/same_sector_slide3m_noscreen,recent,2,2023-03-01,2023-03-01,A,0.24566225404461495,0.13152113786183572,0.08086527848918901,1.5679939020997256,-0.043142652943197746,448,1245662.2540446136,245662.25404461357,748,0.5935828877005348,328.42547332167925,400.46378178474953,641264.9584315929,549332.9420876073,2984529.9192831675,0.5834073067313402,0.5096443054059939,2.60071359840563,0.5768960644687137,2.60071359840563,0.0006904446752807221,0.0004454119134748867,443,443,13,1.2999999999999998,0.09999999999999999,0.10000000000000003,0.27232142857142855,0.18526785714285715,0.20982142857142858,6,4,4,1451493.2420386493,816464.9486467403,0.8164649486467402,21,0.0,-2.5029294192790985e-09
per_start,lb105_s0.10_b0.30_0.70,dynamic,105.0,0.1,0.3,0.7,30_70,True,v2_selected,sp500-12m/same_sector_slide1m_noscreen,sp500-12m/same_sector_slide3m_noscreen,recent,2,2023-03-01,2023-03-01,B,0.24350473594116995,0.13041831948803861,0.08109929886841141,1.5516754811129596,-0.043042419185514214,448,1243504.7359411696,243504.73594116955,748,0.5935828877005348,325.54109083043954,390.16477227857484,647778.5837323572,567101.2294617139,2982696.850377494,0.5911292751190623,0.5218310637150012,2.5977675446947126,0.584531850173537,2.5977675446947126,0.0006884357823084717,0.00044581795014214345,443,443,13,1.2999999999999998,0.09999999999999999,0.10000000000000003,0.27232142857142855,0.18526785714285715,0.20982142857142858,6,4,4,1452653.4294179631,817117.5540476043,0.8171175540476043,21,0.0,7.566995918750763e-10
per_start,lb105_s0.10_b0.30_0.70,dynamic,105.0,0.1,0.3,0.7,30_70,True,v2_selected,sp500-12m/same_sector_slide1m_noscreen,sp500-12m/same_sector_slide3m_noscreen,recent,3,2023-04-01,2023-04-01,A,0.20444685202612867,0.11546430447795131,0.07174368877250106,1.5587041263483794,-0.038187695173930614,429,1204446.8520261305,204446.85202613054,715,0.5902097902097903,285.9396531834021,435.001711670702,700924.2116096126,644252.3184766232,2598920.430508303,0.6359548857093258,0.5756634430613465,2.316380055892996,0.6329900610673244,2.316380055892996,0.00034880309779156154,0.00014130518145547772,427,427,13,1.2999999999999998,0.09999999999999999,0.10000000000000003,0.0979020979020979,0.28438228438228436,0.2773892773892774,2,6,5,1455633.80053575,855057.6170979232,0.8550576170979232,20,0.0,-1.949956640601158e-09
per_start,lb105_s0.10_b0.30_0.70,dynamic,105.0,0.1,0.3,0.7,30_70,True,v2_selected,sp500-12m/same_sector_slide1m_noscreen,sp500-12m/same_sector_slide3m_noscreen,recent,3,2023-04-01,2023-04-01,B,0.19868076811487456,0.11232436044228788,0.07204284621387508,1.5133948525361098,-0.04009035735021482,429,1198680.768114877,198680.76811487693,715,0.5902097902097903,277.87520016066355,437.5463402223652,701610.1920193967,651363.8295383885,2583343.044407659,0.6394194272946653,0.5893556237445235,2.308289600940907,0.636438450943641,2.308289600940907,0.0003304141933180859,0.00014303691482860917,427,427,13,1.2999999999999998,0.09999999999999999,0.10000000000000003,0.0979020979020979,0.28438228438228436,0.2773892773892774,2,6,5,1452357.6235776031,853133.1495141166,0.8531331495141166,20,0.0,2.459273673593998e-09
per_start,lb105_s0.10_b0.30_0.70,dynamic,105.0,0.1,0.3,0.7,30_70,True,v2_selected,sp500-12m/same_sector_slide1m_noscreen,sp500-12m/same_sector_slide3m_noscreen,recent,4,2023-05-01,2023-05-01,A,0.12145134249364986,0.07244370119918342,0.069070246546526,1.046620217080473,-0.03760064402637198,413,1121451.3424936475,121451.34249364748,668,0.5793413173652695,181.8133869665408,453.2162796437408,602199.087283971,541887.6832280953,2160164.291631332,0.5775283963148743,0.5164447007883916,2.028107094572719,0.574731648632962,2.028107094572719,0.0004923029823575171,0.0004760020649345696,411,411,4,0.3999999999999999,0.09999999999999998,0.09999999999999998,0.0,0.7990314769975787,0.09927360774818401,0,16,2,404588.1093785779,246867.32097675942,0.24686732097675942,20,0.0,-1.7425918485969305e-09
per_start,lb105_s0.10_b0.30_0.70,dynamic,105.0,0.1,0.3,0.7,30_70,True,v2_selected,sp500-12m/same_sector_slide1m_noscreen,sp500-12m/same_sector_slide3m_noscreen,recent,4,2023-05-01,2023-05-01,B,0.1043816223204106,0.06245367405411817,0.07173154251415853,0.8799289174331184,-0.051082560116125664,413,1104381.6223204099,104381.62232040986,668,0.5793413173652695,156.2599136533073,432.6681573694241,601468.1799158985,565301.3962766796,2123953.810527961,0.5850156081021356,0.5552151085946802,2.021287140220846,0.5821826027360235,2.021287140220846,0.000466796821842421,0.00047181936917381636,411,411,4,0.3999999999999999,0.09999999999999998,0.09999999999999998,0.0,0.7990314769975787,0.09927360774818401,0,16,2,400906.08557344263,244620.6623837955,0.2446206623837955,20,0.0,6.093614501878619e-10
per_start,lb105_s0.10_b0.30_0.70,dynamic,105.0,0.1,0.3,0.7,30_70,True,v2_selected,sp500-12m/same_sector_slide1m_noscreen,sp500-12m/same_sector_slide3m_noscreen,historical,0,2014-01-01,2014-01-01,A,0.14929255212915016,0.028403026483482252,0.04622745212819419,0.6289901453949633,-0.06273697927174848,1252,1149292.552129152,149292.552129152,2141,0.5361980382998599,69.73029057877422,158.11562120710627,686240.1723708708,663523.426799825,2239329.394632221,0.6282363466471408,0.6111212662189488,1.8827720348909325,0.6257274155503072,1.8827720348909325,0.00021317057983394788,0.00031715502699671455,1247,1247,23,2.3,0.1,0.10000000000000003,0.26757188498402557,0.3865814696485623,0.14616613418530353,16,23,8,2582483.9378058007,519797.08652321226,0.5197970865232123,59,0.0,-3.637978807091713e-09
per_start,lb105_s0.10_b0.30_0.70,dynamic,105.0,0.1,0.3,0.7,30_70,True,v2_selected,sp500-12m/same_sector_slide1m_noscreen,sp500-12m/same_sector_slide3m_noscreen,historical,0,2014-01-01,2014-01-01,B,0.1545932226889022,0.02935595719469042,0.04592833826897755,0.6529531742369439,-0.06264273298175016,1252,1154593.2226889005,154593.22268890054,2141,0.5361980382998599,72.20608252634278,152.56559554509062,682917.0001998506,656172.8323231142,2221879.299488344,0.628278133971471,0.6012758156842791,1.8781665130531313,0.6257690359923517,1.8781665130531313,0.00021507768312153513,0.00031563737451430684,1247,1247,23,2.3,0.1,0.10000000000000003,0.26757188498402557,0.3865814696485623,0.14616613418530353,16,23,8,2571200.858336831,517526.05135853146,0.5175260513585315,59,0.0,6.257323548197746e-10
per_start,lb105_s0.10_b0.20_0.80,dynamic,105.0,0.1,0.2,0.8,20_80,True,v2_selected,sp500-12m/same_sector_slide1m_noscreen,sp500-12m/same_sector_slide3m_noscreen,recent,0,2023-01-01,2023-01-01,A,0.18283288266252673,0.08905493297219835,0.07039478902341284,1.2467985202804488,-0.05222053895295431,496,1182832.8826625275,182832.8826625275,830,0.5783132530120482,220.28058152111788,250.0205052637269,711870.4199169141,648382.7065441721,2534710.09447193,0.6618882132418735,0.589844787314033,2.293623376220517,0.659219309156221,2.293623376220517,0.0002910337571088619,0.0001763027680757267,494,494,17,1.6999999999999997,0.09999999999999998,0.10000000000000003,0.21169354838709678,0.0846774193548387,0.20766129032258066,5,2,4,1852629.6888707983,941255.4064424218,0.9412554064424218,23,0.0,-3.346940502524376e-10
per_start,lb105_s0.10_b0.20_0.80,dynamic,105.0,0.1,0.2,0.8,20_80,True,v2_selected,sp500-12m/same_sector_slide1m_noscreen,sp500-12m/same_sector_slide3m_noscreen,recent,0,2023-01-01,2023-01-01,B,0.18600238748770348,0.09053660037137812,0.07084288941212866,1.2585649192458703,-0.052702793551844596,496,1186002.387487701,186002.3874877009,830,0.5783132530120482,224.09926203337633,266.7416285456825,716536.1260409503,656265.3741943983,2537659.9931050558,0.6647505154861694,0.599780119624528,2.2852857847528165,0.6620700698592091,2.2852857847528165,0.0003008992759072429,0.00017965106463666868,494,494,17,1.6999999999999997,0.09999999999999998,0.10000000000000003,0.21169354838709678,0.0846774193548387,0.20766129032258066,5,2,4,1861635.9269707305,945831.1564448067,0.9458311564448068,23,0.0,-1.4260876923799515e-09
per_start,lb105_s0.10_b0.20_0.80,dynamic,105.0,0.1,0.2,0.8,20_80,True,v2_selected,sp500-12m/same_sector_slide1m_noscreen,sp500-12m/same_sector_slide3m_noscreen,recent,1,2023-02-01,2023-02-01,A,0.11476343999961647,0.05933097926695563,0.0657099685014574,0.9095156120312293,-0.04140068720715806,475,1114763.4399996186,114763.43999961857,773,0.5640362225097024,148.46499353119947,407.883339153495,611339.7270287226,556492.395140853,2210095.380903653,0.5963666102679865,0.5533001069425032,2.101491114889031,0.593855592961595,2.101491114889031,0.00024266597534133472,0.0002736816947874958,473,473,5,0.4999999999999999,0.09999999999999998,0.09999999999999998,0.0,0.7810526315789473,0.08421052631578947,0,18,2,493619.49439347815,261878.13176243473,0.26187813176243474,23,0.0,1.355147105641663e-09
per_start,lb105_s0.10_b0.20_0.80,dynamic,105.0,0.1,0.2,0.8,20_80,True,v2_selected,sp500-12m/same_sector_slide1m_noscreen,sp500-12m/same_sector_slide3m_noscreen,recent,1,2023-02-01,2023-02-01,B,0.10089137885033761,0.05231688820892111,0.06598291294939534,0.8053339011623448,-0.050676668162751515,475,1100891.3788503374,100891.37885033735,773,0.5640362225097024,130.5192481893113,398.19076016890926,608758.2850547676,548401.9333589609,2179814.7699235296,0.6007101622597789,0.5470805944674793,2.094194973775917,0.5981808563134219,2.094194973775917,0.00023003743043852024,0.0002459278220871072,473,473,5,0.4999999999999999,0.09999999999999998,0.09999999999999998,0.0,0.7810526315789473,0.08421052631578947,0,18,2,489376.0022147003,259626.84749074627,0.25962684749074627,23,0.0,-2.7284841053187847e-10
per_start,lb105_s0.10_b0.20_0.80,dynamic,105.0,0.1,0.2,0.8,20_80,True,v2_selected,sp500-12m/same_sector_slide1m_noscreen,sp500-12m/same_sector_slide3m_noscreen,recent,2,2023-03-01,2023-03-01,A,0.2455558483129432,0.1314667680248005,0.08253621541525824,1.5372606958515267,-0.04466057638384968,448,1245555.8483129425,245555.84831294254,748,0.5935828877005348,328.2832196697121,325.088940323564,639622.0878434193,556084.4672668211,3038456.288986662,0.5831706562361282,0.5094457768850013,2.6512021501271907,0.5766620551620643,2.6512021501271907,0.0007082502277683583,0.0004231128292408222,443,443,17,1.6999999999999997,0.09999999999999998,0.10000000000000003,0.18080357142857142,0.049107142857142856,0.22098214285714285,4,1,4,1877364.0424973192,1056017.2739047422,1.0560172739047422,21,0.0,-2.1245796233415604e-09
per_start,lb105_s0.10_b0.20_0.80,dynamic,105.0,0.1,0.2,0.8,20_80,True,v2_selected,sp500-12m/same_sector_slide1m_noscreen,sp500-12m/same_sector_slide3m_noscreen,recent,2,2023-03-01,2023-03-01,B,0.24321320048862272,0.13026923655780465,0.08276650281817945,1.520414707094256,-0.04458310306404767,448,1243213.2004886223,243213.2004886223,748,0.5935828877005348,325.15133755163674,319.2787953377848,646225.4935886328,567100.0353797134,3036796.2287265686,0.5910158720550435,0.525835462014467,2.648705977867391,0.5844197127687148,2.648705977867391,0.0007061151370329833,0.00042453726119628965,443,443,17,1.6999999999999997,0.09999999999999998,0.10000000000000003,0.18080357142857142,0.049107142857142856,0.22098214285714285,4,1,4,1879003.9287916815,1056939.7099453209,1.0569397099453208,21,0.0,-1.979060471057892e-09
per_start,lb105_s0.10_b0.20_0.80,dynamic,105.0,0.1,0.2,0.8,20_80,True,v2_selected,sp500-12m/same_sector_slide1m_noscreen,sp500-12m/same_sector_slide3m_noscreen,recent,3,2023-04-01,2023-04-01,A,0.19899761086090662,0.11249706000942972,0.07219711799729688,1.5124159438737574,-0.0379016204837217,429,1198997.6108609056,198997.6108609056,715,0.5902097902097903,278.31833686839707,446.1754705460472,697242.4611658393,638364.2517847314,2569349.3418122944,0.6342512594135316,0.5780110610391551,2.293623021561028,0.6312943770852634,2.293623021561028,0.0003430851559557906,0.00014335801861199655,427,427,15,1.4999999999999996,0.1,0.09999999999999998,0.0,0.23776223776223776,0.28205128205128205,0,5,5,1671123.5857504231,981639.029391857,0.981639029391857,20,0.0,1.6661942936480045e-09
per_start,lb105_s0.10_b0.20_0.80,dynamic,105.0,0.1,0.2,0.8,20_80,True,v2_selected,sp500-12m/same_sector_slide1m_noscreen,sp500-12m/same_sector_slide3m_noscreen,recent,3,2023-04-01,2023-04-01,B,0.19350030349348413,0.10949799907151658,0.07250354953970739,1.4690920974010866,-0.039791291446124366,429,1193500.3034934874,193500.30349348742,715,0.5902097902097903,270.6297950957881,447.0117205726381,698222.6109673446,650916.1086390262,2553970.515220526,0.6378628616532358,0.5826642577088832,2.285521326345981,0.6348891420184888,2.285521326345981,0.0003249849483960428,0.0001608253223753112,427,427,15,1.4999999999999996,0.1,0.09999999999999998,0.0,0.23776223776223776,0.28205128205128205,0,5,5,1667441.0116212661,979475.8389943102,0.9794758389943102,20,0.0,-1.1059455573558807e-09
per_start,lb105_s0.10_b0.20_0.80,dynamic,105.0,0.1,0.2,0.8,20_80,True,v2_selected,sp500-12m/same_sector_slide1m_noscreen,sp500-12m/same_sector_slide3m_noscreen,recent,4,2023-05-01,2023-05-01,A,0.13340695843680095,0.07940543743079642,0.06876786663378356,1.145042031900355,-0.03592199104577054,413,1133406.958436799,133406.958436799,668,0.5793413173652695,199.71101562395052,485.5884639339422,615494.4365084666,571190.342347793,2247057.441645277,0.5877706446985365,0.5419125763884427,2.101491114889031,0.5849242977508438,2.101491114889031,0.0005054654082555166,0.0004796501361076901,411,411,5,0.4999999999999999,0.09999999999999998,0.09999999999999998,0.0,0.7457627118644068,0.09927360774818401,0,15,2,505249.3497214435,308287.7388130842,0.3082877388130842,20,0.0,5.911715561524034e-11
per_start,lb105_s0.10_b0.20_0.80,dynamic,105.0,0.1,0.2,0.8,20_80,True,v2_selected,sp500-12m/same_sector_slide1m_noscreen,sp500-12m/same_sector_slide3m_noscreen,recent,4,2023-05-01,2023-05-01,B,0.1155389150827335,0.06899021654847237,0.07137586762746392,0.9699150023407799,-0.051082560116125664,413,1115538.9150827322,115538.91508273222,668,0.5793413173652695,172.96244772864264,483.4668799353301,612478.1411212942,578555.73957846,2208817.5547828795,0.593552344463955,0.55762908797527,2.094194973769115,0.5906779989701828,2.094194973769115,0.0004796788388378153,0.0004350558935419644,411,411,5,0.4999999999999999,0.09999999999999998,0.09999999999999998,0.0,0.7457627118644068,0.09927360774818401,0,15,2,500240.36249293387,305231.40762280714,0.30523140762280715,20,0.0,-1.0695657692849636e-09
per_start,lb105_s0.10_b0.20_0.80,dynamic,105.0,0.1,0.2,0.8,20_80,True,v2_selected,sp500-12m/same_sector_slide1m_noscreen,sp500-12m/same_sector_slide3m_noscreen,historical,0,2014-01-01,2014-01-01,A,0.16852894218859515,0.03184469318801675,0.046739069171755084,0.6940973929677567,-0.06599735823607422,1252,1168528.9421885982,168528.94218859822,2141,0.5361980382998599,78.71505940616785,138.16051584255425,691015.4706376173,660286.2407650618,2413558.176843496,0.6270057075622159,0.6013398881959455,1.999403737535051,0.6245016911582134,1.999403737535051,0.0002415900295063361,0.00032425046092889216,1247,1247,28,2.7999999999999994,0.09999999999999999,0.10000000000000003,0.21725239616613418,0.33785942492012777,0.08146964856230032,13,20,4,3156886.942699815,635411.7488501226,0.6354117488501225,59,0.0,-7.130438461899757e-09
per_start,lb105_s0.10_b0.20_0.80,dynamic,105.0,0.1,0.2,0.8,20_80,True,v2_selected,sp500-12m/same_sector_slide1m_noscreen,sp500-12m/same_sector_slide3m_noscreen,historical,0,2014-01-01,2014-01-01,B,0.17540632326303762,0.033064176252346034,0.04635035790654021,0.7250132339324338,-0.06591989795350983,1252,1175406.323263038,175406.32326303795,2141,0.5361980382998599,81.92728783887907,135.9600056553118,686474.6142939451,652091.4206263039,2395477.649336013,0.6261987024538391,0.5940275503881766,1.9958225428474026,0.623697908913688,1.9958225428474026,0.0002442933063822501,0.0003195064566866465,1247,1247,28,2.7999999999999994,0.09999999999999999,0.10000000000000003,0.21725239616613418,0.33785942492012777,0.08146964856230032,13,20,4,3142417.675585469,632499.4043510689,0.6324994043510689,59,0.0,-2.0954757928848267e-09
per_start,lb105_s0.10_b0.10_0.90,dynamic,105.0,0.1,0.1,0.9,10_90,True,v2_selected,sp500-12m/same_sector_slide1m_noscreen,sp500-12m/same_sector_slide3m_noscreen,recent,0,2023-01-01,2023-01-01,A,0.17782047027281922,0.08670775808278774,0.07147811758810899,1.1987815104688047,-0.057290908094334125,496,1177820.4702728188,177820.4702728188,830,0.5783132530120482,214.24153044917796,186.48022115401807,712553.5083128042,665295.0959102398,2524450.580222604,0.6644705728876059,0.5913382016735692,2.294071549802325,0.6617912560614462,2.294071549802325,0.00028125659044819134,0.00012944635842032805,494,494,19,1.8999999999999997,0.09999999999999999,0.10000000000000003,0.16733870967741934,0.0,0.2056451612903226,4,0,4,2058038.3288332352,1045616.2477136599,1.04561624771366,23,0.0,1.0913936421275139e-09
per_start,lb105_s0.10_b0.10_0.90,dynamic,105.0,0.1,0.1,0.9,10_90,True,v2_selected,sp500-12m/same_sector_slide1m_noscreen,sp500-12m/same_sector_slide3m_noscreen,recent,0,2023-01-01,2023-01-01,B,0.18083290735850976,0.08811898732693524,0.07190217180175015,1.2101985227094152,-0.057833741770576874,496,1180832.9073585118,180832.90735851182,830,0.5783132530120482,217.87097272110083,186.53217547303888,717295.1656746054,658094.2239667161,2525784.173793903,0.6674004984627433,0.6114882873813847,2.284576579881849,0.6647093674205549,2.284576579881849,0.0002909952902357691,0.0001394037929632533,494,494,19,1.8999999999999997,0.09999999999999999,0.10000000000000003,0.16733870967741934,0.0,0.2056451612903226,4,0,4,2068050.999892693,1050703.3305906425,1.0507033305906426,23,0.0,-1.8189894035458565e-09
per_start,lb105_s0.10_b0.10_0.90,dynamic,105.0,0.1,0.1,0.9,10_90,True,v2_selected,sp500-12m/same_sector_slide1m_noscreen,sp500-12m/same_sector_slide3m_noscreen,recent,1,2023-02-01,2023-02-01,A,0.129632117872025,0.066803639005095,0.06557250612921549,1.0185108971500292,-0.03822653354596561,475,1129632.117872023,129632.11787202302,773,0.5640362225097024,167.70002312033913,340.71136134989854,624739.9667999243,574947.0337303524,2302279.1961766845,0.6059447844146895,0.5665277296880838,2.1747851198945733,0.603393437953996,2.1747851198945733,0.0002565855279022728,0.0002366866107033098,473,473,6,0.5999999999999999,0.09999999999999998,0.09999999999999998,0.0,0.7410526315789474,0.08421052631578947,0,17,2,593995.0324473822,315129.99616155855,0.3151299961615586,23,0.0,8.840288501232862e-10
per_start,lb105_s0.10_b0.10_0.90,dynamic,105.0,0.1,0.1,0.9,10_90,True,v2_selected,sp500-12m/same_sector_slide1m_noscreen,sp500-12m/same_sector_slide3m_noscreen,recent,1,2023-02-01,2023-02-01,B,0.11488696369529561,0.05939325156145636,0.06578671059703202,0.9094373833159441,-0.047600839196602296,475,1114886.9636952947,114886.96369529469,773,0.5640362225097024,148.624791326386,332.25257426293456,620064.1979514417,568610.643520966,2270240.847882136,0.6087638524863336,0.5652465871630086,2.1672444374624567,0.6062006362653385,2.1672444374624567,0.00024376441660922603,0.00022605276324860483,473,473,6,0.5999999999999999,0.09999999999999998,0.09999999999999998,0.0,0.7410526315789474,0.08421052631578947,0,17,2,588724.5699357385,312333.87710274966,0.3123338771027496,23,0.0,-1.6625563148409128e-09
per_start,lb105_s0.10_b0.10_0.90,dynamic,105.0,0.1,0.1,0.9,10_90,True,v2_selected,sp500-12m/same_sector_slide1m_noscreen,sp500-12m/same_sector_slide3m_noscreen,recent,2,2023-03-01,2023-03-01,A,0.2502916309194756,0.1338846337475632,0.08475099145306979,1.5244188761558681,-0.04671882107331515,448,1250291.630919475,250291.6309194751,748,0.5935828877005348,334.6144798388688,223.08628112593243,638002.7110961237,557842.6428666589,3099045.574887745,0.5816462049540432,0.5098889921828536,2.7017157052066176,0.5751546178451811,2.7017157052066176,0.0007404102951790404,0.0003877021905586566,443,443,18,1.7999999999999998,0.09999999999999999,0.10000000000000003,0.13616071428571427,0.0,0.22767857142857142,3,0,4,1987658.5953984119,1118057.9599116067,1.1180579599116067,21,0.0,1.3096723705530167e-09
per_start,lb105_s0.10_b0.10_0.90,dynamic,105.0,0.1,0.1,0.9,10_90,True,v2_selected,sp500-12m/same_sector_slide1m_noscreen,sp500-12m/same_sector_slide3m_noscreen,recent,2,2023-03-01,2023-03-01,B,0.24809738542418547,0.13276485525103854,0.08497944827948152,1.5089176427216524,-0.04669389629708198,448,1248097.3854241865,248097.38542418648,748,0.5935828877005348,331.6809965563958,221.9175667248727,646242.9475322005,566601.973238326,3097733.083900041,0.5908355208941788,0.5226594113102215,2.699605843986821,0.5842413744556277,2.699605843986821,0.0007381977775700367,0.0003843221636979109,443,443,18,1.7999999999999998,0.09999999999999999,0.10000000000000003,0.13616071428571427,0.0,0.22767857142857142,3,0,4,1989499.3482949866,1119093.38341593,1.11909338341593,21,0.0,2.3865140974521637e-09
per_start,lb105_s0.10_b0.10_0.90,dynamic,105.0,0.1,0.1,0.9,10_90,True,v2_selected,sp500-12m/same_sector_slide1m_noscreen,sp500-12m/same_sector_slide3m_noscreen,recent,3,2023-04-01,2023-04-01,A,0.19339697149921187,0.1094415717018391,0.0727087521477278,1.4643985619631579,-0.0379016204837217,429,1193396.9714992114,193396.9714992114,715,0.5902097902097903,270.48527482407275,458.241991817802,692362.0659201259,638525.430017712,2539260.5443060603,0.6315693682563485,0.5825452486177575,2.2708261559815175,0.628624988917158,2.2708261559815175,0.00035390839062693905,0.00018232693457690847,427,427,16,1.5999999999999996,0.09999999999999998,0.09999999999999998,0.0,0.1888111888111888,0.289044289044289,0,4,5,1769074.666605606,1039176.7272368595,1.0391767272368595,20,0.0,-5.529727786779404e-10
per_start,lb105_s0.10_b0.10_0.90,dynamic,105.0,0.1,0.1,0.9,10_90,True,v2_selected,sp500-12m/same_sector_slide1m_noscreen,sp500-12m/same_sector_slide3m_noscreen,recent,3,2023-04-01,2023-04-01,B,0.18791685410542525,0.10644610344873762,0.07300643796278267,1.4216866291707588,-0.039791291446124366,429,1187916.8541054262,187916.85410542623,715,0.5902097902097903,262.82077497262253,456.49877764901134,692055.5015161948,644435.8150816606,2524413.714515665,0.634005916124949,0.5931121217177752,2.263003364138229,0.631050177588236,2.263003364138229,0.0003363939829108708,0.00018001575548185343,427,427,16,1.5999999999999996,0.09999999999999998,0.09999999999999998,0.0,0.1888111888111888,0.289044289044289,0,4,5,1765375.2083360103,1037003.6188826914,1.0370036188826914,20,0.0,1.076841726899147e-09
per_start,lb105_s0.10_b0.10_0.90,dynamic,105.0,0.1,0.1,0.9,10_90,True,v2_selected,sp500-12m/same_sector_slide1m_noscreen,sp500-12m/same_sector_slide3m_noscreen,recent,4,2023-05-01,2023-05-01,A,0.14441959836073504,0.08579279257372208,0.06874746040118151,1.2312129636042937,-0.034242338494338,413,1144419.5983607331,144419.59836073313,668,0.5793413173652695,216.19700353403533,388.2184074827822,628065.7827689325,593410.4914829849,2332417.2456836025,0.5976321365360672,0.5665277296880386,2.1747851198945742,0.5947380341799603,2.1747851198945742,0.0005134989447944939,0.0004878323404876553,411,411,6,0.5999999999999999,0.09999999999999998,0.09999999999999998,0.0,0.6973365617433414,0.09927360774818401,0,14,2,605907.4577713805,369706.2454198254,0.36970624541982544,20,0.0,-2.5002009351737797e-09
per_start,lb105_s0.10_b0.10_0.90,dynamic,105.0,0.1,0.1,0.9,10_90,True,v2_selected,sp500-12m/same_sector_slide1m_noscreen,sp500-12m/same_sector_slide3m_noscreen,recent,4,2023-05-01,2023-05-01,B,0.12574769689862975,0.07494877662803745,0.07128960619764137,1.0489978800061521,-0.051082560116125664,413,1125747.6968986285,125747.69689862849,668,0.5793413173652695,188.2450552374696,393.6552942906963,622744.1127995215,587280.6008001198,2292356.524325843,0.6017123954122623,0.5750102613674625,2.1672444368037,0.5987985339332682,2.1672444368037,0.00048737866032755024,0.00047357549929526486,411,411,6,0.5999999999999999,0.09999999999999998,0.09999999999999998,0.0,0.6973365617433414,0.09927360774818401,0,14,2,599570.0771382941,365839.36910133203,0.365839369101332,20,0.0,-1.191438059322536e-09
per_start,lb105_s0.10_b0.10_0.90,dynamic,105.0,0.1,0.1,0.9,10_90,True,v2_selected,sp500-12m/same_sector_slide1m_noscreen,sp500-12m/same_sector_slide3m_noscreen,historical,0,2014-01-01,2014-01-01,A,0.18022576848237115,0.0339153584971974,0.04765006110626142,0.7238002278271183,-0.0692560458194178,1252,1180225.7684823696,180225.7684823696,2141,0.5361980382998599,84.17831316317908,103.9587598904179,695047.4926608561,654019.6298593557,2583084.616919849,0.6262327291962883,0.6005444515813821,2.116487172303151,0.6237317997665907,2.116487172303151,0.00026558711784125625,0.0003364129961707509,1247,1247,32,3.1999999999999997,0.09999999999999998,0.10000000000000003,0.18450479233226838,0.28753993610223644,0.09345047923322684,11,17,5,3608783.1288595567,726368.4891953741,0.726368489195374,59,0.0,3.1141098588705063e-09
per_start,lb105_s0.10_b0.10_0.90,dynamic,105.0,0.1,0.1,0.9,10_90,True,v2_selected,sp500-12m/same_sector_slide1m_noscreen,sp500-12m/same_sector_slide3m_noscreen,historical,0,2014-01-01,2014-01-01,B,0.18675220522230807,0.03506360533798025,0.04722351164013753,0.7534165969239044,-0.06919856734957441,1252,1186752.205222307,186752.205222307,2141,0.5361980382998599,87.2266255125205,101.03251203233134,690203.4193822868,643879.9412759835,2564391.2760852147,0.625340510487209,0.5901511460484833,2.1140162102880447,0.6228431442312695,2.1140162102880447,0.0002682483519982056,0.0003334702444457433,1247,1247,32,3.1999999999999997,0.09999999999999998,0.10000000000000003,0.18450479233226838,0.28753993610223644,0.09345047923322684,11,17,5,3591554.91966082,722900.8304748615,0.7229008304748615,59,0.0,5.529727786779404e-10
per_start,lb105_s0.20_b0.30_0.70,dynamic,105.0,0.2,0.3,0.7,30_70,True,v2_selected,sp500-12m/same_sector_slide1m_noscreen,sp500-12m/same_sector_slide3m_noscreen,recent,0,2023-01-01,2023-01-01,A,0.2024478964343881,0.09819339959461404,0.06863330311490635,1.3988464512054986,-0.04216856181967954,496,1202447.8964343888,202447.89643438882,830,0.5783132530120482,243.91312823420375,279.4295679632469,708955.1862645461,628537.9240197913,2596242.5665137204,0.6522391601948749,0.5652080715767769,2.3163800558929966,0.6496091635811859,2.3163800558929966,0.00034506931774808385,0.00020248720680695692,494,494,7,1.4,0.19999999999999998,0.2,0.4657258064516129,0.3165322580645161,0.21774193548387097,11,8,4,1558028.9542819601,791579.2267722862,0.7915792267722862,23,0.0,-2.473825588822365e-10
per_start,lb105_s0.20_b0.30_0.70,dynamic,105.0,0.2,0.3,0.7,30_70,True,v2_selected,sp500-12m/same_sector_slide1m_noscreen,sp500-12m/same_sector_slide3m_noscreen,recent,0,2023-01-01,2023-01-01,B,0.20398373491715294,0.09890582696655681,0.06898376611135222,1.4015014323895723,-0.04250919377343798,496,1203983.7349171515,203983.7349171515,830,0.5783132530120482,245.76353604476293,296.7217473976491,709126.5776630999,637972.6766251506,2598073.1908057174,0.6516456820885975,0.5701503971295832,2.3082896178963566,0.6490180785317887,2.3082896178963566,0.00035141574202432474,0.00015920904085982838,494,494,7,1.4,0.19999999999999998,0.2,0.4657258064516129,0.3165322580645161,0.21774193548387097,11,8,4,1564478.0353382414,794855.7760186227,0.7948557760186228,23,0.0,-1.6880221664905548e-09
per_start,lb105_s0.20_b0.30_0.70,dynamic,105.0,0.2,0.3,0.7,30_70,True,v2_selected,sp500-12m/same_sector_slide1m_noscreen,sp500-12m/same_sector_slide3m_noscreen,recent,1,2023-02-01,2023-02-01,A,0.10164623846762422,0.05269962949288498,0.06623467550364949,0.8080021169664185,-0.041466323591427545,475,1101646.238467628,101646.2384676279,773,0.5640362225097024,131.49578068256997,382.69028330148154,599225.6492485307,540914.3642998873,2122015.264547054,0.5868394657087131,0.5164447007883914,2.0281070953184845,0.5843685626952028,2.0281070953184845,0.00023115292830034928,0.00032445897614995824,473,473,3,0.6,0.19999999999999998,0.2,0.0,0.8736842105263158,0.12631578947368421,0,20,3,593757.5205857004,315003.9898686242,0.3150039898686242,23,0.0,1.3151293387636542e-09
per_start,lb105_s0.20_b0.30_0.70,dynamic,105.0,0.2,0.3,0.7,30_70,True,v2_selected,sp500-12m/same_sector_slide1m_noscreen,sp500-12m/same_sector_slide3m_noscreen,recent,1,2023-02-01,2023-02-01,B,0.08776387538798858,0.04564095147719449,0.06664600518477777,0.7024675033484125,-0.05144305181945663,475,1087763.8753879876,87763.87538798759,773,0.5640362225097024,113.53670813452521,363.7292377727772,599863.3777558235,533387.1935438205,2091479.7277681967,0.5943291928266317,0.5360722869107452,2.0208009492429335,0.5918267541199932,2.0208009492429335,0.00021537866806866366,0.00027062948386009244,473,473,3,0.6,0.19999999999999998,0.2,0.0,0.8736842105263158,0.12631578947368421,0,20,3,588808.2231261352,312378.2573216549,0.3123782573216549,23,0.0,-3.9835867937654257e-10
per_start,lb105_s0.20_b0.30_0.70,dynamic,105.0,0.2,0.3,0.7,30_70,True,v2_selected,sp500-12m/same_sector_slide1m_noscreen,sp500-12m/same_sector_slide3m_noscreen,recent,2,2023-03-01,2023-03-01,A,0.25334448234079887,0.13544115115702016,0.08120801416771983,1.6043296626802215,-0.043142652943172544,448,1253344.4823407994,253344.4823407994,748,0.5935828877005348,338.6958320064211,352.0883928828596,647042.2998788536,557878.735017457,3001610.9147419813,0.5866381333698877,0.5110204800149789,2.600713598405632,0.5800908327742417,2.600713598405632,0.0007109164794585007,0.00044527115186246397,443,443,7,1.4,0.19999999999999996,0.2,0.44642857142857145,0.328125,0.22544642857142858,10,7,4,1567970.9028033644,881983.6328268925,0.8819836328268925,21,0.0,-3.5797711461782455e-09
per_start,lb105_s0.20_b0.30_0.70,dynamic,105.0,0.2,0.3,0.7,30_70,True,v2_selected,sp500-12m/same_sector_slide1m_noscreen,sp500-12m/same_sector_slide3m_noscreen,recent,2,2023-03-01,2023-03-01,B,0.2511968399308826,0.13434633407056373,0.08147392998046622,1.5875141411352023,-0.043042419317490754,448,1251196.8399308836,251196.8399308836,748,0.5935828877005348,335.8246523140176,346.7958040562345,656433.3857849065,567919.3480340363,2998422.7215419067,0.5970997854256977,0.5208278500179047,2.597767545030007,0.5904357253205001,2.597767545030007,0.0007078025055949273,0.00044566222457015494,443,443,7,1.4,0.19999999999999996,0.2,0.44642857142857145,0.328125,0.22544642857142858,10,7,4,1568996.4936538718,882560.527680303,0.8825605276803029,21,0.0,-1.6007106751203537e-09
per_start,lb105_s0.20_b0.30_0.70,dynamic,105.0,0.2,0.3,0.7,30_70,True,v2_selected,sp500-12m/same_sector_slide1m_noscreen,sp500-12m/same_sector_slide3m_noscreen,recent,3,2023-04-01,2023-04-01,A,0.20383434407831147,0.11513105568661963,0.07175511921036407,1.5543010999024212,-0.03742573034368868,429,1203834.344078313,203834.3440783131,715,0.5902097902097903,285.08299871092913,385.68144388474775,699056.0310648556,623374.7851101106,2599236.0886447625,0.6343072348801883,0.5707550169784332,2.3163800558929957,0.6313500915940337,2.3163800558929957,0.00034810677215160973,0.0001823269345770521,427,427,9,1.7999999999999998,0.2,0.2,0.2913752913752914,0.4195804195804196,0.289044289044289,6,9,5,1990944.470013943,1169505.8425256729,1.169505842525673,20,0.0,-1.2369127944111824e-09
per_start,lb105_s0.20_b0.30_0.70,dynamic,105.0,0.2,0.3,0.7,30_70,True,v2_selected,sp500-12m/same_sector_slide1m_noscreen,sp500-12m/same_sector_slide3m_noscreen,recent,3,2023-04-01,2023-04-01,B,0.19672234516981346,0.11125647635862901,0.07190473711651119,1.5028003063170299,-0.039468088004998236,429,1196722.345169813,196722.3451698129,715,0.5902097902097903,275.13614709064973,389.82145995536916,695875.5527230959,631153.765610466,2582403.8200293607,0.6346622006212678,0.5857950549574136,2.3082895847228504,0.6317034024831734,2.3082895847228504,0.0003331448303925232,0.00016166770944154153,427,427,9,1.7999999999999998,0.2,0.2,0.2913752913752914,0.4195804195804196,0.289044289044289,6,9,5,1986613.4196117022,1166961.7290026783,1.1669617290026784,20,0.0,-1.6007106751203537e-09
per_start,lb105_s0.20_b0.30_0.70,dynamic,105.0,0.2,0.3,0.7,30_70,True,v2_selected,sp500-12m/same_sector_slide1m_noscreen,sp500-12m/same_sector_slide3m_noscreen,recent,4,2023-05-01,2023-05-01,A,0.1238117466868931,0.07382044427421408,0.06883426777685636,1.0686120893820685,-0.03759973131568739,413,1123811.7466868926,123811.74668689258,668,0.5793413173652695,185.34692617798362,439.79600665217083,602622.2400932487,547552.7289665787,2164710.9550013235,0.5766133870603786,0.5160621159315636,2.028107095318485,0.5738210704160184,2.028107095318485,0.0004963790793476168,0.00047965013610868924,411,411,3,0.6,0.19999999999999998,0.2,0.0,0.8523002421307506,0.14769975786924938,0,17,3,610011.1102840089,372210.1689868529,0.3722101689868529,20,0.0,-4.256435204297304e-10
per_start,lb105_s0.20_b0.30_0.70,dynamic,105.0,0.2,0.3,0.7,30_70,True,v2_selected,sp500-12m/same_sector_slide1m_noscreen,sp500-12m/same_sector_slide3m_noscreen,recent,4,2023-05-01,2023-05-01,B,0.10375606050224429,0.06208642599174663,0.07185391213536799,0.873739564139285,-0.05100343072907232,413,1103756.060502242,103756.06050224206,668,0.5793413173652695,155.32344386563156,430.5111579046451,602646.0514047804,554525.3993666285,2122228.4331906596,0.5862361262062548,0.5441160569594297,2.0208009492466332,0.5833972103408492,2.0208009492466332,0.0004655549816362692,0.0004718193674201574,411,411,3,0.6,0.19999999999999998,0.2,0.0,0.8523002421307506,0.14769975786924938,0,17,3,604117.9750514146,368614.35765849025,0.36861435765849027,20,0.0,1.5643308870494366e-10
per_start,lb105_s0.20_b0.30_0.70,dynamic,105.0,0.2,0.3,0.7,30_70,True,v2_selected,sp500-12m/same_sector_slide1m_noscreen,sp500-12m/same_sector_slide3m_noscreen,historical,0,2014-01-01,2014-01-01,A,0.14402018023927243,0.02745169444870177,0.0461091796663813,0.6104109561923238,-0.06398321948181462,1252,1144020.1802392732,144020.18023927324,2141,0.5361980382998599,67.26771613231031,148.5956689551124,684301.5874983935,663800.6903899221,2099519.7214622097,0.6271391192638666,0.5969252677961882,1.765895862076306,0.6246345700655285,1.765895862076306,0.00020184959115928142,0.0003059371279227755,1247,1247,17,3.4,0.2,0.2,0.3498402555910543,0.48961661341853036,0.16054313099041534,21,29,9,3840795.8556305887,773067.5364368277,0.7730675364368277,59,0.0,-3.14321368932724e-09
per_start,lb105_s0.20_b0.30_0.70,dynamic,105.0,0.2,0.3,0.7,30_70,True,v2_selected,sp500-12m/same_sector_slide1m_noscreen,sp500-12m/same_sector_slide3m_noscreen,historical,0,2014-01-01,2014-01-01,B,0.149650272692744,0.028467446212690373,0.045797285082874055,0.635831990828569,-0.059251246399174784,1252,1149650.2726927411,149650.27269274113,2141,0.5361980382998599,69.89737164537155,146.81878456775559,680005.9529212334,654753.6681096976,2078906.4484707764,0.6270320212904675,0.5949765206318952,1.760157738748129,0.6245278997996908,1.760157738748129,0.00020366329548235503,0.00030484349608799063,1247,1247,17,3.4,0.2,0.2,0.3498402555910543,0.48961661341853036,0.16054313099041534,21,29,9,3819673.1905104453,768816.0095915593,0.7688160095915593,59,0.0,6.257323548197746e-10
per_start,lb105_s0.20_b0.10_0.90,dynamic,105.0,0.2,0.1,0.9,10_90,True,v2_selected,sp500-12m/same_sector_slide1m_noscreen,sp500-12m/same_sector_slide3m_noscreen,recent,0,2023-01-01,2023-01-01,A,0.17746942906907548,0.08654319118964149,0.07290636700604802,1.174577493234468,-0.05178006699263782,496,1177469.4290690771,177469.42906907713,830,0.5783132530120482,213.81858923984947,138.36940101252185,714677.065610399,655528.6319976975,2528819.518493448,0.6617006039412947,0.5913193992121313,2.270826155981431,0.6590324563447573,2.270826155981431,0.00026384176779999514,9.837602486108884e-05,494,494,13,2.5999999999999996,0.20000000000000004,0.20000000000000007,0.3407258064516129,0.16330645161290322,0.20161290322580644,8,4,4,2850122.7450220077,1448046.2333579557,1.4480462333579558,23,0.0,2.066371962428093e-09
per_start,lb105_s0.20_b0.10_0.90,dynamic,105.0,0.2,0.1,0.9,10_90,True,v2_selected,sp500-12m/same_sector_slide1m_noscreen,sp500-12m/same_sector_slide3m_noscreen,recent,0,2023-01-01,2023-01-01,B,0.1806291236894908,0.08802357716809972,0.0732667779760123,1.1877565773643648,-0.05220376242566138,496,1180629.1236894866,180629.12368948665,830,0.5783132530120482,217.62545022829906,140.55578494928784,716305.6927570404,653208.7219208494,2531787.6486279103,0.6617736988127721,0.5935328959999822,2.263006386000788,0.6591052564788497,2.263006386000788,0.00027158197187036263,9.414899843515037e-05,494,494,13,2.5999999999999996,0.20000000000000004,0.20000000000000007,0.3407258064516129,0.16330645161290322,0.20161290322580644,8,4,4,2863141.9327990934,1454660.8206963136,1.4546608206963136,23,0.0,-1.6298145055770874e-09
per_start,lb105_s0.20_b0.10_0.90,dynamic,105.0,0.2,0.1,0.9,10_90,True,v2_selected,sp500-12m/same_sector_slide1m_noscreen,sp500-12m/same_sector_slide3m_noscreen,recent,1,2023-02-01,2023-02-01,A,0.12957450387836045,0.06677477294124867,0.06539200380743888,1.0207274300305476,-0.036582999091279156,475,1129574.5038783618,129574.50387836178,773,0.5640362225097024,167.62549014018214,323.42751198994284,621764.8838611547,569980.2350317866,2302161.774878586,0.6025504555945008,0.5532730261379805,2.1747851204268587,0.6000134010446293,2.1747851204268587,0.0002575698459175209,0.00023671224599494314,473,473,4,0.7999999999999999,0.19999999999999998,0.20000000000000007,0.0,0.8273684210526315,0.08421052631578947,0,19,2,791943.7416740968,420146.99558288924,0.42014699558288926,23,0.0,9.949872037395835e-10
per_start,lb105_s0.20_b0.10_0.90,dynamic,105.0,0.2,0.1,0.9,10_90,True,v2_selected,sp500-12m/same_sector_slide1m_noscreen,sp500-12m/same_sector_slide3m_noscreen,recent,1,2023-02-01,2023-02-01,B,0.11365510576480453,0.05877208709107751,0.0657277559553672,0.9012688337668635,-0.047035916363095676,475,1113655.105764802,113655.10576480208,773,0.5640362225097024,147.03118468926417,317.6798717008046,618624.8855698071,561500.1292977205,2267340.6686261827,0.6074533358307587,0.5468413017568122,2.166879011463423,0.6048956375746292,2.166879011463423,0.00024138344742958662,0.0002290273943876084,473,473,4,0.7999999999999999,0.19999999999999998,0.20000000000000007,0.0,0.8273684210526315,0.08421052631578947,0,19,2,784786.4601181365,416349.8693679377,0.41634986936793766,23,0.0,9.040377335622907e-10
per_start,lb105_s0.20_b0.10_0.90,dynamic,105.0,0.2,0.1,0.9,10_90,True,v2_selected,sp500-12m/same_sector_slide1m_noscreen,sp500-12m/same_sector_slide3m_noscreen,recent,2,2023-03-01,2023-03-01,A,0.2417931183414228,0.1295428281666915,0.08570806420187843,1.463582026762027,-0.04671882106843139,448,1241793.118341423,241793.1183414231,748,0.5935828877005348,323.25283200725255,172.87435334281304,646608.8450871806,555557.3465817759,3104165.1735815117,0.5901649175655115,0.5130505436923967,2.701715705155261,0.5835782555391107,2.701715705155261,0.0006935552484551875,0.0004156767232638155,443,443,13,2.6,0.20000000000000004,0.20000000000000007,0.27232142857142855,0.18526785714285715,0.20982142857142858,6,4,4,2895145.458139108,1628519.3202032484,1.6285193202032482,21,0.0,-1.8335413187742233e-09
per_start,lb105_s0.20_b0.10_0.90,dynamic,105.0,0.2,0.1,0.9,10_90,True,v2_selected,sp500-12m/same_sector_slide1m_noscreen,sp500-12m/same_sector_slide3m_noscreen,recent,2,2023-03-01,2023-03-01,B,0.2388560442336043,0.12803928542192433,0.08596556189270073,1.4439542046774898,-0.04669534028616018,448,1238856.0442336055,238856.0442336055,748,0.5935828877005348,319.3262623443933,173.0055861453713,655746.6185743103,560530.8167609608,3101743.7629570747,0.6004714467545541,0.5147288617968768,2.6996250879467922,0.5937697565005969,2.6996250879467922,0.0006897286666341886,0.0003827119809686619,443,443,13,2.6,0.20000000000000004,0.20000000000000007,0.27232142857142855,0.18526785714285715,0.20982142857142858,6,4,4,2896235.8223982826,1629132.650099034,1.6291326500990342,21,0.0,-6.111804395914078e-10
per_start,lb105_s0.20_b0.10_0.90,dynamic,105.0,0.2,0.1,0.9,10_90,True,v2_selected,sp500-12m/same_sector_slide1m_noscreen,sp500-12m/same_sector_slide3m_noscreen,recent,3,2023-04-01,2023-04-01,A,0.18626309357294502,0.10554102779813368,0.07385140771393281,1.3951687304604483,-0.0337602863222064,429,1186263.0935729453,186263.09357294533,715,0.5902097902097903,260.5078231789434,332.04945915002713,694622.4232844696,650383.902006645,2547705.4359429255,0.6330303324869004,0.5898048518509753,2.2708261559816014,0.6300791421256562,2.2708261559816014,0.0002990905296012608,0.00011450661339792607,427,427,13,2.6,0.20000000000000004,0.20000000000000007,0.0979020979020979,0.28438228438228436,0.2773892773892774,2,6,5,2889937.7128036013,1697585.7893391785,1.6975857893391784,20,0.0,7.712515071034431e-10
per_start,lb105_s0.20_b0.10_0.90,dynamic,105.0,0.2,0.1,0.9,10_90,True,v2_selected,sp500-12m/same_sector_slide1m_noscreen,sp500-12m/same_sector_slide3m_noscreen,recent,3,2023-04-01,2023-04-01,B,0.18061278533143343,0.10244477279114816,0.07405526535563986,1.353655670208844,-0.03573259545892615,429,1180612.7853314304,180612.78533143038,715,0.5902097902097903,252.60529416982723,331.4409031406924,693498.2611206883,643675.3596801094,2531745.7779206634,0.6348259636586552,0.5935335307828334,2.2630004495961096,0.631866402056517,2.2630004495961096,0.00028427294887342625,0.00014294933883463978,427,427,13,2.6,0.20000000000000004,0.20000000000000007,0.0979020979020979,0.28438228438228436,0.2773892773892774,2,6,5,2882717.940880102,1693344.804433067,1.693344804433067,20,0.0,3.8853613659739494e-09
per_start,lb105_s0.20_b0.10_0.90,dynamic,105.0,0.2,0.1,0.9,10_90,True,v2_selected,sp500-12m/same_sector_slide1m_noscreen,sp500-12m/same_sector_slide3m_noscreen,recent,4,2023-05-01,2023-05-01,A,0.1452491389017414,0.08627295528383305,0.06846333597757549,1.2424950626315663,-0.03424118006391652,413,1145249.1389017384,145249.13890173845,668,0.5793413173652695,217.4388306912273,379.5843372333438,629658.6956145245,593973.2738224574,2334107.915183716,0.5985587729838093,0.5587700716925623,2.17478512042686,0.5956601832841298,2.17478512042686,0.0005077171886443535,0.00048440759445399814,411,411,4,0.7999999999999999,0.19999999999999998,0.20000000000000007,0.0,0.7990314769975787,0.09927360774818401,0,16,2,809935.5735461542,494197.97707900935,0.49419797707900937,20,0.0,-1.4174474927131087e-09
per_start,lb105_s0.20_b0.10_0.90,dynamic,105.0,0.2,0.1,0.9,10_90,True,v2_selected,sp500-12m/same_sector_slide1m_noscreen,sp500-12m/same_sector_slide3m_noscreen,recent,4,2023-05-01,2023-05-01,B,0.12345998181426343,0.0736153433780038,0.07142486937961405,1.0297625941187996,-0.05100343072907232,413,1123459.9818142632,123459.98181426316,668,0.5793413173652695,184.82033205727643,373.7425273643205,625945.8821923307,593057.1480376337,2287302.858092565,0.6057503139785851,0.5826744031440763,2.1668790114664893,0.6028168984145241,2.1668790114664893,0.0004771834658070644,0.0004473585052341367,411,411,4,0.7999999999999999,0.19999999999999998,0.20000000000000007,0.0,0.7990314769975787,0.09927360774818401,0,16,2,800878.8136770645,488671.818514819,0.488671818514819,20,0.0,2.4824657884892076e-09
per_start,lb105_s0.20_b0.10_0.90,dynamic,105.0,0.2,0.1,0.9,10_90,True,v2_selected,sp500-12m/same_sector_slide1m_noscreen,sp500-12m/same_sector_slide3m_noscreen,historical,0,2014-01-01,2014-01-01,A,0.186445534719494,0.03500976348080331,0.04745733613289337,0.7488413154153334,-0.06842413680587411,1252,1186445.5347194937,186445.5347194937,2141,0.5361980382998599,87.08338847244202,77.74481221741537,696911.5417680026,655330.617525336,2466565.346047781,0.6245186735602206,0.5943118916862615,1.9986177397679668,0.622024589400635,1.9986177397679668,0.00026465977729746916,0.0003653922054196368,1247,1247,23,4.6,0.20000000000000007,0.20000000000000007,0.26757188498402557,0.3865814696485623,0.14616613418530353,16,23,8,5303818.574447855,1067541.7577962137,1.0675417577962136,59,0.0,-4.6566128730773926e-09
per_start,lb105_s0.20_b0.10_0.90,dynamic,105.0,0.2,0.1,0.9,10_90,True,v2_selected,sp500-12m/same_sector_slide1m_noscreen,sp500-12m/same_sector_slide3m_noscreen,historical,0,2014-01-01,2014-01-01,B,0.1916238013430287,0.035917420131933,0.04708164766749286,0.7730596059318584,-0.06561039233976707,1252,1191623.80134303,191623.80134303006,2141,0.5361980382998599,89.50200903457655,77.3898705185115,692101.3416876597,645341.7180898271,2444368.5148135712,0.6243513758151227,0.5864382784840411,1.9949237872348584,0.6218579597775223,1.9949237872348584,0.00026634934212943674,0.00035708725275280633,1247,1247,23,4.6,0.20000000000000007,0.20000000000000007,0.26757188498402557,0.3865814696485623,0.14616613418530353,16,23,8,5272139.267695419,1061165.4117086625,1.0611654117086626,59,0.0,1.6880221664905548e-09
per_start,lb105_s0.30_b0.20_0.80,dynamic,105.0,0.3,0.2,0.8,20_80,True,v2_selected,sp500-12m/same_sector_slide1m_noscreen,sp500-12m/same_sector_slide3m_noscreen,recent,0,2023-01-01,2023-01-01,A,0.19714211036273066,0.09572876071642789,0.07049030619462845,1.3318969365612066,-0.042018989160190645,496,1197142.110362732,197142.11036273208,830,0.5783132530120482,237.52061489485928,204.68979779001245,710140.1658855126,624610.2773006643,2579668.2847263184,0.6524346701360836,0.5654504091624537,2.2936230215610247,0.6498038851758574,2.2936230215610247,0.0003374614273381153,0.00015281542238679952,494,494,7,2.1,0.3000000000000001,0.30000000000000004,0.4657258064516129,0.3165322580645161,0.21774193548387097,11,8,4,2335900.051024897,1186787.9291497462,1.186787929149746,23,0.0,-1.076841726899147e-09
per_start,lb105_s0.30_b0.20_0.80,dynamic,105.0,0.3,0.2,0.8,20_80,True,v2_selected,sp500-12m/same_sector_slide1m_noscreen,sp500-12m/same_sector_slide3m_noscreen,recent,0,2023-01-01,2023-01-01,B,0.19799564047433815,0.09612560389883251,0.07075121220174774,1.332373677815442,-0.04232537536114955,496,1197995.6404743358,197995.64047433576,830,0.5783132530120482,238.54896442691478,222.97673117540083,706977.1811322415,625499.3835037351,2580244.7216295297,0.6489740115152425,0.560253082970654,2.285519579252308,0.6463571808236488,2.285519579252308,0.00034286582253993626,0.00014709311243000573,494,494,7,2.1,0.3000000000000001,0.30000000000000004,0.4657258064516129,0.3165322580645161,0.21774193548387097,11,8,4,2344694.9445579727,1191256.3024770345,1.1912563024770346,23,0.0,-3.521563485264778e-09
per_start,lb105_s0.30_b0.20_0.80,dynamic,105.0,0.3,0.2,0.8,20_80,True,v2_selected,sp500-12m/same_sector_slide1m_noscreen,sp500-12m/same_sector_slide3m_noscreen,recent,1,2023-02-01,2023-02-01,A,0.11737473222676909,0.06064672741991939,0.06573571627741244,0.9280708339289423,-0.035919914977683765,475,1117374.7322267685,117374.73222676851,773,0.5640362225097024,151.84312060384028,397.2828528404075,611625.6414579398,551039.1647823253,2215272.4491929943,0.5946970514074257,0.549065034009911,2.101491116232608,0.5921930638225523,2.101491116232608,0.0002466305149414759,0.00027368169478766545,473,473,3,0.9000000000000001,0.30000000000000004,0.30000000000000004,0.0,0.8736842105263158,0.12631578947368421,0,20,3,892959.673897055,473738.60594117444,0.47373860594117445,23,0.0,-3.8198777474462986e-11
per_start,lb105_s0.30_b0.20_0.80,dynamic,105.0,0.3,0.2,0.8,20_80,True,v2_selected,sp500-12m/same_sector_slide1m_noscreen,sp500-12m/same_sector_slide3m_noscreen,recent,1,2023-02-01,2023-02-01,B,0.10161705356689388,0.05268483397516244,0.06620805196146147,0.8081005907748763,-0.046785031553681966,475,1101617.053566893,101617.0535668931,773,0.5640362225097024,131.4580253129265,392.9612180442185,611617.8123948392,542416.1269899535,2180342.1369878473,0.6025606122163407,0.5448011843421056,2.0933420090425185,0.6000235149017455,2.0933420090425185,0.00022722303272241376,0.00027241707979176906,473,473,3,0.9000000000000001,0.30000000000000004,0.30000000000000004,0.0,0.8736842105263158,0.12631578947368421,0,20,3,884888.7481990329,469456.7674655922,0.4694567674655922,23,0.0,9.022187441587448e-10
per_start,lb105_s0.30_b0.20_0.80,dynamic,105.0,0.3,0.2,0.8,20_80,True,v2_selected,sp500-12m/same_sector_slide1m_noscreen,sp500-12m/same_sector_slide3m_noscreen,recent,2,2023-03-01,2023-03-01,A,0.25525820605530947,0.13641603071981256,0.08379284994364682,1.567585820673744,-0.04466057560971026,448,1255258.206055308,255258.206055308,748,0.5935828877005348,341.25428617019264,266.5469647029421,652617.4209365767,553077.2995110234,3070485.2690425087,0.5916244355129312,0.5109985957903546,2.651202150127814,0.5850214842237242,2.651202150127814,0.0007199318371050729,0.00044751133500868864,443,443,7,2.1,0.3,0.30000000000000004,0.44642857142857145,0.328125,0.22544642857142858,10,7,4,2352578.85138918,1323325.6039064138,1.3233256039064138,21,0.0,3.8708094507455826e-09
per_start,lb105_s0.30_b0.20_0.80,dynamic,105.0,0.3,0.2,0.8,20_80,True,v2_selected,sp500-12m/same_sector_slide1m_noscreen,sp500-12m/same_sector_slide3m_noscreen,recent,2,2023-03-01,2023-03-01,B,0.25272943329006403,0.13512769768528465,0.08407872489211143,1.5490440584078624,-0.044583092309033345,448,1252729.433290066,252729.43329006596,748,0.5935828877005348,337.87357391719956,264.26933011202453,664754.349125869,559804.7755841294,3066341.915738918,0.6047338894994913,0.5219863622116288,2.6487062815424256,0.5979846273398987,2.6487062815424256,0.0007148979613229593,0.0004493189994990413,443,443,7,2.1,0.3,0.30000000000000004,0.44642857142857145,0.328125,0.22544642857142858,10,7,4,2353202.8855895773,1323676.6231441372,1.3236766231441373,21,0.0,6.693881005048752e-10
per_start,lb105_s0.30_b0.20_0.80,dynamic,105.0,0.3,0.2,0.8,20_80,True,v2_selected,sp500-12m/same_sector_slide1m_noscreen,sp500-12m/same_sector_slide3m_noscreen,recent,3,2023-04-01,2023-04-01,A,0.19441495934771935,0.10999738501707923,0.07281207450647907,1.4693500835047124,-0.03483603174624261,429,1194414.959347719,194414.9593477191,715,0.5902097902097903,271.909034052755,292.96899516459854,695002.8383842419,625253.183547555,2573791.6683077756,0.6320396093758927,0.5698053578301688,2.2936230215610247,0.6290930377704105,2.2936230215610247,0.000324279336062693,0.00014781408401157346,427,427,9,2.7,0.30000000000000004,0.30000000000000004,0.2913752913752914,0.4195804195804196,0.289044289044289,6,9,5,2976812.3956606765,1748617.071576901,1.748617071576901,20,0.0,-7.130438461899757e-10
per_start,lb105_s0.30_b0.20_0.80,dynamic,105.0,0.3,0.2,0.8,20_80,True,v2_selected,sp500-12m/same_sector_slide1m_noscreen,sp500-12m/same_sector_slide3m_noscreen,recent,3,2023-04-01,2023-04-01,B,0.18672973035345186,0.1057964630445114,0.07284819634109996,1.4165969244009482,-0.0369837444314447,429,1186729.730353454,186729.7303534539,715,0.5902097902097903,261.1604620328022,295.61353876952546,689059.1151357755,631009.0022902725,2555980.1295394185,0.6300424597643637,0.5711523462136345,2.2855195276158997,0.6271051988796814,2.2855195276158997,0.00031318523148300166,0.00014534209785972701,427,427,9,2.7,0.30000000000000004,0.30000000000000004,0.2913752913752914,0.4195804195804196,0.289044289044289,6,9,5,2969237.285215971,1744167.3563506403,1.7441673563506404,20,0.0,3.4924596548080444e-10
per_start,lb105_s0.30_b0.20_0.80,dynamic,105.0,0.3,0.2,0.8,20_80,True,v2_selected,sp500-12m/same_sector_slide1m_noscreen,sp500-12m/same_sector_slide3m_noscreen,recent,4,2023-05-01,2023-05-01,A,0.1368836774077511,0.081424544870216,0.0683140664342965,1.1795525821243,-0.0359199149776841,413,1136883.6774077523,136883.67740775226,668,0.5793413173652695,204.91568474214304,455.27855948876766,616566.3064831304,565067.0369932464,2253950.2781484798,0.5866709771419005,0.5479897589385039,2.1014911162326086,0.583829955460826,2.1014911162326086,0.0005061787519645192,0.0004802115950365217,411,411,3,0.9000000000000001,0.30000000000000004,0.30000000000000004,0.0,0.8523002421307506,0.14769975786924938,0,17,3,915793.9757166265,558789.5445050603,0.5587895445050602,20,0.0,7.130438461899757e-10
per_start,lb105_s0.30_b0.20_0.80,dynamic,105.0,0.3,0.2,0.8,20_80,True,v2_selected,sp500-12m/same_sector_slide1m_noscreen,sp500-12m/same_sector_slide3m_noscreen,recent,4,2023-05-01,2023-05-01,B,0.11297551355473123,0.06749070154248682,0.07165297368978636,0.9468433710733656,-0.050924274771461775,413,1112975.513554731,112975.51355473092,668,0.5793413173652695,169.12502029151204,445.5388499643558,615488.2881254823,576012.7319173448,2202823.024377614,0.597223279021794,0.560404446090355,2.09334200904682,0.5943311566052235,2.09334200904682,0.00046953374042278955,0.0004285000857204755,411,411,3,0.9000000000000001,0.30000000000000004,0.30000000000000004,0.0,0.8523002421307506,0.14769975786924938,0,17,3,905279.683887826,552374.0444061311,0.5523740444061311,20,0.0,8.476490620523691e-10
per_start,lb105_s0.30_b0.20_0.80,dynamic,105.0,0.3,0.2,0.8,20_80,True,v2_selected,sp500-12m/same_sector_slide1m_noscreen,sp500-12m/same_sector_slide3m_noscreen,historical,0,2014-01-01,2014-01-01,A,0.15972486723685786,0.030275178030322758,0.04659303771347636,0.6634510513187687,-0.06798872101669517,1252,1159724.8672368582,159724.86723685823,2141,0.5361980382998599,74.6029272474821,111.55449840294312,688552.0230610563,655126.8357172818,2137823.1006116485,0.6247269834071436,0.5791410545222833,1.7738719743830318,0.6222320673392236,1.7738719743830318,0.00022147107537583653,0.0003405109365808816,1247,1247,17,5.1000000000000005,0.30000000000000004,0.30000000000000004,0.3498402555910543,0.48961661341853036,0.16054313099041534,21,29,9,5838782.367178897,1175218.1761414395,1.1752181761414393,59,0.0,-9.604264050722122e-10
per_start,lb105_s0.30_b0.20_0.80,dynamic,105.0,0.3,0.2,0.8,20_80,True,v2_selected,sp500-12m/same_sector_slide1m_noscreen,sp500-12m/same_sector_slide3m_noscreen,historical,0,2014-01-01,2014-01-01,B,0.16548969186307394,0.031303952412640834,0.04624288498567026,0.6897073325878194,-0.05972115987754445,1252,1165489.6918630772,165489.69186307723,2141,0.5361980382998599,77.29551231343953,110.0185383352126,683034.1179080383,648066.5691158812,2113074.456204449,0.6244424427771874,0.5768129935411855,1.7592729962060338,0.6219486630536363,1.7592729962060338,0.00022315933075491386,0.00033905065741639023,1247,1247,17,5.1000000000000005,0.30000000000000004,0.30000000000000004,0.3498402555910543,0.48961661341853036,0.16054313099041534,21,29,9,5798585.754136715,1167127.4840594665,1.1671274840594665,59,0.0,3.230525180697441e-09
per_start,lb105_s0.40_b0.10_0.90,dynamic,105.0,0.4,0.1,0.9,10_90,True,v2_selected,sp500-12m/same_sector_slide1m_noscreen,sp500-12m/same_sector_slide3m_noscreen,recent,0,2023-01-01,2023-01-01,A,0.19178596132228787,0.09323527084166683,0.07261363873930246,1.2636088110669599,-0.041873304900224784,496,1191785.9613222876,191785.96132228756,830,0.5783132530120482,231.067423279865,110.18834746497959,711309.017839329,636361.7618285367,2562843.868731589,0.6526237573270361,0.5672695313985556,2.270826155981602,0.6499922099184594,2.270826155981602,0.00032985456917439504,0.00016840794004622871,494,494,7,2.8000000000000003,0.39999999999999997,0.4,0.4657258064516129,0.3165322580645161,0.21774193548387097,11,8,4,3112921.3859617137,1581564.8977063547,1.5815648977063546,23,0.0,-3.346940502524376e-10
per_start,lb105_s0.40_b0.10_0.90,dynamic,105.0,0.4,0.1,0.9,10_90,True,v2_selected,sp500-12m/same_sector_slide1m_noscreen,sp500-12m/same_sector_slide3m_noscreen,recent,0,2023-01-01,2023-01-01,B,0.19197587811333094,0.09332377844395445,0.0727885308241688,1.261868246599945,-0.042146611463371175,496,1191975.8781133313,191975.87811333127,830,0.5783132530120482,231.2962386907558,117.79663492470723,704848.3738642808,635809.5740479452,2562508.883947206,0.646321698199692,0.5580783286069444,2.2630004828024695,0.6437155623198545,2.2630004828024695,0.0003353684279660392,0.0001431536772697767,494,494,7,2.8000000000000003,0.39999999999999997,0.4,0.4657258064516129,0.3165322580645161,0.21774193548387097,11,8,4,3123478.4916497045,1586928.5884994466,1.5869285884994466,23,0.0,3.914465196430683e-09
per_start,lb105_s0.40_b0.10_0.90,dynamic,105.0,0.4,0.1,0.9,10_90,True,v2_selected,sp500-12m/same_sector_slide1m_noscreen,sp500-12m/same_sector_slide3m_noscreen,recent,1,2023-02-01,2023-02-01,A,0.13323116224378273,0.06860548294628677,0.06553510917779157,1.0448099848420354,-0.03475292492712412,475,1133231.1622437825,133231.16224378254,773,0.5640362225097024,172.35596668018601,317.7572624186472,624186.7043642476,570934.2133370203,2309614.3336546347,0.6025531357532272,0.5500532581550357,2.1747851214970706,0.6000160699184768,2.1747851214970706,0.00026318111521507476,0.0002642999964261121,473,473,3,1.2000000000000002,0.4000000000000001,0.4,0.0,0.8736842105263158,0.12631578947368421,0,20,3,1193693.3749262316,633285.7483819165,0.6332857483819165,23,0.0,-1.280568540096283e-09
per_start,lb105_s0.40_b0.10_0.90,dynamic,105.0,0.4,0.1,0.9,10_90,True,v2_selected,sp500-12m/same_sector_slide1m_noscreen,sp500-12m/same_sector_slide3m_noscreen,recent,1,2023-02-01,2023-02-01,B,0.11557841705384075,0.059741775790117746,0.06607408661079617,0.9107465902766572,-0.04489055298882105,475,1115578.4170538452,115578.41705384525,773,0.5640362225097024,149.5192976117009,313.4751546574291,623456.6157675837,562470.4555571126,2270467.5366793396,0.6107740024765208,0.5454790831967845,2.1661443943910963,0.6082023224660933,2.1661443943910963,0.00024016274460055687,0.0002329831783554823,473,473,3,1.2000000000000002,0.4000000000000001,0.4,0.0,0.8736842105263158,0.12631578947368421,0,20,3,1182076.2874082152,627122.5777407795,0.6271225777407794,23,0.0,4.501998773775995e-10
per_start,lb105_s0.40_b0.10_0.90,dynamic,105.0,0.4,0.1,0.9,10_90,True,v2_selected,sp500-12m/same_sector_slide1m_noscreen,sp500-12m/same_sector_slide3m_noscreen,recent,2,2023-03-01,2023-03-01,A,0.25714281685548657,0.1373754444523423,0.08655628551294546,1.5299664467897287,-0.04671882106843128,448,1257142.8168554846,257142.81685548462,748,0.5935828877005348,343.77381932551566,141.55428640859085,658192.2182098863,549191.2728277189,3139764.588035933,0.5966162673939329,0.5081757023782355,2.7017157051552614,0.5899576036953399,2.7017157051552614,0.0007325319447427042,0.0004714051145671495,443,443,7,2.8000000000000003,0.39999999999999997,0.4,0.44642857142857145,0.328125,0.22544642857142858,10,7,4,3137558.615172042,1764876.7210342737,1.7648767210342737,21,0.0,-1.1350493878126144e-09
per_start,lb105_s0.40_b0.10_0.90,dynamic,105.0,0.4,0.1,0.9,10_90,True,v2_selected,sp500-12m/same_sector_slide1m_noscreen,sp500-12m/same_sector_slide3m_noscreen,recent,2,2023-03-01,2023-03-01,B,0.25422753647231766,0.13589107303653902,0.08684950262443503,1.510049293142841,-0.046695340104808025,448,1254227.536472317,254227.53647231706,748,0.5935828877005348,339.87638565817787,140.9846044608695,673059.7312822678,564513.9832372756,3134533.2380286474,0.6123598243723831,0.517605480836301,2.699625088099799,0.6055254513325127,2.699625088099799,0.0007248673134838525,0.00042534523941443645,443,443,7,2.8000000000000003,0.39999999999999997,0.4,0.44642857142857145,0.328125,0.22544642857142858,10,7,4,3137162.4097051756,1764653.8554591613,1.7646538554591613,21,0.0,0.0
per_start,lb105_s0.40_b0.10_0.90,dynamic,105.0,0.4,0.1,0.9,10_90,True,v2_selected,sp500-12m/same_sector_slide1m_noscreen,sp500-12m/same_sector_slide3m_noscreen,recent,3,2023-04-01,2023-04-01,A,0.18500622463030125,0.10485281609989072,0.07416923711577454,1.3811091043497918,-0.03225101145579845,429,1185006.2246303025,185006.22463030252,715,0.5902097902097903,258.7499645179053,170.19335085776032,690944.8572259302,631303.8992113585,2548264.5674337386,0.6297730329700122,0.5709682714868174,2.2708261559816005,0.6268370281543012,2.2708261559816005,0.0003004148157453067,0.00013522709454128907,427,427,9,3.6,0.4,0.4,0.2913752913752914,0.4195804195804196,0.289044289044289,6,9,5,3956265.2068971996,2323959.9816738795,2.3239599816738794,20,0.0,2.9831426218152046e-10
per_start,lb105_s0.40_b0.10_0.90,dynamic,105.0,0.4,0.1,0.9,10_90,True,v2_selected,sp500-12m/same_sector_slide1m_noscreen,sp500-12m/same_sector_slide3m_noscreen,recent,3,2023-04-01,2023-04-01,B,0.17677628756795105,0.10033896346740345,0.07410951523208922,1.3269123134325653,-0.034507966538289914,429,1176776.2875679517,176776.28756795172,715,0.5902097902097903,247.2395630321003,173.30040757475908,682321.4374853648,629022.802458443,2529832.741871328,0.6254720798759061,0.5724330391141844,2.2630004183205306,0.622556126123571,2.2630004183205306,0.00029334129641323415,0.00014335801861229742,427,427,9,3.6,0.4,0.4,0.2913752913752914,0.4195804195804196,0.289044289044289,6,9,5,3944752.6289013135,2317197.348445527,2.317197348445527,20,0.0,0.0
per_start,lb105_s0.40_b0.10_0.90,dynamic,105.0,0.4,0.1,0.9,10_90,True,v2_selected,sp500-12m/same_sector_slide1m_noscreen,sp500-12m/same_sector_slide3m_noscreen,recent,4,2023-05-01,2023-05-01,A,0.1500232426295025,0.08903371744619704,0.06808460015193961,1.2863160760663843,-0.03423885092828993,413,1150023.242629502,150023.24262950197,668,0.5793413173652695,224.58569255913494,372.47255339843446,630640.2699529742,585325.4715494035,2343837.915605864,0.596729464505765,0.5532730261369464,2.1747851214970715,0.5938397334427832,2.1747851214970715,0.0005176837261934621,0.00048440759445358294,411,411,3,1.2000000000000002,0.4000000000000001,0.4,0.0,0.8523002421307506,0.14769975786924938,0,17,3,1222076.1290847436,745673.5702889961,0.7456735702889961,20,0.0,-1.6189005691558123e-10
per_start,lb105_s0.40_b0.10_0.90,dynamic,105.0,0.4,0.1,0.9,10_90,True,v2_selected,sp500-12m/same_sector_slide1m_noscreen,sp500-12m/same_sector_slide3m_noscreen,recent,4,2023-05-01,2023-05-01,B,0.12221832157074464,0.07289117765950048,0.07171839970203873,1.0164280810867015,-0.05098576066514093,413,1122218.3215707466,122218.3215707466,668,0.5793413173652695,182.96155923764564,360.5583477972714,628366.8261493817,592624.4761396657,2283981.3223775947,0.6082170556520499,0.5794674044952585,2.166144394395556,0.60527169460773,2.166144394395556,0.0004747319230338968,0.00044735747537787384,411,411,3,1.2000000000000002,0.4000000000000001,0.4,0.0,0.8523002421307506,0.14769975786924938,0,17,3,1205838.5872062305,735765.9176173611,0.735765917617361,20,0.0,-6.657501216977835e-10
per_start,lb105_s0.40_b0.10_0.90,dynamic,105.0,0.4,0.1,0.9,10_90,True,v2_selected,sp500-12m/same_sector_slide1m_noscreen,sp500-12m/same_sector_slide3m_noscreen,historical,0,2014-01-01,2014-01-01,A,0.17555403669324066,0.03309030590755979,0.04736423344215365,0.7110230654317671,-0.07198924678998697,1252,1175554.036693238,175554.03669323795,2141,0.5361980382998599,81.99628056666698,67.11314023017366,692822.5348445225,645396.194291646,2230418.9404511964,0.6223226746096512,0.5753891856934722,1.8257797775422948,0.6198373604139257,1.8257797775422948,0.00023932944083814494,0.0003383004319240405,1247,1247,17,6.800000000000001,0.4,0.4,0.3498402555910543,0.48961661341853036,0.16054313099041534,21,29,9,7889690.973272962,1588020.866824909,1.5880208668249092,59,0.0,3.92901711165905e-09
per_start,lb105_s0.40_b0.10_0.90,dynamic,105.0,0.4,0.1,0.9,10_90,True,v2_selected,sp500-12m/same_sector_slide1m_noscreen,sp500-12m/same_sector_slide3m_noscreen,historical,0,2014-01-01,2014-01-01,B,0.1814240268174132,0.03412655685929722,0.04697942797181889,0.7378030146679994,-0.06169155898564738,1252,1181424.026817421,181424.02681742096,2141,0.5361980382998599,84.73798543550575,66.33770102875991,686040.3829658875,638509.9077687556,2147605.358314786,0.6218587224181926,0.5694420564309074,1.7872117338620388,0.6193752610666824,1.7872117338620388,0.00024095120594156663,0.00033848974300550394,1247,1247,17,6.800000000000001,0.4,0.4,0.3498402555910543,0.48961661341853036,0.16054313099041534,21,29,9,7824250.4520987645,1574849.132531061,1.5748491325310612,59,0.0,3.14321368932724e-09
per_start,lb126_s0.10_b0.40_0.60,dynamic,126.0,0.1,0.4,0.6,40_60,True,v2_selected,sp500-12m/same_sector_slide1m_noscreen,sp500-12m/same_sector_slide3m_noscreen,recent,0,2023-01-01,2023-01-01,A,0.2086197924539488,0.10105364161107433,0.06727400362984752,1.4644600938116608,-0.04232202406298824,496,1208619.7924539468,208619.79245394678,830,0.5783132530120482,251.34914753487624,349.87352691876765,709043.7046924008,642244.3002380438,2612566.6812678208,0.6531007542701861,0.5749458736089765,2.3390973401436645,0.6504672834868386,2.3390973401436645,0.00034861956170409783,0.0003208336392375964,494,494,7,0.6999999999999998,0.09999999999999998,0.09999999999999998,0.5120967741935484,0.2782258064516129,0.20967741935483872,12,7,4,782442.9534080157,397531.50052181445,0.3975315005218144,23,0.0,-4.656612873077393e-10
per_start,lb126_s0.10_b0.40_0.60,dynamic,126.0,0.1,0.4,0.6,40_60,True,v2_selected,sp500-12m/same_sector_slide1m_noscreen,sp500-12m/same_sector_slide3m_noscreen,recent,0,2023-01-01,2023-01-01,B,0.21121248984760244,0.10225303182856926,0.06772558365284823,1.4712340559320127,-0.04269808312190437,496,1211212.4898476023,211212.48984760232,830,0.5783132530120482,254.47287933446043,360.66934699019856,713037.0579435625,637834.8507096682,2615988.6770507665,0.6557707433456716,0.5886464225296026,2.331308986642911,0.6531265064773423,2.331308986642911,0.00035678737217158615,0.00029981684540566784,494,494,7,0.6999999999999998,0.09999999999999998,0.09999999999999998,0.5120967741935484,0.2782258064516129,0.20967741935483872,12,7,4,785829.6976830906,399252.18511318316,0.3992521851131831,23,0.0,1.8917489796876907e-10
per_start,lb126_s0.10_b0.40_0.60,dynamic,126.0,0.1,0.4,0.6,40_60,True,v2_selected,sp500-12m/same_sector_slide1m_noscreen,sp500-12m/same_sector_slide3m_noscreen,recent,1,2023-02-01,2023-02-01,A,0.08742905574532589,0.045470187133108464,0.06705177797509926,0.6961731718490516,-0.04715526069818643,475,1087429.0557453274,87429.05574532738,773,0.5640362225097024,113.1035650004179,354.05094549118115,586673.2292679081,526466.3405891362,2032427.1578752084,0.5782528985360176,0.5063564534759952,1.9557040181970111,0.57581814948955,1.9557040181970111,0.00021773144409775277,0.0002674805338802634,473,473,3,0.29999999999999993,0.09999999999999998,0.09999999999999998,0.0,0.871578947368421,0.12842105263157894,0,20,3,294928.2032865038,156467.1731119978,0.1564671731119978,23,0.0,4.35466063208878e-09
per_start,lb126_s0.10_b0.40_0.60,dynamic,126.0,0.1,0.4,0.6,40_60,True,v2_selected,sp500-12m/same_sector_slide1m_noscreen,sp500-12m/same_sector_slide3m_noscreen,recent,1,2023-02-01,2023-02-01,B,0.0753693318110793,0.03930295496572089,0.06742091646447093,0.6049697712994275,-0.05609038114794662,475,1075369.3318110798,75369.33181107976,773,0.5640362225097024,97.50236974266514,322.8643289531275,587874.656002038,527504.6138609172,2006968.094781642,0.5853600967146654,0.535457120128789,1.9557040181970111,0.5828954226232353,1.9557040181970111,0.00020552714563701547,0.00024029182100810057,473,473,3,0.29999999999999993,0.09999999999999998,0.09999999999999998,0.0,0.871578947368421,0.12842105263157894,0,20,3,292672.22847981757,155270.3191092927,0.15527031910929268,23,0.0,-3.838067641481757e-10
per_start,lb126_s0.10_b0.40_0.60,dynamic,126.0,0.1,0.4,0.6,40_60,True,v2_selected,sp500-12m/same_sector_slide1m_noscreen,sp500-12m/same_sector_slide3m_noscreen,recent,2,2023-03-01,2023-03-01,A,0.24870135365638246,0.13307316123308444,0.07866085200063473,1.6271857735124056,-0.04162636405634612,448,1248701.3536563849,248701.35365638486,748,0.5935828877005348,332.4884407170935,430.08435078750915,641524.4707459101,553728.5168612726,2933143.285433097,0.5818187844459944,0.5119004274056386,2.5502499969383727,0.5753252712267312,2.5502499969383727,0.0006879298901545763,0.0004231128292407288,443,443,7,0.6999999999999998,0.09999999999999998,0.09999999999999998,0.40401785714285715,0.3794642857142857,0.21651785714285715,9,8,4,787830.9673763762,443154.9191492116,0.4431549191492116,21,0.0,-1.1350493878126144e-09
per_start,lb126_s0.10_b0.40_0.60,dynamic,126.0,0.1,0.4,0.6,40_60,True,v2_selected,sp500-12m/same_sector_slide1m_noscreen,sp500-12m/same_sector_slide3m_noscreen,recent,2,2023-03-01,2023-03-01,B,0.2465888775951457,0.13199452622364127,0.07888706046929775,1.6106690516150473,-0.04150332183455718,448,1246588.8775951446,246588.87759514456,748,0.5935828877005348,329.6642748598211,409.18106598718634,647659.0619934691,567668.9614436236,2930780.7995530628,0.5892096096273889,0.5191608118153547,2.546809984925793,0.5826336095199404,2.546809984925793,0.0006864481832967355,0.00042662394366903137,443,443,7,0.6999999999999998,0.09999999999999998,0.09999999999999998,0.40401785714285715,0.3794642857142857,0.21651785714285715,9,8,4,788483.4577633272,443521.94499187154,0.4435219449918716,21,0.0,-1.57160684466362e-09
per_start,lb126_s0.10_b0.40_0.60,dynamic,126.0,0.1,0.4,0.6,40_60,True,v2_selected,sp500-12m/same_sector_slide1m_noscreen,sp500-12m/same_sector_slide3m_noscreen,recent,3,2023-04-01,2023-04-01,A,0.2141850807674599,0.12075324918675734,0.0712398892839707,1.6356869521438286,-0.04002010274085832,429,1214185.0807674618,214185.0807674618,715,0.5902097902097903,299.55955352092064,400.6473478370013,704603.1931569213,645675.2083605535,2624596.6735865907,0.6378064154720213,0.5755571554951102,2.339097340143665,0.6348329589896343,2.339097340143665,0.0003676027344799446,0.0002028657331164093,427,427,9,0.8999999999999998,0.09999999999999998,0.09999999999999998,0.34498834498834496,0.3752913752913753,0.27972027972027974,7,8,5,1001753.8938675085,588442.8467473476,0.5884428467473477,20,0.0,3.521563485264778e-09
per_start,lb126_s0.10_b0.40_0.60,dynamic,126.0,0.1,0.4,0.6,40_60,True,v2_selected,sp500-12m/same_sector_slide1m_noscreen,sp500-12m/same_sector_slide3m_noscreen,recent,3,2023-04-01,2023-04-01,B,0.20802365703949577,0.11740895149398023,0.07153019469861957,1.5875498751046646,-0.04196100048396201,429,1208023.6570394957,208023.65703949565,715,0.5902097902097903,290.94217767761387,402.44424231688924,704779.7754972894,651363.8295383885,2609101.3877696395,0.6409906562361694,0.5937697603746867,2.3313089719652176,0.638002354808495,2.3313089719652176,0.00034878835548411317,0.00019358304802944695,427,427,9,0.8999999999999998,0.09999999999999998,0.09999999999999998,0.34498834498834496,0.3752913752913753,0.27972027972027974,7,8,5,999801.3147125625,587295.877173813,0.5872958771738129,20,0.0,1.7898855730891228e-09
per_start,lb126_s0.10_b0.40_0.60,dynamic,126.0,0.1,0.4,0.6,40_60,True,v2_selected,sp500-12m/same_sector_slide1m_noscreen,sp500-12m/same_sector_slide3m_noscreen,recent,4,2023-05-01,2023-05-01,A,0.11276564740415873,0.0673678763820682,0.06965982503155194,0.9702215121633446,-0.0392790853395345,413,1112765.647404159,112765.64740415895,668,0.5793413173652695,168.8108494074189,429.2901603208535,590441.4854087562,536186.4991136733,2079781.766163393,0.5675275538622705,0.5110322759627797,1.9546327881257823,0.5647792364101529,1.9546327881257823,0.0004936377757552268,0.0004774522059096355,411,411,1,0.09999999999999998,0.09999999999999998,0.09999999999999998,0.0,0.9007263922518159,0.09927360774818401,0,18,2,102232.15208807451,62378.94025713021,0.062378940257130214,20,0.0,3.1250237952917814e-09
per_start,lb126_s0.10_b0.40_0.60,dynamic,126.0,0.1,0.4,0.6,40_60,True,v2_selected,sp500-12m/same_sector_slide1m_noscreen,sp500-12m/same_sector_slide3m_noscreen,recent,4,2023-05-01,2023-05-01,B,0.09645725408538697,0.05779550794882926,0.07235233446606924,0.8122470347746968,-0.051082560116125664,413,1096457.254085384,96457.25408538408,668,0.5793413173652695,144.39708695416877,411.06513802541394,591424.2662127719,550999.6749475393,2046327.8110783128,0.5762277118938117,0.5467514880946235,1.9490717643785522,0.5734372629258029,1.9490717643785522,0.00046809306959136234,0.0004715190553343196,411,411,1,0.09999999999999998,0.09999999999999998,0.09999999999999998,0.0,0.9007263922518159,0.09927360774818401,0,18,2,102486.76821002025,62534.29924679202,0.06253429924679202,20,0.0,-6.402842700481415e-10
per_start,lb126_s0.10_b0.40_0.60,dynamic,126.0,0.1,0.4,0.6,40_60,True,v2_selected,sp500-12m/same_sector_slide1m_noscreen,sp500-12m/same_sector_slide3m_noscreen,historical,0,2014-01-01,2014-01-01,A,0.1279569462328114,0.024531538841018108,0.04616701011701696,0.5480564095026834,-0.06291439482181105,1252,1127956.9462328206,127956.94623282063,2141,0.5361980382998599,59.76503794153184,168.81286273230404,682431.8884005987,648682.8379707544,2198585.504045072,0.6314064127425303,0.6105001190384943,1.8835130831376086,0.6288848216373284,1.8835130831376086,0.00018777474421744704,0.00029410868223346206,1247,1247,17,1.6999999999999997,0.09999999999999998,0.09999999999999998,0.3506389776357827,0.48801916932907347,0.16134185303514376,21,29,9,1917684.1045129364,385987.53541314695,0.38598753541314695,59,0.0,9.604264050722122e-10
per_start,lb126_s0.10_b0.40_0.60,dynamic,126.0,0.1,0.4,0.6,40_60,True,v2_selected,sp500-12m/same_sector_slide1m_noscreen,sp500-12m/same_sector_slide3m_noscreen,historical,0,2014-01-01,2014-01-01,B,0.13344820042454608,0.02553351605483556,0.04589812603847649,0.5722951008072081,-0.06280721254446975,1252,1133448.2004245464,133448.20042454638,2141,0.5361980382998599,62.329846064711845,167.6191276354974,679321.5799645836,642592.4905437648,2182171.3859787043,0.6314820867376977,0.6061204517821086,1.8790622275265592,0.6289601934200552,1.8790622275265592,0.00018976992401793303,0.0002899789370528863,1247,1247,17,1.6999999999999997,0.09999999999999998,0.09999999999999998,0.3506389776357827,0.48801916932907347,0.16134185303514376,21,29,9,1909472.0627792934,384334.6324443945,0.38433463244439453,59,0.0,-1.6443664208054543e-09
per_start,lb126_s0.10_b0.30_0.70,dynamic,126.0,0.1,0.3,0.7,30_70,True,v2_selected,sp500-12m/same_sector_slide1m_noscreen,sp500-12m/same_sector_slide3m_noscreen,recent,0,2023-01-01,2023-01-01,A,0.19608915077711386,0.0952390022999019,0.0691219170147278,1.3504576758249587,-0.0471359979270386,496,1196089.1507771148,196089.1507771148,830,0.5783132530120482,236.25198888808944,293.6412066519006,711902.6291432149,644246.6030663225,2578929.664383051,0.6578585838203401,0.5943649898237684,2.316380055893393,0.6552059282404195,2.316380055893393,0.00031111664032401566,0.00013874254716853072,494,494,12,1.1999999999999997,0.09999999999999998,0.10000000000000003,0.3870967741935484,0.16330645161290322,0.19556451612903225,9,4,4,1316788.9203100342,669013.7256413883,0.6690137256413884,23,0.0,5.093170329928398e-10
per_start,lb126_s0.10_b0.30_0.70,dynamic,126.0,0.1,0.3,0.7,30_70,True,v2_selected,sp500-12m/same_sector_slide1m_noscreen,sp500-12m/same_sector_slide3m_noscreen,recent,0,2023-01-01,2023-01-01,B,0.19940439511409602,0.09678029094564011,0.06958826037037302,1.3620956140285752,-0.04755748642604862,496,1199404.3951140936,199404.39511409355,830,0.5783132530120482,240.24625917360655,304.85446440757204,717632.2002258295,657464.4333302351,2582438.9187194803,0.6617029482199822,0.5987764353779099,2.3082909981603033,0.6590347911707081,2.3082909981603033,0.0003205174080891193,0.0001284313162304648,494,494,12,1.1999999999999997,0.09999999999999998,0.10000000000000003,0.3870967741935484,0.16330645161290322,0.19556451612903225,9,4,4,1323172.949018298,672257.2240980063,0.6722572240980063,23,0.0,7.275957614183426e-11
per_start,lb126_s0.10_b0.30_0.70,dynamic,126.0,0.1,0.3,0.7,30_70,True,v2_selected,sp500-12m/same_sector_slide1m_noscreen,sp500-12m/same_sector_slide3m_noscreen,recent,1,2023-02-01,2023-02-01,A,0.1012481884358416,0.05249781899759909,0.06621955845656967,0.8052764668178279,-0.044713944897338154,475,1101248.1884358418,101248.18843584182,773,0.5640362225097024,130.98083885619923,381.3936850322255,597751.3958695969,541613.8039102101,2121248.530253003,0.5861083581025942,0.5320235105905794,2.0281070938289743,0.5836405334368993,2.0281070938289743,0.00022882978647290514,0.00031672445796877645,473,473,4,0.3999999999999999,0.09999999999999998,0.09999999999999998,0.0,0.8252631578947368,0.08421052631578947,0,19,2,393078.0677494352,208538.259100753,0.208538259100753,23,0.0,-1.7826096154749393e-10
per_start,lb126_s0.10_b0.30_0.70,dynamic,126.0,0.1,0.3,0.7,30_70,True,v2_selected,sp500-12m/same_sector_slide1m_noscreen,sp500-12m/same_sector_slide3m_noscreen,recent,1,2023-02-01,2023-02-01,B,0.08818661786316517,0.04585652288368691,0.0665529238274994,0.706454671319901,-0.053893024834182346,475,1088186.617863167,88186.61786316708,773,0.5640362225097024,114.08359361341157,368.1222239932304,597163.9401064265,537798.1370009573,2093317.3610614564,0.5919452901295444,0.5435830607974015,2.021768565838628,0.5894528889079464,2.021768565838628,0.0002163217402440004,0.0002612593291612054,473,473,4,0.3999999999999999,0.09999999999999998,0.09999999999999998,0.0,0.8252631578947368,0.08421052631578947,0,19,2,389856.9689084231,206829.3813998371,0.2068293813998371,23,0.0,-6.184563972055912e-11
per_start,lb126_s0.10_b0.30_0.70,dynamic,126.0,0.1,0.3,0.7,30_70,True,v2_selected,sp500-12m/same_sector_slide1m_noscreen,sp500-12m/same_sector_slide3m_noscreen,recent,2,2023-03-01,2023-03-01,A,0.24278633378048475,0.1300509214805734,0.08074510522743501,1.5540974489032437,-0.043142652943197746,448,1242786.3337804852,242786.3337804852,748,0.5935828877005348,324.5806601343427,401.6483689515336,643042.8803612564,553728.5168612726,2984529.9192831675,0.5849546179587422,0.5096443054059939,2.60071359840563,0.5784261065975956,2.60071359840563,0.0006747388724964485,0.00043086042657134555,443,443,12,1.1999999999999997,0.09999999999999998,0.10000000000000003,0.27232142857142855,0.23660714285714285,0.203125,6,5,4,1330921.6823915583,748643.4463452516,0.7486434463452516,21,0.0,-3.14321368932724e-09
per_start,lb126_s0.10_b0.30_0.70,dynamic,126.0,0.1,0.3,0.7,30_70,True,v2_selected,sp500-12m/same_sector_slide1m_noscreen,sp500-12m/same_sector_slide3m_noscreen,recent,2,2023-03-01,2023-03-01,B,0.2404149539559859,0.12883751420424883,0.08096264904582538,1.536864933004321,-0.043042419185514214,448,1240414.9539559847,240414.95395598467,748,0.5935828877005348,321.4103662513162,401.29327631018236,647901.0735357372,570038.1803253798,2982696.850377494,0.591329313154638,0.5218310637150012,2.5977675446947126,0.5847296556417516,2.5977675446947126,0.0006728095365239229,0.0004205296269369972,443,443,12,1.1999999999999997,0.09999999999999998,0.10000000000000003,0.27232142857142855,0.23660714285714285,0.203125,6,5,4,1332098.4464081288,749305.3761045726,0.7493053761045726,21,0.0,1.7462298274040222e-10
per_start,lb126_s0.10_b0.30_0.70,dynamic,126.0,0.1,0.3,0.7,30_70,True,v2_selected,sp500-12m/same_sector_slide1m_noscreen,sp500-12m/same_sector_slide3m_noscreen,recent,3,2023-04-01,2023-04-01,A,0.20536072526356497,0.11596138790644739,0.07201051247267887,1.559384562620945,-0.038187695173930614,429,1205360.7252635672,205360.72526356718,715,0.5902097902097903,287.2177975714253,397.82712523599906,702411.508247518,643794.8007141413,2598920.430508303,0.6371856332377007,0.5870774069331548,2.316380055892996,0.6342150708449842,2.316380055892996,0.0003444609107740112,0.00013617991288117996,427,427,12,1.1999999999999997,0.09999999999999998,0.10000000000000003,0.15151515151515152,0.28438228438228436,0.2703962703962704,3,6,5,1338928.303295124,786503.3389985345,0.7865033389985344,20,0.0,-1.9208528101444244e-09
per_start,lb126_s0.10_b0.30_0.70,dynamic,126.0,0.1,0.3,0.7,30_70,True,v2_selected,sp500-12m/same_sector_slide1m_noscreen,sp500-12m/same_sector_slide3m_noscreen,recent,3,2023-04-01,2023-04-01,B,0.1998250633944043,0.11294798580390797,0.07233140790233639,1.515397413831745,-0.04009035735021482,429,1199825.0633944066,199825.06339440658,715,0.5902097902097903,279.4756131390273,404.17424863177064,704718.6895682716,652220.7846702025,2583343.044407659,0.6420102234537244,0.5958425008706376,2.308289600940907,0.6390171687989281,2.308289600940907,0.00032586894993496965,0.0001327120451542193,427,427,12,1.1999999999999997,0.09999999999999998,0.10000000000000003,0.15151515151515152,0.28438228438228436,0.2703962703962704,3,6,5,1336106.1248714402,784845.5558685383,0.7848455558685384,20,0.0,2.066371962428093e-09
per_start,lb126_s0.10_b0.30_0.70,dynamic,126.0,0.1,0.3,0.7,30_70,True,v2_selected,sp500-12m/same_sector_slide1m_noscreen,sp500-12m/same_sector_slide3m_noscreen,recent,4,2023-05-01,2023-05-01,A,0.12342504694143575,0.0735949727982037,0.06911340505187281,1.0615383403328795,-0.03760155352831884,413,1123425.046941435,123425.04694143496,668,0.5793413173652695,184.76803434346547,453.6139241612658,603841.3221142334,546095.0408661539,2163966.0838483768,0.5784962620432139,0.5165535643429235,2.028107093829572,0.575694827360196,2.028107093829572,0.0004971170718968072,0.0004796501361086534,411,411,2,0.19999999999999996,0.09999999999999998,0.09999999999999998,0.0,0.847457627118644,0.09927360774818401,0,17,2,202344.49408524524,123464.4370689632,0.1234644370689632,20,0.0,2.4556356947869062e-11
per_start,lb126_s0.10_b0.30_0.70,dynamic,126.0,0.1,0.3,0.7,30_70,True,v2_selected,sp500-12m/same_sector_slide1m_noscreen,sp500-12m/same_sector_slide3m_noscreen,recent,4,2023-05-01,2023-05-01,B,0.10628488892818289,0.06357052484414272,0.07178238596745358,0.8939961257696905,-0.051082560116125664,413,1106284.8889281834,106284.88892818335,668,0.5793413173652695,159.10911516195293,440.47466570996676,603042.8339518738,569032.4467781424,2128135.873297491,0.5859731396063353,0.5561055855142043,2.021771652966054,0.5831354972837867,2.021771652966054,0.00047154735700736524,0.0004726799984350655,411,411,2,0.19999999999999996,0.09999999999999998,0.09999999999999998,0.0,0.847457627118644,0.09927360774818401,0,17,2,201315.03406716342,122836.29197318446,0.12283629197318446,20,0.0,-1.2096279533579946e-09
per_start,lb126_s0.10_b0.30_0.70,dynamic,126.0,0.1,0.3,0.7,30_70,True,v2_selected,sp500-12m/same_sector_slide1m_noscreen,sp500-12m/same_sector_slide3m_noscreen,historical,0,2014-01-01,2014-01-01,A,0.15027352492638735,0.028579645694943867,0.04656430945099205,0.628464821870691,-0.06617499353273049,1252,1150273.5249263865,150273.52492638654,2141,0.5361980382998599,70.18847497729588,153.0544062149641,688197.7631160569,665212.1392763967,2379839.8197630174,0.6295531915351852,0.6108942502962617,2.000191280958844,0.6270390014731437,2.000191280958844,0.00022281497885175768,0.000314253272127071,1247,1247,22,2.1999999999999997,0.1,0.10000000000000003,0.3019169329073482,0.4049520766773163,0.1134185303514377,18,24,6,2487490.1310658534,500676.9273391334,0.5006769273391334,59,0.0,-3.958120942115784e-09
per_start,lb126_s0.10_b0.30_0.70,dynamic,126.0,0.1,0.3,0.7,30_70,True,v2_selected,sp500-12m/same_sector_slide1m_noscreen,sp500-12m/same_sector_slide3m_noscreen,historical,0,2014-01-01,2014-01-01,B,0.15748348326449868,0.02987408399274516,0.046212979812273125,0.6601064685652647,-0.06608326849160873,1252,1157483.4832644977,157483.4832644977,2141,0.5361980382998599,73.55604075875745,150.39388893722787,684037.1780875901,651329.2261072008,2363010.8724292098,0.6288751472629432,0.6061585093115355,1.9967239578435432,0.6263636650454395,1.9967239578435432,0.0002255473840682345,0.0003155590268942399,1247,1247,22,2.1999999999999997,0.1,0.10000000000000003,0.3019169329073482,0.4049520766773163,0.1134185303514377,18,24,6,2476430.2912639747,498450.8253981802,0.49845082539818025,59,0.0,-2.0227162167429924e-09
per_start,lb126_s0.10_b0.20_0.80,dynamic,126.0,0.1,0.2,0.8,20_80,True,v2_selected,sp500-12m/same_sector_slide1m_noscreen,sp500-12m/same_sector_slide3m_noscreen,recent,0,2023-01-01,2023-01-01,A,0.18462764155500055,0.0898941791680754,0.07090107963605395,1.2492683920299934,-0.05222053895295431,496,1184627.6415550015,184627.6415550015,830,0.5783132530120482,222.44294163253198,242.02304097408341,714395.7393713521,655689.0027878396,2534710.09447193,0.6640161446262581,0.5941214397452966,2.293623376220517,0.6613386601721201,2.293623376220517,0.0002865666630106591,0.00015528849938132883,494,494,17,1.6999999999999997,0.09999999999999998,0.10000000000000003,0.25806451612903225,0.0846774193548387,0.1693548387096774,6,2,3,1852879.0068589407,941382.0760654296,0.9413820760654296,23,0.0,-5.820766091346741e-11
per_start,lb126_s0.10_b0.20_0.80,dynamic,126.0,0.1,0.2,0.8,20_80,True,v2_selected,sp500-12m/same_sector_slide1m_noscreen,sp500-12m/same_sector_slide3m_noscreen,recent,0,2023-01-01,2023-01-01,B,0.18826790278776184,0.09159448093686584,0.07138548071530931,1.2631264090619636,-0.052702793551844596,496,1188267.9027877585,188267.9027877585,830,0.5783132530120482,226.82879853946818,247.11638475536898,721854.9933742217,667185.0378808149,2537659.9931050558,0.6692293887644697,0.6251009424224132,2.2852857847528165,0.6665308831646131,2.2852857847528165,0.0002961526231050503,0.00016963811808349026,494,494,17,1.6999999999999997,0.09999999999999998,0.10000000000000003,0.25806451612903225,0.0846774193548387,0.1693548387096774,6,2,3,1861934.3690912835,945982.784296378,0.9459827842963779,23,0.0,-8.731149137020111e-11
per_start,lb126_s0.10_b0.20_0.80,dynamic,126.0,0.1,0.2,0.8,20_80,True,v2_selected,sp500-12m/same_sector_slide1m_noscreen,sp500-12m/same_sector_slide3m_noscreen,recent,1,2023-02-01,2023-02-01,A,0.11617937241934717,0.060044602510761935,0.06576852197618503,0.9190060027712795,-0.04140068720715806,475,1116179.3724193512,116179.37241935125,773,0.5640362225097024,150.2967301673395,408.40141789796553,611044.2077308322,556492.395140853,2212902.5638534357,0.5956374226458463,0.55261161366571,2.1014911142201633,0.5931294756031269,2.1014911142201633,0.00024368938927923743,0.00027368169478772313,473,473,5,0.4999999999999999,0.09999999999999998,0.09999999999999998,0.0,0.7789473684210526,0.08421052631578947,0,18,2,491796.6915020101,260911.08686001378,0.2609110868600138,23,0.0,-2.204615157097578e-09
per_start,lb126_s0.10_b0.20_0.80,dynamic,126.0,0.1,0.2,0.8,20_80,True,v2_selected,sp500-12m/same_sector_slide1m_noscreen,sp500-12m/same_sector_slide3m_noscreen,recent,1,2023-02-01,2023-02-01,B,0.10225576732956876,0.053008592957686895,0.06604737204328856,0.8145627660805773,-0.050676668162751515,475,1102255.7673295704,102255.76732957037,773,0.5640362225097024,132.28430443670013,398.684262265088,608425.7587319366,546166.881261486,2182965.714874892,0.5999664186106856,0.5451918268040771,2.0946161785306914,0.5974402442165353,2.0946161785306914,0.00023102062336023365,0.0002459278220871072,473,473,5,0.4999999999999999,0.09999999999999998,0.09999999999999998,0.0,0.7789473684210526,0.08421052631578947,0,18,2,487564.0725804181,258665.57113740075,0.25866557113740074,23,0.0,1.178705133497715e-09
per_start,lb126_s0.10_b0.20_0.80,dynamic,126.0,0.1,0.2,0.8,20_80,True,v2_selected,sp500-12m/same_sector_slide1m_noscreen,sp500-12m/same_sector_slide3m_noscreen,recent,2,2023-03-01,2023-03-01,A,0.23980578130897867,0.12852564389854737,0.08232431699961557,1.5093741973980577,-0.04466057638384968,448,1239805.7813089788,239805.7813089788,748,0.5935828877005348,320.59596431681797,325.088940323564,643167.9270908555,563614.0640806903,3038456.288986662,0.5862635621680164,0.5094457768850013,2.6512021501271907,0.5797204420545341,2.6512021501271907,0.0006770842801475371,0.00038271198096808925,443,443,17,1.6999999999999997,0.09999999999999998,0.10000000000000003,0.18080357142857142,0.10044642857142858,0.17857142857142858,4,2,3,1876234.8158593797,1055382.0839209012,1.0553820839209012,21,0.0,-1.0477378964424133e-09
per_start,lb126_s0.10_b0.20_0.80,dynamic,126.0,0.1,0.2,0.8,20_80,True,v2_selected,sp500-12m/same_sector_slide1m_noscreen,sp500-12m/same_sector_slide3m_noscreen,recent,2,2023-03-01,2023-03-01,B,0.2370336827141748,0.1271056006662552,0.08252072499381483,1.4907144808615804,-0.04458310306404767,448,1237033.682714175,237033.68271417497,748,0.5935828877005348,316.8899501526426,321.8175226075084,646467.0881576939,569302.3432646955,3036796.2287265686,0.5914123977595671,0.525835462014467,2.648705977867391,0.5848118129631433,2.648705977867391,0.000675048962461728,0.0003827119809685198,443,443,17,1.6999999999999997,0.09999999999999998,0.10000000000000003,0.18080357142857142,0.10044642857142858,0.17857142857142858,4,2,3,1877835.0123040762,1056282.194421043,1.056282194421043,21,0.0,-1.7462298274040222e-09
per_start,lb126_s0.10_b0.20_0.80,dynamic,126.0,0.1,0.2,0.8,20_80,True,v2_selected,sp500-12m/same_sector_slide1m_noscreen,sp500-12m/same_sector_slide3m_noscreen,recent,3,2023-04-01,2023-04-01,A,0.20081689713176387,0.11348832319888835,0.07276674910847016,1.5133885671632934,-0.0379016204837217,429,1200816.8971317627,200816.8971317627,715,0.5902097902097903,280.8627931912754,383.16383789364687,700203.9515489368,630147.1491898813,2569349.3418122944,0.6367130816708757,0.5885061161400641,2.293623021561028,0.6337447223157667,2.293623021561028,0.00033791713608572935,0.00014130518145570231,427,427,15,1.4999999999999998,0.1,0.1,0.053613053613053616,0.23776223776223776,0.23776223776223776,1,5,4,1671376.3109464408,981787.483353154,0.981787483353154,20,0.0,7.712515071034431e-10
per_start,lb126_s0.10_b0.20_0.80,dynamic,126.0,0.1,0.2,0.8,20_80,True,v2_selected,sp500-12m/same_sector_slide1m_noscreen,sp500-12m/same_sector_slide3m_noscreen,recent,3,2023-04-01,2023-04-01,B,0.19578014139820743,0.11074245691173856,0.07311535758821895,1.472746794143348,-0.039791291446124366,429,1195780.1413982112,195780.14139821124,715,0.5902097902097903,273.8183795779189,391.629204510896,704414.9567912032,652220.7846702025,2553970.515220526,0.6430445089588992,0.6020037149354112,2.285521326345981,0.6400466324602564,2.285521326345981,0.0003194935046385355,0.00014335801861158445,427,427,15,1.4999999999999998,0.1,0.1,0.053613053613053616,0.23776223776223776,0.23776223776223776,1,5,4,1667741.3404951317,979652.2559551822,0.9796522559551823,20,0.0,-8.294591680169106e-10
per_start,lb126_s0.10_b0.20_0.80,dynamic,126.0,0.1,0.2,0.8,20_80,True,v2_selected,sp500-12m/same_sector_slide1m_noscreen,sp500-12m/same_sector_slide3m_noscreen,recent,4,2023-05-01,2023-05-01,A,0.13539918080597646,0.0805627171192933,0.06883424752951159,1.1595761575318022,-0.03592302361234123,413,1135399.1808059732,135399.18080597324,668,0.5793413173652695,202.69338444008113,492.44201271944104,617147.1763200702,576583.06087045,2251007.1591426916,0.5887353370471516,0.5479897589390754,2.101491114220778,0.5858843184658095,2.101491114220778,0.000509856480908684,0.0004796501361076901,411,411,3,0.29999999999999993,0.09999999999999998,0.09999999999999998,0.0,0.7941888619854721,0.09927360774818401,0,16,2,303045.6086525217,184909.18494052172,0.1849091849405217,20,0.0,-9.831637726165354e-10
per_start,lb126_s0.10_b0.20_0.80,dynamic,126.0,0.1,0.2,0.8,20_80,True,v2_selected,sp500-12m/same_sector_slide1m_noscreen,sp500-12m/same_sector_slide3m_noscreen,recent,4,2023-05-01,2023-05-01,B,0.1174507081053422,0.07010768529305311,0.07144594499859495,0.9836607187961036,-0.051082560116125664,413,1117450.7081053422,117450.70810534223,668,0.5793413173652695,175.8244133313478,491.02645496873095,614045.2827852115,579730.0568104235,2213061.910982748,0.5944953832324248,0.5617594539345546,2.0946192610500556,0.5916164709649554,2.0946192610500556,0.00048400523317448566,0.0004350558935419644,411,411,3,0.29999999999999993,0.09999999999999998,0.09999999999999998,0.0,0.7941888619854721,0.09927360774818401,0,16,2,300694.3334989545,183474.50857563326,0.18347450857563324,20,0.0,1.857642928371206e-09
per_start,lb126_s0.10_b0.20_0.80,dynamic,126.0,0.1,0.2,0.8,20_80,True,v2_selected,sp500-12m/same_sector_slide1m_noscreen,sp500-12m/same_sector_slide3m_noscreen,historical,0,2014-01-01,2014-01-01,A,0.16835622634256753,0.03181399385820072,0.047426201531009814,0.6840972783932623,-0.06943389890191898,1252,1168356.226342567,168356.226342567,2141,0.5361980382998599,78.634388763457,132.7674699508742,694865.4209699559,658690.9795956472,2560701.256557504,0.6295495136105868,0.6071508110115783,2.1173214621924616,0.6270353382367426,2.1173214621924616,0.0002515792125017966,0.00034053759900399785,1247,1247,26,2.5999999999999996,0.09999999999999999,0.10000000000000003,0.268370607028754,0.32028753993610226,0.07987220447284345,16,19,4,2940712.6979601122,591900.6388865402,0.5919006388865402,59,0.0,5.587935447692871e-09
per_start,lb126_s0.10_b0.20_0.80,dynamic,126.0,0.1,0.2,0.8,20_80,True,v2_selected,sp500-12m/same_sector_slide1m_noscreen,sp500-12m/same_sector_slide3m_noscreen,historical,0,2014-01-01,2014-01-01,B,0.17529589928109224,0.03304464117255823,0.04703979094636131,0.7146710106806056,-0.06936083707720042,1252,1175295.8992810915,175295.89928109152,2141,0.5361980382998599,81.8757119481966,129.60123668866618,690306.3001452952,649543.7520620131,2543243.2616959824,0.6287280878758453,0.5979744708284956,2.1149237719360077,0.6262171929562134,2.1149237719360077,0.0002543171846107806,0.00033863244671674395,1247,1247,26,2.5999999999999996,0.09999999999999999,0.10000000000000003,0.268370607028754,0.32028753993610226,0.07987220447284345,16,19,4,2927125.238100333,589165.7827486293,0.5891657827486293,59,0.0,2.6193447411060333e-09
per_start,lb126_s0.10_b0.10_0.90,dynamic,126.0,0.1,0.1,0.9,10_90,True,v2_selected,sp500-12m/same_sector_slide1m_noscreen,sp500-12m/same_sector_slide3m_noscreen,recent,0,2023-01-01,2023-01-01,A,0.1796076236346702,0.08754519550158846,0.0719768811043294,1.201677585927172,-0.057290908094334125,496,1179607.62363467,179607.62363466993,830,0.5783132530120482,216.39472727068667,185.3955346245852,715068.1263886221,666035.1890325542,2524450.580222604,0.6665985042719903,0.6170542868734594,2.294071549802325,0.6639106070773452,2.294071549802325,0.0002767894963499804,0.00011585146334512438,494,494,19,1.8999999999999997,0.09999999999999999,0.10000000000000003,0.16733870967741934,0.0,0.16733870967741934,4,0,3,2058286.5903030888,1045742.3805572145,1.0457423805572146,23,0.0,-2.9103830456733704e-11
per_start,lb126_s0.10_b0.10_0.90,dynamic,126.0,0.1,0.1,0.9,10_90,True,v2_selected,sp500-12m/same_sector_slide1m_noscreen,sp500-12m/same_sector_slide3m_noscreen,recent,0,2023-01-01,2023-01-01,B,0.18308854786425877,0.08917452267725778,0.07243694765539206,1.2151866618983396,-0.057833741770576874,496,1183088.5478642592,183088.54786425922,830,0.5783132530120482,220.58861188465212,183.2238730561961,722590.8494187782,667860.5082663357,2525784.173793903,0.6718793717313601,0.628162029345843,2.284576579881849,0.6691701807163143,2.284576579881849,0.0002862486374579774,0.0001356246815851806,494,494,19,1.8999999999999997,0.09999999999999999,0.10000000000000003,0.16733870967741934,0.0,0.16733870967741934,4,0,3,2068348.1411817505,1050854.2975358893,1.0508542975358894,23,0.0,-1.979060471057892e-09
per_start,lb126_s0.10_b0.10_0.90,dynamic,126.0,0.1,0.1,0.9,10_90,True,v2_selected,sp500-12m/same_sector_slide1m_noscreen,sp500-12m/same_sector_slide3m_noscreen,recent,1,2023-02-01,2023-02-01,A,0.1310651102650564,0.06752138208149172,0.0656474894315667,1.0276699855583449,-0.03822653354596561,475,1131065.1102650594,131065.1102650594,773,0.5640362225097024,169.55382957963707,339.79266132182755,624453.0812429113,571471.3386103933,2305199.7469417877,0.6052146752439093,0.5563720310093283,2.174785119363603,0.6026664029270927,2.174785119363603,0.00025763031931841916,0.0002366866107033098,473,473,6,0.5999999999999999,0.09999999999999998,0.09999999999999998,0.0,0.7389473684210527,0.08421052631578947,0,17,2,591845.1547282918,313989.42945585167,0.3139894294558517,23,0.0,-6.548361852765083e-11
per_start,lb126_s0.10_b0.10_0.90,dynamic,126.0,0.1,0.1,0.9,10_90,True,v2_selected,sp500-12m/same_sector_slide1m_noscreen,sp500-12m/same_sector_slide3m_noscreen,recent,1,2023-02-01,2023-02-01,B,0.11625871707814794,0.06008457926480659,0.0658646935824261,0.9183446582592216,-0.047600839196602296,475,1116258.717078145,116258.7170781449,773,0.5640362225097024,150.39937526280028,330.6427426652429,619724.356373577,565820.4233804273,2273422.2819440425,0.6080080810731269,0.5504450095101084,2.1676056406800654,0.6054480470475558,2.1676056406800654,0.0002447682282256138,0.00022605276324860483,473,473,6,0.5999999999999999,0.09999999999999998,0.09999999999999998,0.0,0.7389473684210527,0.08421052631578947,0,17,2,586590.5748774769,311201.7365665772,0.31120173656657724,23,0.0,3.346940502524376e-10
per_start,lb126_s0.10_b0.10_0.90,dynamic,126.0,0.1,0.1,0.9,10_90,True,v2_selected,sp500-12m/same_sector_slide1m_noscreen,sp500-12m/same_sector_slide3m_noscreen,recent,2,2023-03-01,2023-03-01,A,0.24452879044486608,0.13094187065224716,0.08449802420454017,1.4979603245258726,-0.04671882107331515,448,1244528.7904448654,244528.79044486536,748,0.5935828877005348,326.91014765356033,223.08628112593243,641573.1961041726,561020.6498011634,3099045.574887745,0.5847425339532683,0.5109270768679351,2.7017157052066176,0.5782163896011113,2.7017157052066176,0.0007084024917037993,0.00038271198096808925,443,443,18,1.7999999999999998,0.09999999999999999,0.10000000000000003,0.13616071428571427,0.0,0.21205357142857142,3,0,4,1986527.0510865077,1117421.4662361606,1.1174214662361608,21,0.0,2.270098775625229e-09
per_start,lb126_s0.10_b0.10_0.90,dynamic,126.0,0.1,0.1,0.9,10_90,True,v2_selected,sp500-12m/same_sector_slide1m_noscreen,sp500-12m/same_sector_slide3m_noscreen,recent,2,2023-03-01,2023-03-01,B,0.2419030972360754,0.12959909816698034,0.08469552080192837,1.4806324522340852,-0.04669389629708198,448,1241903.0972360768,241903.09723607684,748,0.5935828877005348,323.3998626150736,221.9175667248727,646479.8969432532,568173.1005511095,3097733.083900041,0.5912300575823531,0.5226594113102215,2.699605843986821,0.5846315078325502,2.699605843986821,0.0007064076517753631,0.0003827119809685198,443,443,18,1.7999999999999998,0.09999999999999999,0.10000000000000003,0.13616071428571427,0.0,0.21205357142857142,3,0,4,1988327.7053769724,1118434.3342745472,1.118434334274547,21,0.0,1.8044374883174896e-09
per_start,lb126_s0.10_b0.10_0.90,dynamic,126.0,0.1,0.1,0.9,10_90,True,v2_selected,sp500-12m/same_sector_slide1m_noscreen,sp500-12m/same_sector_slide3m_noscreen,recent,3,2023-04-01,2023-04-01,A,0.19520914727359395,0.1104308696371854,0.07319664987282755,1.4673055443629905,-0.0379016204837217,429,1195209.147273593,195209.14727359288,715,0.5902097902097903,273.0197863966345,418.97384697655525,695310.7664134614,646450.720610633,2539260.5443060603,0.6340299459321624,0.589098337432556,2.2708261559815175,0.6310740953683761,2.2708261559815175,0.00034528238270391964,0.00014335801861199655,427,427,16,1.5999999999999996,0.09999999999999998,0.09999999999999998,0.0,0.1888111888111888,0.2727272727272727,0,4,5,1769326.530310469,1039324.6751474084,1.0393246751474083,20,0.0,-7.8580342233181e-10
per_start,lb126_s0.10_b0.10_0.90,dynamic,126.0,0.1,0.1,0.9,10_90,True,v2_selected,sp500-12m/same_sector_slide1m_noscreen,sp500-12m/same_sector_slide3m_noscreen,recent,3,2023-04-01,2023-04-01,B,0.19019076782588606,0.10768973025089634,0.07353825933751695,1.427216723023527,-0.039791291446124366,429,1190190.7678258861,190190.76782588614,715,0.5902097902097903,266.0010738823562,418.1386413801652,698229.9741813464,650154.4857359069,2524413.714515665,0.6391952632098515,0.6002847982192049,2.263003364138229,0.6362153319128359,2.263003364138229,0.00032728675079906337,0.00016916382827131455,427,427,16,1.5999999999999996,0.09999999999999998,0.09999999999999998,0.0,0.1888111888111888,0.2727272727272727,0,4,5,1765674.8577075205,1037179.6366953268,1.0371796366953268,20,0.0,1.4115357771515846e-09
per_start,lb126_s0.10_b0.10_0.90,dynamic,126.0,0.1,0.1,0.9,10_90,True,v2_selected,sp500-12m/same_sector_slide1m_noscreen,sp500-12m/same_sector_slide3m_noscreen,recent,4,2023-05-01,2023-05-01,A,0.14642863093172442,0.08695544693667268,0.06883680748962169,1.2452560515384974,-0.03424349286186612,413,1146428.6309317197,146428.63093171967,668,0.5793413173652695,219.20453732293382,386.3893397629746,629727.6920385424,595101.3225993281,2336511.8116780766,0.598593675639973,0.5668534655561529,2.1747851193641514,0.5956949169201669,2.1747851193641514,0.0005175734049813891,0.0004878323404775431,411,411,4,0.3999999999999999,0.09999999999999998,0.09999999999999998,0.0,0.7457627118644068,0.09927360774818401,0,15,2,403922.7735232557,246461.35333622384,0.24646135333622385,20,0.0,-1.8599166651256382e-10
per_start,lb126_s0.10_b0.10_0.90,dynamic,126.0,0.1,0.1,0.9,10_90,True,v2_selected,sp500-12m/same_sector_slide1m_noscreen,sp500-12m/same_sector_slide3m_noscreen,recent,4,2023-05-01,2023-05-01,B,0.12766628352754994,0.07606624290784625,0.07137868457213276,1.062337617251142,-0.051082560116125664,413,1127666.283527552,127666.28352755192,668,0.5793413173652695,191.11719090950774,389.55829679644137,624302.3993221357,587954.8145825629,2296658.6660457933,0.6026410408708013,0.575656561041145,2.167608616380461,0.5997226823193688,2.167608616380461,0.0004913901956373702,0.00047357549929526486,411,411,4,0.3999999999999999,0.09999999999999998,0.09999999999999998,0.0,0.7457627118644068,0.09927360774818401,0,15,2,400246.5738831613,244218.2484710815,0.24421824847108148,20,0.0,7.216840458568186e-10
per_start,lb126_s0.10_b0.10_0.90,dynamic,126.0,0.1,0.1,0.9,10_90,True,v2_selected,sp500-12m/same_sector_slide1m_noscreen,sp500-12m/same_sector_slide3m_noscreen,historical,0,2014-01-01,2014-01-01,A,0.17867794588881858,0.03364229423314269,0.04854168244791584,0.7059487890755708,-0.07269108331502527,1252,1178677.9458888145,178677.94588881452,2141,0.5361980382998599,83.45536940159356,87.21597956833172,699532.670995328,648717.8629194815,2734534.3318587393,0.62905867322182,0.5973707624229145,2.234906415200115,0.6265464580731706,2.234906415200115,0.0002765085665449572,0.00034026740169128007,1247,1247,29,2.8999999999999995,0.09999999999999999,0.10000000000000003,0.2340255591054313,0.30431309904153353,0.11581469648562301,14,18,6,3274415.7725218046,659067.7114021523,0.6590677114021524,59,0.0,2.7066562324762344e-09
per_start,lb126_s0.10_b0.10_0.90,dynamic,126.0,0.1,0.1,0.9,10_90,True,v2_selected,sp500-12m/same_sector_slide1m_noscreen,sp500-12m/same_sector_slide3m_noscreen,historical,0,2014-01-01,2014-01-01,B,0.18338579327905258,0.034471957867898695,0.0481715530307404,0.7276589985712129,-0.07263987869824384,1252,1183385.7932790583,183385.7932790583,2141,0.5361980382998599,85.65427056471603,85.00643769547892,695537.3325973366,641734.5044824537,2716498.251243037,0.6288748503765795,0.5916254118267427,2.2336644879669834,0.626363369344724,2.2336644879669834,0.00027845396542588194,0.00033886945077932505,1247,1247,29,2.8999999999999995,0.09999999999999999,0.10000000000000003,0.2340255591054313,0.30431309904153353,0.11581469648562301,14,18,6,3258816.584440196,655927.9387211896,0.6559279387211896,59,0.0,1.2514647096395493e-09
per_start,lb126_s0.20_b0.30_0.70,dynamic,126.0,0.2,0.3,0.7,30_70,True,v2_selected,sp500-12m/same_sector_slide1m_noscreen,sp500-12m/same_sector_slide3m_noscreen,recent,0,2023-01-01,2023-01-01,A,0.20427424784366854,0.09904053652380762,0.06906686125897185,1.4016660876250084,-0.04216856181967954,496,1204274.247843668,204274.2478436681,830,0.5783132530120482,246.11355161887604,278.5291530147864,711523.225001976,644636.3841882693,2596242.5665137204,0.6543657402622068,0.5729230029872313,2.3163800558929966,0.6517271687288916,2.3163800558929966,0.0003360551257320429,0.00020248720680695692,494,494,7,1.4,0.19999999999999998,0.2,0.5120967741935484,0.2782258064516129,0.20967741935483872,12,7,4,1564373.766610411,794802.8007778701,0.7948028007778701,23,0.0,1.0040821507573128e-09
per_start,lb126_s0.20_b0.30_0.70,dynamic,126.0,0.2,0.3,0.7,30_70,True,v2_selected,sp500-12m/same_sector_slide1m_noscreen,sp500-12m/same_sector_slide3m_noscreen,recent,0,2023-01-01,2023-01-01,B,0.20651542492560426,0.10007922350528964,0.06943712540550234,1.4081780836737543,-0.04250919377343798,496,1206515.4249256025,206515.4249256025,830,0.5783132530120482,248.81376497060614,292.66558890778816,712586.915254415,654944.3539430716,2598073.1908057174,0.6545115757452636,0.5862290128111591,2.3082896178963566,0.6518724161656457,2.3082896178963566,0.00034176658313632267,0.00019565680750050215,494,494,7,1.4,0.19999999999999998,0.2,0.5120967741935484,0.2782258064516129,0.20967741935483872,12,7,4,1570558.1610296532,797944.8721360335,0.7979448721360335,23,0.0,-5.384208634495735e-10
per_start,lb126_s0.20_b0.30_0.70,dynamic,126.0,0.2,0.3,0.7,30_70,True,v2_selected,sp500-12m/same_sector_slide1m_noscreen,sp500-12m/same_sector_slide3m_noscreen,recent,1,2023-02-01,2023-02-01,A,0.10445328280581534,0.05412182402234844,0.06630153799856014,0.8276214543133982,-0.041466323591427545,475,1104453.282805816,104453.28280581604,773,0.5640362225097024,135.12714463882946,370.84256213097785,598615.6357511308,541151.123596587,2127422.2536627986,0.5853845524705363,0.5129520211589617,2.028107093828373,0.5829197754075026,2.028107093828373,0.00023345851488427134,0.00031672445796883885,473,473,3,0.6,0.19999999999999998,0.2,0.0,0.871578947368421,0.12842105263157894,0,20,3,591173.4925854628,313633.0950137613,0.31363309501376124,23,0.0,8.640199666842818e-10
per_start,lb126_s0.20_b0.30_0.70,dynamic,126.0,0.2,0.3,0.7,30_70,True,v2_selected,sp500-12m/same_sector_slide1m_noscreen,sp500-12m/same_sector_slide3m_noscreen,recent,1,2023-02-01,2023-02-01,B,0.09048443011445317,0.04702757197886753,0.0667302638130884,0.7215269307789048,-0.05144305181945663,475,1090484.430114449,90484.430114449,773,0.5640362225097024,117.05618384792935,363.8868481518893,599211.3227333929,532989.7473086719,2097734.328146411,0.5928674882065832,0.5365394901452697,2.021765475783238,0.5903712040457134,2.021765475783238,0.000217609459459547,0.0002628169462281377,473,473,3,0.6,0.19999999999999998,0.2,0.0,0.871578947368421,0.12842105263157894,0,20,3,586236.8556299158,311014.07919734484,0.3110140791973448,23,0.0,-3.5652192309498787e-10
per_start,lb126_s0.20_b0.30_0.70,dynamic,126.0,0.2,0.3,0.7,30_70,True,v2_selected,sp500-12m/same_sector_slide1m_noscreen,sp500-12m/same_sector_slide3m_noscreen,recent,2,2023-03-01,2023-03-01,A,0.24793701897273612,0.13268298246932164,0.08091057099949807,1.579855722583505,-0.043142652943172544,448,1247937.0189727375,247937.01897273748,748,0.5935828877005348,331.4666029047325,369.91336605291144,647166.7882123414,557878.735017457,3001610.9147419813,0.5869613299154653,0.5130505436923967,2.600713598405632,0.5804104222155159,2.600713598405632,0.000678306784820803,0.0004308604418466711,443,443,7,1.4,0.19999999999999996,0.2,0.40401785714285715,0.3794642857142857,0.21651785714285715,9,8,4,1575174.6377249176,886035.7337202663,0.8860357337202662,21,0.0,-2.4156179279088974e-09
per_start,lb126_s0.20_b0.30_0.70,dynamic,126.0,0.2,0.3,0.7,30_70,True,v2_selected,sp500-12m/same_sector_slide1m_noscreen,sp500-12m/same_sector_slide3m_noscreen,recent,2,2023-03-01,2023-03-01,B,0.24511577035691046,0.13124188104619883,0.08116297510290957,1.5595027839562043,-0.043042419317490754,448,1245115.7703569112,245115.77035691123,748,0.5935828877005348,327.6948801562999,358.7053033154801,655562.3467677619,569224.5903453904,2998422.7215419067,0.5966056227193484,0.5208278500179047,2.597767545030007,0.5899470778229271,2.597767545030007,0.0006755882032463297,0.0004261979819936179,443,443,7,1.4,0.19999999999999996,0.2,0.40401785714285715,0.3794642857142857,0.21651785714285715,9,8,4,1575876.3404308117,886430.4414923317,0.8864304414923317,21,0.0,-1.1350493878126144e-09
per_start,lb126_s0.20_b0.30_0.70,dynamic,126.0,0.2,0.3,0.7,30_70,True,v2_selected,sp500-12m/same_sector_slide1m_noscreen,sp500-12m/same_sector_slide3m_noscreen,recent,3,2023-04-01,2023-04-01,A,0.2056628013090691,0.11612566205200259,0.0722338496756573,1.5568243825061927,-0.03742573034368868,429,1205662.80130907,205662.80130907008,715,0.5902097902097903,287.6402815511495,375.64546986711855,702030.4429419924,643667.0521118368,2599236.0886447625,0.6367674937871252,0.5777915245460288,2.3163800558929957,0.6337988807624766,2.3163800558929957,0.00033767817529931754,0.0001823269345770521,427,427,9,1.7999999999999998,0.2,0.2,0.34498834498834496,0.3752913752913753,0.27972027972027974,7,8,5,1997296.59804408,1173237.1624874317,1.1732371624874316,20,0.0,-1.7898855730891228e-09
per_start,lb126_s0.20_b0.30_0.70,dynamic,126.0,0.2,0.3,0.7,30_70,True,v2_selected,sp500-12m/same_sector_slide1m_noscreen,sp500-12m/same_sector_slide3m_noscreen,recent,3,2023-04-01,2023-04-01,B,0.19923876621130088,0.11262849248445583,0.07240686050720208,1.5099272180447323,-0.039468088004998236,429,1199238.7662113006,199238.76621130062,715,0.5902097902097903,278.6556170787451,374.0258025854912,699854.7028525046,640038.1543229385,2582403.8200293607,0.6379777778259353,0.593336204950544,2.3082895847228504,0.6350035224514554,2.3082895847228504,0.0003219816348640049,0.00017992187043834053,427,427,9,1.7999999999999998,0.2,0.2,0.34498834498834496,0.3752913752913753,0.27972027972027974,7,8,5,1992656.8752376651,1170511.7309088383,1.1705117309088384,20,0.0,-2.1100277081131935e-09
per_start,lb126_s0.20_b0.30_0.70,dynamic,126.0,0.2,0.3,0.7,30_70,True,v2_selected,sp500-12m/same_sector_slide1m_noscreen,sp500-12m/same_sector_slide3m_noscreen,recent,4,2023-05-01,2023-05-01,A,0.12777443815571332,0.0761292146764645,0.06889721213478253,1.0988811193300112,-0.03760155352831962,413,1127774.4381557128,127774.43815571279,668,0.5793413173652695,191.27909903549883,455.9914949872842,605919.4257275923,552577.8354527066,2172343.977058709,0.5785522678982224,0.5165535643429235,2.028107093829573,0.5757505620004102,2.028107093829573,0.0005065988249949449,0.00047965013610868924,411,411,1,0.19999999999999996,0.19999999999999996,0.19999999999999996,0.0,0.9007263922518159,0.09927360774818401,0,18,2,204464.30417614902,124757.88051426043,0.12475788051426043,20,0.0,-4.0381564758718014e-10
per_start,lb126_s0.20_b0.30_0.70,dynamic,126.0,0.2,0.3,0.7,30_70,True,v2_selected,sp500-12m/same_sector_slide1m_noscreen,sp500-12m/same_sector_slide3m_noscreen,recent,4,2023-05-01,2023-05-01,B,0.10756700525421525,0.0643224578855095,0.0719328196048882,0.9021034047085006,-0.05100343072907232,413,1107567.0052542149,107567.00525421486,668,0.5793413173652695,161.0284509793615,440.9851488014815,605799.0093255171,578302.5357503203,2130602.2522340696,0.5881543041006777,0.5561055855142039,2.0217716529666787,0.5853060992382048,2.0217716529666787,0.0004756492462572924,0.0004718193709216422,411,411,1,0.19999999999999996,0.19999999999999996,0.19999999999999996,0.0,0.9007263922518159,0.09927360774818401,0,18,2,204973.5364200405,125068.59849358404,0.12506859849358404,20,0.0,1.3642420526593924e-09
per_start,lb126_s0.20_b0.30_0.70,dynamic,126.0,0.2,0.3,0.7,30_70,True,v2_selected,sp500-12m/same_sector_slide1m_noscreen,sp500-12m/same_sector_slide3m_noscreen,historical,0,2014-01-01,2014-01-01,A,0.1430249977651885,0.02727173378486425,0.046606383232756725,0.6006363543694411,-0.06912258888653044,1252,1143024.997765188,143024.9977651881,2141,0.5361980382998599,66.80289479924689,148.3232279687962,689105.0644500228,662935.7304407336,2378079.0322688366,0.630840245712452,0.6077214343238286,2.000191280958844,0.6283209156576897,2.000191280958844,0.00021526999299332478,0.00031715502699676545,1247,1247,17,3.4,0.2,0.2,0.3506389776357827,0.48801916932907347,0.16134185303514376,21,29,9,3889782.552499654,782927.4786181411,0.7829274786181412,59,0.0,4.802132025361061e-10
per_start,lb126_s0.20_b0.30_0.70,dynamic,126.0,0.2,0.3,0.7,30_70,True,v2_selected,sp500-12m/same_sector_slide1m_noscreen,sp500-12m/same_sector_slide3m_noscreen,historical,0,2014-01-01,2014-01-01,B,0.1487048903118069,0.028297163253161894,0.04629591013644329,0.6259043817270795,-0.06593635807810228,1252,1148704.8903118095,148704.8903118095,2141,0.5361980382998599,69.4558105146233,146.59838385329493,684806.8675450255,654564.7763063257,2358326.6886379765,0.6307424273637314,0.6000048890398435,1.9967239578435432,0.6282234879573267,1.9967239578435432,0.000217193055077245,0.00031563908027332086,1247,1247,17,3.4,0.2,0.2,0.3506389776357827,0.48801916932907347,0.16134185303514376,21,29,9,3867769.042176365,778496.6442719201,0.7784966442719201,59,0.0,1.0040821507573128e-09
per_start,lb126_s0.20_b0.10_0.90,dynamic,126.0,0.2,0.1,0.9,10_90,True,v2_selected,sp500-12m/same_sector_slide1m_noscreen,sp500-12m/same_sector_slide3m_noscreen,recent,0,2023-01-01,2023-01-01,A,0.17925510686410528,0.08738006005044485,0.07344942598497513,1.1769201255394919,-0.05178006699263782,496,1179255.106864107,179255.10686410707,830,0.5783132530120482,215.9700082700044,132.9528908256828,717189.9823175741,650764.2672666601,2528819.518493448,0.6638293409495306,0.5975895979530148,2.270826155981431,0.6611526097360244,2.270826155981431,0.0002594305863090023,7.202987050304466e-05,494,494,12,2.4,0.20000000000000004,0.20000000000000007,0.3870967741935484,0.16330645161290322,0.19556451612903225,9,4,4,2622166.6824086523,1332229.8467076218,1.3322298467076217,23,0.0,3.4633558243513107e-09
per_start,lb126_s0.20_b0.10_0.90,dynamic,126.0,0.2,0.1,0.9,10_90,True,v2_selected,sp500-12m/same_sector_slide1m_noscreen,sp500-12m/same_sector_slide3m_noscreen,recent,0,2023-01-01,2023-01-01,B,0.1828765417061784,0.08907535578407644,0.07384148700167799,1.192174423256529,-0.05220376242566138,496,1182876.5417061741,182876.54170617415,830,0.5783132530120482,220.33318277852504,133.999669410583,721584.0480143058,656652.9627737013,2531787.6486279103,0.6662423429405605,0.5958771742372475,2.263006386000788,0.6635558818803163,2.263006386000788,0.0002668156978670131,7.40153561531001e-05,494,494,12,2.4,0.20000000000000004,0.20000000000000007,0.3870967741935484,0.16330645161290322,0.19556451612903225,9,4,4,2634437.3422043086,1338464.133539286,1.338464133539286,23,0.0,-1.673470251262188e-09
per_start,lb126_s0.20_b0.10_0.90,dynamic,126.0,0.2,0.1,0.9,10_90,True,v2_selected,sp500-12m/same_sector_slide1m_noscreen,sp500-12m/same_sector_slide3m_noscreen,recent,1,2023-02-01,2023-02-01,A,0.13244538232928993,0.0682123155911385,0.06552559562385511,1.0393362642029154,-0.036582999091279156,475,1132445.3823292896,132445.38232928957,773,0.5640362225097024,171.33943380244514,322.2224019347942,621190.1330337864,560747.3292660927,2308012.850081166,0.6010917951615595,0.5389799283440295,2.1747851193630545,0.5985608823398266,2.1747851193630545,0.00025973922560244454,0.00023671224599494314,473,473,4,0.7999999999999999,0.19999999999999998,0.20000000000000007,0.0,0.8252631578947368,0.08421052631578947,0,19,2,788055.8717684371,418084.3782855708,0.4180843782855708,23,0.0,-4.911271389573812e-10
per_start,lb126_s0.20_b0.10_0.90,dynamic,126.0,0.2,0.1,0.9,10_90,True,v2_selected,sp500-12m/same_sector_slide1m_noscreen,sp500-12m/same_sector_slide3m_noscreen,recent,1,2023-02-01,2023-02-01,B,0.11640025968377321,0.06015589031705448,0.0658670787579102,0.9193349061442764,-0.047035916363095676,475,1116400.259683773,116400.25968377292,773,0.5640362225097024,150.58248342014824,317.5973604318924,617944.7943414233,558128.3016547117,2273707.3569040387,0.6059432531577265,0.5327577822664277,2.1676026615427575,0.6033919131444307,2.1676026615427575,0.00024347032073481154,0.00022018423950450358,473,473,4,0.7999999999999999,0.19999999999999998,0.20000000000000007,0.0,0.8252631578947368,0.08421052631578947,0,19,2,780931.664801135,414304.79901028634,0.41430479901028633,23,0.0,-1.7389538697898388e-09
per_start,lb126_s0.20_b0.10_0.90,dynamic,126.0,0.2,0.1,0.9,10_90,True,v2_selected,sp500-12m/same_sector_slide1m_noscreen,sp500-12m/same_sector_slide3m_noscreen,recent,2,2023-03-01,2023-03-01,A,0.23605271853996634,0.12660275569100587,0.08552966883311147,1.43596950170148,-0.04671882106843139,448,1236052.7185399667,236052.71853996674,748,0.5935828877005348,315.5785007218835,171.72812339587222,650151.7387180219,555557.3465817759,3104165.1735815117,0.5932551552891198,0.513547053097375,2.701715705155261,0.5866340040024108,2.701715705155261,0.0006627538821220767,0.00041188367494224797,443,443,12,2.4,0.20000000000000004,0.20000000000000007,0.27232142857142855,0.23660714285714285,0.203125,6,5,4,2653374.353542375,1492523.073867586,1.4925230738675859,21,0.0,-2.0954757928848267e-09
per_start,lb126_s0.20_b0.10_0.90,dynamic,126.0,0.2,0.1,0.9,10_90,True,v2_selected,sp500-12m/same_sector_slide1m_noscreen,sp500-12m/same_sector_slide3m_noscreen,recent,2,2023-03-01,2023-03-01,B,0.23269870033874374,0.12488215614948328,0.08576024503535094,1.4145096850283156,-0.04669534028616018,448,1232698.7003387436,232698.70033874363,748,0.5935828877005348,311.0945191694428,171.98004428822657,656001.5496149281,560530.8167609608,3101743.7629570747,0.6008744234381664,0.5172152966611666,2.6996250879467922,0.5941682356765797,2.6996250879467922,0.0006590378846585669,0.0003434402066325613,443,443,12,2.4,0.20000000000000004,0.20000000000000007,0.27232142857142855,0.23660714285714285,0.203125,6,5,4,2654586.494837013,1493204.90334582,1.4932049033458201,21,0.0,4.656612873077393e-10
per_start,lb126_s0.20_b0.10_0.90,dynamic,126.0,0.2,0.1,0.9,10_90,True,v2_selected,sp500-12m/same_sector_slide1m_noscreen,sp500-12m/same_sector_slide3m_noscreen,recent,3,2023-04-01,2023-04-01,A,0.18806210729929695,0.10652557326415191,0.07447027654216397,1.3961489330225285,-0.0337602863222064,429,1188062.1072992971,188062.10729929712,715,0.5902097902097903,263.02392629272236,271.98558587186506,697551.3502771779,645658.4453963314,2547705.4359429255,0.635493086777459,0.5905650381664558,2.2708261559816014,0.6325304150442307,2.2708261559816014,0.00029398719551096625,7.827720549705867e-05,427,427,12,2.4,0.20000000000000004,0.20000000000000007,0.15151515151515152,0.28438228438228436,0.2703962703962704,3,6,5,2660279.2118196553,1562681.4950549025,1.5626814950549024,20,0.0,5.893525667488575e-10
per_start,lb126_s0.20_b0.10_0.90,dynamic,126.0,0.2,0.1,0.9,10_90,True,v2_selected,sp500-12m/same_sector_slide1m_noscreen,sp500-12m/same_sector_slide3m_noscreen,recent,3,2023-04-01,2023-04-01,B,0.18286017224680484,0.10367702620712249,0.0747117000209912,1.35737403250539,-0.03573259545892615,429,1182860.1722468024,182860.17224680237,715,0.5902097902097903,255.7484926528635,265.3145990456525,699604.7515483374,646240.681868713,2531745.7779206634,0.6399957767713653,0.596300329172271,2.2630004495961096,0.637012113476394,2.2630004495961096,0.00027875880517868397,9.991294535473162e-05,427,427,12,2.4,0.20000000000000004,0.20000000000000007,0.15151515151515152,0.28438228438228436,0.2703962703962704,3,6,5,2654016.5152567863,1559002.7082627276,1.5590027082627276,20,0.0,4.96947905048728e-09
per_start,lb126_s0.20_b0.10_0.90,dynamic,126.0,0.2,0.1,0.9,10_90,True,v2_selected,sp500-12m/same_sector_slide1m_noscreen,sp500-12m/same_sector_slide3m_noscreen,recent,4,2023-05-01,2023-05-01,A,0.14927718782013155,0.08860258484910544,0.06861931300508023,1.2710566367930316,-0.03424349286186579,413,1149277.1878201312,149277.1878201312,668,0.5793413173652695,223.46884404211565,382.59990721783856,632990.77292009,594550.8763384146,2342317.39489228,0.600484961872212,0.5668534655561529,2.1747851193641523,0.5975770443813055,2.1747851193641523,0.000516204994963381,0.00048440759445375875,411,411,2,0.3999999999999999,0.19999999999999996,0.19999999999999996,0.0,0.847457627118644,0.09927360774818401,0,17,2,405466.19703008456,247403.103272594,0.247403103272594,20,0.0,-2.0686456991825253e-09
per_start,lb126_s0.20_b0.10_0.90,dynamic,126.0,0.2,0.1,0.9,10_90,True,v2_selected,sp500-12m/same_sector_slide1m_noscreen,sp500-12m/same_sector_slide3m_noscreen,recent,4,2023-05-01,2023-05-01,B,0.12729589164135935,0.07585056871912266,0.0715802231206995,1.0567453947742618,-0.05100343072907232,413,1127295.8916413567,127295.89164135675,668,0.5793413173652695,190.5627120379589,377.2226382855197,629061.4221862025,594609.9330889579,2295904.309027515,0.607610589602706,0.5827414579065272,2.1676086170015685,0.6046681654399811,2.1676086170015685,0.000485544823900652,0.00044735952808015045,411,411,2,0.3999999999999999,0.19999999999999996,0.19999999999999996,0.0,0.847457627118644,0.09927360774818401,0,17,2,402859.4956631103,245812.57362494865,0.24581257362494865,20,0.0,1.9281287677586079e-10
per_start,lb126_s0.20_b0.10_0.90,dynamic,126.0,0.2,0.1,0.9,10_90,True,v2_selected,sp500-12m/same_sector_slide1m_noscreen,sp500-12m/same_sector_slide3m_noscreen,historical,0,2014-01-01,2014-01-01,A,0.18840980501907745,0.03535443638685254,0.04817451844843254,0.7453198812436282,-0.0725311015372968,1252,1188409.8050190865,188409.80501908646,2141,0.5361980382998599,88.00084307290481,75.68934452780576,701004.7358018648,652688.308050633,2760067.547332135,0.6271709706555296,0.5959301940511209,2.2349064152001166,0.6246662942551482,2.2349064152001166,0.0002859657843364121,0.0003528667554460686,1247,1247,22,4.3999999999999995,0.2,0.20000000000000007,0.3019169329073482,0.4049520766773163,0.1134185303514377,18,24,6,5115183.864623018,1029573.7491094252,1.0295737491094252,59,0.0,-2.7066562324762344e-09
per_start,lb126_s0.20_b0.10_0.90,dynamic,126.0,0.2,0.1,0.9,10_90,True,v2_selected,sp500-12m/same_sector_slide1m_noscreen,sp500-12m/same_sector_slide3m_noscreen,historical,0,2014-01-01,2014-01-01,B,0.19751028112433766,0.036945395595942454,0.04771612131089736,0.7842020943650305,-0.07248628178544658,1252,1197510.2811243418,197510.28112434177,2141,0.5361980382998599,92.25141575167783,74.63491299010411,694476.7123932785,640948.941591257,2738829.64178055,0.6255807230926165,0.5945035861766222,2.2336644879669825,0.6230823975211602,2.2336644879669825,0.00028969146732189853,0.0003465555301942964,1247,1247,22,4.3999999999999995,0.2,0.20000000000000007,0.3019169329073482,0.4049520766773163,0.1134185303514377,18,24,6,5084136.534923987,1023324.6060709623,1.0233246060709624,59,0.0,-4.3655745685100555e-10
per_start,lb126_s0.30_b0.20_0.80,dynamic,126.0,0.3,0.2,0.8,20_80,True,v2_selected,sp500-12m/same_sector_slide1m_noscreen,sp500-12m/same_sector_slide3m_noscreen,recent,0,2023-01-01,2023-01-01,A,0.1998699095137768,0.09699654513593226,0.07115584630898442,1.3363586524783944,-0.042018989160190645,496,1199869.9095137788,199869.90951377875,830,0.5783132530120482,240.8071198961192,201.67785281663578,713975.5881391297,631006.1138427039,2579668.2847263184,0.6556245498639924,0.5766266443496815,2.2936230215610247,0.6529809024855087,2.2936230215610247,0.0003239784142375179,0.00014558605131185327,494,494,7,2.1,0.3000000000000001,0.30000000000000004,0.5120967741935484,0.2782258064516129,0.20967741935483872,12,7,4,2345722.822791035,1191778.5309341548,1.1917785309341549,23,0.0,-1.7462298274040222e-10
per_start,lb126_s0.30_b0.20_0.80,dynamic,126.0,0.3,0.2,0.8,20_80,True,v2_selected,sp500-12m/same_sector_slide1m_noscreen,sp500-12m/same_sector_slide3m_noscreen,recent,0,2023-01-01,2023-01-01,B,0.20177093093796183,0.09787923436816603,0.07144653823652877,1.3424813420915118,-0.04232537536114955,496,1201770.9309379586,201770.93093795865,830,0.5783132530120482,243.09750715417104,219.75528750322255,712135.2312537294,634442.6971014331,2580244.7216295297,0.6532686605288525,0.5688345688126515,2.285519579252308,0.6506345127041395,2.285519579252308,0.00032821631373115086,0.00014709311243000573,494,494,7,2.1,0.3000000000000001,0.30000000000000004,0.5120967741935484,0.2782258064516129,0.20967741935483872,12,7,4,2354115.7261769213,1196042.667331823,1.196042667331823,23,0.0,-3.346940502524376e-09
per_start,lb126_s0.30_b0.20_0.80,dynamic,126.0,0.3,0.2,0.8,20_80,True,v2_selected,sp500-12m/same_sector_slide1m_noscreen,sp500-12m/same_sector_slide3m_noscreen,recent,1,2023-02-01,2023-02-01,A,0.12164750053252238,0.06279653162510823,0.06586067090969484,0.9571865201919907,-0.03592302646640266,475,1121647.500532523,121647.50053252303,773,0.5640362225097024,157.37063458282717,397.2828528404075,610733.8718563934,549245.5444642403,2223743.5048515173,0.5925142194809971,0.5483346834794088,2.1014911142189305,0.5900194227673929,2.1014911142189305,0.00025022062356872286,0.00025284683004800395,473,473,3,0.9000000000000001,0.30000000000000004,0.30000000000000004,0.0,0.871578947368421,0.12842105263157894,0,20,3,888720.3735504115,471489.54554674466,0.47148954554674466,23,0.0,-2.3101165425032377e-09
per_start,lb126_s0.30_b0.20_0.80,dynamic,126.0,0.3,0.2,0.8,20_80,True,v2_selected,sp500-12m/same_sector_slide1m_noscreen,sp500-12m/same_sector_slide3m_noscreen,recent,1,2023-02-01,2023-02-01,B,0.10572700423487902,0.054766597734284606,0.0663502365324337,0.8362916983220557,-0.046785031553681966,475,1105727.0042348788,105727.00423487881,773,0.5640362225097024,136.77490845392057,389.72495522225114,610616.1425573034,539753.5691069115,2189833.7359746746,0.6003339400344735,0.5402265158445798,2.094610004708178,0.5978062181816968,2.094610004708178,0.0002306918576250321,0.0002497014353929634,473,473,3,0.9000000000000001,0.30000000000000004,0.30000000000000004,0.0,0.871578947368421,0.12842105263157894,0,20,3,880682.7104637484,467225.35376182024,0.46722535376182023,23,0.0,-1.786247594282031e-09
per_start,lb126_s0.30_b0.20_0.80,dynamic,126.0,0.3,0.2,0.8,20_80,True,v2_selected,sp500-12m/same_sector_slide1m_noscreen,sp500-12m/same_sector_slide3m_noscreen,recent,2,2023-03-01,2023-03-01,A,0.2471374165092468,0.13227468823798483,0.08337503173513758,1.5312128701070626,-0.04466057560971026,448,1247137.4165092434,247137.41650924343,748,0.5935828877005348,330.3976156540624,275.9767016914233,652818.2857568299,553077.2995110234,3070485.2690425087,0.5921096277175177,0.5130505436923967,2.651202150127814,0.5855012613367417,2.651202150127814,0.0006703281142065053,0.0004333196666099903,443,443,7,2.1,0.3,0.30000000000000004,0.40401785714285715,0.3794642857142857,0.21651785714285715,9,8,4,2361995.557954995,1328622.5013496848,1.3286225013496846,21,0.0,4.685716703534126e-09
per_start,lb126_s0.30_b0.20_0.80,dynamic,126.0,0.3,0.2,0.8,20_80,True,v2_selected,sp500-12m/same_sector_slide1m_noscreen,sp500-12m/same_sector_slide3m_noscreen,recent,2,2023-03-01,2023-03-01,B,0.24360924212782065,0.1304717572532259,0.08364074804187265,1.5075524747758329,-0.044583092309033345,448,1243609.2421278239,243609.24212782388,748,0.5935828877005348,325.68080498372103,274.52651245781715,663454.7742219798,566244.4736439321,3066341.915738918,0.6039947120705742,0.5219863622116288,2.6487062815424256,0.5972536996590723,2.6487062815424256,0.0006662289521301115,0.0004493189994990413,443,443,7,2.1,0.3,0.30000000000000004,0.40401785714285715,0.3794642857142857,0.21651785714285715,9,8,4,2362139.6633950765,1328703.5606597306,1.3287035606597306,21,0.0,5.238689482212067e-10
per_start,lb126_s0.30_b0.20_0.80,dynamic,126.0,0.3,0.2,0.8,20_80,True,v2_selected,sp500-12m/same_sector_slide1m_noscreen,sp500-12m/same_sector_slide3m_noscreen,recent,3,2023-04-01,2023-04-01,A,0.1971365444326496,0.11148239000744398,0.07355596981196375,1.4734134968839394,-0.03483603174624261,429,1197136.5444326487,197136.5444326487,715,0.5902097902097903,275.71544675895103,277.32293502158825,699429.9633793059,627065.7292985076,2573791.6683077756,0.6357300088737543,0.5795301578774412,2.2936230215610247,0.6327662326086086,2.2936230215610247,0.0003086807213748848,0.00014335801861195183,427,427,9,2.7,0.30000000000000004,0.30000000000000004,0.34498834498834496,0.3752913752913753,0.27972027972027974,7,8,5,2986612.790649854,1754373.946955159,1.7543739469551591,20,0.0,-1.2951204553246498e-09
per_start,lb126_s0.30_b0.20_0.80,dynamic,126.0,0.3,0.2,0.8,20_80,True,v2_selected,sp500-12m/same_sector_slide1m_noscreen,sp500-12m/same_sector_slide3m_noscreen,recent,3,2023-04-01,2023-04-01,B,0.1904695181143905,0.10784211417214884,0.07362794352359638,1.4274824197356832,-0.0369837444314447,429,1190469.5181143908,190469.51811439078,715,0.5902097902097903,266.39093442572005,278.3204580647849,694970.3908573635,633697.9551311324,2555980.1295394185,0.6350109764217957,0.5753144177900553,2.2855195276158997,0.632050552289293,2.2855195276158997,0.00029623708780257937,0.00014534209785972701,427,427,9,2.7,0.30000000000000004,0.30000000000000004,0.34498834498834496,0.3752913752913753,0.27972027972027974,7,8,5,2978569.4741260633,1749649.2015845408,1.7496492015845406,20,0.0,9.604264050722122e-10
per_start,lb126_s0.30_b0.20_0.80,dynamic,126.0,0.3,0.2,0.8,20_80,True,v2_selected,sp500-12m/same_sector_slide1m_noscreen,sp500-12m/same_sector_slide3m_noscreen,recent,4,2023-05-01,2023-05-01,A,0.14289982742905716,0.08491275186928116,0.06844339480394977,1.2245196331578856,-0.035923023612340566,413,1142899.8274290573,142899.82742905733,668,0.5793413173652695,213.92189734888314,494.0722919394057,621557.2807873209,571190.342347793,2265877.7082254994,0.5895744631021754,0.5512938823079447,2.1014911142207775,0.5867193809564022,2.1014911142207775,0.0005208424609809483,0.00047965013610861616,411,411,1,0.30000000000000004,0.30000000000000004,0.30000000000000004,0.0,0.9007263922518159,0.09927360774818401,0,18,2,306696.4562642236,187136.8207713907,0.18713682077139068,20,0.0,3.3669493859633803e-09
per_start,lb126_s0.30_b0.20_0.80,dynamic,126.0,0.3,0.2,0.8,20_80,True,v2_selected,sp500-12m/same_sector_slide1m_noscreen,sp500-12m/same_sector_slide3m_noscreen,recent,4,2023-05-01,2023-05-01,B,0.11871739367047751,0.0708476695882323,0.07179469273139576,0.9888592969480899,-0.050924274771461775,413,1118717.3936704763,118717.39367047627,668,0.5793413173652695,177.7206492073041,484.43300526219616,620195.0414335381,588407.431079122,2215570.5259654606,0.6000615741847974,0.5626531822640259,2.0946192610594947,0.5971557069974619,2.0946192610594947,0.0004840039739988515,0.00039723114989554704,411,411,1,0.30000000000000004,0.30000000000000004,0.30000000000000004,0.0,0.9007263922518159,0.09927360774818401,0,18,2,307460.30463006085,187602.89774037612,0.1876028977403761,20,0.0,-2.837623469531536e-09
per_start,lb126_s0.30_b0.20_0.80,dynamic,126.0,0.3,0.2,0.8,20_80,True,v2_selected,sp500-12m/same_sector_slide1m_noscreen,sp500-12m/same_sector_slide3m_noscreen,historical,0,2014-01-01,2014-01-01,A,0.15818888012932275,0.030000381096463746,0.047345461105271,0.6480216390513753,-0.07566103198841534,1252,1158188.880129321,158188.880129321,2141,0.5361980382998599,73.88551150365203,113.80885319123897,695882.9951523135,654890.5011289988,2563823.0668529384,0.6302884485826858,0.5976271929251953,2.1173214621924634,0.6277713221905824,2.1173214621924634,0.0002417965778110893,0.0003383004319238609,1247,1247,17,5.1000000000000005,0.30000000000000004,0.30000000000000004,0.3506389776357827,0.48801916932907347,0.16134185303514376,21,29,9,5917150.832655332,1190992.0206303063,1.1909920206303064,59,0.0,2.0227162167429924e-09
per_start,lb126_s0.30_b0.20_0.80,dynamic,126.0,0.3,0.2,0.8,20_80,True,v2_selected,sp500-12m/same_sector_slide1m_noscreen,sp500-12m/same_sector_slide3m_noscreen,historical,0,2014-01-01,2014-01-01,B,0.1640288017005076,0.0310436312167246,0.046996977452778546,0.6740190975497988,-0.06941168740908954,1252,1164028.801700513,164028.8017005131,2141,0.5361980382998599,76.61317220948722,110.89857861839505,690344.6523246482,648097.7048435198,2540230.1739541367,0.6300100521879358,0.5935950910955249,2.1149237719360072,0.6274940376025209,2.1149237719360072,0.0002436825542255446,0.00033641881173493,1247,1247,17,5.1000000000000005,0.30000000000000004,0.30000000000000004,0.3506389776357827,0.48801916932907347,0.16134185303514376,21,29,9,5875368.85794012,1182582.2301924203,1.1825822301924203,59,0.0,9.89530235528946e-10
per_start,lb126_s0.40_b0.10_0.90,dynamic,126.0,0.4,0.1,0.9,10_90,True,v2_selected,sp500-12m/same_sector_slide1m_noscreen,sp500-12m/same_sector_slide3m_noscreen,recent,0,2023-01-01,2023-01-01,A,0.19540723406978566,0.09492171224488799,0.07351682528675273,1.2699569752680877,-0.041873304900224784,496,1195407.234069785,195407.2340697851,830,0.5783132530120482,235.4304024937169,106.75486926897905,716400.5156636577,640073.6785404943,2562843.868731589,0.6568769483166079,0.5798469598298803,2.270826155981602,0.6542282509443635,2.270826155981602,0.0003116534141709519,0.00016840794004622871,494,494,7,2.8000000000000003,0.39999999999999997,0.4,0.5120967741935484,0.2782258064516129,0.20967741935483872,12,7,4,3126420.7931812885,1588423.4675033966,1.5884234675033968,23,0.0,8.731149137020111e-11
per_start,lb126_s0.40_b0.10_0.90,dynamic,126.0,0.4,0.1,0.9,10_90,True,v2_selected,sp500-12m/same_sector_slide1m_noscreen,sp500-12m/same_sector_slide3m_noscreen,recent,0,2023-01-01,2023-01-01,B,0.19697981640944473,0.09565328746857582,0.07373142088965898,1.2755455838313283,-0.042146611463371175,496,1196979.8164094442,196979.8164094442,830,0.5783132530120482,237.325080011374,114.54480661622449,711682.3553356291,636844.0380736555,2562508.883947206,0.6520422773333042,0.5645508086949348,2.2630004828024695,0.6494130746021216,2.2630004828024695,0.00031528992835236016,0.0001431536772697767,494,494,7,2.8000000000000003,0.39999999999999997,0.4,0.5120967741935484,0.2782258064516129,0.20967741935483872,12,7,4,3136433.5633666455,1593510.6007427312,1.5935106007427313,23,0.0,3.739842213690281e-09
per_start,lb126_s0.40_b0.10_0.90,dynamic,126.0,0.4,0.1,0.9,10_90,True,v2_selected,sp500-12m/same_sector_slide1m_noscreen,sp500-12m/same_sector_slide3m_noscreen,recent,1,2023-02-01,2023-02-01,A,0.13901183804512418,0.07149393652865577,0.06573409766904034,1.0829216447204912,-0.03475292492712412,475,1139011.838045123,139011.83804512303,773,0.5640362225097024,179.83420186949948,319.3781600596252,623029.4111328007,560958.2520483651,2321395.803826043,0.5996421056073931,0.5340744601565672,2.174785119361954,0.5971172967416776,2.174785119361954,0.0002681630335583465,0.00023671224726548855,473,473,3,1.2000000000000002,0.4000000000000001,0.4,0.0,0.871578947368421,0.12842105263157894,0,20,3,1187553.2053270815,630028.226826157,0.6300282268261569,23,0.0,-7.275957614183426e-11
per_start,lb126_s0.40_b0.10_0.90,dynamic,126.0,0.4,0.1,0.9,10_90,True,v2_selected,sp500-12m/same_sector_slide1m_noscreen,sp500-12m/same_sector_slide3m_noscreen,recent,1,2023-02-01,2023-02-01,B,0.12109704945720345,0.0625197932223478,0.06628385484394607,0.9475780842555762,-0.04489055298882105,475,1121097.0494572034,121097.04945720336,773,0.5640362225097024,156.65853746080455,315.0258785045314,622089.4161130429,551918.5418511766,2283266.6048808154,0.60775973466884,0.5275609976698235,2.1675966947954195,0.6052007463123397,2.1675966947954195,0.0002449758022580658,0.00022018424263726304,473,473,3,1.2000000000000002,0.4000000000000001,0.4,0.0,0.871578947368421,0.12842105263157894,0,20,3,1175998.5313859694,623898.1682300301,0.6238981682300301,23,0.0,1.446096575818956e-09
per_start,lb126_s0.40_b0.10_0.90,dynamic,126.0,0.4,0.1,0.9,10_90,True,v2_selected,sp500-12m/same_sector_slide1m_noscreen,sp500-12m/same_sector_slide3m_noscreen,recent,2,2023-03-01,2023-03-01,A,0.2463025620010686,0.1318482713219995,0.086036067044127,1.4820472078834537,-0.04671882106843128,448,1246302.562001068,246302.5620010679,748,0.5935828877005348,329.28150000143063,147.11172947869557,658478.9124119678,549191.2728277189,3139764.588035933,0.5972637081248675,0.5109765747259297,2.7017157051552614,0.5905978185252597,2.7017157051552614,0.0006646018191292811,0.0004230081248949203,443,443,7,2.8000000000000003,0.39999999999999997,0.4,0.40401785714285715,0.3794642857142857,0.21651785714285715,9,8,4,3148258.1542869853,1770895.2117864294,1.7708952117864292,21,0.0,-2.2118911147117615e-09
per_start,lb126_s0.40_b0.10_0.90,dynamic,126.0,0.4,0.1,0.9,10_90,True,v2_selected,sp500-12m/same_sector_slide1m_noscreen,sp500-12m/same_sector_slide3m_noscreen,recent,2,2023-03-01,2023-03-01,B,0.2420695068295302,0.12968423642969729,0.0863025104436413,1.4555515313240812,-0.046695340104808025,448,1242069.5068295293,242069.5068295293,748,0.5935828877005348,323.62233533359677,145.14632305774222,671336.3409136534,564736.5077999112,3134533.2380286474,0.6113770113284656,0.5213496657403504,2.699625088099799,0.6045536071841747,2.699625088099799,0.0006590097259800605,0.00041356043289438613,443,443,7,2.8000000000000003,0.39999999999999997,0.4,0.40401785714285715,0.3794642857142857,0.21651785714285715,9,8,4,3147234.514379914,1770319.4143387016,1.7703194143387015,21,0.0,-1.076841726899147e-09
per_start,lb126_s0.40_b0.10_0.90,dynamic,126.0,0.4,0.1,0.9,10_90,True,v2_selected,sp500-12m/same_sector_slide1m_noscreen,sp500-12m/same_sector_slide3m_noscreen,recent,3,2023-04-01,2023-04-01,A,0.18860689697091826,0.10682359871192926,0.07519015819994439,1.3870819119396138,-0.03225101145579845,429,1188606.896970919,188606.8969709191,715,0.5902097902097903,263.7858698893968,146.6876364606149,696801.7463523407,634416.4037235524,2548264.5674337386,0.6346935864801959,0.5842229093307665,2.2708261559816005,0.6317346420210808,2.2708261559816005,0.00027935774180690853,0.00013522709454128907,427,427,9,3.6,0.4,0.4,0.34498834498834496,0.3752913752913753,0.27972027972027974,7,8,5,3969687.819768279,2331844.593430318,2.331844593430318,20,0.0,4.3655745685100555e-10
per_start,lb126_s0.40_b0.10_0.90,dynamic,126.0,0.4,0.1,0.9,10_90,True,v2_selected,sp500-12m/same_sector_slide1m_noscreen,sp500-12m/same_sector_slide3m_noscreen,recent,3,2023-04-01,2023-04-01,B,0.18171641768252966,0.1030500207173235,0.07517888302277688,1.3418448588239233,-0.034507966538289914,429,1181716.4176825306,181716.4176825306,715,0.5902097902097903,254.148835919623,147.89348693123858,690126.9120489144,636651.6040515385,2529832.741871328,0.6320902674450034,0.5908053112306133,2.2630004183205306,0.6291434596713671,2.2630004183205306,0.0002701123062278541,0.00014335801861229742,427,427,9,3.6,0.4,0.4,0.34498834498834496,0.3752913752913753,0.27972027972027974,7,8,5,3957542.50282424,2324710.2813792736,2.3247102813792737,20,0.0,1.4551915228366852e-10
per_start,lb126_s0.40_b0.10_0.90,dynamic,126.0,0.4,0.1,0.9,10_90,True,v2_selected,sp500-12m/same_sector_slide1m_noscreen,sp500-12m/same_sector_slide3m_noscreen,recent,4,2023-05-01,2023-05-01,A,0.15814147654449062,0.09371808247950852,0.06830319999552265,1.3452790160307764,-0.03424349286186612,413,1158141.4765444882,158141.47654448822,668,0.5793413173652695,236.7387373420506,384.0689086107175,637355.8246886381,596396.6820485506,2360383.5132251303,0.6005943608249976,0.5656142982418298,2.1747851193641528,0.59768591355708,2.1747851193641528,0.0005364882477458782,0.0004796501361096094,411,411,1,0.4,0.4,0.4,0.0,0.9007263922518159,0.09927360774818401,0,18,2,408928.60835229815,249515.7610285209,0.2495157610285209,20,0.0,-1.5497789718210697e-09
per_start,lb126_s0.40_b0.10_0.90,dynamic,126.0,0.4,0.1,0.9,10_90,True,v2_selected,sp500-12m/same_sector_slide1m_noscreen,sp500-12m/same_sector_slide3m_noscreen,recent,4,2023-05-01,2023-05-01,B,0.1299079173731328,0.07737092717569172,0.07193761390505665,1.0714857427855766,-0.05098576066514093,413,1129907.9173731322,129907.9173731322,668,0.5793413173652695,194.47293019929938,375.8875683232915,634612.3439672417,596897.3219123022,2301224.084588406,0.6119496533854992,0.5833650771263019,2.1676086170026867,0.6089862168073613,2.1676086170026867,0.0004932800095457932,0.0004367121725786897,411,411,1,0.4,0.4,0.4,0.0,0.9007263922518159,0.09927360774818401,0,18,2,409947.0728400811,250137.19698716814,0.2501371969871682,20,0.0,2.255546860396862e-10
per_start,lb126_s0.40_b0.10_0.90,dynamic,126.0,0.4,0.1,0.9,10_90,True,v2_selected,sp500-12m/same_sector_slide1m_noscreen,sp500-12m/same_sector_slide3m_noscreen,historical,0,2014-01-01,2014-01-01,A,0.17344743459853706,0.03271741186750532,0.04837010200805567,0.6897720996824338,-0.08217013111443794,1252,1173447.4345985362,173447.43459853623,2141,0.5361980382998599,81.0123468465833,68.87952613853125,702767.2580406491,654812.6632539239,2755965.0016644523,0.6297510212783141,0.5873579976302453,2.2349064152001157,0.627236041161388,2.2349064152001157,0.00026717061950633014,0.00036977162063184677,1247,1247,17,6.800000000000001,0.4,0.4,0.3506389776357827,0.48801916932907347,0.16134185303514376,21,29,9,8000647.284607169,1610353.9262947338,1.6103539262947335,59,0.0,1.367880031466484e-09
per_start,lb126_s0.40_b0.10_0.90,dynamic,126.0,0.4,0.1,0.9,10_90,True,v2_selected,sp500-12m/same_sector_slide1m_noscreen,sp500-12m/same_sector_slide3m_noscreen,historical,0,2014-01-01,2014-01-01,B,0.17941814921427324,0.03377291537181337,0.04798674328647041,0.7161876848908285,-0.07494150282115408,1252,1179418.1492142752,179418.14921427518,2141,0.5361980382998599,83.80109725094603,67.68530088189357,695935.0183890451,647138.1859264217,2727993.080000097,0.6292848604599967,0.5831093102125829,2.233664487966983,0.6267717420076805,2.233664487966983,0.0002691033387124384,0.00036982138082760035,1247,1247,17,6.800000000000001,0.4,0.4,0.3506389776357827,0.48801916932907347,0.16134185303514376,21,29,9,7932743.798960399,1596686.4515479396,1.5966864515479395,59,0.0,-2.6193447411060333e-10
