mechanism,A,B,recent_sh,recent_ret,recent_vol,recent_mdd,hist_sh,hist_ret,hist_vol,hist_mdd,joined_sh,joined_ret,rejected_entries
A,core-2m/same_sector_slide3m_noscreen,core-2m/same_sector_slide3m_bd7,0.3799078936043802,0.02635408292299455,0.06837495820399417,-0.09192990547140849,-0.7427484331861305,-0.03533200902911193,0.04693873983709234,-0.17475219487602944,-0.34760794783859617,-0.01961819774453233,0
A,core-2m/same_sector_slide1m_noscreen,core-2m/same_sector_slide3m_noscreen,0.4549990593574127,0.026829558206704917,0.05807508214396517,-0.07201035049377583,-0.3210713708348398,-0.01531596515322764,0.044920069795046515,-0.16286847673258031,-0.06561865385845622,-0.004192554862715326,0
A,core-2m/same_sector_slide1m_bd7,core-2m/same_sector_slide3m_noscreen,0.5287119468698934,0.02703908462759137,0.05520270297218581,-0.06788758409806003,-0.6532252633077349,-0.02382447832774448,0.03591995873409427,-0.14745622285583804,-0.23550876681165195,-0.010769040174592615,0
A,core-2m/cross_sector_slide3m_noscreen,core-2m/same_sector_slide3m_noscreen,0.5750717320074114,0.04301176709803367,0.075267850575236,-0.08689879101344963,-0.5041930614854848,-0.03673046201363239,0.06927521803877297,-0.17508177633433963,-0.1955196452650275,-0.016175011884698543,0
A,core-2m/same_sector_slide3m_noscreen,core-2m/cross_sector_slide3m_bd7,0.2621153474059498,0.017398275967527542,0.07032388352400717,-0.0873421245587902,-0.4215397976369304,-0.028506405214684394,0.06358067222790909,-0.13677794225875328,-0.22763623178288434,-0.01688601943143806,0
A,core-2m/cross_sector_slide1m_noscreen,core-2m/same_sector_slide3m_noscreen,0.4555799248698064,0.030491119421278755,0.0625316298241429,-0.08513091826104521,-0.8583049200269021,-0.036583669638379,0.042370152662028863,-0.17831075261055374,-0.3849070305526656,-0.019289240572889565,0
A,core-2m/same_sector_slide3m_noscreen,core-2m/cross_sector_slide1m_bd7,0.07554225489392902,0.007695444529172146,0.057755535859795835,-0.07941125693987745,-0.47524854365702585,-0.01737126516611176,0.03553753887248222,-0.1060915408145604,-0.25036808980459263,-0.010842570198190526,0
A,core-2m/same_sector_slide3m_noscreen,sp500-2m/same_sector_slide3m_noscreen,0.7167448211945524,0.04244826702277238,0.062267114619419715,-0.07623981429864901,-0.38699669495296385,-0.020642172207171683,0.05058443977632111,-0.17053794851314363,-0.05771174586541864,-0.004573328746515326,0
A,core-2m/same_sector_slide3m_noscreen,sp500-2m/same_sector_slide3m_bd7,0.4444045819855903,0.027649448642274276,0.05347929426289931,-0.05819608774790539,-0.22987052281719436,-0.010131031829261783,0.04068940029744313,-0.11407110545524013,-0.0074143095293572655,-0.0008024574594715616,0
A,core-2m/same_sector_slide3m_noscreen,sp500-2m/same_sector_slide1m_noscreen,0.6007461675293756,0.03503607730368772,0.06060707536958391,-0.0748330814621622,-0.3656408501135437,-0.015445616496766679,0.040337988656204506,-0.13861518868640177,-0.02707570073397546,-0.0023904227539752075,0
A,core-2m/same_sector_slide3m_noscreen,sp500-2m/same_sector_slide1m_bd7,0.22202831539687456,0.013827390975665233,0.06041820734664237,-0.08364116039783484,-0.6358471620148058,-0.023150629408816292,0.03582236970768321,-0.13080671734348648,-0.2995823610668447,-0.013737747829377134,0
A,core-2m/same_sector_slide3m_noscreen,sp500-2m/cross_sector_slide3m_noscreen,-0.23893567184508266,-0.01628669502785791,0.07293283044262426,-0.11396152063507156,-0.5118501275168265,-0.030428384718017787,0.057178443519279615,-0.1904452345271399,-0.41843895396210995,-0.027037885844181875,0
A,core-2m/same_sector_slide3m_noscreen,sp500-2m/cross_sector_slide3m_bd7,-0.33182264259564975,-0.020482768214093026,0.06964166253616823,-0.10438844682112605,-0.2618984771322894,-0.010922919151070576,0.03902027998886313,-0.11908416802558519,-0.26881090429835325,-0.013691754871887275,0
A,core-2m/same_sector_slide3m_noscreen,sp500-2m/cross_sector_slide1m_noscreen,0.26619672453399373,0.016501392378955405,0.06534437337247612,-0.08484022406448585,-0.9215070909247551,-0.03785299922373597,0.040958695708880534,-0.18514873829314105,-0.48212108371127815,-0.024183788206820565,0
A,core-2m/same_sector_slide3m_noscreen,sp500-2m/cross_sector_slide1m_bd7,-0.30032835952172804,-0.01751985966973566,0.06599686397946491,-0.10811418572463256,-0.5694153921450223,-0.017476613131225616,0.0301630691058828,-0.11050994912012535,-0.4130236320766142,-0.01767560845665268,0
A,core-2m/same_sector_slide3m_noscreen,core-12m/same_sector_slide3m_noscreen,0.32455409394283424,0.019454011480554277,0.05357569468464505,-0.06834789003849126,-0.5895300296634629,-0.02318894907378466,0.038533438742345834,-0.11650603193109055,-0.27083513627201505,-0.01210603400745831,0
A,core-2m/same_sector_slide3m_noscreen,core-12m/same_sector_slide3m_bd7,0.2973199920710622,0.01595109518657778,0.06285020236956253,-0.08083876353432558,-0.6710567627229359,-0.02407328201609049,0.03537505587394103,-0.11123493686243724,-0.29204445339052193,-0.013943655073386374,0
A,core-2m/same_sector_slide3m_noscreen,core-12m/same_sector_slide1m_noscreen,0.0875286981285089,0.006697806288748787,0.055585500792332224,-0.08822319702103545,-0.8430425895656777,-0.027900158179848034,0.0329175850624438,-0.13410107480632683,-0.47327232565978417,-0.01915944383285224,0
A,core-2m/same_sector_slide3m_noscreen,core-12m/same_sector_slide1m_bd7,0.257285024740078,0.01687503818047349,0.06029458043964816,-0.08119941989137577,-0.7050318648386407,-0.022188442417197862,0.031133479204493105,-0.10090439520092365,-0.30108961685302643,-0.012582655328503178,0
A,core-2m/same_sector_slide3m_noscreen,core-12m/cross_sector_slide3m_noscreen,0.03568927376821742,0.005386092491126804,0.07733640216006973,-0.11535332517257772,-0.39713254384776,-0.020802632994244674,0.04980613081512162,-0.19926883995650013,-0.22535142949489306,-0.01416964072296827,0
A,core-2m/same_sector_slide3m_noscreen,core-12m/cross_sector_slide3m_bd7,-0.09601429769285136,-0.0047807949426599715,0.06221544934358929,-0.10777014885511768,-0.1624847358746023,-0.007029480285373979,0.03877530019977572,-0.0754533197940771,-0.12597765729084273,-0.006546721086452467,0
A,core-12m/cross_sector_slide1m_noscreen,core-2m/same_sector_slide3m_noscreen,0.27418139242779,0.0198574702294678,0.0679979826682918,-0.08340639118059945,-0.5251623465061405,-0.023074658828851513,0.04271010549019865,-0.1561260784308195,-0.22374461157531905,-0.012135932205401545,0
A,core-12m/cross_sector_slide1m_bd7,core-2m/same_sector_slide3m_noscreen,0.26124220459831965,0.016400085798013088,0.05224688297962408,-0.06506253459241136,-0.3334254019134645,-0.012021245142588954,0.034481152494069724,-0.07683562210692396,-0.10756512325032923,-0.004582055157200671,0
A,sp500-12m/same_sector_slide3m_noscreen,core-2m/same_sector_slide3m_noscreen,0.2954758996515988,0.024160033946805725,0.07171211793317991,-0.08892080927050319,0.055541524596591146,0.001522527480206426,0.04927526986274801,-0.11608961008973329,0.1508810291774303,0.007504882997105189,0
A,core-2m/same_sector_slide3m_noscreen,sp500-12m/same_sector_slide3m_bd7,0.40815087909055,0.02745921126109261,0.06464077174832941,-0.08183472896212567,-0.11140738349228892,-0.005060081730957955,0.03877617930779112,-0.08147577577783582,0.08151603821719929,0.0030573699294975444,0
A,sp500-12m/same_sector_slide1m_noscreen,core-2m/same_sector_slide3m_noscreen,1.0810536259813728,0.07311526729560414,0.06712990281850914,-0.0520104835723781,-0.17519775426563605,-0.007640231323016611,0.03934552954861479,-0.09496283760462298,0.29263007993853957,0.013090838397154326,0
A,sp500-12m/same_sector_slide1m_bd7,core-2m/same_sector_slide3m_noscreen,0.5274682992176697,0.030387519843318844,0.05714917001710461,-0.06790435246412538,-0.1702935026183673,-0.006169650970460405,0.03310913682298038,-0.07534931566062342,0.09353600639467716,0.003193073738918506,0
A,sp500-12m/cross_sector_slide3m_noscreen,core-2m/same_sector_slide3m_noscreen,0.49306156889729824,0.038828841534702695,0.06746204252727325,-0.07952162677053191,-0.2668803873387049,-0.018257005234872614,0.06172749880018136,-0.13798724444831545,-0.03762097362908763,-0.003773946802589423,0
A,sp500-12m/cross_sector_slide3m_bd7,core-2m/same_sector_slide3m_noscreen,1.129999085051825,0.06585462268888458,0.05839952262588559,-0.04743589015475262,0.2845147378545408,0.013848822008814654,0.053542397448954046,-0.11176326054733843,0.5044994259649233,0.026842597270905166,0
A,sp500-12m/cross_sector_slide1m_noscreen,core-2m/same_sector_slide3m_noscreen,0.8178572453375799,0.043611837010657385,0.05399941901014184,-0.05173506075988284,0.46320856447177206,0.018545045967796492,0.04153654787964114,-0.07214559810299714,0.5682189033608703,0.025005687339004146,0
A,sp500-12m/cross_sector_slide1m_bd7,core-2m/same_sector_slide3m_noscreen,0.9589145294729935,0.04912371887560485,0.05131245446871878,-0.033449387432059316,0.40991914569844373,0.014650348337022612,0.037174466923326654,-0.06989233170562115,0.5807858074387632,0.023493417143787367,0
A,core-2m/same_sector_slide1m_noscreen,core-2m/same_sector_slide3m_bd7,0.6033286198263108,0.028247551881254294,0.045422256951892934,-0.04854469990137211,-0.44650956612025805,-0.016095171706556166,0.034966924385389016,-0.14036446977016237,-0.10148952687465584,-0.004402740775073322,0
A,core-2m/same_sector_slide1m_bd7,core-2m/same_sector_slide3m_bd7,0.571121351064188,0.024532624434751637,0.04314687727878349,-0.04652720402269332,-0.7026815261340507,-0.021629951773284084,0.030456476646645445,-0.09974314128357353,-0.28898764958260215,-0.01031995124165026,0
A,core-2m/cross_sector_slide3m_noscreen,core-2m/same_sector_slide3m_bd7,0.17241999599187385,0.009054587328798514,0.0663662027710468,-0.1023923358525207,-0.4446487267394747,-0.03140116994690145,0.06656084585849423,-0.16428515562624002,-0.2815812390739993,-0.020798833617738887,0
A,core-2m/same_sector_slide3m_bd7,core-2m/cross_sector_slide3m_bd7,0.04519172094287359,0.0008079030678335819,0.062109172008638615,-0.07717873554213435,-0.296586064794128,-0.022592113870722796,0.06869027465491712,-0.11462913129177632,-0.2161484626185036,-0.016708167441589584,0
A,core-2m/cross_sector_slide1m_noscreen,core-2m/same_sector_slide3m_bd7,0.4808588632526978,0.02212103073388052,0.048144848804517006,-0.07909470475125266,-0.9376137546703652,-0.03410662000253406,0.03630197624143658,-0.17054026713314963,-0.4772248104381438,-0.019614226878835517,0
A,core-2m/same_sector_slide3m_bd7,core-2m/cross_sector_slide1m_bd7,-0.12725584439659282,-0.006711314639009225,0.04720449334239644,-0.06604891786781712,-0.44352339478349395,-0.014851967173416747,0.032535230577303426,-0.07374134892272233,-0.3337372706426368,-0.012877045372533225,0
A,core-2m/same_sector_slide3m_bd7,sp500-2m/same_sector_slide3m_noscreen,0.7185257635892587,0.03929098238174378,0.05576309217288182,-0.07744696493941479,-0.17425269045882918,-0.009210682696720873,0.04682556178837821,-0.14507054512593232,0.08897390354264242,0.0031836830802204562,0
A,core-2m/same_sector_slide3m_bd7,sp500-2m/same_sector_slide3m_bd7,0.4687124505935887,0.021276222772923136,0.043256745020999056,-0.048473346043814904,0.03140145138809936,0.0004863742380996072,0.03525034128138651,-0.08219152433770427,0.1708370291914819,0.005892236883472224,0
A,core-2m/same_sector_slide3m_bd7,sp500-2m/same_sector_slide1m_noscreen,0.2945719226441417,0.012427376820709846,0.04707552576976852,-0.07918582290406968,-0.08970248381330746,-0.003222191631575111,0.030719417430751808,-0.07492554674321839,0.04203053900748272,0.0007992217756888076,0
A,core-2m/same_sector_slide3m_bd7,sp500-2m/same_sector_slide1m_bd7,0.2522715703030839,0.011476829704003277,0.04380754283473261,-0.060012717480717036,0.07030039297793308,0.0014838286589529126,0.025827364168025755,-0.04919963777633374,0.13899234913780456,0.0040735629822083565,0
A,core-2m/same_sector_slide3m_bd7,sp500-2m/cross_sector_slide3m_noscreen,-0.3257572979705308,-0.020358827030775472,0.061065885494153246,-0.09957852417145743,-0.4532207512853979,-0.027151699147291097,0.057142134724910365,-0.12986307185694346,-0.41726421586722384,-0.025521757712354032,0
A,core-2m/same_sector_slide3m_bd7,sp500-2m/cross_sector_slide3m_bd7,-0.42121619258338,-0.02472529978939635,0.058383932039433685,-0.0845444216887337,0.26248054299851975,0.010378041920074077,0.04280703973848763,-0.07695090090262902,0.03684264569044639,0.0006787770615472866,0
A,core-2m/same_sector_slide3m_bd7,sp500-2m/cross_sector_slide1m_noscreen,0.2810977553454042,0.012228444610586874,0.0490482388869069,-0.06274467176421379,-0.7393146575859929,-0.024572275057953896,0.03291870943826916,-0.1463263171183774,-0.3876725618647801,-0.01531093393461691,0
A,core-2m/same_sector_slide3m_bd7,sp500-2m/cross_sector_slide1m_bd7,-0.2099220182669562,-0.011991779470367114,0.0498291894078325,-0.07010479645212961,-0.10412539467371644,-0.002728731720600952,0.023576890921948722,-0.062268813347382546,-0.13943295974937703,-0.0050955919188126145,0
A,core-2m/same_sector_slide3m_bd7,core-12m/same_sector_slide3m_noscreen,0.4490015472279195,0.018185970197710045,0.03736131145778744,-0.040988442950582904,-0.7090627317818017,-0.02022835059055461,0.028257872059544244,-0.10214673402182806,-0.34957538734239624,-0.010999234645879773,0
A,core-2m/same_sector_slide3m_bd7,core-12m/same_sector_slide3m_bd7,0.7295323410731733,0.030288596155900828,0.04605969921840626,-0.04612784919095667,-0.3728016212581391,-0.009521843435203126,0.024838393073411433,-0.05105371868562203,0.0383527503220095,0.00039824810657298484,0
A,core-2m/same_sector_slide3m_bd7,core-12m/same_sector_slide1m_noscreen,0.21586672167330848,0.009337010116318623,0.03461002167289685,-0.048534636842726984,-0.6086162561766041,-0.014328540777700183,0.02326859818482246,-0.08845260504679486,-0.33194894071163383,-0.00885035852302254,0
A,core-2m/same_sector_slide3m_bd7,core-12m/same_sector_slide1m_bd7,0.360556913796992,0.01549131762746081,0.04684754860444381,-0.047642165090648,-0.4608182229179375,-0.009459664638509335,0.020184605810366997,-0.05482329571675426,-0.10269116702230989,-0.0034356956848300645,0
A,core-2m/same_sector_slide3m_bd7,core-12m/cross_sector_slide3m_noscreen,-0.017081220415556753,0.0015741914575739368,0.06734682625922293,-0.09454423569768351,-0.7001662524569614,-0.028196990174149894,0.039722209579064124,-0.1757686974484669,-0.4204680328012584,-0.02072081781277808,0
A,core-2m/same_sector_slide3m_bd7,core-12m/cross_sector_slide3m_bd7,0.15236252642659404,0.009444693104946777,0.05529073049538905,-0.07525209736749375,0.07697092613964562,0.0019329267443091158,0.031539363374818295,-0.046949736138767406,0.10578840292261024,0.0036099111364462644,0
A,core-12m/cross_sector_slide1m_noscreen,core-2m/same_sector_slide3m_bd7,0.3451695674836199,0.019108051059782683,0.05642003094697168,-0.06306134353559874,-0.5414561332669234,-0.01851955701598995,0.033488040337060494,-0.13135252058013658,-0.20637414272828902,-0.00908382879465659,0
A,core-12m/cross_sector_slide1m_bd7,core-2m/same_sector_slide3m_bd7,0.4066244891525123,0.019149270193307567,0.048249490096058646,-0.04863480420807609,0.08554800512277223,0.0018146406281438487,0.024773829693875826,-0.031625651039252634,0.20373486572610822,0.0061439511297729735,0
A,sp500-12m/same_sector_slide3m_noscreen,core-2m/same_sector_slide3m_bd7,0.7367034007568657,0.05150533947448457,0.06739528277638657,-0.059952190966815325,0.47625778994406126,0.020018784635752462,0.043616154390075525,-0.100298851683715,0.560779388690616,0.027949440279533454,0
A,core-2m/same_sector_slide3m_bd7,sp500-12m/same_sector_slide3m_bd7,0.8721361010370092,0.04475619886854387,0.05094367773415822,-0.04469578349228929,-0.09433837502352178,-0.0041193957848005835,0.036630543657272197,-0.09152919366904788,0.21497189527649488,0.008074020803803372,0
A,sp500-12m/same_sector_slide1m_noscreen,core-2m/same_sector_slide3m_bd7,1.09705778925384,0.06540641459701724,0.058962586215020894,-0.039299044342159625,0.1500427064869296,0.004527385481457369,0.03394780038056375,-0.0765117866268682,0.4947741696203546,0.020152136312749747,0
A,sp500-12m/same_sector_slide1m_bd7,core-2m/same_sector_slide3m_bd7,0.6770834517434392,0.03215011154840393,0.04734268689876468,-0.0471977361013717,0.17067361129035122,0.004284693813502827,0.02722356883555226,-0.04286069042320595,0.34896210101653674,0.01129298520894122,0
A,sp500-12m/cross_sector_slide3m_noscreen,core-2m/same_sector_slide3m_bd7,0.7543638534873821,0.044572072807156006,0.05854216362798979,-0.051974071646414655,-0.3409010762557881,-0.02235884562752355,0.06077334193281716,-0.18207067770960383,-0.06270766780187274,-0.005489197651213207,0
A,sp500-12m/cross_sector_slide3m_bd7,core-2m/same_sector_slide3m_bd7,0.8488502370320432,0.04402909440139369,0.05402442349606078,-0.047589515078300094,0.2287834462894453,0.010992972411736357,0.05451171338978929,-0.1073082771949806,0.3665615077356966,0.018673895387786344,0
A,sp500-12m/cross_sector_slide1m_noscreen,core-2m/same_sector_slide3m_bd7,0.7700737069853428,0.03601342292895464,0.04656251515061402,-0.04161436030423347,0.134654807145969,0.004276262499560479,0.03669898183302188,-0.0744675568327261,0.33020561514429936,0.012407057081551853,0
A,sp500-12m/cross_sector_slide1m_bd7,core-2m/same_sector_slide3m_bd7,0.7363159486950748,0.03359531279199426,0.0458326584576252,-0.04228945060250311,0.45354918320841686,0.013259822762356377,0.0300417021805536,-0.042031622754852394,0.5356795890578208,0.018113693496268457,0
A,core-2m/same_sector_slide1m_bd7,core-2m/same_sector_slide1m_noscreen,0.5716287839546046,0.02332877111228946,0.04085323741128614,-0.048050636738109075,-0.35559849896809054,-0.012085826331852179,0.032687465540917185,-0.10981229821103322,-0.06175418684123982,-0.002695745647370229,0
A,core-2m/same_sector_slide1m_noscreen,core-2m/cross_sector_slide3m_noscreen,0.5750859774091077,0.03593445614446526,0.06160469009806398,-0.0739470119524197,-0.4734636238729133,-0.03278137346185517,0.06566062873889221,-0.18740728786168415,-0.19952977572021946,-0.01480142384989418,0
A,core-2m/same_sector_slide1m_noscreen,core-2m/cross_sector_slide3m_bd7,0.5684009531315368,0.026443776785960216,0.04734924256811339,-0.04913951611575205,-0.4033019837625063,-0.0252871887410957,0.05897824126963545,-0.14001793858491163,-0.17960274087187195,-0.011629920751120171,0
A,core-2m/cross_sector_slide1m_noscreen,core-2m/same_sector_slide1m_noscreen,0.81459066213584,0.04228418890902441,0.0525520920760413,-0.06685922473979615,-0.6639698491138462,-0.024844010247634718,0.03686302471781686,-0.17401191511378467,-0.1539333788816262,-0.007231432156898032,0
A,core-2m/same_sector_slide1m_noscreen,core-2m/cross_sector_slide1m_bd7,0.0069735527986675315,-0.0005823100653961743,0.049666744615389724,-0.0679558111054049,-0.07125311342347056,-0.0025930421111015622,0.030075112329132823,-0.06713567077474081,-0.037050776407261364,-0.001946748975394863,0
A,core-2m/same_sector_slide1m_noscreen,sp500-2m/same_sector_slide3m_noscreen,0.8500671099620243,0.04834015244916694,0.054461392777718734,-0.046869093231069935,-0.48135558890873065,-0.023787278795799227,0.04765252060523656,-0.16335225677250187,-0.08053967445105724,-0.004966501627164633,0
A,core-2m/same_sector_slide1m_noscreen,sp500-2m/same_sector_slide3m_bd7,0.5344840671636033,0.02211386217263809,0.042276949751652644,-0.045698323241851545,0.007286330391245855,-0.0003728111121997779,0.0355457119951646,-0.08958394880536913,0.16963856903656027,0.00569706618095025,0
A,core-2m/same_sector_slide1m_noscreen,sp500-2m/same_sector_slide1m_noscreen,0.8319186331135517,0.03817550627822057,0.04622493726844591,-0.049111960117515084,0.19017030909511204,0.0060365639722672615,0.03483713362382303,-0.09671549596032758,0.3984010317685466,0.014633662479174525,0
A,core-2m/same_sector_slide1m_noscreen,sp500-2m/same_sector_slide1m_bd7,0.4368874361452102,0.01807449444868614,0.04237964973090047,-0.04626369058909814,-0.4042014304816996,-0.012550539992830068,0.03012137874972113,-0.08960836424629437,-0.11347960505491941,-0.004356921259391977,0
A,core-2m/same_sector_slide1m_noscreen,sp500-2m/cross_sector_slide3m_noscreen,0.04528818623788505,0.000672873444028732,0.05606053034491297,-0.07610155862724946,-0.7604272026865824,-0.039237642431637965,0.05092827889804765,-0.21346481591739863,-0.5295878978431889,-0.028685075952528782,0
A,core-2m/same_sector_slide1m_noscreen,sp500-2m/cross_sector_slide3m_bd7,-0.1424029875008897,-0.008172135253696356,0.0535077882222745,-0.07173700880715464,0.14013450959353144,0.0047617988815180645,0.039413559583451795,-0.11134653837503272,0.05326719652316266,0.0014742972776151443,0
A,core-2m/same_sector_slide1m_noscreen,sp500-2m/cross_sector_slide1m_noscreen,0.41229399550657353,0.01892652626336213,0.048000361539404665,-0.05318363333199312,-0.9390479071163664,-0.03504012714380589,0.03724180640532206,-0.1782156124260147,-0.5033393780613451,-0.020901746465949955,0
A,core-2m/same_sector_slide1m_noscreen,sp500-2m/cross_sector_slide1m_bd7,-0.12658700844778345,-0.0077171887380901305,0.052568061937505337,-0.0712355764308149,-0.5883401204439535,-0.016266867392802697,0.027244460739092903,-0.10409654216207864,-0.3755987202153416,-0.013894256332038802,0
A,core-2m/same_sector_slide1m_noscreen,core-12m/same_sector_slide3m_noscreen,0.5497545918064383,0.021381246106296548,0.039097377959524185,-0.045298411507835604,-0.553522823975139,-0.01821129512688746,0.03226147626262324,-0.11565289320080385,-0.21343110802811022,-0.007787350783705316,0
A,core-2m/same_sector_slide1m_noscreen,core-12m/same_sector_slide3m_bd7,0.6612225375960917,0.02357359835048518,0.036192334224737104,-0.04259523226266795,-0.23877555454779073,-0.007311930251558962,0.02897340962482792,-0.05997386765808499,0.04020669369011644,0.000890784153252322,0
A,core-2m/same_sector_slide1m_noscreen,core-12m/same_sector_slide1m_noscreen,0.37966594318390456,0.0151126739666827,0.04038344571537318,-0.04742939578722456,-0.3754901455464452,-0.011191389291864251,0.02886064533104798,-0.08591906141249406,-0.11665465442949459,-0.004204299129522115,0
A,core-2m/same_sector_slide1m_noscreen,core-12m/same_sector_slide1m_bd7,0.5742816003711759,0.021842790986631132,0.03772090795110471,-0.045526766350554325,-0.30687868471595875,-0.00829758206329756,0.026042829144687467,-0.058371973653474574,0.001939502517611036,-0.00026804822467707545,0
A,core-2m/same_sector_slide1m_noscreen,core-12m/cross_sector_slide3m_noscreen,0.2266087151710945,0.016674504226205044,0.06544462053464718,-0.08735696903644966,-0.3148102699505994,-0.013968334213500966,0.04189447194527804,-0.17137124130394144,-0.10439511763253526,-0.005834338213658174,0
A,core-2m/same_sector_slide1m_noscreen,core-12m/cross_sector_slide3m_bd7,0.49198638030591296,0.022155787999344236,0.04574236291997467,-0.054206306588983864,0.0486650786335703,0.0010729658281811716,0.03377322139222741,-0.06701434549892349,0.1971067195099516,0.006748017013266683,0
A,core-2m/same_sector_slide1m_noscreen,core-12m/cross_sector_slide1m_noscreen,0.5080075141490651,0.028120743219729592,0.0576878870457032,-0.06390603995656044,-0.4608324506294965,-0.017662009525213462,0.037167096175103394,-0.13806461352495014,-0.10847048565393005,-0.005634424529519055,0
A,core-2m/same_sector_slide1m_noscreen,core-12m/cross_sector_slide1m_bd7,0.23748561183537392,0.01040801723879814,0.046649541521920745,-0.06775849808519899,-0.2836556425285256,-0.008830444748505029,0.02970920328955343,-0.06672909441965846,-0.08966383803487436,-0.0036826574066889605,0
A,core-2m/same_sector_slide1m_noscreen,sp500-12m/same_sector_slide3m_noscreen,0.7884932145851651,0.05084665243406152,0.0658019967892031,-0.061787142851663514,0.5032238918870168,0.02239437404948652,0.04612580053104316,-0.10468789513857979,0.5914724535322493,0.029915823297971135,0
A,core-2m/same_sector_slide1m_noscreen,sp500-12m/same_sector_slide3m_bd7,0.7409992211164216,0.03514998326956111,0.04769000721803821,-0.04932350705526343,0.33636923690686393,0.011349006226371694,0.03541639298341703,-0.07586748493132367,0.46812689062431856,0.01775034405128868,0
A,sp500-12m/same_sector_slide1m_noscreen,core-2m/same_sector_slide1m_noscreen,1.1312266987590143,0.069934150149408,0.06129020647908756,-0.05914563864745999,0.025325084862916118,0.000253135673988103,0.036933648177889786,-0.0758020269898465,0.4281323910273717,0.018352556015069067,0
A,core-2m/same_sector_slide1m_noscreen,sp500-12m/same_sector_slide1m_bd7,0.653484907070317,0.03145537408490608,0.04868255052982988,-0.056253582159456486,0.1658043312961042,0.004599358851449686,0.03048008609064441,-0.05143370427823013,0.339166737500896,0.0117673246343581,0
A,core-2m/same_sector_slide1m_noscreen,sp500-12m/cross_sector_slide3m_noscreen,0.7960464142335407,0.04419897220422038,0.056444877016014125,-0.05042121288312729,-0.133175925268171,-0.0067540582158232,0.04370947786096879,-0.10462575371086313,0.16060934807236296,0.006594192927524611,0
A,core-2m/same_sector_slide1m_noscreen,sp500-12m/cross_sector_slide3m_bd7,0.8565759111990194,0.03746089914496657,0.048335815779513444,-0.05120225508266139,0.18357781972856085,0.007858264098740575,0.04956707522986412,-0.10113092224033726,0.3415111052534706,0.015610756400762548,0
A,sp500-12m/cross_sector_slide1m_noscreen,core-2m/same_sector_slide1m_noscreen,1.0027044098590732,0.05000653072377563,0.04949214527413597,-0.04239733635150633,0.4654340845317101,0.015759890818362488,0.034906481294356605,-0.06172948524480493,0.6385270309581071,0.024674881938298966,0
A,sp500-12m/cross_sector_slide1m_bd7,core-2m/same_sector_slide1m_noscreen,1.1288361308841994,0.0478229093810282,0.04201705881061675,-0.026055506169556143,0.29588223917426326,0.00873949593858403,0.03104276121563708,-0.05488929105282969,0.5657055654480665,0.01904213603998346,0
A,core-2m/same_sector_slide1m_bd7,core-2m/cross_sector_slide3m_noscreen,-0.006528009259070222,0.0009451147125346893,0.05872737171688543,-0.1037356786861406,-0.5230831671137771,-0.034039679175857596,0.06232797591569895,-0.1871167117859277,-0.3805167217187565,-0.024861262616892876,0
A,core-2m/same_sector_slide1m_bd7,core-2m/cross_sector_slide3m_bd7,0.24571042947171917,0.008535647326647267,0.04358304775985462,-0.05853541767353587,-0.22983642596854117,-0.007544865902208375,0.030872713708164728,-0.08343873935660995,-0.08427044656847751,-0.0036014788397671802,0
A,core-2m/cross_sector_slide1m_noscreen,core-2m/same_sector_slide1m_bd7,0.3305733840923872,0.013367787387803354,0.04282736427528451,-0.07230183435933524,-0.5460698181653578,-0.016804907834728433,0.030197942057936186,-0.11264772290534264,-0.24676064609693196,-0.008933337439618239,0
A,core-2m/same_sector_slide1m_bd7,core-2m/cross_sector_slide1m_bd7,-0.02118702081247058,-0.0015965073905207516,0.04192113616627387,-0.05884782324942077,-0.00283922730118355,-0.0004069459974431755,0.02580171304275871,-0.048790352857521646,-0.009756093642173017,-0.0007579667197492368,0
A,core-2m/same_sector_slide1m_bd7,sp500-2m/same_sector_slide3m_noscreen,0.6089276849299549,0.03226894119806496,0.05067082407694377,-0.06548749946264446,-0.11175072284210809,-0.005730344972853185,0.043115464532506684,-0.1124396964522667,0.10779721710568894,0.004088669258035593,0
A,core-2m/same_sector_slide1m_bd7,sp500-2m/same_sector_slide3m_bd7,0.6434665995798945,0.023224281970135686,0.03604281119246979,-0.03908404744006071,0.23565061940453477,0.006725646174478905,0.030403308526385803,-0.07429597393496301,0.35648566180549124,0.010980095630537968,0
A,core-2m/same_sector_slide1m_bd7,sp500-2m/same_sector_slide1m_noscreen,0.39879405244408905,0.013766946720173267,0.036167411990763856,-0.06263477750600584,0.28851639329293927,0.008472405464513555,0.030895803854771843,-0.06164873406006366,0.31896015137660105,0.009859393612639123,0
A,core-2m/same_sector_slide1m_bd7,sp500-2m/same_sector_slide1m_bd7,0.2525676093479152,0.007894231090433279,0.032491468452430505,-0.04866777433685561,0.1348774226826705,0.0028518062014157852,0.02308672825298863,-0.04118004037802547,0.17254945637615435,0.0041608384821604895,0
A,core-2m/same_sector_slide1m_bd7,sp500-2m/cross_sector_slide3m_noscreen,0.2651664430004168,0.011692187607313076,0.05165716080913091,-0.07456439565329209,-0.5041714289059985,-0.02661306853428591,0.05093093917792784,-0.1441764918556222,-0.30172856580788443,-0.016620572747040853,0
A,core-2m/same_sector_slide1m_bd7,sp500-2m/cross_sector_slide3m_bd7,-0.1907314834960429,-0.009454501726083153,0.05028131809896417,-0.07176506238544385,0.11985148363419379,0.003794223007115294,0.03739913977684146,-0.10069626281109356,0.026030131524688006,0.00034762148190263796,0
A,core-2m/same_sector_slide1m_bd7,sp500-2m/cross_sector_slide1m_noscreen,0.23376190928188972,0.010228761788174423,0.04695248119830857,-0.06947191401796642,-0.5734750076404296,-0.017199303599040427,0.029493516336046417,-0.12118310750293604,-0.27263330851707035,-0.010063705076072927,0
A,core-2m/same_sector_slide1m_bd7,sp500-2m/cross_sector_slide1m_bd7,-0.06679236237087771,-0.003985912930880198,0.04547489804637596,-0.06131571698663285,-0.2345163759306719,-0.005578510836755979,0.02275165282820309,-0.07871977863901314,-0.15660448782232944,-0.005189771817666356,0
A,core-2m/same_sector_slide1m_bd7,core-12m/same_sector_slide3m_noscreen,0.5620485620905347,0.014798477713333336,0.026688001862868255,-0.034128549720876936,-0.6813382051553574,-0.01642799736462286,0.023892391327351187,-0.10641082972550375,-0.35218743399775115,-0.008922914830244145,0
A,core-2m/same_sector_slide1m_bd7,core-12m/same_sector_slide3m_bd7,0.5868903448104129,0.014454011528807076,0.026412398173759188,-0.03570494024178068,-0.34369083186572524,-0.007244660701969274,0.020542388343362708,-0.054114570690973585,-0.07846998514690708,-0.002038208733321234,0
A,core-2m/same_sector_slide1m_bd7,core-12m/same_sector_slide1m_noscreen,0.4073096335026423,0.010199017526633459,0.025389338890734907,-0.03417613955445424,-0.39578152979357345,-0.008220676024303764,0.02033432042731799,-0.07059777503933828,-0.16210323635690624,-0.0037366338203534077,0
A,core-2m/same_sector_slide1m_bd7,core-12m/same_sector_slide1m_bd7,0.42697215596369925,0.012720793839718159,0.030661545798023892,-0.03933838609872502,-0.16862086224946563,-0.0031508175021440765,0.017778714014035607,-0.03502785036458689,0.04198641497597698,0.0006736677642442234,0
A,core-2m/same_sector_slide1m_bd7,core-12m/cross_sector_slide3m_noscreen,0.2385006140478804,0.013338291199819996,0.05455938134951882,-0.06885281450107375,-0.25342696518341107,-0.010000165396449767,0.03696548715347556,-0.12055226917470152,-0.07696573841348023,-0.003941117582715337,0
A,core-2m/same_sector_slide1m_bd7,core-12m/cross_sector_slide3m_bd7,0.30151338384970805,0.01236524106447905,0.04721940247121006,-0.06300387406445918,0.14086532235643884,0.0035301730577970147,0.027750156937824316,-0.053088898078327174,0.1874730790288318,0.005642770898432481,0
A,core-2m/same_sector_slide1m_bd7,core-12m/cross_sector_slide1m_noscreen,0.4254398378305396,0.02124954344057577,0.05206947495653371,-0.06133439332748773,-0.4989419640977118,-0.016584681545331326,0.03246250472566349,-0.12800034248467618,-0.15883796069299466,-0.0068436286570302315,0
A,core-2m/same_sector_slide1m_bd7,core-12m/cross_sector_slide1m_bd7,0.5281802664121448,0.02309100321780506,0.04484251077560944,-0.04993941721328667,-0.06283149195561133,-0.0018132552092732235,0.02422007870052301,-0.05824269245181035,0.15436903145120567,0.0042797598150819734,0
A,core-2m/same_sector_slide1m_bd7,sp500-12m/same_sector_slide3m_noscreen,0.7929433853315053,0.04791263253815905,0.06027355459653798,-0.04874143262645585,0.38237196436319965,0.01544841381159845,0.04244832981502388,-0.08950113894839618,0.5148102030374975,0.023928505358566853,0
A,core-2m/same_sector_slide1m_bd7,sp500-12m/same_sector_slide3m_bd7,0.8554230642059995,0.03374895858791849,0.0401096378272763,-0.03612279414873443,0.1563354803187122,0.004473738698869578,0.03178854049900071,-0.06982101640905747,0.3595851233126828,0.011779669173028395,0
A,sp500-12m/same_sector_slide1m_noscreen,core-2m/same_sector_slide1m_bd7,1.0624311248501286,0.059590829026535855,0.055696343262853484,-0.03301781411121814,0.27257861340840756,0.00849219529926093,0.033024996879482,-0.06057203368679498,0.5524812079907874,0.021708463303531024,0
A,core-2m/same_sector_slide1m_bd7,sp500-12m/same_sector_slide1m_bd7,0.5765423642281023,0.023303272668151777,0.04095126760098605,-0.04110645542197837,0.44499366607793583,0.011643303447251174,0.02682297769405235,-0.029457721133361092,0.47933102661518606,0.014527831822790471,0
A,core-2m/same_sector_slide1m_bd7,sp500-12m/cross_sector_slide3m_noscreen,0.6557526699672572,0.033025756632928616,0.05133189655480576,-0.03878473552380897,0.1774510389830995,0.0062131339918285455,0.039243484954106525,-0.0757766483883675,0.32293921157812083,0.013134722699908475,0
A,core-2m/same_sector_slide1m_bd7,sp500-12m/cross_sector_slide3m_bd7,0.834266009173677,0.033157831238601256,0.045630922457254794,-0.04213126568745331,0.07291212912079163,0.0023231246015542606,0.04872326473635188,-0.11952921141760087,0.22812410029296282,0.009695828320284105,0
A,sp500-12m/cross_sector_slide1m_noscreen,core-2m/same_sector_slide1m_bd7,0.8313195079150496,0.037067876436475314,0.04475263097107658,-0.03171694714043653,0.5001779575239684,0.015992483518212808,0.03279642348745305,-0.05195984072554016,0.6024389352752229,0.021476769095547965,0
A,core-2m/same_sector_slide1m_bd7,sp500-12m/cross_sector_slide1m_bd7,0.6754788750658239,0.025854800972072843,0.03941930214105483,-0.030838659002052293,0.07526402761352353,0.001712372812010754,0.027940142306378198,-0.0676132909719126,0.26081150362492195,0.007641416514532562,0
A,core-2m/cross_sector_slide3m_noscreen,core-2m/cross_sector_slide3m_bd7,0.5142387913982802,0.03972699025030011,0.08736925327452022,-0.11070178954728782,-0.0015315782959495863,-0.003154773433926561,0.07617961543074894,-0.11992221526205527,0.14767591132749783,0.008338126131624745,0
A,core-2m/cross_sector_slide1m_noscreen,core-2m/cross_sector_slide3m_noscreen,0.7750354321188688,0.055704173322845295,0.07247214268972076,-0.08277206163730995,-0.19528723638865317,-0.015447616732447544,0.06754897430039677,-0.1402856179399079,0.07856839076520086,0.0030360464568315758,0
A,core-2m/cross_sector_slide3m_noscreen,core-2m/cross_sector_slide1m_bd7,0.1650467234431229,0.008932662452890993,0.07204802809467145,-0.09955872156406312,-0.14556308863184048,-0.011273694485464447,0.06341296155667074,-0.11471551039692018,-0.055348454803922156,-0.005875437144223783,0
A,core-2m/cross_sector_slide3m_noscreen,sp500-2m/same_sector_slide3m_noscreen,0.6680078030718881,0.05428957702750885,0.08419566976524984,-0.11400671251655614,-0.22448472271189238,-0.018286673395591535,0.07069511268343832,-0.16853066674958617,0.04466311587997759,0.0005332525017083478,0
A,core-2m/cross_sector_slide3m_noscreen,sp500-2m/same_sector_slide3m_bd7,0.5413691761917211,0.037184915935878915,0.07115377302236356,-0.08205802702454452,-0.13906640834168907,-0.011489605510272893,0.06653065288359353,-0.15279290668665946,0.05482541965999652,0.0014133268729330073,0
A,core-2m/cross_sector_slide3m_noscreen,sp500-2m/same_sector_slide1m_noscreen,0.39831313600458373,0.023453082652395606,0.07380865580666449,-0.10562915932022018,-0.14126864393724417,-0.010576082521310926,0.06134562412493167,-0.13484985878826572,0.013081584933339413,-0.0016182773188273547,0
A,core-2m/cross_sector_slide3m_noscreen,sp500-2m/same_sector_slide1m_bd7,0.4780698263197133,0.027902270104818716,0.0719262212421878,-0.10085292486072497,-0.10911916220193796,-0.008598935623278403,0.061205024594316426,-0.11063535991653406,0.05530852933117435,0.001073372781268156,0
A,core-2m/cross_sector_slide3m_noscreen,sp500-2m/cross_sector_slide3m_noscreen,0.4929725896505494,0.03616662294836195,0.08840750874478043,-0.107983744168245,-0.19092510002985372,-0.013520420929354016,0.06137973552577608,-0.13848452146990742,0.026332664702844448,-0.0009568353249742145,0
A,core-2m/cross_sector_slide3m_noscreen,sp500-2m/cross_sector_slide3m_bd7,0.21221274860625047,0.00898167862194874,0.07808367371435633,-0.1002702983708893,0.1050134554805192,0.004137761208854007,0.05259040407757861,-0.10871445712285932,0.13095178067773128,0.005566524717405619,0
A,core-2m/cross_sector_slide3m_noscreen,sp500-2m/cross_sector_slide1m_noscreen,0.4726485682014002,0.03252173392459312,0.0733296508880403,-0.09725466816997393,-0.20356904139427845,-0.015182743005572763,0.06451444080237391,-0.16528849335762474,-0.011023702698567518,-0.0030328708165827,0
A,core-2m/cross_sector_slide3m_noscreen,sp500-2m/cross_sector_slide1m_bd7,0.40091043105244656,0.025176073824031264,0.07498751191209943,-0.10451624232015695,-0.2195921988457988,-0.014670302552063252,0.05898803554541874,-0.1517355757129767,-0.0347301654683265,-0.004475861458727626,0
A,core-2m/cross_sector_slide3m_noscreen,core-12m/same_sector_slide3m_noscreen,0.25493926219858515,0.02002790967799457,0.06259099539770842,-0.09099974931826826,-0.30156424938711124,-0.021859546311823852,0.06581120836456869,-0.14035706940386905,-0.14426145553172148,-0.011179525567835191,0
A,core-2m/cross_sector_slide3m_noscreen,core-12m/same_sector_slide3m_bd7,0.4046542869887368,0.03078174773067168,0.07282510700830339,-0.09673992444791765,-0.3704796083214649,-0.025409754639203475,0.06373697325540852,-0.16093767734628173,-0.1438902508576026,-0.011371840472954564,0
A,core-2m/cross_sector_slide3m_noscreen,core-12m/same_sector_slide1m_noscreen,0.4371095649939477,0.03552199107125835,0.06356972781537198,-0.08403179644469841,-0.09236696641796063,-0.00784623173639909,0.06291773984247089,-0.11059104332320657,0.070106802675635,0.0029839321695770637,0
A,core-2m/cross_sector_slide3m_noscreen,core-12m/same_sector_slide1m_bd7,-0.010243180202255342,0.004158207522648216,0.0654373305928308,-0.0945147311479996,-0.33856552477315993,-0.021675144297403692,0.05926801149158814,-0.13545308412881307,-0.22639867095965335,-0.015136358361006307,0
A,core-2m/cross_sector_slide3m_noscreen,core-12m/cross_sector_slide3m_noscreen,-0.0010744074791412927,-0.003465730176477755,0.08082846554243812,-0.12287441549398073,-0.26365792172246466,-0.02063336058197418,0.06957172559603655,-0.17829250709784072,-0.18333441873422895,-0.015890438160670862,0
A,core-2m/cross_sector_slide3m_noscreen,core-12m/cross_sector_slide3m_bd7,0.23005875506340442,0.014768958787357978,0.06732783081939878,-0.09117347722964833,-0.11217201623795932,-0.009123200880047921,0.0631321162547613,-0.12026168564975237,-0.011838782151417041,-0.002779972668163966,0
A,core-12m/cross_sector_slide1m_noscreen,core-2m/cross_sector_slide3m_noscreen,0.8215739847920748,0.05449552050756536,0.06659541200817058,-0.06455367290506038,-0.2607099019055503,-0.01906656680899632,0.06532951398353477,-0.15698765824848193,0.028859764909006564,-0.00026984748808689396,0
A,core-2m/cross_sector_slide3m_noscreen,core-12m/cross_sector_slide1m_bd7,0.8187559884745627,0.047848139753926634,0.05754990885076061,-0.0624331841957517,-0.22179149653554106,-0.01457664516246171,0.058184244318257125,-0.1158732531037493,0.05232133294472198,0.0013870102031696475,0
A,sp500-12m/same_sector_slide3m_noscreen,core-2m/cross_sector_slide3m_noscreen,0.4414201822003238,0.029368065272237585,0.08408123657775207,-0.09664116107438929,0.2550762156354127,0.015320699463799325,0.06938076165131266,-0.11096673389119871,0.30188558015125605,0.01921982590430742,0
A,core-2m/cross_sector_slide3m_noscreen,sp500-12m/same_sector_slide3m_bd7,0.7213696554523661,0.03974603941762842,0.06996866083223954,-0.0788351574069629,0.021652823609872168,-0.0007396153767387226,0.06374666999834425,-0.11153377234820716,0.19347679718890037,0.009986428643273126,0
A,sp500-12m/same_sector_slide1m_noscreen,core-2m/cross_sector_slide3m_noscreen,0.9593753853528737,0.06472281020601774,0.06748719289204277,-0.06519066495620407,0.2882130762725847,0.010539163891035042,0.039016070280606135,-0.07007421494315469,0.5272570200035793,0.024587467852531474,0
A,core-2m/cross_sector_slide3m_noscreen,sp500-12m/same_sector_slide1m_bd7,0.2592054580894947,0.012640218824264249,0.0648463683859091,-0.09318093646755869,0.3671906608090548,0.011514318558098369,0.03262887941994312,-0.04096611759429891,0.3005736055756657,0.011839141771423912,0
A,sp500-12m/cross_sector_slide3m_noscreen,core-2m/cross_sector_slide3m_noscreen,0.679085098247844,0.04439554158248367,0.0667191211940152,-0.06517636681734706,-0.0931525127310268,-0.00945914992199437,0.07255195375940914,-0.1546094868536605,0.09730695487207092,0.004367663588444026,0
A,sp500-12m/cross_sector_slide3m_bd7,core-2m/cross_sector_slide3m_noscreen,0.9608138034018505,0.054752646394017425,0.05906094318584369,-0.05608518590286151,0.18831636371507907,0.009157427431525145,0.05757329213213945,-0.12777290960858712,0.37975425558583653,0.020675278479296823,0
A,sp500-12m/cross_sector_slide1m_noscreen,core-2m/cross_sector_slide3m_noscreen,0.5804491895000805,0.03642475894618942,0.06535653026826427,-0.07449217239022518,0.30023683697491366,0.016993302585523562,0.06305069497323851,-0.11498342217927293,0.3750090029910082,0.0220548936375637,0
A,sp500-12m/cross_sector_slide1m_bd7,core-2m/cross_sector_slide3m_noscreen,0.6687678361566173,0.03646957904800239,0.055809437601420875,-0.052576460527938365,0.4764530169958359,0.0167798251841782,0.036318841923014954,-0.0496267235392871,0.5340053899957427,0.021946070982842958,0
A,core-2m/cross_sector_slide1m_noscreen,core-2m/cross_sector_slide3m_bd7,0.4363517713413114,0.02372987809706335,0.05528936091889527,-0.07309783880018379,-0.1870315080821924,-0.013415911201505759,0.06156848041621181,-0.1202659931745842,-0.03118551657723489,-0.0036726157160294147,0
A,core-2m/cross_sector_slide1m_bd7,core-2m/cross_sector_slide3m_bd7,-0.02954469824549011,-0.0020465589205621803,0.05292614506618278,-0.06566820499964146,-0.03863838225326987,-0.004421504918499686,0.06204373616179548,-0.10953435224470409,-0.034620051452135335,-0.003873293073096451,0
A,sp500-2m/same_sector_slide3m_noscreen,core-2m/cross_sector_slide3m_bd7,0.47454739875051166,0.028248733681825476,0.06151002973068352,-0.07820438779960952,0.09872603097719544,0.004263239039607791,0.066163896109706,-0.1111867571307601,0.19277992813996442,0.01046097568555826,0
A,sp500-2m/same_sector_slide3m_bd7,core-2m/cross_sector_slide3m_bd7,0.22055995546213966,0.008695128345554349,0.04900309668990393,-0.05523505752593631,-0.07126725413752298,-0.007109816695238691,0.0670384978234485,-0.1266320394593189,-0.011909921343452477,-0.0028270236525281154,0
A,core-2m/cross_sector_slide3m_bd7,sp500-2m/same_sector_slide1m_noscreen,0.07847604786558633,0.0025211613303699034,0.05521215923528354,-0.09290898551450266,0.07477001166890515,0.002561616482762874,0.057318648232342576,-0.10917846627239214,0.07319855997852484,0.0024558985209247376,0
A,core-2m/cross_sector_slide3m_bd7,sp500-2m/same_sector_slide1m_bd7,-0.14180365833421607,-0.009187012575676645,0.05260674629449137,-0.07998380667863818,-0.03807499931627421,-0.004001280194849799,0.058273364136333126,-0.10606565219088115,-0.0660826168495321,-0.005460827134704549,0
A,sp500-2m/cross_sector_slide3m_noscreen,core-2m/cross_sector_slide3m_bd7,-0.09539459891764038,-0.0149450928019496,0.07837926564249421,-0.12028744796809945,0.13817436555888135,0.00722594608788385,0.06942881622558864,-0.09754976106714686,0.059197353008042145,0.001277660999300645,0
A,core-2m/cross_sector_slide3m_bd7,sp500-2m/cross_sector_slide3m_bd7,-0.692789606228696,-0.045215891179537636,0.06473190241134623,-0.1031402536184719,0.43683287095097306,0.021789419177599578,0.05253387353590164,-0.06378319421700818,0.10918856458927655,0.004545487334600362,0
A,sp500-2m/cross_sector_slide1m_noscreen,core-2m/cross_sector_slide3m_bd7,-0.03457699156146503,-0.005222999243873439,0.06074010457351953,-0.0919949959824872,-0.07793449345574609,-0.006370731193097057,0.05877581956629027,-0.10672048033850212,-0.07147255801677653,-0.006137235177750599,0
A,core-2m/cross_sector_slide3m_bd7,sp500-2m/cross_sector_slide1m_bd7,-0.29703213358067676,-0.01689326798173436,0.05373967635543866,-0.08065110823062926,-0.11104022104437795,-0.00805572243594721,0.05725729882454575,-0.11413551812467437,-0.15548912124045455,-0.010337516069090214,0
A,core-12m/same_sector_slide3m_noscreen,core-2m/cross_sector_slide3m_bd7,-0.4246418909780549,-0.019525556212075745,0.045849702650479586,-0.07264952070474964,-0.24309103588554323,-0.016685529145678224,0.061112441161451994,-0.12500773870444304,-0.27114661072478635,-0.017296326278847696,0
A,core-12m/same_sector_slide3m_bd7,core-2m/cross_sector_slide3m_bd7,-0.2615320107400482,-0.020121087992156773,0.05487352105329542,-0.072183411667715,-0.34877229252316244,-0.023683310344466357,0.06273758388957026,-0.14536931766215766,-0.338486402169576,-0.02269551955863469,0
A,core-12m/same_sector_slide1m_noscreen,core-2m/cross_sector_slide3m_bd7,-0.2982061534330369,-0.014889016493969209,0.047324865218220886,-0.07005279860883806,-0.020026686491443506,-0.002804222298406489,0.05635867759186509,-0.10613605542992988,-0.0729475006844846,-0.005562473675783908,0
A,core-12m/same_sector_slide1m_bd7,core-2m/cross_sector_slide3m_bd7,-0.46867072105501106,-0.028149990548854698,0.05724626934735738,-0.07935193625070822,-0.11135822579447988,-0.008275934475346247,0.05834798479773105,-0.10592184883921074,-0.18776164146144925,-0.01273161408325616,0
A,core-12m/cross_sector_slide3m_noscreen,core-2m/cross_sector_slide3m_bd7,0.18388523377594973,0.012879284743136554,0.06798865136151527,-0.09008877334122334,-0.1796264233423589,-0.013359221451184733,0.0632455289974437,-0.14643257925570496,-0.07230265760161178,-0.006584501240660634,0
A,core-12m/cross_sector_slide3m_bd7,core-2m/cross_sector_slide3m_bd7,0.14543979321196318,0.003717586756613689,0.06035121084052899,-0.07976738162592649,-0.08450981619968426,-0.007464543717217054,0.06351219679752959,-0.11468348337597145,-0.03783940008047628,-0.004616983316407741,0
A,core-12m/cross_sector_slide1m_noscreen,core-2m/cross_sector_slide3m_bd7,0.3651851369693177,0.01947346166715569,0.056662612453100225,-0.06421263182555359,-0.130507877634798,-0.009486750291012092,0.059036559388546316,-0.1197989020471345,-0.005634210610331886,-0.002081075621572048,0
A,core-12m/cross_sector_slide1m_bd7,core-2m/cross_sector_slide3m_bd7,0.41484875227346096,0.019663423396153325,0.04976029806289693,-0.05682869317270678,0.043134261396713544,0.0007277574774666729,0.05768507668790844,-0.10587038734421295,0.12721139175548085,0.005484080348021081,0
A,sp500-12m/same_sector_slide3m_noscreen,core-2m/cross_sector_slide3m_bd7,0.7057067598819284,0.046030719903096554,0.0682523072743241,-0.061208216156441696,0.23315410517344456,0.012957363794859456,0.0645181910773091,-0.11794282507587217,0.3642015491483209,0.02183809490561579,0
A,sp500-12m/same_sector_slide3m_bd7,core-2m/cross_sector_slide3m_bd7,0.39338723468834,0.019602222001184555,0.053716595227576734,-0.054197952939301984,0.04028986525597688,0.0004499789541556609,0.06315494408579628,-0.10902792310616294,0.12107564433554796,0.005444140842342704,0
A,sp500-12m/same_sector_slide1m_noscreen,core-2m/cross_sector_slide3m_bd7,1.0522028019802285,0.06370732994696016,0.06036171495476587,-0.05125533723298699,0.21656327262089087,0.008321675029391296,0.042500912238690285,-0.0717463640888244,0.4913797903292238,0.02263835292358003,0
A,sp500-12m/same_sector_slide1m_bd7,core-2m/cross_sector_slide3m_bd7,0.4572967273890406,0.021891003021168733,0.048878328805494545,-0.061237887829888635,0.36236594189497795,0.013447049497186336,0.0390018151024952,-0.0680312458500486,0.38833086965783437,0.01550420609800458,0
A,sp500-12m/cross_sector_slide3m_noscreen,core-2m/cross_sector_slide3m_bd7,0.6141131117161681,0.036531457595843884,0.0612770834452722,-0.05147537661009902,-0.17243481404379074,-0.013998672201536833,0.06776815658914818,-0.15355748858840146,0.015219243442893443,-0.0012230667797471506,0
A,sp500-12m/cross_sector_slide3m_bd7,core-2m/cross_sector_slide3m_bd7,0.6295804596583524,0.028719890961928708,0.052242723002277815,-0.05046392701850004,0.2545059270136194,0.01386900602921215,0.06210914855869226,-0.11813257493001139,0.3163374635002823,0.017123280696245892,0
A,sp500-12m/cross_sector_slide1m_noscreen,core-2m/cross_sector_slide3m_bd7,0.6806878586517928,0.034469850325287286,0.051435347776436414,-0.05293434699659816,0.2901395078752194,0.01542201562696266,0.05908335509803548,-0.11132590418447119,0.37999857416025734,0.020235158642952777,0
A,sp500-12m/cross_sector_slide1m_bd7,core-2m/cross_sector_slide3m_bd7,0.42603492917307806,0.01851378309820979,0.0452670204088333,-0.04564118347752215,0.3263532066813549,0.013296178042470963,0.04346137953300027,-0.0889843742976012,0.34933161078913766,0.01445997241868846,0
A,core-2m/cross_sector_slide1m_noscreen,core-2m/cross_sector_slide1m_bd7,0.55058509052689,0.029172617798124013,0.05457236342823071,-0.07693283229786285,-0.07680938164630026,-0.003462904038010972,0.03645739916462734,-0.0729246556909805,0.1413994999452049,0.005085870295690143,0
A,core-2m/cross_sector_slide1m_noscreen,sp500-2m/same_sector_slide3m_noscreen,0.9354194565486548,0.05571626585118374,0.05867322421948253,-0.07040435092570319,-0.08675714321141896,-0.005005623740025111,0.04578678743382633,-0.12292117108074219,0.24135241265282237,0.010923727487047952,0
A,core-2m/cross_sector_slide1m_noscreen,sp500-2m/same_sector_slide3m_bd7,1.0205410578011365,0.049309516946989575,0.04959866163180686,-0.05570662913789777,-0.2512205067329936,-0.009485897569239343,0.035439829906112774,-0.1152583388589491,0.17102215145265903,0.005900048984681661,0
A,core-2m/cross_sector_slide1m_noscreen,sp500-2m/same_sector_slide1m_noscreen,0.529355783229619,0.0271064452015513,0.05292066535509171,-0.0662690508401744,-0.1224553397726667,-0.004613848384400265,0.03325025423445555,-0.07943913960654447,0.11458315051450405,0.003763854813590406,0
A,core-2m/cross_sector_slide1m_noscreen,sp500-2m/same_sector_slide1m_bd7,1.1074361931082897,0.055604919713354,0.0501586770562207,-0.05593248694227641,-0.04262929884895328,-0.0017916228010624868,0.03084505221680092,-0.05402105741493479,0.37459821739649835,0.013240286449628647,0
A,core-2m/cross_sector_slide1m_noscreen,sp500-2m/cross_sector_slide3m_noscreen,0.7199842668149654,0.04354224067987715,0.06296762135527038,-0.07871423096622363,-0.22536550266107297,-0.014708339441904639,0.05825509986151922,-0.1138295537031806,0.03512220767786546,0.0002804659021846456,0
A,core-2m/cross_sector_slide1m_noscreen,sp500-2m/cross_sector_slide3m_bd7,0.495064868788646,0.027224571174500188,0.056720435998328225,-0.0647972127198582,0.18058123899235715,0.006442149642866601,0.03995988474269607,-0.09717256574608502,0.2837144897148589,0.011867334468394431,0
A,core-2m/cross_sector_slide1m_noscreen,sp500-2m/cross_sector_slide1m_noscreen,0.7332082601550514,0.04044421879615338,0.055945167023797406,-0.06840884436170191,-0.18072790993927987,-0.007438642191668232,0.03744256851543504,-0.10549142208044981,0.13570179141813418,0.0049440551965616916,0
A,core-2m/cross_sector_slide1m_noscreen,sp500-2m/cross_sector_slide1m_bd7,0.8256462819362325,0.04494096225734077,0.054930762142679446,-0.0639186782086442,-0.2505149350662456,-0.007563706020725092,0.028666262475392373,-0.08677424691159086,0.17936673849286183,0.006049915294937902,0
A,core-2m/cross_sector_slide1m_noscreen,core-12m/same_sector_slide3m_noscreen,0.885157488833794,0.03895616891184219,0.04431688890297811,-0.06353305275958025,-0.45129659792307547,-0.015179801391757897,0.03270232994155058,-0.0984071225508727,-0.016322531288918966,-0.0012262061286957727,0
A,core-2m/cross_sector_slide1m_noscreen,core-12m/same_sector_slide3m_bd7,0.7083661476254102,0.032297756741533415,0.04408402449857044,-0.05422323001916838,-0.6252669263570853,-0.015567799817843175,0.024608006512237986,-0.09621579731719965,-0.09717346269490834,-0.0031249545511140343,0
A,core-2m/cross_sector_slide1m_noscreen,core-12m/same_sector_slide1m_noscreen,0.8571361055748106,0.03546795681961301,0.0416025717282863,-0.06557444273206962,-0.28699691599312716,-0.009444615533695022,0.03134373790685444,-0.07217595798392107,0.08171998454887812,0.0022361132628590406,0
A,core-2m/cross_sector_slide1m_noscreen,core-12m/same_sector_slide1m_bd7,0.7955705047025812,0.0371842638771374,0.04717225407659291,-0.07113899298767483,-0.4308582921021563,-0.008857703348047252,0.020176158871216616,-0.06492080087023566,0.11614520823285499,0.003027183383340404,0
A,core-2m/cross_sector_slide1m_noscreen,core-12m/cross_sector_slide3m_noscreen,0.5368877266844152,0.0348402539400718,0.06699866672379981,-0.08763647852861847,-0.8036979968040081,-0.0347478945756341,0.042855176258342,-0.1942799318271492,-0.3129444258679752,-0.016747134817462327,0
A,core-2m/cross_sector_slide1m_noscreen,core-12m/cross_sector_slide3m_bd7,0.9728246890826864,0.047983801078258725,0.049466815984568355,-0.067731498437445,-0.4736890909384266,-0.016776929933984053,0.03445782518144846,-0.11785152952062583,0.018467874261524436,-3.2378032004709566e-05,0
A,core-2m/cross_sector_slide1m_noscreen,core-12m/cross_sector_slide1m_noscreen,1.0707424303584214,0.06498901189351805,0.060320147425403925,-0.06406748088051069,-0.3390610921878165,-0.012504175004101725,0.03527569793072133,-0.1024983691149488,0.1915068477466027,0.007406062657716017,0
A,core-2m/cross_sector_slide1m_noscreen,core-12m/cross_sector_slide1m_bd7,0.9220905018412558,0.04600739305346511,0.050327570366001495,-0.07173965810056218,-0.18258324184159852,-0.005459067227630898,0.02785570049345798,-0.07870402550971045,0.24060644821738575,0.007856937253016172,0
A,core-2m/cross_sector_slide1m_noscreen,sp500-12m/same_sector_slide3m_noscreen,0.7536257557416802,0.0511471303361005,0.06988365150510137,-0.07030293364547494,0.26308855957983956,0.012170187129770138,0.05091689423530185,-0.09972466905153421,0.41988230930589665,0.022406397667913903,0
A,core-2m/cross_sector_slide1m_noscreen,sp500-12m/same_sector_slide3m_bd7,0.8315182260258762,0.04178662883544493,0.05122124936609359,-0.06120792548704519,0.06636578542341721,0.0018295533714474121,0.039125067292047865,-0.08482338498134856,0.30885741076434475,0.01233679172695461,0
A,core-2m/cross_sector_slide1m_noscreen,sp500-12m/same_sector_slide1m_noscreen,0.7872854477474343,0.048448978419415666,0.06221223866087516,-0.063575736411945,0.20917314295818154,0.007074264970077904,0.03696748764230876,-0.06392240894982482,0.4152638730134469,0.017894591682625326,0
A,core-2m/cross_sector_slide1m_noscreen,sp500-12m/same_sector_slide1m_bd7,0.643715634375094,0.030654679122766648,0.04885829749127737,-0.06027812378916231,0.2350176071121154,0.0065487857801225235,0.029644250592201136,-0.03736286709906378,0.3749727946487698,0.012832997477376961,0
A,core-2m/cross_sector_slide1m_noscreen,sp500-12m/cross_sector_slide3m_noscreen,0.9483856917076239,0.05647710741750336,0.059844491875618334,-0.05043126569968559,-0.39002623948836646,-0.025877603352044143,0.062138917430414935,-0.2017287418264806,-0.04648006902350593,-0.004701644392083914,0
A,core-2m/cross_sector_slide1m_noscreen,sp500-12m/cross_sector_slide3m_bd7,0.9972193184296476,0.04877708336487867,0.050863283701555816,-0.04696904034569045,0.2807519305877683,0.013104423750853966,0.0512262353610855,-0.10514324565028421,0.4589345271607125,0.022348098001095586,0
A,sp500-12m/cross_sector_slide1m_noscreen,core-2m/cross_sector_slide1m_noscreen,1.1635616645743536,0.06272825085130104,0.053380602191513624,-0.04232340234958556,0.4263814178705272,0.016040816059732066,0.03912305515052523,-0.07109182701761241,0.662944883295555,0.028214581912392723,0
A,core-2m/cross_sector_slide1m_noscreen,sp500-12m/cross_sector_slide1m_bd7,1.0566882577637489,0.04916801890003262,0.04633406852965384,-0.04406995274588103,0.5643578906641702,0.01683639354234523,0.030408259875425836,-0.05124529549968648,0.7240984740253082,0.025285638783585362,0
A,sp500-2m/same_sector_slide3m_noscreen,core-2m/cross_sector_slide1m_bd7,0.34463224052952024,0.01831472280805948,0.05184412183314706,-0.06457192800924443,0.20612226828570526,0.0077287043375446896,0.04152314439608811,-0.05504523063313482,0.25461638565957156,0.010584253225725915,0
A,core-2m/cross_sector_slide1m_bd7,sp500-2m/same_sector_slide3m_bd7,0.2488984803027805,0.010561306431538986,0.04470362949221014,-0.04933017973038849,0.1818209880128582,0.005345311800744934,0.032164026505446065,-0.053989965730907974,0.20313134821286347,0.006711896796042627,0
A,core-2m/cross_sector_slide1m_bd7,sp500-2m/same_sector_slide1m_noscreen,0.2567959002573813,0.010843714857612641,0.04593056036897874,-0.06823465451999597,0.2743848093211092,0.007373084794566109,0.02822489250474882,-0.031361722535475534,0.2606489443000957,0.008295580797296243,0
A,core-2m/cross_sector_slide1m_bd7,sp500-2m/same_sector_slide1m_bd7,-0.04066115534716373,-0.0024753325546673865,0.0405067215191947,-0.05081033789689893,0.019593925777100667,0.00013861993749153534,0.029634211528822795,-0.04039480664080475,7.995349371088672e-05,-0.0005382934672322648,0
A,sp500-2m/cross_sector_slide3m_noscreen,core-2m/cross_sector_slide1m_bd7,0.0107745199517991,-0.001122203670704347,0.06271958794569339,-0.0870195943496791,0.11898527952172676,0.0052953702680520465,0.05856045862012944,-0.08677119568047276,0.08885023350199059,0.003536147712295512,0
A,core-2m/cross_sector_slide1m_bd7,sp500-2m/cross_sector_slide3m_bd7,-0.39279519103209404,-0.020368643526618,0.04850441722532817,-0.06826703643329723,0.49129432931405115,0.018204101522143246,0.03819745313096409,-0.05952029114810942,0.2140072105096126,0.007941553332577466,0
A,sp500-2m/cross_sector_slide1m_noscreen,core-2m/cross_sector_slide1m_bd7,-0.12388901943560238,-0.007285379537365899,0.05055723876980387,-0.07328761348435468,0.20662373413507862,0.006023932174868296,0.0314531001833925,-0.03876724555406652,0.08374220740255744,0.0024625605416385365,0
A,core-2m/cross_sector_slide1m_bd7,sp500-2m/cross_sector_slide1m_bd7,-0.35708937015747044,-0.015453359632446938,0.04121973782451247,-0.053031984385326414,0.2601600362763703,0.006116571517415181,0.02460330684230008,-0.02920667840160851,0.029194465510324674,0.00042713916885359635,0
A,core-2m/cross_sector_slide1m_bd7,core-12m/same_sector_slide3m_noscreen,-0.18078095385846232,-0.006266139817417371,0.03386066945368632,-0.049344891758034914,-0.1603451245828869,-0.004601150903828399,0.026546300246481417,-0.04859867272185259,-0.16411738800421696,-0.005053428292296136,0
A,core-2m/cross_sector_slide1m_bd7,core-12m/same_sector_slide3m_bd7,0.07679443140291546,0.0013850728044897398,0.03394452899117495,-0.03683279554446963,-0.20264194183444803,-0.005226786148384233,0.02437876844750518,-0.04760329924460904,-0.11662157441127285,-0.0036022545981923447,0
A,core-2m/cross_sector_slide1m_bd7,core-12m/same_sector_slide1m_noscreen,-0.16403695599197765,-0.006367265068671446,0.03572947968367451,-0.04837843271536544,0.0699986357868177,0.0014510894304065047,0.025341447866631044,-0.04059288793187865,-0.0060858330489273246,-0.0005667818982942885,0
A,core-2m/cross_sector_slide1m_bd7,core-12m/same_sector_slide1m_bd7,-0.26415192946549193,-0.010645855948552963,0.037959581040141535,-0.04768126680080107,-0.03873419751212512,-0.0011179218878645258,0.022349033307864166,-0.048858575673835336,-0.11732440013303155,-0.0035439200210535928,0
A,core-12m/cross_sector_slide3m_noscreen,core-2m/cross_sector_slide1m_bd7,0.06869346039434523,0.005713171615784463,0.05950208633298833,-0.07698941978646726,-0.3581362546353264,-0.013180401763503768,0.0352992073613771,-0.09308195359654947,-0.18067853537066642,-0.008228126570991479,0
A,core-2m/cross_sector_slide1m_bd7,core-12m/cross_sector_slide3m_bd7,0.24577120911035905,0.010278058867525374,0.04581263726370467,-0.058585665885914205,-0.003359903170767753,-0.0006240328707790566,0.03204892716339155,-0.056852754127287075,0.07734540466198297,0.0021377352297715867,0
A,core-12m/cross_sector_slide1m_noscreen,core-2m/cross_sector_slide1m_bd7,0.43006095354019597,0.022617531159781556,0.05489846852107144,-0.06506974707779441,-0.11566878025175409,-0.003947827003737969,0.030244030950165254,-0.04605941602935504,0.09443043877464438,0.002903751447739733,0
A,core-12m/cross_sector_slide1m_bd7,core-2m/cross_sector_slide1m_bd7,0.44843664957398116,0.019701599764791623,0.04560740200616125,-0.0536792943539333,0.16705422616775484,0.003887460512866925,0.025113782845414878,-0.036886747100574824,0.2656775608530946,0.00796965929146536,0
A,sp500-12m/same_sector_slide3m_noscreen,core-2m/cross_sector_slide1m_bd7,0.6532567475977218,0.04517026721277477,0.061934292566634276,-0.04820104238526646,0.5409257770370197,0.023183842057848292,0.04418089161851121,-0.0695039499323572,0.5863698180469806,0.028970634894840953,0
A,sp500-12m/same_sector_slide3m_bd7,core-2m/cross_sector_slide1m_bd7,0.7021571309347697,0.030129383616875494,0.04601930973710762,-0.03785852269979939,0.2113777380811018,0.006895174935082293,0.03550761523829445,-0.06801361303455089,0.3570281404156412,0.012960041387848875,0
A,sp500-12m/same_sector_slide1m_noscreen,core-2m/cross_sector_slide1m_bd7,1.1402753864763322,0.06687610918377551,0.058078877789393704,-0.0322708304402259,0.3544478095461772,0.01112759093128246,0.032733446386848546,-0.05407817196579512,0.6366227911925724,0.025631904549625783,0
A,sp500-12m/same_sector_slide1m_bd7,core-2m/cross_sector_slide1m_bd7,0.7038244635215338,0.030200141863741026,0.04333614318728436,-0.029425281772019907,0.5192633599343682,0.013375779518095987,0.02625264462004609,-0.0303119880679088,0.5692094104617398,0.017648352486205842,0
A,sp500-12m/cross_sector_slide3m_noscreen,core-2m/cross_sector_slide1m_bd7,0.4235903876498971,0.023346456622957,0.05796839853475917,-0.05764448474193877,-0.32046474663425234,-0.019711221732762407,0.05690740045559712,-0.16614067736263238,-0.12279671497062683,-0.00863685169218662,0
A,sp500-12m/cross_sector_slide3m_bd7,core-2m/cross_sector_slide1m_bd7,0.6463767722165359,0.026036194380590884,0.047518687669152036,-0.04499958521409082,0.21680226785972495,0.009687850645556217,0.05063141014202829,-0.10564817002311988,0.3003447878744442,0.013638940751200401,0
A,sp500-12m/cross_sector_slide1m_noscreen,core-2m/cross_sector_slide1m_bd7,0.37296215881696393,0.016988167526135765,0.04772661344873034,-0.052993480981343336,0.47061144594180326,0.016109519600176148,0.03528640072882088,-0.07628680839889657,0.4304412064218823,0.016143022066504375,0
A,sp500-12m/cross_sector_slide1m_bd7,core-2m/cross_sector_slide1m_bd7,0.5304109394780252,0.02104257092013606,0.040952119669097564,-0.03489846222425406,0.4407657422660369,0.01178501393139264,0.027441089483770883,-0.05946894919107315,0.4595666090195,0.014036252596188747,0
A,sp500-2m/same_sector_slide3m_noscreen,sp500-2m/same_sector_slide3m_bd7,0.2355573680223407,0.0140148794073508,0.06380104005592928,-0.09583951052493815,0.2311018548527259,0.010589685152537331,0.051248659845800175,-0.0993554853400006,0.23815673668079773,0.011721633829382272,0
A,sp500-2m/same_sector_slide3m_noscreen,sp500-2m/same_sector_slide1m_noscreen,0.28768456037471596,0.019075409333610537,0.061327345003034404,-0.10565965057570799,0.12202923117891092,0.004749345261018556,0.04843990518151632,-0.10987820935490777,0.18586064483420905,0.008701461517508613,0
A,sp500-2m/same_sector_slide3m_noscreen,sp500-2m/same_sector_slide1m_bd7,0.4422799964371894,0.027852638403154016,0.057560754334100094,-0.07678810439527092,0.04275808400083851,0.0009139866600269553,0.041258058190330876,-0.07614160144860893,0.19184193100831992,0.00826355718508114,0
A,sp500-2m/cross_sector_slide3m_noscreen,sp500-2m/same_sector_slide3m_noscreen,0.5627637121261625,0.04055064738244436,0.07617394555602075,-0.0917496787353752,-0.0032507101869169823,-0.002185181680618875,0.06309275408646582,-0.1385922100154432,0.165579945277725,0.008891222076256167,0
A,sp500-2m/same_sector_slide3m_noscreen,sp500-2m/cross_sector_slide3m_bd7,0.27249859870190535,0.0195458569395184,0.06409283474860306,-0.07556153121148741,0.3999468567281491,0.019536304772939772,0.05170291046337788,-0.10366578612700672,0.3745595500756944,0.019814456750580023,0
A,sp500-2m/cross_sector_slide1m_noscreen,sp500-2m/same_sector_slide3m_noscreen,0.8183152936074215,0.05047412263476412,0.06337784351619653,-0.056018849263428525,0.04803138084842931,0.0011532468900099513,0.051064278543875165,-0.14612798218590306,0.2796869311585212,0.013836306828905753,0
A,sp500-2m/same_sector_slide3m_noscreen,sp500-2m/cross_sector_slide1m_bd7,0.4838036565268771,0.027580438030055165,0.058781931669380394,-0.06829760589009534,-0.03422762844827607,-0.002107250274991479,0.039216177120700836,-0.10738370846579315,0.14066467226362775,0.005454837443452676,0
A,sp500-2m/same_sector_slide3m_noscreen,core-12m/same_sector_slide3m_noscreen,0.691411643470848,0.03818874232885616,0.049476119186318786,-0.05120386315255347,-0.4408173915127885,-0.020743501295933275,0.04523243062334326,-0.1385678285092209,-0.10847900018534425,-0.0057487113611061295,0
A,sp500-2m/same_sector_slide3m_noscreen,core-12m/same_sector_slide3m_bd7,0.22098784237645058,0.01555664403696957,0.053233922236781285,-0.0720546614197554,-0.05906682680763632,-0.003525357050270017,0.04367453218442642,-0.09083271054816588,0.04521209687671596,0.0014436004410422587,0
A,sp500-2m/same_sector_slide3m_noscreen,core-12m/same_sector_slide1m_noscreen,0.615164177230466,0.03407978132442393,0.04975914621534909,-0.04983397487964891,-0.6863669689995381,-0.02567310526946409,0.03689859652988986,-0.1392866747495256,-0.25129344647523727,-0.010533490705808668,0
A,sp500-2m/same_sector_slide3m_noscreen,core-12m/same_sector_slide1m_bd7,0.34789791920992996,0.020927691002556405,0.053846921342654695,-0.07273330557149178,-0.1804616562500116,-0.008001653046615043,0.04007683951358995,-0.10524806509788476,-0.005693276396881575,-0.0009071647926821802,0
A,core-12m/cross_sector_slide3m_noscreen,sp500-2m/same_sector_slide3m_noscreen,0.4509047644703747,0.03422267674279431,0.07289742975495703,-0.09005963037646506,-0.39588663895131826,-0.02082422012385643,0.05000179750038359,-0.18896040211844933,-0.09701107721789015,-0.006527424120614467,0
A,sp500-2m/same_sector_slide3m_noscreen,core-12m/cross_sector_slide3m_bd7,0.5482541806726017,0.02755060754056533,0.051507797698592,-0.07072987991912372,-0.2814491676432348,-0.012941054201457858,0.04300009862951227,-0.1228020624318149,-0.029730839530489654,-0.0023082906673569823,0
A,core-12m/cross_sector_slide1m_noscreen,sp500-2m/same_sector_slide3m_noscreen,0.8518425482371426,0.054730169113910154,0.06336271068902458,-0.0632643977817351,-0.2697653774655387,-0.013001027735880633,0.04479195646753255,-0.1526640421519595,0.1076757193628876,0.004354503564221712,0
A,core-12m/cross_sector_slide1m_bd7,sp500-2m/same_sector_slide3m_noscreen,0.676978365107505,0.037322012545938275,0.05394954231449038,-0.05787080959599857,-0.30901545331417235,-0.011327898738371256,0.03489534302660963,-0.12018405025227463,0.04887817749739676,0.0014410762730080017,0
A,sp500-12m/same_sector_slide3m_noscreen,sp500-2m/same_sector_slide3m_noscreen,0.8545514933797411,0.0674308029347215,0.07454088648904308,-0.08113385253460623,0.39973952640403443,0.019944930939460148,0.05289777055242656,-0.0967513921293297,0.5576760807230892,0.03233506878483983,0
A,sp500-12m/same_sector_slide3m_bd7,sp500-2m/same_sector_slide3m_noscreen,0.6761554433805893,0.041906567483044645,0.06219588633358388,-0.07015222928412983,0.29994360491301686,0.012316192103068113,0.04403841623541921,-0.053398284645046146,0.4268492662120398,0.020230470603140427,0
A,sp500-12m/same_sector_slide1m_noscreen,sp500-2m/same_sector_slide3m_noscreen,1.0949942899591913,0.07337713051720093,0.0659761895742829,-0.04926915230342497,0.4713473594520206,0.02036893675236051,0.04491778821232162,-0.06806854457521438,0.6788123959106339,0.03425893814802996,0
A,sp500-12m/same_sector_slide1m_bd7,sp500-2m/same_sector_slide3m_noscreen,0.536319914227476,0.03089924411906684,0.053965265230284276,-0.07272194908356863,0.13271661522963166,0.004426549011940839,0.038996584461072514,-0.0678794392450578,0.2768779444993132,0.011533910248263713,0
A,sp500-12m/cross_sector_slide3m_noscreen,sp500-2m/same_sector_slide3m_noscreen,0.9594712743971708,0.06282888473373438,0.06962111489171999,-0.061886814348711836,0.3377562537133263,0.016927307975728167,0.05401214030897461,-0.1279013417677336,0.5123607770276566,0.0283309024090296,0
A,sp500-12m/cross_sector_slide3m_bd7,sp500-2m/same_sector_slide3m_noscreen,0.8823846407809462,0.04520519215674253,0.05702272406104168,-0.06111075383274187,0.280929415762514,0.014704842453628686,0.05813869763362105,-0.13946823269722075,0.4184978399497622,0.022643567158770715,0
A,sp500-12m/cross_sector_slide1m_noscreen,sp500-2m/same_sector_slide3m_noscreen,0.9179096580397659,0.05500156909665712,0.059504670934625345,-0.06465037888683575,0.7591731892078188,0.033368576104362724,0.044543516169556395,-0.06146656198833844,0.8029102782353273,0.0389285147741941,0
A,sp500-12m/cross_sector_slide1m_bd7,sp500-2m/same_sector_slide3m_noscreen,0.4838664641147747,0.025186293070628564,0.052768210513946714,-0.07054050610521478,0.15581530891355333,0.005050037415986308,0.03665328373907592,-0.10568104753621221,0.26424746769435775,0.010248744258071697,0
A,sp500-2m/same_sector_slide3m_bd7,sp500-2m/same_sector_slide1m_noscreen,0.4462476563204653,0.01874375841768374,0.044715483207337106,-0.06563195637071247,0.3039085353233141,0.010774581410386563,0.03758362477350944,-0.08435408048411253,0.3441581267847467,0.012896764581629538,0
A,sp500-2m/same_sector_slide3m_bd7,sp500-2m/same_sector_slide1m_bd7,0.3272391504617151,0.013296022368431882,0.0416488389318337,-0.05181411822648489,0.23241529394071592,0.007554096412550448,0.03501399717281666,-0.07203964309276978,0.26662365297637564,0.009258907736498779,0
A,sp500-2m/cross_sector_slide3m_noscreen,sp500-2m/same_sector_slide3m_bd7,0.37194057214626886,0.024496546315363688,0.06953834617521068,-0.07589192627443912,0.11239755452501278,0.004635272970713755,0.05410573264657397,-0.08581808049544992,0.19777163220700916,0.010008127044129766,0
A,sp500-2m/same_sector_slide3m_bd7,sp500-2m/cross_sector_slide3m_bd7,0.09542312130023978,0.004182801360853317,0.05580819774306204,-0.056452341060208265,0.5725687736315996,0.026667065752573604,0.04796440424006881,-0.07681881674212221,0.4341852492292255,0.020755726034496914,0
A,sp500-2m/cross_sector_slide1m_noscreen,sp500-2m/same_sector_slide3m_bd7,0.6575678381747911,0.031078601203662747,0.050409313235585416,-0.04452472041631963,0.254936648207359,0.009360745632033707,0.03961632914324873,-0.0785118404283437,0.3712578682770004,0.014952184757207521,0
A,sp500-2m/same_sector_slide3m_bd7,sp500-2m/cross_sector_slide1m_bd7,0.15515480516896504,0.006788159754135404,0.049258056152320304,-0.05526156192605032,0.22784774923826667,0.006607500384330889,0.03100947120323169,-0.05840769072476959,0.1992958651346613,0.006696949149121445,0
A,sp500-2m/same_sector_slide3m_bd7,core-12m/same_sector_slide3m_noscreen,0.3781833041892618,0.016567624159938954,0.03885493395269089,-0.03864234541180529,-0.12919807019728913,-0.004870296547265784,0.03345997820043838,-0.10001128328640785,0.022349426510244578,0.0003493938157998366,0
A,sp500-2m/same_sector_slide3m_bd7,core-12m/same_sector_slide3m_bd7,0.052322803361626924,0.006462806295480505,0.036055739311006266,-0.04639760748714006,-0.08995455350835888,-0.0033151157974825596,0.031432646848100106,-0.07749465753019158,-0.021423119114244275,-0.0008680379365022528,0
A,sp500-2m/same_sector_slide3m_bd7,core-12m/same_sector_slide1m_noscreen,0.4244482023197942,0.018064479475069395,0.0360493948233897,-0.032549949729424175,-0.09826776480222649,-0.0029580464532458217,0.026560565194579718,-0.08636948838947989,0.0725119402864112,0.0019652727914567956,0
A,sp500-2m/same_sector_slide3m_bd7,core-12m/same_sector_slide1m_bd7,0.00944849312132363,0.0016985694949140707,0.03503903561829119,-0.04281688363531053,0.027104311556740045,0.00036797358256390744,0.02729948590271323,-0.06041895683337062,0.03239694551282183,0.0006393197620768066,0
A,core-12m/cross_sector_slide3m_noscreen,sp500-2m/same_sector_slide3m_bd7,0.311971614424302,0.020430126577729024,0.058899041068098165,-0.0693751251229939,-0.5328591931358014,-0.022262578332811422,0.04069624528606624,-0.1768850945615058,-0.22944998709290534,-0.011139115123206821,0
A,core-12m/cross_sector_slide3m_bd7,sp500-2m/same_sector_slide3m_bd7,0.3409132880427545,0.013958823269476062,0.04360554381785591,-0.05221227980393337,0.037936187594708244,0.0007084816421565332,0.033025815697600915,-0.06503478234020632,0.13589976371413093,0.0042766676839943955,0
A,core-12m/cross_sector_slide1m_noscreen,sp500-2m/same_sector_slide3m_bd7,0.584356429821278,0.030870962669115088,0.05498615750243289,-0.06273006063317843,-0.17845554355865806,-0.00658426060648154,0.033817733543333964,-0.11838205265561186,0.09659093732018782,0.00306987518848314,0
A,core-12m/cross_sector_slide1m_bd7,sp500-2m/same_sector_slide3m_bd7,0.49016307013994204,0.0227868300522003,0.0473045239841675,-0.05134404298389448,0.28018735560743974,0.007458089185468975,0.02790651450289757,-0.057281030700046975,0.3495178611726816,0.0114309375434829,0
A,sp500-12m/same_sector_slide3m_noscreen,sp500-2m/same_sector_slide3m_bd7,1.0650416253539552,0.07078472284527745,0.06543850733711756,-0.05239746402007204,0.5710362600856334,0.0273891106727997,0.04946327355142128,-0.08251049676799138,0.7265639195923161,0.03880927777841196,0
A,sp500-12m/same_sector_slide3m_bd7,sp500-2m/same_sector_slide3m_bd7,0.9603781733914669,0.04725807818055525,0.051923140767136514,-0.03765020367088397,0.3525866551285068,0.01261465924797589,0.03755453080715369,-0.09407152607093783,0.5440593238053739,0.021870882393408307,0
A,sp500-12m/same_sector_slide1m_noscreen,sp500-2m/same_sector_slide3m_bd7,1.0557394606924118,0.06074336363336115,0.056605075752504994,-0.03636252494030508,0.42657104889297687,0.015083257118415183,0.03667217442967505,-0.06368861993824337,0.6414495004223986,0.027071016332529528,0
A,sp500-12m/same_sector_slide1m_bd7,sp500-2m/same_sector_slide3m_bd7,0.6581244442119806,0.030197557708035984,0.04540673374443269,-0.04492651171869429,0.48046657058715736,0.013909233748491623,0.029666079240021306,-0.05046023048845516,0.534998234595544,0.01815106853793611,0
A,sp500-12m/cross_sector_slide3m_noscreen,sp500-2m/same_sector_slide3m_bd7,1.140041178501178,0.06533142878983163,0.05925561202085716,-0.04553463369887214,-0.2152698953088922,-0.015008336134117672,0.06130080305319575,-0.204852984822828,0.1152222387847786,0.005053064739740032,0
A,sp500-12m/cross_sector_slide3m_bd7,sp500-2m/same_sector_slide3m_bd7,1.1286542004023024,0.04973123090797049,0.049883264949584706,-0.039192408675472065,0.2622537477227142,0.013000187930277685,0.05527860135338882,-0.13706190394856965,0.4348892419106514,0.02192143832887907,0
A,sp500-12m/cross_sector_slide1m_noscreen,sp500-2m/same_sector_slide3m_bd7,1.0717097566121407,0.05036463734693468,0.04702288728580622,-0.04241449808582285,0.2825951875178226,0.009888738239811845,0.03728553632764884,-0.09915056147427981,0.521564556565041,0.020290219631011252,0
A,sp500-12m/cross_sector_slide1m_bd7,sp500-2m/same_sector_slide3m_bd7,0.8315242656749458,0.03508971470218323,0.042081882113453636,-0.03722620220374897,0.4049847236202873,0.013116987884300046,0.0335734321770362,-0.08781670679009101,0.5299652619606181,0.01859862202556726,0
A,sp500-2m/same_sector_slide1m_noscreen,sp500-2m/same_sector_slide1m_bd7,0.3802339237079867,0.014787658241751257,0.03952561608192542,-0.06909736189100676,0.1427487486885813,0.003980852930257184,0.03125021113647008,-0.05873739663495603,0.22132500823520057,0.006965275123786174,0
A,sp500-2m/cross_sector_slide3m_noscreen,sp500-2m/same_sector_slide1m_noscreen,0.2543017277301318,0.01730437875288269,0.07226977982019715,-0.09470012357156507,0.1526372576671468,0.006780511290731317,0.05369817349116277,-0.1084395227563989,0.18805663425000213,0.00957522482807438,0
A,sp500-2m/same_sector_slide1m_noscreen,sp500-2m/cross_sector_slide3m_bd7,0.08571579858243764,0.004492757305954553,0.05265957788292265,-0.0771711878576677,0.47919017980433215,0.018013084879378916,0.03882694321100284,-0.045980777782395066,0.3514636465598437,0.014418044339334645,0
A,sp500-2m/cross_sector_slide1m_noscreen,sp500-2m/same_sector_slide1m_noscreen,0.4027380298288247,0.02385571759881753,0.06377068522361175,-0.07592620840661948,-0.16213062109805265,-0.007010839018320891,0.0387639050479326,-0.09830257067043868,0.048350752604428546,0.0011619688303943442,0
A,sp500-2m/same_sector_slide1m_noscreen,sp500-2m/cross_sector_slide1m_bd7,0.20955669028901433,0.008946755567597586,0.04833025708180204,-0.07314394966976505,0.151069712037257,0.004030545294573917,0.029505386499844372,-0.04034803926825414,0.1691752973799976,0.005392812112119038,0
A,core-12m/same_sector_slide3m_noscreen,sp500-2m/same_sector_slide1m_noscreen,0.20579183850737723,0.006422415088510736,0.032418828693181044,-0.055524121316080845,-0.2591696363509839,-0.00901807094009277,0.032870861220933086,-0.09708714652551842,-0.13372087651237613,-0.0048806069758347,0
A,core-12m/same_sector_slide3m_bd7,sp500-2m/same_sector_slide1m_noscreen,-0.1479849357784467,-0.003851791373500335,0.030957374349414195,-0.06969007198323873,-0.09999464056075738,-0.003251480245693772,0.028505907098576134,-0.06965700450631185,-0.10418119839755695,-0.00338367349347195,0
A,core-12m/same_sector_slide1m_noscreen,sp500-2m/same_sector_slide1m_noscreen,0.4705937838280974,0.014030199817783463,0.03113186202593733,-0.046489469083670465,-0.16830948858708053,-0.005705517404135163,0.03112138852567123,-0.07188374006666387,0.0028355490352649977,-0.0003912574349635989,0
A,core-12m/same_sector_slide1m_bd7,sp500-2m/same_sector_slide1m_noscreen,0.026064179462472213,-5.203722390678678e-05,0.030231509242261013,-0.06472907993424629,0.030570427113458174,0.00045900447841917824,0.026477558973377932,-0.04599156069180066,0.024587461060272,0.0002899607772727908,0
A,core-12m/cross_sector_slide3m_noscreen,sp500-2m/same_sector_slide1m_noscreen,0.4986765324501885,0.0324687865848615,0.06546049191676043,-0.08636145942844883,-0.15434325210873653,-0.006941763116504296,0.03996443158406581,-0.1434572767148916,0.09110553445163755,0.00350498360591871,0
A,core-12m/cross_sector_slide3m_bd7,sp500-2m/same_sector_slide1m_noscreen,0.5096802890920902,0.024369684525041492,0.05428856270911746,-0.08242373745461633,-0.09460416179405524,-0.0034096610840167463,0.03101857289223685,-0.0691556942304159,0.12681603588321963,0.004010390295896582,0
A,core-12m/cross_sector_slide1m_noscreen,sp500-2m/same_sector_slide1m_noscreen,0.671015356496258,0.03716430831339927,0.056824208237372734,-0.06303829395715596,0.08283410122431044,0.0023836757387132312,0.03699501792735578,-0.1078844059740326,0.2871997238476872,0.011526425113430827,0
A,core-12m/cross_sector_slide1m_bd7,sp500-2m/same_sector_slide1m_noscreen,0.6655848640900184,0.030419389334791224,0.047083595337850365,-0.05942826558098273,-0.20881984706843543,-0.006165807916500232,0.027771376251582262,-0.0792472595621202,0.12091056480233733,0.0035158830785712246,0
A,sp500-12m/same_sector_slide3m_noscreen,sp500-2m/same_sector_slide1m_noscreen,0.6834484546308266,0.04692637090952541,0.06787930021026989,-0.0772235384537245,0.5289344653709666,0.023232175841624514,0.045365377207302215,-0.0759334084356551,0.5746993032969481,0.029365899084673065,0
A,sp500-12m/same_sector_slide3m_bd7,sp500-2m/same_sector_slide1m_noscreen,0.5331258791127359,0.025049380239429174,0.049251318041612466,-0.06960125889543053,0.27639415233825004,0.008900870423574014,0.034175792912835096,-0.06235290756462375,0.3596650156917641,0.013250005224543582,0
A,sp500-12m/same_sector_slide1m_noscreen,sp500-2m/same_sector_slide1m_noscreen,1.2048539438737529,0.07511434799829489,0.06149746118565225,-0.0381901328068394,0.6132118178381156,0.021780793750421523,0.03620868984874731,-0.03812248481718572,0.8122557960495549,0.0357271748831657,0
A,sp500-12m/same_sector_slide1m_bd7,sp500-2m/same_sector_slide1m_noscreen,0.5349620778833318,0.023261220668576277,0.044370417162308474,-0.05608998826790255,0.2849805933333014,0.00862257155393742,0.03191527034748934,-0.032223821650684714,0.36566312943294754,0.012513049962306599,0
A,sp500-12m/cross_sector_slide3m_noscreen,sp500-2m/same_sector_slide1m_noscreen,0.8090531164298078,0.04660207445162805,0.06024607398252253,-0.05428918102801157,-0.07696154576652647,-0.006373564736151804,0.059497315749878085,-0.19950000685120617,0.15520018248346593,0.007451817261775106,0
A,sp500-12m/cross_sector_slide3m_bd7,sp500-2m/same_sector_slide1m_noscreen,0.9257142988621159,0.040368182125787924,0.04801422385671835,-0.05601855524612263,0.23832272900256926,0.010945596776809285,0.05140636257045178,-0.13897974701680516,0.392993853888124,0.01860197757240605,0
A,sp500-12m/cross_sector_slide1m_noscreen,sp500-2m/same_sector_slide1m_noscreen,0.780034993960481,0.04046925025874093,0.051881256110553095,-0.050869613966980844,0.8741267815586948,0.030568766992961516,0.035155339140422764,-0.044396972378162425,0.8249555811609305,0.03300220797028479,0
A,sp500-12m/cross_sector_slide1m_bd7,sp500-2m/same_sector_slide1m_noscreen,0.532450486277168,0.022992007344783127,0.043678702001404265,-0.05467618106779226,0.5407675381218405,0.01678857028833214,0.03172193177954125,-0.06322786172713313,0.531091830487866,0.01832856461167722,0
A,sp500-2m/cross_sector_slide3m_noscreen,sp500-2m/same_sector_slide1m_bd7,-0.09974895637717528,-0.008630375731429685,0.07132119561160011,-0.09094615831001743,0.1315564299711556,0.0054876077576042626,0.051720531461880145,-0.0882159108946321,0.05721007881392206,0.0017459711968906167,0
A,sp500-2m/cross_sector_slide3m_bd7,sp500-2m/same_sector_slide1m_bd7,-0.453150089329217,-0.022283623552830978,0.05058681507017678,-0.0683506795526549,0.6493043292007888,0.025526812584621084,0.040050956728795384,-0.043349055711798146,0.3066664046719949,0.01251712518154191,0
A,sp500-2m/cross_sector_slide1m_noscreen,sp500-2m/same_sector_slide1m_bd7,0.20690578692692824,0.010594287474129027,0.05936355394033806,-0.06727584129858229,-0.04097079563122573,-0.002033003786012455,0.03487475938967244,-0.06733605306353818,0.051991509616084605,0.0013149159117444187,0
A,sp500-2m/cross_sector_slide1m_bd7,sp500-2m/same_sector_slide1m_bd7,-0.28792771099972503,-0.013792591526579589,0.04463836055107633,-0.06619642346503425,0.1235586398396689,0.0028215831627433907,0.025409465975856926,-0.034088348032055626,-0.03311841040746874,-0.0015414536051655769,0
A,core-12m/same_sector_slide3m_noscreen,sp500-2m/same_sector_slide1m_bd7,-0.17952614015994098,-0.003997227738822917,0.024973027880099353,-0.04361042991218476,-0.5339634404016128,-0.011846129643377723,0.021869299319996253,-0.08596434006182851,-0.42172905301738456,-0.009726281235652511,0
A,core-12m/same_sector_slide3m_bd7,sp500-2m/same_sector_slide1m_bd7,-0.39096785218747243,-0.008502573312833928,0.02080999386468877,-0.04559086566214643,-0.43065582294025345,-0.009077909617642543,0.020678591890185723,-0.06024090148935335,-0.42014848205334243,-0.008909731278763978,0
A,core-12m/same_sector_slide1m_noscreen,sp500-2m/same_sector_slide1m_bd7,-0.13887868503075812,-0.003136646110101271,0.022301103340351056,-0.03286742970542187,-0.3810402719439216,-0.007624692067469407,0.019583618696535906,-0.07310118568688351,-0.3080349967153945,-0.006427758855535792,0
A,core-12m/same_sector_slide1m_bd7,sp500-2m/same_sector_slide1m_bd7,-0.7921637245759827,-0.016036695988819738,0.02055595789077184,-0.04630641316532056,-0.2732011695954678,-0.0048950127560764,0.017407102335520026,-0.050178401518597204,-0.42135277932330856,-0.007825598999239935,0
A,core-12m/cross_sector_slide3m_noscreen,sp500-2m/same_sector_slide1m_bd7,0.3233111929626829,0.020555455688431847,0.062419840783430255,-0.07708814755306033,-0.45395961452179356,-0.014432965170378065,0.03096832083512559,-0.11709146887853605,-0.1151447205835983,-0.005235923472325687,0
A,core-12m/cross_sector_slide3m_bd7,sp500-2m/same_sector_slide1m_bd7,0.1505055415001944,0.00446474333123581,0.05103925290542903,-0.07129955848231839,-0.5139613311656963,-0.01432763214368138,0.027350124594363322,-0.10298104358799276,-0.24129095524675237,-0.009290099515164418,0
A,core-12m/cross_sector_slide1m_noscreen,sp500-2m/same_sector_slide1m_bd7,0.3946348792573333,0.0195502379290907,0.05228626004263086,-0.06309329578460261,-0.22732137314861697,-0.006949114594191341,0.028847098740460608,-0.09331780964328895,0.01769221022287611,-1.5292870498417878e-05,0
A,core-12m/cross_sector_slide1m_bd7,sp500-2m/same_sector_slide1m_bd7,0.30486442645061895,0.012127326971299502,0.04286578946856935,-0.05170859274340274,-0.18802623594962542,-0.0048428135827977,0.02425607980327207,-0.06885518732930762,0.007447027601890801,-0.00024153289850668003,0
A,sp500-12m/same_sector_slide3m_noscreen,sp500-2m/same_sector_slide1m_bd7,0.5681579272191061,0.03852339166723007,0.06567404413992907,-0.06524530880683588,0.4281408471833221,0.018503421492226613,0.045213478124988014,-0.07667383356762758,0.4728620883908087,0.02368329111027574,0
A,sp500-12m/same_sector_slide3m_bd7,sp500-2m/same_sector_slide1m_bd7,0.5761142630985885,0.024233552944802162,0.04665612143312879,-0.050481162120435186,0.24565541218699596,0.007283592816787365,0.03157573165649099,-0.05652226124079429,0.3513292354210333,0.011951069272306113,0
A,sp500-12m/same_sector_slide1m_noscreen,sp500-2m/same_sector_slide1m_bd7,1.3005093833875805,0.07807303706082407,0.05894507742811904,-0.03189005361969079,0.3785509045298401,0.012136382524585487,0.03333590427657466,-0.048718379846488635,0.7117726662530581,0.029295276051608088,0
A,sp500-12m/same_sector_slide1m_bd7,sp500-2m/same_sector_slide1m_bd7,0.7281181360223428,0.029850161965352128,0.04150853245750525,-0.03495393880131063,0.23329661421295986,0.005657471954225501,0.025585063542859176,-0.0327427341292007,0.4076432091143293,0.01211857283036224,0
A,sp500-12m/cross_sector_slide3m_noscreen,sp500-2m/same_sector_slide1m_bd7,0.7419142521001794,0.04051274096039892,0.056269991555305585,-0.041363460163553765,-0.2197078153705661,-0.013949164328183605,0.056473474263294555,-0.19568424628347525,0.030066795115532195,0.00011680119220742746,0
A,sp500-12m/cross_sector_slide3m_bd7,sp500-2m/same_sector_slide1m_bd7,0.959766354648729,0.035790636924568006,0.04301729326637319,-0.03350324327524399,0.07048985744641559,0.002234172878972096,0.05021188944682194,-0.14398183644545348,0.25178018985636763,0.010883791179149904,0
A,sp500-12m/cross_sector_slide1m_noscreen,sp500-2m/same_sector_slide1m_bd7,1.0408435479046116,0.0513752402251197,0.04854922231044438,-0.03297250279714474,0.11318156524433627,0.003251853051909226,0.03372245844957261,-0.08868867690877169,0.42633773652737694,0.015766874031349954,0
A,sp500-12m/cross_sector_slide1m_bd7,sp500-2m/same_sector_slide1m_bd7,0.6719943363402183,0.02495271744448706,0.037334218173061325,-0.02641345059204354,0.06250105192074812,0.0013304628317711842,0.027226432002430016,-0.0861518681987723,0.26142608534664324,0.007494619704112004,0
A,sp500-2m/cross_sector_slide3m_noscreen,sp500-2m/cross_sector_slide3m_bd7,-0.03572783544443617,-0.0066435924063717785,0.08407654130412053,-0.10028936923156677,0.6472889181039386,0.04237969615198023,0.06759856250644651,-0.06642298996006368,0.4529818916311014,0.030454516279499445,0
A,sp500-2m/cross_sector_slide1m_noscreen,sp500-2m/cross_sector_slide3m_noscreen,0.22865914947282845,0.014250472596971675,0.07899934457172367,-0.08229517965805937,0.032776840208968545,8.968149587351704e-05,0.06304342775463126,-0.161050542489087,0.08918740926484173,0.003692362172599517,0
A,sp500-2m/cross_sector_slide3m_noscreen,sp500-2m/cross_sector_slide1m_bd7,-0.02311057133723052,-0.005305078099207039,0.07317660513478992,-0.09019371251464328,0.061005535345681226,0.0018499304737216171,0.05418022109147155,-0.12078041485052726,0.03295351238582354,9.746158715195907e-05,0
A,sp500-2m/cross_sector_slide3m_noscreen,core-12m/same_sector_slide3m_noscreen,0.02663291367759592,-0.002324402177382323,0.0657876164369924,-0.08602041481770291,-0.1817666353882079,-0.010886413304253328,0.05263251055777808,-0.14398466762350626,-0.128706338523312,-0.008913351797637503,0
A,sp500-2m/cross_sector_slide3m_noscreen,core-12m/same_sector_slide3m_bd7,0.08104027711539061,-0.0007824855022977361,0.06710220925790929,-0.0804879952874246,0.19093897030627668,0.009908997182554335,0.061310422003538506,-0.09309092702591681,0.14899113994402208,0.007154363850176049,0
A,sp500-2m/cross_sector_slide3m_noscreen,core-12m/same_sector_slide1m_noscreen,0.06747742294261032,0.0014841884784439375,0.06751973086424869,-0.08427687663765751,-0.06818449090600244,-0.004765570460573687,0.05103936470632761,-0.12545696311188437,-0.028460539134257373,-0.00319256350870869,0
A,sp500-2m/cross_sector_slide3m_noscreen,core-12m/same_sector_slide1m_bd7,-0.17718110000552587,-0.013972070666199765,0.0714173467391587,-0.10215898201160041,-0.03851106618630969,-0.002311517560683818,0.03970163127111414,-0.08049764932007897,-0.08427806944238345,-0.005249603151357163,0
A,core-12m/cross_sector_slide3m_noscreen,sp500-2m/cross_sector_slide3m_noscreen,0.3021527796930546,0.022357845381415963,0.07945422580173236,-0.09427877133484064,-0.5151201635733016,-0.028980769948903196,0.05424126363714447,-0.1705525236162404,-0.2399592981017543,-0.016346571128760236,0
A,sp500-2m/cross_sector_slide3m_noscreen,core-12m/cross_sector_slide3m_bd7,0.35323278376385814,0.017713598323582325,0.06894773208460005,-0.07664559865116101,-0.1084056064467277,-0.007076411943254479,0.05276258453228384,-0.0796977708764729,0.017166339794088225,-0.0010081536881922704,0
A,core-12m/cross_sector_slide1m_noscreen,sp500-2m/cross_sector_slide3m_noscreen,0.4173376774823797,0.029293041289045328,0.07299463888547993,-0.0707855309575411,-0.355419959328284,-0.020545147786762752,0.05427697255928306,-0.1597999726181487,-0.10731995118611429,-0.008026629298543208,0
A,core-12m/cross_sector_slide1m_bd7,sp500-2m/cross_sector_slide3m_noscreen,0.41082655831676573,0.02494429385662298,0.06357657219270209,-0.06631932526711878,-0.48597200282688,-0.02091098023690441,0.0416980562304626,-0.1377249053622085,-0.17541046468090954,-0.009430707878894573,0
A,sp500-12m/same_sector_slide3m_noscreen,sp500-2m/cross_sector_slide3m_noscreen,0.6828679726460641,0.053411313974898,0.07898709935701423,-0.08752623410679332,0.26910252293186643,0.01511459635702428,0.06312354365146158,-0.11541085370629944,0.39673153697749003,0.024938322147945426,0
A,sp500-12m/same_sector_slide3m_bd7,sp500-2m/cross_sector_slide3m_noscreen,0.39524906574268953,0.022676854324269267,0.06364536967677015,-0.07819453689647533,0.28255956448795855,0.013237648934744994,0.0511597274753558,-0.08513336661668158,0.315414777856755,0.01580009499917363,0
A,sp500-12m/same_sector_slide1m_noscreen,sp500-2m/cross_sector_slide3m_noscreen,0.9593790289178159,0.06309253268736122,0.06619587864386382,-0.04930172631490899,0.20855652434202826,0.00889711939821236,0.04798566863064693,-0.0994321327844715,0.4513951943209026,0.022924014784551795,0
A,sp500-12m/same_sector_slide1m_bd7,sp500-2m/cross_sector_slide3m_noscreen,0.4880036372133584,0.026100630007133318,0.05334565324488969,-0.06451320464914881,0.35652488514519587,0.015593543864593551,0.046414295149808944,-0.06635748015322407,0.3967955631400182,0.018275870247528747,0
A,sp500-12m/cross_sector_slide3m_noscreen,sp500-2m/cross_sector_slide3m_noscreen,0.41865127361832777,0.029377984942621227,0.07319193288480777,-0.06583210645361678,-0.13311161423919243,-0.00927972506074981,0.057586160352060885,-0.1402160672549736,0.03633932679610609,0.00044095211750978526,0
A,sp500-12m/cross_sector_slide3m_bd7,sp500-2m/cross_sector_slide3m_noscreen,0.3344161991364927,0.016164694462071562,0.06204756274294012,-0.08096893666422197,0.2771577897660564,0.014288554303267587,0.057269095421946734,-0.12111741512578844,0.2753356555997004,0.014358210401684479,0
A,sp500-12m/cross_sector_slide1m_noscreen,sp500-2m/cross_sector_slide3m_noscreen,0.5691175863328463,0.0333285615854801,0.06302688225800435,-0.058120391773821625,0.31784342213746586,0.013968612802401692,0.04713687549480206,-0.08628503163155976,0.38797365812053186,0.018807112120353818,0
A,sp500-12m/cross_sector_slide1m_bd7,sp500-2m/cross_sector_slide3m_noscreen,0.2442815914641947,0.010751670815468684,0.05615556778971823,-0.07348813687394437,0.3570435388806403,0.013950011548469421,0.04117644118004405,-0.05946854953140912,0.309593301433299,0.012981922007966995,0
A,sp500-2m/cross_sector_slide1m_noscreen,sp500-2m/cross_sector_slide3m_bd7,0.07095887405587809,0.0025238635512419448,0.0637561602046198,-0.07359699455170995,0.4789315901992925,0.02148066490466438,0.046634603706981956,-0.05718609502812699,0.3447782306182973,0.016584495751150417,0
A,sp500-2m/cross_sector_slide3m_bd7,sp500-2m/cross_sector_slide1m_bd7,-0.6000765372364685,-0.03375951244610222,0.05601561168122392,-0.07131633090080187,0.42333183997581175,0.016229208767825964,0.03990415170191133,-0.06835778618006583,0.10560554982696205,0.003767754195276307,0
A,core-12m/same_sector_slide3m_noscreen,sp500-2m/cross_sector_slide3m_bd7,-0.5842164094559702,-0.029546839086346876,0.05070702150328983,-0.07317674771057885,0.465258822211113,0.019832026059509733,0.04430800038386948,-0.06607455789787298,0.20087671526672066,0.008245425549163165,0
A,core-12m/same_sector_slide3m_bd7,sp500-2m/cross_sector_slide3m_bd7,-0.3041022867329613,-0.01708411630199358,0.05408345396238967,-0.055426887801318325,0.4176985024194358,0.01729181732376528,0.04327333021598198,-0.06338963042911105,0.22376602537850263,0.009235749586964114,0
A,core-12m/same_sector_slide1m_noscreen,sp500-2m/cross_sector_slide3m_bd7,-0.4417920482202498,-0.021493007552015796,0.04951928326185283,-0.060063577842522364,0.7132478507451411,0.027462911412241775,0.03904865284178798,-0.044658766592738486,0.4008223734132518,0.016035402550729615,0
A,core-12m/same_sector_slide1m_bd7,sp500-2m/cross_sector_slide3m_bd7,-0.4066158467586142,-0.022869040796472652,0.05918547533495484,-0.06528145241098708,0.47920097208853996,0.017484606882705922,0.03764130348587665,-0.056061165994829576,0.19733195606718495,0.007844134973413696,0
A,core-12m/cross_sector_slide3m_noscreen,sp500-2m/cross_sector_slide3m_bd7,0.20002573274597527,0.014757172937468078,0.06997744975321826,-0.07858082274058598,-0.118308486144207,-0.0063467524128251185,0.045215131313774706,-0.1409579817008666,-0.002177510805012667,-0.001141598327083515,0
A,core-12m/cross_sector_slide3m_bd7,sp500-2m/cross_sector_slide3m_bd7,0.18140682693616847,0.008377041026086718,0.05815129604481843,-0.062026024433898395,0.5505912969207205,0.022695001561760852,0.04238168459584564,-0.039009314303566356,0.4305510325078002,0.019107962200236316,0
A,core-12m/cross_sector_slide1m_noscreen,sp500-2m/cross_sector_slide3m_bd7,0.19659401240704824,0.01003169879812602,0.05989727288230042,-0.06470932097275506,0.21955362160617214,0.008026158948144735,0.04004150237273389,-0.07695506503434935,0.20691152572931631,0.008476421073660534,0
A,core-12m/cross_sector_slide1m_bd7,sp500-2m/cross_sector_slide3m_bd7,0.19989338964238726,0.008868306519304947,0.05123427699681208,-0.05332288045038782,0.33478383281050617,0.011689218965665882,0.036713702191150846,-0.04529176414023883,0.28661309876127367,0.010904311434133795,0
A,sp500-12m/same_sector_slide3m_noscreen,sp500-2m/cross_sector_slide3m_bd7,0.7608734858909484,0.057677346230221006,0.07362839257452083,-0.06278061822663494,0.6712627563981896,0.03320634686013624,0.05056496202666409,-0.09817026954593444,0.6999234314505964,0.03950922610635747,0
A,sp500-12m/same_sector_slide3m_bd7,sp500-2m/cross_sector_slide3m_bd7,0.24188844025239478,0.009202927435653629,0.053069791215981967,-0.0569934969352837,0.7476377323331388,0.03065108567282282,0.04153393386034282,-0.045175300229836624,0.589182668640101,0.025433552470723077,0
A,sp500-12m/same_sector_slide1m_noscreen,sp500-2m/cross_sector_slide3m_bd7,1.0751112392367186,0.06531214807351934,0.06048741309219206,-0.03494181139807602,0.6124493089033337,0.025118942192235316,0.041939141767461975,-0.06832876794863041,0.7586860266757338,0.03557158525360023,0
A,sp500-12m/same_sector_slide1m_bd7,sp500-2m/cross_sector_slide3m_bd7,0.468523071194111,0.02069041716995792,0.04542945284981989,-0.04413748139935221,0.885772034024544,0.03152995862137398,0.03576593511911086,-0.038249368958466645,0.7501081558268247,0.028585465048107793,0
A,sp500-12m/cross_sector_slide3m_noscreen,sp500-2m/cross_sector_slide3m_bd7,0.5371394557052933,0.030812485302280514,0.06282646340942596,-0.05100042811343728,0.12217545388902683,0.004722470337927831,0.04798590972963867,-0.09719208340344476,0.23945106740467087,0.011090097550168699,0
A,sp500-12m/cross_sector_slide3m_bd7,sp500-2m/cross_sector_slide3m_bd7,0.41563647057370473,0.015109889586641523,0.054250256414576224,-0.05471335259149794,0.2931292512502959,0.01472038442854684,0.05523169921497584,-0.10460793767667376,0.2995985600485607,0.014782989054560991,0
A,sp500-12m/cross_sector_slide1m_noscreen,sp500-2m/cross_sector_slide3m_bd7,0.3723888589119787,0.01918518619565681,0.05382488109946597,-0.04949042979892184,1.0225525213643203,0.04043372923994992,0.039526709261098594,-0.04986683592651331,0.8024916788509501,0.03476623592537087,0
A,sp500-12m/cross_sector_slide1m_bd7,sp500-2m/cross_sector_slide3m_bd7,0.19699437257968744,0.0074572717207888935,0.04495456606065612,-0.04091660723263333,0.850298562371525,0.03298513384581114,0.039063062928525544,-0.059978136955901595,0.6641429087409554,0.026460959231969162,0
A,sp500-2m/cross_sector_slide1m_noscreen,sp500-2m/cross_sector_slide1m_bd7,0.3037264083818478,0.016472810310556474,0.058681306706527034,-0.06267681583268554,0.004024700676884315,-0.0005265291313005793,0.03682809893311917,-0.06826316633392326,0.1069411212355984,0.003730161122154163,0
A,sp500-2m/cross_sector_slide1m_noscreen,core-12m/same_sector_slide3m_noscreen,0.4917392413352227,0.021417274335640092,0.04514775818140627,-0.04623872081427725,-0.4035772707071751,-0.015019609118560928,0.0359042302860531,-0.118626742927187,-0.13316211798744546,-0.005837925140521105,0
A,sp500-2m/cross_sector_slide1m_noscreen,core-12m/same_sector_slide3m_bd7,0.5623751768292999,0.021353669788519804,0.0456623202052625,-0.04732239495447273,-0.133303622663439,-0.004981842167904094,0.033321219146333035,-0.0764708576638774,0.06635406067894717,0.0016757884367185395,0
A,sp500-2m/cross_sector_slide1m_noscreen,core-12m/same_sector_slide1m_noscreen,0.33659795726538544,0.014986022816921452,0.04689137134672848,-0.05423003270738118,-0.25147578737305787,-0.008784054992350354,0.03293296157487793,-0.09020203365463708,-0.058035048123848534,-0.0028091121758967,0
A,sp500-2m/cross_sector_slide1m_noscreen,core-12m/same_sector_slide1m_bd7,0.05105506298995409,0.0012350794933291276,0.039553162586861146,-0.05726816300284214,-0.19675789253798706,-0.005234837881796017,0.025078421439582613,-0.07363300451134014,-0.10798226611054432,-0.0036107637663488346,0
A,sp500-2m/cross_sector_slide1m_noscreen,core-12m/cross_sector_slide3m_noscreen,0.38508239874592837,0.02479997110854666,0.06964052417944495,-0.08732526684235949,-0.7225540080565896,-0.030091359736473033,0.041114929234757985,-0.1746517229296819,-0.30372676126637366,-0.016234442359613223,0
A,sp500-2m/cross_sector_slide1m_noscreen,core-12m/cross_sector_slide3m_bd7,0.4919969090395117,0.02638676344644577,0.05922491335366751,-0.0700853133397148,-0.18176654557313415,-0.00677075054081655,0.03417109494253118,-0.0785099527170594,0.062017803360247925,0.0016196636929907138,0
A,core-12m/cross_sector_slide1m_noscreen,sp500-2m/cross_sector_slide1m_noscreen,0.7404779286931592,0.04628484743422301,0.06356009790738366,-0.06548043983502667,-0.38628700250778153,-0.0151642358167694,0.03771833755390044,-0.11695580377813453,0.0290590032465999,0.0002927077954762769,0
A,core-12m/cross_sector_slide1m_bd7,sp500-2m/cross_sector_slide1m_noscreen,0.6446779734039315,0.0336731882167387,0.053451510598035934,-0.058451711187918386,-0.08992720615179157,-0.002901916903221835,0.027974509729068564,-0.07586586311785959,0.19270955881105148,0.0063576884086927075,0
A,sp500-12m/same_sector_slide3m_noscreen,sp500-2m/cross_sector_slide1m_noscreen,0.8033733523498034,0.05660810568785486,0.0705641278616981,-0.055641260298737574,0.2990320894411512,0.01298216278603892,0.04678892498719863,-0.07793476474463212,0.46700462859166036,0.0242370103404272,0
A,sp500-2m/cross_sector_slide1m_noscreen,sp500-12m/same_sector_slide3m_bd7,0.7120182161680935,0.03553630488393078,0.055741641884934204,-0.0526148522303143,0.18579119818439432,0.006082239558372171,0.0361487882182689,-0.043237256754821374,0.3517994239587044,0.013715904689245929,0
A,sp500-12m/same_sector_slide1m_noscreen,sp500-2m/cross_sector_slide1m_noscreen,0.9574815805270918,0.06040426616388217,0.0631160061246127,-0.04689771592761569,0.2053046566067471,0.007004845700495865,0.037407189156364665,-0.05996741925752758,0.47340988968464365,0.020794940001485608,0
A,sp500-12m/same_sector_slide1m_bd7,sp500-2m/cross_sector_slide1m_noscreen,0.42497774428345103,0.020481320469307108,0.049360564150080326,-0.05845521430968066,0.27640519055799345,0.008153624627573963,0.03113091715714678,-0.04322073225954115,0.3225645944375877,0.011318585185449592,0
A,sp500-12m/cross_sector_slide3m_noscreen,sp500-2m/cross_sector_slide1m_noscreen,0.6394028828457201,0.0392697525855612,0.06261810272518334,-0.04903690078951424,-0.2273448429206768,-0.013231942829305177,0.05249644818334876,-0.1509614408048663,0.028387231153430746,0.00014384867200281092,0
A,sp500-12m/cross_sector_slide3m_bd7,sp500-2m/cross_sector_slide1m_noscreen,0.6895729827564481,0.030883864241881186,0.051942641436460504,-0.04465032174567183,0.22439787240967757,0.010164708638232156,0.051078266924975586,-0.12753714127542182,0.3260590480729082,0.015335595620286612,0
A,sp500-12m/cross_sector_slide1m_noscreen,sp500-2m/cross_sector_slide1m_noscreen,0.9303184625734676,0.05279876017444152,0.05672207815766154,-0.03452300496205518,0.20177742086663977,0.006636135309373792,0.03599142235053604,-0.06192792537518044,0.4528998131634564,0.018513987867427018,0
A,sp500-12m/cross_sector_slide1m_bd7,sp500-2m/cross_sector_slide1m_noscreen,0.556835914747352,0.025910723701898685,0.04861182112332066,-0.0365924455022139,0.32679115225666505,0.010096616722597096,0.03234667416268515,-0.05949919966468675,0.39856762821113206,0.014235377241334257,0
A,core-12m/same_sector_slide3m_noscreen,sp500-2m/cross_sector_slide1m_bd7,-0.1743306988797919,-0.007607603197592505,0.03967307203464175,-0.05219266592718426,-0.0011742302527375306,-0.0004091174604773373,0.027501945014828666,-0.05705830028097991,-0.05515554480447339,-0.002175885349979656,0
A,core-12m/same_sector_slide3m_bd7,sp500-2m/cross_sector_slide1m_bd7,-0.04212348811663528,-0.0035889922093095272,0.03633236664468848,-0.0418022657735202,0.03783006433249817,0.0005539910080087918,0.01982578450816003,-0.04091288614358457,-0.00010300841485598455,-0.0005287120817187851,0
A,core-12m/same_sector_slide1m_noscreen,sp500-2m/cross_sector_slide1m_bd7,-0.12852565660158027,-0.006818780839987637,0.04503643215226309,-0.048575303547524,0.12014322201462391,0.002516380724648437,0.0231386250830172,-0.032996709081796194,0.02262501795177594,0.00022848912702726486,0
A,core-12m/same_sector_slide1m_bd7,sp500-2m/cross_sector_slide1m_bd7,-0.26245602217734487,-0.012216079038342676,0.043376690339263294,-0.052178561025006356,0.1749221710009383,0.0029328195460109896,0.017628475266569712,-0.02829914969903302,-0.018081145695814992,-0.0008224976343618184,0
A,core-12m/cross_sector_slide3m_noscreen,sp500-2m/cross_sector_slide1m_bd7,0.20747273176232617,0.01568340261861021,0.06440764987416803,-0.08106974283992027,-0.6331272473112197,-0.022429381512671154,0.03486950347454091,-0.14924725198723776,-0.2843395952456193,-0.012849370821922945,0
A,core-12m/cross_sector_slide3m_bd7,sp500-2m/cross_sector_slide1m_bd7,0.08550090131581208,0.0029733613615176902,0.04717954996102428,-0.05949115147127073,0.26381630253218497,0.007182427913264178,0.02868338595784595,-0.043974610184262186,0.19434646410689654,0.006079047481025057,0
A,core-12m/cross_sector_slide1m_noscreen,sp500-2m/cross_sector_slide1m_bd7,0.13794366856149004,0.0063508713199442735,0.05683458139887008,-0.06510897285096258,-0.2908864788862612,-0.008830824261186865,0.029046310265906667,-0.08247337972548208,-0.11264391867253573,-0.005000274868121379,0
A,core-12m/cross_sector_slide1m_bd7,sp500-2m/cross_sector_slide1m_bd7,0.25863983796471024,0.011139490333209556,0.04633039585179274,-0.05372368550374731,0.12863272087913621,0.002816574362699553,0.024118663322987947,-0.04401877923824038,0.17052475713526571,0.0048655376383206494,0
A,sp500-12m/same_sector_slide3m_noscreen,sp500-2m/cross_sector_slide1m_bd7,0.6580462987562318,0.04694251490831589,0.06949359231283554,-0.05729556650115279,0.40728283120369657,0.01739788455712965,0.04481498159442613,-0.08571319103264197,0.4916093116219651,0.024998824363840867,0
A,sp500-12m/same_sector_slide3m_bd7,sp500-2m/cross_sector_slide1m_bd7,0.5301989526856117,0.023436382200171392,0.048516630625595615,-0.04871063243991962,0.7294723209639317,0.02233044329818945,0.03093032824469924,-0.02861197363898349,0.6423341007310824,0.022734875405938614,0
A,sp500-12m/same_sector_slide1m_noscreen,sp500-2m/cross_sector_slide1m_bd7,1.1763725344079647,0.07182105066266842,0.06029435267126101,-0.03297022538529835,0.5275471307434506,0.01673853623014243,0.03246507574525954,-0.05282635989807394,0.7520418376979618,0.030971167503235898,0
A,sp500-12m/same_sector_slide1m_bd7,sp500-2m/cross_sector_slide1m_bd7,0.5582827221573974,0.023261747496623332,0.04266153894033499,-0.03781124562980402,0.729917907135483,0.018709512337052647,0.025853653318110594,-0.02513969002774208,0.6464536435361486,0.01987961354553409,0
A,sp500-12m/cross_sector_slide3m_noscreen,sp500-2m/cross_sector_slide1m_bd7,0.6525082097658931,0.035870549378197315,0.056546202604504894,-0.04804578911868644,-0.20198818882404657,-0.011154705129780562,0.049443612503591784,-0.13301046246583326,0.03613762436588073,0.0005908625933114253,0
A,sp500-12m/cross_sector_slide3m_bd7,sp500-2m/cross_sector_slide1m_bd7,0.7277961153316748,0.02367047440712673,0.045212419573838716,-0.03612341547117211,0.22550269050399593,0.00996574752586099,0.04964634156660933,-0.12007161527935895,0.3020364328671303,0.013257835468488865,0
A,sp500-12m/cross_sector_slide1m_noscreen,sp500-2m/cross_sector_slide1m_bd7,0.6622363233857022,0.0339061636312918,0.05224890128418884,-0.05006808991894422,0.46332658648592756,0.01459986761899179,0.03241803205018245,-0.05960823257558645,0.5218865095293372,0.019605035786602665,0
A,sp500-12m/cross_sector_slide1m_bd7,sp500-2m/cross_sector_slide1m_bd7,0.38697225170114785,0.014459395379370887,0.04044622770492025,-0.030564014242781344,0.5880958593041047,0.015404019195893737,0.026597411861887674,-0.061558524234807455,0.5069517351459211,0.015176025009404358,0
A,core-12m/same_sector_slide3m_noscreen,core-12m/same_sector_slide3m_bd7,0.3941281422983528,0.012797251845966251,0.03996761920651708,-0.03149327036527867,-0.7988498462232525,-0.023950971942350963,0.02979053576641852,-0.09717167396183679,-0.5567055291582357,-0.018124127347253705,0
A,core-12m/same_sector_slide1m_noscreen,core-12m/same_sector_slide3m_noscreen,0.23710938445117552,0.007527672121328877,0.032827144221849805,-0.03372348388832924,-0.8678735628928171,-0.02071119024796242,0.023788287824698957,-0.1067911294969931,-0.6011168909804894,-0.015620789444008487,0
A,core-12m/same_sector_slide1m_bd7,core-12m/same_sector_slide3m_noscreen,-0.1488706468458132,-0.004562412375934332,0.02750777612649996,-0.02619229563261216,-0.37868851500142525,-0.008443590679598767,0.021766678789083678,-0.06189540711371422,-0.3282324678863716,-0.007746488335929791,0
A,core-12m/cross_sector_slide3m_noscreen,core-12m/same_sector_slide3m_noscreen,0.36039876151462436,0.02491943165146504,0.07033148305823964,-0.08368596241586057,-1.1054983514134922,-0.046463592990426905,0.04222685987585282,-0.22758027071612597,-0.582215226296557,-0.029804085962916903,0
A,core-12m/cross_sector_slide3m_bd7,core-12m/same_sector_slide3m_noscreen,0.21276186522619328,0.009384477036585227,0.05228220992122353,-0.06741582894492323,-0.5613007532336869,-0.01793153425082461,0.031360240331246424,-0.11856136887154423,-0.3004219758655145,-0.011742504843671541,0
A,core-12m/cross_sector_slide1m_noscreen,core-12m/same_sector_slide3m_noscreen,0.3857823338430958,0.020069690111618677,0.05511615645081386,-0.06460749873782326,-0.8277003201472437,-0.02820889354951006,0.03387502077370588,-0.15348680376196766,-0.3858028470417208,-0.016249791518821045,0
A,core-12m/cross_sector_slide1m_bd7,core-12m/same_sector_slide3m_noscreen,0.31597179172734363,0.013674987995378052,0.04583515749729435,-0.0521437904408393,-0.15007112504580614,-0.00448146020546647,0.027419402540844788,-0.08178507664384038,0.009724360020990166,-0.000210739844904273,0
A,sp500-12m/same_sector_slide3m_noscreen,core-12m/same_sector_slide3m_noscreen,0.6788736650719145,0.037894908726236645,0.06091026299117952,-0.05815290885914763,0.31885297754101216,0.014554824780573794,0.04910188656777689,-0.09120921594691345,0.4217928587122417,0.020707300308355235,0
A,sp500-12m/same_sector_slide3m_bd7,core-12m/same_sector_slide3m_noscreen,0.6675016713065669,0.02911796420234596,0.04282751503531667,-0.035945024232532895,0.1223037427194873,0.0037451165180246715,0.03580937708683548,-0.07411771655228083,0.2826280916460656,0.010084521287483472,0
A,sp500-12m/same_sector_slide1m_noscreen,core-12m/same_sector_slide3m_noscreen,1.1032250721722405,0.05840392179412483,0.05294977643745811,-0.03465973783356433,0.11424835039733637,0.0032306027092217082,0.03299800679655364,-0.058907572816432885,0.45940425583881295,0.017473524804072892,0
A,sp500-12m/same_sector_slide1m_bd7,core-12m/same_sector_slide3m_noscreen,0.6116150915207396,0.021644303457365323,0.03541198099058287,-0.035597807851208696,0.28144398518958375,0.007641815265801544,0.028491256055265604,-0.041424423640798236,0.3770337506760783,0.011115265754385994,0
A,sp500-12m/cross_sector_slide3m_noscreen,core-12m/same_sector_slide3m_noscreen,0.997340235712967,0.05417803148797438,0.055099894638335735,-0.041960063377407986,-0.5187143013176626,-0.034636238181165346,0.06392114477708152,-0.23835407211576298,-0.18469733923366483,-0.013292796709611764,0
A,sp500-12m/cross_sector_slide3m_bd7,core-12m/same_sector_slide3m_noscreen,0.8749203353353117,0.03753792853978164,0.04836896793778862,-0.04089719216213159,0.05889734839745885,0.0016741590165358922,0.05427434589566407,-0.17304815342186886,0.19742508527000582,0.008968545970600861,0
A,sp500-12m/cross_sector_slide1m_noscreen,core-12m/same_sector_slide3m_noscreen,1.1228710582324588,0.048319469694237505,0.041838951508059365,-0.03648607355491973,0.12100506536101242,0.0038414054286275423,0.037511794574729786,-0.1005154269702404,0.40526087801643007,0.015135543895706061,0
A,sp500-12m/cross_sector_slide1m_bd7,core-12m/same_sector_slide3m_noscreen,0.7026471387040123,0.025939225538436396,0.03750930600016365,-0.03034889857539751,0.12273513660719455,0.003257651998683553,0.03023414066084814,-0.10962709702488438,0.2824738009240173,0.00858936186996293,0
A,core-12m/same_sector_slide1m_noscreen,core-12m/same_sector_slide3m_bd7,0.12887785801119683,0.001617389561853888,0.023797689495699312,-0.024460300262926848,-0.4411323101726009,-0.008295398712708235,0.018495375318267764,-0.05702949513738975,-0.32370260878300317,-0.006566950090279589,0
A,core-12m/same_sector_slide1m_bd7,core-12m/same_sector_slide3m_bd7,0.08526581554673159,-0.0007797595686928948,0.024959464761938686,-0.01858694570326258,-0.14881906445459286,-0.002839376686784134,0.01801694231229423,-0.028798292482621113,-0.11902136524974927,-0.002628610304530188,0
A,core-12m/cross_sector_slide3m_noscreen,core-12m/same_sector_slide3m_bd7,0.31570240467499006,0.02224182024177481,0.06901060430492878,-0.07754154270112039,-0.8641400510518841,-0.02927084831607696,0.033718746686010825,-0.14745534597974252,-0.376345886347166,-0.01711950093836918,0
A,core-12m/cross_sector_slide3m_bd7,core-12m/same_sector_slide3m_bd7,0.16193913889154898,0.005857424312682746,0.05293369258587253,-0.05789917352455152,-0.5879891045518939,-0.01706485296342164,0.02857781092454961,-0.07359549120549935,-0.3148284655130532,-0.011857695647195254,0
A,core-12m/cross_sector_slide1m_noscreen,core-12m/same_sector_slide3m_bd7,0.3823258645094742,0.019120943097154307,0.05221086046841472,-0.06283012263009732,-0.4652011051603069,-0.01260488111768876,0.0265123260906659,-0.08184571670951613,-0.11937596570692968,-0.004726330291734282,0
A,core-12m/cross_sector_slide1m_bd7,core-12m/same_sector_slide3m_bd7,0.522594781517013,0.01981813697341228,0.04166641897187413,-0.04554485654799254,-0.10223937355203626,-0.0022642703157831345,0.020181597985096184,-0.03439122873149336,0.12948363097616813,0.003000461928858522,0
A,sp500-12m/same_sector_slide3m_noscreen,core-12m/same_sector_slide3m_bd7,0.8301935736133016,0.04957870607203683,0.056181027538353454,-0.04853843704412819,0.2924431993155928,0.012033748719122217,0.04424938303369293,-0.07387606641303901,0.4671828457213622,0.021698181333871115,0
A,sp500-12m/same_sector_slide3m_bd7,core-12m/same_sector_slide3m_bd7,0.6893259373568764,0.02921329932647083,0.03843420118843347,-0.030619468106103144,0.08548738436714258,0.0022782989782448304,0.032987053306343474,-0.07411707246741706,0.26725697255466163,0.008997922128051528,0
A,sp500-12m/same_sector_slide1m_noscreen,core-12m/same_sector_slide3m_bd7,1.288118619202073,0.07002656572976829,0.053867267023764334,-0.028401438407497582,0.15010313255452956,0.004244786969550551,0.03153286443976478,-0.04748978491140299,0.558651597756021,0.021232799178960926,0
A,sp500-12m/same_sector_slide1m_bd7,core-12m/same_sector_slide3m_bd7,0.6917774933952683,0.027024125770108976,0.03790349338736415,-0.025996746276929317,0.18084957464412885,0.004305667992174911,0.02556540120006278,-0.03172278555185115,0.3521172782357895,0.010072522774216441,0
A,sp500-12m/cross_sector_slide3m_noscreen,core-12m/same_sector_slide3m_bd7,0.9446728667347546,0.05032477496511802,0.056459021957136146,-0.04710109021045032,-0.38401931999333977,-0.025355731378876367,0.06178024317738362,-0.19886878727615465,-0.08385898075839929,-0.006947971866702885,0
A,sp500-12m/cross_sector_slide3m_bd7,core-12m/same_sector_slide3m_bd7,1.0333795164215458,0.048991699360437034,0.05265725907292007,-0.04029812969144682,0.20382848705410464,0.009533025866144795,0.0539678589325537,-0.12747446154546627,0.35219909971277846,0.017472063230777345,0
A,sp500-12m/cross_sector_slide1m_noscreen,core-12m/same_sector_slide3m_bd7,1.1335356423455618,0.047975993857905096,0.041160529722660155,-0.032957621846986876,0.13316520345936483,0.004161904798567706,0.036090970336884236,-0.10253871426104144,0.42106536140505463,0.015411867870676587,0
A,sp500-12m/cross_sector_slide1m_bd7,core-12m/same_sector_slide3m_bd7,0.7310631362891395,0.027461996751181418,0.03814524178155601,-0.02928928466704197,0.4140527560340459,0.011419932568311753,0.02840303756849142,-0.08201284899047345,0.502725317385846,0.015214633803060585,0
A,core-12m/same_sector_slide1m_noscreen,core-12m/same_sector_slide1m_bd7,-0.349882275288316,-0.007764757812041267,0.021603072636103372,-0.022722183911403238,-0.14542681617004447,-0.002514399332009587,0.01638857329792291,-0.04285240066014939,-0.1908059324311831,-0.003474054055961484,0
A,core-12m/cross_sector_slide3m_noscreen,core-12m/same_sector_slide1m_noscreen,0.12321098821885772,0.012256651925729578,0.06532566622818858,-0.07868583182433173,-1.0035056759006964,-0.03169313613495106,0.03159442871191565,-0.17201208231394582,-0.5038436058891613,-0.021001134270504963,0
A,core-12m/cross_sector_slide3m_bd7,core-12m/same_sector_slide1m_noscreen,0.03675263053363146,0.0004855070816381257,0.047562220037599134,-0.06285332107795627,-0.3145925689761557,-0.00842258784537675,0.025826912841665713,-0.10235204369435291,-0.182552711339646,-0.006339291124410984,0
A,core-12m/cross_sector_slide1m_noscreen,core-12m/same_sector_slide1m_noscreen,0.37688772750879296,0.019760758216160034,0.055201953485886426,-0.06337131334036028,-0.8322254702695807,-0.023053294689963644,0.027567403024440277,-0.1335306438473589,-0.3242479401243009,-0.012437344062091783,0
A,core-12m/cross_sector_slide1m_bd7,core-12m/same_sector_slide1m_noscreen,0.23296890861794156,0.009356649226016778,0.04388248860311568,-0.051991937088474494,-0.141173703028419,-0.0032618900386008898,0.02150662679086231,-0.06002887542262714,0.004282984191008553,-0.000278871301023198,0
A,sp500-12m/same_sector_slide3m_noscreen,core-12m/same_sector_slide1m_noscreen,0.8720619516051598,0.056524138711883845,0.06488177637476444,-0.04858016747826177,0.4259532153735978,0.018773230537093566,0.04617003109451761,-0.07320666743635384,0.5720369677376995,0.02869556609787236,0
A,sp500-12m/same_sector_slide3m_bd7,core-12m/same_sector_slide1m_noscreen,0.8051567473466449,0.032749799591282436,0.04278944739073329,-0.034201726950809565,0.20244915988217368,0.005782874100620505,0.0308336799215775,-0.06389163894129768,0.38082799873880585,0.01237967110695597,0
A,sp500-12m/same_sector_slide1m_noscreen,core-12m/same_sector_slide1m_noscreen,1.0409307242840578,0.0579619683773005,0.05537894664600288,-0.04108501215244549,0.22234578615164147,0.006613909429473708,0.031943992823147506,-0.05727928360776735,0.5177164166574411,0.01989977899822879,0
A,sp500-12m/same_sector_slide1m_bd7,core-12m/same_sector_slide1m_noscreen,0.5954863951295382,0.022829839907810713,0.038935624707401265,-0.035969940137106395,0.37513422032593413,0.009173558011013494,0.025189313983680753,-0.03550806658652028,0.44235787459659426,0.012643904273982275,0
A,sp500-12m/cross_sector_slide3m_noscreen,core-12m/same_sector_slide1m_noscreen,0.799047688876317,0.043870226996347926,0.0548731064045581,-0.04399762845405224,-0.3009961307708078,-0.019129524839607948,0.05835888219099871,-0.2038484753922465,-0.0420215617955186,-0.004004951763740406,0
A,sp500-12m/cross_sector_slide3m_bd7,core-12m/same_sector_slide1m_noscreen,0.8971211990284832,0.03088943659933858,0.045310865380208176,-0.032946024890288216,-0.02436929172490191,-0.0024781067567524184,0.04954927245088708,-0.15751433350424004,0.12656805877604982,0.004720376616340083,0
A,sp500-12m/cross_sector_slide1m_noscreen,core-12m/same_sector_slide1m_noscreen,1.1811873566460434,0.05659787585948517,0.046269539957397514,-0.028682007429777022,0.1477285906739901,0.004509305720811874,0.03449199694012144,-0.10086915335311342,0.4764951809010703,0.01763267540338531,0
A,sp500-12m/cross_sector_slide1m_bd7,core-12m/same_sector_slide1m_noscreen,0.7203891457164131,0.025850434569131543,0.03655746585584678,-0.029000709034407168,0.2429084600917823,0.006147894015418487,0.026706350183985907,-0.09299159202928708,0.3864592835654763,0.010999723907838455,0
A,core-12m/cross_sector_slide3m_noscreen,core-12m/same_sector_slide1m_bd7,0.06193033522685608,0.005148784399641349,0.06566336990251558,-0.07805859080794916,-0.8068686816016883,-0.02079859147236729,0.025640390345597917,-0.11851459005881637,-0.3720162907838392,-0.014539764088968865,0
A,core-12m/cross_sector_slide3m_bd7,core-12m/same_sector_slide1m_bd7,0.25555645078589817,0.0131924834698544,0.042175912623298846,-0.0482388136034982,-0.31040072128027346,-0.0074611053128572635,0.023255965048680938,-0.06006742796280462,-0.09341087449974932,-0.0026292558539975364,0
A,core-12m/cross_sector_slide1m_noscreen,core-12m/same_sector_slide1m_bd7,0.23303149859122643,0.011269401778519627,0.052235115050697264,-0.06267633099310543,-0.28567330060645496,-0.006900283953079067,0.02328977739641882,-0.05395437836323225,-0.058175996851064914,-0.0024370398716127228,0
A,core-12m/cross_sector_slide1m_bd7,core-12m/same_sector_slide1m_bd7,0.42653498406038415,0.018720884367740397,0.04597218437062897,-0.05129180608762287,-0.09596031608660527,-0.0022011740880113484,0.020728109111644844,-0.03117294876208032,0.11247687762710334,0.002837729643709963,0
A,sp500-12m/same_sector_slide3m_noscreen,core-12m/same_sector_slide1m_bd7,0.8874191735134603,0.059351586286451895,0.06644565155972153,-0.04348832052347973,0.3037922822185038,0.010231218675714082,0.03559106476112675,-0.07635751023470083,0.5120409260284712,0.022748212001282166,0
A,sp500-12m/same_sector_slide3m_bd7,core-12m/same_sector_slide1m_bd7,0.7961035389391121,0.03470548056822929,0.043723782016117166,-0.035273529232203615,0.10269061571150305,0.002629824686422255,0.029942961362624684,-0.06539972336956779,0.3265872857085928,0.01062955421936893,0
A,sp500-12m/same_sector_slide1m_noscreen,core-12m/same_sector_slide1m_bd7,1.4760396221414536,0.08631160979577679,0.05710186365856666,-0.030527609685814628,0.0722616933375657,0.0016096426093306082,0.027490962475854953,-0.05750840975645921,0.629837396249352,0.023329407191131503,0
A,sp500-12m/same_sector_slide1m_bd7,core-12m/same_sector_slide1m_bd7,0.7378353088123518,0.029838802119564044,0.04065505132581777,-0.029458764405555726,0.26003896970398616,0.006046174682009298,0.024319218132815585,-0.028246176869453854,0.4213323921374611,0.012043817042268045,0
A,sp500-12m/cross_sector_slide3m_noscreen,core-12m/same_sector_slide1m_bd7,0.9264171436882869,0.05907791441375263,0.06371343983626829,-0.04141588595296051,-0.28006520125067735,-0.016993959835324146,0.055526280338435124,-0.1811522083535395,0.05076712094326289,0.00134437021199032,0
A,sp500-12m/cross_sector_slide3m_bd7,core-12m/same_sector_slide1m_bd7,0.761126702659013,0.03298292883837008,0.05267055427613006,-0.041849237506221805,0.060691072850933996,0.0017279740540534494,0.04951103396631592,-0.11773433123438881,0.18206774548063462,0.007656828453160847,0
A,sp500-12m/cross_sector_slide1m_noscreen,core-12m/same_sector_slide1m_bd7,1.011005369315431,0.047609824417752654,0.04663080198193724,-0.037159216535609586,0.253525826066733,0.0078109857478592115,0.032820449853711,-0.09244197231475826,0.5004915095748818,0.018017053911026613,0
A,sp500-12m/cross_sector_slide1m_bd7,core-12m/same_sector_slide1m_bd7,0.3199568957654978,0.012164464081856164,0.04025035755609803,-0.039104196087287234,0.3267142493081525,0.00781150942840414,0.024759829138612483,-0.0683423426707035,0.313922062356333,0.008765160154253993,0
A,core-12m/cross_sector_slide3m_noscreen,core-12m/cross_sector_slide3m_bd7,0.13077517739084335,0.00931158467385267,0.07166651140854181,-0.08794687620060673,-0.5366002233212045,-0.021840397591821437,0.03968425754771843,-0.13184558078152842,-0.2770689475007366,-0.014320654296552004,0
A,core-12m/cross_sector_slide1m_noscreen,core-12m/cross_sector_slide3m_noscreen,0.38521797287640663,0.025040170459159093,0.06520909437769147,-0.08144920530857605,-0.47806576854083527,-0.022302400023190727,0.04505624549800509,-0.16745673559143914,-0.18418529829883773,-0.010437555953487077,0
A,core-12m/cross_sector_slide1m_bd7,core-12m/cross_sector_slide3m_noscreen,0.27814589031020015,0.015842369087765484,0.05649720875910177,-0.07360644147683848,-0.29812189267636274,-0.010652274258507455,0.03398609907308564,-0.09868840276010793,-0.0831693529996852,-0.004009407533057718,0
A,sp500-12m/same_sector_slide3m_noscreen,core-12m/cross_sector_slide3m_noscreen,0.7959685841659554,0.0646522086500444,0.07299795449267403,-0.07286604248910904,0.07857217940055489,0.002745929242191858,0.05233389381370989,-0.10948027089691004,0.3256591777320689,0.01826555785066284,0
A,sp500-12m/same_sector_slide3m_bd7,core-12m/cross_sector_slide3m_noscreen,0.7144171717779927,0.03870658411592518,0.057691514285948285,-0.058630391321865205,-0.7150247376090109,-0.029106147150103512,0.04017734326568058,-0.16536147306094195,-0.25086668020861164,-0.012374074164808535,0
A,sp500-12m/same_sector_slide1m_noscreen,core-12m/cross_sector_slide3m_noscreen,0.9169201325285534,0.05821989741675373,0.06287569036071534,-0.0576777951085119,0.0358705848027826,0.0006384309781339859,0.039163014765139136,-0.08951511144932522,0.35082724610723987,0.015513191835560658,0
A,sp500-12m/same_sector_slide1m_bd7,core-12m/cross_sector_slide3m_noscreen,0.3041749387781073,0.017272624606385057,0.05809008145166059,-0.07397660637151923,-0.4067627767750908,-0.013461717072711155,0.03205556969955335,-0.08183015957773265,-0.12026690133249798,-0.005495887593265425,0
A,sp500-12m/cross_sector_slide3m_noscreen,core-12m/cross_sector_slide3m_noscreen,0.3331675317781429,0.022010543051609655,0.06749463666184745,-0.0769113977054865,-0.2678141150870316,-0.019607440531084208,0.06570826984837268,-0.227032532252868,-0.10523574005989182,-0.009030481305653626,0
A,sp500-12m/cross_sector_slide3m_bd7,core-12m/cross_sector_slide3m_noscreen,0.3602606679904701,0.020483504699284772,0.056450414593523915,-0.06500628415121187,-0.015608879737354961,-0.0021184705001183746,0.05068729791965092,-0.1618688303273187,0.09319687064010393,0.0036137287884075997,0
A,sp500-12m/cross_sector_slide1m_noscreen,core-12m/cross_sector_slide3m_noscreen,0.41958180169714687,0.025765531469855208,0.05958319560570211,-0.07478032443070359,0.032963046338521464,0.0004966650183400034,0.04255823123138885,-0.11372665698508655,0.16472977581879827,0.006968201105057847,0
A,sp500-12m/cross_sector_slide1m_bd7,core-12m/cross_sector_slide3m_noscreen,0.22209686311976315,0.007669522172483134,0.046089244183680836,-0.06059645181928448,0.04481809790812954,0.0009388316307523681,0.03344234962482369,-0.08339543273497663,0.09807246418604736,0.0028020353914088637,0
A,core-12m/cross_sector_slide1m_noscreen,core-12m/cross_sector_slide3m_bd7,0.5102338552215311,0.027474119853096068,0.05718126945810663,-0.06611304843400471,-0.3056104964995131,-0.010736499001291255,0.03348702229248665,-0.09160621044531203,-0.007996344827687348,-0.0011964815320799848,0
A,core-12m/cross_sector_slide1m_bd7,core-12m/cross_sector_slide3m_bd7,0.42688410039439706,0.021082930233758068,0.05222499965604974,-0.059412017717369835,0.17429993272081984,0.0048704307000666525,0.03055203912188015,-0.051874291029278874,0.25635288935444217,0.008838957061784036,0
A,sp500-12m/same_sector_slide3m_noscreen,core-12m/cross_sector_slide3m_bd7,1.0094164651655173,0.06113827887296859,0.05751406903171606,-0.053457864901489474,0.26130796035787407,0.011025442869175173,0.04601791263526942,-0.10820714608971371,0.49222721210404785,0.02359982656964541,0
A,sp500-12m/same_sector_slide3m_bd7,core-12m/cross_sector_slide3m_bd7,1.0158229424500003,0.04773987904108803,0.0476960057027772,-0.04486487075057499,-0.3045408849056703,-0.011997987971702817,0.03733956024382885,-0.10992283853855156,0.08257402340676748,0.0024607279045177678,0
A,sp500-12m/same_sector_slide1m_noscreen,core-12m/cross_sector_slide3m_bd7,1.1676372313792645,0.06498167332578468,0.05458078597239091,-0.049151505092713973,0.16729422089475735,0.005208301888583122,0.03463869906415312,-0.06489484065901852,0.516720847190725,0.020650523007008516,0
A,sp500-12m/same_sector_slide1m_bd7,core-12m/cross_sector_slide3m_bd7,0.6131605801134394,0.02695434202587328,0.04496818662177715,-0.051200087827041864,-0.0528040346346435,-0.0018882023315698326,0.02823777392727738,-0.06285756733035552,0.18235122663566392,0.005550778157863423,0
A,sp500-12m/cross_sector_slide3m_noscreen,core-12m/cross_sector_slide3m_bd7,0.610903802541445,0.03460374494203986,0.05718851595647171,-0.05316876269421502,-0.30901659018630023,-0.020301468460170446,0.06033019922480591,-0.20428110812804723,-0.0803732133705041,-0.006521489548579474,0
A,sp500-12m/cross_sector_slide3m_bd7,core-12m/cross_sector_slide3m_bd7,0.6235570018847643,0.030001907638194148,0.051850853815782603,-0.05120605380187419,0.172405459686616,0.007715740320353159,0.053041381280962696,-0.14545034356357545,0.26936969735846567,0.012794308975836577,0
A,sp500-12m/cross_sector_slide1m_noscreen,core-12m/cross_sector_slide3m_bd7,0.5857113385519809,0.026872912251809745,0.04659523225059369,-0.05035441420798694,0.010526960089831257,-0.00028240294615011763,0.03646519856954263,-0.11450702129208157,0.19089020081149172,0.0067990497963339004,0
A,sp500-12m/cross_sector_slide1m_bd7,core-12m/cross_sector_slide3m_bd7,0.4801518460353532,0.019766045329030035,0.04376961859611593,-0.0471636432929047,0.219315232365148,0.006174902985349284,0.030147898923269918,-0.08642084369503866,0.29808076003575923,0.009551973944772607,0
A,core-12m/cross_sector_slide1m_noscreen,core-12m/cross_sector_slide1m_bd7,0.43691054693994535,0.023286997991647462,0.055787212179315225,-0.0669874706799495,-0.14465119169826768,-0.004982518866378571,0.03116738663189467,-0.081902292239597,0.07204137839162585,0.0020599751078023585,0
A,core-12m/cross_sector_slide1m_noscreen,sp500-12m/same_sector_slide3m_noscreen,0.9272997024563592,0.06262617987776102,0.06514345962632012,-0.05701159850321382,0.2317646787543466,0.010087345248596558,0.04835080140241657,-0.09759994946432338,0.4584829413272704,0.023555236885832675,0
A,core-12m/cross_sector_slide1m_noscreen,sp500-12m/same_sector_slide3m_bd7,0.7596032172914821,0.03943731142879536,0.05395046745602956,-0.05618163614985874,-0.08711738651429782,-0.004014456042610748,0.03791793633836734,-0.09501217680366114,0.1881505637705394,0.007057568279002391,0
A,sp500-12m/same_sector_slide1m_noscreen,core-12m/cross_sector_slide1m_noscreen,1.1422363097695643,0.06934582998514616,0.06005074685628322,-0.056951100737391604,0.043747474848854745,0.0009389173168143916,0.037662845236378244,-0.057957930667010604,0.4326719753596565,0.018536561160604002,0
A,core-12m/cross_sector_slide1m_noscreen,sp500-12m/same_sector_slide1m_bd7,0.5402748925645643,0.02811635029323507,0.05387048831498529,-0.06397400308810867,-0.04450470176639971,-0.0018187892382339754,0.030471969751966872,-0.0523251872480488,0.17530687376025694,0.005969452339007209,0
A,sp500-12m/cross_sector_slide3m_noscreen,core-12m/cross_sector_slide1m_noscreen,0.5766800018502207,0.03499287195505394,0.06315178672605357,-0.06693435038880544,-0.2786769674830673,-0.018974632861731067,0.06174110814877573,-0.22214389217690056,-0.05512241058163721,-0.005374882039658235,0
A,core-12m/cross_sector_slide1m_noscreen,sp500-12m/cross_sector_slide3m_bd7,0.58446577738388,0.026950453399061214,0.051836054793892604,-0.05871781477164575,0.12438215028253025,0.004919092545086601,0.04975297403983458,-0.13323826981958342,0.2340269254388255,0.010407445347654143,0
A,sp500-12m/cross_sector_slide1m_noscreen,core-12m/cross_sector_slide1m_noscreen,0.6395064257448462,0.03571765648899383,0.05694561072412848,-0.06427721855462087,0.1950911108603366,0.006657025132114969,0.03764199018118211,-0.08938650015770755,0.34286798610007096,0.014099411417611974,0
A,sp500-12m/cross_sector_slide1m_bd7,core-12m/cross_sector_slide1m_noscreen,0.35004899164750236,0.015682635286160318,0.04711271681671756,-0.054621755582498,0.3162535610694274,0.009100924597495341,0.030082574786666323,-0.07952280824212588,0.3192552942075636,0.010723040074657453,0
A,sp500-12m/same_sector_slide3m_noscreen,core-12m/cross_sector_slide1m_bd7,0.8959289525048794,0.053256628773082994,0.056903951968870936,-0.04868473267817617,0.44042489243598965,0.017736262327359364,0.04191485443748994,-0.08115414159723688,0.5912163590069834,0.026940514798366833,0
A,core-12m/cross_sector_slide1m_bd7,sp500-12m/same_sector_slide3m_bd7,0.7848896891266934,0.03678042287647698,0.04844118496732168,-0.04723011034743294,0.29901222470130023,0.009257956884061835,0.03259943140949897,-0.0615012691591289,0.4512440109116816,0.016159673165639134,0
A,sp500-12m/same_sector_slide1m_noscreen,core-12m/cross_sector_slide1m_bd7,1.1131367103246812,0.05883399178764601,0.05233404019671466,-0.04970094656313957,0.3736951050564755,0.01153591585201208,0.032070186642192945,-0.04086703721807183,0.6288208353773582,0.023761695787120285,0
A,sp500-12m/same_sector_slide1m_bd7,core-12m/cross_sector_slide1m_bd7,0.7216598537286183,0.031938938143343566,0.04463508537114634,-0.04786921964596393,0.10770326703331132,0.0025747062582517355,0.027348612302452724,-0.04998752243960369,0.3240783017016655,0.010152227858355367,0
A,sp500-12m/cross_sector_slide3m_noscreen,core-12m/cross_sector_slide1m_bd7,0.5264141869043841,0.02682779625364593,0.05306223047931659,-0.06037849116198766,-0.3471378610509457,-0.02060835626185864,0.055428411276566524,-0.19010758495737345,-0.12975455418463094,-0.00861272708992975,0
A,sp500-12m/cross_sector_slide3m_bd7,core-12m/cross_sector_slide1m_bd7,0.5096553386236489,0.022980670673407456,0.04923273312971214,-0.046873041780628524,0.17413869455710526,0.0075883542838453,0.05122420088268753,-0.14144975155400208,0.2470584256668785,0.011216629143727319,0
A,sp500-12m/cross_sector_slide1m_noscreen,core-12m/cross_sector_slide1m_bd7,0.48270527091653664,0.0224038944980959,0.04776443926989444,-0.05823664927990113,0.22314119477097386,0.007167783600435795,0.0347147684090632,-0.10198627264845461,0.30504631247459074,0.011098369108302997,0
A,sp500-12m/cross_sector_slide1m_bd7,core-12m/cross_sector_slide1m_bd7,0.7053789575174267,0.02871811053302329,0.041688586301113564,-0.037186772614753026,0.34835189177973525,0.009310014666941147,0.027708850043759604,-0.07166399045539673,0.45666037811475413,0.014049655427463437,0
A,sp500-12m/same_sector_slide3m_noscreen,sp500-12m/same_sector_slide3m_bd7,0.6174449702942528,0.04302391931431913,0.07160607216258265,-0.06737691561579606,0.782829945632094,0.03873051222433732,0.05015143773197223,-0.061627055112019824,0.7241162105215582,0.04010864173626434,0
A,sp500-12m/same_sector_slide1m_noscreen,sp500-12m/same_sector_slide3m_noscreen,1.2559139529143128,0.09436266154968317,0.07276743495864244,-0.03581449455008545,0.772238460843904,0.035518864806450834,0.0466043974580789,-0.06097643233792527,0.9267783450729699,0.05072552475176906,0
A,sp500-12m/same_sector_slide3m_noscreen,sp500-12m/same_sector_slide1m_bd7,0.7970224830953667,0.05428889018500034,0.06003576949721974,-0.05604098966483848,0.8446634910749494,0.0339481996331783,0.040496119895642266,-0.052002577767212066,0.8290181790363746,0.03914350945049812,0
A,sp500-12m/cross_sector_slide3m_noscreen,sp500-12m/same_sector_slide3m_noscreen,0.9495566770699266,0.07181851211132853,0.07585491116938799,-0.04695354664243081,0.14618990812375696,0.007630692272045048,0.06821916666476037,-0.16323513755003238,0.37252097815473284,0.024051796666257407,0
A,sp500-12m/cross_sector_slide3m_bd7,sp500-12m/same_sector_slide3m_noscreen,1.1475789916773231,0.0705951849352581,0.0598644203380818,-0.04668166293807548,0.6904742237898136,0.03843013472918155,0.0570384249603282,-0.10966369798156961,0.8112022454807679,0.04670302177636252,0
A,sp500-12m/cross_sector_slide1m_noscreen,sp500-12m/same_sector_slide3m_noscreen,0.9982727633799918,0.06693522855607612,0.06773699618632152,-0.04390257519505092,0.7979627216423033,0.03579480503145138,0.045366453615604686,-0.08323534631059692,0.850126085037299,0.0439373716217478,0
A,sp500-12m/cross_sector_slide1m_bd7,sp500-12m/same_sector_slide3m_noscreen,0.7193047981685438,0.04569968091799816,0.05843854366755959,-0.046273282504239475,0.7796596560543919,0.03165257636831309,0.04105261542525447,-0.06452296310648309,0.7630753871575177,0.03540902277136362,0
A,sp500-12m/same_sector_slide1m_noscreen,sp500-12m/same_sector_slide3m_bd7,1.1882662799897297,0.07357107370855406,0.06118212404686718,-0.03141254840813177,0.6349724954980507,0.022912241947807388,0.03674147649795446,-0.03737277364516789,0.816604164207994,0.03601464716084326,0
A,sp500-12m/same_sector_slide1m_bd7,sp500-12m/same_sector_slide3m_bd7,0.9895610279532058,0.045186501810264665,0.04695174983646793,-0.032257195686811846,0.6107430790017241,0.019664958969906277,0.032766102843942296,-0.030255751018932187,0.7236707695807415,0.026320937197666084,0
A,sp500-12m/cross_sector_slide3m_noscreen,sp500-12m/same_sector_slide3m_bd7,0.7683580255017624,0.03936839810187727,0.05392073267692473,-0.04316224186155977,-0.06598229218291393,-0.005533251121867311,0.05794964418663643,-0.15091716152456958,0.13271024193311173,0.005854275502743001,0
A,sp500-12m/cross_sector_slide3m_bd7,sp500-12m/same_sector_slide3m_bd7,0.9896733656617949,0.048129763034277365,0.05232216550012009,-0.04010045084906029,0.34217954934576267,0.017316391342603543,0.05469332734593137,-0.1290136561483619,0.476134701935983,0.02446321780317944,0
A,sp500-12m/cross_sector_slide1m_noscreen,sp500-12m/same_sector_slide3m_bd7,0.9982013366889702,0.04987665516109101,0.0507353703593071,-0.037786211688587736,0.3328641498773072,0.01192728049775127,0.03776850465127707,-0.07370333625809466,0.5361205481289442,0.021575766222725435,0
A,sp500-12m/cross_sector_slide1m_bd7,sp500-12m/same_sector_slide3m_bd7,0.6588560656878779,0.028255846077950286,0.044227506248699575,-0.03416870285219513,0.6030773115421109,0.01935020674396548,0.032667676296356106,-0.05051069002817421,0.6129460180966906,0.021556605092796267,0
A,sp500-12m/same_sector_slide1m_noscreen,sp500-12m/same_sector_slide1m_bd7,1.163460010805667,0.06989651805029728,0.059417139969912255,-0.029627174224271614,0.7332901127674685,0.024301450920263257,0.03351135284799094,-0.03754680514017761,0.8656071844984112,0.03609266856933515,0
A,sp500-12m/same_sector_slide1m_noscreen,sp500-12m/cross_sector_slide3m_noscreen,1.1240440133295408,0.07445950108109338,0.06561240216307325,-0.03993566724876332,0.19698201745434601,0.007908459313738625,0.04516897979458812,-0.0889061558216252,0.5071751158023159,0.02507965072936864,0
A,sp500-12m/same_sector_slide1m_noscreen,sp500-12m/cross_sector_slide3m_bd7,1.023071145921556,0.06060574389392896,0.059100570831592245,-0.04013886184631406,0.25007970377736816,0.011336809456043095,0.050318082810130504,-0.12510737721155285,0.4779527545173357,0.024107913385197445,0
A,sp500-12m/cross_sector_slide1m_noscreen,sp500-12m/same_sector_slide1m_noscreen,1.1884309319283841,0.07460837637689197,0.061887644598637714,-0.04074832015454992,0.4103942432999192,0.01437693604456336,0.03639875728103755,-0.058318581736158115,0.6824503600109917,0.029914361612920225,0
A,sp500-12m/same_sector_slide1m_noscreen,sp500-12m/cross_sector_slide1m_bd7,1.1698452988487489,0.0685794046528573,0.05791816842438187,-0.03320793561213842,0.3943815446436295,0.012042861554716566,0.03162655389199976,-0.08156133206889504,0.6730818347348112,0.026703412240568315,0
A,sp500-12m/cross_sector_slide3m_noscreen,sp500-12m/same_sector_slide1m_bd7,0.5898161245081387,0.03048317658703583,0.05306074754758433,-0.04732704344048751,0.2859609469618182,0.010231440281024184,0.03814086638321745,-0.06598377803769884,0.38003798144359935,0.015386397053203282,0
A,sp500-12m/cross_sector_slide3m_bd7,sp500-12m/same_sector_slide1m_bd7,0.94305646288232,0.03922037374764087,0.0447812878216807,-0.03762703818317474,0.2384483335538213,0.010670229656582375,0.049940095169316225,-0.11054719699573845,0.3911426230584407,0.01788785939749471,0
A,sp500-12m/cross_sector_slide1m_noscreen,sp500-12m/same_sector_slide1m_bd7,0.8703002561339919,0.04281891690398698,0.04849182837189268,-0.04285598660376766,0.4993749551547432,0.015863290169389588,0.032581286233527955,-0.046438633694795284,0.6155666037575842,0.022670788293788657,0
A,sp500-12m/cross_sector_slide1m_bd7,sp500-12m/same_sector_slide1m_bd7,0.6859036046270903,0.027784246511971044,0.04067029160071776,-0.03331141923328203,0.35661038706488585,0.009688955985116987,0.028155459557217953,-0.06868231486823861,0.4588238233720084,0.014228261049831659,0
A,sp500-12m/cross_sector_slide3m_noscreen,sp500-12m/cross_sector_slide3m_bd7,1.1202933127497778,0.072862276577548,0.06815204059246371,-0.05837274407378108,0.24049904587548565,0.012421391096285372,0.0587971485329292,-0.15303152685434152,0.46537044237917496,0.026830893625414153,0
A,sp500-12m/cross_sector_slide1m_noscreen,sp500-12m/cross_sector_slide3m_noscreen,0.9565166875807997,0.061293495234315466,0.06536900728936379,-0.06390290151131703,0.04064826938443758,0.0006134052188018213,0.058724531671738515,-0.167245216777397,0.295122819156837,0.016118414077027722,0
A,sp500-12m/cross_sector_slide1m_bd7,sp500-12m/cross_sector_slide3m_noscreen,0.9058834117344985,0.05396199142230786,0.05957704097343395,-0.058028369043639706,0.2484957945101036,0.009525869497106099,0.04165906764994383,-0.11229114464558243,0.4598549701063169,0.02075065024531364,0
A,sp500-12m/cross_sector_slide1m_noscreen,sp500-12m/cross_sector_slide3m_bd7,1.1359877583331013,0.06006796547126982,0.0546835855814485,-0.06405564104783375,0.14762709962890258,0.006329926702537847,0.05235834405450439,-0.1337588189169947,0.40067850320658555,0.019900587933755976,0
A,sp500-12m/cross_sector_slide1m_bd7,sp500-12m/cross_sector_slide3m_bd7,0.8363195825106258,0.04241425057462522,0.05049807425829763,-0.06065193065657899,0.3009606567471256,0.0121279375066361,0.04322037137118646,-0.10684395072432662,0.44273414236761044,0.019141045956359192,0
A,sp500-12m/cross_sector_slide1m_noscreen,sp500-12m/cross_sector_slide1m_bd7,0.8539381427198102,0.04398047891865029,0.050669243781192676,-0.0654753318975192,0.46341524552476976,0.015032549031120057,0.033406250346053594,-0.07907480041224157,0.5882342367293344,0.022355345219274802,0
B,core-2m/same_sector_slide3m_noscreen,core-2m/same_sector_slide3m_bd7,0.39305932168028657,0.026942836837370088,0.06810171515321914,-0.09038582942783865,-0.7335281126296546,-0.03502078663808372,0.04708005245436276,-0.17478665385351333,-0.33949841678406145,-0.0192157711960383,0
B,core-2m/same_sector_slide1m_noscreen,core-2m/same_sector_slide3m_noscreen,0.5806004619920886,0.0347227881209613,0.05918952046665921,-0.07101782719188252,-0.24204867215042755,-0.01188446830617007,0.045167510012734724,-0.15173651387750997,0.029248999269906494,0.00040872531125304425,0
B,core-2m/same_sector_slide1m_bd7,core-2m/same_sector_slide3m_noscreen,0.5662608306529575,0.02939995575020027,0.05534470643662278,-0.06660368675972765,-0.6001775076030135,-0.02189899761351255,0.03581801247271927,-0.13839783628258295,-0.18767265721019766,-0.008775157593242832,0
B,core-2m/cross_sector_slide3m_noscreen,core-2m/same_sector_slide3m_noscreen,0.5856064642090195,0.04348314701863996,0.07514853732633013,-0.08598270452644423,-0.4895499446835044,-0.03588508884786745,0.06952103095547842,-0.1717108177139003,-0.1838931851033103,-0.015420013281492584,0
B,core-2m/same_sector_slide3m_noscreen,core-2m/cross_sector_slide3m_bd7,0.2667787006724221,0.01749665267793299,0.07012611709403654,-0.08696256602953381,-0.40366403149145186,-0.027475915493645697,0.06374460324812689,-0.1331010135905909,-0.21464355917715353,-0.01607942188873024,0
B,core-2m/cross_sector_slide1m_noscreen,core-2m/same_sector_slide3m_noscreen,0.39518942273406127,0.026625590736616765,0.06396893951569069,-0.09096194296922337,-0.8850020373713532,-0.03796315139856066,0.042695256805843004,-0.18290950063350941,-0.41872509461364354,-0.021279173972035426,0
B,core-2m/same_sector_slide3m_noscreen,core-2m/cross_sector_slide1m_bd7,0.07611494671686855,0.0073565039092820415,0.058046059354723165,-0.07884541065024284,-0.4893374020455785,-0.017965524338033778,0.035736112767155284,-0.10575521760923157,-0.26026580625780216,-0.011380999200326624,0
B,core-2m/same_sector_slide3m_noscreen,sp500-2m/same_sector_slide3m_noscreen,0.7262699859449133,0.042865093657100076,0.06186497135292329,-0.0745390665523136,-0.38249491875757785,-0.020440205460864225,0.05063419789451355,-0.1704344663032078,-0.05293574435698116,-0.00430259052087636,0
B,core-2m/same_sector_slide3m_noscreen,sp500-2m/same_sector_slide3m_bd7,0.44596338877361497,0.02748349693043426,0.053362633875486266,-0.057793717157971235,-0.22801349300672694,-0.010053438099942524,0.04067899924396209,-0.11365624444519906,-0.0064279937640557405,-0.0007817209136022685,0
B,core-2m/same_sector_slide3m_noscreen,sp500-2m/same_sector_slide1m_noscreen,0.5344283618308052,0.03055159987654712,0.06218428290405213,-0.07875987841079071,-0.23663607271027093,-0.010548393177850057,0.04121256759938957,-0.1384889442105216,0.030268451936300143,0.00014852873768036456,0
B,core-2m/same_sector_slide3m_noscreen,sp500-2m/same_sector_slide1m_bd7,0.1947083595943797,0.011945910549500515,0.06082298915600872,-0.08228161769784773,-0.5547181091827234,-0.020711587033895085,0.03652109414621621,-0.1237021147752223,-0.2633517084223992,-0.012372297206168104,0
B,core-2m/same_sector_slide3m_noscreen,sp500-2m/cross_sector_slide3m_noscreen,-0.23474050274586622,-0.01615982016406654,0.0727658674121148,-0.11342363260827189,-0.4999123755653184,-0.029897337100562194,0.05742151694668318,-0.18978143603586295,-0.40983211174291156,-0.02659719467663002,0
B,core-2m/same_sector_slide3m_noscreen,sp500-2m/cross_sector_slide3m_bd7,-0.3273323102558945,-0.020394508263937693,0.06968441603147535,-0.10409895994156011,-0.25691822312502327,-0.010740275142295586,0.03905314025333119,-0.11886598482835753,-0.26445003161397873,-0.01351704450099247,0
B,core-2m/same_sector_slide3m_noscreen,sp500-2m/cross_sector_slide1m_noscreen,0.18126239144224188,0.010822727219791184,0.06706706989417943,-0.08662558083969193,-0.9202449714451058,-0.03750253013465665,0.04063344177176011,-0.1800507032343599,-0.5008226079096005,-0.025305920321108722,0
B,core-2m/same_sector_slide3m_noscreen,sp500-2m/cross_sector_slide1m_bd7,-0.3053537986400772,-0.018273254668298967,0.06643142046640368,-0.10699190350915733,-0.5010130940173878,-0.015585802950233485,0.03042801555343424,-0.10811712325087941,-0.3792611385199086,-0.016445783862008477,0
B,core-2m/same_sector_slide3m_noscreen,core-12m/same_sector_slide3m_noscreen,0.32312297084543284,0.01896686226678208,0.053484469868090224,-0.06831179996743256,-0.5880803716613876,-0.02311071393071329,0.03849484437161872,-0.11652873677397257,-0.27158685163452007,-0.012164330351861041,0
B,core-2m/same_sector_slide3m_noscreen,core-12m/same_sector_slide3m_bd7,0.3009675867749904,0.016123743841923433,0.06266710406343615,-0.08012792451400035,-0.6687519010621816,-0.02397287422110317,0.03534481453531363,-0.11080649726106995,-0.2897462849822657,-0.013813313599196464,0
B,core-2m/same_sector_slide3m_noscreen,core-12m/same_sector_slide1m_noscreen,0.08907636061642887,0.006655191580809472,0.05546437173317529,-0.0883063575032795,-0.8040098735510036,-0.02671123074718018,0.032992531188781475,-0.12930187570195772,-0.45039374408323124,-0.018280847291130397,0
B,core-2m/same_sector_slide3m_noscreen,core-12m/same_sector_slide1m_bd7,0.27801016198764716,0.01792607327189095,0.05991609894850154,-0.0795322317466601,-0.6559094624031521,-0.020656555825783074,0.031081224937537604,-0.09962569169360835,-0.2663748258331391,-0.011153382844756043,0
B,core-2m/same_sector_slide3m_noscreen,core-12m/cross_sector_slide3m_noscreen,0.029913719452182,0.004577440187092718,0.07736106199883222,-0.11602776237362547,-0.39818467957584347,-0.020896892683108015,0.04990398487727064,-0.200364788276706,-0.22899407586387105,-0.014435640567314213,0
B,core-2m/same_sector_slide3m_noscreen,core-12m/cross_sector_slide3m_bd7,-0.09677928561377738,-0.0049202966280884166,0.062215808606256084,-0.10737305613504773,-0.16096685396692612,-0.006969678946622704,0.038768576829223876,-0.07555791095110409,-0.12545938257429762,-0.0065302918362108555,0
B,core-12m/cross_sector_slide1m_noscreen,core-2m/same_sector_slide3m_noscreen,0.282114415477135,0.020146173732870067,0.0683115512141648,-0.08406715689110056,-0.5377465429376456,-0.0235854461524454,0.042685084254887574,-0.15639114974261858,-0.22848440756243882,-0.012438038477160563,0
B,core-12m/cross_sector_slide1m_bd7,core-2m/same_sector_slide3m_noscreen,0.2789110789576731,0.017101418714787632,0.05238678624039914,-0.06492583543367189,-0.3396919058567511,-0.012263928814211789,0.03456030081151641,-0.07701437886706286,-0.10684146748995087,-0.004598871500605628,0
B,sp500-12m/same_sector_slide3m_noscreen,core-2m/same_sector_slide3m_noscreen,0.3004959395318066,0.02428972011026089,0.07142891428385874,-0.08780786999066163,0.04954809373266496,0.0012267384418280791,0.049165162362565316,-0.11618542279511268,0.14822380292299808,0.007321389789758603,0
B,core-2m/same_sector_slide3m_noscreen,sp500-12m/same_sector_slide3m_bd7,0.41309434109664467,0.02756275109298718,0.06433099309837467,-0.0808174982969152,-0.11556313861187129,-0.005230110485781703,0.03883903831170059,-0.08234044370128923,0.07983531757934673,0.002959631349440506,0
B,sp500-12m/same_sector_slide1m_noscreen,core-2m/same_sector_slide3m_noscreen,0.9887659629377993,0.06751526050564394,0.06841114654832627,-0.05573759176744446,-0.1258979651910312,-0.0056991454685418885,0.03925931850205324,-0.09486659034655687,0.2928109180370361,0.013177017544337843,0
B,sp500-12m/same_sector_slide1m_bd7,core-2m/same_sector_slide3m_noscreen,0.5600228898557162,0.03208756825925372,0.057537377203993635,-0.06701257361963535,-0.17962811368981327,-0.006493656141502102,0.03318919561296149,-0.08508174576198402,0.09973280492586646,0.0034072949975373136,0
B,sp500-12m/cross_sector_slide3m_noscreen,core-2m/same_sector_slide3m_noscreen,0.49144121516526307,0.03834572493204349,0.06717332867723659,-0.07933427203446623,-0.2631917005488811,-0.018062417625793525,0.06181835135353399,-0.1371870885931178,-0.03670414091621626,-0.003740796135428792,0
B,sp500-12m/cross_sector_slide3m_bd7,core-2m/same_sector_slide3m_noscreen,1.1342657842334485,0.06578476370625679,0.058167780537275095,-0.046816901405793844,0.27573632125313563,0.01337851681120128,0.05356956826826234,-0.11407448409544374,0.498708517296234,0.026477872474891483,0
B,sp500-12m/cross_sector_slide1m_noscreen,core-2m/same_sector_slide3m_noscreen,0.8640944663005559,0.046211258201326585,0.05399109289679355,-0.05228344044176845,0.40500530265835966,0.016222527072611737,0.04190727210637535,-0.07402953952374558,0.5424654685981507,0.02393933596808333,0
B,sp500-12m/cross_sector_slide1m_bd7,core-2m/same_sector_slide3m_noscreen,0.9865685241660176,0.050210994542258455,0.05091652038291178,-0.033504819034309886,0.4259860984942038,0.015205534931926667,0.03704525931289839,-0.069845845053365,0.6000033226755521,0.02418719304628376,0
B,core-2m/same_sector_slide1m_noscreen,core-2m/same_sector_slide3m_bd7,0.7622724040320208,0.03753521898011529,0.047402814944836835,-0.047624700382419484,-0.4080193449106434,-0.015108713429464848,0.03574215364490207,-0.13887650398374618,-0.019069818877006206,-0.0012678746842499367,0
B,core-2m/same_sector_slide1m_bd7,core-2m/same_sector_slide3m_bd7,0.6483624525944305,0.028175908597893116,0.04354381506114398,-0.04612785134550366,-0.6091239855672304,-0.019282370370377167,0.031164323376566317,-0.09647278917938173,-0.2070906629729928,-0.007702974768697657,0
B,core-2m/cross_sector_slide3m_noscreen,core-2m/same_sector_slide3m_bd7,0.18060542984929992,0.009471288519050214,0.06631819768559338,-0.10194446128022998,-0.43857793855310984,-0.031105044116435443,0.06675568724467455,-0.1636519125567737,-0.2757786260813039,-0.020470558978222787,0
B,core-2m/same_sector_slide3m_bd7,core-2m/cross_sector_slide3m_bd7,0.05562839690834381,0.0013261753832874757,0.06213329466088158,-0.07691753412409012,-0.28573733309441324,-0.021912731695013288,0.06883261287670074,-0.11272164371619031,-0.20591497022685226,-0.01606726042621951,0
B,core-2m/cross_sector_slide1m_noscreen,core-2m/same_sector_slide3m_bd7,0.3834157649942516,0.018016539661305963,0.050232432825014064,-0.08689669038386512,-0.9614472055780979,-0.035360004740352946,0.03673595810207385,-0.17567159660995635,-0.5139823352600517,-0.021559240898795018,0
B,core-2m/same_sector_slide3m_bd7,core-2m/cross_sector_slide1m_bd7,-0.1408267525726507,-0.007419629348452928,0.047601454876367216,-0.06672046185655252,-0.4688077418007871,-0.01581424981812063,0.03284346061676237,-0.07757274407329728,-0.3550361007278885,-0.013780470438561654,0
B,core-2m/same_sector_slide3m_bd7,sp500-2m/same_sector_slide3m_noscreen,0.7221570254615559,0.03908687628948593,0.055276607905326604,-0.07669254202421542,-0.17172921846858674,-0.009087252021832137,0.046796262758072055,-0.14532821861347367,0.09024590259632677,0.003230652100974174,0
B,core-2m/same_sector_slide3m_bd7,sp500-2m/same_sector_slide3m_bd7,0.4685614882548572,0.021241274352516704,0.043217137421040594,-0.04847133431000339,0.026228237711508496,0.00030391105852323186,0.0352516717820082,-0.08257258060372119,0.16706944363051285,0.005746867208891437,0
B,core-2m/same_sector_slide3m_bd7,sp500-2m/same_sector_slide1m_noscreen,0.2021487603052913,0.00799607236807256,0.0493525352730501,-0.0882231069694784,0.054020374658134786,0.0012137081221124113,0.03181718033006598,-0.07493894022452452,0.10032816740841728,0.0029387466850685495,0
B,core-2m/same_sector_slide3m_bd7,sp500-2m/same_sector_slide1m_bd7,0.1924327242821193,0.009139124941342325,0.04474816979797881,-0.06406771043119971,0.16303826018569464,0.004013730410050487,0.026761271645381265,-0.04912564894157767,0.17277816819636843,0.00529966515333109,0
B,core-2m/same_sector_slide3m_bd7,sp500-2m/cross_sector_slide3m_noscreen,-0.31972043649732323,-0.01996722941662419,0.060934805258727076,-0.09895761678500632,-0.44557710294333713,-0.026809412514948727,0.057311618159516194,-0.12845318920643511,-0.41027095595091556,-0.02516646580674329,0
B,core-2m/same_sector_slide3m_bd7,sp500-2m/cross_sector_slide3m_bd7,-0.41476766779023944,-0.02440528058142679,0.05839378389241847,-0.08429133495841927,0.2612081636214727,0.010332824670206353,0.04285161440513164,-0.07731210310851466,0.03811521142162702,0.0007359957927295602,0
B,core-2m/same_sector_slide3m_bd7,sp500-2m/cross_sector_slide1m_noscreen,0.17012301849968658,0.007067323562318451,0.051246437159665745,-0.06808701558694685,-0.6912794555588808,-0.023271782273568742,0.03326254951980213,-0.14413608199503347,-0.3848022281156473,-0.015583314325570785,0
B,core-2m/same_sector_slide3m_bd7,sp500-2m/cross_sector_slide1m_bd7,-0.2111196713694584,-0.012156283521499556,0.05008752016326444,-0.06971462021389,-0.020021628511722643,-0.0007649498852022596,0.023935576748140088,-0.06233916841018261,-0.09412782192307992,-0.0036749260757570346,0
B,core-2m/same_sector_slide3m_bd7,core-12m/same_sector_slide3m_noscreen,0.4467794650718039,0.018063390320413264,0.037367779982163896,-0.0408749500408496,-0.7100026095021146,-0.020259896781847808,0.028265506939305844,-0.10244658832335352,-0.3511425272307342,-0.011053104544687376,0
B,core-2m/same_sector_slide3m_bd7,core-12m/same_sector_slide3m_bd7,0.7264359683758619,0.030170530070794576,0.046108847022922304,-0.046089900325540965,-0.3721886039914121,-0.009496911190265078,0.024813357229895267,-0.05120722956716295,0.038089010438017934,0.0003866640976066593,0
B,core-2m/same_sector_slide3m_bd7,core-12m/same_sector_slide1m_noscreen,0.22357363125597537,0.009703027727739056,0.034565187255003856,-0.04848591780083702,-0.5719952506976212,-0.013692915437362285,0.02361708804588146,-0.08467289461863714,-0.30772576652260764,-0.0082816254517873,0
B,core-2m/same_sector_slide3m_bd7,core-12m/same_sector_slide1m_bd7,0.3654095155800029,0.015671725016818305,0.04677751173249646,-0.04745426701126774,-0.39068084323502195,-0.008190996052815591,0.02051498606350402,-0.0508294756617943,-0.06721637142875062,-0.0024299336664274974,0
B,core-2m/same_sector_slide3m_bd7,core-12m/cross_sector_slide3m_noscreen,-0.022007669629111982,0.0011210683765848107,0.0675121679509572,-0.09503987852520215,-0.7015076951428164,-0.028388960294327248,0.03991677106035866,-0.17750706241623637,-0.42377697781859547,-0.020972464234533805,0
B,core-2m/same_sector_slide3m_bd7,core-12m/cross_sector_slide3m_bd7,0.14378874985852058,0.00895875646013875,0.0554137996508056,-0.0754831723395563,0.0792204065266597,0.0020051103078777555,0.0315622669411308,-0.04723649511911232,0.10400773353982704,0.0035409113690288764,0
B,core-12m/cross_sector_slide1m_noscreen,core-2m/same_sector_slide3m_bd7,0.34292601586750615,0.019193313801546475,0.056860915954786984,-0.062945714765489,-0.5516004088975911,-0.01885514907169672,0.033491858362024195,-0.1331087477582793,-0.2111917739401213,-0.009303536550659009,0
B,core-12m/cross_sector_slide1m_bd7,core-2m/same_sector_slide3m_bd7,0.42395086144078,0.020167573875496524,0.048514078084648464,-0.04877929416154945,0.06911566221853382,0.0014131450562862025,0.0249146403725377,-0.038875518582668134,0.20064906942733512,0.006079248719748543,0
B,sp500-12m/same_sector_slide3m_noscreen,core-2m/same_sector_slide3m_bd7,0.7340528315690182,0.05102625062398016,0.06718485989959025,-0.05963646258464792,0.4675466649361998,0.01956185305096314,0.04345562063751689,-0.10033423462218816,0.5539513228393791,0.027483974990446126,0
B,core-2m/same_sector_slide3m_bd7,sp500-12m/same_sector_slide3m_bd7,0.8658522771147241,0.04431716214632542,0.050848926090940307,-0.044661277801362975,-0.10286248291378333,-0.004437656749767482,0.03668291484334017,-0.09195723965209512,0.2063663186293465,0.007717195433994339,0
B,sp500-12m/same_sector_slide1m_noscreen,core-2m/same_sector_slide3m_bd7,1.0603778152520906,0.06322034256847653,0.05908268391375369,-0.040848189415775504,0.20440869614881482,0.006360187823996055,0.03381430626093282,-0.07648977746707775,0.5141647232919767,0.020964469439189372,0
B,sp500-12m/same_sector_slide1m_bd7,core-2m/same_sector_slide3m_bd7,0.6974956141174736,0.033227577572347664,0.047621652347932364,-0.047464542315547066,0.15097065423756292,0.003759643156497683,0.027332173390115105,-0.042961423427455014,0.3443036050892947,0.011171749811613018,0
B,sp500-12m/cross_sector_slide3m_noscreen,core-2m/same_sector_slide3m_bd7,0.7503300673187832,0.044135266255114346,0.05836136632562141,-0.051986711397671456,-0.3357970030390321,-0.02211013113274407,0.06091424236451444,-0.18124722029514984,-0.061282432209781926,-0.005416730574543482,0
B,sp500-12m/cross_sector_slide3m_bd7,core-2m/same_sector_slide3m_bd7,0.8493808927756497,0.04395121317901918,0.05395499527733112,-0.04770758170898117,0.21731509566701618,0.010379058473126701,0.05462078669957766,-0.1095015915189832,0.35753810415732634,0.018189613230149025,0
B,sp500-12m/cross_sector_slide1m_noscreen,core-2m/same_sector_slide3m_bd7,0.7539669247895118,0.03513935291547217,0.04673724876825942,-0.04422033419532763,0.08351820721254222,0.002420541540114174,0.03728380831290552,-0.07486280619688357,0.2873547745171538,0.010786609112238743,0
B,sp500-12m/cross_sector_slide1m_bd7,core-2m/same_sector_slide3m_bd7,0.7032909251749677,0.03195245530304245,0.04704761241917157,-0.0469684501447837,0.4762315816883309,0.013917188386449064,0.029968102199580657,-0.04234480979513977,0.536268107558086,0.018214278119354298,0
B,core-2m/same_sector_slide1m_bd7,core-2m/same_sector_slide1m_noscreen,0.7905910425404336,0.03490854061546318,0.04343235103655361,-0.04720616203753125,-0.2680825029523614,-0.009452395616384224,0.0333468611092384,-0.09992352699224538,0.07508994661188285,0.0022275207978872612,0
B,core-2m/same_sector_slide1m_noscreen,core-2m/cross_sector_slide3m_noscreen,0.6811969620153149,0.043750605280681976,0.0630092894979274,-0.07327864409994922,-0.4525197923439708,-0.031580832420123994,0.06592093493049021,-0.18209532481477386,-0.15314105893344374,-0.011926184105584482,0
B,core-2m/same_sector_slide1m_noscreen,core-2m/cross_sector_slide3m_bd7,0.714179369948799,0.03497476684901333,0.04875280209777165,-0.04843598508788836,-0.39407649712398357,-0.024791711981073772,0.059057579779805774,-0.13751874565671318,-0.13269695777439433,-0.009059389390918483,0
B,core-2m/cross_sector_slide1m_noscreen,core-2m/same_sector_slide1m_noscreen,0.7851727848282191,0.04371131135861903,0.05639964951919787,-0.07007198064820308,-0.679840925175134,-0.02565033860393373,0.037200667756537804,-0.1708947273331941,-0.15236053939949495,-0.007429704910883861,0
B,core-2m/same_sector_slide1m_noscreen,core-2m/cross_sector_slide1m_bd7,0.19187537489488346,0.00943914214333461,0.0517493058657257,-0.06720037805761188,-0.08955898476803098,-0.0031689509309362762,0.030300513864314052,-0.0673393894325004,0.022760539111232166,0.0002950312670795041,0
B,core-2m/same_sector_slide1m_noscreen,sp500-2m/same_sector_slide3m_noscreen,0.9473723013113549,0.054584923615007594,0.05523639864766927,-0.04592850639147474,-0.45823593070501595,-0.02270149747758654,0.04763315515898684,-0.16020764335237136,-0.032150897719577805,-0.002605573824288232,0
B,core-2m/same_sector_slide1m_noscreen,sp500-2m/same_sector_slide3m_bd7,0.6784730586220487,0.028835402655248598,0.04295983416751997,-0.045250378721356,0.013712955631632169,-0.00014417853181958318,0.035532831488040824,-0.08957768577381708,0.21877016946015565,0.0075857480000934615,0
B,core-2m/same_sector_slide1m_noscreen,sp500-2m/same_sector_slide1m_noscreen,0.7582575122789672,0.03633388792106844,0.04956309484125104,-0.05434771310912898,0.3297409042169749,0.011193024937615759,0.035686346681953085,-0.09669337011831836,0.4678595386094463,0.017961717382782273,0
B,core-2m/same_sector_slide1m_noscreen,sp500-2m/same_sector_slide1m_bd7,0.5803095776001499,0.025071461095091153,0.0436555443340612,-0.04546537500688823,-0.3073703487533673,-0.009924113497490672,0.030892719107591036,-0.089224451503359,-0.0019138808335317358,-0.0006194349746825977,0
B,core-2m/same_sector_slide1m_noscreen,sp500-2m/cross_sector_slide3m_noscreen,0.14029023216011544,0.006277113061374373,0.05777111130139508,-0.07583478447597503,-0.716622007813477,-0.03741304181383076,0.05136300366828194,-0.2061602865892015,-0.4666951681301678,-0.025878562915676983,0
B,core-2m/same_sector_slide1m_noscreen,sp500-2m/cross_sector_slide3m_bd7,-0.012945896522091738,-0.0006984163897053808,0.054921190923429876,-0.07101897136444682,0.14938421329965101,0.005135589776563254,0.03948070993210868,-0.11152836233438479,0.10264425573236136,0.0037491308338201135,0
B,core-2m/same_sector_slide1m_noscreen,sp500-2m/cross_sector_slide1m_noscreen,0.3882470688902874,0.018875026686774366,0.05147352468368298,-0.056042618194504935,-0.9059523453680776,-0.03390337572969038,0.037300144323755294,-0.17865228896699858,-0.4670124763258426,-0.020021059285544186,0
B,core-2m/same_sector_slide1m_noscreen,sp500-2m/cross_sector_slide1m_bd7,-0.006493830769574988,-0.001055731285250916,0.05417799708680038,-0.07097621031884742,-0.5021128991942952,-0.014111730089300334,0.027548459503434455,-0.09754802918563121,-0.27597734071526786,-0.01052992891503437,0
B,core-2m/same_sector_slide1m_noscreen,core-12m/same_sector_slide3m_noscreen,0.712086716531956,0.029257714857686024,0.04114508617382185,-0.045033146557576134,-0.5459312510166902,-0.017981055915191613,0.03227952654178701,-0.11460128110662027,-0.14702727017979597,-0.005588398645137871,0
B,core-2m/same_sector_slide1m_noscreen,core-12m/same_sector_slide3m_bd7,0.8773884503252859,0.03388151832201536,0.03893496193261327,-0.040558989666958055,-0.23647361738655373,-0.007289600407790253,0.02913977183625919,-0.05867009349830998,0.12176806570963516,0.0035828671145620382,0
B,core-2m/same_sector_slide1m_noscreen,core-12m/same_sector_slide1m_noscreen,0.6028170769964907,0.025719118515243,0.04232377536937682,-0.04702248768991515,-0.3281507102956596,-0.009873089582863481,0.028955749505989475,-0.07790283108835594,-0.002959077678906277,-0.00048557878236301646,0
B,core-2m/same_sector_slide1m_noscreen,core-12m/same_sector_slide1m_bd7,0.7671352503759455,0.03158120671567408,0.04029477007721957,-0.04465145090266025,-0.25149894553615243,-0.006916294353806696,0.026224316633248396,-0.05985309645155901,0.1153107203978155,0.0032778205186136276,0
B,core-2m/same_sector_slide1m_noscreen,core-12m/cross_sector_slide3m_noscreen,0.3349660056557841,0.024717890198667148,0.06689194359292246,-0.08770606499550801,-0.30395143840825456,-0.01368930996699469,0.04239113085678824,-0.17252676858861593,-0.057402224251582666,-0.0035417632218114558,0
B,core-2m/same_sector_slide1m_noscreen,core-12m/cross_sector_slide3m_bd7,0.6429593546901925,0.03060454834982824,0.04716694242532539,-0.054195714239003025,0.05670590293079191,0.0013460719362454743,0.03382673582157513,-0.06653009792811049,0.25623469241330243,0.009169328237977581,0
B,core-2m/same_sector_slide1m_noscreen,core-12m/cross_sector_slide1m_noscreen,0.6565412257751485,0.03846373199225965,0.059640904543768726,-0.06416289700274916,-0.4626107070955402,-0.017915980010919874,0.03755180225755478,-0.1386480548184853,-0.050605121322299065,-0.0031616566469864216,0
B,core-2m/same_sector_slide1m_noscreen,core-12m/cross_sector_slide1m_bd7,0.4130078875339535,0.019780212760245774,0.04840595617655512,-0.06809498794822724,-0.2861115632236286,-0.008942717196644301,0.029836800494576668,-0.06777623275413591,-0.023262322139679263,-0.0013270271290114933,0
B,core-2m/same_sector_slide1m_noscreen,sp500-12m/same_sector_slide3m_noscreen,0.8706014481534929,0.05846571757457682,0.067602112447948,-0.06139739804179452,0.49885017662644043,0.02212123767796781,0.04598148632355155,-0.1032513328062804,0.6177671631183761,0.031693816348989844,0
B,core-2m/same_sector_slide1m_noscreen,sp500-12m/same_sector_slide3m_bd7,0.8978352214626077,0.04530113911189311,0.050045076333741986,-0.04856025239832207,0.33701609234590446,0.011367743667833441,0.0354021168681279,-0.07620884034486153,0.5235055144620302,0.02041024806330145,0
B,sp500-12m/same_sector_slide1m_noscreen,core-2m/same_sector_slide1m_noscreen,1.075727133622544,0.06955143691878463,0.06420113693932619,-0.05855137445718135,0.08185175232176374,0.00233861972734295,0.03682260028158092,-0.0758827104850589,0.4513182003647668,0.019856799419266213,0
B,core-2m/same_sector_slide1m_noscreen,sp500-12m/same_sector_slide1m_bd7,0.7961427724562624,0.041381653590830944,0.05186412746715272,-0.05594334388647226,0.15716321652747645,0.004347227993793723,0.030577968164367836,-0.06106605163528689,0.3911922834378493,0.014172704266635704,0
B,core-2m/same_sector_slide1m_noscreen,sp500-12m/cross_sector_slide3m_noscreen,0.9279320794113943,0.05383215354412916,0.05826214906070846,-0.04971565546568206,-0.10402715742086512,-0.00550649865978281,0.04383722337846172,-0.1036705149116477,0.22749555070531122,0.009985686936996085,0
B,core-2m/same_sector_slide1m_noscreen,sp500-12m/cross_sector_slide3m_bd7,0.985918256344464,0.047491355727748985,0.051218832971158514,-0.05071770978452368,0.19842770714396293,0.008667564897959723,0.050016007284727104,-0.10213052876309503,0.3963092778167314,0.018795023588557714,0
B,sp500-12m/cross_sector_slide1m_noscreen,core-2m/same_sector_slide1m_noscreen,1.1374851145961415,0.05999419870749669,0.051960397815768465,-0.042197081321988385,0.4217429149880974,0.014449446456654913,0.035512424625565885,-0.061997536037604384,0.6577499574361985,0.026266977112105617,0
B,sp500-12m/cross_sector_slide1m_bd7,core-2m/same_sector_slide1m_noscreen,1.2530985267932286,0.05746608370993598,0.045129195363078065,-0.027770657128449904,0.3247340079402511,0.009827614232631454,0.03166523089830989,-0.054872991660866455,0.6325409406961849,0.022314630265346302,0
B,core-2m/same_sector_slide1m_bd7,core-2m/cross_sector_slide3m_noscreen,0.0003568212032476592,0.001234366895292327,0.05877707317675411,-0.10469655397953134,-0.49738157503932967,-0.03255424191011558,0.06244506865167122,-0.1829577329234875,-0.3604323043293433,-0.02370206969697184,0
B,core-2m/same_sector_slide1m_bd7,core-2m/cross_sector_slide3m_bd7,0.294862924805377,0.010677675297075574,0.04390874039327086,-0.05824854356950071,-0.21312795599343937,-0.007038927321618038,0.030898077252960815,-0.08368695994471353,-0.058837823106905496,-0.002760316256889084,0
B,core-2m/cross_sector_slide1m_noscreen,core-2m/same_sector_slide1m_bd7,0.1984011342077911,0.008303444527998537,0.04589358556595411,-0.08289167934693369,-0.5464271569464267,-0.017012894204790907,0.030545961783449472,-0.10574300081148624,-0.27939296330803814,-0.010399084664726476,0
B,core-2m/same_sector_slide1m_bd7,core-2m/cross_sector_slide1m_bd7,-0.0007275996972847754,-0.0005477630655273957,0.04300297857348742,-0.05956709094442947,-0.0284186156225622,-0.0010818777053214212,0.02608542149602267,-0.054463110712588914,-0.019415307643554824,-0.0010649016765999831,0
B,core-2m/same_sector_slide1m_bd7,sp500-2m/same_sector_slide3m_noscreen,0.6467390417949763,0.03389150735231561,0.05042777533248914,-0.06598495391406897,-0.09518508052145398,-0.005003657247278359,0.042997120133825284,-0.11208437645111691,0.12855515195256006,0.004999210794889764,0
B,core-2m/same_sector_slide1m_bd7,sp500-2m/same_sector_slide3m_bd7,0.7177940007207464,0.0261747608510269,0.03613120127516821,-0.03916797153272937,0.23889010933020985,0.006813376340330191,0.030348993435488386,-0.07453115775027053,0.3801015653113439,0.011746553700977325,0
B,core-2m/same_sector_slide1m_bd7,sp500-2m/same_sector_slide1m_noscreen,0.2671426802427574,0.009218293275618983,0.03951900752734048,-0.07478811871158297,0.4384339022758807,0.013538135395770645,0.03182612601965695,-0.061774751801754735,0.3790637293097724,0.012349259552099978,0
B,core-2m/same_sector_slide1m_bd7,sp500-2m/same_sector_slide1m_bd7,0.3014655348581926,0.010011483897979989,0.03367934496971519,-0.05409223620125767,0.23499624173157957,0.0053781776146946125,0.024054179259121684,-0.04109820260153385,0.25429443866923596,0.006539349395325855,0
B,core-2m/same_sector_slide1m_bd7,sp500-2m/cross_sector_slide3m_noscreen,0.2591957283126964,0.011792398858199072,0.0518536342288067,-0.07427498339960506,-0.48360248256708205,-0.02590481717565296,0.05152965955383985,-0.14401115442440304,-0.28858376421124016,-0.016104091497833827,0
B,core-2m/same_sector_slide1m_bd7,sp500-2m/cross_sector_slide3m_bd7,-0.14470765117515674,-0.007054745690265607,0.05037486788059766,-0.07381071266136677,0.15413090936547774,0.005078068640730127,0.037366535699858684,-0.1010279284558,0.06322008634519663,0.0018850980273509067,0
B,core-2m/same_sector_slide1m_bd7,sp500-2m/cross_sector_slide1m_noscreen,0.11990075104657916,0.005084297712493857,0.04970805680363999,-0.07589891466752914,-0.4931557326418049,-0.015409709469249244,0.03054412481271708,-0.11870753604993567,-0.2594110563289932,-0.010062659297035736,0
B,core-2m/same_sector_slide1m_bd7,sp500-2m/cross_sector_slide1m_bd7,-0.036343627864391014,-0.002645643103558237,0.04587999114878066,-0.06473160955493902,-0.14153390263927443,-0.003533517510687312,0.02312367581295175,-0.07878400891424053,-0.09373271513236596,-0.0033392710718056716,0
B,core-2m/same_sector_slide1m_bd7,core-12m/same_sector_slide3m_noscreen,0.6021904980594738,0.016250972564410392,0.027621146192794942,-0.03412957849351119,-0.6322458358283171,-0.015181422475532558,0.02374976005010111,-0.10083558391758429,-0.29899415464198087,-0.007677945127682828,0
B,core-2m/same_sector_slide1m_bd7,core-12m/same_sector_slide3m_bd7,0.6662809325322754,0.017043236710122932,0.027340736727646354,-0.03559752410560213,-0.3122168869745487,-0.006663865686299286,0.020727738192686498,-0.04821463299326889,-0.030798960893837636,-0.0010196155848972265,0
B,core-2m/same_sector_slide1m_bd7,core-12m/same_sector_slide1m_noscreen,0.5437555978248862,0.014051798762482592,0.025971276685518567,-0.0356226010180696,-0.32898646967719,-0.00691914500927493,0.02046831536350957,-0.0706393473112793,-0.0741784569494138,-0.0018563620829397775,0
B,core-2m/same_sector_slide1m_bd7,core-12m/same_sector_slide1m_bd7,0.5420940528191094,0.016684226035415684,0.031305166622787026,-0.03918423536903681,-0.11402554945455752,-0.002241969088993656,0.01822814933086974,-0.034982103023476485,0.11350008040478507,0.0022669194287017634,0
B,core-2m/same_sector_slide1m_bd7,core-12m/cross_sector_slide3m_noscreen,0.2644291495148924,0.014728168823332565,0.0551151648293293,-0.07074395694708299,-0.2658467177527536,-0.010662331197790698,0.03765768587301975,-0.12519504651559754,-0.07915720891646878,-0.0041365389190887395,0
B,core-2m/same_sector_slide1m_bd7,core-12m/cross_sector_slide3m_bd7,0.35444356305306807,0.01488366602984097,0.047304885626152135,-0.06339922961013485,0.1480158737294829,0.003733240703181373,0.02778263826000493,-0.052962017461967936,0.20954790333951698,0.006392785037551673,0
B,core-2m/same_sector_slide1m_bd7,core-12m/cross_sector_slide1m_noscreen,0.4489514946117124,0.023104082854649554,0.05304074341873586,-0.06150145869044001,-0.5138211975800073,-0.01745339330821205,0.03319527117458052,-0.1284712390176358,-0.16114744270219925,-0.0070765847567408665,0
B,core-2m/same_sector_slide1m_bd7,core-12m/cross_sector_slide1m_bd7,0.5767791738890041,0.025809918818282807,0.04532064837840294,-0.05009015767065108,-0.07212502364743302,-0.002054095643773901,0.02438831842288119,-0.058637669160647055,0.16609121153441722,0.00469324887398428,0
B,core-2m/same_sector_slide1m_bd7,sp500-12m/same_sector_slide3m_noscreen,0.7973918029812752,0.048558624092631474,0.06058668275401846,-0.050080635681969875,0.3783616325855387,0.015197318290482098,0.042219132871765375,-0.08831904596134166,0.513449224134344,0.0238487200457572,0
B,core-2m/same_sector_slide1m_bd7,sp500-12m/same_sector_slide3m_bd7,0.8857709382992128,0.03568309115339101,0.040738103037408734,-0.03836773528227235,0.1552484412850152,0.004436318292641461,0.03176706431041239,-0.07022986867618597,0.3688598535559119,0.012155102457684253,0
B,sp500-12m/same_sector_slide1m_noscreen,core-2m/same_sector_slide1m_bd7,1.0279478473815162,0.058319322688039764,0.056265250604174866,-0.03523825581887161,0.3324776487660438,0.010445816329207158,0.03288185955675834,-0.06050730973000751,0.5765019738149696,0.02277558490480729,0
B,core-2m/same_sector_slide1m_bd7,sp500-12m/same_sector_slide1m_bd7,0.628149939362892,0.026336469559294962,0.042017947169527156,-0.043715177329668876,0.4309870300546068,0.011307621341189122,0.0269314074654504,-0.03949476826396714,0.4869589306027712,0.014982915117178397,0
B,core-2m/same_sector_slide1m_bd7,sp500-12m/cross_sector_slide3m_noscreen,0.6888513066255628,0.034968504751437604,0.05191098232118774,-0.040678613044133824,0.1839370035469127,0.006474874274833731,0.039281818424190075,-0.07563430972081497,0.3361691466155464,0.013751164636500812,0
B,core-2m/same_sector_slide1m_bd7,sp500-12m/cross_sector_slide3m_bd7,0.8444939954828744,0.035021958633812876,0.046422718283028234,-0.045626774136219274,0.05649725724192892,0.0015259546300496751,0.04929162336478638,-0.12052334422644295,0.22053693460609974,0.009460459386820164,0
B,sp500-12m/cross_sector_slide1m_noscreen,core-2m/same_sector_slide1m_bd7,0.8730518309283475,0.0398719317785519,0.045461852694908975,-0.035407962824456615,0.4427282225446599,0.014336223716768792,0.03341317043592174,-0.0533895507543104,0.5772595580238302,0.02091508242729607,0
B,core-2m/same_sector_slide1m_bd7,sp500-12m/cross_sector_slide1m_bd7,0.6785952646830515,0.026720324982606947,0.04135057316639159,-0.038304707857471934,0.0766407113390706,0.0017923106938129152,0.02879880496227124,-0.06837928654069014,0.2604045425680733,0.007847805505593008,0
B,core-2m/cross_sector_slide3m_noscreen,core-2m/cross_sector_slide3m_bd7,0.5223930484930503,0.04037412465096124,0.08683405670485692,-0.10984543338979329,0.0206297717045567,-0.0014891285304637902,0.07652060683940841,-0.12057778763190563,0.16485447412206672,0.009737226198199566,0
B,core-2m/cross_sector_slide1m_noscreen,core-2m/cross_sector_slide3m_noscreen,0.7210333925646524,0.05262555909227049,0.07404865625557473,-0.08679730132913017,-0.19466830257224507,-0.015520860585767626,0.06799217875390053,-0.13710727579922422,0.06732704511448459,0.0022562212844430495,0
B,core-2m/cross_sector_slide3m_noscreen,core-2m/cross_sector_slide1m_bd7,0.1678696534956713,0.009326654439851123,0.07176628480465945,-0.0982307520789892,-0.12728491649942786,-0.010166932097271375,0.06362519191968698,-0.11446859525466224,-0.041620011960838615,-0.0049660821532966585,0
B,core-2m/cross_sector_slide3m_noscreen,sp500-2m/same_sector_slide3m_noscreen,0.6710727998254856,0.05415145574877307,0.08337075810726575,-0.11292477279771444,-0.21153332707284392,-0.01740041920532287,0.07074209289088242,-0.16550069001157575,0.05298051631963541,0.0011647618448014986,0
B,core-2m/cross_sector_slide3m_noscreen,sp500-2m/same_sector_slide3m_bd7,0.5459799441849114,0.03740188564599232,0.07082788605030184,-0.08176133583852219,-0.12987173569217517,-0.01090871416128536,0.06665437781859301,-0.15090928277400162,0.0619394779384429,0.001898025801116754,0
B,core-2m/cross_sector_slide3m_noscreen,sp500-2m/same_sector_slide1m_noscreen,0.31147272828254835,0.018081306834946843,0.07507696996404115,-0.11518178345983239,-0.1156392113421924,-0.009020882322446688,0.06135563531906682,-0.1320233671234986,0.00931961627998466,-0.0018212547039084593,0
B,core-2m/cross_sector_slide3m_noscreen,sp500-2m/same_sector_slide1m_bd7,0.44984134885932886,0.026159232842731518,0.07207594186062863,-0.10002189927231522,-0.0884110294118455,-0.007373916586694285,0.061423700073949615,-0.11063564985759045,0.06227115051879476,0.0015406139667113016,0
B,core-2m/cross_sector_slide3m_noscreen,sp500-2m/cross_sector_slide3m_noscreen,0.5014277698568954,0.03685675276555522,0.08765731485793424,-0.10598492237701662,-0.17800404572150072,-0.012788652273759249,0.06159540243552689,-0.1374659772240291,0.03624314544609171,-0.00023648113664964665,0
B,core-2m/cross_sector_slide3m_noscreen,sp500-2m/cross_sector_slide3m_bd7,0.21840865400550347,0.009594691937682188,0.07749397767849545,-0.09925284928131954,0.10864464522194597,0.004338364541518702,0.05274851453153557,-0.1084164108107204,0.13560951841120078,0.005872400271448553,0
B,core-2m/cross_sector_slide3m_noscreen,sp500-2m/cross_sector_slide1m_noscreen,0.4103292908317958,0.02821988291834141,0.0750428587440611,-0.09919359956223106,-0.2065631362541444,-0.015301075796731789,0.06424415567097422,-0.16356768631318364,-0.02754416189203125,-0.004176298925020294,0
B,core-2m/cross_sector_slide3m_noscreen,sp500-2m/cross_sector_slide1m_bd7,0.3969327840170571,0.02492182534456393,0.074719253360826,-0.10347909133357396,-0.1963429709957812,-0.013337578195231181,0.05906582576398902,-0.1507194115263597,-0.020001510128519133,-0.0035295506441706203,0
B,core-2m/cross_sector_slide3m_noscreen,core-12m/same_sector_slide3m_noscreen,0.2598619487645088,0.020317767027514044,0.062461864721799785,-0.09084567223643274,-0.2870599661328732,-0.0210139740991494,0.06606791780888974,-0.1378938016157738,-0.13271425245745144,-0.010469263520250816,0
B,core-2m/cross_sector_slide3m_noscreen,core-12m/same_sector_slide3m_bd7,0.4090372576885636,0.031167970118436018,0.07249960925886949,-0.09620033334238645,-0.3623250798329718,-0.02494588893138938,0.06384016791233565,-0.1598481893235486,-0.13725187035939174,-0.010922275181356179,0
B,core-2m/cross_sector_slide3m_noscreen,core-12m/same_sector_slide1m_noscreen,0.4475331148415651,0.03613640835676642,0.06341272436378838,-0.08332760087837592,-0.05491014963055116,-0.005518860676549386,0.0630348239109921,-0.11059001151706305,0.1002809001643715,0.004896867349166656,0
B,core-2m/cross_sector_slide3m_noscreen,core-12m/same_sector_slide1m_bd7,-0.006388220334440198,0.004442783422059527,0.06532548914988441,-0.09411338694820796,-0.3111551040809144,-0.020079206974721875,0.059253740290186735,-0.13404185481765718,-0.2054598685732169,-0.013865672649890004,0
B,core-2m/cross_sector_slide3m_noscreen,core-12m/cross_sector_slide3m_noscreen,0.004396607592877522,-0.002983030235323314,0.08076402133386283,-0.12234583518916657,-0.2560885721425447,-0.020211045381362536,0.06986522433605097,-0.17716189032584728,-0.17659395488826646,-0.015452411220610075,0
B,core-2m/cross_sector_slide3m_noscreen,core-12m/cross_sector_slide3m_bd7,0.23094489391015896,0.0148812771901633,0.06723443621456,-0.0907857865871207,-0.1104333674453079,-0.009037601736694767,0.06326694262140141,-0.12028784554428174,-0.010328743193402521,-0.002684184332885553,0
B,core-12m/cross_sector_slide1m_noscreen,core-2m/cross_sector_slide3m_noscreen,0.8225312342696952,0.054711407106149815,0.06713339831194762,-0.0646764885571963,-0.2575763861198742,-0.018889472183624356,0.06540442781151536,-0.15657512218379477,0.032288274619554455,-6.942722314662308e-05,0
B,core-2m/cross_sector_slide3m_noscreen,core-12m/cross_sector_slide1m_bd7,0.8265981269001597,0.048315628903501516,0.057615126123595296,-0.062464543605867395,-0.2082614773604988,-0.01380820825432405,0.058213470396886076,-0.1157583953608361,0.06379942553108982,0.002049837680117217,0
B,sp500-12m/same_sector_slide3m_noscreen,core-2m/cross_sector_slide3m_noscreen,0.44467228936253617,0.02956624982917704,0.08340877629518621,-0.09547826876114392,0.2588545974978198,0.015584168874468007,0.06936686747427026,-0.11096485365437048,0.30558833741294134,0.019465376138212108,0
B,core-2m/cross_sector_slide3m_noscreen,sp500-12m/same_sector_slide3m_bd7,0.7206142211087015,0.03949782516987197,0.06946456102697222,-0.07824352437475432,0.035846293956861536,0.00016093166977149131,0.06388991628801853,-0.1115317080155338,0.2025437673663187,0.010596979538810758,0
B,sp500-12m/same_sector_slide1m_noscreen,core-2m/cross_sector_slide3m_noscreen,0.9009566581129022,0.06093873563633605,0.06804673862470581,-0.06977592735195395,0.3351884213793066,0.012314273798895936,0.03875390735702588,-0.06999384663548991,0.5345901958909087,0.024969345995092818,0
B,core-2m/cross_sector_slide3m_noscreen,sp500-12m/same_sector_slide1m_bd7,0.2725089410162774,0.0136635498023852,0.06479136954587136,-0.09380635560103827,0.4190451082784523,0.01312738418667081,0.03237418660652475,-0.041042838908187496,0.33480191500212453,0.0133244746636207,0
B,sp500-12m/cross_sector_slide3m_noscreen,core-2m/cross_sector_slide3m_noscreen,0.6843683697959853,0.044628337301317524,0.06644924083354282,-0.06489008955134348,-0.07147400528361862,-0.007942844420915973,0.07285350361054893,-0.1489422871173578,0.11390137620508523,0.005564627789761944,0
B,sp500-12m/cross_sector_slide3m_bd7,core-2m/cross_sector_slide3m_noscreen,0.9630227558552843,0.05490159874818046,0.05894282274088891,-0.05600116836713749,0.18207784137917493,0.00880528220468113,0.0576550393598401,-0.12917013707104807,0.3757644655883107,0.02045399772451959,0
B,sp500-12m/cross_sector_slide1m_noscreen,core-2m/cross_sector_slide3m_noscreen,0.5905166148804485,0.03688864427326517,0.06515573634586233,-0.07519736499877591,0.29193577357913547,0.016481857244992515,0.06313881945686209,-0.11496965543430882,0.3708666314336343,0.021783940582100935,0
B,sp500-12m/cross_sector_slide1m_bd7,core-2m/cross_sector_slide3m_noscreen,0.6807984041360756,0.03694982550235069,0.05555418989026077,-0.05277664236038049,0.4864443115803113,0.017096716870060202,0.03620500928470235,-0.04994457399779795,0.5442622454316136,0.022302456181745665,0
B,core-2m/cross_sector_slide1m_noscreen,core-2m/cross_sector_slide3m_bd7,0.3632157548219602,0.02061188137491472,0.0572887621849573,-0.07972772756603981,-0.19423442981413017,-0.013964424757208937,0.06200890182999831,-0.11694362730841745,-0.05002700364325432,-0.004861616406330071,0
B,core-2m/cross_sector_slide1m_bd7,core-2m/cross_sector_slide3m_bd7,-0.015463393517458688,-0.001323778736968917,0.05314371518855121,-0.06531938061126882,-0.03333782652623949,-0.0041256607030896175,0.0623776882544525,-0.10953425265248784,-0.027593943647429925,-0.003481683917950895,0
B,sp500-2m/same_sector_slide3m_noscreen,core-2m/cross_sector_slide3m_bd7,0.4786727787271025,0.02823981588455373,0.06093004638859741,-0.07710130474652174,0.11386114771457785,0.005268358733261591,0.06614366239816429,-0.11167871905102722,0.20459837374874051,0.011212400768819686,0
B,sp500-2m/same_sector_slide3m_bd7,core-2m/cross_sector_slide3m_bd7,0.22428989466791854,0.008854607680385951,0.04885060316402268,-0.054903892600401,-0.0591584693960527,-0.006314990296893419,0.06713029128766125,-0.12387797950878743,-0.0019106173050054923,-0.002204007321254231,0
B,core-2m/cross_sector_slide3m_bd7,sp500-2m/same_sector_slide1m_noscreen,-0.03615138518418348,-0.0036192522343732715,0.05679224778095937,-0.09798343572720189,0.10434897721120297,0.004261739573135914,0.05729492536784004,-0.10924217236832745,0.06720136431989945,0.0021194138311456446,0
B,core-2m/cross_sector_slide3m_bd7,sp500-2m/same_sector_slide1m_bd7,-0.19535271319815042,-0.011523819359561215,0.05325048778297662,-0.08101410496037002,-0.012490748980448465,-0.0025296610104812434,0.05847953100641792,-0.10607136521679594,-0.05810740976722979,-0.005013774504184365,0
B,sp500-2m/cross_sector_slide3m_noscreen,core-2m/cross_sector_slide3m_bd7,-0.08849818966078335,-0.014491371131105834,0.07806545265034345,-0.1190802601195049,0.1493544838339691,0.008020884677106155,0.06958770446506395,-0.09556293832255214,0.06901925676632617,0.0019715643680628726,0
B,core-2m/cross_sector_slide3m_bd7,sp500-2m/cross_sector_slide3m_bd7,-0.6871930425423101,-0.04486741665217342,0.06465672633636763,-0.1026731897802613,0.44274800951898075,0.022171968531558672,0.05269697868711645,-0.06296240668178887,0.11589828992708176,0.004922295081102956,0
B,sp500-2m/cross_sector_slide1m_noscreen,core-2m/cross_sector_slide3m_bd7,-0.12978608662407481,-0.011483963894453098,0.06262832797047843,-0.09592688901222353,-0.060965345429925245,-0.005382820773845665,0.05880653487790162,-0.1067832502105851,-0.08460029226136771,-0.006993424914371982,0
B,core-2m/cross_sector_slide3m_bd7,sp500-2m/cross_sector_slide1m_bd7,-0.2991347610620861,-0.01722828705348727,0.054249202522837214,-0.08193910540699476,-0.08360507478483059,-0.006497754399696576,0.057268185667126326,-0.11227258297327969,-0.1356086508970445,-0.009256037347336843,0
B,core-12m/same_sector_slide3m_noscreen,core-2m/cross_sector_slide3m_bd7,-0.4166871332938011,-0.019244725734443226,0.04589256387048601,-0.07260438601787464,-0.22615814438689014,-0.015718093979615433,0.061292102946373786,-0.1219660126637434,-0.2561522000155657,-0.016490591047002588,0
B,core-12m/same_sector_slide3m_bd7,core-2m/cross_sector_slide3m_bd7,-0.25183013546298205,-0.019525238241009955,0.0548332899287308,-0.07187571680181903,-0.3419851838419673,-0.023297906151506176,0.0628146365118158,-0.1443119882509205,-0.33098515466798645,-0.022261993139197567,0
B,core-12m/same_sector_slide1m_noscreen,core-2m/cross_sector_slide3m_bd7,-0.2786535920274057,-0.014068562930574702,0.04733651884819437,-0.06973317793726422,0.014787472723420824,-0.0008515661488797122,0.05650180219864476,-0.10615881393881532,-0.04158499366881856,-0.003874171602462839,0
B,core-12m/same_sector_slide1m_bd7,core-2m/cross_sector_slide3m_bd7,-0.4377887162683737,-0.026585907005282516,0.05708954369486914,-0.07891799996003845,-0.08617636469211724,-0.006826916331975852,0.05841244959153415,-0.10595738296151158,-0.1620550603746823,-0.011260665725444884,0
B,core-12m/cross_sector_slide3m_noscreen,core-2m/cross_sector_slide3m_bd7,0.17932068982979282,0.012562273854268535,0.06799926396454109,-0.09045759433321543,-0.16847693014052692,-0.012703049025308277,0.06342002025824851,-0.14440288035858462,-0.0655418987054942,-0.006168087991972082,0
B,core-12m/cross_sector_slide3m_bd7,core-2m/cross_sector_slide3m_bd7,0.14625085098741103,0.003828092908040981,0.060346606445162,-0.07967008161341227,-0.08274076391464888,-0.0073766592694076705,0.06367512112006694,-0.11473453282181201,-0.03619547215808948,-0.004521659538761336,0
B,core-12m/cross_sector_slide1m_noscreen,core-2m/cross_sector_slide3m_bd7,0.3820187674212193,0.02067307469398778,0.057308380136545475,-0.06439098740613378,-0.12579399883162196,-0.00921453871453537,0.05905567763005679,-0.11864957752206107,0.0034064064273840837,-0.0015634133289768037,0
B,core-12m/cross_sector_slide1m_bd7,core-2m/cross_sector_slide3m_bd7,0.45843936863810786,0.022121519748014507,0.050103696763977836,-0.05687927308013034,0.048948707735730096,0.0010629108992441516,0.05774991624064111,-0.1059053124317797,0.1420269614629409,0.006331448086152269,0
B,sp500-12m/same_sector_slide3m_noscreen,core-2m/cross_sector_slide3m_bd7,0.7072560055588186,0.04578233475043929,0.0679705910632539,-0.06065704563096819,0.2376277188099804,0.013237153736422869,0.06444649530586005,-0.11819425120151528,0.36709266140945246,0.02197864130026348,0
B,sp500-12m/same_sector_slide3m_bd7,core-2m/cross_sector_slide3m_bd7,0.3948979770101545,0.019563378440346325,0.05341708212355967,-0.05372315533627416,0.05500985647533421,0.0013794064707213227,0.06328842229852963,-0.10928472707092252,0.13221110288716123,0.0061276945190881,0
B,sp500-12m/same_sector_slide1m_noscreen,core-2m/cross_sector_slide3m_bd7,0.9873082295238366,0.060181743321733185,0.061095493476902095,-0.0546357171275,0.23474293488569808,0.009078831408541932,0.04238642088649823,-0.07154238872070595,0.4837890094499837,0.0223463693326408,0
B,sp500-12m/same_sector_slide1m_bd7,core-2m/cross_sector_slide3m_bd7,0.49549926970170866,0.02409502492261597,0.049350312374781206,-0.06108941797535996,0.40568872098996156,0.015079337633080003,0.038783035670104805,-0.06770144984023052,0.43075661343460514,0.01731520541083085,0
B,sp500-12m/cross_sector_slide3m_noscreen,core-2m/cross_sector_slide3m_bd7,0.6175154981646157,0.03660694329345193,0.06113409172607043,-0.05112554213144813,-0.1479605354335006,-0.012402905026084654,0.06796163931349104,-0.14726937842113497,0.033607716084011405,-1.3387068025227933e-05,0
B,sp500-12m/cross_sector_slide3m_bd7,core-2m/cross_sector_slide3m_bd7,0.6323927440557066,0.02880851172539265,0.05215320551977522,-0.050514337034927845,0.24825835327800255,0.01349532539766729,0.06221335500333229,-0.11937235991338413,0.31174922630478197,0.016860394216068997,0
B,sp500-12m/cross_sector_slide1m_noscreen,core-2m/cross_sector_slide3m_bd7,0.7147836306448101,0.03622521205266591,0.05139266666668914,-0.05291804932904838,0.2847513425993577,0.015107586017215624,0.0591209038913513,-0.11128680516949896,0.3836632639647857,0.020456819130302506,0
B,sp500-12m/cross_sector_slide1m_bd7,core-2m/cross_sector_slide3m_bd7,0.45200925849321383,0.01956940517802752,0.04500656945724702,-0.04538334622640885,0.3351370745101394,0.013663659622649149,0.04339570568780493,-0.08866937020696597,0.3622871924489622,0.01499744679172883,0
B,core-2m/cross_sector_slide1m_noscreen,core-2m/cross_sector_slide1m_bd7,0.45507647140625435,0.024911558139441726,0.05713288258335726,-0.0829944728726411,-0.10609553206433607,-0.004577390889416,0.036816596290750896,-0.08005750210147711,0.09437611140672242,0.003168633778642782,0
B,core-2m/cross_sector_slide1m_noscreen,sp500-2m/same_sector_slide3m_noscreen,0.8312558353633618,0.05034758082547475,0.06061825261852179,-0.07859556119044972,-0.11636080661264983,-0.006370446721886691,0.045891984784689616,-0.12812210621729792,0.19368003379088355,0.008587235613741218,0
B,core-2m/cross_sector_slide1m_noscreen,sp500-2m/same_sector_slide3m_bd7,0.943382625027853,0.04528924099942255,0.05071674076334337,-0.06246485099987502,-0.29224936391758827,-0.011038545938663269,0.03578947017420092,-0.12028515244982396,0.11870117369334121,0.003769966072851827,0
B,core-2m/cross_sector_slide1m_noscreen,sp500-2m/same_sector_slide1m_noscreen,0.34734017336049766,0.018145220649079974,0.057347198825311765,-0.08567823116708428,-0.1638951684824497,-0.005981675585269408,0.03323602681931068,-0.08331114343403134,0.03309185671262286,0.00048792415972813695,0
B,core-2m/cross_sector_slide1m_noscreen,sp500-2m/same_sector_slide1m_bd7,0.9715179584390785,0.04960840868224401,0.052147620461906664,-0.061408882749606764,-0.08697327888373994,-0.003201468021503673,0.03123123290400204,-0.058001273256684915,0.3021395487955989,0.010701309200010823,0
B,core-2m/cross_sector_slide1m_noscreen,sp500-2m/cross_sector_slide3m_noscreen,0.6839534437062966,0.041421860462644046,0.06376682178935338,-0.07827458139589223,-0.24623840587433304,-0.015985075321446773,0.05851967498277837,-0.11792311666648636,0.01049995082325639,-0.0012220211776006185,0
B,core-2m/cross_sector_slide1m_noscreen,sp500-2m/cross_sector_slide3m_bd7,0.45330895027482787,0.025141670921228744,0.057650176871842526,-0.06582859223155142,0.14746482141431955,0.005158231385325562,0.04039564445104927,-0.0972519874289215,0.24812377978350977,0.010370438940790549,0
B,core-2m/cross_sector_slide1m_noscreen,sp500-2m/cross_sector_slide1m_noscreen,0.6006479932458264,0.034404574342684,0.05901772937958301,-0.07428278208922241,-0.24095808519171671,-0.009572851458624188,0.0370724945968226,-0.1044735209703117,0.06385780008071994,0.001855808890151933,0
B,core-2m/cross_sector_slide1m_noscreen,sp500-2m/cross_sector_slide1m_bd7,0.7622438864154426,0.04203625283855548,0.05605794819547303,-0.06451459635969323,-0.2605930860045954,-0.007953563508045658,0.029025597309275942,-0.08620436632379247,0.15039961537929708,0.005032776090548019,0
B,core-2m/cross_sector_slide1m_noscreen,core-12m/same_sector_slide3m_noscreen,0.7613613376081656,0.03464225991441157,0.04658029935827977,-0.07000611977398541,-0.48613380973726616,-0.016519534647074563,0.033129980931165905,-0.10404308193222511,-0.07050232242343979,-0.0032985452027338934,0
B,core-2m/cross_sector_slide1m_noscreen,core-12m/same_sector_slide3m_bd7,0.5996404972832943,0.02875257717811519,0.04633433735769066,-0.05706022331060221,-0.6522286384392234,-0.01647579668076693,0.02499092366678419,-0.09907308238244661,-0.14230745098031752,-0.004686100768197687,0
B,core-2m/cross_sector_slide1m_noscreen,core-12m/same_sector_slide1m_noscreen,0.6935857917811873,0.030733936913471017,0.04535046654384312,-0.0734720061861496,-0.2816074448785826,-0.009345119530432378,0.03156252191007329,-0.07582259404065561,0.04953169118084087,0.0011368300203910442,0
B,core-2m/cross_sector_slide1m_noscreen,core-12m/same_sector_slide1m_bd7,0.7114743094055005,0.03428089727920911,0.048916872921716106,-0.07496275700918724,-0.41784512842669763,-0.008672793977074211,0.020349647336665864,-0.0706019036764185,0.09337813654265965,0.002418800216563222,0
B,core-2m/cross_sector_slide1m_noscreen,core-12m/cross_sector_slide3m_noscreen,0.4674142761482842,0.030744341703191246,0.06866780817691964,-0.09165687592444458,-0.8316587163227758,-0.036291131620759476,0.043314263926952395,-0.1992508977491132,-0.3500102898136841,-0.018911286141869856,0
B,core-2m/cross_sector_slide1m_noscreen,core-12m/cross_sector_slide3m_bd7,0.9101039768632034,0.04598388631132044,0.051087198723837456,-0.07011074316141322,-0.5104121653624333,-0.018283739316138803,0.03494982612377954,-0.1240488153907805,-0.02157814457641011,-0.0016549404783932741,0
B,core-2m/cross_sector_slide1m_noscreen,core-12m/cross_sector_slide1m_noscreen,0.9825303964572953,0.061615337374052934,0.06283734426615065,-0.06519732694866624,-0.37425634135239333,-0.013840025752140273,0.03554929940265207,-0.10733182682520526,0.14785613626350286,0.005605882979606758,0
B,core-2m/cross_sector_slide1m_noscreen,core-12m/cross_sector_slide1m_bd7,0.8773553220197929,0.04507952642541961,0.05218342818920828,-0.07377645344831438,-0.18890553708738722,-0.005704261399576027,0.028180525198258078,-0.08166072253958889,0.22410370495824777,0.00742176486322248,0
B,core-2m/cross_sector_slide1m_noscreen,sp500-12m/same_sector_slide3m_noscreen,0.6891639911598718,0.04740898430517317,0.07149633509538987,-0.07751199244453802,0.22963069470391656,0.010497096031132136,0.0511928359704392,-0.09868043831306728,0.37804482063989936,0.02020654871226717,0
B,core-2m/cross_sector_slide1m_noscreen,sp500-12m/same_sector_slide3m_bd7,0.7385581151667633,0.03744683041696062,0.05242513088105567,-0.06672418017326257,0.02746842712552577,0.0003013801586888576,0.03951543778541669,-0.09100850163664531,0.25443476913314983,0.010112676315228076,0
B,core-2m/cross_sector_slide1m_noscreen,sp500-12m/same_sector_slide1m_noscreen,0.6672118148366555,0.04197848314408566,0.06444281105654567,-0.07597554371121869,0.24907762495529062,0.00850711796183723,0.036715706491795855,-0.06387441496121105,0.39794053524544537,0.01734205622322125,0
B,core-2m/cross_sector_slide1m_noscreen,sp500-12m/same_sector_slide1m_bd7,0.5629847426866633,0.02731127884633846,0.05070765796785802,-0.06775704145868797,0.23224250249067652,0.006497589572736162,0.02979926409348069,-0.04479259895829013,0.3457911599006992,0.011993071419505341,0
B,core-2m/cross_sector_slide1m_noscreen,sp500-12m/cross_sector_slide3m_noscreen,0.821463452114328,0.05114506311770972,0.06241236735426982,-0.0620543589136473,-0.3999447211627756,-0.02668685242583435,0.06260365178310355,-0.19936794783053535,-0.07567231002060351,-0.006599085228411461,0
B,core-2m/cross_sector_slide1m_noscreen,sp500-12m/cross_sector_slide3m_bd7,0.8390255225602077,0.04373791229419895,0.05391820658401462,-0.058228625316743464,0.24193406417142285,0.01115680972784272,0.05156282438687171,-0.10683663952926847,0.4000666555977396,0.0196688646197015,0
B,sp500-12m/cross_sector_slide1m_noscreen,core-2m/cross_sector_slide1m_noscreen,0.9996514583483357,0.056498745262608806,0.05654279822995957,-0.05515554856947931,0.3529414037852789,0.01317138683772101,0.03926613528756266,-0.07124191224614473,0.5663116777656579,0.024514168105308442,0
B,core-2m/cross_sector_slide1m_noscreen,sp500-12m/cross_sector_slide1m_bd7,0.8788868621159655,0.043357142403144075,0.04989594968315649,-0.05602412953214249,0.5155212402236935,0.015471763571741626,0.030701072704249786,-0.05134941455307063,0.6324826787521113,0.022817389542593956,0
B,sp500-2m/same_sector_slide3m_noscreen,core-2m/cross_sector_slide1m_bd7,0.3452633210231683,0.018236311971619477,0.05178495863238508,-0.06492535966229177,0.18637696523819364,0.006898199975315045,0.041491913880720196,-0.05643272796708265,0.24052297123798513,0.009924969444284271,0
B,core-2m/cross_sector_slide1m_bd7,sp500-2m/same_sector_slide3m_bd7,0.25707002365851633,0.011044508490303539,0.044765921990396404,-0.04912464628238,0.14446332673997447,0.004166299227004622,0.03241479201949252,-0.05880500395264299,0.18122580955314732,0.005954762728212404,0
B,core-2m/cross_sector_slide1m_bd7,sp500-2m/same_sector_slide1m_noscreen,0.10478260874564596,0.0036626878940377193,0.04832024056974728,-0.07995713115936383,0.2253375132512161,0.0059736329933257615,0.02819527983503239,-0.033112774170438675,0.17254316684011198,0.005364006702697566,0
B,core-2m/cross_sector_slide1m_bd7,sp500-2m/same_sector_slide1m_bd7,-0.07251822344862599,-0.0038487174545736025,0.04171669800491727,-0.054301471767981876,-0.016236858305035035,-0.0009354680562843054,0.02991022238908999,-0.04347109600364185,-0.03440118551293406,-0.0017046511770268057,0
B,sp500-2m/cross_sector_slide3m_noscreen,core-2m/cross_sector_slide1m_bd7,0.011810717364591865,-0.0012228659083096671,0.06267418281365734,-0.08681523083414933,0.10933161498208858,0.004731592439099597,0.05864997077126875,-0.08735999245915582,0.08159114959613792,0.0030887091785102736,0
B,core-2m/cross_sector_slide1m_bd7,sp500-2m/cross_sector_slide3m_bd7,-0.3989082330901145,-0.020831399136098237,0.048692310069525215,-0.06830842879348079,0.469201524611836,0.01744746349944082,0.03843055028541746,-0.059423647652366296,0.19700754569621465,0.007259962442331158,0
B,sp500-2m/cross_sector_slide1m_noscreen,core-2m/cross_sector_slide1m_bd7,-0.23806112068826413,-0.013746033091602317,0.05274429074212159,-0.07697060559937205,0.1902162334381001,0.005527751899430777,0.03159632905040247,-0.03825467985002151,0.029317616699014098,0.0003994767250199871,0
B,core-2m/cross_sector_slide1m_bd7,sp500-2m/cross_sector_slide1m_bd7,-0.38958346363330126,-0.017200638620146202,0.04203903999720461,-0.05483304834625258,0.2544411317615244,0.0060319645639170805,0.024849710943043914,-0.02906202230754329,0.012521249544321877,-8.800942794902067e-05,0
B,core-2m/cross_sector_slide1m_bd7,core-12m/same_sector_slide3m_noscreen,-0.19220475916380603,-0.006681958905827323,0.03438854515059246,-0.04956516049501023,-0.18935319320226712,-0.0054406891721267,0.026887402886778204,-0.048126610090944544,-0.1875263473531597,-0.005797835063766632,0
B,core-2m/cross_sector_slide1m_bd7,core-12m/same_sector_slide3m_bd7,0.07344477440202082,0.0011817935444947913,0.03481635948491754,-0.03674603168241557,-0.2238402505743661,-0.005801641278492364,0.024625368259156354,-0.047368710569943406,-0.13185649760568072,-0.004093890949096757,0
B,core-2m/cross_sector_slide1m_bd7,core-12m/same_sector_slide1m_noscreen,-0.1606793669152115,-0.006295177048222289,0.036320062832742875,-0.04900643489854928,0.07531144412052343,0.0016011858468014672,0.025647284341526834,-0.04200670215350377,-0.001672959868612621,-0.00044895747633997283,0
B,core-2m/cross_sector_slide1m_bd7,core-12m/same_sector_slide1m_bd7,-0.24708077515168902,-0.01012740434746271,0.038514392473368166,-0.04753947563058773,-0.02795081379775155,-0.0008898714782671346,0.022601182550193746,-0.048566533140544155,-0.1049562867456896,-0.003254421868125812,0
B,core-12m/cross_sector_slide3m_noscreen,core-2m/cross_sector_slide1m_bd7,0.06602880233141288,0.005338975902839493,0.05980494578406999,-0.07754535212710674,-0.3855097511531174,-0.014268923809547251,0.03562546902575235,-0.09786771469121158,-0.1999361982593606,-0.00915157062310985,0
B,core-2m/cross_sector_slide1m_bd7,core-12m/cross_sector_slide3m_bd7,0.21931797367791211,0.009040064028380512,0.046197191560709346,-0.05865434447357341,-0.04092850442109552,-0.001853807497521065,0.03242155041276809,-0.05936276302113874,0.043293172671099875,0.0009015741953693812,0
B,core-12m/cross_sector_slide1m_noscreen,core-2m/cross_sector_slide1m_bd7,0.4293366027139315,0.02305659279264196,0.05581482564438286,-0.06522122659916321,-0.14667497858353748,-0.004926141516081062,0.030497688264836283,-0.050974647981035015,0.0769307157290395,0.002262183064628287,0
B,core-12m/cross_sector_slide1m_bd7,core-2m/cross_sector_slide1m_bd7,0.4534119579838065,0.020281548324341925,0.04628966939586515,-0.0538197724216779,0.1703603049739138,0.00399818222683912,0.025301570211108588,-0.037757964334850014,0.2695407528527136,0.008185796848264416,0
B,sp500-12m/same_sector_slide3m_noscreen,core-2m/cross_sector_slide1m_bd7,0.6611396896838806,0.045306382762673805,0.061986019933880365,-0.048254662779740595,0.5144565449841331,0.021993591209139574,0.04419253653505793,-0.06922573784117914,0.5702429092418954,0.02811680203371636,0
B,sp500-12m/same_sector_slide3m_bd7,core-2m/cross_sector_slide1m_bd7,0.688434188697025,0.02952806191791102,0.04627893931800377,-0.03844986008629074,0.17443133202140354,0.005616000556644352,0.0358006966427071,-0.07360745632434351,0.32603365769972814,0.011825178505105737,0
B,sp500-12m/same_sector_slide1m_noscreen,core-2m/cross_sector_slide1m_bd7,1.061495831244709,0.06320025940648603,0.05917698536847826,-0.03351963827783,0.41335694394066524,0.012910247506067396,0.032295416632700434,-0.05397363967497826,0.6436494673453678,0.02603408299060663,0
B,sp500-12m/same_sector_slide1m_bd7,core-2m/cross_sector_slide1m_bd7,0.7406383579696791,0.03239135895281531,0.04409975473767987,-0.031478695940513335,0.5309240028601876,0.013689698960786423,0.026259813520631333,-0.03700947863601434,0.589402922677149,0.018457635555860108,0
B,sp500-12m/cross_sector_slide3m_noscreen,core-2m/cross_sector_slide1m_bd7,0.4238720685152967,0.02353371823095478,0.05838191003678309,-0.05745561494155427,-0.32584436226929836,-0.020097868454023282,0.05713829499872659,-0.16268137611806877,-0.1266146056457132,-0.008903740625950474,0
B,sp500-12m/cross_sector_slide3m_bd7,core-2m/cross_sector_slide1m_bd7,0.6418633979578934,0.02626771965812429,0.048151022635207104,-0.04644030519183033,0.18349613299986722,0.008026083171381648,0.050926044536054094,-0.10760796656432103,0.274887660352675,0.012435369621824455,0
B,sp500-12m/cross_sector_slide1m_noscreen,core-2m/cross_sector_slide1m_bd7,0.4094798728372912,0.019156889282232425,0.04838956861816021,-0.052563789573846484,0.40288311243698866,0.013691774038069982,0.035306754398597345,-0.07608234726513308,0.39721232377894794,0.0149251880392268,0
B,sp500-12m/cross_sector_slide1m_bd7,core-2m/cross_sector_slide1m_bd7,0.5525616597705707,0.02243979019709519,0.04151506797807619,-0.03687586752765006,0.4032936216233416,0.010814243396803258,0.02762285180791328,-0.059469326838569314,0.4430319063751969,0.013653077440281746,0
B,sp500-2m/same_sector_slide3m_noscreen,sp500-2m/same_sector_slide3m_bd7,0.2396498987985824,0.013755741750910721,0.06353196842065335,-0.0950225332409779,0.2366518071966655,0.010843173307300669,0.05106790325802716,-0.0989442369577499,0.24177688210734102,0.011838042138240157,0
B,sp500-2m/same_sector_slide3m_noscreen,sp500-2m/same_sector_slide1m_noscreen,0.1711843140874278,0.01216493729170387,0.06296982140298588,-0.11413828346675178,0.17413279571086937,0.007323768867796732,0.04871813583723043,-0.10923445500071194,0.1851585111163257,0.00875941899775714,0
B,sp500-2m/same_sector_slide3m_noscreen,sp500-2m/same_sector_slide1m_bd7,0.377595458281302,0.02427032130734601,0.05786536040510687,-0.08135245405922006,0.08876794423725398,0.0028362367673777644,0.04168667705682768,-0.07549046321876018,0.20035982638272473,0.008715203091667002,0
B,sp500-2m/cross_sector_slide3m_noscreen,sp500-2m/same_sector_slide3m_noscreen,0.5641919248659505,0.04029611092601728,0.07557058753128465,-0.09052386231136189,0.00372785551180333,-0.001742828123248441,0.06304173735729957,-0.13941808586864757,0.16995546992303795,0.009159248486984373,0
B,sp500-2m/same_sector_slide3m_noscreen,sp500-2m/cross_sector_slide3m_bd7,0.27412903706619024,0.019521916987878928,0.06375595241179781,-0.07491309545635436,0.4012837008650812,0.019565620093911607,0.05158773950530032,-0.10433874676433197,0.3761070320940144,0.019831288552871883,0
B,sp500-2m/cross_sector_slide1m_noscreen,sp500-2m/same_sector_slide3m_noscreen,0.7121927979756736,0.04491714931544939,0.06520298364309965,-0.061861492871033416,0.05900372822673379,0.001713160466285224,0.05093039285634821,-0.14654095051927063,0.2613157249015074,0.012920260446904397,0
B,sp500-2m/same_sector_slide3m_noscreen,sp500-2m/cross_sector_slide1m_bd7,0.4618728744285866,0.026278545777056683,0.05882696908211592,-0.0698006874727122,0.0032075355216028343,-0.0006384730772028835,0.039137757169677295,-0.10730842556536535,0.15856265401489128,0.00625936839022625,0
B,sp500-2m/same_sector_slide3m_noscreen,core-12m/same_sector_slide3m_noscreen,0.6960005751080619,0.03791228492985608,0.04896215189875697,-0.0504738731354597,-0.43862572810371253,-0.02059735625201875,0.04512876467390004,-0.13872252973993593,-0.10780881836889837,-0.005700446373262324,0
B,sp500-2m/same_sector_slide3m_noscreen,core-12m/same_sector_slide3m_bd7,0.21912313033153885,0.01530606588062089,0.0529018815272025,-0.07141717460160672,-0.052493666296878634,-0.0032205483547640412,0.04347847387709241,-0.08990370924616975,0.04900886898174063,0.0016108746685559617,0
B,sp500-2m/same_sector_slide3m_noscreen,core-12m/same_sector_slide1m_noscreen,0.6284569922365724,0.03420617718579113,0.04936218423536971,-0.04891946254331392,-0.6621439085483766,-0.024946213162576503,0.037110445608293165,-0.13873446588045402,-0.23568137876146955,-0.00994853830713609,0
B,sp500-2m/same_sector_slide3m_noscreen,core-12m/same_sector_slide1m_bd7,0.3555908317776864,0.020934706959030592,0.05327770227726806,-0.07213151580027,-0.14260700544233423,-0.006447031027536965,0.039809019682591075,-0.10507895873198336,0.021103506781639313,0.0002591036886094411,0
B,core-12m/cross_sector_slide3m_noscreen,sp500-2m/same_sector_slide3m_noscreen,0.4485886982366529,0.03395581236477163,0.07280829106848404,-0.08976098013625726,-0.39958140146604204,-0.0210147022401036,0.05002340688366917,-0.1900762340109502,-0.10037966336772844,-0.006733671418172738,0
B,sp500-2m/same_sector_slide3m_noscreen,core-12m/cross_sector_slide3m_bd7,0.5487851809379612,0.027438199836693176,0.05124803325573919,-0.07014778024646282,-0.2813232772196326,-0.012880595145996043,0.042827644030566665,-0.12264995601802142,-0.029535867060472037,-0.002289001051252959,0
B,core-12m/cross_sector_slide1m_noscreen,sp500-2m/same_sector_slide3m_noscreen,0.8581474485445433,0.0555151085375948,0.06382485527265074,-0.06345177550943255,-0.2728987434314226,-0.013141251975651747,0.04479739616504792,-0.15334222505467887,0.10953274984194668,0.004441210025969089,0
B,core-12m/cross_sector_slide1m_bd7,sp500-2m/same_sector_slide3m_noscreen,0.7034718605828558,0.03869188176613729,0.053920990806941925,-0.05783208207471069,-0.3193248530724693,-0.011690352086512923,0.03491481917888613,-0.12033362819273641,0.05068558670863068,0.001487191423922507,0
B,sp500-12m/same_sector_slide3m_noscreen,sp500-2m/same_sector_slide3m_noscreen,0.8545453876045632,0.06665437002032275,0.07400624332503944,-0.0800837455523448,0.40318582633195954,0.02004594483843558,0.052660539692303915,-0.09532196487072164,0.5590950296144352,0.032214306869536545,0
B,sp500-12m/same_sector_slide3m_bd7,sp500-2m/same_sector_slide3m_noscreen,0.6775427111847966,0.041436431073581435,0.06160629347215536,-0.06916912080707611,0.30502751739216594,0.012485979970810579,0.04382358064457307,-0.052835177782542986,0.43002015394160475,0.020236705923786413,0
B,sp500-12m/same_sector_slide1m_noscreen,sp500-2m/same_sector_slide3m_noscreen,0.9910001025949994,0.06683651635427332,0.06674005204545468,-0.05704602218899828,0.48291019526098605,0.02094264897521758,0.04501565257454302,-0.06785594230290459,0.6522114049896027,0.03303574056957346,0
B,sp500-12m/same_sector_slide1m_bd7,sp500-2m/same_sector_slide3m_noscreen,0.5463595519494818,0.03110697107121414,0.053665455881441206,-0.07349140684770154,0.14663551630300872,0.004942005851836351,0.0387215195813644,-0.06737167652475207,0.2893577630956726,0.011990262311231303,0
B,sp500-12m/cross_sector_slide3m_noscreen,sp500-2m/same_sector_slide3m_noscreen,0.9638180379955579,0.06275586624580087,0.0692684794035998,-0.06177503979689884,0.347443609521502,0.017474027219011035,0.05406091902136261,-0.1265512775487294,0.5195288499790552,0.028718707345435135,0
B,sp500-12m/cross_sector_slide3m_bd7,sp500-2m/same_sector_slide3m_noscreen,0.8849920426505669,0.04506142762286667,0.0566998659877583,-0.06036806936610373,0.28314893875739294,0.014840849756751151,0.05816121065035841,-0.1387554779227912,0.4202518722108618,0.022710413300669162,0
B,sp500-12m/cross_sector_slide1m_noscreen,sp500-2m/same_sector_slide3m_noscreen,0.9523101260175757,0.057021251347004885,0.05937701228119398,-0.06592516107600895,0.7337945956524025,0.031996169104010264,0.04425541770009121,-0.06100890449580498,0.7962786072949963,0.038395582118723584,0
B,sp500-12m/cross_sector_slide1m_bd7,sp500-2m/same_sector_slide3m_noscreen,0.5180853981082061,0.02689101774571532,0.05255764476157905,-0.07042818724360082,0.16748917817368014,0.005475371393688588,0.036616708006647083,-0.1048752424770113,0.2826484693784671,0.010980143815784226,0
B,sp500-2m/same_sector_slide3m_bd7,sp500-2m/same_sector_slide1m_noscreen,0.2140184817426265,0.008333189185064982,0.048500583164123964,-0.08174458866782927,0.3157930262227995,0.011251546347650798,0.03767388085976468,-0.08463736294216262,0.2804991726862126,0.010573518633191448,0
B,sp500-2m/same_sector_slide3m_bd7,sp500-2m/same_sector_slide1m_bd7,0.25364556896168267,0.010159609741071152,0.04246000079460732,-0.055368421521671894,0.2517102775356349,0.008275448289655873,0.03519899199844806,-0.07205016198963932,0.2554568542813806,0.008901231822459211,0
B,sp500-2m/cross_sector_slide3m_noscreen,sp500-2m/same_sector_slide3m_bd7,0.37645040617836667,0.0246726261031218,0.06926584656473143,-0.07513222843636069,0.12281715409511053,0.005204888904080551,0.054149192341379056,-0.08506607102447494,0.2059602152742969,0.010477654994481566,0
B,sp500-2m/same_sector_slide3m_bd7,sp500-2m/cross_sector_slide3m_bd7,0.09341297883024877,0.003999687450773481,0.05580085456674835,-0.05654415770033834,0.5705066872233849,0.026578857020656654,0.047989288303428634,-0.07703156981071346,0.4319691752489733,0.02064106451188379,0
B,sp500-2m/cross_sector_slide1m_noscreen,sp500-2m/same_sector_slide3m_bd7,0.5334582736638047,0.025306030614817752,0.052230927641637614,-0.05024817336058958,0.2555647919651901,0.00939518886004942,0.0396589719935275,-0.07850490486349038,0.33521193238787006,0.013556881848983116,0
B,sp500-2m/same_sector_slide3m_bd7,sp500-2m/cross_sector_slide1m_bd7,0.145795155929528,0.006248014822731252,0.04972633856500083,-0.057584566009545445,0.24928677756060366,0.007302550151609299,0.031126164483161224,-0.05848164054374372,0.20941001719769875,0.007097142339735241,0
B,sp500-2m/same_sector_slide3m_bd7,core-12m/same_sector_slide3m_noscreen,0.37769243775453826,0.016464239032648487,0.038825151713281734,-0.038596532689680885,-0.1330731767562858,-0.004995035985400853,0.0334340422789426,-0.10027036185408433,0.018992746678464338,0.00022879623490947853,0
B,sp500-2m/same_sector_slide3m_bd7,core-12m/same_sector_slide3m_bd7,0.04780136022313576,0.00621606649694737,0.03602219625226112,-0.04645311794870719,-0.09059547930087002,-0.0033327055150248475,0.03141211707673695,-0.07758783069414399,-0.023570497319837527,-0.0009454634104047122,0
B,sp500-2m/same_sector_slide3m_bd7,core-12m/same_sector_slide1m_noscreen,0.43941716761908334,0.01844526273261382,0.03587892253651033,-0.032379717117300075,-0.11121556201480835,-0.0033238142571627716,0.026727404041785998,-0.08645219349529776,0.06620252177293331,0.0017775062972333444,0
B,sp500-2m/same_sector_slide3m_bd7,core-12m/same_sector_slide1m_bd7,0.03203427536330887,0.0024137974691149644,0.03488432670753638,-0.04306904361285615,0.02231164552084856,0.00023683314807532163,0.027350152396465138,-0.06053626959540559,0.03530393127016957,0.0007148952084787385,0
B,core-12m/cross_sector_slide3m_noscreen,sp500-2m/same_sector_slide3m_bd7,0.3104381796392978,0.020156524871965308,0.059013052397042874,-0.06978340592230925,-0.5356412614971287,-0.02244805952008666,0.04082889580810334,-0.17739061296271208,-0.23275783357778962,-0.011345484342980994,0
B,core-12m/cross_sector_slide3m_bd7,sp500-2m/same_sector_slide3m_bd7,0.336555808434302,0.013757474158273286,0.04364037408942961,-0.05227280949768911,0.03486621422659905,0.0006070651388252468,0.033049816037585084,-0.0654163751998994,0.13235806474766526,0.0041500374254676235,0
B,core-12m/cross_sector_slide1m_noscreen,sp500-2m/same_sector_slide3m_bd7,0.597686128585278,0.03200863379539061,0.05574257877244113,-0.06291303050443127,-0.18007171281512527,-0.006637948700657481,0.03381480957315401,-0.11797599408408599,0.1023946401304396,0.003313833290987489,0
B,core-12m/cross_sector_slide1m_bd7,sp500-2m/same_sector_slide3m_bd7,0.5167910057143306,0.024200433626113682,0.047465423890202064,-0.05148840785369966,0.24081990053237454,0.006371649909326482,0.02799865941112785,-0.05748702976088782,0.33471485908952325,0.010956504847102977,0
B,sp500-12m/same_sector_slide3m_noscreen,sp500-2m/same_sector_slide3m_bd7,1.0580599300386369,0.06984400308115106,0.06519540531124943,-0.05240160373817433,0.5672469001536284,0.027152649602372847,0.04938077226446903,-0.08201158930107089,0.7210880919900694,0.038389613553865366,0
B,sp500-12m/same_sector_slide3m_bd7,sp500-2m/same_sector_slide3m_bd7,0.9560625158142251,0.04673965292796471,0.05178360054128526,-0.03749447437686926,0.34218909235525596,0.012203672169225133,0.03750382830917929,-0.09441916565785291,0.5349030512777565,0.021425738482979507,0
B,sp500-12m/same_sector_slide1m_noscreen,sp500-2m/same_sector_slide3m_bd7,0.956129236724329,0.05532132755146755,0.057403769335609554,-0.04329207417713006,0.3987812594790263,0.014210900415231764,0.03711238589531672,-0.06385457994958699,0.5893224409520685,0.025047033486540693,0
B,sp500-12m/same_sector_slide1m_bd7,sp500-2m/same_sector_slide3m_bd7,0.6740280039726504,0.031052492162641897,0.04565737946859724,-0.04746017431567555,0.5017556365110347,0.014479110128914785,0.0295186401173312,-0.050542387338459505,0.554243642634108,0.01881641205083433,0
B,sp500-12m/cross_sector_slide3m_noscreen,sp500-2m/same_sector_slide3m_bd7,1.1449025936247854,0.06517225349796348,0.05891061970219007,-0.045145914785731024,-0.2056131705750142,-0.01446926628784062,0.061469057255485134,-0.2029789271628275,0.12112362912362015,0.005417879317424124,0
B,sp500-12m/cross_sector_slide3m_bd7,sp500-2m/same_sector_slide3m_bd7,1.1269372076795452,0.04958298345889691,0.0497959604644516,-0.039066716224803934,0.2605160647401333,0.012918980968035898,0.05535609711213351,-0.13695648046876518,0.43287951110348055,0.02182537984581514,0
B,sp500-12m/cross_sector_slide1m_noscreen,sp500-2m/same_sector_slide3m_bd7,1.1047611035621832,0.052404462750458514,0.04718907748767664,-0.04437847309055869,0.26412851682157085,0.009179304315459325,0.03722281827455818,-0.09871630510171925,0.5197963210543172,0.020247030752039707,0
B,sp500-12m/cross_sector_slide1m_bd7,sp500-2m/same_sector_slide3m_bd7,0.8554387443959193,0.03647685314796041,0.04228299387214443,-0.037965138245133104,0.41048070636919026,0.013295037996397197,0.033550150358595474,-0.08769012644671192,0.5417766821189727,0.019068707688478303,0
B,sp500-2m/same_sector_slide1m_noscreen,sp500-2m/same_sector_slide1m_bd7,0.0975046235790163,0.0022220590457462607,0.044164842346082755,-0.08839170291331788,0.21396325021991813,0.006369793663689505,0.03207894378755853,-0.05839601876344569,0.17349337496186776,0.005442228143379979,0
B,sp500-2m/cross_sector_slide3m_noscreen,sp500-2m/same_sector_slide1m_noscreen,0.1964031591893181,0.013002952350193175,0.07343978118177666,-0.1003502135232504,0.2480489290449122,0.012073276097006369,0.05431559028449374,-0.10877804924089218,0.23271548658608365,0.012365167901149521,0
B,sp500-2m/same_sector_slide1m_noscreen,sp500-2m/cross_sector_slide3m_bd7,-0.005129880487656368,-0.00020290365263704314,0.054087405157707394,-0.08410275916460201,0.48720770615547077,0.018190040891508996,0.03852044561138049,-0.04612182334250414,0.32422499966464824,0.01332290069078228,0
B,sp500-2m/cross_sector_slide1m_noscreen,sp500-2m/same_sector_slide1m_noscreen,0.2630840095374486,0.0148936987651076,0.06700969764088975,-0.08713634974064563,-0.01128250449744295,-0.001235140583945582,0.03971884153253685,-0.09828225668205703,0.09045591973360094,0.003150995621483843,0
B,sp500-2m/same_sector_slide1m_noscreen,sp500-2m/cross_sector_slide1m_bd7,0.09001891424105826,0.0028989933315960005,0.05035082055713338,-0.08309703257449745,0.26754069505419426,0.007553300111532213,0.029782862585307768,-0.040108681933098245,0.19531921497917545,0.0064228184424544475,0
B,core-12m/same_sector_slide3m_noscreen,sp500-2m/same_sector_slide1m_noscreen,-0.022830132182988617,-0.0012942495571444334,0.036555303148139554,-0.06952306690661206,-0.25077598002815576,-0.008639483973872153,0.03249679179661329,-0.09696507157483358,-0.17896839997665953,-0.0065486378331560905,0
B,core-12m/same_sector_slide3m_bd7,sp500-2m/same_sector_slide1m_noscreen,-0.3599733988338297,-0.011783163153125753,0.035390557058076366,-0.08488614542605048,0.015082581144193714,1.829121082863594e-05,0.028904111479981856,-0.06945039902186123,-0.08648085750657351,-0.0030300484954878027,0
B,core-12m/same_sector_slide1m_noscreen,sp500-2m/same_sector_slide1m_noscreen,0.14866390483076072,0.002539728317482859,0.03687209470521994,-0.06506125094542123,-0.12389008096984991,-0.004335275016304041,0.031155466787778703,-0.07175304927299075,-0.04839101601085487,-0.0022995435571887546,0
B,core-12m/same_sector_slide1m_bd7,sp500-2m/same_sector_slide1m_noscreen,-0.17264761193750727,-0.006624376038603131,0.033134543828554956,-0.07591048874048541,0.20332482864155058,0.005161593966926281,0.027130449388733626,-0.045819621062928806,0.08503524940122263,0.0020077677873666213,0
B,core-12m/cross_sector_slide3m_noscreen,sp500-2m/same_sector_slide1m_noscreen,0.376390062067976,0.024953021474950134,0.0670176821214448,-0.09692990581634946,-0.040735710255395685,-0.0025050716399993567,0.04098517678567245,-0.14401661208322702,0.11739421029490697,0.004875890272123517,0
B,core-12m/cross_sector_slide3m_bd7,sp500-2m/same_sector_slide1m_noscreen,0.3697356360276847,0.01720366846455097,0.05588686031504668,-0.09258587136173912,-0.05272044914040183,-0.0021116597680868043,0.030989861956429398,-0.06932404948373405,0.10335602007015718,0.0031258423900429435,0
B,core-12m/cross_sector_slide1m_noscreen,sp500-2m/same_sector_slide1m_noscreen,0.5570402650889037,0.03130703609711292,0.0593647958130631,-0.07163708817169485,0.20040686272232758,0.006918094991678281,0.037999361182260036,-0.1078822977647399,0.32124459359937185,0.01338992176298497,0
B,core-12m/cross_sector_slide1m_bd7,sp500-2m/same_sector_slide1m_noscreen,0.547947774360409,0.025062574341658816,0.04936539019703118,-0.0698437346335661,-0.17211771978379553,-0.005177695173422037,0.0278991246616596,-0.07933235744301892,0.10298197872516841,0.00286559843297296,0
B,sp500-12m/same_sector_slide3m_noscreen,sp500-2m/same_sector_slide1m_noscreen,0.5877992522766642,0.04079288576201836,0.06913438441314627,-0.08333838533525077,0.5259131380542041,0.022994277378638017,0.04516686000806795,-0.07526437336427949,0.5398679726627742,0.027632215555271157,0
B,sp500-12m/same_sector_slide3m_bd7,sp500-2m/same_sector_slide1m_noscreen,0.34312645131267494,0.016327942886955205,0.052335916841917615,-0.08647616061158211,0.3209896338485753,0.010480860055867014,0.03431812650697589,-0.062225483065331155,0.32400829331381015,0.012166841826297192,0
B,sp500-12m/same_sector_slide1m_noscreen,sp500-2m/same_sector_slide1m_noscreen,1.0051552529821146,0.06457727018922474,0.0641759402436559,-0.0545252409957613,0.5817104781219532,0.02076801566970432,0.03648165824127601,-0.04303654903386189,0.7207708202305869,0.032325424815096995,0
B,sp500-12m/same_sector_slide1m_bd7,sp500-2m/same_sector_slide1m_noscreen,0.38456687443341214,0.0176117443643359,0.0479308964297609,-0.07369641599934411,0.2990802921463566,0.00910899330147541,0.032035710668803334,-0.032319898085858,0.3262988274418504,0.011469104670071496,0
B,sp500-12m/cross_sector_slide3m_noscreen,sp500-2m/same_sector_slide1m_noscreen,0.710923530761773,0.040349067820235084,0.06162075164608842,-0.06323713861846188,0.025504135341753446,-0.0003247418136992364,0.060302328596391924,-0.19889867266077355,0.20240936501941437,0.010370229173229006,0
B,sp500-12m/cross_sector_slide3m_bd7,sp500-2m/same_sector_slide1m_noscreen,0.8208176808797207,0.03520291945725087,0.050261503717863684,-0.06653137210488755,0.3239161947225611,0.015659477864888638,0.052332418777023756,-0.14135983556777232,0.4272745298242146,0.020755114783354768,0
B,sp500-12m/cross_sector_slide1m_noscreen,sp500-2m/same_sector_slide1m_noscreen,0.6864518000801799,0.03705181015846955,0.054610118597223,-0.06502420796226902,0.9532006053011974,0.03439466796993873,0.036164423522378975,-0.044339346956577375,0.8394773609670748,0.034885603157779686,0
B,sp500-12m/cross_sector_slide1m_bd7,sp500-2m/same_sector_slide1m_noscreen,0.36149018354590484,0.01656929522255517,0.04705187245960111,-0.06868130627183311,0.6869238288386152,0.022358159280091217,0.03298449068875607,-0.06319344209996935,0.5693782514522485,0.020773706808042646,0
B,sp500-2m/cross_sector_slide3m_noscreen,sp500-2m/same_sector_slide1m_bd7,-0.11427570437956151,-0.009423679738341729,0.0716238922949363,-0.09180394227834801,0.18379037145031002,0.008270218728474443,0.05219052850952318,-0.08811325590063634,0.08804776779202775,0.0035678038020366732,0
B,sp500-2m/cross_sector_slide3m_bd7,sp500-2m/same_sector_slide1m_bd7,-0.4831873701981671,-0.02380336213295602,0.05138789801142364,-0.07165502437585014,0.6506491108502711,0.025556347552391,0.04000995166121458,-0.04317269775315136,0.2952510373174661,0.012111530831022899,0
B,sp500-2m/cross_sector_slide1m_noscreen,sp500-2m/same_sector_slide1m_bd7,0.09900358505334089,0.003869860379457979,0.061362963502728116,-0.07411481665949896,0.0435963256911086,0.0009204151955586326,0.035547982140036585,-0.06713314064682907,0.06264310322161373,0.0017529221214152458,0
B,sp500-2m/cross_sector_slide1m_bd7,sp500-2m/same_sector_slide1m_bd7,-0.3221151217736303,-0.01567435723106847,0.04561554370831918,-0.07197285680861323,0.2030150402422752,0.0049123827715378265,0.025769114701295726,-0.03409719712473114,0.0005975358694904314,-0.0004948342540123107,0
B,core-12m/same_sector_slide3m_noscreen,sp500-2m/same_sector_slide1m_bd7,-0.3213232400823779,-0.00754074221462,0.026937024586267434,-0.05007012273839262,-0.4949018340246862,-0.011108216317857078,0.022077872029495505,-0.08503510781025847,-0.4262056504290914,-0.010084218431950042,0
B,core-12m/same_sector_slide3m_bd7,sp500-2m/same_sector_slide1m_bd7,-0.5394716467498364,-0.012308100810524492,0.023166805504065004,-0.0519457239564163,-0.3208449927094114,-0.0071336765404860225,0.02158722021793259,-0.06021069599301887,-0.3754273033480011,-0.008463812760227497,0
B,core-12m/same_sector_slide1m_noscreen,sp500-2m/same_sector_slide1m_bd7,-0.22509166627060467,-0.0052734187930409075,0.02414229323357162,-0.037134837197147164,-0.3362708822402676,-0.006885374101042507,0.01995449297547521,-0.07322773800909121,-0.2966081085359316,-0.0064300864599072804,0
B,core-12m/same_sector_slide1m_bd7,sp500-2m/same_sector_slide1m_bd7,-0.8062927476995675,-0.017410751447947237,0.02241819019907878,-0.05061446228631137,-0.0944007225511502,-0.0019179758236271827,0.018522019193364075,-0.04874001957354124,-0.29970066667903683,-0.006012121335069187,0
B,core-12m/cross_sector_slide3m_noscreen,sp500-2m/same_sector_slide1m_bd7,0.2782514695201539,0.018311359473571653,0.06304801819384058,-0.0793817302600847,-0.3733976375149605,-0.012274450166380513,0.03172770218926904,-0.11763320336494787,-0.08944759959347995,-0.004198868646188325,0
B,core-12m/cross_sector_slide3m_bd7,sp500-2m/same_sector_slide1m_bd7,0.07786382372139736,0.0017182767931058108,0.051888639375791204,-0.0748246045059096,-0.4752146912845926,-0.013394329833393281,0.027575639125947255,-0.09909050501351035,-0.24229887475237594,-0.009325117087493817,0
B,core-12m/cross_sector_slide1m_noscreen,sp500-2m/same_sector_slide1m_bd7,0.3696910729212012,0.018693661347551772,0.053734795692423995,-0.06325356045356276,-0.14893510589342118,-0.004827031984803498,0.029558415201767413,-0.09347871015580411,0.054221809247926744,0.0013398631258941585,0
B,core-12m/cross_sector_slide1m_bd7,sp500-2m/same_sector_slide1m_bd7,0.27106005671568056,0.010897148541071423,0.04389604075578722,-0.05371417569570149,-0.15587894643037034,-0.004120692864257536,0.024557914318634667,-0.06911354885639387,0.013825127906099762,-6.188323955351738e-05,0
B,sp500-12m/same_sector_slide3m_noscreen,sp500-2m/same_sector_slide1m_bd7,0.5290891557591147,0.035947255872588645,0.06620012667535541,-0.06784487443861953,0.42458520528017024,0.01829916092531536,0.045108736203137545,-0.07468597156179468,0.45717546903320416,0.022868879144425813,0
B,sp500-12m/same_sector_slide3m_bd7,sp500-2m/same_sector_slide1m_bd7,0.5057805121978394,0.021492894525760732,0.047641149004866594,-0.05287473958597686,0.31930139690348464,0.00984608438121981,0.03232507757390998,-0.056559917773620905,0.3748988647786866,0.013102575202217758,0
B,sp500-12m/same_sector_slide1m_noscreen,sp500-2m/same_sector_slide1m_bd7,1.1635685146063843,0.07068710980062902,0.06015856878923305,-0.04172944738946778,0.3514880107832194,0.011374295707687665,0.033804247099044706,-0.04865150418730824,0.6452123786655096,0.026868610022774984,0
B,sp500-12m/same_sector_slide1m_bd7,sp500-2m/same_sector_slide1m_bd7,0.6908888730291132,0.029186180227371673,0.042911069772107714,-0.042500263962854536,0.385980759380053,0.0098076434959955,0.026173523394646448,-0.03251314251009396,0.4876615212533236,0.015007203375314093,0
B,sp500-12m/cross_sector_slide3m_noscreen,sp500-2m/same_sector_slide1m_bd7,0.7112529396427689,0.0387217699208688,0.05661276382026875,-0.04172843558787116,-0.1739178197884171,-0.011523996865674402,0.057035878816097195,-0.19652520802108409,0.05448254244218613,0.001475315367013108,0
B,sp500-12m/cross_sector_slide3m_bd7,sp500-2m/same_sector_slide1m_bd7,0.8802330615881069,0.033069505071825045,0.043971648948619296,-0.03492585071618111,0.1077435518340014,0.0041474009870792194,0.05085030250609144,-0.14703536190265265,0.2636191523394807,0.011595308498263046,0
B,sp500-12m/cross_sector_slide1m_noscreen,sp500-2m/same_sector_slide1m_bd7,1.0328493893932917,0.05217704594199919,0.049410472954741345,-0.03690897820725399,0.1502073341093099,0.004561311657277356,0.03420143929470323,-0.08856218096246526,0.44851165173554974,0.01690889245729643,0
B,sp500-12m/cross_sector_slide1m_bd7,sp500-2m/same_sector_slide1m_bd7,0.6241051998083867,0.02415800757706963,0.03878586596927461,-0.03169529066147194,0.1528015911073505,0.0039008006987582,0.028065252783213774,-0.08669445820068167,0.3067527960588581,0.009178872389270908,0
B,sp500-2m/cross_sector_slide3m_noscreen,sp500-2m/cross_sector_slide3m_bd7,-0.02180053069425607,-0.005417038617265724,0.08398499159282698,-0.09938273333293104,0.6515351662246831,0.04275069177788593,0.06771568319951622,-0.06662402834432524,0.460477540860019,0.03103933672432757,0
B,sp500-2m/cross_sector_slide1m_noscreen,sp500-2m/cross_sector_slide3m_noscreen,0.16654998654977274,0.009884490717606043,0.0808804506014785,-0.08731768165568717,0.007279589628682749,-0.001462191439617011,0.06201243846754243,-0.16161714076485434,0.055583343574000334,0.001447656358685312,0
B,sp500-2m/cross_sector_slide3m_noscreen,sp500-2m/cross_sector_slide1m_bd7,-0.021498615366469482,-0.005167385938063385,0.07329593310548328,-0.0905147110125547,0.09916105359872787,0.003933955348954354,0.05441691295698419,-0.12148636635486543,0.05956796577360758,0.0016827175614388735,0
B,sp500-2m/cross_sector_slide3m_noscreen,core-12m/same_sector_slide3m_noscreen,0.026727294295387782,-0.002282840839371092,0.06584999689530835,-0.08603023191179415,-0.17854491388462118,-0.01072893580485812,0.05267748696614995,-0.1447737156894564,-0.12633931417514166,-0.008788408177259477,0
B,sp500-2m/cross_sector_slide3m_noscreen,core-12m/same_sector_slide3m_bd7,0.08590256278563699,-0.0004731202634039366,0.06696270352574682,-0.08006539731361388,0.19763419750064437,0.010321194291807112,0.06129224790428009,-0.09270078962759343,0.1551173979059611,0.007536832558915174,0
B,sp500-2m/cross_sector_slide3m_noscreen,core-12m/same_sector_slide1m_noscreen,0.08107833419842225,0.002414915627065506,0.06761240391857241,-0.08398106125596054,-0.03962798855681053,-0.0033194669012578393,0.05110100553505274,-0.12598994740451885,-0.004560815722825415,-0.0018715426217232433,0
B,sp500-2m/cross_sector_slide3m_noscreen,core-12m/same_sector_slide1m_bd7,-0.16685827946787388,-0.013250441392186429,0.07110330764980533,-0.10137934396205306,0.0006720751936620278,-0.0007584578471141468,0.03970746723454985,-0.08074868957271775,-0.05685179895766829,-0.0039049353272126996,0
B,core-12m/cross_sector_slide3m_noscreen,sp500-2m/cross_sector_slide3m_noscreen,0.30223723738039987,0.022431827033878294,0.07957325110509451,-0.09471644319037464,-0.5131775219736135,-0.028946320288097627,0.05436444977826442,-0.1716599918174545,-0.23866633825575373,-0.016299003555620507,0
B,sp500-2m/cross_sector_slide3m_noscreen,core-12m/cross_sector_slide3m_bd7,0.35766294859680015,0.0180966322982683,0.0689006550863937,-0.07645643440325163,-0.10210812407119933,-0.0067593252405921955,0.05284774371993046,-0.07953139572421408,0.022843260442901768,-0.0006743323250284705,0
B,core-12m/cross_sector_slide1m_noscreen,sp500-2m/cross_sector_slide3m_noscreen,0.42368071638313554,0.029839885764227848,0.0731455144879121,-0.07032087897360932,-0.3594590917568777,-0.02082354016522292,0.054434157426754004,-0.1601839751045563,-0.10818358720355166,-0.00810030632971519,0
B,core-12m/cross_sector_slide1m_bd7,sp500-2m/cross_sector_slide3m_noscreen,0.4194341982970996,0.02564014116783775,0.06358136490083698,-0.06601745682811917,-0.4911784706277843,-0.021204653502089332,0.0418535538910908,-0.13877587829550986,-0.17637208911291566,-0.009483737341948916,0
B,sp500-12m/same_sector_slide3m_noscreen,sp500-2m/cross_sector_slide3m_noscreen,0.6869705539664822,0.05360367826602297,0.0787604812885275,-0.0866983243017706,0.26922249214717375,0.015117960100489602,0.06310307951968532,-0.11573848696495292,0.39777653765420096,0.02498214629980513,0
B,sp500-12m/same_sector_slide3m_bd7,sp500-2m/cross_sector_slide3m_noscreen,0.39494492606562653,0.022687056099882464,0.06329014540115915,-0.07733892692993169,0.28839876970974226,0.013527000262731237,0.051104027062505546,-0.08577616157278034,0.3197099321229081,0.016010965693553026,0
B,sp500-12m/same_sector_slide1m_noscreen,sp500-2m/cross_sector_slide3m_noscreen,0.9471786863116755,0.06247938952647112,0.06642244666180344,-0.050312451018255766,0.22515440963258476,0.009761366342750266,0.048323534936637054,-0.10022926123597886,0.4583686315850707,0.023436049996351162,0
B,sp500-12m/same_sector_slide1m_bd7,sp500-2m/cross_sector_slide3m_noscreen,0.5379944557154717,0.0286448351225951,0.05363938998937965,-0.06446733587854889,0.3538958224092478,0.015481488705657132,0.04645216740537462,-0.06643449570780591,0.4089608252844893,0.01888588209279951,0
B,sp500-12m/cross_sector_slide3m_noscreen,sp500-2m/cross_sector_slide3m_noscreen,0.4213555339764915,0.029533415788044293,0.07311135022656556,-0.06561294497418949,-0.11800221327436283,-0.00845727870177515,0.05781608061057497,-0.13949101234681283,0.046920620460747534,0.0010912768681713646,0
B,sp500-12m/cross_sector_slide3m_bd7,sp500-2m/cross_sector_slide3m_noscreen,0.33574655142190385,0.016022938725126678,0.06198666161861186,-0.08079895965868363,0.27681696285124013,0.014314350821439836,0.05747398622821113,-0.12112532149588329,0.27470112148568426,0.01433900467122724,0
B,sp500-12m/cross_sector_slide1m_noscreen,sp500-2m/cross_sector_slide3m_noscreen,0.598968609049954,0.03515730423696506,0.06285327330200821,-0.05725791628691503,0.27438876445083143,0.01198159732142301,0.04751891841936777,-0.08693535681338471,0.36784266042034974,0.017813995201125633,0
B,sp500-12m/cross_sector_slide1m_bd7,sp500-2m/cross_sector_slide3m_noscreen,0.2450439131708,0.010198132279140992,0.05682730339550067,-0.07532775476324509,0.36719991187028006,0.014369375768598758,0.04116203902657363,-0.059325844500061176,0.31359223250848484,0.013142827195075934,0
B,sp500-2m/cross_sector_slide1m_noscreen,sp500-2m/cross_sector_slide3m_bd7,-0.0022303524274458588,-0.002103078709270978,0.06615037961594238,-0.07747430213581338,0.488580231386644,0.021943601443501715,0.04664166422196521,-0.057363353829085306,0.32432986726429347,0.015742452139087693,0
B,sp500-2m/cross_sector_slide3m_bd7,sp500-2m/cross_sector_slide1m_bd7,-0.5778146839369193,-0.03280866276213936,0.05662254933156187,-0.07272526582577735,0.4572014693140493,0.01758778006490158,0.03986711009968547,-0.06850532338383841,0.13320054937949263,0.005027049930646133,0
B,core-12m/same_sector_slide3m_noscreen,sp500-2m/cross_sector_slide3m_bd7,-0.5797493056795817,-0.029386755866720814,0.050800735860501364,-0.07338728514597843,0.46683987461980453,0.019901553899353663,0.04430361690031501,-0.06629900659014276,0.20274546890016226,0.008335316581923723,0
B,core-12m/same_sector_slide3m_bd7,sp500-2m/cross_sector_slide3m_bd7,-0.29918834033637126,-0.016719442248090653,0.05408066653530459,-0.0554589531107879,0.4211910197626004,0.017466955195868827,0.04332902335536427,-0.06356356039172328,0.22808928959896707,0.00945245824478098,0
B,core-12m/same_sector_slide1m_noscreen,sp500-2m/cross_sector_slide3m_bd7,-0.4284754745410109,-0.020969009258433834,0.049706577179897404,-0.06012300370446553,0.7466278929738631,0.02870326120950817,0.03891182631180056,-0.04467126497592244,0.42656400602002975,0.017106718326214177,0
B,core-12m/same_sector_slide1m_bd7,sp500-2m/cross_sector_slide3m_bd7,-0.3775260225262139,-0.021132358365721228,0.05907385162703678,-0.06535107694182787,0.5230987048236289,0.019069304149256006,0.03744362924736559,-0.056250658898146844,0.23483918621154212,0.009457888366894051,0
B,core-12m/cross_sector_slide3m_noscreen,sp500-2m/cross_sector_slide3m_bd7,0.19796140357019182,0.014627226860784348,0.07009181525270436,-0.07905654316159483,-0.11952589330781457,-0.006422025444354662,0.04534077359818127,-0.14150132614173683,-0.003659567368705152,-0.0012261419495515735,0
B,core-12m/cross_sector_slide3m_bd7,sp500-2m/cross_sector_slide3m_bd7,0.1829779387073967,0.008564220695704127,0.05819010246725627,-0.062016713431025064,0.5531706826657284,0.022803343278414046,0.04237509080401518,-0.039140878230004894,0.4330195155268832,0.01923690541756904,0
B,core-12m/cross_sector_slide1m_noscreen,sp500-2m/cross_sector_slide3m_bd7,0.21553578767339424,0.01129099882998219,0.060325478237565344,-0.06489686775094247,0.22194105631118374,0.00809843857022674,0.03991028696661964,-0.07713245584605866,0.21459316478055301,0.008846080732432825,0
B,core-12m/cross_sector_slide1m_bd7,sp500-2m/cross_sector_slide3m_bd7,0.23947752021289306,0.011012285461247018,0.051563946071928005,-0.053483339811462006,0.3472615498521259,0.012132681323036687,0.036649837377498086,-0.045574958464733695,0.30688313318921445,0.011757866009731676,0
B,sp500-12m/same_sector_slide3m_noscreen,sp500-2m/cross_sector_slide3m_bd7,0.7589974173328938,0.057278995013105335,0.07347216586850176,-0.0626165841317019,0.6673228677400846,0.032940712583997556,0.05047115451159416,-0.09786361582361947,0.6964055155401203,0.039207573167566734,0
B,sp500-12m/same_sector_slide3m_bd7,sp500-2m/cross_sector_slide3m_bd7,0.23460872848706948,0.008795676574641087,0.05296217102419933,-0.056865399026022015,0.7473801116821126,0.03058709593034692,0.04146114697360897,-0.045234033015214226,0.586842032220421,0.02528069599343974,0
B,sp500-12m/same_sector_slide1m_noscreen,sp500-2m/cross_sector_slide3m_bd7,1.0094811604896297,0.061818654640094374,0.06129177836086071,-0.03806607101060191,0.6578682150008482,0.02704092932512281,0.04188790205881615,-0.06800485102446907,0.7666055433528338,0.03613660112345847,0
B,sp500-12m/same_sector_slide1m_bd7,sp500-2m/cross_sector_slide3m_bd7,0.5211491563165049,0.023208654999224754,0.04572555291395937,-0.04593470629343781,0.9345714515965124,0.03307139932956016,0.0354856678814055,-0.0383416579838991,0.7985080093928654,0.030424499494448164,0
B,sp500-12m/cross_sector_slide3m_noscreen,sp500-2m/cross_sector_slide3m_bd7,0.5387377058406793,0.030783574331229867,0.06265404033662035,-0.051024431655983894,0.13939813022336178,0.005566396678987617,0.04812945995368834,-0.09491636265964798,0.2511317005616498,0.011714468954776392,0
B,sp500-12m/cross_sector_slide3m_bd7,sp500-2m/cross_sector_slide3m_bd7,0.41217043253687874,0.014934913127932626,0.05426775257484094,-0.05478388595132877,0.29081490766471096,0.014634478145577168,0.0554150917543637,-0.10472540081126347,0.29704571858745854,0.01467706849087147,0
B,sp500-12m/cross_sector_slide1m_noscreen,sp500-2m/cross_sector_slide3m_bd7,0.41544221480841265,0.021420378118791116,0.05357910884491727,-0.04942411596846306,0.993131478411063,0.03910960856678125,0.039410517330916606,-0.04965148699019817,0.7969364220280167,0.034387642432882656,0
B,sp500-12m/cross_sector_slide1m_bd7,sp500-2m/cross_sector_slide3m_bd7,0.20187387746356258,0.006979432230180183,0.045851833188590374,-0.0430478579887017,0.8567391419126502,0.033211391301285476,0.03902328972317544,-0.05981447539572082,0.6640528103832031,0.02652050861605808,0
B,sp500-2m/cross_sector_slide1m_noscreen,sp500-2m/cross_sector_slide1m_bd7,0.22136092753201603,0.011889401474791584,0.06119875677364839,-0.0660023342234504,0.059265048063080784,0.0015147507829265106,0.03708779502641982,-0.06827648598835134,0.1142434621935801,0.004116764202900036,0
B,sp500-2m/cross_sector_slide1m_noscreen,core-12m/same_sector_slide3m_noscreen,0.4100819745968286,0.01848036456282487,0.04733556333952964,-0.04726731703797504,-0.3937883156775701,-0.014668702601204342,0.035893359994868486,-0.11915491447726223,-0.14240128022890156,-0.006300720564168727,0
B,sp500-2m/cross_sector_slide1m_noscreen,core-12m/same_sector_slide3m_bd7,0.4421554976851511,0.018488850037547567,0.04840561766052673,-0.051646590727991534,-0.12107029962756012,-0.00459823004627502,0.03346494354206097,-0.0761582765084875,0.05234297013861663,0.0012426181260221548,0
B,sp500-2m/cross_sector_slide1m_noscreen,core-12m/same_sector_slide1m_noscreen,0.23412892913657748,0.010713087552583244,0.049932574670422,-0.06110293494669996,-0.23018837962085303,-0.00811446151734141,0.033031061907378804,-0.09053485126456084,-0.07038333358713822,-0.0033575936844586042,0
B,sp500-2m/cross_sector_slide1m_noscreen,core-12m/same_sector_slide1m_bd7,-0.06269329378603405,-0.0034943462831497295,0.043569481176762626,-0.0621379093293466,-0.1710029722357296,-0.004636233836919468,0.025304415169706825,-0.07370692712900329,-0.1260737791033398,-0.004351309163050954,0
B,sp500-2m/cross_sector_slide1m_noscreen,core-12m/cross_sector_slide3m_noscreen,0.28194807081002143,0.018311717893959002,0.07166928460588173,-0.08853446256150765,-0.707910337864781,-0.029621970477091253,0.04127289465120735,-0.17476158894018667,-0.3232128210377362,-0.01746586089085982,0
B,sp500-2m/cross_sector_slide1m_noscreen,core-12m/cross_sector_slide3m_bd7,0.3906180090873249,0.02203704571669709,0.06210414701853265,-0.07369582286187257,-0.16363561346435934,-0.0061531776577883335,0.03416114618060381,-0.0783194793960903,0.045286659214776204,0.0010096450830075821,0
B,core-12m/cross_sector_slide1m_noscreen,sp500-2m/cross_sector_slide1m_noscreen,0.6329438262393972,0.04028591483138797,0.06565138650169751,-0.06567585775728708,-0.3817389195399215,-0.015061247718189175,0.03787807456461959,-0.11684086334852817,-1.5818439261587777e-05,-0.0010774428354947574,0
B,core-12m/cross_sector_slide1m_bd7,sp500-2m/cross_sector_slide1m_noscreen,0.5425592470758696,0.029519961829995455,0.05669899881568245,-0.062289823265049636,-0.10952238981022587,-0.0034661565150990725,0.028104594965960825,-0.07606690864206223,0.14918028778779188,0.004903978421920962,0
B,sp500-12m/same_sector_slide3m_noscreen,sp500-2m/cross_sector_slide1m_noscreen,0.733480771284927,0.05135573407941363,0.07195708908386307,-0.059325349165610455,0.30249863482518224,0.013124518446736344,0.046704318003160904,-0.07531501468838597,0.44420641396431815,0.023026055908377252,0
B,sp500-2m/cross_sector_slide1m_noscreen,sp500-12m/same_sector_slide3m_bd7,0.6173011839991313,0.029778289665068104,0.05742337312415126,-0.05672906428771707,0.20276094209223827,0.00669073155232458,0.036095833892329676,-0.0434144170958507,0.3283719141444333,0.012742860571948044,0
B,sp500-12m/same_sector_slide1m_noscreen,sp500-2m/cross_sector_slide1m_noscreen,0.8607632390424044,0.0555172338076936,0.0653247737185677,-0.05155171667433696,0.22772876319951277,0.007899226586280284,0.03766460642503078,-0.05985134752953791,0.4544452139243368,0.02028370635933583,0
B,sp500-12m/same_sector_slide1m_bd7,sp500-2m/cross_sector_slide1m_noscreen,0.36339801394733395,0.018122521991104666,0.05231079708052031,-0.0635708825111599,0.2554481607383451,0.007545898765582315,0.031351271051997635,-0.0433943112541898,0.28755688481725256,0.010300329323939827,0
B,sp500-12m/cross_sector_slide3m_noscreen,sp500-2m/cross_sector_slide1m_noscreen,0.5345447633449595,0.034675021736274125,0.06574427518657304,-0.05109095817473595,-0.18374643009146555,-0.01104976388426604,0.05283493655504529,-0.14757613687341198,0.03729114684767806,0.0006593319559553334,0
B,sp500-12m/cross_sector_slide3m_bd7,sp500-2m/cross_sector_slide1m_noscreen,0.5093989070083501,0.024711434730838654,0.0550052367413993,-0.053288495111720804,0.23935504706763755,0.011084893318400235,0.051858781643302765,-0.12805393749593907,0.30211454479723054,0.014501763490552256,0
B,sp500-12m/cross_sector_slide1m_noscreen,sp500-2m/cross_sector_slide1m_noscreen,0.8603867288604892,0.0514111672554924,0.059843773097255325,-0.041322513646476634,0.16802333866296684,0.0055105282833418645,0.03672155627827534,-0.061682340207527275,0.41174618258581497,0.017339849927295647,0
B,sp500-12m/cross_sector_slide1m_bd7,sp500-2m/cross_sector_slide1m_noscreen,0.41350412839235684,0.019565263039337942,0.05242577256765182,-0.050627939047446266,0.36745512304867856,0.011766455788592145,0.03335256127434209,-0.0593750298035195,0.37327742188690716,0.013860784233968193,0
B,core-12m/same_sector_slide3m_noscreen,sp500-2m/cross_sector_slide1m_bd7,-0.14905410083276788,-0.006985025471998685,0.040724012904296523,-0.05390398341400189,0.031612471559236605,0.0004923160616683298,0.027425969265367948,-0.05729778234384575,-0.027000739395303175,-0.0013398107108346657,0
B,core-12m/same_sector_slide3m_bd7,sp500-2m/cross_sector_slide1m_bd7,-0.030432156440207712,-0.002858990435693842,0.03709881352692949,-0.043611076305766175,0.11862215750123453,0.0021928417668204414,0.02017913255450793,-0.0409641365812049,0.05474867969396955,0.0008942050477586561,0
B,core-12m/same_sector_slide1m_noscreen,sp500-2m/cross_sector_slide1m_bd7,-0.1168067335612308,-0.0064340310790363285,0.045961780585796294,-0.051358447346535406,0.1408676993877422,0.003028178420999561,0.02340085702410702,-0.033051655865009355,0.0384893754892311,0.0007105579428550168,0
B,core-12m/same_sector_slide1m_bd7,sp500-2m/cross_sector_slide1m_bd7,-0.21843628916472863,-0.010386694754676063,0.04386174487195653,-0.05362162094709264,0.2459660723132701,0.004288491696625929,0.01805991400022606,-0.028187731108245018,0.03704868072484037,0.0006436613120936352,0
B,core-12m/cross_sector_slide3m_noscreen,sp500-2m/cross_sector_slide1m_bd7,0.19266822877710085,0.01482973466364872,0.0650667933629101,-0.08122431126930792,-0.5873529180665452,-0.02114642354624985,0.035326923499024804,-0.1494869519435904,-0.262974824277763,-0.012079112151987448,0
B,core-12m/cross_sector_slide3m_bd7,sp500-2m/cross_sector_slide1m_bd7,0.12386213288988275,0.005062467921059332,0.047669910389445166,-0.059651333428541696,0.301458792576593,0.008257852918867048,0.02863752907104256,-0.04437273435999023,0.23096378998720626,0.007396571978823818,0
B,core-12m/cross_sector_slide1m_noscreen,sp500-2m/cross_sector_slide1m_bd7,0.15757785211376035,0.00749533993038014,0.0575514443054335,-0.0653001725148459,-0.23985385592747718,-0.007437718528660375,0.029335597126985614,-0.08212919533600294,-0.07578432153844894,-0.0036548436835608157,0
B,core-12m/cross_sector_slide1m_bd7,sp500-2m/cross_sector_slide1m_bd7,0.36271373608451496,0.01637692222346132,0.04701801197525963,-0.05388749985972137,0.09793787800589679,0.0020932231653481015,0.02437276559300649,-0.04427321095840153,0.19176995799941757,0.005608281651069547,0
B,sp500-12m/same_sector_slide3m_noscreen,sp500-2m/cross_sector_slide1m_bd7,0.6430881964486124,0.0458505769928963,0.06974471884343655,-0.05915500128407634,0.42074637376001517,0.017950278945594977,0.04465421214591904,-0.08564691590013462,0.4949517842252361,0.025151829649743673,0
B,sp500-12m/same_sector_slide3m_bd7,sp500-2m/cross_sector_slide1m_bd7,0.5152028490852192,0.022594021321370495,0.04868609576506263,-0.049894361679096264,0.7558401130813748,0.023338010802215425,0.031164326889391657,-0.028519773242603352,0.654100008323868,0.02328407366565468,0
B,sp500-12m/same_sector_slide1m_noscreen,sp500-2m/cross_sector_slide1m_bd7,1.1121040073552426,0.06846675103569995,0.06107083073437909,-0.034675747770466246,0.5545394801229143,0.017758861809586524,0.03270797664708083,-0.052668847597757695,0.7439659083539228,0.03093901105343324,0
B,sp500-12m/same_sector_slide1m_bd7,sp500-2m/cross_sector_slide1m_bd7,0.5942708808330448,0.025171785213891518,0.04349224036594721,-0.04125141859740622,0.7900170824634825,0.020195980356825904,0.025728600971192297,-0.02509937975693366,0.6938091859890125,0.02153143608433248,0
B,sp500-12m/cross_sector_slide3m_noscreen,sp500-2m/cross_sector_slide1m_bd7,0.650808834025937,0.03614331199926948,0.05709150545016941,-0.04765065092954337,-0.1610101399603596,-0.009211443140473063,0.049742794869369764,-0.13011798443565925,0.06610438599263008,0.0021407960826520744,0
B,sp500-12m/cross_sector_slide3m_bd7,sp500-2m/cross_sector_slide1m_bd7,0.6747952805002132,0.022427697791438782,0.045915210557012365,-0.03709476041797601,0.24491326764077276,0.0109869283967865,0.04988708056617614,-0.1208406060202264,0.3096070269791915,0.013746141600338203,0
B,sp500-12m/cross_sector_slide1m_noscreen,sp500-2m/cross_sector_slide1m_bd7,0.6948756565710243,0.03596389599726137,0.0526584186982646,-0.05014301910218986,0.4523678611542843,0.014286726702223973,0.032528922200848395,-0.05953822633333472,0.5267783240779442,0.0199062304681084,0
B,sp500-12m/cross_sector_slide1m_bd7,sp500-2m/cross_sector_slide1m_bd7,0.35126555428443573,0.012628091242520534,0.042089982024280895,-0.03504233133962764,0.6429901244608328,0.01706222786964129,0.026876165962881546,-0.061626866072244435,0.5239644285189229,0.015957647686462507,0
B,core-12m/same_sector_slide3m_noscreen,core-12m/same_sector_slide3m_bd7,0.4006025426205726,0.013093291804013396,0.03999541262051319,-0.03140921810320076,-0.7995804092648153,-0.023968977481581555,0.029786530067602256,-0.09732807089639972,-0.5556532008668388,-0.018091201163775893,0
B,core-12m/same_sector_slide1m_noscreen,core-12m/same_sector_slide3m_noscreen,0.2452026158263993,0.00776902316567134,0.032784435607719896,-0.033700478601256176,-0.7984931253942528,-0.019115173885673742,0.023815198829767563,-0.10745578012191792,-0.5473353236716226,-0.014267218211388877,0
B,core-12m/same_sector_slide1m_bd7,core-12m/same_sector_slide3m_noscreen,-0.09883742406135314,-0.0033063121632807444,0.027387540168494918,-0.026170525365443974,-0.3078691305660556,-0.006783876373121167,0.021369340071720973,-0.06190208390246876,-0.2626697522686213,-0.006166880427824495,0
B,core-12m/cross_sector_slide3m_noscreen,core-12m/same_sector_slide3m_noscreen,0.3555325801790979,0.024650868472858446,0.07048054369886837,-0.08416174833627935,-1.1032684920456393,-0.04655941601709723,0.042396773889552035,-0.22815700523079085,-0.5828419731960623,-0.02993488195277445,0
B,core-12m/cross_sector_slide3m_bd7,core-12m/same_sector_slide3m_noscreen,0.2100099427164634,0.009267821468605674,0.052364013751959385,-0.0675111605876825,-0.5632110959048436,-0.01799028623225274,0.03136009879522502,-0.11888005244210487,-0.3021615017415215,-0.0118128143390827,0
B,core-12m/cross_sector_slide1m_noscreen,core-12m/same_sector_slide3m_noscreen,0.4004133167243725,0.021109593901748314,0.05564049804023098,-0.06471534775522647,-0.8301990189616996,-0.02823562845634975,0.033808892446642126,-0.153414164895469,-0.3785568658012025,-0.016017271805264556,0
B,core-12m/cross_sector_slide1m_bd7,core-12m/same_sector_slide3m_noscreen,0.38041652273562615,0.01689251584915099,0.04620669890268272,-0.052290323833188615,-0.10199538037269384,-0.0031359756627401536,0.027168816158137907,-0.08198200275023759,0.06392128739615673,0.0015737703482587185,0
B,sp500-12m/same_sector_slide3m_noscreen,core-12m/same_sector_slide3m_noscreen,0.6796403423543704,0.03789998747601788,0.06103937176442331,-0.05821660914261158,0.3112439847154516,0.01415288374473822,0.049015759004955375,-0.09127262543256709,0.4162699852461552,0.020392573770538068,0
B,sp500-12m/same_sector_slide3m_bd7,core-12m/same_sector_slide3m_noscreen,0.6609217594244039,0.028638364292506012,0.04278800661849595,-0.03586236270033836,0.1169794853144799,0.003548072767992849,0.03573986117421044,-0.07419510698501275,0.27624394561551774,0.009813944148935282,0
B,sp500-12m/same_sector_slide1m_noscreen,core-12m/same_sector_slide3m_noscreen,1.046196512618744,0.05627814268193356,0.05419041799047382,-0.03598153352184279,0.12909873320637458,0.0037511478336622606,0.033297172239810734,-0.0590622106671681,0.450264640394905,0.01736105819596223,0
B,sp500-12m/same_sector_slide1m_bd7,core-12m/same_sector_slide3m_noscreen,0.6627139201282184,0.023697809503304114,0.03636125090546728,-0.03651965293046531,0.3357466961922676,0.009092807889080401,0.028139430347992,-0.04143615531506972,0.4309475573870808,0.012764680402936213,0
B,sp500-12m/cross_sector_slide3m_noscreen,core-12m/same_sector_slide3m_noscreen,0.9913293448286578,0.05364379482459118,0.05501977502395071,-0.042066584262419784,-0.5138555167624904,-0.03441670697920918,0.06406531918812794,-0.23796343037878553,-0.18361036358065325,-0.013254180493565327,0
B,sp500-12m/cross_sector_slide3m_bd7,core-12m/same_sector_slide3m_noscreen,0.8750340670712063,0.037484194252242274,0.04835796522259116,-0.040955145253781744,0.04598889727488403,0.0009720055190505228,0.05434686820274141,-0.17571875273137127,0.1869308103636051,0.008412724527567339,0
B,sp500-12m/cross_sector_slide1m_noscreen,core-12m/same_sector_slide3m_noscreen,1.1261879350623747,0.04860903706950408,0.04183656916044134,-0.037331350216655346,0.0842349785873112,0.002445509946280122,0.037250434496745505,-0.10070042843286886,0.3815725831174261,0.014156292769856815,0
B,sp500-12m/cross_sector_slide1m_bd7,core-12m/same_sector_slide3m_noscreen,0.6540377914872829,0.02399239564698665,0.03900579043949746,-0.03392113375774826,0.12811301502401176,0.003403730935076954,0.030060475506637915,-0.11001867427740109,0.27198020534828204,0.00823895754965207,0
B,core-12m/same_sector_slide1m_noscreen,core-12m/same_sector_slide3m_bd7,0.13370033563623768,0.0017333854775116952,0.02356004570144664,-0.024456211556225994,-0.3537375776607733,-0.006704767448644233,0.018532432830134803,-0.057189069001035375,-0.2561758211067483,-0.005244448866545159,0
B,core-12m/same_sector_slide1m_bd7,core-12m/same_sector_slide3m_bd7,0.170141012315102,0.001459855134944954,0.02465455274138991,-0.018582813676076216,0.015109575820116971,0.00011201920553083333,0.01725551686026529,-0.028810319621874303,0.027928396568538495,0.00020917948378051943,0
B,core-12m/cross_sector_slide3m_noscreen,core-12m/same_sector_slide3m_bd7,0.3081182573949866,0.02185025585619582,0.06914876243744264,-0.07805578788084618,-0.8627408022910092,-0.0293210277123942,0.033829030963366986,-0.14785215375002303,-0.37813137456785284,-0.017243240622686916,0
B,core-12m/cross_sector_slide3m_bd7,core-12m/same_sector_slide3m_bd7,0.15724336581457748,0.005653636102072523,0.05303258833812524,-0.05805146476520375,-0.5905518423662286,-0.017145909740069576,0.02859270844257562,-0.07403599652389137,-0.31755580859014565,-0.011964099294417663,0
B,core-12m/cross_sector_slide1m_noscreen,core-12m/same_sector_slide3m_bd7,0.3809399572731774,0.019396354644870262,0.052835838158941315,-0.0629668268195045,-0.45683402007184065,-0.012322725499521847,0.026380163876127464,-0.08120042031339747,-0.11132862238984076,-0.004454682186471004,0
B,core-12m/cross_sector_slide1m_bd7,core-12m/same_sector_slide3m_bd7,0.5527379483672838,0.021241524859228856,0.04206129234673224,-0.04563654270842743,-0.11626377005535654,-0.002564446070152937,0.02031246603051493,-0.034435041401904565,0.13210098645465165,0.0030829230189287848,0
B,sp500-12m/same_sector_slide3m_noscreen,core-12m/same_sector_slide3m_bd7,0.8241878874209199,0.04898073603986375,0.05601716118307272,-0.0485028385220976,0.28655503167234886,0.011740215404832721,0.044127678867270224,-0.07357714073278465,0.4608023272059202,0.02131970804966077,0
B,sp500-12m/same_sector_slide3m_bd7,core-12m/same_sector_slide3m_bd7,0.6820409309765454,0.0287076544601065,0.03836245382036922,-0.030574068728251545,0.07987506949505009,0.0020874008207232286,0.032873418174279925,-0.07411893943101133,0.26054225647649976,0.008723905845641821,0
B,sp500-12m/same_sector_slide1m_noscreen,core-12m/same_sector_slide3m_bd7,1.2198946507838353,0.06737355676332979,0.054822302265481515,-0.028995899159656502,0.1549275255451842,0.004417582908537776,0.03169448840296119,-0.04747167186118262,0.5397400640091716,0.02072486676150298,0
B,sp500-12m/same_sector_slide1m_bd7,core-12m/same_sector_slide3m_bd7,0.71095717371918,0.028606491805561917,0.03871641979637755,-0.028687546075401183,0.16412833692356296,0.003886305761350073,0.025636359817628233,-0.03579789911851605,0.3513818731796357,0.010200616324556266,0
B,sp500-12m/cross_sector_slide3m_noscreen,core-12m/same_sector_slide3m_bd7,0.9422107724620744,0.04989686426002495,0.05625544341990729,-0.04719596807946336,-0.3730542294810836,-0.0247502367834197,0.061910384749268986,-0.19922921348025102,-0.077885032554571,-0.006596949573132949,0
B,sp500-12m/cross_sector_slide3m_bd7,core-12m/same_sector_slide3m_bd7,1.0311026408643147,0.04884768069809984,0.052614840538246,-0.040414046486515386,0.1961296102261198,0.009113482595710654,0.05396655906327945,-0.12870691723793748,0.34566102700052903,0.017112581859610464,0
B,sp500-12m/cross_sector_slide1m_noscreen,core-12m/same_sector_slide3m_bd7,1.129290750070861,0.04817428306289266,0.041270734872349016,-0.03400217776681021,0.07798304732490993,0.002160078279076272,0.03599630324170541,-0.10283981547086818,0.3830681747565614,0.013956860192257859,0
B,sp500-12m/cross_sector_slide1m_bd7,core-12m/same_sector_slide3m_bd7,0.692696902351012,0.025913101752793155,0.03962208802531485,-0.03284597742067743,0.42920750628278925,0.011779534555384386,0.02821606908366434,-0.08233926932476054,0.4984754078953804,0.01513770298796988,0
B,core-12m/same_sector_slide1m_noscreen,core-12m/same_sector_slide1m_bd7,-0.2635423072131768,-0.005795811283261098,0.021220371593776596,-0.022798105913776023,-0.05990400912096017,-0.0011274502240985473,0.01654740867688492,-0.04292248593179959,-0.10500247110213254,-0.0019861289300282746,0
B,core-12m/cross_sector_slide3m_noscreen,core-12m/same_sector_slide1m_noscreen,0.12671321121980791,0.012455789361594105,0.0655264120558868,-0.079218295284647,-0.9794165459553883,-0.031310220576701076,0.03195614216011298,-0.1745719005384717,-0.4914412667296692,-0.020660793409266475,0
B,core-12m/cross_sector_slide3m_bd7,core-12m/same_sector_slide1m_noscreen,0.044976193154709646,0.0009344343703452162,0.04760759751344288,-0.06291369524232648,-0.28733409099888324,-0.007819951749309051,0.026134777017288557,-0.10332388471635279,-0.16356717559000877,-0.005770059384971482,0
B,core-12m/cross_sector_slide1m_noscreen,core-12m/same_sector_slide1m_noscreen,0.38764301053014766,0.020605144850489143,0.05594002981159307,-0.06351948260116932,-0.8082867941843994,-0.022575347694688164,0.02777180151193546,-0.13568781118831053,-0.30460507216998134,-0.011858799171271662,0
B,core-12m/cross_sector_slide1m_bd7,core-12m/same_sector_slide1m_noscreen,0.3138054091283671,0.013054999218208074,0.04422711700319533,-0.052138878935464164,-0.08715189089801412,-0.0021224722010799724,0.021684550377521,-0.060219065213936385,0.06519337752712226,0.0014662197600349592,0
B,sp500-12m/same_sector_slide3m_noscreen,core-12m/same_sector_slide1m_noscreen,0.87680321921654,0.056633782753890236,0.06508529904263526,-0.04877968477332173,0.43981505069604004,0.019382185479837943,0.04606255687405201,-0.07287861024006248,0.5818306798623857,0.029172490234814098,0
B,sp500-12m/same_sector_slide3m_bd7,core-12m/same_sector_slide1m_noscreen,0.8076480081309685,0.032806800844544036,0.042781312778066086,-0.033922486482869926,0.18556850894632756,0.005300393686507698,0.031096986852455162,-0.06418957452342466,0.36856644675337163,0.012015754744523877,0
B,sp500-12m/same_sector_slide1m_noscreen,core-12m/same_sector_slide1m_noscreen,0.94978745299893,0.05436925024459387,0.05733697153765073,-0.04660221348484568,0.263930479178946,0.008015061636042375,0.03221415200607799,-0.05738049169898585,0.5118249633881664,0.020083702435953033,0
B,sp500-12m/same_sector_slide1m_bd7,core-12m/same_sector_slide1m_noscreen,0.6482775247192922,0.02546551085456188,0.03996263286911959,-0.03841472761146798,0.4219141296242407,0.01035702260871485,0.02517344414943214,-0.03551672491841351,0.4910357381667308,0.014247930494263716,0
B,sp500-12m/cross_sector_slide3m_noscreen,core-12m/same_sector_slide1m_noscreen,0.8030791915310184,0.0439408267339656,0.054666663169684784,-0.043588687173620945,-0.30357744301115824,-0.019381205915027233,0.05865167549058292,-0.20496709132896251,-0.0448050982522858,-0.004178710250582229,0
B,sp500-12m/cross_sector_slide3m_bd7,core-12m/same_sector_slide1m_noscreen,0.9034469677273929,0.03130139089305539,0.04532611211087957,-0.033002940731059006,-0.0417804984370578,-0.003362104295295487,0.04980992385827074,-0.15997304579985383,0.11402247902893517,0.004125881288338418,0
B,sp500-12m/cross_sector_slide1m_noscreen,core-12m/same_sector_slide1m_noscreen,1.2068447256167718,0.058172814169803064,0.046361263450923375,-0.028827213473868407,0.09637321356291136,0.002731625899434764,0.03449279133865355,-0.1012574658714509,0.45106834195699796,0.01668740325420761,0
B,sp500-12m/cross_sector_slide1m_bd7,core-12m/same_sector_slide1m_noscreen,0.7202047169759075,0.02569165738535877,0.03782152365313257,-0.032551605551615806,0.23718417772523376,0.006029782199801437,0.0268749250895563,-0.09350305478344223,0.37921921648686246,0.010870585250847942,0
B,core-12m/cross_sector_slide3m_noscreen,core-12m/same_sector_slide1m_bd7,0.07172007188680125,0.005790785552575816,0.06579121000259577,-0.07868443730213201,-0.7796698090406756,-0.020171356200313406,0.02571127191142859,-0.12015674801761034,-0.35448291641810464,-0.013909654760237289,0
B,core-12m/cross_sector_slide3m_bd7,core-12m/same_sector_slide1m_bd7,0.2864406582300921,0.014316552642493697,0.04211031909739068,-0.048374431104186176,-0.26795125766969646,-0.006462370975282683,0.023192431539167706,-0.06134573827826584,-0.05733194062877169,-0.0016059598247206708,0
B,core-12m/cross_sector_slide1m_noscreen,core-12m/same_sector_slide1m_bd7,0.2583918335322523,0.012752635579995508,0.05271276988253807,-0.06280284220672852,-0.23544827201489088,-0.005763970883118752,0.023391062602376996,-0.054487969622588506,-0.021282180168849474,-0.0012289064310208263,0
B,core-12m/cross_sector_slide1m_bd7,core-12m/same_sector_slide1m_bd7,0.4715116945368242,0.021004874014233278,0.046265049844179715,-0.051415695781396174,-0.10772165144388238,-0.0024761015691053823,0.020975321078520244,-0.03975970813373164,0.1224215999651879,0.0031501232764125755,0
B,sp500-12m/same_sector_slide3m_noscreen,core-12m/same_sector_slide1m_bd7,0.8910196762834188,0.05904718522261983,0.06623670852117845,-0.04350963421947085,0.31519749169496397,0.010571629222179357,0.035344640388304385,-0.07766073657952888,0.5194130197868846,0.02293091648561334,0
B,sp500-12m/same_sector_slide3m_bd7,core-12m/same_sector_slide1m_bd7,0.7987320228731777,0.03451636532865039,0.04348647028284804,-0.034375648061255815,0.09315626830249062,0.002340448783591631,0.02989303285797345,-0.06697160867643193,0.3199368201973156,0.010357831534060136,0
B,sp500-12m/same_sector_slide1m_noscreen,core-12m/same_sector_slide1m_bd7,1.4326348210220774,0.08448829845602628,0.05766585283720608,-0.03030863629840752,0.10386251161653509,0.0024934344836156086,0.027664808764063603,-0.05696867531655103,0.6301984050870761,0.023548529526138128,0
B,sp500-12m/same_sector_slide1m_bd7,core-12m/same_sector_slide1m_bd7,0.8054213545913264,0.033190229788303015,0.041260588542795365,-0.03064045645596456,0.23454525209993257,0.005447980507994776,0.024439126977574756,-0.03858126987369659,0.4309608233544827,0.012458307575951677,0
B,sp500-12m/cross_sector_slide3m_noscreen,core-12m/same_sector_slide1m_bd7,0.9303311578770808,0.05898009027231841,0.06344408596775868,-0.04136311883016079,-0.27254720460051235,-0.016644107863732827,0.055714243150074165,-0.18052211376987304,0.05502284280104811,0.001581987954552244,0
B,sp500-12m/cross_sector_slide3m_bd7,core-12m/same_sector_slide1m_bd7,0.7656464570981394,0.03318366326163795,0.05258668427772469,-0.04243794411428174,0.0568413965624656,0.0015381773142315591,0.049664278251757926,-0.11874918665730672,0.17957598311297157,0.007547875653186509,0
B,sp500-12m/cross_sector_slide1m_noscreen,core-12m/same_sector_slide1m_bd7,1.0222318624441828,0.048009014316818546,0.046625816516229934,-0.04025320679216986,0.19542325281783351,0.005904590474806959,0.03290340762377701,-0.0926466791023397,0.4644959062653099,0.016672668979514426,0
B,sp500-12m/cross_sector_slide1m_bd7,core-12m/same_sector_slide1m_bd7,0.2436224810921653,0.008288841975519202,0.043254518604987136,-0.04903611023588037,0.3455544601635607,0.008299177346320352,0.02481373794850052,-0.06855746663664852,0.2906985282080093,0.008184952817822656,0
B,core-12m/cross_sector_slide3m_noscreen,core-12m/cross_sector_slide3m_bd7,0.12474044866702202,0.008904244463572542,0.07181434987759736,-0.08848204682005309,-0.5367575493306092,-0.021918743349335856,0.0398123640731483,-0.13280179295849948,-0.27927208602226783,-0.014470969338103944,0
B,core-12m/cross_sector_slide1m_noscreen,core-12m/cross_sector_slide3m_noscreen,0.3888202755839578,0.025395800163829564,0.06584050812365545,-0.0820619973969681,-0.4696257194207545,-0.022000323146076695,0.045194922848395096,-0.16684482690117386,-0.1763244547249793,-0.010114632391038714,0
B,core-12m/cross_sector_slide1m_bd7,core-12m/cross_sector_slide3m_noscreen,0.3157368590899459,0.0178685271605612,0.05708044792667595,-0.07432455415788855,-0.3256202752704289,-0.01168395981183934,0.03428832367050389,-0.0992232613029892,-0.08808025321148782,-0.004290847378402529,0
B,sp500-12m/same_sector_slide3m_noscreen,core-12m/cross_sector_slide3m_noscreen,0.7909573486923189,0.063958753937752,0.07300305358621492,-0.07330828579568031,0.0725103490023557,0.0024297712424934392,0.0524353751336825,-0.10947616915631986,0.3190899676395695,0.017859300350895113,0
B,sp500-12m/same_sector_slide3m_bd7,core-12m/cross_sector_slide3m_noscreen,0.7016394285363101,0.037811255328433505,0.05776733629525419,-0.05907759373566681,-0.7180655666110083,-0.029425008257007446,0.040449094736908914,-0.16647736033718974,-0.2593647229297504,-0.012828044921519321,0
B,sp500-12m/same_sector_slide1m_noscreen,core-12m/cross_sector_slide3m_noscreen,0.8486750202934484,0.054898033776871635,0.06410981932538515,-0.0581153602231286,0.04962073145686651,0.001182065686756939,0.039616706383057414,-0.09014921771883178,0.3371729544552572,0.015104601638625193,0
B,sp500-12m/same_sector_slide1m_bd7,core-12m/cross_sector_slide3m_noscreen,0.3264008433989915,0.018779250635484468,0.058569131121568786,-0.07376267436053112,-0.42094402100329925,-0.013999886391296013,0.032256497252885236,-0.08845583632456999,-0.11895522335390721,-0.005474458225816025,0
B,sp500-12m/cross_sector_slide3m_noscreen,core-12m/cross_sector_slide3m_noscreen,0.3244582611812806,0.021399871694709117,0.0675146172498423,-0.07747229953258725,-0.2744184293339656,-0.020104537051841787,0.06592348119041358,-0.22959879114657467,-0.11271383985369843,-0.009551947816640682,0
B,sp500-12m/cross_sector_slide3m_bd7,core-12m/cross_sector_slide3m_noscreen,0.35435949302359754,0.020112949643845135,0.05663945841997019,-0.06563439480584585,-0.035965856212595806,-0.0031615539740555976,0.05084832339796676,-0.16590883811035928,0.07652729003873357,0.0027396816784097666,0
B,sp500-12m/cross_sector_slide1m_noscreen,core-12m/cross_sector_slide3m_noscreen,0.4475023450928316,0.02757500125034309,0.059852878674424105,-0.07647242985835115,-0.02383840943835119,-0.001939804187029659,0.042870262712877076,-0.11522547744553313,0.13619771796447958,0.0056299788143522765,0
B,sp500-12m/cross_sector_slide1m_bd7,core-12m/cross_sector_slide3m_noscreen,0.2434507006558683,0.008492562804426474,0.04610062081396503,-0.06159766472806945,0.04170339235706475,0.0008345561752258757,0.033438965180201695,-0.0835066677166707,0.10228563037679819,0.002942906567168002,0
B,core-12m/cross_sector_slide1m_noscreen,core-12m/cross_sector_slide3m_bd7,0.5309516621511272,0.028876859795628818,0.05744129214106956,-0.06635905072540123,-0.3032699818011989,-0.010654575685383971,0.03347388570820316,-0.09152718758396827,0.0020281803390386037,-0.0007818893947512118,0
B,core-12m/cross_sector_slide1m_bd7,core-12m/cross_sector_slide3m_bd7,0.4725024022809574,0.023680733650794573,0.052604567713410544,-0.05970684646036277,0.13606053577546343,0.0037137833307885337,0.03070914221346462,-0.05200398351747071,0.24806849802034447,0.008578295378570643,0
B,sp500-12m/same_sector_slide3m_noscreen,core-12m/cross_sector_slide3m_bd7,1.0028498715385774,0.06054812891681553,0.05741969742185786,-0.05361914459250907,0.25161207969682625,0.010558832840499743,0.0459432984530579,-0.10882192885268471,0.48318321742829917,0.02309813153458351,0
B,sp500-12m/same_sector_slide3m_bd7,core-12m/cross_sector_slide3m_bd7,1.0015328230698943,0.046908860355070955,0.04763151421582229,-0.04496773726947394,-0.309967006108861,-0.01223757303667028,0.03745421711783512,-0.11060074702418876,0.07312844984559416,0.0020791813218820733,0
B,sp500-12m/same_sector_slide1m_noscreen,core-12m/cross_sector_slide3m_bd7,1.1161514405731565,0.062935367781391,0.05520265728578896,-0.0491667749616117,0.1463724268939677,0.004541047287325961,0.03518303934732481,-0.06510753484915455,0.48556238921833883,0.019643957112026954,0
B,sp500-12m/same_sector_slide1m_bd7,core-12m/cross_sector_slide3m_bd7,0.67687343292852,0.029991539730363614,0.04518530422574459,-0.05196481434334745,-0.033458637160745236,-0.0013333366469550079,0.028083928551579707,-0.06304335235360714,0.2184090352497135,0.0067577514214517635,0
B,sp500-12m/cross_sector_slide3m_noscreen,core-12m/cross_sector_slide3m_bd7,0.6006703187109126,0.03391930003687409,0.05707321081986361,-0.05349733340068226,-0.3105927550813017,-0.020470404690647648,0.06053882405913348,-0.2055504268327305,-0.08494591367128225,-0.006812598105815981,0
B,sp500-12m/cross_sector_slide3m_bd7,core-12m/cross_sector_slide3m_bd7,0.6176377481233708,0.02974489188597331,0.05189382375185024,-0.051497820225920664,0.1574182812431174,0.006924261773182838,0.05312963791065837,-0.14793939210884344,0.2566351614025312,0.01213124449820686,0
B,sp500-12m/cross_sector_slide1m_noscreen,core-12m/cross_sector_slide3m_bd7,0.6162559040223013,0.028204043006375645,0.04642442706024117,-0.0514079233322748,-0.033794360900417396,-0.0018861562913295993,0.03631296570949004,-0.11560038427595276,0.1699517658433455,0.005945571071225797,0
B,sp500-12m/cross_sector_slide1m_bd7,core-12m/cross_sector_slide3m_bd7,0.47193234580954213,0.01918809863242852,0.04484675181814442,-0.050954917749636855,0.2205463186473149,0.006192167377886193,0.030043084509614036,-0.08721782354803287,0.29475738153240666,0.009442679547331911,0
B,core-12m/cross_sector_slide1m_noscreen,core-12m/cross_sector_slide1m_bd7,0.490772904769835,0.02671747301316154,0.056470519011529594,-0.06715072969440516,-0.17574407171832632,-0.005984411482009788,0.0313524619682763,-0.08211015783625297,0.07404344786661698,0.0021552540040301825,0
B,core-12m/cross_sector_slide1m_noscreen,sp500-12m/same_sector_slide3m_noscreen,0.931041347943099,0.06301262186240746,0.06562305536887961,-0.05707870222796922,0.22876635116098212,0.009922039476562228,0.0482476303914537,-0.0977179350965427,0.4577324102475108,0.02352140671195513,0
B,core-12m/cross_sector_slide1m_noscreen,sp500-12m/same_sector_slide3m_bd7,0.7573393747027479,0.03969591611592853,0.05472538695206939,-0.056291219159904225,-0.08801388719258228,-0.004047503848147227,0.037911334149153555,-0.09460519433790504,0.18861325317918598,0.007099889386595315,0
B,sp500-12m/same_sector_slide1m_noscreen,core-12m/cross_sector_slide1m_noscreen,1.0667659750359524,0.06621055237370502,0.06160165821758621,-0.05704221123017221,0.09089236896551686,0.0027213603817066723,0.03772900983119276,-0.05811451475775664,0.439898720319599,0.019114823670863278,0
B,core-12m/cross_sector_slide1m_noscreen,sp500-12m/same_sector_slide1m_bd7,0.5895835582841793,0.031355129146053075,0.054945288978208086,-0.06414294406954306,-0.05909311217358134,-0.0022743214060534367,0.030604990030655997,-0.05332271576742531,0.18751862628958843,0.006504321390028744,0
B,sp500-12m/cross_sector_slide3m_noscreen,core-12m/cross_sector_slide1m_noscreen,0.5666316441554711,0.03466609188819865,0.06391656287435046,-0.06713475606269552,-0.2878665796462391,-0.019560191255413195,0.06182601948870126,-0.2233952210655742,-0.06293763393978095,-0.005894658585384982,0
B,core-12m/cross_sector_slide1m_noscreen,sp500-12m/cross_sector_slide3m_bd7,0.585452727993369,0.027781683264918478,0.05310589000261311,-0.058963635065785655,0.10777248692173577,0.00409852513292841,0.049916901989853206,-0.13506195311062819,0.22456782443198908,0.009999329181389039,0
B,sp500-12m/cross_sector_slide1m_noscreen,core-12m/cross_sector_slide1m_noscreen,0.662695935451145,0.03772017816741644,0.05790995378569367,-0.0646561614084327,0.12535445580805535,0.004056923873311469,0.03808567041437038,-0.08990857958369547,0.3071480634643342,0.012690218944432497,0
B,sp500-12m/cross_sector_slide1m_bd7,core-12m/cross_sector_slide1m_noscreen,0.3843924315486545,0.017793142007183294,0.04831036182460487,-0.05443899227948348,0.307194390098363,0.008872213016639874,0.030248071707678462,-0.08004226330121822,0.3255683987854465,0.011108915983700784,0
B,sp500-12m/same_sector_slide3m_noscreen,core-12m/cross_sector_slide1m_bd7,0.9060324198574554,0.05374806843254998,0.057052429661920846,-0.04877578963849114,0.46221792057253697,0.018543681636288722,0.04162881496457012,-0.08140099984108018,0.6082623466519465,0.027639782518105126,0
B,core-12m/cross_sector_slide1m_bd7,sp500-12m/same_sector_slide3m_bd7,0.7925331021680424,0.03733081227022694,0.048719093389251844,-0.04736277720998183,0.23636813505865586,0.007252986040280129,0.032862564846412895,-0.06169774804920669,0.4115738953167233,0.01475320083791547,0
B,sp500-12m/same_sector_slide1m_noscreen,core-12m/cross_sector_slide1m_bd7,1.0730916850961065,0.05782326649702822,0.053363694942162865,-0.04982022008982949,0.383626600711731,0.01200473927279666,0.032482565506654335,-0.04334364348256259,0.6210579709957742,0.023842047533982714,0
B,sp500-12m/same_sector_slide1m_bd7,core-12m/cross_sector_slide1m_bd7,0.8001848458537125,0.03611591664626261,0.0452414193268437,-0.04804150881456988,0.0989669159193489,0.002336752602664083,0.0273701944233069,-0.05003881778582231,0.34837207140170073,0.011039677324826825,0
B,sp500-12m/cross_sector_slide3m_noscreen,core-12m/cross_sector_slide1m_bd7,0.5563376009981229,0.028655311175301935,0.05357286219406003,-0.060671841040224786,-0.36609179619675924,-0.021710794447162063,0.05560778970426974,-0.19060272626323227,-0.1358389517812412,-0.008998231329613127,0
B,sp500-12m/cross_sector_slide3m_bd7,core-12m/cross_sector_slide1m_bd7,0.5495794593438939,0.025055573146328513,0.04970005206993314,-0.047068432567884885,0.1316179927121151,0.005411001752337219,0.051407725272962924,-0.14292013770376077,0.22390048294568002,0.010060741285364116,0
B,sp500-12m/cross_sector_slide1m_noscreen,core-12m/cross_sector_slide1m_bd7,0.5450660534879557,0.0257815070584142,0.04810958664017022,-0.058528853149676,0.13256204037052277,0.0040068265976107575,0.03472452875056226,-0.10245508144070892,0.26597877995141217,0.009616394749721691,0
B,sp500-12m/cross_sector_slide1m_bd7,core-12m/cross_sector_slide1m_bd7,0.7259844696589466,0.029944750597826576,0.04321066116410925,-0.04079601058313005,0.29144610374339175,0.007763923757226676,0.027874707733059334,-0.07209300688330134,0.4242735196238482,0.013170851699459928,0
B,sp500-12m/same_sector_slide3m_noscreen,sp500-12m/same_sector_slide3m_bd7,0.612496263388107,0.04253876607575795,0.07147690348174231,-0.06717707329636766,0.7793892307131398,0.03840516205215261,0.04995854786615162,-0.0611974451522046,0.7198046405293457,0.03973012574116304,0
B,sp500-12m/same_sector_slide1m_noscreen,sp500-12m/same_sector_slide3m_noscreen,1.1604326026696365,0.08817748704144938,0.07371809894795876,-0.04185730549920434,0.8005818286741406,0.03660343034111846,0.04624106297235773,-0.06103728338503123,0.9119980203131567,0.049982734846344676,0
B,sp500-12m/same_sector_slide3m_noscreen,sp500-12m/same_sector_slide1m_bd7,0.8040853025992645,0.0547521528528764,0.06033620179317926,-0.05756057665875038,0.8798907730977032,0.035067034072969516,0.04008536974733167,-0.05244366351815655,0.8528133715298726,0.04012052265373604,0
B,sp500-12m/cross_sector_slide3m_noscreen,sp500-12m/same_sector_slide3m_noscreen,0.9454390913098163,0.07123442653017871,0.07577477513530026,-0.04719369955553656,0.15675478142839147,0.008361217883902539,0.068263475440772,-0.16261959484928168,0.37827077887760985,0.024453342754090723,0
B,sp500-12m/cross_sector_slide3m_bd7,sp500-12m/same_sector_slide3m_noscreen,1.1408860208214446,0.06991392924146171,0.05968936564499312,-0.046523041610418425,0.6859563168878383,0.03806171930205915,0.05688400699376214,-0.10996569428962144,0.8060438370825059,0.04625356631724982,0
B,sp500-12m/cross_sector_slide1m_noscreen,sp500-12m/same_sector_slide3m_noscreen,1.0224185196869073,0.068113701412299,0.06760981803233336,-0.04417094898698879,0.7652898017399496,0.0339829252624666,0.04499328076482257,-0.0829653250080542,0.83612659331892,0.042899677097549826,0
B,sp500-12m/cross_sector_slide1m_bd7,sp500-12m/same_sector_slide3m_noscreen,0.6997336565228205,0.04363790539313104,0.058482593466267496,-0.04943782385405195,0.7859722370652722,0.03168300282494618,0.04074445271077032,-0.0640230906970134,0.7577184320386156,0.03490654084181473,0
B,sp500-12m/same_sector_slide1m_noscreen,sp500-12m/same_sector_slide3m_bd7,1.103356598515171,0.06864927238281684,0.06185185159811711,-0.03356846986265052,0.6062376388733709,0.022061766937462535,0.03713481453353965,-0.03984928462758042,0.7682313088079933,0.03412757918483047,0
B,sp500-12m/same_sector_slide1m_bd7,sp500-12m/same_sector_slide3m_bd7,1.0146615392125078,0.046506624435618614,0.04708318562873307,-0.03246159271939926,0.56782574388723,0.01828796013917544,0.032868521880638366,-0.03690109612365844,0.7038458769625258,0.025641548359450716,0
B,sp500-12m/cross_sector_slide3m_noscreen,sp500-12m/same_sector_slide3m_bd7,0.7630005485431797,0.03899247623851165,0.0538012422230113,-0.04303062055867639,-0.06354042337090217,-0.0053958976919191715,0.0579779231687925,-0.1504964865576055,0.1327532123155757,0.0058571176040299825,0
B,sp500-12m/cross_sector_slide3m_bd7,sp500-12m/same_sector_slide3m_bd7,0.9846436671266863,0.0477578469212506,0.05221173096485725,-0.04002842967078986,0.32176299637993494,0.01619841628115637,0.05475729247465792,-0.13205320122994868,0.45883986370385144,0.02351312479572143,0
B,sp500-12m/cross_sector_slide1m_noscreen,sp500-12m/same_sector_slide3m_bd7,1.016923695036167,0.050991148932877636,0.05083306883409394,-0.04016195866292423,0.2932420939794145,0.010351448814609254,0.03752564651311156,-0.07402166932646947,0.5152634981083235,0.020628551271878504,0
B,sp500-12m/cross_sector_slide1m_bd7,sp500-12m/same_sector_slide3m_bd7,0.6442858974731561,0.027829365622444823,0.04480824393942633,-0.038432663625224885,0.6010785972223144,0.01921287186313214,0.032545513845474376,-0.05082323930176158,0.6054134757343237,0.021320437371947155,0
B,sp500-12m/same_sector_slide1m_noscreen,sp500-12m/same_sector_slide1m_bd7,1.0626243242946498,0.06508221476335567,0.060849147140356094,-0.03422764514894805,0.7482257773044574,0.02499985907802804,0.03376486158752971,-0.03706877290951638,0.8367169116086156,0.03540469948561005,0
B,sp500-12m/same_sector_slide1m_noscreen,sp500-12m/cross_sector_slide3m_noscreen,1.0389502890356508,0.07035826114814565,0.06738043821669207,-0.04146895227961271,0.19404532964408108,0.007860053617489982,0.04573760740968619,-0.08785934500777282,0.47960482572446805,0.024056017004636266,0
B,sp500-12m/same_sector_slide1m_noscreen,sp500-12m/cross_sector_slide3m_bd7,0.9306103252212543,0.05662210684633937,0.06086344822087111,-0.04460433637913173,0.23232354529027813,0.010509332857188358,0.05072998288172559,-0.1257015099381027,0.4424767643797858,0.022525127217106665,0
B,sp500-12m/cross_sector_slide1m_noscreen,sp500-12m/same_sector_slide1m_noscreen,1.097035537925238,0.07084553806346258,0.06399766516898875,-0.042573844511099156,0.35295357850971143,0.012350057816840954,0.03668476553987204,-0.05826852338363031,0.6174884371013276,0.027493096986499443,0
B,sp500-12m/same_sector_slide1m_noscreen,sp500-12m/cross_sector_slide1m_bd7,1.017797444207901,0.06136679531719005,0.060091380395631465,-0.041272840694234626,0.3751370586451499,0.011575044625574904,0.03205257483914592,-0.08161857366923264,0.606164566093884,0.02455433039683137,0
B,sp500-12m/cross_sector_slide3m_noscreen,sp500-12m/same_sector_slide1m_bd7,0.6080547940498511,0.03172819555050439,0.05366552680989618,-0.04727577917962931,0.2826588993665862,0.010128073577436725,0.03823731494688615,-0.06534681670698139,0.384577398149399,0.015664873506904577,0
B,sp500-12m/cross_sector_slide3m_bd7,sp500-12m/same_sector_slide1m_bd7,0.9376420781554355,0.03993397144812483,0.045536963414240086,-0.0376984348447821,0.20643979415954872,0.009087411952998448,0.05013911690646473,-0.11129225068840831,0.36963412600849804,0.016942531428010454,0
B,sp500-12m/cross_sector_slide1m_noscreen,sp500-12m/same_sector_slide1m_bd7,0.8832862707920661,0.04464732605661346,0.04951542575909333,-0.04619397008279298,0.4385571946566721,0.013911195674716215,0.032724018779508104,-0.04649211603796666,0.5824796550663078,0.021680624128434633,0
B,sp500-12m/cross_sector_slide1m_bd7,sp500-12m/same_sector_slide1m_bd7,0.6738238089819337,0.02834444119142119,0.0422262343653638,-0.03885831896536287,0.34219811407017575,0.009305024857924726,0.028236491616905147,-0.06875696821866428,0.44708576275016687,0.014093758972565285,0
B,sp500-12m/cross_sector_slide3m_noscreen,sp500-12m/cross_sector_slide3m_bd7,1.1164199656085416,0.07195248981105325,0.06782310843627747,-0.05900008868648352,0.22282372543508436,0.011390303918358047,0.05892099389788148,-0.15675527836705871,0.44938876337869027,0.02581494506818438,0
B,sp500-12m/cross_sector_slide1m_noscreen,sp500-12m/cross_sector_slide3m_noscreen,0.9562378488364456,0.06153184101560423,0.0659844853803589,-0.06813915610717465,-0.002762959417746414,-0.0019470863634715174,0.058932922584395545,-0.16971224673943486,0.2638569303159532,0.014246020684926686,0
B,sp500-12m/cross_sector_slide1m_bd7,sp500-12m/cross_sector_slide3m_noscreen,0.8127025147518442,0.04919705420653773,0.06129460802319923,-0.06765746453236776,0.2544766166131048,0.009777703036842889,0.04166026880762145,-0.11264691555586925,0.43410598692837715,0.019707716989269607,0
B,sp500-12m/cross_sector_slide1m_noscreen,sp500-12m/cross_sector_slide3m_bd7,1.1188900063681686,0.06071948840413386,0.05560627541954144,-0.06585390186828473,0.08906311522710944,0.0032654080460363666,0.05281103741675246,-0.13709051772526837,0.3573671019382707,0.017759430140088427,0
B,sp500-12m/cross_sector_slide1m_bd7,sp500-12m/cross_sector_slide3m_bd7,0.7375092952086266,0.038189772290917336,0.052946041976863076,-0.06784370617578386,0.31294406723761714,0.01269595290706138,0.04338050786438758,-0.10944548402232135,0.42390482733241674,0.01851819810636912,0
B,sp500-12m/cross_sector_slide1m_noscreen,sp500-12m/cross_sector_slide1m_bd7,0.7256280831403509,0.0397456918045588,0.05426355501018866,-0.07716481533240478,0.4056840054414382,0.013272242643811216,0.03392462425645116,-0.07977455008257095,0.5077168861060329,0.01992085776883328,0
